Application,ProcessID,SwapChainAddress,PresentRuntime,SyncInterval,PresentFlags,AllowsTearing,PresentMode,CPUStartDateTime,FrameTime,CPUBusy,CPUWait,GPULatency,GPUTime,GPUBusy,GPUWait,DisplayLatency,DisplayedTime,AnimationError,AnimationTime,MsFlipDelay,AllInputToPhotonLatency,ClickToPhotonLatency
python.exe,1968,0x0,Other,-1,0,0,Composed: Copy with GPU GDI,2026-8-20 19:22:26.498810200,0.3944,0.3944,0.0000,0.2841,0.4132,0.3086,0.1046,16.5838,6.0677,NA,1261.8156,NA,NA,NA
python.exe,1968,0x0,Other,-1,0,0,Composed: Copy with GPU GDI,2026-8-20 19:22:26.499204600,8.2336,8.2336,0.0000,0.3003,8.3025,0.4883,7.8142,NA,NA,NA,NA,NA,NA,NA
python.exe,1968,0x0,Other,-1,0,0,Composed: Copy with GPU GDI,2026-8-20 19:22:26.507438200,0.4527,0.4527,0.0000,0.3673,0.4509,0.3437,0.1072,NA,NA,NA,NA,NA,NA,NA
python.exe,1968,0x0,Other,-1,0,0,Composed: Copy with GPU GDI,2026-8-20 19:22:26.507890900,0.4297,0.4297,0.0000,0.3637,0.4162,0.3367,0.0795,NA,NA,NA,NA,NA,NA,NA
python.exe,1968,0x0,Other,-1,0,0,Composed: Copy with GPU GDI,2026-8-20 19:22:26.508320600,0.4033,0.4033,0.0000,0.3486,0.3995,0.3331,0.0664,13.1411,6.0561,3.4427,1271.3260,NA,NA,NA
python.exe,1968,0x0,Other,-1,0,0,Composed: Copy with GPU GDI,2026-8-20 19:22:26.508723900,0.3979,0.3979,0.0000,0.3433,0.4395,0.3410,0.0985,NA,NA,NA,NA,NA,NA,NA
python.exe,1968,0x0,Other,-1,0,0,Composed: Copy with GPU GDI,2026-8-20 19:22:26.509121800,0.5536,0.5536,0.0000,0.3819,0.6392,0.4238,0.2154,NA,NA,NA,NA,NA,NA,NA
python.exe,1968,0x0,Other,-1,0,0,Composed: Copy with GPU GDI,2026-8-20 19:22:26.509675400,0.5941,0.5941,0.0000,0.4662,0.7669,0.6268,0.1401,NA,NA,NA,NA,NA,NA,NA
python.exe,1968,0x0,Other,-1,0,0,Composed: Copy with GPU GDI,2026-8-20 19:22:26.510269500,1.0555,1.0555,0.0000,0.6382,0.8394,0.4112,0.4282,17.2483,236.5974,-4.1072,1273.2749,NA,NA,NA
python.exe,1968,0x0,Other,-1,0,0,Composed: Copy with GPU GDI,2026-8-20 19:22:26.511325000,240.3902,240.3902,0.0000,0.4196,240.0431,5.5045,234.5386,252.7902,24.2639,-235.5419,1274.3304,NA,NA,NA
python.exe,1968,0x0,Other,-1,0,0,Composed: Copy with GPU GDI,2026-8-20 19:22:26.751715200,19.8753,19.8753,0.0000,0.0773,19.8651,0.2121,19.6530,36.6639,206.0886,216.1263,1514.7206,NA,NA,NA
python.exe,1968,0x0,Other,-1,0,0,Composed: Copy with GPU GDI,2026-8-20 19:22:26.771590500,215.5499,215.5499,0.0000,0.0715,215.6773,8.7015,206.9758,222.8772,30.5108,-186.2133,1534.5959,NA,NA,NA
python.exe,1968,0x0,Other,-1,0,0,Composed: Copy with GPU GDI,2026-8-20 19:22:26.987140400,26.1352,26.1352,0.0000,0.2028,26.0081,0.2354,25.7727,37.8381,109.2228,185.0391,1750.1458,NA,NA,NA
python.exe,1968,0x0,Other,-1,0,0,Composed: Copy with GPU GDI,2026-8-20 19:22:27.013275600,67.0386,67.0386,0.0000,0.0800,67.2326,0.4911,66.7415,NA,NA,-83.0876,1776.2810,NA,NA,NA
python.exe,1968,0x0,Other,-1,0,0,Composed: Copy with GPU GDI,2026-8-20 19:22:27.080314200,0.4931,0.4931,0.0000,0.2740,0.3786,0.3786,0.0000,NA,NA,NA,NA,NA,NA,NA
python.exe,1968,0x0,Other,-1,0,0,Composed: Copy with GPU GDI,2026-8-20 19:22:27.080807300,0.5845,0.5845,0.0000,0.1649,0.4943,0.2132,0.2811,53.3940,6.2822,NA,1843.8127,NA,NA,NA
python.exe,1968,0x0,Other,0,0,1,Hardware: Legacy Flip,2026-8-20 19:22:27.081391800,58.2455,58.2455,0.0000,0.0708,59.0209,0.5298,58.4911,59.0917,1.3048,-5.6977,1844.3972,NA,NA,NA
python.exe,1968,0x0,Other,0,0,1,Hardware: Legacy Flip,2026-8-20 19:22:27.139637300,1.8877,1.8877,0.0000,0.8462,1.0542,0.0877,0.9665,2.1510,1.1345,56.9407,1902.6427,NA,NA,NA
python.exe,1968,0x0,Other,-1,0,0,Composed: Copy with GPU GDI,2026-8-20 19:22:27.141525000,0.2825,0.2825,0.0000,0.0127,0.3853,0.3217,0.0636,NA,NA,NA,NA,NA,NA,NA
python.exe,1968,0x0,Other,0,0,1,Hardware: Legacy Flip,2026-8-20 19:22:27.141807500,0.8704,0.8704,0.0000,0.1129,0.7689,0.0485,0.7204,1.1153,5.0301,1.0357,1904.8129,NA,NA,NA
python.exe,1968,0x0,Other,-1,0,0,Composed: Copy with GPU GDI,2026-8-20 19:22:27.142677900,0.1010,0.1010,0.0000,0.0114,0.3473,0.3473,0.0000,NA,NA,NA,NA,NA,NA,NA
python.exe,1968,0x0,Other,-1,0,0,Composed: Copy with GPU GDI,2026-8-20 19:22:27.142778900,0.3895,0.3895,0.0000,0.2610,0.1798,0.0987,0.0811,NA,NA,NA,NA,NA,NA,NA
python.exe,1968,0x0,Other,-1,0,0,Composed: Copy with GPU GDI,2026-8-20 19:22:27.143168400,2.4949,2.4949,0.0000,0.0545,2.4961,0.1025,2.3936,NA,NA,NA,NA,NA,NA,NA
python.exe,1968,0x0,Other,0,0,1,Hardware: Legacy Flip,2026-8-20 19:22:27.145663300,1.9507,1.9507,0.0000,0.0586,1.9129,0.0777,1.8352,2.2896,13.0313,-1.1743,1908.6687,NA,NA,NA
python.exe,1968,0x0,Other,-1,0,0,Composed: Copy with GPU GDI,2026-8-20 19:22:27.147614000,4.6243,4.6243,0.0000,0.0208,7.7132,0.6300,7.0832,NA,NA,NA,NA,NA,NA,NA
python.exe,1968,0x0,Other,-1,0,0,Composed: Copy with GPU GDI,2026-8-20 19:22:27.152238300,5.8599,5.8599,0.0000,3.1142,2.8530,0.1893,2.6637,NA,NA,NA,NA,NA,NA,NA
python.exe,1968,0x0,Other,0,0,1,Hardware: Legacy Flip,2026-8-20 19:22:27.158098200,2.6259,2.6259,0.0000,0.1112,2.5302,0.0550,2.4752,2.8860,15.6665,-0.5964,1921.1036,NA,NA,NA
python.exe,1968,0x0,Other,-1,0,0,Composed: Copy with GPU GDI,2026-8-20 19:22:27.160724100,3.9644,3.9644,0.0000,0.0155,4.0281,0.3619,3.6662,NA,NA,NA,NA,NA,NA,NA
python.exe,1968,0x0,Other,-1,0,0,Composed: Copy with GPU GDI,2026-8-20 19:22:27.164688500,5.0064,5.0064,0.0000,0.0817,5.0196,0.1732,4.8464,11.9622,0.2127,-9.0762,1927.6939,NA,NA,NA
python.exe,1968,0x0,Other,-1,0,0,Composed: Copy with GPU GDI,2026-8-20 19:22:27.169694900,6.6758,6.6758,0.0000,0.1009,6.6428,0.1745,6.4683,NA,NA,NA,NA,NA,NA,NA
python.exe,1968,0x0,Other,0,0,1,Hardware: Legacy Flip,2026-8-20 19:22:27.176370700,0.1144,0.1144,0.0000,0.0722,0.0880,0.0841,0.0039,0.4927,16.1679,11.4695,1939.3761,NA,NA,NA
python.exe,1968,0x0,Other,-1,0,0,Composed: Copy with GPU GDI,2026-8-20 19:22:27.176485100,6.2807,6.2807,0.0000,0.0458,6.3341,0.4733,5.8608,NA,NA,NA,NA,NA,NA,NA
python.exe,1968,0x0,Other,-1,0,0,Composed: Copy with GPU GDI,2026-8-20 19:22:27.182765800,5.5225,5.5225,0.0000,0.1041,5.4955,0.1787,5.3168,NA,NA,NA,NA,NA,NA,NA
python.exe,1968,0x0,Other,0,0,1,Hardware: Legacy Flip,2026-8-20 19:22:27.188288300,4.4794,4.4794,0.0000,0.0819,4.4429,0.0859,4.3570,4.7430,13.9528,-4.2503,1951.2937,NA,NA,NA
python.exe,1968,0x0,Other,-1,0,0,Composed: Copy with GPU GDI,2026-8-20 19:22:27.192767700,2.0457,2.0457,0.0000,0.0454,2.1720,0.4095,1.7625,14.2164,3.3425,-9.4734,1955.7731,NA,NA,NA
python.exe,1968,0x0,Other,-1,0,0,Composed: Copy with GPU GDI,2026-8-20 19:22:27.194813400,6.6709,6.6709,0.0000,0.1742,6.5796,0.1851,6.3945,NA,NA,NA,NA,NA,NA,NA
python.exe,1968,0x0,Other,-1,0,0,Composed: Copy with GPU GDI,2026-8-20 19:22:27.201484300,6.5298,6.5298,0.0000,0.0862,6.5758,0.2232,6.3526,NA,NA,NA,NA,NA,NA,NA
python.exe,1968,0x0,Other,0,0,1,Hardware: Legacy Flip,2026-8-20 19:22:27.208014100,2.0580,2.0580,0.0000,0.1355,1.9673,0.0844,1.8829,2.3125,16.1746,11.9039,1971.0195,NA,NA,NA
python.exe,1968,0x0,Other,-1,0,0,Composed: Copy with GPU GDI,2026-8-20 19:22:27.210072100,3.7147,3.7147,0.0000,0.0448,3.8046,0.4287,3.3759,NA,NA,NA,NA,NA,NA,NA
python.exe,1968,0x0,Other,-1,0,0,Composed: Copy with GPU GDI,2026-8-20 19:22:27.213786800,4.8080,4.8080,0.0000,0.1390,4.7505,0.1736,4.5769,NA,NA,NA,NA,NA,NA,NA
python.exe,1968,0x0,Other,-1,0,0,Composed: Copy with GPU GDI,2026-8-20 19:22:27.218594800,6.7213,6.7213,0.0000,0.0867,7.0164,0.5422,6.4742,NA,NA,NA,NA,NA,NA,NA
python.exe,1968,0x0,Other,0,0,1,Hardware: Legacy Flip,2026-8-20 19:22:27.225316100,0.9402,0.9402,0.0000,0.3875,0.6022,0.0940,0.5082,1.1851,10.8106,1.1274,1988.3215,NA,NA,NA
python.exe,1968,0x0,Other,-1,0,0,Composed: Copy with GPU GDI,2026-8-20 19:22:27.226256300,4.9727,4.9727,0.0000,0.0495,5.0259,0.3272,4.6987,11.0555,5.8325,-9.8704,1989.2617,NA,NA,NA
python.exe,1968,0x0,Other,-1,0,0,Composed: Copy with GPU GDI,2026-8-20 19:22:27.231229000,6.0504,6.0504,0.0000,0.1051,6.1279,0.2640,5.8639,NA,NA,NA,NA,NA,NA,NA
python.exe,1968,0x0,Other,0,0,1,Hardware: Legacy Flip,2026-8-20 19:22:27.237279400,5.5998,5.5998,0.0000,0.1862,5.4573,0.0863,5.3710,5.8649,12.3687,5.1906,2000.2848,NA,NA,NA
python.exe,1968,0x0,Other,-1,0,0,Composed: Copy with GPU GDI,2026-8-20 19:22:27.242879200,0.1411,0.1411,0.0000,0.0437,0.3097,0.3097,0.0000,12.6338,4.2516,-6.7689,2005.8846,NA,NA,NA
python.exe,1968,0x0,Other,-1,0,0,Composed: Copy with GPU GDI,2026-8-20 19:22:27.243020300,5.9168,5.9168,0.0000,0.2171,5.7955,0.1738,5.6217,NA,NA,NA,NA,NA,NA,NA
python.exe,1968,0x0,Other,-1,0,0,Composed: Copy with GPU GDI,2026-8-20 19:22:27.248937100,7.1060,7.1060,0.0000,0.1012,7.0885,0.1752,6.9133,NA,NA,NA,NA,NA,NA,NA
python.exe,1968,0x0,Other,0,0,1,Hardware: Legacy Flip,2026-8-20 19:22:27.256043100,3.4719,3.4719,0.0000,0.0901,3.4261,0.0853,3.3408,3.7215,7.8845,8.9123,2019.0485,NA,NA,NA
python.exe,1968,0x0,Other,-1,0,0,Composed: Copy with GPU GDI,2026-8-20 19:22:27.259515000,1.4549,1.4549,0.0000,0.0443,1.5641,0.3708,1.1933,8.1341,8.7909,-4.4126,2022.5204,NA,NA,NA
python.exe,1968,0x0,Other,-1,0,0,Composed: Copy with GPU GDI,2026-8-20 19:22:27.260969900,6.1235,6.1235,0.0000,0.1584,6.0550,0.1836,5.8714,NA,NA,NA,NA,NA,NA,NA
python.exe,1968,0x0,Other,-1,0,0,Composed: Copy with GPU GDI,2026-8-20 19:22:27.267093400,6.1288,6.1288,0.0000,0.0958,6.1260,0.1785,5.9475,NA,NA,NA,NA,NA,NA,NA
python.exe,1968,0x0,Other,0,0,1,Hardware: Legacy Flip,2026-8-20 19:22:27.273222200,2.9696,2.9696,0.0000,0.0978,2.9111,0.0827,2.8284,3.2178,15.4603,4.9163,2036.2276,NA,NA,NA
python.exe,1968,0x0,Other,-1,0,0,Composed: Copy with GPU GDI,2026-8-20 19:22:27.276191800,2.5589,2.5589,0.0000,0.0393,2.6098,0.3330,2.2768,15.7085,0.9257,-12.4907,2039.1972,NA,NA,NA
python.exe,1968,0x0,Other,-1,0,0,Composed: Copy with GPU GDI,2026-8-20 19:22:27.278750700,6.2669,6.2669,0.0000,0.0952,6.2521,0.1771,6.0750,NA,NA,NA,NA,NA,NA,NA
python.exe,1968,0x0,Other,-1,0,0,Composed: Copy with GPU GDI,2026-8-20 19:22:27.285017600,6.3351,6.3351,0.0000,0.0868,6.3443,0.1786,6.1657,NA,NA,NA,NA,NA,NA,NA
python.exe,1968,0x0,Other,0,0,1,Hardware: Legacy Flip,2026-8-20 19:22:27.291352700,1.1467,1.1467,0.0000,0.1006,1.0874,0.0762,1.0112,1.4733,17.0413,14.2352,2054.3581,NA,NA,NA
python.exe,1968,0x0,Other,-1,0,0,Composed: Copy with GPU GDI,2026-8-20 19:22:27.292499400,4.9807,4.9807,0.0000,0.0413,5.0331,0.4061,4.6270,NA,NA,NA,NA,NA,NA,NA
python.exe,1968,0x0,Other,-1,0,0,Composed: Copy with GPU GDI,2026-8-20 19:22:27.297480100,5.5071,5.5071,0.0000,0.0988,5.4987,0.1797,5.3190,NA,NA,NA,NA,NA,NA,NA
python.exe,1968,0x0,Other,0,0,1,Hardware: Legacy Flip,2026-8-20 19:22:27.302987200,6.6305,6.6305,0.0000,0.0953,6.5809,0.0953,6.4856,6.8801,12.3700,-5.4068,2065.9926,NA,NA,NA
python.exe,1968,0x0,Other,-1,0,0,Composed: Copy with GPU GDI,2026-8-20 19:22:27.309617700,0.1443,0.1443,0.0000,0.0457,0.2932,0.2932,0.0000,12.6196,5.1919,-5.7395,2072.6231,NA,NA,NA
python.exe,1968,0x0,Other,-1,0,0,Composed: Copy with GPU GDI,2026-8-20 19:22:27.309762000,6.2874,6.2874,0.0000,0.1983,6.2264,0.2282,5.9982,NA,NA,NA,NA,NA,NA,NA
python.exe,1968,0x0,Other,-1,0,0,Composed: Copy with GPU GDI,2026-8-20 19:22:27.316049400,5.5293,5.5293,0.0000,0.1424,5.4842,0.1738,5.3104,NA,NA,NA,NA,NA,NA,NA
python.exe,1968,0x0,Other,0,0,1,Hardware: Legacy Flip,2026-8-20 19:22:27.321578700,5.5881,5.5881,0.0000,0.1020,5.5292,0.0813,5.4479,5.8505,13.0048,6.7691,2084.5841,NA,NA,NA
python.exe,1968,0x0,Other,-1,0,0,Composed: Copy with GPU GDI,2026-8-20 19:22:27.327166800,0.1372,0.1372,0.0000,0.0431,0.2995,0.2995,0.0000,13.2672,3.5838,-7.4167,2090.1722,NA,NA,NA
python.exe,1968,0x0,Other,-1,0,0,Composed: Copy with GPU GDI,2026-8-20 19:22:27.327304000,7.9993,7.9993,0.0000,0.2098,7.8900,0.1836,7.7064,NA,NA,NA,NA,NA,NA,NA
python.exe,1968,0x0,Other,-1,0,0,Composed: Copy with GPU GDI,2026-8-20 19:22:27.335303300,4.9554,4.9554,0.0000,0.1034,4.9434,0.1746,4.7688,NA,NA,NA,NA,NA,NA,NA
python.exe,1968,0x0,Other,0,0,1,Hardware: Legacy Flip,2026-8-20 19:22:27.340258700,3.5198,3.5198,0.0000,0.0961,3.4623,0.0744,3.3879,3.7591,14.6079,9.5081,2103.2641,NA,NA,NA
python.exe,1968,0x0,Other,-1,0,0,Composed: Copy with GPU GDI,2026-8-20 19:22:27.343778500,3.0114,3.0114,0.0000,0.0386,3.1939,0.4502,2.7437,14.8472,1.8500,-11.0881,2106.7839,NA,NA,NA
python.exe,1968,0x0,Other,-1,0,0,Composed: Copy with GPU GDI,2026-8-20 19:22:27.346789900,5.9728,5.9728,0.0000,0.2257,5.9876,0.3270,5.6606,NA,NA,NA,NA,NA,NA,NA
python.exe,1968,0x0,Other,-1,0,0,Composed: Copy with GPU GDI,2026-8-20 19:22:27.352762700,5.4682,5.4682,0.0000,0.2450,5.3121,0.1706,5.1415,NA,NA,NA,NA,NA,NA,NA
python.exe,1968,0x0,Other,0,0,1,Hardware: Legacy Flip,2026-8-20 19:22:27.358230900,1.9957,1.9957,0.0000,0.0941,1.9393,0.0704,1.8689,2.2448,16.1417,12.6024,2121.2363,NA,NA,NA
python.exe,1968,0x0,Other,-1,0,0,Composed: Copy with GPU GDI,2026-8-20 19:22:27.360226600,4.6637,4.6637,0.0000,0.0377,4.9614,0.6199,4.3415,NA,NA,NA,NA,NA,NA,NA
python.exe,1968,0x0,Other,-1,0,0,Composed: Copy with GPU GDI,2026-8-20 19:22:27.364890300,6.0886,6.0886,0.0000,0.3407,5.8392,0.1897,5.6495,NA,NA,NA,NA,NA,NA,NA
python.exe,1968,0x0,Other,0,0,1,Hardware: Legacy Flip,2026-8-20 19:22:27.370978900,5.3915,5.3915,0.0000,0.0948,5.3422,0.0886,5.2536,5.6385,12.3657,-3.3937,2133.9843,NA,NA,NA
python.exe,1968,0x0,Other,-1,0,0,Composed: Copy with GPU GDI,2026-8-20 19:22:27.376370400,0.1545,0.1545,0.0000,0.0455,0.2950,0.2950,0.0000,12.6127,3.5808,-6.9742,2139.3758,NA,NA,NA
python.exe,1968,0x0,Other,-1,0,0,Composed: Copy with GPU GDI,2026-8-20 19:22:27.376524900,6.3247,6.3247,0.0000,0.1906,6.2573,0.2102,6.0471,NA,NA,NA,NA,NA,NA,NA
python.exe,1968,0x0,Other,-1,0,0,Composed: Copy with GPU GDI,2026-8-20 19:22:27.382849600,5.9934,5.9934,0.0000,0.1281,5.9935,0.2144,5.7791,NA,NA,NA,NA,NA,NA,NA
python.exe,1968,0x0,Other,0,0,1,Hardware: Legacy Flip,2026-8-20 19:22:27.388843000,3.4806,3.4806,0.0000,0.1332,3.3872,0.0761,3.3111,3.7209,14.6078,8.8918,2151.8484,NA,NA,NA
python.exe,1968,0x0,Other,-1,0,0,Composed: Copy with GPU GDI,2026-8-20 19:22:27.392323600,3.4383,3.4383,0.0000,0.0398,3.6314,0.5304,3.1010,NA,NA,NA,NA,NA,NA,NA
python.exe,1968,0x0,Other,-1,0,0,Composed: Copy with GPU GDI,2026-8-20 19:22:27.395761900,4.2088,4.2088,0.0000,0.2382,4.0987,0.1998,3.8989,11.4098,2.5029,-7.6889,2158.7673,NA,NA,NA
python.exe,1968,0x0,Other,-1,0,0,Composed: Copy with GPU GDI,2026-8-20 19:22:27.399970700,6.0664,6.0664,0.0000,0.1317,6.0053,0.1979,5.8074,NA,NA,NA,NA,NA,NA,NA
python.exe,1968,0x0,Other,0,0,1,Hardware: Legacy Flip,2026-8-20 19:22:27.406037100,3.4055,3.4055,0.0000,0.0758,3.3695,0.0783,3.2912,3.6375,15.6905,7.7723,2169.0425,NA,NA,NA
python.exe,1968,0x0,Other,-1,0,0,Composed: Copy with GPU GDI,2026-8-20 19:22:27.409442600,3.1395,3.1395,0.0000,0.0398,3.1885,0.3176,2.8709,15.9225,1.6297,-12.2850,2172.4480,NA,NA,NA
python.exe,1968,0x0,Other,-1,0,0,Composed: Copy with GPU GDI,2026-8-20 19:22:27.412582100,6.5797,6.5797,0.0000,0.0942,6.6290,0.2250,6.4040,NA,NA,NA,NA,NA,NA,NA
python.exe,1968,0x0,Other,-1,0,0,Composed: Copy with GPU GDI,2026-8-20 19:22:27.419161800,5.0070,5.0070,0.0000,0.1488,4.9530,0.1775,4.7755,NA,NA,NA,NA,NA,NA,NA
python.exe,1968,0x0,Other,0,0,1,Hardware: Legacy Flip,2026-8-20 19:22:27.424168800,2.5733,2.5733,0.0000,0.0998,2.5128,0.0826,2.4302,2.8260,15.9036,13.0965,2187.1742,NA,NA,NA
python.exe,1968,0x0,Other,-1,0,0,Composed: Copy with GPU GDI,2026-8-20 19:22:27.426742100,3.5193,3.5193,0.0000,0.0393,3.5746,0.3331,3.2415,NA,NA,NA,NA,NA,NA,NA
python.exe,1968,0x0,Other,-1,0,0,Composed: Copy with GPU GDI,2026-8-20 19:22:27.430261400,6.5611,6.5611,0.0000,0.0997,6.5602,0.1834,6.3768,NA,NA,NA,NA,NA,NA,NA
python.exe,1968,0x0,Other,0,0,1,Hardware: Legacy Flip,2026-8-20 19:22:27.436822500,5.8275,5.8275,0.0000,0.1040,5.7589,0.0742,5.6847,6.0759,12.7995,-3.2499,2199.8279,NA,NA,NA
python.exe,1968,0x0,Other,-1,0,0,Composed: Copy with GPU GDI,2026-8-20 19:22:27.442650000,0.5818,0.5818,0.0000,0.0354,0.6671,0.3461,0.3210,13.0479,4.0486,-6.9720,2205.6554,NA,NA,NA
python.exe,1968,0x0,Other,-1,0,0,Composed: Copy with GPU GDI,2026-8-20 19:22:27.443231800,5.0470,5.0470,0.0000,0.1246,5.0187,0.1708,4.8479,NA,NA,NA,NA,NA,NA,NA
python.exe,1968,0x0,Other,-1,0,0,Composed: Copy with GPU GDI,2026-8-20 19:22:27.448278800,7.1164,7.1164,0.0000,0.1005,7.1122,0.1789,6.9333,NA,NA,NA,NA,NA,NA,NA
python.exe,1968,0x0,Other,0,0,1,Hardware: Legacy Flip,2026-8-20 19:22:27.455395200,4.1019,4.1019,0.0000,0.1012,4.0448,0.0863,3.9585,4.3513,14.1537,8.6966,2218.4006,NA,NA,NA
python.exe,1968,0x0,Other,-1,0,0,Composed: Copy with GPU GDI,2026-8-20 19:22:27.459497100,3.0160,3.0160,0.0000,0.0441,3.1396,0.4110,2.7286,NA,NA,NA,NA,NA,NA,NA
python.exe,1968,0x0,Other,-1,0,0,Composed: Copy with GPU GDI,2026-8-20 19:22:27.462513100,5.0715,5.0715,0.0000,0.1707,4.9892,0.1791,4.8101,11.3871,2.6906,-7.0358,2225.5185,NA,NA,NA
python.exe,1968,0x0,Other,-1,0,0,Composed: Copy with GPU GDI,2026-8-20 19:22:27.467584600,5.5497,5.5497,0.0000,0.0935,5.5488,0.1799,5.3689,NA,NA,NA,NA,NA,NA,NA
python.exe,1968,0x0,Other,0,0,1,Hardware: Legacy Flip,2026-8-20 19:22:27.473134300,2.9229,2.9229,0.0000,0.0978,2.8663,0.0767,2.7896,3.4565,15.5118,7.9306,2236.1397,NA,NA,NA
python.exe,1968,0x0,Other,-1,0,0,Composed: Copy with GPU GDI,2026-8-20 19:22:27.476057200,2.9868,2.9868,0.0000,0.0412,3.0577,0.6345,2.4232,16.0454,0.9306,-12.5889,2239.0626,NA,NA,NA
python.exe,1968,0x0,Other,-1,0,0,Composed: Copy with GPU GDI,2026-8-20 19:22:27.479044000,7.2015,7.2015,0.0000,0.1167,7.4539,0.5009,6.9530,NA,NA,NA,NA,NA,NA,NA
python.exe,1968,0x0,Other,-1,0,0,Composed: Copy with GPU GDI,2026-8-20 19:22:27.486245500,5.4523,5.4523,0.0000,0.3718,5.1759,0.1826,4.9933,NA,NA,NA,NA,NA,NA,NA
python.exe,1968,0x0,Other,0,0,1,Hardware: Legacy Flip,2026-8-20 19:22:27.491697800,1.0903,1.0903,0.0000,0.0993,1.0461,0.1031,0.9430,1.3354,17.2776,14.7100,2254.7032,NA,NA,NA
python.exe,1968,0x0,Other,-1,0,0,Composed: Copy with GPU GDI,2026-8-20 19:22:27.492788100,4.4276,4.4276,0.0000,0.0551,4.4597,0.3140,4.1457,17.5227,0.1969,-16.1873,2255.7935,NA,NA,NA
python.exe,1968,0x0,Other,-1,0,0,Composed: Copy with GPU GDI,2026-8-20 19:22:27.497215700,6.0563,6.0563,0.0000,0.0900,6.0419,0.1831,5.8588,NA,NA,NA,NA,NA,NA,NA
python.exe,1968,0x0,Other,-1,0,0,Composed: Copy with GPU GDI,2026-8-20 19:22:27.503272000,6.0023,6.0023,0.0000,0.0792,6.0159,0.1745,5.8414,NA,NA,NA,NA,NA,NA,NA
python.exe,1968,0x0,Other,0,0,1,Hardware: Legacy Flip,2026-8-20 19:22:27.509274300,0.9260,0.9260,0.0000,0.0979,0.8689,0.0784,0.7905,1.2334,16.0745,16.2893,2272.2797,NA,NA,NA
python.exe,1968,0x0,Other,-1,0,0,Composed: Copy with GPU GDI,2026-8-20 19:22:27.510200300,5.5906,5.5906,0.0000,0.0408,5.6409,0.3993,5.2416,NA,NA,NA,NA,NA,NA,NA
python.exe,1968,0x0,Other,-1,0,0,Composed: Copy with GPU GDI,2026-8-20 19:22:27.515790900,6.2443,6.2443,0.0000,0.0980,6.2408,0.1921,6.0487,NA,NA,NA,NA,NA,NA,NA
python.exe,1968,0x0,Other,0,0,1,Hardware: Legacy Flip,2026-8-20 19:22:27.522035200,4.2926,4.2926,0.0000,0.1008,4.2321,0.0766,4.1555,4.5470,14.0621,-3.3136,2285.0406,NA,NA,NA
python.exe,1968,0x0,Other,-1,0,0,Composed: Copy with GPU GDI,2026-8-20 19:22:27.526327800,1.9520,1.9520,0.0000,0.0403,2.0202,0.3362,1.6840,14.3165,1.5211,-9.7695,2289.3332,NA,NA,NA
python.exe,1968,0x0,Other,-1,0,0,Composed: Copy with GPU GDI,2026-8-20 19:22:27.528279800,5.5486,5.5486,0.0000,0.1135,5.5380,0.1725,5.3655,NA,NA,NA,NA,NA,NA,NA
python.exe,1968,0x0,Other,-1,0,0,Composed: Copy with GPU GDI,2026-8-20 19:22:27.533828400,6.6500,6.6500,0.0000,0.1077,6.6363,0.1802,6.4561,NA,NA,NA,NA,NA,NA,NA
python.exe,1968,0x0,Other,0,0,1,Hardware: Legacy Flip,2026-8-20 19:22:27.540478400,1.4323,1.4323,0.0000,0.1009,1.3694,0.0718,1.2976,1.6870,16.6658,12.6295,2303.4838,NA,NA,NA
python.exe,1968,0x0,Other,-1,0,0,Composed: Copy with GPU GDI,2026-8-20 19:22:27.541910700,4.5840,4.5840,0.0000,0.0380,4.6466,0.3498,4.2968,16.9205,0.9644,-15.2335,2304.9161,NA,NA,NA
python.exe,1968,0x0,Other,-1,0,0,Composed: Copy with GPU GDI,2026-8-20 19:22:27.546494700,5.9776,5.9776,0.0000,0.1075,5.9713,0.1740,5.7973,NA,NA,NA,NA,NA,NA,NA
python.exe,1968,0x0,Other,-1,0,0,Composed: Copy with GPU GDI,2026-8-20 19:22:27.552472300,5.5132,5.5132,0.0000,0.1062,5.5143,0.1757,5.3386,NA,NA,NA,NA,NA,NA,NA
python.exe,1968,0x0,Other,0,0,1,Hardware: Legacy Flip,2026-8-20 19:22:27.557985500,1.5532,1.5532,0.0000,0.1122,1.4825,0.0984,1.3841,1.8101,16.9013,15.1104,2320.9909,NA,NA,NA
python.exe,1968,0x0,Other,-1,0,0,Composed: Copy with GPU GDI,2026-8-20 19:22:27.559538700,5.6755,5.6755,0.0000,0.0415,5.7132,0.3456,5.3676,NA,NA,NA,NA,NA,NA,NA
python.exe,1968,0x0,Other,-1,0,0,Composed: Copy with GPU GDI,2026-8-20 19:22:27.565214200,5.0745,5.0745,0.0000,0.0847,5.0847,0.1792,4.9055,NA,NA,NA,NA,NA,NA,NA
python.exe,1968,0x0,Other,-1,0,0,Composed: Copy with GPU GDI,2026-8-20 19:22:27.570288700,6.0581,6.0581,0.0000,0.1022,6.0463,0.1778,5.8685,NA,NA,NA,NA,NA,NA,NA
python.exe,1968,0x0,Other,0,0,1,Hardware: Legacy Flip,2026-8-20 19:22:27.576346800,0.0911,0.0911,0.0000,0.0904,0.0449,0.0449,0.0000,0.3501,15.8412,1.4600,2339.3522,NA,NA,NA
python.exe,1968,0x0,Other,-1,0,0,Composed: Copy with GPU GDI,2026-8-20 19:22:27.576437900,5.7257,5.7257,0.0000,0.0442,5.7789,0.3354,5.4435,NA,NA,NA,NA,NA,NA,NA
python.exe,1968,0x0,Other,-1,0,0,Composed: Copy with GPU GDI,2026-8-20 19:22:27.582163600,6.5924,6.5924,0.0000,0.1042,6.5814,0.1820,6.3994,NA,NA,NA,NA,NA,NA,NA
python.exe,1968,0x0,Other,0,0,1,Hardware: Legacy Flip,2026-8-20 19:22:27.588756000,3.5474,3.5474,0.0000,0.0999,3.4872,0.0744,3.4128,3.7821,14.8376,-3.4320,2351.7614,NA,NA,NA
python.exe,1968,0x0,Other,-1,0,0,Composed: Copy with GPU GDI,2026-8-20 19:22:27.592303400,1.9846,1.9846,0.0000,0.0397,2.0891,0.3546,1.7345,15.0723,2.7893,-11.2902,2355.3088,NA,NA,NA
python.exe,1968,0x0,Other,-1,0,0,Composed: Copy with GPU GDI,2026-8-20 19:22:27.594288000,6.2100,6.2100,0.0000,0.1480,6.1650,0.1880,5.9770,NA,NA,NA,NA,NA,NA,NA
python.exe,1968,0x0,Other,-1,0,0,Composed: Copy with GPU GDI,2026-8-20 19:22:27.600498000,7.5073,7.5073,0.0000,0.1011,7.5878,0.3094,7.2784,NA,NA,NA,NA,NA,NA,NA
python.exe,1968,0x0,Other,0,0,1,Hardware: Legacy Flip,2026-8-20 19:22:27.608005300,1.9031,1.9031,0.0000,0.1852,1.7598,0.0783,1.6815,2.1597,16.3802,12.9126,2371.0107,NA,NA,NA
python.exe,1968,0x0,Other,-1,0,0,Composed: Copy with GPU GDI,2026-8-20 19:22:27.609908400,4.2059,4.2059,0.0000,0.0419,4.4156,0.4978,3.9178,NA,NA,NA,NA,NA,NA,NA
python.exe,1968,0x0,Other,-1,0,0,Composed: Copy with GPU GDI,2026-8-20 19:22:27.614114300,4.3072,4.3072,0.0000,0.2555,4.1569,0.1707,3.9862,NA,NA,NA,NA,NA,NA,NA
python.exe,1968,0x0,Other,-1,0,0,Composed: Copy with GPU GDI,2026-8-20 19:22:27.618421500,6.6569,6.6569,0.0000,0.1101,6.6466,0.1815,6.4651,NA,NA,NA,NA,NA,NA,NA
python.exe,1968,0x0,Other,0,0,1,Hardware: Legacy Flip,2026-8-20 19:22:27.625078400,0.9443,0.9443,0.0000,0.1068,0.8853,0.0860,0.7993,1.4668,16.3732,0.6929,2388.0838,NA,NA,NA
python.exe,1968,0x0,Other,-1,0,0,Composed: Copy with GPU GDI,2026-8-20 19:22:27.626022700,5.8300,5.8300,0.0000,0.0478,6.1388,0.9106,5.2282,NA,NA,NA,NA,NA,NA,NA
python.exe,1968,0x0,Other,-1,0,0,Composed: Copy with GPU GDI,2026-8-20 19:22:27.631852700,5.8624,5.8624,0.0000,0.3607,5.6021,0.1817,5.4204,NA,NA,NA,NA,NA,NA,NA
python.exe,1968,0x0,Other,0,0,1,Hardware: Legacy Flip,2026-8-20 19:22:27.637715100,4.9362,4.9362,0.0000,0.1026,4.8781,0.0848,4.7933,5.2033,12.9796,-3.7365,2400.7205,NA,NA,NA
python.exe,1968,0x0,Other,-1,0,0,Composed: Copy with GPU GDI,2026-8-20 19:22:27.642651300,1.0145,1.0145,0.0000,0.0445,1.1519,0.4163,0.7356,13.2467,3.8612,-8.0434,2405.6567,NA,NA,NA
python.exe,1968,0x0,Other,-1,0,0,Composed: Copy with GPU GDI,2026-8-20 19:22:27.643665800,6.8712,6.8712,0.0000,0.1848,6.8970,0.2979,6.5991,NA,NA,NA,NA,NA,NA,NA
python.exe,1968,0x0,Other,-1,0,0,Composed: Copy with GPU GDI,2026-8-20 19:22:27.650537000,4.4913,4.4913,0.0000,0.2128,4.3747,0.1801,4.1946,NA,NA,NA,NA,NA,NA,NA
python.exe,1968,0x0,Other,0,0,1,Hardware: Legacy Flip,2026-8-20 19:22:27.655028300,4.4895,4.4895,0.0000,0.1067,4.4275,0.0844,4.3431,4.7309,14.3448,8.5158,2418.0337,NA,NA,NA
python.exe,1968,0x0,Other,-1,0,0,Composed: Copy with GPU GDI,2026-8-20 19:22:27.659517800,1.9624,1.9624,0.0000,0.0447,2.0143,0.3240,1.6903,14.5862,2.3945,-9.8553,2422.5232,NA,NA,NA
python.exe,1968,0x0,Other,-1,0,0,Composed: Copy with GPU GDI,2026-8-20 19:22:27.661480200,5.6716,5.6716,0.0000,0.1016,5.6651,0.1830,5.4821,NA,NA,NA,NA,NA,NA,NA
python.exe,1968,0x0,Other,-1,0,0,Composed: Copy with GPU GDI,2026-8-20 19:22:27.667151800,6.5490,6.5490,0.0000,0.1015,6.5434,0.1823,6.3611,NA,NA,NA,NA,NA,NA,NA
python.exe,1968,0x0,Other,0,0,1,Hardware: Legacy Flip,2026-8-20 19:22:27.673700800,2.5489,2.5489,0.0000,0.1026,2.4849,0.0748,2.4101,2.7977,15.8053,11.7885,2436.7062,NA,NA,NA
python.exe,1968,0x0,Other,-1,0,0,Composed: Copy with GPU GDI,2026-8-20 19:22:27.676249700,3.4846,3.4846,0.0000,0.0386,3.5496,0.3394,3.2102,16.0541,0.7236,-13.2564,2439.2551,NA,NA,NA
python.exe,1968,0x0,Other,-1,0,0,Composed: Copy with GPU GDI,2026-8-20 19:22:27.679734300,6.0235,6.0235,0.0000,0.1095,6.0167,0.1908,5.8259,NA,NA,NA,NA,NA,NA,NA
python.exe,1968,0x0,Other,-1,0,0,Composed: Copy with GPU GDI,2026-8-20 19:22:27.685757800,6.1013,6.1013,0.0000,0.1089,6.0937,0.1842,5.9095,NA,NA,NA,NA,NA,NA,NA
python.exe,1968,0x0,Other,0,0,1,Hardware: Legacy Flip,2026-8-20 19:22:27.691859100,0.9186,0.9186,0.0000,0.1080,0.8486,0.0705,0.7781,1.1683,17.4757,14.8858,2454.8645,NA,NA,NA
python.exe,1968,0x0,Other,-1,0,0,Composed: Copy with GPU GDI,2026-8-20 19:22:27.692777700,5.4858,5.4858,0.0000,0.0380,5.6494,0.4334,5.2160,17.7254,0.1717,-16.5571,2455.7831,NA,NA,NA
python.exe,1968,0x0,Other,-1,0,0,Composed: Copy with GPU GDI,2026-8-20 19:22:27.698263500,5.6402,5.6402,0.0000,0.2053,5.5214,0.1812,5.3402,NA,NA,NA,NA,NA,NA,NA
python.exe,1968,0x0,Other,-1,0,0,Composed: Copy with GPU GDI,2026-8-20 19:22:27.703903700,5.5906,5.5906,0.0000,0.0930,5.5941,0.1829,5.4112,NA,NA,NA,NA,NA,NA,NA
python.exe,1968,0x0,Other,0,0,1,Hardware: Legacy Flip,2026-8-20 19:22:27.709494300,0.8605,0.8605,0.0000,0.1029,0.7910,0.0688,0.7222,1.1805,15.5246,16.5449,2472.4997,NA,NA,NA
python.exe,1968,0x0,Other,-1,0,0,Composed: Copy with GPU GDI,2026-8-20 19:22:27.710354800,5.6258,5.6258,0.0000,0.0334,5.6958,0.4221,5.2737,NA,NA,NA,NA,NA,NA,NA
python.exe,1968,0x0,Other,-1,0,0,Composed: Copy with GPU GDI,2026-8-20 19:22:27.715980600,6.0076,6.0076,0.0000,0.1097,5.9968,0.1850,5.8118,NA,NA,NA,NA,NA,NA,NA
python.exe,1968,0x0,Other,0,0,1,Hardware: Legacy Flip,2026-8-20 19:22:27.721988200,3.9688,3.9688,0.0000,0.1059,3.8981,0.0688,3.8293,4.2112,14.6286,-3.0307,2484.9936,NA,NA,NA
python.exe,1968,0x0,Other,-1,0,0,Composed: Copy with GPU GDI,2026-8-20 19:22:27.725957000,2.4840,2.4840,0.0000,0.0352,2.5551,0.3352,2.2199,14.8710,2.4574,-10.6598,2488.9624,NA,NA,NA
python.exe,1968,0x0,Other,-1,0,0,Composed: Copy with GPU GDI,2026-8-20 19:22:27.728441000,6.0758,6.0758,0.0000,0.1123,6.0638,0.1836,5.8802,NA,NA,NA,NA,NA,NA,NA
python.exe,1968,0x0,Other,-1,0,0,Composed: Copy with GPU GDI,2026-8-20 19:22:27.734516800,6.1516,6.1516,0.0000,0.1065,6.1363,0.1798,5.9565,NA,NA,NA,NA,NA,NA,NA
python.exe,1968,0x0,Other,0,0,1,Hardware: Legacy Flip,2026-8-20 19:22:27.740668400,2.3675,2.3675,0.0000,0.0960,2.3071,0.0675,2.2396,2.6170,15.5653,12.2540,2503.6738,NA,NA,NA
python.exe,1968,0x0,Other,-1,0,0,Composed: Copy with GPU GDI,2026-8-20 19:22:27.743035900,4.2017,4.2017,0.0000,0.0356,4.3389,0.4223,3.9166,NA,NA,NA,NA,NA,NA,NA
python.exe,1968,0x0,Other,-1,0,0,Composed: Copy with GPU GDI,2026-8-20 19:22:27.747237600,4.4338,4.4338,0.0000,0.1791,4.3533,0.1800,4.1733,NA,NA,NA,NA,NA,NA,NA
python.exe,1968,0x0,Other,-1,0,0,Composed: Copy with GPU GDI,2026-8-20 19:22:27.751671400,6.4768,6.4768,0.0000,0.1053,6.4809,0.1749,6.3060,NA,NA,NA,NA,NA,NA,NA
python.exe,1968,0x0,Other,0,0,1,Hardware: Legacy Flip,2026-8-20 19:22:27.758148200,0.4559,0.4559,0.0000,0.1143,0.3755,0.0647,0.3108,0.7025,17.9773,1.9145,2521.1536,NA,NA,NA
python.exe,1968,0x0,Other,-1,0,0,Composed: Copy with GPU GDI,2026-8-20 19:22:27.758604100,5.6730,5.6730,0.0000,0.0339,5.7410,0.3457,5.3953,NA,NA,NA,NA,NA,NA,NA
python.exe,1968,0x0,Other,-1,0,0,Composed: Copy with GPU GDI,2026-8-20 19:22:27.764277100,7.1341,7.1341,0.0000,0.1089,7.2753,0.3353,6.9400,NA,NA,NA,NA,NA,NA,NA
python.exe,1968,0x0,Other,-1,0,0,Composed: Copy with GPU GDI,2026-8-20 19:22:27.771411200,5.0686,5.0686,0.0000,0.2540,4.9118,0.1732,4.7386,NA,NA,NA,NA,NA,NA,NA
python.exe,1968,0x0,Other,0,0,1,Hardware: Legacy Flip,2026-8-20 19:22:27.776479800,0.0975,0.0975,0.0000,0.0972,0.0432,0.0432,0.0000,0.3482,17.5110,0.3543,2539.4852,NA,NA,NA
python.exe,1968,0x0,Other,-1,0,0,Composed: Copy with GPU GDI,2026-8-20 19:22:27.776577300,5.8844,5.8844,0.0000,0.0429,5.9438,0.3401,5.6037,NA,NA,NA,NA,NA,NA,NA
python.exe,1968,0x0,Other,-1,0,0,Composed: Copy with GPU GDI,2026-8-20 19:22:27.782461700,7.1153,7.1153,0.0000,0.1091,7.0873,0.1814,6.9059,NA,NA,NA,NA,NA,NA,NA
python.exe,1968,0x0,Other,0,0,1,Hardware: Legacy Flip,2026-8-20 19:22:27.789577000,4.5046,4.5046,0.0000,0.0841,4.4654,0.0840,4.3814,4.7620,7.1677,-4.4138,2552.5824,NA,NA,NA
python.exe,1968,0x0,Other,-1,0,0,Composed: Copy with GPU GDI,2026-8-20 19:22:27.794081600,0.8839,0.8839,0.0000,0.0449,0.9943,0.3685,0.6258,7.4251,7.7948,-2.6631,2557.0870,NA,NA,NA
python.exe,1968,0x0,Other,-1,0,0,Composed: Copy with GPU GDI,2026-8-20 19:22:27.794965500,5.1187,5.1187,0.0000,0.1592,5.0588,0.1799,4.8789,NA,NA,NA,NA,NA,NA,NA
python.exe,1968,0x0,Other,-1,0,0,Composed: Copy with GPU GDI,2026-8-20 19:22:27.800084200,7.0684,7.0684,0.0000,0.1055,7.0631,0.1824,6.8807,NA,NA,NA,NA,NA,NA,NA
python.exe,1968,0x0,Other,0,0,1,Hardware: Legacy Flip,2026-8-20 19:22:27.807152600,1.9014,1.9014,0.0000,0.1066,1.8330,0.0758,1.7572,2.1489,16.4586,5.2762,2570.1580,NA,NA,NA
python.exe,1968,0x0,Other,-1,0,0,Composed: Copy with GPU GDI,2026-8-20 19:22:27.809054000,3.0484,3.0484,0.0000,0.0382,3.1186,0.3251,2.7935,16.7061,0.8681,-14.5572,2572.0594,NA,NA,NA
python.exe,1968,0x0,Other,-1,0,0,Composed: Copy with GPU GDI,2026-8-20 19:22:27.812102400,6.0613,6.0613,0.0000,0.1134,6.0541,0.1740,5.8801,NA,NA,NA,NA,NA,NA,NA
python.exe,1968,0x0,Other,-1,0,0,Composed: Copy with GPU GDI,2026-8-20 19:22:27.818163700,7.0694,7.0694,0.0000,0.1112,7.0615,0.1834,6.8781,NA,NA,NA,NA,NA,NA,NA
python.exe,1968,0x0,Other,0,0,1,Hardware: Legacy Flip,2026-8-20 19:22:27.825233100,0.9578,0.9578,0.0000,0.1098,0.8882,0.0750,0.8132,1.3951,16.1113,15.3110,2588.2385,NA,NA,NA
python.exe,1968,0x0,Other,-1,0,0,Composed: Copy with GPU GDI,2026-8-20 19:22:27.826190900,5.1360,5.1360,0.0000,0.0402,5.1976,0.5331,4.6645,NA,NA,NA,NA,NA,NA,NA
python.exe,1968,0x0,Other,-1,0,0,Composed: Copy with GPU GDI,2026-8-20 19:22:27.831326900,6.4999,6.4999,0.0000,0.1085,6.5765,0.2582,6.3183,NA,NA,NA,NA,NA,NA,NA
python.exe,1968,0x0,Other,0,0,1,Hardware: Legacy Flip,2026-8-20 19:22:27.837826800,4.6627,4.6627,0.0000,0.1890,4.5183,0.0853,4.4330,4.9127,13.3584,-3.5176,2600.8322,NA,NA,NA
python.exe,1968,0x0,Other,-1,0,0,Composed: Copy with GPU GDI,2026-8-20 19:22:27.842489500,0.1411,0.1411,0.0000,0.0446,0.3091,0.3091,0.0000,13.6084,3.6126,-8.6957,2605.4949,NA,NA,NA
python.exe,1968,0x0,Other,-1,0,0,Composed: Copy with GPU GDI,2026-8-20 19:22:27.842630600,5.9193,5.9193,0.0000,0.2157,5.8028,0.1791,5.6237,NA,NA,NA,NA,NA,NA,NA
python.exe,1968,0x0,Other,-1,0,0,Composed: Copy with GPU GDI,2026-8-20 19:22:27.848549900,6.9085,6.9085,0.0000,0.1052,6.9003,0.1831,6.7172,NA,NA,NA,NA,NA,NA,NA
python.exe,1968,0x0,Other,0,0,1,Hardware: Legacy Flip,2026-8-20 19:22:27.855458400,4.0043,4.0043,0.0000,0.1032,3.9447,0.0844,3.8603,4.2521,14.5828,9.3563,2618.4638,NA,NA,NA
python.exe,1968,0x0,Other,-1,0,0,Composed: Copy with GPU GDI,2026-8-20 19:22:27.859462700,2.5029,2.5029,0.0000,0.0436,2.5630,0.3371,2.2259,14.8306,2.0262,-10.5785,2622.4681,NA,NA,NA
python.exe,1968,0x0,Other,-1,0,0,Composed: Copy with GPU GDI,2026-8-20 19:22:27.861965600,5.6427,5.6427,0.0000,0.1105,5.6211,0.1748,5.4463,NA,NA,NA,NA,NA,NA,NA
python.exe,1968,0x0,Other,-1,0,0,Composed: Copy with GPU GDI,2026-8-20 19:22:27.867608300,5.5336,5.5336,0.0000,0.0935,5.5402,0.1819,5.3583,NA,NA,NA,NA,NA,NA,NA
python.exe,1968,0x0,Other,0,0,1,Hardware: Legacy Flip,2026-8-20 19:22:27.873141900,2.9268,2.9268,0.0000,0.1069,2.8549,0.0674,2.7875,3.1776,16.1913,11.6530,2636.1473,NA,NA,NA
python.exe,1968,0x0,Other,-1,0,0,Composed: Copy with GPU GDI,2026-8-20 19:22:27.876068700,3.7143,3.7143,0.0000,0.0350,3.7846,0.3503,3.4343,16.4421,0.6070,-13.2645,2639.0741,NA,NA,NA
python.exe,1968,0x0,Other,-1,0,0,Composed: Copy with GPU GDI,2026-8-20 19:22:27.879783000,6.4616,6.4616,0.0000,0.1128,6.4479,0.1840,6.2639,NA,NA,NA,NA,NA,NA,NA
python.exe,1968,0x0,Other,-1,0,0,Composed: Copy with GPU GDI,2026-8-20 19:22:27.886244600,5.5546,5.5546,0.0000,0.1060,5.5454,0.1857,5.3597,NA,NA,NA,NA,NA,NA,NA
python.exe,1968,0x0,Other,0,0,1,Hardware: Legacy Flip,2026-8-20 19:22:27.891799200,0.9496,0.9496,0.0000,0.1027,0.8856,0.0708,0.8148,1.3186,17.0731,15.1235,2654.8046,NA,NA,NA
python.exe,1968,0x0,Other,-1,0,0,Composed: Copy with GPU GDI,2026-8-20 19:22:27.892748800,4.5400,4.5400,0.0000,0.0387,4.6004,0.4626,4.1378,NA,NA,NA,NA,NA,NA,NA
python.exe,1968,0x0,Other,-1,0,0,Composed: Copy with GPU GDI,2026-8-20 19:22:27.897288800,6.0597,6.0597,0.0000,0.1059,6.0513,0.1816,5.8697,NA,NA,NA,NA,NA,NA,NA
python.exe,1968,0x0,Other,0,0,1,Hardware: Legacy Flip,2026-8-20 19:22:27.903348500,6.5813,6.5813,0.0000,0.1041,6.5221,0.0877,6.4344,6.8424,12.6354,-5.5238,2666.3539,NA,NA,NA
python.exe,1968,0x0,Other,-1,0,0,Composed: Copy with GPU GDI,2026-8-20 19:22:27.909929800,0.1502,0.1502,0.0000,0.0449,0.3009,0.3009,0.0000,12.8965,3.4804,-6.0541,2672.9352,NA,NA,NA
python.exe,1968,0x0,Other,-1,0,0,Composed: Copy with GPU GDI,2026-8-20 19:22:27.910080000,5.3557,5.3557,0.0000,0.2010,5.2515,0.1821,5.0694,NA,NA,NA,NA,NA,NA,NA
python.exe,1968,0x0,Other,-1,0,0,Composed: Copy with GPU GDI,2026-8-20 19:22:27.915435700,6.5928,6.5928,0.0000,0.1037,6.5899,0.1834,6.4065,NA,NA,NA,NA,NA,NA,NA
python.exe,1968,0x0,Other,0,0,1,Hardware: Legacy Flip,2026-8-20 19:22:27.922028500,4.0325,4.0325,0.0000,0.1074,3.9601,0.0708,3.8893,4.2782,14.7254,8.6183,2685.0339,NA,NA,NA
python.exe,1968,0x0,Other,-1,0,0,Composed: Copy with GPU GDI,2026-8-20 19:22:27.926061000,1.4555,1.4555,0.0000,0.0350,1.5316,0.3376,1.1940,14.9711,2.3914,-10.6929,2689.0664,NA,NA,NA
python.exe,1968,0x0,Other,-1,0,0,Composed: Copy with GPU GDI,2026-8-20 19:22:27.927516500,6.6047,6.6047,0.0000,0.1159,6.5896,0.1822,6.4074,NA,NA,NA,NA,NA,NA,NA
python.exe,1968,0x0,Other,-1,0,0,Composed: Copy with GPU GDI,2026-8-20 19:22:27.934121200,6.5219,6.5219,0.0000,0.1071,6.5153,0.1810,6.3343,NA,NA,NA,NA,NA,NA,NA
python.exe,1968,0x0,Other,0,0,1,Hardware: Legacy Flip,2026-8-20 19:22:27.940643100,2.5219,2.5219,0.0000,0.1069,2.4503,0.0683,2.3820,2.7804,15.6407,12.1907,2703.6485,NA,NA,NA
python.exe,1968,0x0,Other,-1,0,0,Composed: Copy with GPU GDI,2026-8-20 19:22:27.943165000,2.5729,2.5729,0.0000,0.0353,2.6448,0.3566,2.2882,NA,NA,NA,NA,NA,NA,NA
python.exe,1968,0x0,Other,-1,0,0,Composed: Copy with GPU GDI,2026-8-20 19:22:27.945737900,6.5388,6.5388,0.0000,0.1138,6.5285,0.1841,6.3444,NA,NA,NA,NA,NA,NA,NA
python.exe,1968,0x0,Other,0,0,1,Hardware: Legacy Flip,2026-8-20 19:22:27.952276700,6.5277,6.5277,0.0000,0.1097,6.4576,0.0864,6.3712,6.7875,12.3179,-4.0071,2715.2821,NA,NA,NA
python.exe,1968,0x0,Other,-1,0,0,Composed: Copy with GPU GDI,2026-8-20 19:22:27.958804400,0.1263,0.1263,0.0000,0.0396,0.3013,0.3013,0.0000,12.5777,5.3365,-5.7902,2721.8098,NA,NA,NA
python.exe,1968,0x0,Other,-1,0,0,Composed: Copy with GPU GDI,2026-8-20 19:22:27.958930700,5.3848,5.3848,0.0000,0.2189,5.2617,0.1815,5.0802,NA,NA,NA,NA,NA,NA,NA
python.exe,1968,0x0,Other,-1,0,0,Composed: Copy with GPU GDI,2026-8-20 19:22:27.964315500,7.2405,7.2405,0.0000,0.1025,7.2162,0.1825,7.0337,NA,NA,NA,NA,NA,NA,NA
python.exe,1968,0x0,Other,0,0,1,Hardware: Legacy Flip,2026-8-20 19:22:27.971556000,4.9227,4.9227,0.0000,0.0833,4.8846,0.0852,4.7994,5.1626,6.7803,7.4151,2734.5614,NA,NA,NA
python.exe,1968,0x0,Other,-1,0,0,Composed: Copy with GPU GDI,2026-8-20 19:22:27.976478700,0.8676,0.8676,0.0000,0.0452,0.9498,0.3380,0.6118,7.0202,9.5088,-1.8576,2739.4841,NA,NA,NA
python.exe,1968,0x0,Other,-1,0,0,Composed: Copy with GPU GDI,2026-8-20 19:22:27.977346300,5.6514,5.6514,0.0000,0.1308,5.6247,0.1847,5.4400,NA,NA,NA,NA,NA,NA,NA
python.exe,1968,0x0,Other,-1,0,0,Composed: Copy with GPU GDI,2026-8-20 19:22:27.982997700,6.3109,6.3109,0.0000,0.1101,6.2976,0.1806,6.1170,NA,NA,NA,NA,NA,NA,NA
python.exe,1968,0x0,Other,0,0,1,Hardware: Legacy Flip,2026-8-20 19:22:27.989308600,3.4400,3.4400,0.0000,0.1037,3.3809,0.0843,3.2966,3.6991,14.7624,3.3211,2752.3140,NA,NA,NA
python.exe,1968,0x0,Other,-1,0,0,Composed: Copy with GPU GDI,2026-8-20 19:22:27.992748600,2.5460,2.5460,0.0000,0.0446,2.6079,0.3383,2.2696,15.0215,1.4985,-11.3224,2755.7540,NA,NA,NA
python.exe,1968,0x0,Other,-1,0,0,Composed: Copy with GPU GDI,2026-8-20 19:22:27.995294600,5.4959,5.4959,0.0000,0.1131,5.4832,0.1805,5.3027,NA,NA,NA,NA,NA,NA,NA
python.exe,1968,0x0,Other,-1,0,0,Composed: Copy with GPU GDI,2026-8-20 19:22:28.000790500,7.5130,7.5130,0.0000,0.1066,7.5015,0.1871,7.3144,NA,NA,NA,NA,NA,NA,NA
python.exe,1968,0x0,Other,0,0,1,Hardware: Legacy Flip,2026-8-20 19:22:28.008303500,0.6995,0.6995,0.0000,0.0984,0.6457,0.0837,0.5620,0.9651,19.4657,14.0564,2771.3089,NA,NA,NA
python.exe,1968,0x0,Other,-1,0,0,Composed: Copy with GPU GDI,2026-8-20 19:22:28.009003000,6.9463,6.9463,0.0000,0.0446,6.9868,0.3582,6.6286,NA,NA,NA,NA,NA,NA,NA
python.exe,1968,0x0,Other,-1,0,0,Composed: Copy with GPU GDI,2026-8-20 19:22:28.015949300,4.5570,4.5570,0.0000,0.0893,4.7393,0.4052,4.3341,NA,NA,NA,NA,NA,NA,NA
python.exe,1968,0x0,Other,-1,0,0,Composed: Copy with GPU GDI,2026-8-20 19:22:28.020506300,5.5420,5.5420,0.0000,0.2743,5.3829,0.2333,5.1496,NA,NA,NA,NA,NA,NA,NA
python.exe,1968,0x0,Other,0,0,1,Hardware: Legacy Flip,2026-8-20 19:22:28.026048300,2.4955,2.4955,0.0000,0.1200,2.4176,0.3107,2.1069,2.6860,15.7767,-1.7209,2789.0537,NA,NA,NA
python.exe,1968,0x0,Other,-1,0,0,Composed: Copy with GPU GDI,2026-8-20 19:22:28.028543800,3.6215,3.6215,0.0000,0.0421,3.6338,0.2960,3.3378,NA,NA,NA,NA,NA,NA,NA
python.exe,1968,0x0,Other,-1,0,0,Composed: Copy with GPU GDI,2026-8-20 19:22:28.032165300,5.4941,5.4941,0.0000,0.0590,5.5165,0.1717,5.3448,NA,NA,NA,NA,NA,NA,NA
python.exe,1968,0x0,Other,0,0,1,Hardware: Legacy Flip,2026-8-20 19:22:28.037659400,5.8600,5.8600,0.0000,0.0864,5.7855,0.0445,5.7410,6.8516,11.8017,-4.1656,2800.6648,NA,NA,NA
python.exe,1968,0x0,Other,-1,0,0,Composed: Copy with GPU GDI,2026-8-20 19:22:28.043519400,1.2461,1.2461,0.0000,0.0119,1.4638,1.2289,0.2349,12.7933,3.7944,-5.9417,2806.5248,NA,NA,NA
python.exe,1968,0x0,Other,-1,0,0,Composed: Copy with GPU GDI,2026-8-20 19:22:28.044765500,5.4259,5.4259,0.0000,0.2347,5.3465,0.2419,5.1046,NA,NA,NA,NA,NA,NA,NA
python.exe,1968,0x0,Other,-1,0,0,Composed: Copy with GPU GDI,2026-8-20 19:22:28.050191400,6.1660,6.1660,0.0000,0.1587,6.1417,0.2550,5.8867,NA,NA,NA,NA,NA,NA,NA
python.exe,1968,0x0,Other,0,0,1,Hardware: Legacy Flip,2026-8-20 19:22:28.056357400,2.7913,2.7913,0.0000,0.1394,2.6660,0.0549,2.6111,3.7497,14.3906,9.0436,2819.3628,NA,NA,NA
python.exe,1968,0x0,Other,-1,0,0,Composed: Copy with GPU GDI,2026-8-20 19:22:28.059148700,2.1150,2.1150,0.0000,0.0141,2.2088,1.0683,1.1405,15.3490,3.3604,-11.5993,2822.1541,NA,NA,NA
python.exe,1968,0x0,Other,-1,0,0,Composed: Copy with GPU GDI,2026-8-20 19:22:28.061263700,5.6036,5.6036,0.0000,0.1129,5.5858,0.1815,5.4043,NA,NA,NA,NA,NA,NA,NA
python.exe,1968,0x0,Other,-1,0,0,Composed: Copy with GPU GDI,2026-8-20 19:22:28.066867300,6.0997,6.0997,0.0000,0.1020,6.0850,0.1755,5.9095,NA,NA,NA,NA,NA,NA,NA
python.exe,1968,0x0,Other,0,0,1,Hardware: Legacy Flip,2026-8-20 19:22:28.072967000,3.8623,3.8623,0.0000,0.0917,3.8156,0.0826,3.7330,4.8911,14.8514,10.4579,2835.9724,NA,NA,NA
python.exe,1968,0x0,Other,-1,0,0,Composed: Copy with GPU GDI,2026-8-20 19:22:28.076829300,2.0855,2.0855,0.0000,0.0450,2.1485,1.1098,1.0387,15.8802,0.9089,-10.9891,2839.8347,NA,NA,NA
python.exe,1968,0x0,Other,-1,0,0,Composed: Copy with GPU GDI,2026-8-20 19:22:28.078914800,8.6735,8.6735,0.0000,0.1128,8.6608,0.1712,8.4896,NA,NA,NA,NA,NA,NA,NA
python.exe,1968,0x0,Other,-1,0,0,Composed: Copy with GPU GDI,2026-8-20 19:22:28.087588300,4.5550,4.5550,0.0000,0.1049,4.5167,0.1213,4.3954,NA,NA,NA,NA,NA,NA,NA
python.exe,1968,0x0,Other,0,0,1,Hardware: Legacy Flip,2026-8-20 19:22:28.092143300,0.5134,0.5134,0.0000,0.0732,0.4572,0.0587,0.3985,1.4751,17.0357,14.4051,2855.1487,NA,NA,NA
python.exe,1968,0x0,Other,-1,0,0,Composed: Copy with GPU GDI,2026-8-20 19:22:28.092656700,6.9789,6.9789,0.0000,0.0170,7.0547,1.0731,5.9816,NA,NA,NA,NA,NA,NA,NA
python.exe,1968,0x0,Other,-1,0,0,Composed: Copy with GPU GDI,2026-8-20 19:22:28.099635600,3.9692,3.9692,0.0000,0.0975,3.9649,0.1801,3.7848,NA,NA,NA,NA,NA,NA,NA
python.exe,1968,0x0,Other,0,0,1,Hardware: Legacy Flip,2026-8-20 19:22:28.103604800,6.0687,6.0687,0.0000,0.1003,6.0067,0.0731,5.9336,7.0493,12.3712,-5.5742,2866.6102,NA,NA,NA
python.exe,1968,0x0,Other,-1,0,0,Composed: Copy with GPU GDI,2026-8-20 19:22:28.109673500,0.3449,0.3449,0.0000,0.0383,1.0516,1.0516,0.0000,13.3518,4.5944,-6.3025,2872.6789,NA,NA,NA
python.exe,1968,0x0,Other,-1,0,0,Composed: Copy with GPU GDI,2026-8-20 19:22:28.110018400,6.2266,6.2266,0.0000,0.7483,5.5830,0.1927,5.3903,NA,NA,NA,NA,NA,NA,NA
python.exe,1968,0x0,Other,-1,0,0,Composed: Copy with GPU GDI,2026-8-20 19:22:28.116245000,5.9906,5.9906,0.0000,0.1106,5.9746,0.1808,5.7938,NA,NA,NA,NA,NA,NA,NA
python.exe,1968,0x0,Other,0,0,1,Hardware: Legacy Flip,2026-8-20 19:22:28.122235600,4.3845,4.3845,0.0000,0.1012,4.3281,0.0860,4.2421,5.3841,13.6199,7.9677,2885.2410,NA,NA,NA
python.exe,1968,0x0,Other,-1,0,0,Composed: Copy with GPU GDI,2026-8-20 19:22:28.126620100,1.0945,1.0945,0.0000,0.0448,1.1779,1.0895,0.0884,14.6195,3.5547,-9.2354,2889.6255,NA,NA,NA
python.exe,1968,0x0,Other,-1,0,0,Composed: Copy with GPU GDI,2026-8-20 19:22:28.127714600,7.0901,7.0901,0.0000,0.1314,7.0539,0.1803,6.8736,NA,NA,NA,NA,NA,NA,NA
python.exe,1968,0x0,Other,-1,0,0,Composed: Copy with GPU GDI,2026-8-20 19:22:28.134804700,8.4332,8.4332,0.0000,0.1019,8.4359,0.1897,8.2462,NA,NA,NA,NA,NA,NA,NA
python.exe,1968,0x0,Other,0,0,1,Hardware: Legacy Flip,2026-8-20 19:22:28.143237900,0.5778,0.5778,0.0000,0.1094,0.5052,0.0726,0.4326,1.5564,8.5727,13.0631,2906.2433,NA,NA,NA
python.exe,1968,0x0,Other,-1,0,0,Composed: Copy with GPU GDI,2026-8-20 19:22:28.143815700,1.9966,1.9966,0.0000,0.0368,2.0809,1.0742,1.0067,9.5513,7.9264,-7.9949,2906.8211,NA,NA,NA
python.exe,1968,0x0,Other,-1,0,0,Composed: Copy with GPU GDI,2026-8-20 19:22:28.145812300,8.5182,8.5182,0.0000,0.1245,8.5039,0.1781,8.3258,NA,NA,NA,NA,NA,NA,NA
python.exe,1968,0x0,Other,-1,0,0,Composed: Copy with GPU GDI,2026-8-20 19:22:28.154330500,3.1387,3.1387,0.0000,0.1137,3.0915,0.1207,2.9708,NA,NA,NA,NA,NA,NA,NA
python.exe,1968,0x0,Other,0,0,1,Hardware: Legacy Flip,2026-8-20 19:22:28.157469200,2.8324,2.8324,0.0000,0.0734,2.7736,0.0547,2.7189,3.8242,16.3335,5.7271,2920.4746,NA,NA,NA
python.exe,1968,0x0,Other,-1,0,0,Composed: Copy with GPU GDI,2026-8-20 19:22:28.160301600,5.3491,5.3491,0.0000,0.0146,5.4239,1.1054,4.3185,17.3253,0.5930,-13.5011,2923.3070,NA,NA,NA
python.exe,1968,0x0,Other,-1,0,0,Composed: Copy with GPU GDI,2026-8-20 19:22:28.165650700,5.8431,5.8431,0.0000,0.0937,5.9026,0.2228,5.6798,NA,NA,NA,NA,NA,NA,NA
python.exe,1968,0x0,Other,-1,0,0,Composed: Copy with GPU GDI,2026-8-20 19:22:28.171493800,5.6460,5.6460,0.0000,0.1566,5.5659,0.1673,5.3986,NA,NA,NA,NA,NA,NA,NA
python.exe,1968,0x0,Other,0,0,1,Hardware: Legacy Flip,2026-8-20 19:22:28.177139800,0.1209,0.1209,0.0000,0.0813,0.0541,0.0529,0.0012,1.0801,16.3176,16.2452,2940.1452,NA,NA,NA
python.exe,1968,0x0,Other,-1,0,0,Composed: Copy with GPU GDI,2026-8-20 19:22:28.177260700,5.3319,5.3319,0.0000,0.0145,5.4146,1.0787,4.3359,NA,NA,NA,NA,NA,NA,NA
python.exe,1968,0x0,Other,-1,0,0,Composed: Copy with GPU GDI,2026-8-20 19:22:28.182592600,6.5128,6.5128,0.0000,0.1027,6.5039,0.1779,6.3260,NA,NA,NA,NA,NA,NA,NA
python.exe,1968,0x0,Other,0,0,1,Hardware: Legacy Flip,2026-8-20 19:22:28.189105400,4.4470,4.4470,0.0000,0.0989,4.3631,0.0551,4.3080,5.4321,13.4235,-4.3520,2952.1108,NA,NA,NA
python.exe,1968,0x0,Other,-1,0,0,Composed: Copy with GPU GDI,2026-8-20 19:22:28.193552400,0.5719,0.5719,0.0000,0.0150,1.0306,1.0306,0.0000,14.4086,4.2109,-8.9765,2956.5578,NA,NA,NA
python.exe,1968,0x0,Other,-1,0,0,Composed: Copy with GPU GDI,2026-8-20 19:22:28.194124300,6.1095,6.1095,0.0000,0.4761,5.7263,0.1752,5.5511,NA,NA,NA,NA,NA,NA,NA
python.exe,1968,0x0,Other,-1,0,0,Composed: Copy with GPU GDI,2026-8-20 19:22:28.200233800,6.5009,6.5009,0.0000,0.0980,6.4989,0.1757,6.3232,NA,NA,NA,NA,NA,NA,NA
python.exe,1968,0x0,Other,0,0,1,Hardware: Legacy Flip,2026-8-20 19:22:28.206734700,4.4592,4.4592,0.0000,0.1002,4.3963,0.0847,4.3116,5.4372,14.0053,8.9714,2969.7401,NA,NA,NA
python.exe,1968,0x0,Other,-1,0,0,Composed: Copy with GPU GDI,2026-8-20 19:22:28.211193900,2.0487,2.0487,0.0000,0.0373,2.1246,1.0687,1.0559,14.9833,1.6760,-9.5461,2974.1993,NA,NA,NA
python.exe,1968,0x0,Other,-1,0,0,Composed: Copy with GPU GDI,2026-8-20 19:22:28.213242600,7.7173,7.7173,0.0000,0.1167,7.6871,0.1690,7.5181,NA,NA,NA,NA,NA,NA,NA
python.exe,1968,0x0,Other,-1,0,0,Composed: Copy with GPU GDI,2026-8-20 19:22:28.220959900,3.9355,3.9355,0.0000,0.0905,3.9380,0.1756,3.7624,NA,NA,NA,NA,NA,NA,NA
python.exe,1968,0x0,Other,0,0,1,Hardware: Legacy Flip,2026-8-20 19:22:28.224895400,1.8017,1.8017,0.0000,0.0976,1.7203,0.0656,1.6547,2.9578,16.5448,12.0255,2987.9008,NA,NA,NA
python.exe,1968,0x0,Other,-1,0,0,Composed: Copy with GPU GDI,2026-8-20 19:22:28.226697100,5.3609,5.3609,0.0000,0.0162,5.4594,1.2684,4.1910,NA,NA,NA,NA,NA,NA,NA
python.exe,1968,0x0,Other,-1,0,0,Composed: Copy with GPU GDI,2026-8-20 19:22:28.232058000,4.3978,4.3978,0.0000,0.1180,4.3739,0.1763,4.1976,NA,NA,NA,NA,NA,NA,NA
python.exe,1968,0x0,Other,-1,0,0,Composed: Copy with GPU GDI,2026-8-20 19:22:28.236455800,6.5912,6.5912,0.0000,0.0990,6.5815,0.1698,6.4117,NA,NA,NA,NA,NA,NA,NA
python.exe,1968,0x0,Other,0,0,1,Hardware: Legacy Flip,2026-8-20 19:22:28.243047000,0.3407,0.3407,0.0000,0.0928,0.2596,0.0436,0.2160,1.3510,16.5170,1.6068,3006.0524,NA,NA,NA
python.exe,1968,0x0,Other,-1,0,0,Composed: Copy with GPU GDI,2026-8-20 19:22:28.243387700,5.1513,5.1513,0.0000,0.0117,5.2413,1.0877,4.1536,NA,NA,NA,NA,NA,NA,NA
python.exe,1968,0x0,Other,-1,0,0,Composed: Copy with GPU GDI,2026-8-20 19:22:28.248539000,6.5205,6.5205,0.0000,0.1063,6.5508,0.2011,6.3497,NA,NA,NA,NA,NA,NA,NA
python.exe,1968,0x0,Other,0,0,1,Hardware: Legacy Flip,2026-8-20 19:22:28.255059500,4.8534,4.8534,0.0000,0.1402,4.7507,0.0696,4.6811,5.8555,13.7921,-4.5045,3018.0649,NA,NA,NA
python.exe,1968,0x0,Other,-1,0,0,Composed: Copy with GPU GDI,2026-8-20 19:22:28.259912900,2.2501,2.2501,0.0000,0.0375,2.3332,1.0958,1.2374,14.7942,3.1292,-8.9387,3022.9183,NA,NA,NA
python.exe,1968,0x0,Other,-1,0,0,Composed: Copy with GPU GDI,2026-8-20 19:22:28.262163000,5.5906,5.5906,0.0000,0.1244,5.5654,0.1718,5.3936,NA,NA,NA,NA,NA,NA,NA
python.exe,1968,0x0,Other,-1,0,0,Composed: Copy with GPU GDI,2026-8-20 19:22:28.267753600,8.6511,8.6511,0.0000,0.1034,8.6598,0.1855,8.4743,NA,NA,NA,NA,NA,NA,NA
python.exe,1968,0x0,Other,0,0,1,Hardware: Legacy Flip,2026-8-20 19:22:28.276404700,0.3879,0.3879,0.0000,0.1165,0.3075,0.0702,0.2373,1.4316,8.9895,13.3626,3039.4101,NA,NA,NA
python.exe,1968,0x0,Other,-1,0,0,Composed: Copy with GPU GDI,2026-8-20 19:22:28.276792600,2.9655,2.9655,0.0000,0.0361,3.0261,1.1252,1.9009,10.0332,12.1413,-8.6016,3039.7980,NA,NA,NA
python.exe,1968,0x0,Other,-1,0,0,Composed: Copy with GPU GDI,2026-8-20 19:22:28.279758100,8.0983,8.0983,0.0000,0.1020,8.0636,0.1690,7.8946,NA,NA,NA,NA,NA,NA,NA
python.exe,1968,0x0,Other,-1,0,0,Composed: Copy with GPU GDI,2026-8-20 19:22:28.287856400,4.1530,4.1530,0.0000,0.0717,4.1470,0.1199,4.0271,11.1107,12.8244,-1.0775,3050.8618,NA,NA,NA
python.exe,1968,0x0,Other,-1,0,0,Composed: Copy with GPU GDI,2026-8-20 19:22:28.292009400,18.4011,18.4011,0.0000,0.0731,18.3969,0.1745,18.2224,NA,NA,NA,NA,NA,NA,NA
python.exe,1968,0x0,Other,0,0,1,Hardware: Legacy Flip,2026-8-20 19:22:28.310410500,0.3718,0.3718,0.0000,0.0724,0.3397,0.0774,0.2623,1.3810,1.9329,9.7297,3073.4159,NA,NA,NA
python.exe,1968,0x0,Other,-1,0,0,Composed: Copy with GPU GDI,2026-8-20 19:22:28.310782300,0.1224,0.1224,0.0000,0.0403,1.0413,1.0413,0.0000,NA,NA,NA,NA,NA,NA,NA
python.exe,1968,0x0,Other,0,0,1,Hardware: Legacy Flip,2026-8-20 19:22:28.310904700,1.8477,1.8477,0.0000,0.9636,0.8959,0.0476,0.8483,2.8197,13.8151,-1.4387,3073.9101,NA,NA,NA
python.exe,1968,0x0,Other,-1,0,0,Composed: Copy with GPU GDI,2026-8-20 19:22:28.312752400,3.3210,3.3210,0.0000,0.0118,3.4055,1.0932,2.3123,NA,NA,NA,NA,NA,NA,NA
python.exe,1968,0x0,Other,-1,0,0,Composed: Copy with GPU GDI,2026-8-20 19:22:28.316073400,6.1179,6.1179,0.0000,0.1009,6.1427,0.2108,5.9319,NA,NA,NA,NA,NA,NA,NA
python.exe,1968,0x0,Other,0,0,1,Hardware: Legacy Flip,2026-8-20 19:22:28.322191300,4.3606,4.3606,0.0000,0.1307,4.2437,0.0516,4.1921,5.3482,13.8908,-2.5285,3085.1967,NA,NA,NA
python.exe,1968,0x0,Other,-1,0,0,Composed: Copy with GPU GDI,2026-8-20 19:22:28.326551900,1.0891,1.0891,0.0000,0.0138,1.2049,1.1304,0.0745,14.8784,3.1008,-9.5302,3089.5573,NA,NA,NA
python.exe,1968,0x0,Other,-1,0,0,Composed: Copy with GPU GDI,2026-8-20 19:22:28.327641000,5.6190,5.6190,0.0000,0.1325,5.5805,0.1768,5.4037,NA,NA,NA,NA,NA,NA,NA
python.exe,1968,0x0,Other,-1,0,0,Composed: Copy with GPU GDI,2026-8-20 19:22:28.333260000,6.0402,6.0402,0.0000,0.0991,6.0450,0.1830,5.8620,NA,NA,NA,NA,NA,NA,NA
python.exe,1968,0x0,Other,0,0,1,Hardware: Legacy Flip,2026-8-20 19:22:28.339300200,4.2115,4.2115,0.0000,0.1071,4.1457,0.0794,4.0663,5.2309,15.0957,9.6475,3102.3056,NA,NA,NA
python.exe,1968,0x0,Other,-1,0,0,Composed: Copy with GPU GDI,2026-8-20 19:22:28.343511700,2.3974,2.3974,0.0000,0.0413,2.4672,1.1118,1.3554,16.1151,0.6040,-10.8842,3106.5171,NA,NA,NA
python.exe,1968,0x0,Other,-1,0,0,Composed: Copy with GPU GDI,2026-8-20 19:22:28.345909100,8.4061,8.4061,0.0000,0.1148,8.3743,0.1703,8.2040,NA,NA,NA,NA,NA,NA,NA
python.exe,1968,0x0,Other,-1,0,0,Composed: Copy with GPU GDI,2026-8-20 19:22:28.354315200,3.3081,3.3081,0.0000,0.0859,3.2892,0.1208,3.1684,NA,NA,NA,NA,NA,NA,NA
python.exe,1968,0x0,Other,0,0,1,Hardware: Legacy Flip,2026-8-20 19:22:28.357623300,1.6257,1.6257,0.0000,0.0734,1.5642,0.0452,1.5190,2.6075,17.6109,13.5076,3120.6287,NA,NA,NA
python.exe,1968,0x0,Other,-1,0,0,Composed: Copy with GPU GDI,2026-8-20 19:22:28.359249000,5.9151,5.9151,0.0000,0.0119,5.9970,1.1064,4.8906,18.5927,0.9082,-15.9852,3122.2544,NA,NA,NA
python.exe,1968,0x0,Other,-1,0,0,Composed: Copy with GPU GDI,2026-8-20 19:22:28.365164100,5.6460,5.6460,0.0000,0.0977,5.6228,0.2107,5.4121,NA,NA,NA,NA,NA,NA,NA
python.exe,1968,0x0,Other,-1,0,0,Composed: Copy with GPU GDI,2026-8-20 19:22:28.370810100,6.4619,6.4619,0.0000,0.0799,6.4351,0.2095,6.2256,NA,NA,NA,NA,NA,NA,NA
python.exe,1968,0x0,Other,0,0,1,Hardware: Legacy Flip,2026-8-20 19:22:28.377272000,0.4869,0.4869,0.0000,0.0585,0.4738,0.0855,0.3883,1.4779,15.4127,17.1148,3140.2774,NA,NA,NA
python.exe,1968,0x0,Other,-1,0,0,Composed: Copy with GPU GDI,2026-8-20 19:22:28.377758900,4.5386,4.5386,0.0000,0.0454,4.5902,1.0763,3.5139,NA,NA,NA,NA,NA,NA,NA
python.exe,1968,0x0,Other,-1,0,0,Composed: Copy with GPU GDI,2026-8-20 19:22:28.382297500,6.1227,6.1227,0.0000,0.1002,6.1133,0.1706,5.9427,NA,NA,NA,NA,NA,NA,NA
python.exe,1968,0x0,Other,0,0,1,Hardware: Legacy Flip,2026-8-20 19:22:28.388420200,4.7776,4.7776,0.0000,0.0948,4.6975,0.0652,4.6323,5.7424,13.9983,-4.2645,3151.4256,NA,NA,NA
python.exe,1968,0x0,Other,-1,0,0,Composed: Copy with GPU GDI,2026-8-20 19:22:28.393197800,1.1513,1.1513,0.0000,0.0147,1.2502,1.1000,0.1502,14.9631,3.3393,-9.2207,3156.2032,NA,NA,NA
python.exe,1968,0x0,Other,-1,0,0,Composed: Copy with GPU GDI,2026-8-20 19:22:28.394349100,5.5514,5.5514,0.0000,0.1176,5.4939,0.1878,5.3061,NA,NA,NA,NA,NA,NA,NA
python.exe,1968,0x0,Other,-1,0,0,Composed: Copy with GPU GDI,2026-8-20 19:22:28.399900500,10.1990,10.1990,0.0000,0.0640,10.2203,0.1760,10.0443,NA,NA,NA,NA,NA,NA,NA
python.exe,1968,0x0,Other,0,0,1,Hardware: Legacy Flip,2026-8-20 19:22:28.410099500,0.4229,0.4229,0.0000,0.0898,0.3736,0.0748,0.2988,1.4007,8.8011,13.5624,3173.1049,NA,NA,NA
python.exe,1968,0x0,Other,-1,0,0,Composed: Copy with GPU GDI,2026-8-20 19:22:28.410522400,2.9076,2.9076,0.0000,0.0405,2.9437,1.0731,1.8706,9.7789,7.3176,-8.3782,3173.5278,NA,NA,NA
python.exe,1968,0x0,Other,-1,0,0,Composed: Copy with GPU GDI,2026-8-20 19:22:28.413430000,7.8856,7.8856,0.0000,0.0801,7.8954,0.1671,7.7283,NA,NA,NA,NA,NA,NA,NA
python.exe,1968,0x0,Other,-1,0,0,Composed: Copy with GPU GDI,2026-8-20 19:22:28.421315600,4.8640,4.8640,0.0000,0.0937,4.8294,0.1030,4.7264,NA,NA,NA,NA,NA,NA,NA
python.exe,1968,0x0,Other,0,0,1,Hardware: Legacy Flip,2026-8-20 19:22:28.426179600,0.4607,0.4607,0.0000,0.0637,0.4151,0.0607,0.3544,1.4393,16.9354,8.3396,3189.1850,NA,NA,NA
python.exe,1968,0x0,Other,-1,0,0,Composed: Copy with GPU GDI,2026-8-20 19:22:28.426640300,5.6997,5.6997,0.0000,0.0181,5.8556,1.1589,4.6967,17.9140,0.1717,-16.4747,3189.6457,NA,NA,NA
python.exe,1968,0x0,Other,-1,0,0,Composed: Copy with GPU GDI,2026-8-20 19:22:28.432340000,4.8278,4.8278,0.0000,0.1777,4.7459,0.1856,4.5603,NA,NA,NA,NA,NA,NA,NA
python.exe,1968,0x0,Other,-1,0,0,Composed: Copy with GPU GDI,2026-8-20 19:22:28.437167800,6.1542,6.1542,0.0000,0.0990,6.1598,0.1818,5.9780,NA,NA,NA,NA,NA,NA,NA
python.exe,1968,0x0,Other,0,0,1,Hardware: Legacy Flip,2026-8-20 19:22:28.443322000,0.3771,0.3771,0.0000,0.1088,0.3114,0.0782,0.2332,1.4040,16.8923,16.5100,3206.3274,NA,NA,NA
python.exe,1968,0x0,Other,-1,0,0,Composed: Copy with GPU GDI,2026-8-20 19:22:28.443699100,4.9871,4.9871,0.0000,0.0431,5.0300,1.1119,3.9181,NA,NA,NA,NA,NA,NA,NA
python.exe,1968,0x0,Other,-1,0,0,Composed: Copy with GPU GDI,2026-8-20 19:22:28.448686200,6.6570,6.6570,0.0000,0.0896,6.6521,0.1723,6.4798,NA,NA,NA,NA,NA,NA,NA
python.exe,1968,0x0,Other,0,0,1,Hardware: Legacy Flip,2026-8-20 19:22:28.455343200,5.3151,5.3151,0.0000,0.0899,5.2400,0.0595,5.1805,6.2751,13.2816,-4.8711,3218.3486,NA,NA,NA
python.exe,1968,0x0,Other,-1,0,0,Composed: Copy with GPU GDI,2026-8-20 19:22:28.460658300,0.5793,0.5793,0.0000,0.0148,1.0553,1.0553,0.0000,14.2416,3.4406,-7.9665,3223.6637,NA,NA,NA
python.exe,1968,0x0,Other,-1,0,0,Composed: Copy with GPU GDI,2026-8-20 19:22:28.461237600,6.2335,6.2335,0.0000,0.4940,5.8289,0.1750,5.6539,NA,NA,NA,NA,NA,NA,NA
python.exe,1968,0x0,Other,-1,0,0,Composed: Copy with GPU GDI,2026-8-20 19:22:28.467471100,9.3408,9.3408,0.0000,0.0938,9.3926,0.2448,9.1478,NA,NA,NA,NA,NA,NA,NA
python.exe,1968,0x0,Other,0,0,1,Hardware: Legacy Flip,2026-8-20 19:22:28.476811900,0.5612,0.5612,0.0000,0.1491,0.4271,0.0591,0.3680,1.5286,8.6872,12.7130,3239.8173,NA,NA,NA
python.exe,1968,0x0,Other,-1,0,0,Composed: Copy with GPU GDI,2026-8-20 19:22:28.477373100,2.6074,2.6074,0.0000,0.0150,2.6989,1.0892,1.6097,9.6546,7.2388,-8.1260,3240.3785,NA,NA,NA
python.exe,1968,0x0,Other,-1,0,0,Composed: Copy with GPU GDI,2026-8-20 19:22:28.479980500,7.6654,7.6654,0.0000,0.1106,7.6484,0.1776,7.4708,NA,NA,NA,NA,NA,NA,NA
python.exe,1968,0x0,Other,-1,0,0,Composed: Copy with GPU GDI,2026-8-20 19:22:28.487645900,4.3192,4.3192,0.0000,0.0964,4.3173,0.1676,4.1497,NA,NA,NA,NA,NA,NA,NA
python.exe,1968,0x0,Other,0,0,1,Hardware: Legacy Flip,2026-8-20 19:22:28.491965100,1.3303,1.3303,0.0000,0.0998,1.2488,0.0633,1.1855,2.3014,16.7642,7.3532,3254.9705,NA,NA,NA
python.exe,1968,0x0,Other,-1,0,0,Composed: Copy with GPU GDI,2026-8-20 19:22:28.493295400,5.4192,5.4192,0.0000,0.0183,5.4891,1.0633,4.4258,NA,NA,NA,NA,NA,NA,NA
python.exe,1968,0x0,Other,-1,0,0,Composed: Copy with GPU GDI,2026-8-20 19:22:28.498714600,5.5432,5.5432,0.0000,0.0926,5.5375,0.1789,5.3586,NA,NA,NA,NA,NA,NA,NA
python.exe,1968,0x0,Other,0,0,1,Hardware: Legacy Flip,2026-8-20 19:22:28.504257800,5.7937,5.7937,0.0000,0.0917,5.7408,0.0746,5.6662,6.7729,12.3948,-4.4715,3267.2632,NA,NA,NA
python.exe,1968,0x0,Other,-1,0,0,Composed: Copy with GPU GDI,2026-8-20 19:22:28.510051500,0.5322,0.5322,0.0000,0.0388,1.0785,1.0785,0.0000,13.3740,4.2622,-6.6011,3273.0569,NA,NA,NA
python.exe,1968,0x0,Other,-1,0,0,Composed: Copy with GPU GDI,2026-8-20 19:22:28.510583700,6.1369,6.1369,0.0000,0.5876,5.6449,0.1823,5.4626,NA,NA,NA,NA,NA,NA,NA
python.exe,1968,0x0,Other,-1,0,0,Composed: Copy with GPU GDI,2026-8-20 19:22:28.516720600,5.0235,5.0235,0.0000,0.0993,5.0139,0.1808,4.8331,NA,NA,NA,NA,NA,NA,NA
python.exe,1968,0x0,Other,0,0,1,Hardware: Legacy Flip,2026-8-20 19:22:28.521744100,4.9599,4.9599,0.0000,0.0948,4.9036,0.0798,4.8238,5.9436,13.9225,7.4304,3284.7495,NA,NA,NA
python.exe,1968,0x0,Other,-1,0,0,Composed: Copy with GPU GDI,2026-8-20 19:22:28.526704000,1.5274,1.5274,0.0000,0.0385,1.6087,1.0758,0.5329,14.9062,3.0663,-8.9626,3289.7094,NA,NA,NA
python.exe,1968,0x0,Other,-1,0,0,Composed: Copy with GPU GDI,2026-8-20 19:22:28.528231400,5.5955,5.5955,0.0000,0.1236,5.5621,0.1770,5.3851,NA,NA,NA,NA,NA,NA,NA
python.exe,1968,0x0,Other,-1,0,0,Composed: Copy with GPU GDI,2026-8-20 19:22:28.533826900,9.4510,9.4510,0.0000,0.0951,9.4560,0.1742,9.2818,NA,NA,NA,NA,NA,NA,NA
python.exe,1968,0x0,Other,0,0,1,Hardware: Legacy Flip,2026-8-20 19:22:28.543277900,0.4231,0.4231,0.0000,0.1036,0.3558,0.0692,0.2866,1.3986,9.0872,13.5076,3306.2833,NA,NA,NA
python.exe,1968,0x0,Other,-1,0,0,Composed: Copy with GPU GDI,2026-8-20 19:22:28.543701000,2.7485,2.7485,0.0000,0.0363,2.8205,1.0726,1.7479,10.0627,7.5843,-8.6641,3306.7064,NA,NA,NA
python.exe,1968,0x0,Other,-1,0,0,Composed: Copy with GPU GDI,2026-8-20 19:22:28.546449500,7.6438,7.6438,0.0000,0.1116,7.6090,0.1818,7.4272,NA,NA,NA,NA,NA,NA,NA
python.exe,1968,0x0,Other,-1,0,0,Composed: Copy with GPU GDI,2026-8-20 19:22:28.554093300,4.9818,4.9818,0.0000,0.0806,4.9992,0.1817,4.8175,NA,NA,NA,NA,NA,NA,NA
python.exe,1968,0x0,Other,0,0,1,Hardware: Legacy Flip,2026-8-20 19:22:28.559075100,1.3014,1.3014,0.0000,0.1012,1.2162,0.0623,1.1539,2.2729,16.0579,7.7898,3322.0805,NA,NA,NA
python.exe,1968,0x0,Other,-1,0,0,Composed: Copy with GPU GDI,2026-8-20 19:22:28.560376500,5.7423,5.7423,0.0000,0.0160,5.8143,1.0923,4.7220,NA,NA,NA,NA,NA,NA,NA
python.exe,1968,0x0,Other,-1,0,0,Composed: Copy with GPU GDI,2026-8-20 19:22:28.566118800,3.9623,3.9623,0.0000,0.0928,3.9648,0.1738,3.7910,NA,NA,NA,NA,NA,NA,NA
python.exe,1968,0x0,Other,0,0,1,Hardware: Legacy Flip,2026-8-20 19:22:28.570081100,6.3425,6.3425,0.0000,0.1000,6.2546,0.0455,6.2091,7.3248,12.7548,-5.0519,3333.0865,NA,NA,NA
python.exe,1968,0x0,Other,-1,0,0,Composed: Copy with GPU GDI,2026-8-20 19:22:28.576423600,1.1540,1.1540,0.0000,0.0121,1.2599,1.1043,0.1556,13.7371,5.1174,-6.4123,3339.4290,NA,NA,NA
python.exe,1968,0x0,Other,-1,0,0,Composed: Copy with GPU GDI,2026-8-20 19:22:28.577577600,5.1700,5.1700,0.0000,0.1215,5.1540,0.1885,4.9655,NA,NA,NA,NA,NA,NA,NA
python.exe,1968,0x0,Other,-1,0,0,Composed: Copy with GPU GDI,2026-8-20 19:22:28.582747600,5.4561,5.4561,0.0000,0.1095,5.4450,0.1659,5.2791,NA,NA,NA,NA,NA,NA,NA
python.exe,1968,0x0,Other,-1,0,0,Composed: Copy with GPU GDI,2026-8-20 19:22:28.588203700,5.6526,5.6526,0.0000,0.1020,5.6427,0.1796,5.4631,NA,NA,NA,NA,NA,NA,NA
python.exe,1968,0x0,Other,0,0,1,Hardware: Legacy Flip,2026-8-20 19:22:28.593856300,0.4431,0.4431,0.0000,0.0969,0.3903,0.0827,0.3076,1.4218,16.1814,12.3153,3356.8617,NA,NA,NA
python.exe,1968,0x0,Other,-1,0,0,Composed: Copy with GPU GDI,2026-8-20 19:22:28.594299400,7.0143,7.0143,0.0000,0.0441,7.0590,1.0647,5.9943,NA,NA,NA,NA,NA,NA,NA
python.exe,1968,0x0,Other,-1,0,0,Composed: Copy with GPU GDI,2026-8-20 19:22:28.601313700,5.5803,5.5803,0.0000,0.0934,5.5659,0.1708,5.3951,NA,NA,NA,NA,NA,NA,NA
python.exe,1968,0x0,Other,0,0,1,Hardware: Legacy Flip,2026-8-20 19:22:28.606894000,3.5793,3.5793,0.0000,0.0825,3.5114,0.0532,3.4582,4.5655,15.1027,-3.1437,3369.8994,NA,NA,NA
python.exe,1968,0x0,Other,-1,0,0,Composed: Copy with GPU GDI,2026-8-20 19:22:28.610473300,2.8895,2.8895,0.0000,0.0146,2.9578,1.0919,1.8659,16.0889,1.2541,-11.5234,3373.4787,NA,NA,NA
python.exe,1968,0x0,Other,-1,0,0,Composed: Copy with GPU GDI,2026-8-20 19:22:28.613362800,7.7084,7.7084,0.0000,0.0866,7.7108,0.1724,7.5384,NA,NA,NA,NA,NA,NA,NA
python.exe,1968,0x0,Other,-1,0,0,Composed: Copy with GPU GDI,2026-8-20 19:22:28.621071200,3.8771,3.8771,0.0000,0.0916,3.8806,0.1657,3.7149,NA,NA,NA,NA,NA,NA,NA
python.exe,1968,0x0,Other,0,0,1,Hardware: Legacy Flip,2026-8-20 19:22:28.624948300,1.8373,1.8373,0.0000,0.0998,1.7552,0.0584,1.6968,2.8680,16.8190,13.2209,3387.9537,NA,NA,NA
python.exe,1968,0x0,Other,-1,0,0,Composed: Copy with GPU GDI,2026-8-20 19:22:28.626785600,6.4149,6.4149,0.0000,0.0177,6.5011,1.1478,5.3533,NA,NA,NA,NA,NA,NA,NA
python.exe,1968,0x0,Other,-1,0,0,Composed: Copy with GPU GDI,2026-8-20 19:22:28.633200500,4.4862,4.4862,0.0000,0.1067,4.4617,0.1686,4.2931,NA,NA,NA,NA,NA,NA,NA
python.exe,1968,0x0,Other,0,0,1,Hardware: Legacy Flip,2026-8-20 19:22:28.637686700,5.9689,5.9689,0.0000,0.0856,5.9244,0.0793,5.8451,6.9486,12.2719,-4.0806,3400.6921,NA,NA,NA
python.exe,1968,0x0,Other,-1,0,0,Composed: Copy with GPU GDI,2026-8-20 19:22:28.643655600,0.6498,0.6498,0.0000,0.0411,1.1153,1.1153,0.0000,13.2516,4.3256,-6.3030,3406.6610,NA,NA,NA
python.exe,1968,0x0,Other,-1,0,0,Composed: Copy with GPU GDI,2026-8-20 19:22:28.644305400,4.3276,4.3276,0.0000,0.5095,3.9205,0.1807,3.7398,NA,NA,NA,NA,NA,NA,NA
python.exe,1968,0x0,Other,-1,0,0,Composed: Copy with GPU GDI,2026-8-20 19:22:28.648633000,6.5815,6.5815,0.0000,0.1058,6.5688,0.1700,6.3988,NA,NA,NA,NA,NA,NA,NA
python.exe,1968,0x0,Other,0,0,1,Hardware: Legacy Flip,2026-8-20 19:22:28.655214500,5.0363,5.0363,0.0000,0.0971,4.9535,0.0523,4.9012,6.0183,13.8596,7.2333,3418.2199,NA,NA,NA
python.exe,1968,0x0,Other,-1,0,0,Composed: Copy with GPU GDI,2026-8-20 19:22:28.660250800,0.6701,0.6701,0.0000,0.0143,1.0767,1.0767,0.0000,14.8416,3.3024,-8.8233,3423.2562,NA,NA,NA
python.exe,1968,0x0,Other,-1,0,0,Composed: Copy with GPU GDI,2026-8-20 19:22:28.660920900,6.9567,6.9567,0.0000,0.4246,6.6204,0.1673,6.4531,NA,NA,NA,NA,NA,NA,NA
python.exe,1968,0x0,Other,-1,0,0,Composed: Copy with GPU GDI,2026-8-20 19:22:28.667877600,8.9539,8.9539,0.0000,0.0920,8.9585,0.1869,8.7716,NA,NA,NA,NA,NA,NA,NA
python.exe,1968,0x0,Other,0,0,1,Hardware: Legacy Flip,2026-8-20 19:22:28.676831500,0.5605,0.5605,0.0000,0.1015,0.4767,0.0703,0.4064,1.5633,8.8319,13.2783,3439.8369,NA,NA,NA
python.exe,1968,0x0,Other,-1,0,0,Composed: Copy with GPU GDI,2026-8-20 19:22:28.677392000,3.0684,3.0684,0.0000,0.0177,3.1320,1.1029,2.0291,9.8347,7.1289,-8.2714,3440.3974,NA,NA,NA
python.exe,1968,0x0,Other,-1,0,0,Composed: Copy with GPU GDI,2026-8-20 19:22:28.680460400,7.7473,7.7473,0.0000,0.0863,7.7365,0.1712,7.5653,NA,NA,NA,NA,NA,NA,NA
python.exe,1968,0x0,Other,-1,0,0,Composed: Copy with GPU GDI,2026-8-20 19:22:28.688207700,4.2746,4.2746,0.0000,0.0786,4.2531,0.2077,4.0454,NA,NA,NA,NA,NA,NA,NA
python.exe,1968,0x0,Other,0,0,1,Hardware: Legacy Flip,2026-8-20 19:22:28.692482300,0.8820,0.8820,0.0000,0.0611,0.8389,0.0613,0.7776,1.8733,16.8223,7.9614,3455.4877,NA,NA,NA
python.exe,1968,0x0,Other,-1,0,0,Composed: Copy with GPU GDI,2026-8-20 19:22:28.693364300,5.5429,5.5429,0.0000,0.0180,5.6123,1.0926,4.5197,NA,NA,NA,NA,NA,NA,NA
python.exe,1968,0x0,Other,-1,0,0,Composed: Copy with GPU GDI,2026-8-20 19:22:28.698907200,5.2316,5.2316,0.0000,0.0906,5.2228,0.1658,5.0570,NA,NA,NA,NA,NA,NA,NA
python.exe,1968,0x0,Other,0,0,1,Hardware: Legacy Flip,2026-8-20 19:22:28.704138800,5.9829,5.9829,0.0000,0.0854,5.9368,0.0743,5.8625,7.0391,12.4515,-5.1658,3467.1442,NA,NA,NA
python.exe,1968,0x0,Other,-1,0,0,Composed: Copy with GPU GDI,2026-8-20 19:22:28.710121700,0.5401,0.5401,0.0000,0.0393,1.1088,1.1088,0.0000,13.5077,4.0346,-6.4686,3473.1271,NA,NA,NA
python.exe,1968,0x0,Other,-1,0,0,Composed: Copy with GPU GDI,2026-8-20 19:22:28.710661800,5.6281,5.6281,0.0000,0.6109,5.1267,0.1820,4.9447,NA,NA,NA,NA,NA,NA,NA
python.exe,1968,0x0,Other,-1,0,0,Composed: Copy with GPU GDI,2026-8-20 19:22:28.716289900,6.0406,6.0406,0.0000,0.1133,6.0094,0.1848,5.8246,NA,NA,NA,NA,NA,NA,NA
python.exe,1968,0x0,Other,0,0,1,Hardware: Legacy Flip,2026-8-20 19:22:28.722330500,4.3368,4.3368,0.0000,0.0861,4.2641,0.0539,4.2102,5.3335,14.1614,8.1742,3485.3359,NA,NA,NA
python.exe,1968,0x0,Other,-1,0,0,Composed: Copy with GPU GDI,2026-8-20 19:22:28.726667300,1.0909,1.0909,0.0000,0.0134,1.2154,1.1437,0.0717,15.1581,2.6954,-9.8246,3489.6727,NA,NA,NA
python.exe,1968,0x0,Other,-1,0,0,Composed: Copy with GPU GDI,2026-8-20 19:22:28.727758200,6.0377,6.0377,0.0000,0.1417,5.9913,0.1743,5.8170,NA,NA,NA,NA,NA,NA,NA
python.exe,1968,0x0,Other,-1,0,0,Composed: Copy with GPU GDI,2026-8-20 19:22:28.733795900,6.0929,6.0929,0.0000,0.0997,6.0843,0.1778,5.9065,NA,NA,NA,NA,NA,NA,NA
python.exe,1968,0x0,Other,0,0,1,Hardware: Legacy Flip,2026-8-20 19:22:28.739888800,3.5797,3.5797,0.0000,0.0945,3.5273,0.0797,3.4476,4.6320,15.5079,10.5261,3502.8942,NA,NA,NA
python.exe,1968,0x0,Other,-1,0,0,Composed: Copy with GPU GDI,2026-8-20 19:22:28.743468500,2.3350,2.3350,0.0000,0.0421,2.3913,1.1313,1.2600,16.5602,1.3181,-11.9282,3506.4739,NA,NA,NA
python.exe,1968,0x0,Other,-1,0,0,Composed: Copy with GPU GDI,2026-8-20 19:22:28.745803500,7.9844,7.9844,0.0000,0.1027,8.0490,0.2449,7.8041,NA,NA,NA,NA,NA,NA,NA
python.exe,1968,0x0,Other,-1,0,0,Composed: Copy with GPU GDI,2026-8-20 19:22:28.753787900,5.2414,5.2414,0.0000,0.1713,5.1623,0.1657,4.9966,NA,NA,NA,NA,NA,NA,NA
python.exe,1968,0x0,Other,0,0,1,Hardware: Legacy Flip,2026-8-20 19:22:28.759029300,1.3410,1.3410,0.0000,0.0961,1.2600,0.0529,1.2071,2.3175,16.0989,14.2427,3522.0347,NA,NA,NA
python.exe,1968,0x0,Other,-1,0,0,Composed: Copy with GPU GDI,2026-8-20 19:22:28.760370300,5.1719,5.1719,0.0000,0.0151,5.2477,1.0820,4.1657,NA,NA,NA,NA,NA,NA,NA
python.exe,1968,0x0,Other,-1,0,0,Composed: Copy with GPU GDI,2026-8-20 19:22:28.765542200,4.5895,4.5895,0.0000,0.0948,4.5816,0.1682,4.4134,NA,NA,NA,NA,NA,NA,NA
python.exe,1968,0x0,Other,0,0,1,Hardware: Legacy Flip,2026-8-20 19:22:28.770131700,6.3077,6.3077,0.0000,0.0905,6.2304,0.0512,6.1792,7.3140,12.9086,-4.9965,3533.1371,NA,NA,NA
python.exe,1968,0x0,Other,-1,0,0,Composed: Copy with GPU GDI,2026-8-20 19:22:28.776439400,0.6259,0.6259,0.0000,0.0132,1.0851,1.0851,0.0000,13.9149,4.6623,-6.6009,3539.4448,NA,NA,NA
python.exe,1968,0x0,Other,-1,0,0,Composed: Copy with GPU GDI,2026-8-20 19:22:28.777065300,5.5645,5.5645,0.0000,0.4771,5.1794,0.1744,5.0050,NA,NA,NA,NA,NA,NA,NA
python.exe,1968,0x0,Other,-1,0,0,Composed: Copy with GPU GDI,2026-8-20 19:22:28.782629800,7.1298,7.1298,0.0000,0.0958,7.1256,0.1686,6.9570,NA,NA,NA,NA,NA,NA,NA
python.exe,1968,0x0,Other,0,0,1,Hardware: Legacy Flip,2026-8-20 19:22:28.789759600,4.2484,4.2484,0.0000,0.0955,4.1948,0.0781,4.1167,5.2570,13.5388,8.6579,3552.7650,NA,NA,NA
python.exe,1968,0x0,Other,-1,0,0,Composed: Copy with GPU GDI,2026-8-20 19:22:28.794008000,1.1837,1.1837,0.0000,0.0419,1.2571,1.0955,0.1616,14.5474,3.3822,-9.2904,3557.0134,NA,NA,NA
python.exe,1968,0x0,Other,-1,0,0,Composed: Copy with GPU GDI,2026-8-20 19:22:28.795191700,6.6805,6.6805,0.0000,0.1185,6.6515,0.1673,6.4842,NA,NA,NA,NA,NA,NA,NA
python.exe,1968,0x0,Other,-1,0,0,Composed: Copy with GPU GDI,2026-8-20 19:22:28.801872200,8.5147,8.5147,0.0000,0.0928,8.5067,0.1805,8.3262,NA,NA,NA,NA,NA,NA,NA
python.exe,1968,0x0,Other,0,0,1,Hardware: Legacy Flip,2026-8-20 19:22:28.810386900,0.4828,0.4828,0.0000,0.0882,0.4084,0.0553,0.3531,1.5507,8.7547,12.9967,3573.3923,NA,NA,NA
python.exe,1968,0x0,Other,-1,0,0,Composed: Copy with GPU GDI,2026-8-20 19:22:28.810869700,1.9505,1.9505,0.0000,0.0138,2.0470,1.1736,0.8734,9.8226,6.8025,-8.2719,3573.8751,NA,NA,NA
python.exe,1968,0x0,Other,-1,0,0,Composed: Copy with GPU GDI,2026-8-20 19:22:28.812820200,8.6787,8.6787,0.0000,0.1138,8.6804,0.2065,8.4739,NA,NA,NA,NA,NA,NA,NA
python.exe,1968,0x0,Other,-1,0,0,Composed: Copy with GPU GDI,2026-8-20 19:22:28.821498900,4.5267,4.5267,0.0000,0.1189,4.4663,0.1081,4.3582,NA,NA,NA,NA,NA,NA,NA
python.exe,1968,0x0,Other,0,0,1,Hardware: Legacy Flip,2026-8-20 19:22:28.826025600,0.4584,0.4584,0.0000,0.0643,0.4083,0.0525,0.3558,1.4692,17.2058,8.3534,3589.0310,NA,NA,NA
python.exe,1968,0x0,Other,-1,0,0,Composed: Copy with GPU GDI,2026-8-20 19:22:28.826484000,6.1491,6.1491,0.0000,0.0142,6.2291,1.1036,5.1255,NA,NA,NA,NA,NA,NA,NA
python.exe,1968,0x0,Other,-1,0,0,Composed: Copy with GPU GDI,2026-8-20 19:22:28.832633100,5.1565,5.1565,0.0000,0.0976,5.1560,0.1726,4.9834,NA,NA,NA,NA,NA,NA,NA
python.exe,1968,0x0,Other,-1,0,0,Composed: Copy with GPU GDI,2026-8-20 19:22:28.837789600,5.6731,5.6731,0.0000,0.1014,5.6566,0.1757,5.4809,NA,NA,NA,NA,NA,NA,NA
python.exe,1968,0x0,Other,0,0,1,Hardware: Legacy Flip,2026-8-20 19:22:28.843462700,0.2501,0.2501,0.0000,0.0898,0.2039,0.0835,0.1204,1.2379,15.9415,0.2313,3606.4681,NA,NA,NA
python.exe,1968,0x0,Other,-1,0,0,Composed: Copy with GPU GDI,2026-8-20 19:22:28.843712800,6.0691,6.0691,0.0000,0.0436,6.1120,1.0649,5.0471,NA,NA,NA,NA,NA,NA,NA
python.exe,1968,0x0,Other,-1,0,0,Composed: Copy with GPU GDI,2026-8-20 19:22:28.849781900,5.4839,5.4839,0.0000,0.0901,5.4792,0.1680,5.3112,NA,NA,NA,NA,NA,NA,NA
python.exe,1968,0x0,Other,0,0,1,Hardware: Legacy Flip,2026-8-20 19:22:28.855265800,4.3844,4.3844,0.0000,0.0895,4.3084,0.0500,4.2584,5.3763,14.6479,-4.1384,3618.2712,NA,NA,NA
python.exe,1968,0x0,Other,-1,0,0,Composed: Copy with GPU GDI,2026-8-20 19:22:28.859650200,2.5918,2.5918,0.0000,0.0135,2.6929,1.1156,1.5773,15.6398,2.9781,-10.2635,3622.6556,NA,NA,NA
python.exe,1968,0x0,Other,-1,0,0,Composed: Copy with GPU GDI,2026-8-20 19:22:28.862242000,5.5635,5.5635,0.0000,0.1186,5.5375,0.1684,5.3691,NA,NA,NA,NA,NA,NA,NA
python.exe,1968,0x0,Other,-1,0,0,Composed: Copy with GPU GDI,2026-8-20 19:22:28.867805500,5.5098,5.5098,0.0000,0.0964,5.5059,0.1672,5.3387,NA,NA,NA,NA,NA,NA,NA
python.exe,1968,0x0,Other,0,0,1,Hardware: Legacy Flip,2026-8-20 19:22:28.873315300,3.9550,3.9550,0.0000,0.0966,3.9009,0.0788,3.8221,4.9528,15.2201,10.6870,3636.3207,NA,NA,NA
python.exe,1968,0x0,Other,-1,0,0,Composed: Copy with GPU GDI,2026-8-20 19:22:28.877270300,2.6895,2.6895,0.0000,0.0425,2.7167,1.0850,1.6317,16.2179,1.1673,-11.2651,3640.2757,NA,NA,NA
python.exe,1968,0x0,Other,-1,0,0,Composed: Copy with GPU GDI,2026-8-20 19:22:28.879959800,7.3859,7.3859,0.0000,0.0734,7.4768,0.2426,7.2342,NA,NA,NA,NA,NA,NA,NA
python.exe,1968,0x0,Other,-1,0,0,Composed: Copy with GPU GDI,2026-8-20 19:22:28.887345700,5.0378,5.0378,0.0000,0.1676,4.9572,0.1666,4.7906,NA,NA,NA,NA,NA,NA,NA
python.exe,1968,0x0,Other,0,0,1,Hardware: Legacy Flip,2026-8-20 19:22:28.892383500,1.3012,1.3012,0.0000,0.0902,1.2266,0.0615,1.1651,2.2720,17.0387,13.9459,3655.3889,NA,NA,NA
python.exe,1968,0x0,Other,-1,0,0,Composed: Copy with GPU GDI,2026-8-20 19:22:28.893684700,5.2503,5.2503,0.0000,0.0156,5.3487,1.0937,4.2550,18.0095,0.2266,-15.7375,3656.6901,NA,NA,NA
python.exe,1968,0x0,Other,-1,0,0,Composed: Copy with GPU GDI,2026-8-20 19:22:28.898935000,5.0341,5.0341,0.0000,0.1173,5.0170,0.1715,4.8455,NA,NA,NA,NA,NA,NA,NA
python.exe,1968,0x0,Other,-1,0,0,Composed: Copy with GPU GDI,2026-8-20 19:22:28.903969100,6.6788,6.6788,0.0000,0.1040,6.6493,0.1729,6.4764,NA,NA,NA,NA,NA,NA,NA
python.exe,1968,0x0,Other,0,0,1,Hardware: Legacy Flip,2026-8-20 19:22:28.910647900,0.2391,0.2391,0.0000,0.0791,0.1738,0.0501,0.1237,1.2729,15.5295,16.7366,3673.6533,NA,NA,NA
python.exe,1968,0x0,Other,-1,0,0,Composed: Copy with GPU GDI,2026-8-20 19:22:28.910887000,5.2000,5.2000,0.0000,0.0138,5.2917,1.2213,4.0704,NA,NA,NA,NA,NA,NA,NA
python.exe,1968,0x0,Other,-1,0,0,Composed: Copy with GPU GDI,2026-8-20 19:22:28.916087000,6.0103,6.0103,0.0000,0.1088,5.9917,0.1789,5.8128,NA,NA,NA,NA,NA,NA,NA
python.exe,1968,0x0,Other,0,0,1,Hardware: Legacy Flip,2026-8-20 19:22:28.922097300,4.3586,4.3586,0.0000,0.0951,4.2768,0.0508,4.2260,5.3530,14.5761,-4.0801,3685.1027,NA,NA,NA
python.exe,1968,0x0,Other,-1,0,0,Composed: Copy with GPU GDI,2026-8-20 19:22:28.926455900,0.6072,0.6072,0.0000,0.0133,1.0768,1.0768,0.0000,15.5705,2.4869,-10.2175,3689.4613,NA,NA,NA
python.exe,1968,0x0,Other,-1,0,0,Composed: Copy with GPU GDI,2026-8-20 19:22:28.927063100,6.5402,6.5402,0.0000,0.4862,6.1634,0.1828,5.9806,NA,NA,NA,NA,NA,NA,NA
python.exe,1968,0x0,Other,-1,0,0,Composed: Copy with GPU GDI,2026-8-20 19:22:28.933603300,6.1118,6.1118,0.0000,0.1135,6.0923,0.1795,5.9128,NA,NA,NA,NA,NA,NA,NA
python.exe,1968,0x0,Other,0,0,1,Hardware: Legacy Flip,2026-8-20 19:22:28.939715100,3.7683,3.7683,0.0000,0.0992,3.7100,0.0769,3.6331,4.7982,15.7207,10.7723,3702.7205,NA,NA,NA
python.exe,1968,0x0,Other,-1,0,0,Composed: Copy with GPU GDI,2026-8-20 19:22:28.943483400,2.6623,2.6623,0.0000,0.0409,2.7356,1.1240,1.6116,16.7506,1.1797,-11.9524,3706.4888,NA,NA,NA
python.exe,1968,0x0,Other,-1,0,0,Composed: Copy with GPU GDI,2026-8-20 19:22:28.946145700,8.3635,8.3635,0.0000,0.1177,8.3426,0.1669,8.1757,NA,NA,NA,NA,NA,NA,NA
python.exe,1968,0x0,Other,-1,0,0,Composed: Copy with GPU GDI,2026-8-20 19:22:28.954509200,5.3699,5.3699,0.0000,0.1004,5.3573,0.1780,5.1793,NA,NA,NA,NA,NA,NA,NA
python.exe,1968,0x0,Other,0,0,1,Hardware: Legacy Flip,2026-8-20 19:22:28.959879100,0.5507,0.5507,0.0000,0.0938,0.4747,0.0636,0.4111,1.5346,16.2471,15.2160,3722.8845,NA,NA,NA
python.exe,1968,0x0,Other,-1,0,0,Composed: Copy with GPU GDI,2026-8-20 19:22:28.960429800,4.8614,4.8614,0.0000,0.0178,4.9382,1.0754,3.8628,NA,NA,NA,NA,NA,NA,NA
python.exe,1968,0x0,Other,-1,0,0,Composed: Copy with GPU GDI,2026-8-20 19:22:28.965291200,4.6028,4.6028,0.0000,0.0985,4.5983,0.1784,4.4199,NA,NA,NA,NA,NA,NA,NA
python.exe,1968,0x0,Other,0,0,1,Hardware: Legacy Flip,2026-8-20 19:22:28.969894000,6.7662,6.7662,0.0000,0.0988,6.6800,0.0485,6.6315,7.7668,12.8912,-6.2322,3732.8994,NA,NA,NA
python.exe,1968,0x0,Other,-1,0,0,Composed: Copy with GPU GDI,2026-8-20 19:22:28.976660200,1.3376,1.3376,0.0000,0.0126,1.4271,1.1078,0.3193,13.8918,2.7138,-6.1250,3739.6656,NA,NA,NA
python.exe,1968,0x0,Other,-1,0,0,Composed: Copy with GPU GDI,2026-8-20 19:22:28.977997800,4.4560,4.4560,0.0000,0.1061,4.4460,0.1790,4.2670,NA,NA,NA,NA,NA,NA,NA
python.exe,1968,0x0,Other,-1,0,0,Composed: Copy with GPU GDI,2026-8-20 19:22:28.982453800,7.0496,7.0496,0.0000,0.1006,7.0663,0.1827,6.8836,NA,NA,NA,NA,NA,NA,NA
python.exe,1968,0x0,Other,0,0,1,Hardware: Legacy Flip,2026-8-20 19:22:28.989503400,2.7537,2.7537,0.0000,0.1218,2.6695,0.0696,2.5999,3.7624,15.4874,10.1294,3752.5088,NA,NA,NA
python.exe,1968,0x0,Other,-1,0,0,Composed: Copy with GPU GDI,2026-8-20 19:22:28.992257100,2.3221,2.3221,0.0000,0.0376,2.3770,1.0957,1.2813,16.4961,2.8190,-12.7337,3755.2625,NA,NA,NA
python.exe,1968,0x0,Other,-1,0,0,Composed: Copy with GPU GDI,2026-8-20 19:22:28.994579200,6.2656,6.2656,0.0000,0.0965,6.2637,0.1760,6.0877,NA,NA,NA,NA,NA,NA,NA
python.exe,1968,0x0,Other,-1,0,0,Composed: Copy with GPU GDI,2026-8-20 19:22:29.000844800,9.2881,9.2881,0.0000,0.0997,9.2861,0.1857,9.1004,NA,NA,NA,NA,NA,NA,NA
python.exe,1968,0x0,Other,0,0,1,Hardware: Legacy Flip,2026-8-20 19:22:29.010132900,0.3982,0.3982,0.0000,0.1012,0.3366,0.0765,0.2601,1.4393,9.3202,15.0568,3773.1383,NA,NA,NA
python.exe,1968,0x0,Other,-1,0,0,Composed: Copy with GPU GDI,2026-8-20 19:22:29.010531100,1.7678,1.7678,0.0000,0.0396,1.8487,1.1350,0.7137,10.3613,5.7207,-8.9220,3773.5365,NA,NA,NA
python.exe,1968,0x0,Other,-1,0,0,Composed: Copy with GPU GDI,2026-8-20 19:22:29.012298900,8.8123,8.8123,0.0000,0.1241,8.7526,0.2047,8.5479,NA,NA,NA,NA,NA,NA,NA
python.exe,1968,0x0,Other,-1,0,0,Composed: Copy with GPU GDI,2026-8-20 19:22:29.021111200,3.3368,3.3368,0.0000,0.0620,3.3690,0.1780,3.1910,NA,NA,NA,NA,NA,NA,NA
python.exe,1968,0x0,Other,0,0,1,Hardware: Legacy Flip,2026-8-20 19:22:29.024448000,1.1091,1.1091,0.0000,0.0994,1.0213,0.0463,0.9750,2.1651,17.9891,8.1962,3787.4534,NA,NA,NA
python.exe,1968,0x0,Other,-1,0,0,Composed: Copy with GPU GDI,2026-8-20 19:22:29.025557100,6.6935,6.6935,0.0000,0.0116,6.7827,1.1634,5.6193,NA,NA,NA,NA,NA,NA,NA
python.exe,1968,0x0,Other,-1,0,0,Composed: Copy with GPU GDI,2026-8-20 19:22:29.032250600,4.3227,4.3227,0.0000,0.1046,4.3129,0.1751,4.1378,NA,NA,NA,NA,NA,NA,NA
python.exe,1968,0x0,Other,-1,0,0,Composed: Copy with GPU GDI,2026-8-20 19:22:29.036573300,6.6019,6.6019,0.0000,0.0996,6.5955,0.1695,6.4260,NA,NA,NA,NA,NA,NA,NA
python.exe,1968,0x0,Other,0,0,1,Hardware: Legacy Flip,2026-8-20 19:22:29.043175200,0.3718,0.3718,0.0000,0.0968,0.3093,0.0654,0.2439,1.4270,17.0079,0.7381,3806.1806,NA,NA,NA
python.exe,1968,0x0,Other,-1,0,0,Composed: Copy with GPU GDI,2026-8-20 19:22:29.043547000,6.6016,6.6016,0.0000,0.0343,6.6643,1.1509,5.5134,NA,NA,NA,NA,NA,NA,NA
python.exe,1968,0x0,Other,-1,0,0,Composed: Copy with GPU GDI,2026-8-20 19:22:29.050148600,6.0440,6.0440,0.0000,0.1013,6.0330,0.1784,5.8546,NA,NA,NA,NA,NA,NA,NA
python.exe,1968,0x0,Other,0,0,1,Hardware: Legacy Flip,2026-8-20 19:22:29.056192600,4.3617,4.3617,0.0000,0.0954,4.2796,0.0551,4.2245,5.4175,13.8754,-3.9905,3819.1980,NA,NA,NA
python.exe,1968,0x0,Other,-1,0,0,Composed: Copy with GPU GDI,2026-8-20 19:22:29.060554300,0.6208,0.6208,0.0000,0.0133,1.1531,1.1531,0.0000,14.9312,2.8069,-9.5137,3823.5597,NA,NA,NA
python.exe,1968,0x0,Other,-1,0,0,Composed: Copy with GPU GDI,2026-8-20 19:22:29.061175100,7.0998,7.0998,0.0000,0.5488,6.6557,0.1709,6.4848,NA,NA,NA,NA,NA,NA,NA
python.exe,1968,0x0,Other,-1,0,0,Composed: Copy with GPU GDI,2026-8-20 19:22:29.068274900,8.5440,8.5440,0.0000,0.1090,8.5412,0.1824,8.3588,NA,NA,NA,NA,NA,NA,NA
python.exe,1968,0x0,Other,0,0,1,Hardware: Legacy Flip,2026-8-20 19:22:29.076818900,0.4153,0.4153,0.0000,0.1104,0.3170,0.0466,0.2704,1.4735,9.3364,13.4577,3839.8243,NA,NA,NA
python.exe,1968,0x0,Other,-1,0,0,Composed: Copy with GPU GDI,2026-8-20 19:22:29.077234200,1.5547,1.5547,0.0000,0.0121,1.6627,1.1808,0.4819,10.3946,6.0055,-8.9211,3840.2396,NA,NA,NA
python.exe,1968,0x0,Other,-1,0,0,Composed: Copy with GPU GDI,2026-8-20 19:22:29.078788900,9.0118,9.0118,0.0000,0.1237,8.9645,0.1689,8.7956,NA,NA,NA,NA,NA,NA,NA
python.exe,1968,0x0,Other,-1,0,0,Composed: Copy with GPU GDI,2026-8-20 19:22:29.087800700,3.1551,3.1551,0.0000,0.0800,3.1693,0.1757,2.9936,NA,NA,NA,NA,NA,NA,NA
python.exe,1968,0x0,Other,0,0,1,Hardware: Legacy Flip,2026-8-20 19:22:29.090955800,1.6186,1.6186,0.0000,0.0993,1.5304,0.0410,1.4894,2.6785,17.2099,7.7161,3853.9612,NA,NA,NA
python.exe,1968,0x0,Other,-1,0,0,Composed: Copy with GPU GDI,2026-8-20 19:22:29.092574400,5.9506,5.9506,0.0000,0.0111,6.0539,1.1878,4.8661,NA,NA,NA,NA,NA,NA,NA
python.exe,1968,0x0,Other,-1,0,0,Composed: Copy with GPU GDI,2026-8-20 19:22:29.098525000,4.4482,4.4482,0.0000,0.1183,4.4458,0.1826,4.2632,NA,NA,NA,NA,NA,NA,NA
python.exe,1968,0x0,Other,0,0,1,Hardware: Legacy Flip,2026-8-20 19:22:29.102973200,6.7997,6.7997,0.0000,0.1193,6.7168,0.0685,6.6483,7.8710,13.1753,-5.1925,3865.9786,NA,NA,NA
python.exe,1968,0x0,Other,-1,0,0,Composed: Copy with GPU GDI,2026-8-20 19:22:29.109772900,0.2561,0.2561,0.0000,0.0364,1.1288,1.1288,0.0000,14.2466,2.9319,-6.3756,3872.7783,NA,NA,NA
python.exe,1968,0x0,Other,-1,0,0,Composed: Copy with GPU GDI,2026-8-20 19:22:29.110029000,5.5893,5.5893,0.0000,0.9124,4.7757,0.1797,4.5960,NA,NA,NA,NA,NA,NA,NA
python.exe,1968,0x0,Other,-1,0,0,Composed: Copy with GPU GDI,2026-8-20 19:22:29.115618300,5.9873,5.9873,0.0000,0.1035,5.9917,0.1744,5.8173,NA,NA,NA,NA,NA,NA,NA
python.exe,1968,0x0,Other,0,0,1,Hardware: Legacy Flip,2026-8-20 19:22:29.121605600,4.2794,4.2794,0.0000,0.1125,4.2023,0.0664,4.1359,5.3458,15.2661,8.9008,3884.6110,NA,NA,NA
python.exe,1968,0x0,Other,-1,0,0,Composed: Copy with GPU GDI,2026-8-20 19:22:29.125885000,2.2237,2.2237,0.0000,0.0354,2.3086,1.1564,1.1522,16.3325,2.5851,-10.9867,3888.8904,NA,NA,NA
python.exe,1968,0x0,Other,-1,0,0,Composed: Copy with GPU GDI,2026-8-20 19:22:29.128108700,6.6367,6.6367,0.0000,0.1240,6.6072,0.1756,6.4316,NA,NA,NA,NA,NA,NA,NA
python.exe,1968,0x0,Other,-1,0,0,Composed: Copy with GPU GDI,2026-8-20 19:22:29.134745400,4.4625,4.4625,0.0000,0.0999,4.4785,0.1815,4.2970,NA,NA,NA,NA,NA,NA,NA
python.exe,1968,0x0,Other,0,0,1,Hardware: Legacy Flip,2026-8-20 19:22:29.139207900,4.5518,4.5518,0.0000,0.1195,4.4724,0.0893,4.3831,5.5947,15.6142,10.7378,3902.2133,NA,NA,NA
python.exe,1968,0x0,Other,-1,0,0,Composed: Copy with GPU GDI,2026-8-20 19:22:29.143759700,1.9897,1.9897,0.0000,0.0401,2.0690,1.1383,0.9307,16.6571,1.0187,-11.0624,3906.7651,NA,NA,NA
python.exe,1968,0x0,Other,-1,0,0,Composed: Copy with GPU GDI,2026-8-20 19:22:29.145749400,8.9433,8.9433,0.0000,0.1233,8.9318,0.1797,8.7521,NA,NA,NA,NA,NA,NA,NA
python.exe,1968,0x0,Other,-1,0,0,Composed: Copy with GPU GDI,2026-8-20 19:22:29.154692700,5.2724,5.2724,0.0000,0.1160,5.2159,0.1720,5.0439,NA,NA,NA,NA,NA,NA,NA
python.exe,1968,0x0,Other,0,0,1,Hardware: Legacy Flip,2026-8-20 19:22:29.159965100,0.4168,0.4168,0.0000,0.0644,0.3649,0.0469,0.3180,1.4704,16.3722,15.1867,3922.9705,NA,NA,NA
python.exe,1968,0x0,Other,-1,0,0,Composed: Copy with GPU GDI,2026-8-20 19:22:29.160381900,5.0104,5.0104,0.0000,0.0125,5.1135,1.1800,3.9335,NA,NA,NA,NA,NA,NA,NA
python.exe,1968,0x0,Other,-1,0,0,Composed: Copy with GPU GDI,2026-8-20 19:22:29.165392300,5.6437,5.6437,0.0000,0.1194,5.6183,0.1756,5.4427,NA,NA,NA,NA,NA,NA,NA
python.exe,1968,0x0,Other,0,0,1,Hardware: Legacy Flip,2026-8-20 19:22:29.171036000,5.6945,5.6945,0.0000,0.0989,5.6077,0.0505,5.5572,6.7717,12.9425,-5.3013,3934.0414,NA,NA,NA
python.exe,1968,0x0,Other,-1,0,0,Composed: Copy with GPU GDI,2026-8-20 19:22:29.176730500,0.3026,0.3026,0.0000,0.0121,1.1531,1.1531,0.0000,14.0197,3.2657,-7.2480,3939.7359,NA,NA,NA
python.exe,1968,0x0,Other,-1,0,0,Composed: Copy with GPU GDI,2026-8-20 19:22:29.177033100,5.0453,5.0453,0.0000,0.8654,4.2966,0.1850,4.1116,NA,NA,NA,NA,NA,NA,NA
python.exe,1968,0x0,Other,-1,0,0,Composed: Copy with GPU GDI,2026-8-20 19:22:29.182078400,6.0372,6.0372,0.0000,0.1201,6.0313,0.1788,5.8525,NA,NA,NA,NA,NA,NA,NA
python.exe,1968,0x0,Other,0,0,1,Hardware: Legacy Flip,2026-8-20 19:22:29.188115600,4.8395,4.8395,0.0000,0.1178,4.7349,0.0492,4.6857,5.9003,14.9358,8.1194,3951.1210,NA,NA,NA
python.exe,1968,0x0,Other,-1,0,0,Composed: Copy with GPU GDI,2026-8-20 19:22:29.192955100,0.6829,0.6829,0.0000,0.0132,1.1590,1.1590,0.0000,15.9966,2.6311,-10.0963,3955.9605,NA,NA,NA
python.exe,1968,0x0,Other,-1,0,0,Composed: Copy with GPU GDI,2026-8-20 19:22:29.193638000,7.0475,7.0475,0.0000,0.4927,6.6480,0.1758,6.4722,NA,NA,NA,NA,NA,NA,NA
python.exe,1968,0x0,Other,-1,0,0,Composed: Copy with GPU GDI,2026-8-20 19:22:29.200685500,9.3309,9.3309,0.0000,0.0982,9.3057,0.1740,9.1317,NA,NA,NA,NA,NA,NA,NA
python.exe,1968,0x0,Other,0,0,1,Hardware: Legacy Flip,2026-8-20 19:22:29.210016400,0.3811,0.3811,0.0000,0.0783,0.3439,0.0744,0.2695,1.5664,9.5713,14.4302,3973.0218,NA,NA,NA
python.exe,1968,0x0,Other,-1,0,0,Composed: Copy with GPU GDI,2026-8-20 19:22:29.210397500,2.9554,2.9554,0.0000,0.0411,3.0305,1.2725,1.7580,10.7566,6.1815,-9.1902,3973.4029,NA,NA,NA
python.exe,1968,0x0,Other,-1,0,0,Composed: Copy with GPU GDI,2026-8-20 19:22:29.213352900,7.7063,7.7063,0.0000,0.1197,7.7486,0.2378,7.5108,NA,NA,NA,NA,NA,NA,NA
python.exe,1968,0x0,Other,-1,0,0,Composed: Copy with GPU GDI,2026-8-20 19:22:29.221059200,3.9312,3.9312,0.0000,0.1649,3.8814,0.1805,3.7009,NA,NA,NA,NA,NA,NA,NA
python.exe,1968,0x0,Other,0,0,1,Hardware: Legacy Flip,2026-8-20 19:22:29.224990400,1.2441,1.2441,0.0000,0.1185,1.1372,0.0467,1.0905,2.3452,17.2671,8.4114,3987.9958,NA,NA,NA
python.exe,1968,0x0,Other,-1,0,0,Composed: Copy with GPU GDI,2026-8-20 19:22:29.226234500,6.0684,6.0684,0.0000,0.0116,6.1584,1.2024,4.9560,NA,NA,NA,NA,NA,NA,NA
python.exe,1968,0x0,Other,-1,0,0,Composed: Copy with GPU GDI,2026-8-20 19:22:29.232302900,4.9422,4.9422,0.0000,0.1051,4.9530,0.1810,4.7720,NA,NA,NA,NA,NA,NA,NA
python.exe,1968,0x0,Other,0,0,1,Hardware: Legacy Flip,2026-8-20 19:22:29.237245100,6.2848,6.2848,0.0000,0.1193,6.2012,0.0669,6.1343,7.3576,12.8841,-5.0124,4000.2505,NA,NA,NA
python.exe,1968,0x0,Other,-1,0,0,Composed: Copy with GPU GDI,2026-8-20 19:22:29.243529900,0.2620,0.2620,0.0000,0.0357,1.1539,1.1539,0.0000,13.9569,3.2582,-6.5993,4006.5353,NA,NA,NA
python.exe,1968,0x0,Other,-1,0,0,Composed: Copy with GPU GDI,2026-8-20 19:22:29.243791900,5.0267,5.0267,0.0000,0.9308,4.1922,0.1805,4.0117,NA,NA,NA,NA,NA,NA,NA
python.exe,1968,0x0,Other,-1,0,0,Composed: Copy with GPU GDI,2026-8-20 19:22:29.248818600,6.5354,6.5354,0.0000,0.1009,6.5348,0.1648,6.3700,NA,NA,NA,NA,NA,NA,NA
python.exe,1968,0x0,Other,0,0,1,Hardware: Legacy Flip,2026-8-20 19:22:29.255354000,4.3190,4.3190,0.0000,0.1039,4.2273,0.0449,4.1824,5.3910,14.9441,8.5659,4018.3594,NA,NA,NA
python.exe,1968,0x0,Other,-1,0,0,Composed: Copy with GPU GDI,2026-8-20 19:22:29.259673000,0.6759,0.6759,0.0000,0.0122,1.1783,1.1783,0.0000,16.0161,2.3833,-10.6251,4022.6784,NA,NA,NA
python.exe,1968,0x0,Other,-1,0,0,Composed: Copy with GPU GDI,2026-8-20 19:22:29.260348900,7.9376,7.9376,0.0000,0.5182,7.5153,0.1724,7.3429,NA,NA,NA,NA,NA,NA,NA
python.exe,1968,0x0,Other,-1,0,0,Composed: Copy with GPU GDI,2026-8-20 19:22:29.268286500,5.2452,5.2452,0.0000,0.1001,5.2409,0.1755,5.0654,NA,NA,NA,NA,NA,NA,NA
python.exe,1968,0x0,Other,0,0,1,Hardware: Legacy Flip,2026-8-20 19:22:29.273531700,3.3406,3.3406,0.0000,0.1008,3.2802,0.0751,3.2051,4.5407,15.7198,11.4754,4036.5371,NA,NA,NA
python.exe,1968,0x0,Other,-1,0,0,Composed: Copy with GPU GDI,2026-8-20 19:22:29.276872300,3.6959,3.6959,0.0000,0.0404,3.7547,1.2920,2.4627,NA,NA,NA,NA,NA,NA,NA
python.exe,1968,0x0,Other,-1,0,0,Composed: Copy with GPU GDI,2026-8-20 19:22:29.280568200,7.0711,7.0711,0.0000,0.1039,7.0867,0.1818,6.9049,NA,NA,NA,NA,NA,NA,NA
python.exe,1968,0x0,Other,-1,0,0,Composed: Copy with GPU GDI,2026-8-20 19:22:29.287639300,4.6252,4.6252,0.0000,0.1232,4.5970,0.1786,4.4184,NA,NA,NA,NA,NA,NA,NA
python.exe,1968,0x0,Other,0,0,1,Hardware: Legacy Flip,2026-8-20 19:22:29.292264500,0.4635,0.4635,0.0000,0.1014,0.3731,0.0476,0.3255,1.5277,17.3703,3.0130,4055.2699,NA,NA,NA
python.exe,1968,0x0,Other,-1,0,0,Composed: Copy with GPU GDI,2026-8-20 19:22:29.292728000,5.8187,5.8187,0.0000,0.0110,5.9320,1.1951,4.7369,NA,NA,NA,NA,NA,NA,NA
python.exe,1968,0x0,Other,-1,0,0,Composed: Copy with GPU GDI,2026-8-20 19:22:29.298546700,5.1285,5.1285,0.0000,0.1274,5.0973,0.1740,4.9233,NA,NA,NA,NA,NA,NA,NA
python.exe,1968,0x0,Other,0,0,1,Hardware: Legacy Flip,2026-8-20 19:22:29.303675200,6.3542,6.3542,0.0000,0.1012,6.2878,0.0715,6.2163,7.4873,22.2521,-5.9596,4066.6806,NA,NA,NA
python.exe,1968,0x0,Other,-1,0,0,Composed: Copy with GPU GDI,2026-8-20 19:22:29.310029400,16.4947,16.4947,0.0000,0.0348,16.5256,1.2069,15.3187,NA,NA,NA,NA,NA,NA,NA
python.exe,1968,0x0,Other,-1,0,0,Composed: Copy with GPU GDI,2026-8-20 19:22:29.326524100,1.5042,1.5042,0.0000,0.0692,1.4937,0.1072,1.3865,NA,NA,NA,NA,NA,NA,NA
python.exe,1968,0x0,Other,-1,0,0,Composed: Copy with GPU GDI,2026-8-20 19:22:29.328028300,0.2974,0.2974,0.0000,0.0641,0.2814,0.0936,0.1878,NA,NA,NA,NA,NA,NA,NA
python.exe,1968,0x0,Other,0,0,1,Hardware: Legacy Flip,2026-8-20 19:22:29.328325700,3.9957,3.9957,0.0000,0.0508,3.9836,0.0726,3.9110,5.0889,11.6407,2.3984,4091.3311,NA,NA,NA
python.exe,1968,0x0,Other,-1,0,0,Composed: Copy with GPU GDI,2026-8-20 19:22:29.332321400,1.0233,1.0233,0.0000,0.0387,1.1406,1.1406,0.0000,NA,NA,NA,NA,NA,NA,NA
python.exe,1968,0x0,Other,-1,0,0,Composed: Copy with GPU GDI,2026-8-20 19:22:29.333344700,9.9915,9.9915,0.0000,0.1597,9.9305,0.1816,9.7489,NA,NA,NA,NA,NA,NA,NA
python.exe,1968,0x0,Other,0,0,1,Hardware: Legacy Flip,2026-8-20 19:22:29.343336200,0.4964,0.4964,0.0000,0.1018,0.4132,0.0500,0.3632,1.7191,9.4990,3.3698,4106.3416,NA,NA,NA
python.exe,1968,0x0,Other,-1,0,0,Composed: Copy with GPU GDI,2026-8-20 19:22:29.343832600,2.1337,2.1337,0.0000,0.0186,2.2321,1.3376,0.8945,10.7217,5.8250,-9.0026,4106.8380,NA,NA,NA
python.exe,1968,0x0,Other,-1,0,0,Composed: Copy with GPU GDI,2026-8-20 19:22:29.345966300,8.3921,8.3921,0.0000,0.1210,8.3892,0.1860,8.2032,NA,NA,NA,NA,NA,NA,NA
python.exe,1968,0x0,Other,-1,0,0,Composed: Copy with GPU GDI,2026-8-20 19:22:29.354358400,3.2629,3.2629,0.0000,0.1217,3.2335,0.1749,3.0586,NA,NA,NA,NA,NA,NA,NA
python.exe,1968,0x0,Other,0,0,1,Hardware: Legacy Flip,2026-8-20 19:22:29.357621300,1.6499,1.6499,0.0000,0.0959,1.5652,0.0438,1.5214,2.7580,17.5299,7.9637,4120.6267,NA,NA,NA
python.exe,1968,0x0,Other,-1,0,0,Composed: Copy with GPU GDI,2026-8-20 19:22:29.359271200,6.3780,6.3780,0.0000,0.0112,6.4263,1.2259,5.2004,NA,NA,NA,NA,NA,NA,NA
python.exe,1968,0x0,Other,-1,0,0,Composed: Copy with GPU GDI,2026-8-20 19:22:29.365649200,4.0019,4.0019,0.0000,0.0632,4.0236,0.1711,3.8525,NA,NA,NA,NA,NA,NA,NA
python.exe,1968,0x0,Other,0,0,1,Hardware: Legacy Flip,2026-8-20 19:22:29.369651100,7.1841,7.1841,0.0000,0.0891,7.1369,0.0785,7.0584,8.2581,13.0523,-5.5001,4132.6565,NA,NA,NA
python.exe,1968,0x0,Other,-1,0,0,Composed: Copy with GPU GDI,2026-8-20 19:22:29.376835200,0.4154,0.4154,0.0000,0.0419,1.1461,1.1461,0.0000,14.1263,3.8190,-5.8682,4139.8406,NA,NA,NA
python.exe,1968,0x0,Other,-1,0,0,Composed: Copy with GPU GDI,2026-8-20 19:22:29.377250600,5.0242,5.0242,0.0000,0.7759,4.3409,0.1723,4.1686,NA,NA,NA,NA,NA,NA,NA
python.exe,1968,0x0,Other,-1,0,0,Composed: Copy with GPU GDI,2026-8-20 19:22:29.382274800,6.0947,6.0947,0.0000,0.0958,6.0966,0.1929,5.9037,NA,NA,NA,NA,NA,NA,NA
python.exe,1968,0x0,Other,0,0,1,Hardware: Legacy Flip,2026-8-20 19:22:29.388369500,4.4191,4.4191,0.0000,0.1010,4.3318,0.0553,4.2765,6.4110,14.3738,7.7153,4151.3749,NA,NA,NA
python.exe,1968,0x0,Other,-1,0,0,Composed: Copy with GPU GDI,2026-8-20 19:22:29.392788600,2.1288,2.1288,0.0000,0.0137,2.6056,2.5383,0.0673,16.3657,3.0161,-9.9547,4155.7940,NA,NA,NA
python.exe,1968,0x0,Other,-1,0,0,Composed: Copy with GPU GDI,2026-8-20 19:22:29.394917400,5.0327,5.0327,0.0000,0.4944,4.7125,0.2610,4.4515,NA,NA,NA,NA,NA,NA,NA
python.exe,1968,0x0,Other,-1,0,0,Composed: Copy with GPU GDI,2026-8-20 19:22:29.399950100,6.7835,6.7835,0.0000,0.1792,6.7388,0.2592,6.4796,NA,NA,NA,NA,NA,NA,NA
python.exe,1968,0x0,Other,0,0,1,Hardware: Legacy Flip,2026-8-20 19:22:29.406733600,3.4311,3.4311,0.0000,0.1395,3.3040,0.0462,3.2578,5.4368,15.1850,10.9289,4169.7390,NA,NA,NA
python.exe,1968,0x0,Other,-1,0,0,Composed: Copy with GPU GDI,2026-8-20 19:22:29.410164700,2.8957,2.8957,0.0000,0.0124,3.0701,2.2139,0.8562,17.1907,1.4354,-11.7539,4173.1701,NA,NA,NA
python.exe,1968,0x0,Other,-1,0,0,Composed: Copy with GPU GDI,2026-8-20 19:22:29.413060400,7.6205,7.6205,0.0000,0.1914,7.6142,0.2510,7.3632,NA,NA,NA,NA,NA,NA,NA
python.exe,1968,0x0,Other,-1,0,0,Composed: Copy with GPU GDI,2026-8-20 19:22:29.420680900,5.5845,5.5845,0.0000,0.1888,5.5832,0.2717,5.3115,NA,NA,NA,NA,NA,NA,NA
python.exe,1968,0x0,Other,0,0,1,Hardware: Legacy Flip,2026-8-20 19:22:29.426265400,0.5077,0.5077,0.0000,0.1933,0.3262,0.0448,0.2814,2.5254,16.7562,14.6653,4189.2708,NA,NA,NA
python.exe,1968,0x0,Other,-1,0,0,Composed: Copy with GPU GDI,2026-8-20 19:22:29.426773100,5.5829,5.5829,0.0000,0.0118,5.7570,2.2145,3.5425,18.7739,0.3311,-16.2485,4189.7785,NA,NA,NA
python.exe,1968,0x0,Other,-1,0,0,Composed: Copy with GPU GDI,2026-8-20 19:22:29.432356000,4.9375,4.9375,0.0000,0.1897,4.9225,0.2626,4.6599,NA,NA,NA,NA,NA,NA,NA
python.exe,1968,0x0,Other,-1,0,0,Composed: Copy with GPU GDI,2026-8-20 19:22:29.437293500,6.2999,6.2999,0.0000,0.1790,6.2851,0.2576,6.0275,NA,NA,NA,NA,NA,NA,NA
python.exe,1968,0x0,Other,0,0,1,Hardware: Legacy Flip,2026-8-20 19:22:29.443593400,0.2452,0.2452,0.0000,0.1679,0.0900,0.0475,0.0425,2.2847,16.2989,16.4892,4206.5988,NA,NA,NA
python.exe,1968,0x0,Other,-1,0,0,Composed: Copy with GPU GDI,2026-8-20 19:22:29.443838600,5.4103,5.4103,0.0000,0.0127,5.5955,2.2330,3.3625,NA,NA,NA,NA,NA,NA,NA
python.exe,1968,0x0,Other,-1,0,0,Composed: Copy with GPU GDI,2026-8-20 19:22:29.449248900,6.5004,6.5004,0.0000,0.2015,6.4775,0.2569,6.2206,NA,NA,NA,NA,NA,NA,NA
python.exe,1968,0x0,Other,0,0,1,Hardware: Legacy Flip,2026-8-20 19:22:29.455749300,4.3963,4.3963,0.0000,0.1835,4.2245,0.0442,4.1803,6.4277,13.7091,-4.1430,4218.7547,NA,NA,NA
python.exe,1968,0x0,Other,-1,0,0,Composed: Copy with GPU GDI,2026-8-20 19:22:29.460145600,1.2081,1.2081,0.0000,0.0117,2.2026,2.2026,0.0000,15.7405,3.2641,-9.3128,4223.1510,NA,NA,NA
python.exe,1968,0x0,Other,-1,0,0,Composed: Copy with GPU GDI,2026-8-20 19:22:29.461353700,7.0521,7.0521,0.0000,1.0090,6.2411,0.2645,5.9766,NA,NA,NA,NA,NA,NA,NA
python.exe,1968,0x0,Other,-1,0,0,Composed: Copy with GPU GDI,2026-8-20 19:22:29.468405800,5.1026,5.1026,0.0000,0.2018,5.0681,0.2497,4.8184,NA,NA,NA,NA,NA,NA,NA
python.exe,1968,0x0,Other,0,0,1,Hardware: Legacy Flip,2026-8-20 19:22:29.473508400,3.3990,3.3990,0.0000,0.1707,3.2409,0.0540,3.1869,5.6418,14.9354,10.0987,4236.5138,NA,NA,NA
python.exe,1968,0x0,Other,-1,0,0,Composed: Copy with GPU GDI,2026-8-20 19:22:29.476907400,3.0793,3.0793,0.0000,0.0126,3.2564,2.4243,0.8321,17.1782,1.1637,-11.5364,4239.9128,NA,NA,NA
python.exe,1968,0x0,Other,-1,0,0,Composed: Copy with GPU GDI,2026-8-20 19:22:29.479986700,7.8213,7.8213,0.0000,0.1934,7.7902,0.2518,7.5384,NA,NA,NA,NA,NA,NA,NA
python.exe,1968,0x0,Other,-1,0,0,Composed: Copy with GPU GDI,2026-8-20 19:22:29.487808000,4.9112,4.9112,0.0000,0.1661,4.9157,0.2589,4.6568,NA,NA,NA,NA,NA,NA,NA
python.exe,1968,0x0,Other,0,0,1,Hardware: Legacy Flip,2026-8-20 19:22:29.492719200,0.5361,0.5361,0.0000,0.1747,0.3753,0.0505,0.3248,2.5301,17.0357,14.6481,4255.7246,NA,NA,NA
python.exe,1968,0x0,Other,-1,0,0,Composed: Copy with GPU GDI,2026-8-20 19:22:29.493255300,5.8908,5.8908,0.0000,0.0139,6.0611,2.1846,3.8765,19.0297,0.7476,-16.4996,4256.2607,NA,NA,NA
python.exe,1968,0x0,Other,-1,0,0,Composed: Copy with GPU GDI,2026-8-20 19:22:29.499146100,4.5562,4.5562,0.0000,0.1882,4.5574,0.2609,4.2965,NA,NA,NA,NA,NA,NA,NA
python.exe,1968,0x0,Other,-1,0,0,Composed: Copy with GPU GDI,2026-8-20 19:22:29.503702300,7.0883,7.0883,0.0000,7.1823,0.0678,0.0678,0.0000,NA,NA,NA,NA,NA,NA,NA
python.exe,1968,0x0,Other,0,0,1,Hardware: Legacy Flip,2026-8-20 19:22:29.510790600,0.0807,0.0807,0.0000,0.0000,6.9881,0.1899,6.7982,2.2420,15.3216,16.7877,4273.7960,NA,NA,NA
python.exe,1968,0x0,Other,-1,0,0,Composed: Copy with GPU GDI,2026-8-20 19:22:29.510871300,4.9308,4.9308,0.0000,0.0811,5.0254,2.2800,2.7454,NA,NA,NA,NA,NA,NA,NA
python.exe,1968,0x0,Other,-1,0,0,Composed: Copy with GPU GDI,2026-8-20 19:22:29.515802100,6.1522,6.1522,0.0000,0.1791,6.1422,0.2490,5.8932,NA,NA,NA,NA,NA,NA,NA
python.exe,1968,0x0,Other,0,0,1,Hardware: Legacy Flip,2026-8-20 19:22:29.521954300,4.3356,4.3356,0.0000,0.1732,4.1760,0.0494,4.1266,6.3999,14.2691,-4.1579,4284.9597,NA,NA,NA
python.exe,1968,0x0,Other,-1,0,0,Composed: Copy with GPU GDI,2026-8-20 19:22:29.526289900,2.1891,2.1891,0.0000,0.0136,2.3528,2.2489,0.1039,16.3334,3.4007,-9.9335,4289.2953,NA,NA,NA
python.exe,1968,0x0,Other,-1,0,0,Composed: Copy with GPU GDI,2026-8-20 19:22:29.528479000,5.5166,5.5166,0.0000,0.1802,5.5162,0.2512,5.2650,NA,NA,NA,NA,NA,NA,NA
python.exe,1968,0x0,Other,-1,0,0,Composed: Copy with GPU GDI,2026-8-20 19:22:29.533995600,6.0590,6.0590,0.0000,0.1825,6.0581,0.2574,5.8007,NA,NA,NA,NA,NA,NA,NA
python.exe,1968,0x0,Other,0,0,1,Hardware: Legacy Flip,2026-8-20 19:22:29.540054600,3.8689,3.8689,0.0000,0.1851,3.7143,0.0682,3.6461,5.9694,14.7971,10.3640,4303.0600,NA,NA,NA
python.exe,1968,0x0,Other,-1,0,0,Composed: Copy with GPU GDI,2026-8-20 19:22:29.543923500,3.4056,3.4056,0.0000,0.0305,3.5582,2.2771,1.2811,16.8976,2.1577,-10.9282,4306.9289,NA,NA,NA
python.exe,1968,0x0,Other,-1,0,0,Composed: Copy with GPU GDI,2026-8-20 19:22:29.547329100,7.3057,7.3057,0.0000,0.1871,7.3174,0.3263,6.9911,NA,NA,NA,NA,NA,NA,NA
python.exe,1968,0x0,Other,-1,0,0,Composed: Copy with GPU GDI,2026-8-20 19:22:29.554634800,3.1589,3.1589,0.0000,0.2025,3.1258,0.2569,2.8689,NA,NA,NA,NA,NA,NA,NA
python.exe,1968,0x0,Other,0,0,1,Hardware: Legacy Flip,2026-8-20 19:22:29.557793700,3.0956,3.0956,0.0000,0.1727,2.9384,0.1135,2.8249,5.1851,16.0392,11.7125,4320.7991,NA,NA,NA
python.exe,1968,0x0,Other,-1,0,0,Composed: Copy with GPU GDI,2026-8-20 19:22:29.560889300,5.4831,5.4831,0.0000,0.0155,5.6073,2.2470,3.3603,18.1287,0.6093,-12.9436,4323.8947,NA,NA,NA
python.exe,1968,0x0,Other,-1,0,0,Composed: Copy with GPU GDI,2026-8-20 19:22:29.566372400,4.0286,4.0286,0.0000,0.1445,4.0825,0.2816,3.8009,NA,NA,NA,NA,NA,NA,NA
python.exe,1968,0x0,Other,0,0,1,Hardware: Legacy Flip,2026-8-20 19:22:29.570401000,7.1187,7.1187,0.0000,0.2020,6.9303,0.0519,6.8784,9.2263,11.5264,8.9024,4333.4064,NA,NA,NA
python.exe,1968,0x0,Other,-1,0,0,Composed: Copy with GPU GDI,2026-8-20 19:22:29.577519700,0.8844,0.8844,0.0000,0.0136,2.2604,2.2604,0.0000,NA,NA,NA,NA,NA,NA,NA
python.exe,1968,0x0,Other,-1,0,0,Composed: Copy with GPU GDI,2026-8-20 19:22:29.578404100,3.6064,3.6064,0.0000,1.3924,2.3984,0.2600,2.1384,12.7496,4.3601,-3.5233,4341.4095,NA,NA,NA
python.exe,1968,0x0,Other,-1,0,0,Composed: Copy with GPU GDI,2026-8-20 19:22:29.582010500,6.4875,6.4875,0.0000,0.1893,6.4682,0.2421,6.2261,NA,NA,NA,NA,NA,NA,NA
python.exe,1968,0x0,Other,0,0,1,Hardware: Legacy Flip,2026-8-20 19:22:29.588498000,4.9236,4.9236,0.0000,0.1740,4.7627,0.0499,4.7128,7.0158,13.8419,5.7338,4351.5034,NA,NA,NA
python.exe,1968,0x0,Other,-1,0,0,Composed: Copy with GPU GDI,2026-8-20 19:22:29.593421600,0.6049,0.6049,0.0000,0.0131,2.2677,2.2677,0.0000,15.9341,3.2753,-8.9183,4356.4270,NA,NA,NA
python.exe,1968,0x0,Other,-1,0,0,Composed: Copy with GPU GDI,2026-8-20 19:22:29.594026500,6.8261,6.8261,0.0000,1.6785,5.3169,0.2481,5.0688,NA,NA,NA,NA,NA,NA,NA
python.exe,1968,0x0,Other,-1,0,0,Composed: Copy with GPU GDI,2026-8-20 19:22:29.600852600,5.3354,5.3354,0.0000,0.1727,5.3345,0.2603,5.0742,NA,NA,NA,NA,NA,NA,NA
python.exe,1968,0x0,Other,0,0,1,Hardware: Legacy Flip,2026-8-20 19:22:29.606188000,4.3244,4.3244,0.0000,0.1768,4.1607,0.0476,4.1131,6.4430,14.9225,9.4911,4369.1934,NA,NA,NA
python.exe,1968,0x0,Other,-1,0,0,Composed: Copy with GPU GDI,2026-8-20 19:22:29.610512400,2.2047,2.2047,0.0000,0.0131,2.3125,2.3125,0.0000,17.0411,1.1401,-10.5981,4373.5178,NA,NA,NA
python.exe,1968,0x0,Other,-1,0,0,Composed: Copy with GPU GDI,2026-8-20 19:22:29.612717100,8.2945,8.2945,0.0000,0.1253,8.3298,0.2489,8.0809,NA,NA,NA,NA,NA,NA,NA
python.exe,1968,0x0,Other,-1,0,0,Composed: Copy with GPU GDI,2026-8-20 19:22:29.621011600,4.7635,4.7635,0.0000,0.1639,4.7707,0.2494,4.5213,NA,NA,NA,NA,NA,NA,NA
python.exe,1968,0x0,Other,0,0,1,Hardware: Legacy Flip,2026-8-20 19:22:29.625775100,0.8391,0.8391,0.0000,0.1748,0.6777,0.0479,0.6298,2.9185,17.0396,14.1226,4388.7805,NA,NA,NA
python.exe,1968,0x0,Other,-1,0,0,Composed: Copy with GPU GDI,2026-8-20 19:22:29.626614200,5.7350,5.7350,0.0000,0.0134,5.9049,2.2764,3.6285,19.1190,0.5673,-16.2005,4389.6196,NA,NA,NA
python.exe,1968,0x0,Other,-1,0,0,Composed: Copy with GPU GDI,2026-8-20 19:22:29.632349200,6.1855,6.1855,0.0000,0.1871,6.1846,0.2570,5.9276,NA,NA,NA,NA,NA,NA,NA
python.exe,1968,0x0,Other,-1,0,0,Composed: Copy with GPU GDI,2026-8-20 19:22:29.638534700,4.9016,4.9016,0.0000,0.1898,4.8859,0.2485,4.6374,NA,NA,NA,NA,NA,NA,NA
python.exe,1968,0x0,Other,0,0,1,Hardware: Legacy Flip,2026-8-20 19:22:29.643436300,0.7813,0.7813,0.0000,0.1774,0.6157,0.0480,0.5677,2.8642,15.6324,16.2548,4406.4417,NA,NA,NA
python.exe,1968,0x0,Other,-1,0,0,Composed: Copy with GPU GDI,2026-8-20 19:22:29.644217600,4.7751,4.7751,0.0000,0.0118,4.9322,2.2574,2.6748,NA,NA,NA,NA,NA,NA,NA
python.exe,1968,0x0,Other,-1,0,0,Composed: Copy with GPU GDI,2026-8-20 19:22:29.648992700,6.5103,6.5103,0.0000,0.1720,6.5184,0.2479,6.2705,NA,NA,NA,NA,NA,NA,NA
python.exe,1968,0x0,Other,0,0,1,Hardware: Legacy Flip,2026-8-20 19:22:29.655503000,4.3522,4.3522,0.0000,0.1836,4.1806,0.0445,4.1361,6.4299,14.1444,-3.5657,4418.5084,NA,NA,NA
python.exe,1968,0x0,Other,-1,0,0,Composed: Copy with GPU GDI,2026-8-20 19:22:29.659855200,1.8488,1.8488,0.0000,0.0120,2.2485,2.2485,0.0000,16.2221,2.8246,-9.7922,4422.8606,NA,NA,NA
python.exe,1968,0x0,Other,-1,0,0,Composed: Copy with GPU GDI,2026-8-20 19:22:29.661704000,5.9374,5.9374,0.0000,0.4147,5.6932,0.2468,5.4464,NA,NA,NA,NA,NA,NA,NA
python.exe,1968,0x0,Other,-1,0,0,Composed: Copy with GPU GDI,2026-8-20 19:22:29.667641400,5.5080,5.5080,0.0000,0.1741,5.5124,0.2580,5.2544,NA,NA,NA,NA,NA,NA,NA
python.exe,1968,0x0,Other,0,0,1,Hardware: Legacy Flip,2026-8-20 19:22:29.673149400,3.4623,3.4623,0.0000,0.1838,3.2953,0.0526,3.2427,5.7525,15.3626,10.4696,4436.1548,NA,NA,NA
python.exe,1968,0x0,Other,-1,0,0,Composed: Copy with GPU GDI,2026-8-20 19:22:29.676611700,3.0591,3.0591,0.0000,0.0168,3.2083,2.4707,0.7376,17.6528,0.4595,-11.9003,4439.6171,NA,NA,NA
python.exe,1968,0x0,Other,-1,0,0,Composed: Copy with GPU GDI,2026-8-20 19:22:29.679670800,7.9246,7.9246,0.0000,0.1695,7.9347,0.2525,7.6822,NA,NA,NA,NA,NA,NA,NA
python.exe,1968,0x0,Other,-1,0,0,Composed: Copy with GPU GDI,2026-8-20 19:22:29.687595400,4.1942,4.1942,0.0000,0.1831,4.1869,0.2538,3.9331,NA,NA,NA,NA,NA,NA,NA
python.exe,1968,0x0,Other,0,0,1,Hardware: Legacy Flip,2026-8-20 19:22:29.691789600,0.7838,0.7838,0.0000,0.1815,0.6160,0.0498,0.5662,2.9344,17.7538,14.7184,4454.7950,NA,NA,NA
python.exe,1968,0x0,Other,-1,0,0,Composed: Copy with GPU GDI,2026-8-20 19:22:29.692573400,6.5468,6.5468,0.0000,0.0137,6.7196,2.3365,4.3831,19.9044,0.4598,-16.9700,4455.5788,NA,NA,NA
python.exe,1968,0x0,Other,-1,0,0,Composed: Copy with GPU GDI,2026-8-20 19:22:29.699120200,4.7137,4.7137,0.0000,0.1903,4.6960,0.2462,4.4498,NA,NA,NA,NA,NA,NA,NA
python.exe,1968,0x0,Other,0,0,1,Hardware: Legacy Flip,2026-8-20 19:22:29.703833900,6.9422,6.9422,0.0000,0.1759,6.7810,0.0546,6.7264,9.1037,11.6848,10.8007,4466.8393,NA,NA,NA
python.exe,1968,0x0,Other,-1,0,0,Composed: Copy with GPU GDI,2026-8-20 19:22:29.710776100,0.2242,0.2242,0.0000,0.0147,2.3474,2.3474,0.0000,NA,NA,NA,NA,NA,NA,NA
python.exe,1968,0x0,Other,-1,0,0,Composed: Copy with GPU GDI,2026-8-20 19:22:29.711000300,5.0796,5.0796,0.0000,2.1418,3.1174,0.2718,2.8456,13.6221,5.2297,-4.5184,4474.0057,NA,NA,NA
python.exe,1968,0x0,Other,-1,0,0,Composed: Copy with GPU GDI,2026-8-20 19:22:29.716079900,5.5659,5.5659,0.0000,0.1849,5.5404,0.2537,5.2867,NA,NA,NA,NA,NA,NA,NA
python.exe,1968,0x0,Other,0,0,1,Hardware: Legacy Flip,2026-8-20 19:22:29.721645800,6.0448,6.0448,0.0000,0.1640,5.8960,0.0554,5.8406,8.2063,12.9641,5.4158,4484.6512,NA,NA,NA
python.exe,1968,0x0,Other,-1,0,0,Composed: Copy with GPU GDI,2026-8-20 19:22:29.727690600,0.3989,0.3989,0.0000,0.0152,2.3296,2.3296,0.0000,15.1256,3.6457,-6.9193,4490.6960,NA,NA,NA
python.exe,1968,0x0,Other,-1,0,0,Composed: Copy with GPU GDI,2026-8-20 19:22:29.728089500,6.0694,6.0694,0.0000,1.9502,4.2868,0.2629,4.0239,NA,NA,NA,NA,NA,NA,NA
python.exe,1968,0x0,Other,-1,0,0,Composed: Copy with GPU GDI,2026-8-20 19:22:29.734158900,9.5478,9.5478,0.0000,0.1703,9.5441,0.2584,9.2857,NA,NA,NA,NA,NA,NA,NA
python.exe,1968,0x0,Other,0,0,1,Hardware: Legacy Flip,2026-8-20 19:22:29.743706700,0.5068,0.5068,0.0000,0.1704,0.3509,0.0542,0.2967,2.7552,8.4848,12.3704,4506.7121,NA,NA,NA
python.exe,1968,0x0,Other,-1,0,0,Composed: Copy with GPU GDI,2026-8-20 19:22:29.744213500,1.9542,1.9542,0.0000,0.0145,2.3714,2.3714,0.0000,10.7332,7.4453,-7.9780,4507.2189,NA,NA,NA
python.exe,1968,0x0,Other,-1,0,0,Composed: Copy with GPU GDI,2026-8-20 19:22:29.746167700,8.4141,8.4141,0.0000,0.4350,8.1564,0.2583,7.8981,NA,NA,NA,NA,NA,NA,NA
python.exe,1968,0x0,Other,-1,0,0,Composed: Copy with GPU GDI,2026-8-20 19:22:29.754581800,3.2438,3.2438,0.0000,0.1809,3.2459,0.2603,2.9856,NA,NA,NA,NA,NA,NA,NA
python.exe,1968,0x0,Other,0,0,1,Hardware: Legacy Flip,2026-8-20 19:22:29.757825600,2.4008,2.4008,0.0000,0.1858,2.2293,0.0513,2.1780,4.5664,16.8316,6.1668,4520.8310,NA,NA,NA
python.exe,1968,0x0,Other,-1,0,0,Composed: Copy with GPU GDI,2026-8-20 19:22:29.760226400,5.7361,5.7361,0.0000,0.0143,5.8998,2.3598,3.5400,18.9972,0.8105,-14.4308,4523.2318,NA,NA,NA
python.exe,1968,0x0,Other,-1,0,0,Composed: Copy with GPU GDI,2026-8-20 19:22:29.765962500,5.1594,5.1594,0.0000,0.1816,5.1530,0.2619,4.8911,NA,NA,NA,NA,NA,NA,NA
python.exe,1968,0x0,Other,-1,0,0,Composed: Copy with GPU GDI,2026-8-20 19:22:29.771121900,6.4499,6.4499,0.0000,0.1800,6.4795,0.3113,6.1682,NA,NA,NA,NA,NA,NA,NA
python.exe,1968,0x0,Other,0,0,1,Hardware: Legacy Flip,2026-8-20 19:22:29.777571800,0.2973,0.2973,0.0000,0.2142,0.1240,0.0794,0.0446,2.4623,16.2350,16.5349,4540.5772,NA,NA,NA
python.exe,1968,0x0,Other,-1,0,0,Composed: Copy with GPU GDI,2026-8-20 19:22:29.777869100,4.7581,4.7581,0.0000,0.0409,4.8966,2.3203,2.5763,NA,NA,NA,NA,NA,NA,NA
python.exe,1968,0x0,Other,-1,0,0,Composed: Copy with GPU GDI,2026-8-20 19:22:29.782627200,7.1096,7.1096,0.0000,0.1833,7.1001,0.2576,6.8425,NA,NA,NA,NA,NA,NA,NA
python.exe,1968,0x0,Other,0,0,1,Hardware: Legacy Flip,2026-8-20 19:22:29.789736800,4.4092,4.4092,0.0000,0.1775,4.2459,0.0518,4.1941,6.5323,13.2907,-4.0700,4552.7422,NA,NA,NA
python.exe,1968,0x0,Other,-1,0,0,Composed: Copy with GPU GDI,2026-8-20 19:22:29.794146000,0.6355,0.6355,0.0000,0.0142,2.2831,2.2831,0.0000,15.4138,3.4865,-8.8815,4557.1514,NA,NA,NA
python.exe,1968,0x0,Other,-1,0,0,Composed: Copy with GPU GDI,2026-8-20 19:22:29.794781500,7.1052,7.1052,0.0000,1.6650,5.6043,0.2533,5.3510,NA,NA,NA,NA,NA,NA,NA
python.exe,1968,0x0,Other,-1,0,0,Composed: Copy with GPU GDI,2026-8-20 19:22:29.801886700,4.4866,4.4866,0.0000,0.1669,4.4975,0.2809,4.2166,NA,NA,NA,NA,NA,NA,NA
python.exe,1968,0x0,Other,0,0,1,Hardware: Legacy Flip,2026-8-20 19:22:29.806373300,4.5564,4.5564,0.0000,0.1828,4.3879,0.0580,4.3299,6.6730,14.7336,8.7408,4569.3787,NA,NA,NA
python.exe,1968,0x0,Other,-1,0,0,Composed: Copy with GPU GDI,2026-8-20 19:22:29.810929700,2.6828,2.6828,0.0000,0.0143,2.7949,2.3062,0.4887,16.8502,0.5769,-10.1772,4573.9351,NA,NA,NA
python.exe,1968,0x0,Other,-1,0,0,Composed: Copy with GPU GDI,2026-8-20 19:22:29.813612500,7.7404,7.7404,0.0000,0.1291,7.7876,0.2571,7.5305,NA,NA,NA,NA,NA,NA,NA
python.exe,1968,0x0,Other,-1,0,0,Composed: Copy with GPU GDI,2026-8-20 19:22:29.821352900,4.4374,4.4374,0.0000,0.1800,4.4390,0.2646,4.1744,NA,NA,NA,NA,NA,NA,NA
python.exe,1968,0x0,Other,0,0,1,Hardware: Legacy Flip,2026-8-20 19:22:29.825790300,0.5070,0.5070,0.0000,0.1875,0.3346,0.0561,0.2785,2.5665,17.5931,14.2837,4588.7957,NA,NA,NA
python.exe,1968,0x0,Other,-1,0,0,Composed: Copy with GPU GDI,2026-8-20 19:22:29.826297300,5.8971,5.8971,0.0000,0.0151,6.0604,2.2571,3.8033,19.6526,0.7530,-17.0861,4589.3027,NA,NA,NA
python.exe,1968,0x0,Other,-1,0,0,Composed: Copy with GPU GDI,2026-8-20 19:22:29.832194400,4.2536,4.2536,0.0000,0.1819,4.2547,0.2593,3.9954,NA,NA,NA,NA,NA,NA,NA
python.exe,1968,0x0,Other,-1,0,0,Composed: Copy with GPU GDI,2026-8-20 19:22:29.836448000,7.6677,7.6677,0.0000,0.1858,7.6538,0.2753,7.3785,NA,NA,NA,NA,NA,NA,NA
python.exe,1968,0x0,Other,0,0,1,Hardware: Legacy Flip,2026-8-20 19:22:29.844115700,0.4980,0.4980,0.0000,0.1756,0.3658,0.0848,0.2810,2.5872,15.5904,17.0654,4607.1211,NA,NA,NA
python.exe,1968,0x0,Other,-1,0,0,Composed: Copy with GPU GDI,2026-8-20 19:22:29.844613700,3.7652,3.7652,0.0000,0.0434,4.1032,2.4511,1.6521,NA,NA,NA,NA,NA,NA,NA
python.exe,1968,0x0,Other,-1,0,0,Composed: Copy with GPU GDI,2026-8-20 19:22:29.848378900,8.0080,8.0080,0.0000,0.3840,7.7869,0.2554,7.5315,NA,NA,NA,NA,NA,NA,NA
python.exe,1968,0x0,Other,0,0,1,Hardware: Legacy Flip,2026-8-20 19:22:29.856386900,3.8356,3.8356,0.0000,0.1664,3.6837,0.0560,3.6277,5.9064,13.9922,-3.3192,4619.3923,NA,NA,NA
python.exe,1968,0x0,Other,-1,0,0,Composed: Copy with GPU GDI,2026-8-20 19:22:29.860222500,0.6230,0.6230,0.0000,0.0145,2.7352,2.7352,0.0000,16.0630,3.3647,-10.1566,4623.2279,NA,NA,NA
python.exe,1968,0x0,Other,-1,0,0,Composed: Copy with GPU GDI,2026-8-20 19:22:29.860845500,7.0790,7.0790,0.0000,2.1310,5.1201,0.2545,4.8656,NA,NA,NA,NA,NA,NA,NA
python.exe,1968,0x0,Other,-1,0,0,Composed: Copy with GPU GDI,2026-8-20 19:22:29.867924500,5.4867,5.4867,0.0000,0.1762,5.4852,0.2560,5.2292,NA,NA,NA,NA,NA,NA,NA
python.exe,1968,0x0,Other,0,0,1,Hardware: Legacy Flip,2026-8-20 19:22:29.873411200,3.9663,3.9663,0.0000,0.1784,3.8068,0.0683,3.7385,6.2390,14.8301,9.8240,4636.4166,NA,NA,NA
python.exe,1968,0x0,Other,-1,0,0,Composed: Copy with GPU GDI,2026-8-20 19:22:29.877377500,2.6038,2.6038,0.0000,0.0189,2.8107,2.5106,0.3001,17.1028,0.2689,-10.8638,4640.3829,NA,NA,NA
python.exe,1968,0x0,Other,-1,0,0,Composed: Copy with GPU GDI,2026-8-20 19:22:29.879981300,7.9346,7.9346,0.0000,0.2277,7.8903,0.2646,7.6257,NA,NA,NA,NA,NA,NA,NA
python.exe,1968,0x0,Other,-1,0,0,Composed: Copy with GPU GDI,2026-8-20 19:22:29.887915900,4.2963,4.2963,0.0000,0.1863,4.2869,0.2591,4.0278,NA,NA,NA,NA,NA,NA,NA
python.exe,1968,0x0,Other,0,0,1,Hardware: Legacy Flip,2026-8-20 19:22:29.892212200,0.4346,0.4346,0.0000,0.1806,0.2670,0.0510,0.2160,2.5370,17.9322,14.5658,4655.2176,NA,NA,NA
python.exe,1968,0x0,Other,-1,0,0,Composed: Copy with GPU GDI,2026-8-20 19:22:29.892646800,6.3527,6.3527,0.0000,0.0130,6.5587,2.3286,4.2301,20.0346,0.3443,-17.4976,4655.6522,NA,NA,NA
python.exe,1968,0x0,Other,-1,0,0,Composed: Copy with GPU GDI,2026-8-20 19:22:29.898999500,4.6804,4.6804,0.0000,0.2229,4.6353,0.2585,4.3768,NA,NA,NA,NA,NA,NA,NA
python.exe,1968,0x0,Other,-1,0,0,Composed: Copy with GPU GDI,2026-8-20 19:22:29.903679900,6.7271,6.7271,0.0000,0.1821,6.7205,0.2718,6.4487,NA,NA,NA,NA,NA,NA,NA
python.exe,1968,0x0,Other,0,0,1,Hardware: Legacy Flip,2026-8-20 19:22:29.910407000,0.4977,0.4977,0.0000,0.1805,0.3315,0.0522,0.2793,2.6187,15.8015,17.4159,4673.4124,NA,NA,NA
python.exe,1968,0x0,Other,-1,0,0,Composed: Copy with GPU GDI,2026-8-20 19:22:29.910904700,4.4015,4.4015,0.0000,0.0143,4.5755,2.3251,2.2504,NA,NA,NA,NA,NA,NA,NA
python.exe,1968,0x0,Other,-1,0,0,Composed: Copy with GPU GDI,2026-8-20 19:22:29.915306200,7.0302,7.0302,0.0000,0.1934,7.0066,0.2682,6.7384,NA,NA,NA,NA,NA,NA,NA
python.exe,1968,0x0,Other,0,0,1,Hardware: Legacy Flip,2026-8-20 19:22:29.922336400,4.3615,4.3615,0.0000,0.1727,4.2049,0.0562,4.1487,6.4908,14.1913,-3.8721,4685.3418,NA,NA,NA
python.exe,1968,0x0,Other,-1,0,0,Composed: Copy with GPU GDI,2026-8-20 19:22:29.926697900,1.6041,1.6041,0.0000,0.0161,2.3287,2.3287,0.0000,16.3206,3.2216,-9.8298,4689.7033,NA,NA,NA
python.exe,1968,0x0,Other,-1,0,0,Composed: Copy with GPU GDI,2026-8-20 19:22:29.928302000,5.0449,5.0449,0.0000,0.7441,4.9684,0.7553,4.2131,NA,NA,NA,NA,NA,NA,NA
python.exe,1968,0x0,Other,-1,0,0,Composed: Copy with GPU GDI,2026-8-20 19:22:29.933346900,6.2058,6.2058,0.0000,0.6727,5.6885,0.2671,5.4214,NA,NA,NA,NA,NA,NA,NA
python.exe,1968,0x0,Other,0,0,1,Hardware: Legacy Flip,2026-8-20 19:22:29.939552700,4.4183,4.4183,0.0000,0.1583,4.2749,0.0550,4.2199,6.6874,14.9906,9.6332,4702.5581,NA,NA,NA
python.exe,1968,0x0,Other,-1,0,0,Composed: Copy with GPU GDI,2026-8-20 19:22:29.943971000,2.4413,2.4413,0.0000,0.0149,2.8019,2.6636,0.1383,17.2597,1.1760,-10.5723,4706.9764,NA,NA,NA
python.exe,1968,0x0,Other,-1,0,0,Composed: Copy with GPU GDI,2026-8-20 19:22:29.946412300,8.0638,8.0638,0.0000,0.3780,7.8644,0.2570,7.6074,NA,NA,NA,NA,NA,NA,NA
python.exe,1968,0x0,Other,-1,0,0,Composed: Copy with GPU GDI,2026-8-20 19:22:29.954476100,4.0406,4.0406,0.0000,0.1824,4.0442,0.2650,3.7792,NA,NA,NA,NA,NA,NA,NA
python.exe,1968,0x0,Other,0,0,1,Hardware: Legacy Flip,2026-8-20 19:22:29.958516700,1.7523,1.7523,0.0000,0.1898,1.5761,0.0492,1.5269,3.8900,17.0242,13.3697,4721.5221,NA,NA,NA
python.exe,1968,0x0,Other,-1,0,0,Composed: Copy with GPU GDI,2026-8-20 19:22:29.960269000,5.9833,5.9833,0.0000,0.0136,6.2642,2.4429,3.8213,19.1619,0.2071,-15.2719,4723.2744,NA,NA,NA
python.exe,1968,0x0,Other,-1,0,0,Composed: Copy with GPU GDI,2026-8-20 19:22:29.966252300,3.9276,3.9276,0.0000,0.2985,3.9314,0.3848,3.5466,NA,NA,NA,NA,NA,NA,NA
python.exe,1968,0x0,Other,0,0,1,Hardware: Legacy Flip,2026-8-20 19:22:29.970179900,7.2998,7.2998,0.0000,0.3053,7.0084,0.0558,6.9526,9.4581,11.9112,9.7038,4733.1853,NA,NA,NA
python.exe,1968,0x0,Other,-1,0,0,Composed: Copy with GPU GDI,2026-8-20 19:22:29.977479700,0.2718,0.2718,0.0000,0.0139,2.3195,2.3195,0.0000,NA,NA,NA,NA,NA,NA,NA
python.exe,1968,0x0,Other,-1,0,0,Composed: Copy with GPU GDI,2026-8-20 19:22:29.977751500,5.0045,5.0045,0.0000,2.0671,3.1067,0.2599,2.8468,13.7977,4.2401,-4.3396,4740.7569,NA,NA,NA
python.exe,1968,0x0,Other,-1,0,0,Composed: Copy with GPU GDI,2026-8-20 19:22:29.982756000,6.5733,6.5733,0.0000,0.1724,6.7125,0.3891,6.3234,NA,NA,NA,NA,NA,NA,NA
python.exe,1968,0x0,Other,0,0,1,Hardware: Legacy Flip,2026-8-20 19:22:29.989329300,4.3151,4.3151,0.0000,0.3148,4.0141,0.0527,3.9614,6.4600,13.9610,7.3377,4752.3347,NA,NA,NA
python.exe,1968,0x0,Other,-1,0,0,Composed: Copy with GPU GDI,2026-8-20 19:22:29.993644400,0.7826,0.7826,0.0000,0.0138,2.3113,2.3113,0.0000,16.1059,3.9801,-9.6459,4756.6498,NA,NA,NA
python.exe,1968,0x0,Other,-1,0,0,Composed: Copy with GPU GDI,2026-8-20 19:22:29.994427000,6.4192,6.4192,0.0000,1.5461,5.1652,0.3721,4.7931,NA,NA,NA,NA,NA,NA,NA
python.exe,1968,0x0,Other,-1,0,0,Composed: Copy with GPU GDI,2026-8-20 19:22:30.000846200,9.9883,9.9883,0.0000,0.2969,9.8647,0.2687,9.5960,NA,NA,NA,NA,NA,NA,NA
python.exe,1968,0x0,Other,0,0,1,Hardware: Legacy Flip,2026-8-20 19:22:30.010834500,0.6718,0.6718,0.0000,0.1772,0.5385,0.0809,0.4576,2.8959,8.1640,13.2100,4773.8399,NA,NA,NA
python.exe,1968,0x0,Other,-1,0,0,Composed: Copy with GPU GDI,2026-8-20 19:22:30.011506300,0.8742,0.8742,0.0000,0.0439,2.3533,2.3533,0.0000,10.3881,6.8113,-7.4922,4774.5117,NA,NA,NA
python.exe,1968,0x0,Other,-1,0,0,Composed: Copy with GPU GDI,2026-8-20 19:22:30.012380500,9.1418,9.1418,0.0000,1.5265,7.8960,0.3640,7.5320,NA,NA,NA,NA,NA,NA,NA
python.exe,1968,0x0,Other,-1,0,0,Composed: Copy with GPU GDI,2026-8-20 19:22:30.021522300,3.5108,3.5108,0.0000,0.2844,3.4042,0.2632,3.1410,NA,NA,NA,NA,NA,NA,NA
python.exe,1968,0x0,Other,0,0,1,Hardware: Legacy Flip,2026-8-20 19:22:30.025033100,1.3892,1.3892,0.0000,0.1805,1.2225,0.0503,1.1722,3.6726,17.4391,6.7155,4788.0385,NA,NA,NA
python.exe,1968,0x0,Other,-1,0,0,Composed: Copy with GPU GDI,2026-8-20 19:22:30.026422300,7.1813,7.1813,0.0000,0.0138,7.4610,2.6049,4.8561,19.7225,0.9568,-16.0499,4789.4277,NA,NA,NA
python.exe,1968,0x0,Other,-1,0,0,Composed: Copy with GPU GDI,2026-8-20 19:22:30.033603600,3.1133,3.1133,0.0000,0.2971,3.1075,0.3714,2.7361,NA,NA,NA,NA,NA,NA,NA
python.exe,1968,0x0,Other,0,0,1,Hardware: Legacy Flip,2026-8-20 19:22:30.036716900,8.1186,8.1186,0.0000,0.2944,7.8694,0.0986,7.7708,10.3847,11.1830,9.3378,4799.7223,NA,NA,NA
python.exe,1968,0x0,Other,-1,0,0,Composed: Copy with GPU GDI,2026-8-20 19:22:30.044835500,0.1683,0.1683,0.0000,0.0452,2.4290,2.4290,0.0000,NA,NA,NA,NA,NA,NA,NA
python.exe,1968,0x0,Other,-1,0,0,Composed: Copy with GPU GDI,2026-8-20 19:22:30.045003800,4.3180,4.3180,0.0000,2.3083,2.2969,0.3779,1.9190,13.2808,3.1030,-2.8961,4808.0092,NA,NA,NA
python.exe,1968,0x0,Other,-1,0,0,Composed: Copy with GPU GDI,2026-8-20 19:22:30.049321800,5.9132,5.9132,0.0000,0.2923,5.9102,0.3634,5.5468,NA,NA,NA,NA,NA,NA,NA
python.exe,1968,0x0,Other,0,0,1,Hardware: Legacy Flip,2026-8-20 19:22:30.055235000,3.9354,3.9354,0.0000,0.2991,3.6516,0.0552,3.5964,6.1526,15.1009,7.1282,4818.2404,NA,NA,NA
python.exe,1968,0x0,Other,-1,0,0,Composed: Copy with GPU GDI,2026-8-20 19:22:30.059170400,1.6092,1.6092,0.0000,0.0153,2.8741,2.8741,0.0000,17.3181,2.7007,-11.1655,4822.1758,NA,NA,NA
python.exe,1968,0x0,Other,-1,0,0,Composed: Copy with GPU GDI,2026-8-20 19:22:30.060779600,6.6034,6.6034,0.0000,1.2832,5.5146,0.2646,5.2500,NA,NA,NA,NA,NA,NA,NA
python.exe,1968,0x0,Other,-1,0,0,Composed: Copy with GPU GDI,2026-8-20 19:22:30.067383000,5.9763,5.9763,0.0000,0.1971,6.0727,0.3708,5.7019,NA,NA,NA,NA,NA,NA,NA
python.exe,1968,0x0,Other,0,0,1,Hardware: Legacy Flip,2026-8-20 19:22:30.073359300,3.4574,3.4574,0.0000,0.2962,3.1768,0.0530,3.1238,5.8299,15.5131,11.4882,4836.3647,NA,NA,NA
python.exe,1968,0x0,Other,-1,0,0,Composed: Copy with GPU GDI,2026-8-20 19:22:30.076816700,3.0715,3.0715,0.0000,0.0156,3.4026,2.7203,0.6823,17.8856,0.2897,-12.0557,4839.8221,NA,NA,NA
python.exe,1968,0x0,Other,-1,0,0,Composed: Copy with GPU GDI,2026-8-20 19:22:30.079888200,7.9693,7.9693,0.0000,0.3486,7.9247,0.3727,7.5520,NA,NA,NA,NA,NA,NA,NA
python.exe,1968,0x0,Other,-1,0,0,Composed: Copy with GPU GDI,2026-8-20 19:22:30.087857500,4.0950,4.0950,0.0000,0.3067,3.9286,0.2098,3.7188,NA,NA,NA,NA,NA,NA,NA
python.exe,1968,0x0,Other,0,0,1,Hardware: Legacy Flip,2026-8-20 19:22:30.091952500,0.7713,0.7713,0.0000,0.1439,0.6416,0.0535,0.5881,3.0395,17.6607,14.8461,4854.9579,NA,NA,NA
python.exe,1968,0x0,Other,-1,0,0,Composed: Copy with GPU GDI,2026-8-20 19:22:30.092723800,6.2157,6.2157,0.0000,0.0142,6.5038,2.5605,3.9433,NA,NA,NA,NA,NA,NA,NA
python.exe,1968,0x0,Other,-1,0,0,Composed: Copy with GPU GDI,2026-8-20 19:22:30.098939500,5.1453,5.1453,0.0000,0.3058,5.1373,0.3647,4.7726,NA,NA,NA,NA,NA,NA,NA
python.exe,1968,0x0,Other,0,0,1,Hardware: Legacy Flip,2026-8-20 19:22:30.104084800,6.3720,6.3720,0.0000,0.3004,6.0839,0.0453,6.0386,8.5679,12.3637,-5.5284,4867.0902,NA,NA,NA
python.exe,1968,0x0,Other,-1,0,0,Composed: Copy with GPU GDI,2026-8-20 19:22:30.110456800,0.5873,0.5873,0.0000,0.0123,2.4214,2.4214,0.0000,14.5596,3.8509,-5.9917,4873.4622,NA,NA,NA
python.exe,1968,0x0,Other,-1,0,0,Composed: Copy with GPU GDI,2026-8-20 19:22:30.111044100,5.1295,5.1295,0.0000,1.8500,3.5699,0.3774,3.1925,NA,NA,NA,NA,NA,NA,NA
python.exe,1968,0x0,Other,-1,0,0,Composed: Copy with GPU GDI,2026-8-20 19:22:30.116173600,6.4816,6.4816,0.0000,0.2955,6.4894,0.3755,6.1139,NA,NA,NA,NA,NA,NA,NA
python.exe,1968,0x0,Other,0,0,1,Hardware: Legacy Flip,2026-8-20 19:22:30.122655200,3.9152,3.9152,0.0000,0.3085,3.6205,0.0528,3.5677,6.2121,14.3443,8.3475,4885.6606,NA,NA,NA
python.exe,1968,0x0,Other,-1,0,0,Composed: Copy with GPU GDI,2026-8-20 19:22:30.126570400,0.6008,0.6008,0.0000,0.0138,2.9089,2.9089,0.0000,16.6412,3.8628,-10.4291,4889.5758,NA,NA,NA
python.exe,1968,0x0,Other,-1,0,0,Composed: Copy with GPU GDI,2026-8-20 19:22:30.127171200,6.0719,6.0719,0.0000,2.3258,3.9350,0.2569,3.6781,NA,NA,NA,NA,NA,NA,NA
python.exe,1968,0x0,Other,-1,0,0,Composed: Copy with GPU GDI,2026-8-20 19:22:30.133243100,10.8564,10.8564,0.0000,0.1925,10.8286,0.3082,10.5204,NA,NA,NA,NA,NA,NA,NA
python.exe,1968,0x0,Other,0,0,1,Hardware: Legacy Flip,2026-8-20 19:22:30.144099500,0.6391,0.6391,0.0000,0.1691,0.5100,0.0801,0.4299,2.9749,8.2656,13.6663,4907.1049,NA,NA,NA
python.exe,1968,0x0,Other,-1,0,0,Composed: Copy with GPU GDI,2026-8-20 19:22:30.144738600,1.6629,1.6629,0.0000,0.0400,2.7121,2.7121,0.0000,10.6014,6.6367,-7.6265,4907.7440,NA,NA,NA
python.exe,1968,0x0,Other,-1,0,0,Composed: Copy with GPU GDI,2026-8-20 19:22:30.146401500,7.7504,7.7504,0.0000,1.0923,6.9727,0.3888,6.5839,NA,NA,NA,NA,NA,NA,NA
python.exe,1968,0x0,Other,-1,0,0,Composed: Copy with GPU GDI,2026-8-20 19:22:30.154151900,4.3102,4.3102,0.0000,0.3172,4.2916,0.3641,3.9275,NA,NA,NA,NA,NA,NA,NA
python.exe,1968,0x0,Other,0,0,1,Hardware: Legacy Flip,2026-8-20 19:22:30.158462100,1.2367,1.2367,0.0000,0.3022,0.9460,0.0425,0.9035,3.5146,17.6292,7.0868,4921.4675,NA,NA,NA
python.exe,1968,0x0,Other,-1,0,0,Composed: Copy with GPU GDI,2026-8-20 19:22:30.159698800,5.8123,5.8123,0.0000,0.0115,6.1069,2.5801,3.5268,19.9071,0.2246,-16.3925,4922.7042,NA,NA,NA
python.exe,1968,0x0,Other,-1,0,0,Composed: Copy with GPU GDI,2026-8-20 19:22:30.165511100,4.5993,4.5993,0.0000,0.3088,4.4741,0.2609,4.2132,NA,NA,NA,NA,NA,NA,NA
python.exe,1968,0x0,Other,-1,0,0,Composed: Copy with GPU GDI,2026-8-20 19:22:30.170110400,7.1811,7.1811,0.0000,7.4219,0.0469,0.0469,0.0000,NA,NA,NA,NA,NA,NA,NA
python.exe,1968,0x0,Other,0,0,1,Hardware: Legacy Flip,2026-8-20 19:22:30.177291500,0.2272,0.2272,0.0000,0.0000,7.2352,0.3202,6.9150,2.5390,15.9637,17.3681,4940.2969,NA,NA,NA
python.exe,1968,0x0,Other,-1,0,0,Composed: Copy with GPU GDI,2026-8-20 19:22:30.177518700,4.6801,4.6801,0.0000,0.0605,4.9693,2.6090,2.3603,NA,NA,NA,NA,NA,NA,NA
python.exe,1968,0x0,Other,-1,0,0,Composed: Copy with GPU GDI,2026-8-20 19:22:30.182198800,7.0214,7.0214,0.0000,0.3527,6.8658,0.2648,6.6010,NA,NA,NA,NA,NA,NA,NA
python.exe,1968,0x0,Other,0,0,1,Hardware: Legacy Flip,2026-8-20 19:22:30.189220200,4.3781,4.3781,0.0000,0.1998,4.1910,0.0461,4.1449,6.5740,14.1639,-4.0350,4952.2256,NA,NA,NA
python.exe,1968,0x0,Other,-1,0,0,Composed: Copy with GPU GDI,2026-8-20 19:22:30.193598300,1.1299,1.1299,0.0000,0.0127,2.3793,2.3793,0.0000,16.3598,3.1176,-9.7858,4956.6037,NA,NA,NA
python.exe,1968,0x0,Other,-1,0,0,Composed: Copy with GPU GDI,2026-8-20 19:22:30.194728200,6.6472,6.6472,0.0000,1.2647,5.6740,0.3754,5.2986,NA,NA,NA,NA,NA,NA,NA
python.exe,1968,0x0,Other,-1,0,0,Composed: Copy with GPU GDI,2026-8-20 19:22:30.201375400,8.7399,8.7399,0.0000,0.2964,8.7614,0.4008,8.3606,NA,NA,NA,NA,NA,NA,NA
python.exe,1968,0x0,Other,0,0,1,Hardware: Legacy Flip,2026-8-20 19:22:30.210115300,0.7623,0.7623,0.0000,0.3233,0.4545,0.0568,0.3977,2.9604,8.9975,13.3994,4973.1207,NA,NA,NA
python.exe,1968,0x0,Other,-1,0,0,Composed: Copy with GPU GDI,2026-8-20 19:22:30.210877600,2.6244,2.6244,0.0000,0.0155,2.8972,2.4949,0.4023,11.1956,6.6572,-8.2352,4973.8830,NA,NA,NA
python.exe,1968,0x0,Other,-1,0,0,Composed: Copy with GPU GDI,2026-8-20 19:22:30.213502000,7.0059,7.0059,0.0000,0.2902,7.0155,0.3659,6.6496,NA,NA,NA,NA,NA,NA,NA
python.exe,1968,0x0,Other,-1,0,0,Composed: Copy with GPU GDI,2026-8-20 19:22:30.220507900,3.5143,3.5143,0.0000,0.3025,3.7260,0.5878,3.1382,NA,NA,NA,NA,NA,NA,NA
python.exe,1968,0x0,Other,0,0,1,Hardware: Legacy Flip,2026-8-20 19:22:30.224022200,2.4109,2.4109,0.0000,0.5172,1.9081,0.0630,1.8451,4.7082,17.4972,6.4874,4987.0276,NA,NA,NA
python.exe,1968,0x0,Other,-1,0,0,Composed: Copy with GPU GDI,2026-8-20 19:22:30.226433100,5.9630,5.9630,0.0000,0.0144,6.2758,2.6260,3.6498,NA,NA,NA,NA,NA,NA,NA
python.exe,1968,0x0,Other,-1,0,0,Composed: Copy with GPU GDI,2026-8-20 19:22:30.232396100,4.8991,4.8991,0.0000,0.3298,4.8627,0.3740,4.4887,NA,NA,NA,NA,NA,NA,NA
python.exe,1968,0x0,Other,0,0,1,Hardware: Legacy Flip,2026-8-20 19:22:30.237295200,6.5805,6.5805,0.0000,0.2983,6.2934,0.0434,6.2500,8.9324,12.2529,-4.2242,5000.3006,NA,NA,NA
python.exe,1968,0x0,Other,-1,0,0,Composed: Copy with GPU GDI,2026-8-20 19:22:30.243875700,0.3278,0.3278,0.0000,0.0112,2.6209,2.6209,0.0000,NA,NA,NA,NA,NA,NA,NA
python.exe,1968,0x0,Other,-1,0,0,Composed: Copy with GPU GDI,2026-8-20 19:22:30.244203500,5.7420,5.7420,0.0000,2.3096,3.7680,0.4239,3.3441,14.2770,4.6396,-5.3446,5007.2089,NA,NA,NA
python.exe,1968,0x0,Other,-1,0,0,Composed: Copy with GPU GDI,2026-8-20 19:22:30.249945500,5.4882,5.4882,0.0000,0.3403,5.3464,0.2678,5.0786,NA,NA,NA,NA,NA,NA,NA
python.exe,1968,0x0,Other,0,0,1,Hardware: Legacy Flip,2026-8-20 19:22:30.255433700,5.3568,5.3568,0.0000,0.2024,5.1662,0.0442,5.1220,7.6864,13.5702,6.5906,5018.4391,NA,NA,NA
python.exe,1968,0x0,Other,-1,0,0,Composed: Copy with GPU GDI,2026-8-20 19:22:30.260790500,0.6051,0.6051,0.0000,0.0118,2.4860,2.4860,0.0000,15.8998,2.7354,-8.2134,5023.7959,NA,NA,NA
python.exe,1968,0x0,Other,-1,0,0,Composed: Copy with GPU GDI,2026-8-20 19:22:30.261395600,5.5600,5.5600,0.0000,1.8978,3.8557,0.2661,3.5896,NA,NA,NA,NA,NA,NA,NA
python.exe,1968,0x0,Other,-1,0,0,Composed: Copy with GPU GDI,2026-8-20 19:22:30.266955600,6.5061,6.5061,0.0000,0.1961,6.5073,0.2696,6.2377,NA,NA,NA,NA,NA,NA,NA
python.exe,1968,0x0,Other,0,0,1,Hardware: Legacy Flip,2026-8-20 19:22:30.273461700,3.6522,3.6522,0.0000,0.2000,3.4654,0.0500,3.4154,5.9640,15.4530,9.9358,5036.4671,NA,NA,NA
python.exe,1968,0x0,Other,-1,0,0,Composed: Copy with GPU GDI,2026-8-20 19:22:30.277113900,2.4283,2.4283,0.0000,0.0132,2.8685,2.7658,0.1027,17.7648,0.1870,-11.8008,5040.1193,NA,NA,NA
python.exe,1968,0x0,Other,-1,0,0,Composed: Copy with GPU GDI,2026-8-20 19:22:30.279542200,8.1738,8.1738,0.0000,0.4555,8.0242,0.3733,7.6509,NA,NA,NA,NA,NA,NA,NA
python.exe,1968,0x0,Other,-1,0,0,Composed: Copy with GPU GDI,2026-8-20 19:22:30.287716000,4.3749,4.3749,0.0000,0.3086,4.4661,0.4640,4.0021,NA,NA,NA,NA,NA,NA,NA
python.exe,1968,0x0,Other,0,0,1,Hardware: Legacy Flip,2026-8-20 19:22:30.292090900,0.7435,0.7435,0.0000,0.4037,0.3513,0.0412,0.3101,2.9748,17.5993,14.7900,5055.0963,NA,NA,NA
python.exe,1968,0x0,Other,-1,0,0,Composed: Copy with GPU GDI,2026-8-20 19:22:30.292834400,6.1278,6.1278,0.0000,0.0115,6.4145,2.5311,3.8834,NA,NA,NA,NA,NA,NA,NA
python.exe,1968,0x0,Other,-1,0,0,Composed: Copy with GPU GDI,2026-8-20 19:22:30.298962200,4.1897,4.1897,0.0000,0.3018,4.0856,0.2623,3.8233,NA,NA,NA,NA,NA,NA,NA
python.exe,1968,0x0,Other,0,0,1,Hardware: Legacy Flip,2026-8-20 19:22:30.303151900,7.2770,7.2770,0.0000,0.2005,7.0884,0.0503,7.0381,9.5131,12.5540,-6.5383,5066.1573,NA,NA,NA
python.exe,1968,0x0,Other,-1,0,0,Composed: Copy with GPU GDI,2026-8-20 19:22:30.310428900,0.7758,0.7758,0.0000,0.0119,2.4146,2.4146,0.0000,14.7901,6.0614,-5.2770,5073.4343,NA,NA,NA
python.exe,1968,0x0,Other,-1,0,0,Composed: Copy with GPU GDI,2026-8-20 19:22:30.311204700,5.0651,5.0651,0.0000,1.6541,3.6112,0.2663,3.3449,20.0757,6.0694,-5.2856,5074.2101,NA,NA,NA
python.exe,1968,0x0,Other,-1,0,0,Composed: Copy with GPU GDI,2026-8-20 19:22:30.316269800,6.6094,6.6094,0.0000,0.2032,6.7125,0.3703,6.3422,21.0800,12.7693,-1.0043,5079.2752,NA,NA,NA
python.exe,1968,0x0,Other,-1,0,0,Composed: Copy with GPU GDI,2026-8-20 19:22:30.322879200,23.1258,23.1258,0.0000,0.3090,23.0730,0.3863,22.6867,NA,NA,NA,NA,NA,NA,NA
python.exe,1968,0x0,Other,-1,0,0,Composed: Copy with GPU GDI,2026-8-20 19:22:30.346005000,1.6058,1.6058,0.0000,1.8140,0.0457,0.0457,0.0000,NA,NA,NA,NA,NA,NA,NA
python.exe,1968,0x0,Other,0,0,1,Hardware: Legacy Flip,2026-8-20 19:22:30.347610800,0.1637,0.1637,0.0000,0.0000,1.5550,0.2808,1.2742,2.5083,2.3636,18.5717,5110.6162,NA,NA,NA
python.exe,1968,0x0,Other,-1,0,0,Composed: Copy with GPU GDI,2026-8-20 19:22:30.347774500,0.3498,0.3498,0.0000,2.3831,0.1259,0.1259,0.0000,NA,NA,NA,NA,NA,NA,NA
python.exe,1968,0x0,Other,0,0,1,Hardware: Legacy Flip,2026-8-20 19:22:30.348124300,0.3392,0.3392,0.0000,0.0000,2.2929,2.2929,0.0000,4.3584,9.5441,-1.8501,5111.1297,NA,NA,NA
python.exe,1968,0x0,Other,-1,0,0,Composed: Copy with GPU GDI,2026-8-20 19:22:30.348463500,4.6603,4.6603,0.0000,1.8200,3.4318,2.8300,0.6018,NA,NA,NA,NA,NA,NA,NA
python.exe,1968,0x0,Other,-1,0,0,Composed: Copy with GPU GDI,2026-8-20 19:22:30.353123800,5.4032,5.4032,0.0000,0.5956,5.0072,0.2699,4.7373,NA,NA,NA,NA,NA,NA,NA
python.exe,1968,0x0,Other,0,0,1,Hardware: Legacy Flip,2026-8-20 19:22:30.358527000,1.2237,1.2237,0.0000,0.2024,1.0324,0.0472,0.9852,3.4998,17.9562,0.8586,5121.5324,NA,NA,NA
python.exe,1968,0x0,Other,-1,0,0,Composed: Copy with GPU GDI,2026-8-20 19:22:30.359750700,5.7538,5.7538,0.0000,0.0111,6.0584,2.5910,3.4674,NA,NA,NA,NA,NA,NA,NA
python.exe,1968,0x0,Other,-1,0,0,Composed: Copy with GPU GDI,2026-8-20 19:22:30.365504500,4.6909,4.6909,0.0000,0.3208,4.6919,0.3990,4.2929,NA,NA,NA,NA,NA,NA,NA
python.exe,1968,0x0,Other,-1,0,0,Composed: Copy with GPU GDI,2026-8-20 19:22:30.370195400,7.1469,7.1469,0.0000,0.3251,6.9969,0.2580,6.7389,NA,NA,NA,NA,NA,NA,NA
python.exe,1968,0x0,Other,0,0,1,Hardware: Legacy Flip,2026-8-20 19:22:30.377342300,0.1683,0.1683,0.0000,0.1751,0.0136,0.0136,0.0000,2.6407,15.5790,0.8591,5140.3477,0.2900,NA,NA
python.exe,1968,0x0,Other,-1,0,0,Composed: Copy with GPU GDI,2026-8-20 19:22:30.377510600,5.1809,5.1809,0.0000,0.0204,5.4717,2.4933,2.9784,NA,NA,NA,NA,NA,NA,NA
python.exe,1968,0x0,Other,-1,0,0,Composed: Copy with GPU GDI,2026-8-20 19:22:30.382691500,5.8465,5.8465,0.0000,0.3139,5.8189,0.3729,5.4460,NA,NA,NA,NA,NA,NA,NA
python.exe,1968,0x0,Other,0,0,1,Hardware: Legacy Flip,2026-8-20 19:22:30.388538000,4.3479,4.3479,0.0000,0.2900,4.0717,0.0517,4.0200,7.0240,14.5915,-4.3833,5151.5434,0.2901,NA,NA
python.exe,1968,0x0,Other,-1,0,0,Composed: Copy with GPU GDI,2026-8-20 19:22:30.392885900,2.0443,2.0443,0.0000,0.0138,3.0439,3.0439,0.0000,17.2676,2.5418,-10.2436,5155.8913,NA,NA,NA
python.exe,1968,0x0,Other,-1,0,0,Composed: Copy with GPU GDI,2026-8-20 19:22:30.394930200,5.0968,5.0968,0.0000,1.0165,4.4093,0.4748,3.9345,NA,NA,NA,NA,NA,NA,NA
python.exe,1968,0x0,Other,-1,0,0,Composed: Copy with GPU GDI,2026-8-20 19:22:30.400027000,6.3790,6.3790,0.0000,0.3317,6.3696,0.4125,5.9571,NA,NA,NA,NA,NA,NA,NA
python.exe,1968,0x0,Other,0,0,1,Hardware: Legacy Flip,2026-8-20 19:22:30.406406000,3.7274,3.7274,0.0000,0.3248,3.4167,0.0519,3.3648,6.2893,15.6411,10.9783,5169.4114,0.2758,NA,NA
python.exe,1968,0x0,Other,-1,0,0,Composed: Copy with GPU GDI,2026-8-20 19:22:30.410133400,2.8212,2.8212,0.0000,0.0141,3.0208,2.5041,0.5167,18.2030,0.5792,-11.9137,5173.1388,NA,NA,NA
python.exe,1968,0x0,Other,-1,0,0,Composed: Copy with GPU GDI,2026-8-20 19:22:30.412954600,7.7999,7.7999,0.0000,0.2161,7.8964,0.3817,7.5147,NA,NA,NA,NA,NA,NA,NA
python.exe,1968,0x0,Other,-1,0,0,Composed: Copy with GPU GDI,2026-8-20 19:22:30.420754500,4.3854,4.3854,0.0000,0.3162,4.3745,0.3722,4.0023,NA,NA,NA,NA,NA,NA,NA
python.exe,1968,0x0,Other,0,0,1,Hardware: Legacy Flip,2026-8-20 19:22:30.425139900,1.3718,1.3718,0.0000,0.3079,1.0761,0.0439,1.0322,3.7757,17.6097,14.4273,5188.1453,0.2859,NA,NA
python.exe,1968,0x0,Other,-1,0,0,Composed: Copy with GPU GDI,2026-8-20 19:22:30.426511700,5.4692,5.4692,0.0000,0.0122,5.7643,2.4385,3.3258,NA,NA,NA,NA,NA,NA,NA
python.exe,1968,0x0,Other,-1,0,0,Composed: Copy with GPU GDI,2026-8-20 19:22:30.431980900,4.2689,4.2689,0.0000,0.3100,4.1511,0.2671,3.8840,NA,NA,NA,NA,NA,NA,NA
python.exe,1968,0x0,Other,-1,0,0,Composed: Copy with GPU GDI,2026-8-20 19:22:30.436249800,7.6808,7.6808,0.0000,7.7952,0.0307,0.0307,0.0000,NA,NA,NA,NA,NA,NA,NA
python.exe,1968,0x0,Other,0,0,1,Hardware: Legacy Flip,2026-8-20 19:22:30.443930600,0.1004,0.1004,0.0000,0.0000,7.6003,0.1906,7.4097,2.5947,15.7673,1.1810,5206.9360,0.2799,NA,NA
python.exe,1968,0x0,Other,-1,0,0,Composed: Copy with GPU GDI,2026-8-20 19:22:30.444031000,5.2407,5.2407,0.0000,0.0447,5.5028,2.4794,3.0234,NA,NA,NA,NA,NA,NA,NA
python.exe,1968,0x0,Other,-1,0,0,Composed: Copy with GPU GDI,2026-8-20 19:22:30.449271700,6.0472,6.0472,0.0000,0.3096,6.0444,0.3728,5.6716,NA,NA,NA,NA,NA,NA,NA
python.exe,1968,0x0,Other,0,0,1,Hardware: Legacy Flip,2026-8-20 19:22:30.455318900,4.5078,4.5078,0.0000,0.3100,4.2101,0.0469,4.1632,6.9737,14.5968,-4.3790,5218.3243,0.2887,NA,NA
python.exe,1968,0x0,Other,-1,0,0,Composed: Copy with GPU GDI,2026-8-20 19:22:30.459826700,0.9939,0.9939,0.0000,0.0123,2.8256,2.8256,0.0000,17.0627,2.7579,-10.0890,5222.8321,NA,NA,NA
python.exe,1968,0x0,Other,-1,0,0,Composed: Copy with GPU GDI,2026-8-20 19:22:30.460820600,7.0855,7.0855,0.0000,1.8467,5.5342,0.3721,5.1621,NA,NA,NA,NA,NA,NA,NA
python.exe,1968,0x0,Other,-1,0,0,Composed: Copy with GPU GDI,2026-8-20 19:22:30.467906100,8.8872,8.8872,0.0000,0.2980,8.8512,0.4112,8.4400,NA,NA,NA,NA,NA,NA,NA
python.exe,1968,0x0,Other,0,0,1,Hardware: Legacy Flip,2026-8-20 19:22:30.476793300,0.4924,0.4924,0.0000,0.2658,0.2417,0.0621,0.1796,2.8540,9.3590,14.2087,5239.7987,0.2731,NA,NA
python.exe,1968,0x0,Other,-1,0,0,Composed: Copy with GPU GDI,2026-8-20 19:22:30.477285700,1.7125,1.7125,0.0000,0.0151,2.4868,2.4868,0.0000,11.7206,6.3927,-8.8666,5240.2911,NA,NA,NA
python.exe,1968,0x0,Other,-1,0,0,Composed: Copy with GPU GDI,2026-8-20 19:22:30.478998200,8.7068,8.7068,0.0000,0.7910,8.2288,0.3841,7.8447,NA,NA,NA,NA,NA,NA,NA
python.exe,1968,0x0,Other,-1,0,0,Composed: Copy with GPU GDI,2026-8-20 19:22:30.487705000,5.0520,5.0520,0.0000,0.3157,5.0618,0.4054,4.6564,NA,NA,NA,NA,NA,NA,NA
python.exe,1968,0x0,Other,0,0,1,Hardware: Legacy Flip,2026-8-20 19:22:30.492757000,0.4519,0.4519,0.0000,0.3301,0.1366,0.0523,0.0843,2.6420,17.6976,9.0786,5255.7624,NA,NA,NA
python.exe,1968,0x0,Other,-1,0,0,Composed: Copy with GPU GDI,2026-8-20 19:22:30.493208900,5.6377,5.6377,0.0000,0.0148,5.9331,2.4928,3.4403,NA,NA,NA,NA,NA,NA,NA
python.exe,1968,0x0,Other,-1,0,0,Composed: Copy with GPU GDI,2026-8-20 19:22:30.498846600,4.2740,4.2740,0.0000,0.3145,4.4687,0.5777,3.8910,NA,NA,NA,NA,NA,NA,NA
python.exe,1968,0x0,Other,-1,0,0,Composed: Copy with GPU GDI,2026-8-20 19:22:30.503120600,7.1114,7.1114,0.0000,0.5118,6.9112,0.3831,6.5281,NA,NA,NA,NA,NA,NA,NA
python.exe,1968,0x0,Other,0,0,1,Hardware: Legacy Flip,2026-8-20 19:22:30.510232000,0.3439,0.3439,0.0000,0.3142,0.0414,0.0405,0.0009,2.8646,16.1674,-0.2226,5273.2374,0.2850,NA,NA
python.exe,1968,0x0,Other,-1,0,0,Composed: Copy with GPU GDI,2026-8-20 19:22:30.510575900,5.5886,5.5886,0.0000,0.0117,5.7777,2.4378,3.3399,NA,NA,NA,NA,NA,NA,NA
python.exe,1968,0x0,Other,-1,0,0,Composed: Copy with GPU GDI,2026-8-20 19:22:30.516164500,6.0387,6.0387,0.0000,0.2034,6.0351,0.2677,5.7674,NA,NA,NA,NA,NA,NA,NA
python.exe,1968,0x0,Other,0,0,1,Hardware: Legacy Flip,2026-8-20 19:22:30.522203200,4.5807,4.5807,0.0000,0.2025,4.3939,0.0593,4.3346,7.0608,14.3507,-4.1962,5285.2086,0.2881,NA,NA
python.exe,1968,0x0,Other,-1,0,0,Composed: Copy with GPU GDI,2026-8-20 19:22:30.526783900,1.0297,1.0297,0.0000,0.0157,2.3809,2.3809,0.0000,16.8308,3.0584,-9.7700,5289.7893,NA,NA,NA
python.exe,1968,0x0,Other,-1,0,0,Composed: Copy with GPU GDI,2026-8-20 19:22:30.527813600,6.1138,6.1138,0.0000,1.3710,5.0786,0.4192,4.6594,NA,NA,NA,NA,NA,NA,NA
python.exe,1968,0x0,Other,-1,0,0,Composed: Copy with GPU GDI,2026-8-20 19:22:30.533927400,9.7012,9.7012,0.0000,0.3406,9.6606,0.3786,9.2820,NA,NA,NA,NA,NA,NA,NA
python.exe,1968,0x0,Other,0,0,1,Hardware: Legacy Flip,2026-8-20 19:22:30.543628600,0.5230,0.5230,0.0000,0.3053,0.2327,0.0543,0.1784,3.0445,9.1334,13.7863,5306.6340,0.2881,NA,NA
python.exe,1968,0x0,Other,-1,0,0,Composed: Copy with GPU GDI,2026-8-20 19:22:30.544151600,1.7960,1.7960,0.0000,0.0150,2.7614,2.7614,0.0000,11.6549,6.3816,-8.6104,5307.1570,NA,NA,NA
python.exe,1968,0x0,Other,-1,0,0,Composed: Copy with GPU GDI,2026-8-20 19:22:30.545947600,8.2433,8.2433,0.0000,0.9821,7.5875,0.3968,7.1907,NA,NA,NA,NA,NA,NA,NA
python.exe,1968,0x0,Other,-1,0,0,Composed: Copy with GPU GDI,2026-8-20 19:22:30.554190900,4.6123,4.6123,0.0000,0.3291,4.3967,0.2753,4.1214,NA,NA,NA,NA,NA,NA,NA
python.exe,1968,0x0,Other,0,0,1,Hardware: Legacy Flip,2026-8-20 19:22:30.558803200,1.1386,1.1386,0.0000,0.1166,1.0350,0.0517,0.9833,3.3849,17.8527,8.2700,5321.8086,NA,NA,NA
python.exe,1968,0x0,Other,-1,0,0,Composed: Copy with GPU GDI,2026-8-20 19:22:30.559941800,6.2168,6.2168,0.0000,0.0130,6.5066,2.5446,3.9620,NA,NA,NA,NA,NA,NA,NA
python.exe,1968,0x0,Other,-1,0,0,Composed: Copy with GPU GDI,2026-8-20 19:22:30.566158600,4.0502,4.0502,0.0000,0.3056,3.8903,0.2148,3.6755,NA,NA,NA,NA,NA,NA,NA
python.exe,1968,0x0,Other,-1,0,0,Composed: Copy with GPU GDI,2026-8-20 19:22:30.570208800,6.8842,6.8842,0.0000,0.1482,7.0519,0.3829,6.6690,NA,NA,NA,NA,NA,NA,NA
python.exe,1968,0x0,Other,0,0,1,Hardware: Legacy Flip,2026-8-20 19:22:30.577093000,0.3962,0.3962,0.0000,0.3211,0.0894,0.0521,0.0373,2.9478,16.7151,0.4371,5340.0984,0.2940,NA,NA
python.exe,1968,0x0,Other,-1,0,0,Composed: Copy with GPU GDI,2026-8-20 19:22:30.577489200,5.2890,5.2890,0.0000,0.0143,5.5816,2.5662,3.0154,NA,NA,NA,NA,NA,NA,NA
python.exe,1968,0x0,Other,-1,0,0,Composed: Copy with GPU GDI,2026-8-20 19:22:30.582778200,6.0465,6.0465,0.0000,0.3111,5.9375,0.2699,5.6676,NA,NA,NA,NA,NA,NA,NA
python.exe,1968,0x0,Other,0,0,1,Hardware: Legacy Flip,2026-8-20 19:22:30.588824700,5.3782,5.3782,0.0000,0.2048,5.1856,0.0456,5.1400,7.9312,13.5907,-4.9834,5351.8301,0.2893,NA,NA
python.exe,1968,0x0,Other,-1,0,0,Composed: Copy with GPU GDI,2026-8-20 19:22:30.594202900,0.7052,0.7052,0.0000,0.0122,2.4735,2.4735,0.0000,16.1437,2.2304,-8.2125,5357.2083,NA,NA,NA
python.exe,1968,0x0,Other,-1,0,0,Composed: Copy with GPU GDI,2026-8-20 19:22:30.594908100,5.1044,5.1044,0.0000,1.7853,3.9133,0.6671,3.2462,NA,NA,NA,NA,NA,NA,NA
python.exe,1968,0x0,Other,-1,0,0,Composed: Copy with GPU GDI,2026-8-20 19:22:30.600012500,5.9857,5.9857,0.0000,0.5968,6.0491,0.7309,5.3182,NA,NA,NA,NA,NA,NA,NA
python.exe,1968,0x0,Other,0,0,1,Hardware: Legacy Flip,2026-8-20 19:22:30.605998200,3.9017,3.9017,0.0000,0.6628,3.2527,0.0483,3.2044,6.5788,15.9613,9.5649,5369.0036,0.2786,NA,NA
python.exe,1968,0x0,Other,-1,0,0,Composed: Copy with GPU GDI,2026-8-20 19:22:30.609899900,3.2004,3.2004,0.0000,0.0138,3.4911,2.7310,0.7601,18.6384,0.2299,-12.0596,5372.9053,NA,NA,NA
python.exe,1968,0x0,Other,-1,0,0,Composed: Copy with GPU GDI,2026-8-20 19:22:30.613100300,7.6301,7.6301,0.0000,0.3067,7.6263,0.3702,7.2561,NA,NA,NA,NA,NA,NA,NA
python.exe,1968,0x0,Other,-1,0,0,Composed: Copy with GPU GDI,2026-8-20 19:22:30.620730400,3.9082,3.9082,0.0000,0.3069,3.7765,0.2436,3.5329,NA,NA,NA,NA,NA,NA,NA
python.exe,1968,0x0,Other,0,0,1,Hardware: Legacy Flip,2026-8-20 19:22:30.624638600,1.7308,1.7308,0.0000,0.1779,1.5651,0.0429,1.5222,4.1296,17.8347,14.5088,5387.6440,NA,NA,NA
python.exe,1968,0x0,Other,-1,0,0,Composed: Copy with GPU GDI,2026-8-20 19:22:30.626369400,5.7143,5.7143,0.0000,0.0122,6.0819,2.7731,3.3088,NA,NA,NA,NA,NA,NA,NA
python.exe,1968,0x0,Other,-1,0,0,Composed: Copy with GPU GDI,2026-8-20 19:22:30.632083700,4.1525,4.1525,0.0000,0.3825,3.9775,0.2753,3.7022,NA,NA,NA,NA,NA,NA,NA
python.exe,1968,0x0,Other,-1,0,0,Composed: Copy with GPU GDI,2026-8-20 19:22:30.636236200,7.5506,7.5506,0.0000,0.2114,7.5282,0.2737,7.2545,NA,NA,NA,NA,NA,NA,NA
python.exe,1968,0x0,Other,0,0,1,Hardware: Legacy Flip,2026-8-20 19:22:30.643786800,0.2310,0.2310,0.0000,0.1917,0.0519,0.0483,0.0036,2.8161,15.3486,1.3135,5406.7922,0.2935,NA,NA
python.exe,1968,0x0,Other,-1,0,0,Composed: Copy with GPU GDI,2026-8-20 19:22:30.644017800,5.3310,5.3310,0.0000,0.0126,5.5187,2.4880,3.0307,NA,NA,NA,NA,NA,NA,NA
python.exe,1968,0x0,Other,-1,0,0,Composed: Copy with GPU GDI,2026-8-20 19:22:30.649348800,5.9872,5.9872,0.0000,0.2033,6.0909,0.3758,5.7151,NA,NA,NA,NA,NA,NA,NA
python.exe,1968,0x0,Other,0,0,1,Hardware: Legacy Flip,2026-8-20 19:22:30.655336000,3.9744,3.9744,0.0000,0.3098,3.6809,0.0605,3.6204,6.6155,15.1213,-3.7994,5418.3414,0.2891,NA,NA
python.exe,1968,0x0,Other,-1,0,0,Composed: Copy with GPU GDI,2026-8-20 19:22:30.659310400,1.6087,1.6087,0.0000,0.0163,2.9105,2.9105,0.0000,17.7624,2.5954,-11.1469,5422.3158,NA,NA,NA
python.exe,1968,0x0,Other,-1,0,0,Composed: Copy with GPU GDI,2026-8-20 19:22:30.660919100,7.1045,7.1045,0.0000,1.3197,5.9761,0.2664,5.7097,NA,NA,NA,NA,NA,NA,NA
python.exe,1968,0x0,Other,-1,0,0,Composed: Copy with GPU GDI,2026-8-20 19:22:30.668023600,5.4731,5.4731,0.0000,0.1939,5.5886,0.3794,5.2092,NA,NA,NA,NA,NA,NA,NA
python.exe,1968,0x0,Other,0,0,1,Hardware: Legacy Flip,2026-8-20 19:22:30.673496700,3.5226,3.5226,0.0000,0.3132,3.2234,0.0535,3.1699,6.1715,15.6050,11.5909,5436.5021,0.2832,NA,NA
python.exe,1968,0x0,Other,-1,0,0,Composed: Copy with GPU GDI,2026-8-20 19:22:30.677019300,3.0843,3.0843,0.0000,0.0140,3.4712,2.7756,0.6956,18.2539,0.5201,-12.0824,5440.0247,NA,NA,NA
python.exe,1968,0x0,Other,-1,0,0,Composed: Copy with GPU GDI,2026-8-20 19:22:30.680103600,8.2021,8.2021,0.0000,0.4030,8.1175,0.4017,7.7158,NA,NA,NA,NA,NA,NA,NA
python.exe,1968,0x0,Other,-1,0,0,Composed: Copy with GPU GDI,2026-8-20 19:22:30.688305700,3.3699,3.3699,0.0000,0.3211,3.2736,0.2964,2.9772,NA,NA,NA,NA,NA,NA,NA
python.exe,1968,0x0,Other,0,0,1,Hardware: Legacy Flip,2026-8-20 19:22:30.691675600,1.6749,1.6749,0.0000,0.2273,1.4593,0.0427,1.4166,4.1177,17.6647,14.1362,5454.6810,NA,NA,NA
python.exe,1968,0x0,Other,-1,0,0,Composed: Copy with GPU GDI,2026-8-20 19:22:30.693350500,6.3051,6.3051,0.0000,0.0117,6.6068,2.7524,3.8544,NA,NA,NA,NA,NA,NA,NA
python.exe,1968,0x0,Other,-1,0,0,Composed: Copy with GPU GDI,2026-8-20 19:22:30.699655600,3.5456,3.5456,0.0000,0.3162,3.4239,0.2642,3.1597,NA,NA,NA,NA,NA,NA,NA
python.exe,1968,0x0,Other,0,0,1,Hardware: Legacy Flip,2026-8-20 19:22:30.703201200,7.6300,7.6300,0.0000,0.1972,7.4456,0.0472,7.3984,10.2568,12.1557,-6.1391,5466.2066,0.3000,NA,NA
python.exe,1968,0x0,Other,-1,0,0,Composed: Copy with GPU GDI,2026-8-20 19:22:30.710831200,0.3344,0.3344,0.0000,0.0128,2.5416,2.5416,0.0000,14.7825,3.7797,-4.5257,5473.8366,NA,NA,NA
python.exe,1968,0x0,Other,-1,0,0,Composed: Copy with GPU GDI,2026-8-20 19:22:30.711165600,4.8972,4.8972,0.0000,2.2243,3.0135,0.4134,2.6001,NA,NA,NA,NA,NA,NA,NA
python.exe,1968,0x0,Other,-1,0,0,Composed: Copy with GPU GDI,2026-8-20 19:22:30.716062800,5.0525,5.0525,0.0000,0.3433,4.8732,0.2632,4.6100,NA,NA,NA,NA,NA,NA,NA
python.exe,1968,0x0,Other,0,0,1,Hardware: Legacy Flip,2026-8-20 19:22:30.721115300,5.5620,5.5620,0.0000,0.1682,5.4156,0.0926,5.3230,8.2781,14.4124,6.5044,5484.1207,0.2582,NA,NA
python.exe,1968,0x0,Other,-1,0,0,Composed: Copy with GPU GDI,2026-8-20 19:22:30.726677300,0.4545,0.4545,0.0000,0.0218,2.6105,2.6105,0.0000,17.1285,2.3888,-8.8504,5489.6827,NA,NA,NA
python.exe,1968,0x0,Other,-1,0,0,Composed: Copy with GPU GDI,2026-8-20 19:22:30.727131800,6.6089,6.6089,0.0000,2.1822,4.6276,0.2701,4.3575,NA,NA,NA,NA,NA,NA,NA
python.exe,1968,0x0,Other,-1,0,0,Composed: Copy with GPU GDI,2026-8-20 19:22:30.733740700,9.0920,9.0920,0.0000,0.2036,9.2000,0.3762,8.8238,NA,NA,NA,NA,NA,NA,NA
python.exe,1968,0x0,Other,0,0,1,Hardware: Legacy Flip,2026-8-20 19:22:30.742832700,0.7742,0.7742,0.0000,0.3152,0.4707,0.0420,0.4287,3.3619,15.8113,13.7666,5505.8381,0.2971,NA,NA
python.exe,1968,0x0,Other,-1,0,0,Composed: Copy with GPU GDI,2026-8-20 19:22:30.743606900,4.2267,4.2267,0.0000,0.0117,4.4210,2.5005,1.9205,18.3990,0.5101,-15.0371,5506.6123,NA,NA,NA
python.exe,1968,0x0,Other,-1,0,0,Composed: Copy with GPU GDI,2026-8-20 19:22:30.747833600,6.2785,6.2785,0.0000,0.2088,6.3778,0.3997,5.9781,NA,NA,NA,NA,NA,NA,NA
python.exe,1968,0x0,Other,-1,0,0,Composed: Copy with GPU GDI,2026-8-20 19:22:30.754112100,3.3332,3.3332,0.0000,0.3108,3.2147,0.2700,2.9447,NA,NA,NA,NA,NA,NA,NA
python.exe,1968,0x0,Other,0,0,1,Hardware: Legacy Flip,2026-8-20 19:22:30.757445300,2.2020,2.2020,0.0000,0.1950,2.0192,0.0446,1.9746,5.0707,17.7391,13.3283,5520.4507,0.2890,NA,NA
python.exe,1968,0x0,Other,-1,0,0,Composed: Copy with GPU GDI,2026-8-20 19:22:30.759647300,6.1439,6.1439,0.0000,0.0122,6.4443,2.8908,3.5535,NA,NA,NA,NA,NA,NA,NA
python.exe,1968,0x0,Other,-1,0,0,Composed: Copy with GPU GDI,2026-8-20 19:22:30.765791200,4.8188,4.8188,0.0000,0.3164,4.8107,0.3742,4.4365,NA,NA,NA,NA,NA,NA,NA
python.exe,1968,0x0,Other,0,0,1,Hardware: Legacy Flip,2026-8-20 19:22:30.770610000,6.9248,6.9248,0.0000,0.3110,6.6265,0.0473,6.5792,9.6451,12.0835,-4.5744,5533.6154,0.2867,NA,NA
python.exe,1968,0x0,Other,-1,0,0,Composed: Copy with GPU GDI,2026-8-20 19:22:30.777534800,0.9970,0.9970,0.0000,0.0127,2.6811,2.6811,0.0000,14.8038,3.9509,-5.1587,5540.5402,NA,NA,NA
python.exe,1968,0x0,Other,-1,0,0,Composed: Copy with GPU GDI,2026-8-20 19:22:30.778531800,4.0297,4.0297,0.0000,1.7005,2.6354,0.3772,2.2582,NA,NA,NA,NA,NA,NA,NA
python.exe,1968,0x0,Other,-1,0,0,Composed: Copy with GPU GDI,2026-8-20 19:22:30.782561500,6.5401,6.5401,0.0000,0.3106,6.5424,0.3926,6.1498,NA,NA,NA,NA,NA,NA,NA
python.exe,1968,0x0,Other,0,0,1,Hardware: Legacy Flip,2026-8-20 19:22:30.789101600,4.5635,4.5635,0.0000,0.3175,4.2612,0.0561,4.2051,7.1879,14.2686,7.6159,5552.1070,0.2583,NA,NA
python.exe,1968,0x0,Other,-1,0,0,Composed: Copy with GPU GDI,2026-8-20 19:22:30.793665100,0.4603,0.4603,0.0000,0.0152,2.5388,2.5388,0.0000,16.8930,2.8987,-9.7051,5556.6705,NA,NA,NA
python.exe,1968,0x0,Other,-1,0,0,Composed: Copy with GPU GDI,2026-8-20 19:22:30.794125400,6.0778,6.0778,0.0000,2.0969,4.1786,0.2717,3.9069,NA,NA,NA,NA,NA,NA,NA
python.exe,1968,0x0,Other,-1,0,0,Composed: Copy with GPU GDI,2026-8-20 19:22:30.800203200,9.9866,9.9866,0.0000,0.2005,10.2368,0.5223,9.7145,NA,NA,NA,NA,NA,NA,NA
python.exe,1968,0x0,Other,0,0,1,Hardware: Legacy Flip,2026-8-20 19:22:30.810189800,0.6510,0.6510,0.0000,0.4543,0.2110,0.0565,0.1545,3.2670,15.2974,13.6260,5573.1952,0.2743,NA,NA
python.exe,1968,0x0,Other,-1,0,0,Composed: Copy with GPU GDI,2026-8-20 19:22:30.810840800,2.0308,2.0308,0.0000,0.0143,2.9207,2.9207,0.0000,NA,NA,NA,NA,NA,NA,NA
python.exe,1968,0x0,Other,-1,0,0,Composed: Copy with GPU GDI,2026-8-20 19:22:30.812871600,8.0730,8.0730,0.0000,0.9059,7.4810,0.3785,7.1025,NA,NA,NA,NA,NA,NA,NA
python.exe,1968,0x0,Other,-1,0,0,Composed: Copy with GPU GDI,2026-8-20 19:22:30.820944600,4.0011,4.0011,0.0000,0.3168,3.8378,0.2160,3.6218,NA,NA,NA,NA,NA,NA,NA
python.exe,1968,0x0,Other,0,0,1,Hardware: Legacy Flip,2026-8-20 19:22:30.824945700,1.2354,1.2354,0.0000,0.1561,1.0907,0.0428,1.0479,3.8085,17.9579,-0.5415,5587.9511,0.2874,NA,NA
python.exe,1968,0x0,Other,-1,0,0,Composed: Copy with GPU GDI,2026-8-20 19:22:30.826181100,6.3668,6.3668,0.0000,0.0114,6.6874,2.6221,4.0653,NA,NA,NA,NA,NA,NA,NA
python.exe,1968,0x0,Other,-1,0,0,Composed: Copy with GPU GDI,2026-8-20 19:22:30.832547900,4.5712,4.5712,0.0000,0.3349,4.5717,0.4122,4.1595,NA,NA,NA,NA,NA,NA,NA
python.exe,1968,0x0,Other,-1,0,0,Composed: Copy with GPU GDI,2026-8-20 19:22:30.837119100,6.5636,6.5636,0.0000,0.3389,6.3677,0.2287,6.1390,NA,NA,NA,NA,NA,NA,NA
python.exe,1968,0x0,Other,0,0,1,Hardware: Legacy Flip,2026-8-20 19:22:30.843682700,0.4067,0.4067,0.0000,0.1473,0.2717,0.0465,0.2252,3.0294,15.8014,0.7791,5606.6881,0.3018,NA,NA
python.exe,1968,0x0,Other,-1,0,0,Composed: Copy with GPU GDI,2026-8-20 19:22:30.844089400,5.5595,5.5595,0.0000,0.0123,5.7537,2.5249,3.2288,NA,NA,NA,NA,NA,NA,NA
python.exe,1968,0x0,Other,-1,0,0,Composed: Copy with GPU GDI,2026-8-20 19:22:30.849648900,5.5005,5.5005,0.0000,0.2099,5.4974,0.2706,5.2268,NA,NA,NA,NA,NA,NA,NA
python.exe,1968,0x0,Other,0,0,1,Hardware: Legacy Flip,2026-8-20 19:22:30.855149400,4.4114,4.4114,0.0000,0.2099,4.2225,0.0740,4.1485,7.3641,14.7583,-4.3347,5618.1548,0.2856,NA,NA
python.exe,1968,0x0,Other,-1,0,0,Composed: Copy with GPU GDI,2026-8-20 19:22:30.859560800,1.6273,1.6273,0.0000,0.0210,3.0859,3.0859,0.0000,17.7110,2.1780,-10.3469,5622.5662,NA,NA,NA
python.exe,1968,0x0,Other,-1,0,0,Composed: Copy with GPU GDI,2026-8-20 19:22:30.861188100,6.6206,6.6206,0.0000,1.4826,5.4536,0.3941,5.0595,NA,NA,NA,NA,NA,NA,NA
python.exe,1968,0x0,Other,-1,0,0,Composed: Copy with GPU GDI,2026-8-20 19:22:30.867808700,5.4315,5.4315,0.0000,0.3184,5.3152,0.2680,5.0472,NA,NA,NA,NA,NA,NA,NA
python.exe,1968,0x0,Other,0,0,1,Hardware: Legacy Flip,2026-8-20 19:22:30.873240200,3.5374,3.5374,0.0000,0.2049,3.3450,0.0489,3.2961,6.2096,16.0256,11.5014,5636.2456,0.2922,NA,NA
python.exe,1968,0x0,Other,-1,0,0,Composed: Copy with GPU GDI,2026-8-20 19:22:30.876777600,3.0927,3.0927,0.0000,0.0125,3.5475,2.8708,0.6767,18.6978,0.5309,-12.4882,5639.7830,NA,NA,NA
python.exe,1968,0x0,Other,-1,0,0,Composed: Copy with GPU GDI,2026-8-20 19:22:30.879870300,7.8354,7.8354,0.0000,0.4697,7.6744,0.3776,7.2968,NA,NA,NA,NA,NA,NA,NA
python.exe,1968,0x0,Other,-1,0,0,Composed: Copy with GPU GDI,2026-8-20 19:22:30.887705700,3.2257,3.2257,0.0000,0.3113,3.1092,0.2658,2.8434,NA,NA,NA,NA,NA,NA,NA
python.exe,1968,0x0,Other,0,0,1,Hardware: Legacy Flip,2026-8-20 19:22:30.890931400,2.2632,2.2632,0.0000,0.1983,2.0768,0.0480,2.0288,5.0749,17.1465,13.6229,5653.9368,0.2992,NA,NA
python.exe,1968,0x0,Other,-1,0,0,Composed: Copy with GPU GDI,2026-8-20 19:22:30.893194600,5.6775,5.6775,0.0000,0.0119,5.9922,2.8324,3.1598,NA,NA,NA,NA,NA,NA,NA
python.exe,1968,0x0,Other,-1,0,0,Composed: Copy with GPU GDI,2026-8-20 19:22:30.898872100,4.6787,4.6787,0.0000,0.3314,4.5090,0.2666,4.2424,NA,NA,NA,NA,NA,NA,NA
python.exe,1968,0x0,Other,0,0,1,Hardware: Legacy Flip,2026-8-20 19:22:30.903550800,6.8406,6.8406,0.0000,0.1645,6.6887,0.0483,6.6404,9.6020,12.6575,-4.5271,5666.5562,0.2945,NA,NA
python.exe,1968,0x0,Other,-1,0,0,Composed: Copy with GPU GDI,2026-8-20 19:22:30.910391400,0.6866,0.6866,0.0000,0.0126,2.6825,2.6825,0.0000,15.4189,3.4009,-5.8169,5673.3968,NA,NA,NA
python.exe,1968,0x0,Other,-1,0,0,Composed: Copy with GPU GDI,2026-8-20 19:22:30.911078000,4.9621,4.9621,0.0000,2.0128,3.2613,0.3766,2.8847,NA,NA,NA,NA,NA,NA,NA
python.exe,1968,0x0,Other,-1,0,0,Composed: Copy with GPU GDI,2026-8-20 19:22:30.916040100,5.5026,5.5026,0.0000,0.3146,5.3897,0.2684,5.1213,NA,NA,NA,NA,NA,NA,NA
python.exe,1968,0x0,Other,0,0,1,Hardware: Legacy Flip,2026-8-20 19:22:30.921542700,5.1384,5.1384,0.0000,0.2044,4.9492,0.0542,4.8950,7.6685,14.7927,7.7504,5684.5481,0.2909,NA,NA
python.exe,1968,0x0,Other,-1,0,0,Composed: Copy with GPU GDI,2026-8-20 19:22:30.926681100,1.3918,1.3918,0.0000,0.0152,2.6393,2.6393,0.0000,17.3228,2.5071,-9.6543,5689.6865,NA,NA,NA
python.exe,1968,0x0,Other,-1,0,0,Composed: Copy with GPU GDI,2026-8-20 19:22:30.928072900,6.0852,6.0852,0.0000,1.2660,5.1938,0.4496,4.7442,NA,NA,NA,NA,NA,NA,NA
python.exe,1968,0x0,Other,-1,0,0,Composed: Copy with GPU GDI,2026-8-20 19:22:30.934158100,9.3609,9.3609,0.0000,0.3774,9.2714,0.3734,8.8980,NA,NA,NA,NA,NA,NA,NA
python.exe,1968,0x0,Other,0,0,1,Hardware: Legacy Flip,2026-8-20 19:22:30.943519000,0.4783,0.4783,0.0000,0.2927,0.2572,0.1051,0.1521,2.9920,15.7200,14.3308,5706.5244,0.2889,NA,NA
python.exe,1968,0x0,Other,-1,0,0,Composed: Copy with GPU GDI,2026-8-20 19:22:30.943997300,2.3026,2.3026,0.0000,0.0716,2.7399,2.7399,0.0000,NA,NA,NA,NA,NA,NA,NA
python.exe,1968,0x0,Other,-1,0,0,Composed: Copy with GPU GDI,2026-8-20 19:22:30.946299900,7.8665,7.8665,0.0000,0.5106,7.6898,0.4004,7.2894,NA,NA,NA,NA,NA,NA,NA
python.exe,1968,0x0,Other,-1,0,0,Composed: Copy with GPU GDI,2026-8-20 19:22:30.954166400,5.1529,5.1529,0.0000,0.3367,5.1691,0.4258,4.7433,NA,NA,NA,NA,NA,NA,NA
python.exe,1968,0x0,Other,0,0,1,Hardware: Legacy Flip,2026-8-20 19:22:30.959319300,0.4110,0.4110,0.0000,0.3580,0.0654,0.0482,0.0172,2.9117,17.6615,0.0803,5722.3247,0.2876,NA,NA
python.exe,1968,0x0,Other,-1,0,0,Composed: Copy with GPU GDI,2026-8-20 19:22:30.959730300,5.8584,5.8584,0.0000,0.0124,6.1568,2.5163,3.6405,NA,NA,NA,NA,NA,NA,NA
python.exe,1968,0x0,Other,-1,0,0,Composed: Copy with GPU GDI,2026-8-20 19:22:30.965588700,4.2220,4.2220,0.0000,0.3136,4.1170,0.2738,3.8432,NA,NA,NA,NA,NA,NA,NA
python.exe,1968,0x0,Other,0,0,1,Hardware: Legacy Flip,2026-8-20 19:22:30.969810700,7.5814,7.5814,0.0000,0.2119,7.3837,0.0643,7.3194,10.0818,12.6466,-7.1701,5732.8161,0.2882,NA,NA
python.exe,1968,0x0,Other,-1,0,0,Composed: Copy with GPU GDI,2026-8-20 19:22:30.977392100,0.1149,0.1149,0.0000,0.0142,2.3820,2.3820,0.0000,15.1470,3.6032,-5.0652,5740.3975,NA,NA,NA
python.exe,1968,0x0,Other,-1,0,0,Composed: Copy with GPU GDI,2026-8-20 19:22:30.977507000,4.9441,4.9441,0.0000,2.2858,2.8349,0.2781,2.5568,NA,NA,NA,NA,NA,NA,NA
python.exe,1968,0x0,Other,-1,0,0,Composed: Copy with GPU GDI,2026-8-20 19:22:30.982451100,6.5733,6.5733,0.0000,0.1794,6.6868,0.3762,6.3106,NA,NA,NA,NA,NA,NA,NA
python.exe,1968,0x0,Other,0,0,1,Hardware: Legacy Flip,2026-8-20 19:22:30.989024400,4.8042,4.8042,0.0000,0.2960,4.5262,0.0666,4.4596,7.1179,14.5998,8.0291,5752.0298,NA,NA,NA
python.exe,1968,0x0,Other,-1,0,0,Composed: Copy with GPU GDI,2026-8-20 19:22:30.993828600,0.6717,0.6717,0.0000,0.0180,2.5156,2.5156,0.0000,16.9135,2.1062,-9.7956,5756.8340,NA,NA,NA
python.exe,1968,0x0,Other,-1,0,0,Composed: Copy with GPU GDI,2026-8-20 19:22:30.994500300,5.5605,5.5605,0.0000,1.8650,3.8890,0.2724,3.6166,NA,NA,NA,NA,NA,NA,NA
python.exe,1968,0x0,Other,-1,0,0,Composed: Copy with GPU GDI,2026-8-20 19:22:31.000060800,6.0577,6.0577,0.0000,0.1960,6.0497,0.2681,5.7816,NA,NA,NA,NA,NA,NA,NA
python.exe,1968,0x0,Other,0,0,1,Hardware: Legacy Flip,2026-8-20 19:22:31.006118500,4.2622,4.2622,0.0000,0.1908,4.0854,0.0517,4.0337,6.7298,16.4281,10.1837,5769.1239,NA,NA,NA
python.exe,1968,0x0,Other,-1,0,0,Composed: Copy with GPU GDI,2026-8-20 19:22:31.010380700,2.7620,2.7620,0.0000,0.0140,3.0426,2.7932,0.2494,NA,NA,NA,NA,NA,NA,NA
python.exe,1968,0x0,Other,-1,0,0,Composed: Copy with GPU GDI,2026-8-20 19:22:31.013142700,8.0938,8.0938,0.0000,0.2968,8.0982,0.3812,7.7170,NA,NA,NA,NA,NA,NA,NA
python.exe,1968,0x0,Other,-1,0,0,Composed: Copy with GPU GDI,2026-8-20 19:22:31.021236500,3.9532,3.9532,0.0000,0.3040,3.7942,0.2186,3.5756,NA,NA,NA,NA,NA,NA,NA
python.exe,1968,0x0,Other,0,0,1,Hardware: Legacy Flip,2026-8-20 19:22:31.025189700,1.2903,1.2903,0.0000,0.1476,1.1557,0.0455,1.1102,4.0867,17.2625,2.6431,5788.1951,0.2776,NA,NA
python.exe,1968,0x0,Other,-1,0,0,Composed: Copy with GPU GDI,2026-8-20 19:22:31.026480000,6.3696,6.3696,0.0000,0.0130,6.6784,2.8525,3.8259,NA,NA,NA,NA,NA,NA,NA
python.exe,1968,0x0,Other,-1,0,0,Composed: Copy with GPU GDI,2026-8-20 19:22:31.032849600,3.5585,3.5585,0.0000,0.3251,3.4658,0.3094,3.1564,NA,NA,NA,NA,NA,NA,NA
python.exe,1968,0x0,Other,-1,0,0,Composed: Copy with GPU GDI,2026-8-20 19:22:31.036408100,7.1735,7.1735,0.0000,0.2365,7.1321,0.2800,6.8521,NA,NA,NA,NA,NA,NA,NA
python.exe,1968,0x0,Other,0,0,1,Hardware: Legacy Flip,2026-8-20 19:22:31.043581600,0.4460,0.4460,0.0000,0.1979,0.2615,0.0490,0.2125,2.9573,16.6092,1.1294,5806.5870,0.2103,NA,NA
python.exe,1968,0x0,Other,-1,0,0,Composed: Copy with GPU GDI,2026-8-20 19:22:31.044027600,5.4675,5.4675,0.0000,0.0134,5.6526,2.5053,3.1473,NA,NA,NA,NA,NA,NA,NA
python.exe,1968,0x0,Other,-1,0,0,Composed: Copy with GPU GDI,2026-8-20 19:22:31.049495100,6.5670,6.5670,0.0000,0.2027,6.5597,0.2763,6.2834,NA,NA,NA,NA,NA,NA,NA
python.exe,1968,0x0,Other,0,0,1,Hardware: Legacy Flip,2026-8-20 19:22:31.056062100,4.5045,4.5045,0.0000,0.1984,4.3216,0.0613,4.2603,7.0860,14.3338,-4.1287,5819.0675,0.2821,NA,NA
python.exe,1968,0x0,Other,-1,0,0,Composed: Copy with GPU GDI,2026-8-20 19:22:31.060566600,0.4760,0.4760,0.0000,0.0155,2.4761,2.4761,0.0000,16.9153,2.5045,-9.8293,5823.5720,NA,NA,NA
python.exe,1968,0x0,Other,-1,0,0,Composed: Copy with GPU GDI,2026-8-20 19:22:31.061042600,6.1418,6.1418,0.0000,2.0191,4.3117,0.2734,4.0383,NA,NA,NA,NA,NA,NA,NA
python.exe,1968,0x0,Other,-1,0,0,Composed: Copy with GPU GDI,2026-8-20 19:22:31.067184400,9.5634,9.5634,0.0000,0.1917,9.6540,0.4088,9.2452,NA,NA,NA,NA,NA,NA,NA
python.exe,1968,0x0,Other,0,0,1,Hardware: Legacy Flip,2026-8-20 19:22:31.076747800,0.9008,0.9008,0.0000,0.2883,0.6329,0.0811,0.5518,3.2386,15.7074,13.6767,5839.7532,NA,NA,NA
python.exe,1968,0x0,Other,-1,0,0,Composed: Copy with GPU GDI,2026-8-20 19:22:31.077648600,2.0635,2.0635,0.0000,0.0204,2.9129,2.9129,0.0000,NA,NA,NA,NA,NA,NA,NA
python.exe,1968,0x0,Other,-1,0,0,Composed: Copy with GPU GDI,2026-8-20 19:22:31.079712100,8.0194,8.0194,0.0000,0.8717,7.4646,0.4045,7.0601,NA,NA,NA,NA,NA,NA,NA
python.exe,1968,0x0,Other,-1,0,0,Composed: Copy with GPU GDI,2026-8-20 19:22:31.087731500,4.0668,4.0668,0.0000,0.3198,3.9407,0.2751,3.6656,NA,NA,NA,NA,NA,NA,NA
python.exe,1968,0x0,Other,0,0,1,Hardware: Legacy Flip,2026-8-20 19:22:31.091798300,1.2411,1.2411,0.0000,0.1966,1.0567,0.0464,1.0103,3.8955,17.3555,-0.6569,5854.8037,0.2889,NA,NA
python.exe,1968,0x0,Other,-1,0,0,Composed: Copy with GPU GDI,2026-8-20 19:22:31.093039400,6.5198,6.5198,0.0000,0.0122,6.8015,2.6861,4.1154,NA,NA,NA,NA,NA,NA,NA
python.exe,1968,0x0,Other,-1,0,0,Composed: Copy with GPU GDI,2026-8-20 19:22:31.099559200,3.8945,3.8945,0.0000,0.2969,3.7889,0.2667,3.5222,NA,NA,NA,NA,NA,NA,NA
python.exe,1968,0x0,Other,0,0,1,Hardware: Legacy Flip,2026-8-20 19:22:31.103453700,6.8931,6.8931,0.0000,0.1941,6.7114,0.0476,6.6638,9.5956,12.9669,-5.7001,5866.4591,0.2962,NA,NA
python.exe,1968,0x0,Other,-1,0,0,Composed: Copy with GPU GDI,2026-8-20 19:22:31.110346800,1.0617,1.0617,0.0000,0.0124,2.6184,2.6184,0.0000,15.6694,3.5769,-6.0738,5873.3522,NA,NA,NA
python.exe,1968,0x0,Other,-1,0,0,Composed: Copy with GPU GDI,2026-8-20 19:22:31.111408500,4.5048,4.5048,0.0000,1.5736,3.1286,0.2623,2.8663,NA,NA,NA,NA,NA,NA,NA
python.exe,1968,0x0,Other,-1,0,0,Composed: Copy with GPU GDI,2026-8-20 19:22:31.115913300,6.0409,6.0409,0.0000,0.2001,6.0469,0.2717,5.7752,NA,NA,NA,NA,NA,NA,NA
python.exe,1968,0x0,Other,0,0,1,Hardware: Legacy Flip,2026-8-20 19:22:31.121954200,4.4847,4.4847,0.0000,0.2088,4.2916,0.0537,4.2379,7.6389,14.6074,8.0305,5884.9596,0.3022,NA,NA
python.exe,1968,0x0,Other,-1,0,0,Composed: Copy with GPU GDI,2026-8-20 19:22:31.126438900,1.0417,1.0417,0.0000,0.0157,3.2655,3.2655,0.0000,17.7616,2.2847,-10.1227,5889.4443,NA,NA,NA
python.exe,1968,0x0,Other,-1,0,0,Composed: Copy with GPU GDI,2026-8-20 19:22:31.127480600,6.5794,6.5794,0.0000,2.2437,4.5363,0.2728,4.2635,NA,NA,NA,NA,NA,NA,NA
python.exe,1968,0x0,Other,-1,0,0,Composed: Copy with GPU GDI,2026-8-20 19:22:31.134060000,9.3600,9.3600,0.0000,0.2035,9.4598,0.3812,9.0786,NA,NA,NA,NA,NA,NA,NA
python.exe,1968,0x0,Other,0,0,1,Hardware: Legacy Flip,2026-8-20 19:22:31.143420000,0.3999,0.3999,0.0000,0.3078,0.1039,0.0509,0.0530,3.0652,15.5753,14.6964,5906.4254,0.2922,NA,NA
python.exe,1968,0x0,Other,-1,0,0,Composed: Copy with GPU GDI,2026-8-20 19:22:31.143819900,2.2883,2.2883,0.0000,0.0118,2.9761,2.9761,0.0000,NA,NA,NA,NA,NA,NA,NA
python.exe,1968,0x0,Other,-1,0,0,Composed: Copy with GPU GDI,2026-8-20 19:22:31.146108200,8.1735,8.1735,0.0000,0.7014,7.8022,0.3948,7.4074,NA,NA,NA,NA,NA,NA,NA
python.exe,1968,0x0,Other,-1,0,0,Composed: Copy with GPU GDI,2026-8-20 19:22:31.154281700,4.3668,4.3668,0.0000,0.3328,4.3649,0.3979,3.9670,NA,NA,NA,NA,NA,NA,NA
python.exe,1968,0x0,Other,0,0,1,Hardware: Legacy Flip,2026-8-20 19:22:31.158648500,0.7792,0.7792,0.0000,0.3335,0.4571,0.0419,0.4152,3.4120,17.7747,-0.3468,5921.6539,0.2821,NA,NA
python.exe,1968,0x0,Other,-1,0,0,Composed: Copy with GPU GDI,2026-8-20 19:22:31.159427700,6.2263,6.2263,0.0000,0.0114,6.5347,2.6674,3.8673,NA,NA,NA,NA,NA,NA,NA
python.exe,1968,0x0,Other,-1,0,0,Composed: Copy with GPU GDI,2026-8-20 19:22:31.165654000,4.5608,4.5608,0.0000,0.3230,4.4451,0.2734,4.1717,NA,NA,NA,NA,NA,NA,NA
python.exe,1968,0x0,Other,0,0,1,Hardware: Legacy Flip,2026-8-20 19:22:31.170214800,6.9541,6.9541,0.0000,0.2100,6.7565,0.0467,6.7098,9.6204,12.9099,-6.2084,5933.2202,0.2897,NA,NA
python.exe,1968,0x0,Other,-1,0,0,Composed: Copy with GPU GDI,2026-8-20 19:22:31.177168900,0.5797,0.5797,0.0000,0.0124,2.5419,2.5419,0.0000,15.5762,3.6451,-5.9558,5940.1743,NA,NA,NA
python.exe,1968,0x0,Other,-1,0,0,Composed: Copy with GPU GDI,2026-8-20 19:22:31.177748600,4.6690,4.6690,0.0000,1.9779,2.9120,0.2999,2.6121,NA,NA,NA,NA,NA,NA,NA
python.exe,1968,0x0,Other,-1,0,0,Composed: Copy with GPU GDI,2026-8-20 19:22:31.182417600,6.3663,6.3663,0.0000,0.2244,6.3488,0.2721,6.0767,NA,NA,NA,NA,NA,NA,NA
python.exe,1968,0x0,Other,0,0,1,Hardware: Legacy Flip,2026-8-20 19:22:31.188783900,4.6515,4.6515,0.0000,0.2096,4.4569,0.0530,4.4039,7.6063,14.5513,7.9699,5951.7893,0.2877,NA,NA
python.exe,1968,0x0,Other,-1,0,0,Composed: Copy with GPU GDI,2026-8-20 19:22:31.193435400,0.8596,0.8596,0.0000,0.0150,3.0584,3.0584,0.0000,17.5061,2.5507,-9.8998,5956.4408,NA,NA,NA
python.exe,1968,0x0,Other,-1,0,0,Composed: Copy with GPU GDI,2026-8-20 19:22:31.194295000,6.1902,6.1902,0.0000,2.2184,4.1798,0.2739,3.9059,NA,NA,NA,NA,NA,NA,NA
python.exe,1968,0x0,Other,-1,0,0,Composed: Copy with GPU GDI,2026-8-20 19:22:31.200485200,9.7662,9.7662,0.0000,0.2108,9.8800,0.4008,9.4792,NA,NA,NA,NA,NA,NA,NA
python.exe,1968,0x0,Other,0,0,1,Hardware: Legacy Flip,2026-8-20 19:22:31.210251400,0.4948,0.4948,0.0000,0.3284,0.1789,0.0457,0.1332,3.2408,15.7362,14.2653,5973.2568,0.2941,NA,NA
python.exe,1968,0x0,Other,-1,0,0,Composed: Copy with GPU GDI,2026-8-20 19:22:31.210746200,2.3244,2.3244,0.0000,0.0125,3.0532,3.0532,0.0000,NA,NA,NA,NA,NA,NA,NA
python.exe,1968,0x0,Other,-1,0,0,Composed: Copy with GPU GDI,2026-8-20 19:22:31.213070600,8.3667,8.3667,0.0000,0.7431,7.9171,0.3886,7.5285,NA,NA,NA,NA,NA,NA,NA
python.exe,1968,0x0,Other,-1,0,0,Composed: Copy with GPU GDI,2026-8-20 19:22:31.221437300,3.2466,3.2466,0.0000,0.2964,3.1186,0.2683,2.8503,NA,NA,NA,NA,NA,NA,NA
python.exe,1968,0x0,Other,0,0,1,Hardware: Legacy Flip,2026-8-20 19:22:31.224683900,1.8363,1.8363,0.0000,0.1713,1.6785,0.0528,1.6257,4.5445,17.8013,-1.3037,5987.6893,0.2872,NA,NA
python.exe,1968,0x0,Other,-1,0,0,Composed: Copy with GPU GDI,2026-8-20 19:22:31.226520200,6.1664,6.1664,0.0000,0.0135,6.4771,2.7463,3.7308,NA,NA,NA,NA,NA,NA,NA
python.exe,1968,0x0,Other,-1,0,0,Composed: Copy with GPU GDI,2026-8-20 19:22:31.232686600,4.6106,4.6106,0.0000,0.3306,4.4732,0.2762,4.1970,NA,NA,NA,NA,NA,NA,NA
python.exe,1968,0x0,Other,-1,0,0,Composed: Copy with GPU GDI,2026-8-20 19:22:31.237297200,6.5501,6.5501,0.0000,0.1960,6.5501,0.2812,6.2689,NA,NA,NA,NA,NA,NA,NA
python.exe,1968,0x0,Other,0,0,1,Hardware: Legacy Flip,2026-8-20 19:22:31.243847300,0.4401,0.4401,0.0000,0.2000,0.2539,0.0511,0.2028,3.1824,16.1864,1.3621,6006.8527,0.2870,NA,NA
python.exe,1968,0x0,Other,-1,0,0,Composed: Copy with GPU GDI,2026-8-20 19:22:31.244287400,4.4673,4.4673,0.0000,0.0138,4.6546,2.6640,1.9906,NA,NA,NA,NA,NA,NA,NA
python.exe,1968,0x0,Other,-1,0,0,Composed: Copy with GPU GDI,2026-8-20 19:22:31.248754700,6.5349,6.5349,0.0000,0.2040,6.5283,0.2750,6.2533,NA,NA,NA,NA,NA,NA,NA
python.exe,1968,0x0,Other,0,0,1,Hardware: Legacy Flip,2026-8-20 19:22:31.255289600,4.9753,4.9753,0.0000,0.2001,4.7884,0.0504,4.7380,7.9265,14.4548,-4.7441,6018.2950,0.2835,NA,NA
python.exe,1968,0x0,Other,-1,0,0,Composed: Copy with GPU GDI,2026-8-20 19:22:31.260264900,0.5527,0.5527,0.0000,0.0132,3.0777,3.0777,0.0000,17.4060,2.9651,-9.4795,6023.2703,NA,NA,NA
python.exe,1968,0x0,Other,-1,0,0,Composed: Copy with GPU GDI,2026-8-20 19:22:31.260817600,7.6402,7.6402,0.0000,2.5408,5.3357,0.3305,5.0052,NA,NA,NA,NA,NA,NA,NA
python.exe,1968,0x0,Other,-1,0,0,Composed: Copy with GPU GDI,2026-8-20 19:22:31.268457800,8.9775,8.9775,0.0000,0.2389,9.1954,0.5581,8.6373,NA,NA,NA,NA,NA,NA,NA
python.exe,1968,0x0,Other,0,0,1,Hardware: Legacy Flip,2026-8-20 19:22:31.277435300,0.7553,0.7553,0.0000,0.4605,0.3405,0.0933,0.2472,3.2007,9.1650,14.2053,6040.4407,NA,NA,NA
python.exe,1968,0x0,Other,-1,0,0,Composed: Copy with GPU GDI,2026-8-20 19:22:31.278190600,1.7312,1.7312,0.0000,0.0457,2.8018,2.8018,0.0000,11.6104,6.9748,-8.4097,6041.1960,NA,NA,NA
python.exe,1968,0x0,Other,-1,0,0,Composed: Copy with GPU GDI,2026-8-20 19:22:31.279921800,8.2489,8.2489,0.0000,1.1184,7.3986,0.4107,6.9879,NA,NA,NA,NA,NA,NA,NA
python.exe,1968,0x0,Other,-1,0,0,Composed: Copy with GPU GDI,2026-8-20 19:22:31.288170700,2.9518,2.9518,0.0000,0.2716,2.8346,0.2751,2.5595,NA,NA,NA,NA,NA,NA,NA
python.exe,1968,0x0,Other,0,0,1,Hardware: Legacy Flip,2026-8-20 19:22:31.291122500,2.7364,2.7364,0.0000,0.1574,2.5927,0.0509,2.5418,5.6533,17.0501,5.9571,6054.1279,0.2717,NA,NA
python.exe,1968,0x0,Other,-1,0,0,Composed: Copy with GPU GDI,2026-8-20 19:22:31.293858900,5.3347,5.3347,0.0000,0.0137,5.6239,2.9583,2.6656,NA,NA,NA,NA,NA,NA,NA
python.exe,1968,0x0,Other,-1,0,0,Composed: Copy with GPU GDI,2026-8-20 19:22:31.299193600,4.4867,4.4867,0.0000,0.3059,4.3729,0.2772,4.0957,NA,NA,NA,NA,NA,NA,NA
python.exe,1968,0x0,Other,-1,0,0,Composed: Copy with GPU GDI,2026-8-20 19:22:31.303680300,6.7056,6.7056,0.0000,0.1949,6.7231,0.3128,6.4103,NA,NA,NA,NA,NA,NA,NA
python.exe,1968,0x0,Other,0,0,1,Hardware: Legacy Flip,2026-8-20 19:22:31.310385900,0.4347,0.4347,0.0000,0.2145,0.2337,0.0561,0.1776,3.4400,15.4548,2.2133,6073.3913,0.2908,NA,NA
python.exe,1968,0x0,Other,-1,0,0,Composed: Copy with GPU GDI,2026-8-20 19:22:31.310820600,5.3792,5.3792,0.0000,0.0135,5.6019,2.9533,2.6486,NA,NA,NA,NA,NA,NA,NA
python.exe,1968,0x0,Other,-1,0,0,Composed: Copy with GPU GDI,2026-8-20 19:22:31.316199800,6.0634,6.0634,0.0000,0.2391,6.0284,0.2748,5.7536,NA,NA,NA,NA,NA,NA,NA
python.exe,1968,0x0,Other,0,0,1,Hardware: Legacy Flip,2026-8-20 19:22:31.322263200,4.4622,4.4622,0.0000,0.2069,4.2720,0.0610,4.2110,7.0175,15.1403,-3.5775,6085.2686,NA,NA,NA
python.exe,1968,0x0,Other,-1,0,0,Composed: Copy with GPU GDI,2026-8-20 19:22:31.326725400,0.6178,0.6178,0.0000,0.0167,3.1488,3.1488,0.0000,17.6956,3.3210,-10.6781,6089.7308,NA,NA,NA
python.exe,1968,0x0,Other,-1,0,0,Composed: Copy with GPU GDI,2026-8-20 19:22:31.327343200,6.6215,6.6215,0.0000,2.5501,4.2724,0.2814,3.9910,NA,NA,NA,NA,NA,NA,NA
python.exe,1968,0x0,Other,-1,0,0,Composed: Copy with GPU GDI,2026-8-20 19:22:31.333964700,9.3547,9.3547,0.0000,0.2068,9.4468,0.3840,9.0628,NA,NA,NA,NA,NA,NA,NA
python.exe,1968,0x0,Other,0,0,1,Hardware: Legacy Flip,2026-8-20 19:22:31.343319400,1.5469,1.5469,0.0000,0.3067,1.2915,0.1026,1.1889,4.4226,33.8177,13.2730,6106.3248,0.2910,NA,NA
python.exe,1968,0x0,Other,-1,0,0,Composed: Copy with GPU GDI,2026-8-20 19:22:31.344866300,30.5640,30.5640,0.0000,0.0513,30.9181,2.9849,27.9332,NA,NA,NA,NA,NA,NA,NA
python.exe,1968,0x0,Other,-1,0,0,Composed: Copy with GPU GDI,2026-8-20 19:22:31.375430300,0.3680,0.3680,0.0000,0.4356,0.0656,0.0656,0.0000,NA,NA,NA,NA,NA,NA,NA
python.exe,1968,0x0,Other,0,0,1,Hardware: Legacy Flip,2026-8-20 19:22:31.375798300,3.1807,3.1807,0.0000,0.1049,3.1250,0.0871,3.0379,5.7614,14.2517,-1.3388,6138.8037,NA,NA,NA
python.exe,1968,0x0,Other,-1,0,0,Composed: Copy with GPU GDI,2026-8-20 19:22:31.378979000,3.7926,3.7926,0.0000,0.0492,3.9394,2.7328,1.2066,NA,NA,NA,NA,NA,NA,NA
python.exe,1968,0x0,Other,-1,0,0,Composed: Copy with GPU GDI,2026-8-20 19:22:31.382771600,6.2790,6.2790,0.0000,0.2025,6.2125,0.2703,5.9422,NA,NA,NA,NA,NA,NA,NA
python.exe,1968,0x0,Other,0,0,1,Hardware: Legacy Flip,2026-8-20 19:22:31.389050600,4.2559,4.2559,0.0000,0.1393,4.1320,0.0594,4.0726,6.7608,15.3457,-0.9994,6152.0560,NA,NA,NA
python.exe,1968,0x0,Other,-1,0,0,Composed: Copy with GPU GDI,2026-8-20 19:22:31.393306500,2.6303,2.6303,0.0000,0.0154,3.1027,3.0297,0.0730,17.8506,2.0657,-11.0898,6156.3119,NA,NA,NA
python.exe,1968,0x0,Other,-1,0,0,Composed: Copy with GPU GDI,2026-8-20 19:22:31.395936800,4.9394,4.9394,0.0000,0.4904,4.6421,0.2778,4.3643,NA,NA,NA,NA,NA,NA,NA
python.exe,1968,0x0,Other,-1,0,0,Composed: Copy with GPU GDI,2026-8-20 19:22:31.400876200,9.4253,9.4253,0.0000,0.1959,9.5636,0.4183,9.1453,NA,NA,NA,NA,NA,NA,NA
python.exe,1968,0x0,Other,0,0,1,Hardware: Legacy Flip,2026-8-20 19:22:31.410301500,0.5421,0.5421,0.0000,0.3372,0.2188,0.0565,0.1623,2.9213,16.1098,14.9293,6173.3069,NA,NA,NA
python.exe,1968,0x0,Other,-1,0,0,Composed: Copy with GPU GDI,2026-8-20 19:22:31.410843600,2.9932,2.9932,0.0000,0.0139,3.5617,3.0013,0.5604,18.4890,0.3260,-15.5677,6173.8490,NA,NA,NA
python.exe,1968,0x0,Other,-1,0,0,Composed: Copy with GPU GDI,2026-8-20 19:22:31.413836800,7.7162,7.7162,0.0000,0.5845,7.3975,0.3830,7.0145,NA,NA,NA,NA,NA,NA,NA
python.exe,1968,0x0,Other,-1,0,0,Composed: Copy with GPU GDI,2026-8-20 19:22:31.421553000,5.0924,5.0924,0.0000,0.2687,5.1079,0.3887,4.7192,NA,NA,NA,NA,NA,NA,NA
python.exe,1968,0x0,Other,0,0,1,Hardware: Legacy Flip,2026-8-20 19:22:31.426645400,0.6287,0.6287,0.0000,0.2891,0.3530,0.0519,0.3011,3.0132,17.2486,15.4758,6189.6508,NA,NA,NA
python.exe,1968,0x0,Other,-1,0,0,Composed: Copy with GPU GDI,2026-8-20 19:22:31.427274100,5.2765,5.2765,0.0000,0.0134,5.4396,2.5968,2.8428,NA,NA,NA,NA,NA,NA,NA
python.exe,1968,0x0,Other,-1,0,0,Composed: Copy with GPU GDI,2026-8-20 19:22:31.432550600,4.4924,4.4924,0.0000,0.1793,4.5141,0.2777,4.2364,NA,NA,NA,NA,NA,NA,NA
python.exe,1968,0x0,Other,-1,0,0,Composed: Copy with GPU GDI,2026-8-20 19:22:31.437043000,7.0731,7.0731,0.0000,0.2037,7.0763,0.2827,6.7936,NA,NA,NA,NA,NA,NA,NA
python.exe,1968,0x0,Other,0,0,1,Hardware: Legacy Flip,2026-8-20 19:22:31.444116100,0.3879,0.3879,0.0000,0.2096,0.2130,0.0766,0.1364,2.7911,15.6591,0.2221,6207.1215,NA,NA,NA
python.exe,1968,0x0,Other,-1,0,0,Composed: Copy with GPU GDI,2026-8-20 19:22:31.444504000,5.6020,5.6020,0.0000,0.0347,5.8557,2.6862,3.1695,NA,NA,NA,NA,NA,NA,NA
python.exe,1968,0x0,Other,-1,0,0,Composed: Copy with GPU GDI,2026-8-20 19:22:31.450106000,6.0155,6.0155,0.0000,0.2910,6.0235,0.3808,5.6427,NA,NA,NA,NA,NA,NA,NA
python.exe,1968,0x0,Other,0,0,1,Hardware: Legacy Flip,2026-8-20 19:22:31.456121500,3.9279,3.9279,0.0000,0.3020,3.6469,0.0676,3.5793,6.4448,15.2891,-3.6537,6219.1269,NA,NA,NA
python.exe,1968,0x0,Other,-1,0,0,Composed: Copy with GPU GDI,2026-8-20 19:22:31.460049400,1.1263,1.1263,0.0000,0.0210,3.1029,3.1029,0.0000,17.8060,1.6902,-11.3612,6223.0548,NA,NA,NA
python.exe,1968,0x0,Other,-1,0,0,Composed: Copy with GPU GDI,2026-8-20 19:22:31.461175700,6.1297,6.1297,0.0000,2.0000,4.3179,0.2839,4.0340,NA,NA,NA,NA,NA,NA,NA
python.exe,1968,0x0,Other,-1,0,0,Composed: Copy with GPU GDI,2026-8-20 19:22:31.467305400,6.1179,6.1179,0.0000,0.1930,6.0996,0.2783,5.8213,NA,NA,NA,NA,NA,NA,NA
python.exe,1968,0x0,Other,0,0,1,Hardware: Legacy Flip,2026-8-20 19:22:31.473423300,3.5891,3.5891,0.0000,0.1774,3.4261,0.0562,3.3699,6.1223,16.5303,11.6837,6236.4287,NA,NA,NA
python.exe,1968,0x0,Other,-1,0,0,Composed: Copy with GPU GDI,2026-8-20 19:22:31.477012400,2.8208,2.8208,0.0000,0.0144,3.1365,2.8750,0.2615,19.0635,0.3642,-12.9412,6240.0178,NA,NA,NA
python.exe,1968,0x0,Other,-1,0,0,Composed: Copy with GPU GDI,2026-8-20 19:22:31.479833200,8.0730,8.0730,0.0000,0.3321,8.2907,0.6334,7.6573,NA,NA,NA,NA,NA,NA,NA
python.exe,1968,0x0,Other,-1,0,0,Composed: Copy with GPU GDI,2026-8-20 19:22:31.487906200,4.5806,4.5806,0.0000,0.5537,4.4090,0.4626,3.9464,NA,NA,NA,NA,NA,NA,NA
python.exe,1968,0x0,Other,0,0,1,Hardware: Legacy Flip,2026-8-20 19:22:31.492486800,0.4508,0.4508,0.0000,0.3851,0.0782,0.0535,0.0247,3.9533,17.8465,15.1102,6255.4922,NA,NA,NA
python.exe,1968,0x0,Other,-1,0,0,Composed: Copy with GPU GDI,2026-8-20 19:22:31.492937600,6.7528,6.7528,0.0000,0.0125,7.2281,3.9945,3.2336,21.3490,1.8764,-17.3957,6255.9430,NA,NA,NA
python.exe,1968,0x0,Other,-1,0,0,Composed: Copy with GPU GDI,2026-8-20 19:22:31.499690400,3.3102,3.3102,0.0000,0.4912,3.4580,0.7119,2.7461,NA,NA,NA,NA,NA,NA,NA
python.exe,1968,0x0,Other,0,0,1,Hardware: Legacy Flip,2026-8-20 19:22:31.503000600,7.9125,7.9125,0.0000,0.6407,7.2853,0.0526,7.2327,13.1624,10.2524,8.1866,6266.0060,NA,NA,NA
python.exe,1968,0x0,Other,-1,0,0,Composed: Copy with GPU GDI,2026-8-20 19:22:31.510913100,0.5862,0.5862,0.0000,0.0135,3.6383,3.6383,0.0000,NA,NA,NA,NA,NA,NA,NA
python.exe,1968,0x0,Other,-1,0,0,Composed: Copy with GPU GDI,2026-8-20 19:22:31.511499300,4.5247,4.5247,0.0000,3.0656,2.5647,2.5647,0.0000,14.9161,6.3719,-1.7537,6274.5047,NA,NA,NA
python.exe,1968,0x0,Other,-1,0,0,Composed: Copy with GPU GDI,2026-8-20 19:22:31.516024000,6.8285,6.8285,0.0000,1.1081,5.9633,0.3264,5.6369,NA,NA,NA,NA,NA,NA,NA
python.exe,1968,0x0,Other,0,0,1,Hardware: Legacy Flip,2026-8-20 19:22:31.522852500,4.2698,4.2698,0.0000,0.2690,4.0172,0.0593,3.9579,9.9348,11.8075,4.9813,6285.8579,NA,NA,NA
python.exe,1968,0x0,Other,-1,0,0,Composed: Copy with GPU GDI,2026-8-20 19:22:31.527122300,0.9670,0.9670,0.0000,0.0164,3.9495,3.9495,0.0000,17.4725,5.1510,-7.5377,6290.1277,NA,NA,NA
python.exe,1968,0x0,Other,-1,0,0,Composed: Copy with GPU GDI,2026-8-20 19:22:31.528089300,5.5393,5.5393,0.0000,2.9989,2.9526,2.1197,0.8329,NA,NA,NA,NA,NA,NA,NA
python.exe,1968,0x0,Other,-1,0,0,Composed: Copy with GPU GDI,2026-8-20 19:22:31.533628600,6.0964,6.0964,0.0000,0.4148,6.2198,0.6086,5.6112,NA,NA,NA,NA,NA,NA,NA
python.exe,1968,0x0,Other,0,0,1,Hardware: Legacy Flip,2026-8-20 19:22:31.539725000,3.8714,3.8714,0.0000,0.5414,3.3425,0.0469,3.2956,10.0208,13.0583,7.4517,6302.7304,NA,NA,NA
python.exe,1968,0x0,Other,-1,0,0,Composed: Copy with GPU GDI,2026-8-20 19:22:31.543596400,2.5823,2.5823,0.0000,0.0125,4.1203,4.1203,0.0000,19.2077,0.9937,-9.1869,6306.6018,NA,NA,NA
python.exe,1968,0x0,Other,-1,0,0,Composed: Copy with GPU GDI,2026-8-20 19:22:31.546178700,8.6882,8.6882,0.0000,1.5505,7.6632,2.5552,5.1080,NA,NA,NA,NA,NA,NA,NA
python.exe,1968,0x0,Other,-1,0,0,Composed: Copy with GPU GDI,2026-8-20 19:22:31.554866900,4.0114,4.0114,0.0000,0.5288,4.4052,1.0181,3.3871,NA,NA,NA,NA,NA,NA,NA
python.exe,1968,0x0,Other,0,0,1,Hardware: Legacy Flip,2026-8-20 19:22:31.558878300,1.2531,1.2531,0.0000,0.9245,0.3408,0.0455,0.2953,4.9195,17.2078,14.2882,6321.8837,NA,NA,NA
python.exe,1968,0x0,Other,-1,0,0,Composed: Copy with GPU GDI,2026-8-20 19:22:31.560131400,6.1853,6.1853,0.0000,0.0122,6.6799,4.1645,2.5154,20.8742,1.9416,-15.9547,6323.1368,NA,NA,NA
python.exe,1968,0x0,Other,-1,0,0,Composed: Copy with GPU GDI,2026-8-20 19:22:31.566316700,4.6133,4.6133,0.0000,0.5099,4.3641,0.3325,4.0316,NA,NA,NA,NA,NA,NA,NA
python.exe,1968,0x0,Other,0,0,1,Hardware: Legacy Flip,2026-8-20 19:22:31.570930000,6.3377,6.3377,0.0000,0.2645,6.0856,0.0586,6.0270,12.0172,10.1881,8.8570,6333.9354,NA,NA,NA
python.exe,1968,0x0,Other,-1,0,0,Composed: Copy with GPU GDI,2026-8-20 19:22:31.577267700,1.1746,1.1746,0.0000,0.0124,3.8960,3.8960,0.0000,NA,NA,NA,NA,NA,NA,NA
python.exe,1968,0x0,Other,-1,0,0,Composed: Copy with GPU GDI,2026-8-20 19:22:31.578442300,4.0898,4.0898,0.0000,2.7338,2.3644,2.3644,0.0000,14.6930,6.9269,-2.6758,6341.4477,NA,NA,NA
python.exe,1968,0x0,Other,-1,0,0,Composed: Copy with GPU GDI,2026-8-20 19:22:31.582532100,5.5331,5.5331,0.0000,1.0102,5.2178,0.7616,4.4562,NA,NA,NA,NA,NA,NA,NA
python.exe,1968,0x0,Other,0,0,1,Hardware: Legacy Flip,2026-8-20 19:22:31.588065200,4.7895,4.7895,0.0000,0.6981,4.1026,0.0434,4.0592,11.9970,11.2708,2.6960,6351.0706,NA,NA,NA
python.exe,1968,0x0,Other,-1,0,0,Composed: Copy with GPU GDI,2026-8-20 19:22:31.592854700,1.6555,1.6555,0.0000,0.0112,5.6800,5.6800,0.0000,18.4783,4.9592,-6.4813,6355.8601,NA,NA,NA
python.exe,1968,0x0,Other,-1,0,0,Composed: Copy with GPU GDI,2026-8-20 19:22:31.594510200,7.0894,7.0894,0.0000,4.0357,3.6773,2.1514,1.5259,NA,NA,NA,NA,NA,NA,NA
python.exe,1968,0x0,Other,-1,0,0,Composed: Copy with GPU GDI,2026-8-20 19:22:31.601599600,8.1600,8.1600,0.0000,8.6226,0.1250,0.1250,0.0000,NA,NA,NA,NA,NA,NA,NA
python.exe,1968,0x0,Other,0,0,1,Hardware: Legacy Flip,2026-8-20 19:22:31.609759600,0.4493,0.4493,0.0000,0.0000,7.9969,0.5388,7.4581,6.5326,13.2755,11.9457,6372.7650,NA,NA,NA
python.exe,1968,0x0,Other,-1,0,0,Composed: Copy with GPU GDI,2026-8-20 19:22:31.610208900,2.4736,2.4736,0.0000,0.1383,4.0027,4.0027,0.0000,19.3588,0.1577,-12.8262,6373.2143,NA,NA,NA
python.exe,1968,0x0,Other,-1,0,0,Composed: Copy with GPU GDI,2026-8-20 19:22:31.612682500,8.2447,8.2447,0.0000,1.6674,7.0572,2.4274,4.6298,NA,NA,NA,NA,NA,NA,NA
python.exe,1968,0x0,Other,-1,0,0,Composed: Copy with GPU GDI,2026-8-20 19:22:31.620927200,3.3389,3.3389,0.0000,0.4826,3.4807,0.7055,2.7752,NA,NA,NA,NA,NA,NA,NA
python.exe,1968,0x0,Other,0,0,1,Hardware: Legacy Flip,2026-8-20 19:22:31.624266100,1.7181,1.7181,0.0000,0.6262,1.1037,0.0446,1.0591,5.4593,18.0135,13.8995,6387.2715,NA,NA,NA
python.exe,1968,0x0,Other,-1,0,0,Composed: Copy with GPU GDI,2026-8-20 19:22:31.625984200,6.4379,6.4379,0.0000,0.0118,6.8234,4.1268,2.6966,21.7547,2.0433,-16.2954,6388.9896,NA,NA,NA
python.exe,1968,0x0,Other,-1,0,0,Composed: Copy with GPU GDI,2026-8-20 19:22:31.632422100,5.0592,5.0592,0.0000,0.4006,4.9220,0.3344,4.5876,NA,NA,NA,NA,NA,NA,NA
python.exe,1968,0x0,Other,0,0,1,Hardware: Legacy Flip,2026-8-20 19:22:31.637481300,6.4200,6.4200,0.0000,0.2663,6.1659,0.0458,6.1201,12.3009,10.0849,9.4538,6400.4867,NA,NA,NA
python.exe,1968,0x0,Other,-1,0,0,Composed: Copy with GPU GDI,2026-8-20 19:22:31.643901300,0.1503,0.1503,0.0000,0.0122,0.8016,0.8016,0.0000,15.9658,5.3877,-3.6649,6406.9067,NA,NA,NA
python.exe,1968,0x0,Other,-1,0,0,Composed: Copy with GPU GDI,2026-8-20 19:22:31.644051600,4.3882,4.3882,0.0000,0.6635,6.6653,6.6653,0.0000,NA,NA,NA,NA,NA,NA,NA
python.exe,1968,0x0,Other,-1,0,0,Composed: Copy with GPU GDI,2026-8-20 19:22:31.648439800,7.0615,7.0615,0.0000,2.9427,4.4360,0.3850,4.0510,NA,NA,NA,NA,NA,NA,NA
python.exe,1968,0x0,Other,0,0,1,Hardware: Legacy Flip,2026-8-20 19:22:31.655501300,4.4577,4.4577,0.0000,0.3201,4.1817,0.0865,4.0952,9.7535,12.8058,6.2123,6418.5067,NA,NA,NA
python.exe,1968,0x0,Other,-1,0,0,Composed: Copy with GPU GDI,2026-8-20 19:22:31.659959000,1.0493,1.0493,0.0000,0.0441,2.5607,2.5607,0.0000,18.1016,2.1088,-8.3481,6422.9644,NA,NA,NA
python.exe,1968,0x0,Other,-1,0,0,Composed: Copy with GPU GDI,2026-8-20 19:22:31.661008300,6.5458,6.5458,0.0000,1.5555,5.3718,3.0875,2.2843,NA,NA,NA,NA,NA,NA,NA
python.exe,1968,0x0,Other,-1,0,0,Composed: Copy with GPU GDI,2026-8-20 19:22:31.667554100,8.5487,8.5487,0.0000,0.3844,8.5480,0.4626,8.0854,NA,NA,NA,NA,NA,NA,NA
python.exe,1968,0x0,Other,0,0,1,Hardware: Legacy Flip,2026-8-20 19:22:31.676102800,0.5464,0.5464,0.0000,0.3876,0.1704,0.0471,0.1233,4.0666,16.1005,14.0350,6439.1082,NA,NA,NA
python.exe,1968,0x0,Other,-1,0,0,Composed: Copy with GPU GDI,2026-8-20 19:22:31.676649200,2.5126,2.5126,0.0000,0.0116,4.7890,4.7890,0.0000,19.6207,0.8743,-15.5541,6439.6546,NA,NA,NA
python.exe,1968,0x0,Other,-1,0,0,Composed: Copy with GPU GDI,2026-8-20 19:22:31.679161800,8.4452,8.4452,0.0000,2.2902,6.6677,0.5784,6.0893,NA,NA,NA,NA,NA,NA,NA
python.exe,1968,0x0,Other,-1,0,0,Composed: Copy with GPU GDI,2026-8-20 19:22:31.687607000,4.2888,4.2888,0.0000,0.5154,4.0198,0.3095,3.7103,NA,NA,NA,NA,NA,NA,NA
python.exe,1968,0x0,Other,0,0,1,Hardware: Legacy Flip,2026-8-20 19:22:31.691895800,2.1983,2.1983,0.0000,0.2494,1.9628,0.0532,1.9096,5.2484,17.3333,14.3723,6454.9012,NA,NA,NA
python.exe,1968,0x0,Other,-1,0,0,Composed: Copy with GPU GDI,2026-8-20 19:22:31.694094100,5.2098,5.2098,0.0000,0.0139,5.7840,3.6327,2.1513,20.3834,0.6343,-15.1350,6457.0995,NA,NA,NA
python.exe,1968,0x0,Other,-1,0,0,Composed: Copy with GPU GDI,2026-8-20 19:22:31.699303900,5.0523,5.0523,0.0000,0.5914,4.6773,0.2811,4.3962,NA,NA,NA,NA,NA,NA,NA
python.exe,1968,0x0,Other,0,0,1,Hardware: Legacy Flip,2026-8-20 19:22:31.704356200,6.3569,6.3569,0.0000,0.2195,6.1492,0.0464,6.1028,10.7556,11.4971,9.6278,6467.3616,NA,NA,NA
python.exe,1968,0x0,Other,-1,0,0,Composed: Copy with GPU GDI,2026-8-20 19:22:31.710713100,0.2387,0.2387,0.0000,0.0118,3.0166,3.0166,0.0000,15.8958,4.2890,-5.1402,6473.7185,NA,NA,NA
python.exe,1968,0x0,Other,-1,0,0,Composed: Copy with GPU GDI,2026-8-20 19:22:31.710951800,4.9371,4.9371,0.0000,2.7897,2.4734,1.7174,0.7560,NA,NA,NA,NA,NA,NA,NA
python.exe,1968,0x0,Other,-1,0,0,Composed: Copy with GPU GDI,2026-8-20 19:22:31.715888900,6.0622,6.0622,0.0000,0.3300,5.9619,0.2996,5.6623,NA,NA,NA,NA,NA,NA,NA
python.exe,1968,0x0,Other,0,0,1,Hardware: Legacy Flip,2026-8-20 19:22:31.721951100,4.4198,4.4198,0.0000,0.2338,4.2001,0.0533,4.1468,8.9468,13.9108,6.9490,6484.9565,NA,NA,NA
python.exe,1968,0x0,Other,-1,0,0,Composed: Copy with GPU GDI,2026-8-20 19:22:31.726370900,5.8885,5.8885,0.0000,0.0141,6.2857,4.9379,1.3478,18.4378,3.8097,-9.4910,6489.3763,NA,NA,NA
python.exe,1968,0x0,Other,-1,0,0,Composed: Copy with GPU GDI,2026-8-20 19:22:31.732259400,3.8260,3.8260,0.0000,0.4150,3.7707,0.4410,3.3297,NA,NA,NA,NA,NA,NA,NA
python.exe,1968,0x0,Other,-1,0,0,Composed: Copy with GPU GDI,2026-8-20 19:22:31.736085400,7.2374,7.2374,0.0000,0.3639,7.2043,0.4089,6.7954,NA,NA,NA,NA,NA,NA,NA
python.exe,1968,0x0,Other,0,0,1,Hardware: Legacy Flip,2026-8-20 19:22:31.743322800,0.3952,0.3952,0.0000,0.3357,0.0709,0.0500,0.0209,5.2956,14.3890,13.1422,6506.3282,NA,NA,NA
python.exe,1968,0x0,Other,-1,0,0,Composed: Copy with GPU GDI,2026-8-20 19:22:31.743718000,2.3786,2.3786,0.0000,0.0114,4.3445,4.3445,0.0000,19.2894,0.2877,-13.9938,6506.7234,NA,NA,NA
python.exe,1968,0x0,Other,-1,0,0,Composed: Copy with GPU GDI,2026-8-20 19:22:31.746096600,8.0961,8.0961,0.0000,1.9773,7.1319,1.5641,5.5678,NA,NA,NA,NA,NA,NA,NA
python.exe,1968,0x0,Other,-1,0,0,Composed: Copy with GPU GDI,2026-8-20 19:22:31.754192700,4.4541,4.4541,0.0000,1.0153,3.6855,0.3143,3.3712,NA,NA,NA,NA,NA,NA,NA
python.exe,1968,0x0,Other,0,0,1,Hardware: Legacy Flip,2026-8-20 19:22:31.758646800,1.7450,1.7450,0.0000,0.2496,1.5077,0.0459,1.4618,4.6483,17.9121,14.6411,6521.6522,NA,NA,NA
python.exe,1968,0x0,Other,-1,0,0,Composed: Copy with GPU GDI,2026-8-20 19:22:31.760391800,5.3165,5.3165,0.0000,0.0123,5.9462,3.5374,2.4088,20.8154,0.5035,-16.1671,6523.3972,NA,NA,NA
python.exe,1968,0x0,Other,-1,0,0,Composed: Copy with GPU GDI,2026-8-20 19:22:31.765708300,4.6581,4.6581,0.0000,0.6442,4.4732,0.5340,3.9392,NA,NA,NA,NA,NA,NA,NA
python.exe,1968,0x0,Other,0,0,1,Hardware: Legacy Flip,2026-8-20 19:22:31.770366400,6.8623,6.8623,0.0000,0.4624,6.4124,0.0466,6.3658,11.3443,11.6350,9.4711,6533.3718,NA,NA,NA
python.exe,1968,0x0,Other,-1,0,0,Composed: Copy with GPU GDI,2026-8-20 19:22:31.777228700,0.9835,0.9835,0.0000,0.0125,2.9530,2.9530,0.0000,16.1170,5.9886,-4.7727,6540.2341,NA,NA,NA
python.exe,1968,0x0,Other,-1,0,0,Composed: Copy with GPU GDI,2026-8-20 19:22:31.778212200,4.1358,4.1358,0.0000,1.9820,2.7491,2.1076,0.6415,NA,NA,NA,NA,NA,NA,NA
python.exe,1968,0x0,Other,-1,0,0,Composed: Copy with GPU GDI,2026-8-20 19:22:31.782348000,6.5247,6.5247,0.0000,0.5986,6.1692,0.3083,5.8609,NA,NA,NA,NA,NA,NA,NA
python.exe,1968,0x0,Other,0,0,1,Hardware: Legacy Flip,2026-8-20 19:22:31.788872700,4.3935,4.3935,0.0000,0.2472,4.1625,0.0537,4.1088,10.4616,12.1958,5.6554,6551.8781,NA,NA,NA
python.exe,1968,0x0,Other,-1,0,0,Composed: Copy with GPU GDI,2026-8-20 19:22:31.793266200,0.6681,0.6681,0.0000,0.0162,4.2384,4.2384,0.0000,18.2639,1.8939,-7.8023,6556.2716,NA,NA,NA
python.exe,1968,0x0,Other,-1,0,0,Composed: Copy with GPU GDI,2026-8-20 19:22:31.793934300,6.4793,6.4793,0.0000,3.5865,3.2108,2.1554,1.0554,NA,NA,NA,NA,NA,NA,NA
python.exe,1968,0x0,Other,-1,0,0,Composed: Copy with GPU GDI,2026-8-20 19:22:31.800413600,5.8284,5.8284,0.0000,0.3216,6.1300,0.7098,5.4202,NA,NA,NA,NA,NA,NA,NA
python.exe,1968,0x0,Other,0,0,1,Hardware: Legacy Flip,2026-8-20 19:22:31.806242000,3.8983,3.8983,0.0000,0.6265,3.2831,0.0462,3.2369,7.1820,16.3157,11.0819,6569.2474,NA,NA,NA
python.exe,1968,0x0,Other,-1,0,0,Composed: Copy with GPU GDI,2026-8-20 19:22:31.810140300,3.0370,3.0370,0.0000,0.0113,4.1744,4.1744,0.0000,19.5994,0.4630,-12.4174,6573.1457,NA,NA,NA
python.exe,1968,0x0,Other,-1,0,0,Composed: Copy with GPU GDI,2026-8-20 19:22:31.813177300,7.6481,7.6481,0.0000,1.1504,6.9740,0.5455,6.4285,NA,NA,NA,NA,NA,NA,NA
python.exe,1968,0x0,Other,-1,0,0,Composed: Copy with GPU GDI,2026-8-20 19:22:31.820825400,4.4380,4.4380,0.0000,0.4809,4.1997,0.3101,3.8896,NA,NA,NA,NA,NA,NA,NA
python.exe,1968,0x0,Other,0,0,1,Hardware: Legacy Flip,2026-8-20 19:22:31.825263400,1.8071,1.8071,0.0000,0.2454,1.5757,0.0571,1.5186,4.9393,17.5008,14.6601,6588.2688,NA,NA,NA
python.exe,1968,0x0,Other,-1,0,0,Composed: Copy with GPU GDI,2026-8-20 19:22:31.827070500,4.9296,4.9296,0.0000,0.0140,5.3081,3.5262,1.7819,NA,NA,NA,NA,NA,NA,NA
python.exe,1968,0x0,Other,-1,0,0,Composed: Copy with GPU GDI,2026-8-20 19:22:31.832000100,4.4279,4.4279,0.0000,0.3952,4.8296,0.8825,3.9471,NA,NA,NA,NA,NA,NA,NA
python.exe,1968,0x0,Other,-1,0,0,Composed: Copy with GPU GDI,2026-8-20 19:22:31.836428000,7.7652,7.7652,0.0000,0.7991,7.3180,0.4225,6.8955,NA,NA,NA,NA,NA,NA,NA
python.exe,1968,0x0,Other,0,0,1,Hardware: Legacy Flip,2026-8-20 19:22:31.844193200,0.3684,0.3684,0.0000,0.3519,0.0529,0.0529,0.0000,3.5103,17.0768,1.4290,6607.1986,NA,NA,NA
python.exe,1968,0x0,Other,-1,0,0,Composed: Copy with GPU GDI,2026-8-20 19:22:31.844561600,4.9375,4.9375,0.0000,0.0364,5.4978,3.7021,1.7957,NA,NA,NA,NA,NA,NA,NA
python.exe,1968,0x0,Other,-1,0,0,Composed: Copy with GPU GDI,2026-8-20 19:22:31.849499100,6.0420,6.0420,0.0000,0.5985,5.7696,0.3913,5.3783,NA,NA,NA,NA,NA,NA,NA
python.exe,1968,0x0,Other,0,0,1,Hardware: Legacy Flip,2026-8-20 19:22:31.855541100,4.4396,4.4396,0.0000,0.3287,4.1246,0.0539,4.0707,9.2392,13.4782,-5.7289,6618.5465,NA,NA,NA
python.exe,1968,0x0,Other,-1,0,0,Composed: Copy with GPU GDI,2026-8-20 19:22:31.859980700,0.6644,0.6644,0.0000,0.0137,2.5339,2.5339,0.0000,18.2778,1.5182,-9.0386,6622.9861,NA,NA,NA
python.exe,1968,0x0,Other,-1,0,0,Composed: Copy with GPU GDI,2026-8-20 19:22:31.860645100,6.9538,6.9538,0.0000,1.8832,5.4234,2.6156,2.8078,NA,NA,NA,NA,NA,NA,NA
python.exe,1968,0x0,Other,-1,0,0,Composed: Copy with GPU GDI,2026-8-20 19:22:31.867598900,5.5468,5.5468,0.0000,0.3571,6.9758,1.8560,5.1198,NA,NA,NA,NA,NA,NA,NA
python.exe,1968,0x0,Other,0,0,1,Hardware: Legacy Flip,2026-8-20 19:22:31.873145700,3.5517,3.5517,0.0000,1.7892,1.7741,0.0466,1.7275,6.6310,15.7127,11.6468,6636.1511,NA,NA,NA
python.exe,1968,0x0,Other,-1,0,0,Composed: Copy with GPU GDI,2026-8-20 19:22:31.876697400,4.0535,4.0535,0.0000,0.0116,4.5657,3.6046,0.9611,NA,NA,NA,NA,NA,NA,NA
python.exe,1968,0x0,Other,-1,0,0,Composed: Copy with GPU GDI,2026-8-20 19:22:31.880750900,6.8249,6.8249,0.0000,0.5256,6.7576,0.5295,6.2281,NA,NA,NA,NA,NA,NA,NA
python.exe,1968,0x0,Other,-1,0,0,Composed: Copy with GPU GDI,2026-8-20 19:22:31.887575800,4.2504,4.2504,0.0000,0.4619,4.1566,0.4417,3.7149,NA,NA,NA,NA,NA,NA,NA
python.exe,1968,0x0,Other,0,0,1,Hardware: Legacy Flip,2026-8-20 19:22:31.891826200,0.7663,0.7663,0.0000,0.3725,0.4057,0.0473,0.3584,3.6632,17.5773,2.9678,6654.8316,NA,NA,NA
python.exe,1968,0x0,Other,-1,0,0,Composed: Copy with GPU GDI,2026-8-20 19:22:31.892592500,6.6131,6.6131,0.0000,0.0119,7.1131,3.4027,3.7104,NA,NA,NA,NA,NA,NA,NA
python.exe,1968,0x0,Other,-1,0,0,Composed: Copy with GPU GDI,2026-8-20 19:22:31.899205600,5.1848,5.1848,0.0000,0.5145,4.9060,0.3013,4.6047,NA,NA,NA,NA,NA,NA,NA
python.exe,1968,0x0,Other,0,0,1,Hardware: Legacy Flip,2026-8-20 19:22:31.904390400,5.9076,5.9076,0.0000,0.2393,5.6803,0.0493,5.6310,8.6763,13.7429,-5.0131,6667.3958,NA,NA,NA
python.exe,1968,0x0,Other,-1,0,0,Composed: Copy with GPU GDI,2026-8-20 19:22:31.910298000,1.1603,1.1603,0.0000,0.0120,3.7939,3.7939,0.0000,16.5116,4.2130,-7.8353,6673.3034,NA,NA,NA
python.exe,1968,0x0,Other,-1,0,0,Composed: Copy with GPU GDI,2026-8-20 19:22:31.911458300,4.4923,4.4923,0.0000,2.6472,2.1047,0.3355,1.7692,NA,NA,NA,NA,NA,NA,NA
python.exe,1968,0x0,Other,-1,0,0,Composed: Copy with GPU GDI,2026-8-20 19:22:31.915950600,6.0358,6.0358,0.0000,0.2621,6.0790,0.3707,5.7083,NA,NA,NA,NA,NA,NA,NA
python.exe,1968,0x0,Other,0,0,1,Hardware: Legacy Flip,2026-8-20 19:22:31.921986400,4.4591,4.4591,0.0000,0.3080,4.1658,0.0547,4.1111,9.0362,13.9769,7.4754,6684.9918,NA,NA,NA
python.exe,1968,0x0,Other,-1,0,0,Composed: Copy with GPU GDI,2026-8-20 19:22:31.926445500,1.0749,1.0749,0.0000,0.0147,2.7115,2.7115,0.0000,18.5540,1.3351,-9.5178,6689.4509,NA,NA,NA
python.exe,1968,0x0,Other,-1,0,0,Composed: Copy with GPU GDI,2026-8-20 19:22:31.927520400,6.0789,6.0789,0.0000,1.6513,5.0732,2.5205,2.5527,NA,NA,NA,NA,NA,NA,NA
python.exe,1968,0x0,Other,-1,0,0,Composed: Copy with GPU GDI,2026-8-20 19:22:31.933599300,6.0841,6.0841,0.0000,0.6483,6.1371,0.7741,5.3630,NA,NA,NA,NA,NA,NA,NA
python.exe,1968,0x0,Other,0,0,1,Hardware: Legacy Flip,2026-8-20 19:22:31.939683400,3.8767,3.8767,0.0000,0.7041,3.1849,0.0473,3.1376,6.6512,16.8441,11.9028,6702.6888,NA,NA,NA
python.exe,1968,0x0,Other,-1,0,0,Composed: Copy with GPU GDI,2026-8-20 19:22:31.943560100,2.6051,2.6051,0.0000,0.0123,4.0628,4.0628,0.0000,19.6186,0.1766,-12.9674,6706.5655,NA,NA,NA
python.exe,1968,0x0,Other,-1,0,0,Composed: Copy with GPU GDI,2026-8-20 19:22:31.946165200,8.2482,8.2482,0.0000,1.4732,7.2239,0.5211,6.7028,NA,NA,NA,NA,NA,NA,NA
python.exe,1968,0x0,Other,-1,0,0,Composed: Copy with GPU GDI,2026-8-20 19:22:31.954413400,4.4087,4.4087,0.0000,0.4520,4.1727,0.2933,3.8794,NA,NA,NA,NA,NA,NA,NA
python.exe,1968,0x0,Other,0,0,1,Hardware: Legacy Flip,2026-8-20 19:22:31.958822100,1.7400,1.7400,0.0000,0.2193,1.5334,0.0474,1.4860,4.5332,18.0384,15.0854,6721.8275,NA,NA,NA
python.exe,1968,0x0,Other,-1,0,0,Composed: Copy with GPU GDI,2026-8-20 19:22:31.960562100,5.2288,5.2288,0.0000,0.0127,5.6892,3.2636,2.4256,20.8316,0.4940,-16.2984,6723.5675,NA,NA,NA
python.exe,1968,0x0,Other,-1,0,0,Composed: Copy with GPU GDI,2026-8-20 19:22:31.965790900,5.0872,5.0872,0.0000,0.4765,4.8232,0.2934,4.5298,NA,NA,NA,NA,NA,NA,NA
python.exe,1968,0x0,Other,0,0,1,Hardware: Legacy Flip,2026-8-20 19:22:31.970878100,6.3777,6.3777,0.0000,0.2153,6.1830,0.0596,6.1234,11.0096,11.6213,9.8220,6733.8835,NA,NA,NA
python.exe,1968,0x0,Other,-1,0,0,Composed: Copy with GPU GDI,2026-8-20 19:22:31.977255800,0.6357,0.6357,0.0000,0.0206,3.6346,3.6346,0.0000,16.2532,4.8855,-5.2436,6740.2612,NA,NA,NA
python.exe,1968,0x0,Other,-1,0,0,Composed: Copy with GPU GDI,2026-8-20 19:22:31.977891500,4.5596,4.5596,0.0000,3.0195,2.3326,1.7887,0.5439,NA,NA,NA,NA,NA,NA,NA
python.exe,1968,0x0,Other,-1,0,0,Composed: Copy with GPU GDI,2026-8-20 19:22:31.982451100,6.2171,6.2171,0.0000,0.7941,5.8359,0.5476,5.2883,NA,NA,NA,NA,NA,NA,NA
python.exe,1968,0x0,Other,0,0,1,Hardware: Legacy Flip,2026-8-20 19:22:31.988668200,4.0625,4.0625,0.0000,0.4176,3.6575,0.0542,3.6033,9.7263,13.3229,6.5269,6751.6736,NA,NA,NA
python.exe,1968,0x0,Other,-1,0,0,Composed: Copy with GPU GDI,2026-8-20 19:22:31.992730700,1.7336,1.7336,0.0000,0.0126,3.8945,3.8945,0.0000,18.9867,1.3306,-9.2604,6755.7361,NA,NA,NA
python.exe,1968,0x0,Other,-1,0,0,Composed: Copy with GPU GDI,2026-8-20 19:22:31.994464300,6.0589,6.0589,0.0000,2.1735,4.4390,2.3193,2.1197,NA,NA,NA,NA,NA,NA,NA
python.exe,1968,0x0,Other,-1,0,0,Composed: Copy with GPU GDI,2026-8-20 19:22:32.000523200,6.1054,6.1054,0.0000,0.5564,6.2969,0.8370,5.4599,NA,NA,NA,NA,NA,NA,NA
python.exe,1968,0x0,Other,0,0,1,Hardware: Legacy Flip,2026-8-20 19:22:32.006628600,3.5864,3.5864,0.0000,0.7512,2.8476,0.0488,2.7988,6.4194,16.2184,12.5673,6769.6340,NA,NA,NA
python.exe,1968,0x0,Other,-1,0,0,Composed: Copy with GPU GDI,2026-8-20 19:22:32.010215000,2.9091,2.9091,0.0000,0.0124,4.0578,4.0578,0.0000,NA,NA,NA,NA,NA,NA,NA
python.exe,1968,0x0,Other,-1,0,0,Composed: Copy with GPU GDI,2026-8-20 19:22:32.013124100,7.9113,7.9113,0.0000,1.1630,7.2376,0.5978,6.6398,NA,NA,NA,NA,NA,NA,NA
python.exe,1968,0x0,Other,-1,0,0,Composed: Copy with GPU GDI,2026-8-20 19:22:32.021035400,4.1533,4.1533,0.0000,0.4953,3.8806,0.3014,3.5792,NA,NA,NA,NA,NA,NA,NA
python.exe,1968,0x0,Other,0,0,1,Hardware: Legacy Flip,2026-8-20 19:22:32.025188700,1.2287,1.2287,0.0000,0.2258,1.0150,0.0461,0.9689,4.0777,18.8692,2.3417,6788.1941,NA,NA,NA
python.exe,1968,0x0,Other,-1,0,0,Composed: Copy with GPU GDI,2026-8-20 19:22:32.026417400,5.7749,5.7749,0.0000,0.0121,6.1283,3.2181,2.9102,NA,NA,NA,NA,NA,NA,NA
python.exe,1968,0x0,Other,-1,0,0,Composed: Copy with GPU GDI,2026-8-20 19:22:32.032192300,4.4002,4.4002,0.0000,0.3687,4.8547,0.9127,3.9420,NA,NA,NA,NA,NA,NA,NA
python.exe,1968,0x0,Other,-1,0,0,Composed: Copy with GPU GDI,2026-8-20 19:22:32.036592500,6.8331,6.8331,0.0000,7.0868,0.7056,0.7056,0.0000,NA,NA,NA,NA,NA,NA,NA
python.exe,1968,0x0,Other,0,0,1,Hardware: Legacy Flip,2026-8-20 19:22:32.043425600,0.2421,0.2421,0.0000,0.0000,6.2614,0.3321,5.9293,4.7100,15.8347,-0.6323,6806.4310,NA,NA,NA
python.exe,1968,0x0,Other,-1,0,0,Composed: Copy with GPU GDI,2026-8-20 19:22:32.043667700,5.6660,5.6660,0.0000,0.7172,5.6019,4.3725,1.2294,NA,NA,NA,NA,NA,NA,NA
python.exe,1968,0x0,Other,-1,0,0,Composed: Copy with GPU GDI,2026-8-20 19:22:32.049333700,6.1281,6.1281,0.0000,0.6549,5.8344,0.4469,5.3875,NA,NA,NA,NA,NA,NA,NA
python.exe,1968,0x0,Other,0,0,1,Hardware: Legacy Flip,2026-8-20 19:22:32.055461800,4.3925,4.3925,0.0000,0.3665,4.0374,0.0464,3.9910,8.5085,14.4911,-3.7985,6818.4672,NA,NA,NA
python.exe,1968,0x0,Other,-1,0,0,Composed: Copy with GPU GDI,2026-8-20 19:22:32.059854300,0.5801,0.5801,0.0000,0.0114,2.3138,2.3138,0.0000,18.6071,1.5423,-10.0986,6822.8597,NA,NA,NA
python.exe,1968,0x0,Other,-1,0,0,Composed: Copy with GPU GDI,2026-8-20 19:22:32.060434400,7.3229,7.3229,0.0000,1.7451,5.9195,2.1467,3.7728,NA,NA,NA,NA,NA,NA,NA
python.exe,1968,0x0,Other,-1,0,0,Composed: Copy with GPU GDI,2026-8-20 19:22:32.067757300,8.9799,8.9799,0.0000,0.3445,8.9897,0.4310,8.5587,NA,NA,NA,NA,NA,NA,NA
python.exe,1968,0x0,Other,0,0,1,Hardware: Legacy Flip,2026-8-20 19:22:32.076737200,0.5339,0.5339,0.0000,0.3596,0.1861,0.0552,0.1309,3.2665,14.6683,15.3406,6839.7426,NA,NA,NA
python.exe,1968,0x0,Other,-1,0,0,Composed: Copy with GPU GDI,2026-8-20 19:22:32.077271100,3.4592,3.4592,0.0000,0.0118,3.9338,3.2204,0.7134,NA,NA,NA,NA,NA,NA,NA
python.exe,1968,0x0,Other,-1,0,0,Composed: Copy with GPU GDI,2026-8-20 19:22:32.080730300,7.2897,7.2897,0.0000,0.4888,6.9613,0.2259,6.7354,NA,NA,NA,NA,NA,NA,NA
python.exe,1968,0x0,Other,-1,0,0,Composed: Copy with GPU GDI,2026-8-20 19:22:32.088020000,3.4704,3.4704,0.0000,0.1643,3.4572,0.2312,3.2260,NA,NA,NA,NA,NA,NA,NA
python.exe,1968,0x0,Other,0,0,1,Hardware: Legacy Flip,2026-8-20 19:22:32.091490400,1.6311,1.6311,0.0000,0.1564,1.4867,0.0440,1.4427,3.1816,18.1664,0.0849,6854.4958,NA,NA,NA
python.exe,1968,0x0,Other,-1,0,0,Composed: Copy with GPU GDI,2026-8-20 19:22:32.093121500,6.3763,6.3763,0.0000,0.0120,6.4929,1.7109,4.7820,NA,NA,NA,NA,NA,NA,NA
python.exe,1968,0x0,Other,-1,0,0,Composed: Copy with GPU GDI,2026-8-20 19:22:32.099497800,4.0866,4.0866,0.0000,0.1324,4.2837,0.4200,3.8637,NA,NA,NA,NA,NA,NA,NA
python.exe,1968,0x0,Other,0,0,1,Hardware: Legacy Flip,2026-8-20 19:22:32.103584400,7.6839,7.6839,0.0000,0.3331,7.3835,0.0666,7.3169,9.2540,14.1471,-6.0724,6866.5898,NA,NA,NA
python.exe,1968,0x0,Other,-1,0,0,Composed: Copy with GPU GDI,2026-8-20 19:22:32.111268300,0.2745,0.2745,0.0000,0.0327,1.6790,1.6790,0.0000,15.7172,1.1499,-6.4632,6874.2737,NA,NA,NA
python.exe,1968,0x0,Other,-1,0,0,Composed: Copy with GPU GDI,2026-8-20 19:22:32.111542800,4.5501,4.5501,0.0000,1.4424,3.2576,0.2165,3.0411,NA,NA,NA,NA,NA,NA,NA
python.exe,1968,0x0,Other,-1,0,0,Composed: Copy with GPU GDI,2026-8-20 19:22:32.116092900,6.5618,6.5618,0.0000,0.1538,6.5574,0.2152,6.3422,NA,NA,NA,NA,NA,NA,NA
python.exe,1968,0x0,Other,0,0,1,Hardware: Legacy Flip,2026-8-20 19:22:32.122654700,3.9284,3.9284,0.0000,0.1532,3.7890,0.0512,3.7378,5.4807,17.1046,10.2365,6885.6601,NA,NA,NA
python.exe,1968,0x0,Other,-1,0,0,Composed: Copy with GPU GDI,2026-8-20 19:22:32.126583100,0.6118,0.6118,0.0000,0.0138,1.6860,1.6860,0.0000,NA,NA,NA,NA,NA,NA,NA
python.exe,1968,0x0,Other,-1,0,0,Composed: Copy with GPU GDI,2026-8-20 19:22:32.127194900,7.0650,7.0650,0.0000,1.0898,6.1107,0.2176,5.8931,NA,NA,NA,NA,NA,NA,NA
python.exe,1968,0x0,Other,-1,0,0,Composed: Copy with GPU GDI,2026-8-20 19:22:32.134259900,8.9710,8.9710,0.0000,0.1397,8.9809,0.2216,8.7593,NA,NA,NA,NA,NA,NA,NA
python.exe,1968,0x0,Other,0,0,1,Hardware: Legacy Flip,2026-8-20 19:22:32.143230900,0.4108,0.4108,0.0000,0.1544,0.2683,0.0451,0.2232,2.0091,16.6579,3.4716,6906.2363,NA,NA,NA
python.exe,1968,0x0,Other,-1,0,0,Composed: Copy with GPU GDI,2026-8-20 19:22:32.143641700,2.7092,2.7092,0.0000,0.0119,3.0859,1.9951,1.0908,NA,NA,NA,NA,NA,NA,NA
python.exe,1968,0x0,Other,-1,0,0,Composed: Copy with GPU GDI,2026-8-20 19:22:32.146350900,8.0855,8.0855,0.0000,0.3916,7.8430,0.2272,7.6158,NA,NA,NA,NA,NA,NA,NA
python.exe,1968,0x0,Other,-1,0,0,Composed: Copy with GPU GDI,2026-8-20 19:22:32.154436400,3.1243,3.1243,0.0000,0.1533,3.0582,0.1349,2.9233,NA,NA,NA,NA,NA,NA,NA
python.exe,1968,0x0,Other,0,0,1,Hardware: Legacy Flip,2026-8-20 19:22:32.157560700,2.7854,2.7854,0.0000,0.0927,2.7080,0.0605,2.6475,4.3372,17.3554,-2.3281,6920.5661,NA,NA,NA
python.exe,1968,0x0,Other,-1,0,0,Composed: Copy with GPU GDI,2026-8-20 19:22:32.160346100,5.4998,5.4998,0.0000,0.0153,5.6248,1.7002,3.9246,NA,NA,NA,NA,NA,NA,NA
python.exe,1968,0x0,Other,-1,0,0,Composed: Copy with GPU GDI,2026-8-20 19:22:32.165845900,4.7838,4.7838,0.0000,0.1446,4.7736,0.2256,4.5480,NA,NA,NA,NA,NA,NA,NA
python.exe,1968,0x0,Other,0,0,1,Hardware: Legacy Flip,2026-8-20 19:22:32.170629700,7.0639,7.0639,0.0000,0.1392,6.9385,0.0552,6.8833,8.6236,14.4743,-4.2864,6933.6351,NA,NA,NA
python.exe,1968,0x0,Other,-1,0,0,Composed: Copy with GPU GDI,2026-8-20 19:22:32.177693600,0.4237,0.4237,0.0000,0.0138,1.6872,1.6872,0.0000,16.0340,1.8690,-7.4104,6940.6990,NA,NA,NA
python.exe,1968,0x0,Other,-1,0,0,Composed: Copy with GPU GDI,2026-8-20 19:22:32.178117300,4.5586,4.5586,0.0000,1.2804,3.4115,0.2221,3.1894,NA,NA,NA,NA,NA,NA,NA
python.exe,1968,0x0,Other,-1,0,0,Composed: Copy with GPU GDI,2026-8-20 19:22:32.182675900,6.9088,6.9088,0.0000,0.1370,6.9160,0.2177,6.6983,NA,NA,NA,NA,NA,NA,NA
python.exe,1968,0x0,Other,0,0,1,Hardware: Legacy Flip,2026-8-20 19:22:32.189584700,4.4394,4.4394,0.0000,0.1481,4.3057,0.0545,4.2512,6.0119,16.3177,10.0221,6952.5901,NA,NA,NA
python.exe,1968,0x0,Other,-1,0,0,Composed: Copy with GPU GDI,2026-8-20 19:22:32.194024100,0.7666,0.7666,0.0000,0.0144,2.0311,2.0311,0.0000,17.8902,0.2070,-11.8783,6957.0295,NA,NA,NA
python.exe,1968,0x0,Other,-1,0,0,Composed: Copy with GPU GDI,2026-8-20 19:22:32.194790700,5.9282,5.9282,0.0000,1.2818,4.7938,0.2444,4.5494,NA,NA,NA,NA,NA,NA,NA
python.exe,1968,0x0,Other,-1,0,0,Composed: Copy with GPU GDI,2026-8-20 19:22:32.200718900,9.3651,9.3651,0.0000,0.1510,9.3592,0.2232,9.1360,NA,NA,NA,NA,NA,NA,NA
python.exe,1968,0x0,Other,0,0,1,Hardware: Legacy Flip,2026-8-20 19:22:32.210084000,0.4620,0.4620,0.0000,0.1496,0.3259,0.0511,0.2748,2.0373,15.6483,15.8529,6973.0894,NA,NA,NA
python.exe,1968,0x0,Other,-1,0,0,Composed: Copy with GPU GDI,2026-8-20 19:22:32.210546000,1.8553,1.8553,0.0000,0.0135,2.2254,1.9725,0.2529,NA,NA,NA,NA,NA,NA,NA
python.exe,1968,0x0,Other,-1,0,0,Composed: Copy with GPU GDI,2026-8-20 19:22:32.212401300,9.1228,9.1228,0.0000,0.3863,8.8813,0.2179,8.6634,NA,NA,NA,NA,NA,NA,NA
python.exe,1968,0x0,Other,-1,0,0,Composed: Copy with GPU GDI,2026-8-20 19:22:32.221524100,3.0249,3.0249,0.0000,0.1481,3.2694,0.4769,2.7925,NA,NA,NA,NA,NA,NA,NA
python.exe,1968,0x0,Other,0,0,1,Hardware: Legacy Flip,2026-8-20 19:22:32.224549000,1.5747,1.5747,0.0000,0.3965,1.1905,0.0482,1.1423,3.2206,17.8724,-1.1833,6987.5544,NA,NA,NA
python.exe,1968,0x0,Other,-1,0,0,Composed: Copy with GPU GDI,2026-8-20 19:22:32.226123700,6.1808,6.1808,0.0000,0.0123,6.3191,1.7994,4.5197,NA,NA,NA,NA,NA,NA,NA
python.exe,1968,0x0,Other,-1,0,0,Composed: Copy with GPU GDI,2026-8-20 19:22:32.232304500,4.1450,4.1450,0.0000,0.1544,4.0551,0.1235,3.9316,NA,NA,NA,NA,NA,NA,NA
python.exe,1968,0x0,Other,-1,0,0,Composed: Copy with GPU GDI,2026-8-20 19:22:32.236449500,7.2263,7.2263,0.0000,0.0706,7.3811,0.3058,7.0753,NA,NA,NA,NA,NA,NA,NA
python.exe,1968,0x0,Other,0,0,1,Hardware: Legacy Flip,2026-8-20 19:22:32.243675800,0.4027,0.4027,0.0000,0.2276,0.1894,0.0491,0.1403,1.9662,16.4723,1.2544,7006.6812,NA,NA,NA
python.exe,1968,0x0,Other,-1,0,0,Composed: Copy with GPU GDI,2026-8-20 19:22:32.244078500,4.4052,4.4052,0.0000,0.0143,4.5292,1.7252,2.8040,NA,NA,NA,NA,NA,NA,NA
python.exe,1968,0x0,Other,-1,0,0,Composed: Copy with GPU GDI,2026-8-20 19:22:32.248483700,6.6798,6.6798,0.0000,0.1428,6.7701,0.3175,6.4526,NA,NA,NA,NA,NA,NA,NA
python.exe,1968,0x0,Other,0,0,1,Hardware: Legacy Flip,2026-8-20 19:22:32.255163500,5.4242,5.4242,0.0000,0.2363,5.2054,0.0619,5.1435,6.9508,16.2537,-4.9846,7018.1689,NA,NA,NA
python.exe,1968,0x0,Other,-1,0,0,Composed: Copy with GPU GDI,2026-8-20 19:22:32.260587700,0.5332,0.5332,0.0000,0.0175,2.0009,2.0009,0.0000,NA,NA,NA,NA,NA,NA,NA
python.exe,1968,0x0,Other,-1,0,0,Composed: Copy with GPU GDI,2026-8-20 19:22:32.261120900,6.6601,6.6601,0.0000,1.4872,5.3058,0.2213,5.0845,NA,NA,NA,NA,NA,NA,NA
python.exe,1968,0x0,Other,-1,0,0,Composed: Copy with GPU GDI,2026-8-20 19:22:32.267781000,8.6665,8.6665,0.0000,0.1367,8.6862,0.2236,8.4626,NA,NA,NA,NA,NA,NA,NA
python.exe,1968,0x0,Other,0,0,1,Hardware: Legacy Flip,2026-8-20 19:22:32.276447500,0.4043,0.4043,0.0000,0.1611,0.2552,0.0424,0.2128,1.9205,15.7275,5.0303,7039.4529,NA,NA,NA
python.exe,1968,0x0,Other,-1,0,0,Composed: Copy with GPU GDI,2026-8-20 19:22:32.276851800,2.9187,2.9187,0.0000,0.0120,3.0528,1.6770,1.3758,NA,NA,NA,NA,NA,NA,NA
python.exe,1968,0x0,Other,-1,0,0,Composed: Copy with GPU GDI,2026-8-20 19:22:32.279770500,8.0142,8.0142,0.0000,0.1489,8.0196,0.2183,7.8013,NA,NA,NA,NA,NA,NA,NA
python.exe,1968,0x0,Other,-1,0,0,Composed: Copy with GPU GDI,2026-8-20 19:22:32.287784700,3.2383,3.2383,0.0000,0.1580,3.1612,0.1228,3.0384,NA,NA,NA,NA,NA,NA,NA
python.exe,1968,0x0,Other,0,0,1,Hardware: Legacy Flip,2026-8-20 19:22:32.291023000,1.5548,1.5548,0.0000,0.0860,1.4805,0.0456,1.4349,3.0725,18.0267,-1.1520,7054.0284,NA,NA,NA
python.exe,1968,0x0,Other,-1,0,0,Composed: Copy with GPU GDI,2026-8-20 19:22:32.292577800,6.2908,6.2908,0.0000,0.0117,6.4220,1.6792,4.7428,NA,NA,NA,NA,NA,NA,NA
python.exe,1968,0x0,Other,-1,0,0,Composed: Copy with GPU GDI,2026-8-20 19:22:32.298868600,4.6751,4.6751,0.0000,0.1469,5.0310,0.5547,4.4763,NA,NA,NA,NA,NA,NA,NA
python.exe,1968,0x0,Other,0,0,1,Hardware: Legacy Flip,2026-8-20 19:22:32.303543700,6.9555,6.9555,0.0000,0.5060,6.4946,0.0836,6.4110,8.5785,15.0615,-5.5060,7066.5491,NA,NA,NA
python.exe,1968,0x0,Other,-1,0,0,Composed: Copy with GPU GDI,2026-8-20 19:22:32.310499200,0.9368,0.9368,0.0000,0.0451,1.7196,1.7196,0.0000,16.6845,0.7316,-8.1060,7073.5046,NA,NA,NA
python.exe,1968,0x0,Other,-1,0,0,Composed: Copy with GPU GDI,2026-8-20 19:22:32.311436000,3.6493,3.6493,0.0000,0.8305,3.0065,0.2857,2.7208,NA,NA,NA,NA,NA,NA,NA
python.exe,1968,0x0,Other,-1,0,0,Composed: Copy with GPU GDI,2026-8-20 19:22:32.315085300,6.9864,6.9864,0.0000,0.1927,6.9286,0.2162,6.7124,NA,NA,NA,NA,NA,NA,NA
python.exe,1968,0x0,Other,0,0,1,Hardware: Legacy Flip,2026-8-20 19:22:32.322071700,4.3531,4.3531,0.0000,0.1373,4.2298,0.0560,4.1738,5.8436,17.2294,10.8409,7085.0771,NA,NA,NA
python.exe,1968,0x0,Other,-1,0,0,Composed: Copy with GPU GDI,2026-8-20 19:22:32.326424800,2.5798,2.5798,0.0000,0.0140,2.7201,1.6454,1.0747,NA,NA,NA,NA,NA,NA,NA
python.exe,1968,0x0,Other,-1,0,0,Composed: Copy with GPU GDI,2026-8-20 19:22:32.329004600,5.0373,5.0373,0.0000,0.1582,5.0912,0.2750,4.8162,NA,NA,NA,NA,NA,NA,NA
python.exe,1968,0x0,Other,-1,0,0,Composed: Copy with GPU GDI,2026-8-20 19:22:32.334041900,9.2067,9.2067,0.0000,0.2151,9.1449,0.2212,8.9237,NA,NA,NA,NA,NA,NA,NA
python.exe,1968,0x0,Other,0,0,1,Hardware: Legacy Flip,2026-8-20 19:22:32.343248600,0.3940,0.3940,0.0000,0.1573,0.2490,0.0444,0.2046,1.8961,15.6998,3.9475,7106.2540,NA,NA,NA
python.exe,1968,0x0,Other,-1,0,0,Composed: Copy with GPU GDI,2026-8-20 19:22:32.343642600,4.1050,4.1050,0.0000,0.0123,4.4392,1.8603,2.5789,NA,NA,NA,NA,NA,NA,NA
python.exe,1968,0x0,Other,-1,0,0,Composed: Copy with GPU GDI,2026-8-20 19:22:32.347747600,6.7779,6.7779,0.0000,0.3490,6.5816,0.2168,6.3648,NA,NA,NA,NA,NA,NA,NA
python.exe,1968,0x0,Other,-1,0,0,Composed: Copy with GPU GDI,2026-8-20 19:22:32.354525500,4.4275,4.4275,0.0000,0.1563,4.4271,0.2220,4.2051,NA,NA,NA,NA,NA,NA,NA
python.exe,1968,0x0,Other,0,0,1,Hardware: Legacy Flip,2026-8-20 19:22:32.358953000,0.3536,0.3536,0.0000,0.1594,0.2059,0.0440,0.1619,1.8915,20.9465,0.0046,7121.9584,NA,NA,NA
python.exe,1968,0x0,Other,-1,0,0,Composed: Copy with GPU GDI,2026-8-20 19:22:32.359306600,6.6148,6.6148,0.0000,0.0117,6.7570,1.6847,5.0723,22.4844,6.0629,-20.5929,7122.3120,NA,NA,NA
python.exe,1968,0x0,Other,-1,0,0,Composed: Copy with GPU GDI,2026-8-20 19:22:32.365921400,4.2983,4.2983,0.0000,0.1577,4.4655,0.4221,4.0434,21.9325,6.8415,0.5519,7128.9268,NA,NA,NA
python.exe,1968,0x0,Other,0,0,1,Hardware: Legacy Flip,2026-8-20 19:22:32.370219700,22.9358,22.9358,0.0000,0.3270,22.6524,0.0844,22.5680,24.4757,5.9563,-2.5432,7133.2251,NA,NA,NA
python.exe,1968,0x0,Other,-1,0,0,Composed: Copy with GPU GDI,2026-8-20 19:22:32.393155500,0.3500,0.3500,0.0000,0.0436,1.5980,1.5980,0.0000,NA,NA,NA,NA,NA,NA,NA
python.exe,1968,0x0,Other,0,0,1,Hardware: Legacy Flip,2026-8-20 19:22:32.393505500,5.6315,5.6315,0.0000,1.2934,4.3505,0.0451,4.3054,7.1462,11.1239,17.3295,7156.5109,NA,NA,NA
python.exe,1968,0x0,Other,-1,0,0,Composed: Copy with GPU GDI,2026-8-20 19:22:32.399137000,2.1177,2.1177,0.0000,0.0124,2.3952,1.8255,0.5697,NA,NA,NA,NA,NA,NA,NA
python.exe,1968,0x0,Other,-1,0,0,Composed: Copy with GPU GDI,2026-8-20 19:22:32.401254700,5.0916,5.0916,0.0000,0.2947,4.8769,0.1339,4.7430,NA,NA,NA,NA,NA,NA,NA
python.exe,1968,0x0,Other,0,0,1,Hardware: Legacy Flip,2026-8-20 19:22:32.406346300,3.9521,3.9521,0.0000,0.0879,3.8767,0.0513,3.8254,5.4293,16.1638,1.7169,7169.3517,NA,NA,NA
python.exe,1968,0x0,Other,-1,0,0,Composed: Copy with GPU GDI,2026-8-20 19:22:32.410298400,3.0576,3.0576,0.0000,0.0125,3.1922,1.6438,1.5484,NA,NA,NA,NA,NA,NA,NA
python.exe,1968,0x0,Other,-1,0,0,Composed: Copy with GPU GDI,2026-8-20 19:22:32.413356000,7.8399,7.8399,0.0000,0.1517,7.7902,0.2284,7.5618,NA,NA,NA,NA,NA,NA,NA
python.exe,1968,0x0,Other,-1,0,0,Composed: Copy with GPU GDI,2026-8-20 19:22:32.421195900,4.8471,4.8471,0.0000,0.1068,4.8647,0.2250,4.6397,NA,NA,NA,NA,NA,NA,NA
python.exe,1968,0x0,Other,0,0,1,Hardware: Legacy Flip,2026-8-20 19:22:32.426043000,0.4250,0.4250,0.0000,0.1286,0.3096,0.0486,0.2610,1.8964,17.4230,3.5329,7189.0484,NA,NA,NA
python.exe,1968,0x0,Other,-1,0,0,Composed: Copy with GPU GDI,2026-8-20 19:22:32.426468000,6.4105,6.4105,0.0000,0.0132,6.5351,1.6169,4.9182,NA,NA,NA,NA,NA,NA,NA
python.exe,1968,0x0,Other,-1,0,0,Composed: Copy with GPU GDI,2026-8-20 19:22:32.432878500,4.2105,4.2105,0.0000,0.1416,4.3311,0.3427,3.9884,NA,NA,NA,NA,NA,NA,NA
python.exe,1968,0x0,Other,0,0,1,Hardware: Legacy Flip,2026-8-20 19:22:32.437089000,6.8208,6.8208,0.0000,0.2640,6.5687,0.0461,6.5226,8.2734,15.2977,-6.3770,7200.0944,NA,NA,NA
python.exe,1968,0x0,Other,-1,0,0,Composed: Copy with GPU GDI,2026-8-20 19:22:32.443909800,0.2571,0.2571,0.0000,0.0119,1.5889,1.5889,0.0000,16.7503,1.7102,-8.4769,7206.9152,NA,NA,NA
python.exe,1968,0x0,Other,-1,0,0,Composed: Copy with GPU GDI,2026-8-20 19:22:32.444166900,4.9667,4.9667,0.0000,1.3463,3.9423,0.4051,3.5372,NA,NA,NA,NA,NA,NA,NA
python.exe,1968,0x0,Other,-1,0,0,Composed: Copy with GPU GDI,2026-8-20 19:22:32.449133600,6.9929,6.9929,0.0000,0.3263,6.8159,0.2177,6.5982,NA,NA,NA,NA,NA,NA,NA
python.exe,1968,0x0,Other,0,0,1,Hardware: Legacy Flip,2026-8-20 19:22:32.456126500,4.7736,4.7736,0.0000,0.1533,4.6329,0.0474,4.5855,6.2438,16.4783,10.5065,7219.1319,NA,NA,NA
python.exe,1968,0x0,Other,-1,0,0,Composed: Copy with GPU GDI,2026-8-20 19:22:32.460900100,0.5150,0.5150,0.0000,0.0126,1.9180,1.9180,0.0000,17.9485,0.2264,-11.7047,7223.9055,NA,NA,NA
python.exe,1968,0x0,Other,-1,0,0,Composed: Copy with GPU GDI,2026-8-20 19:22:32.461415100,6.4373,6.4373,0.0000,1.4178,5.1532,0.2156,4.9376,NA,NA,NA,NA,NA,NA,NA
python.exe,1968,0x0,Other,-1,0,0,Composed: Copy with GPU GDI,2026-8-20 19:22:32.467852400,9.3062,9.3062,0.0000,0.1372,9.2765,0.2320,9.0445,NA,NA,NA,NA,NA,NA,NA
python.exe,1968,0x0,Other,0,0,1,Hardware: Legacy Flip,2026-8-20 19:22:32.477158600,0.4747,0.4747,0.0000,0.1123,0.3758,0.0530,0.3228,1.9164,16.0716,16.0321,7240.1640,NA,NA,NA
python.exe,1968,0x0,Other,-1,0,0,Composed: Copy with GPU GDI,2026-8-20 19:22:32.477633300,2.2474,2.2474,0.0000,0.0134,2.3578,1.5960,0.7618,NA,NA,NA,NA,NA,NA,NA
python.exe,1968,0x0,Other,-1,0,0,Composed: Copy with GPU GDI,2026-8-20 19:22:32.479880700,7.8545,7.8545,0.0000,0.1266,7.8644,0.2236,7.6408,NA,NA,NA,NA,NA,NA,NA
python.exe,1968,0x0,Other,-1,0,0,Composed: Copy with GPU GDI,2026-8-20 19:22:32.487735200,3.1403,3.1403,0.0000,0.1410,3.0547,0.1069,2.9478,NA,NA,NA,NA,NA,NA,NA
python.exe,1968,0x0,Other,0,0,1,Hardware: Legacy Flip,2026-8-20 19:22:32.490875500,2.8331,2.8331,0.0000,0.0994,2.7486,0.0593,2.6893,4.2711,14.0422,-2.3547,7253.8809,NA,NA,NA
python.exe,1968,0x0,Other,-1,0,0,Composed: Copy with GPU GDI,2026-8-20 19:22:32.493708600,5.2990,5.2990,0.0000,0.0149,5.4209,1.5890,3.8319,NA,NA,NA,NA,NA,NA,NA
python.exe,1968,0x0,Other,-1,0,0,Composed: Copy with GPU GDI,2026-8-20 19:22:32.499007600,3.9647,3.9647,0.0000,0.1404,3.8826,0.1145,3.7681,10.1812,2.9873,-5.9101,7262.0130,NA,NA,NA
python.exe,1968,0x0,Other,-1,0,0,Composed: Copy with GPU GDI,2026-8-20 19:22:32.502972300,7.2601,7.2601,0.0000,0.0634,7.3264,0.2185,7.1079,NA,NA,NA,NA,NA,NA,NA
python.exe,1968,0x0,Other,0,0,1,Hardware: Legacy Flip,2026-8-20 19:22:32.510232400,0.4315,0.4315,0.0000,0.1332,0.3132,0.0517,0.2615,1.9437,16.0385,8.2375,7273.2378,NA,NA,NA
python.exe,1968,0x0,Other,-1,0,0,Composed: Copy with GPU GDI,2026-8-20 19:22:32.510663900,5.4407,5.4407,0.0000,0.0149,5.5499,1.6589,3.8910,NA,NA,NA,NA,NA,NA,NA
python.exe,1968,0x0,Other,-1,0,0,Composed: Copy with GPU GDI,2026-8-20 19:22:32.516104600,7.0832,7.0832,0.0000,0.1263,7.1003,0.2268,6.8735,NA,NA,NA,NA,NA,NA,NA
python.exe,1968,0x0,Other,0,0,1,Hardware: Legacy Flip,2026-8-20 19:22:32.523187800,3.5223,3.5223,0.0000,0.1485,3.3866,0.0515,3.3351,5.0268,17.3728,-3.0831,7286.1932,NA,NA,NA
python.exe,1968,0x0,Other,-1,0,0,Composed: Copy with GPU GDI,2026-8-20 19:22:32.526710100,1.3617,1.3617,0.0000,0.0128,1.9432,1.9432,0.0000,NA,NA,NA,NA,NA,NA,NA
python.exe,1968,0x0,Other,-1,0,0,Composed: Copy with GPU GDI,2026-8-20 19:22:32.528071800,5.2227,5.2227,0.0000,0.5973,4.8695,0.3219,4.5476,17.5156,0.1883,-12.4888,7291.0772,NA,NA,NA
python.exe,1968,0x0,Other,-1,0,0,Composed: Copy with GPU GDI,2026-8-20 19:22:32.533294500,6.0352,6.0352,0.0000,0.2494,5.9217,0.2223,5.6994,NA,NA,NA,NA,NA,NA,NA
python.exe,1968,0x0,Other,0,0,1,Hardware: Legacy Flip,2026-8-20 19:22:32.539329700,4.9505,4.9505,0.0000,0.1400,4.8266,0.0571,4.7695,6.4460,11.9403,11.0696,7302.3351,NA,NA,NA
python.exe,1968,0x0,Other,-1,0,0,Composed: Copy with GPU GDI,2026-8-20 19:22:32.544280200,2.3339,2.3339,0.0000,0.0161,2.4477,1.6394,0.8083,13.4358,4.1660,-6.9898,7307.2856,NA,NA,NA
python.exe,1968,0x0,Other,-1,0,0,Composed: Copy with GPU GDI,2026-8-20 19:22:32.546614100,8.0272,8.0272,0.0000,0.1343,8.0373,0.2258,7.8115,NA,NA,NA,NA,NA,NA,NA
python.exe,1968,0x0,Other,-1,0,0,Composed: Copy with GPU GDI,2026-8-20 19:22:32.554641300,4.4616,4.4616,0.0000,0.1493,4.4488,0.2261,4.2227,NA,NA,NA,NA,NA,NA,NA
python.exe,1968,0x0,Other,0,0,1,Hardware: Legacy Flip,2026-8-20 19:22:32.559102900,1.3255,1.3255,0.0000,0.1423,1.1964,0.0498,1.1466,2.7791,17.0728,10.6567,7322.1083,NA,NA,NA
python.exe,1968,0x0,Other,-1,0,0,Composed: Copy with GPU GDI,2026-8-20 19:22:32.560428400,5.2668,5.2668,0.0000,0.0132,5.3975,1.6110,3.7865,NA,NA,NA,NA,NA,NA,NA
python.exe,1968,0x0,Other,-1,0,0,Composed: Copy with GPU GDI,2026-8-20 19:22:32.565695200,3.8886,3.8886,0.0000,0.1472,3.7977,0.1102,3.6875,NA,NA,NA,NA,NA,NA,NA
python.exe,1968,0x0,Other,0,0,1,Hardware: Legacy Flip,2026-8-20 19:22:32.569583800,7.6365,7.6365,0.0000,0.0613,7.5892,0.0562,7.5330,9.3710,9.0989,-6.5919,7332.5892,NA,NA,NA
python.exe,1968,0x0,Other,-1,0,0,Composed: Copy with GPU GDI,2026-8-20 19:22:32.577220300,0.1295,0.1295,0.0000,0.0140,0.2961,0.2961,0.0000,10.8334,6.1849,-1.4624,7340.2257,NA,NA,NA
python.exe,1968,0x0,Other,-1,0,0,Composed: Copy with GPU GDI,2026-8-20 19:22:32.577349800,5.7982,5.7982,0.0000,0.1806,5.7450,1.5832,4.1618,NA,NA,NA,NA,NA,NA,NA
python.exe,1968,0x0,Other,-1,0,0,Composed: Copy with GPU GDI,2026-8-20 19:22:32.583148000,5.6828,5.6828,0.0000,0.1306,5.7541,0.2827,5.4714,NA,NA,NA,NA,NA,NA,NA
python.exe,1968,0x0,Other,0,0,1,Hardware: Legacy Flip,2026-8-20 19:22:32.588830800,3.9053,3.9053,0.0000,0.2037,3.7170,0.0573,3.6597,5.4078,17.8993,5.4256,7351.8362,NA,NA,NA
python.exe,1968,0x0,Other,-1,0,0,Composed: Copy with GPU GDI,2026-8-20 19:22:32.592736100,2.5436,2.5436,0.0000,0.0154,2.6663,1.6583,1.0080,NA,NA,NA,NA,NA,NA,NA
python.exe,1968,0x0,Other,-1,0,0,Composed: Copy with GPU GDI,2026-8-20 19:22:32.595279700,5.5277,5.5277,0.0000,0.1417,5.6620,0.3635,5.2985,NA,NA,NA,NA,NA,NA,NA
python.exe,1968,0x0,Other,-1,0,0,Composed: Copy with GPU GDI,2026-8-20 19:22:32.600807400,9.3874,9.3874,0.0000,0.2785,9.2461,0.2180,9.0281,NA,NA,NA,NA,NA,NA,NA
python.exe,1968,0x0,Other,0,0,1,Hardware: Legacy Flip,2026-8-20 19:22:32.610194800,0.5055,0.5055,0.0000,0.1409,0.4039,0.0731,0.3308,1.9431,15.4355,3.4647,7373.2002,NA,NA,NA
python.exe,1968,0x0,Other,-1,0,0,Composed: Copy with GPU GDI,2026-8-20 19:22:32.610700300,1.6146,1.6146,0.0000,0.0393,1.7205,1.5660,0.1545,NA,NA,NA,NA,NA,NA,NA
python.exe,1968,0x0,Other,-1,0,0,Composed: Copy with GPU GDI,2026-8-20 19:22:32.612314900,8.6542,8.6542,0.0000,0.1486,8.6554,0.2174,8.4380,NA,NA,NA,NA,NA,NA,NA
python.exe,1968,0x0,Other,-1,0,0,Composed: Copy with GPU GDI,2026-8-20 19:22:32.620969100,3.4728,3.4728,0.0000,0.1536,3.4830,0.2523,3.2307,NA,NA,NA,NA,NA,NA,NA
python.exe,1968,0x0,Other,0,0,1,Hardware: Legacy Flip,2026-8-20 19:22:32.624441900,1.6950,1.6950,0.0000,0.1685,1.5389,0.0448,1.4941,3.1315,17.4092,-1.1884,7387.4473,NA,NA,NA
python.exe,1968,0x0,Other,-1,0,0,Composed: Copy with GPU GDI,2026-8-20 19:22:32.626136900,6.2366,6.2366,0.0000,0.0124,6.3752,1.5938,4.7814,NA,NA,NA,NA,NA,NA,NA
python.exe,1968,0x0,Other,-1,0,0,Composed: Copy with GPU GDI,2026-8-20 19:22:32.632373500,5.1679,5.1679,0.0000,0.1548,5.1518,0.2258,4.9260,NA,NA,NA,NA,NA,NA,NA
python.exe,1968,0x0,Other,0,0,1,Hardware: Legacy Flip,2026-8-20 19:22:32.637541400,6.0074,6.0074,0.0000,0.1445,5.9046,0.0779,5.8267,7.4412,15.8635,-4.3097,7400.5468,NA,NA,NA
python.exe,1968,0x0,Other,-1,0,0,Composed: Copy with GPU GDI,2026-8-20 19:22:32.643548800,0.1972,0.1972,0.0000,0.0417,1.5663,1.5663,0.0000,17.2973,0.5946,-9.8561,7406.5542,NA,NA,NA
python.exe,1968,0x0,Other,-1,0,0,Composed: Copy with GPU GDI,2026-8-20 19:22:32.643746000,5.4756,5.4756,0.0000,1.4135,4.2102,0.2356,3.9746,NA,NA,NA,NA,NA,NA,NA
python.exe,1968,0x0,Other,-1,0,0,Composed: Copy with GPU GDI,2026-8-20 19:22:32.649221600,5.9875,5.9875,0.0000,0.1511,6.2440,0.4721,5.7719,NA,NA,NA,NA,NA,NA,NA
python.exe,1968,0x0,Other,0,0,1,Hardware: Legacy Flip,2026-8-20 19:22:32.655209100,4.7801,4.7801,0.0000,0.4106,4.3838,0.0575,4.3263,6.2316,16.8198,11.0657,7418.2145,NA,NA,NA
python.exe,1968,0x0,Other,-1,0,0,Composed: Copy with GPU GDI,2026-8-20 19:22:32.659989200,1.7231,1.7231,0.0000,0.0143,1.8938,1.6377,0.2561,NA,NA,NA,NA,NA,NA,NA
python.exe,1968,0x0,Other,-1,0,0,Composed: Copy with GPU GDI,2026-8-20 19:22:32.661712300,6.4339,6.4339,0.0000,0.1872,6.3939,0.2156,6.1783,NA,NA,NA,NA,NA,NA,NA
python.exe,1968,0x0,Other,-1,0,0,Composed: Copy with GPU GDI,2026-8-20 19:22:32.668146200,8.2203,8.2203,0.0000,0.1508,8.2169,0.2218,7.9951,NA,NA,NA,NA,NA,NA,NA
python.exe,1968,0x0,Other,0,0,1,Hardware: Legacy Flip,2026-8-20 19:22:32.676366500,0.4724,0.4724,0.0000,0.1524,0.3318,0.0425,0.2893,1.8940,16.2471,4.3376,7439.3719,NA,NA,NA
python.exe,1968,0x0,Other,-1,0,0,Composed: Copy with GPU GDI,2026-8-20 19:22:32.676838900,2.8944,2.8944,0.0000,0.0118,3.0563,1.6074,1.4489,NA,NA,NA,NA,NA,NA,NA
python.exe,1968,0x0,Other,-1,0,0,Composed: Copy with GPU GDI,2026-8-20 19:22:32.679733300,7.9340,7.9340,0.0000,0.1773,7.9147,0.2233,7.6914,NA,NA,NA,NA,NA,NA,NA
python.exe,1968,0x0,Other,-1,0,0,Composed: Copy with GPU GDI,2026-8-20 19:22:32.687667300,3.7133,3.7133,0.0000,0.1617,3.6385,0.1513,3.4872,NA,NA,NA,NA,NA,NA,NA
python.exe,1968,0x0,Other,0,0,1,Hardware: Legacy Flip,2026-8-20 19:22:32.691380600,1.7085,1.7085,0.0000,0.0931,1.6285,0.0486,1.5799,3.1270,18.0198,-1.2330,7454.3860,NA,NA,NA
python.exe,1968,0x0,Other,-1,0,0,Composed: Copy with GPU GDI,2026-8-20 19:22:32.693089100,5.9328,5.9328,0.0000,0.0131,6.0545,1.5772,4.4773,NA,NA,NA,NA,NA,NA,NA
python.exe,1968,0x0,Other,-1,0,0,Composed: Copy with GPU GDI,2026-8-20 19:22:32.699021900,4.3161,4.3161,0.0000,0.1394,4.2764,0.1720,4.1044,NA,NA,NA,NA,NA,NA,NA
python.exe,1968,0x0,Other,-1,0,0,Composed: Copy with GPU GDI,2026-8-20 19:22:32.703338000,7.2426,7.2426,0.0000,0.1035,7.2686,0.2218,7.0468,NA,NA,NA,NA,NA,NA,NA
python.exe,1968,0x0,Other,0,0,1,Hardware: Legacy Flip,2026-8-20 19:22:32.710580600,0.5244,0.5244,0.0000,0.1315,0.4257,0.0736,0.3521,1.9468,15.3030,1.1802,7473.5860,NA,NA,NA
python.exe,1968,0x0,Other,-1,0,0,Composed: Copy with GPU GDI,2026-8-20 19:22:32.711105000,5.4365,5.4365,0.0000,0.0328,5.5392,1.5645,3.9747,NA,NA,NA,NA,NA,NA,NA
python.exe,1968,0x0,Other,-1,0,0,Composed: Copy with GPU GDI,2026-8-20 19:22:32.716541500,5.5361,5.5361,0.0000,0.1398,5.8191,0.5239,5.2952,NA,NA,NA,NA,NA,NA,NA
python.exe,1968,0x0,Other,0,0,1,Hardware: Legacy Flip,2026-8-20 19:22:32.722077600,4.2163,4.2163,0.0000,0.4260,3.8040,0.0523,3.7517,5.7528,17.8681,-3.8060,7485.0830,NA,NA,NA
python.exe,1968,0x0,Other,-1,0,0,Composed: Copy with GPU GDI,2026-8-20 19:22:32.726293900,6.0541,6.0541,0.0000,0.0137,6.1747,1.6919,4.4828,NA,NA,NA,NA,NA,NA,NA
python.exe,1968,0x0,Other,-1,0,0,Composed: Copy with GPU GDI,2026-8-20 19:22:32.732348000,1.6558,1.6558,0.0000,0.1379,1.5763,0.1073,1.4690,NA,NA,NA,NA,NA,NA,NA
python.exe,1968,0x0,Other,-1,0,0,Composed: Copy with GPU GDI,2026-8-20 19:22:32.734003800,9.7355,9.7355,0.0000,0.0614,9.7424,0.2565,9.4859,NA,NA,NA,NA,NA,NA,NA
python.exe,1968,0x0,Other,0,0,1,Hardware: Legacy Flip,2026-8-20 19:22:32.743739300,0.5134,0.5134,0.0000,0.0727,0.4537,0.0528,0.4009,1.9592,15.3742,3.7936,7506.7447,NA,NA,NA
python.exe,1968,0x0,Other,-1,0,0,Composed: Copy with GPU GDI,2026-8-20 19:22:32.744252700,2.3108,2.3108,0.0000,0.0130,2.4699,1.6987,0.7712,NA,NA,NA,NA,NA,NA,NA
python.exe,1968,0x0,Other,-1,0,0,Composed: Copy with GPU GDI,2026-8-20 19:22:32.746563500,8.1984,8.1984,0.0000,0.1746,8.1521,0.2292,7.9229,NA,NA,NA,NA,NA,NA,NA
python.exe,1968,0x0,Other,-1,0,0,Composed: Copy with GPU GDI,2026-8-20 19:22:32.754761900,3.9632,3.9632,0.0000,0.1323,3.9849,0.2523,3.7326,NA,NA,NA,NA,NA,NA,NA
python.exe,1968,0x0,Other,0,0,1,Hardware: Legacy Flip,2026-8-20 19:22:32.758725100,0.8309,0.8309,0.0000,0.1573,0.6869,0.0475,0.6394,2.3476,18.2518,-0.3884,7521.7305,NA,NA,NA
python.exe,1968,0x0,Other,-1,0,0,Composed: Copy with GPU GDI,2026-8-20 19:22:32.759556000,6.4057,6.4057,0.0000,0.0133,6.5258,1.6344,4.8914,NA,NA,NA,NA,NA,NA,NA
python.exe,1968,0x0,Other,-1,0,0,Composed: Copy with GPU GDI,2026-8-20 19:22:32.765961700,3.8564,3.8564,0.0000,0.1356,3.8661,0.2180,3.6481,NA,NA,NA,NA,NA,NA,NA
python.exe,1968,0x0,Other,0,0,1,Hardware: Legacy Flip,2026-8-20 19:22:32.769818100,7.6010,7.6010,0.0000,0.1491,7.5028,0.0897,7.4131,9.5064,8.9207,-7.1588,7532.8235,NA,NA,NA
python.exe,1968,0x0,Other,-1,0,0,Composed: Copy with GPU GDI,2026-8-20 19:22:32.777419100,0.1539,0.1539,0.0000,0.0509,0.3751,0.3751,0.0000,10.8261,7.4634,-1.3197,7540.4245,NA,NA,NA
python.exe,1968,0x0,Other,-1,0,0,Composed: Copy with GPU GDI,2026-8-20 19:22:32.777573000,4.7976,4.7976,0.0000,0.2721,4.6619,1.6473,3.0146,NA,NA,NA,NA,NA,NA,NA
python.exe,1968,0x0,Other,-1,0,0,Composed: Copy with GPU GDI,2026-8-20 19:22:32.782370600,7.5347,7.5347,0.0000,0.1390,7.5287,0.2182,7.3105,NA,NA,NA,NA,NA,NA,NA
python.exe,1968,0x0,Other,0,0,1,Hardware: Legacy Flip,2026-8-20 19:22:32.789905300,4.3414,4.3414,0.0000,0.1369,4.2183,0.0515,4.1668,5.8033,16.3221,5.0228,7552.9107,NA,NA,NA
python.exe,1968,0x0,Other,-1,0,0,Composed: Copy with GPU GDI,2026-8-20 19:22:32.794246700,1.1398,1.1398,0.0000,0.0138,1.9145,1.9145,0.0000,NA,NA,NA,NA,NA,NA,NA
python.exe,1968,0x0,Other,-1,0,0,Composed: Copy with GPU GDI,2026-8-20 19:22:32.795386500,5.0391,5.0391,0.0000,0.7920,4.3803,0.2226,4.1577,NA,NA,NA,NA,NA,NA,NA
python.exe,1968,0x0,Other,-1,0,0,Composed: Copy with GPU GDI,2026-8-20 19:22:32.800425600,5.6426,5.6426,0.0000,0.1371,5.6489,0.2195,5.4294,NA,NA,NA,NA,NA,NA,NA
python.exe,1968,0x0,Other,0,0,1,Hardware: Legacy Flip,2026-8-20 19:22:32.806068200,4.5116,4.5116,0.0000,0.1469,4.3808,0.0544,4.3264,5.9625,12.6138,-0.1592,7569.0736,NA,NA,NA
python.exe,1968,0x0,Other,-1,0,0,Composed: Copy with GPU GDI,2026-8-20 19:22:32.810579800,1.9399,1.9399,0.0000,0.0161,2.0559,1.6050,0.4509,14.0647,2.8600,-8.1022,7573.5852,NA,NA,NA
python.exe,1968,0x0,Other,-1,0,0,Composed: Copy with GPU GDI,2026-8-20 19:22:32.812519700,8.4921,8.4921,0.0000,0.1366,8.4879,0.2159,8.2720,NA,NA,NA,NA,NA,NA,NA
python.exe,1968,0x0,Other,-1,0,0,Composed: Copy with GPU GDI,2026-8-20 19:22:32.821011800,4.2046,4.2046,0.0000,0.1362,4.4570,0.4742,3.9828,NA,NA,NA,NA,NA,NA,NA
python.exe,1968,0x0,Other,0,0,1,Hardware: Legacy Flip,2026-8-20 19:22:32.825216400,0.8315,0.8315,0.0000,0.3911,0.4541,0.0600,0.3941,2.2881,18.4738,11.7766,7588.2218,NA,NA,NA
python.exe,1968,0x0,Other,-1,0,0,Composed: Copy with GPU GDI,2026-8-20 19:22:32.826047900,6.1728,6.1728,0.0000,0.0137,6.3010,1.6173,4.6837,NA,NA,NA,NA,NA,NA,NA
python.exe,1968,0x0,Other,-1,0,0,Composed: Copy with GPU GDI,2026-8-20 19:22:32.832220700,3.9786,3.9786,0.0000,0.1460,3.8941,0.1161,3.7780,NA,NA,NA,NA,NA,NA,NA
python.exe,1968,0x0,Other,0,0,1,Hardware: Legacy Flip,2026-8-20 19:22:32.836199300,8.1578,8.1578,0.0000,0.0663,8.1581,0.1086,8.0495,9.7790,8.9996,-7.4909,7599.2047,NA,NA,NA
python.exe,1968,0x0,Other,-1,0,0,Composed: Copy with GPU GDI,2026-8-20 19:22:32.844357100,0.4359,0.4359,0.0000,0.0666,1.6841,1.6841,0.0000,10.6208,5.6957,-0.8418,7607.3625,NA,NA,NA
python.exe,1968,0x0,Other,-1,0,0,Composed: Copy with GPU GDI,2026-8-20 19:22:32.844793000,4.1238,4.1238,0.0000,1.3187,2.9498,0.2180,2.7318,NA,NA,NA,NA,NA,NA,NA
python.exe,1968,0x0,Other,-1,0,0,Composed: Copy with GPU GDI,2026-8-20 19:22:32.848916800,6.0037,6.0037,0.0000,0.1491,6.0366,0.2780,5.7586,NA,NA,NA,NA,NA,NA,NA
python.exe,1968,0x0,Other,0,0,1,Hardware: Legacy Flip,2026-8-20 19:22:32.854920500,4.3257,4.3257,0.0000,0.1858,4.1546,0.0526,4.1020,5.7531,12.5087,4.8677,7617.9259,NA,NA,NA
python.exe,1968,0x0,Other,-1,0,0,Composed: Copy with GPU GDI,2026-8-20 19:22:32.859246200,1.6190,1.6190,0.0000,0.0147,1.7933,1.6294,0.1639,13.9361,5.9289,-8.1830,7622.2516,NA,NA,NA
python.exe,1968,0x0,Other,-1,0,0,Composed: Copy with GPU GDI,2026-8-20 19:22:32.860865200,7.1567,7.1567,0.0000,0.1925,7.1035,0.2220,6.8815,NA,NA,NA,NA,NA,NA,NA
python.exe,1968,0x0,Other,-1,0,0,Composed: Copy with GPU GDI,2026-8-20 19:22:32.868021900,9.1663,9.1663,0.0000,0.1428,9.1586,0.2248,8.9338,NA,NA,NA,NA,NA,NA,NA
python.exe,1968,0x0,Other,0,0,1,Hardware: Legacy Flip,2026-8-20 19:22:32.877188200,0.4935,0.4935,0.0000,0.1401,0.3953,0.0776,0.3177,1.9230,12.2687,12.0131,7640.1936,NA,NA,NA
python.exe,1968,0x0,Other,-1,0,0,Composed: Copy with GPU GDI,2026-8-20 19:22:32.877681700,1.3331,1.3331,0.0000,0.0419,1.5916,1.5916,0.0000,13.6982,4.0609,-11.7752,7640.6871,NA,NA,NA
python.exe,1968,0x0,Other,-1,0,0,Composed: Copy with GPU GDI,2026-8-20 19:22:32.879014800,9.0464,9.0464,0.0000,0.3036,8.8933,0.2325,8.6608,NA,NA,NA,NA,NA,NA,NA
python.exe,1968,0x0,Other,-1,0,0,Composed: Copy with GPU GDI,2026-8-20 19:22:32.888061200,4.0387,4.0387,0.0000,0.1557,4.1894,0.3825,3.8069,NA,NA,NA,NA,NA,NA,NA
python.exe,1968,0x0,Other,0,0,1,Hardware: Legacy Flip,2026-8-20 19:22:32.892099900,1.9474,1.9474,0.0000,0.3091,1.6529,0.0654,1.5875,3.3409,16.8910,10.3573,7655.1053,NA,NA,NA
python.exe,1968,0x0,Other,-1,0,0,Composed: Copy with GPU GDI,2026-8-20 19:22:32.894047300,5.6687,5.6687,0.0000,0.0146,5.7919,1.5489,4.2430,NA,NA,NA,NA,NA,NA,NA
python.exe,1968,0x0,Other,-1,0,0,Composed: Copy with GPU GDI,2026-8-20 19:22:32.899716000,4.6697,4.6697,0.0000,0.1415,4.7824,0.3281,4.4543,NA,NA,NA,NA,NA,NA,NA
python.exe,1968,0x0,Other,-1,0,0,Composed: Copy with GPU GDI,2026-8-20 19:22:32.904385700,5.9525,5.9525,0.0000,0.2581,5.8611,0.2992,5.5619,NA,NA,NA,NA,NA,NA,NA
python.exe,1968,0x0,Other,0,0,1,Hardware: Legacy Flip,2026-8-20 19:22:32.910338200,0.5247,0.5247,0.0000,0.1712,0.3734,0.0597,0.3137,1.9936,15.4600,1.3473,7673.3436,NA,NA,NA
python.exe,1968,0x0,Other,-1,0,0,Composed: Copy with GPU GDI,2026-8-20 19:22:32.910862900,4.4005,4.4005,0.0000,0.0199,4.5201,1.6242,2.8959,16.9289,0.4171,-14.9353,7673.8683,NA,NA,NA
python.exe,1968,0x0,Other,-1,0,0,Composed: Copy with GPU GDI,2026-8-20 19:22:32.915263400,6.6057,6.6057,0.0000,0.1469,6.5985,0.2320,6.3665,NA,NA,NA,NA,NA,NA,NA
python.exe,1968,0x0,Other,0,0,1,Hardware: Legacy Flip,2026-8-20 19:22:32.921869100,4.9126,4.9126,0.0000,0.1452,4.7814,0.0509,4.7305,6.3398,17.3773,10.5891,7684.8745,NA,NA,NA
python.exe,1968,0x0,Other,-1,0,0,Composed: Copy with GPU GDI,2026-8-20 19:22:32.926781700,0.5456,0.5456,0.0000,0.0140,1.5430,1.5430,0.0000,NA,NA,NA,NA,NA,NA,NA
python.exe,1968,0x0,Other,-1,0,0,Composed: Copy with GPU GDI,2026-8-20 19:22:32.927327300,6.1074,6.1074,0.0000,1.0146,5.2375,0.2256,5.0119,NA,NA,NA,NA,NA,NA,NA
python.exe,1968,0x0,Other,-1,0,0,Composed: Copy with GPU GDI,2026-8-20 19:22:32.933434700,10.1403,10.1403,0.0000,0.1485,10.1239,0.2331,9.8908,NA,NA,NA,NA,NA,NA,NA
python.exe,1968,0x0,Other,0,0,1,Hardware: Legacy Flip,2026-8-20 19:22:32.943575000,0.5822,0.5822,0.0000,0.1369,0.4594,0.0531,0.4063,2.0112,15.9202,4.3286,7706.5804,NA,NA,NA
python.exe,1968,0x0,Other,-1,0,0,Composed: Copy with GPU GDI,2026-8-20 19:22:32.944157200,2.0055,2.0055,0.0000,0.0141,2.1360,1.6097,0.5263,NA,NA,NA,NA,NA,NA,NA
python.exe,1968,0x0,Other,-1,0,0,Composed: Copy with GPU GDI,2026-8-20 19:22:32.946162700,8.4110,8.4110,0.0000,0.1496,8.3951,0.2244,8.1707,NA,NA,NA,NA,NA,NA,NA
python.exe,1968,0x0,Other,-1,0,0,Composed: Copy with GPU GDI,2026-8-20 19:22:32.954573700,4.3174,4.3174,0.0000,0.1375,4.4144,0.3198,4.0946,NA,NA,NA,NA,NA,NA,NA
python.exe,1968,0x0,Other,0,0,1,Hardware: Legacy Flip,2026-8-20 19:22:32.958891100,1.1884,1.1884,0.0000,0.2377,0.9646,0.0532,0.9114,2.6153,17.4738,-0.6041,7721.8965,NA,NA,NA
python.exe,1968,0x0,Other,-1,0,0,Composed: Copy with GPU GDI,2026-8-20 19:22:32.960079500,5.9224,5.9224,0.0000,0.0139,6.0281,1.5861,4.4420,NA,NA,NA,NA,NA,NA,NA
python.exe,1968,0x0,Other,-1,0,0,Composed: Copy with GPU GDI,2026-8-20 19:22:32.966001900,4.8941,4.8941,0.0000,0.1233,5.1138,0.4401,4.6737,NA,NA,NA,NA,NA,NA,NA
python.exe,1968,0x0,Other,-1,0,0,Composed: Copy with GPU GDI,2026-8-20 19:22:32.970896000,6.1490,6.1490,0.0000,0.3475,6.0128,0.3303,5.6825,NA,NA,NA,NA,NA,NA,NA
python.exe,1968,0x0,Other,0,0,1,Hardware: Legacy Flip,2026-8-20 19:22:32.977045000,0.5010,0.5010,0.0000,0.2166,0.3003,0.0581,0.2422,1.9352,15.9784,0.6801,7740.0504,NA,NA,NA
python.exe,1968,0x0,Other,-1,0,0,Composed: Copy with GPU GDI,2026-8-20 19:22:32.977546000,5.3575,5.3575,0.0000,0.0159,5.4651,1.5911,3.8740,NA,NA,NA,NA,NA,NA,NA
python.exe,1968,0x0,Other,-1,0,0,Composed: Copy with GPU GDI,2026-8-20 19:22:32.982903500,5.5489,5.5489,0.0000,0.1257,5.5577,0.2168,5.3409,NA,NA,NA,NA,NA,NA,NA
python.exe,1968,0x0,Other,0,0,1,Hardware: Legacy Flip,2026-8-20 19:22:32.988452400,5.0710,5.0710,0.0000,0.1390,4.9482,0.0629,4.8853,6.5062,17.2535,-4.5710,7751.4578,NA,NA,NA
python.exe,1968,0x0,Other,-1,0,0,Composed: Copy with GPU GDI,2026-8-20 19:22:32.993523400,1.6606,1.6606,0.0000,0.0162,1.9799,1.7950,0.1849,NA,NA,NA,NA,NA,NA,NA
python.exe,1968,0x0,Other,-1,0,0,Composed: Copy with GPU GDI,2026-8-20 19:22:32.995184000,4.8347,4.8347,0.0000,0.3371,4.6381,0.2260,4.4121,NA,NA,NA,NA,NA,NA,NA
python.exe,1968,0x0,Other,-1,0,0,Composed: Copy with GPU GDI,2026-8-20 19:22:33.000018700,10.1662,10.1662,0.0000,0.1453,10.1599,0.2180,9.9419,NA,NA,NA,NA,NA,NA,NA
python.exe,1968,0x0,Other,0,0,1,Hardware: Legacy Flip,2026-8-20 19:22:33.010184900,0.5316,0.5316,0.0000,0.1425,0.4023,0.0487,0.3536,2.0272,6.5620,4.4790,7773.1903,NA,NA,NA
python.exe,1968,0x0,Other,-1,0,0,Composed: Copy with GPU GDI,2026-8-20 19:22:33.010716500,1.3284,1.3284,0.0000,0.0132,1.6170,1.6170,0.0000,8.0576,9.3055,-6.0304,7773.7219,NA,NA,NA
python.exe,1968,0x0,Other,-1,0,0,Composed: Copy with GPU GDI,2026-8-20 19:22:33.012044900,9.2967,9.2967,0.0000,0.3052,9.1337,0.2250,8.9087,NA,NA,NA,NA,NA,NA,NA
python.exe,1968,0x0,Other,-1,0,0,Composed: Copy with GPU GDI,2026-8-20 19:22:33.021341600,4.0517,4.0517,0.0000,0.1458,4.0181,0.2226,3.7955,NA,NA,NA,NA,NA,NA,NA
python.exe,1968,0x0,Other,0,0,1,Hardware: Legacy Flip,2026-8-20 19:22:33.025393300,1.2035,1.2035,0.0000,0.1160,1.1004,0.0485,1.0519,2.6863,17.5039,5.3713,7788.3987,NA,NA,NA
python.exe,1968,0x0,Other,-1,0,0,Composed: Copy with GPU GDI,2026-8-20 19:22:33.026596800,5.9501,5.9501,0.0000,0.0129,6.0810,1.6380,4.4430,NA,NA,NA,NA,NA,NA,NA
python.exe,1968,0x0,Other,-1,0,0,Composed: Copy with GPU GDI,2026-8-20 19:22:33.032546900,4.9258,4.9258,0.0000,0.1477,5.1510,0.4443,4.7067,NA,NA,NA,NA,NA,NA,NA
python.exe,1968,0x0,Other,-1,0,0,Composed: Copy with GPU GDI,2026-8-20 19:22:33.037472700,6.0969,6.0969,0.0000,0.3751,6.0605,0.4173,5.6432,NA,NA,NA,NA,NA,NA,NA
python.exe,1968,0x0,Other,0,0,1,Hardware: Legacy Flip,2026-8-20 19:22:33.043569600,0.4068,0.4068,0.0000,0.3423,0.0790,0.0496,0.0294,2.0139,15.3654,0.6724,7806.5750,NA,NA,NA
python.exe,1968,0x0,Other,-1,0,0,Composed: Copy with GPU GDI,2026-8-20 19:22:33.043976400,4.9438,4.9438,0.0000,0.0145,5.0716,1.7670,3.3046,NA,NA,NA,NA,NA,NA,NA
python.exe,1968,0x0,Other,-1,0,0,Composed: Copy with GPU GDI,2026-8-20 19:22:33.048920200,6.0955,6.0955,0.0000,0.1470,6.1781,0.3000,5.8781,NA,NA,NA,NA,NA,NA,NA
python.exe,1968,0x0,Other,0,0,1,Hardware: Legacy Flip,2026-8-20 19:22:33.055015700,4.4514,4.4514,0.0000,0.2329,4.2339,0.0568,4.1771,5.9332,12.4331,-3.9193,7818.0211,NA,NA,NA
python.exe,1968,0x0,Other,-1,0,0,Composed: Copy with GPU GDI,2026-8-20 19:22:33.059467100,2.2365,2.2365,0.0000,0.0154,2.3729,1.6361,0.7368,13.9149,5.4700,-7.9817,7822.4725,NA,NA,NA
python.exe,1968,0x0,Other,-1,0,0,Composed: Copy with GPU GDI,2026-8-20 19:22:33.061703600,6.1020,6.1020,0.0000,0.1544,6.1778,0.3538,5.8240,NA,NA,NA,NA,NA,NA,NA
python.exe,1968,0x0,Other,-1,0,0,Composed: Copy with GPU GDI,2026-8-20 19:22:33.067805600,9.1227,9.1227,0.0000,0.2338,9.0303,0.2263,8.8040,NA,NA,NA,NA,NA,NA,NA
python.exe,1968,0x0,Other,0,0,1,Hardware: Legacy Flip,2026-8-20 19:22:33.076928300,0.4645,0.4645,0.0000,0.1459,0.3601,0.0804,0.2797,1.9237,12.7306,11.9912,7839.9337,NA,NA,NA
python.exe,1968,0x0,Other,-1,0,0,Composed: Copy with GPU GDI,2026-8-20 19:22:33.077392800,1.9209,1.9209,0.0000,0.0415,2.0863,1.6389,0.4474,14.1898,3.0731,-12.2661,7840.3982,NA,NA,NA
python.exe,1968,0x0,Other,-1,0,0,Composed: Copy with GPU GDI,2026-8-20 19:22:33.079313700,8.5147,8.5147,0.0000,0.2098,8.4530,0.2160,8.2370,NA,NA,NA,NA,NA,NA,NA
python.exe,1968,0x0,Other,-1,0,0,Composed: Copy with GPU GDI,2026-8-20 19:22:33.087828400,4.2304,4.2304,0.0000,0.1513,4.2085,0.2433,3.9652,NA,NA,NA,NA,NA,NA,NA
python.exe,1968,0x0,Other,0,0,1,Hardware: Legacy Flip,2026-8-20 19:22:33.092058800,1.1234,1.1234,0.0000,0.1323,1.0031,0.0445,0.9586,2.5969,17.6938,11.5929,7855.0642,NA,NA,NA
python.exe,1968,0x0,Other,-1,0,0,Composed: Copy with GPU GDI,2026-8-20 19:22:33.093182200,6.1685,6.1685,0.0000,0.0120,6.2825,1.6330,4.6495,NA,NA,NA,NA,NA,NA,NA
python.exe,1968,0x0,Other,-1,0,0,Composed: Copy with GPU GDI,2026-8-20 19:22:33.099350700,4.6114,4.6114,0.0000,0.1293,4.6296,0.2309,4.3987,NA,NA,NA,NA,NA,NA,NA
python.exe,1968,0x0,Other,-1,0,0,Composed: Copy with GPU GDI,2026-8-20 19:22:33.103962100,6.6042,6.6042,0.0000,0.1524,6.6978,0.3414,6.3564,NA,NA,NA,NA,NA,NA,NA
python.exe,1968,0x0,Other,0,0,1,Hardware: Legacy Flip,2026-8-20 19:22:33.110566300,0.2931,0.2931,0.0000,0.2501,0.0564,0.0552,0.0012,1.7832,15.6413,0.8137,7873.5717,NA,NA,NA
python.exe,1968,0x0,Other,-1,0,0,Composed: Copy with GPU GDI,2026-8-20 19:22:33.110859400,5.2820,5.2820,0.0000,0.0134,5.3492,1.6538,3.6954,NA,NA,NA,NA,NA,NA,NA
python.exe,1968,0x0,Other,-1,0,0,Composed: Copy with GPU GDI,2026-8-20 19:22:33.116141400,5.9415,5.9415,0.0000,0.0850,6.0000,0.2329,5.7671,NA,NA,NA,NA,NA,NA,NA
python.exe,1968,0x0,Other,0,0,1,Hardware: Legacy Flip,2026-8-20 19:22:33.122082900,4.4172,4.4172,0.0000,0.1485,4.2838,0.0587,4.2251,5.9079,17.2061,-4.1247,7885.0883,NA,NA,NA
python.exe,1968,0x0,Other,-1,0,0,Composed: Copy with GPU GDI,2026-8-20 19:22:33.126500100,0.5823,0.5823,0.0000,0.0151,1.6241,1.6241,0.0000,NA,NA,NA,NA,NA,NA,NA
python.exe,1968,0x0,Other,-1,0,0,Composed: Copy with GPU GDI,2026-8-20 19:22:33.127082400,7.1442,7.1442,0.0000,1.0598,6.2128,0.2310,5.9818,NA,NA,NA,NA,NA,NA,NA
python.exe,1968,0x0,Other,-1,0,0,Composed: Copy with GPU GDI,2026-8-20 19:22:33.134226600,5.4701,5.4701,0.0000,0.1337,5.4804,0.2303,5.2501,NA,NA,NA,NA,NA,NA,NA
python.exe,1968,0x0,Other,0,0,1,Hardware: Legacy Flip,2026-8-20 19:22:33.139696700,4.0465,4.0465,0.0000,0.1492,3.9094,0.0459,3.8635,5.5002,13.1097,0.4077,7902.7021,NA,NA,NA
python.exe,1968,0x0,Other,-1,0,0,Composed: Copy with GPU GDI,2026-8-20 19:22:33.143743200,2.6514,2.6514,0.0000,0.0121,2.7703,1.6287,1.1416,14.5634,2.8317,-9.0632,7906.7486,NA,NA,NA
python.exe,1968,0x0,Other,-1,0,0,Composed: Copy with GPU GDI,2026-8-20 19:22:33.146394600,8.2656,8.2656,0.0000,0.1387,8.2787,0.2249,8.0538,NA,NA,NA,NA,NA,NA,NA
python.exe,1968,0x0,Other,-1,0,0,Composed: Copy with GPU GDI,2026-8-20 19:22:33.154660200,3.2031,3.2031,0.0000,0.1567,3.1120,0.1251,2.9869,NA,NA,NA,NA,NA,NA,NA
python.exe,1968,0x0,Other,0,0,1,Hardware: Legacy Flip,2026-8-20 19:22:33.157863300,1.7502,1.7502,0.0000,0.0721,1.6895,0.0514,1.6381,3.2750,15.3708,11.2884,7920.8687,NA,NA,NA
python.exe,1968,0x0,Other,-1,0,0,Composed: Copy with GPU GDI,2026-8-20 19:22:33.159613500,6.2317,6.2317,0.0000,0.0114,6.3648,1.6753,4.6895,16.8956,2.6991,-13.6206,7922.6189,NA,NA,NA
python.exe,1968,0x0,Other,-1,0,0,Composed: Copy with GPU GDI,2026-8-20 19:22:33.165845200,4.6582,4.6582,0.0000,0.1484,4.5908,0.1465,4.4443,NA,NA,NA,NA,NA,NA,NA
python.exe,1968,0x0,Other,-1,0,0,Composed: Copy with GPU GDI,2026-8-20 19:22:33.170503400,7.1056,7.1056,0.0000,0.0873,7.1847,0.2758,6.9089,NA,NA,NA,NA,NA,NA,NA
python.exe,1968,0x0,Other,0,0,1,Hardware: Legacy Flip,2026-8-20 19:22:33.177609000,0.1619,0.1619,0.0000,0.1664,0.0600,0.0600,0.0000,1.5992,15.5007,15.2964,7940.6144,NA,NA,NA
python.exe,1968,0x0,Other,-1,0,0,Composed: Copy with GPU GDI,2026-8-20 19:22:33.177770900,4.2313,4.2313,0.0000,0.0645,4.3727,1.5984,2.7743,16.9380,0.4508,-15.3388,7940.7763,NA,NA,NA
python.exe,1968,0x0,Other,-1,0,0,Composed: Copy with GPU GDI,2026-8-20 19:22:33.182002200,6.5303,6.5303,0.0000,0.2100,6.5258,0.2758,6.2500,NA,NA,NA,NA,NA,NA,NA
python.exe,1968,0x0,Other,0,0,1,Hardware: Legacy Flip,2026-8-20 19:22:33.188532500,5.1441,5.1441,0.0000,0.2082,4.9496,0.0517,4.8979,6.6272,11.6900,10.3108,7951.5379,NA,NA,NA
python.exe,1968,0x0,Other,-1,0,0,Composed: Copy with GPU GDI,2026-8-20 19:22:33.193676600,0.9344,0.9344,0.0000,0.0137,1.6087,1.6087,0.0000,13.1731,5.5842,-6.5459,7956.6820,NA,NA,NA
python.exe,1968,0x0,Other,-1,0,0,Composed: Copy with GPU GDI,2026-8-20 19:22:33.194611000,6.0962,6.0962,0.0000,0.6908,5.5582,0.2343,5.3239,NA,NA,NA,NA,NA,NA,NA
python.exe,1968,0x0,Other,-1,0,0,Composed: Copy with GPU GDI,2026-8-20 19:22:33.200707200,9.8122,9.8122,0.0000,0.1563,9.7878,0.2248,9.5630,NA,NA,NA,NA,NA,NA,NA
python.exe,1968,0x0,Other,0,0,1,Hardware: Legacy Flip,2026-8-20 19:22:33.210519400,0.4584,0.4584,0.0000,0.1367,0.3346,0.0488,0.2858,1.9145,12.6067,11.2586,7973.5248,NA,NA,NA
python.exe,1968,0x0,Other,-1,0,0,Composed: Copy with GPU GDI,2026-8-20 19:22:33.210977800,1.2530,1.2530,0.0000,0.0129,1.5848,1.5848,0.0000,14.0628,3.0835,-12.1483,7973.9832,NA,NA,NA
python.exe,1968,0x0,Other,-1,0,0,Composed: Copy with GPU GDI,2026-8-20 19:22:33.212230800,8.9915,8.9915,0.0000,0.3472,8.7979,0.2282,8.5697,NA,NA,NA,NA,NA,NA,NA
python.exe,1968,0x0,Other,-1,0,0,Composed: Copy with GPU GDI,2026-8-20 19:22:33.221222300,4.2451,4.2451,0.0000,0.1579,4.2607,0.2463,4.0144,NA,NA,NA,NA,NA,NA,NA
python.exe,1968,0x0,Other,0,0,1,Hardware: Legacy Flip,2026-8-20 19:22:33.225467400,1.2105,1.2105,0.0000,0.1878,1.0381,0.0539,0.9842,2.6567,16.7243,11.4061,7988.4728,NA,NA,NA
python.exe,1968,0x0,Other,-1,0,0,Composed: Copy with GPU GDI,2026-8-20 19:22:33.226677900,5.6395,5.6395,0.0000,0.0154,5.7686,1.5998,4.1688,NA,NA,NA,NA,NA,NA,NA
python.exe,1968,0x0,Other,-1,0,0,Composed: Copy with GPU GDI,2026-8-20 19:22:33.232317400,4.1410,4.1410,0.0000,0.1486,4.0630,0.1321,3.9309,NA,NA,NA,NA,NA,NA,NA
python.exe,1968,0x0,Other,0,0,1,Hardware: Legacy Flip,2026-8-20 19:22:33.236458400,6.9674,6.9674,0.0000,0.0772,6.9063,0.0596,6.8467,8.3900,10.5231,-5.7333,7999.4638,NA,NA,NA
python.exe,1968,0x0,Other,-1,0,0,Composed: Copy with GPU GDI,2026-8-20 19:22:33.243425800,0.5255,0.5255,0.0000,0.0161,1.7477,1.7477,0.0000,11.9457,5.5012,-3.5557,8006.4312,NA,NA,NA
python.exe,1968,0x0,Other,-1,0,0,Composed: Copy with GPU GDI,2026-8-20 19:22:33.243951300,6.5132,6.5132,0.0000,1.2401,5.4049,0.2108,5.1941,NA,NA,NA,NA,NA,NA,NA
python.exe,1968,0x0,Other,-1,0,0,Composed: Copy with GPU GDI,2026-8-20 19:22:33.250464500,4.6794,4.6794,0.0000,0.1350,4.6117,0.1256,4.4861,NA,NA,NA,NA,NA,NA,NA
python.exe,1968,0x0,Other,0,0,1,Hardware: Legacy Flip,2026-8-20 19:22:33.255143900,4.2755,4.2755,0.0000,0.0731,4.2165,0.0540,4.1625,5.7288,12.7027,6.2169,8018.1493,NA,NA,NA
python.exe,1968,0x0,Other,-1,0,0,Composed: Copy with GPU GDI,2026-8-20 19:22:33.259419400,2.1982,2.1982,0.0000,0.0141,2.3162,1.6103,0.7059,NA,NA,NA,NA,NA,NA,NA
python.exe,1968,0x0,Other,-1,0,0,Composed: Copy with GPU GDI,2026-8-20 19:22:33.261617600,5.4782,5.4782,0.0000,0.1375,5.4818,0.2287,5.2531,11.9578,4.8504,-6.2290,8024.6230,NA,NA,NA
python.exe,1968,0x0,Other,-1,0,0,Composed: Copy with GPU GDI,2026-8-20 19:22:33.267095800,9.4188,9.4188,0.0000,0.1459,9.4156,0.2262,9.1894,NA,NA,NA,NA,NA,NA,NA
python.exe,1968,0x0,Other,0,0,1,Hardware: Legacy Flip,2026-8-20 19:22:33.276514600,0.4892,0.4892,0.0000,0.1473,0.3843,0.0815,0.3028,1.9112,16.1616,10.0466,8039.5200,NA,NA,NA
python.exe,1968,0x0,Other,-1,0,0,Composed: Copy with GPU GDI,2026-8-20 19:22:33.277003800,2.6746,2.6746,0.0000,0.0424,2.7734,1.5596,1.2138,NA,NA,NA,NA,NA,NA,NA
python.exe,1968,0x0,Other,-1,0,0,Composed: Copy with GPU GDI,2026-8-20 19:22:33.279678400,7.9494,7.9494,0.0000,0.1462,7.9482,0.2179,7.7303,NA,NA,NA,NA,NA,NA,NA
python.exe,1968,0x0,Other,-1,0,0,Composed: Copy with GPU GDI,2026-8-20 19:22:33.287627800,4.1920,4.1920,0.0000,0.1488,4.1700,0.2258,3.9442,NA,NA,NA,NA,NA,NA,NA
python.exe,1968,0x0,Other,0,0,1,Hardware: Legacy Flip,2026-8-20 19:22:33.291819800,1.3443,1.3443,0.0000,0.1317,1.2265,0.0475,1.1790,2.7676,16.9453,-0.8564,8054.8252,NA,NA,NA
python.exe,1968,0x0,Other,-1,0,0,Composed: Copy with GPU GDI,2026-8-20 19:22:33.293164100,5.6701,5.6701,0.0000,0.0139,5.8034,1.5792,4.2242,NA,NA,NA,NA,NA,NA,NA
python.exe,1968,0x0,Other,-1,0,0,Composed: Copy with GPU GDI,2026-8-20 19:22:33.298834200,6.0707,6.0707,0.0000,0.1513,6.0644,0.2166,5.8478,NA,NA,NA,NA,NA,NA,NA
python.exe,1968,0x0,Other,0,0,1,Hardware: Legacy Flip,2026-8-20 19:22:33.304904900,5.2361,5.2361,0.0000,0.1491,5.1024,0.0585,5.0439,6.6278,15.8459,-3.8602,8067.9103,NA,NA,NA
python.exe,1968,0x0,Other,-1,0,0,Composed: Copy with GPU GDI,2026-8-20 19:22:33.310141000,0.3180,0.3180,0.0000,0.0154,1.8537,1.8537,0.0000,NA,NA,NA,NA,NA,NA,NA
python.exe,1968,0x0,Other,-1,0,0,Composed: Copy with GPU GDI,2026-8-20 19:22:33.310459000,6.2374,6.2374,0.0000,1.5530,4.9418,0.3544,4.5874,NA,NA,NA,NA,NA,NA,NA
python.exe,1968,0x0,Other,-1,0,0,Composed: Copy with GPU GDI,2026-8-20 19:22:33.316696400,5.9245,5.9245,0.0000,0.2605,6.0694,0.4874,5.5820,NA,NA,NA,NA,NA,NA,NA
python.exe,1968,0x0,Other,0,0,1,Hardware: Legacy Flip,2026-8-20 19:22:33.322620900,3.3417,3.3417,0.0000,0.4080,2.9451,0.0461,2.8990,4.7577,12.9276,1.8701,8085.6263,NA,NA,NA
python.exe,1968,0x0,Other,-1,0,0,Composed: Copy with GPU GDI,2026-8-20 19:22:33.325962600,1.5823,1.5823,0.0000,0.0114,1.7655,1.6117,0.1538,14.3436,4.7154,-9.5859,8088.9680,NA,NA,NA
python.exe,1968,0x0,Other,-1,0,0,Composed: Copy with GPU GDI,2026-8-20 19:22:33.327544900,5.6127,5.6127,0.0000,0.1976,5.5616,0.2230,5.3386,NA,NA,NA,NA,NA,NA,NA
python.exe,1968,0x0,Other,-1,0,0,Composed: Copy with GPU GDI,2026-8-20 19:22:33.333157600,6.5969,6.5969,0.0000,0.1514,6.6175,0.2516,6.3659,NA,NA,NA,NA,NA,NA,NA
python.exe,1968,0x0,Other,0,0,1,Hardware: Legacy Flip,2026-8-20 19:22:33.339754500,3.8515,3.8515,0.0000,0.1769,3.7126,0.0710,3.6416,5.2671,13.4790,9.0765,8102.7599,NA,NA,NA
python.exe,1968,0x0,Other,-1,0,0,Composed: Copy with GPU GDI,2026-8-20 19:22:33.343606000,2.1101,2.1101,0.0000,0.0380,2.2186,1.5566,0.6620,14.8946,2.7151,-9.6275,8106.6114,NA,NA,NA
python.exe,1968,0x0,Other,-1,0,0,Composed: Copy with GPU GDI,2026-8-20 19:22:33.345716100,8.6524,8.6524,0.0000,0.1512,8.6421,0.2201,8.4220,NA,NA,NA,NA,NA,NA,NA
python.exe,1968,0x0,Other,-1,0,0,Composed: Copy with GPU GDI,2026-8-20 19:22:33.354368500,3.1077,3.1077,0.0000,0.1442,3.0347,0.1329,2.9018,NA,NA,NA,NA,NA,NA,NA
python.exe,1968,0x0,Other,0,0,1,Hardware: Legacy Flip,2026-8-20 19:22:33.357476200,2.3251,2.3251,0.0000,0.0787,2.2585,0.0459,2.2126,3.7395,15.4947,11.1551,8120.4816,NA,NA,NA
python.exe,1968,0x0,Other,-1,0,0,Composed: Copy with GPU GDI,2026-8-20 19:22:33.359801300,6.2378,6.2378,0.0000,0.0121,6.3710,1.5709,4.8001,16.9091,2.1287,-13.1696,8122.8067,NA,NA,NA
python.exe,1968,0x0,Other,-1,0,0,Composed: Copy with GPU GDI,2026-8-20 19:22:33.366039100,5.1043,5.1043,0.0000,0.1485,5.1101,0.2410,4.8691,NA,NA,NA,NA,NA,NA,NA
python.exe,1968,0x0,Other,0,0,1,Hardware: Legacy Flip,2026-8-20 19:22:33.371143400,6.1141,6.1141,0.0000,0.1570,5.9839,0.0745,5.9094,7.6957,16.0696,9.2134,8134.1488,NA,NA,NA
python.exe,1968,0x0,Other,-1,0,0,Composed: Copy with GPU GDI,2026-8-20 19:22:33.377257500,0.3733,0.3733,0.0000,0.0268,1.8713,1.8713,0.0000,NA,NA,NA,NA,NA,NA,NA
python.exe,1968,0x0,Other,-1,0,0,Composed: Copy with GPU GDI,2026-8-20 19:22:33.377630800,4.4510,4.4510,0.0000,1.5267,3.0575,0.2126,2.8449,17.2779,6.0667,-9.5822,8140.6362,NA,NA,NA
python.exe,1968,0x0,Other,-1,0,0,Composed: Copy with GPU GDI,2026-8-20 19:22:33.382081800,6.5575,6.5575,0.0000,0.1379,6.5514,0.2133,6.3381,18.8936,10.9094,-1.6157,8145.0872,NA,NA,NA
python.exe,1968,0x0,Other,-1,0,0,Composed: Copy with GPU GDI,2026-8-20 19:22:33.388639300,21.5935,21.5935,0.0000,0.1349,21.5756,0.2246,21.3510,NA,NA,NA,NA,NA,NA,NA
python.exe,1968,0x0,Other,0,0,1,Hardware: Legacy Flip,2026-8-20 19:22:33.410232800,0.2179,0.2179,0.0000,0.1210,0.1392,0.0806,0.0586,1.6520,5.0358,17.2416,8173.2382,NA,NA,NA
python.exe,1968,0x0,Other,-1,0,0,Composed: Copy with GPU GDI,2026-8-20 19:22:33.410450700,2.2993,2.2993,0.0000,0.0423,2.3733,1.5490,0.8243,NA,NA,NA,NA,NA,NA,NA
python.exe,1968,0x0,Other,0,0,1,Hardware: Legacy Flip,2026-8-20 19:22:33.412750000,2.7206,2.7206,0.0000,0.1194,2.6132,0.0479,2.5653,4.1706,10.8053,-2.5186,8175.7554,NA,NA,NA
python.exe,1968,0x0,Other,-1,0,0,Composed: Copy with GPU GDI,2026-8-20 19:22:33.415470600,5.5028,5.5028,0.0000,0.0120,5.6407,1.5962,4.0445,NA,NA,NA,NA,NA,NA,NA
python.exe,1968,0x0,Other,-1,0,0,Composed: Copy with GPU GDI,2026-8-20 19:22:33.420973400,4.8149,4.8149,0.0000,0.1535,4.9592,0.3562,4.6030,NA,NA,NA,NA,NA,NA,NA
python.exe,1968,0x0,Other,0,0,1,Hardware: Legacy Flip,2026-8-20 19:22:33.425788300,0.4170,0.4170,0.0000,0.3008,0.1287,0.0450,0.0837,1.9376,18.1858,2.2330,8188.7937,NA,NA,NA
python.exe,1968,0x0,Other,-1,0,0,Composed: Copy with GPU GDI,2026-8-20 19:22:33.426205300,6.1017,6.1017,0.0000,0.0125,6.3031,1.6995,4.6036,NA,NA,NA,NA,NA,NA,NA
python.exe,1968,0x0,Other,-1,0,0,Composed: Copy with GPU GDI,2026-8-20 19:22:33.432307000,5.6526,5.6526,0.0000,0.2165,5.8388,0.4688,5.3700,NA,NA,NA,NA,NA,NA,NA
python.exe,1968,0x0,Other,-1,0,0,Composed: Copy with GPU GDI,2026-8-20 19:22:33.437959600,5.9584,5.9584,0.0000,6.4241,0.1187,0.1187,0.0000,NA,NA,NA,NA,NA,NA,NA
python.exe,1968,0x0,Other,0,0,1,Hardware: Legacy Flip,2026-8-20 19:22:33.443918000,0.4203,0.4203,0.0000,0.0000,6.0198,0.5941,5.4257,1.9937,15.1884,-0.0561,8206.9234,NA,NA,NA
python.exe,1968,0x0,Other,-1,0,0,Composed: Copy with GPU GDI,2026-8-20 19:22:33.444338300,4.9473,4.9473,0.0000,0.1641,4.9173,1.5897,3.3276,NA,NA,NA,NA,NA,NA,NA
python.exe,1968,0x0,Other,-1,0,0,Composed: Copy with GPU GDI,2026-8-20 19:22:33.449285600,5.9529,5.9529,0.0000,0.1386,5.9633,0.2168,5.7465,NA,NA,NA,NA,NA,NA,NA
python.exe,1968,0x0,Other,0,0,1,Hardware: Legacy Flip,2026-8-20 19:22:33.455238500,4.4031,4.4031,0.0000,0.1528,4.2651,0.0527,4.2124,5.8616,12.6882,-3.8679,8218.2439,NA,NA,NA
python.exe,1968,0x0,Other,-1,0,0,Composed: Copy with GPU GDI,2026-8-20 19:22:33.459641600,1.6189,1.6189,0.0000,0.0148,1.7562,1.6107,0.1455,14.1467,5.1884,-8.2851,8222.6470,NA,NA,NA
python.exe,1968,0x0,Other,-1,0,0,Composed: Copy with GPU GDI,2026-8-20 19:22:33.461260500,7.0498,7.0498,0.0000,0.1558,7.0271,0.2235,6.8036,NA,NA,NA,NA,NA,NA,NA
python.exe,1968,0x0,Other,-1,0,0,Composed: Copy with GPU GDI,2026-8-20 19:22:33.468310300,8.7280,8.7280,0.0000,0.1367,8.7360,0.2170,8.5190,NA,NA,NA,NA,NA,NA,NA
python.exe,1968,0x0,Other,0,0,1,Hardware: Legacy Flip,2026-8-20 19:22:33.477038300,0.4684,0.4684,0.0000,0.1489,0.3311,0.0443,0.2868,1.9384,15.3246,12.2083,8240.0437,NA,NA,NA
python.exe,1968,0x0,Other,-1,0,0,Composed: Copy with GPU GDI,2026-8-20 19:22:33.477506700,2.5103,2.5103,0.0000,0.0116,2.6337,1.6358,0.9979,NA,NA,NA,NA,NA,NA,NA
python.exe,1968,0x0,Other,-1,0,0,Composed: Copy with GPU GDI,2026-8-20 19:22:33.480017000,7.6349,7.6349,0.0000,0.1406,7.6653,0.2414,7.4239,NA,NA,NA,NA,NA,NA,NA
python.exe,1968,0x0,Other,-1,0,0,Composed: Copy with GPU GDI,2026-8-20 19:22:33.487651900,3.7750,3.7750,0.0000,0.1749,3.6570,0.1077,3.5493,NA,NA,NA,NA,NA,NA,NA
python.exe,1968,0x0,Other,0,0,1,Hardware: Legacy Flip,2026-8-20 19:22:33.491426900,1.4064,1.4064,0.0000,0.0595,1.3733,0.0641,1.3092,2.8744,15.8760,-0.9360,8254.4323,NA,NA,NA
python.exe,1968,0x0,Other,-1,0,0,Composed: Copy with GPU GDI,2026-8-20 19:22:33.492833300,6.1877,6.1877,0.0000,0.0264,6.2886,1.6107,4.6779,NA,NA,NA,NA,NA,NA,NA
python.exe,1968,0x0,Other,-1,0,0,Composed: Copy with GPU GDI,2026-8-20 19:22:33.499021000,4.2356,4.2356,0.0000,0.1316,4.1800,0.1319,4.0481,11.1563,1.5833,-8.2819,8262.0264,NA,NA,NA
python.exe,1968,0x0,Other,0,0,1,Hardware: Legacy Flip,2026-8-20 19:22:33.503256600,7.0257,7.0257,0.0000,0.0826,6.9931,0.0967,6.8964,8.5040,10.5721,2.6523,8266.2620,NA,NA,NA
python.exe,1968,0x0,Other,-1,0,0,Composed: Copy with GPU GDI,2026-8-20 19:22:33.510282300,0.4158,0.4158,0.0000,0.0500,1.5709,1.5709,0.0000,NA,NA,NA,NA,NA,NA,NA
python.exe,1968,0x0,Other,-1,0,0,Composed: Copy with GPU GDI,2026-8-20 19:22:33.510698100,4.5083,4.5083,0.0000,1.2069,3.4401,0.2283,3.2118,11.6346,5.7921,-3.1306,8273.7035,NA,NA,NA
python.exe,1968,0x0,Other,-1,0,0,Composed: Copy with GPU GDI,2026-8-20 19:22:33.515206400,6.9983,6.9983,0.0000,0.1439,7.0593,0.2860,6.7733,NA,NA,NA,NA,NA,NA,NA
python.exe,1968,0x0,Other,0,0,1,Hardware: Legacy Flip,2026-8-20 19:22:33.522204700,4.4420,4.4420,0.0000,0.2083,4.2480,0.0531,4.1949,5.9201,12.3863,5.7145,8285.2101,NA,NA,NA
python.exe,1968,0x0,Other,-1,0,0,Composed: Copy with GPU GDI,2026-8-20 19:22:33.526646700,1.5719,1.5719,0.0000,0.0143,1.7628,1.6975,0.0653,13.8644,4.3555,-7.9443,8289.6521,NA,NA,NA
python.exe,1968,0x0,Other,-1,0,0,Composed: Copy with GPU GDI,2026-8-20 19:22:33.528218600,5.0037,5.0037,0.0000,0.2078,4.9469,0.2163,4.7306,NA,NA,NA,NA,NA,NA,NA
python.exe,1968,0x0,Other,-1,0,0,Composed: Copy with GPU GDI,2026-8-20 19:22:33.533222300,6.5636,6.5636,0.0000,0.1551,6.5511,0.2267,6.3244,NA,NA,NA,NA,NA,NA,NA
python.exe,1968,0x0,Other,0,0,1,Hardware: Legacy Flip,2026-8-20 19:22:33.539785900,3.5712,3.5712,0.0000,0.1474,3.4360,0.0451,3.3909,5.0807,13.8362,8.7837,8302.7913,NA,NA,NA
python.exe,1968,0x0,Other,-1,0,0,Composed: Copy with GPU GDI,2026-8-20 19:22:33.543357100,1.9625,1.9625,0.0000,0.0122,2.1042,1.6664,0.4378,15.3457,2.5576,-10.2650,8306.3625,NA,NA,NA
python.exe,1968,0x0,Other,-1,0,0,Composed: Copy with GPU GDI,2026-8-20 19:22:33.545319600,9.2940,9.2940,0.0000,0.1573,9.2803,0.2256,9.0547,NA,NA,NA,NA,NA,NA,NA
python.exe,1968,0x0,Other,-1,0,0,Composed: Copy with GPU GDI,2026-8-20 19:22:33.554613600,3.3222,3.3222,0.0000,0.1458,3.3156,0.2219,3.0937,NA,NA,NA,NA,NA,NA,NA
python.exe,1968,0x0,Other,0,0,1,Hardware: Legacy Flip,2026-8-20 19:22:33.557935800,1.8315,1.8315,0.0000,0.1435,1.6998,0.0572,1.6426,3.3246,15.6481,12.0211,8320.9412,NA,NA,NA
python.exe,1968,0x0,Other,-1,0,0,Composed: Copy with GPU GDI,2026-8-20 19:22:33.559767300,6.7176,6.7176,0.0000,0.0118,6.8619,1.6616,5.2003,NA,NA,NA,NA,NA,NA,NA
python.exe,1968,0x0,Other,-1,0,0,Composed: Copy with GPU GDI,2026-8-20 19:22:33.566484900,3.5533,3.5533,0.0000,0.1596,3.4721,0.1394,3.3327,10.4236,2.2634,-7.0990,8329.4903,NA,NA,NA
python.exe,1968,0x0,Other,0,0,1,Hardware: Legacy Flip,2026-8-20 19:22:33.570038200,7.4198,7.4198,0.0000,0.0836,7.3491,0.0498,7.2993,9.1337,9.8777,1.2899,8333.0436,NA,NA,NA
python.exe,1968,0x0,Other,-1,0,0,Composed: Copy with GPU GDI,2026-8-20 19:22:33.577458000,0.5921,0.5921,0.0000,0.0129,2.0926,2.0926,0.0000,NA,NA,NA,NA,NA,NA,NA
python.exe,1968,0x0,Other,-1,0,0,Composed: Copy with GPU GDI,2026-8-20 19:22:33.578050100,4.6009,4.6009,0.0000,1.5169,3.2305,0.2262,3.0043,10.9995,6.5220,-1.8658,8341.0555,NA,NA,NA
python.exe,1968,0x0,Other,-1,0,0,Composed: Copy with GPU GDI,2026-8-20 19:22:33.582651000,6.5629,6.5629,0.0000,0.1522,6.5296,0.2167,6.3129,NA,NA,NA,NA,NA,NA,NA
python.exe,1968,0x0,Other,0,0,1,Hardware: Legacy Flip,2026-8-20 19:22:33.589213900,4.8538,4.8538,0.0000,0.1249,4.7412,0.0458,4.6954,6.3577,16.6898,4.6418,8352.2193,NA,NA,NA
python.exe,1968,0x0,Other,-1,0,0,Composed: Copy with GPU GDI,2026-8-20 19:22:33.594067700,1.0263,1.0263,0.0000,0.0123,1.6368,1.6368,0.0000,NA,NA,NA,NA,NA,NA,NA
python.exe,1968,0x0,Other,-1,0,0,Composed: Copy with GPU GDI,2026-8-20 19:22:33.595094000,5.5967,5.5967,0.0000,0.6250,5.1296,0.2234,4.9062,NA,NA,NA,NA,NA,NA,NA
python.exe,1968,0x0,Other,-1,0,0,Composed: Copy with GPU GDI,2026-8-20 19:22:33.600690700,9.6194,9.6194,0.0000,0.1620,9.6046,0.2287,9.3759,NA,NA,NA,NA,NA,NA,NA
python.exe,1968,0x0,Other,0,0,1,Hardware: Legacy Flip,2026-8-20 19:22:33.610310100,0.4425,0.4425,0.0000,0.1513,0.3033,0.0472,0.2561,1.9513,7.1136,4.4064,8373.3155,NA,NA,NA
python.exe,1968,0x0,Other,-1,0,0,Composed: Copy with GPU GDI,2026-8-20 19:22:33.610752600,1.6447,1.6447,0.0000,0.0121,1.7840,1.6607,0.1233,8.6224,8.5210,-6.6711,8373.7580,NA,NA,NA
python.exe,1968,0x0,Other,-1,0,0,Composed: Copy with GPU GDI,2026-8-20 19:22:33.612397300,8.7810,8.7810,0.0000,0.1547,8.7748,0.2176,8.5572,NA,NA,NA,NA,NA,NA,NA
python.exe,1968,0x0,Other,-1,0,0,Composed: Copy with GPU GDI,2026-8-20 19:22:33.621178300,3.2209,3.2209,0.0000,0.1521,3.1388,0.1318,3.0070,NA,NA,NA,NA,NA,NA,NA
python.exe,1968,0x0,Other,0,0,1,Hardware: Legacy Flip,2026-8-20 19:22:33.624399200,1.8836,1.8836,0.0000,0.0767,1.8216,0.0549,1.7667,3.4968,15.7381,5.1256,8387.4046,NA,NA,NA
python.exe,1968,0x0,Other,-1,0,0,Composed: Copy with GPU GDI,2026-8-20 19:22:33.626282800,5.8495,5.8495,0.0000,0.0147,6.0853,1.8721,4.2132,NA,NA,NA,NA,NA,NA,NA
python.exe,1968,0x0,Other,-1,0,0,Composed: Copy with GPU GDI,2026-8-20 19:22:33.632132300,4.9514,4.9514,0.0000,0.2531,4.7602,0.1169,4.6433,11.5018,1.5071,-8.0050,8395.1377,NA,NA,NA
python.exe,1968,0x0,Other,-1,0,0,Composed: Copy with GPU GDI,2026-8-20 19:22:33.637083700,6.3274,6.3274,0.0000,0.0659,6.4011,0.2259,6.1752,NA,NA,NA,NA,NA,NA,NA
python.exe,1968,0x0,Other,0,0,1,Hardware: Legacy Flip,2026-8-20 19:22:33.643411100,0.2965,0.2965,0.0000,0.1429,0.1693,0.1184,0.0509,1.7301,15.7999,9.7717,8406.4165,NA,NA,NA
python.exe,1968,0x0,Other,-1,0,0,Composed: Copy with GPU GDI,2026-8-20 19:22:33.643707600,5.9006,5.9006,0.0000,0.0157,6.0940,1.6602,4.4338,NA,NA,NA,NA,NA,NA,NA
python.exe,1968,0x0,Other,-1,0,0,Composed: Copy with GPU GDI,2026-8-20 19:22:33.649608200,5.4385,5.4385,0.0000,0.2125,5.3790,0.2173,5.1617,NA,NA,NA,NA,NA,NA,NA
python.exe,1968,0x0,Other,0,0,1,Hardware: Legacy Flip,2026-8-20 19:22:33.655046700,4.3526,4.3526,0.0000,0.1568,4.2089,0.0515,4.1574,5.8944,13.0267,-4.1643,8418.0521,NA,NA,NA
python.exe,1968,0x0,Other,-1,0,0,Composed: Copy with GPU GDI,2026-8-20 19:22:33.659399300,1.8058,1.8058,0.0000,0.0131,1.9711,1.7201,0.2510,14.5685,4.1435,-8.6741,8422.4047,NA,NA,NA
python.exe,1968,0x0,Other,-1,0,0,Composed: Copy with GPU GDI,2026-8-20 19:22:33.661205100,6.4679,6.4679,0.0000,0.1831,6.4220,0.2228,6.1992,NA,NA,NA,NA,NA,NA,NA
python.exe,1968,0x0,Other,-1,0,0,Composed: Copy with GPU GDI,2026-8-20 19:22:33.667673000,5.4934,5.4934,0.0000,0.1409,5.4925,0.2267,5.2658,NA,NA,NA,NA,NA,NA,NA
python.exe,1968,0x0,Other,0,0,1,Hardware: Legacy Flip,2026-8-20 19:22:33.673166400,3.4107,3.4107,0.0000,0.1455,3.3054,0.0758,3.2296,4.9449,14.0532,9.6236,8436.1718,NA,NA,NA
python.exe,1968,0x0,Other,-1,0,0,Composed: Copy with GPU GDI,2026-8-20 19:22:33.676577100,3.1571,3.1571,0.0000,0.0402,3.2505,1.6611,1.5894,15.5874,2.9732,-10.6425,8439.5825,NA,NA,NA
python.exe,1968,0x0,Other,-1,0,0,Composed: Copy with GPU GDI,2026-8-20 19:22:33.679734200,8.0682,8.0682,0.0000,0.1381,8.0834,0.2274,7.8560,NA,NA,NA,NA,NA,NA,NA
python.exe,1968,0x0,Other,-1,0,0,Composed: Copy with GPU GDI,2026-8-20 19:22:33.687802400,4.0958,4.0958,0.0000,0.1568,3.9997,0.1162,3.8835,NA,NA,NA,NA,NA,NA,NA
python.exe,1968,0x0,Other,0,0,1,Hardware: Legacy Flip,2026-8-20 19:22:33.691898200,1.7283,1.7283,0.0000,0.0660,1.6740,0.0445,1.6295,3.2395,15.2353,12.3479,8454.9036,NA,NA,NA
python.exe,1968,0x0,Other,-1,0,0,Composed: Copy with GPU GDI,2026-8-20 19:22:33.693626500,5.4964,5.4964,0.0000,0.0117,5.6325,1.6670,3.9655,NA,NA,NA,NA,NA,NA,NA
python.exe,1968,0x0,Other,-1,0,0,Composed: Copy with GPU GDI,2026-8-20 19:22:33.699122900,4.3465,4.3465,0.0000,0.1515,4.2649,0.1329,4.1320,11.2501,1.1961,-8.0106,8462.1283,NA,NA,NA
python.exe,1968,0x0,Other,0,0,1,Hardware: Legacy Flip,2026-8-20 19:22:33.703469400,6.6125,6.6125,0.0000,0.0770,6.5486,0.0534,6.4952,8.0997,10.9281,3.1504,8466.4748,NA,NA,NA
python.exe,1968,0x0,Other,-1,0,0,Composed: Copy with GPU GDI,2026-8-20 19:22:33.710081900,0.4339,0.4339,0.0000,0.0131,1.6125,1.6125,0.0000,NA,NA,NA,NA,NA,NA,NA
python.exe,1968,0x0,Other,-1,0,0,Composed: Copy with GPU GDI,2026-8-20 19:22:33.710515800,5.5134,5.5134,0.0000,1.1936,4.4595,0.2178,4.2417,11.9814,5.4892,-3.8817,8473.5212,NA,NA,NA
python.exe,1968,0x0,Other,-1,0,0,Composed: Copy with GPU GDI,2026-8-20 19:22:33.716029200,5.6223,5.6223,0.0000,0.1439,5.6160,0.2198,5.3962,NA,NA,NA,NA,NA,NA,NA
python.exe,1968,0x0,Other,0,0,1,Hardware: Legacy Flip,2026-8-20 19:22:33.721651500,4.8290,4.8290,0.0000,0.1413,4.7005,0.0477,4.6528,6.3349,12.7143,5.6465,8484.6569,NA,NA,NA
python.exe,1968,0x0,Other,-1,0,0,Composed: Copy with GPU GDI,2026-8-20 19:22:33.726480500,0.5549,0.5549,0.0000,0.0128,1.6377,1.6377,0.0000,14.2202,4.9838,-7.8853,8489.4859,NA,NA,NA
python.exe,1968,0x0,Other,-1,0,0,Composed: Copy with GPU GDI,2026-8-20 19:22:33.727035400,6.5312,6.5312,0.0000,1.0981,5.5854,0.2192,5.3662,NA,NA,NA,NA,NA,NA,NA
python.exe,1968,0x0,Other,-1,0,0,Composed: Copy with GPU GDI,2026-8-20 19:22:33.733566600,6.0778,6.0778,0.0000,0.1566,6.0665,0.2232,5.8433,NA,NA,NA,NA,NA,NA,NA
python.exe,1968,0x0,Other,0,0,1,Hardware: Legacy Flip,2026-8-20 19:22:33.739644400,4.5162,4.5162,0.0000,0.1496,4.3787,0.0493,4.3294,6.0401,13.2247,8.1801,8502.6498,NA,NA,NA
python.exe,1968,0x0,Other,-1,0,0,Composed: Copy with GPU GDI,2026-8-20 19:22:33.744160600,2.0395,2.0395,0.0000,0.0121,2.1710,1.6859,0.4851,14.7486,2.3853,-8.7085,8507.1660,NA,NA,NA
python.exe,1968,0x0,Other,-1,0,0,Composed: Copy with GPU GDI,2026-8-20 19:22:33.746200100,8.5953,8.5953,0.0000,0.1483,8.5862,0.2214,8.3648,NA,NA,NA,NA,NA,NA,NA
python.exe,1968,0x0,Other,-1,0,0,Composed: Copy with GPU GDI,2026-8-20 19:22:33.754795400,2.9386,2.9386,0.0000,0.1428,2.8528,0.1106,2.7422,NA,NA,NA,NA,NA,NA,NA
python.exe,1968,0x0,Other,0,0,1,Hardware: Legacy Flip,2026-8-20 19:22:33.757734000,1.8505,1.8505,0.0000,0.0622,1.8035,0.0504,1.7531,3.5605,15.8135,11.1881,8520.7394,NA,NA,NA
python.exe,1968,0x0,Other,-1,0,0,Composed: Copy with GPU GDI,2026-8-20 19:22:33.759584500,6.0652,6.0652,0.0000,0.0152,6.2076,1.8743,4.3333,NA,NA,NA,NA,NA,NA,NA
python.exe,1968,0x0,Other,-1,0,0,Composed: Copy with GPU GDI,2026-8-20 19:22:33.765649700,4.1927,4.1927,0.0000,0.1617,4.1884,0.2260,3.9624,11.4583,1.2429,-7.8978,8528.6551,NA,NA,NA
python.exe,1968,0x0,Other,0,0,1,Hardware: Legacy Flip,2026-8-20 19:22:33.769842400,6.9975,6.9975,0.0000,0.1605,6.8500,0.0482,6.8018,8.5085,10.8911,2.9498,8532.8478,NA,NA,NA
python.exe,1968,0x0,Other,-1,0,0,Composed: Copy with GPU GDI,2026-8-20 19:22:33.776839900,0.5454,0.5454,0.0000,0.0130,1.6382,1.6382,0.0000,NA,NA,NA,NA,NA,NA,NA
python.exe,1968,0x0,Other,-1,0,0,Composed: Copy with GPU GDI,2026-8-20 19:22:33.777385300,5.4673,5.4673,0.0000,1.1094,4.5051,0.2264,4.2787,11.8567,6.1624,-3.3482,8540.3907,NA,NA,NA
python.exe,1968,0x0,Other,-1,0,0,Composed: Copy with GPU GDI,2026-8-20 19:22:33.782852600,5.1289,5.1289,0.0000,0.1523,5.1253,0.2276,4.8977,NA,NA,NA,NA,NA,NA,NA
python.exe,1968,0x0,Other,0,0,1,Hardware: Legacy Flip,2026-8-20 19:22:33.787981500,5.8440,5.8440,0.0000,0.1534,5.7032,0.0469,5.6563,7.4229,12.0363,4.4338,8550.9869,NA,NA,NA
python.exe,1968,0x0,Other,-1,0,0,Composed: Copy with GPU GDI,2026-8-20 19:22:33.793825500,1.1858,1.1858,0.0000,0.0126,1.6529,1.6529,0.0000,NA,NA,NA,NA,NA,NA,NA
python.exe,1968,0x0,Other,-1,0,0,Composed: Copy with GPU GDI,2026-8-20 19:22:33.795011300,6.0493,6.0493,0.0000,0.4834,5.7223,0.2301,5.4922,12.4294,4.5987,-5.0065,8558.0167,NA,NA,NA
python.exe,1968,0x0,Other,-1,0,0,Composed: Copy with GPU GDI,2026-8-20 19:22:33.801060600,9.0247,9.0247,0.0000,0.1596,9.0071,0.2275,8.7796,NA,NA,NA,NA,NA,NA,NA
python.exe,1968,0x0,Other,0,0,1,Hardware: Legacy Flip,2026-8-20 19:22:33.810085300,0.4508,0.4508,0.0000,0.1453,0.3189,0.0475,0.2714,1.9541,7.5283,10.4753,8573.0907,NA,NA,NA
python.exe,1968,0x0,Other,-1,0,0,Composed: Copy with GPU GDI,2026-8-20 19:22:33.810536100,2.0414,2.0414,0.0000,0.0134,2.1683,1.6568,0.5115,9.0316,8.6524,-7.0775,8573.5415,NA,NA,NA
python.exe,1968,0x0,Other,-1,0,0,Composed: Copy with GPU GDI,2026-8-20 19:22:33.812577500,8.7311,8.7311,0.0000,0.1437,8.7276,0.2199,8.5077,NA,NA,NA,NA,NA,NA,NA
python.exe,1968,0x0,Other,-1,0,0,Composed: Copy with GPU GDI,2026-8-20 19:22:33.821308600,4.4142,4.4142,0.0000,0.1436,4.3527,0.1720,4.1807,NA,NA,NA,NA,NA,NA,NA
python.exe,1968,0x0,Other,0,0,1,Hardware: Legacy Flip,2026-8-20 19:22:33.825722800,0.9252,0.9252,0.0000,0.0882,0.8521,0.0570,0.7951,2.4973,17.0597,6.5343,8588.7282,NA,NA,NA
python.exe,1968,0x0,Other,-1,0,0,Composed: Copy with GPU GDI,2026-8-20 19:22:33.826648000,5.5060,5.5060,0.0000,0.0151,6.0465,2.2033,3.8432,NA,NA,NA,NA,NA,NA,NA
python.exe,1968,0x0,Other,-1,0,0,Composed: Copy with GPU GDI,2026-8-20 19:22:33.832154000,4.1706,4.1706,0.0000,0.5599,3.7517,0.2272,3.5245,NA,NA,NA,NA,NA,NA,NA
python.exe,1968,0x0,Other,-1,0,0,Composed: Copy with GPU GDI,2026-8-20 19:22:33.836324600,7.0984,7.0984,0.0000,0.1453,7.0973,0.2198,6.8775,NA,NA,NA,NA,NA,NA,NA
python.exe,1968,0x0,Other,0,0,1,Hardware: Legacy Flip,2026-8-20 19:22:33.843423000,0.3799,0.3799,0.0000,0.1476,0.2473,0.0522,0.1951,1.8568,15.4368,0.6405,8606.4284,NA,NA,NA
python.exe,1968,0x0,Other,-1,0,0,Composed: Copy with GPU GDI,2026-8-20 19:22:33.843802900,4.6045,4.6045,0.0000,0.0150,4.7298,1.6375,3.0923,NA,NA,NA,NA,NA,NA,NA
python.exe,1968,0x0,Other,-1,0,0,Composed: Copy with GPU GDI,2026-8-20 19:22:33.848407400,6.5151,6.5151,0.0000,0.1446,6.5070,0.2256,6.2814,NA,NA,NA,NA,NA,NA,NA
python.exe,1968,0x0,Other,0,0,1,Hardware: Legacy Flip,2026-8-20 19:22:33.854922500,4.3028,4.3028,0.0000,0.1409,4.1735,0.0464,4.1271,5.7941,13.4593,-3.9373,8617.9279,NA,NA,NA
python.exe,1968,0x0,Other,-1,0,0,Composed: Copy with GPU GDI,2026-8-20 19:22:33.859225300,2.3410,2.3410,0.0000,0.0116,2.4680,1.6473,0.8207,14.9506,4.4110,-9.1565,8622.2307,NA,NA,NA
python.exe,1968,0x0,Other,-1,0,0,Composed: Copy with GPU GDI,2026-8-20 19:22:33.861566300,6.4092,6.4092,0.0000,0.1434,6.4763,0.2797,6.1966,NA,NA,NA,NA,NA,NA,NA
python.exe,1968,0x0,Other,-1,0,0,Composed: Copy with GPU GDI,2026-8-20 19:22:33.867975500,5.5387,5.5387,0.0000,0.2134,5.4754,0.2344,5.2410,NA,NA,NA,NA,NA,NA,NA
python.exe,1968,0x0,Other,0,0,1,Hardware: Legacy Flip,2026-8-20 19:22:33.873514200,3.5992,3.5992,0.0000,0.1545,3.4860,0.0759,3.4101,5.0727,13.8029,9.8779,8636.5196,NA,NA,NA
python.exe,1968,0x0,Other,-1,0,0,Composed: Copy with GPU GDI,2026-8-20 19:22:33.877113400,2.9836,2.9836,0.0000,0.0413,3.1690,1.6999,1.4691,15.2764,3.4392,-10.2037,8640.1188,NA,NA,NA
python.exe,1968,0x0,Other,-1,0,0,Composed: Copy with GPU GDI,2026-8-20 19:22:33.880097000,8.0683,8.0683,0.0000,0.2303,8.0244,0.2739,7.7505,NA,NA,NA,NA,NA,NA,NA
python.exe,1968,0x0,Other,-1,0,0,Composed: Copy with GPU GDI,2026-8-20 19:22:33.888165300,4.0158,4.0158,0.0000,0.1883,4.0518,0.2870,3.7648,NA,NA,NA,NA,NA,NA,NA
python.exe,1968,0x0,Other,0,0,1,Hardware: Legacy Flip,2026-8-20 19:22:33.892181100,1.2806,1.2806,0.0000,0.2275,1.0685,0.0508,1.0177,3.6479,14.7549,11.6285,8655.1865,NA,NA,NA
python.exe,1968,0x0,Other,-1,0,0,Composed: Copy with GPU GDI,2026-8-20 19:22:33.893461700,5.2537,5.2537,0.0000,0.0154,5.4473,2.5828,2.8645,NA,NA,NA,NA,NA,NA,NA
python.exe,1968,0x0,Other,-1,0,0,Composed: Copy with GPU GDI,2026-8-20 19:22:33.898715400,5.0037,5.0037,0.0000,0.2150,4.9841,0.2793,4.7048,11.8685,1.6552,-8.2206,8661.7208,NA,NA,NA
python.exe,1968,0x0,Other,0,0,1,Hardware: Legacy Flip,2026-8-20 19:22:33.903719100,6.3158,6.3158,0.0000,0.2004,6.1273,0.0520,6.0753,8.5200,10.4645,3.3485,8666.7245,NA,NA,NA
python.exe,1968,0x0,Other,-1,0,0,Composed: Copy with GPU GDI,2026-8-20 19:22:33.910034900,0.7322,0.7322,0.0000,0.0119,2.3979,2.3979,0.0000,NA,NA,NA,NA,NA,NA,NA
python.exe,1968,0x0,Other,-1,0,0,Composed: Copy with GPU GDI,2026-8-20 19:22:33.910767100,5.5049,5.5049,0.0000,1.6801,4.0172,0.2768,3.7404,11.9365,6.3407,-3.4165,8673.7725,NA,NA,NA
python.exe,1968,0x0,Other,-1,0,0,Composed: Copy with GPU GDI,2026-8-20 19:22:33.916272000,5.4647,5.4647,0.0000,0.1971,5.4740,0.2728,5.2012,NA,NA,NA,NA,NA,NA,NA
python.exe,1968,0x0,Other,0,0,1,Hardware: Legacy Flip,2026-8-20 19:22:33.921736700,5.0702,5.0702,0.0000,0.2092,4.8731,0.0459,4.8272,7.3076,11.8679,4.6289,8684.7421,NA,NA,NA
python.exe,1968,0x0,Other,-1,0,0,Composed: Copy with GPU GDI,2026-8-20 19:22:33.926806900,1.4652,1.4652,0.0000,0.0121,2.4179,2.4179,0.0000,NA,NA,NA,NA,NA,NA,NA
python.exe,1968,0x0,Other,-1,0,0,Composed: Copy with GPU GDI,2026-8-20 19:22:33.928272100,5.5592,5.5592,0.0000,0.9687,4.7817,0.2776,4.5041,12.6401,5.2155,-5.3325,8691.2775,NA,NA,NA
python.exe,1968,0x0,Other,-1,0,0,Composed: Copy with GPU GDI,2026-8-20 19:22:33.933831300,9.5280,9.5280,0.0000,0.1961,9.5083,0.2738,9.2345,NA,NA,NA,NA,NA,NA,NA
python.exe,1968,0x0,Other,0,0,1,Hardware: Legacy Flip,2026-8-20 19:22:33.943359300,0.5140,0.5140,0.0000,0.1791,0.3489,0.0490,0.2999,2.7684,6.9162,9.8717,8706.3647,NA,NA,NA
python.exe,1968,0x0,Other,-1,0,0,Composed: Copy with GPU GDI,2026-8-20 19:22:33.943873300,2.5927,2.5927,0.0000,0.0140,2.8139,2.4855,0.3284,9.1706,9.4752,-6.4022,8706.8787,NA,NA,NA
python.exe,1968,0x0,Other,-1,0,0,Composed: Copy with GPU GDI,2026-8-20 19:22:33.946466000,8.1144,8.1144,0.0000,0.2391,8.0639,0.2820,7.7819,NA,NA,NA,NA,NA,NA,NA
python.exe,1968,0x0,Other,-1,0,0,Composed: Copy with GPU GDI,2026-8-20 19:22:33.954580400,4.4563,4.4563,0.0000,0.1934,4.3624,0.1691,4.1933,NA,NA,NA,NA,NA,NA,NA
python.exe,1968,0x0,Other,0,0,1,Hardware: Legacy Flip,2026-8-20 19:22:33.959036700,1.0944,1.0944,0.0000,0.1042,1.0124,0.0835,0.9289,3.4824,14.8034,5.6882,8722.0421,NA,NA,NA
python.exe,1968,0x0,Other,-1,0,0,Composed: Copy with GPU GDI,2026-8-20 19:22:33.960131100,5.8418,5.8418,0.0000,0.0222,6.1586,2.7556,3.4030,NA,NA,NA,NA,NA,NA,NA
python.exe,1968,0x0,Other,-1,0,0,Composed: Copy with GPU GDI,2026-8-20 19:22:33.965972900,3.6779,3.6779,0.0000,0.3420,3.4156,0.1431,3.2725,11.3496,2.1935,-7.8672,8728.9783,NA,NA,NA
python.exe,1968,0x0,Other,0,0,1,Hardware: Legacy Flip,2026-8-20 19:22:33.969650800,7.5647,7.5647,0.0000,0.0840,7.4953,0.0556,7.4397,9.8652,9.9177,1.4844,8732.6562,NA,NA,NA
python.exe,1968,0x0,Other,-1,0,0,Composed: Copy with GPU GDI,2026-8-20 19:22:33.977215500,0.5496,0.5496,0.0000,0.0146,2.4748,2.4748,0.0000,NA,NA,NA,NA,NA,NA,NA
python.exe,1968,0x0,Other,-1,0,0,Composed: Copy with GPU GDI,2026-8-20 19:22:33.977765100,3.9330,3.9330,0.0000,1.9427,2.1798,0.2757,1.9041,11.6686,7.3528,-1.8034,8740.7705,NA,NA,NA
python.exe,1968,0x0,Other,-1,0,0,Composed: Copy with GPU GDI,2026-8-20 19:22:33.981698100,6.5528,6.5528,0.0000,0.1922,6.5453,0.2687,6.2766,NA,NA,NA,NA,NA,NA,NA
python.exe,1968,0x0,Other,0,0,1,Hardware: Legacy Flip,2026-8-20 19:22:33.988250900,6.2831,6.2831,0.0000,0.1874,6.1394,0.0917,6.0477,8.5356,10.8546,3.1330,8751.2563,NA,NA,NA
python.exe,1968,0x0,Other,-1,0,0,Composed: Copy with GPU GDI,2026-8-20 19:22:33.994534000,0.6805,0.6805,0.0000,0.0437,2.3887,2.3887,0.0000,NA,NA,NA,NA,NA,NA,NA
python.exe,1968,0x0,Other,-1,0,0,Composed: Copy with GPU GDI,2026-8-20 19:22:33.995214500,5.1262,5.1262,0.0000,1.7552,3.5596,0.2829,3.2767,12.4266,5.7693,-3.8910,8758.2199,NA,NA,NA
python.exe,1968,0x0,Other,-1,0,0,Composed: Copy with GPU GDI,2026-8-20 19:22:34.000340700,6.0783,6.0783,0.0000,0.1937,6.0654,0.2756,5.7898,NA,NA,NA,NA,NA,NA,NA
python.exe,1968,0x0,Other,0,0,1,Hardware: Legacy Flip,2026-8-20 19:22:34.006419000,4.5676,4.5676,0.0000,0.1835,4.3987,0.0535,4.3452,6.9914,12.4260,5.4352,8769.4244,NA,NA,NA
python.exe,1968,0x0,Other,-1,0,0,Composed: Copy with GPU GDI,2026-8-20 19:22:34.010986600,1.6564,1.6564,0.0000,0.0146,2.5997,2.5997,0.0000,14.8498,4.4250,-7.8584,8773.9920,NA,NA,NA
python.exe,1968,0x0,Other,-1,0,0,Composed: Copy with GPU GDI,2026-8-20 19:22:34.012643000,9.9363,9.9363,0.0000,0.9619,9.1496,0.2760,8.8736,NA,NA,NA,NA,NA,NA,NA
python.exe,1968,0x0,Other,-1,0,0,Composed: Copy with GPU GDI,2026-8-20 19:22:34.022579300,2.9090,2.9090,0.0000,0.1782,2.8018,0.1351,2.6667,NA,NA,NA,NA,NA,NA,NA
python.exe,1968,0x0,Other,0,0,1,Hardware: Legacy Flip,2026-8-20 19:22:34.025488300,2.3531,2.3531,0.0000,0.0762,2.3167,0.0778,2.2389,4.7731,13.7868,10.0767,8788.4937,NA,NA,NA
python.exe,1968,0x0,Other,-1,0,0,Composed: Copy with GPU GDI,2026-8-20 19:22:34.027841400,5.4059,5.4059,0.0000,0.0398,5.5449,2.6038,2.9411,NA,NA,NA,NA,NA,NA,NA
python.exe,1968,0x0,Other,-1,0,0,Composed: Copy with GPU GDI,2026-8-20 19:22:34.033247300,3.2976,3.2976,0.0000,0.1829,3.1886,0.1407,3.0479,10.8009,2.8338,-6.0278,8796.2527,NA,NA,NA
python.exe,1968,0x0,Other,-1,0,0,Composed: Copy with GPU GDI,2026-8-20 19:22:34.036544900,7.6887,7.6887,0.0000,7.8055,0.0529,0.0529,0.0000,NA,NA,NA,NA,NA,NA,NA
python.exe,1968,0x0,Other,0,0,1,Hardware: Legacy Flip,2026-8-20 19:22:34.044233600,0.1013,0.1013,0.0000,0.0000,7.7273,0.2354,7.4919,2.6484,9.3004,8.1525,8807.2390,NA,NA,NA
python.exe,1968,0x0,Other,-1,0,0,Composed: Copy with GPU GDI,2026-8-20 19:22:34.044334900,4.1845,4.1845,0.0000,0.0684,4.3150,2.6876,1.6274,11.8475,7.3379,-9.1991,8807.3403,NA,NA,NA
python.exe,1968,0x0,Other,-1,0,0,Composed: Copy with GPU GDI,2026-8-20 19:22:34.048519400,7.6219,7.6219,0.0000,0.2017,7.6479,0.3205,7.3274,NA,NA,NA,NA,NA,NA,NA
python.exe,1968,0x0,Other,0,0,1,Hardware: Legacy Flip,2026-8-20 19:22:34.056141300,4.9012,4.9012,0.0000,0.2329,4.7573,0.1338,4.6235,7.3790,16.1750,4.4685,8819.1467,NA,NA,NA
python.exe,1968,0x0,Other,-1,0,0,Composed: Copy with GPU GDI,2026-8-20 19:22:34.061042500,0.6083,0.6083,0.0000,0.0890,2.5647,2.5647,0.0000,NA,NA,NA,NA,NA,NA,NA
python.exe,1968,0x0,Other,-1,0,0,Composed: Copy with GPU GDI,2026-8-20 19:22:34.061650800,6.1084,6.1084,0.0000,2.0479,4.2527,0.2757,3.9770,NA,NA,NA,NA,NA,NA,NA
python.exe,1968,0x0,Other,-1,0,0,Composed: Copy with GPU GDI,2026-8-20 19:22:34.067759200,5.4885,5.4885,0.0000,0.1965,5.4907,0.2893,5.2014,NA,NA,NA,NA,NA,NA,NA
python.exe,1968,0x0,Other,0,0,1,Hardware: Legacy Flip,2026-8-20 19:22:34.073247700,3.9765,3.9765,0.0000,0.2050,3.7844,0.0535,3.7309,6.4476,12.8840,0.9314,8836.2531,NA,NA,NA
python.exe,1968,0x0,Other,-1,0,0,Composed: Copy with GPU GDI,2026-8-20 19:22:34.077224200,1.4585,1.4585,0.0000,0.0129,2.6942,2.6942,0.0000,15.3551,3.7087,-8.9075,8840.2296,NA,NA,NA
python.exe,1968,0x0,Other,-1,0,0,Composed: Copy with GPU GDI,2026-8-20 19:22:34.078682700,8.8780,8.8780,0.0000,1.2534,7.8650,0.3137,7.5513,NA,NA,NA,NA,NA,NA,NA
python.exe,1968,0x0,Other,-1,0,0,Composed: Copy with GPU GDI,2026-8-20 19:22:34.087560700,4.3609,4.3609,0.0000,0.2437,4.2012,0.1560,4.0452,NA,NA,NA,NA,NA,NA,NA
python.exe,1968,0x0,Other,0,0,1,Hardware: Legacy Flip,2026-8-20 19:22:34.091921600,1.8221,1.8221,0.0000,0.0891,1.7449,0.0447,1.7002,4.3664,14.4797,10.9887,8854.9270,NA,NA,NA
python.exe,1968,0x0,Other,-1,0,0,Composed: Copy with GPU GDI,2026-8-20 19:22:34.093743700,6.2772,6.2772,0.0000,0.0119,6.4695,2.7423,3.7272,17.0240,2.3241,-12.6576,8856.7491,NA,NA,NA
python.exe,1968,0x0,Other,-1,0,0,Composed: Copy with GPU GDI,2026-8-20 19:22:34.100020900,5.2353,5.2353,0.0000,0.2071,5.2357,0.2956,4.9401,NA,NA,NA,NA,NA,NA,NA
python.exe,1968,0x0,Other,-1,0,0,Composed: Copy with GPU GDI,2026-8-20 19:22:34.105256200,5.0897,5.0897,0.0000,0.2109,5.0750,0.2799,4.7951,NA,NA,NA,NA,NA,NA,NA
python.exe,1968,0x0,Other,0,0,1,Hardware: Legacy Flip,2026-8-20 19:22:34.110345900,0.2390,0.2390,0.0000,0.2004,0.0526,0.0516,0.0010,2.7459,15.7938,14.2781,8873.3513,NA,NA,NA
python.exe,1968,0x0,Other,-1,0,0,Composed: Copy with GPU GDI,2026-8-20 19:22:34.110584900,5.5237,5.5237,0.0000,0.0140,5.7052,2.7247,2.9805,NA,NA,NA,NA,NA,NA,NA
python.exe,1968,0x0,Other,-1,0,0,Composed: Copy with GPU GDI,2026-8-20 19:22:34.116108600,5.4831,5.4831,0.0000,0.2006,5.4888,0.2741,5.2147,NA,NA,NA,NA,NA,NA,NA
python.exe,1968,0x0,Other,0,0,1,Hardware: Legacy Flip,2026-8-20 19:22:34.121591700,4.8042,4.8042,0.0000,0.2091,4.6064,0.0440,4.5624,7.2939,12.2328,-4.5480,8884.5971,NA,NA,NA
python.exe,1968,0x0,Other,-1,0,0,Composed: Copy with GPU GDI,2026-8-20 19:22:34.126395900,1.7067,1.7067,0.0000,0.0113,2.7148,2.7148,0.0000,NA,NA,NA,NA,NA,NA,NA
python.exe,1968,0x0,Other,-1,0,0,Composed: Copy with GPU GDI,2026-8-20 19:22:34.128102600,5.5249,5.5249,0.0000,1.0234,4.7199,0.2831,4.4368,13.0158,5.8118,-5.7219,8891.1080,NA,NA,NA
python.exe,1968,0x0,Other,-1,0,0,Composed: Copy with GPU GDI,2026-8-20 19:22:34.133627500,10.3274,10.3274,0.0000,0.2231,10.3080,0.2771,10.0309,NA,NA,NA,NA,NA,NA,NA
python.exe,1968,0x0,Other,0,0,1,Hardware: Legacy Flip,2026-8-20 19:22:34.143954900,0.4575,0.4575,0.0000,0.2077,0.2924,0.0987,0.1937,2.9753,15.7493,10.0405,8906.9603,NA,NA,NA
python.exe,1968,0x0,Other,-1,0,0,Composed: Copy with GPU GDI,2026-8-20 19:22:34.144412400,2.9367,2.9367,0.0000,0.0426,3.1004,2.6994,0.4010,NA,NA,NA,NA,NA,NA,NA
python.exe,1968,0x0,Other,-1,0,0,Composed: Copy with GPU GDI,2026-8-20 19:22:34.147349100,7.6758,7.6758,0.0000,0.2095,7.6717,0.2759,7.3958,NA,NA,NA,NA,NA,NA,NA
python.exe,1968,0x0,Other,-1,0,0,Composed: Copy with GPU GDI,2026-8-20 19:22:34.155024900,4.4160,4.4160,0.0000,0.2082,4.2780,0.1358,4.1422,NA,NA,NA,NA,NA,NA,NA
python.exe,1968,0x0,Other,0,0,1,Hardware: Legacy Flip,2026-8-20 19:22:34.159440900,0.4585,0.4585,0.0000,0.0747,0.3964,0.0487,0.3477,3.2386,17.0677,-0.2633,8922.4463,NA,NA,NA
python.exe,1968,0x0,Other,-1,0,0,Composed: Copy with GPU GDI,2026-8-20 19:22:34.159899400,6.3313,6.3313,0.0000,0.0126,6.6594,3.1282,3.5312,NA,NA,NA,NA,NA,NA,NA
python.exe,1968,0x0,Other,-1,0,0,Composed: Copy with GPU GDI,2026-8-20 19:22:34.166230700,4.2616,4.2616,0.0000,0.3439,4.1137,0.2795,3.8342,NA,NA,NA,NA,NA,NA,NA
python.exe,1968,0x0,Other,0,0,1,Hardware: Legacy Flip,2026-8-20 19:22:34.170492300,6.7196,6.7196,0.0000,0.2009,6.5331,0.0527,6.4804,9.2549,9.8951,-6.0163,8933.4977,NA,NA,NA
python.exe,1968,0x0,Other,-1,0,0,Composed: Copy with GPU GDI,2026-8-20 19:22:34.177211900,0.8307,0.8307,0.0000,0.0144,2.7124,2.7124,0.0000,NA,NA,NA,NA,NA,NA,NA
python.exe,1968,0x0,Other,-1,0,0,Composed: Copy with GPU GDI,2026-8-20 19:22:34.178042600,4.5230,4.5230,0.0000,1.9001,2.8179,0.2739,2.5440,11.5997,6.4047,-2.3448,8941.0480,NA,NA,NA
python.exe,1968,0x0,Other,-1,0,0,Composed: Copy with GPU GDI,2026-8-20 19:22:34.182565600,6.0472,6.0472,0.0000,0.1978,6.0430,0.2814,5.7616,NA,NA,NA,NA,NA,NA,NA
python.exe,1968,0x0,Other,0,0,1,Hardware: Legacy Flip,2026-8-20 19:22:34.188612800,4.9056,4.9056,0.0000,0.1971,4.7210,0.0490,4.6720,7.4342,11.7967,4.1655,8951.6182,NA,NA,NA
python.exe,1968,0x0,Other,-1,0,0,Composed: Copy with GPU GDI,2026-8-20 19:22:34.193518400,0.5752,0.5752,0.0000,0.0125,2.7209,2.7209,0.0000,NA,NA,NA,NA,NA,NA,NA
python.exe,1968,0x0,Other,-1,0,0,Composed: Copy with GPU GDI,2026-8-20 19:22:34.194093600,6.5847,6.5847,0.0000,2.1626,4.6227,0.2776,4.3451,13.7501,6.2451,-6.3159,8957.0990,NA,NA,NA
python.exe,1968,0x0,Other,-1,0,0,Composed: Copy with GPU GDI,2026-8-20 19:22:34.200678300,10.3173,10.3173,0.0000,0.2034,10.2875,0.2776,10.0099,NA,NA,NA,NA,NA,NA,NA
python.exe,1968,0x0,Other,0,0,1,Hardware: Legacy Flip,2026-8-20 19:22:34.210995600,0.5444,0.5444,0.0000,0.1777,0.4102,0.0828,0.3274,3.0932,15.8074,10.6569,8974.0010,NA,NA,NA
python.exe,1968,0x0,Other,-1,0,0,Composed: Copy with GPU GDI,2026-8-20 19:22:34.211540000,1.2294,1.2294,0.0000,0.0435,2.6887,2.6887,0.0000,NA,NA,NA,NA,NA,NA,NA
python.exe,1968,0x0,Other,-1,0,0,Composed: Copy with GPU GDI,2026-8-20 19:22:34.212769400,9.0938,9.0938,0.0000,1.5053,7.7677,0.2763,7.4914,NA,NA,NA,NA,NA,NA,NA
python.exe,1968,0x0,Other,-1,0,0,Composed: Copy with GPU GDI,2026-8-20 19:22:34.221863200,4.1151,4.1151,0.0000,0.1812,4.1610,0.3140,3.8470,NA,NA,NA,NA,NA,NA,NA
python.exe,1968,0x0,Other,0,0,1,Hardware: Legacy Flip,2026-8-20 19:22:34.225978300,1.4215,1.4215,0.0000,0.2310,1.2034,0.0488,1.1546,3.9179,16.6826,-0.8247,8988.9837,NA,NA,NA
python.exe,1968,0x0,Other,-1,0,0,Composed: Copy with GPU GDI,2026-8-20 19:22:34.227399800,5.0879,5.0879,0.0000,0.0129,5.2725,2.7117,2.5608,NA,NA,NA,NA,NA,NA,NA
python.exe,1968,0x0,Other,-1,0,0,Composed: Copy with GPU GDI,2026-8-20 19:22:34.232487700,5.2658,5.2658,0.0000,0.2003,5.2302,0.2813,4.9489,NA,NA,NA,NA,NA,NA,NA
python.exe,1968,0x0,Other,0,0,1,Hardware: Legacy Flip,2026-8-20 19:22:34.237753500,6.3226,6.3226,0.0000,0.1707,6.1661,0.0583,6.1078,8.8253,9.7918,-4.9074,9000.7589,NA,NA,NA
python.exe,1968,0x0,Other,-1,0,0,Composed: Copy with GPU GDI,2026-8-20 19:22:34.244076100,0.6588,0.6588,0.0000,0.0142,2.7278,2.7278,0.0000,NA,NA,NA,NA,NA,NA,NA
python.exe,1968,0x0,Other,-1,0,0,Composed: Copy with GPU GDI,2026-8-20 19:22:34.244734900,3.9805,3.9805,0.0000,2.0859,2.0927,0.2783,1.8144,11.6357,6.3675,-2.8104,9007.7403,NA,NA,NA
python.exe,1968,0x0,Other,-1,0,0,Composed: Copy with GPU GDI,2026-8-20 19:22:34.248715400,7.6586,7.6586,0.0000,0.2033,7.6499,0.2825,7.3674,NA,NA,NA,NA,NA,NA,NA
python.exe,1968,0x0,Other,0,0,1,Hardware: Legacy Flip,2026-8-20 19:22:34.256374000,3.8248,3.8248,0.0000,0.1997,3.6403,0.0562,3.5841,6.3641,17.1234,5.2716,9019.3794,NA,NA,NA
python.exe,1968,0x0,Other,-1,0,0,Composed: Copy with GPU GDI,2026-8-20 19:22:34.260198800,0.6595,0.6595,0.0000,0.0152,2.6897,2.6897,0.0000,NA,NA,NA,NA,NA,NA,NA
python.exe,1968,0x0,Other,-1,0,0,Composed: Copy with GPU GDI,2026-8-20 19:22:34.260858300,6.6151,6.6151,0.0000,2.0483,4.7418,0.2715,4.4703,NA,NA,NA,NA,NA,NA,NA
python.exe,1968,0x0,Other,-1,0,0,Composed: Copy with GPU GDI,2026-8-20 19:22:34.267473400,6.0466,6.0466,0.0000,0.1780,6.0546,0.2810,5.7736,NA,NA,NA,NA,NA,NA,NA
python.exe,1968,0x0,Other,0,0,1,Hardware: Legacy Flip,2026-8-20 19:22:34.273520000,3.8180,3.8180,0.0000,0.1897,3.6428,0.0524,3.5904,6.3415,12.8884,0.0226,9036.5254,NA,NA,NA
python.exe,1968,0x0,Other,-1,0,0,Composed: Copy with GPU GDI,2026-8-20 19:22:34.277338000,2.6724,2.6724,0.0000,0.0145,2.8559,2.7322,0.1237,15.4119,2.7650,-9.0704,9040.3434,NA,NA,NA
python.exe,1968,0x0,Other,-1,0,0,Composed: Copy with GPU GDI,2026-8-20 19:22:34.280010400,7.8712,7.8712,0.0000,0.2018,7.8614,0.2828,7.5786,NA,NA,NA,NA,NA,NA,NA
python.exe,1968,0x0,Other,-1,0,0,Composed: Copy with GPU GDI,2026-8-20 19:22:34.287881600,4.1984,4.1984,0.0000,0.1960,4.0672,0.1251,3.9421,NA,NA,NA,NA,NA,NA,NA
python.exe,1968,0x0,Other,0,0,1,Hardware: Legacy Flip,2026-8-20 19:22:34.292080000,0.9077,0.9077,0.0000,0.0692,0.8557,0.0558,0.7999,3.4349,15.4313,11.9770,9055.0854,NA,NA,NA
python.exe,1968,0x0,Other,-1,0,0,Composed: Copy with GPU GDI,2026-8-20 19:22:34.292987700,6.4913,6.4913,0.0000,0.0172,6.6317,2.7089,3.9228,NA,NA,NA,NA,NA,NA,NA
python.exe,1968,0x0,Other,-1,0,0,Composed: Copy with GPU GDI,2026-8-20 19:22:34.299479000,4.8180,4.8180,0.0000,0.1603,4.8504,0.2718,4.5786,11.4672,2.3506,-8.0323,9062.4844,NA,NA,NA
python.exe,1968,0x0,Other,-1,0,0,Composed: Copy with GPU GDI,2026-8-20 19:22:34.304297000,6.2524,6.2524,0.0000,0.1967,6.2233,0.2651,5.9582,NA,NA,NA,NA,NA,NA,NA
python.exe,1968,0x0,Other,0,0,1,Hardware: Legacy Flip,2026-8-20 19:22:34.310549400,0.2292,0.2292,0.0000,0.1718,0.0726,0.0608,0.0118,2.7474,15.8632,8.7198,9073.5548,NA,NA,NA
python.exe,1968,0x0,Other,-1,0,0,Composed: Copy with GPU GDI,2026-8-20 19:22:34.310778600,5.4789,5.4789,0.0000,0.0152,5.6633,2.7244,2.9389,18.3814,0.3354,-15.6340,9073.7840,NA,NA,NA
python.exe,1968,0x0,Other,-1,0,0,Composed: Copy with GPU GDI,2026-8-20 19:22:34.316257500,6.1637,6.1637,0.0000,0.2034,6.1875,0.3250,5.8625,NA,NA,NA,NA,NA,NA,NA
python.exe,1968,0x0,Other,0,0,1,Hardware: Legacy Flip,2026-8-20 19:22:34.322421200,4.6282,4.6282,0.0000,0.2319,4.4096,0.0585,4.3511,7.0742,11.7921,11.3072,9085.4266,NA,NA,NA
python.exe,1968,0x0,Other,-1,0,0,Composed: Copy with GPU GDI,2026-8-20 19:22:34.327049400,0.8571,0.8571,0.0000,0.0133,2.6357,2.6357,0.0000,NA,NA,NA,NA,NA,NA,NA
python.exe,1968,0x0,Other,-1,0,0,Composed: Copy with GPU GDI,2026-8-20 19:22:34.327906500,6.0893,6.0893,0.0000,1.7946,4.4702,0.2704,4.1998,13.3810,5.2345,-6.3068,9090.9119,NA,NA,NA
python.exe,1968,0x0,Other,-1,0,0,Composed: Copy with GPU GDI,2026-8-20 19:22:34.333995800,9.6122,9.6122,0.0000,0.1790,9.6223,0.2748,9.3475,NA,NA,NA,NA,NA,NA,NA
python.exe,1968,0x0,Other,0,0,1,Hardware: Legacy Flip,2026-8-20 19:22:34.343608000,0.5016,0.5016,0.0000,0.1934,0.3215,0.0502,0.2713,2.9140,6.9141,10.4670,9106.6134,NA,NA,NA
python.exe,1968,0x0,Other,-1,0,0,Composed: Copy with GPU GDI,2026-8-20 19:22:34.344109600,1.8680,1.8680,0.0000,0.0133,2.5938,2.5938,0.0000,9.3265,9.5366,-6.4125,9107.1150,NA,NA,NA
python.exe,1968,0x0,Other,-1,0,0,Composed: Copy with GPU GDI,2026-8-20 19:22:34.345977600,8.4378,8.4378,0.0000,0.7425,7.8794,0.2919,7.5875,NA,NA,NA,NA,NA,NA,NA
python.exe,1968,0x0,Other,-1,0,0,Composed: Copy with GPU GDI,2026-8-20 19:22:34.354415400,4.2962,4.2962,0.0000,0.1887,4.3052,0.2788,4.0264,NA,NA,NA,NA,NA,NA,NA
python.exe,1968,0x0,Other,0,0,1,Hardware: Legacy Flip,2026-8-20 19:22:34.358711600,1.8613,1.8613,0.0000,0.2006,1.6982,0.0839,1.6143,4.2611,14.7454,5.0654,9121.7170,NA,NA,NA
python.exe,1968,0x0,Other,-1,0,0,Composed: Copy with GPU GDI,2026-8-20 19:22:34.360572900,5.1611,5.1611,0.0000,0.0375,5.3116,2.5877,2.7239,NA,NA,NA,NA,NA,NA,NA
python.exe,1968,0x0,Other,-1,0,0,Composed: Copy with GPU GDI,2026-8-20 19:22:34.365734000,3.9708,3.9708,0.0000,0.1930,3.9790,0.2830,3.6960,11.9841,1.7314,-7.7230,9128.7394,NA,NA,NA
python.exe,1968,0x0,Other,0,0,1,Hardware: Legacy Flip,2026-8-20 19:22:34.369704800,7.3338,7.3338,0.0000,0.2068,7.1410,0.0570,7.0840,9.7447,10.3781,2.2394,9132.7102,NA,NA,NA
python.exe,1968,0x0,Other,-1,0,0,Composed: Copy with GPU GDI,2026-8-20 19:22:34.377038600,0.3631,0.3631,0.0000,0.0140,2.5896,2.5896,0.0000,NA,NA,NA,NA,NA,NA,NA
python.exe,1968,0x0,Other,-1,0,0,Composed: Copy with GPU GDI,2026-8-20 19:22:34.377401700,5.4349,5.4349,0.0000,2.2432,3.3769,0.2719,3.1050,12.4259,5.8557,-2.6812,9140.4071,NA,NA,NA
python.exe,1968,0x0,Other,-1,0,0,Composed: Copy with GPU GDI,2026-8-20 19:22:34.382836600,6.2349,6.2349,0.0000,0.1889,6.1618,0.2725,5.8893,NA,NA,NA,NA,NA,NA,NA
python.exe,1968,0x0,Other,0,0,1,Hardware: Legacy Flip,2026-8-20 19:22:34.389071500,4.2439,4.2439,0.0000,0.1188,4.1387,0.0536,4.0851,6.6118,12.3541,5.8141,9152.0769,NA,NA,NA
python.exe,1968,0x0,Other,-1,0,0,Composed: Copy with GPU GDI,2026-8-20 19:22:34.393315400,0.6326,0.6326,0.0000,0.0136,2.5915,2.5915,0.0000,14.7220,6.0708,-8.1102,9156.3208,NA,NA,NA
python.exe,1968,0x0,Other,-1,0,0,Composed: Copy with GPU GDI,2026-8-20 19:22:34.393948000,6.5961,6.5961,0.0000,1.9760,4.8507,0.3100,4.5407,20.1602,6.0710,-5.4382,9156.9534,NA,NA,NA
python.exe,1968,0x0,Other,-1,0,0,Composed: Copy with GPU GDI,2026-8-20 19:22:34.400544100,9.6483,9.6483,0.0000,0.2336,9.5946,0.2805,9.3141,19.6351,23.3409,0.5251,9163.5495,NA,NA,NA
python.exe,1968,0x0,Other,-1,0,0,Composed: Copy with GPU GDI,2026-8-20 19:22:34.410192400,30.6917,30.6917,0.0000,0.1843,30.6539,0.2857,30.3682,NA,NA,NA,NA,NA,NA,NA
python.exe,1968,0x0,Other,0,0,1,Hardware: Legacy Flip,2026-8-20 19:22:34.440884100,0.2119,0.2119,0.0000,0.1495,0.1099,0.0874,0.0225,2.6360,2.8598,16.9991,9203.8895,NA,NA,NA
python.exe,1968,0x0,Other,-1,0,0,Composed: Copy with GPU GDI,2026-8-20 19:22:34.441096000,2.2670,2.2670,0.0000,0.0475,2.5595,2.5595,0.0000,NA,NA,NA,NA,NA,NA,NA
python.exe,1968,0x0,Other,0,0,1,Hardware: Legacy Flip,2026-8-20 19:22:34.443363000,0.7860,0.7860,0.0000,0.3457,0.4516,0.0440,0.4076,3.0169,16.0107,-0.3809,9206.3684,NA,NA,NA
python.exe,1968,0x0,Other,-1,0,0,Composed: Copy with GPU GDI,2026-8-20 19:22:34.444149000,4.7865,4.7865,0.0000,0.0113,4.9917,2.4699,2.5218,NA,NA,NA,NA,NA,NA,NA
python.exe,1968,0x0,Other,-1,0,0,Composed: Copy with GPU GDI,2026-8-20 19:22:34.448935500,6.1659,6.1659,0.0000,0.2194,6.1312,0.2769,5.8543,NA,NA,NA,NA,NA,NA,NA
python.exe,1968,0x0,Other,0,0,1,Hardware: Legacy Flip,2026-8-20 19:22:34.455101400,4.9045,4.9045,0.0000,0.1905,4.7265,0.0495,4.6770,7.2892,12.3843,-4.2723,9218.1068,NA,NA,NA
python.exe,1968,0x0,Other,-1,0,0,Composed: Copy with GPU GDI,2026-8-20 19:22:34.460005900,0.5020,0.5020,0.0000,0.0125,2.6420,2.6420,0.0000,14.7690,5.4250,-7.4798,9223.0113,NA,NA,NA
python.exe,1968,0x0,Other,-1,0,0,Composed: Copy with GPU GDI,2026-8-20 19:22:34.460507900,6.7256,6.7256,0.0000,2.1569,4.8926,0.4180,4.4746,NA,NA,NA,NA,NA,NA,NA
python.exe,1968,0x0,Other,-1,0,0,Composed: Copy with GPU GDI,2026-8-20 19:22:34.467233500,9.9676,9.9676,0.0000,0.3273,9.7908,0.2882,9.5026,NA,NA,NA,NA,NA,NA,NA
python.exe,1968,0x0,Other,0,0,1,Hardware: Legacy Flip,2026-8-20 19:22:34.477201100,0.5826,0.5826,0.0000,0.1538,0.4692,0.0841,0.3851,2.9988,6.7167,11.7702,9240.2065,NA,NA,NA
python.exe,1968,0x0,Other,-1,0,0,Composed: Copy with GPU GDI,2026-8-20 19:22:34.477783700,1.3349,1.3349,0.0000,0.0404,2.5759,2.5759,0.0000,9.1329,9.7550,-6.1341,9240.7891,NA,NA,NA
python.exe,1968,0x0,Other,-1,0,0,Composed: Copy with GPU GDI,2026-8-20 19:22:34.479118600,9.5293,9.5293,0.0000,1.2855,8.4323,0.2886,8.1437,NA,NA,NA,NA,NA,NA,NA
python.exe,1968,0x0,Other,-1,0,0,Composed: Copy with GPU GDI,2026-8-20 19:22:34.488647900,3.5428,3.5428,0.0000,0.1915,3.6474,0.3647,3.2827,NA,NA,NA,NA,NA,NA,NA
python.exe,1968,0x0,Other,0,0,1,Hardware: Legacy Flip,2026-8-20 19:22:34.492190700,1.9724,1.9724,0.0000,0.2988,1.6901,0.0584,1.6317,4.4809,14.4864,4.6520,9255.1961,NA,NA,NA
python.exe,1968,0x0,Other,-1,0,0,Composed: Copy with GPU GDI,2026-8-20 19:22:34.494163100,5.4793,5.4793,0.0000,0.0165,5.7713,2.8186,2.9527,NA,NA,NA,NA,NA,NA,NA
python.exe,1968,0x0,Other,-1,0,0,Composed: Copy with GPU GDI,2026-8-20 19:22:34.499642400,4.1798,4.1798,0.0000,0.3134,4.1692,0.3877,3.7815,11.5156,2.1278,-7.0347,9262.6478,NA,NA,NA
python.exe,1968,0x0,Other,-1,0,0,Composed: Copy with GPU GDI,2026-8-20 19:22:34.503822200,6.5986,6.5986,0.0000,6.7928,0.1291,0.1291,0.0000,NA,NA,NA,NA,NA,NA,NA
python.exe,1968,0x0,Other,0,0,1,Hardware: Legacy Flip,2026-8-20 19:22:34.510420800,0.1817,0.1817,0.0000,0.0000,6.4851,0.2756,6.2095,2.8650,16.0937,8.6506,9273.4262,NA,NA,NA
python.exe,1968,0x0,Other,-1,0,0,Composed: Copy with GPU GDI,2026-8-20 19:22:34.510602500,5.7611,5.7611,0.0000,0.1416,5.9274,2.8852,3.0422,18.7770,0.1227,-15.9120,9273.6079,NA,NA,NA
python.exe,1968,0x0,Other,-1,0,0,Composed: Copy with GPU GDI,2026-8-20 19:22:34.516363600,5.9500,5.9500,0.0000,0.3125,5.9406,0.3811,5.5595,NA,NA,NA,NA,NA,NA,NA
python.exe,1968,0x0,Other,0,0,1,Hardware: Legacy Flip,2026-8-20 19:22:34.522313600,4.4347,4.4347,0.0000,0.3073,4.1444,0.0580,4.0864,7.1886,12.0005,11.5884,9285.3190,NA,NA,NA
python.exe,1968,0x0,Other,-1,0,0,Composed: Copy with GPU GDI,2026-8-20 19:22:34.526748300,1.0289,1.0289,0.0000,0.0170,2.8546,2.8546,0.0000,NA,NA,NA,NA,NA,NA,NA
python.exe,1968,0x0,Other,-1,0,0,Composed: Copy with GPU GDI,2026-8-20 19:22:34.527777200,5.5455,5.5455,0.0000,1.8471,4.0434,0.4102,3.6332,13.7255,5.2909,-6.5369,9290.7826,NA,NA,NA
python.exe,1968,0x0,Other,-1,0,0,Composed: Copy with GPU GDI,2026-8-20 19:22:34.533322700,10.0697,10.0697,0.0000,0.3482,10.0276,0.3859,9.6417,NA,NA,NA,NA,NA,NA,NA
python.exe,1968,0x0,Other,0,0,1,Hardware: Legacy Flip,2026-8-20 19:22:34.543392400,0.7458,0.7458,0.0000,0.3080,0.4492,0.0406,0.4086,3.4012,6.8373,10.3243,9306.3978,NA,NA,NA
python.exe,1968,0x0,Other,-1,0,0,Composed: Copy with GPU GDI,2026-8-20 19:22:34.544138200,1.8228,1.8228,0.0000,0.0114,2.8560,2.8560,0.0000,9.4927,8.7189,-6.0915,9307.1436,NA,NA,NA
python.exe,1968,0x0,Other,-1,0,0,Composed: Copy with GPU GDI,2026-8-20 19:22:34.545961000,8.7962,8.7962,0.0000,1.0476,8.0788,0.4116,7.6672,NA,NA,NA,NA,NA,NA,NA
python.exe,1968,0x0,Other,-1,0,0,Composed: Copy with GPU GDI,2026-8-20 19:22:34.554757200,3.7685,3.7685,0.0000,0.3334,3.7443,0.3775,3.3668,NA,NA,NA,NA,NA,NA,NA
python.exe,1968,0x0,Other,0,0,1,Hardware: Legacy Flip,2026-8-20 19:22:34.558525700,1.2763,1.2763,0.0000,0.3119,0.9811,0.0598,0.9213,3.8241,15.5462,5.6686,9321.5311,NA,NA,NA
python.exe,1968,0x0,Other,-1,0,0,Composed: Copy with GPU GDI,2026-8-20 19:22:34.559802000,5.6712,5.6712,0.0000,0.0167,6.0338,2.9107,3.1231,18.0940,1.3916,-14.2699,9322.8074,NA,NA,NA
python.exe,1968,0x0,Other,-1,0,0,Composed: Copy with GPU GDI,2026-8-20 19:22:34.565473200,4.1658,4.1658,0.0000,0.3820,4.1381,0.4376,3.7005,NA,NA,NA,NA,NA,NA,NA
python.exe,1968,0x0,Other,-1,0,0,Composed: Copy with GPU GDI,2026-8-20 19:22:34.569639000,6.7260,6.7260,0.0000,0.3573,6.6824,0.3937,6.2887,NA,NA,NA,NA,NA,NA,NA
python.exe,1968,0x0,Other,0,0,1,Hardware: Legacy Flip,2026-8-20 19:22:34.576365000,0.4013,0.4013,0.0000,0.3181,0.0978,0.0516,0.0462,2.9226,16.8132,15.1714,9339.3704,NA,NA,NA
python.exe,1968,0x0,Other,-1,0,0,Composed: Copy with GPU GDI,2026-8-20 19:22:34.576766300,5.4531,5.4531,0.0000,0.0146,5.7419,2.8436,2.8983,19.3345,1.3423,-16.4119,9339.7717,NA,NA,NA
python.exe,1968,0x0,Other,-1,0,0,Composed: Copy with GPU GDI,2026-8-20 19:22:34.582219400,6.0922,6.0922,0.0000,0.3082,6.1128,0.3955,5.7173,NA,NA,NA,NA,NA,NA,NA
python.exe,1968,0x0,Other,0,0,1,Hardware: Legacy Flip,2026-8-20 19:22:34.588311600,6.4873,6.4873,0.0000,0.3317,6.1903,0.0711,6.1192,9.1315,10.7719,10.2030,9351.3170,NA,NA,NA
python.exe,1968,0x0,Other,-1,0,0,Composed: Copy with GPU GDI,2026-8-20 19:22:34.594798900,0.4760,0.4760,0.0000,0.0347,2.8140,2.8140,0.0000,NA,NA,NA,NA,NA,NA,NA
python.exe,1968,0x0,Other,-1,0,0,Composed: Copy with GPU GDI,2026-8-20 19:22:34.595274900,5.6404,5.6404,0.0000,2.3762,3.5689,0.3885,3.1804,12.9401,4.6672,-3.8086,9358.2803,NA,NA,NA
python.exe,1968,0x0,Other,-1,0,0,Composed: Copy with GPU GDI,2026-8-20 19:22:34.600915300,9.0294,9.0294,0.0000,0.3093,8.9188,0.2808,8.6380,NA,NA,NA,NA,NA,NA,NA
python.exe,1968,0x0,Other,0,0,1,Hardware: Legacy Flip,2026-8-20 19:22:34.609944700,0.4240,0.4240,0.0000,0.2033,0.2350,0.0521,0.1829,2.9375,7.4863,10.0026,9372.9501,NA,NA,NA
python.exe,1968,0x0,Other,-1,0,0,Composed: Copy with GPU GDI,2026-8-20 19:22:34.610368700,2.1241,2.1241,0.0000,0.0143,2.7016,2.7016,0.0000,9.9998,8.4184,-7.0623,9373.3741,NA,NA,NA
python.exe,1968,0x0,Other,-1,0,0,Composed: Copy with GPU GDI,2026-8-20 19:22:34.612492800,8.0438,8.0438,0.0000,0.5949,7.7575,0.3925,7.3650,NA,NA,NA,NA,NA,NA,NA
python.exe,1968,0x0,Other,-1,0,0,Composed: Copy with GPU GDI,2026-8-20 19:22:34.620536600,4.5989,4.5989,0.0000,0.3133,4.5887,0.3890,4.1997,NA,NA,NA,NA,NA,NA,NA
python.exe,1968,0x0,Other,0,0,1,Hardware: Legacy Flip,2026-8-20 19:22:34.625135500,1.1791,1.1791,0.0000,0.3087,0.8846,0.0531,0.8315,3.6514,15.8363,6.3484,9388.1409,NA,NA,NA
python.exe,1968,0x0,Other,-1,0,0,Composed: Copy with GPU GDI,2026-8-20 19:22:34.626314600,6.0695,6.0695,0.0000,0.0142,6.3721,2.7877,3.5844,NA,NA,NA,NA,NA,NA,NA
python.exe,1968,0x0,Other,-1,0,0,Composed: Copy with GPU GDI,2026-8-20 19:22:34.632384100,4.2963,4.2963,0.0000,0.3197,4.2879,0.3934,3.8945,12.2391,1.5790,-8.5877,9395.3895,NA,NA,NA
python.exe,1968,0x0,Other,0,0,1,Hardware: Legacy Flip,2026-8-20 19:22:34.636680400,6.9105,6.9105,0.0000,0.3154,6.6069,0.0447,6.5622,9.5218,10.5551,2.7173,9399.6858,NA,NA,NA
python.exe,1968,0x0,Other,-1,0,0,Composed: Copy with GPU GDI,2026-8-20 19:22:34.643590900,0.5814,0.5814,0.0000,0.0118,2.8044,2.8044,0.0000,NA,NA,NA,NA,NA,NA,NA
python.exe,1968,0x0,Other,-1,0,0,Composed: Copy with GPU GDI,2026-8-20 19:22:34.644172300,4.5701,4.5701,0.0000,2.2421,2.4864,0.2402,2.2462,12.5850,6.6889,-3.0632,9407.1777,NA,NA,NA
python.exe,1968,0x0,Other,-1,0,0,Composed: Copy with GPU GDI,2026-8-20 19:22:34.648742400,7.5706,7.5706,0.0000,0.1636,7.7462,0.4050,7.3412,NA,NA,NA,NA,NA,NA,NA
python.exe,1968,0x0,Other,0,0,1,Hardware: Legacy Flip,2026-8-20 19:22:34.656313000,4.4870,4.4870,0.0000,0.3421,4.1561,0.0423,4.1138,7.1332,11.5208,5.4518,9419.3184,NA,NA,NA
python.exe,1968,0x0,Other,-1,0,0,Composed: Copy with GPU GDI,2026-8-20 19:22:34.660800000,1.0150,1.0150,0.0000,0.0112,2.8757,2.8757,0.0000,NA,NA,NA,NA,NA,NA,NA
python.exe,1968,0x0,Other,-1,0,0,Composed: Copy with GPU GDI,2026-8-20 19:22:34.661815000,6.1219,6.1219,0.0000,1.8753,4.5821,0.4133,4.1688,13.1520,4.9514,-6.0188,9424.8204,NA,NA,NA
python.exe,1968,0x0,Other,-1,0,0,Composed: Copy with GPU GDI,2026-8-20 19:22:34.667936900,8.9222,8.9222,0.0000,0.3387,8.8237,0.3094,8.5143,NA,NA,NA,NA,NA,NA,NA
python.exe,1968,0x0,Other,0,0,1,Hardware: Legacy Flip,2026-8-20 19:22:34.676859100,0.5601,0.5601,0.0000,0.2434,0.3279,0.0519,0.2760,3.0593,7.1768,10.0927,9439.8645,NA,NA,NA
python.exe,1968,0x0,Other,-1,0,0,Composed: Copy with GPU GDI,2026-8-20 19:22:34.677419200,2.0796,2.0796,0.0000,0.0112,2.6935,2.6935,0.0000,9.6760,9.7253,-6.6167,9440.4246,NA,NA,NA
python.exe,1968,0x0,Other,-1,0,0,Composed: Copy with GPU GDI,2026-8-20 19:22:34.679498800,8.4990,8.4990,0.0000,0.6287,8.1044,0.3348,7.7696,NA,NA,NA,NA,NA,NA,NA
python.exe,1968,0x0,Other,-1,0,0,Composed: Copy with GPU GDI,2026-8-20 19:22:34.687997800,4.1192,4.1192,0.0000,0.2371,4.2094,0.4072,3.8022,NA,NA,NA,NA,NA,NA,NA
python.exe,1968,0x0,Other,0,0,1,Hardware: Legacy Flip,2026-8-20 19:22:34.692117000,1.6980,1.6980,0.0000,0.3322,1.3786,0.0504,1.3282,4.7035,14.5342,4.9725,9455.1224,NA,NA,NA
python.exe,1968,0x0,Other,-1,0,0,Composed: Copy with GPU GDI,2026-8-20 19:22:34.693815000,5.2150,5.2150,0.0000,0.0128,5.5515,3.3392,2.2123,NA,NA,NA,NA,NA,NA,NA
python.exe,1968,0x0,Other,-1,0,0,Composed: Copy with GPU GDI,2026-8-20 19:22:34.699030000,4.5405,4.5405,0.0000,0.3529,4.5013,0.3813,4.1200,12.3247,1.5214,-7.6212,9462.0354,NA,NA,NA
python.exe,1968,0x0,Other,-1,0,0,Composed: Copy with GPU GDI,2026-8-20 19:22:34.703570500,6.3121,6.3121,0.0000,0.3163,6.3208,0.4059,5.9149,NA,NA,NA,NA,NA,NA,NA
python.exe,1968,0x0,Other,0,0,1,Hardware: Legacy Flip,2026-8-20 19:22:34.709882600,0.4618,0.4618,0.0000,0.3297,0.1454,0.0490,0.0964,2.9935,16.3368,9.3312,9472.8880,NA,NA,NA
python.exe,1968,0x0,Other,-1,0,0,Composed: Copy with GPU GDI,2026-8-20 19:22:34.710344400,6.1283,6.1283,0.0000,0.0133,6.4277,2.8658,3.5619,NA,NA,NA,NA,NA,NA,NA
python.exe,1968,0x0,Other,-1,0,0,Composed: Copy with GPU GDI,2026-8-20 19:22:34.716472700,5.7482,5.7482,0.0000,0.3179,5.7405,0.3889,5.3516,NA,NA,NA,NA,NA,NA,NA
python.exe,1968,0x0,Other,0,0,1,Hardware: Legacy Flip,2026-8-20 19:22:34.722220900,4.4446,4.4446,0.0000,0.3135,4.1446,0.0524,4.0922,6.9920,12.4837,-3.9985,9485.2263,NA,NA,NA
python.exe,1968,0x0,Other,-1,0,0,Composed: Copy with GPU GDI,2026-8-20 19:22:34.726665500,1.0361,1.0361,0.0000,0.0135,2.7501,2.7501,0.0000,15.0311,4.4974,-8.0391,9489.6709,NA,NA,NA
python.exe,1968,0x0,Other,-1,0,0,Composed: Copy with GPU GDI,2026-8-20 19:22:34.727701600,6.6494,6.6494,0.0000,1.7305,5.2132,0.3907,4.8225,NA,NA,NA,NA,NA,NA,NA
python.exe,1968,0x0,Other,-1,0,0,Composed: Copy with GPU GDI,2026-8-20 19:22:34.734351000,8.8148,8.8148,0.0000,0.2992,8.7307,0.2885,8.4422,NA,NA,NA,NA,NA,NA,NA
python.exe,1968,0x0,Other,0,0,1,Hardware: Legacy Flip,2026-8-20 19:22:34.743165800,0.4565,0.4565,0.0000,0.2190,0.2502,0.0468,0.2034,3.0282,7.6319,12.0029,9506.1712,NA,NA,NA
python.exe,1968,0x0,Other,-1,0,0,Composed: Copy with GPU GDI,2026-8-20 19:22:34.743622300,2.7568,2.7568,0.0000,0.0127,2.9645,2.7978,0.1667,10.2036,7.9086,-7.1754,9506.6277,NA,NA,NA
python.exe,1968,0x0,Other,-1,0,0,Composed: Copy with GPU GDI,2026-8-20 19:22:34.746379100,7.7849,7.7849,0.0000,0.2271,7.9021,0.4138,7.4883,NA,NA,NA,NA,NA,NA,NA
python.exe,1968,0x0,Other,-1,0,0,Composed: Copy with GPU GDI,2026-8-20 19:22:34.754164000,3.3038,3.3038,0.0000,0.3461,3.2614,0.3839,2.8775,NA,NA,NA,NA,NA,NA,NA
python.exe,1968,0x0,Other,0,0,1,Hardware: Legacy Flip,2026-8-20 19:22:34.757467800,1.6760,1.6760,0.0000,0.3090,1.3784,0.0449,1.3335,4.2667,16.3543,5.9369,9520.4732,NA,NA,NA
python.exe,1968,0x0,Other,-1,0,0,Composed: Copy with GPU GDI,2026-8-20 19:22:34.759143800,6.1183,6.1183,0.0000,0.0114,6.4178,2.9181,3.4997,18.9450,1.3921,-14.6783,9522.1492,NA,NA,NA
python.exe,1968,0x0,Other,-1,0,0,Composed: Copy with GPU GDI,2026-8-20 19:22:34.765262100,4.2147,4.2147,0.0000,0.3141,4.1488,0.3120,3.8368,NA,NA,NA,NA,NA,NA,NA
python.exe,1968,0x0,Other,-1,0,0,Composed: Copy with GPU GDI,2026-8-20 19:22:34.769476800,7.1601,7.1601,0.0000,7.4016,0.0671,0.0671,0.0000,NA,NA,NA,NA,NA,NA,NA
python.exe,1968,0x0,Other,0,0,1,Hardware: Legacy Flip,2026-8-20 19:22:34.776636900,0.2278,0.2278,0.0000,0.0000,7.1509,0.3168,6.8341,2.8440,16.5119,16.1010,9539.6423,NA,NA,NA
python.exe,1968,0x0,Other,-1,0,0,Composed: Copy with GPU GDI,2026-8-20 19:22:34.776864700,5.1791,5.1791,0.0000,0.0808,5.4457,2.8977,2.5480,NA,NA,NA,NA,NA,NA,NA
python.exe,1968,0x0,Other,-1,0,0,Composed: Copy with GPU GDI,2026-8-20 19:22:34.782043800,6.5674,6.5674,0.0000,0.3505,6.5895,0.4355,6.1540,NA,NA,NA,NA,NA,NA,NA
python.exe,1968,0x0,Other,0,0,1,Hardware: Legacy Flip,2026-8-20 19:22:34.788611200,4.7631,4.7631,0.0000,0.3756,4.4034,0.0579,4.3455,7.3816,12.4549,-4.5376,9551.6166,NA,NA,NA
python.exe,1968,0x0,Other,-1,0,0,Composed: Copy with GPU GDI,2026-8-20 19:22:34.793374300,1.3089,1.3089,0.0000,0.0159,2.9093,2.9093,0.0000,15.0734,5.2612,-7.6918,9556.3797,NA,NA,NA
python.exe,1968,0x0,Other,-1,0,0,Composed: Copy with GPU GDI,2026-8-20 19:22:34.794683200,6.6060,6.6060,0.0000,1.6209,5.2939,0.3912,4.9027,NA,NA,NA,NA,NA,NA,NA
python.exe,1968,0x0,Other,-1,0,0,Composed: Copy with GPU GDI,2026-8-20 19:22:34.801289200,9.3979,9.3979,0.0000,0.3138,9.6165,0.6154,9.0011,NA,NA,NA,NA,NA,NA,NA
python.exe,1968,0x0,Other,0,0,1,Hardware: Legacy Flip,2026-8-20 19:22:34.810687100,0.5494,0.5494,0.0000,0.5324,0.0590,0.0590,0.0000,3.0218,6.8516,12.0516,9573.6925,NA,NA,NA
python.exe,1968,0x0,Other,-1,0,0,Composed: Copy with GPU GDI,2026-8-20 19:22:34.811236500,1.1387,1.1387,0.0000,0.0420,2.6722,2.6722,0.0000,9.3240,8.6849,-6.3022,9574.2419,NA,NA,NA
python.exe,1968,0x0,Other,-1,0,0,Composed: Copy with GPU GDI,2026-8-20 19:22:34.812375200,9.1385,9.1385,0.0000,1.5794,7.7846,0.3080,7.4766,NA,NA,NA,NA,NA,NA,NA
python.exe,1968,0x0,Other,-1,0,0,Composed: Copy with GPU GDI,2026-8-20 19:22:34.821513700,4.6688,4.6688,0.0000,0.2288,4.7216,0.3601,4.3615,NA,NA,NA,NA,NA,NA,NA
python.exe,1968,0x0,Other,0,0,1,Hardware: Legacy Flip,2026-8-20 19:22:34.826182500,0.5539,0.5539,0.0000,0.2883,0.2817,0.0594,0.2223,3.0629,15.5745,6.2611,9589.1879,NA,NA,NA
python.exe,1968,0x0,Other,-1,0,0,Composed: Copy with GPU GDI,2026-8-20 19:22:34.826736400,5.6297,5.6297,0.0000,0.0161,6.0121,2.8926,3.1195,18.0835,1.3030,-15.0206,9589.7418,NA,NA,NA
python.exe,1968,0x0,Other,-1,0,0,Composed: Copy with GPU GDI,2026-8-20 19:22:34.832366100,5.3807,5.3807,0.0000,0.4020,5.2789,0.3837,4.8952,NA,NA,NA,NA,NA,NA,NA
python.exe,1968,0x0,Other,0,0,1,Hardware: Legacy Flip,2026-8-20 19:22:34.837746800,5.8075,5.8075,0.0000,0.3033,5.5159,0.0491,5.4668,8.3761,10.8323,9.7074,9600.7522,NA,NA,NA
python.exe,1968,0x0,Other,-1,0,0,Composed: Copy with GPU GDI,2026-8-20 19:22:34.843554300,0.6377,0.6377,0.0000,0.0117,2.7605,2.7605,0.0000,NA,NA,NA,NA,NA,NA,NA
python.exe,1968,0x0,Other,-1,0,0,Composed: Copy with GPU GDI,2026-8-20 19:22:34.844192000,6.1263,6.1263,0.0000,2.1371,4.3149,0.4111,3.9038,12.7632,6.3688,-4.3871,9607.1974,NA,NA,NA
python.exe,1968,0x0,Other,-1,0,0,Composed: Copy with GPU GDI,2026-8-20 19:22:34.850318300,6.0696,6.0696,0.0000,0.3302,6.0425,0.3913,5.6512,NA,NA,NA,NA,NA,NA,NA
python.exe,1968,0x0,Other,0,0,1,Hardware: Legacy Flip,2026-8-20 19:22:34.856387900,4.3382,4.3382,0.0000,0.3079,4.0452,0.0547,3.9905,6.9361,11.8407,5.8271,9619.3933,NA,NA,NA
python.exe,1968,0x0,Other,-1,0,0,Composed: Copy with GPU GDI,2026-8-20 19:22:34.860726100,0.5666,0.5666,0.0000,0.0149,2.7816,2.7816,0.0000,NA,NA,NA,NA,NA,NA,NA
python.exe,1968,0x0,Other,-1,0,0,Composed: Copy with GPU GDI,2026-8-20 19:22:34.861292700,7.0770,7.0770,0.0000,2.2354,5.1779,0.4125,4.7654,13.8720,4.8232,-6.9359,9624.2981,NA,NA,NA
python.exe,1968,0x0,Other,-1,0,0,Composed: Copy with GPU GDI,2026-8-20 19:22:34.868369700,8.6739,8.6739,0.0000,0.3396,8.5349,0.2871,8.2478,NA,NA,NA,NA,NA,NA,NA
python.exe,1968,0x0,Other,0,0,1,Hardware: Legacy Flip,2026-8-20 19:22:34.877043600,0.4515,0.4515,0.0000,0.2053,0.2587,0.0465,0.2122,2.9443,7.3125,10.9277,9640.0490,NA,NA,NA
python.exe,1968,0x0,Other,-1,0,0,Composed: Copy with GPU GDI,2026-8-20 19:22:34.877495100,2.5975,2.5975,0.0000,0.0125,2.7818,2.7030,0.0788,9.8053,9.1644,-6.8610,9640.5005,NA,NA,NA
python.exe,1968,0x0,Other,-1,0,0,Composed: Copy with GPU GDI,2026-8-20 19:22:34.880092600,7.4386,7.4386,0.0000,0.2014,7.6627,0.5118,7.1509,NA,NA,NA,NA,NA,NA,NA
python.exe,1968,0x0,Other,-1,0,0,Composed: Copy with GPU GDI,2026-8-20 19:22:34.887531200,3.5159,3.5159,0.0000,0.4287,3.3261,0.3041,3.0220,NA,NA,NA,NA,NA,NA,NA
python.exe,1968,0x0,Other,0,0,1,Hardware: Legacy Flip,2026-8-20 19:22:34.891047100,2.8807,2.8807,0.0000,0.2415,2.6550,0.0498,2.6052,5.4177,15.0889,4.3876,9654.0525,NA,NA,NA
python.exe,1968,0x0,Other,-1,0,0,Composed: Copy with GPU GDI,2026-8-20 19:22:34.893927800,4.8675,4.8675,0.0000,0.0158,5.2097,2.8861,2.3236,17.6259,1.5312,-12.2082,9656.9332,NA,NA,NA
python.exe,1968,0x0,Other,-1,0,0,Composed: Copy with GPU GDI,2026-8-20 19:22:34.898795300,4.3737,4.3737,0.0000,0.3607,4.3213,0.3875,3.9338,NA,NA,NA,NA,NA,NA,NA
python.exe,1968,0x0,Other,0,0,1,Hardware: Legacy Flip,2026-8-20 19:22:34.903169000,7.4610,7.4610,0.0000,0.3131,7.1610,0.0509,7.1101,9.9159,10.6062,7.7100,9666.1744,NA,NA,NA
python.exe,1968,0x0,Other,-1,0,0,Composed: Copy with GPU GDI,2026-8-20 19:22:34.910630000,0.1693,0.1693,0.0000,0.0131,2.6440,2.6440,0.0000,NA,NA,NA,NA,NA,NA,NA
python.exe,1968,0x0,Other,-1,0,0,Composed: Copy with GPU GDI,2026-8-20 19:22:34.910799300,5.3996,5.3996,0.0000,2.4908,3.2192,0.3918,2.8274,12.8918,5.4398,-2.9759,9673.8047,NA,NA,NA
python.exe,1968,0x0,Other,-1,0,0,Composed: Copy with GPU GDI,2026-8-20 19:22:34.916198900,6.0543,6.0543,0.0000,0.3135,6.0803,0.4121,5.6682,NA,NA,NA,NA,NA,NA,NA
python.exe,1968,0x0,Other,0,0,1,Hardware: Legacy Flip,2026-8-20 19:22:34.922253200,4.3497,4.3497,0.0000,0.3424,4.0201,0.0510,3.9691,6.8777,12.7599,6.0141,9685.2586,NA,NA,NA
python.exe,1968,0x0,Other,-1,0,0,Composed: Copy with GPU GDI,2026-8-20 19:22:34.926602900,0.6575,0.6575,0.0000,0.0128,2.7575,2.7575,0.0000,15.2879,4.4275,-8.4102,9689.6083,NA,NA,NA
python.exe,1968,0x0,Other,-1,0,0,Composed: Copy with GPU GDI,2026-8-20 19:22:34.927260400,6.5876,6.5876,0.0000,2.1167,4.7788,0.3947,4.3841,NA,NA,NA,NA,NA,NA,NA
python.exe,1968,0x0,Other,-1,0,0,Composed: Copy with GPU GDI,2026-8-20 19:22:34.933848000,9.3812,9.3812,0.0000,0.3130,9.3041,0.3144,8.9897,NA,NA,NA,NA,NA,NA,NA
python.exe,1968,0x0,Other,0,0,1,Hardware: Legacy Flip,2026-8-20 19:22:34.943229200,0.5409,0.5409,0.0000,0.2382,0.3154,0.0458,0.2696,3.0891,7.7072,12.1988,9706.2346,NA,NA,NA
python.exe,1968,0x0,Other,-1,0,0,Composed: Copy with GPU GDI,2026-8-20 19:22:34.943770100,2.6655,2.6655,0.0000,0.0127,2.8917,2.7982,0.0935,10.2554,9.8683,-7.1663,9706.7755,NA,NA,NA
python.exe,1968,0x0,Other,-1,0,0,Composed: Copy with GPU GDI,2026-8-20 19:22:34.946435600,8.6016,8.6016,0.0000,0.2428,8.5589,0.2782,8.2807,NA,NA,NA,NA,NA,NA,NA
python.exe,1968,0x0,Other,-1,0,0,Composed: Copy with GPU GDI,2026-8-20 19:22:34.955037200,3.0627,3.0627,0.0000,0.2035,3.1745,0.3895,2.7850,NA,NA,NA,NA,NA,NA,NA
python.exe,1968,0x0,Other,0,0,1,Hardware: Legacy Flip,2026-8-20 19:22:34.958099900,2.8514,2.8514,0.0000,0.3195,2.5501,0.0631,2.4870,5.7939,14.4017,4.4615,9721.1053,NA,NA,NA
python.exe,1968,0x0,Other,-1,0,0,Composed: Copy with GPU GDI,2026-8-20 19:22:34.960951300,4.5248,4.5248,0.0000,0.0182,4.7100,3.1483,1.5617,17.3442,1.2105,-11.5503,9723.9567,NA,NA,NA
python.exe,1968,0x0,Other,-1,0,0,Composed: Copy with GPU GDI,2026-8-20 19:22:34.965476100,5.1393,5.1393,0.0000,0.2063,5.2576,0.4009,4.8567,NA,NA,NA,NA,NA,NA,NA
python.exe,1968,0x0,Other,0,0,1,Hardware: Legacy Flip,2026-8-20 19:22:34.970615400,6.2908,6.2908,0.0000,0.3276,5.9788,0.0566,5.9222,8.8906,10.9137,8.4536,9733.6208,NA,NA,NA
python.exe,1968,0x0,Other,-1,0,0,Composed: Copy with GPU GDI,2026-8-20 19:22:34.976906200,0.5518,0.5518,0.0000,0.0156,2.8262,2.8262,0.0000,NA,NA,NA,NA,NA,NA,NA
python.exe,1968,0x0,Other,-1,0,0,Composed: Copy with GPU GDI,2026-8-20 19:22:34.977458000,5.3657,5.3657,0.0000,2.2926,3.3700,0.3848,2.9852,12.9617,6.4038,-4.0711,9740.4634,NA,NA,NA
python.exe,1968,0x0,Other,-1,0,0,Composed: Copy with GPU GDI,2026-8-20 19:22:34.982823700,6.0389,6.0389,0.0000,0.3018,6.0605,0.4107,5.6498,NA,NA,NA,NA,NA,NA,NA
python.exe,1968,0x0,Other,0,0,1,Hardware: Legacy Flip,2026-8-20 19:22:34.988862600,5.3141,5.3141,0.0000,0.3282,5.0006,0.0542,4.9464,7.9609,11.8065,5.0008,9751.8680,NA,NA,NA
python.exe,1968,0x0,Other,-1,0,0,Composed: Copy with GPU GDI,2026-8-20 19:22:34.994176700,1.0703,1.0703,0.0000,0.0147,2.8359,2.8359,0.0000,NA,NA,NA,NA,NA,NA,NA
python.exe,1968,0x0,Other,-1,0,0,Composed: Copy with GPU GDI,2026-8-20 19:22:34.995247000,4.6947,4.6947,0.0000,1.7831,3.2551,0.4156,2.8395,13.3830,4.7243,-5.4221,9758.2524,NA,NA,NA
python.exe,1968,0x0,Other,-1,0,0,Composed: Copy with GPU GDI,2026-8-20 19:22:34.999941700,10.2967,10.2967,0.0000,10.7865,0.0265,0.0265,0.0000,NA,NA,NA,NA,NA,NA,NA
python.exe,1968,0x0,Other,0,0,1,Hardware: Legacy Flip,2026-8-20 19:22:35.010238400,0.4756,0.4756,0.0000,0.0000,10.4401,0.5707,9.8694,3.1159,7.4097,10.2671,9773.2438,NA,NA,NA
python.exe,1968,0x0,Other,-1,0,0,Composed: Copy with GPU GDI,2026-8-20 19:22:35.010714000,1.8720,1.8720,0.0000,0.0407,2.7895,2.7895,0.0000,10.0500,8.3178,-6.9341,9773.7194,NA,NA,NA
python.exe,1968,0x0,Other,-1,0,0,Composed: Copy with GPU GDI,2026-8-20 19:22:35.012586000,8.5958,8.5958,0.0000,0.9617,7.8621,0.4012,7.4609,NA,NA,NA,NA,NA,NA,NA
python.exe,1968,0x0,Other,-1,0,0,Composed: Copy with GPU GDI,2026-8-20 19:22:35.021181800,4.1269,4.1269,0.0000,0.2306,4.1953,0.3852,3.8101,NA,NA,NA,NA,NA,NA,NA
python.exe,1968,0x0,Other,0,0,1,Hardware: Legacy Flip,2026-8-20 19:22:35.025308700,1.1546,1.1546,0.0000,0.3036,0.8633,0.0438,0.8195,3.7731,15.9356,6.2769,9788.3141,NA,NA,NA
python.exe,1968,0x0,Other,-1,0,0,Composed: Copy with GPU GDI,2026-8-20 19:22:35.026463300,5.9535,5.9535,0.0000,0.0123,6.3118,2.9859,3.3259,18.5541,1.2571,-14.7810,9789.4687,NA,NA,NA
python.exe,1968,0x0,Other,-1,0,0,Composed: Copy with GPU GDI,2026-8-20 19:22:35.032416800,4.9794,4.9794,0.0000,0.3734,4.9061,0.3854,4.5207,NA,NA,NA,NA,NA,NA,NA
python.exe,1968,0x0,Other,0,0,1,Hardware: Legacy Flip,2026-8-20 19:22:35.037396200,6.1725,6.1725,0.0000,0.3046,5.8803,0.0465,5.8338,8.8783,10.9030,9.6758,9800.4016,NA,NA,NA
python.exe,1968,0x0,Other,-1,0,0,Composed: Copy with GPU GDI,2026-8-20 19:22:35.043568700,0.2571,0.2571,0.0000,0.0124,2.8973,2.8973,0.0000,NA,NA,NA,NA,NA,NA,NA
python.exe,1968,0x0,Other,-1,0,0,Composed: Copy with GPU GDI,2026-8-20 19:22:35.043825800,5.0287,5.0287,0.0000,2.6559,2.6901,0.3916,2.2985,13.3517,5.3018,-4.4734,9806.8312,NA,NA,NA
python.exe,1968,0x0,Other,-1,0,0,Composed: Copy with GPU GDI,2026-8-20 19:22:35.048854500,6.0954,6.0954,0.0000,0.3205,6.0935,0.3962,5.6973,NA,NA,NA,NA,NA,NA,NA
python.exe,1968,0x0,Other,0,0,1,Hardware: Legacy Flip,2026-8-20 19:22:35.054949900,4.9831,4.9831,0.0000,0.3244,4.6719,0.0485,4.6234,7.5294,12.8787,5.8223,9817.9553,NA,NA,NA
python.exe,1968,0x0,Other,-1,0,0,Composed: Copy with GPU GDI,2026-8-20 19:22:35.059933000,0.5712,0.5712,0.0000,0.0132,2.7964,2.7964,0.0000,15.4250,4.3842,-7.8956,9822.9384,NA,NA,NA
python.exe,1968,0x0,Other,-1,0,0,Composed: Copy with GPU GDI,2026-8-20 19:22:35.060504200,6.6426,6.6426,0.0000,2.2435,4.7266,0.4167,4.3099,NA,NA,NA,NA,NA,NA,NA
python.exe,1968,0x0,Other,-1,0,0,Composed: Copy with GPU GDI,2026-8-20 19:22:35.067146800,9.4229,9.4229,0.0000,0.3325,9.3329,0.3313,9.0016,NA,NA,NA,NA,NA,NA,NA
python.exe,1968,0x0,Other,0,0,1,Hardware: Legacy Flip,2026-8-20 19:22:35.076569700,0.5251,0.5251,0.0000,0.2457,0.2931,0.0496,0.2435,3.1725,7.7574,12.2525,9839.5751,NA,NA,NA
python.exe,1968,0x0,Other,-1,0,0,Composed: Copy with GPU GDI,2026-8-20 19:22:35.077094800,2.5404,2.5404,0.0000,0.0137,2.8221,2.8221,0.0000,10.4048,9.2717,-7.2323,9840.1002,NA,NA,NA
python.exe,1968,0x0,Other,-1,0,0,Composed: Copy with GPU GDI,2026-8-20 19:22:35.079635200,8.0192,8.0192,0.0000,0.2983,8.0666,0.4175,7.6491,NA,NA,NA,NA,NA,NA,NA
python.exe,1968,0x0,Other,-1,0,0,Composed: Copy with GPU GDI,2026-8-20 19:22:35.087654400,3.5781,3.5781,0.0000,0.3486,3.5558,0.4072,3.1486,NA,NA,NA,NA,NA,NA,NA
python.exe,1968,0x0,Other,0,0,1,Hardware: Legacy Flip,2026-8-20 19:22:35.091232500,2.8539,2.8539,0.0000,0.3310,2.5390,0.0594,2.4796,5.5388,14.9806,4.8660,9854.2379,NA,NA,NA
python.exe,1968,0x0,Other,-1,0,0,Composed: Copy with GPU GDI,2026-8-20 19:22:35.094086400,5.1034,5.1034,0.0000,0.0161,5.4576,3.0524,2.4052,17.6655,1.3174,-12.1267,9857.0918,NA,NA,NA
python.exe,1968,0x0,Other,-1,0,0,Composed: Copy with GPU GDI,2026-8-20 19:22:35.099189800,4.0262,4.0262,0.0000,0.3734,3.9012,0.3123,3.5889,NA,NA,NA,NA,NA,NA,NA
python.exe,1968,0x0,Other,0,0,1,Hardware: Legacy Flip,2026-8-20 19:22:35.103216000,7.1187,7.1187,0.0000,0.2511,6.8788,0.0430,6.8358,9.8533,10.8165,7.8122,9866.2214,NA,NA,NA
python.exe,1968,0x0,Other,-1,0,0,Composed: Copy with GPU GDI,2026-8-20 19:22:35.110334700,0.4050,0.4050,0.0000,0.0112,2.9336,2.9336,0.0000,NA,NA,NA,NA,NA,NA,NA
python.exe,1968,0x0,Other,-1,0,0,Composed: Copy with GPU GDI,2026-8-20 19:22:35.110739700,5.5918,5.5918,0.0000,2.5427,3.3623,0.3935,2.9688,13.1461,5.3161,-3.2928,9873.7451,NA,NA,NA
python.exe,1968,0x0,Other,-1,0,0,Composed: Copy with GPU GDI,2026-8-20 19:22:35.116331500,7.1327,7.1327,0.0000,0.3178,7.1249,0.3968,6.7281,NA,NA,NA,NA,NA,NA,NA
python.exe,1968,0x0,Other,0,0,1,Hardware: Legacy Flip,2026-8-20 19:22:35.123464200,3.1342,3.1342,0.0000,0.3134,2.8332,0.0460,2.7872,5.7377,12.8886,7.4084,9886.4696,NA,NA,NA
python.exe,1968,0x0,Other,-1,0,0,Composed: Copy with GPU GDI,2026-8-20 19:22:35.126598400,2.2125,2.2125,0.0000,0.0124,2.8364,2.8364,0.0000,15.4921,4.4477,-9.7544,9889.6038,NA,NA,NA
python.exe,1968,0x0,Other,-1,0,0,Composed: Copy with GPU GDI,2026-8-20 19:22:35.128810900,5.6714,5.6714,0.0000,0.6408,5.3290,0.4008,4.9282,NA,NA,NA,NA,NA,NA,NA
python.exe,1968,0x0,Other,-1,0,0,Composed: Copy with GPU GDI,2026-8-20 19:22:35.134482300,5.5483,5.5483,0.0000,0.3021,5.5593,0.3957,5.1636,NA,NA,NA,NA,NA,NA,NA
python.exe,1968,0x0,Other,0,0,1,Hardware: Legacy Flip,2026-8-20 19:22:35.140030600,3.8635,3.8635,0.0000,0.3166,3.5596,0.0471,3.5125,6.5076,13.7523,8.9845,9903.0360,NA,NA,NA
python.exe,1968,0x0,Other,-1,0,0,Composed: Copy with GPU GDI,2026-8-20 19:22:35.143894100,2.1580,2.1580,0.0000,0.0127,2.8286,2.8286,0.0000,16.3964,2.3032,-9.8888,9906.8995,NA,NA,NA
python.exe,1968,0x0,Other,-1,0,0,Composed: Copy with GPU GDI,2026-8-20 19:22:35.146052100,8.3183,8.3183,0.0000,0.6874,7.9927,0.4448,7.5479,NA,NA,NA,NA,NA,NA,NA
python.exe,1968,0x0,Other,-1,0,0,Composed: Copy with GPU GDI,2026-8-20 19:22:35.154370400,4.2385,4.2385,0.0000,0.3645,4.1877,0.3907,3.7970,NA,NA,NA,NA,NA,NA,NA
python.exe,1968,0x0,Other,0,0,1,Hardware: Legacy Flip,2026-8-20 19:22:35.158608900,1.3540,1.3540,0.0000,0.3187,1.0469,0.0426,1.0043,3.9848,15.8908,12.4116,9921.6143,NA,NA,NA
python.exe,1968,0x0,Other,-1,0,0,Composed: Copy with GPU GDI,2026-8-20 19:22:35.159962900,5.4445,5.4445,0.0000,0.0116,5.7882,2.9828,2.8054,18.5216,1.1481,-14.5368,9922.9683,NA,NA,NA
python.exe,1968,0x0,Other,-1,0,0,Composed: Copy with GPU GDI,2026-8-20 19:22:35.165407400,4.5817,4.5817,0.0000,0.3581,4.5426,0.4050,4.1376,NA,NA,NA,NA,NA,NA,NA
python.exe,1968,0x0,Other,0,0,1,Hardware: Legacy Flip,2026-8-20 19:22:35.169989100,6.9087,6.9087,0.0000,0.3233,6.5996,0.0647,6.5349,9.6435,10.9960,8.8781,9932.9945,NA,NA,NA
python.exe,1968,0x0,Other,-1,0,0,Composed: Copy with GPU GDI,2026-8-20 19:22:35.176897800,0.4147,0.4147,0.0000,0.0142,2.9594,2.9594,0.0000,NA,NA,NA,NA,NA,NA,NA
python.exe,1968,0x0,Other,-1,0,0,Composed: Copy with GPU GDI,2026-8-20 19:22:35.177312500,5.5530,5.5530,0.0000,2.5628,3.2993,0.3933,2.9060,13.3161,5.5258,-3.6726,9940.3179,NA,NA,NA
python.exe,1968,0x0,Other,-1,0,0,Composed: Copy with GPU GDI,2026-8-20 19:22:35.182865500,5.5505,5.5505,0.0000,0.3141,5.6099,0.4417,5.1682,NA,NA,NA,NA,NA,NA,NA
python.exe,1968,0x0,Other,0,0,1,Hardware: Legacy Flip,2026-8-20 19:22:35.188416000,5.0788,5.0788,0.0000,0.3764,4.7149,0.0470,4.6679,7.7384,12.6687,5.5777,9951.4214,NA,NA,NA
python.exe,1968,0x0,Other,-1,0,0,Composed: Copy with GPU GDI,2026-8-20 19:22:35.193494800,1.1455,1.1455,0.0000,0.0125,2.8545,2.8545,0.0000,15.3283,4.3232,-7.5899,9956.5002,NA,NA,NA
python.exe,1968,0x0,Other,-1,0,0,Composed: Copy with GPU GDI,2026-8-20 19:22:35.194640300,6.3627,6.3627,0.0000,1.7258,4.9809,0.4189,4.5620,NA,NA,NA,NA,NA,NA,NA
python.exe,1968,0x0,Other,-1,0,0,Composed: Copy with GPU GDI,2026-8-20 19:22:35.201003000,5.2001,5.2001,0.0000,0.3472,5.1627,0.3922,4.7705,NA,NA,NA,NA,NA,NA,NA
python.exe,1968,0x0,Other,0,0,1,Hardware: Legacy Flip,2026-8-20 19:22:35.206203100,4.0067,4.0067,0.0000,0.3145,3.7047,0.0480,3.6567,6.9432,13.8777,8.3851,9969.2085,NA,NA,NA
python.exe,1968,0x0,Other,-1,0,0,Composed: Copy with GPU GDI,2026-8-20 19:22:35.210209800,2.4242,2.4242,0.0000,0.0125,3.1218,3.1218,0.0000,16.8142,1.6189,-9.8710,9973.2152,NA,NA,NA
python.exe,1968,0x0,Other,-1,0,0,Composed: Copy with GPU GDI,2026-8-20 19:22:35.212634000,8.3558,8.3558,0.0000,0.7146,7.9355,0.3836,7.5519,NA,NA,NA,NA,NA,NA,NA
python.exe,1968,0x0,Other,-1,0,0,Composed: Copy with GPU GDI,2026-8-20 19:22:35.220989800,4.3431,4.3431,0.0000,0.2973,4.3552,0.3945,3.9607,NA,NA,NA,NA,NA,NA,NA
python.exe,1968,0x0,Other,0,0,1,Hardware: Legacy Flip,2026-8-20 19:22:35.225332900,0.7439,0.7439,0.0000,0.3140,0.4425,0.0441,0.3984,3.3100,16.5734,13.5042,9988.3383,NA,NA,NA
python.exe,1968,0x0,Other,-1,0,0,Composed: Copy with GPU GDI,2026-8-20 19:22:35.226076800,5.9462,5.9462,0.0000,0.0126,6.2787,2.9197,3.3590,19.1395,0.8684,-15.8295,9989.0822,NA,NA,NA
python.exe,1968,0x0,Other,-1,0,0,Composed: Copy with GPU GDI,2026-8-20 19:22:35.232023000,4.3745,4.3745,0.0000,0.3480,4.3311,0.3921,3.9390,NA,NA,NA,NA,NA,NA,NA
python.exe,1968,0x0,Other,0,0,1,Hardware: Legacy Flip,2026-8-20 19:22:35.236397500,7.0087,7.0087,0.0000,0.3087,6.7141,0.0513,6.6628,9.6872,11.2756,9.4523,9999.4029,NA,NA,NA
python.exe,1968,0x0,Other,-1,0,0,Composed: Copy with GPU GDI,2026-8-20 19:22:35.243406200,0.1742,0.1742,0.0000,0.0141,2.8971,2.8971,0.0000,NA,NA,NA,NA,NA,NA,NA
python.exe,1968,0x0,Other,-1,0,0,Composed: Copy with GPU GDI,2026-8-20 19:22:35.243580400,5.9547,5.9547,0.0000,2.7395,3.5617,0.4307,3.1310,13.7799,5.5131,-4.0927,10006.5858,NA,NA,NA
python.exe,1968,0x0,Other,-1,0,0,Composed: Copy with GPU GDI,2026-8-20 19:22:35.249535100,4.9847,4.9847,0.0000,0.3491,4.9825,0.4123,4.5702,NA,NA,NA,NA,NA,NA,NA
python.exe,1968,0x0,Other,0,0,1,Hardware: Legacy Flip,2026-8-20 19:22:35.254519800,5.8159,5.8159,0.0000,0.3495,5.4790,0.0510,5.4280,8.3536,12.6797,5.4263,10017.5252,NA,NA,NA
python.exe,1968,0x0,Other,-1,0,0,Composed: Copy with GPU GDI,2026-8-20 19:22:35.260335700,1.1720,1.1720,0.0000,0.0126,2.7282,2.7282,0.0000,15.2174,4.4373,-6.8638,10023.3411,NA,NA,NA
python.exe,1968,0x0,Other,-1,0,0,Composed: Copy with GPU GDI,2026-8-20 19:22:35.261507700,5.5433,5.5433,0.0000,1.5733,4.1994,0.3018,3.8976,NA,NA,NA,NA,NA,NA,NA
python.exe,1968,0x0,Other,-1,0,0,Composed: Copy with GPU GDI,2026-8-20 19:22:35.267051000,9.3512,9.3512,0.0000,0.2323,9.3305,0.2999,9.0306,NA,NA,NA,NA,NA,NA,NA
python.exe,1968,0x0,Other,0,0,1,Hardware: Legacy Flip,2026-8-20 19:22:35.276402200,1.0758,1.0758,0.0000,0.2152,0.8727,0.0452,0.8275,3.5882,7.7019,11.6292,10039.4076,NA,NA,NA
python.exe,1968,0x0,Other,-1,0,0,Composed: Copy with GPU GDI,2026-8-20 19:22:35.277478000,1.7203,1.7203,0.0000,0.0121,2.7084,2.7084,0.0000,10.2143,8.0607,-6.6261,10040.4834,NA,NA,NA
python.exe,1968,0x0,Other,-1,0,0,Composed: Copy with GPU GDI,2026-8-20 19:22:35.279198300,8.4068,8.4068,0.0000,1.0035,7.7459,0.4113,7.3346,NA,NA,NA,NA,NA,NA,NA
python.exe,1968,0x0,Other,-1,0,0,Composed: Copy with GPU GDI,2026-8-20 19:22:35.287605100,3.1660,3.1660,0.0000,0.3457,3.1300,0.3923,2.7377,NA,NA,NA,NA,NA,NA,NA
python.exe,1968,0x0,Other,0,0,1,Hardware: Legacy Flip,2026-8-20 19:22:35.290771100,2.3795,2.3795,0.0000,0.3138,2.0841,0.0656,2.0185,4.9819,16.2035,5.2324,10053.7765,NA,NA,NA
python.exe,1968,0x0,Other,-1,0,0,Composed: Copy with GPU GDI,2026-8-20 19:22:35.293150600,6.0656,6.0656,0.0000,0.0184,6.4016,2.9548,3.4468,18.8059,1.0466,-13.8240,10056.1560,NA,NA,NA
python.exe,1968,0x0,Other,-1,0,0,Composed: Copy with GPU GDI,2026-8-20 19:22:35.299216200,4.7533,4.7533,0.0000,0.3571,4.7051,0.3945,4.3106,NA,NA,NA,NA,NA,NA,NA
python.exe,1968,0x0,Other,0,0,1,Hardware: Legacy Flip,2026-8-20 19:22:35.303969500,6.5074,6.5074,0.0000,0.3137,6.2066,0.0490,6.1576,9.0336,11.0911,9.7723,10066.9749,NA,NA,NA
python.exe,1968,0x0,Other,-1,0,0,Composed: Copy with GPU GDI,2026-8-20 19:22:35.310476900,0.9109,0.9109,0.0000,0.0129,2.7210,2.7210,0.0000,NA,NA,NA,NA,NA,NA,NA
python.exe,1968,0x0,Other,-1,0,0,Composed: Copy with GPU GDI,2026-8-20 19:22:35.311387800,3.5483,3.5483,0.0000,1.8251,1.9664,0.3144,1.6520,12.7064,4.8482,-3.6728,10074.3932,NA,NA,NA
python.exe,1968,0x0,Other,-1,0,0,Composed: Copy with GPU GDI,2026-8-20 19:22:35.314936100,7.0073,7.0073,0.0000,0.2458,7.1137,0.4172,6.6965,NA,NA,NA,NA,NA,NA,NA
python.exe,1968,0x0,Other,0,0,1,Hardware: Legacy Flip,2026-8-20 19:22:35.321943400,4.4562,4.4562,0.0000,0.3549,4.1139,0.0466,4.0673,6.9990,13.3458,5.7074,10084.9488,NA,NA,NA
python.exe,1968,0x0,Other,-1,0,0,Composed: Copy with GPU GDI,2026-8-20 19:22:35.326399600,1.1936,1.1936,0.0000,0.0126,2.7462,2.7462,0.0000,15.8886,3.7372,-8.8896,10089.4050,NA,NA,NA
python.exe,1968,0x0,Other,-1,0,0,Composed: Copy with GPU GDI,2026-8-20 19:22:35.327593200,6.0920,6.0920,0.0000,1.5685,4.8442,0.3938,4.4504,NA,NA,NA,NA,NA,NA,NA
python.exe,1968,0x0,Other,-1,0,0,Composed: Copy with GPU GDI,2026-8-20 19:22:35.333685200,6.1222,6.1222,0.0000,0.3255,6.1134,0.3984,5.7150,NA,NA,NA,NA,NA,NA,NA
python.exe,1968,0x0,Other,0,0,1,Hardware: Legacy Flip,2026-8-20 19:22:35.339807400,3.6078,3.6078,0.0000,0.3202,3.3136,0.0637,3.2499,6.2180,14.4678,9.6706,10102.8128,NA,NA,NA
python.exe,1968,0x0,Other,-1,0,0,Composed: Copy with GPU GDI,2026-8-20 19:22:35.343415200,2.3323,2.3323,0.0000,0.0260,3.1245,3.1245,0.0000,17.0780,2.7416,-10.8600,10106.4206,NA,NA,NA
python.exe,1968,0x0,Other,-1,0,0,Composed: Copy with GPU GDI,2026-8-20 19:22:35.345747500,8.9008,8.9008,0.0000,0.8227,8.4179,0.4287,7.9892,NA,NA,NA,NA,NA,NA,NA
python.exe,1968,0x0,Other,-1,0,0,Composed: Copy with GPU GDI,2026-8-20 19:22:35.354648300,4.8332,4.8332,0.0000,0.3422,4.7975,0.3911,4.4064,NA,NA,NA,NA,NA,NA,NA
python.exe,1968,0x0,Other,0,0,1,Hardware: Legacy Flip,2026-8-20 19:22:35.359481500,1.1825,1.1825,0.0000,0.3115,0.8849,0.0667,0.8182,3.7533,15.4463,13.3247,10122.4869,NA,NA,NA
python.exe,1968,0x0,Other,-1,0,0,Composed: Copy with GPU GDI,2026-8-20 19:22:35.360664000,5.0585,5.0585,0.0000,0.0139,5.4427,2.9570,2.4857,18.0171,1.3355,-14.2638,10123.6694,NA,NA,NA
python.exe,1968,0x0,Other,-1,0,0,Composed: Copy with GPU GDI,2026-8-20 19:22:35.365722500,4.7679,4.7679,0.0000,0.4013,4.6914,0.4053,4.2861,NA,NA,NA,NA,NA,NA,NA
python.exe,1968,0x0,Other,-1,0,0,Composed: Copy with GPU GDI,2026-8-20 19:22:35.370490400,6.6566,6.6566,0.0000,6.9363,0.0324,0.0324,0.0000,NA,NA,NA,NA,NA,NA,NA
python.exe,1968,0x0,Other,0,0,1,Hardware: Legacy Flip,2026-8-20 19:22:35.377147000,0.2682,0.2682,0.0000,0.0000,6.6084,0.3615,6.2469,2.8696,16.6504,15.1475,10140.1524,NA,NA,NA
python.exe,1968,0x0,Other,-1,0,0,Composed: Copy with GPU GDI,2026-8-20 19:22:35.377415200,4.6348,4.6348,0.0000,0.0439,4.7923,2.7884,2.0039,NA,NA,NA,NA,NA,NA,NA
python.exe,1968,0x0,Other,-1,0,0,Composed: Copy with GPU GDI,2026-8-20 19:22:35.382050000,7.1337,7.1337,0.0000,0.2042,7.2349,0.4072,6.8277,NA,NA,NA,NA,NA,NA,NA
python.exe,1968,0x0,Other,0,0,1,Hardware: Legacy Flip,2026-8-20 19:22:35.389183700,4.8796,4.8796,0.0000,0.3103,4.5842,0.0552,4.5290,7.4833,12.3597,-4.6137,10152.1891,NA,NA,NA
python.exe,1968,0x0,Other,-1,0,0,Composed: Copy with GPU GDI,2026-8-20 19:22:35.394063300,1.1729,1.1729,0.0000,0.0149,2.8300,2.8300,0.0000,14.9634,4.5057,-7.4801,10157.0687,NA,NA,NA
python.exe,1968,0x0,Other,-1,0,0,Composed: Copy with GPU GDI,2026-8-20 19:22:35.395236200,6.9931,6.9931,0.0000,1.6774,5.6184,0.3936,5.2248,NA,NA,NA,NA,NA,NA,NA
python.exe,1968,0x0,Other,-1,0,0,Composed: Copy with GPU GDI,2026-8-20 19:22:35.402229300,7.9295,7.9295,0.0000,0.3070,7.8345,0.2905,7.5440,NA,NA,NA,NA,NA,NA,NA
python.exe,1968,0x0,Other,0,0,1,Hardware: Legacy Flip,2026-8-20 19:22:35.410158800,0.4478,0.4478,0.0000,0.2178,0.2497,0.0548,0.1949,3.3736,7.6321,11.5898,10173.1642,NA,NA,NA
python.exe,1968,0x0,Other,-1,0,0,Composed: Copy with GPU GDI,2026-8-20 19:22:35.410606600,2.1975,2.1975,0.0000,0.0197,3.1140,3.1140,0.0000,10.5579,7.5190,-7.1843,10173.6120,NA,NA,NA
python.exe,1968,0x0,Other,-1,0,0,Composed: Copy with GPU GDI,2026-8-20 19:22:35.412804100,8.3463,8.3463,0.0000,0.9399,7.6716,0.3866,7.2850,NA,NA,NA,NA,NA,NA,NA
python.exe,1968,0x0,Other,-1,0,0,Composed: Copy with GPU GDI,2026-8-20 19:22:35.421150400,4.1915,4.1915,0.0000,0.2681,4.2514,0.4073,3.8441,NA,NA,NA,NA,NA,NA,NA
python.exe,1968,0x0,Other,0,0,1,Hardware: Legacy Flip,2026-8-20 19:22:35.425341900,0.7570,0.7570,0.0000,0.3345,0.4360,0.0522,0.3838,3.3416,16.7391,7.2163,10188.3473,NA,NA,NA
python.exe,1968,0x0,Other,-1,0,0,Composed: Copy with GPU GDI,2026-8-20 19:22:35.426098900,5.8642,5.8642,0.0000,0.0135,6.1951,2.9335,3.2616,19.3237,6.0684,-15.9821,10189.1043,NA,NA,NA
python.exe,1968,0x0,Other,-1,0,0,Composed: Copy with GPU GDI,2026-8-20 19:22:35.431963100,5.0668,5.0668,0.0000,0.3472,4.9338,0.2944,4.6394,19.5279,13.1371,-0.2042,10194.9685,NA,NA,NA
python.exe,1968,0x0,Other,-1,0,0,Composed: Copy with GPU GDI,2026-8-20 19:22:35.437029900,24.2664,24.2664,0.0000,0.2182,24.3366,0.3919,23.9447,NA,NA,NA,NA,NA,NA,NA
python.exe,1968,0x0,Other,-1,0,0,Composed: Copy with GPU GDI,2026-8-20 19:22:35.461296300,0.6026,0.6026,0.0000,0.2927,0.3895,0.1477,0.2418,NA,NA,NA,NA,NA,NA,NA
python.exe,1968,0x0,Other,0,0,1,Hardware: Legacy Flip,2026-8-20 19:22:35.461898900,0.1410,0.1410,0.0000,0.0854,0.1021,0.0875,0.0146,2.7292,3.4467,16.7987,10224.9043,NA,NA,NA
python.exe,1968,0x0,Other,0,0,1,Hardware: Legacy Flip,2026-8-20 19:22:35.462039900,3.1579,3.1579,0.0000,0.0465,3.1262,2.4958,0.6304,6.0349,11.9784,-3.3057,10225.0453,NA,NA,NA
python.exe,1968,0x0,Other,-1,0,0,Composed: Copy with GPU GDI,2026-8-20 19:22:35.465197800,2.5090,2.5090,0.0000,0.0148,3.4238,3.4238,0.0000,NA,NA,NA,NA,NA,NA,NA
python.exe,1968,0x0,Other,-1,0,0,Composed: Copy with GPU GDI,2026-8-20 19:22:35.467706800,9.0514,9.0514,0.0000,0.9326,8.3752,0.3630,8.0122,NA,NA,NA,NA,NA,NA,NA
python.exe,1968,0x0,Other,0,0,1,Hardware: Legacy Flip,2026-8-20 19:22:35.476758200,0.4950,0.4950,0.0000,0.2594,0.2498,0.0511,0.1987,3.2950,7.8256,2.7399,10239.7636,NA,NA,NA
python.exe,1968,0x0,Other,-1,0,0,Composed: Copy with GPU GDI,2026-8-20 19:22:35.477253200,1.9433,1.9433,0.0000,0.0142,2.9911,2.9911,0.0000,10.6256,7.9685,-7.3306,10240.2586,NA,NA,NA
python.exe,1968,0x0,Other,-1,0,0,Composed: Copy with GPU GDI,2026-8-20 19:22:35.479196500,8.6100,8.6100,0.0000,1.0655,7.9378,0.4752,7.4626,NA,NA,NA,NA,NA,NA,NA
python.exe,1968,0x0,Other,-1,0,0,Composed: Copy with GPU GDI,2026-8-20 19:22:35.487806500,3.0340,3.0340,0.0000,0.3981,2.8438,0.2972,2.5466,NA,NA,NA,NA,NA,NA,NA
python.exe,1968,0x0,Other,0,0,1,Hardware: Legacy Flip,2026-8-20 19:22:35.490840500,2.2847,2.2847,0.0000,0.2114,2.0897,0.0584,2.0313,5.0068,16.3090,5.6188,10253.8459,NA,NA,NA
python.exe,1968,0x0,Other,-1,0,0,Composed: Copy with GPU GDI,2026-8-20 19:22:35.493125200,6.7638,6.7638,0.0000,0.0164,7.0814,3.0735,4.0079,NA,NA,NA,NA,NA,NA,NA
python.exe,1968,0x0,Other,-1,0,0,Composed: Copy with GPU GDI,2026-8-20 19:22:35.499889000,4.7307,4.7307,0.0000,0.3376,4.5266,0.3871,4.1395,12.2673,1.5973,-7.2605,10262.8944,NA,NA,NA
python.exe,1968,0x0,Other,-1,0,0,Composed: Copy with GPU GDI,2026-8-20 19:22:35.504619700,6.0909,6.0909,0.0000,6.1939,0.2211,0.2211,0.0000,NA,NA,NA,NA,NA,NA,NA
python.exe,1968,0x0,Other,0,0,1,Hardware: Legacy Flip,2026-8-20 19:22:35.510710600,0.0890,0.0890,0.0000,0.0000,6.0576,0.1992,5.8584,3.0430,15.6357,9.2243,10273.7160,NA,NA,NA
python.exe,1968,0x0,Other,-1,0,0,Composed: Copy with GPU GDI,2026-8-20 19:22:35.510799600,4.2843,4.2843,0.0000,0.2351,4.5150,3.2211,1.2939,NA,NA,NA,NA,NA,NA,NA
python.exe,1968,0x0,Other,-1,0,0,Composed: Copy with GPU GDI,2026-8-20 19:22:35.515083900,6.7898,6.7898,0.0000,0.4692,6.6505,0.4166,6.2339,NA,NA,NA,NA,NA,NA,NA
python.exe,1968,0x0,Other,0,0,1,Hardware: Legacy Flip,2026-8-20 19:22:35.521873700,4.7742,4.7742,0.0000,0.3327,4.4551,0.0513,4.4038,7.5156,13.0974,-4.4726,10284.8791,NA,NA,NA
python.exe,1968,0x0,Other,-1,0,0,Composed: Copy with GPU GDI,2026-8-20 19:22:35.526647900,1.2724,1.2724,0.0000,0.0136,2.9353,2.9353,0.0000,15.8388,4.5049,-8.3232,10289.6533,NA,NA,NA
python.exe,1968,0x0,Other,-1,0,0,Composed: Copy with GPU GDI,2026-8-20 19:22:35.527920300,5.4724,5.4724,0.0000,1.6801,4.1883,0.4739,3.7144,NA,NA,NA,NA,NA,NA,NA
python.exe,1968,0x0,Other,-1,0,0,Composed: Copy with GPU GDI,2026-8-20 19:22:35.533392700,10.3058,10.3058,0.0000,0.3992,10.1325,0.3201,9.8124,NA,NA,NA,NA,NA,NA,NA
python.exe,1968,0x0,Other,0,0,1,Hardware: Legacy Flip,2026-8-20 19:22:35.543698500,0.5286,0.5286,0.0000,0.2287,0.3130,0.0481,0.2649,3.2931,7.6347,12.5457,10306.7039,NA,NA,NA
python.exe,1968,0x0,Other,-1,0,0,Composed: Copy with GPU GDI,2026-8-20 19:22:35.544227100,1.7090,1.7090,0.0000,0.0131,2.9461,2.9461,0.0000,10.3992,7.9696,-7.1061,10307.2325,NA,NA,NA
python.exe,1968,0x0,Other,-1,0,0,Composed: Copy with GPU GDI,2026-8-20 19:22:35.545936100,8.7177,8.7177,0.0000,1.2540,7.7719,0.3966,7.3753,NA,NA,NA,NA,NA,NA,NA
python.exe,1968,0x0,Other,-1,0,0,Composed: Copy with GPU GDI,2026-8-20 19:22:35.554653800,4.0203,4.0203,0.0000,0.3127,3.9080,0.2913,3.6167,NA,NA,NA,NA,NA,NA,NA
python.exe,1968,0x0,Other,0,0,1,Hardware: Legacy Flip,2026-8-20 19:22:35.558674100,1.2064,1.2064,0.0000,0.2033,1.0175,0.0543,0.9632,3.9218,16.2829,6.4774,10321.6795,NA,NA,NA
python.exe,1968,0x0,Other,-1,0,0,Composed: Copy with GPU GDI,2026-8-20 19:22:35.559880500,5.6265,5.6265,0.0000,0.0144,5.9178,3.0164,2.9014,18.9983,1.3570,-15.0765,10322.8859,NA,NA,NA
python.exe,1968,0x0,Other,-1,0,0,Composed: Copy with GPU GDI,2026-8-20 19:22:35.565507000,4.1318,4.1318,0.0000,0.3084,3.9868,0.2356,3.7512,NA,NA,NA,NA,NA,NA,NA
python.exe,1968,0x0,Other,-1,0,0,Composed: Copy with GPU GDI,2026-8-20 19:22:35.569638800,7.5267,7.5267,0.0000,0.1666,7.6768,0.3987,7.2781,NA,NA,NA,NA,NA,NA,NA
python.exe,1968,0x0,Other,0,0,1,Hardware: Legacy Flip,2026-8-20 19:22:35.577165500,0.3984,0.3984,0.0000,0.3209,0.0922,0.0531,0.0391,3.0703,15.8024,15.9280,10340.1709,NA,NA,NA
python.exe,1968,0x0,Other,-1,0,0,Composed: Copy with GPU GDI,2026-8-20 19:22:35.577563900,5.1575,5.1575,0.0000,0.0147,5.4582,3.0021,2.4561,NA,NA,NA,NA,NA,NA,NA
python.exe,1968,0x0,Other,-1,0,0,Composed: Copy with GPU GDI,2026-8-20 19:22:35.582721400,5.4836,5.4836,0.0000,0.3188,5.5223,0.4246,5.0977,NA,NA,NA,NA,NA,NA,NA
python.exe,1968,0x0,Other,0,0,1,Hardware: Legacy Flip,2026-8-20 19:22:35.588205000,4.9457,4.9457,0.0000,0.3601,4.5986,0.0510,4.5476,7.8332,13.1812,-4.7629,10351.2104,NA,NA,NA
python.exe,1968,0x0,Other,-1,0,0,Composed: Copy with GPU GDI,2026-8-20 19:22:35.593150700,0.5534,0.5534,0.0000,0.0130,3.0774,3.0774,0.0000,16.0687,4.5340,-8.2355,10356.1561,NA,NA,NA
python.exe,1968,0x0,Other,-1,0,0,Composed: Copy with GPU GDI,2026-8-20 19:22:35.593704100,6.5753,6.5753,0.0000,2.5426,4.2803,0.3215,3.9588,NA,NA,NA,NA,NA,NA,NA
python.exe,1968,0x0,Other,-1,0,0,Composed: Copy with GPU GDI,2026-8-20 19:22:35.600279400,10.0993,10.0993,0.0000,0.2503,10.2145,0.4482,9.7663,NA,NA,NA,NA,NA,NA,NA
python.exe,1968,0x0,Other,0,0,1,Hardware: Legacy Flip,2026-8-20 19:22:35.610378700,0.4388,0.4388,0.0000,0.3681,0.0847,0.0591,0.0256,3.3747,7.6331,12.6940,10373.3841,NA,NA,NA
python.exe,1968,0x0,Other,-1,0,0,Composed: Copy with GPU GDI,2026-8-20 19:22:35.610817500,1.9799,1.9799,0.0000,0.0140,3.1163,3.1163,0.0000,10.5690,8.1997,-7.1943,10373.8229,NA,NA,NA
python.exe,1968,0x0,Other,-1,0,0,Composed: Copy with GPU GDI,2026-8-20 19:22:35.612797400,8.1725,8.1725,0.0000,1.1538,7.3438,0.3987,6.9451,NA,NA,NA,NA,NA,NA,NA
python.exe,1968,0x0,Other,-1,0,0,Composed: Copy with GPU GDI,2026-8-20 19:22:35.620969900,3.4342,3.4342,0.0000,0.3289,3.3166,0.2929,3.0237,NA,NA,NA,NA,NA,NA,NA
python.exe,1968,0x0,Other,0,0,1,Hardware: Legacy Flip,2026-8-20 19:22:35.624404100,2.3861,2.3861,0.0000,0.2157,2.1827,0.0526,2.1301,5.1821,16.0261,5.3869,10387.4095,NA,NA,NA
python.exe,1968,0x0,Other,-1,0,0,Composed: Copy with GPU GDI,2026-8-20 19:22:35.626790200,5.4968,5.4968,0.0000,0.0123,5.8452,3.1628,2.6824,18.8221,1.0998,-13.6400,10389.7956,NA,NA,NA
python.exe,1968,0x0,Other,-1,0,0,Composed: Copy with GPU GDI,2026-8-20 19:22:35.632287000,4.2014,4.2014,0.0000,0.3635,4.0551,0.2869,3.7682,NA,NA,NA,NA,NA,NA,NA
python.exe,1968,0x0,Other,-1,0,0,Composed: Copy with GPU GDI,2026-8-20 19:22:35.636488400,7.1914,7.1914,0.0000,0.2199,7.3171,0.4200,6.8971,NA,NA,NA,NA,NA,NA,NA
python.exe,1968,0x0,Other,0,0,1,Hardware: Legacy Flip,2026-8-20 19:22:35.643679800,0.3477,0.3477,0.0000,0.3456,0.0159,0.0159,0.0000,3.0323,15.9487,15.7898,10406.6852,NA,NA,NA
python.exe,1968,0x0,Other,-1,0,0,Composed: Copy with GPU GDI,2026-8-20 19:22:35.644027500,4.5441,4.5441,0.0000,0.0138,4.7772,2.9151,1.8621,NA,NA,NA,NA,NA,NA,NA
python.exe,1968,0x0,Other,-1,0,0,Composed: Copy with GPU GDI,2026-8-20 19:22:35.648571600,7.5668,7.5668,0.0000,0.2496,7.6623,0.4142,7.2481,NA,NA,NA,NA,NA,NA,NA
python.exe,1968,0x0,Other,0,0,1,Hardware: Legacy Flip,2026-8-20 19:22:35.656138400,3.8576,3.8576,0.0000,0.3479,3.5221,0.0456,3.4765,6.5224,13.3067,-3.4901,10419.1438,NA,NA,NA
python.exe,1968,0x0,Other,-1,0,0,Composed: Copy with GPU GDI,2026-8-20 19:22:35.659996000,0.6594,0.6594,0.0000,0.0124,2.8791,2.8791,0.0000,15.9715,4.5438,-9.4491,10423.0014,NA,NA,NA
python.exe,1968,0x0,Other,-1,0,0,Composed: Copy with GPU GDI,2026-8-20 19:22:35.660655400,6.6697,6.6697,0.0000,2.2355,4.7620,0.4176,4.3444,NA,NA,NA,NA,NA,NA,NA
python.exe,1968,0x0,Other,-1,0,0,Composed: Copy with GPU GDI,2026-8-20 19:22:35.667325100,9.9208,9.9208,0.0000,0.3326,9.7661,0.2953,9.4708,NA,NA,NA,NA,NA,NA,NA
python.exe,1968,0x0,Other,0,0,1,Hardware: Legacy Flip,2026-8-20 19:22:35.677245900,0.6061,0.6061,0.0000,0.1815,0.4661,0.0878,0.3783,3.2654,7.5819,12.7061,10440.2513,NA,NA,NA
python.exe,1968,0x0,Other,-1,0,0,Composed: Copy with GPU GDI,2026-8-20 19:22:35.677852000,1.9688,1.9688,0.0000,0.0415,2.8538,2.8538,0.0000,10.2412,9.8427,-6.9758,10440.8574,NA,NA,NA
python.exe,1968,0x0,Other,-1,0,0,Composed: Copy with GPU GDI,2026-8-20 19:22:35.679820800,7.9299,7.9299,0.0000,0.9321,7.8003,0.8905,6.9098,NA,NA,NA,NA,NA,NA,NA
python.exe,1968,0x0,Other,-1,0,0,Composed: Copy with GPU GDI,2026-8-20 19:22:35.687750700,5.3238,5.3238,0.0000,0.8058,4.9157,0.4852,4.4305,NA,NA,NA,NA,NA,NA,NA
python.exe,1968,0x0,Other,0,0,1,Hardware: Legacy Flip,2026-8-20 19:22:35.693074500,0.4712,0.4712,0.0000,0.4004,0.0865,0.0574,0.0291,4.8614,14.4195,5.3798,10456.0799,NA,NA,NA
python.exe,1968,0x0,Other,-1,0,0,Composed: Copy with GPU GDI,2026-8-20 19:22:35.693545700,6.0704,6.0704,0.0000,0.0157,6.8314,5.1996,1.6318,NA,NA,NA,NA,NA,NA,NA
python.exe,1968,0x0,Other,-1,0,0,Composed: Copy with GPU GDI,2026-8-20 19:22:35.699616100,3.9589,3.9589,0.0000,0.7804,3.5441,0.4599,3.0842,12.7393,2.9288,-7.8779,10462.6215,NA,NA,NA
python.exe,1968,0x0,Other,0,0,1,Hardware: Legacy Flip,2026-8-20 19:22:35.703575000,6.8874,6.8874,0.0000,0.3687,6.5408,0.0624,6.4784,11.7092,9.2083,1.0301,10466.5804,NA,NA,NA
python.exe,1968,0x0,Other,-1,0,0,Composed: Copy with GPU GDI,2026-8-20 19:22:35.710462400,0.5726,0.5726,0.0000,0.0221,3.8198,3.8198,0.0000,NA,NA,NA,NA,NA,NA,NA
python.exe,1968,0x0,Other,-1,0,0,Composed: Copy with GPU GDI,2026-8-20 19:22:35.711035000,5.0894,5.0894,0.0000,3.2693,2.2347,1.4198,0.8149,13.4575,7.1381,-1.7483,10474.0404,NA,NA,NA
python.exe,1968,0x0,Other,-1,0,0,Composed: Copy with GPU GDI,2026-8-20 19:22:35.716124400,5.5435,5.5435,0.0000,0.4165,5.4390,0.3955,5.0435,NA,NA,NA,NA,NA,NA,NA
python.exe,1968,0x0,Other,0,0,1,Hardware: Legacy Flip,2026-8-20 19:22:35.721667900,5.0739,5.0739,0.0000,0.3152,4.7741,0.0596,4.7145,9.9627,11.0624,3.4948,10484.6733,NA,NA,NA
python.exe,1968,0x0,Other,-1,0,0,Composed: Copy with GPU GDI,2026-8-20 19:22:35.726741800,1.0057,1.0057,0.0000,0.0154,4.4515,4.4515,0.0000,NA,NA,NA,NA,NA,NA,NA
python.exe,1968,0x0,Other,-1,0,0,Composed: Copy with GPU GDI,2026-8-20 19:22:35.727747500,6.5233,6.5233,0.0000,3.4612,3.3846,0.7634,2.6212,14.9455,6.7236,-4.9828,10490.7529,NA,NA,NA
python.exe,1968,0x0,Other,-1,0,0,Composed: Copy with GPU GDI,2026-8-20 19:22:35.734270800,5.5301,5.5301,0.0000,0.3257,5.4895,0.3655,5.1240,NA,NA,NA,NA,NA,NA,NA
python.exe,1968,0x0,Other,0,0,1,Hardware: Legacy Flip,2026-8-20 19:22:35.739800900,3.8301,3.8301,0.0000,0.2885,3.5566,0.0585,3.4981,9.6157,11.4852,5.3298,10502.8063,NA,NA,NA
python.exe,1968,0x0,Other,-1,0,0,Composed: Copy with GPU GDI,2026-8-20 19:22:35.743631000,2.1887,2.1887,0.0000,0.0150,4.1486,4.1486,0.0000,17.2708,5.2042,-7.6551,10506.6364,NA,NA,NA
python.exe,1968,0x0,Other,-1,0,0,Composed: Copy with GPU GDI,2026-8-20 19:22:35.745819700,8.9936,8.9936,0.0000,1.9749,7.4572,2.0948,5.3624,NA,NA,NA,NA,NA,NA,NA
python.exe,1968,0x0,Other,-1,0,0,Composed: Copy with GPU GDI,2026-8-20 19:22:35.754813300,3.5910,3.5910,0.0000,0.4404,3.5334,0.4583,3.0751,NA,NA,NA,NA,NA,NA,NA
python.exe,1968,0x0,Other,0,0,1,Hardware: Legacy Flip,2026-8-20 19:22:35.758404300,1.3259,1.3259,0.0000,0.3861,0.9533,0.0568,0.8965,7.7017,12.9792,9.5691,10521.4097,NA,NA,NA
python.exe,1968,0x0,Other,-1,0,0,Composed: Copy with GPU GDI,2026-8-20 19:22:35.759730200,6.0489,6.0489,0.0000,0.0135,7.0188,7.0188,0.0000,19.3550,5.5406,-11.6533,10522.7356,NA,NA,NA
python.exe,1968,0x0,Other,-1,0,0,Composed: Copy with GPU GDI,2026-8-20 19:22:35.765779100,4.2442,4.2442,0.0000,0.9852,3.7122,0.5232,3.1890,NA,NA,NA,NA,NA,NA,NA
python.exe,1968,0x0,Other,-1,0,0,Composed: Copy with GPU GDI,2026-8-20 19:22:35.770023300,7.3255,7.3255,0.0000,7.5222,0.2389,0.2389,0.0000,NA,NA,NA,NA,NA,NA,NA
python.exe,1968,0x0,Other,0,0,1,Hardware: Legacy Flip,2026-8-20 19:22:35.777348800,0.1833,0.1833,0.0000,0.0000,7.0661,0.2890,6.7771,7.2770,12.6689,12.0780,10540.3542,0.8182,NA,NA
python.exe,1968,0x0,Other,-1,0,0,Composed: Copy with GPU GDI,2026-8-20 19:22:35.777532100,5.0818,5.0818,0.0000,0.2523,5.4980,5.4980,0.0000,19.7626,2.9380,-12.4856,10540.5375,NA,NA,NA
python.exe,1968,0x0,Other,-1,0,0,Composed: Copy with GPU GDI,2026-8-20 19:22:35.782613900,6.5136,6.5136,0.0000,0.6685,6.3213,1.0246,5.2967,NA,NA,NA,NA,NA,NA,NA
python.exe,1968,0x0,Other,0,0,1,Hardware: Legacy Flip,2026-8-20 19:22:35.789127500,4.8757,4.8757,0.0000,0.4800,4.4092,0.0516,4.3576,11.1052,9.1931,8.6574,10552.1329,0.8277,NA,NA
python.exe,1968,0x0,Other,-1,0,0,Composed: Copy with GPU GDI,2026-8-20 19:22:35.794003200,0.6647,0.6647,0.0000,0.0135,3.9049,3.9049,0.0000,NA,NA,NA,NA,NA,NA,NA
python.exe,1968,0x0,Other,-1,0,0,Composed: Copy with GPU GDI,2026-8-20 19:22:35.794667900,6.2047,6.2047,0.0000,3.2537,3.2197,1.7874,1.4323,14.7579,10.8892,-3.6527,10557.6733,NA,NA,NA
python.exe,1968,0x0,Other,-1,0,0,Composed: Copy with GPU GDI,2026-8-20 19:22:35.800872600,5.7228,5.7228,0.0000,0.2716,5.8426,0.4876,5.3550,NA,NA,NA,NA,NA,NA,NA
python.exe,1968,0x0,Other,0,0,1,Hardware: Legacy Flip,2026-8-20 19:22:35.806595400,3.8335,3.8335,0.0000,0.3961,3.4527,0.0557,3.3970,13.7196,7.3464,1.0383,10569.6008,NA,NA,NA
python.exe,1968,0x0,Other,-1,0,0,Composed: Copy with GPU GDI,2026-8-20 19:22:35.810428900,1.5097,1.5097,0.0000,0.0153,3.7357,3.7357,0.0000,17.2325,4.6298,-3.5129,10573.4343,NA,NA,NA
python.exe,1968,0x0,Other,-1,0,0,Composed: Copy with GPU GDI,2026-8-20 19:22:35.811938600,9.5415,9.5415,0.0000,2.2413,7.6951,6.5544,1.1407,NA,NA,NA,NA,NA,NA,NA
python.exe,1968,0x0,Other,-1,0,0,Composed: Copy with GPU GDI,2026-8-20 19:22:35.821480100,3.1290,3.1290,0.0000,0.3972,3.1041,0.4496,2.6545,NA,NA,NA,NA,NA,NA,NA
python.exe,1968,0x0,Other,0,0,1,Hardware: Legacy Flip,2026-8-20 19:22:35.824609100,1.8036,1.8036,0.0000,0.3755,1.4425,0.0519,1.3906,7.6821,13.5324,9.5504,10587.6145,NA,NA,NA
python.exe,1968,0x0,Other,-1,0,0,Composed: Copy with GPU GDI,2026-8-20 19:22:35.826412700,6.3386,6.3386,0.0000,0.0144,6.7810,6.3584,0.4226,19.4109,2.5383,-11.7288,10589.4181,NA,NA,NA
python.exe,1968,0x0,Other,-1,0,0,Composed: Copy with GPU GDI,2026-8-20 19:22:35.832751300,4.9928,4.9928,0.0000,0.4602,4.9484,0.5019,4.4465,NA,NA,NA,NA,NA,NA,NA
python.exe,1968,0x0,Other,-1,0,0,Composed: Copy with GPU GDI,2026-8-20 19:22:35.837744100,5.8663,5.8663,0.0000,0.4191,5.8226,0.4623,5.3603,NA,NA,NA,NA,NA,NA,NA
python.exe,1968,0x0,Other,0,0,1,Hardware: Legacy Flip,2026-8-20 19:22:35.843610400,0.4431,0.4431,0.0000,0.3784,0.0778,0.0528,0.0250,4.7515,15.6649,14.6594,10606.6158,0.9019,NA,NA
python.exe,1968,0x0,Other,-1,0,0,Composed: Copy with GPU GDI,2026-8-20 19:22:35.844053500,5.4400,5.4400,0.0000,0.0131,5.6603,3.7570,1.9033,19.9733,1.0891,-15.2218,10607.0589,NA,NA,NA
python.exe,1968,0x0,Other,-1,0,0,Composed: Copy with GPU GDI,2026-8-20 19:22:35.849493500,5.8681,5.8681,0.0000,0.2357,6.0673,0.5157,5.5516,NA,NA,NA,NA,NA,NA,NA
python.exe,1968,0x0,Other,0,0,1,Hardware: Legacy Flip,2026-8-20 19:22:35.855361600,4.3688,4.3688,0.0000,0.4378,3.9452,0.0674,3.8778,9.7543,11.0429,10.2190,10618.3670,NA,NA,NA
python.exe,1968,0x0,Other,-1,0,0,Composed: Copy with GPU GDI,2026-8-20 19:22:35.859730400,0.6125,0.6125,0.0000,0.0142,3.8804,3.8804,0.0000,16.4284,6.0551,-6.6741,10622.7358,NA,NA,NA
python.exe,1968,0x0,Other,-1,0,0,Composed: Copy with GPU GDI,2026-8-20 19:22:35.860342900,6.6063,6.6063,0.0000,3.2821,3.8246,2.0059,1.8187,21.8710,1.6722,-5.4426,10623.3483,NA,NA,NA
python.exe,1968,0x0,Other,-1,0,0,Composed: Copy with GPU GDI,2026-8-20 19:22:35.866949200,6.5126,6.5126,0.0000,0.5066,6.4232,0.5070,5.9162,NA,NA,NA,NA,NA,NA,NA
python.exe,1968,0x0,Other,0,0,1,Hardware: Legacy Flip,2026-8-20 19:22:35.873461800,3.8513,3.8513,0.0000,0.4213,3.4443,0.0564,3.3879,10.4243,10.4888,11.4467,10636.4672,0.8810,NA,NA
python.exe,1968,0x0,Other,-1,0,0,Composed: Copy with GPU GDI,2026-8-20 19:22:35.877313100,2.7254,2.7254,0.0000,0.0143,4.1350,4.1350,0.0000,17.0618,5.2221,-6.6375,10640.3185,NA,NA,NA
python.exe,1968,0x0,Other,-1,0,0,Composed: Copy with GPU GDI,2026-8-20 19:22:35.880038500,8.0028,8.0028,0.0000,1.4239,7.1486,2.1426,5.0060,NA,NA,NA,NA,NA,NA,NA
python.exe,1968,0x0,Other,-1,0,0,Composed: Copy with GPU GDI,2026-8-20 19:22:35.888041300,4.5797,4.5797,0.0000,0.5719,4.4572,0.5373,3.9199,NA,NA,NA,NA,NA,NA,NA
python.exe,1968,0x0,Other,0,0,1,Hardware: Legacy Flip,2026-8-20 19:22:35.892621000,0.7738,0.7738,0.0000,0.4525,0.3341,0.0503,0.2838,6.9760,12.9568,10.0858,10655.6264,0.8912,NA,NA
python.exe,1968,0x0,Other,-1,0,0,Composed: Copy with GPU GDI,2026-8-20 19:22:35.893394800,5.5442,5.5442,0.0000,0.0128,6.1006,5.8911,0.2095,19.1590,3.3653,-12.1830,10656.4002,NA,NA,NA
python.exe,1968,0x0,Other,-1,0,0,Composed: Copy with GPU GDI,2026-8-20 19:22:35.898939000,5.2505,5.2505,0.0000,0.5723,5.0673,0.4708,4.5965,NA,NA,NA,NA,NA,NA,NA
python.exe,1968,0x0,Other,0,0,1,Hardware: Legacy Flip,2026-8-20 19:22:35.904189500,6.3262,6.3262,0.0000,0.3920,5.9492,0.0597,5.8895,11.7296,8.7746,7.4294,10667.1949,0.8936,NA,NA
python.exe,1968,0x0,Other,-1,0,0,Composed: Copy with GPU GDI,2026-8-20 19:22:35.910515700,0.3568,0.3568,0.0000,0.0150,3.1364,3.1364,0.0000,NA,NA,NA,NA,NA,NA,NA
python.exe,1968,0x0,Other,-1,0,0,Composed: Copy with GPU GDI,2026-8-20 19:22:35.910872500,4.3313,4.3313,0.0000,2.7946,1.8988,1.7340,0.1648,13.8212,6.3002,-2.0916,10673.8779,NA,NA,NA
python.exe,1968,0x0,Other,-1,0,0,Composed: Copy with GPU GDI,2026-8-20 19:22:35.915203800,7.0993,7.0993,0.0000,0.3645,7.1827,0.5327,6.6500,NA,NA,NA,NA,NA,NA,NA
python.exe,1968,0x0,Other,0,0,1,Hardware: Legacy Flip,2026-8-20 19:22:35.922303100,4.4259,4.4259,0.0000,0.4516,3.9881,0.0576,3.9305,8.6908,11.9049,5.1304,10685.3085,NA,NA,NA
python.exe,1968,0x0,Other,-1,0,0,Composed: Copy with GPU GDI,2026-8-20 19:22:35.926729000,1.0295,1.0295,0.0000,0.0138,2.9527,2.9527,0.0000,16.1698,6.6202,-7.4790,10689.7344,NA,NA,NA
python.exe,1968,0x0,Other,-1,0,0,Composed: Copy with GPU GDI,2026-8-20 19:22:35.927758500,6.0938,6.0938,0.0000,1.9370,4.4994,1.6504,2.8490,NA,NA,NA,NA,NA,NA,NA
python.exe,1968,0x0,Other,-1,0,0,Composed: Copy with GPU GDI,2026-8-20 19:22:35.933852300,5.9622,5.9622,0.0000,0.3457,5.9592,0.4112,5.5480,NA,NA,NA,NA,NA,NA,NA
python.exe,1968,0x0,Other,0,0,1,Hardware: Legacy Flip,2026-8-20 19:22:35.939814500,3.6575,3.6575,0.0000,0.3470,3.3322,0.0856,3.2466,9.7045,11.5638,6.4653,10702.8199,0.8724,NA,NA
python.exe,1968,0x0,Other,-1,0,0,Composed: Copy with GPU GDI,2026-8-20 19:22:35.943472000,2.9241,2.9241,0.0000,0.0217,3.5367,3.5367,0.0000,17.6108,2.4025,-7.9063,10706.4774,NA,NA,NA
python.exe,1968,0x0,Other,-1,0,0,Composed: Copy with GPU GDI,2026-8-20 19:22:35.946396100,8.0189,8.0189,0.0000,0.6343,7.8532,2.1157,5.7375,NA,NA,NA,NA,NA,NA,NA
python.exe,1968,0x0,Other,-1,0,0,Composed: Copy with GPU GDI,2026-8-20 19:22:35.954415000,3.6154,3.6154,0.0000,0.4725,3.4588,0.3919,3.0669,NA,NA,NA,NA,NA,NA,NA
python.exe,1968,0x0,Other,0,0,1,Hardware: Legacy Flip,2026-8-20 19:22:35.958030400,1.7291,1.7291,0.0000,0.3195,1.4222,0.0485,1.3737,5.4549,15.8125,12.1559,10721.0358,0.9019,NA,NA
python.exe,1968,0x0,Other,-1,0,0,Composed: Copy with GPU GDI,2026-8-20 19:22:35.959759500,6.2398,6.2398,0.0000,0.0126,6.7249,3.3501,3.3748,19.5383,3.1108,-14.0834,10722.7649,NA,NA,NA
python.exe,1968,0x0,Other,-1,0,0,Composed: Copy with GPU GDI,2026-8-20 19:22:35.965999300,4.5248,4.5248,0.0000,0.5009,7.4866,3.5344,3.9522,NA,NA,NA,NA,NA,NA,NA
python.exe,1968,0x0,Other,0,0,1,Hardware: Legacy Flip,2026-8-20 19:22:35.970524100,7.3006,7.3006,0.0000,3.4691,3.8751,0.0884,3.7867,11.8845,15.0837,7.6538,10733.5295,0.8963,NA,NA
python.exe,1968,0x0,Other,-1,0,0,Composed: Copy with GPU GDI,2026-8-20 19:22:35.977824700,0.8624,0.8624,0.0000,0.0436,3.1690,3.1690,0.0000,NA,NA,NA,NA,NA,NA,NA
python.exe,1968,0x0,Other,-1,0,0,Composed: Copy with GPU GDI,2026-8-20 19:22:35.978687100,3.4669,3.4669,0.0000,2.3502,2.0499,1.4235,0.6264,18.8052,0.3580,-6.9207,10741.6925,NA,NA,NA
python.exe,1968,0x0,Other,-1,0,0,Composed: Copy with GPU GDI,2026-8-20 19:22:35.982154000,7.5594,7.5594,0.0000,0.9350,10.1630,3.6238,6.5392,NA,NA,NA,NA,NA,NA,NA
python.exe,1968,0x0,Other,0,0,1,Hardware: Legacy Flip,2026-8-20 19:22:35.989713400,3.9215,3.9215,0.0000,3.5407,0.3963,0.0579,0.3384,8.1369,5.7064,10.6683,10752.7188,NA,NA,NA
python.exe,1968,0x0,Other,-1,0,0,Composed: Copy with GPU GDI,2026-8-20 19:22:35.993634900,1.1070,1.1070,0.0000,0.0155,3.0653,3.0653,0.0000,9.9218,10.5400,-1.7849,10756.6403,NA,NA,NA
python.exe,1968,0x0,Other,-1,0,0,Composed: Copy with GPU GDI,2026-8-20 19:22:35.994741900,5.9830,5.9830,0.0000,1.9738,4.3513,1.4803,2.8710,NA,NA,NA,NA,NA,NA,NA
python.exe,1968,0x0,Other,-1,0,0,Composed: Copy with GPU GDI,2026-8-20 19:22:36.000724900,9.9017,9.9017,0.0000,0.3468,9.7531,0.3056,9.4475,NA,NA,NA,NA,NA,NA,NA
python.exe,1968,0x0,Other,0,0,1,Hardware: Legacy Flip,2026-8-20 19:22:36.010626600,0.4730,0.4730,0.0000,0.2025,0.3103,0.0790,0.2313,3.4701,7.6787,6.4517,10773.6320,0.2177,NA,NA
python.exe,1968,0x0,Other,-1,0,0,Composed: Copy with GPU GDI,2026-8-20 19:22:36.011099600,1.7027,1.7027,0.0000,0.0398,3.1602,3.1602,0.0000,10.6758,9.7417,-7.2057,10774.1050,NA,NA,NA
python.exe,1968,0x0,Other,-1,0,0,Composed: Copy with GPU GDI,2026-8-20 19:22:36.012802300,8.3969,8.3969,0.0000,1.5009,7.4626,0.6365,6.8261,NA,NA,NA,NA,NA,NA,NA
python.exe,1968,0x0,Other,-1,0,0,Composed: Copy with GPU GDI,2026-8-20 19:22:36.021199200,3.1587,3.1587,0.0000,0.5700,2.9395,0.4162,2.5233,NA,NA,NA,NA,NA,NA,NA
python.exe,1968,0x0,Other,0,0,1,Hardware: Legacy Flip,2026-8-20 19:22:36.024357900,2.4118,2.4118,0.0000,0.3535,2.0747,0.0548,2.0199,7.1592,14.5023,3.5166,10787.3633,NA,NA,NA
python.exe,1968,0x0,Other,-1,0,0,Composed: Copy with GPU GDI,2026-8-20 19:22:36.026769700,5.5079,5.5079,0.0000,0.0164,5.8453,5.1011,0.7442,19.2497,1.6145,-12.0905,10789.7751,NA,NA,NA
python.exe,1968,0x0,Other,-1,0,0,Composed: Copy with GPU GDI,2026-8-20 19:22:36.032277600,4.1233,4.1233,0.0000,0.3565,4.1142,0.4140,3.7002,NA,NA,NA,NA,NA,NA,NA
python.exe,1968,0x0,Other,-1,0,0,Composed: Copy with GPU GDI,2026-8-20 19:22:36.036400900,7.1929,7.1929,0.0000,7.3892,0.1196,0.1196,0.0000,NA,NA,NA,NA,NA,NA,NA
python.exe,1968,0x0,Other,0,0,1,Hardware: Legacy Flip,2026-8-20 19:22:36.043593800,0.1848,0.1848,0.0000,0.0000,7.0390,0.2739,6.7651,4.0401,16.5855,15.2096,10806.5992,0.8898,NA,NA
python.exe,1968,0x0,Other,-1,0,0,Composed: Copy with GPU GDI,2026-8-20 19:22:36.043778600,5.2343,5.2343,0.0000,0.1311,5.6050,3.3541,2.2509,20.4408,2.0580,-16.4007,10806.7840,NA,NA,NA
python.exe,1968,0x0,Other,-1,0,0,Composed: Copy with GPU GDI,2026-8-20 19:22:36.049012900,7.1067,7.1067,0.0000,0.5058,6.9125,0.3956,6.5169,NA,NA,NA,NA,NA,NA,NA
python.exe,1968,0x0,Other,0,0,1,Hardware: Legacy Flip,2026-8-20 19:22:36.056119600,3.8159,3.8159,0.0000,0.3162,3.5122,0.0476,3.4646,10.1578,10.0723,10.2830,10819.1250,0.8949,NA,NA
python.exe,1968,0x0,Other,-1,0,0,Composed: Copy with GPU GDI,2026-8-20 19:22:36.059935500,0.6626,0.6626,0.0000,0.0125,1.0048,1.0048,0.0000,16.4142,5.7222,-6.2564,10822.9409,NA,NA,NA
python.exe,1968,0x0,Other,-1,0,0,Composed: Copy with GPU GDI,2026-8-20 19:22:36.060598100,7.0480,7.0480,0.0000,0.3547,7.1651,4.9136,2.2515,NA,NA,NA,NA,NA,NA,NA
python.exe,1968,0x0,Other,-1,0,0,Composed: Copy with GPU GDI,2026-8-20 19:22:36.067646100,9.2707,9.2707,0.0000,0.4746,9.0987,0.3921,8.7066,NA,NA,NA,NA,NA,NA,NA
python.exe,1968,0x0,Other,0,0,1,Hardware: Legacy Flip,2026-8-20 19:22:36.076916800,0.3689,0.3689,0.0000,0.3057,0.0765,0.0520,0.0245,5.1551,6.4000,11.2591,10839.9222,0.8807,NA,NA
python.exe,1968,0x0,Other,-1,0,0,Composed: Copy with GPU GDI,2026-8-20 19:22:36.077285700,1.4729,1.4729,0.0000,0.0133,3.3731,3.3731,0.0000,11.1862,6.5069,-6.0311,10840.2911,NA,NA,NA
python.exe,1968,0x0,Other,-1,0,0,Composed: Copy with GPU GDI,2026-8-20 19:22:36.078758600,9.3226,9.3226,0.0000,1.9135,7.5464,0.6794,6.8670,NA,NA,NA,NA,NA,NA,NA
python.exe,1968,0x0,Other,-1,0,0,Composed: Copy with GPU GDI,2026-8-20 19:22:36.088081200,3.2839,3.2839,0.0000,0.1409,3.2905,0.2171,3.0734,NA,NA,NA,NA,NA,NA,NA
python.exe,1968,0x0,Other,0,0,1,Hardware: Legacy Flip,2026-8-20 19:22:36.091365100,1.7896,1.7896,0.0000,0.1512,1.6512,0.0482,1.6030,3.6137,17.7145,7.5725,10854.3705,0.2471,NA,NA
python.exe,1968,0x0,Other,-1,0,0,Composed: Copy with GPU GDI,2026-8-20 19:22:36.093154700,6.1687,6.1687,0.0000,0.0128,6.3062,1.7201,4.5861,NA,NA,NA,NA,NA,NA,NA
python.exe,1968,0x0,Other,-1,0,0,Composed: Copy with GPU GDI,2026-8-20 19:22:36.099323400,4.2137,4.2137,0.0000,0.1539,4.2044,0.2271,3.9773,NA,NA,NA,NA,NA,NA,NA
python.exe,1968,0x0,Other,-1,0,0,Composed: Copy with GPU GDI,2026-8-20 19:22:36.103537100,6.5552,6.5552,0.0000,0.1497,6.5545,0.2263,6.3282,NA,NA,NA,NA,NA,NA,NA
python.exe,1968,0x0,Other,0,0,1,Hardware: Legacy Flip,2026-8-20 19:22:36.110092300,0.1674,0.1674,0.0000,0.1490,0.0325,0.0325,0.0000,2.6010,16.1546,1.0127,10873.0977,0.9038,NA,NA
python.exe,1968,0x0,Other,-1,0,0,Composed: Copy with GPU GDI,2026-8-20 19:22:36.110259700,5.8590,5.8590,0.0000,0.0141,5.9897,1.6930,4.2967,NA,NA,NA,NA,NA,NA,NA
python.exe,1968,0x0,Other,-1,0,0,Composed: Copy with GPU GDI,2026-8-20 19:22:36.116118700,6.0171,6.0171,0.0000,0.1488,6.0066,0.2188,5.7878,NA,NA,NA,NA,NA,NA,NA
python.exe,1968,0x0,Other,0,0,1,Hardware: Legacy Flip,2026-8-20 19:22:36.122135800,4.2866,4.2866,0.0000,0.1420,4.1564,0.0433,4.1131,6.7121,14.2371,-4.1111,10885.1412,0.9072,NA,NA
python.exe,1968,0x0,Other,-1,0,0,Composed: Copy with GPU GDI,2026-8-20 19:22:36.126422400,1.7049,1.7049,0.0000,0.0118,1.8519,1.6794,0.1725,16.6626,3.1237,-9.9505,10889.4278,NA,NA,NA
python.exe,1968,0x0,Other,-1,0,0,Composed: Copy with GPU GDI,2026-8-20 19:22:36.128127300,5.1475,5.1475,0.0000,0.1629,5.1369,0.2198,4.9171,NA,NA,NA,NA,NA,NA,NA
python.exe,1968,0x0,Other,-1,0,0,Composed: Copy with GPU GDI,2026-8-20 19:22:36.133274800,9.7971,9.7971,0.0000,0.1560,9.8291,0.2686,9.5605,NA,NA,NA,NA,NA,NA,NA
python.exe,1968,0x0,Other,0,0,1,Hardware: Legacy Flip,2026-8-20 19:22:36.143071900,0.5858,0.5858,0.0000,0.1933,0.4045,0.0455,0.3590,3.1368,8.9937,13.5258,10906.0773,0.9126,NA,NA
python.exe,1968,0x0,Other,-1,0,0,Composed: Copy with GPU GDI,2026-8-20 19:22:36.143657700,2.6886,2.6886,0.0000,0.0120,2.8241,1.8053,1.0188,11.5447,6.3903,-8.4079,10906.6631,NA,NA,NA
python.exe,1968,0x0,Other,-1,0,0,Composed: Copy with GPU GDI,2026-8-20 19:22:36.146346300,8.2587,8.2587,0.0000,0.1522,8.2605,0.2187,8.0418,NA,NA,NA,NA,NA,NA,NA
python.exe,1968,0x0,Other,-1,0,0,Composed: Copy with GPU GDI,2026-8-20 19:22:36.154605000,3.2639,3.2639,0.0000,0.1575,3.2576,0.2229,3.0347,NA,NA,NA,NA,NA,NA,NA
python.exe,1968,0x0,Other,0,0,1,Hardware: Legacy Flip,2026-8-20 19:22:36.157868900,1.7069,1.7069,0.0000,0.1555,1.5626,0.0409,1.5217,3.7238,17.5967,7.8209,10920.8743,0.4645,NA,NA
python.exe,1968,0x0,Other,-1,0,0,Composed: Copy with GPU GDI,2026-8-20 19:22:36.159575800,6.8313,6.8313,0.0000,0.0112,6.9679,1.7083,5.2596,NA,NA,NA,NA,NA,NA,NA
python.exe,1968,0x0,Other,-1,0,0,Composed: Copy with GPU GDI,2026-8-20 19:22:36.166407100,4.6184,4.6184,0.0000,0.1524,4.6128,0.2278,4.3850,NA,NA,NA,NA,NA,NA,NA
python.exe,1968,0x0,Other,-1,0,0,Composed: Copy with GPU GDI,2026-8-20 19:22:36.171025500,6.1314,6.1314,0.0000,0.1517,6.1188,0.2192,5.8996,NA,NA,NA,NA,NA,NA,NA
python.exe,1968,0x0,Other,0,0,1,Hardware: Legacy Flip,2026-8-20 19:22:36.177156900,0.3880,0.3880,0.0000,0.1427,0.2571,0.0471,0.2100,2.0325,17.1208,1.6913,10940.1623,NA,NA,NA
python.exe,1968,0x0,Other,-1,0,0,Composed: Copy with GPU GDI,2026-8-20 19:22:36.177544900,4.9961,4.9961,0.0000,0.0118,5.1391,1.7961,3.3430,NA,NA,NA,NA,NA,NA,NA
python.exe,1968,0x0,Other,-1,0,0,Composed: Copy with GPU GDI,2026-8-20 19:22:36.182541000,6.4866,6.4866,0.0000,0.1584,6.4827,0.2183,6.2644,NA,NA,NA,NA,NA,NA,NA
python.exe,1968,0x0,Other,0,0,1,Hardware: Legacy Flip,2026-8-20 19:22:36.189027600,4.8561,4.8561,0.0000,0.1582,4.7096,0.0452,4.6644,7.2826,13.5020,-5.2501,10952.0330,0.8901,NA,NA
python.exe,1968,0x0,Other,-1,0,0,Composed: Copy with GPU GDI,2026-8-20 19:22:36.193883700,0.6845,0.6845,0.0000,0.0117,1.6991,1.6991,0.0000,15.9285,3.1887,-8.6459,10956.8891,NA,NA,NA
python.exe,1968,0x0,Other,-1,0,0,Composed: Copy with GPU GDI,2026-8-20 19:22:36.194568200,6.0680,6.0680,0.0000,1.0295,5.1966,0.2241,4.9725,NA,NA,NA,NA,NA,NA,NA
python.exe,1968,0x0,Other,-1,0,0,Composed: Copy with GPU GDI,2026-8-20 19:22:36.200636200,9.4750,9.4750,0.0000,0.1630,9.4554,0.2239,9.2315,NA,NA,NA,NA,NA,NA,NA
python.exe,1968,0x0,Other,0,0,1,Hardware: Legacy Flip,2026-8-20 19:22:36.210111200,0.4459,0.4459,0.0000,0.1485,0.3112,0.0496,0.2616,2.8897,8.9355,13.0388,10973.1166,0.9006,NA,NA
python.exe,1968,0x0,Other,-1,0,0,Composed: Copy with GPU GDI,2026-8-20 19:22:36.210557100,1.6200,1.6200,0.0000,0.0138,1.7588,1.6967,0.0621,11.3793,6.5838,-8.4896,10973.5625,NA,NA,NA
python.exe,1968,0x0,Other,-1,0,0,Composed: Copy with GPU GDI,2026-8-20 19:22:36.212177100,8.8903,8.8903,0.0000,0.1550,8.8851,0.2285,8.6566,NA,NA,NA,NA,NA,NA,NA
python.exe,1968,0x0,Other,-1,0,0,Composed: Copy with GPU GDI,2026-8-20 19:22:36.221067400,4.2582,4.2582,0.0000,0.1541,4.2511,0.2186,4.0325,NA,NA,NA,NA,NA,NA,NA
python.exe,1968,0x0,Other,0,0,1,Hardware: Legacy Flip,2026-8-20 19:22:36.225325600,0.7429,0.7429,0.0000,0.1504,0.6041,0.0450,0.5591,3.1946,17.7392,8.1847,10988.3310,0.9137,NA,NA
python.exe,1968,0x0,Other,-1,0,0,Composed: Copy with GPU GDI,2026-8-20 19:22:36.226068500,5.9992,5.9992,0.0000,0.0116,6.1401,1.6939,4.4462,NA,NA,NA,NA,NA,NA,NA
python.exe,1968,0x0,Other,-1,0,0,Composed: Copy with GPU GDI,2026-8-20 19:22:36.232067700,4.2502,4.2502,0.0000,0.1562,4.2493,0.2174,4.0319,NA,NA,NA,NA,NA,NA,NA
python.exe,1968,0x0,Other,0,0,1,Hardware: Legacy Flip,2026-8-20 19:22:36.236317900,7.4862,7.4862,0.0000,0.1592,7.3703,0.0805,7.2898,9.9415,12.0877,-6.7469,10999.3233,0.9109,NA,NA
python.exe,1968,0x0,Other,-1,0,0,Composed: Copy with GPU GDI,2026-8-20 19:22:36.243804100,0.2626,0.2626,0.0000,0.0433,1.6515,1.6515,0.0000,14.5430,4.0763,-4.6015,11006.8095,NA,NA,NA
python.exe,1968,0x0,Other,-1,0,0,Composed: Copy with GPU GDI,2026-8-20 19:22:36.244066700,4.4689,4.4689,0.0000,1.4351,3.1878,0.2196,2.9682,NA,NA,NA,NA,NA,NA,NA
python.exe,1968,0x0,Other,-1,0,0,Composed: Copy with GPU GDI,2026-8-20 19:22:36.248535600,7.6459,7.6459,0.0000,0.1576,7.6443,0.2384,7.4059,NA,NA,NA,NA,NA,NA,NA
python.exe,1968,0x0,Other,0,0,1,Hardware: Legacy Flip,2026-8-20 19:22:36.256181500,3.7922,3.7922,0.0000,0.1614,3.6452,0.0572,3.5880,6.2419,14.1279,8.3011,11019.1869,0.9105,NA,NA
python.exe,1968,0x0,Other,-1,0,0,Composed: Copy with GPU GDI,2026-8-20 19:22:36.259973700,0.7093,0.7093,0.0000,0.0144,1.6993,1.6993,0.0000,16.5776,3.1961,-10.3357,11022.9791,NA,NA,NA
python.exe,1968,0x0,Other,-1,0,0,Composed: Copy with GPU GDI,2026-8-20 19:22:36.260683000,7.0161,7.0161,0.0000,1.0078,6.1575,0.2193,5.9382,NA,NA,NA,NA,NA,NA,NA
python.exe,1968,0x0,Other,-1,0,0,Composed: Copy with GPU GDI,2026-8-20 19:22:36.267699100,9.0275,9.0275,0.0000,0.1527,9.0162,0.2311,8.7851,NA,NA,NA,NA,NA,NA,NA
python.exe,1968,0x0,Other,0,0,1,Hardware: Legacy Flip,2026-8-20 19:22:36.276726600,0.4987,0.4987,0.0000,0.1474,0.3633,0.0463,0.3170,3.0208,8.9223,13.5568,11039.7320,0.8900,NA,NA
python.exe,1968,0x0,Other,-1,0,0,Composed: Copy with GPU GDI,2026-8-20 19:22:36.277225300,2.5584,2.5584,0.0000,0.0120,2.6950,1.8010,0.8940,11.4444,6.2197,-8.4236,11040.2307,NA,NA,NA
python.exe,1968,0x0,Other,-1,0,0,Composed: Copy with GPU GDI,2026-8-20 19:22:36.279783700,7.6341,7.6341,0.0000,0.1538,7.6361,0.2188,7.4173,NA,NA,NA,NA,NA,NA,NA
python.exe,1968,0x0,Other,-1,0,0,Composed: Copy with GPU GDI,2026-8-20 19:22:36.287417800,5.0306,5.0306,0.0000,0.1596,5.0230,0.2363,4.7867,NA,NA,NA,NA,NA,NA,NA
python.exe,1968,0x0,Other,0,0,1,Hardware: Legacy Flip,2026-8-20 19:22:36.292448400,0.4899,0.4899,0.0000,0.1578,0.3430,0.0442,0.2988,2.4410,18.4125,9.0034,11055.4538,0.4690,NA,NA
python.exe,1968,0x0,Other,-1,0,0,Composed: Copy with GPU GDI,2026-8-20 19:22:36.292938300,7.0080,7.0080,0.0000,0.0109,7.1448,1.6544,5.4904,NA,NA,NA,NA,NA,NA,NA
python.exe,1968,0x0,Other,-1,0,0,Composed: Copy with GPU GDI,2026-8-20 19:22:36.299946300,4.1397,4.1397,0.0000,0.1529,4.1307,0.2323,3.8984,NA,NA,NA,NA,NA,NA,NA
python.exe,1968,0x0,Other,-1,0,0,Composed: Copy with GPU GDI,2026-8-20 19:22:36.304086000,6.6666,6.6666,0.0000,0.1488,6.6457,0.2236,6.4221,NA,NA,NA,NA,NA,NA,NA
python.exe,1968,0x0,Other,0,0,1,Hardware: Legacy Flip,2026-8-20 19:22:36.310752600,0.1004,0.1004,0.0000,0.1279,0.0116,0.0116,0.0000,2.5493,15.5039,-0.1083,11073.7580,0.9188,NA,NA
python.exe,1968,0x0,Other,-1,0,0,Composed: Copy with GPU GDI,2026-8-20 19:22:36.310853000,4.1545,4.1545,0.0000,0.0391,4.2707,1.6588,2.6119,NA,NA,NA,NA,NA,NA,NA
python.exe,1968,0x0,Other,-1,0,0,Composed: Copy with GPU GDI,2026-8-20 19:22:36.315007500,6.5798,6.5798,0.0000,0.1589,6.5727,0.2172,6.3555,NA,NA,NA,NA,NA,NA,NA
python.exe,1968,0x0,Other,0,0,1,Hardware: Legacy Flip,2026-8-20 19:22:36.321587300,4.8101,4.8101,0.0000,0.1556,4.6661,0.0429,4.6232,7.2185,14.4698,-4.6692,11084.5927,0.9163,NA,NA
python.exe,1968,0x0,Other,-1,0,0,Composed: Copy with GPU GDI,2026-8-20 19:22:36.326397400,1.2033,1.2033,0.0000,0.0116,1.6291,1.6291,0.0000,16.8782,3.1940,-9.6597,11089.4028,NA,NA,NA
python.exe,1968,0x0,Other,-1,0,0,Composed: Copy with GPU GDI,2026-8-20 19:22:36.327600700,6.0663,6.0663,0.0000,0.4398,5.7878,0.2258,5.5620,NA,NA,NA,NA,NA,NA,NA
python.exe,1968,0x0,Other,-1,0,0,Composed: Copy with GPU GDI,2026-8-20 19:22:36.333667000,9.8726,9.8726,0.0000,0.1663,9.8442,0.2185,9.6257,NA,NA,NA,NA,NA,NA,NA
python.exe,1968,0x0,Other,0,0,1,Hardware: Legacy Flip,2026-8-20 19:22:36.343539600,0.5363,0.5363,0.0000,0.1415,0.4062,0.0456,0.3606,2.9300,8.9311,13.9482,11106.5450,0.8988,NA,NA
python.exe,1968,0x0,Other,-1,0,0,Composed: Copy with GPU GDI,2026-8-20 19:22:36.344075900,1.6428,1.6428,0.0000,0.0114,1.7887,1.6549,0.1338,11.3248,7.6406,-8.3948,11107.0813,NA,NA,NA
python.exe,1968,0x0,Other,-1,0,0,Composed: Copy with GPU GDI,2026-8-20 19:22:36.345718700,8.9663,8.9663,0.0000,0.1614,8.9560,0.2247,8.7313,NA,NA,NA,NA,NA,NA,NA
python.exe,1968,0x0,Other,-1,0,0,Composed: Copy with GPU GDI,2026-8-20 19:22:36.354685000,3.0657,3.0657,0.0000,0.1547,3.0638,0.2221,2.8417,NA,NA,NA,NA,NA,NA,NA
python.exe,1968,0x0,Other,0,0,1,Hardware: Legacy Flip,2026-8-20 19:22:36.357750700,2.8988,2.8988,0.0000,0.1573,2.7558,0.0521,2.7037,5.2906,16.2507,6.0342,11120.7561,0.9139,NA,NA
python.exe,1968,0x0,Other,-1,0,0,Composed: Copy with GPU GDI,2026-8-20 19:22:36.360649500,4.9213,4.9213,0.0000,0.0143,5.0614,1.6336,3.4278,NA,NA,NA,NA,NA,NA,NA
python.exe,1968,0x0,Other,-1,0,0,Composed: Copy with GPU GDI,2026-8-20 19:22:36.365570800,4.2168,4.2168,0.0000,0.1581,4.2056,0.2270,3.9786,NA,NA,NA,NA,NA,NA,NA
python.exe,1968,0x0,Other,0,0,1,Hardware: Legacy Flip,2026-8-20 19:22:36.369787600,7.1324,7.1324,0.0000,0.1519,6.9921,0.0435,6.9486,9.5044,12.5093,-4.2138,11132.7930,0.9110,NA,NA
python.exe,1968,0x0,Other,-1,0,0,Composed: Copy with GPU GDI,2026-8-20 19:22:36.376920000,0.9415,0.9415,0.0000,0.0116,1.5989,1.5989,0.0000,14.8813,3.9229,-5.3769,11139.9254,NA,NA,NA
python.exe,1968,0x0,Other,-1,0,0,Composed: Copy with GPU GDI,2026-8-20 19:22:36.377861500,3.5258,3.5258,0.0000,0.6715,3.0121,0.2307,2.7814,NA,NA,NA,NA,NA,NA,NA
python.exe,1968,0x0,Other,-1,0,0,Composed: Copy with GPU GDI,2026-8-20 19:22:36.381387300,7.0468,7.0468,0.0000,0.1613,7.0244,0.2114,6.8130,NA,NA,NA,NA,NA,NA,NA
python.exe,1968,0x0,Other,0,0,1,Hardware: Legacy Flip,2026-8-20 19:22:36.388434100,4.9192,4.9192,0.0000,0.1417,4.7954,0.0654,4.7300,7.2901,14.2919,7.5912,11151.4395,0.9157,NA,NA
python.exe,1968,0x0,Other,-1,0,0,Composed: Copy with GPU GDI,2026-8-20 19:22:36.393353300,0.5768,0.5768,0.0000,0.0179,2.0077,2.0077,0.0000,16.6628,2.3138,-9.3727,11156.3587,NA,NA,NA
python.exe,1968,0x0,Other,-1,0,0,Composed: Copy with GPU GDI,2026-8-20 19:22:36.393930100,6.5681,6.5681,0.0000,1.4525,5.2634,0.2179,5.0455,NA,NA,NA,NA,NA,NA,NA
python.exe,1968,0x0,Other,-1,0,0,Composed: Copy with GPU GDI,2026-8-20 19:22:36.400498200,5.5513,5.5513,0.0000,0.1517,5.5382,0.2233,5.3149,NA,NA,NA,NA,NA,NA,NA
python.exe,1968,0x0,Other,0,0,1,Hardware: Legacy Flip,2026-8-20 19:22:36.406049500,3.9142,3.9142,0.0000,0.1428,3.7854,0.0520,3.7334,6.2804,16.4887,10.3824,11169.0549,0.8950,NA,NA
python.exe,1968,0x0,Other,-1,0,0,Composed: Copy with GPU GDI,2026-8-20 19:22:36.409963700,2.6820,2.6820,0.0000,0.0140,2.7537,1.6277,1.1260,NA,NA,NA,NA,NA,NA,NA
python.exe,1968,0x0,Other,-1,0,0,Composed: Copy with GPU GDI,2026-8-20 19:22:36.412645700,7.9175,7.9175,0.0000,0.0893,7.9744,0.2145,7.7599,NA,NA,NA,NA,NA,NA,NA
python.exe,1968,0x0,Other,-1,0,0,Composed: Copy with GPU GDI,2026-8-20 19:22:36.420563200,4.0751,4.0751,0.0000,0.1499,4.0756,0.2187,3.8569,NA,NA,NA,NA,NA,NA,NA
python.exe,1968,0x0,Other,0,0,1,Hardware: Legacy Flip,2026-8-20 19:22:36.424638300,1.8396,1.8396,0.0000,0.1542,1.6973,0.0466,1.6507,4.1803,17.6684,2.1001,11187.6437,0.9015,NA,NA
python.exe,1968,0x0,Other,-1,0,0,Composed: Copy with GPU GDI,2026-8-20 19:22:36.426477900,5.2723,5.2723,0.0000,0.0119,5.4120,1.6004,3.8116,NA,NA,NA,NA,NA,NA,NA
python.exe,1968,0x0,Other,-1,0,0,Composed: Copy with GPU GDI,2026-8-20 19:22:36.431750200,4.4353,4.4353,0.0000,0.1555,4.4302,0.2174,4.2128,NA,NA,NA,NA,NA,NA,NA
python.exe,1968,0x0,Other,-1,0,0,Composed: Copy with GPU GDI,2026-8-20 19:22:36.436185500,7.7789,7.7789,0.0000,0.1541,7.7381,0.2247,7.5134,NA,NA,NA,NA,NA,NA,NA
python.exe,1968,0x0,Other,0,0,1,Hardware: Legacy Flip,2026-8-20 19:22:36.443964400,0.1724,0.1724,0.0000,0.1187,0.0657,0.0513,0.0144,2.5226,15.4731,1.6577,11206.9698,0.9158,NA,NA
python.exe,1968,0x0,Other,-1,0,0,Composed: Copy with GPU GDI,2026-8-20 19:22:36.444136800,4.6854,4.6854,0.0000,0.0120,4.8277,1.5925,3.2352,NA,NA,NA,NA,NA,NA,NA
python.exe,1968,0x0,Other,-1,0,0,Composed: Copy with GPU GDI,2026-8-20 19:22:36.448822200,6.0322,6.0322,0.0000,0.1578,6.0344,0.2229,5.8115,NA,NA,NA,NA,NA,NA,NA
python.exe,1968,0x0,Other,0,0,1,Hardware: Legacy Flip,2026-8-20 19:22:36.454854400,4.6620,4.6620,0.0000,0.1637,4.5126,0.0522,4.4604,7.1057,14.7830,-4.5831,11217.8598,0.9058,NA,NA
python.exe,1968,0x0,Other,-1,0,0,Composed: Copy with GPU GDI,2026-8-20 19:22:36.459516400,1.4094,1.4094,0.0000,0.0143,1.8701,1.8701,0.0000,17.2267,6.6013,-10.1210,11222.5218,NA,NA,NA
python.exe,1968,0x0,Other,-1,0,0,Composed: Copy with GPU GDI,2026-8-20 19:22:36.460925800,19.2539,19.2539,0.0000,0.4807,18.9040,0.2295,18.6745,NA,NA,NA,NA,NA,NA,NA
python.exe,1968,0x0,Other,-1,0,0,Composed: Copy with GPU GDI,2026-8-20 19:22:36.480179700,0.3710,0.3710,0.0000,0.1337,0.2956,0.1057,0.1899,NA,NA,NA,NA,NA,NA,NA
python.exe,1968,0x0,Other,0,0,1,Hardware: Legacy Flip,2026-8-20 19:22:36.480550700,0.4028,0.4028,0.0000,0.0623,0.3793,0.0708,0.3085,2.7937,10.3498,14.4330,11243.5561,0.9029,NA,NA
python.exe,1968,0x0,Other,-1,0,0,Composed: Copy with GPU GDI,2026-8-20 19:22:36.480953500,4.0654,4.0654,0.0000,0.0388,4.1759,1.6087,2.5672,NA,NA,NA,NA,NA,NA,NA
python.exe,1968,0x0,Other,-1,0,0,Composed: Copy with GPU GDI,2026-8-20 19:22:36.485018900,5.9910,5.9910,0.0000,0.1529,5.9901,0.2177,5.7724,NA,NA,NA,NA,NA,NA,NA
python.exe,1968,0x0,Other,0,0,1,Hardware: Legacy Flip,2026-8-20 19:22:36.491009900,1.2133,1.2133,0.0000,0.1559,1.0690,0.0416,1.0274,2.6843,17.9626,0.1094,11254.0153,NA,NA,NA
python.exe,1968,0x0,Other,-1,0,0,Composed: Copy with GPU GDI,2026-8-20 19:22:36.492223200,6.7436,6.7436,0.0000,0.0116,6.8867,1.6308,5.2559,NA,NA,NA,NA,NA,NA,NA
python.exe,1968,0x0,Other,-1,0,0,Composed: Copy with GPU GDI,2026-8-20 19:22:36.498966800,4.1060,4.1060,0.0000,0.1586,4.0993,0.2163,3.8830,NA,NA,NA,NA,NA,NA,NA
python.exe,1968,0x0,Other,-1,0,0,Composed: Copy with GPU GDI,2026-8-20 19:22:36.503072800,6.8245,6.8245,0.0000,0.1555,6.8159,0.2288,6.5871,NA,NA,NA,NA,NA,NA,NA
python.exe,1968,0x0,Other,0,0,1,Hardware: Legacy Flip,2026-8-20 19:22:36.509897300,0.2586,0.2586,0.0000,0.1521,0.1481,0.0881,0.0600,1.7595,15.4427,0.9248,11272.9027,NA,NA,NA
python.exe,1968,0x0,Other,-1,0,0,Composed: Copy with GPU GDI,2026-8-20 19:22:36.510155900,6.0248,6.0248,0.0000,0.0416,6.1315,1.6323,4.4992,NA,NA,NA,NA,NA,NA,NA
python.exe,1968,0x0,Other,-1,0,0,Composed: Copy with GPU GDI,2026-8-20 19:22:36.516180700,6.5178,6.5178,0.0000,0.1516,6.5122,0.2282,6.2840,NA,NA,NA,NA,NA,NA,NA
python.exe,1968,0x0,Other,0,0,1,Hardware: Legacy Flip,2026-8-20 19:22:36.522698500,2.8950,2.8950,0.0000,0.1501,2.7617,0.0599,2.7018,4.4010,16.3771,-2.6415,11285.7039,NA,NA,NA
python.exe,1968,0x0,Other,-1,0,0,Composed: Copy with GPU GDI,2026-8-20 19:22:36.525593500,2.6036,2.6036,0.0000,0.0168,2.7384,1.6592,1.0792,17.8831,1.2833,-13.4821,11288.5989,NA,NA,NA
python.exe,1968,0x0,Other,-1,0,0,Composed: Copy with GPU GDI,2026-8-20 19:22:36.528197100,5.5565,5.5565,0.0000,0.1553,5.5372,0.2266,5.3106,NA,NA,NA,NA,NA,NA,NA
python.exe,1968,0x0,Other,-1,0,0,Composed: Copy with GPU GDI,2026-8-20 19:22:36.533753600,6.0094,6.0094,0.0000,0.1410,6.0153,0.2281,5.7872,NA,NA,NA,NA,NA,NA,NA
python.exe,1968,0x0,Other,0,0,1,Hardware: Legacy Flip,2026-8-20 19:22:36.539763000,3.4902,3.4902,0.0000,0.1517,3.3756,0.0701,3.3055,4.9969,16.9059,12.8862,11302.7684,NA,NA,NA
python.exe,1968,0x0,Other,-1,0,0,Composed: Copy with GPU GDI,2026-8-20 19:22:36.543253200,3.0773,3.0773,0.0000,0.0371,3.1941,1.6405,1.5536,18.4126,0.2081,-13.4157,11306.2586,NA,NA,NA
python.exe,1968,0x0,Other,-1,0,0,Composed: Copy with GPU GDI,2026-8-20 19:22:36.546330500,8.0545,8.0545,0.0000,0.1574,8.0400,0.2190,7.8210,NA,NA,NA,NA,NA,NA,NA
python.exe,1968,0x0,Other,-1,0,0,Composed: Copy with GPU GDI,2026-8-20 19:22:36.554385000,3.0375,3.0375,0.0000,0.1462,3.0511,0.2285,2.8226,NA,NA,NA,NA,NA,NA,NA
python.exe,1968,0x0,Other,0,0,1,Hardware: Legacy Flip,2026-8-20 19:22:36.557422500,2.8739,2.8739,0.0000,0.1649,2.7235,0.0543,2.6692,4.4514,16.8206,13.9612,11320.4279,NA,NA,NA
python.exe,1968,0x0,Other,-1,0,0,Composed: Copy with GPU GDI,2026-8-20 19:22:36.560296400,5.2594,5.2594,0.0000,0.0145,5.3956,1.7233,3.6723,NA,NA,NA,NA,NA,NA,NA
python.exe,1968,0x0,Other,-1,0,0,Composed: Copy with GPU GDI,2026-8-20 19:22:36.565555800,6.4308,6.4308,0.0000,0.1540,6.4270,0.2160,6.2110,NA,NA,NA,NA,NA,NA,NA
python.exe,1968,0x0,Other,0,0,1,Hardware: Legacy Flip,2026-8-20 19:22:36.571986600,5.1950,5.1950,0.0000,0.1540,5.0530,0.0441,5.0089,6.7079,13.3100,-2.2565,11334.9920,NA,NA,NA
python.exe,1968,0x0,Other,-1,0,0,Composed: Copy with GPU GDI,2026-8-20 19:22:36.577181600,0.3290,0.3290,0.0000,0.0120,1.6519,1.6519,0.0000,14.8229,3.3960,-8.1150,11340.1870,NA,NA,NA
python.exe,1968,0x0,Other,-1,0,0,Composed: Copy with GPU GDI,2026-8-20 19:22:36.577510600,5.0162,5.0162,0.0000,1.3377,3.8319,0.2192,3.6127,NA,NA,NA,NA,NA,NA,NA
python.exe,1968,0x0,Other,-1,0,0,Composed: Copy with GPU GDI,2026-8-20 19:22:36.582526800,6.0387,6.0387,0.0000,0.1575,6.0206,0.2091,5.8115,NA,NA,NA,NA,NA,NA,NA
python.exe,1968,0x0,Other,0,0,1,Hardware: Legacy Flip,2026-8-20 19:22:36.588565500,5.3257,5.3257,0.0000,0.1422,5.1965,0.0513,5.1452,6.8350,14.7905,7.9879,11351.5709,NA,NA,NA
python.exe,1968,0x0,Other,-1,0,0,Composed: Copy with GPU GDI,2026-8-20 19:22:36.593891200,0.6706,0.6706,0.0000,0.0130,1.6352,1.6352,0.0000,16.2998,2.2120,-9.4648,11356.8966,NA,NA,NA
python.exe,1968,0x0,Other,-1,0,0,Composed: Copy with GPU GDI,2026-8-20 19:22:36.594561800,6.1003,6.1003,0.0000,0.9800,5.2686,0.2175,5.0511,NA,NA,NA,NA,NA,NA,NA
python.exe,1968,0x0,Other,-1,0,0,Composed: Copy with GPU GDI,2026-8-20 19:22:36.600662100,9.4748,9.4748,0.0000,0.1518,9.4579,0.2172,9.2407,NA,NA,NA,NA,NA,NA,NA
python.exe,1968,0x0,Other,0,0,1,Hardware: Legacy Flip,2026-8-20 19:22:36.610136900,0.4926,0.4926,0.0000,0.1389,0.3697,0.0493,0.3204,2.2661,15.6460,14.0337,11373.1423,NA,NA,NA
python.exe,1968,0x0,Other,-1,0,0,Composed: Copy with GPU GDI,2026-8-20 19:22:36.610629500,1.5980,1.5980,0.0000,0.0160,2.0903,2.0903,0.0000,NA,NA,NA,NA,NA,NA,NA
python.exe,1968,0x0,Other,-1,0,0,Composed: Copy with GPU GDI,2026-8-20 19:22:36.612227500,8.8424,8.8424,0.0000,0.5102,8.4719,0.2093,8.2626,NA,NA,NA,NA,NA,NA,NA
python.exe,1968,0x0,Other,-1,0,0,Composed: Copy with GPU GDI,2026-8-20 19:22:36.621069900,4.2965,4.2965,0.0000,0.1424,4.2983,0.2198,4.0785,NA,NA,NA,NA,NA,NA,NA
python.exe,1968,0x0,Other,0,0,1,Hardware: Legacy Flip,2026-8-20 19:22:36.625366400,1.1797,1.1797,0.0000,0.1486,1.0426,0.0425,1.0001,2.6826,17.2719,-0.4165,11388.3718,NA,NA,NA
python.exe,1968,0x0,Other,-1,0,0,Composed: Copy with GPU GDI,2026-8-20 19:22:36.626546100,6.3304,6.3304,0.0000,0.0115,6.4646,1.6588,4.8058,NA,NA,NA,NA,NA,NA,NA
python.exe,1968,0x0,Other,-1,0,0,Composed: Copy with GPU GDI,2026-8-20 19:22:36.632876500,4.5542,4.5542,0.0000,0.1494,4.5445,0.2119,4.3326,NA,NA,NA,NA,NA,NA,NA
python.exe,1968,0x0,Other,-1,0,0,Composed: Copy with GPU GDI,2026-8-20 19:22:36.637430700,5.9962,5.9962,0.0000,0.1450,5.9818,0.2125,5.7693,NA,NA,NA,NA,NA,NA,NA
python.exe,1968,0x0,Other,0,0,1,Hardware: Legacy Flip,2026-8-20 19:22:36.643426900,0.3884,0.3884,0.0000,0.1331,0.2673,0.0444,0.2229,1.8940,15.6167,0.7886,11406.4323,NA,NA,NA
python.exe,1968,0x0,Other,-1,0,0,Composed: Copy with GPU GDI,2026-8-20 19:22:36.643815300,5.1534,5.1534,0.0000,0.0120,5.2695,1.6542,3.6153,NA,NA,NA,NA,NA,NA,NA
python.exe,1968,0x0,Other,-1,0,0,Composed: Copy with GPU GDI,2026-8-20 19:22:36.648968700,7.0622,7.0622,0.0000,0.1317,7.0688,0.2161,6.8527,NA,NA,NA,NA,NA,NA,NA
python.exe,1968,0x0,Other,0,0,1,Hardware: Legacy Flip,2026-8-20 19:22:36.656030900,3.4203,3.4203,0.0000,0.1415,3.2933,0.0701,3.2232,4.9067,16.0122,-3.0127,11419.0363,NA,NA,NA
python.exe,1968,0x0,Other,-1,0,0,Composed: Copy with GPU GDI,2026-8-20 19:22:36.659451200,2.2866,2.2866,0.0000,0.0145,2.4203,1.6420,0.7783,17.4986,0.9670,-12.5919,11422.4566,NA,NA,NA
python.exe,1968,0x0,Other,-1,0,0,Composed: Copy with GPU GDI,2026-8-20 19:22:36.661737800,5.8930,5.8930,0.0000,0.1514,5.8932,0.2175,5.6757,NA,NA,NA,NA,NA,NA,NA
python.exe,1968,0x0,Other,-1,0,0,Composed: Copy with GPU GDI,2026-8-20 19:22:36.667630800,5.5076,5.5076,0.0000,0.1550,5.5017,0.2163,5.2854,NA,NA,NA,NA,NA,NA,NA
python.exe,1968,0x0,Other,0,0,1,Hardware: Legacy Flip,2026-8-20 19:22:36.673138400,3.3088,3.3088,0.0000,0.1528,3.1920,0.0689,3.1231,4.7784,16.7225,12.7202,11436.1438,NA,NA,NA
python.exe,1968,0x0,Other,-1,0,0,Composed: Copy with GPU GDI,2026-8-20 19:22:36.676447200,4.2674,4.2674,0.0000,0.0360,4.3854,1.6136,2.7718,NA,NA,NA,NA,NA,NA,NA
python.exe,1968,0x0,Other,-1,0,0,Composed: Copy with GPU GDI,2026-8-20 19:22:36.680714600,6.6996,6.6996,0.0000,0.1595,6.6896,0.2184,6.4712,NA,NA,NA,NA,NA,NA,NA
python.exe,1968,0x0,Other,-1,0,0,Composed: Copy with GPU GDI,2026-8-20 19:22:36.687414200,4.4169,4.4169,0.0000,0.1530,4.4082,0.2282,4.1800,NA,NA,NA,NA,NA,NA,NA
python.exe,1968,0x0,Other,0,0,1,Hardware: Legacy Flip,2026-8-20 19:22:36.691831100,1.3315,1.3315,0.0000,0.1494,1.1946,0.0454,1.1492,2.8082,17.3673,1.9702,11454.8365,NA,NA,NA
python.exe,1968,0x0,Other,-1,0,0,Composed: Copy with GPU GDI,2026-8-20 19:22:36.693162600,5.9237,5.9237,0.0000,0.0125,6.0606,1.6318,4.4288,NA,NA,NA,NA,NA,NA,NA
python.exe,1968,0x0,Other,-1,0,0,Composed: Copy with GPU GDI,2026-8-20 19:22:36.699086300,4.2487,4.2487,0.0000,0.1531,4.2472,0.2161,4.0311,NA,NA,NA,NA,NA,NA,NA
python.exe,1968,0x0,Other,0,0,1,Hardware: Legacy Flip,2026-8-20 19:22:36.703335000,7.2015,7.2015,0.0000,0.1553,7.0584,0.0441,7.0143,8.6716,13.4677,-5.8634,11466.3404,NA,NA,NA
python.exe,1968,0x0,Other,-1,0,0,Composed: Copy with GPU GDI,2026-8-20 19:22:36.710536500,0.3788,0.3788,0.0000,0.0122,1.6385,1.6385,0.0000,14.9378,3.0077,-6.2662,11473.5419,NA,NA,NA
python.exe,1968,0x0,Other,-1,0,0,Composed: Copy with GPU GDI,2026-8-20 19:22:36.710915300,4.1153,4.1153,0.0000,1.2749,2.9985,0.2269,2.7716,NA,NA,NA,NA,NA,NA,NA
python.exe,1968,0x0,Other,-1,0,0,Composed: Copy with GPU GDI,2026-8-20 19:22:36.715030600,7.0536,7.0536,0.0000,0.1630,7.0334,0.2183,6.8151,NA,NA,NA,NA,NA,NA,NA
python.exe,1968,0x0,Other,0,0,1,Hardware: Legacy Flip,2026-8-20 19:22:36.722084200,4.9386,4.9386,0.0000,0.1464,4.8104,0.0669,4.7435,6.3978,15.1878,8.5400,11485.0896,NA,NA,NA
python.exe,1968,0x0,Other,-1,0,0,Composed: Copy with GPU GDI,2026-8-20 19:22:36.727022800,1.0638,1.0638,0.0000,0.0182,1.5835,1.5835,0.0000,16.6470,1.2462,-10.2492,11490.0282,NA,NA,NA
python.exe,1968,0x0,Other,-1,0,0,Composed: Copy with GPU GDI,2026-8-20 19:22:36.728086600,6.0545,6.0545,0.0000,0.5406,5.6551,0.2179,5.4372,NA,NA,NA,NA,NA,NA,NA
python.exe,1968,0x0,Other,-1,0,0,Composed: Copy with GPU GDI,2026-8-20 19:22:36.734141100,5.5782,5.5782,0.0000,0.1455,5.5778,0.2199,5.3579,NA,NA,NA,NA,NA,NA,NA
python.exe,1968,0x0,Other,0,0,1,Hardware: Legacy Flip,2026-8-20 19:22:36.739719300,3.7297,3.7297,0.0000,0.1487,3.5933,0.0458,3.5475,5.1967,16.1257,11.4503,11502.7247,NA,NA,NA
python.exe,1968,0x0,Other,-1,0,0,Composed: Copy with GPU GDI,2026-8-20 19:22:36.743449000,2.7272,2.7272,0.0000,0.0123,2.8688,1.6262,1.2426,NA,NA,NA,NA,NA,NA,NA
python.exe,1968,0x0,Other,-1,0,0,Composed: Copy with GPU GDI,2026-8-20 19:22:36.746176200,7.9708,7.9708,0.0000,0.1576,7.9614,0.2170,7.7444,NA,NA,NA,NA,NA,NA,NA
python.exe,1968,0x0,Other,-1,0,0,Composed: Copy with GPU GDI,2026-8-20 19:22:36.754147000,4.1089,4.1089,0.0000,0.1521,4.1060,0.2170,3.8890,NA,NA,NA,NA,NA,NA,NA
python.exe,1968,0x0,Other,0,0,1,Hardware: Legacy Flip,2026-8-20 19:22:36.758255900,1.2558,1.2558,0.0000,0.1529,1.1150,0.0449,1.0701,2.7858,17.1725,2.4109,11521.2613,NA,NA,NA
python.exe,1968,0x0,Other,-1,0,0,Composed: Copy with GPU GDI,2026-8-20 19:22:36.759511700,7.5764,7.5764,0.0000,0.0121,7.7062,1.6883,6.0179,NA,NA,NA,NA,NA,NA,NA
python.exe,1968,0x0,Other,-1,0,0,Composed: Copy with GPU GDI,2026-8-20 19:22:36.767088100,2.9869,2.9869,0.0000,0.1466,2.9948,0.2197,2.7751,NA,NA,NA,NA,NA,NA,NA
python.exe,1968,0x0,Other,0,0,1,Hardware: Legacy Flip,2026-8-20 19:22:36.770075000,6.6825,6.6825,0.0000,0.1583,6.5647,0.0735,6.4912,8.1392,13.9882,-5.3534,11533.0804,NA,NA,NA
python.exe,1968,0x0,Other,-1,0,0,Composed: Copy with GPU GDI,2026-8-20 19:22:36.776757500,0.3377,0.3377,0.0000,0.0405,1.5699,1.5699,0.0000,15.4449,2.3260,-7.3057,11539.7629,NA,NA,NA
python.exe,1968,0x0,Other,-1,0,0,Composed: Copy with GPU GDI,2026-8-20 19:22:36.777095200,4.9645,4.9645,0.0000,1.2758,3.8420,0.2176,3.6244,NA,NA,NA,NA,NA,NA,NA
python.exe,1968,0x0,Other,-1,0,0,Composed: Copy with GPU GDI,2026-8-20 19:22:36.782059700,6.0447,6.0447,0.0000,0.1567,6.0408,0.2166,5.8242,NA,NA,NA,NA,NA,NA,NA
python.exe,1968,0x0,Other,0,0,1,Hardware: Legacy Flip,2026-8-20 19:22:36.788104400,4.9326,4.9326,0.0000,0.1566,4.7889,0.0473,4.7416,6.4240,15.8650,9.0209,11551.1098,NA,NA,NA
python.exe,1968,0x0,Other,-1,0,0,Composed: Copy with GPU GDI,2026-8-20 19:22:36.793037000,0.5599,0.5599,0.0000,0.0129,1.6316,1.6316,0.0000,17.3564,1.7210,-10.9324,11556.0424,NA,NA,NA
python.exe,1968,0x0,Other,-1,0,0,Composed: Copy with GPU GDI,2026-8-20 19:22:36.793596900,7.0461,7.0461,0.0000,1.0875,6.1093,0.2183,5.8910,NA,NA,NA,NA,NA,NA,NA
python.exe,1968,0x0,Other,-1,0,0,Composed: Copy with GPU GDI,2026-8-20 19:22:36.800643000,9.5302,9.5302,0.0000,0.1544,9.5105,0.2192,9.2913,NA,NA,NA,NA,NA,NA,NA
python.exe,1968,0x0,Other,0,0,1,Hardware: Legacy Flip,2026-8-20 19:22:36.810173200,0.5154,0.5154,0.0000,0.1384,0.3948,0.0616,0.3332,1.9412,16.4788,15.4152,11573.1786,NA,NA,NA
python.exe,1968,0x0,Other,-1,0,0,Composed: Copy with GPU GDI,2026-8-20 19:22:36.810688600,2.6435,2.6435,0.0000,0.0178,2.7740,1.5761,1.1979,17.9046,0.1678,-15.9634,11573.6940,NA,NA,NA
python.exe,1968,0x0,Other,-1,0,0,Composed: Copy with GPU GDI,2026-8-20 19:22:36.813332100,7.4979,7.4979,0.0000,0.1526,7.4973,0.2179,7.2794,NA,NA,NA,NA,NA,NA,NA
python.exe,1968,0x0,Other,-1,0,0,Composed: Copy with GPU GDI,2026-8-20 19:22:36.820830000,3.5679,3.5679,0.0000,0.1559,3.5649,0.2170,3.3479,NA,NA,NA,NA,NA,NA,NA
python.exe,1968,0x0,Other,0,0,1,Hardware: Legacy Flip,2026-8-20 19:22:36.824397900,2.9238,2.9238,0.0000,0.1568,2.7817,0.0530,2.7287,4.3631,16.8021,13.5415,11587.4033,NA,NA,NA
python.exe,1968,0x0,Other,-1,0,0,Composed: Copy with GPU GDI,2026-8-20 19:22:36.827321700,4.8218,4.8218,0.0000,0.0147,4.9581,1.5873,3.3708,NA,NA,NA,NA,NA,NA,NA
python.exe,1968,0x0,Other,-1,0,0,Composed: Copy with GPU GDI,2026-8-20 19:22:36.832143500,4.0174,4.0174,0.0000,0.1548,4.0145,0.2171,3.7974,NA,NA,NA,NA,NA,NA,NA
python.exe,1968,0x0,Other,-1,0,0,Composed: Copy with GPU GDI,2026-8-20 19:22:36.836160900,7.6193,7.6193,0.0000,0.1557,7.6109,0.2267,7.3842,NA,NA,NA,NA,NA,NA,NA
python.exe,1968,0x0,Other,0,0,1,Hardware: Legacy Flip,2026-8-20 19:22:36.843780200,0.3579,0.3579,0.0000,0.1507,0.2182,0.0490,0.1692,1.7829,16.1177,2.5802,11606.7856,NA,NA,NA
python.exe,1968,0x0,Other,-1,0,0,Composed: Copy with GPU GDI,2026-8-20 19:22:36.844138100,4.8645,4.8645,0.0000,0.0110,5.4245,2.0169,3.4076,NA,NA,NA,NA,NA,NA,NA
python.exe,1968,0x0,Other,-1,0,0,Composed: Copy with GPU GDI,2026-8-20 19:22:36.849002600,6.8641,6.8641,0.0000,0.5735,6.4379,0.2291,6.2088,NA,NA,NA,NA,NA,NA,NA
python.exe,1968,0x0,Other,0,0,1,Hardware: Legacy Flip,2026-8-20 19:22:36.855866700,4.3866,4.3866,0.0000,0.1523,4.2465,0.0487,4.1978,5.8141,15.4566,-4.0312,11618.8721,NA,NA,NA
python.exe,1968,0x0,Other,-1,0,0,Composed: Copy with GPU GDI,2026-8-20 19:22:36.860253300,0.6174,0.6174,0.0000,0.0122,1.5672,1.5672,0.0000,16.8841,1.4574,-11.0700,11623.2587,NA,NA,NA
python.exe,1968,0x0,Other,-1,0,0,Composed: Copy with GPU GDI,2026-8-20 19:22:36.860870700,6.5561,6.5561,0.0000,0.9644,5.7423,0.2164,5.5259,NA,NA,NA,NA,NA,NA,NA
python.exe,1968,0x0,Other,-1,0,0,Composed: Copy with GPU GDI,2026-8-20 19:22:36.867426800,9.2234,9.2234,0.0000,0.1542,9.2315,0.2390,8.9925,NA,NA,NA,NA,NA,NA,NA
python.exe,1968,0x0,Other,0,0,1,Hardware: Legacy Flip,2026-8-20 19:22:36.876650200,0.4831,0.4831,0.0000,0.1662,0.3946,0.1102,0.2844,1.9446,16.1719,14.9395,11639.6556,NA,NA,NA
python.exe,1968,0x0,Other,-1,0,0,Composed: Copy with GPU GDI,2026-8-20 19:22:36.877133300,2.3923,2.3923,0.0000,0.0777,2.4698,1.5487,0.9211,NA,NA,NA,NA,NA,NA,NA
python.exe,1968,0x0,Other,-1,0,0,Composed: Copy with GPU GDI,2026-8-20 19:22:36.879525600,8.5309,8.5309,0.0000,0.1580,8.5209,0.2181,8.3028,NA,NA,NA,NA,NA,NA,NA
python.exe,1968,0x0,Other,-1,0,0,Composed: Copy with GPU GDI,2026-8-20 19:22:36.888056500,4.7646,4.7646,0.0000,0.1516,4.7683,0.2413,4.5270,NA,NA,NA,NA,NA,NA,NA
python.exe,1968,0x0,Other,0,0,1,Hardware: Legacy Flip,2026-8-20 19:22:36.892821100,0.4953,0.4953,0.0000,0.1613,0.3487,0.0587,0.2900,1.9456,16.8392,-0.0010,11655.8265,NA,NA,NA
python.exe,1968,0x0,Other,-1,0,0,Composed: Copy with GPU GDI,2026-8-20 19:22:36.893316400,5.7565,5.7565,0.0000,0.0147,5.8916,1.5941,4.2975,NA,NA,NA,NA,NA,NA,NA
python.exe,1968,0x0,Other,-1,0,0,Composed: Copy with GPU GDI,2026-8-20 19:22:36.899072900,4.1414,4.1414,0.0000,0.1534,4.1399,0.2179,3.9220,NA,NA,NA,NA,NA,NA,NA
python.exe,1968,0x0,Other,0,0,1,Hardware: Legacy Flip,2026-8-20 19:22:36.903214300,6.9391,6.9391,0.0000,0.1559,6.7949,0.0432,6.7517,8.3916,14.0619,-6.4460,11666.2197,NA,NA,NA
python.exe,1968,0x0,Other,-1,0,0,Composed: Copy with GPU GDI,2026-8-20 19:22:36.910153400,1.2474,1.2474,0.0000,0.0117,1.5844,1.5844,0.0000,15.5144,2.8985,-7.1228,11673.1588,NA,NA,NA
python.exe,1968,0x0,Other,-1,0,0,Composed: Copy with GPU GDI,2026-8-20 19:22:36.911400800,4.9496,4.9496,0.0000,0.3511,4.7566,0.2253,4.5313,NA,NA,NA,NA,NA,NA,NA
python.exe,1968,0x0,Other,-1,0,0,Composed: Copy with GPU GDI,2026-8-20 19:22:36.916350400,5.5649,5.5649,0.0000,0.1617,5.5528,0.2228,5.3300,NA,NA,NA,NA,NA,NA,NA
python.exe,1968,0x0,Other,0,0,1,Hardware: Legacy Flip,2026-8-20 19:22:36.921915300,5.2168,5.2168,0.0000,0.1571,5.0741,0.0554,5.0187,6.6510,15.3065,8.8634,11684.9207,NA,NA,NA
python.exe,1968,0x0,Other,-1,0,0,Composed: Copy with GPU GDI,2026-8-20 19:22:36.927132100,0.3303,0.3303,0.0000,0.0144,1.5649,1.5649,0.0000,16.7407,1.4151,-10.0897,11690.1375,NA,NA,NA
python.exe,1968,0x0,Other,-1,0,0,Composed: Copy with GPU GDI,2026-8-20 19:22:36.927462400,6.0756,6.0756,0.0000,1.2518,5.0803,0.3348,4.7455,NA,NA,NA,NA,NA,NA,NA
python.exe,1968,0x0,Other,-1,0,0,Composed: Copy with GPU GDI,2026-8-20 19:22:36.933538000,6.0041,6.0041,0.0000,0.2592,5.8888,0.2216,5.6672,NA,NA,NA,NA,NA,NA,NA
python.exe,1968,0x0,Other,0,0,1,Hardware: Legacy Flip,2026-8-20 19:22:36.939542100,4.3058,4.3058,0.0000,0.1499,4.1690,0.0493,4.1197,5.7458,16.1148,10.9949,11702.5475,NA,NA,NA
python.exe,1968,0x0,Other,-1,0,0,Composed: Copy with GPU GDI,2026-8-20 19:22:36.943847900,2.3247,2.3247,0.0000,0.0131,2.4927,1.6345,0.8582,NA,NA,NA,NA,NA,NA,NA
python.exe,1968,0x0,Other,-1,0,0,Composed: Copy with GPU GDI,2026-8-20 19:22:36.946172600,8.9066,8.9066,0.0000,0.1841,8.8625,0.2351,8.6274,NA,NA,NA,NA,NA,NA,NA
python.exe,1968,0x0,Other,-1,0,0,Composed: Copy with GPU GDI,2026-8-20 19:22:36.955079200,3.2016,3.2016,0.0000,0.1442,3.2126,0.2370,2.9756,NA,NA,NA,NA,NA,NA,NA
python.exe,1968,0x0,Other,0,0,1,Hardware: Legacy Flip,2026-8-20 19:22:36.958280800,1.7349,1.7349,0.0000,0.1607,1.5878,0.0509,1.5369,3.1219,17.6302,2.6239,11721.2862,NA,NA,NA
python.exe,1968,0x0,Other,-1,0,0,Composed: Copy with GPU GDI,2026-8-20 19:22:36.960015700,5.7971,5.7971,0.0000,0.0136,5.9170,1.5438,4.3732,NA,NA,NA,NA,NA,NA,NA
python.exe,1968,0x0,Other,-1,0,0,Composed: Copy with GPU GDI,2026-8-20 19:22:36.965812800,3.9990,3.9990,0.0000,0.1367,3.9971,0.2176,3.7795,NA,NA,NA,NA,NA,NA,NA
python.exe,1968,0x0,Other,-1,0,0,Composed: Copy with GPU GDI,2026-8-20 19:22:36.969811800,7.6830,7.6830,0.0000,7.7769,0.0778,0.0778,0.0000,NA,NA,NA,NA,NA,NA,NA
python.exe,1968,0x0,Other,0,0,1,Hardware: Legacy Flip,2026-8-20 19:22:36.977494800,0.0807,0.0807,0.0000,0.0000,7.6396,0.1769,7.4627,1.5381,15.0577,1.5838,11740.5002,NA,NA,NA
python.exe,1968,0x0,Other,-1,0,0,Composed: Copy with GPU GDI,2026-8-20 19:22:36.977575500,4.9470,4.9470,0.0000,0.0910,4.9996,1.5309,3.4687,NA,NA,NA,NA,NA,NA,NA
python.exe,1968,0x0,Other,-1,0,0,Composed: Copy with GPU GDI,2026-8-20 19:22:36.982522500,7.0435,7.0435,0.0000,0.1469,7.0384,0.2253,6.8131,NA,NA,NA,NA,NA,NA,NA
python.exe,1968,0x0,Other,0,0,1,Hardware: Legacy Flip,2026-8-20 19:22:36.989566000,3.1330,3.1330,0.0000,0.1454,3.0025,0.0538,2.9487,4.5246,16.5099,-2.9865,11752.5714,NA,NA,NA
python.exe,1968,0x0,Other,-1,0,0,Composed: Copy with GPU GDI,2026-8-20 19:22:36.992699000,2.2051,2.2051,0.0000,0.0149,2.3375,1.5428,0.7947,17.9015,0.8883,-13.3769,11755.7044,NA,NA,NA
python.exe,1968,0x0,Other,-1,0,0,Composed: Copy with GPU GDI,2026-8-20 19:22:36.994904100,5.5328,5.5328,0.0000,0.1535,5.5224,0.2182,5.3042,NA,NA,NA,NA,NA,NA,NA
python.exe,1968,0x0,Other,-1,0,0,Composed: Copy with GPU GDI,2026-8-20 19:22:37.000436900,6.0505,6.0505,0.0000,0.1467,6.0433,0.2162,5.8271,NA,NA,NA,NA,NA,NA,NA
python.exe,1968,0x0,Other,0,0,1,Hardware: Legacy Flip,2026-8-20 19:22:37.006487400,3.5776,3.5776,0.0000,0.1431,3.4764,0.0812,3.3952,5.0014,16.3935,12.9001,11769.4928,NA,NA,NA
python.exe,1968,0x0,Other,-1,0,0,Composed: Copy with GPU GDI,2026-8-20 19:22:37.010065000,2.9644,2.9644,0.0000,0.0419,3.0540,1.5483,1.5057,NA,NA,NA,NA,NA,NA,NA
python.exe,1968,0x0,Other,-1,0,0,Composed: Copy with GPU GDI,2026-8-20 19:22:37.013029400,7.9882,7.9882,0.0000,0.1346,7.9978,0.2266,7.7712,NA,NA,NA,NA,NA,NA,NA
python.exe,1968,0x0,Other,-1,0,0,Composed: Copy with GPU GDI,2026-8-20 19:22:37.021017600,4.2116,4.2116,0.0000,0.1478,4.1978,0.2183,3.9795,NA,NA,NA,NA,NA,NA,NA
python.exe,1968,0x0,Other,0,0,1,Hardware: Legacy Flip,2026-8-20 19:22:37.025229200,1.2179,1.2179,0.0000,0.1372,1.0936,0.0467,1.0469,2.6531,17.2584,2.3483,11788.2346,NA,NA,NA
python.exe,1968,0x0,Other,-1,0,0,Composed: Copy with GPU GDI,2026-8-20 19:22:37.026447100,6.0039,6.0039,0.0000,0.0129,6.1328,1.5897,4.5431,NA,NA,NA,NA,NA,NA,NA
python.exe,1968,0x0,Other,-1,0,0,Composed: Copy with GPU GDI,2026-8-20 19:22:37.032451000,3.8711,3.8711,0.0000,0.1454,3.8699,0.2185,3.6514,NA,NA,NA,NA,NA,NA,NA
python.exe,1968,0x0,Other,-1,0,0,Composed: Copy with GPU GDI,2026-8-20 19:22:37.036322100,7.1779,7.1779,0.0000,0.1477,7.1742,0.2271,6.9471,NA,NA,NA,NA,NA,NA,NA
python.exe,1968,0x0,Other,0,0,1,Hardware: Legacy Flip,2026-8-20 19:22:37.043500000,0.2354,0.2354,0.0000,0.1489,0.1009,0.0515,0.0494,1.6407,16.6575,1.0124,11806.5054,NA,NA,NA
python.exe,1968,0x0,Other,-1,0,0,Composed: Copy with GPU GDI,2026-8-20 19:22:37.043735400,5.1364,5.1364,0.0000,0.0144,5.2748,1.5662,3.7086,NA,NA,NA,NA,NA,NA,NA
python.exe,1968,0x0,Other,-1,0,0,Composed: Copy with GPU GDI,2026-8-20 19:22:37.048871800,6.0908,6.0908,0.0000,0.1601,6.0821,0.2266,5.8555,NA,NA,NA,NA,NA,NA,NA
python.exe,1968,0x0,Other,0,0,1,Hardware: Legacy Flip,2026-8-20 19:22:37.054962600,5.3802,5.3802,0.0000,0.1537,5.2398,0.0486,5.1912,6.8356,15.5361,-5.1949,11817.9680,NA,NA,NA
python.exe,1968,0x0,Other,-1,0,0,Composed: Copy with GPU GDI,2026-8-20 19:22:37.060342800,0.5801,0.5801,0.0000,0.0133,1.5786,1.5786,0.0000,16.9915,0.9873,-10.1559,11823.3482,NA,NA,NA
python.exe,1968,0x0,Other,-1,0,0,Composed: Copy with GPU GDI,2026-8-20 19:22:37.060922900,6.7262,6.7262,0.0000,1.0159,5.8507,0.2217,5.6290,NA,NA,NA,NA,NA,NA,NA
python.exe,1968,0x0,Other,-1,0,0,Composed: Copy with GPU GDI,2026-8-20 19:22:37.067649100,8.8374,8.8374,0.0000,0.1444,8.8403,0.2263,8.6140,NA,NA,NA,NA,NA,NA,NA
python.exe,1968,0x0,Other,0,0,1,Hardware: Legacy Flip,2026-8-20 19:22:37.076486500,0.3964,0.3964,0.0000,0.1507,0.2590,0.0475,0.2115,1.8351,17.2153,15.1564,11839.4919,NA,NA,NA
python.exe,1968,0x0,Other,-1,0,0,Composed: Copy with GPU GDI,2026-8-20 19:22:37.076882900,2.7362,2.7362,0.0000,0.0133,2.8723,1.5936,1.2787,18.6540,0.1277,-16.8189,11839.8883,NA,NA,NA
python.exe,1968,0x0,Other,-1,0,0,Composed: Copy with GPU GDI,2026-8-20 19:22:37.079619100,7.8643,7.8643,0.0000,0.1529,7.8442,0.2260,7.6182,NA,NA,NA,NA,NA,NA,NA
python.exe,1968,0x0,Other,-1,0,0,Composed: Copy with GPU GDI,2026-8-20 19:22:37.087483400,4.7822,4.7822,0.0000,0.1364,4.7932,0.2235,4.5697,NA,NA,NA,NA,NA,NA,NA
python.exe,1968,0x0,Other,0,0,1,Hardware: Legacy Flip,2026-8-20 19:22:37.092265600,1.8397,1.8397,0.0000,0.1518,1.7025,0.0566,1.6459,3.3990,15.7675,15.2550,11855.2710,NA,NA,NA
python.exe,1968,0x0,Other,-1,0,0,Composed: Copy with GPU GDI,2026-8-20 19:22:37.094105300,4.9300,4.9300,0.0000,0.0146,5.0675,1.7091,3.3584,NA,NA,NA,NA,NA,NA,NA
python.exe,1968,0x0,Other,-1,0,0,Composed: Copy with GPU GDI,2026-8-20 19:22:37.099035300,4.3463,4.3463,0.0000,0.1557,4.3432,0.2182,4.1250,NA,NA,NA,NA,NA,NA,NA
python.exe,1968,0x0,Other,0,0,1,Hardware: Legacy Flip,2026-8-20 19:22:37.103381600,6.5915,6.5915,0.0000,0.1565,6.4469,0.0448,6.4021,8.0505,14.4335,-4.6515,11866.3870,NA,NA,NA
python.exe,1968,0x0,Other,-1,0,0,Composed: Copy with GPU GDI,2026-8-20 19:22:37.109973100,0.4146,0.4146,0.0000,0.0119,1.5812,1.5812,0.0000,15.8925,2.5323,-7.8420,11872.9785,NA,NA,NA
python.exe,1968,0x0,Other,-1,0,0,Composed: Copy with GPU GDI,2026-8-20 19:22:37.110387700,5.5936,5.5936,0.0000,1.1812,4.5655,0.2186,4.3469,NA,NA,NA,NA,NA,NA,NA
python.exe,1968,0x0,Other,-1,0,0,Composed: Copy with GPU GDI,2026-8-20 19:22:37.115981300,5.5531,5.5531,0.0000,0.1568,5.5473,0.2182,5.3291,NA,NA,NA,NA,NA,NA,NA
python.exe,1968,0x0,Other,0,0,1,Hardware: Legacy Flip,2026-8-20 19:22:37.121534400,5.4188,5.4188,0.0000,0.1548,5.2758,0.0450,5.2308,6.8635,15.6666,9.0290,11884.5398,NA,NA,NA
python.exe,1968,0x0,Other,-1,0,0,Composed: Copy with GPU GDI,2026-8-20 19:22:37.126953200,1.1901,1.1901,0.0000,0.0118,1.5994,1.5994,0.0000,17.1113,1.1113,-10.2478,11889.9586,NA,NA,NA
python.exe,1968,0x0,Other,-1,0,0,Composed: Copy with GPU GDI,2026-8-20 19:22:37.128143300,5.9396,5.9396,0.0000,0.4246,5.6666,0.2175,5.4491,NA,NA,NA,NA,NA,NA,NA
python.exe,1968,0x0,Other,-1,0,0,Composed: Copy with GPU GDI,2026-8-20 19:22:37.134082900,9.2213,9.2213,0.0000,0.1554,9.2167,0.2177,8.9990,NA,NA,NA,NA,NA,NA,NA
python.exe,1968,0x0,Other,0,0,1,Hardware: Legacy Flip,2026-8-20 19:22:37.143304200,0.4207,0.4207,0.0000,0.1544,0.2793,0.0491,0.2302,1.8716,15.8353,15.2397,11906.3096,NA,NA,NA
python.exe,1968,0x0,Other,-1,0,0,Composed: Copy with GPU GDI,2026-8-20 19:22:37.143724900,2.5192,2.5192,0.0000,0.0130,2.6468,1.5952,1.0516,NA,NA,NA,NA,NA,NA,NA
python.exe,1968,0x0,Other,-1,0,0,Composed: Copy with GPU GDI,2026-8-20 19:22:37.146244100,8.2392,8.2392,0.0000,0.1442,8.2316,0.2211,8.0105,NA,NA,NA,NA,NA,NA,NA
python.exe,1968,0x0,Other,-1,0,0,Composed: Copy with GPU GDI,2026-8-20 19:22:37.154483300,3.2948,3.2948,0.0000,0.1406,3.3048,0.2243,3.0805,NA,NA,NA,NA,NA,NA,NA
python.exe,1968,0x0,Other,0,0,1,Hardware: Legacy Flip,2026-8-20 19:22:37.157778100,1.7285,1.7285,0.0000,0.1550,1.5858,0.0480,1.5378,3.2330,17.9725,-1.3614,11920.7835,NA,NA,NA
python.exe,1968,0x0,Other,-1,0,0,Composed: Copy with GPU GDI,2026-8-20 19:22:37.159506600,6.0105,6.0105,0.0000,0.0123,6.1485,1.6126,4.5359,NA,NA,NA,NA,NA,NA,NA
python.exe,1968,0x0,Other,-1,0,0,Composed: Copy with GPU GDI,2026-8-20 19:22:37.165517100,4.2625,4.2625,0.0000,0.1542,4.2544,0.2194,4.0350,NA,NA,NA,NA,NA,NA,NA
python.exe,1968,0x0,Other,-1,0,0,Composed: Copy with GPU GDI,2026-8-20 19:22:37.169779600,7.2991,7.2991,0.0000,0.1499,7.2791,0.2168,7.0623,NA,NA,NA,NA,NA,NA,NA
python.exe,1968,0x0,Other,0,0,1,Hardware: Legacy Flip,2026-8-20 19:22:37.177078700,0.4547,0.4547,0.0000,0.1335,0.3616,0.0791,0.2825,1.9049,15.2133,1.3281,11940.0841,NA,NA,NA
python.exe,1968,0x0,Other,-1,0,0,Composed: Copy with GPU GDI,2026-8-20 19:22:37.177533400,5.3735,5.3735,0.0000,0.0404,5.4812,1.5868,3.8944,NA,NA,NA,NA,NA,NA,NA
python.exe,1968,0x0,Other,-1,0,0,Composed: Copy with GPU GDI,2026-8-20 19:22:37.182906900,5.5125,5.5125,0.0000,0.1509,5.5051,0.2213,5.2838,NA,NA,NA,NA,NA,NA,NA
python.exe,1968,0x0,Other,0,0,1,Hardware: Legacy Flip,2026-8-20 19:22:37.188419400,4.3126,4.3126,0.0000,0.1477,4.1805,0.0573,4.1232,5.7775,16.6100,-3.8726,11951.4248,NA,NA,NA
python.exe,1968,0x0,Other,-1,0,0,Composed: Copy with GPU GDI,2026-8-20 19:22:37.192732000,1.7777,1.7777,0.0000,0.0156,1.9381,1.6478,0.2903,18.0749,1.6019,-12.2974,11955.7374,NA,NA,NA
python.exe,1968,0x0,Other,-1,0,0,Composed: Copy with GPU GDI,2026-8-20 19:22:37.194509700,6.9871,6.9871,0.0000,0.1780,6.9608,0.2396,6.7212,NA,NA,NA,NA,NA,NA,NA
python.exe,1968,0x0,Other,-1,0,0,Composed: Copy with GPU GDI,2026-8-20 19:22:37.201496800,8.8062,8.8062,0.0000,0.1555,8.7989,0.2366,8.5623,NA,NA,NA,NA,NA,NA,NA
python.exe,1968,0x0,Other,0,0,1,Hardware: Legacy Flip,2026-8-20 19:22:37.210303000,0.6610,0.6610,0.0000,0.1550,0.5550,0.0934,0.4616,2.1058,15.5551,15.9691,11973.3084,NA,NA,NA
python.exe,1968,0x0,Other,-1,0,0,Composed: Copy with GPU GDI,2026-8-20 19:22:37.210964000,2.0760,2.0760,0.0000,0.0490,2.4614,1.8425,0.6189,NA,NA,NA,NA,NA,NA,NA
python.exe,1968,0x0,Other,-1,0,0,Composed: Copy with GPU GDI,2026-8-20 19:22:37.213040000,8.0461,8.0461,0.0000,0.4380,7.7500,0.2261,7.5239,NA,NA,NA,NA,NA,NA,NA
python.exe,1968,0x0,Other,-1,0,0,Composed: Copy with GPU GDI,2026-8-20 19:22:37.221086100,4.1562,4.1562,0.0000,0.1461,4.2298,0.3142,3.9156,NA,NA,NA,NA,NA,NA,NA
python.exe,1968,0x0,Other,0,0,1,Hardware: Legacy Flip,2026-8-20 19:22:37.225242300,1.2617,1.2617,0.0000,0.2229,1.0519,0.0475,1.0044,2.7216,16.9247,-0.6158,11988.2477,NA,NA,NA
python.exe,1968,0x0,Other,-1,0,0,Composed: Copy with GPU GDI,2026-8-20 19:22:37.226504000,5.6072,5.6072,0.0000,0.0131,5.7428,1.6196,4.1232,NA,NA,NA,NA,NA,NA,NA
python.exe,1968,0x0,Other,-1,0,0,Composed: Copy with GPU GDI,2026-8-20 19:22:37.232111200,4.1758,4.1758,0.0000,0.1524,4.1730,0.2225,3.9505,NA,NA,NA,NA,NA,NA,NA
python.exe,1968,0x0,Other,0,0,1,Hardware: Legacy Flip,2026-8-20 19:22:37.236287000,7.1638,7.1638,0.0000,0.1531,7.0240,0.0477,6.9763,8.6016,14.4484,-5.8800,11999.2924,NA,NA,NA
python.exe,1968,0x0,Other,-1,0,0,Composed: Copy with GPU GDI,2026-8-20 19:22:37.243450800,0.3208,0.3208,0.0000,0.0133,1.5736,1.5736,0.0000,15.8862,2.2673,-7.2846,12006.4562,NA,NA,NA
python.exe,1968,0x0,Other,-1,0,0,Composed: Copy with GPU GDI,2026-8-20 19:22:37.243771600,5.0493,5.0493,0.0000,1.2687,3.9367,0.2290,3.7077,NA,NA,NA,NA,NA,NA,NA
python.exe,1968,0x0,Other,-1,0,0,Composed: Copy with GPU GDI,2026-8-20 19:22:37.248820900,6.5697,6.5697,0.0000,0.1603,6.5526,0.2201,6.3325,NA,NA,NA,NA,NA,NA,NA
python.exe,1968,0x0,Other,0,0,1,Hardware: Legacy Flip,2026-8-20 19:22:37.255390600,4.4530,4.4530,0.0000,0.1472,4.3285,0.0868,4.2417,6.2137,15.9509,9.6725,12018.3960,NA,NA,NA
python.exe,1968,0x0,Other,-1,0,0,Composed: Copy with GPU GDI,2026-8-20 19:22:37.259843600,2.1535,2.1535,0.0000,0.0227,2.2647,1.9069,0.3578,17.7116,2.2219,-11.4979,12022.8490,NA,NA,NA
python.exe,1968,0x0,Other,-1,0,0,Composed: Copy with GPU GDI,2026-8-20 19:22:37.261997100,5.9972,5.9972,0.0000,0.1390,6.0024,0.2286,5.7738,NA,NA,NA,NA,NA,NA,NA
python.exe,1968,0x0,Other,-1,0,0,Composed: Copy with GPU GDI,2026-8-20 19:22:37.267994300,9.3705,9.3705,0.0000,0.1485,9.4017,0.2635,9.1382,NA,NA,NA,NA,NA,NA,NA
python.exe,1968,0x0,Other,0,0,1,Hardware: Legacy Flip,2026-8-20 19:22:37.277364800,0.7234,0.7234,0.0000,0.1835,0.5804,0.0799,0.5005,2.4123,15.1533,15.2993,12040.3702,NA,NA,NA
python.exe,1968,0x0,Other,-1,0,0,Composed: Copy with GPU GDI,2026-8-20 19:22:37.278088200,2.4242,2.4242,0.0000,0.0405,2.5263,1.8073,0.7190,NA,NA,NA,NA,NA,NA,NA
python.exe,1968,0x0,Other,-1,0,0,Composed: Copy with GPU GDI,2026-8-20 19:22:37.280512400,7.3989,7.3989,0.0000,0.1461,7.3404,0.2229,7.1175,NA,NA,NA,NA,NA,NA,NA
python.exe,1968,0x0,Other,-1,0,0,Composed: Copy with GPU GDI,2026-8-20 19:22:37.287911300,3.7166,3.7166,0.0000,0.0911,3.7822,0.2319,3.5503,NA,NA,NA,NA,NA,NA,NA
python.exe,1968,0x0,Other,0,0,1,Hardware: Legacy Flip,2026-8-20 19:22:37.291627900,1.8328,1.8328,0.0000,0.1602,1.6861,0.0502,1.6359,3.3025,17.2602,-0.8902,12054.6333,NA,NA,NA
python.exe,1968,0x0,Other,-1,0,0,Composed: Copy with GPU GDI,2026-8-20 19:22:37.293460700,6.4522,6.4522,0.0000,0.0135,6.5780,1.6255,4.9525,NA,NA,NA,NA,NA,NA,NA
python.exe,1968,0x0,Other,-1,0,0,Composed: Copy with GPU GDI,2026-8-20 19:22:37.299912900,3.3728,3.3728,0.0000,0.1433,3.3860,0.2359,3.1501,NA,NA,NA,NA,NA,NA,NA
python.exe,1968,0x0,Other,0,0,1,Hardware: Legacy Flip,2026-8-20 19:22:37.303285700,7.4611,7.4611,0.0000,0.1614,7.3146,0.0560,7.2586,8.9049,13.8845,-5.6024,12066.2911,NA,NA,NA
python.exe,1968,0x0,Other,-1,0,0,Composed: Copy with GPU GDI,2026-8-20 19:22:37.310746800,1.0787,1.0787,0.0000,0.0149,1.5704,1.5704,0.0000,15.3283,1.6900,-6.4234,12073.7522,NA,NA,NA
python.exe,1968,0x0,Other,-1,0,0,Composed: Copy with GPU GDI,2026-8-20 19:22:37.311825500,4.0523,4.0523,0.0000,0.5101,3.6899,0.2236,3.4663,NA,NA,NA,NA,NA,NA,NA
python.exe,1968,0x0,Other,-1,0,0,Composed: Copy with GPU GDI,2026-8-20 19:22:37.315877800,6.0132,6.0132,0.0000,0.1508,6.0059,0.2189,5.7870,NA,NA,NA,NA,NA,NA,NA
python.exe,1968,0x0,Other,0,0,1,Hardware: Legacy Flip,2026-8-20 19:22:37.321891000,4.4135,4.4135,0.0000,0.1476,4.2859,0.0792,4.2067,5.8741,16.5016,9.4542,12084.8964,NA,NA,NA
python.exe,1968,0x0,Other,-1,0,0,Composed: Copy with GPU GDI,2026-8-20 19:22:37.326304500,2.1268,2.1268,0.0000,0.0200,2.2373,1.6076,0.6297,17.9622,1.1421,-12.0881,12089.3099,NA,NA,NA
python.exe,1968,0x0,Other,-1,0,0,Composed: Copy with GPU GDI,2026-8-20 19:22:37.328431300,6.0849,6.0849,0.0000,0.1332,6.0921,0.2177,5.8744,NA,NA,NA,NA,NA,NA,NA
python.exe,1968,0x0,Other,-1,0,0,Composed: Copy with GPU GDI,2026-8-20 19:22:37.334516200,8.8800,8.8800,0.0000,0.1441,8.8603,0.2203,8.6400,NA,NA,NA,NA,NA,NA,NA
python.exe,1968,0x0,Other,0,0,1,Hardware: Legacy Flip,2026-8-20 19:22:37.343396200,0.5344,0.5344,0.0000,0.1279,0.4202,0.0555,0.3647,2.0126,15.6294,15.9496,12106.4016,NA,NA,NA
python.exe,1968,0x0,Other,-1,0,0,Composed: Copy with GPU GDI,2026-8-20 19:22:37.343930600,2.2218,2.2218,0.0000,0.0137,2.3463,1.6242,0.7221,NA,NA,NA,NA,NA,NA,NA
python.exe,1968,0x0,Other,-1,0,0,Composed: Copy with GPU GDI,2026-8-20 19:22:37.346152400,8.6274,8.6274,0.0000,0.1416,8.6251,0.2212,8.4039,NA,NA,NA,NA,NA,NA,NA
python.exe,1968,0x0,Other,-1,0,0,Composed: Copy with GPU GDI,2026-8-20 19:22:37.354779800,3.4569,3.4569,0.0000,0.1431,3.4569,0.2199,3.2370,NA,NA,NA,NA,NA,NA,NA
python.exe,1968,0x0,Other,0,0,1,Hardware: Legacy Flip,2026-8-20 19:22:37.358236700,1.3107,1.3107,0.0000,0.1470,1.1769,0.0492,1.1277,2.8015,17.7816,-0.7889,12121.2421,NA,NA,NA
python.exe,1968,0x0,Other,-1,0,0,Composed: Copy with GPU GDI,2026-8-20 19:22:37.359547400,6.1805,6.1805,0.0000,0.0132,6.3158,1.6555,4.6603,NA,NA,NA,NA,NA,NA,NA
python.exe,1968,0x0,Other,-1,0,0,Composed: Copy with GPU GDI,2026-8-20 19:22:37.365727900,4.1308,4.1308,0.0000,0.1532,4.1225,0.2195,3.9030,NA,NA,NA,NA,NA,NA,NA
python.exe,1968,0x0,Other,0,0,1,Hardware: Legacy Flip,2026-8-20 19:22:37.369858700,7.4957,7.4957,0.0000,0.1490,7.3619,0.0557,7.3062,8.9611,13.9860,-6.1596,12132.8641,NA,NA,NA
python.exe,1968,0x0,Other,-1,0,0,Composed: Copy with GPU GDI,2026-8-20 19:22:37.377354400,0.1824,0.1824,0.0000,0.0152,1.6168,1.6168,0.0000,15.4514,2.3439,-6.4903,12140.3598,NA,NA,NA
python.exe,1968,0x0,Other,-1,0,0,Composed: Copy with GPU GDI,2026-8-20 19:22:37.377536800,5.0631,5.0631,0.0000,1.4529,3.7353,0.2158,3.5195,NA,NA,NA,NA,NA,NA,NA
python.exe,1968,0x0,Other,-1,0,0,Composed: Copy with GPU GDI,2026-8-20 19:22:37.382599900,6.5659,6.5659,0.0000,0.1287,6.5562,0.2241,6.3321,NA,NA,NA,NA,NA,NA,NA
python.exe,1968,0x0,Other,0,0,1,Hardware: Legacy Flip,2026-8-20 19:22:37.389165800,4.3685,4.3685,0.0000,0.1221,4.2725,0.0807,4.1918,5.9839,15.8486,9.4675,12152.1712,NA,NA,NA
python.exe,1968,0x0,Other,-1,0,0,Composed: Copy with GPU GDI,2026-8-20 19:22:37.393534300,0.8892,0.8892,0.0000,0.0261,1.9169,1.9169,0.0000,17.4640,1.1822,-11.4801,12156.5397,NA,NA,NA
python.exe,1968,0x0,Other,-1,0,0,Composed: Copy with GPU GDI,2026-8-20 19:22:37.394423500,5.6549,5.6549,0.0000,1.0571,4.7388,0.2193,4.5195,NA,NA,NA,NA,NA,NA,NA
python.exe,1968,0x0,Other,-1,0,0,Composed: Copy with GPU GDI,2026-8-20 19:22:37.400078400,10.0331,10.0331,0.0000,0.1449,9.9651,0.2186,9.7465,NA,NA,NA,NA,NA,NA,NA
python.exe,1968,0x0,Other,0,0,1,Hardware: Legacy Flip,2026-8-20 19:22:37.410111500,0.5794,0.5794,0.0000,0.0811,0.5125,0.0529,0.4596,2.0690,16.1932,15.3950,12173.1169,NA,NA,NA
python.exe,1968,0x0,Other,-1,0,0,Composed: Copy with GPU GDI,2026-8-20 19:22:37.410690900,2.4362,2.4362,0.0000,0.0142,2.5589,1.6877,0.8712,NA,NA,NA,NA,NA,NA,NA
python.exe,1968,0x0,Other,-1,0,0,Composed: Copy with GPU GDI,2026-8-20 19:22:37.413127100,7.8916,7.8916,0.0000,0.1397,7.8945,0.2214,7.6731,NA,NA,NA,NA,NA,NA,NA
python.exe,1968,0x0,Other,-1,0,0,Composed: Copy with GPU GDI,2026-8-20 19:22:37.421018700,5.3753,5.3753,0.0000,0.1462,5.3680,0.2296,5.1384,NA,NA,NA,NA,NA,NA,NA
python.exe,1968,0x0,Other,0,0,1,Hardware: Legacy Flip,2026-8-20 19:22:37.426394000,0.5135,0.5135,0.0000,0.1436,0.3837,0.0581,0.3256,1.9797,16.8168,0.0893,12189.3994,NA,NA,NA
python.exe,1968,0x0,Other,-1,0,0,Composed: Copy with GPU GDI,2026-8-20 19:22:37.426907500,5.3391,5.3391,0.0000,0.0138,5.4737,1.6176,3.8561,NA,NA,NA,NA,NA,NA,NA
python.exe,1968,0x0,Other,-1,0,0,Composed: Copy with GPU GDI,2026-8-20 19:22:37.432246600,3.9583,3.9583,0.0000,0.1520,4.0140,0.2793,3.7347,NA,NA,NA,NA,NA,NA,NA
python.exe,1968,0x0,Other,0,0,1,Hardware: Legacy Flip,2026-8-20 19:22:37.436204900,7.5195,7.5195,0.0000,0.2111,7.3219,0.0503,7.2716,8.9856,14.3453,-7.0059,12199.2103,NA,NA,NA
python.exe,1968,0x0,Other,-1,0,0,Composed: Copy with GPU GDI,2026-8-20 19:22:37.443724400,0.2149,0.2149,0.0000,0.0135,1.6014,1.6014,0.0000,15.8114,2.5486,-6.8258,12206.7298,NA,NA,NA
python.exe,1968,0x0,Other,-1,0,0,Composed: Copy with GPU GDI,2026-8-20 19:22:37.443939300,4.6397,4.6397,0.0000,1.4029,3.3853,0.2238,3.1615,NA,NA,NA,NA,NA,NA,NA
python.exe,1968,0x0,Other,-1,0,0,Composed: Copy with GPU GDI,2026-8-20 19:22:37.448579000,7.0188,7.0188,0.0000,0.1516,7.0078,0.2193,6.7885,NA,NA,NA,NA,NA,NA,NA
python.exe,1968,0x0,Other,0,0,1,Hardware: Legacy Flip,2026-8-20 19:22:37.455597800,5.0123,5.0123,0.0000,0.1446,4.8839,0.0583,4.8256,6.4866,15.6393,9.3248,12218.6032,NA,NA,NA
python.exe,1968,0x0,Other,-1,0,0,Composed: Copy with GPU GDI,2026-8-20 19:22:37.460610100,0.4414,0.4414,0.0000,0.0162,1.6055,1.6055,0.0000,17.1136,0.4707,-10.6270,12223.6155,NA,NA,NA
python.exe,1968,0x0,Other,-1,0,0,Composed: Copy with GPU GDI,2026-8-20 19:22:37.461051500,6.4986,6.4986,0.0000,1.1830,5.4620,0.2184,5.2436,NA,NA,NA,NA,NA,NA,NA
python.exe,1968,0x0,Other,-1,0,0,Composed: Copy with GPU GDI,2026-8-20 19:22:37.467550100,5.5751,5.5751,0.0000,0.1503,5.5734,0.2187,5.3547,NA,NA,NA,NA,NA,NA,NA
python.exe,1968,0x0,Other,0,0,1,Hardware: Legacy Flip,2026-8-20 19:22:37.473125200,3.5808,3.5808,0.0000,0.1526,3.4400,0.0446,3.3954,5.0692,17.7355,12.0444,12236.1306,NA,NA,NA
python.exe,1968,0x0,Other,-1,0,0,Composed: Copy with GPU GDI,2026-8-20 19:22:37.476706000,2.9352,2.9352,0.0000,0.0118,3.0728,1.6467,1.4261,19.2239,5.3485,-14.1547,12239.7114,NA,NA,NA
python.exe,1968,0x0,Other,-1,0,0,Composed: Copy with GPU GDI,2026-8-20 19:22:37.479641200,17.7156,17.7156,0.0000,0.1531,17.6846,0.2184,17.4662,NA,NA,NA,NA,NA,NA,NA
python.exe,1968,0x0,Other,0,0,1,Hardware: Legacy Flip,2026-8-20 19:22:37.497356800,2.4399,2.4399,0.0000,0.1251,2.3622,0.0876,2.2746,3.9216,11.2046,15.3023,12260.3622,NA,NA,NA
python.exe,1968,0x0,Other,-1,0,0,Composed: Copy with GPU GDI,2026-8-20 19:22:37.499796700,4.0750,4.0750,0.0000,0.0474,4.1686,1.5965,2.5721,NA,NA,NA,NA,NA,NA,NA
python.exe,1968,0x0,Other,0,0,1,Hardware: Legacy Flip,2026-8-20 19:22:37.503871700,7.0777,7.0777,0.0000,0.1443,6.9474,0.0541,6.8933,8.6113,13.7848,-4.6897,12266.8771,NA,NA,NA
python.exe,1968,0x0,Other,-1,0,0,Composed: Copy with GPU GDI,2026-8-20 19:22:37.510949400,0.9491,0.9491,0.0000,0.0140,1.6645,1.6645,0.0000,15.3184,1.7780,-6.7071,12273.9548,NA,NA,NA
python.exe,1968,0x0,Other,-1,0,0,Composed: Copy with GPU GDI,2026-8-20 19:22:37.511898500,3.5335,3.5335,0.0000,0.7321,3.0391,0.3085,2.7306,NA,NA,NA,NA,NA,NA,NA
python.exe,1968,0x0,Other,-1,0,0,Composed: Copy with GPU GDI,2026-8-20 19:22:37.515432000,6.6302,6.6302,0.0000,0.2394,6.5346,0.2155,6.3191,NA,NA,NA,NA,NA,NA,NA
python.exe,1968,0x0,Other,0,0,1,Hardware: Legacy Flip,2026-8-20 19:22:37.522062200,4.4424,4.4424,0.0000,0.1477,4.3107,0.0564,4.2543,5.9836,16.4070,9.3348,12285.0676,NA,NA,NA
python.exe,1968,0x0,Other,-1,0,0,Composed: Copy with GPU GDI,2026-8-20 19:22:37.526504600,0.5954,0.5954,0.0000,0.0160,1.9942,1.9942,0.0000,17.9482,0.7517,-11.9646,12289.5100,NA,NA,NA
python.exe,1968,0x0,Other,-1,0,0,Composed: Copy with GPU GDI,2026-8-20 19:22:37.527100000,8.9054,8.9054,0.0000,1.4165,7.6120,0.2346,7.3774,NA,NA,NA,NA,NA,NA,NA
python.exe,1968,0x0,Other,-1,0,0,Composed: Copy with GPU GDI,2026-8-20 19:22:37.536005400,3.9147,3.9147,0.0000,0.1271,3.9404,0.2189,3.7215,NA,NA,NA,NA,NA,NA,NA
python.exe,1968,0x0,Other,0,0,1,Hardware: Legacy Flip,2026-8-20 19:22:37.539920100,3.7318,3.7318,0.0000,0.1568,3.5880,0.0502,3.5378,5.2844,16.6616,12.6638,12302.9255,NA,NA,NA
python.exe,1968,0x0,Other,-1,0,0,Composed: Copy with GPU GDI,2026-8-20 19:22:37.543651900,2.2951,2.2951,0.0000,0.0130,2.6235,1.8972,0.7263,NA,NA,NA,NA,NA,NA,NA
python.exe,1968,0x0,Other,-1,0,0,Composed: Copy with GPU GDI,2026-8-20 19:22:37.545947000,8.5791,8.5791,0.0000,0.3444,8.3817,0.2226,8.1591,NA,NA,NA,NA,NA,NA,NA
python.exe,1968,0x0,Other,-1,0,0,Composed: Copy with GPU GDI,2026-8-20 19:22:37.554526100,4.0406,4.0406,0.0000,0.1508,4.0375,0.2263,3.8112,NA,NA,NA,NA,NA,NA,NA
python.exe,1968,0x0,Other,0,0,1,Hardware: Legacy Flip,2026-8-20 19:22:37.558566700,1.7434,1.7434,0.0000,0.1513,1.6054,0.0497,1.5557,3.2994,16.9478,1.9850,12321.5721,NA,NA,NA
python.exe,1968,0x0,Other,-1,0,0,Composed: Copy with GPU GDI,2026-8-20 19:22:37.560310100,5.3985,5.3985,0.0000,0.0133,5.5240,1.7106,3.8134,NA,NA,NA,NA,NA,NA,NA
python.exe,1968,0x0,Other,-1,0,0,Composed: Copy with GPU GDI,2026-8-20 19:22:37.565708600,4.0130,4.0130,0.0000,0.1419,4.0206,0.2366,3.7840,NA,NA,NA,NA,NA,NA,NA
python.exe,1968,0x0,Other,0,0,1,Hardware: Legacy Flip,2026-8-20 19:22:37.569721600,7.5204,7.5204,0.0000,0.1520,7.3820,0.0512,7.3308,9.0923,14.1929,-5.7929,12332.7270,NA,NA,NA
python.exe,1968,0x0,Other,-1,0,0,Composed: Copy with GPU GDI,2026-8-20 19:22:37.577242000,0.1261,0.1261,0.0000,0.0136,1.7002,1.7002,0.0000,15.7648,1.7491,-6.6725,12340.2474,NA,NA,NA
python.exe,1968,0x0,Other,-1,0,0,Composed: Copy with GPU GDI,2026-8-20 19:22:37.577368100,4.8781,4.8781,0.0000,1.5912,3.5344,0.3143,3.2201,NA,NA,NA,NA,NA,NA,NA
python.exe,1968,0x0,Other,-1,0,0,Composed: Copy with GPU GDI,2026-8-20 19:22:37.582246200,6.0211,6.0211,0.0000,0.2502,5.9203,0.2168,5.7035,NA,NA,NA,NA,NA,NA,NA
python.exe,1968,0x0,Other,0,0,1,Hardware: Legacy Flip,2026-8-20 19:22:37.588267300,4.9272,4.9272,0.0000,0.1534,4.7894,0.0665,4.7229,6.4886,16.4306,9.2762,12351.2727,NA,NA,NA
python.exe,1968,0x0,Other,-1,0,0,Composed: Copy with GPU GDI,2026-8-20 19:22:37.593194500,0.6729,0.6729,0.0000,0.0156,2.0150,2.0150,0.0000,17.9920,0.5870,-11.5034,12356.1999,NA,NA,NA
python.exe,1968,0x0,Other,-1,0,0,Composed: Copy with GPU GDI,2026-8-20 19:22:37.593867400,6.0009,6.0009,0.0000,1.3593,4.8053,0.2398,4.5655,NA,NA,NA,NA,NA,NA,NA
python.exe,1968,0x0,Other,-1,0,0,Composed: Copy with GPU GDI,2026-8-20 19:22:37.599868300,6.0961,6.0961,0.0000,0.1675,6.0825,0.2333,5.8492,NA,NA,NA,NA,NA,NA,NA
python.exe,1968,0x0,Other,0,0,1,Hardware: Legacy Flip,2026-8-20 19:22:37.605964400,4.2647,4.2647,0.0000,0.1564,4.1201,0.0444,4.0757,5.8091,16.0811,12.1829,12368.9698,NA,NA,NA
python.exe,1968,0x0,Other,-1,0,0,Composed: Copy with GPU GDI,2026-8-20 19:22:37.610229100,3.1463,3.1463,0.0000,0.0118,3.2856,1.7036,1.5820,NA,NA,NA,NA,NA,NA,NA
python.exe,1968,0x0,Other,-1,0,0,Composed: Copy with GPU GDI,2026-8-20 19:22:37.613375400,7.7696,7.7696,0.0000,0.1548,7.7670,0.2170,7.5500,NA,NA,NA,NA,NA,NA,NA
python.exe,1968,0x0,Other,-1,0,0,Composed: Copy with GPU GDI,2026-8-20 19:22:37.621145000,4.4786,4.4786,0.0000,0.1564,4.4563,0.2161,4.2402,NA,NA,NA,NA,NA,NA,NA
python.exe,1968,0x0,Other,0,0,1,Hardware: Legacy Flip,2026-8-20 19:22:37.625623600,0.6929,0.6929,0.0000,0.1378,0.5665,0.0439,0.5226,2.2310,17.8064,3.5781,12388.6290,NA,NA,NA
python.exe,1968,0x0,Other,-1,0,0,Composed: Copy with GPU GDI,2026-8-20 19:22:37.626316500,6.2058,6.2058,0.0000,0.0114,6.3383,1.6970,4.6413,NA,NA,NA,NA,NA,NA,NA
python.exe,1968,0x0,Other,-1,0,0,Composed: Copy with GPU GDI,2026-8-20 19:22:37.632522300,4.0973,4.0973,0.0000,0.1484,4.0965,0.2285,3.8680,NA,NA,NA,NA,NA,NA,NA
python.exe,1968,0x0,Other,0,0,1,Hardware: Legacy Flip,2026-8-20 19:22:37.636619600,7.5545,7.5545,0.0000,0.1525,7.4203,0.1186,7.3017,9.0414,14.0698,-6.8104,12399.6250,NA,NA,NA
python.exe,1968,0x0,Other,-1,0,0,Composed: Copy with GPU GDI,2026-8-20 19:22:37.644174100,0.4606,0.4606,0.0000,0.0183,1.6143,1.6143,0.0000,15.5567,1.3103,-6.5153,12407.1795,NA,NA,NA
python.exe,1968,0x0,Other,-1,0,0,Composed: Copy with GPU GDI,2026-8-20 19:22:37.644634700,4.4864,4.4864,0.0000,1.1750,3.4632,0.2145,3.2487,NA,NA,NA,NA,NA,NA,NA
python.exe,1968,0x0,Other,-1,0,0,Composed: Copy with GPU GDI,2026-8-20 19:22:37.649121100,5.5520,5.5520,0.0000,0.1555,5.5502,0.2151,5.3351,NA,NA,NA,NA,NA,NA,NA
python.exe,1968,0x0,Other,0,0,1,Hardware: Legacy Flip,2026-8-20 19:22:37.654673100,4.8354,4.8354,0.0000,0.1575,4.6910,0.0487,4.6423,6.3680,16.8775,9.1887,12417.6785,NA,NA,NA
python.exe,1968,0x0,Other,-1,0,0,Composed: Copy with GPU GDI,2026-8-20 19:22:37.659508500,2.1922,2.1922,0.0000,0.0131,2.3167,1.6877,0.6290,18.4101,0.4483,-12.0421,12422.5139,NA,NA,NA
python.exe,1968,0x0,Other,-1,0,0,Composed: Copy with GPU GDI,2026-8-20 19:22:37.661700700,5.5269,5.5269,0.0000,0.1411,5.5370,0.2164,5.3206,NA,NA,NA,NA,NA,NA,NA
python.exe,1968,0x0,Other,-1,0,0,Composed: Copy with GPU GDI,2026-8-20 19:22:37.667227600,9.1615,9.1615,0.0000,0.1548,9.1483,0.2245,8.9238,NA,NA,NA,NA,NA,NA,NA
python.exe,1968,0x0,Other,0,0,1,Hardware: Legacy Flip,2026-8-20 19:22:37.676389100,0.4504,0.4504,0.0000,0.1453,0.3170,0.0467,0.2703,1.9778,16.7886,16.4323,12439.3945,NA,NA,NA
python.exe,1968,0x0,Other,-1,0,0,Composed: Copy with GPU GDI,2026-8-20 19:22:37.676839500,2.1044,2.1044,0.0000,0.0119,2.2395,1.6841,0.5554,NA,NA,NA,NA,NA,NA,NA
python.exe,1968,0x0,Other,-1,0,0,Composed: Copy with GPU GDI,2026-8-20 19:22:37.678943900,8.6341,8.6341,0.0000,0.1493,8.6447,0.2298,8.4149,NA,NA,NA,NA,NA,NA,NA
python.exe,1968,0x0,Other,-1,0,0,Composed: Copy with GPU GDI,2026-8-20 19:22:37.687578000,4.3963,4.3963,0.0000,0.1640,4.3716,0.2171,4.1545,NA,NA,NA,NA,NA,NA,NA
python.exe,1968,0x0,Other,0,0,1,Hardware: Legacy Flip,2026-8-20 19:22:37.691974300,1.6540,1.6540,0.0000,0.1434,1.5217,0.0422,1.4795,3.1812,17.1168,-1.2034,12454.9797,NA,NA,NA
python.exe,1968,0x0,Other,-1,0,0,Composed: Copy with GPU GDI,2026-8-20 19:22:37.693628300,4.9806,4.9806,0.0000,0.0111,5.1216,1.6872,3.4344,NA,NA,NA,NA,NA,NA,NA
python.exe,1968,0x0,Other,-1,0,0,Composed: Copy with GPU GDI,2026-8-20 19:22:37.698608900,4.9169,4.9169,0.0000,0.1560,4.9009,0.2236,4.6773,NA,NA,NA,NA,NA,NA,NA
python.exe,1968,0x0,Other,-1,0,0,Composed: Copy with GPU GDI,2026-8-20 19:22:37.703525800,7.0998,7.0998,0.0000,7.1870,0.0609,0.0609,0.0000,NA,NA,NA,NA,NA,NA,NA
python.exe,1968,0x0,Other,0,0,1,Hardware: Legacy Flip,2026-8-20 19:22:37.710625600,0.0743,0.0743,0.0000,0.0000,7.0443,0.1632,6.8811,1.6467,15.3678,1.5345,12473.6310,NA,NA,NA
python.exe,1968,0x0,Other,-1,0,0,Composed: Copy with GPU GDI,2026-8-20 19:22:37.710699900,5.3270,5.3270,0.0000,0.0738,5.4036,1.6700,3.7336,NA,NA,NA,NA,NA,NA,NA
python.exe,1968,0x0,Other,-1,0,0,Composed: Copy with GPU GDI,2026-8-20 19:22:37.716026900,5.5951,5.5951,0.0000,0.1539,5.5980,0.2261,5.3719,NA,NA,NA,NA,NA,NA,NA
python.exe,1968,0x0,Other,0,0,1,Hardware: Legacy Flip,2026-8-20 19:22:37.721622000,4.4811,4.4811,0.0000,0.1615,4.3345,0.0588,4.2757,6.0181,17.0122,-4.3714,12484.6274,NA,NA,NA
python.exe,1968,0x0,Other,-1,0,0,Composed: Copy with GPU GDI,2026-8-20 19:22:37.726103100,2.0504,2.0504,0.0000,0.0149,2.2615,1.7275,0.5340,18.5492,0.6527,-12.5311,12489.1085,NA,NA,NA
python.exe,1968,0x0,Other,-1,0,0,Composed: Copy with GPU GDI,2026-8-20 19:22:37.728153500,5.1702,5.1702,0.0000,0.2279,5.0709,0.2579,4.8130,NA,NA,NA,NA,NA,NA,NA
python.exe,1968,0x0,Other,-1,0,0,Composed: Copy with GPU GDI,2026-8-20 19:22:37.733323700,6.5072,6.5072,0.0000,0.1324,6.4943,0.2199,6.2744,NA,NA,NA,NA,NA,NA,NA
python.exe,1968,0x0,Other,0,0,1,Hardware: Legacy Flip,2026-8-20 19:22:37.739830900,3.9664,3.9664,0.0000,0.1233,3.8832,0.0778,3.8054,5.4741,16.2814,13.0751,12502.8363,NA,NA,NA
python.exe,1968,0x0,Other,-1,0,0,Composed: Copy with GPU GDI,2026-8-20 19:22:37.743797300,2.4496,2.4496,0.0000,0.0401,2.5531,1.6443,0.9088,NA,NA,NA,NA,NA,NA,NA
python.exe,1968,0x0,Other,-1,0,0,Composed: Copy with GPU GDI,2026-8-20 19:22:37.746246900,8.0511,8.0511,0.0000,0.1500,8.0451,0.2241,7.8210,NA,NA,NA,NA,NA,NA,NA
python.exe,1968,0x0,Other,-1,0,0,Composed: Copy with GPU GDI,2026-8-20 19:22:37.754298000,3.0962,3.0962,0.0000,0.1482,3.3180,0.4518,2.8662,NA,NA,NA,NA,NA,NA,NA
python.exe,1968,0x0,Other,0,0,1,Hardware: Legacy Flip,2026-8-20 19:22:37.757394200,2.7074,2.7074,0.0000,0.3735,2.3477,0.0553,2.2924,4.1922,17.3183,1.2819,12520.3996,NA,NA,NA
python.exe,1968,0x0,Other,-1,0,0,Composed: Copy with GPU GDI,2026-8-20 19:22:37.760101600,6.4271,6.4271,0.0000,0.0138,6.5635,1.6418,4.9217,NA,NA,NA,NA,NA,NA,NA
python.exe,1968,0x0,Other,-1,0,0,Composed: Copy with GPU GDI,2026-8-20 19:22:37.766528700,3.5809,3.5809,0.0000,0.1534,3.5664,0.2151,3.3513,NA,NA,NA,NA,NA,NA,NA
python.exe,1968,0x0,Other,0,0,1,Hardware: Legacy Flip,2026-8-20 19:22:37.770109600,7.3151,7.3151,0.0000,0.1433,7.1874,0.0529,7.1345,8.7951,14.2859,-4.6029,12533.1150,NA,NA,NA
python.exe,1968,0x0,Other,-1,0,0,Composed: Copy with GPU GDI,2026-8-20 19:22:37.777424700,0.1510,0.1510,0.0000,0.0156,1.6062,1.6062,0.0000,15.7659,1.2494,-6.9708,12540.4301,NA,NA,NA
python.exe,1968,0x0,Other,-1,0,0,Composed: Copy with GPU GDI,2026-8-20 19:22:37.777575700,4.5206,4.5206,0.0000,1.4744,3.1882,0.2143,2.9739,NA,NA,NA,NA,NA,NA,NA
python.exe,1968,0x0,Other,-1,0,0,Composed: Copy with GPU GDI,2026-8-20 19:22:37.782096300,7.0206,7.0206,0.0000,0.1452,7.0461,0.2474,6.7987,NA,NA,NA,NA,NA,NA,NA
python.exe,1968,0x0,Other,0,0,1,Hardware: Legacy Flip,2026-8-20 19:22:37.789116900,3.8458,3.8458,0.0000,0.1727,3.6855,0.0442,3.6413,5.3231,16.9576,10.4428,12552.1223,NA,NA,NA
python.exe,1968,0x0,Other,-1,0,0,Composed: Copy with GPU GDI,2026-8-20 19:22:37.792962700,1.6802,1.6802,0.0000,0.0124,1.9393,1.7670,0.1723,18.4349,0.8195,-13.1118,12555.9681,NA,NA,NA
python.exe,1968,0x0,Other,-1,0,0,Composed: Copy with GPU GDI,2026-8-20 19:22:37.794642900,5.9665,5.9665,0.0000,0.2732,5.8325,0.2101,5.6224,NA,NA,NA,NA,NA,NA,NA
python.exe,1968,0x0,Other,-1,0,0,Composed: Copy with GPU GDI,2026-8-20 19:22:37.800609400,9.5802,9.5802,0.0000,0.1421,9.5742,0.2204,9.3538,NA,NA,NA,NA,NA,NA,NA
python.exe,1968,0x0,Other,0,0,1,Hardware: Legacy Flip,2026-8-20 19:22:37.810189600,0.5272,0.5272,0.0000,0.1407,0.3991,0.0464,0.3527,2.0275,15.7016,16.4074,12573.1950,NA,NA,NA
python.exe,1968,0x0,Other,-1,0,0,Composed: Copy with GPU GDI,2026-8-20 19:22:37.810716800,2.0370,2.0370,0.0000,0.0126,2.3824,1.8681,0.5143,NA,NA,NA,NA,NA,NA,NA
python.exe,1968,0x0,Other,-1,0,0,Composed: Copy with GPU GDI,2026-8-20 19:22:37.812753800,8.5622,8.5622,0.0000,0.3609,8.3462,0.2208,8.1254,NA,NA,NA,NA,NA,NA,NA
python.exe,1968,0x0,Other,-1,0,0,Composed: Copy with GPU GDI,2026-8-20 19:22:37.821316000,4.6283,4.6283,0.0000,0.1509,4.6300,0.2289,4.4011,NA,NA,NA,NA,NA,NA,NA
python.exe,1968,0x0,Other,0,0,1,Hardware: Legacy Flip,2026-8-20 19:22:37.825944300,0.4707,0.4707,0.0000,0.1571,0.3270,0.0494,0.2776,1.9744,17.5059,0.0531,12588.9497,NA,NA,NA
python.exe,1968,0x0,Other,-1,0,0,Composed: Copy with GPU GDI,2026-8-20 19:22:37.826415000,6.0766,6.0766,0.0000,0.0134,6.2183,1.6589,4.5594,NA,NA,NA,NA,NA,NA,NA
python.exe,1968,0x0,Other,-1,0,0,Composed: Copy with GPU GDI,2026-8-20 19:22:37.832491600,4.5622,4.5622,0.0000,0.1587,4.5487,0.2162,4.3325,NA,NA,NA,NA,NA,NA,NA
python.exe,1968,0x0,Other,0,0,1,Hardware: Legacy Flip,2026-8-20 19:22:37.837053800,6.8803,6.8803,0.0000,0.1484,6.7453,0.0501,6.6952,8.3708,14.4996,-6.3964,12600.0592,NA,NA,NA
python.exe,1968,0x0,Other,-1,0,0,Composed: Copy with GPU GDI,2026-8-20 19:22:37.843934100,0.5754,0.5754,0.0000,0.0134,1.6478,1.6478,0.0000,15.9901,1.1791,-7.6193,12606.9395,NA,NA,NA
python.exe,1968,0x0,Other,-1,0,0,Composed: Copy with GPU GDI,2026-8-20 19:22:37.844509500,4.5563,4.5563,0.0000,1.0887,3.6234,0.2265,3.3969,NA,NA,NA,NA,NA,NA,NA
python.exe,1968,0x0,Other,-1,0,0,Composed: Copy with GPU GDI,2026-8-20 19:22:37.849065800,6.0026,6.0026,0.0000,0.1597,5.9917,0.2198,5.7719,NA,NA,NA,NA,NA,NA,NA
python.exe,1968,0x0,Other,0,0,1,Hardware: Legacy Flip,2026-8-20 19:22:37.855068400,4.5158,4.5158,0.0000,0.1532,4.3775,0.0566,4.3209,6.0349,17.0567,9.9552,12618.0738,NA,NA,NA
python.exe,1968,0x0,Other,-1,0,0,Composed: Copy with GPU GDI,2026-8-20 19:22:37.859584200,1.4937,1.4937,0.0000,0.0149,1.9291,1.9291,0.0000,NA,NA,NA,NA,NA,NA,NA
python.exe,1968,0x0,Other,-1,0,0,Composed: Copy with GPU GDI,2026-8-20 19:22:37.861077900,6.1923,6.1923,0.0000,0.4521,5.8890,0.2197,5.6693,NA,NA,NA,NA,NA,NA,NA
python.exe,1968,0x0,Other,-1,0,0,Composed: Copy with GPU GDI,2026-8-20 19:22:37.867270200,5.8933,5.8933,0.0000,0.1527,5.8985,0.2256,5.6729,NA,NA,NA,NA,NA,NA,NA
python.exe,1968,0x0,Other,0,0,1,Hardware: Legacy Flip,2026-8-20 19:22:37.873163500,3.4720,3.4720,0.0000,0.1616,3.3217,0.0437,3.2780,4.9965,17.1649,1.0384,12636.1689,NA,NA,NA
python.exe,1968,0x0,Other,-1,0,0,Composed: Copy with GPU GDI,2026-8-20 19:22:37.876635500,3.1606,3.1606,0.0000,0.0113,3.3102,1.6931,1.6171,NA,NA,NA,NA,NA,NA,NA
python.exe,1968,0x0,Other,-1,0,0,Composed: Copy with GPU GDI,2026-8-20 19:22:37.879796100,7.7286,7.7286,0.0000,0.1640,7.7654,0.2684,7.4970,NA,NA,NA,NA,NA,NA,NA
python.exe,1968,0x0,Other,-1,0,0,Composed: Copy with GPU GDI,2026-8-20 19:22:37.887524700,3.3720,3.3720,0.0000,0.2036,3.5750,0.4812,3.0938,NA,NA,NA,NA,NA,NA,NA
python.exe,1968,0x0,Other,0,0,1,Hardware: Legacy Flip,2026-8-20 19:22:37.890896700,2.2254,2.2254,0.0000,0.4097,1.8277,0.0474,1.7803,4.4282,17.3114,0.5683,12653.9021,NA,NA,NA
python.exe,1968,0x0,Other,-1,0,0,Composed: Copy with GPU GDI,2026-8-20 19:22:37.893122100,6.1957,6.1957,0.0000,0.0120,6.3897,2.4036,3.9861,NA,NA,NA,NA,NA,NA,NA
python.exe,1968,0x0,Other,-1,0,0,Composed: Copy with GPU GDI,2026-8-20 19:22:37.899317800,4.1252,4.1252,0.0000,0.2088,4.1169,0.2737,3.8432,NA,NA,NA,NA,NA,NA,NA
python.exe,1968,0x0,Other,0,0,1,Hardware: Legacy Flip,2026-8-20 19:22:37.903443000,7.0071,7.0071,0.0000,0.2033,6.8164,0.0475,6.7689,9.1933,14.0334,-4.7651,12666.4484,NA,NA,NA
python.exe,1968,0x0,Other,-1,0,0,Composed: Copy with GPU GDI,2026-8-20 19:22:37.910450100,0.1492,0.1492,0.0000,0.0126,2.3818,2.3818,0.0000,16.2196,2.0888,-7.0263,12673.4555,NA,NA,NA
python.exe,1968,0x0,Other,-1,0,0,Composed: Copy with GPU GDI,2026-8-20 19:22:37.910599300,5.4497,5.4497,0.0000,2.2484,3.4035,0.2787,3.1248,NA,NA,NA,NA,NA,NA,NA
python.exe,1968,0x0,Other,-1,0,0,Composed: Copy with GPU GDI,2026-8-20 19:22:37.916049000,5.6106,5.6106,0.0000,0.2050,5.5858,0.2594,5.3264,NA,NA,NA,NA,NA,NA,NA
python.exe,1968,0x0,Other,0,0,1,Hardware: Legacy Flip,2026-8-20 19:22:37.921659600,4.8974,4.8974,0.0000,0.1832,4.7281,0.0568,4.6713,7.0989,16.1013,9.1207,12684.6650,NA,NA,NA
python.exe,1968,0x0,Other,-1,0,0,Composed: Copy with GPU GDI,2026-8-20 19:22:37.926557000,1.0036,1.0036,0.0000,0.0139,2.7794,2.7794,0.0000,18.3028,0.9048,-11.2039,12689.5624,NA,NA,NA
python.exe,1968,0x0,Other,-1,0,0,Composed: Copy with GPU GDI,2026-8-20 19:22:37.927560600,6.5738,6.5738,0.0000,1.7919,4.9743,0.2635,4.7108,NA,NA,NA,NA,NA,NA,NA
python.exe,1968,0x0,Other,-1,0,0,Composed: Copy with GPU GDI,2026-8-20 19:22:37.934134400,5.6094,5.6094,0.0000,0.1952,5.7178,0.3866,5.3312,NA,NA,NA,NA,NA,NA,NA
python.exe,1968,0x0,Other,0,0,1,Hardware: Legacy Flip,2026-8-20 19:22:37.939743800,3.7949,3.7949,0.0000,0.3075,3.5005,0.0507,3.4498,6.0208,16.9668,12.2820,12702.7492,NA,NA,NA
python.exe,1968,0x0,Other,-1,0,0,Composed: Copy with GPU GDI,2026-8-20 19:22:37.943538700,2.6281,2.6281,0.0000,0.0131,2.9361,2.5531,0.3830,NA,NA,NA,NA,NA,NA,NA
python.exe,1968,0x0,Other,-1,0,0,Composed: Copy with GPU GDI,2026-8-20 19:22:37.946166800,8.3781,8.3781,0.0000,0.3231,8.2507,0.2722,7.9785,NA,NA,NA,NA,NA,NA,NA
python.exe,1968,0x0,Other,-1,0,0,Composed: Copy with GPU GDI,2026-8-20 19:22:37.954544900,4.3104,4.3104,0.0000,0.1986,4.2456,0.2728,3.9728,NA,NA,NA,NA,NA,NA,NA
python.exe,1968,0x0,Other,0,0,1,Hardware: Legacy Flip,2026-8-20 19:22:37.958855300,1.6412,1.6412,0.0000,0.1365,1.5174,0.0451,1.4723,3.8761,17.3199,2.1447,12721.8607,NA,NA,NA
python.exe,1968,0x0,Other,-1,0,0,Composed: Copy with GPU GDI,2026-8-20 19:22:37.960496500,5.2694,5.2694,0.0000,0.0127,5.4598,2.4306,3.0292,NA,NA,NA,NA,NA,NA,NA
python.exe,1968,0x0,Other,-1,0,0,Composed: Copy with GPU GDI,2026-8-20 19:22:37.965765900,4.1062,4.1062,0.0000,0.2071,4.2647,0.4526,3.8121,NA,NA,NA,NA,NA,NA,NA
python.exe,1968,0x0,Other,-1,0,0,Composed: Copy with GPU GDI,2026-8-20 19:22:37.969872100,7.3220,7.3220,0.0000,0.3675,7.1594,0.2748,6.8846,NA,NA,NA,NA,NA,NA,NA
python.exe,1968,0x0,Other,0,0,1,Hardware: Legacy Flip,2026-8-20 19:22:37.977194100,0.4330,0.4330,0.0000,0.2091,0.2371,0.0488,0.1883,2.8572,14.8774,1.0189,12740.1995,NA,NA,NA
python.exe,1968,0x0,Other,-1,0,0,Composed: Copy with GPU GDI,2026-8-20 19:22:37.977627100,4.7615,4.7615,0.0000,0.0132,4.9731,2.6507,2.3224,NA,NA,NA,NA,NA,NA,NA
python.exe,1968,0x0,Other,-1,0,0,Composed: Copy with GPU GDI,2026-8-20 19:22:37.982388600,6.5130,6.5130,0.0000,0.2275,6.4874,0.2672,6.2202,NA,NA,NA,NA,NA,NA,NA
python.exe,1968,0x0,Other,0,0,1,Hardware: Legacy Flip,2026-8-20 19:22:37.988901600,3.8646,3.8646,0.0000,0.2059,3.6730,0.0521,3.6209,6.0271,16.6638,-3.1699,12751.9070,NA,NA,NA
python.exe,1968,0x0,Other,-1,0,0,Composed: Copy with GPU GDI,2026-8-20 19:22:37.992766200,1.6624,1.6624,0.0000,0.0143,2.7494,2.7494,0.0000,18.8263,1.2814,-12.7992,12755.7716,NA,NA,NA
python.exe,1968,0x0,Other,-1,0,0,Composed: Copy with GPU GDI,2026-8-20 19:22:37.994428600,6.0158,6.0158,0.0000,1.1033,5.1024,0.2650,4.8374,NA,NA,NA,NA,NA,NA,NA
python.exe,1968,0x0,Other,-1,0,0,Composed: Copy with GPU GDI,2026-8-20 19:22:38.000444400,9.7023,9.7023,0.0000,0.1928,9.7144,0.2877,9.4267,NA,NA,NA,NA,NA,NA,NA
python.exe,1968,0x0,Other,0,0,1,Hardware: Legacy Flip,2026-8-20 19:22:38.010146700,0.5504,0.5504,0.0000,0.2102,0.3539,0.0574,0.2965,2.7272,15.6514,16.0991,12773.1521,NA,NA,NA
python.exe,1968,0x0,Other,-1,0,0,Composed: Copy with GPU GDI,2026-8-20 19:22:38.010697100,2.5717,2.5717,0.0000,0.0137,2.7444,2.4145,0.3299,NA,NA,NA,NA,NA,NA,NA
python.exe,1968,0x0,Other,-1,0,0,Composed: Copy with GPU GDI,2026-8-20 19:22:38.013268800,8.3293,8.3293,0.0000,0.1882,8.3337,0.2686,8.0651,NA,NA,NA,NA,NA,NA,NA
python.exe,1968,0x0,Other,-1,0,0,Composed: Copy with GPU GDI,2026-8-20 19:22:38.021598100,3.1396,3.1396,0.0000,0.1955,3.2231,0.3703,2.8528,NA,NA,NA,NA,NA,NA,NA
python.exe,1968,0x0,Other,0,0,1,Hardware: Legacy Flip,2026-8-20 19:22:38.024737700,1.6568,1.6568,0.0000,0.2821,1.3865,0.0438,1.3427,3.7876,17.6833,-1.0604,12787.7431,NA,NA,NA
python.exe,1968,0x0,Other,-1,0,0,Composed: Copy with GPU GDI,2026-8-20 19:22:38.026394500,6.3341,6.3341,0.0000,0.0118,6.5231,2.3332,4.1899,NA,NA,NA,NA,NA,NA,NA
python.exe,1968,0x0,Other,-1,0,0,Composed: Copy with GPU GDI,2026-8-20 19:22:38.032728600,4.6345,4.6345,0.0000,0.2035,4.6238,0.2616,4.3622,NA,NA,NA,NA,NA,NA,NA
python.exe,1968,0x0,Other,-1,0,0,Composed: Copy with GPU GDI,2026-8-20 19:22:38.037363100,6.4645,6.4645,0.0000,0.1956,6.4702,0.2688,6.2014,NA,NA,NA,NA,NA,NA,NA
python.exe,1968,0x0,Other,0,0,1,Hardware: Legacy Flip,2026-8-20 19:22:38.043827600,0.2453,0.2453,0.0000,0.2057,0.0540,0.0529,0.0011,2.3810,16.9259,1.4066,12806.8330,NA,NA,NA
python.exe,1968,0x0,Other,-1,0,0,Composed: Copy with GPU GDI,2026-8-20 19:22:38.044072900,4.7202,4.7202,0.0000,0.0144,5.1111,2.5465,2.5646,NA,NA,NA,NA,NA,NA,NA
python.exe,1968,0x0,Other,-1,0,0,Composed: Copy with GPU GDI,2026-8-20 19:22:38.048793100,7.6145,7.6145,0.0000,0.4076,7.4526,0.3389,7.1137,NA,NA,NA,NA,NA,NA,NA
python.exe,1968,0x0,Other,0,0,1,Hardware: Legacy Flip,2026-8-20 19:22:38.056407600,4.5494,4.5494,0.0000,0.2483,4.3239,0.0772,4.2467,6.7269,15.1887,-4.3459,12819.4130,NA,NA,NA
python.exe,1968,0x0,Other,-1,0,0,Composed: Copy with GPU GDI,2026-8-20 19:22:38.060957000,0.4280,0.4280,0.0000,0.0228,2.8387,2.8387,0.0000,17.3662,1.0704,-10.6393,12823.9624,NA,NA,NA
python.exe,1968,0x0,Other,-1,0,0,Composed: Copy with GPU GDI,2026-8-20 19:22:38.061385000,6.0908,6.0908,0.0000,2.4367,3.8291,0.2706,3.5585,NA,NA,NA,NA,NA,NA,NA
python.exe,1968,0x0,Other,-1,0,0,Composed: Copy with GPU GDI,2026-8-20 19:22:38.067475800,5.9487,5.9487,0.0000,0.1801,5.9867,0.2926,5.6941,NA,NA,NA,NA,NA,NA,NA
python.exe,1968,0x0,Other,0,0,1,Hardware: Legacy Flip,2026-8-20 19:22:38.073424500,3.7872,3.7872,0.0000,0.2210,3.5791,0.0468,3.5323,5.9691,16.6640,11.3971,12836.4299,NA,NA,NA
python.exe,1968,0x0,Other,-1,0,0,Composed: Copy with GPU GDI,2026-8-20 19:22:38.077211700,2.8171,2.8171,0.0000,0.0129,3.3180,2.6970,0.6210,NA,NA,NA,NA,NA,NA,NA
python.exe,1968,0x0,Other,-1,0,0,Composed: Copy with GPU GDI,2026-8-20 19:22:38.080028800,8.1691,8.1691,0.0000,0.5166,7.8521,0.2687,7.5834,NA,NA,NA,NA,NA,NA,NA
python.exe,1968,0x0,Other,-1,0,0,Composed: Copy with GPU GDI,2026-8-20 19:22:38.088197900,3.9181,3.9181,0.0000,0.2025,3.9156,0.2701,3.6455,NA,NA,NA,NA,NA,NA,NA
python.exe,1968,0x0,Other,0,0,1,Hardware: Legacy Flip,2026-8-20 19:22:38.092116000,1.7468,1.7468,0.0000,0.2027,1.5562,0.0485,1.5077,3.9416,16.8944,2.0275,12855.1214,NA,NA,NA
python.exe,1968,0x0,Other,-1,0,0,Composed: Copy with GPU GDI,2026-8-20 19:22:38.093862800,5.8598,5.8598,0.0000,0.0121,6.0465,2.3835,3.6630,NA,NA,NA,NA,NA,NA,NA
python.exe,1968,0x0,Other,-1,0,0,Composed: Copy with GPU GDI,2026-8-20 19:22:38.099722600,4.0646,4.0646,0.0000,0.2015,4.0732,0.2998,3.7734,NA,NA,NA,NA,NA,NA,NA
python.exe,1968,0x0,Other,0,0,1,Hardware: Legacy Flip,2026-8-20 19:22:38.103787200,7.0118,7.0118,0.0000,0.2130,6.8109,0.0460,6.7649,9.1648,13.9064,-5.2232,12866.7926,NA,NA,NA
python.exe,1968,0x0,Other,-1,0,0,Composed: Copy with GPU GDI,2026-8-20 19:22:38.110799000,0.8562,0.8562,0.0000,0.0121,2.3327,2.3327,0.0000,16.0594,1.4618,-6.8946,12873.8044,NA,NA,NA
python.exe,1968,0x0,Other,-1,0,0,Composed: Copy with GPU GDI,2026-8-20 19:22:38.111655200,4.5667,4.5667,0.0000,1.4922,3.3738,0.3812,2.9926,NA,NA,NA,NA,NA,NA,NA
python.exe,1968,0x0,Other,-1,0,0,Composed: Copy with GPU GDI,2026-8-20 19:22:38.116221900,5.7400,5.7400,0.0000,0.3040,5.6315,0.2675,5.3640,NA,NA,NA,NA,NA,NA,NA
python.exe,1968,0x0,Other,0,0,1,Hardware: Legacy Flip,2026-8-20 19:22:38.121961900,4.2026,4.2026,0.0000,0.1983,4.0190,0.0537,3.9653,6.3583,16.7335,9.7011,12884.9673,NA,NA,NA
python.exe,1968,0x0,Other,-1,0,0,Composed: Copy with GPU GDI,2026-8-20 19:22:38.126164500,2.0746,2.0746,0.0000,0.0147,2.7428,2.7428,0.0000,18.8892,0.6803,-12.5309,12889.1699,NA,NA,NA
python.exe,1968,0x0,Other,-1,0,0,Composed: Copy with GPU GDI,2026-8-20 19:22:38.128239100,5.1142,5.1142,0.0000,0.6846,5.0070,0.6422,4.3648,NA,NA,NA,NA,NA,NA,NA
python.exe,1968,0x0,Other,-1,0,0,Composed: Copy with GPU GDI,2026-8-20 19:22:38.133353300,6.6773,6.6773,0.0000,0.5791,6.3288,0.3091,6.0197,NA,NA,NA,NA,NA,NA,NA
python.exe,1968,0x0,Other,0,0,1,Hardware: Legacy Flip,2026-8-20 19:22:38.140030600,3.5364,3.5364,0.0000,0.2334,3.3151,0.0454,3.2697,5.7034,16.5356,13.1858,12903.0360,NA,NA,NA
python.exe,1968,0x0,Other,-1,0,0,Composed: Copy with GPU GDI,2026-8-20 19:22:38.143567000,2.4938,2.4938,0.0000,0.0121,2.7798,2.4717,0.3081,NA,NA,NA,NA,NA,NA,NA
python.exe,1968,0x0,Other,-1,0,0,Composed: Copy with GPU GDI,2026-8-20 19:22:38.146060800,8.4687,8.4687,0.0000,0.3007,8.3743,0.2737,8.1006,NA,NA,NA,NA,NA,NA,NA
python.exe,1968,0x0,Other,-1,0,0,Composed: Copy with GPU GDI,2026-8-20 19:22:38.154529500,5.1383,5.1383,0.0000,0.2092,5.1348,0.2735,4.8613,NA,NA,NA,NA,NA,NA,NA
python.exe,1968,0x0,Other,0,0,1,Hardware: Legacy Flip,2026-8-20 19:22:38.159667800,0.4202,0.4202,0.0000,0.2098,0.2222,0.0448,0.1774,2.6018,17.1860,3.1016,12922.6732,NA,NA,NA
python.exe,1968,0x0,Other,-1,0,0,Composed: Copy with GPU GDI,2026-8-20 19:22:38.160088000,5.4694,5.4694,0.0000,0.0118,5.6824,2.4111,3.2713,NA,NA,NA,NA,NA,NA,NA
python.exe,1968,0x0,Other,-1,0,0,Composed: Copy with GPU GDI,2026-8-20 19:22:38.165557400,5.2497,5.2497,0.0000,0.2274,5.2216,0.2689,4.9527,NA,NA,NA,NA,NA,NA,NA
python.exe,1968,0x0,Other,-1,0,0,Composed: Copy with GPU GDI,2026-8-20 19:22:38.170807100,6.0639,6.0639,0.0000,0.2019,6.0609,0.2773,5.7836,NA,NA,NA,NA,NA,NA,NA
python.exe,1968,0x0,Other,0,0,1,Hardware: Legacy Flip,2026-8-20 19:22:38.176871000,0.4018,0.4018,0.0000,0.2045,0.2097,0.0496,0.1601,2.5846,16.0749,0.0172,12939.8764,NA,NA,NA
python.exe,1968,0x0,Other,-1,0,0,Composed: Copy with GPU GDI,2026-8-20 19:22:38.177272800,5.0816,5.0816,0.0000,0.0124,5.2572,2.3663,2.8909,NA,NA,NA,NA,NA,NA,NA
python.exe,1968,0x0,Other,-1,0,0,Composed: Copy with GPU GDI,2026-8-20 19:22:38.182354400,6.5108,6.5108,0.0000,0.1899,6.5193,0.2730,6.2463,NA,NA,NA,NA,NA,NA,NA
python.exe,1968,0x0,Other,0,0,1,Hardware: Legacy Flip,2026-8-20 19:22:38.188865200,4.5235,4.5235,0.0000,0.2012,4.3368,0.0536,4.2832,6.6653,16.2658,-4.0807,12951.8706,NA,NA,NA
python.exe,1968,0x0,Other,-1,0,0,Composed: Copy with GPU GDI,2026-8-20 19:22:38.193388700,0.6638,0.6638,0.0000,0.0145,2.7430,2.7430,0.0000,18.4076,0.5915,-11.7423,12956.3941,NA,NA,NA
python.exe,1968,0x0,Other,-1,0,0,Composed: Copy with GPU GDI,2026-8-20 19:22:38.194052500,6.0633,6.0633,0.0000,2.0967,4.5167,0.6341,3.8826,NA,NA,NA,NA,NA,NA,NA
python.exe,1968,0x0,Other,-1,0,0,Composed: Copy with GPU GDI,2026-8-20 19:22:38.200115800,6.4712,6.4712,0.0000,0.5524,6.1316,0.3087,5.8229,NA,NA,NA,NA,NA,NA,NA
python.exe,1968,0x0,Other,0,0,1,Hardware: Legacy Flip,2026-8-20 19:22:38.206587000,3.6356,3.6356,0.0000,0.2157,3.4331,0.0480,3.3851,5.8008,16.2270,12.6068,12969.5924,NA,NA,NA
python.exe,1968,0x0,Other,-1,0,0,Composed: Copy with GPU GDI,2026-8-20 19:22:38.210222600,1.8846,1.8846,0.0000,0.0132,2.3396,2.3396,0.0000,NA,NA,NA,NA,NA,NA,NA
python.exe,1968,0x0,Other,-1,0,0,Composed: Copy with GPU GDI,2026-8-20 19:22:38.212107200,9.1232,9.1232,0.0000,0.4708,8.8416,0.2761,8.5655,NA,NA,NA,NA,NA,NA,NA
python.exe,1968,0x0,Other,-1,0,0,Composed: Copy with GPU GDI,2026-8-20 19:22:38.221230400,2.9906,2.9906,0.0000,0.1920,2.9017,0.1665,2.7352,NA,NA,NA,NA,NA,NA,NA
python.exe,1968,0x0,Other,0,0,1,Hardware: Legacy Flip,2026-8-20 19:22:38.224221000,2.2372,2.2372,0.0000,0.1081,2.1439,0.0537,2.0902,4.3938,17.6827,1.4070,12987.2264,NA,NA,NA
python.exe,1968,0x0,Other,-1,0,0,Composed: Copy with GPU GDI,2026-8-20 19:22:38.226458200,6.1806,6.1806,0.0000,0.0148,6.4120,2.4179,3.9941,NA,NA,NA,NA,NA,NA,NA
python.exe,1968,0x0,Other,-1,0,0,Composed: Copy with GPU GDI,2026-8-20 19:22:38.232638800,5.0422,5.0422,0.0000,0.2514,4.9787,0.2738,4.7049,NA,NA,NA,NA,NA,NA,NA
python.exe,1968,0x0,Other,0,0,1,Hardware: Legacy Flip,2026-8-20 19:22:38.237681000,6.4791,6.4791,0.0000,0.1906,6.3069,0.0635,6.2434,8.6165,14.0255,-4.2227,13000.6864,NA,NA,NA
python.exe,1968,0x0,Other,-1,0,0,Composed: Copy with GPU GDI,2026-8-20 19:22:38.244160100,0.2175,0.2175,0.0000,0.0184,2.3094,2.3094,0.0000,16.1629,1.5040,-7.5464,13007.1655,NA,NA,NA
python.exe,1968,0x0,Other,-1,0,0,Composed: Copy with GPU GDI,2026-8-20 19:22:38.244377600,4.3620,4.3620,0.0000,2.1134,2.7102,0.5430,2.1672,NA,NA,NA,NA,NA,NA,NA
python.exe,1968,0x0,Other,-1,0,0,Composed: Copy with GPU GDI,2026-8-20 19:22:38.248739600,6.5106,6.5106,0.0000,0.4638,6.3199,0.3532,5.9667,NA,NA,NA,NA,NA,NA,NA
python.exe,1968,0x0,Other,0,0,1,Hardware: Legacy Flip,2026-8-20 19:22:38.255250200,4.4177,4.4177,0.0000,0.2759,4.1574,0.0604,4.0970,6.5768,16.6895,9.5861,13018.2556,NA,NA,NA
python.exe,1968,0x0,Other,-1,0,0,Composed: Copy with GPU GDI,2026-8-20 19:22:38.259667900,2.0939,2.0939,0.0000,0.0156,2.7426,2.7426,0.0000,18.8486,0.6209,-12.2718,13022.6733,NA,NA,NA
python.exe,1968,0x0,Other,-1,0,0,Composed: Copy with GPU GDI,2026-8-20 19:22:38.261761800,6.0755,6.0755,0.0000,0.6661,5.5939,0.2671,5.3268,NA,NA,NA,NA,NA,NA,NA
python.exe,1968,0x0,Other,-1,0,0,Composed: Copy with GPU GDI,2026-8-20 19:22:38.267837300,5.5875,5.5875,0.0000,0.1873,5.7167,0.4083,5.3084,NA,NA,NA,NA,NA,NA,NA
python.exe,1968,0x0,Other,0,0,1,Hardware: Legacy Flip,2026-8-20 19:22:38.273424800,3.5392,3.5392,0.0000,0.3217,3.2409,0.0614,3.1795,5.7126,16.2969,13.1360,13036.4302,NA,NA,NA
python.exe,1968,0x0,Other,-1,0,0,Composed: Copy with GPU GDI,2026-8-20 19:22:38.276964000,3.1084,3.1084,0.0000,0.0234,3.4890,2.5604,0.9286,NA,NA,NA,NA,NA,NA,NA
python.exe,1968,0x0,Other,-1,0,0,Composed: Copy with GPU GDI,2026-8-20 19:22:38.280072400,8.0556,8.0556,0.0000,0.4068,7.8514,0.2718,7.5796,NA,NA,NA,NA,NA,NA,NA
python.exe,1968,0x0,Other,-1,0,0,Composed: Copy with GPU GDI,2026-8-20 19:22:38.288128000,4.4574,4.4574,0.0000,0.2052,4.4540,0.2760,4.1780,NA,NA,NA,NA,NA,NA,NA
python.exe,1968,0x0,Other,0,0,1,Hardware: Legacy Flip,2026-8-20 19:22:38.292585400,0.4558,0.4558,0.0000,0.2052,0.2632,0.0462,0.2170,2.8489,18.2414,2.8637,13055.5908,NA,NA,NA
python.exe,1968,0x0,Other,-1,0,0,Composed: Copy with GPU GDI,2026-8-20 19:22:38.293041200,5.8535,5.8535,0.0000,0.0126,6.0502,2.6028,3.4474,NA,NA,NA,NA,NA,NA,NA
python.exe,1968,0x0,Other,-1,0,0,Composed: Copy with GPU GDI,2026-8-20 19:22:38.298894700,4.1775,4.1775,0.0000,0.2120,4.0554,0.1581,3.8973,NA,NA,NA,NA,NA,NA,NA
python.exe,1968,0x0,Other,-1,0,0,Composed: Copy with GPU GDI,2026-8-20 19:22:38.303072200,7.7251,7.7251,0.0000,0.0951,7.9340,0.4067,7.5273,NA,NA,NA,NA,NA,NA,NA
python.exe,1968,0x0,Other,0,0,1,Hardware: Legacy Flip,2026-8-20 19:22:38.310797300,0.3050,0.3050,0.0000,0.3040,0.0480,0.0480,0.0000,2.8784,15.0337,-0.0295,13073.8027,NA,NA,NA
python.exe,1968,0x0,Other,-1,0,0,Composed: Copy with GPU GDI,2026-8-20 19:22:38.311102300,5.0026,5.0026,0.0000,0.0470,5.1472,2.7402,2.4070,NA,NA,NA,NA,NA,NA,NA
python.exe,1968,0x0,Other,-1,0,0,Composed: Copy with GPU GDI,2026-8-20 19:22:38.316104900,5.5378,5.5378,0.0000,0.1948,5.6836,0.4121,5.2715,NA,NA,NA,NA,NA,NA,NA
python.exe,1968,0x0,Other,0,0,1,Hardware: Legacy Flip,2026-8-20 19:22:38.321642700,4.9084,4.9084,0.0000,0.3426,4.5802,0.0547,4.5255,7.0667,16.5426,-4.1883,13084.6481,NA,NA,NA
python.exe,1968,0x0,Other,-1,0,0,Composed: Copy with GPU GDI,2026-8-20 19:22:38.326551100,1.5853,1.5853,0.0000,0.0144,2.7436,2.7436,0.0000,18.7009,0.8406,-11.6342,13089.5565,NA,NA,NA
python.exe,1968,0x0,Other,-1,0,0,Composed: Copy with GPU GDI,2026-8-20 19:22:38.328136400,5.6319,5.6319,0.0000,1.1754,4.8621,0.4923,4.3698,NA,NA,NA,NA,NA,NA,NA
python.exe,1968,0x0,Other,-1,0,0,Composed: Copy with GPU GDI,2026-8-20 19:22:38.333768300,9.7056,9.7056,0.0000,0.4075,9.4825,0.2720,9.2105,NA,NA,NA,NA,NA,NA,NA
python.exe,1968,0x0,Other,0,0,1,Hardware: Legacy Flip,2026-8-20 19:22:38.343473900,0.4858,0.4858,0.0000,0.1871,0.3109,0.0472,0.2637,2.6187,15.6288,16.0822,13106.4793,NA,NA,NA
python.exe,1968,0x0,Other,-1,0,0,Composed: Copy with GPU GDI,2026-8-20 19:22:38.343959700,2.3124,2.3124,0.0000,0.0122,2.7177,2.5661,0.1516,NA,NA,NA,NA,NA,NA,NA
python.exe,1968,0x0,Other,-1,0,0,Composed: Copy with GPU GDI,2026-8-20 19:22:38.346272100,8.5329,8.5329,0.0000,0.4198,8.3174,0.2756,8.0418,NA,NA,NA,NA,NA,NA,NA
python.exe,1968,0x0,Other,-1,0,0,Composed: Copy with GPU GDI,2026-8-20 19:22:38.354805000,3.1609,3.1609,0.0000,0.2070,3.4084,0.5307,2.8777,NA,NA,NA,NA,NA,NA,NA
python.exe,1968,0x0,Other,0,0,1,Hardware: Legacy Flip,2026-8-20 19:22:38.357965900,1.6030,1.6030,0.0000,0.4563,1.1593,0.0446,1.1147,3.7555,17.4891,-1.1368,13120.9713,NA,NA,NA
python.exe,1968,0x0,Other,-1,0,0,Composed: Copy with GPU GDI,2026-8-20 19:22:38.359568900,6.5921,6.5921,0.0000,0.0126,6.7860,2.3541,4.4319,NA,NA,NA,NA,NA,NA,NA
python.exe,1968,0x0,Other,-1,0,0,Composed: Copy with GPU GDI,2026-8-20 19:22:38.366161000,4.7877,4.7877,0.0000,0.2093,4.7780,0.2663,4.5117,NA,NA,NA,NA,NA,NA,NA
python.exe,1968,0x0,Other,0,0,1,Hardware: Legacy Flip,2026-8-20 19:22:38.370948700,6.1351,6.1351,0.0000,0.2024,5.9448,0.0463,5.8985,8.2618,14.5829,-4.5063,13133.9541,NA,NA,NA
python.exe,1968,0x0,Other,-1,0,0,Composed: Copy with GPU GDI,2026-8-20 19:22:38.377083800,0.8678,0.8678,0.0000,0.0121,2.3114,2.3114,0.0000,16.7096,1.2530,-8.4478,13140.0892,NA,NA,NA
python.exe,1968,0x0,Other,-1,0,0,Composed: Copy with GPU GDI,2026-8-20 19:22:38.377951600,4.5320,4.5320,0.0000,1.4591,3.2901,0.3049,2.9852,NA,NA,NA,NA,NA,NA,NA
python.exe,1968,0x0,Other,-1,0,0,Composed: Copy with GPU GDI,2026-8-20 19:22:38.382483600,6.5707,6.5707,0.0000,0.2221,6.5097,0.2699,6.2398,NA,NA,NA,NA,NA,NA,NA
python.exe,1968,0x0,Other,0,0,1,Hardware: Legacy Flip,2026-8-20 19:22:38.389054300,3.8564,3.8564,0.0000,0.1646,3.7051,0.0512,3.6539,5.9921,16.9427,10.7175,13152.0597,NA,NA,NA
python.exe,1968,0x0,Other,-1,0,0,Composed: Copy with GPU GDI,2026-8-20 19:22:38.392910700,2.2366,2.2366,0.0000,0.0133,2.7325,2.6494,0.0831,19.0784,1.6811,-13.0863,13155.9161,NA,NA,NA
python.exe,1968,0x0,Other,-1,0,0,Composed: Copy with GPU GDI,2026-8-20 19:22:38.395147300,5.5453,5.5453,0.0000,0.5145,5.2365,0.2998,4.9367,NA,NA,NA,NA,NA,NA,NA
python.exe,1968,0x0,Other,-1,0,0,Composed: Copy with GPU GDI,2026-8-20 19:22:38.400692600,10.1151,10.1151,0.0000,0.2091,10.0929,0.3140,9.7789,NA,NA,NA,NA,NA,NA,NA
python.exe,1968,0x0,Other,0,0,1,Hardware: Legacy Flip,2026-8-20 19:22:38.410807700,0.6875,0.6875,0.0000,0.1920,0.5371,0.0806,0.4565,2.8625,15.2198,16.2159,13173.8131,NA,NA,NA
python.exe,1968,0x0,Other,-1,0,0,Composed: Copy with GPU GDI,2026-8-20 19:22:38.411495200,1.0486,1.0486,0.0000,0.0416,2.7161,2.7161,0.0000,NA,NA,NA,NA,NA,NA,NA
python.exe,1968,0x0,Other,-1,0,0,Composed: Copy with GPU GDI,2026-8-20 19:22:38.412543800,9.2222,9.2222,0.0000,1.7116,7.6564,0.2740,7.3824,NA,NA,NA,NA,NA,NA,NA
python.exe,1968,0x0,Other,-1,0,0,Composed: Copy with GPU GDI,2026-8-20 19:22:38.421766000,3.1411,3.1411,0.0000,0.1486,3.2686,0.3684,2.9002,NA,NA,NA,NA,NA,NA,NA
python.exe,1968,0x0,Other,0,0,1,Hardware: Legacy Flip,2026-8-20 19:22:38.424907100,1.8509,1.8509,0.0000,0.2781,1.5864,0.0523,1.5341,3.9829,17.4791,-1.1204,13187.9125,NA,NA,NA
python.exe,1968,0x0,Other,-1,0,0,Composed: Copy with GPU GDI,2026-8-20 19:22:38.426758000,5.7037,5.7037,0.0000,0.0136,5.9427,2.4201,3.5226,NA,NA,NA,NA,NA,NA,NA
python.exe,1968,0x0,Other,-1,0,0,Composed: Copy with GPU GDI,2026-8-20 19:22:38.432461700,4.1406,4.1406,0.0000,0.2546,4.0898,0.2911,3.7987,NA,NA,NA,NA,NA,NA,NA
python.exe,1968,0x0,Other,-1,0,0,Composed: Copy with GPU GDI,2026-8-20 19:22:38.436602300,7.2023,7.2023,0.0000,0.2069,7.2320,0.3132,6.9188,NA,NA,NA,NA,NA,NA,NA
python.exe,1968,0x0,Other,0,0,1,Hardware: Legacy Flip,2026-8-20 19:22:38.443804600,0.4343,0.4343,0.0000,0.2398,0.2072,0.0473,0.1599,2.5645,15.8443,1.4184,13206.8100,NA,NA,NA
python.exe,1968,0x0,Other,-1,0,0,Composed: Copy with GPU GDI,2026-8-20 19:22:38.444238900,5.3584,5.3584,0.0000,0.0127,5.5541,2.3683,3.1858,NA,NA,NA,NA,NA,NA,NA
python.exe,1968,0x0,Other,-1,0,0,Composed: Copy with GPU GDI,2026-8-20 19:22:38.449597300,5.6649,5.6649,0.0000,0.2107,5.8401,0.4866,5.3535,NA,NA,NA,NA,NA,NA,NA
python.exe,1968,0x0,Other,0,0,1,Hardware: Legacy Flip,2026-8-20 19:22:38.455262200,4.7192,4.7192,0.0000,0.3919,4.3402,0.0515,4.2887,6.9512,16.5129,-4.3867,13218.2676,NA,NA,NA
python.exe,1968,0x0,Other,-1,0,0,Composed: Copy with GPU GDI,2026-8-20 19:22:38.459981400,0.7060,0.7060,0.0000,0.0129,2.4172,2.4172,0.0000,18.7449,1.5938,-11.7937,13222.9868,NA,NA,NA
python.exe,1968,0x0,Other,-1,0,0,Composed: Copy with GPU GDI,2026-8-20 19:22:38.460687400,7.0971,7.0971,0.0000,1.7275,5.6029,0.3286,5.2743,NA,NA,NA,NA,NA,NA,NA
python.exe,1968,0x0,Other,-1,0,0,Composed: Copy with GPU GDI,2026-8-20 19:22:38.467784500,9.7621,9.7621,0.0000,0.2368,9.8233,0.3949,9.4284,NA,NA,NA,NA,NA,NA,NA
python.exe,1968,0x0,Other,0,0,1,Hardware: Legacy Flip,2026-8-20 19:22:38.477546600,0.6117,0.6117,0.0000,0.3025,0.3506,0.0813,0.2693,2.7735,16.2409,15.9714,13240.5520,NA,NA,NA
python.exe,1968,0x0,Other,-1,0,0,Composed: Copy with GPU GDI,2026-8-20 19:22:38.478158300,1.4888,1.4888,0.0000,0.0414,2.6749,2.6749,0.0000,NA,NA,NA,NA,NA,NA,NA
python.exe,1968,0x0,Other,-1,0,0,Composed: Copy with GPU GDI,2026-8-20 19:22:38.479647100,9.1891,9.1891,0.0000,1.2294,8.2145,0.4088,7.8057,NA,NA,NA,NA,NA,NA,NA
python.exe,1968,0x0,Other,-1,0,0,Composed: Copy with GPU GDI,2026-8-20 19:22:38.488836200,3.1898,3.1898,0.0000,0.2579,3.2539,0.4503,2.8036,NA,NA,NA,NA,NA,NA,NA
python.exe,1968,0x0,Other,0,0,1,Hardware: Legacy Flip,2026-8-20 19:22:38.492026000,2.2539,2.2539,0.0000,0.3252,1.9463,0.0655,1.8808,4.5350,23.3919,-1.7615,13255.0314,NA,NA,NA
python.exe,1968,0x0,Other,-1,0,0,Composed: Copy with GPU GDI,2026-8-20 19:22:38.494279900,21.6333,21.6333,0.0000,0.0176,21.8227,2.5153,19.3074,NA,NA,NA,NA,NA,NA,NA
python.exe,1968,0x0,Other,-1,0,0,Composed: Copy with GPU GDI,2026-8-20 19:22:38.515913200,0.4155,0.4155,0.0000,0.2120,0.7860,0.6485,0.1375,NA,NA,NA,NA,NA,NA,NA
python.exe,1968,0x0,Other,0,0,1,Hardware: Legacy Flip,2026-8-20 19:22:38.516328700,1.4815,1.4815,0.0000,0.5859,0.9391,0.0854,0.8537,3.6242,7.7224,0.9108,13279.3341,NA,NA,NA
python.exe,1968,0x0,Other,-1,0,0,Composed: Copy with GPU GDI,2026-8-20 19:22:38.517810200,3.1045,3.1045,0.0000,0.0435,3.4135,2.4436,0.9699,NA,NA,NA,NA,NA,NA,NA
python.exe,1968,0x0,Other,0,0,1,Hardware: Legacy Flip,2026-8-20 19:22:38.520914700,4.4109,4.4109,0.0000,0.3556,4.0704,0.0537,4.0167,6.7606,17.7782,-3.1364,13283.9201,NA,NA,NA
python.exe,1968,0x0,Other,-1,0,0,Composed: Copy with GPU GDI,2026-8-20 19:22:38.525325600,3.1591,3.1591,0.0000,0.0151,3.3418,2.4913,0.8505,20.1279,0.5608,-13.3673,13288.3310,NA,NA,NA
python.exe,1968,0x0,Other,-1,0,0,Composed: Copy with GPU GDI,2026-8-20 19:22:38.528484700,5.0090,5.0090,0.0000,0.2008,5.0963,0.3627,4.7336,NA,NA,NA,NA,NA,NA,NA
python.exe,1968,0x0,Other,-1,0,0,Composed: Copy with GPU GDI,2026-8-20 19:22:38.533493700,6.6086,6.6086,0.0000,0.2901,6.7546,0.5179,6.2367,NA,NA,NA,NA,NA,NA,NA
python.exe,1968,0x0,Other,0,0,1,Hardware: Legacy Flip,2026-8-20 19:22:38.540102300,3.6517,3.6517,0.0000,0.4393,3.2526,0.0748,3.1778,5.9120,16.2566,14.2159,13303.1077,NA,NA,NA
python.exe,1968,0x0,Other,-1,0,0,Composed: Copy with GPU GDI,2026-8-20 19:22:38.543754000,2.4113,2.4113,0.0000,0.0402,2.8255,2.7023,0.1232,NA,NA,NA,NA,NA,NA,NA
python.exe,1968,0x0,Other,-1,0,0,Composed: Copy with GPU GDI,2026-8-20 19:22:38.546165300,8.6476,8.6476,0.0000,0.4563,8.4951,0.3779,8.1172,NA,NA,NA,NA,NA,NA,NA
python.exe,1968,0x0,Other,-1,0,0,Composed: Copy with GPU GDI,2026-8-20 19:22:38.554812900,3.4264,3.4264,0.0000,0.3081,3.6150,0.5738,3.0412,NA,NA,NA,NA,NA,NA,NA
python.exe,1968,0x0,Other,0,0,1,Hardware: Legacy Flip,2026-8-20 19:22:38.558239300,1.8752,1.8752,0.0000,0.5003,1.3874,0.0483,1.3391,4.0316,16.8379,1.8804,13321.2447,NA,NA,NA
python.exe,1968,0x0,Other,-1,0,0,Composed: Copy with GPU GDI,2026-8-20 19:22:38.560114500,6.0965,6.0965,0.0000,0.0125,6.4064,2.4775,3.9289,NA,NA,NA,NA,NA,NA,NA
python.exe,1968,0x0,Other,-1,0,0,Composed: Copy with GPU GDI,2026-8-20 19:22:38.566211000,4.1985,4.1985,0.0000,0.3251,4.4484,0.6617,3.7867,NA,NA,NA,NA,NA,NA,NA
python.exe,1968,0x0,Other,0,0,1,Hardware: Legacy Flip,2026-8-20 19:22:38.570409500,6.5589,6.5589,0.0000,0.5770,5.9967,0.0545,5.9422,8.6993,14.8776,-4.6677,13333.4149,NA,NA,NA
python.exe,1968,0x0,Other,-1,0,0,Composed: Copy with GPU GDI,2026-8-20 19:22:38.576968400,0.8000,0.8000,0.0000,0.0148,2.3277,2.3277,0.0000,17.0180,1.0543,-8.3187,13339.9738,NA,NA,NA
python.exe,1968,0x0,Other,-1,0,0,Composed: Copy with GPU GDI,2026-8-20 19:22:38.577768400,4.0996,4.0996,0.0000,1.5454,2.8410,0.3831,2.4579,NA,NA,NA,NA,NA,NA,NA
python.exe,1968,0x0,Other,-1,0,0,Composed: Copy with GPU GDI,2026-8-20 19:22:38.581868000,7.0131,7.0131,0.0000,0.2908,6.9266,0.2930,6.6336,NA,NA,NA,NA,NA,NA,NA
python.exe,1968,0x0,Other,0,0,1,Hardware: Legacy Flip,2026-8-20 19:22:38.588881100,3.8767,3.8767,0.0000,0.2062,3.6851,0.0586,3.6265,6.1596,17.1427,10.8584,13351.8865,NA,NA,NA
python.exe,1968,0x0,Other,-1,0,0,Composed: Copy with GPU GDI,2026-8-20 19:22:38.592757800,1.6720,1.6720,0.0000,0.0146,2.9011,2.9011,0.0000,19.4256,0.1847,-13.2660,13355.7632,NA,NA,NA
python.exe,1968,0x0,Other,-1,0,0,Composed: Copy with GPU GDI,2026-8-20 19:22:38.594429800,6.5531,6.5531,0.0000,1.2468,5.5602,0.3324,5.2278,NA,NA,NA,NA,NA,NA,NA
python.exe,1968,0x0,Other,-1,0,0,Composed: Copy with GPU GDI,2026-8-20 19:22:38.600982900,5.7158,5.7158,0.0000,0.2558,6.1033,0.7294,5.3739,NA,NA,NA,NA,NA,NA,NA
python.exe,1968,0x0,Other,0,0,1,Hardware: Legacy Flip,2026-8-20 19:22:38.606698700,3.3709,3.3709,0.0000,0.6462,2.7362,0.0452,2.6910,5.6694,17.3489,13.7562,13369.7041,NA,NA,NA
python.exe,1968,0x0,Other,-1,0,0,Composed: Copy with GPU GDI,2026-8-20 19:22:38.610069600,2.9943,2.9943,0.0000,0.0115,3.3157,2.6500,0.6657,NA,NA,NA,NA,NA,NA,NA
python.exe,1968,0x0,Other,-1,0,0,Composed: Copy with GPU GDI,2026-8-20 19:22:38.613063900,7.9493,7.9493,0.0000,0.3359,7.7660,0.2223,7.5437,NA,NA,NA,NA,NA,NA,NA
python.exe,1968,0x0,Other,-1,0,0,Composed: Copy with GPU GDI,2026-8-20 19:22:38.621013200,5.2497,5.2497,0.0000,0.1554,5.2396,0.2699,4.9697,NA,NA,NA,NA,NA,NA,NA
python.exe,1968,0x0,Other,0,0,1,Hardware: Legacy Flip,2026-8-20 19:22:38.626262900,1.3186,1.3186,0.0000,0.1483,1.1839,0.0502,1.1337,3.4541,16.8052,2.2153,13389.2683,NA,NA,NA
python.exe,1968,0x0,Other,-1,0,0,Composed: Copy with GPU GDI,2026-8-20 19:22:38.627581500,4.7133,4.7133,0.0000,0.0136,4.8886,2.3336,2.5550,NA,NA,NA,NA,NA,NA,NA
python.exe,1968,0x0,Other,-1,0,0,Composed: Copy with GPU GDI,2026-8-20 19:22:38.632294800,3.8911,3.8911,0.0000,0.1918,4.0451,0.4188,3.6263,NA,NA,NA,NA,NA,NA,NA
python.exe,1968,0x0,Other,-1,0,0,Composed: Copy with GPU GDI,2026-8-20 19:22:38.636185900,7.7232,7.7232,0.0000,0.3487,7.6663,0.3874,7.2789,NA,NA,NA,NA,NA,NA,NA
python.exe,1968,0x0,Other,0,0,1,Hardware: Legacy Flip,2026-8-20 19:22:38.643909100,0.4793,0.4793,0.0000,0.2965,0.2210,0.0766,0.1444,2.6131,8.1165,0.8410,13406.9145,NA,NA,NA
python.exe,1968,0x0,Other,-1,0,0,Composed: Copy with GPU GDI,2026-8-20 19:22:38.644388400,3.9012,3.9012,0.0000,0.0382,4.1845,2.4452,1.7393,10.2503,8.8158,-7.6372,13407.3938,NA,NA,NA
python.exe,1968,0x0,Other,-1,0,0,Composed: Copy with GPU GDI,2026-8-20 19:22:38.648289600,6.7493,6.7493,0.0000,0.3239,6.6907,0.3887,6.3020,NA,NA,NA,NA,NA,NA,NA
python.exe,1968,0x0,Other,-1,0,0,Composed: Copy with GPU GDI,2026-8-20 19:22:38.655038900,5.7366,5.7366,0.0000,0.2682,5.7625,0.4048,5.3577,NA,NA,NA,NA,NA,NA,NA
python.exe,1968,0x0,Other,0,0,1,Hardware: Legacy Flip,2026-8-20 19:22:38.660775500,0.4651,0.4651,0.0000,0.2982,0.2086,0.0808,0.1278,2.6790,16.2678,7.5713,13423.7809,NA,NA,NA
python.exe,1968,0x0,Other,-1,0,0,Composed: Copy with GPU GDI,2026-8-20 19:22:38.661240600,6.2824,6.2824,0.0000,0.0417,6.8916,2.8843,4.0073,NA,NA,NA,NA,NA,NA,NA
python.exe,1968,0x0,Other,-1,0,0,Composed: Copy with GPU GDI,2026-8-20 19:22:38.667523000,6.1966,6.1966,0.0000,0.6531,5.9376,0.5155,5.4221,NA,NA,NA,NA,NA,NA,NA
python.exe,1968,0x0,Other,0,0,1,Hardware: Legacy Flip,2026-8-20 19:22:38.673719600,3.7878,3.7878,0.0000,0.4109,3.3908,0.0583,3.3325,6.0027,17.3150,-3.3237,13436.7250,NA,NA,NA
python.exe,1968,0x0,Other,-1,0,0,Composed: Copy with GPU GDI,2026-8-20 19:22:38.677507400,2.6990,2.6990,0.0000,0.0139,2.9511,2.5267,0.4244,NA,NA,NA,NA,NA,NA,NA
python.exe,1968,0x0,Other,-1,0,0,Composed: Copy with GPU GDI,2026-8-20 19:22:38.680206400,8.5024,8.5024,0.0000,0.2680,8.5261,0.3873,8.1388,NA,NA,NA,NA,NA,NA,NA
python.exe,1968,0x0,Other,-1,0,0,Composed: Copy with GPU GDI,2026-8-20 19:22:38.688708800,3.0797,3.0797,0.0000,0.2945,3.2804,0.5777,2.7027,NA,NA,NA,NA,NA,NA,NA
python.exe,1968,0x0,Other,0,0,1,Hardware: Legacy Flip,2026-8-20 19:22:38.691788500,2.9236,2.9236,0.0000,0.4994,2.4637,0.0770,2.3867,5.2488,16.2062,0.7539,13454.7939,NA,NA,NA
python.exe,1968,0x0,Other,-1,0,0,Composed: Copy with GPU GDI,2026-8-20 19:22:38.694712100,5.2821,5.2821,0.0000,0.0395,5.5414,2.6102,2.9312,NA,NA,NA,NA,NA,NA,NA
python.exe,1968,0x0,Other,-1,0,0,Composed: Copy with GPU GDI,2026-8-20 19:22:38.699994200,3.9665,3.9665,0.0000,0.3017,4.1369,0.5825,3.5544,NA,NA,NA,NA,NA,NA,NA
python.exe,1968,0x0,Other,-1,0,0,Composed: Copy with GPU GDI,2026-8-20 19:22:38.703960700,6.8497,6.8497,0.0000,0.4742,6.5883,0.3110,6.2773,NA,NA,NA,NA,NA,NA,NA
python.exe,1968,0x0,Other,0,0,1,Hardware: Legacy Flip,2026-8-20 19:22:38.710810400,0.2728,0.2728,0.0000,0.2164,0.1062,0.0895,0.0167,2.4331,15.4124,2.8157,13473.8158,NA,NA,NA
python.exe,1968,0x0,Other,-1,0,0,Composed: Copy with GPU GDI,2026-8-20 19:22:38.711083200,5.3593,5.3593,0.0000,0.0498,5.6599,2.5071,3.1528,NA,NA,NA,NA,NA,NA,NA
python.exe,1968,0x0,Other,-1,0,0,Composed: Copy with GPU GDI,2026-8-20 19:22:38.716442500,5.5847,5.5847,0.0000,0.3533,5.7930,0.6608,5.1322,NA,NA,NA,NA,NA,NA,NA
python.exe,1968,0x0,Other,0,0,1,Hardware: Legacy Flip,2026-8-20 19:22:38.722027200,4.3993,4.3993,0.0000,0.5662,3.8487,0.0694,3.7793,6.6287,16.9991,-4.1956,13485.0326,NA,NA,NA
python.exe,1968,0x0,Other,-1,0,0,Composed: Copy with GPU GDI,2026-8-20 19:22:38.726426500,1.5875,1.5875,0.0000,0.0156,2.8377,2.8377,0.0000,19.2285,0.3089,-12.5998,13489.4319,NA,NA,NA
python.exe,1968,0x0,Other,-1,0,0,Composed: Copy with GPU GDI,2026-8-20 19:22:38.728014000,7.5652,7.5652,0.0000,1.2680,6.6043,0.3865,6.2178,NA,NA,NA,NA,NA,NA,NA
python.exe,1968,0x0,Other,-1,0,0,Composed: Copy with GPU GDI,2026-8-20 19:22:38.735579200,3.9848,3.9848,0.0000,0.3109,3.9524,0.3456,3.6068,NA,NA,NA,NA,NA,NA,NA
python.exe,1968,0x0,Other,0,0,1,Hardware: Legacy Flip,2026-8-20 19:22:38.739564000,4.1536,4.1536,0.0000,0.2815,3.8876,0.0573,3.8303,6.3999,16.3753,12.8286,13502.5694,NA,NA,NA
python.exe,1968,0x0,Other,-1,0,0,Composed: Copy with GPU GDI,2026-8-20 19:22:38.743717600,4.0070,4.0070,0.0000,0.0155,4.1823,2.4437,1.7386,NA,NA,NA,NA,NA,NA,NA
python.exe,1968,0x0,Other,-1,0,0,Composed: Copy with GPU GDI,2026-8-20 19:22:38.747724600,7.3328,7.3328,0.0000,0.1935,7.4366,0.3805,7.0561,NA,NA,NA,NA,NA,NA,NA
python.exe,1968,0x0,Other,-1,0,0,Composed: Copy with GPU GDI,2026-8-20 19:22:38.755057400,3.4545,3.4545,0.0000,0.3003,3.6573,0.5906,3.0667,NA,NA,NA,NA,NA,NA,NA
python.exe,1968,0x0,Other,0,0,1,Hardware: Legacy Flip,2026-8-20 19:22:38.758511900,1.6104,1.6104,0.0000,0.5058,1.1180,0.0533,1.0647,3.8273,17.3438,2.5726,13521.5173,NA,NA,NA
python.exe,1968,0x0,Other,-1,0,0,Composed: Copy with GPU GDI,2026-8-20 19:22:38.760122300,5.8212,5.8212,0.0000,0.0134,6.1074,2.5366,3.5708,NA,NA,NA,NA,NA,NA,NA
python.exe,1968,0x0,Other,-1,0,0,Composed: Copy with GPU GDI,2026-8-20 19:22:38.765943500,4.5304,4.5304,0.0000,0.3015,4.9010,0.7539,4.1471,NA,NA,NA,NA,NA,NA,NA
python.exe,1968,0x0,Other,0,0,1,Hardware: Legacy Flip,2026-8-20 19:22:38.770473900,7.0862,7.0862,0.0000,0.6747,6.4248,0.0523,6.3725,9.2091,14.5044,-5.3818,13533.4793,NA,NA,NA
python.exe,1968,0x0,Other,-1,0,0,Composed: Copy with GPU GDI,2026-8-20 19:22:38.777560100,0.5375,0.5375,0.0000,0.0133,2.3054,2.3054,0.0000,16.6273,1.5789,-7.4182,13540.5655,NA,NA,NA
python.exe,1968,0x0,Other,-1,0,0,Composed: Copy with GPU GDI,2026-8-20 19:22:38.778097600,3.9480,3.9480,0.0000,1.7846,2.4629,0.3808,2.0821,NA,NA,NA,NA,NA,NA,NA
python.exe,1968,0x0,Other,-1,0,0,Composed: Copy with GPU GDI,2026-8-20 19:22:38.782045600,6.6786,6.6786,0.0000,0.3027,6.9888,0.6918,6.2970,NA,NA,NA,NA,NA,NA,NA
python.exe,1968,0x0,Other,0,0,1,Hardware: Legacy Flip,2026-8-20 19:22:38.788724200,4.8059,4.8059,0.0000,0.6149,4.2047,0.0524,4.1523,7.0421,16.6213,9.5852,13551.7296,NA,NA,NA
python.exe,1968,0x0,Other,-1,0,0,Composed: Copy with GPU GDI,2026-8-20 19:22:38.793530100,0.5447,0.5447,0.0000,0.0137,2.4373,2.4373,0.0000,18.8575,1.2590,-11.8154,13556.5355,NA,NA,NA
python.exe,1968,0x0,Other,-1,0,0,Composed: Copy with GPU GDI,2026-8-20 19:22:38.794074800,6.1126,6.1126,0.0000,1.9090,4.5203,0.3915,4.1288,NA,NA,NA,NA,NA,NA,NA
python.exe,1968,0x0,Other,-1,0,0,Composed: Copy with GPU GDI,2026-8-20 19:22:38.800187400,10.7743,10.7743,0.0000,0.3220,10.7405,0.4044,10.3361,NA,NA,NA,NA,NA,NA,NA
python.exe,1968,0x0,Other,0,0,1,Hardware: Legacy Flip,2026-8-20 19:22:38.810961700,0.5619,0.5619,0.0000,0.2911,0.3101,0.0809,0.2292,2.6849,15.3731,16.1726,13573.9671,NA,NA,NA
python.exe,1968,0x0,Other,-1,0,0,Composed: Copy with GPU GDI,2026-8-20 19:22:38.811523600,1.9080,1.9080,0.0000,0.0393,2.6889,2.6889,0.0000,NA,NA,NA,NA,NA,NA,NA
python.exe,1968,0x0,Other,-1,0,0,Composed: Copy with GPU GDI,2026-8-20 19:22:38.813431600,8.0172,8.0172,0.0000,0.8223,7.4882,0.3773,7.1109,NA,NA,NA,NA,NA,NA,NA
python.exe,1968,0x0,Other,-1,0,0,Composed: Copy with GPU GDI,2026-8-20 19:22:38.821448800,3.4826,3.4826,0.0000,0.2961,3.4500,0.3598,3.0902,NA,NA,NA,NA,NA,NA,NA
python.exe,1968,0x0,Other,0,0,1,Hardware: Legacy Flip,2026-8-20 19:22:38.824931400,1.8620,1.8620,0.0000,0.2681,1.6085,0.0544,1.5541,4.0883,17.4563,-1.4034,13587.9368,NA,NA,NA
python.exe,1968,0x0,Other,-1,0,0,Composed: Copy with GPU GDI,2026-8-20 19:22:38.826793400,6.2921,6.2921,0.0000,0.0146,6.5836,2.5523,4.0313,NA,NA,NA,NA,NA,NA,NA
python.exe,1968,0x0,Other,-1,0,0,Composed: Copy with GPU GDI,2026-8-20 19:22:38.833085500,4.5396,4.5396,0.0000,0.3091,4.6119,0.4917,4.1202,NA,NA,NA,NA,NA,NA,NA
python.exe,1968,0x0,Other,-1,0,0,Composed: Copy with GPU GDI,2026-8-20 19:22:38.837625100,6.2243,6.2243,0.0000,0.3834,6.1738,0.4229,5.7509,NA,NA,NA,NA,NA,NA,NA
python.exe,1968,0x0,Other,0,0,1,Hardware: Legacy Flip,2026-8-20 19:22:38.843849400,0.4961,0.4961,0.0000,0.3369,0.1730,0.0742,0.0988,2.6266,14.7453,1.4617,13606.8548,NA,NA,NA
python.exe,1968,0x0,Other,-1,0,0,Composed: Copy with GPU GDI,2026-8-20 19:22:38.844345500,4.1702,4.1702,0.0000,0.0138,4.5774,2.5300,2.0474,NA,NA,NA,NA,NA,NA,NA
python.exe,1968,0x0,Other,-1,0,0,Composed: Copy with GPU GDI,2026-8-20 19:22:38.848515700,6.6915,6.6915,0.0000,0.4245,6.5424,0.3928,6.1496,NA,NA,NA,NA,NA,NA,NA
python.exe,1968,0x0,Other,0,0,1,Hardware: Legacy Flip,2026-8-20 19:22:38.855207200,3.6280,3.6280,0.0000,0.2783,3.3634,0.0518,3.3116,6.0141,17.8962,-3.3875,13618.2126,NA,NA,NA
python.exe,1968,0x0,Other,-1,0,0,Composed: Copy with GPU GDI,2026-8-20 19:22:38.858835200,2.3313,2.3313,0.0000,0.0137,2.4887,2.4887,0.0000,20.2823,0.2185,-14.2682,13621.8406,NA,NA,NA
python.exe,1968,0x0,Other,-1,0,0,Composed: Copy with GPU GDI,2026-8-20 19:22:38.861166500,6.5098,6.5098,0.0000,0.1754,6.9847,0.7545,6.2302,NA,NA,NA,NA,NA,NA,NA
python.exe,1968,0x0,Other,-1,0,0,Composed: Copy with GPU GDI,2026-8-20 19:22:38.867676300,5.5655,5.5655,0.0000,0.6532,5.1994,0.4110,4.7884,NA,NA,NA,NA,NA,NA,NA
python.exe,1968,0x0,Other,0,0,1,Hardware: Legacy Flip,2026-8-20 19:22:38.873241800,3.8499,3.8499,0.0000,0.2903,3.5761,0.0812,3.4949,6.0942,16.6591,14.1881,13636.2472,NA,NA,NA
python.exe,1968,0x0,Other,-1,0,0,Composed: Copy with GPU GDI,2026-8-20 19:22:38.877091700,2.0869,2.0869,0.0000,0.0165,2.4359,2.4359,0.0000,NA,NA,NA,NA,NA,NA,NA
python.exe,1968,0x0,Other,-1,0,0,Composed: Copy with GPU GDI,2026-8-20 19:22:38.879178600,8.9238,8.9238,0.0000,0.3697,8.8727,0.4227,8.4500,NA,NA,NA,NA,NA,NA,NA
python.exe,1968,0x0,Other,-1,0,0,Composed: Copy with GPU GDI,2026-8-20 19:22:38.888102400,3.2700,3.2700,0.0000,0.3221,3.2170,0.3587,2.8583,NA,NA,NA,NA,NA,NA,NA
python.exe,1968,0x0,Other,0,0,1,Hardware: Legacy Flip,2026-8-20 19:22:38.891372400,2.2743,2.2743,0.0000,0.2725,2.0141,0.0530,1.9611,4.6227,17.3060,1.4715,13654.3778,NA,NA,NA
python.exe,1968,0x0,Other,-1,0,0,Composed: Copy with GPU GDI,2026-8-20 19:22:38.893646700,5.2388,5.2388,0.0000,0.0123,5.4347,2.5613,2.8734,NA,NA,NA,NA,NA,NA,NA
python.exe,1968,0x0,Other,-1,0,0,Composed: Copy with GPU GDI,2026-8-20 19:22:38.898885500,4.7255,4.7255,0.0000,0.2123,4.7059,0.3543,4.3516,NA,NA,NA,NA,NA,NA,NA
python.exe,1968,0x0,Other,-1,0,0,Composed: Copy with GPU GDI,2026-8-20 19:22:38.903611000,7.0602,7.0602,0.0000,0.1956,7.0754,0.2825,6.7929,NA,NA,NA,NA,NA,NA,NA
python.exe,1968,0x0,Other,0,0,1,Hardware: Legacy Flip,2026-8-20 19:22:38.910671200,0.4304,0.4304,0.0000,0.2147,0.2524,0.0711,0.1813,2.6299,14.3680,1.9928,13673.6766,NA,NA,NA
python.exe,1968,0x0,Other,-1,0,0,Composed: Copy with GPU GDI,2026-8-20 19:22:38.911101600,3.8989,3.8989,0.0000,0.0367,4.1715,2.4817,1.6898,16.5675,1.0346,-13.9376,13674.1070,NA,NA,NA
python.exe,1968,0x0,Other,-1,0,0,Composed: Copy with GPU GDI,2026-8-20 19:22:38.915000500,6.5646,6.5646,0.0000,0.3133,6.5424,0.3871,6.1553,NA,NA,NA,NA,NA,NA,NA
python.exe,1968,0x0,Other,0,0,1,Hardware: Legacy Flip,2026-8-20 19:22:38.921565100,4.8762,4.8762,0.0000,0.2951,4.5967,0.0634,4.5333,7.1386,17.1408,9.4289,13684.5705,NA,NA,NA
python.exe,1968,0x0,Other,-1,0,0,Composed: Copy with GPU GDI,2026-8-20 19:22:38.926441300,1.0779,1.0779,0.0000,0.0156,2.4431,2.4431,0.0000,19.4032,0.4580,-12.2646,13689.4467,NA,NA,NA
python.exe,1968,0x0,Other,-1,0,0,Composed: Copy with GPU GDI,2026-8-20 19:22:38.927519200,7.2578,7.2578,0.0000,1.3841,6.2445,0.4519,5.7926,NA,NA,NA,NA,NA,NA,NA
python.exe,1968,0x0,Other,-1,0,0,Composed: Copy with GPU GDI,2026-8-20 19:22:38.934777000,8.6156,8.6156,0.0000,0.3738,8.5451,0.3841,8.1610,NA,NA,NA,NA,NA,NA,NA
python.exe,1968,0x0,Other,0,0,1,Hardware: Legacy Flip,2026-8-20 19:22:38.943392600,0.7237,0.7237,0.0000,0.3069,0.4289,0.0475,0.3814,2.9099,16.1880,16.4933,13706.3980,NA,NA,NA
python.exe,1968,0x0,Other,-1,0,0,Composed: Copy with GPU GDI,2026-8-20 19:22:38.944116300,2.3042,2.3042,0.0000,0.0121,2.8771,2.7854,0.0917,NA,NA,NA,NA,NA,NA,NA
python.exe,1968,0x0,Other,-1,0,0,Composed: Copy with GPU GDI,2026-8-20 19:22:38.946420500,8.2925,8.2925,0.0000,0.5877,8.0170,0.3973,7.6197,NA,NA,NA,NA,NA,NA,NA
python.exe,1968,0x0,Other,-1,0,0,Composed: Copy with GPU GDI,2026-8-20 19:22:38.954713000,3.3469,3.3469,0.0000,0.3154,3.2721,0.3579,2.9142,NA,NA,NA,NA,NA,NA,NA
python.exe,1968,0x0,Other,0,0,1,Hardware: Legacy Flip,2026-8-20 19:22:38.958059900,2.1369,2.1369,0.0000,0.2440,1.9056,0.0470,1.8586,4.4306,17.0990,-1.5207,13721.0653,NA,NA,NA
python.exe,1968,0x0,Other,-1,0,0,Composed: Copy with GPU GDI,2026-8-20 19:22:38.960196800,5.8032,5.8032,0.0000,0.0127,6.0836,2.6093,3.4743,NA,NA,NA,NA,NA,NA,NA
python.exe,1968,0x0,Other,-1,0,0,Composed: Copy with GPU GDI,2026-8-20 19:22:38.966000000,4.0108,4.0108,0.0000,0.2968,4.0012,0.3644,3.6368,NA,NA,NA,NA,NA,NA,NA
python.exe,1968,0x0,Other,0,0,1,Hardware: Legacy Flip,2026-8-20 19:22:38.970010800,7.2464,7.2464,0.0000,0.2912,6.9682,0.0484,6.9198,9.5787,14.7857,-5.1481,13733.0162,NA,NA,NA
python.exe,1968,0x0,Other,-1,0,0,Composed: Copy with GPU GDI,2026-8-20 19:22:38.977257200,0.2965,0.2965,0.0000,0.0130,2.5330,2.5330,0.0000,17.1180,1.4406,-7.5393,13740.2626,NA,NA,NA
python.exe,1968,0x0,Other,-1,0,0,Composed: Copy with GPU GDI,2026-8-20 19:22:38.977553700,4.5088,4.5088,0.0000,2.2532,2.5651,0.3845,2.1806,NA,NA,NA,NA,NA,NA,NA
python.exe,1968,0x0,Other,-1,0,0,Composed: Copy with GPU GDI,2026-8-20 19:22:38.982062500,6.8555,6.8555,0.0000,0.3134,7.0739,0.6140,6.4599,NA,NA,NA,NA,NA,NA,NA
python.exe,1968,0x0,Other,0,0,1,Hardware: Legacy Flip,2026-8-20 19:22:38.988918000,4.6020,4.6020,0.0000,0.5341,4.0832,0.0555,4.0277,6.8978,16.7599,10.2202,13751.9234,NA,NA,NA
python.exe,1968,0x0,Other,-1,0,0,Composed: Copy with GPU GDI,2026-8-20 19:22:38.993520000,0.5967,0.5967,0.0000,0.0153,2.4955,2.4955,0.0000,19.0557,0.3313,-12.1579,13756.5254,NA,NA,NA
python.exe,1968,0x0,Other,-1,0,0,Composed: Copy with GPU GDI,2026-8-20 19:22:38.994116700,6.6118,6.6118,0.0000,1.9169,5.0012,0.3903,4.6109,NA,NA,NA,NA,NA,NA,NA
python.exe,1968,0x0,Other,-1,0,0,Composed: Copy with GPU GDI,2026-8-20 19:22:39.000728500,9.4157,9.4157,0.0000,9.8519,0.1688,0.1688,0.0000,NA,NA,NA,NA,NA,NA,NA
python.exe,1968,0x0,Other,0,0,1,Hardware: Legacy Flip,2026-8-20 19:22:39.010144200,0.4242,0.4242,0.0000,0.0000,9.5422,0.5002,9.0420,2.7628,15.8039,16.2929,13773.1496,NA,NA,NA
python.exe,1968,0x0,Other,-1,0,0,Composed: Copy with GPU GDI,2026-8-20 19:22:39.010568400,2.8299,2.8299,0.0000,0.1808,2.8959,2.4318,0.4641,NA,NA,NA,NA,NA,NA,NA
python.exe,1968,0x0,Other,-1,0,0,Composed: Copy with GPU GDI,2026-8-20 19:22:39.013398300,7.8869,7.8869,0.0000,0.2499,7.9600,0.3893,7.5707,NA,NA,NA,NA,NA,NA,NA
python.exe,1968,0x0,Other,-1,0,0,Composed: Copy with GPU GDI,2026-8-20 19:22:39.021285200,4.1663,4.1663,0.0000,0.3256,4.3016,0.5429,3.7587,NA,NA,NA,NA,NA,NA,NA
python.exe,1968,0x0,Other,0,0,1,Hardware: Legacy Flip,2026-8-20 19:22:39.025451500,1.1252,1.1252,0.0000,0.4628,0.6745,0.0446,0.6299,3.2594,17.4803,-0.4966,13788.4569,NA,NA,NA
python.exe,1968,0x0,Other,-1,0,0,Composed: Copy with GPU GDI,2026-8-20 19:22:39.026576700,6.3716,6.3716,0.0000,0.0121,6.7048,2.4817,4.2231,NA,NA,NA,NA,NA,NA,NA
python.exe,1968,0x0,Other,-1,0,0,Composed: Copy with GPU GDI,2026-8-20 19:22:39.032948300,4.5874,4.5874,0.0000,0.3482,4.6736,0.5336,4.1400,NA,NA,NA,NA,NA,NA,NA
python.exe,1968,0x0,Other,0,0,1,Hardware: Legacy Flip,2026-8-20 19:22:39.037535700,6.4937,6.4937,0.0000,0.4365,6.0719,0.0551,6.0168,8.6555,14.9172,-5.3961,13800.5411,NA,NA,NA
python.exe,1968,0x0,Other,-1,0,0,Composed: Copy with GPU GDI,2026-8-20 19:22:39.044029400,0.1164,0.1164,0.0000,0.0147,2.3459,2.3459,0.0000,17.0790,1.2235,-8.4235,13807.0348,NA,NA,NA
python.exe,1968,0x0,Other,-1,0,0,Composed: Copy with GPU GDI,2026-8-20 19:22:39.044145800,5.0221,5.0221,0.0000,2.2475,3.0793,0.4070,2.6723,NA,NA,NA,NA,NA,NA,NA
python.exe,1968,0x0,Other,-1,0,0,Composed: Copy with GPU GDI,2026-8-20 19:22:39.049167900,6.4798,6.4798,0.0000,0.3087,6.7374,0.6487,6.0887,NA,NA,NA,NA,NA,NA,NA
python.exe,1968,0x0,Other,0,0,1,Hardware: Legacy Flip,2026-8-20 19:22:39.055647700,4.4521,4.4521,0.0000,0.5684,3.8986,0.0561,3.8425,6.6842,16.8277,10.3948,13818.6531,NA,NA,NA
python.exe,1968,0x0,Other,-1,0,0,Composed: Copy with GPU GDI,2026-8-20 19:22:39.060099800,2.0809,2.0809,0.0000,0.0149,2.8349,2.8349,0.0000,NA,NA,NA,NA,NA,NA,NA
python.exe,1968,0x0,Other,-1,0,0,Composed: Copy with GPU GDI,2026-8-20 19:22:39.062180700,5.1860,5.1860,0.0000,0.7708,4.7231,0.4096,4.3135,NA,NA,NA,NA,NA,NA,NA
python.exe,1968,0x0,Other,-1,0,0,Composed: Copy with GPU GDI,2026-8-20 19:22:39.067366700,9.2290,9.2290,0.0000,0.3112,9.2287,0.3891,8.8396,NA,NA,NA,NA,NA,NA,NA
python.exe,1968,0x0,Other,0,0,1,Hardware: Legacy Flip,2026-8-20 19:22:39.076595700,0.4331,0.4331,0.0000,0.3147,0.1313,0.0494,0.0819,2.5639,16.8516,4.1203,13839.6011,NA,NA,NA
python.exe,1968,0x0,Other,-1,0,0,Composed: Copy with GPU GDI,2026-8-20 19:22:39.077028800,1.7505,1.7505,0.0000,0.0129,2.3865,2.3865,0.0000,NA,NA,NA,NA,NA,NA,NA
python.exe,1968,0x0,Other,-1,0,0,Composed: Copy with GPU GDI,2026-8-20 19:22:39.078779300,9.0542,9.0542,0.0000,0.6527,8.7329,0.4024,8.3305,NA,NA,NA,NA,NA,NA,NA
python.exe,1968,0x0,Other,-1,0,0,Composed: Copy with GPU GDI,2026-8-20 19:22:39.087833500,3.0706,3.0706,0.0000,0.3342,3.0263,0.3675,2.6588,NA,NA,NA,NA,NA,NA,NA
python.exe,1968,0x0,Other,0,0,1,Hardware: Legacy Flip,2026-8-20 19:22:39.090904100,2.7767,2.7767,0.0000,0.2950,2.4938,0.0494,2.4444,5.1071,13.6449,-2.5432,13853.9095,NA,NA,NA
python.exe,1968,0x0,Other,-1,0,0,Composed: Copy with GPU GDI,2026-8-20 19:22:39.093680800,5.2766,5.2766,0.0000,0.0121,5.5780,2.6359,2.9421,15.9753,3.3479,-10.8682,13856.6862,NA,NA,NA
python.exe,1968,0x0,Other,-1,0,0,Composed: Copy with GPU GDI,2026-8-20 19:22:39.098957400,4.4147,4.4147,0.0000,0.3154,4.4282,0.3944,4.0338,NA,NA,NA,NA,NA,NA,NA
python.exe,1968,0x0,Other,0,0,1,Hardware: Legacy Flip,2026-8-20 19:22:39.103372100,6.7562,6.7562,0.0000,0.3326,6.4371,0.0511,6.3860,9.6319,14.8416,6.3434,13866.3775,NA,NA,NA
python.exe,1968,0x0,Other,-1,0,0,Composed: Copy with GPU GDI,2026-8-20 19:22:39.110128300,0.3289,0.3289,0.0000,0.0135,0.6678,0.6678,0.0000,17.7173,0.9655,-8.0854,13873.1337,NA,NA,NA
python.exe,1968,0x0,Other,-1,0,0,Composed: Copy with GPU GDI,2026-8-20 19:22:39.110457200,5.7890,5.7890,0.0000,0.3524,6.0795,2.8702,3.2093,NA,NA,NA,NA,NA,NA,NA
python.exe,1968,0x0,Other,-1,0,0,Composed: Copy with GPU GDI,2026-8-20 19:22:39.116246200,6.3656,6.3656,0.0000,0.6454,5.9968,0.3409,5.6559,NA,NA,NA,NA,NA,NA,NA
python.exe,1968,0x0,Other,0,0,1,Hardware: Legacy Flip,2026-8-20 19:22:39.122611800,3.9059,3.9059,0.0000,0.2787,3.6415,0.0536,3.5879,6.1993,17.2640,11.5180,13885.6172,NA,NA,NA
python.exe,1968,0x0,Other,-1,0,0,Composed: Copy with GPU GDI,2026-8-20 19:22:39.126517700,0.5928,0.5928,0.0000,0.0143,2.5011,2.5011,0.0000,19.5574,0.1268,-13.3581,13889.5231,NA,NA,NA
python.exe,1968,0x0,Other,-1,0,0,Composed: Copy with GPU GDI,2026-8-20 19:22:39.127110500,6.6453,6.6453,0.0000,1.9257,5.0505,0.4136,4.6369,NA,NA,NA,NA,NA,NA,NA
python.exe,1968,0x0,Other,-1,0,0,Composed: Copy with GPU GDI,2026-8-20 19:22:39.133755800,6.0081,6.0081,0.0000,0.3344,6.0730,0.4816,5.5914,NA,NA,NA,NA,NA,NA,NA
python.exe,1968,0x0,Other,0,0,1,Hardware: Legacy Flip,2026-8-20 19:22:39.139763900,4.0531,4.0531,0.0000,0.4037,3.6606,0.0436,3.6170,6.4380,15.2979,13.1194,13902.7693,NA,NA,NA
python.exe,1968,0x0,Other,-1,0,0,Composed: Copy with GPU GDI,2026-8-20 19:22:39.143817000,2.6404,2.6404,0.0000,0.0112,2.8337,2.6086,0.2251,NA,NA,NA,NA,NA,NA,NA
python.exe,1968,0x0,Other,-1,0,0,Composed: Copy with GPU GDI,2026-8-20 19:22:39.146457400,7.9497,7.9497,0.0000,0.2075,8.0648,0.3929,7.6719,NA,NA,NA,NA,NA,NA,NA
python.exe,1968,0x0,Other,-1,0,0,Composed: Copy with GPU GDI,2026-8-20 19:22:39.154407100,3.1329,3.1329,0.0000,0.3253,3.0779,0.3498,2.7281,NA,NA,NA,NA,NA,NA,NA
python.exe,1968,0x0,Other,0,0,1,Hardware: Legacy Flip,2026-8-20 19:22:39.157540000,1.7645,1.7645,0.0000,0.2753,1.5016,0.0469,1.4547,3.9598,14.8847,2.4782,13920.5454,NA,NA,NA
python.exe,1968,0x0,Other,-1,0,0,Composed: Copy with GPU GDI,2026-8-20 19:22:39.159304500,5.8407,5.8407,0.0000,0.0124,6.0314,2.4006,3.6308,17.0800,2.6700,-13.1202,13922.3099,NA,NA,NA
python.exe,1968,0x0,Other,-1,0,0,Composed: Copy with GPU GDI,2026-8-20 19:22:39.165145200,5.6883,5.6883,0.0000,0.2062,5.8158,0.4153,5.4005,NA,NA,NA,NA,NA,NA,NA
python.exe,1968,0x0,Other,0,0,1,Hardware: Legacy Flip,2026-8-20 19:22:39.170833500,5.9378,5.9378,0.0000,0.3358,5.6178,0.0588,5.5590,8.2210,15.5176,8.8590,13933.8389,NA,NA,NA
python.exe,1968,0x0,Other,-1,0,0,Composed: Copy with GPU GDI,2026-8-20 19:22:39.176771300,0.3687,0.3687,0.0000,0.0158,2.9072,2.9072,0.0000,17.8008,1.4625,-9.5798,13939.7767,NA,NA,NA
python.exe,1968,0x0,Other,-1,0,0,Composed: Copy with GPU GDI,2026-8-20 19:22:39.177140000,5.5735,5.5735,0.0000,2.5560,3.2858,0.3910,2.8948,NA,NA,NA,NA,NA,NA,NA
python.exe,1968,0x0,Other,-1,0,0,Composed: Copy with GPU GDI,2026-8-20 19:22:39.182713500,6.0221,6.0221,0.0000,0.2714,6.0646,0.4168,5.6478,NA,NA,NA,NA,NA,NA,NA
python.exe,1968,0x0,Other,0,0,1,Hardware: Legacy Flip,2026-8-20 19:22:39.188735600,4.9625,4.9625,0.0000,0.3166,4.6617,0.0583,4.6034,7.2990,16.7447,10.5018,13951.7410,NA,NA,NA
python.exe,1968,0x0,Other,-1,0,0,Composed: Copy with GPU GDI,2026-8-20 19:22:39.193698100,0.4622,0.4622,0.0000,0.0158,2.5297,2.5297,0.0000,19.0812,0.1744,-11.7822,13956.7035,NA,NA,NA
python.exe,1968,0x0,Other,-1,0,0,Composed: Copy with GPU GDI,2026-8-20 19:22:39.194160300,6.6661,6.6661,0.0000,2.0858,4.8563,0.3931,4.4632,NA,NA,NA,NA,NA,NA,NA
python.exe,1968,0x0,Other,-1,0,0,Composed: Copy with GPU GDI,2026-8-20 19:22:39.200826400,9.4681,9.4681,0.0000,0.2794,9.5327,0.4153,9.1174,NA,NA,NA,NA,NA,NA,NA
python.exe,1968,0x0,Other,0,0,1,Hardware: Legacy Flip,2026-8-20 19:22:39.210294500,0.4322,0.4322,0.0000,0.3482,0.0968,0.0492,0.0476,2.6592,16.8011,16.4220,13973.2999,NA,NA,NA
python.exe,1968,0x0,Other,-1,0,0,Composed: Copy with GPU GDI,2026-8-20 19:22:39.210726700,1.7055,1.7055,0.0000,0.0128,2.3428,2.3428,0.0000,NA,NA,NA,NA,NA,NA,NA
python.exe,1968,0x0,Other,-1,0,0,Composed: Copy with GPU GDI,2026-8-20 19:22:39.212432200,8.9500,8.9500,0.0000,0.6559,8.4531,0.2357,8.2174,NA,NA,NA,NA,NA,NA,NA
python.exe,1968,0x0,Other,-1,0,0,Composed: Copy with GPU GDI,2026-8-20 19:22:39.221382200,4.5933,4.5933,0.0000,0.1618,4.7317,0.3707,4.3610,NA,NA,NA,NA,NA,NA,NA
python.exe,1968,0x0,Other,0,0,1,Hardware: Legacy Flip,2026-8-20 19:22:39.225975500,1.2637,1.2637,0.0000,0.3037,0.9718,0.0424,0.9294,3.7793,17.2053,-1.1201,13988.9809,NA,NA,NA
python.exe,1968,0x0,Other,-1,0,0,Composed: Copy with GPU GDI,2026-8-20 19:22:39.227239200,5.5346,5.5346,0.0000,0.0118,5.8800,2.8578,3.0222,NA,NA,NA,NA,NA,NA,NA
python.exe,1968,0x0,Other,-1,0,0,Composed: Copy with GPU GDI,2026-8-20 19:22:39.232773800,4.5005,4.5005,0.0000,0.3601,4.4176,0.3655,4.0521,NA,NA,NA,NA,NA,NA,NA
python.exe,1968,0x0,Other,-1,0,0,Composed: Copy with GPU GDI,2026-8-20 19:22:39.237274300,7.1443,7.1443,0.0000,0.2796,7.0783,0.2864,6.7919,NA,NA,NA,NA,NA,NA,NA
python.exe,1968,0x0,Other,0,0,1,Hardware: Legacy Flip,2026-8-20 19:22:39.244418600,0.3753,0.3753,0.0000,0.2175,0.1941,0.0706,0.1235,2.5415,15.0695,1.2378,14007.4240,NA,NA,NA
python.exe,1968,0x0,Other,-1,0,0,Composed: Copy with GPU GDI,2026-8-20 19:22:39.244793900,4.5429,4.5429,0.0000,0.0363,4.7644,2.4863,2.2781,NA,NA,NA,NA,NA,NA,NA
python.exe,1968,0x0,Other,-1,0,0,Composed: Copy with GPU GDI,2026-8-20 19:22:39.249336800,5.8833,5.8833,0.0000,0.2602,5.9632,0.4129,5.5503,NA,NA,NA,NA,NA,NA,NA
python.exe,1968,0x0,Other,0,0,1,Hardware: Legacy Flip,2026-8-20 19:22:39.255220100,4.5574,4.5574,0.0000,0.3449,4.2270,0.0596,4.1674,6.8095,17.5584,-4.2680,14018.2255,NA,NA,NA
python.exe,1968,0x0,Other,-1,0,0,Composed: Copy with GPU GDI,2026-8-20 19:22:39.259777500,0.9816,0.9816,0.0000,0.0145,2.4437,2.4437,0.0000,NA,NA,NA,NA,NA,NA,NA
python.exe,1968,0x0,Other,-1,0,0,Composed: Copy with GPU GDI,2026-8-20 19:22:39.260759100,5.5420,5.5420,0.0000,1.4795,4.4739,0.4804,3.9935,NA,NA,NA,NA,NA,NA,NA
python.exe,1968,0x0,Other,-1,0,0,Composed: Copy with GPU GDI,2026-8-20 19:22:39.266301100,7.0909,7.0909,0.0000,0.4141,7.0093,0.4146,6.5947,NA,NA,NA,NA,NA,NA,NA
python.exe,1968,0x0,Other,0,0,1,Hardware: Legacy Flip,2026-8-20 19:22:39.273392000,3.8903,3.8903,0.0000,0.3372,3.5650,0.0443,3.5207,6.1960,16.4195,0.6135,14036.3974,NA,NA,NA
python.exe,1968,0x0,Other,-1,0,0,Composed: Copy with GPU GDI,2026-8-20 19:22:39.277282300,2.1057,2.1057,0.0000,0.0119,2.4314,2.4314,0.0000,NA,NA,NA,NA,NA,NA,NA
python.exe,1968,0x0,Other,-1,0,0,Composed: Copy with GPU GDI,2026-8-20 19:22:39.279388000,8.3210,8.3210,0.0000,0.3412,8.3478,0.4360,7.9118,NA,NA,NA,NA,NA,NA,NA
python.exe,1968,0x0,Other,-1,0,0,Composed: Copy with GPU GDI,2026-8-20 19:22:39.287709000,3.3448,3.3448,0.0000,0.3708,3.2647,0.3691,2.8956,NA,NA,NA,NA,NA,NA,NA
python.exe,1968,0x0,Other,0,0,1,Hardware: Legacy Flip,2026-8-20 19:22:39.291053800,2.6238,2.6238,0.0000,0.2954,2.3406,0.0453,2.2953,4.9537,13.8434,1.2423,14054.0592,NA,NA,NA
python.exe,1968,0x0,Other,-1,0,0,Composed: Copy with GPU GDI,2026-8-20 19:22:39.293677600,5.3689,5.3689,0.0000,0.0122,5.6709,2.6389,3.0320,NA,NA,NA,NA,NA,NA,NA
python.exe,1968,0x0,Other,-1,0,0,Composed: Copy with GPU GDI,2026-8-20 19:22:39.299046500,4.4965,4.4965,0.0000,0.3170,4.4658,0.3657,4.1001,10.8044,2.3793,-5.8507,14062.0519,NA,NA,NA
python.exe,1968,0x0,Other,0,0,1,Hardware: Legacy Flip,2026-8-20 19:22:39.303543000,6.4090,6.4090,0.0000,0.2900,6.1345,0.0596,6.0749,8.6872,9.7483,2.1172,14066.5484,NA,NA,NA
python.exe,1968,0x0,Other,-1,0,0,Composed: Copy with GPU GDI,2026-8-20 19:22:39.309952000,0.6624,0.6624,0.0000,0.0155,2.7288,2.7288,0.0000,12.0265,7.4385,-3.3393,14072.9574,NA,NA,NA
python.exe,1968,0x0,Other,-1,0,0,Composed: Copy with GPU GDI,2026-8-20 19:22:39.310614400,5.5758,5.5758,0.0000,2.0874,3.8013,0.4022,3.3991,NA,NA,NA,NA,NA,NA,NA
python.exe,1968,0x0,Other,-1,0,0,Composed: Copy with GPU GDI,2026-8-20 19:22:39.316190200,6.5731,6.5731,0.0000,0.3181,6.6186,0.4416,6.1770,NA,NA,NA,NA,NA,NA,NA
python.exe,1968,0x0,Other,0,0,1,Hardware: Legacy Flip,2026-8-20 19:22:39.322763300,4.3866,4.3866,0.0000,0.3655,4.0356,0.0526,3.9830,6.6537,16.5864,5.3728,14085.7687,NA,NA,NA
python.exe,1968,0x0,Other,-1,0,0,Composed: Copy with GPU GDI,2026-8-20 19:22:39.327149900,1.0367,1.0367,0.0000,0.0145,2.4574,2.4574,0.0000,NA,NA,NA,NA,NA,NA,NA
python.exe,1968,0x0,Other,-1,0,0,Composed: Copy with GPU GDI,2026-8-20 19:22:39.328186600,5.6799,5.6799,0.0000,1.4374,4.6683,0.5076,4.1607,NA,NA,NA,NA,NA,NA,NA
python.exe,1968,0x0,Other,-1,0,0,Composed: Copy with GPU GDI,2026-8-20 19:22:39.333866500,9.5405,9.5405,0.0000,0.4306,9.4233,0.3999,9.0234,NA,NA,NA,NA,NA,NA,NA
python.exe,1968,0x0,Other,0,0,1,Hardware: Legacy Flip,2026-8-20 19:22:39.343407000,0.4356,0.4356,0.0000,0.3171,0.1296,0.0455,0.0841,2.5964,16.5230,4.0573,14106.4124,NA,NA,NA
python.exe,1968,0x0,Other,-1,0,0,Composed: Copy with GPU GDI,2026-8-20 19:22:39.343842600,2.6040,2.6040,0.0000,0.0111,2.7566,2.3501,0.4065,NA,NA,NA,NA,NA,NA,NA
python.exe,1968,0x0,Other,-1,0,0,Composed: Copy with GPU GDI,2026-8-20 19:22:39.346446600,8.0281,8.0281,0.0000,0.1700,8.1713,0.3896,7.7817,NA,NA,NA,NA,NA,NA,NA
python.exe,1968,0x0,Other,-1,0,0,Composed: Copy with GPU GDI,2026-8-20 19:22:39.354474700,4.4842,4.4842,0.0000,0.3163,4.7267,0.6220,4.1047,NA,NA,NA,NA,NA,NA,NA
python.exe,1968,0x0,Other,0,0,1,Hardware: Legacy Flip,2026-8-20 19:22:39.358958900,1.3265,1.3265,0.0000,0.5609,0.7774,0.0450,0.7324,3.5675,17.0017,-0.9711,14121.9643,NA,NA,NA
python.exe,1968,0x0,Other,-1,0,0,Composed: Copy with GPU GDI,2026-8-20 19:22:39.360285400,5.2754,5.2754,0.0000,0.0118,5.4677,2.4518,3.0159,NA,NA,NA,NA,NA,NA,NA
python.exe,1968,0x0,Other,-1,0,0,Composed: Copy with GPU GDI,2026-8-20 19:22:39.365560800,4.4941,4.4941,0.0000,0.2072,4.5778,0.3721,4.2057,NA,NA,NA,NA,NA,NA,NA
python.exe,1968,0x0,Other,0,0,1,Hardware: Legacy Flip,2026-8-20 19:22:39.370054900,7.0873,7.0873,0.0000,0.2957,6.8129,0.0757,6.7372,9.4732,9.1850,-5.9057,14133.0603,NA,NA,NA
python.exe,1968,0x0,Other,-1,0,0,Composed: Copy with GPU GDI,2026-8-20 19:22:39.377142200,0.4472,0.4472,0.0000,0.0213,2.5934,2.5934,0.0000,11.5709,6.6393,-2.0977,14140.1476,NA,NA,NA
python.exe,1968,0x0,Other,-1,0,0,Composed: Copy with GPU GDI,2026-8-20 19:22:39.377589400,5.0317,5.0317,0.0000,2.1710,3.1706,0.3781,2.7925,NA,NA,NA,NA,NA,NA,NA
python.exe,1968,0x0,Other,-1,0,0,Composed: Copy with GPU GDI,2026-8-20 19:22:39.382621100,6.1236,6.1236,0.0000,0.3117,6.1824,0.4437,5.7387,NA,NA,NA,NA,NA,NA,NA
python.exe,1968,0x0,Other,0,0,1,Hardware: Legacy Flip,2026-8-20 19:22:39.388744700,4.3379,4.3379,0.0000,0.3741,3.9790,0.0565,3.9225,6.6077,17.3955,4.9632,14151.7501,NA,NA,NA
python.exe,1968,0x0,Other,-1,0,0,Composed: Copy with GPU GDI,2026-8-20 19:22:39.393082600,0.6835,0.6835,0.0000,0.0152,2.4711,2.4711,0.0000,NA,NA,NA,NA,NA,NA,NA
python.exe,1968,0x0,Other,-1,0,0,Composed: Copy with GPU GDI,2026-8-20 19:22:39.393766100,6.1501,6.1501,0.0000,1.8047,4.6691,0.4090,4.2601,NA,NA,NA,NA,NA,NA,NA
python.exe,1968,0x0,Other,-1,0,0,Composed: Copy with GPU GDI,2026-8-20 19:22:39.399916200,6.3873,6.3873,0.0000,0.3298,6.5077,0.5334,5.9743,NA,NA,NA,NA,NA,NA,NA
python.exe,1968,0x0,Other,0,0,1,Hardware: Legacy Flip,2026-8-20 19:22:39.406303500,4.1792,4.1792,0.0000,0.4536,3.7388,0.0488,3.6900,6.4444,12.3669,0.1633,14169.3089,NA,NA,NA
python.exe,1968,0x0,Other,-1,0,0,Composed: Copy with GPU GDI,2026-8-20 19:22:39.410482700,3.0063,3.0063,0.0000,0.0132,3.2779,2.5984,0.6795,14.6321,3.9984,-8.1877,14173.4881,NA,NA,NA
python.exe,1968,0x0,Other,-1,0,0,Composed: Copy with GPU GDI,2026-8-20 19:22:39.413489000,7.7935,7.7935,0.0000,0.2876,7.8229,0.3864,7.4365,NA,NA,NA,NA,NA,NA,NA
python.exe,1968,0x0,Other,-1,0,0,Composed: Copy with GPU GDI,2026-8-20 19:22:39.421282500,5.2305,5.2305,0.0000,0.3198,5.1282,0.2910,4.8372,NA,NA,NA,NA,NA,NA,NA
python.exe,1968,0x0,Other,0,0,1,Hardware: Legacy Flip,2026-8-20 19:22:39.426513000,0.4672,0.4672,0.0000,0.2215,0.2582,0.0550,0.2032,2.6002,17.4610,12.0319,14189.5184,NA,NA,NA
python.exe,1968,0x0,Other,-1,0,0,Composed: Copy with GPU GDI,2026-8-20 19:22:39.426980200,5.9087,5.9087,0.0000,0.0125,6.1757,2.4543,3.7214,NA,NA,NA,NA,NA,NA,NA
python.exe,1968,0x0,Other,-1,0,0,Composed: Copy with GPU GDI,2026-8-20 19:22:39.432888900,4.2538,4.2538,0.0000,0.2829,4.2884,0.4040,3.8844,NA,NA,NA,NA,NA,NA,NA
python.exe,1968,0x0,Other,0,0,1,Hardware: Legacy Flip,2026-8-20 19:22:39.437142700,6.6176,6.6176,0.0000,0.3225,6.3362,0.0806,6.2556,9.4315,14.9364,-6.8313,14200.1481,NA,NA,NA
python.exe,1968,0x0,Other,-1,0,0,Composed: Copy with GPU GDI,2026-8-20 19:22:39.443760300,0.3891,0.3891,0.0000,0.0411,0.6372,0.6372,0.0000,17.7503,0.8785,-8.3188,14206.7657,NA,NA,NA
python.exe,1968,0x0,Other,-1,0,0,Composed: Copy with GPU GDI,2026-8-20 19:22:39.444149400,5.0540,5.0540,0.0000,0.2892,5.1244,2.5228,2.6016,NA,NA,NA,NA,NA,NA,NA
python.exe,1968,0x0,Other,-1,0,0,Composed: Copy with GPU GDI,2026-8-20 19:22:39.449203400,5.9447,5.9447,0.0000,0.3643,5.9672,0.4612,5.5060,NA,NA,NA,NA,NA,NA,NA
python.exe,1968,0x0,Other,0,0,1,Hardware: Legacy Flip,2026-8-20 19:22:39.455148100,5.0434,5.0434,0.0000,0.3905,4.6680,0.0555,4.6125,7.2410,11.2616,10.5093,14218.1535,NA,NA,NA
python.exe,1968,0x0,Other,-1,0,0,Composed: Copy with GPU GDI,2026-8-20 19:22:39.460191500,1.4697,1.4697,0.0000,0.0151,2.4027,2.4027,0.0000,13.4592,5.6602,-6.2182,14223.1969,NA,NA,NA
python.exe,1968,0x0,Other,-1,0,0,Composed: Copy with GPU GDI,2026-8-20 19:22:39.461661200,6.2040,6.2040,0.0000,0.9507,5.5845,0.4189,5.1656,NA,NA,NA,NA,NA,NA,NA
python.exe,1968,0x0,Other,-1,0,0,Composed: Copy with GPU GDI,2026-8-20 19:22:39.467865200,5.5369,5.5369,0.0000,0.3348,5.6286,0.5097,5.1189,NA,NA,NA,NA,NA,NA,NA
python.exe,1968,0x0,Other,0,0,1,Hardware: Legacy Flip,2026-8-20 19:22:39.473402100,3.6657,3.6657,0.0000,0.4315,3.2452,0.0442,3.2010,5.9088,16.6915,7.5504,14236.4075,NA,NA,NA
python.exe,1968,0x0,Other,-1,0,0,Composed: Copy with GPU GDI,2026-8-20 19:22:39.477067800,2.8471,2.8471,0.0000,0.0110,3.1475,2.5639,0.5836,NA,NA,NA,NA,NA,NA,NA
python.exe,1968,0x0,Other,-1,0,0,Composed: Copy with GPU GDI,2026-8-20 19:22:39.479914900,7.8451,7.8451,0.0000,0.3143,7.8945,0.4331,7.4614,NA,NA,NA,NA,NA,NA,NA
python.exe,1968,0x0,Other,-1,0,0,Composed: Copy with GPU GDI,2026-8-20 19:22:39.487760000,4.7012,4.7012,0.0000,0.3670,4.9380,0.6879,4.2501,NA,NA,NA,NA,NA,NA,NA
python.exe,1968,0x0,Other,0,0,1,Hardware: Legacy Flip,2026-8-20 19:22:39.492461200,1.2532,1.2532,0.0000,0.6056,0.6595,0.0447,0.6148,3.5412,16.2970,2.3676,14255.4666,NA,NA,NA
python.exe,1968,0x0,Other,-1,0,0,Composed: Copy with GPU GDI,2026-8-20 19:22:39.493714400,5.2496,5.2496,0.0000,0.0119,5.5372,2.5748,2.9624,NA,NA,NA,NA,NA,NA,NA
python.exe,1968,0x0,Other,-1,0,0,Composed: Copy with GPU GDI,2026-8-20 19:22:39.498964000,4.0205,4.0205,0.0000,0.3027,3.9886,0.3486,3.6400,NA,NA,NA,NA,NA,NA,NA
python.exe,1968,0x0,Other,-1,0,0,Composed: Copy with GPU GDI,2026-8-20 19:22:39.502984500,6.7850,6.7850,0.0000,7.2092,0.0084,0.0084,0.0000,NA,NA,NA,NA,NA,NA,NA
python.exe,1968,0x0,Other,0,0,1,Hardware: Legacy Flip,2026-8-20 19:22:39.509769500,0.3908,0.3908,0.0000,0.0000,6.9336,0.5004,6.4332,2.5299,25.4035,1.0113,14272.7749,NA,NA,NA
python.exe,1968,0x0,Other,-1,0,0,Composed: Copy with GPU GDI,2026-8-20 19:22:39.510160300,21.7447,21.7447,0.0000,0.0418,22.0186,2.4656,19.5530,NA,NA,NA,NA,NA,NA,NA
python.exe,1968,0x0,Other,-1,0,0,Composed: Copy with GPU GDI,2026-8-20 19:22:39.531905000,0.2978,0.2978,0.0000,0.3892,0.0769,0.0769,0.0000,NA,NA,NA,NA,NA,NA,NA
python.exe,1968,0x0,Other,-1,0,0,Composed: Copy with GPU GDI,2026-8-20 19:22:39.532202800,1.3939,1.3939,0.0000,0.0980,1.5860,0.3530,1.2330,NA,NA,NA,NA,NA,NA,NA
python.exe,1968,0x0,Other,0,0,1,Hardware: Legacy Flip,2026-8-20 19:22:39.533596700,1.9166,1.9166,0.0000,0.2931,1.6683,0.0782,1.5901,4.1062,8.9909,-1.5763,14296.6021,NA,NA,NA
python.exe,1968,0x0,Other,-1,0,0,Composed: Copy with GPU GDI,2026-8-20 19:22:39.535513300,8.5309,8.5309,0.0000,0.0448,8.8403,2.5135,6.3268,NA,NA,NA,NA,NA,NA,NA
python.exe,1968,0x0,Other,0,0,1,Hardware: Legacy Flip,2026-8-20 19:22:39.544044200,0.4329,0.4329,0.0000,0.3589,0.1142,0.0762,0.0380,2.6496,16.2174,1.4566,14307.0496,NA,NA,NA
python.exe,1968,0x0,Other,-1,0,0,Composed: Copy with GPU GDI,2026-8-20 19:22:39.544477100,1.8066,1.8066,0.0000,0.0402,2.3741,2.3741,0.0000,NA,NA,NA,NA,NA,NA,NA
python.exe,1968,0x0,Other,-1,0,0,Composed: Copy with GPU GDI,2026-8-20 19:22:39.546283700,8.5566,8.5566,0.0000,0.6111,8.2984,0.4223,7.8761,NA,NA,NA,NA,NA,NA,NA
python.exe,1968,0x0,Other,-1,0,0,Composed: Copy with GPU GDI,2026-8-20 19:22:39.554840300,3.9981,3.9981,0.0000,0.3557,3.9207,0.3610,3.5597,NA,NA,NA,NA,NA,NA,NA
python.exe,1968,0x0,Other,0,0,1,Hardware: Legacy Flip,2026-8-20 19:22:39.558838400,1.7156,1.7156,0.0000,0.2832,1.4453,0.0493,1.3960,4.0728,16.3565,-1.4232,14321.8438,NA,NA,NA
python.exe,1968,0x0,Other,-1,0,0,Composed: Copy with GPU GDI,2026-8-20 19:22:39.560554000,5.3305,5.3305,0.0000,0.0129,5.5419,2.5926,2.9493,NA,NA,NA,NA,NA,NA,NA
python.exe,1968,0x0,Other,-1,0,0,Composed: Copy with GPU GDI,2026-8-20 19:22:39.565884500,5.5321,5.5321,0.0000,0.2271,5.7841,0.5467,5.2374,NA,NA,NA,NA,NA,NA,NA
python.exe,1968,0x0,Other,-1,0,0,Composed: Copy with GPU GDI,2026-8-20 19:22:39.571416600,5.1718,5.1718,0.0000,0.4810,5.0631,0.4495,4.6136,NA,NA,NA,NA,NA,NA,NA
python.exe,1968,0x0,Other,0,0,1,Hardware: Legacy Flip,2026-8-20 19:22:39.576588400,0.4508,0.4508,0.0000,0.3785,0.0976,0.0866,0.0110,2.6793,15.7082,1.3935,14339.5938,NA,NA,NA
python.exe,1968,0x0,Other,-1,0,0,Composed: Copy with GPU GDI,2026-8-20 19:22:39.577039200,4.9004,4.9004,0.0000,0.0253,5.1962,2.5531,2.6431,17.9367,0.7013,-15.2574,14340.0446,NA,NA,NA
python.exe,1968,0x0,Other,-1,0,0,Composed: Copy with GPU GDI,2026-8-20 19:22:39.581939600,6.4755,6.4755,0.0000,0.3243,6.5355,0.4489,6.0866,NA,NA,NA,NA,NA,NA,NA
python.exe,1968,0x0,Other,0,0,1,Hardware: Legacy Flip,2026-8-20 19:22:39.588415100,4.9493,4.9493,0.0000,0.3871,4.5786,0.0615,4.5171,7.2621,11.4399,10.6746,14351.4205,NA,NA,NA
python.exe,1968,0x0,Other,-1,0,0,Composed: Copy with GPU GDI,2026-8-20 19:22:39.593364400,2.1842,2.1842,0.0000,0.0164,2.4958,2.4958,0.0000,NA,NA,NA,NA,NA,NA,NA
python.exe,1968,0x0,Other,-1,0,0,Composed: Copy with GPU GDI,2026-8-20 19:22:39.595548600,5.0487,5.0487,0.0000,0.3307,5.0525,0.4165,4.6360,11.5685,5.5586,-4.3064,14358.5540,NA,NA,NA
python.exe,1968,0x0,Other,-1,0,0,Composed: Copy with GPU GDI,2026-8-20 19:22:39.600597300,9.3565,9.3565,0.0000,0.3377,9.3550,0.4186,8.9364,NA,NA,NA,NA,NA,NA,NA
python.exe,1968,0x0,Other,0,0,1,Hardware: Legacy Flip,2026-8-20 19:22:39.609953800,0.5231,0.5231,0.0000,0.3417,0.1930,0.0471,0.1459,2.7219,16.4414,8.8466,14372.9592,NA,NA,NA
python.exe,1968,0x0,Other,-1,0,0,Composed: Copy with GPU GDI,2026-8-20 19:22:39.610476900,2.7903,2.7903,0.0000,0.0116,3.0647,2.5250,0.5397,NA,NA,NA,NA,NA,NA,NA
python.exe,1968,0x0,Other,-1,0,0,Composed: Copy with GPU GDI,2026-8-20 19:22:39.613267200,7.5454,7.5454,0.0000,0.2888,7.6065,0.4224,7.1841,NA,NA,NA,NA,NA,NA,NA
python.exe,1968,0x0,Other,-1,0,0,Composed: Copy with GPU GDI,2026-8-20 19:22:39.620812600,5.6094,5.6094,0.0000,0.3527,5.5666,0.3826,5.1840,NA,NA,NA,NA,NA,NA,NA
python.exe,1968,0x0,Other,0,0,1,Hardware: Legacy Flip,2026-8-20 19:22:39.626422000,0.4452,0.4452,0.0000,0.3139,0.1430,0.0444,0.0986,2.6951,17.0234,0.0268,14389.4274,NA,NA,NA
python.exe,1968,0x0,Other,-1,0,0,Composed: Copy with GPU GDI,2026-8-20 19:22:39.626867200,5.7854,5.7854,0.0000,0.0117,5.9409,2.4576,3.4833,NA,NA,NA,NA,NA,NA,NA
python.exe,1968,0x0,Other,-1,0,0,Composed: Copy with GPU GDI,2026-8-20 19:22:39.632652600,3.6638,3.6638,0.0000,0.1711,3.7961,0.3775,3.4186,NA,NA,NA,NA,NA,NA,NA
python.exe,1968,0x0,Other,-1,0,0,Composed: Copy with GPU GDI,2026-8-20 19:22:39.636316400,7.1368,7.1368,0.0000,0.3061,7.1417,0.3955,6.7462,NA,NA,NA,NA,NA,NA,NA
python.exe,1968,0x0,Other,0,0,1,Hardware: Legacy Flip,2026-8-20 19:22:39.643453200,0.4689,0.4689,0.0000,0.3144,0.1703,0.0567,0.1136,2.6873,9.5080,0.0078,14406.4586,NA,NA,NA
python.exe,1968,0x0,Other,-1,0,0,Composed: Copy with GPU GDI,2026-8-20 19:22:39.643922100,5.0758,5.0758,0.0000,0.0158,5.3927,2.5598,2.8329,11.7264,7.0185,-9.0391,14406.9275,NA,NA,NA
python.exe,1968,0x0,Other,-1,0,0,Composed: Copy with GPU GDI,2026-8-20 19:22:39.648997900,6.9950,6.9950,0.0000,0.3378,6.9965,0.4269,6.5696,NA,NA,NA,NA,NA,NA,NA
python.exe,1968,0x0,Other,0,0,1,Hardware: Legacy Flip,2026-8-20 19:22:39.655992900,4.4035,4.4035,0.0000,0.3433,4.0747,0.0556,4.0191,6.6741,16.6386,5.0523,14418.9983,NA,NA,NA
python.exe,1968,0x0,Other,-1,0,0,Composed: Copy with GPU GDI,2026-8-20 19:22:39.660396400,1.1264,1.1264,0.0000,0.0145,2.4813,2.4813,0.0000,NA,NA,NA,NA,NA,NA,NA
python.exe,1968,0x0,Other,-1,0,0,Composed: Copy with GPU GDI,2026-8-20 19:22:39.661522800,6.1030,6.1030,0.0000,1.3725,5.0651,0.4119,4.6532,NA,NA,NA,NA,NA,NA,NA
python.exe,1968,0x0,Other,-1,0,0,Composed: Copy with GPU GDI,2026-8-20 19:22:39.667625800,9.0825,9.0825,0.0000,0.3377,9.0703,0.3969,8.6734,NA,NA,NA,NA,NA,NA,NA
python.exe,1968,0x0,Other,0,0,1,Hardware: Legacy Flip,2026-8-20 19:22:39.676708300,0.4300,0.4300,0.0000,0.3293,0.1131,0.0494,0.0637,2.5973,16.1419,4.0768,14439.7137,NA,NA,NA
python.exe,1968,0x0,Other,-1,0,0,Composed: Copy with GPU GDI,2026-8-20 19:22:39.677138300,2.6293,2.6293,0.0000,0.0124,2.9794,2.5409,0.4385,NA,NA,NA,NA,NA,NA,NA
python.exe,1968,0x0,Other,-1,0,0,Composed: Copy with GPU GDI,2026-8-20 19:22:39.679767600,8.0154,8.0154,0.0000,0.3657,8.0004,0.4249,7.5755,NA,NA,NA,NA,NA,NA,NA
python.exe,1968,0x0,Other,-1,0,0,Composed: Copy with GPU GDI,2026-8-20 19:22:39.687783000,4.0266,4.0266,0.0000,0.3535,4.0778,0.4832,3.5946,NA,NA,NA,NA,NA,NA,NA
python.exe,1968,0x0,Other,0,0,1,Hardware: Legacy Flip,2026-8-20 19:22:39.691809600,1.2722,1.2722,0.0000,0.4090,0.8749,0.0408,0.8341,3.6379,17.2222,-1.0406,14454.8150,NA,NA,NA
python.exe,1968,0x0,Other,-1,0,0,Composed: Copy with GPU GDI,2026-8-20 19:22:39.693081800,6.1115,6.1115,0.0000,0.0117,6.3582,2.6389,3.7193,NA,NA,NA,NA,NA,NA,NA
python.exe,1968,0x0,Other,-1,0,0,Composed: Copy with GPU GDI,2026-8-20 19:22:39.699193300,4.6544,4.6544,0.0000,0.2611,4.6782,0.3617,4.3165,NA,NA,NA,NA,NA,NA,NA
python.exe,1968,0x0,Other,0,0,1,Hardware: Legacy Flip,2026-8-20 19:22:39.703847700,6.4965,6.4965,0.0000,0.2884,6.2227,0.0580,6.1647,8.8220,9.7190,-5.1841,14466.8531,NA,NA,NA
python.exe,1968,0x0,Other,-1,0,0,Composed: Copy with GPU GDI,2026-8-20 19:22:39.710344200,0.5380,0.5380,0.0000,0.0146,2.7695,2.7695,0.0000,12.0445,6.7450,-3.2225,14473.3496,NA,NA,NA
python.exe,1968,0x0,Other,-1,0,0,Composed: Copy with GPU GDI,2026-8-20 19:22:39.710882200,5.5452,5.5452,0.0000,2.2500,3.6059,0.4005,3.2054,NA,NA,NA,NA,NA,NA,NA
python.exe,1968,0x0,Other,-1,0,0,Composed: Copy with GPU GDI,2026-8-20 19:22:39.716427400,6.1322,6.1322,0.0000,0.3137,6.1237,0.4021,5.7216,NA,NA,NA,NA,NA,NA,NA
python.exe,1968,0x0,Other,0,0,1,Hardware: Legacy Flip,2026-8-20 19:22:39.722559600,4.2644,4.2644,0.0000,0.3083,3.9697,0.0534,3.9163,6.5741,17.1489,5.4704,14485.5650,NA,NA,NA
python.exe,1968,0x0,Other,-1,0,0,Composed: Copy with GPU GDI,2026-8-20 19:22:39.726824000,0.6287,0.6287,0.0000,0.0136,2.5351,2.5351,0.0000,NA,NA,NA,NA,NA,NA,NA
python.exe,1968,0x0,Other,-1,0,0,Composed: Copy with GPU GDI,2026-8-20 19:22:39.727452700,6.6436,6.6436,0.0000,1.9229,5.0402,0.4024,4.6378,NA,NA,NA,NA,NA,NA,NA
python.exe,1968,0x0,Other,-1,0,0,Composed: Copy with GPU GDI,2026-8-20 19:22:39.734096300,9.5118,9.5118,0.0000,0.3231,9.4925,0.4233,9.0692,NA,NA,NA,NA,NA,NA,NA
python.exe,1968,0x0,Other,0,0,1,Hardware: Legacy Flip,2026-8-20 19:22:39.743608100,0.4260,0.4260,0.0000,0.3066,0.1313,0.0445,0.0868,2.6745,6.4347,3.8996,14506.6135,NA,NA,NA
python.exe,1968,0x0,Other,-1,0,0,Composed: Copy with GPU GDI,2026-8-20 19:22:39.744034100,2.2151,2.2151,0.0000,0.0119,2.4283,2.4283,0.0000,8.6832,9.9913,-6.0087,14507.0395,NA,NA,NA
python.exe,1968,0x0,Other,-1,0,0,Composed: Copy with GPU GDI,2026-8-20 19:22:39.746249200,8.4841,8.4841,0.0000,0.2283,8.6011,0.4252,8.1759,NA,NA,NA,NA,NA,NA,NA
python.exe,1968,0x0,Other,-1,0,0,Composed: Copy with GPU GDI,2026-8-20 19:22:39.754733300,5.2889,5.2889,0.0000,0.3482,5.2241,0.3586,4.8655,NA,NA,NA,NA,NA,NA,NA
python.exe,1968,0x0,Other,0,0,1,Hardware: Legacy Flip,2026-8-20 19:22:39.760022200,0.4615,0.4615,0.0000,0.2879,0.1849,0.0482,0.1367,2.6864,16.4614,5.9968,14523.0276,NA,NA,NA
python.exe,1968,0x0,Other,-1,0,0,Composed: Copy with GPU GDI,2026-8-20 19:22:39.760483700,5.2050,5.2050,0.0000,0.0113,5.5499,2.5923,2.9576,NA,NA,NA,NA,NA,NA,NA
python.exe,1968,0x0,Other,-1,0,0,Composed: Copy with GPU GDI,2026-8-20 19:22:39.765688700,4.2445,4.2445,0.0000,0.3580,4.2301,0.4173,3.8128,NA,NA,NA,NA,NA,NA,NA
python.exe,1968,0x0,Other,0,0,1,Hardware: Legacy Flip,2026-8-20 19:22:39.769933200,6.9077,6.9077,0.0000,0.3468,6.5722,0.0428,6.5294,9.2368,9.9460,-6.5504,14532.9386,NA,NA,NA
python.exe,1968,0x0,Other,-1,0,0,Composed: Copy with GPU GDI,2026-8-20 19:22:39.776840900,0.6021,0.6021,0.0000,0.0113,2.5427,2.5427,0.0000,12.2751,7.1493,-3.0383,14539.8463,NA,NA,NA
python.exe,1968,0x0,Other,-1,0,0,Composed: Copy with GPU GDI,2026-8-20 19:22:39.777443000,6.0714,6.0714,0.0000,1.9541,4.5096,0.4757,4.0339,NA,NA,NA,NA,NA,NA,NA
python.exe,1968,0x0,Other,-1,0,0,Composed: Copy with GPU GDI,2026-8-20 19:22:39.783514400,5.5684,5.5684,0.0000,0.3943,5.5222,0.4308,5.0914,NA,NA,NA,NA,NA,NA,NA
python.exe,1968,0x0,Other,0,0,1,Hardware: Legacy Flip,2026-8-20 19:22:39.789082800,4.8156,4.8156,0.0000,0.3518,4.4753,0.0453,4.4300,7.1825,16.4192,5.0926,14552.0882,NA,NA,NA
python.exe,1968,0x0,Other,-1,0,0,Composed: Copy with GPU GDI,2026-8-20 19:22:39.793898400,0.5682,0.5682,0.0000,0.0115,2.5740,2.5740,0.0000,NA,NA,NA,NA,NA,NA,NA
python.exe,1968,0x0,Other,-1,0,0,Composed: Copy with GPU GDI,2026-8-20 19:22:39.794466600,6.6245,6.6245,0.0000,2.0196,4.9285,0.4059,4.5226,NA,NA,NA,NA,NA,NA,NA
python.exe,1968,0x0,Other,-1,0,0,Composed: Copy with GPU GDI,2026-8-20 19:22:39.801091100,5.0212,5.0212,0.0000,0.3283,5.0355,0.4225,4.6130,NA,NA,NA,NA,NA,NA,NA
python.exe,1968,0x0,Other,0,0,1,Hardware: Legacy Flip,2026-8-20 19:22:39.806112300,4.2240,4.2240,0.0000,0.3477,3.8883,0.0455,3.8428,6.5722,12.8281,0.6103,14569.1177,NA,NA,NA
python.exe,1968,0x0,Other,-1,0,0,Composed: Copy with GPU GDI,2026-8-20 19:22:39.810336300,1.8054,1.8054,0.0000,0.0120,2.5427,2.5427,0.0000,15.1763,3.1055,-8.6041,14573.3417,NA,NA,NA
python.exe,1968,0x0,Other,-1,0,0,Composed: Copy with GPU GDI,2026-8-20 19:22:39.812141700,8.7406,8.7406,0.0000,0.7527,8.3460,0.4261,7.9199,NA,NA,NA,NA,NA,NA,NA
python.exe,1968,0x0,Other,-1,0,0,Composed: Copy with GPU GDI,2026-8-20 19:22:39.820882300,3.8884,3.8884,0.0000,0.3614,3.8187,0.3689,3.4498,NA,NA,NA,NA,NA,NA,NA
python.exe,1968,0x0,Other,0,0,1,Hardware: Legacy Flip,2026-8-20 19:22:39.824770700,1.4587,1.4587,0.0000,0.2972,1.1742,0.0493,1.1249,3.8474,15.0821,11.3289,14587.7761,NA,NA,NA
python.exe,1968,0x0,Other,-1,0,0,Composed: Copy with GPU GDI,2026-8-20 19:22:39.826229400,6.3691,6.3691,0.0000,0.0127,6.5311,2.6146,3.9165,17.4708,2.1111,-13.6234,14589.2348,NA,NA,NA
python.exe,1968,0x0,Other,-1,0,0,Composed: Copy with GPU GDI,2026-8-20 19:22:39.832598500,5.3006,5.3006,0.0000,0.1781,5.4006,0.3597,5.0409,NA,NA,NA,NA,NA,NA,NA
python.exe,1968,0x0,Other,-1,0,0,Composed: Copy with GPU GDI,2026-8-20 19:22:39.837899100,5.3447,5.3447,0.0000,5.5876,0.1023,0.1023,0.0000,NA,NA,NA,NA,NA,NA,NA
python.exe,1968,0x0,Other,0,0,1,Hardware: Legacy Flip,2026-8-20 19:22:39.843243800,0.2317,0.2317,0.0000,0.0000,5.3069,0.3237,4.9832,2.5675,16.0907,14.9033,14606.2492,NA,NA,NA
python.exe,1968,0x0,Other,-1,0,0,Composed: Copy with GPU GDI,2026-8-20 19:22:39.843475500,6.5184,6.5184,0.0000,0.1135,6.7381,2.5964,4.1417,NA,NA,NA,NA,NA,NA,NA
python.exe,1968,0x0,Other,-1,0,0,Composed: Copy with GPU GDI,2026-8-20 19:22:39.849993900,4.9535,4.9535,0.0000,0.3369,4.9729,0.4231,4.5498,11.9081,1.3545,-9.3406,14612.9993,NA,NA,NA
python.exe,1968,0x0,Other,-1,0,0,Composed: Copy with GPU GDI,2026-8-20 19:22:39.854947400,5.6753,5.6753,0.0000,0.3591,5.6652,0.4330,5.2322,NA,NA,NA,NA,NA,NA,NA
python.exe,1968,0x0,Other,0,0,1,Hardware: Legacy Flip,2026-8-20 19:22:39.860622700,0.4127,0.4127,0.0000,0.3531,0.0976,0.0966,0.0010,2.6338,16.5107,9.2743,14623.6281,NA,NA,NA
python.exe,1968,0x0,Other,-1,0,0,Composed: Copy with GPU GDI,2026-8-20 19:22:39.861035400,6.9447,6.9447,0.0000,0.0380,7.2608,2.5553,4.7055,NA,NA,NA,NA,NA,NA,NA
python.exe,1968,0x0,Other,-1,0,0,Composed: Copy with GPU GDI,2026-8-20 19:22:39.867980100,5.0501,5.0501,0.0000,0.3605,5.0298,0.4169,4.6129,NA,NA,NA,NA,NA,NA,NA
python.exe,1968,0x0,Other,0,0,1,Hardware: Legacy Flip,2026-8-20 19:22:39.873030200,4.3908,4.3908,0.0000,0.3430,4.0617,0.0510,4.0107,6.7370,12.4772,-4.1032,14636.0356,NA,NA,NA
python.exe,1968,0x0,Other,-1,0,0,Composed: Copy with GPU GDI,2026-8-20 19:22:39.877421000,2.8222,2.8222,0.0000,0.0139,3.1197,2.7319,0.3878,14.8234,3.9377,-8.0864,14640.4264,NA,NA,NA
python.exe,1968,0x0,Other,-1,0,0,Composed: Copy with GPU GDI,2026-8-20 19:22:39.880243200,8.0530,8.0530,0.0000,0.3144,7.8937,0.2410,7.6527,NA,NA,NA,NA,NA,NA,NA
python.exe,1968,0x0,Other,-1,0,0,Composed: Copy with GPU GDI,2026-8-20 19:22:39.888296200,4.4492,4.4492,0.0000,0.1573,5.0229,0.8165,4.2064,NA,NA,NA,NA,NA,NA,NA
python.exe,1968,0x0,Other,0,0,1,Hardware: Legacy Flip,2026-8-20 19:22:39.892745400,1.2113,1.2113,0.0000,0.7331,0.4911,0.0487,0.4424,3.4367,16.6839,11.3867,14655.7508,NA,NA,NA
python.exe,1968,0x0,Other,-1,0,0,Composed: Copy with GPU GDI,2026-8-20 19:22:39.893956700,4.9759,4.9759,0.0000,0.0129,5.6433,2.9302,2.7131,NA,NA,NA,NA,NA,NA,NA
python.exe,1968,0x0,Other,-1,0,0,Composed: Copy with GPU GDI,2026-8-20 19:22:39.898932600,4.8485,4.8485,0.0000,0.6835,4.5223,0.4300,4.0923,NA,NA,NA,NA,NA,NA,NA
python.exe,1968,0x0,Other,-1,0,0,Composed: Copy with GPU GDI,2026-8-20 19:22:39.903781100,6.3574,6.3574,0.0000,0.3605,6.3899,0.4737,5.9162,NA,NA,NA,NA,NA,NA,NA
python.exe,1968,0x0,Other,0,0,1,Hardware: Legacy Flip,2026-8-20 19:22:39.910138500,0.4539,0.4539,0.0000,0.3962,0.0749,0.0597,0.0152,2.7275,15.7724,0.7092,14673.1439,NA,NA,NA
python.exe,1968,0x0,Other,-1,0,0,Composed: Copy with GPU GDI,2026-8-20 19:22:39.910592400,4.9042,4.9042,0.0000,0.0172,5.2308,2.6300,2.6008,18.0460,0.2941,-15.3185,14673.5978,NA,NA,NA
python.exe,1968,0x0,Other,-1,0,0,Composed: Copy with GPU GDI,2026-8-20 19:22:39.915496600,6.5071,6.5071,0.0000,0.3470,6.4870,0.4051,6.0819,NA,NA,NA,NA,NA,NA,NA
python.exe,1968,0x0,Other,0,0,1,Hardware: Legacy Flip,2026-8-20 19:22:39.922003700,4.5181,4.5181,0.0000,0.3310,4.2039,0.0590,4.1449,6.9288,11.8436,11.1172,14685.0091,NA,NA,NA
python.exe,1968,0x0,Other,-1,0,0,Composed: Copy with GPU GDI,2026-8-20 19:22:39.926521800,0.5125,0.5125,0.0000,0.0168,2.6399,2.6399,0.0000,NA,NA,NA,NA,NA,NA,NA
python.exe,1968,0x0,Other,-1,0,0,Composed: Copy with GPU GDI,2026-8-20 19:22:39.927034300,6.5603,6.5603,0.0000,2.1481,4.7636,0.4314,4.3322,13.7418,5.3058,-6.8130,14690.0397,NA,NA,NA
python.exe,1968,0x0,Other,-1,0,0,Composed: Copy with GPU GDI,2026-8-20 19:22:39.933594600,6.4997,6.4997,0.0000,0.3543,6.4565,0.3968,6.0597,NA,NA,NA,NA,NA,NA,NA
python.exe,1968,0x0,Other,0,0,1,Hardware: Legacy Flip,2026-8-20 19:22:39.940094300,3.6096,3.6096,0.0000,0.3151,3.3073,0.0486,3.2587,5.9876,12.9004,7.7542,14703.0997,NA,NA,NA
python.exe,1968,0x0,Other,-1,0,0,Composed: Copy with GPU GDI,2026-8-20 19:22:39.943703900,2.4865,2.4865,0.0000,0.0128,2.6738,2.6010,0.0728,15.2784,3.5276,-9.2908,14706.7093,NA,NA,NA
python.exe,1968,0x0,Other,-1,0,0,Composed: Copy with GPU GDI,2026-8-20 19:22:39.946190400,8.7096,8.7096,0.0000,0.2035,8.8436,0.4250,8.4186,NA,NA,NA,NA,NA,NA,NA
python.exe,1968,0x0,Other,-1,0,0,Composed: Copy with GPU GDI,2026-8-20 19:22:39.954900000,3.0001,3.0001,0.0000,0.3411,2.9759,0.3881,2.5878,NA,NA,NA,NA,NA,NA,NA
python.exe,1968,0x0,Other,0,0,1,Hardware: Legacy Flip,2026-8-20 19:22:39.957900100,2.0864,2.0864,0.0000,0.3200,1.7833,0.0535,1.7298,4.6098,14.6747,10.6686,14720.9055,NA,NA,NA
python.exe,1968,0x0,Other,-1,0,0,Composed: Copy with GPU GDI,2026-8-20 19:22:39.959986500,6.2191,6.2191,0.0000,0.0169,6.3866,2.7769,3.6097,NA,NA,NA,NA,NA,NA,NA
python.exe,1968,0x0,Other,-1,0,0,Composed: Copy with GPU GDI,2026-8-20 19:22:39.966205600,4.3247,4.3247,0.0000,0.1879,4.4461,0.4246,4.0215,10.9790,3.2679,-6.3692,14729.2110,NA,NA,NA
python.exe,1968,0x0,Other,-1,0,0,Composed: Copy with GPU GDI,2026-8-20 19:22:39.970530300,7.1014,7.1014,0.0000,0.3123,7.0725,0.4075,6.6650,NA,NA,NA,NA,NA,NA,NA
python.exe,1968,0x0,Other,0,0,1,Hardware: Legacy Flip,2026-8-20 19:22:39.977631700,0.5351,0.5351,0.0000,0.2858,0.3010,0.1075,0.1935,2.8208,8.8501,8.1582,14740.6371,NA,NA,NA
python.exe,1968,0x0,Other,-1,0,0,Composed: Copy with GPU GDI,2026-8-20 19:22:39.978166800,3.9780,3.9780,0.0000,0.0517,4.2603,2.6060,1.6543,11.1358,7.0348,-8.3150,14741.1722,NA,NA,NA
python.exe,1968,0x0,Other,-1,0,0,Composed: Copy with GPU GDI,2026-8-20 19:22:39.982144800,5.9086,5.9086,0.0000,0.3383,5.9306,0.4446,5.4860,NA,NA,NA,NA,NA,NA,NA
python.exe,1968,0x0,Other,0,0,1,Hardware: Legacy Flip,2026-8-20 19:22:39.988053400,5.8771,5.8771,0.0000,0.3633,5.5268,0.0484,5.4784,8.2840,11.1782,2.8518,14751.0588,NA,NA,NA
python.exe,1968,0x0,Other,-1,0,0,Composed: Copy with GPU GDI,2026-8-20 19:22:39.993930500,0.6593,0.6593,0.0000,0.0130,2.6332,2.6332,0.0000,13.5851,5.8628,-5.3011,14756.9359,NA,NA,NA
python.exe,1968,0x0,Other,-1,0,0,Composed: Copy with GPU GDI,2026-8-20 19:22:39.994589800,7.6214,7.6214,0.0000,1.9894,5.9511,0.4990,5.4521,NA,NA,NA,NA,NA,NA,NA
python.exe,1968,0x0,Other,-1,0,0,Composed: Copy with GPU GDI,2026-8-20 19:22:40.002211200,8.3634,8.3634,0.0000,0.3219,8.3742,0.4197,7.9545,NA,NA,NA,NA,NA,NA,NA
python.exe,1968,0x0,Other,0,0,1,Hardware: Legacy Flip,2026-8-20 19:22:40.010574600,0.4772,0.4772,0.0000,0.3374,0.1849,0.1129,0.0720,2.8038,12.3569,10.7813,14773.5800,NA,NA,NA
python.exe,1968,0x0,Other,-1,0,0,Composed: Copy with GPU GDI,2026-8-20 19:22:40.011051800,1.0967,1.0967,0.0000,0.0451,2.5531,2.5531,0.0000,14.6835,3.3388,-11.8797,14774.0572,NA,NA,NA
python.exe,1968,0x0,Other,-1,0,0,Composed: Copy with GPU GDI,2026-8-20 19:22:40.012148500,9.2226,9.2226,0.0000,1.5045,8.0710,0.4288,7.6422,NA,NA,NA,NA,NA,NA,NA
python.exe,1968,0x0,Other,-1,0,0,Composed: Copy with GPU GDI,2026-8-20 19:22:40.021371100,3.9649,3.9649,0.0000,0.3558,3.9102,0.3823,3.5279,NA,NA,NA,NA,NA,NA,NA
python.exe,1968,0x0,Other,0,0,1,Hardware: Legacy Flip,2026-8-20 19:22:40.025336000,1.3316,1.3316,0.0000,0.3051,1.0413,0.0538,0.9875,3.7381,14.8379,10.9454,14788.3414,NA,NA,NA
python.exe,1968,0x0,Other,-1,0,0,Composed: Copy with GPU GDI,2026-8-20 19:22:40.026667600,5.7854,5.7854,0.0000,0.0148,6.2745,2.9071,3.3674,17.2444,2.1535,-13.5063,14789.6730,NA,NA,NA
python.exe,1968,0x0,Other,-1,0,0,Composed: Copy with GPU GDI,2026-8-20 19:22:40.032453000,5.6144,5.6144,0.0000,0.5074,5.4017,0.3805,5.0212,NA,NA,NA,NA,NA,NA,NA
python.exe,1968,0x0,Other,0,0,1,Hardware: Legacy Flip,2026-8-20 19:22:40.038067400,5.4408,5.4408,0.0000,0.2978,5.1544,0.0457,5.1087,7.9981,15.8470,9.2463,14801.0728,NA,NA,NA
python.exe,1968,0x0,Other,-1,0,0,Composed: Copy with GPU GDI,2026-8-20 19:22:40.043508200,0.4440,0.4440,0.0000,0.0114,2.7672,2.7672,0.0000,NA,NA,NA,NA,NA,NA,NA
python.exe,1968,0x0,Other,-1,0,0,Composed: Copy with GPU GDI,2026-8-20 19:22:40.043952200,5.0144,5.0144,0.0000,2.3374,3.0170,0.4234,2.5936,NA,NA,NA,NA,NA,NA,NA
python.exe,1968,0x0,Other,-1,0,0,Composed: Copy with GPU GDI,2026-8-20 19:22:40.048966600,6.0785,6.0785,0.0000,0.3436,6.0848,0.4288,5.6560,NA,NA,NA,NA,NA,NA,NA
python.exe,1968,0x0,Other,0,0,1,Hardware: Legacy Flip,2026-8-20 19:22:40.055045100,4.4036,4.4036,0.0000,0.3528,4.0661,0.0560,4.0101,6.8674,12.3190,1.1307,14818.0505,NA,NA,NA
python.exe,1968,0x0,Other,-1,0,0,Composed: Copy with GPU GDI,2026-8-20 19:22:40.059448700,2.1016,2.1016,0.0000,0.0153,2.7173,2.7173,0.0000,14.7828,5.1311,-7.9154,14822.4541,NA,NA,NA
python.exe,1968,0x0,Other,-1,0,0,Composed: Copy with GPU GDI,2026-8-20 19:22:40.061550300,6.2143,6.2143,0.0000,0.6338,5.9818,0.4891,5.4927,NA,NA,NA,NA,NA,NA,NA
python.exe,1968,0x0,Other,-1,0,0,Composed: Copy with GPU GDI,2026-8-20 19:22:40.067764600,5.4643,5.4643,0.0000,0.4041,5.3996,0.4235,4.9761,NA,NA,NA,NA,NA,NA,NA
python.exe,1968,0x0,Other,0,0,1,Hardware: Legacy Flip,2026-8-20 19:22:40.073228900,3.5149,3.5149,0.0000,0.3430,3.1850,0.0483,3.1367,6.1337,13.0788,8.6491,14836.2343,NA,NA,NA
python.exe,1968,0x0,Other,-1,0,0,Composed: Copy with GPU GDI,2026-8-20 19:22:40.076743800,2.9684,2.9684,0.0000,0.0131,3.1905,2.8585,0.3320,15.6976,4.0861,-9.5639,14839.7492,NA,NA,NA
python.exe,1968,0x0,Other,-1,0,0,Composed: Copy with GPU GDI,2026-8-20 19:22:40.079712200,8.5397,8.5397,0.0000,0.2387,8.6287,0.4097,8.2190,NA,NA,NA,NA,NA,NA,NA
python.exe,1968,0x0,Other,-1,0,0,Composed: Copy with GPU GDI,2026-8-20 19:22:40.088251900,4.9865,4.9865,0.0000,0.3315,4.9980,0.4412,4.5568,NA,NA,NA,NA,NA,NA,NA
python.exe,1968,0x0,Other,0,0,1,Hardware: Legacy Flip,2026-8-20 19:22:40.093238400,0.5775,0.5775,0.0000,0.3463,0.2466,0.0615,0.1851,3.2891,16.3347,12.4085,14856.2438,NA,NA,NA
python.exe,1968,0x0,Other,-1,0,0,Composed: Copy with GPU GDI,2026-8-20 19:22:40.093815900,5.4355,5.4355,0.0000,0.0154,5.9884,3.3013,2.6871,NA,NA,NA,NA,NA,NA,NA
python.exe,1968,0x0,Other,-1,0,0,Composed: Copy with GPU GDI,2026-8-20 19:22:40.099251400,4.2289,4.2289,0.0000,0.5705,4.0103,0.4296,3.5807,NA,NA,NA,NA,NA,NA,NA
python.exe,1968,0x0,Other,0,0,1,Hardware: Legacy Flip,2026-8-20 19:22:40.103480300,6.6908,6.6908,0.0000,0.3549,6.3518,0.0605,6.2913,9.3819,9.9135,-6.0928,14866.4857,NA,NA,NA
python.exe,1968,0x0,Other,-1,0,0,Composed: Copy with GPU GDI,2026-8-20 19:22:40.110171100,0.3453,0.3453,0.0000,0.0159,2.9214,2.9214,0.0000,NA,NA,NA,NA,NA,NA,NA
python.exe,1968,0x0,Other,-1,0,0,Composed: Copy with GPU GDI,2026-8-20 19:22:40.110516400,5.5235,5.5235,0.0000,2.5951,3.2406,0.3922,2.8484,12.2593,6.3803,-2.8774,14873.5218,NA,NA,NA
python.exe,1968,0x0,Other,-1,0,0,Composed: Copy with GPU GDI,2026-8-20 19:22:40.116039900,6.0529,6.0529,0.0000,0.3161,6.0844,0.4253,5.6591,NA,NA,NA,NA,NA,NA,NA
python.exe,1968,0x0,Other,0,0,1,Hardware: Legacy Flip,2026-8-20 19:22:40.122092800,4.3979,4.3979,0.0000,0.3509,4.0620,0.0564,4.0056,7.0632,11.8167,5.1961,14885.0982,NA,NA,NA
python.exe,1968,0x0,Other,-1,0,0,Composed: Copy with GPU GDI,2026-8-20 19:22:40.126490700,0.6262,0.6262,0.0000,0.0150,2.9085,2.9085,0.0000,NA,NA,NA,NA,NA,NA,NA
python.exe,1968,0x0,Other,-1,0,0,Composed: Copy with GPU GDI,2026-8-20 19:22:40.127116900,7.0878,7.0878,0.0000,2.3007,5.1741,0.4703,4.7038,13.8558,6.0920,-6.7926,14890.1223,NA,NA,NA
python.exe,1968,0x0,Other,-1,0,0,Composed: Copy with GPU GDI,2026-8-20 19:22:40.134204700,9.7671,9.7671,0.0000,0.3926,9.6166,0.3400,9.2766,NA,NA,NA,NA,NA,NA,NA
python.exe,1968,0x0,Other,0,0,1,Hardware: Legacy Flip,2026-8-20 19:22:40.143971800,0.4994,0.4994,0.0000,0.2453,0.3223,0.1051,0.2172,3.0929,15.8591,10.7629,14906.9772,NA,NA,NA
python.exe,1968,0x0,Other,-1,0,0,Composed: Copy with GPU GDI,2026-8-20 19:22:40.144471200,1.8263,1.8263,0.0000,0.0682,2.6990,2.6990,0.0000,NA,NA,NA,NA,NA,NA,NA
python.exe,1968,0x0,Other,-1,0,0,Composed: Copy with GPU GDI,2026-8-20 19:22:40.146297500,8.2117,8.2117,0.0000,0.9454,7.4808,0.3301,7.1507,NA,NA,NA,NA,NA,NA,NA
python.exe,1968,0x0,Other,-1,0,0,Composed: Copy with GPU GDI,2026-8-20 19:22:40.154509200,4.3870,4.3870,0.0000,0.2175,4.4661,0.3889,4.0772,NA,NA,NA,NA,NA,NA,NA
python.exe,1968,0x0,Other,0,0,1,Hardware: Legacy Flip,2026-8-20 19:22:40.158896200,1.4537,1.4537,0.0000,0.3008,1.1662,0.0494,1.1168,4.0276,14.4548,-0.9347,14921.9016,NA,NA,NA
python.exe,1968,0x0,Other,-1,0,0,Composed: Copy with GPU GDI,2026-8-20 19:22:40.160349900,5.4442,5.4442,0.0000,0.0133,5.7592,2.9147,2.8445,NA,NA,NA,NA,NA,NA,NA
python.exe,1968,0x0,Other,-1,0,0,Composed: Copy with GPU GDI,2026-8-20 19:22:40.165794100,4.1927,4.1927,0.0000,0.3304,4.2349,0.4471,3.7878,11.5845,2.5398,-7.5569,14928.7995,NA,NA,NA
python.exe,1968,0x0,Other,0,0,1,Hardware: Legacy Flip,2026-8-20 19:22:40.169986800,7.2134,7.2134,0.0000,0.3758,6.8515,0.0540,6.7975,9.9316,9.5814,1.6529,14932.9922,NA,NA,NA
python.exe,1968,0x0,Other,-1,0,0,Composed: Copy with GPU GDI,2026-8-20 19:22:40.177200200,0.3545,0.3545,0.0000,0.0139,2.9254,2.9254,0.0000,NA,NA,NA,NA,NA,NA,NA
python.exe,1968,0x0,Other,-1,0,0,Composed: Copy with GPU GDI,2026-8-20 19:22:40.177554700,5.0028,5.0028,0.0000,2.5871,2.7656,0.4294,2.3362,11.9451,6.3110,-2.0135,14940.5601,NA,NA,NA
python.exe,1968,0x0,Other,-1,0,0,Composed: Copy with GPU GDI,2026-8-20 19:22:40.182557500,5.5103,5.5103,0.0000,0.3533,5.4967,0.4145,5.0822,NA,NA,NA,NA,NA,NA,NA
python.exe,1968,0x0,Other,0,0,1,Hardware: Legacy Flip,2026-8-20 19:22:40.188067800,4.9328,4.9328,0.0000,0.3426,4.6028,0.0469,4.5559,7.7430,11.8947,4.2021,14951.0732,NA,NA,NA
python.exe,1968,0x0,Other,-1,0,0,Composed: Copy with GPU GDI,2026-8-20 19:22:40.193000600,2.1709,2.1709,0.0000,0.0126,2.9438,2.9438,0.0000,NA,NA,NA,NA,NA,NA,NA
python.exe,1968,0x0,Other,-1,0,0,Composed: Copy with GPU GDI,2026-8-20 19:22:40.195171500,5.5399,5.5399,0.0000,0.7902,5.1047,0.4304,4.6743,12.5340,6.2639,-4.7910,14958.1769,NA,NA,NA
python.exe,1968,0x0,Other,-1,0,0,Composed: Copy with GPU GDI,2026-8-20 19:22:40.200711400,9.9962,9.9962,0.0000,0.3583,10.0100,0.4703,9.5397,NA,NA,NA,NA,NA,NA,NA
python.exe,1968,0x0,Other,0,0,1,Hardware: Legacy Flip,2026-8-20 19:22:40.210707600,0.6127,0.6127,0.0000,0.3761,0.2784,0.0798,0.1986,3.2618,15.0606,9.2722,14973.7130,NA,NA,NA
python.exe,1968,0x0,Other,-1,0,0,Composed: Copy with GPU GDI,2026-8-20 19:22:40.211320300,0.9657,0.9657,0.0000,0.0418,2.8102,2.8102,0.0000,NA,NA,NA,NA,NA,NA,NA
python.exe,1968,0x0,Other,-1,0,0,Composed: Copy with GPU GDI,2026-8-20 19:22:40.212286000,9.1695,9.1695,0.0000,1.8905,7.6884,0.5081,7.1803,NA,NA,NA,NA,NA,NA,NA
python.exe,1968,0x0,Other,-1,0,0,Composed: Copy with GPU GDI,2026-8-20 19:22:40.221455500,3.4900,3.4900,0.0000,0.4123,3.4463,0.4522,2.9941,NA,NA,NA,NA,NA,NA,NA
python.exe,1968,0x0,Other,0,0,1,Hardware: Legacy Flip,2026-8-20 19:22:40.224945500,1.3349,1.3349,0.0000,0.3716,0.9791,0.0539,0.9252,4.0845,15.0842,-0.8227,14987.9509,NA,NA,NA
python.exe,1968,0x0,Other,-1,0,0,Composed: Copy with GPU GDI,2026-8-20 19:22:40.226280400,5.9126,5.9126,0.0000,0.0158,6.2145,3.0963,3.1182,NA,NA,NA,NA,NA,NA,NA
python.exe,1968,0x0,Other,-1,0,0,Composed: Copy with GPU GDI,2026-8-20 19:22:40.232193000,4.2954,4.2954,0.0000,0.3215,4.3319,0.4371,3.8948,11.9212,2.7622,-7.8367,14995.1984,NA,NA,NA
python.exe,1968,0x0,Other,-1,0,0,Composed: Copy with GPU GDI,2026-8-20 19:22:40.236488400,7.2903,7.2903,0.0000,0.3629,7.3458,0.5048,6.8410,NA,NA,NA,NA,NA,NA,NA
python.exe,1968,0x0,Other,0,0,1,Hardware: Legacy Flip,2026-8-20 19:22:40.243778700,0.4477,0.4477,0.0000,0.4184,0.0520,0.0520,0.0000,3.0977,15.3073,8.8235,15006.7841,NA,NA,NA
python.exe,1968,0x0,Other,-1,0,0,Composed: Copy with GPU GDI,2026-8-20 19:22:40.244226400,4.3157,4.3157,0.0000,0.0227,4.6456,2.9987,1.6469,NA,NA,NA,NA,NA,NA,NA
python.exe,1968,0x0,Other,-1,0,0,Composed: Copy with GPU GDI,2026-8-20 19:22:40.248542100,6.6151,6.6151,0.0000,0.3561,6.6053,0.4332,6.1721,NA,NA,NA,NA,NA,NA,NA
python.exe,1968,0x0,Other,0,0,1,Hardware: Legacy Flip,2026-8-20 19:22:40.255157200,4.2657,4.2657,0.0000,0.3493,3.9301,0.0523,3.8778,7.0265,12.2609,-3.9288,15018.1626,NA,NA,NA
python.exe,1968,0x0,Other,-1,0,0,Composed: Copy with GPU GDI,2026-8-20 19:22:40.259422900,1.7209,1.7209,0.0000,0.0137,3.0029,3.0029,0.0000,NA,NA,NA,NA,NA,NA,NA
python.exe,1968,0x0,Other,-1,0,0,Composed: Copy with GPU GDI,2026-8-20 19:22:40.261143800,6.0539,6.0539,0.0000,1.2997,5.0916,0.4274,4.6642,13.3008,5.3925,-6.2743,15024.1492,NA,NA,NA
python.exe,1968,0x0,Other,-1,0,0,Composed: Copy with GPU GDI,2026-8-20 19:22:40.267197700,9.6943,9.6943,0.0000,9.9406,0.0927,0.0927,0.0000,NA,NA,NA,NA,NA,NA,NA
python.exe,1968,0x0,Other,0,0,1,Hardware: Legacy Flip,2026-8-20 19:22:40.276892000,0.2327,0.2327,0.0000,0.0000,9.5978,0.3498,9.2480,2.9451,6.7416,10.3557,15039.8974,NA,NA,NA
python.exe,1968,0x0,Other,-1,0,0,Composed: Copy with GPU GDI,2026-8-20 19:22:40.277124700,1.6415,1.6415,0.0000,0.1063,2.8270,2.8270,0.0000,9.4540,9.9598,-6.5089,15040.1301,NA,NA,NA
python.exe,1968,0x0,Other,-1,0,0,Composed: Copy with GPU GDI,2026-8-20 19:22:40.278766200,9.2697,9.2697,0.0000,1.2948,8.2244,0.3364,7.8880,NA,NA,NA,NA,NA,NA,NA
python.exe,1968,0x0,Other,-1,0,0,Composed: Copy with GPU GDI,2026-8-20 19:22:40.288035900,4.4015,4.4015,0.0000,0.2533,4.4963,0.4186,4.0777,NA,NA,NA,NA,NA,NA,NA
python.exe,1968,0x0,Other,0,0,1,Hardware: Legacy Flip,2026-8-20 19:22:40.292437400,1.4188,1.4188,0.0000,0.3508,1.0816,0.0488,1.0328,4.1011,16.7006,5.3529,15055.4428,NA,NA,NA
python.exe,1968,0x0,Other,-1,0,0,Composed: Copy with GPU GDI,2026-8-20 19:22:40.293856200,5.3073,5.3073,0.0000,0.0136,5.5473,3.0215,2.5258,NA,NA,NA,NA,NA,NA,NA
python.exe,1968,0x0,Other,-1,0,0,Composed: Copy with GPU GDI,2026-8-20 19:22:40.299163500,4.4993,4.4993,0.0000,0.2559,4.5512,0.4112,4.1400,NA,NA,NA,NA,NA,NA,NA
python.exe,1968,0x0,Other,-1,0,0,Composed: Copy with GPU GDI,2026-8-20 19:22:40.303662800,6.5146,6.5146,0.0000,0.3117,6.5457,0.4332,6.1125,NA,NA,NA,NA,NA,NA,NA
python.exe,1968,0x0,Other,0,0,1,Hardware: Legacy Flip,2026-8-20 19:22:40.310177400,0.3907,0.3907,0.0000,0.3468,0.0590,0.0542,0.0048,3.0617,15.5261,1.0394,15073.1828,NA,NA,NA
python.exe,1968,0x0,Other,-1,0,0,Composed: Copy with GPU GDI,2026-8-20 19:22:40.310568100,4.4697,4.4697,0.0000,0.0151,4.7739,3.0041,1.7698,NA,NA,NA,NA,NA,NA,NA
python.exe,1968,0x0,Other,-1,0,0,Composed: Copy with GPU GDI,2026-8-20 19:22:40.315037800,6.5566,6.5566,0.0000,0.3224,6.5847,0.4346,6.1501,NA,NA,NA,NA,NA,NA,NA
python.exe,1968,0x0,Other,0,0,1,Hardware: Legacy Flip,2026-8-20 19:22:40.321594400,4.3304,4.3304,0.0000,0.3534,3.9904,0.0497,3.9407,7.1708,12.4013,-4.1091,15084.5998,NA,NA,NA
python.exe,1968,0x0,Other,-1,0,0,Composed: Copy with GPU GDI,2026-8-20 19:22:40.325924800,2.6899,2.6899,0.0000,0.0134,3.1030,3.1030,0.0000,15.2417,5.5534,-8.0709,15088.9302,NA,NA,NA
python.exe,1968,0x0,Other,-1,0,0,Composed: Copy with GPU GDI,2026-8-20 19:22:40.328614700,4.5705,4.5705,0.0000,0.4304,4.4777,0.4214,4.0563,NA,NA,NA,NA,NA,NA,NA
python.exe,1968,0x0,Other,-1,0,0,Composed: Copy with GPU GDI,2026-8-20 19:22:40.333185200,7.0104,7.0104,0.0000,0.3412,6.9959,0.4081,6.5878,NA,NA,NA,NA,NA,NA,NA
python.exe,1968,0x0,Other,0,0,1,Hardware: Legacy Flip,2026-8-20 19:22:40.340195600,3.7549,3.7549,0.0000,0.3313,3.4371,0.0572,3.3799,6.5243,12.6474,8.7174,15103.2010,NA,NA,NA
python.exe,1968,0x0,Other,-1,0,0,Composed: Copy with GPU GDI,2026-8-20 19:22:40.343950500,2.3105,2.3105,0.0000,0.0135,3.0117,3.0117,0.0000,15.4168,2.9344,-8.8925,15106.9559,NA,NA,NA
python.exe,1968,0x0,Other,-1,0,0,Composed: Copy with GPU GDI,2026-8-20 19:22:40.346261000,8.4617,8.4617,0.0000,0.7185,7.9678,0.3176,7.6502,NA,NA,NA,NA,NA,NA,NA
python.exe,1968,0x0,Other,-1,0,0,Composed: Copy with GPU GDI,2026-8-20 19:22:40.354722700,4.0347,4.0347,0.0000,0.2281,4.0889,0.3591,3.7298,NA,NA,NA,NA,NA,NA,NA
python.exe,1968,0x0,Other,0,0,1,Hardware: Legacy Flip,2026-8-20 19:22:40.358757400,0.9422,0.9422,0.0000,0.2874,0.6776,0.0770,0.6006,3.5443,15.2660,11.8725,15121.7628,NA,NA,NA
python.exe,1968,0x0,Other,-1,0,0,Composed: Copy with GPU GDI,2026-8-20 19:22:40.359699600,6.0487,6.0487,0.0000,0.0228,6.3836,2.9825,3.4011,NA,NA,NA,NA,NA,NA,NA
python.exe,1968,0x0,Other,-1,0,0,Composed: Copy with GPU GDI,2026-8-20 19:22:40.365748300,4.5839,4.5839,0.0000,0.3611,4.5972,0.4501,4.1471,11.8194,2.3656,-8.2751,15128.7537,NA,NA,NA
python.exe,1968,0x0,Other,-1,0,0,Composed: Copy with GPU GDI,2026-8-20 19:22:40.370332200,6.4656,6.4656,0.0000,0.3776,6.4371,0.4349,6.0022,NA,NA,NA,NA,NA,NA,NA
python.exe,1968,0x0,Other,0,0,1,Hardware: Legacy Flip,2026-8-20 19:22:40.376797800,0.4704,0.4704,0.0000,0.3519,0.1315,0.0476,0.0839,3.1355,15.8162,8.6839,15139.8032,NA,NA,NA
python.exe,1968,0x0,Other,-1,0,0,Composed: Copy with GPU GDI,2026-8-20 19:22:40.377268200,5.1988,5.1988,0.0000,0.0130,5.5055,3.0007,2.5048,18.4813,1.2342,-15.3458,15140.2736,NA,NA,NA
python.exe,1968,0x0,Other,-1,0,0,Composed: Copy with GPU GDI,2026-8-20 19:22:40.382467000,6.7487,6.7487,0.0000,0.3242,6.7721,0.4952,6.2769,NA,NA,NA,NA,NA,NA,NA
python.exe,1968,0x0,Other,0,0,1,Hardware: Legacy Flip,2026-8-20 19:22:40.389215700,4.8541,4.8541,0.0000,0.3510,4.5185,0.0551,4.4634,7.7680,10.9213,10.7133,15152.2211,0.0585,NA,NA
python.exe,1968,0x0,Other,-1,0,0,Composed: Copy with GPU GDI,2026-8-20 19:22:40.394069800,0.4410,0.4410,0.0000,0.0154,3.0625,3.0625,0.0000,NA,NA,NA,NA,NA,NA,NA
python.exe,1968,0x0,Other,-1,0,0,Composed: Copy with GPU GDI,2026-8-20 19:22:40.394510800,6.0043,6.0043,0.0000,2.6396,3.7402,0.4538,3.2864,13.3942,5.3119,-5.6262,15157.5162,NA,NA,NA
python.exe,1968,0x0,Other,-1,0,0,Composed: Copy with GPU GDI,2026-8-20 19:22:40.400515100,9.4197,9.4197,0.0000,0.3786,9.3963,0.4504,8.9459,NA,NA,NA,NA,NA,NA,NA
python.exe,1968,0x0,Other,0,0,1,Hardware: Legacy Flip,2026-8-20 19:22:40.409934800,0.5900,0.5900,0.0000,0.3581,0.2450,0.0480,0.1970,3.2821,6.8169,10.1121,15172.9402,NA,NA,NA
python.exe,1968,0x0,Other,-1,0,0,Composed: Copy with GPU GDI,2026-8-20 19:22:40.410524800,3.2744,3.2744,0.0000,0.0131,3.4653,2.9561,0.5092,9.5090,9.3665,-6.2269,15173.5302,NA,NA,NA
python.exe,1968,0x0,Other,-1,0,0,Composed: Copy with GPU GDI,2026-8-20 19:22:40.413799200,7.2626,7.2626,0.0000,0.2069,7.2438,0.2961,6.9477,NA,NA,NA,NA,NA,NA,NA
python.exe,1968,0x0,Other,-1,0,0,Composed: Copy with GPU GDI,2026-8-20 19:22:40.421061800,3.6805,3.6805,0.0000,0.1916,3.7868,0.3798,3.4070,NA,NA,NA,NA,NA,NA,NA
python.exe,1968,0x0,Other,0,0,1,Hardware: Legacy Flip,2026-8-20 19:22:40.424742300,1.7454,1.7454,0.0000,0.3011,1.4589,0.0566,1.4023,4.6580,14.9390,4.8510,15187.7477,NA,NA,NA
python.exe,1968,0x0,Other,-1,0,0,Composed: Copy with GPU GDI,2026-8-20 19:22:40.426487700,5.8634,5.8634,0.0000,0.0146,6.1270,3.2464,2.8806,NA,NA,NA,NA,NA,NA,NA
python.exe,1968,0x0,Other,-1,0,0,Composed: Copy with GPU GDI,2026-8-20 19:22:40.432351100,3.9733,3.9733,0.0000,0.2843,4.0070,0.4056,3.6014,11.9882,1.6508,-7.3302,15195.3565,NA,NA,NA
python.exe,1968,0x0,Other,0,0,1,Hardware: Legacy Flip,2026-8-20 19:22:40.436324400,6.8434,6.8434,0.0000,0.3214,6.5343,0.0471,6.4872,9.6657,10.4370,2.3225,15199.3298,0.0392,NA,NA
python.exe,1968,0x0,Other,-1,0,0,Composed: Copy with GPU GDI,2026-8-20 19:22:40.443167800,0.7060,0.7060,0.0000,0.0123,3.0000,3.0000,0.0000,NA,NA,NA,NA,NA,NA,NA
python.exe,1968,0x0,Other,-1,0,0,Composed: Copy with GPU GDI,2026-8-20 19:22:40.443873800,4.9675,4.9675,0.0000,2.3090,3.0044,0.4301,2.5743,12.5533,6.6669,-2.8876,15206.8792,NA,NA,NA
python.exe,1968,0x0,Other,-1,0,0,Composed: Copy with GPU GDI,2026-8-20 19:22:40.448841300,6.0216,6.0216,0.0000,0.3499,6.0351,0.4274,5.6077,NA,NA,NA,NA,NA,NA,NA
python.exe,1968,0x0,Other,0,0,1,Hardware: Legacy Flip,2026-8-20 19:22:40.454862900,5.4021,5.4021,0.0000,0.3666,5.0482,0.0477,5.0005,8.2311,11.5547,4.3222,15217.8683,NA,NA,NA
python.exe,1968,0x0,Other,-1,0,0,Composed: Copy with GPU GDI,2026-8-20 19:22:40.460265000,0.6507,0.6507,0.0000,0.0127,3.0205,3.0205,0.0000,14.3837,5.7571,-6.1526,15223.2704,NA,NA,NA
python.exe,1968,0x0,Other,-1,0,0,Composed: Copy with GPU GDI,2026-8-20 19:22:40.460915700,7.4835,7.4835,0.0000,2.3850,5.4534,0.4310,5.0224,NA,NA,NA,NA,NA,NA,NA
python.exe,1968,0x0,Other,-1,0,0,Composed: Copy with GPU GDI,2026-8-20 19:22:40.468399200,8.8849,8.8849,0.0000,0.3580,8.9137,0.4693,8.4444,NA,NA,NA,NA,NA,NA,NA
python.exe,1968,0x0,Other,0,0,1,Hardware: Legacy Flip,2026-8-20 19:22:40.477284100,0.4409,0.4409,0.0000,0.3896,0.0936,0.0797,0.0139,3.1217,12.4294,11.2620,15240.2895,NA,NA,NA
python.exe,1968,0x0,Other,-1,0,0,Composed: Copy with GPU GDI,2026-8-20 19:22:40.477725000,1.7626,1.7626,0.0000,0.0423,2.8626,2.8626,0.0000,15.1102,6.0071,-11.9885,15240.7304,NA,NA,NA
python.exe,1968,0x0,Other,-1,0,0,Composed: Copy with GPU GDI,2026-8-20 19:22:40.479487600,8.9167,8.9167,0.0000,1.1454,8.1955,0.4932,7.7023,NA,NA,NA,NA,NA,NA,NA
python.exe,1968,0x0,Other,-1,0,0,Composed: Copy with GPU GDI,2026-8-20 19:22:40.488404300,2.7250,2.7250,0.0000,0.4276,2.3799,0.1463,2.2336,NA,NA,NA,NA,NA,NA,NA
python.exe,1968,0x0,Other,0,0,1,Hardware: Legacy Flip,2026-8-20 19:22:40.491129300,2.5032,2.5032,0.0000,0.0856,2.4336,0.0638,2.3698,7.7130,12.2072,7.3972,15254.1347,0.0389,NA,NA
python.exe,1968,0x0,Other,-1,0,0,Composed: Copy with GPU GDI,2026-8-20 19:22:40.493632500,6.0340,6.0340,0.0000,0.0160,6.4952,5.6558,0.8394,NA,NA,NA,NA,NA,NA,NA
python.exe,1968,0x0,Other,-1,0,0,Composed: Copy with GPU GDI,2026-8-20 19:22:40.499666500,4.1195,4.1195,0.0000,0.4806,3.9397,0.3794,3.5603,11.3830,6.7836,-3.6700,15262.6719,NA,NA,NA
python.exe,1968,0x0,Other,-1,0,0,Composed: Copy with GPU GDI,2026-8-20 19:22:40.503786000,6.4450,6.4450,0.0000,6.7882,1.7416,1.7416,0.0000,NA,NA,NA,NA,NA,NA,NA
python.exe,1968,0x0,Other,0,0,1,Hardware: Legacy Flip,2026-8-20 19:22:40.510231000,0.3317,0.3317,0.0000,0.0000,6.4838,0.4198,6.0640,7.6021,5.3353,3.7809,15273.2364,NA,NA,NA
python.exe,1968,0x0,Other,-1,0,0,Composed: Copy with GPU GDI,2026-8-20 19:22:40.510562700,4.8150,4.8150,0.0000,1.7531,4.7188,4.7188,0.0000,12.6057,10.0762,-5.0036,15273.5681,NA,NA,NA
python.exe,1968,0x0,Other,-1,0,0,Composed: Copy with GPU GDI,2026-8-20 19:22:40.515377700,7.1104,7.1104,0.0000,1.6569,5.9714,1.3287,4.6427,NA,NA,NA,NA,NA,NA,NA
python.exe,1968,0x0,Other,0,0,1,Hardware: Legacy Flip,2026-8-20 19:22:40.522488100,4.9253,4.9253,0.0000,0.5213,4.4176,0.0542,4.3634,10.7565,8.1307,1.8492,15285.4935,NA,NA,NA
python.exe,1968,0x0,Other,-1,0,0,Composed: Copy with GPU GDI,2026-8-20 19:22:40.527413400,0.9957,0.9957,0.0000,0.0136,4.1940,4.1940,0.0000,13.9619,16.5484,-3.2054,15290.4188,NA,NA,NA
python.exe,1968,0x0,Other,-1,0,0,Composed: Copy with GPU GDI,2026-8-20 19:22:40.528409100,20.7931,20.7931,0.0000,3.2119,19.8524,3.9393,15.9131,NA,NA,NA,NA,NA,NA,NA
python.exe,1968,0x0,Other,-1,0,0,Composed: Copy with GPU GDI,2026-8-20 19:22:40.549202200,2.4994,2.4994,0.0000,2.2740,0.9860,0.8452,0.1408,NA,NA,NA,NA,NA,NA,NA
python.exe,1968,0x0,Other,0,0,1,Hardware: Legacy Flip,2026-8-20 19:22:40.551701600,1.6940,1.6940,0.0000,0.7620,0.9737,0.0793,0.8944,6.2221,8.4609,7.7398,15314.7070,NA,NA,NA
python.exe,1968,0x0,Other,-1,0,0,Composed: Copy with GPU GDI,2026-8-20 19:22:40.553395600,4.7628,4.7628,0.0000,0.0417,6.0049,5.7909,0.2140,NA,NA,NA,NA,NA,NA,NA
python.exe,1968,0x0,Other,0,0,1,Hardware: Legacy Flip,2026-8-20 19:22:40.558158400,1.7812,1.7812,0.0000,1.2859,0.5118,0.0612,0.4506,8.2262,11.3873,-2.0041,15321.1638,NA,NA,NA
python.exe,1968,0x0,Other,-1,0,0,Composed: Copy with GPU GDI,2026-8-20 19:22:40.559939600,6.2315,6.2315,0.0000,0.0165,7.3898,7.3898,0.0000,NA,NA,NA,NA,NA,NA,NA
python.exe,1968,0x0,Other,-1,0,0,Composed: Copy with GPU GDI,2026-8-20 19:22:40.566171100,4.1005,4.1005,0.0000,1.1768,3.2887,0.4507,2.8380,11.6008,4.7432,-3.3746,15329.1765,NA,NA,NA
python.exe,1968,0x0,Other,0,0,1,Hardware: Legacy Flip,2026-8-20 19:22:40.570271600,6.4201,6.4201,0.0000,0.3686,6.0629,0.0448,6.0181,12.2435,7.3961,-0.6427,15333.2770,NA,NA,NA
python.exe,1968,0x0,Other,-1,0,0,Composed: Copy with GPU GDI,2026-8-20 19:22:40.576691700,1.0764,1.0764,0.0000,0.0114,2.9015,2.9015,0.0000,NA,NA,NA,NA,NA,NA,NA
python.exe,1968,0x0,Other,-1,0,0,Composed: Copy with GPU GDI,2026-8-20 19:22:40.577768100,4.6101,4.6101,0.0000,1.8365,3.4855,3.4855,0.0000,12.1431,7.1262,0.1004,15340.7735,NA,NA,NA
python.exe,1968,0x0,Other,-1,0,0,Composed: Copy with GPU GDI,2026-8-20 19:22:40.582378200,5.9748,5.9748,0.0000,0.7148,8.6695,3.4794,5.1901,NA,NA,NA,NA,NA,NA,NA
python.exe,1968,0x0,Other,0,0,1,Hardware: Legacy Flip,2026-8-20 19:22:40.588353000,4.7890,4.7890,0.0000,3.4133,1.3881,0.0497,1.3384,8.6844,17.0573,3.4587,15351.3584,NA,NA,NA
python.exe,1968,0x0,Other,-1,0,0,Composed: Copy with GPU GDI,2026-8-20 19:22:40.593142000,2.2530,2.2530,0.0000,0.0124,4.3174,4.3174,0.0000,NA,NA,NA,NA,NA,NA,NA
python.exe,1968,0x0,Other,-1,0,0,Composed: Copy with GPU GDI,2026-8-20 19:22:40.595395000,5.0509,5.0509,0.0000,2.0806,3.4112,0.5061,2.9051,NA,NA,NA,NA,NA,NA,NA
python.exe,1968,0x0,Other,-1,0,0,Composed: Copy with GPU GDI,2026-8-20 19:22:40.600445900,9.4933,9.4933,0.0000,9.8924,0.0398,0.0398,0.0000,NA,NA,NA,NA,NA,NA,NA
python.exe,1968,0x0,Other,0,0,1,Hardware: Legacy Flip,2026-8-20 19:22:40.609939200,0.3857,0.3857,0.0000,0.0000,9.4485,0.4680,8.9805,4.1555,17.0210,4.5289,15372.9446,NA,NA,NA
python.exe,1968,0x0,Other,-1,0,0,Composed: Copy with GPU GDI,2026-8-20 19:22:40.610324900,2.7061,2.7061,0.0000,0.0532,4.2332,4.2332,0.0000,NA,NA,NA,NA,NA,NA,NA
python.exe,1968,0x0,Other,-1,0,0,Composed: Copy with GPU GDI,2026-8-20 19:22:40.613031000,7.5185,7.5185,0.0000,1.5845,6.3650,0.5142,5.8508,NA,NA,NA,NA,NA,NA,NA
python.exe,1968,0x0,Other,-1,0,0,Composed: Copy with GPU GDI,2026-8-20 19:22:40.620549500,3.5219,3.5219,0.0000,0.4331,3.4576,0.4309,3.0267,NA,NA,NA,NA,NA,NA,NA
python.exe,1968,0x0,Other,0,0,1,Hardware: Legacy Flip,2026-8-20 19:22:40.624071400,1.6876,1.6876,0.0000,0.3719,1.3271,0.0447,1.2824,7.0443,13.3810,-2.8888,15387.0768,NA,NA,NA
python.exe,1968,0x0,Other,-1,0,0,Composed: Copy with GPU GDI,2026-8-20 19:22:40.625759000,6.5376,6.5376,0.0000,0.0114,6.9327,5.7682,1.1645,NA,NA,NA,NA,NA,NA,NA
python.exe,1968,0x0,Other,-1,0,0,Composed: Copy with GPU GDI,2026-8-20 19:22:40.632296600,5.4352,5.4352,0.0000,0.4134,5.3767,0.4401,4.9366,12.2001,4.8332,-5.1558,15395.3020,NA,NA,NA
python.exe,1968,0x0,Other,-1,0,0,Composed: Copy with GPU GDI,2026-8-20 19:22:40.637731800,6.0793,6.0793,0.0000,6.2552,0.3021,0.3021,0.0000,NA,NA,NA,NA,NA,NA,NA
python.exe,1968,0x0,Other,0,0,1,Hardware: Legacy Flip,2026-8-20 19:22:40.643811100,0.1624,0.1624,0.0000,0.0000,5.8969,0.2593,5.6376,5.5188,13.3707,6.6813,15406.8165,NA,NA,NA
python.exe,1968,0x0,Other,-1,0,0,Composed: Copy with GPU GDI,2026-8-20 19:22:40.643973500,4.7287,4.7287,0.0000,0.3156,5.8350,5.8350,0.0000,18.7271,2.9313,-13.2083,15406.9789,NA,NA,NA
python.exe,1968,0x0,Other,-1,0,0,Composed: Copy with GPU GDI,2026-8-20 19:22:40.648702200,6.5369,6.5369,0.0000,1.4250,5.5934,0.5487,5.0447,NA,NA,NA,NA,NA,NA,NA
python.exe,1968,0x0,Other,0,0,1,Hardware: Legacy Flip,2026-8-20 19:22:40.655239100,4.8322,4.8322,0.0000,0.4846,4.3616,0.0530,4.3086,10.3928,9.2064,8.3343,15418.2445,NA,NA,NA
python.exe,1968,0x0,Other,-1,0,0,Composed: Copy with GPU GDI,2026-8-20 19:22:40.660071300,0.7538,0.7538,0.0000,0.0140,4.2187,4.2187,0.0000,NA,NA,NA,NA,NA,NA,NA
python.exe,1968,0x0,Other,-1,0,0,Composed: Copy with GPU GDI,2026-8-20 19:22:40.660825100,6.4972,6.4972,0.0000,3.4789,3.4156,1.7422,1.6734,14.0132,6.4692,-3.6204,15423.8305,NA,NA,NA
python.exe,1968,0x0,Other,-1,0,0,Composed: Copy with GPU GDI,2026-8-20 19:22:40.667322300,9.8278,9.8278,0.0000,0.4005,9.8896,0.5620,9.3276,NA,NA,NA,NA,NA,NA,NA
python.exe,1968,0x0,Other,0,0,1,Hardware: Legacy Flip,2026-8-20 19:22:40.677150100,0.5108,0.5108,0.0000,0.4623,0.0909,0.0909,0.0000,4.1574,17.5936,9.8558,15440.1555,NA,NA,NA
python.exe,1968,0x0,Other,-1,0,0,Composed: Copy with GPU GDI,2026-8-20 19:22:40.677660900,1.6850,1.6850,0.0000,0.0424,4.6883,4.6883,0.0000,NA,NA,NA,NA,NA,NA,NA
python.exe,1968,0x0,Other,-1,0,0,Composed: Copy with GPU GDI,2026-8-20 19:22:40.679345900,8.5061,8.5061,0.0000,3.0497,6.4090,1.0300,5.3790,NA,NA,NA,NA,NA,NA,NA
python.exe,1968,0x0,Other,-1,0,0,Composed: Copy with GPU GDI,2026-8-20 19:22:40.687852000,5.3806,5.3806,0.0000,0.9547,4.7913,0.4613,4.3300,NA,NA,NA,NA,NA,NA,NA
python.exe,1968,0x0,Other,0,0,1,Hardware: Legacy Flip,2026-8-20 19:22:40.693232600,0.5632,0.5632,0.0000,0.3700,0.2088,0.0567,0.1521,5.6685,18.1190,-1.5111,15456.2380,NA,NA,NA
python.exe,1968,0x0,Other,-1,0,0,Composed: Copy with GPU GDI,2026-8-20 19:22:40.693795800,5.1699,5.1699,0.0000,0.0156,5.5124,5.5124,0.0000,NA,NA,NA,NA,NA,NA,NA
python.exe,1968,0x0,Other,-1,0,0,Composed: Copy with GPU GDI,2026-8-20 19:22:40.698965700,4.6067,4.6067,0.0000,0.3620,4.6095,0.4454,4.1641,NA,NA,NA,NA,NA,NA,NA
python.exe,1968,0x0,Other,0,0,1,Hardware: Legacy Flip,2026-8-20 19:22:40.703572400,6.2679,6.2679,0.0000,0.3678,5.9115,0.0444,5.8671,13.4477,6.3422,-7.7792,15466.5778,0.4157,NA,NA
python.exe,1968,0x0,Other,-1,0,0,Composed: Copy with GPU GDI,2026-8-20 19:22:40.709840300,1.8095,1.8095,0.0000,0.0114,4.8480,4.8480,0.0000,NA,NA,NA,NA,NA,NA,NA
python.exe,1968,0x0,Other,-1,0,0,Composed: Copy with GPU GDI,2026-8-20 19:22:40.711649800,4.4035,4.4035,0.0000,3.0499,2.5033,2.5033,0.0000,11.7125,6.5311,1.7352,15474.6552,NA,NA,NA
python.exe,1968,0x0,Other,-1,0,0,Composed: Copy with GPU GDI,2026-8-20 19:22:40.716053300,6.0972,6.0972,0.0000,1.1525,5.3894,0.5322,4.8572,NA,NA,NA,NA,NA,NA,NA
python.exe,1968,0x0,Other,0,0,1,Hardware: Legacy Flip,2026-8-20 19:22:40.722150500,3.7416,3.7416,0.0000,0.4489,3.3043,0.0459,3.2584,7.7429,11.6796,3.9696,15485.1559,0.4182,NA,NA
python.exe,1968,0x0,Other,-1,0,0,Composed: Copy with GPU GDI,2026-8-20 19:22:40.725892100,2.1980,2.1980,0.0000,0.0116,4.0079,4.0079,0.0000,NA,NA,NA,NA,NA,NA,NA
python.exe,1968,0x0,Other,-1,0,0,Composed: Copy with GPU GDI,2026-8-20 19:22:40.728090100,5.0481,5.0481,0.0000,1.8271,3.5615,0.4167,3.1448,13.4829,5.9692,-5.7400,15491.0955,NA,NA,NA
python.exe,1968,0x0,Other,-1,0,0,Composed: Copy with GPU GDI,2026-8-20 19:22:40.733138200,10.3859,10.3859,0.0000,0.3450,10.4209,0.4643,9.9566,NA,NA,NA,NA,NA,NA,NA
python.exe,1968,0x0,Other,0,0,1,Hardware: Legacy Flip,2026-8-20 19:22:40.743524100,0.3964,0.3964,0.0000,0.3800,0.0282,0.0282,0.0000,4.0181,6.1570,9.4648,15506.5295,0.3534,NA,NA
python.exe,1968,0x0,Other,-1,0,0,Composed: Copy with GPU GDI,2026-8-20 19:22:40.743920500,2.3303,2.3303,0.0000,0.0118,3.7089,3.7089,0.0000,9.7787,10.2294,-5.7606,15506.9259,NA,NA,NA
python.exe,1968,0x0,Other,-1,0,0,Composed: Copy with GPU GDI,2026-8-20 19:22:40.746250800,8.2926,8.2926,0.0000,1.3931,7.4019,0.5744,6.8275,NA,NA,NA,NA,NA,NA,NA
python.exe,1968,0x0,Other,-1,0,0,Composed: Copy with GPU GDI,2026-8-20 19:22:40.754543400,4.1815,4.1815,0.0000,0.5066,3.9583,0.3543,3.6040,NA,NA,NA,NA,NA,NA,NA
python.exe,1968,0x0,Other,0,0,1,Hardware: Legacy Flip,2026-8-20 19:22:40.758724900,0.8698,0.8698,0.0000,0.2876,0.5965,0.0591,0.5374,5.2037,14.0322,4.5750,15521.7303,0.4151,NA,NA
python.exe,1968,0x0,Other,-1,0,0,Composed: Copy with GPU GDI,2026-8-20 19:22:40.759594700,6.6961,6.6961,0.0000,0.0143,7.1926,4.4303,2.7623,NA,NA,NA,NA,NA,NA,NA
python.exe,1968,0x0,Other,-1,0,0,Composed: Copy with GPU GDI,2026-8-20 19:22:40.766290800,3.5985,3.5985,0.0000,0.5134,3.3001,0.2988,3.0013,11.6700,4.3688,-6.4663,15529.2962,NA,NA,NA
python.exe,1968,0x0,Other,0,0,1,Hardware: Legacy Flip,2026-8-20 19:22:40.769889300,6.7963,6.7963,0.0000,0.2197,6.5887,0.0451,6.5436,12.4403,7.7700,-0.7703,15532.8947,0.4152,NA,NA
python.exe,1968,0x0,Other,-1,0,0,Composed: Copy with GPU GDI,2026-8-20 19:22:40.776685600,0.6263,0.6263,0.0000,0.0121,3.7936,3.7936,0.0000,NA,NA,NA,NA,NA,NA,NA
python.exe,1968,0x0,Other,-1,0,0,Composed: Copy with GPU GDI,2026-8-20 19:22:40.777311900,5.5788,5.5788,0.0000,3.1794,2.8264,1.8532,0.9732,12.7877,7.7096,-0.3474,15540.3173,NA,NA,NA
python.exe,1968,0x0,Other,-1,0,0,Composed: Copy with GPU GDI,2026-8-20 19:22:40.782890700,5.9687,5.9687,0.0000,0.4299,8.3189,2.8476,5.4713,NA,NA,NA,NA,NA,NA,NA
python.exe,1968,0x0,Other,0,0,1,Hardware: Legacy Flip,2026-8-20 19:22:40.788859400,4.3294,4.3294,0.0000,2.7822,1.5589,0.0442,1.5147,8.9498,16.5666,3.8379,15551.8648,NA,NA,NA
python.exe,1968,0x0,Other,-1,0,0,Composed: Copy with GPU GDI,2026-8-20 19:22:40.793188800,0.6902,0.6902,0.0000,0.0117,3.7879,3.7879,0.0000,NA,NA,NA,NA,NA,NA,NA
python.exe,1968,0x0,Other,-1,0,0,Composed: Copy with GPU GDI,2026-8-20 19:22:40.793879000,6.0663,6.0663,0.0000,3.1094,3.3084,1.1835,2.1249,20.4968,2.3346,-11.5470,15556.8844,NA,NA,NA
python.exe,1968,0x0,Other,-1,0,0,Composed: Copy with GPU GDI,2026-8-20 19:22:40.799945300,6.0813,6.0813,0.0000,0.3543,6.1290,0.4875,5.6415,NA,NA,NA,NA,NA,NA,NA
python.exe,1968,0x0,Other,0,0,1,Hardware: Legacy Flip,2026-8-20 19:22:40.806026600,4.1586,4.1586,0.0000,0.4069,3.7642,0.0477,3.7165,10.6838,9.7895,9.8130,15569.0320,NA,NA,NA
python.exe,1968,0x0,Other,-1,0,0,Composed: Copy with GPU GDI,2026-8-20 19:22:40.810185200,2.3767,2.3767,0.0000,0.0125,6.0216,6.0216,0.0000,16.3147,3.8300,-5.6309,15573.1906,NA,NA,NA
python.exe,1968,0x0,Other,-1,0,0,Composed: Copy with GPU GDI,2026-8-20 19:22:40.812561900,8.6171,8.6171,0.0000,3.6574,5.5917,1.1537,4.4380,NA,NA,NA,NA,NA,NA,NA
python.exe,1968,0x0,Other,-1,0,0,Composed: Copy with GPU GDI,2026-8-20 19:22:40.821179000,4.1747,4.1747,0.0000,0.6354,3.9455,0.4887,3.4568,NA,NA,NA,NA,NA,NA,NA
python.exe,1968,0x0,Other,0,0,1,Hardware: Legacy Flip,2026-8-20 19:22:40.825353700,0.4608,0.4608,0.0000,0.4120,0.0669,0.0654,0.0015,4.9762,14.3649,11.3385,15588.3591,NA,NA,NA
python.exe,1968,0x0,Other,-1,0,0,Composed: Copy with GPU GDI,2026-8-20 19:22:40.825814500,6.4894,6.4894,0.0000,0.0181,6.8483,4.8834,1.9649,18.8803,4.0530,-13.9041,15588.8199,NA,NA,NA
python.exe,1968,0x0,Other,-1,0,0,Composed: Copy with GPU GDI,2026-8-20 19:22:40.832303900,4.0582,4.0582,0.0000,0.3814,3.9795,0.4183,3.5612,NA,NA,NA,NA,NA,NA,NA
python.exe,1968,0x0,Other,0,0,1,Hardware: Legacy Flip,2026-8-20 19:22:40.836362100,6.9703,6.9703,0.0000,0.3070,6.6752,0.0495,6.6257,12.3857,8.0999,6.4946,15599.3675,0.3866,NA,NA
python.exe,1968,0x0,Other,-1,0,0,Composed: Copy with GPU GDI,2026-8-20 19:22:40.843332400,0.4269,0.4269,0.0000,0.0119,3.7081,3.7081,0.0000,NA,NA,NA,NA,NA,NA,NA
python.exe,1968,0x0,Other,-1,0,0,Composed: Copy with GPU GDI,2026-8-20 19:22:40.843759300,5.5742,5.5742,0.0000,3.2931,2.5499,1.5965,0.9534,13.0884,6.2018,-0.7027,15606.7647,NA,NA,NA
python.exe,1968,0x0,Other,-1,0,0,Composed: Copy with GPU GDI,2026-8-20 19:22:40.849333500,5.5418,5.5418,0.0000,0.2727,5.7575,0.5516,5.2059,NA,NA,NA,NA,NA,NA,NA
python.exe,1968,0x0,Other,0,0,1,Hardware: Legacy Flip,2026-8-20 19:22:40.854875300,4.2818,4.2818,0.0000,0.4914,3.8162,0.0579,3.7583,8.1742,11.9872,4.9142,15617.8807,0.3931,NA,NA
python.exe,1968,0x0,Other,-1,0,0,Composed: Copy with GPU GDI,2026-8-20 19:22:40.859157100,2.8022,2.8022,0.0000,0.0258,3.9792,3.9792,0.0000,NA,NA,NA,NA,NA,NA,NA
python.exe,1968,0x0,Other,-1,0,0,Composed: Copy with GPU GDI,2026-8-20 19:22:40.861959300,6.0108,6.0108,0.0000,1.2068,5.1693,0.4388,4.7305,13.0774,5.9745,-4.9032,15624.9647,NA,NA,NA
python.exe,1968,0x0,Other,-1,0,0,Composed: Copy with GPU GDI,2026-8-20 19:22:40.867970100,8.9449,8.9449,0.0000,0.3685,8.9365,0.4279,8.5086,NA,NA,NA,NA,NA,NA,NA
python.exe,1968,0x0,Other,0,0,1,Hardware: Legacy Flip,2026-8-20 19:22:40.876915000,0.4150,0.4150,0.0000,0.3627,0.0640,0.0451,0.0189,4.0962,6.1575,8.9812,15639.9204,0.4032,NA,NA
python.exe,1968,0x0,Other,-1,0,0,Composed: Copy with GPU GDI,2026-8-20 19:22:40.877330000,2.5110,2.5110,0.0000,0.0117,3.7540,3.7540,0.0000,9.8387,11.3440,-5.7425,15640.3354,NA,NA,NA
python.exe,1968,0x0,Other,-1,0,0,Composed: Copy with GPU GDI,2026-8-20 19:22:40.879841000,8.0870,8.0870,0.0000,1.2581,9.9897,3.2459,6.7438,NA,NA,NA,NA,NA,NA,NA
python.exe,1968,0x0,Other,-1,0,0,Composed: Copy with GPU GDI,2026-8-20 19:22:40.887928000,5.2942,5.2942,0.0000,3.1635,2.4628,0.4213,2.0415,NA,NA,NA,NA,NA,NA,NA
python.exe,1968,0x0,Other,0,0,1,Hardware: Legacy Flip,2026-8-20 19:22:40.893222200,0.5626,0.5626,0.0000,0.3351,0.2430,0.0602,0.1828,5.2905,17.7960,4.5482,15656.2276,0.4094,NA,NA
python.exe,1968,0x0,Other,-1,0,0,Composed: Copy with GPU GDI,2026-8-20 19:22:40.893784800,5.4148,5.4148,0.0000,0.0155,5.9399,4.8516,1.0883,NA,NA,NA,NA,NA,NA,NA
python.exe,1968,0x0,Other,-1,0,0,Composed: Copy with GPU GDI,2026-8-20 19:22:40.899199600,3.9850,3.9850,0.0000,0.5425,3.7646,0.4033,3.3613,NA,NA,NA,NA,NA,NA,NA
python.exe,1968,0x0,Other,0,0,1,Hardware: Legacy Flip,2026-8-20 19:22:40.903184600,6.9311,6.9311,0.0000,0.3271,6.6157,0.0450,6.5707,13.1241,7.2606,-7.8336,15666.1900,0.4083,NA,NA
python.exe,1968,0x0,Other,-1,0,0,Composed: Copy with GPU GDI,2026-8-20 19:22:40.910115700,1.2120,1.2120,0.0000,0.0117,3.6923,3.6923,0.0000,NA,NA,NA,NA,NA,NA,NA
python.exe,1968,0x0,Other,-1,0,0,Composed: Copy with GPU GDI,2026-8-20 19:22:40.911327700,4.9948,4.9948,0.0000,2.4920,2.8052,2.4128,0.3924,12.2416,7.8258,0.8825,15674.3331,NA,NA,NA
python.exe,1968,0x0,Other,-1,0,0,Composed: Copy with GPU GDI,2026-8-20 19:22:40.916322500,5.0608,5.0608,0.0000,0.3074,5.2008,0.5202,4.6806,NA,NA,NA,NA,NA,NA,NA
python.exe,1968,0x0,Other,0,0,1,Hardware: Legacy Flip,2026-8-20 19:22:40.921383300,5.0250,5.0250,0.0000,0.4505,4.5880,0.0569,4.5311,10.0118,10.3796,2.2298,15684.3887,NA,NA,NA
python.exe,1968,0x0,Other,-1,0,0,Composed: Copy with GPU GDI,2026-8-20 19:22:40.926408300,0.5621,0.5621,0.0000,0.0135,3.4627,3.4627,0.0000,NA,NA,NA,NA,NA,NA,NA
python.exe,1968,0x0,Other,-1,0,0,Composed: Copy with GPU GDI,2026-8-20 19:22:40.926970400,7.0292,7.0292,0.0000,2.9141,4.4651,1.8886,2.5765,14.8043,5.2642,-4.7925,15689.9758,NA,NA,NA
python.exe,1968,0x0,Other,-1,0,0,Composed: Copy with GPU GDI,2026-8-20 19:22:40.933999600,6.1800,6.1800,0.0000,0.3537,6.1556,0.4098,5.7458,NA,NA,NA,NA,NA,NA,NA
python.exe,1968,0x0,Other,0,0,1,Hardware: Legacy Flip,2026-8-20 19:22:40.940179600,3.7192,3.7192,0.0000,0.3340,3.3977,0.0470,3.3507,6.8593,12.9310,7.9450,15703.1850,NA,NA,NA
python.exe,1968,0x0,Other,-1,0,0,Composed: Copy with GPU GDI,2026-8-20 19:22:40.943898800,3.7052,3.7052,0.0000,0.0125,4.1453,3.5983,0.5470,16.0711,5.3386,-9.2118,15706.9042,NA,NA,NA
python.exe,1968,0x0,Other,-1,0,0,Composed: Copy with GPU GDI,2026-8-20 19:22:40.947604000,6.8161,6.8161,0.0000,0.4560,6.7290,0.4435,6.2855,NA,NA,NA,NA,NA,NA,NA
python.exe,1968,0x0,Other,-1,0,0,Composed: Copy with GPU GDI,2026-8-20 19:22:40.954420100,3.7429,3.7429,0.0000,0.3718,3.6915,0.3990,3.2925,NA,NA,NA,NA,NA,NA,NA
python.exe,1968,0x0,Other,0,0,1,Hardware: Legacy Flip,2026-8-20 19:22:40.958163000,2.4317,2.4317,0.0000,0.3245,2.1221,0.0604,2.0617,7.1455,12.8553,8.9256,15721.1684,NA,NA,NA
python.exe,1968,0x0,Other,-1,0,0,Composed: Copy with GPU GDI,2026-8-20 19:22:40.960594700,5.1334,5.1334,0.0000,0.0149,5.7575,5.3546,0.4029,NA,NA,NA,NA,NA,NA,NA
python.exe,1968,0x0,Other,-1,0,0,Composed: Copy with GPU GDI,2026-8-20 19:22:40.965728100,4.6691,4.6691,0.0000,0.6428,5.5987,1.6609,3.9378,12.4357,3.2286,-5.2902,15728.7335,NA,NA,NA
python.exe,1968,0x0,Other,0,0,1,Hardware: Legacy Flip,2026-8-20 19:22:40.970397200,6.6570,6.6570,0.0000,1.5767,5.0931,0.0494,5.0437,10.9952,8.9061,1.4405,15733.4026,0.4131,NA,NA
python.exe,1968,0x0,Other,-1,0,0,Composed: Copy with GPU GDI,2026-8-20 19:22:40.977054200,0.7488,0.7488,0.0000,0.0128,3.3798,3.3798,0.0000,NA,NA,NA,NA,NA,NA,NA
python.exe,1968,0x0,Other,-1,0,0,Composed: Copy with GPU GDI,2026-8-20 19:22:40.977803000,5.0322,5.0322,0.0000,2.6438,2.7168,0.8812,1.8356,12.4955,7.7083,-1.5003,15740.8084,NA,NA,NA
python.exe,1968,0x0,Other,-1,0,0,Composed: Copy with GPU GDI,2026-8-20 19:22:40.982835200,6.6220,6.6220,0.0000,0.3333,7.9920,1.7851,6.2069,NA,NA,NA,NA,NA,NA,NA
python.exe,1968,0x0,Other,0,0,1,Hardware: Legacy Flip,2026-8-20 19:22:40.989457200,4.4866,4.4866,0.0000,1.7052,2.7965,0.0582,2.7383,8.5496,16.8600,3.9459,15752.4626,NA,NA,NA
python.exe,1968,0x0,Other,-1,0,0,Composed: Copy with GPU GDI,2026-8-20 19:22:40.993943800,0.4553,0.4553,0.0000,0.0151,3.4389,3.4389,0.0000,NA,NA,NA,NA,NA,NA,NA
python.exe,1968,0x0,Other,-1,0,0,Composed: Copy with GPU GDI,2026-8-20 19:22:40.994399100,6.1078,6.1078,0.0000,2.9987,3.4498,0.9598,2.4900,NA,NA,NA,NA,NA,NA,NA
python.exe,1968,0x0,Other,-1,0,0,Composed: Copy with GPU GDI,2026-8-20 19:22:41.000506900,9.9191,9.9191,0.0000,10.4290,0.4343,0.4343,0.0000,NA,NA,NA,NA,NA,NA,NA
python.exe,1968,0x0,Other,0,0,1,Hardware: Legacy Flip,2026-8-20 19:22:41.010426000,0.4952,0.4952,0.0000,0.0000,10.0852,0.5964,9.4888,4.4408,15.9717,4.1088,15773.4314,0.4184,NA,NA
python.exe,1968,0x0,Other,-1,0,0,Composed: Copy with GPU GDI,2026-8-20 19:22:41.010921200,2.1782,2.1782,0.0000,0.4490,3.5745,3.5745,0.0000,NA,NA,NA,NA,NA,NA,NA
python.exe,1968,0x0,Other,-1,0,0,Composed: Copy with GPU GDI,2026-8-20 19:22:41.013099400,7.9778,7.9778,0.0000,1.8487,6.8582,0.8109,6.0473,NA,NA,NA,NA,NA,NA,NA
python.exe,1968,0x0,Other,-1,0,0,Composed: Copy with GPU GDI,2026-8-20 19:22:41.021077200,3.0430,3.0430,0.0000,0.7319,2.6995,0.4509,2.2486,NA,NA,NA,NA,NA,NA,NA
python.exe,1968,0x0,Other,0,0,1,Hardware: Legacy Flip,2026-8-20 19:22:41.024120200,1.7277,1.7277,0.0000,0.3911,1.3479,0.0446,1.3033,6.7183,14.0535,-2.2775,15787.1256,NA,NA,NA
python.exe,1968,0x0,Other,-1,0,0,Composed: Copy with GPU GDI,2026-8-20 19:22:41.025847900,6.4088,6.4088,0.0000,0.0113,6.9095,5.5031,1.4064,19.0441,3.2894,-12.3258,15788.8533,NA,NA,NA
python.exe,1968,0x0,Other,-1,0,0,Composed: Copy with GPU GDI,2026-8-20 19:22:41.032256700,4.1902,4.1902,0.0000,0.5153,3.9963,0.4065,3.5898,NA,NA,NA,NA,NA,NA,NA
python.exe,1968,0x0,Other,0,0,1,Hardware: Legacy Flip,2026-8-20 19:22:41.036446900,6.7505,6.7505,0.0000,0.3257,6.4361,0.0455,6.3906,11.7345,8.8568,7.3096,15799.4523,0.4018,NA,NA
python.exe,1968,0x0,Other,-1,0,0,Composed: Copy with GPU GDI,2026-8-20 19:22:41.043197400,0.5665,0.5665,0.0000,0.0113,3.4780,3.4780,0.0000,NA,NA,NA,NA,NA,NA,NA
python.exe,1968,0x0,Other,-1,0,0,Composed: Copy with GPU GDI,2026-8-20 19:22:41.043763900,5.0088,5.0088,0.0000,2.9228,2.3460,1.3553,0.9907,13.2743,7.5584,-1.5398,15806.7693,NA,NA,NA
python.exe,1968,0x0,Other,-1,0,0,Composed: Copy with GPU GDI,2026-8-20 19:22:41.048772700,6.5591,6.5591,0.0000,0.2631,6.7425,0.5251,6.2174,NA,NA,NA,NA,NA,NA,NA
python.exe,1968,0x0,Other,0,0,1,Hardware: Legacy Flip,2026-8-20 19:22:41.055331800,3.8545,3.8545,0.0000,0.4495,3.4196,0.0673,3.3523,9.2648,10.6396,4.0095,15818.3372,NA,NA,NA
python.exe,1968,0x0,Other,-1,0,0,Composed: Copy with GPU GDI,2026-8-20 19:22:41.059186300,2.2259,2.2259,0.0000,0.0146,4.1180,4.1180,0.0000,16.0499,5.8475,-6.7851,15822.1917,NA,NA,NA
python.exe,1968,0x0,Other,-1,0,0,Composed: Copy with GPU GDI,2026-8-20 19:22:41.061412200,6.5622,6.5622,0.0000,1.9067,5.0464,1.6950,3.3514,NA,NA,NA,NA,NA,NA,NA
python.exe,1968,0x0,Other,-1,0,0,Composed: Copy with GPU GDI,2026-8-20 19:22:41.067974400,9.1847,9.1847,0.0000,0.3966,9.1261,0.4098,8.7163,NA,NA,NA,NA,NA,NA,NA
python.exe,1968,0x0,Other,0,0,1,Hardware: Legacy Flip,2026-8-20 19:22:41.077159100,0.4234,0.4234,0.0000,0.3419,0.1718,0.1212,0.0506,3.9246,6.2872,12.1253,15840.1645,0.4142,NA,NA
python.exe,1968,0x0,Other,-1,0,0,Composed: Copy with GPU GDI,2026-8-20 19:22:41.077582500,1.9340,1.9340,0.0000,0.0903,3.3776,3.3776,0.0000,9.7884,10.3365,-5.8638,15840.5879,NA,NA,NA
python.exe,1968,0x0,Other,-1,0,0,Composed: Copy with GPU GDI,2026-8-20 19:22:41.079516500,8.9690,8.9690,0.0000,1.5377,10.1884,2.8294,7.3590,NA,NA,NA,NA,NA,NA,NA
python.exe,1968,0x0,Other,-1,0,0,Composed: Copy with GPU GDI,2026-8-20 19:22:41.088485500,2.6125,2.6125,0.0000,2.8359,0.1173,0.1173,0.0000,NA,NA,NA,NA,NA,NA,NA
python.exe,1968,0x0,Other,0,0,1,Hardware: Legacy Flip,2026-8-20 19:22:41.091098000,3.5936,3.5936,0.0000,0.2649,3.3780,0.1026,3.2754,6.6094,13.9209,3.1790,15854.1034,NA,NA,NA
python.exe,1968,0x0,Other,-1,0,0,Composed: Copy with GPU GDI,2026-8-20 19:22:41.094691600,4.2998,4.2998,0.0000,0.0493,4.7752,3.5052,1.2700,16.9367,4.5478,-10.3273,15857.6970,NA,NA,NA
python.exe,1968,0x0,Other,-1,0,0,Composed: Copy with GPU GDI,2026-8-20 19:22:41.098991400,4.6879,4.6879,0.0000,0.5286,4.5865,0.4950,4.0915,NA,NA,NA,NA,NA,NA,NA
python.exe,1968,0x0,Other,-1,0,0,Composed: Copy with GPU GDI,2026-8-20 19:22:41.103679300,6.4189,6.4189,0.0000,6.6633,1.6351,1.6351,0.0000,NA,NA,NA,NA,NA,NA,NA
python.exe,1968,0x0,Other,0,0,1,Hardware: Legacy Flip,2026-8-20 19:22:41.110098200,0.2333,0.2333,0.0000,0.0000,6.2331,0.3263,5.9068,6.0779,7.5875,10.8588,15873.1036,0.3848,NA,NA
python.exe,1968,0x0,Other,-1,0,0,Composed: Copy with GPU GDI,2026-8-20 19:22:41.110331500,6.0119,6.0119,0.0000,1.6462,4.8414,4.3111,0.5303,13.4321,5.8069,-7.3542,15873.3369,NA,NA,NA
python.exe,1968,0x0,Other,-1,0,0,Composed: Copy with GPU GDI,2026-8-20 19:22:41.116343400,5.4624,5.4624,0.0000,0.4790,5.4248,0.5072,4.9176,NA,NA,NA,NA,NA,NA,NA
python.exe,1968,0x0,Other,0,0,1,Hardware: Legacy Flip,2026-8-20 19:22:41.121805800,4.7758,4.7758,0.0000,0.4447,4.3424,0.0446,4.2978,7.7647,12.3917,5.6674,15884.8112,NA,NA,NA
python.exe,1968,0x0,Other,-1,0,0,Composed: Copy with GPU GDI,2026-8-20 19:22:41.126581600,0.7607,0.7607,0.0000,0.0113,3.4642,3.4642,0.0000,NA,NA,NA,NA,NA,NA,NA
python.exe,1968,0x0,Other,-1,0,0,Composed: Copy with GPU GDI,2026-8-20 19:22:41.127342300,7.6128,7.6128,0.0000,2.7197,5.2022,0.3922,4.8100,14.6199,8.6193,-6.8552,15890.3477,NA,NA,NA
python.exe,1968,0x0,Other,-1,0,0,Composed: Copy with GPU GDI,2026-8-20 19:22:41.134955100,5.0142,5.0142,0.0000,0.3137,5.0298,0.4111,4.6187,NA,NA,NA,NA,NA,NA,NA
python.exe,1968,0x0,Other,0,0,1,Hardware: Legacy Flip,2026-8-20 19:22:41.139969300,4.0988,4.0988,0.0000,0.3335,3.7778,0.0459,3.7319,10.6122,9.5813,4.0077,15902.9747,0.3908,NA,NA
python.exe,1968,0x0,Other,-1,0,0,Composed: Copy with GPU GDI,2026-8-20 19:22:41.144068100,2.0161,2.0161,0.0000,0.0125,4.3617,4.3617,0.0000,16.0947,3.9374,-5.4825,15907.0735,NA,NA,NA
python.exe,1968,0x0,Other,-1,0,0,Composed: Copy with GPU GDI,2026-8-20 19:22:41.146084200,8.3984,8.3984,0.0000,2.3581,6.6986,2.4225,4.2761,NA,NA,NA,NA,NA,NA,NA
python.exe,1968,0x0,Other,-1,0,0,Composed: Copy with GPU GDI,2026-8-20 19:22:41.154482600,4.1946,4.1946,0.0000,0.6608,3.8612,0.3924,3.4688,NA,NA,NA,NA,NA,NA,NA
python.exe,1968,0x0,Other,0,0,1,Hardware: Legacy Flip,2026-8-20 19:22:41.158677200,1.1846,1.1846,0.0000,0.3313,0.8650,0.0434,0.8216,5.4230,14.2556,10.6717,15921.6826,NA,NA,NA
python.exe,1968,0x0,Other,-1,0,0,Composed: Copy with GPU GDI,2026-8-20 19:22:41.159861800,5.7114,5.7114,0.0000,0.0117,6.2337,4.7644,1.4693,18.4940,1.9084,-13.0710,15922.8672,NA,NA,NA
python.exe,1968,0x0,Other,-1,0,0,Composed: Copy with GPU GDI,2026-8-20 19:22:41.165573200,4.6602,4.6602,0.0000,0.5374,6.5572,2.5146,4.0426,NA,NA,NA,NA,NA,NA,NA
python.exe,1968,0x0,Other,-1,0,0,Composed: Copy with GPU GDI,2026-8-20 19:22:41.170233400,6.4773,6.4773,0.0000,2.4400,4.3501,0.3913,3.9588,NA,NA,NA,NA,NA,NA,NA
python.exe,1968,0x0,Other,0,0,1,Hardware: Legacy Flip,2026-8-20 19:22:41.176710700,0.3597,0.3597,0.0000,0.3185,0.0529,0.0479,0.0050,3.5535,16.3105,14.9405,15939.7161,0.4162,NA,NA
python.exe,1968,0x0,Other,-1,0,0,Composed: Copy with GPU GDI,2026-8-20 19:22:41.177070400,6.1813,6.1813,0.0000,0.0117,6.6644,3.2716,3.3928,19.5043,0.9976,-15.9508,15940.0758,NA,NA,NA
python.exe,1968,0x0,Other,-1,0,0,Composed: Copy with GPU GDI,2026-8-20 19:22:41.183251700,5.4923,5.4923,0.0000,0.4978,7.8352,2.9132,4.9220,NA,NA,NA,NA,NA,NA,NA
python.exe,1968,0x0,Other,0,0,1,Hardware: Legacy Flip,2026-8-20 19:22:41.188744000,4.8863,4.8863,0.0000,2.8434,2.0543,0.0439,2.0104,8.8283,16.1138,10.6760,15951.7494,NA,NA,NA
python.exe,1968,0x0,Other,-1,0,0,Composed: Copy with GPU GDI,2026-8-20 19:22:41.193630300,0.5952,0.5952,0.0000,0.0114,3.3376,3.3376,0.0000,NA,NA,NA,NA,NA,NA,NA
python.exe,1968,0x0,Other,-1,0,0,Composed: Copy with GPU GDI,2026-8-20 19:22:41.194225500,7.6378,7.6378,0.0000,2.7538,5.2027,0.9422,4.2605,NA,NA,NA,NA,NA,NA,NA
python.exe,1968,0x0,Other,-1,0,0,Composed: Copy with GPU GDI,2026-8-20 19:22:41.201863300,8.1158,8.1158,0.0000,0.3237,8.1622,0.4436,7.7186,NA,NA,NA,NA,NA,NA,NA
python.exe,1968,0x0,Other,0,0,1,Hardware: Legacy Flip,2026-8-20 19:22:41.209979100,0.4545,0.4545,0.0000,0.3730,0.0938,0.0455,0.0483,3.7070,7.1579,5.1213,15972.9845,0.4050,NA,NA
python.exe,1968,0x0,Other,-1,0,0,Composed: Copy with GPU GDI,2026-8-20 19:22:41.210433600,1.4581,1.4581,0.0000,0.0123,3.2820,3.2820,0.0000,10.4104,9.1197,-6.7034,15973.4390,NA,NA,NA
python.exe,1968,0x0,Other,-1,0,0,Composed: Copy with GPU GDI,2026-8-20 19:22:41.211891700,9.1907,9.1907,0.0000,1.8401,7.8311,0.5549,7.2762,NA,NA,NA,NA,NA,NA,NA
python.exe,1968,0x0,Other,-1,0,0,Composed: Copy with GPU GDI,2026-8-20 19:22:41.221082400,4.4380,4.4380,0.0000,0.4841,4.3075,0.4298,3.8777,NA,NA,NA,NA,NA,NA,NA
python.exe,1968,0x0,Other,0,0,1,Hardware: Legacy Flip,2026-8-20 19:22:41.225520400,0.7481,0.7481,0.0000,0.3578,0.4023,0.0452,0.3571,4.4433,15.1096,5.9671,15988.5258,NA,NA,NA
python.exe,1968,0x0,Other,-1,0,0,Composed: Copy with GPU GDI,2026-8-20 19:22:41.226268500,6.3366,6.3366,0.0000,0.0120,6.8940,4.2539,2.6401,NA,NA,NA,NA,NA,NA,NA
python.exe,1968,0x0,Other,-1,0,0,Composed: Copy with GPU GDI,2026-8-20 19:22:41.232605100,5.1437,5.1437,0.0000,0.5729,4.8683,0.3729,4.4954,12.4682,2.9313,-8.0249,15995.6105,NA,NA,NA
python.exe,1968,0x0,Other,0,0,1,Hardware: Legacy Flip,2026-8-20 19:22:41.237748800,5.9133,5.9133,0.0000,0.3007,5.6243,0.0464,5.5779,10.2558,9.2039,2.2124,16000.7542,NA,NA,NA
python.exe,1968,0x0,Other,-1,0,0,Composed: Copy with GPU GDI,2026-8-20 19:22:41.243662100,0.9738,0.9738,0.0000,0.0117,3.3016,3.3016,0.0000,NA,NA,NA,NA,NA,NA,NA
python.exe,1968,0x0,Other,-1,0,0,Composed: Copy with GPU GDI,2026-8-20 19:22:41.244635900,4.5185,4.5185,0.0000,2.3395,2.4332,1.3065,1.1267,12.5726,5.9637,-2.3168,16007.6413,NA,NA,NA
python.exe,1968,0x0,Other,-1,0,0,Composed: Copy with GPU GDI,2026-8-20 19:22:41.249154400,6.1558,6.1558,0.0000,0.2573,6.3404,0.5105,5.8299,NA,NA,NA,NA,NA,NA,NA
python.exe,1968,0x0,Other,0,0,1,Hardware: Legacy Flip,2026-8-20 19:22:41.255310200,3.8083,3.8083,0.0000,0.4451,3.3790,0.0698,3.3092,7.8620,12.2473,4.7106,16018.3156,NA,NA,NA
python.exe,1968,0x0,Other,-1,0,0,Composed: Copy with GPU GDI,2026-8-20 19:22:41.259118500,1.6569,1.6569,0.0000,0.0158,2.0812,2.0812,0.0000,16.3010,4.7136,-8.4390,16022.1239,NA,NA,NA
python.exe,1968,0x0,Other,-1,0,0,Composed: Copy with GPU GDI,2026-8-20 19:22:41.260775400,7.0634,7.0634,0.0000,0.4401,6.9677,2.3159,4.6518,NA,NA,NA,NA,NA,NA,NA
python.exe,1968,0x0,Other,-1,0,0,Composed: Copy with GPU GDI,2026-8-20 19:22:41.267838800,8.6405,8.6405,0.0000,0.3479,8.5447,0.3298,8.2149,NA,NA,NA,NA,NA,NA,NA
python.exe,1968,0x0,Other,0,0,1,Hardware: Legacy Flip,2026-8-20 19:22:41.276479300,0.3970,0.3970,0.0000,0.2552,0.1542,0.0464,0.1078,3.6538,7.4061,12.6472,16039.4847,0.4165,NA,NA
python.exe,1968,0x0,Other,-1,0,0,Composed: Copy with GPU GDI,2026-8-20 19:22:41.276876300,3.0496,3.0496,0.0000,0.0124,3.4223,3.2305,0.1918,10.6629,13.8788,-7.0091,16039.8817,NA,NA,NA
python.exe,1968,0x0,Other,-1,0,0,Composed: Copy with GPU GDI,2026-8-20 19:22:41.279925900,7.5783,7.5783,0.0000,0.3888,7.6204,0.4985,7.1219,NA,NA,NA,NA,NA,NA,NA
python.exe,1968,0x0,Other,-1,0,0,Composed: Copy with GPU GDI,2026-8-20 19:22:41.287504200,3.4285,3.4285,0.0000,0.4340,3.1136,0.1925,2.9211,NA,NA,NA,NA,NA,NA,NA
python.exe,1968,0x0,Other,0,0,1,Hardware: Legacy Flip,2026-8-20 19:22:41.290932700,2.8019,2.8019,0.0000,0.1232,2.6930,0.0525,2.6405,10.4853,13.2986,0.1776,16053.9381,NA,NA,NA
python.exe,1968,0x0,Other,-1,0,0,Composed: Copy with GPU GDI,2026-8-20 19:22:41.293734600,5.0506,5.0506,0.0000,0.0143,7.0782,7.0782,0.0000,NA,NA,NA,NA,NA,NA,NA
python.exe,1968,0x0,Other,-1,0,0,Composed: Copy with GPU GDI,2026-8-20 19:22:41.298785200,4.7497,4.7497,0.0000,2.0419,3.0862,0.9841,2.1021,NA,NA,NA,NA,NA,NA,NA
python.exe,1968,0x0,Other,0,0,1,Hardware: Legacy Flip,2026-8-20 19:22:41.303534900,6.6617,6.6617,0.0000,0.3821,6.2915,0.0466,6.2449,11.1817,9.2346,-0.6964,16066.5403,NA,NA,NA
python.exe,1968,0x0,Other,-1,0,0,Composed: Copy with GPU GDI,2026-8-20 19:22:41.310196600,0.8346,0.8346,0.0000,0.0119,3.5500,3.5500,0.0000,NA,NA,NA,NA,NA,NA,NA
python.exe,1968,0x0,Other,-1,0,0,Composed: Copy with GPU GDI,2026-8-20 19:22:41.311031200,5.0560,5.0560,0.0000,2.7273,2.6331,1.2746,1.3585,12.9200,7.4087,-1.7383,16074.0366,NA,NA,NA
python.exe,1968,0x0,Other,-1,0,0,Composed: Copy with GPU GDI,2026-8-20 19:22:41.316087200,6.0309,6.0309,0.0000,0.3081,6.1597,0.5151,5.6446,NA,NA,NA,NA,NA,NA,NA
python.exe,1968,0x0,Other,0,0,1,Hardware: Legacy Flip,2026-8-20 19:22:41.322118100,4.3260,4.3260,0.0000,0.4403,3.9001,0.0531,3.8470,9.2418,10.8027,3.6782,16085.1235,NA,NA,NA
python.exe,1968,0x0,Other,-1,0,0,Composed: Copy with GPU GDI,2026-8-20 19:22:41.326444100,1.2010,1.2010,0.0000,0.0144,3.3882,3.3882,0.0000,15.7185,6.0574,-6.4767,16089.4495,NA,NA,NA
python.exe,1968,0x0,Other,-1,0,0,Composed: Copy with GPU GDI,2026-8-20 19:22:41.327645100,7.5640,7.5640,0.0000,2.2016,5.6662,1.8517,3.8145,20.5749,1.1692,-4.8564,16090.6505,NA,NA,NA
python.exe,1968,0x0,Other,-1,0,0,Composed: Copy with GPU GDI,2026-8-20 19:22:41.335209100,4.5045,4.5045,0.0000,0.3072,4.5132,0.3913,4.1219,NA,NA,NA,NA,NA,NA,NA
python.exe,1968,0x0,Other,0,0,1,Hardware: Legacy Flip,2026-8-20 19:22:41.339713600,5.0192,5.0192,0.0000,0.3198,4.7383,0.0795,4.6588,9.6756,10.9750,10.8993,16102.7190,NA,NA,NA
python.exe,1968,0x0,Other,-1,0,0,Composed: Copy with GPU GDI,2026-8-20 19:22:41.344732800,1.7397,1.7397,0.0000,0.0389,3.5148,3.5148,0.0000,15.6314,3.3180,-5.9558,16107.7382,NA,NA,NA
python.exe,1968,0x0,Other,-1,0,0,Composed: Copy with GPU GDI,2026-8-20 19:22:41.346472500,8.5234,8.5234,0.0000,1.8140,7.1491,1.5896,5.5595,NA,NA,NA,NA,NA,NA,NA
python.exe,1968,0x0,Other,-1,0,0,Composed: Copy with GPU GDI,2026-8-20 19:22:41.354995900,3.8695,3.8695,0.0000,0.4418,3.7270,0.3753,3.3517,NA,NA,NA,NA,NA,NA,NA
python.exe,1968,0x0,Other,0,0,1,Hardware: Legacy Flip,2026-8-20 19:22:41.358865400,1.2901,1.2901,0.0000,0.3036,1.0045,0.0626,0.9419,4.8168,14.8731,10.8146,16121.8708,NA,NA,NA
python.exe,1968,0x0,Other,-1,0,0,Composed: Copy with GPU GDI,2026-8-20 19:22:41.360155500,5.7524,5.7524,0.0000,0.0180,6.2749,4.0779,2.1970,18.3998,1.6524,-13.5830,16123.1609,NA,NA,NA
python.exe,1968,0x0,Other,-1,0,0,Composed: Copy with GPU GDI,2026-8-20 19:22:41.365907900,4.2139,4.2139,0.0000,0.5448,6.4091,2.8233,3.5858,NA,NA,NA,NA,NA,NA,NA
python.exe,1968,0x0,Other,-1,0,0,Composed: Copy with GPU GDI,2026-8-20 19:22:41.370121800,6.8961,6.8961,0.0000,2.7450,4.4355,0.3744,4.0611,NA,NA,NA,NA,NA,NA,NA
python.exe,1968,0x0,Other,0,0,1,Hardware: Legacy Flip,2026-8-20 19:22:41.377017900,0.4872,0.4872,0.0000,0.2887,0.2139,0.0552,0.1587,3.1898,16.5406,15.2100,16140.0233,NA,NA,NA
python.exe,1968,0x0,Other,-1,0,0,Composed: Copy with GPU GDI,2026-8-20 19:22:41.377505100,5.0670,5.0670,0.0000,0.0154,5.5272,3.1864,2.3408,19.2432,0.7292,-16.0534,16140.5105,NA,NA,NA
python.exe,1968,0x0,Other,-1,0,0,Composed: Copy with GPU GDI,2026-8-20 19:22:41.382572100,6.9544,6.9544,0.0000,0.4787,9.5651,3.4541,6.1110,NA,NA,NA,NA,NA,NA,NA
python.exe,1968,0x0,Other,0,0,1,Hardware: Legacy Flip,2026-8-20 19:22:41.389526500,4.0775,4.0775,0.0000,3.0937,0.9983,0.0543,0.9440,7.9510,17.4916,11.2922,16152.5319,NA,NA,NA
python.exe,1968,0x0,Other,-1,0,0,Composed: Copy with GPU GDI,2026-8-20 19:22:41.393604000,0.5193,0.5193,0.0000,0.0145,3.2779,3.2779,0.0000,NA,NA,NA,NA,NA,NA,NA
python.exe,1968,0x0,Other,-1,0,0,Composed: Copy with GPU GDI,2026-8-20 19:22:41.394123300,7.0995,7.0995,0.0000,2.7731,4.7234,1.0036,3.7198,20.8458,0.9349,-12.8948,16157.1287,NA,NA,NA
python.exe,1968,0x0,Other,-1,0,0,Composed: Copy with GPU GDI,2026-8-20 19:22:41.401222800,10.2333,10.2333,0.0000,0.4029,10.1948,0.4789,9.7159,NA,NA,NA,NA,NA,NA,NA
python.exe,1968,0x0,Other,0,0,1,Hardware: Legacy Flip,2026-8-20 19:22:41.411456100,0.5925,0.5925,0.0000,0.3686,0.2687,0.0844,0.1843,4.4479,15.5224,16.3979,16174.4615,NA,NA,NA
python.exe,1968,0x0,Other,-1,0,0,Composed: Copy with GPU GDI,2026-8-20 19:22:41.412048600,0.7161,0.7161,0.0000,0.0448,3.0865,3.0865,0.0000,NA,NA,NA,NA,NA,NA,NA
python.exe,1968,0x0,Other,-1,0,0,Composed: Copy with GPU GDI,2026-8-20 19:22:41.412764700,8.9173,8.9173,0.0000,2.4152,6.9024,1.2085,5.6939,NA,NA,NA,NA,NA,NA,NA
python.exe,1968,0x0,Other,-1,0,0,Composed: Copy with GPU GDI,2026-8-20 19:22:41.421682000,2.6859,2.6859,0.0000,0.4033,2.6415,0.4818,2.1597,NA,NA,NA,NA,NA,NA,NA
python.exe,1968,0x0,Other,0,0,1,Hardware: Legacy Flip,2026-8-20 19:22:41.424367900,2.8510,2.8510,0.0000,0.3627,2.5049,0.0630,2.4419,7.0585,13.8659,-2.6106,16187.3733,NA,NA,NA
python.exe,1968,0x0,Other,-1,0,0,Composed: Copy with GPU GDI,2026-8-20 19:22:41.427218900,5.5232,5.5232,0.0000,0.0166,6.0061,4.7439,1.2622,18.0734,2.6222,-11.0149,16190.2243,NA,NA,NA
python.exe,1968,0x0,Other,-1,0,0,Composed: Copy with GPU GDI,2026-8-20 19:22:41.432742100,3.6655,3.6655,0.0000,0.5026,3.3507,0.2752,3.0755,NA,NA,NA,NA,NA,NA,NA
python.exe,1968,0x0,Other,0,0,1,Hardware: Legacy Flip,2026-8-20 19:22:41.436407600,7.3044,7.3044,0.0000,0.1917,7.1252,0.0496,7.0756,11.5069,9.5130,6.5665,16199.4130,NA,NA,NA
python.exe,1968,0x0,Other,-1,0,0,Composed: Copy with GPU GDI,2026-8-20 19:22:41.443712000,0.7183,0.7183,0.0000,0.0125,3.2375,3.2375,0.0000,NA,NA,NA,NA,NA,NA,NA
python.exe,1968,0x0,Other,-1,0,0,Composed: Copy with GPU GDI,2026-8-20 19:22:41.444430300,5.3603,5.3603,0.0000,2.5317,3.0372,1.1876,1.8496,12.9972,6.7345,-1.4903,16207.4357,NA,NA,NA
python.exe,1968,0x0,Other,-1,0,0,Composed: Copy with GPU GDI,2026-8-20 19:22:41.449790600,6.3629,6.3629,0.0000,0.2129,6.5755,0.5164,6.0591,NA,NA,NA,NA,NA,NA,NA
python.exe,1968,0x0,Other,0,0,1,Hardware: Legacy Flip,2026-8-20 19:22:41.456153500,3.7902,3.7902,0.0000,0.4297,3.3727,0.0476,3.3251,8.0085,11.4651,4.9887,16219.1589,NA,NA,NA
python.exe,1968,0x0,Other,-1,0,0,Composed: Copy with GPU GDI,2026-8-20 19:22:41.459943700,0.6070,0.6070,0.0000,0.0122,3.2017,3.2017,0.0000,15.6834,4.7032,-7.6749,16222.9491,NA,NA,NA
python.exe,1968,0x0,Other,-1,0,0,Composed: Copy with GPU GDI,2026-8-20 19:22:41.460550700,7.0937,7.0937,0.0000,2.6069,4.8269,1.3550,3.4719,NA,NA,NA,NA,NA,NA,NA
python.exe,1968,0x0,Other,-1,0,0,Composed: Copy with GPU GDI,2026-8-20 19:22:41.467644400,9.4781,9.4781,0.0000,0.3444,9.6248,0.5764,9.0484,NA,NA,NA,NA,NA,NA,NA
python.exe,1968,0x0,Other,0,0,1,Hardware: Legacy Flip,2026-8-20 19:22:41.477122500,0.4643,0.4643,0.0000,0.4911,0.0928,0.0928,0.0000,3.2078,7.4286,12.4756,16240.1279,NA,NA,NA
python.exe,1968,0x0,Other,-1,0,0,Composed: Copy with GPU GDI,2026-8-20 19:22:41.477586800,2.0528,2.0528,0.0000,0.1196,3.0422,3.0422,0.0000,10.1721,9.3348,-6.9643,16240.5922,NA,NA,NA
python.exe,1968,0x0,Other,-1,0,0,Composed: Copy with GPU GDI,2026-8-20 19:22:41.479639600,7.8161,7.8161,0.0000,1.1128,7.2417,0.6252,6.6165,NA,NA,NA,NA,NA,NA,NA
python.exe,1968,0x0,Other,-1,0,0,Composed: Copy with GPU GDI,2026-8-20 19:22:41.487455700,3.2755,3.2755,0.0000,0.5427,2.9386,0.2739,2.6647,NA,NA,NA,NA,NA,NA,NA
python.exe,1968,0x0,Other,0,0,1,Hardware: Legacy Flip,2026-8-20 19:22:41.490731200,2.3196,2.3196,0.0000,0.2096,2.1271,0.0563,2.0708,6.3625,14.9268,3.8096,16253.7366,NA,NA,NA
python.exe,1968,0x0,Other,-1,0,0,Composed: Copy with GPU GDI,2026-8-20 19:22:41.493050800,6.3307,6.3307,0.0000,0.0171,6.8903,4.6121,2.2782,18.9697,3.8106,-12.6072,16256.0562,NA,NA,NA
python.exe,1968,0x0,Other,-1,0,0,Composed: Copy with GPU GDI,2026-8-20 19:22:41.499381500,4.5178,4.5178,0.0000,0.5800,4.2452,0.3897,3.8555,NA,NA,NA,NA,NA,NA,NA
python.exe,1968,0x0,Other,0,0,1,Hardware: Legacy Flip,2026-8-20 19:22:41.503899300,6.7984,6.7984,0.0000,0.3119,6.4990,0.0524,6.4466,11.9318,8.3249,7.0379,16266.9047,NA,NA,NA
python.exe,1968,0x0,Other,-1,0,0,Composed: Copy with GPU GDI,2026-8-20 19:22:41.510697700,0.2351,0.2351,0.0000,0.0125,3.2962,3.2962,0.0000,NA,NA,NA,NA,NA,NA,NA
python.exe,1968,0x0,Other,-1,0,0,Composed: Copy with GPU GDI,2026-8-20 19:22:41.510932800,5.5381,5.5381,0.0000,3.0736,2.7314,2.1094,0.6220,13.2232,7.9433,-1.2914,16273.9382,NA,NA,NA
python.exe,1968,0x0,Other,-1,0,0,Composed: Copy with GPU GDI,2026-8-20 19:22:41.516470900,6.5909,6.5909,0.0000,0.2701,6.7989,0.5641,6.2348,NA,NA,NA,NA,NA,NA,NA
python.exe,1968,0x0,Other,0,0,1,Hardware: Legacy Flip,2026-8-20 19:22:41.523061800,4.5072,4.5072,0.0000,0.4854,4.0397,0.0657,3.9740,9.0375,10.2583,4.1857,16286.0672,NA,NA,NA
python.exe,1968,0x0,Other,-1,0,0,Composed: Copy with GPU GDI,2026-8-20 19:22:41.527569000,0.5130,0.5130,0.0000,0.0179,3.3741,3.3741,0.0000,NA,NA,NA,NA,NA,NA,NA
python.exe,1968,0x0,Other,-1,0,0,Composed: Copy with GPU GDI,2026-8-20 19:22:41.528082000,5.5823,5.5823,0.0000,2.8790,3.0221,1.4704,1.5517,14.2756,4.2547,-5.2381,16291.0874,NA,NA,NA
python.exe,1968,0x0,Other,-1,0,0,Composed: Copy with GPU GDI,2026-8-20 19:22:41.533664300,9.7328,9.7328,0.0000,0.3232,9.6542,0.3296,9.3246,NA,NA,NA,NA,NA,NA,NA
python.exe,1968,0x0,Other,0,0,1,Hardware: Legacy Flip,2026-8-20 19:22:41.543397100,0.5344,0.5344,0.0000,0.2491,0.2984,0.0505,0.2479,3.2152,7.8921,11.0604,16306.4025,NA,NA,NA
python.exe,1968,0x0,Other,-1,0,0,Composed: Copy with GPU GDI,2026-8-20 19:22:41.543931500,2.3657,2.3657,0.0000,0.0131,3.0868,3.0868,0.0000,10.5729,23.3006,-7.3577,16306.9369,NA,NA,NA
python.exe,1968,0x0,Other,-1,0,0,Composed: Copy with GPU GDI,2026-8-20 19:22:41.546297200,26.0762,26.0762,0.0000,0.7376,25.7077,0.4887,25.2190,NA,NA,NA,NA,NA,NA,NA
python.exe,1968,0x0,Other,-1,0,0,Composed: Copy with GPU GDI,2026-8-20 19:22:41.572373400,0.6679,0.6679,0.0000,0.9251,0.1897,0.1897,0.0000,NA,NA,NA,NA,NA,NA,NA
python.exe,1968,0x0,Other,0,0,1,Hardware: Legacy Flip,2026-8-20 19:22:41.573041300,0.2102,0.2102,0.0000,0.0000,0.5507,0.3188,0.2319,4.7637,13.0908,5.8092,16336.0467,NA,NA,NA
python.exe,1968,0x0,Other,-1,0,0,Composed: Copy with GPU GDI,2026-8-20 19:22:41.573251500,3.7116,3.7116,0.0000,0.2367,4.8181,4.8181,0.0000,17.6443,6.0732,-12.8806,16336.2569,NA,NA,NA
python.exe,1968,0x0,Other,-1,0,0,Composed: Copy with GPU GDI,2026-8-20 19:22:41.576963100,6.5784,6.5784,0.0000,1.3452,5.5453,0.3912,5.1541,20.0059,1.4249,-2.3616,16339.9685,NA,NA,NA
python.exe,1968,0x0,Other,-1,0,0,Composed: Copy with GPU GDI,2026-8-20 19:22:41.583541500,5.5357,5.5357,0.0000,0.3159,7.6690,2.5299,5.1391,NA,NA,NA,NA,NA,NA,NA
python.exe,1968,0x0,Other,0,0,1,Hardware: Legacy Flip,2026-8-20 19:22:41.589077200,5.3935,5.3935,0.0000,2.4533,2.9799,0.0789,2.9010,9.3167,15.7279,10.6892,16352.0826,NA,NA,NA
python.exe,1968,0x0,Other,-1,0,0,Composed: Copy with GPU GDI,2026-8-20 19:22:41.594470700,1.0828,1.0828,0.0000,0.0397,3.2024,3.2024,0.0000,NA,NA,NA,NA,NA,NA,NA
python.exe,1968,0x0,Other,-1,0,0,Composed: Copy with GPU GDI,2026-8-20 19:22:41.595553500,5.5730,5.5730,0.0000,2.1593,3.8204,1.0804,2.7400,NA,NA,NA,NA,NA,NA,NA
python.exe,1968,0x0,Other,-1,0,0,Composed: Copy with GPU GDI,2026-8-20 19:22:41.601126500,9.2304,9.2304,0.0000,9.8791,0.4047,0.4047,0.0000,NA,NA,NA,NA,NA,NA,NA
python.exe,1968,0x0,Other,0,0,1,Hardware: Legacy Flip,2026-8-20 19:22:41.610356900,0.6048,0.6048,0.0000,0.0000,9.4684,0.7715,8.6969,3.7649,7.1070,5.5518,16373.3623,NA,NA,NA
python.exe,1968,0x0,Other,-1,0,0,Composed: Copy with GPU GDI,2026-8-20 19:22:41.610961700,2.1841,2.1841,0.0000,0.4486,3.1231,3.1231,0.0000,10.2671,9.3241,-6.5022,16373.9671,NA,NA,NA
python.exe,1968,0x0,Other,-1,0,0,Composed: Copy with GPU GDI,2026-8-20 19:22:41.613145800,8.6368,8.6368,0.0000,1.3935,7.5528,0.4075,7.1453,NA,NA,NA,NA,NA,NA,NA
python.exe,1968,0x0,Other,-1,0,0,Composed: Copy with GPU GDI,2026-8-20 19:22:41.621782600,3.4546,3.4546,0.0000,0.3144,3.5480,0.4835,3.0645,NA,NA,NA,NA,NA,NA,NA
python.exe,1968,0x0,Other,0,0,1,Hardware: Legacy Flip,2026-8-20 19:22:41.625237200,1.7826,1.7826,0.0000,0.4107,1.3859,0.0500,1.3359,5.3157,14.9375,4.9514,16388.2426,NA,NA,NA
python.exe,1968,0x0,Other,-1,0,0,Composed: Copy with GPU GDI,2026-8-20 19:22:41.627019800,6.3023,6.3023,0.0000,0.0140,6.7856,4.0424,2.7432,NA,NA,NA,NA,NA,NA,NA
python.exe,1968,0x0,Other,-1,0,0,Composed: Copy with GPU GDI,2026-8-20 19:22:41.633322100,4.0561,4.0561,0.0000,0.5007,3.8411,0.3628,3.4783,12.1683,2.4255,-6.8526,16396.3275,NA,NA,NA
python.exe,1968,0x0,Other,0,0,1,Hardware: Legacy Flip,2026-8-20 19:22:41.637378200,6.2575,6.2575,0.0000,0.2896,5.9827,0.0559,5.9268,10.5377,9.7097,1.6306,16400.3836,NA,NA,NA
python.exe,1968,0x0,Other,-1,0,0,Composed: Copy with GPU GDI,2026-8-20 19:22:41.643635700,0.2564,0.2564,0.0000,0.0148,3.2463,3.2463,0.0000,NA,NA,NA,NA,NA,NA,NA
python.exe,1968,0x0,Other,-1,0,0,Composed: Copy with GPU GDI,2026-8-20 19:22:41.643892100,6.5924,6.5924,0.0000,3.0047,3.9120,1.3876,2.5244,13.7335,7.6073,-3.1958,16406.8975,NA,NA,NA
python.exe,1968,0x0,Other,-1,0,0,Composed: Copy with GPU GDI,2026-8-20 19:22:41.650484500,4.5011,4.5011,0.0000,0.3291,4.6213,0.5203,4.1010,NA,NA,NA,NA,NA,NA,NA
python.exe,1968,0x0,Other,0,0,1,Hardware: Legacy Flip,2026-8-20 19:22:41.654985600,5.8831,5.8831,0.0000,0.4530,5.4427,0.0484,5.3943,10.2473,10.6022,3.4862,16417.9910,NA,NA,NA
python.exe,1968,0x0,Other,-1,0,0,Composed: Copy with GPU GDI,2026-8-20 19:22:41.660868700,0.7618,0.7618,0.0000,0.0126,3.2211,3.2211,0.0000,NA,NA,NA,NA,NA,NA,NA
python.exe,1968,0x0,Other,-1,0,0,Composed: Copy with GPU GDI,2026-8-20 19:22:41.661630500,5.4550,5.4550,0.0000,2.4719,3.5595,1.7331,1.8264,14.2046,5.1219,-3.9573,16424.6359,NA,NA,NA
python.exe,1968,0x0,Other,-1,0,0,Composed: Copy with GPU GDI,2026-8-20 19:22:41.667085500,10.5266,10.5266,0.0000,0.5804,10.2594,0.4179,9.8415,NA,NA,NA,NA,NA,NA,NA
python.exe,1968,0x0,Other,0,0,1,Hardware: Legacy Flip,2026-8-20 19:22:41.677612100,0.6502,0.6502,0.0000,0.3193,0.3755,0.0879,0.2876,3.3449,7.0095,10.8597,16440.6175,NA,NA,NA
python.exe,1968,0x0,Other,-1,0,0,Composed: Copy with GPU GDI,2026-8-20 19:22:41.678262300,1.9256,1.9256,0.0000,0.0446,3.0660,3.0660,0.0000,9.7042,8.2683,-6.3593,16441.2677,NA,NA,NA
python.exe,1968,0x0,Other,-1,0,0,Composed: Copy with GPU GDI,2026-8-20 19:22:41.680187900,7.6792,7.6792,0.0000,1.1888,7.0290,0.6306,6.3984,NA,NA,NA,NA,NA,NA,NA
python.exe,1968,0x0,Other,-1,0,0,Composed: Copy with GPU GDI,2026-8-20 19:22:41.687867100,4.4960,4.4960,0.0000,0.5437,4.2704,0.3959,3.8745,NA,NA,NA,NA,NA,NA,NA
python.exe,1968,0x0,Other,0,0,1,Hardware: Legacy Flip,2026-8-20 19:22:41.692363100,0.7561,0.7561,0.0000,0.3226,0.4473,0.0537,0.3936,3.8717,15.9855,5.8325,16455.3685,NA,NA,NA
python.exe,1968,0x0,Other,-1,0,0,Composed: Copy with GPU GDI,2026-8-20 19:22:41.693119200,6.5227,6.5227,0.0000,0.0138,7.0442,3.6682,3.3760,19.1011,1.3958,-15.2294,16456.1246,NA,NA,NA
python.exe,1968,0x0,Other,-1,0,0,Composed: Copy with GPU GDI,2026-8-20 19:22:41.699641900,4.7148,4.7148,0.0000,0.5404,4.9191,0.8224,4.0967,NA,NA,NA,NA,NA,NA,NA
python.exe,1968,0x0,Other,-1,0,0,Composed: Copy with GPU GDI,2026-8-20 19:22:41.704356700,6.2644,6.2644,0.0000,0.7480,5.7078,0.2712,5.4366,NA,NA,NA,NA,NA,NA,NA
python.exe,1968,0x0,Other,0,0,1,Hardware: Legacy Flip,2026-8-20 19:22:41.710621100,0.2831,0.2831,0.0000,0.1957,0.1390,0.0885,0.0505,2.9950,16.8059,16.1061,16473.6265,NA,NA,NA
python.exe,1968,0x0,Other,-1,0,0,Composed: Copy with GPU GDI,2026-8-20 19:22:41.710904200,5.3938,5.3938,0.0000,0.0516,5.7852,3.1170,2.6682,19.5178,1.2475,-16.5228,16473.9096,NA,NA,NA
python.exe,1968,0x0,Other,-1,0,0,Composed: Copy with GPU GDI,2026-8-20 19:22:41.716298000,6.1202,6.1202,0.0000,0.4465,6.1020,0.5033,5.5987,NA,NA,NA,NA,NA,NA,NA
python.exe,1968,0x0,Other,0,0,1,Hardware: Legacy Flip,2026-8-20 19:22:41.722418200,4.3861,4.3861,0.0000,0.4316,3.9713,0.0566,3.9147,9.2513,10.8906,10.2665,16485.4236,NA,NA,NA
python.exe,1968,0x0,Other,-1,0,0,Composed: Copy with GPU GDI,2026-8-20 19:22:41.726804300,0.7349,0.7349,0.0000,0.0168,3.5323,3.5323,0.0000,15.7558,6.0634,-6.5045,16489.8097,NA,NA,NA
python.exe,1968,0x0,Other,-1,0,0,Composed: Copy with GPU GDI,2026-8-20 19:22:41.727539200,6.3902,6.3902,0.0000,2.8142,3.9584,1.7246,2.2338,21.0843,0.7590,-5.3285,16490.5446,NA,NA,NA
python.exe,1968,0x0,Other,-1,0,0,Composed: Copy with GPU GDI,2026-8-20 19:22:41.733929400,9.8524,9.8524,0.0000,0.3866,9.6778,0.3140,9.3638,NA,NA,NA,NA,NA,NA,NA
python.exe,1968,0x0,Other,0,0,1,Hardware: Legacy Flip,2026-8-20 19:22:41.743781800,0.7779,0.7779,0.0000,0.2175,0.6040,0.0851,0.5189,5.6007,5.3144,15.4836,16506.7872,NA,NA,NA
python.exe,1968,0x0,Other,-1,0,0,Composed: Copy with GPU GDI,2026-8-20 19:22:41.744559700,1.3740,1.3740,0.0000,0.0436,3.6905,3.6905,0.0000,10.1372,7.3542,-4.5365,16507.5651,NA,NA,NA
python.exe,1968,0x0,Other,-1,0,0,Composed: Copy with GPU GDI,2026-8-20 19:22:41.745933700,8.6334,8.6334,0.0000,2.3601,6.8536,1.6859,5.1677,NA,NA,NA,NA,NA,NA,NA
python.exe,1968,0x0,Other,-1,0,0,Composed: Copy with GPU GDI,2026-8-20 19:22:41.754567100,3.5125,3.5125,0.0000,0.5851,3.1985,0.3643,2.8342,NA,NA,NA,NA,NA,NA,NA
python.exe,1968,0x0,Other,0,0,1,Hardware: Legacy Flip,2026-8-20 19:22:41.758079600,1.2873,1.2873,0.0000,0.2750,1.0267,0.0536,0.9731,3.9715,16.9058,6.1657,16521.0850,NA,NA,NA
python.exe,1968,0x0,Other,-1,0,0,Composed: Copy with GPU GDI,2026-8-20 19:22:41.759366900,6.3418,6.3418,0.0000,0.0144,6.8005,3.1614,3.6391,19.5900,1.9606,-15.6185,16522.3723,NA,NA,NA
python.exe,1968,0x0,Other,-1,0,0,Composed: Copy with GPU GDI,2026-8-20 19:22:41.765708700,5.4765,5.4765,0.0000,0.4783,6.7085,1.8050,4.9035,NA,NA,NA,NA,NA,NA,NA
python.exe,1968,0x0,Other,0,0,1,Hardware: Legacy Flip,2026-8-20 19:22:41.771185200,5.8056,5.8056,0.0000,1.7134,4.1074,0.0641,4.0433,9.7323,10.1780,9.8577,16534.1906,NA,NA,NA
python.exe,1968,0x0,Other,-1,0,0,Composed: Copy with GPU GDI,2026-8-20 19:22:41.776990800,0.2708,0.2708,0.0000,0.0152,3.1439,3.1439,0.0000,NA,NA,NA,NA,NA,NA,NA
python.exe,1968,0x0,Other,-1,0,0,Composed: Copy with GPU GDI,2026-8-20 19:22:41.777261600,4.9265,4.9265,0.0000,2.8883,2.4097,1.1531,1.2566,13.8339,4.9435,-4.1016,16540.2670,NA,NA,NA
python.exe,1968,0x0,Other,-1,0,0,Composed: Copy with GPU GDI,2026-8-20 19:22:41.782188100,6.1106,6.1106,0.0000,0.3754,6.1164,0.4653,5.6511,NA,NA,NA,NA,NA,NA,NA
python.exe,1968,0x0,Other,0,0,1,Hardware: Legacy Flip,2026-8-20 19:22:41.788298700,4.9385,4.9385,0.0000,0.3843,4.5680,0.0520,4.5160,7.7403,13.2503,6.0936,16551.3041,NA,NA,NA
python.exe,1968,0x0,Other,-1,0,0,Composed: Copy with GPU GDI,2026-8-20 19:22:41.793237200,1.6557,1.6557,0.0000,0.0138,3.2175,3.2175,0.0000,16.0521,6.0733,-8.3118,16556.2426,NA,NA,NA
python.exe,1968,0x0,Other,-1,0,0,Composed: Copy with GPU GDI,2026-8-20 19:22:41.794892900,5.4804,5.4804,0.0000,1.5810,4.1878,0.3826,3.8052,20.4697,2.5346,-4.4176,16557.8983,NA,NA,NA
python.exe,1968,0x0,Other,-1,0,0,Composed: Copy with GPU GDI,2026-8-20 19:22:41.800373300,6.0189,6.0189,0.0000,0.2926,6.2083,0.5738,5.6345,NA,NA,NA,NA,NA,NA,NA
python.exe,1968,0x0,Other,0,0,1,Hardware: Legacy Flip,2026-8-20 19:22:41.806392200,4.5038,4.5038,0.0000,0.4845,4.0350,0.0570,3.9780,11.5050,9.5955,8.9647,16569.3976,NA,NA,NA
python.exe,1968,0x0,Other,-1,0,0,Composed: Copy with GPU GDI,2026-8-20 19:22:41.810896000,1.4774,1.4774,0.0000,0.0157,1.8168,1.8168,0.0000,16.5967,1.3010,-5.0917,16573.9014,NA,NA,NA
python.exe,1968,0x0,Other,-1,0,0,Composed: Copy with GPU GDI,2026-8-20 19:22:41.812373400,9.0791,9.0791,0.0000,0.3551,9.2157,5.7025,3.5132,NA,NA,NA,NA,NA,NA,NA
python.exe,1968,0x0,Other,-1,0,0,Composed: Copy with GPU GDI,2026-8-20 19:22:41.821452500,4.0404,4.0404,0.0000,0.4971,3.8597,0.3954,3.4643,NA,NA,NA,NA,NA,NA,NA
python.exe,1968,0x0,Other,0,0,1,Hardware: Legacy Flip,2026-8-20 19:22:41.825492900,0.7732,0.7732,0.0000,0.3202,0.4673,0.0512,0.4161,3.3008,16.8924,13.2959,16588.4983,NA,NA,NA
python.exe,1968,0x0,Other,-1,0,0,Composed: Copy with GPU GDI,2026-8-20 19:22:41.826266100,6.1456,6.1456,0.0000,0.0143,6.5893,3.0027,3.5866,19.4200,3.7361,-16.1192,16589.2715,NA,NA,NA
python.exe,1968,0x0,Other,-1,0,0,Composed: Copy with GPU GDI,2026-8-20 19:22:41.832411700,4.7470,4.7470,0.0000,0.4613,4.5990,0.3977,4.2013,NA,NA,NA,NA,NA,NA,NA
python.exe,1968,0x0,Other,-1,0,0,Composed: Copy with GPU GDI,2026-8-20 19:22:41.837158700,7.2154,7.2154,0.0000,7.3549,0.4220,0.4220,0.0000,NA,NA,NA,NA,NA,NA,NA
python.exe,1968,0x0,Other,0,0,1,Hardware: Legacy Flip,2026-8-20 19:22:41.844374100,0.0953,0.0953,0.0000,0.0000,7.0372,0.2680,6.7692,5.0481,12.7782,14.3719,16607.3795,NA,NA,NA
python.exe,1968,0x0,Other,-1,0,0,Composed: Copy with GPU GDI,2026-8-20 19:22:41.844469400,4.7890,4.7890,0.0000,0.4662,5.5013,5.5013,0.0000,NA,NA,NA,NA,NA,NA,NA
python.exe,1968,0x0,Other,-1,0,0,Composed: Copy with GPU GDI,2026-8-20 19:22:41.849258400,6.1459,6.1459,0.0000,1.1804,5.4983,0.6080,4.8903,NA,NA,NA,NA,NA,NA,NA
python.exe,1968,0x0,Other,0,0,1,Hardware: Legacy Flip,2026-8-20 19:22:41.855404300,4.3414,4.3414,0.0000,0.5361,3.8189,0.0532,3.7657,6.7961,13.8217,-1.7480,16618.4097,NA,NA,NA
python.exe,1968,0x0,Other,-1,0,0,Composed: Copy with GPU GDI,2026-8-20 19:22:41.859745700,0.5303,0.5303,0.0000,0.0136,2.8165,2.8165,0.0000,16.2764,5.0970,-9.4803,16622.7511,NA,NA,NA
python.exe,1968,0x0,Other,-1,0,0,Composed: Copy with GPU GDI,2026-8-20 19:22:41.860276000,7.0626,7.0626,0.0000,2.3035,5.0996,0.4124,4.6872,NA,NA,NA,NA,NA,NA,NA
python.exe,1968,0x0,Other,-1,0,0,Composed: Copy with GPU GDI,2026-8-20 19:22:41.867338600,6.0064,6.0064,0.0000,0.3444,5.9645,0.3741,5.5904,NA,NA,NA,NA,NA,NA,NA
python.exe,1968,0x0,Other,0,0,1,Hardware: Legacy Flip,2026-8-20 19:22:41.873345000,3.7269,3.7269,0.0000,0.3056,3.4348,0.0508,3.3840,7.7741,12.9615,8.5023,16636.3504,NA,NA,NA
python.exe,1968,0x0,Other,-1,0,0,Composed: Copy with GPU GDI,2026-8-20 19:22:41.877071900,2.9498,2.9498,0.0000,0.0135,3.6330,3.6330,0.0000,NA,NA,NA,NA,NA,NA,NA
python.exe,1968,0x0,Other,-1,0,0,Composed: Copy with GPU GDI,2026-8-20 19:22:41.880021700,7.7562,7.7562,0.0000,0.6967,7.2027,0.5604,6.6423,NA,NA,NA,NA,NA,NA,NA
python.exe,1968,0x0,Other,-1,0,0,Composed: Copy with GPU GDI,2026-8-20 19:22:41.887777900,4.4867,4.4867,0.0000,0.1467,4.4542,0.2030,4.2512,NA,NA,NA,NA,NA,NA,NA
python.exe,1968,0x0,Other,0,0,1,Hardware: Legacy Flip,2026-8-20 19:22:41.892264600,0.4557,0.4557,0.0000,0.1184,0.3519,0.0538,0.2981,1.8160,17.6923,5.9581,16655.2700,NA,NA,NA
python.exe,1968,0x0,Other,-1,0,0,Composed: Copy with GPU GDI,2026-8-20 19:22:41.892720300,6.1171,6.1171,0.0000,0.0146,6.2414,1.4998,4.7416,NA,NA,NA,NA,NA,NA,NA
python.exe,1968,0x0,Other,-1,0,0,Composed: Copy with GPU GDI,2026-8-20 19:22:41.898837400,4.4809,4.4809,0.0000,0.1432,4.4655,0.2156,4.2499,NA,NA,NA,NA,NA,NA,NA
python.exe,1968,0x0,Other,0,0,1,Hardware: Legacy Flip,2026-8-20 19:22:41.903318300,7.1167,7.1167,0.0000,0.1327,7.0226,0.0734,6.9492,8.4546,12.7788,-6.6386,16666.3237,NA,NA,NA
python.exe,1968,0x0,Other,-1,0,0,Composed: Copy with GPU GDI,2026-8-20 19:22:41.910435000,0.4940,0.4940,0.0000,0.0386,1.4319,1.4319,0.0000,14.1167,3.1739,-5.6621,16673.4404,NA,NA,NA
python.exe,1968,0x0,Other,-1,0,0,Composed: Copy with GPU GDI,2026-8-20 19:22:41.910929000,4.3928,4.3928,0.0000,0.9792,3.5542,0.2054,3.3488,NA,NA,NA,NA,NA,NA,NA
python.exe,1968,0x0,Other,-1,0,0,Composed: Copy with GPU GDI,2026-8-20 19:22:41.915321800,6.1252,6.1252,0.0000,0.1445,6.1218,0.2089,5.9129,NA,NA,NA,NA,NA,NA,NA
python.exe,1968,0x0,Other,0,0,1,Hardware: Legacy Flip,2026-8-20 19:22:41.921447000,4.9285,4.9285,0.0000,0.1448,4.7979,0.0514,4.7465,6.2786,15.0227,7.8381,16684.4524,NA,NA,NA
python.exe,1968,0x0,Other,-1,0,0,Composed: Copy with GPU GDI,2026-8-20 19:22:41.926375500,1.0455,1.0455,0.0000,0.0142,1.4581,1.4581,0.0000,16.3728,2.7437,-10.0942,16689.3809,NA,NA,NA
python.exe,1968,0x0,Other,-1,0,0,Composed: Copy with GPU GDI,2026-8-20 19:22:41.927421000,5.6928,5.6928,0.0000,0.4297,5.3991,0.2082,5.1909,NA,NA,NA,NA,NA,NA,NA
python.exe,1968,0x0,Other,-1,0,0,Composed: Copy with GPU GDI,2026-8-20 19:22:41.933113800,10.5101,10.5101,0.0000,0.1396,10.5007,0.2161,10.2846,NA,NA,NA,NA,NA,NA,NA
python.exe,1968,0x0,Other,0,0,1,Hardware: Legacy Flip,2026-8-20 19:22:41.943623900,0.5304,0.5304,0.0000,0.1341,0.4096,0.0534,0.3562,1.8681,9.4081,14.5047,16706.6293,NA,NA,NA
python.exe,1968,0x0,Other,-1,0,0,Composed: Copy with GPU GDI,2026-8-20 19:22:41.944154300,1.8754,1.8754,0.0000,0.0133,2.0090,1.4856,0.5234,10.7458,5.9065,-8.8777,16707.1597,NA,NA,NA
python.exe,1968,0x0,Other,-1,0,0,Composed: Copy with GPU GDI,2026-8-20 19:22:41.946029700,8.7176,8.7176,0.0000,0.1503,8.6366,0.2173,8.4193,NA,NA,NA,NA,NA,NA,NA
python.exe,1968,0x0,Other,-1,0,0,Composed: Copy with GPU GDI,2026-8-20 19:22:41.954747300,3.4951,3.4951,0.0000,0.0739,3.5556,0.2020,3.3536,NA,NA,NA,NA,NA,NA,NA
python.exe,1968,0x0,Other,0,0,1,Hardware: Legacy Flip,2026-8-20 19:22:41.958242400,1.2108,1.2108,0.0000,0.1376,1.0851,0.0448,1.0403,2.5642,17.5360,8.1816,16721.2478,NA,NA,NA
python.exe,1968,0x0,Other,-1,0,0,Composed: Copy with GPU GDI,2026-8-20 19:22:41.959453200,6.7472,6.7472,0.0000,0.0119,6.8807,1.4906,5.3901,NA,NA,NA,NA,NA,NA,NA
python.exe,1968,0x0,Other,-1,0,0,Composed: Copy with GPU GDI,2026-8-20 19:22:41.966200400,4.5915,4.5915,0.0000,0.1497,4.5553,0.1979,4.3574,NA,NA,NA,NA,NA,NA,NA
python.exe,1968,0x0,Other,0,0,1,Hardware: Legacy Flip,2026-8-20 19:22:41.970791900,6.2346,6.2346,0.0000,0.1187,6.1624,0.0884,6.0740,7.5507,12.9360,-4.9865,16733.7973,NA,NA,NA
python.exe,1968,0x0,Other,-1,0,0,Composed: Copy with GPU GDI,2026-8-20 19:22:41.977026500,0.7762,0.7762,0.0000,0.0465,1.3953,1.3953,0.0000,14.2521,1.8762,-6.7014,16740.0319,NA,NA,NA
python.exe,1968,0x0,Other,-1,0,0,Composed: Copy with GPU GDI,2026-8-20 19:22:41.977802700,4.5842,4.5842,0.0000,0.6683,4.0485,0.2145,3.8340,NA,NA,NA,NA,NA,NA,NA
python.exe,1968,0x0,Other,-1,0,0,Composed: Copy with GPU GDI,2026-8-20 19:22:41.982386900,6.4969,6.4969,0.0000,0.1375,6.4962,0.2108,6.2854,NA,NA,NA,NA,NA,NA,NA
python.exe,1968,0x0,Other,0,0,1,Hardware: Legacy Flip,2026-8-20 19:22:41.988883800,4.0011,4.0011,0.0000,0.1404,3.8733,0.0433,3.8300,4.2710,16.3268,9.9811,16751.8892,NA,NA,NA
python.exe,1968,0x0,Other,-1,0,0,Composed: Copy with GPU GDI,2026-8-20 19:22:41.992884900,0.9935,0.9935,0.0000,0.0126,1.1235,0.4077,0.7158,16.5967,6.0693,-12.3257,16755.8903,NA,NA,NA
