Application,ProcessID,SwapChainAddress,PresentRuntime,SyncInterval,PresentFlags,AllowsTearing,PresentMode,CPUStartDateTime,FrameTime,CPUBusy,CPUWait,GPULatency,GPUTime,GPUBusy,GPUWait,DisplayLatency,DisplayedTime,AnimationError,AnimationTime,MsFlipDelay,AllInputToPhotonLatency,ClickToPhotonLatency
python.exe,24084,0x0,Other,-1,0,0,Composed: Copy with GPU GDI,2026-8-20 19:20:56.085239500,0.4185,0.4185,0.0000,0.2871,0.3484,0.1495,0.1989,18.3223,6.0706,NA,1281.0750,NA,NA,NA
python.exe,24084,0x0,Other,-1,0,0,Composed: Copy with GPU GDI,2026-8-20 19:20:56.085658000,9.1065,9.1065,0.0000,0.2131,9.2707,0.9085,8.3622,NA,NA,NA,NA,NA,NA,NA
python.exe,24084,0x0,Other,-1,0,0,Composed: Copy with GPU GDI,2026-8-20 19:20:56.094764500,0.4396,0.4396,0.0000,0.3750,0.4402,0.3475,0.0927,NA,NA,NA,NA,NA,NA,NA
python.exe,24084,0x0,Other,-1,0,0,Composed: Copy with GPU GDI,2026-8-20 19:20:56.095204100,0.4500,0.4500,0.0000,0.3735,0.4396,0.3534,0.0862,NA,NA,NA,NA,NA,NA,NA
python.exe,24084,0x0,Other,-1,0,0,Composed: Copy with GPU GDI,2026-8-20 19:20:56.095654100,0.4234,0.4234,0.0000,0.3610,0.4441,0.3426,0.1015,NA,NA,NA,NA,NA,NA,NA
python.exe,24084,0x0,Other,-1,0,0,Composed: Copy with GPU GDI,2026-8-20 19:20:56.096077500,0.4381,0.4381,0.0000,0.3801,0.4191,0.3391,0.0800,NA,NA,NA,NA,NA,NA,NA
python.exe,24084,0x0,Other,-1,0,0,Composed: Copy with GPU GDI,2026-8-20 19:20:56.096515600,0.4606,0.4606,0.0000,0.3592,0.4806,0.3474,0.1332,13.1168,6.0660,5.2055,1292.3511,NA,NA,NA
python.exe,24084,0x0,Other,-1,0,0,Composed: Copy with GPU GDI,2026-8-20 19:20:56.096976200,0.4403,0.4403,0.0000,0.3773,0.4542,0.3638,0.0904,NA,NA,NA,NA,NA,NA,NA
python.exe,24084,0x0,Other,-1,0,0,Composed: Copy with GPU GDI,2026-8-20 19:20:56.097416500,1.0450,1.0450,0.0000,0.3885,1.1331,0.5794,0.5537,18.2819,248.7278,-5.1651,1293.2520,NA,NA,NA
python.exe,24084,0x0,Other,-1,0,0,Composed: Copy with GPU GDI,2026-8-20 19:20:56.098461500,248.4605,248.4605,0.0000,0.4757,248.3826,6.2573,242.1253,265.9647,12.1299,-247.6828,1294.2970,NA,NA,NA
python.exe,24084,0x0,Other,-1,0,0,Composed: Copy with GPU GDI,2026-8-20 19:20:56.346922000,15.3444,15.3444,0.0000,0.4012,15.0161,0.2232,14.7929,29.6341,217.7898,236.3306,1542.7575,NA,NA,NA
python.exe,24084,0x0,Other,-1,0,0,Composed: Copy with GPU GDI,2026-8-20 19:20:56.362266400,211.3709,211.3709,0.0000,0.0765,211.4978,9.5366,201.9612,232.0795,6.6768,-202.4454,1558.1019,NA,112.9321,NA
python.exe,24084,0x0,Other,-1,0,0,Composed: Copy with GPU GDI,2026-8-20 19:20:56.573637300,20.4329,20.4329,0.0000,0.2064,20.2927,0.2293,20.0634,27.3854,66.7327,204.6941,1769.4728,NA,NA,NA
python.exe,24084,0x0,Other,-1,0,0,Composed: Copy with GPU GDI,2026-8-20 19:20:56.594070200,65.3033,65.3033,0.0000,0.0712,65.3157,0.2434,65.0723,NA,NA,NA,NA,NA,NA,NA
python.exe,24084,0x0,Other,-1,0,0,Composed: Copy with GPU GDI,2026-8-20 19:20:56.659373500,0.2576,0.2576,0.0000,0.0888,0.3252,0.2951,0.0301,NA,NA,NA,NA,NA,NA,NA
python.exe,24084,0x0,Other,-1,0,0,Composed: Copy with GPU GDI,2026-8-20 19:20:56.659631100,0.6345,0.6345,0.0000,0.1596,0.5325,0.1992,0.3333,NA,NA,NA,NA,NA,NA,NA
python.exe,24084,0x0,Other,-1,0,0,Composed: Copy with GPU GDI,2026-8-20 19:20:56.660265600,0.2336,0.2336,0.0000,0.0613,0.3068,0.2643,0.0425,NA,NA,19.8956,1856.1011,NA,NA,NA
python.exe,24084,0x0,Other,-1,0,0,Composed: Copy with GPU GDI,2026-8-20 19:20:56.660499200,0.3120,0.3120,0.0000,0.1386,0.2677,0.1941,0.0736,7.2562,12.1300,NA,1856.3347,NA,NA,NA
python.exe,24084,0x0,Other,-1,0,0,Composed: Copy with GPU GDI,2026-8-20 19:20:56.660811200,4.2086,4.2086,0.0000,0.0988,4.2655,0.2569,4.0086,NA,NA,-11.8180,1856.6467,NA,NA,NA
python.exe,24084,0x0,Other,-1,0,0,Composed: Copy with GPU GDI,2026-8-20 19:20:56.665019800,1.4405,1.4405,0.0000,0.1587,1.3809,0.1915,1.1894,14.8656,6.0689,NA,1860.8553,NA,NA,NA
python.exe,24084,0x0,Other,-1,0,0,Composed: Copy with GPU GDI,2026-8-20 19:20:56.666460300,4.5376,4.5376,0.0000,0.1028,4.5432,0.1874,4.3558,19.4940,6.0658,-4.6284,1862.2958,NA,NA,NA
python.exe,24084,0x0,Other,-1,0,0,Composed: Copy with GPU GDI,2026-8-20 19:20:56.670997900,6.0604,6.0604,0.0000,0.1118,6.0438,0.1800,5.8638,NA,NA,-1.5282,1866.8334,NA,NA,NA
python.exe,24084,0x0,Other,-1,0,0,Composed: Copy with GPU GDI,2026-8-20 19:20:56.677058300,1.5042,1.5042,0.0000,0.0991,1.5655,0.2699,1.2956,14.9618,6.0695,NA,1872.8938,NA,NA,NA
python.exe,24084,0x0,Other,-1,0,0,Composed: Copy with GPU GDI,2026-8-20 19:20:56.678562500,5.5768,5.5768,0.0000,0.1634,5.4751,0.1777,5.2974,19.5271,6.0656,-4.5653,1874.3980,NA,NA,NA
python.exe,24084,0x0,Other,-1,0,0,Composed: Copy with GPU GDI,2026-8-20 19:20:56.684139300,6.1645,6.1645,0.0000,0.0668,6.1808,0.1755,6.0053,20.0159,6.0663,-0.4888,1879.9748,NA,NA,NA
python.exe,24084,0x0,Other,-1,0,0,Composed: Copy with GPU GDI,2026-8-20 19:20:56.690303800,5.0899,5.0899,0.0000,0.0880,5.1373,0.2515,4.8858,NA,NA,0.0982,1886.1393,NA,NA,NA
python.exe,24084,0x0,Other,-1,0,0,Composed: Copy with GPU GDI,2026-8-20 19:20:56.695393700,0.9157,0.9157,0.0000,0.1397,0.8509,0.1798,0.6711,14.8278,6.0653,NA,1891.2292,NA,NA,NA
python.exe,24084,0x0,Other,-1,0,0,Composed: Copy with GPU GDI,2026-8-20 19:20:56.696309400,5.9408,5.9408,0.0000,0.0782,5.9437,0.1723,5.7714,19.9774,6.0750,-5.1496,1892.1449,NA,NA,NA
python.exe,24084,0x0,Other,-1,0,0,Composed: Copy with GPU GDI,2026-8-20 19:20:56.702250200,5.9758,5.9758,0.0000,0.0857,5.9744,0.1689,5.8055,20.1116,5.3178,-0.1342,1898.0857,NA,NA,NA
python.exe,24084,0x0,Other,-1,0,0,Composed: Copy with GPU GDI,2026-8-20 19:20:56.708226000,3.3766,3.3766,0.0000,0.0882,3.4375,0.2794,3.1581,NA,NA,0.6580,1904.0615,NA,NA,NA
python.exe,24084,0x0,Other,-1,0,0,Composed: Copy with GPU GDI,2026-8-20 19:20:56.711602600,2.1916,2.1916,0.0000,0.1535,2.1189,0.1923,1.9266,16.0770,6.8136,NA,1907.4381,NA,NA,NA
python.exe,24084,0x0,Other,-1,0,0,Composed: Copy with GPU GDI,2026-8-20 19:20:56.713794200,6.4692,6.4692,0.0000,0.0841,6.4844,0.1785,6.3059,20.6990,6.0597,-4.6220,1909.6297,NA,NA,NA
python.exe,24084,0x0,Other,-1,0,0,Composed: Copy with GPU GDI,2026-8-20 19:20:56.720263400,5.7833,5.7833,0.0000,0.1045,5.7676,0.1710,5.5966,20.2895,3.7826,0.4095,1916.0989,NA,NA,NA
python.exe,24084,0x0,Other,-1,0,0,Composed: Copy with GPU GDI,2026-8-20 19:20:56.726046700,2.6158,2.6158,0.0000,0.0924,2.6303,0.3704,2.2599,NA,NA,2.0007,1921.8822,NA,NA,NA
python.exe,24084,0x0,Other,-1,0,0,Composed: Copy with GPU GDI,2026-8-20 19:20:56.728662500,3.2645,3.2645,0.0000,0.1134,3.2254,0.1885,3.0369,15.6730,8.3495,NA,1924.4980,NA,NA,NA
python.exe,24084,0x0,Other,-1,0,0,Composed: Copy with GPU GDI,2026-8-20 19:20:56.731927000,6.6204,6.6204,0.0000,0.0786,6.6232,0.1772,6.4460,20.7580,6.0684,-5.0850,1927.7625,NA,NA,NA
python.exe,24084,0x0,Other,-1,0,0,Composed: Copy with GPU GDI,2026-8-20 19:20:56.738547400,5.4732,5.4732,0.0000,0.0851,5.4935,0.1816,5.3119,NA,NA,0.5520,1934.3829,NA,NA,NA
python.exe,24084,0x0,Other,-1,0,0,Composed: Copy with GPU GDI,2026-8-20 19:20:56.744020600,1.0143,1.0143,0.0000,0.1085,1.0661,0.2653,0.8008,14.7328,6.0846,NA,1939.8561,NA,NA,NA
python.exe,24084,0x0,Other,-1,0,0,Composed: Copy with GPU GDI,2026-8-20 19:20:56.745034900,5.0905,5.0905,0.0000,0.1631,4.9769,0.1919,4.7850,19.8031,6.0565,-5.0703,1940.8704,NA,NA,NA
python.exe,24084,0x0,Other,-1,0,0,Composed: Copy with GPU GDI,2026-8-20 19:20:56.750125400,5.9801,5.9801,0.0000,0.0527,6.0243,0.1831,5.8412,20.7691,6.0683,-0.9660,1945.9609,NA,NA,NA
python.exe,24084,0x0,Other,-1,0,0,Composed: Copy with GPU GDI,2026-8-20 19:20:56.756105500,5.9395,5.9395,0.0000,0.1002,5.9861,0.2754,5.7107,NA,NA,-0.0882,1951.9410,NA,NA,NA
python.exe,24084,0x0,Other,-1,0,0,Composed: Copy with GPU GDI,2026-8-20 19:20:56.762045000,1.0873,1.0873,0.0000,0.1498,1.0203,0.1858,0.8345,14.9178,6.0620,NA,1957.8805,NA,NA,NA
python.exe,24084,0x0,Other,-1,0,0,Composed: Copy with GPU GDI,2026-8-20 19:20:56.763132300,5.2160,5.2160,0.0000,0.0888,5.2020,0.1820,5.0200,19.8925,6.0741,-4.9747,1958.9678,NA,NA,NA
python.exe,24084,0x0,Other,-1,0,0,Composed: Copy with GPU GDI,2026-8-20 19:20:56.768348300,6.6209,6.6209,0.0000,0.0802,6.7175,0.1762,6.5413,20.7506,5.2582,-0.8581,1964.1838,NA,NA,NA
python.exe,24084,0x0,Other,-1,0,0,Composed: Copy with GPU GDI,2026-8-20 19:20:56.774969200,4.8407,4.8407,0.0000,0.1741,4.7487,0.2708,4.4779,NA,NA,1.3627,1970.8047,NA,NA,NA
python.exe,24084,0x0,Other,-1,0,0,Composed: Copy with GPU GDI,2026-8-20 19:20:56.779809900,1.0365,1.0365,0.0000,0.0868,1.0141,0.1985,0.8156,14.5472,6.8930,NA,1975.6454,NA,NA,NA
python.exe,24084,0x0,Other,-1,0,0,Composed: Copy with GPU GDI,2026-8-20 19:20:56.780846400,6.3735,6.3735,0.0000,0.0703,6.3754,0.2256,6.1498,20.4037,6.0451,-5.8565,1976.6819,NA,NA,NA
python.exe,24084,0x0,Other,-1,0,0,Composed: Copy with GPU GDI,2026-8-20 19:20:56.787219900,5.7204,5.7204,0.0000,0.0786,5.7848,0.2351,5.5497,20.0753,3.7193,0.3284,1983.0554,NA,NA,NA
python.exe,24084,0x0,Other,-1,0,0,Composed: Copy with GPU GDI,2026-8-20 19:20:56.792940300,3.1451,3.1451,0.0000,0.1397,3.5181,0.7333,2.7848,NA,NA,2.0011,1988.7758,NA,NA,NA
python.exe,24084,0x0,Other,-1,0,0,Composed: Copy with GPU GDI,2026-8-20 19:20:56.796085400,2.7306,2.7306,0.0000,0.5196,2.2726,0.2217,2.0509,14.9291,8.4157,NA,1991.9209,NA,NA,NA
python.exe,24084,0x0,Other,-1,0,0,Composed: Copy with GPU GDI,2026-8-20 19:20:56.798816000,6.4817,6.4817,0.0000,0.0685,6.4912,0.2426,6.2486,20.6142,6.0727,-5.6851,1994.6515,NA,NA,NA
python.exe,24084,0x0,Other,-1,0,0,Composed: Copy with GPU GDI,2026-8-20 19:20:56.805297700,6.7677,6.7677,0.0000,0.0834,6.8285,0.2910,6.5375,NA,NA,0.4090,2001.1332,NA,NA,NA
python.exe,24084,0x0,Other,-1,0,0,Composed: Copy with GPU GDI,2026-8-20 19:20:56.812065400,0.2792,0.2792,0.0000,0.1442,0.2246,0.1985,0.0261,13.4375,6.1019,NA,2007.9009,NA,NA,NA
python.exe,24084,0x0,Other,-1,0,0,Composed: Copy with GPU GDI,2026-8-20 19:20:56.812344600,4.5539,4.5539,0.0000,0.0954,4.5294,0.2065,4.3229,19.2602,6.0241,-5.8227,2008.1801,NA,NA,NA
python.exe,24084,0x0,Other,-1,0,0,Composed: Copy with GPU GDI,2026-8-20 19:20:56.816898500,7.1585,7.1585,0.0000,0.0765,7.1502,0.1834,6.9668,20.7304,6.0595,-1.4702,2012.7340,NA,NA,NA
python.exe,24084,0x0,Other,-1,0,0,Composed: Copy with GPU GDI,2026-8-20 19:20:56.824057000,5.1961,5.1961,0.0000,0.0754,5.2864,0.3298,4.9566,NA,NA,1.0990,2019.8925,NA,NA,NA
python.exe,24084,0x0,Other,-1,0,0,Composed: Copy with GPU GDI,2026-8-20 19:20:56.829253100,0.3968,0.3968,0.0000,0.1722,0.2910,0.2402,0.0508,14.4353,6.0692,NA,2025.0886,NA,NA,NA
python.exe,24084,0x0,Other,-1,0,0,Composed: Copy with GPU GDI,2026-8-20 19:20:56.829649900,5.3723,5.3723,0.0000,0.0713,5.3832,0.1819,5.2013,20.1077,6.0704,-5.6724,2025.4854,NA,NA,NA
python.exe,24084,0x0,Other,-1,0,0,Composed: Copy with GPU GDI,2026-8-20 19:20:56.835022200,6.5152,6.5152,0.0000,0.0856,6.5140,0.1758,6.3382,20.8058,5.1979,-0.6981,2030.8577,NA,NA,NA
python.exe,24084,0x0,Other,-1,0,0,Composed: Copy with GPU GDI,2026-8-20 19:20:56.841537400,3.7500,3.7500,0.0000,0.0911,3.8164,0.3004,3.5160,NA,NA,1.3173,2037.3729,NA,NA,NA
python.exe,24084,0x0,Other,-1,0,0,Composed: Copy with GPU GDI,2026-8-20 19:20:56.845287400,2.6054,2.6054,0.0000,0.1612,2.4998,0.2129,2.2869,15.7385,6.9351,NA,2041.1229,NA,NA,NA
python.exe,24084,0x0,Other,-1,0,0,Composed: Copy with GPU GDI,2026-8-20 19:20:56.847892800,5.2477,5.2477,0.0000,0.0592,5.2754,0.1952,5.0802,20.0682,6.0720,-4.3297,2043.7283,NA,NA,NA
python.exe,24084,0x0,Other,-1,0,0,Composed: Copy with GPU GDI,2026-8-20 19:20:56.853140500,6.6734,6.6734,0.0000,0.0912,6.6441,0.1895,6.4546,20.8925,3.6594,-0.8243,2048.9760,NA,NA,NA
python.exe,24084,0x0,Other,-1,0,0,Composed: Copy with GPU GDI,2026-8-20 19:20:56.859813900,3.6161,3.6161,0.0000,0.0707,3.6945,0.4018,3.2927,NA,NA,3.0140,2055.6494,NA,NA,NA
python.exe,24084,0x0,Other,-1,0,0,Composed: Copy with GPU GDI,2026-8-20 19:20:56.863430000,1.9745,1.9745,0.0000,0.1537,2.2451,0.6505,1.5946,14.2624,8.4751,NA,2059.2655,NA,NA,NA
python.exe,24084,0x0,Other,-1,0,0,Composed: Copy with GPU GDI,2026-8-20 19:20:56.865404500,5.4404,5.4404,0.0000,0.4296,5.0965,0.1816,4.9149,20.7630,6.0609,-6.5006,2061.2400,NA,NA,NA
python.exe,24084,0x0,Other,-1,0,0,Composed: Copy with GPU GDI,2026-8-20 19:20:56.870844900,7.7670,7.7670,0.0000,0.0890,7.8121,0.2898,7.5223,NA,NA,-0.6205,2066.6804,NA,NA,NA
python.exe,24084,0x0,Other,-1,0,0,Composed: Copy with GPU GDI,2026-8-20 19:20:56.878611900,0.2387,0.2387,0.0000,0.1341,0.1786,0.1786,0.0000,13.6165,6.0623,NA,2074.4474,NA,NA,NA
python.exe,24084,0x0,Other,-1,0,0,Composed: Copy with GPU GDI,2026-8-20 19:20:56.878850600,5.1784,5.1784,0.0000,0.0793,5.1725,0.2291,4.9434,19.4401,6.0639,-5.8236,2074.6861,NA,NA,NA
python.exe,24084,0x0,Other,-1,0,0,Composed: Copy with GPU GDI,2026-8-20 19:20:56.884029000,5.8273,5.8273,0.0000,0.0795,5.8109,0.1786,5.6323,20.3256,6.0663,-0.8855,2079.8645,NA,NA,NA
python.exe,24084,0x0,Other,-1,0,0,Composed: Copy with GPU GDI,2026-8-20 19:20:56.889856300,6.4761,6.4761,0.0000,0.0705,6.4912,0.2635,6.2277,NA,NA,-0.2390,2085.6918,NA,NA,NA
python.exe,24084,0x0,Other,-1,0,0,Composed: Copy with GPU GDI,2026-8-20 19:20:56.896332400,0.2378,0.2378,0.0000,0.0921,0.2508,0.2486,0.0022,14.0885,6.0717,NA,2092.1679,NA,NA,NA
python.exe,24084,0x0,Other,-1,0,0,Composed: Copy with GPU GDI,2026-8-20 19:20:56.896570200,4.9599,4.9599,0.0000,0.1114,4.9364,0.1812,4.7552,19.9224,6.0779,-5.8339,2092.4057,NA,NA,NA
python.exe,24084,0x0,Other,-1,0,0,Composed: Copy with GPU GDI,2026-8-20 19:20:56.901530100,6.0033,6.0033,0.0000,0.0941,5.9895,0.1890,5.8005,21.0404,5.1165,-1.1180,2097.3656,NA,NA,NA
python.exe,24084,0x0,Other,-1,0,0,Composed: Copy with GPU GDI,2026-8-20 19:20:56.907533400,5.8036,5.8036,0.0000,0.0833,5.8477,0.2589,5.5888,NA,NA,0.8868,2103.3689,NA,NA,NA
python.exe,24084,0x0,Other,-1,0,0,Composed: Copy with GPU GDI,2026-8-20 19:20:56.913337000,0.7925,0.7925,0.0000,0.1309,0.7397,0.1896,0.5501,14.3500,7.0053,NA,2109.1725,NA,NA,NA
python.exe,24084,0x0,Other,-1,0,0,Composed: Copy with GPU GDI,2026-8-20 19:20:56.914129500,5.9488,5.9488,0.0000,0.0841,5.9387,0.1831,5.7556,20.5628,6.0583,-6.2128,2109.9650,NA,NA,NA
python.exe,24084,0x0,Other,-1,0,0,Composed: Copy with GPU GDI,2026-8-20 19:20:56.920078300,6.6689,6.6689,0.0000,0.0793,6.6815,0.1859,6.4956,20.6723,3.5902,-0.1095,2115.9138,NA,NA,NA
python.exe,24084,0x0,Other,-1,0,0,Composed: Copy with GPU GDI,2026-8-20 19:20:56.926747200,3.2755,3.2755,0.0000,0.0987,3.3093,0.3060,3.0033,NA,NA,3.0787,2122.5827,NA,NA,NA
python.exe,24084,0x0,Other,-1,0,0,Composed: Copy with GPU GDI,2026-8-20 19:20:56.930022700,2.8733,2.8733,0.0000,0.1368,2.7981,0.1904,2.6077,14.3181,8.5472,NA,2125.8582,NA,NA,NA
python.exe,24084,0x0,Other,-1,0,0,Composed: Copy with GPU GDI,2026-8-20 19:20:56.932896000,5.9031,5.9031,0.0000,0.0663,5.9338,0.1922,5.7416,19.9920,6.0639,-5.6739,2128.7315,NA,NA,NA
python.exe,24084,0x0,Other,-1,0,0,Composed: Copy with GPU GDI,2026-8-20 19:20:56.938799100,6.1118,6.1118,0.0000,0.1006,6.0829,0.1829,5.9000,NA,NA,-0.1608,2134.6346,NA,NA,NA
python.exe,24084,0x0,Other,-1,0,0,Composed: Copy with GPU GDI,2026-8-20 19:20:56.944910900,0.6042,0.6042,0.0000,0.0764,0.6745,0.2751,0.3994,14.0410,6.0663,NA,2140.7464,NA,NA,NA
python.exe,24084,0x0,Other,-1,0,0,Composed: Copy with GPU GDI,2026-8-20 19:20:56.945515100,5.1273,5.1273,0.0000,0.1525,5.0314,0.2150,4.8164,19.5031,6.0661,-5.4621,2141.3506,NA,NA,NA
python.exe,24084,0x0,Other,-1,0,0,Composed: Copy with GPU GDI,2026-8-20 19:20:56.950642400,5.9979,5.9979,0.0000,0.0608,6.0090,0.1738,5.8352,20.4419,6.0687,-0.9388,2146.4779,NA,NA,NA
python.exe,24084,0x0,Other,-1,0,0,Composed: Copy with GPU GDI,2026-8-20 19:20:56.956640300,5.4144,5.4144,0.0000,0.0780,5.5343,0.3319,5.2024,NA,NA,-0.0708,2152.4758,NA,NA,NA
python.exe,24084,0x0,Other,-1,0,0,Composed: Copy with GPU GDI,2026-8-20 19:20:56.962054700,0.8548,0.8548,0.0000,0.2018,0.7522,0.1774,0.5748,15.0983,6.0652,NA,2157.8902,NA,NA,NA
python.exe,24084,0x0,Other,-1,0,0,Composed: Copy with GPU GDI,2026-8-20 19:20:56.962909500,6.0620,6.0620,0.0000,0.1046,6.0620,0.1859,5.8761,20.3087,6.0683,-5.2104,2158.7450,NA,NA,NA
python.exe,24084,0x0,Other,-1,0,0,Composed: Copy with GPU GDI,2026-8-20 19:20:56.968971500,5.5460,5.5460,0.0000,0.1109,5.5268,0.1745,5.3523,20.3150,5.0558,-0.0063,2164.8070,NA,NA,NA
python.exe,24084,0x0,Other,-1,0,0,Composed: Copy with GPU GDI,2026-8-20 19:20:56.974517500,4.0301,4.0301,0.0000,0.0960,4.1130,0.2722,3.8408,NA,NA,0.4902,2170.3530,NA,NA,NA
python.exe,24084,0x0,Other,-1,0,0,Composed: Copy with GPU GDI,2026-8-20 19:20:56.978547600,1.9126,1.9126,0.0000,0.1870,1.8120,0.1853,1.6267,15.7947,7.0799,NA,2174.3831,NA,NA,NA
python.exe,24084,0x0,Other,-1,0,0,Composed: Copy with GPU GDI,2026-8-20 19:20:56.980460200,7.4347,7.4347,0.0000,0.0931,7.4288,0.1852,7.2436,20.9620,6.0652,-5.1673,2176.2957,NA,NA,NA
python.exe,24084,0x0,Other,-1,0,0,Composed: Copy with GPU GDI,2026-8-20 19:20:56.987894900,5.3805,5.3805,0.0000,0.0937,5.3727,0.1779,5.1948,19.5925,3.5158,1.3695,2183.7304,NA,NA,NA
python.exe,24084,0x0,Other,-1,0,0,Composed: Copy with GPU GDI,2026-8-20 19:20:56.993275400,2.7817,2.7817,0.0000,0.0907,3.0041,0.4954,2.5087,NA,NA,1.8647,2189.1109,NA,NA,NA
python.exe,24084,0x0,Other,-1,0,0,Composed: Copy with GPU GDI,2026-8-20 19:20:56.996057100,2.7581,2.7581,0.0000,0.3156,2.5027,0.1792,2.3235,14.9461,8.6181,NA,2191.8926,NA,NA,NA
python.exe,24084,0x0,Other,-1,0,0,Composed: Copy with GPU GDI,2026-8-20 19:20:56.998815200,5.9619,5.9619,0.0000,0.0644,5.9980,0.1846,5.8134,20.8061,6.0670,-5.8600,2194.6507,NA,NA,NA
python.exe,24084,0x0,Other,-1,0,0,Composed: Copy with GPU GDI,2026-8-20 19:20:57.004777100,5.5351,5.5351,0.0000,0.1063,5.5390,0.1790,5.3600,NA,NA,-0.1051,2200.6126,NA,NA,NA
python.exe,24084,0x0,Other,-1,0,0,Composed: Copy with GPU GDI,2026-8-20 19:20:57.010312200,1.5193,1.5193,0.0000,0.1168,1.5787,0.2675,1.3112,15.3761,6.0611,NA,2206.1477,NA,NA,NA
python.exe,24084,0x0,Other,-1,0,0,Composed: Copy with GPU GDI,2026-8-20 19:20:57.011831500,4.5185,4.5185,0.0000,0.1792,4.4316,0.1807,4.2509,19.9179,6.0717,-4.5418,2207.6670,NA,NA,NA
python.exe,24084,0x0,Other,-1,0,0,Composed: Copy with GPU GDI,2026-8-20 19:20:57.016350000,5.9918,5.9918,0.0000,0.0983,6.0008,0.1786,5.8222,21.4711,6.0635,-1.5532,2212.1855,NA,NA,NA
python.exe,24084,0x0,Other,-1,0,0,Composed: Copy with GPU GDI,2026-8-20 19:20:57.022341800,6.0752,6.0752,0.0000,0.1138,6.0631,0.1743,5.8888,NA,NA,-0.0717,2218.1773,NA,NA,NA
python.exe,24084,0x0,Other,-1,0,0,Composed: Copy with GPU GDI,2026-8-20 19:20:57.028417000,0.9839,0.9839,0.0000,0.1063,1.0620,0.2776,0.7844,15.4676,6.0662,NA,2224.2525,NA,NA,NA
python.exe,24084,0x0,Other,-1,0,0,Composed: Copy with GPU GDI,2026-8-20 19:20:57.029400900,5.6289,5.6289,0.0000,0.1873,5.5317,0.1915,5.3402,20.5499,6.0712,-5.0823,2225.2364,NA,NA,NA
python.exe,24084,0x0,Other,-1,0,0,Composed: Copy with GPU GDI,2026-8-20 19:20:57.035029800,6.0038,6.0038,0.0000,0.0957,5.9938,0.1776,5.8162,20.9922,4.9805,-0.4423,2230.8653,NA,NA,NA
python.exe,24084,0x0,Other,-1,0,0,Composed: Copy with GPU GDI,2026-8-20 19:20:57.041033600,4.0232,4.0232,0.0000,0.0921,4.0575,0.2521,3.8054,NA,NA,1.0233,2236.8691,NA,NA,NA
python.exe,24084,0x0,Other,-1,0,0,Composed: Copy with GPU GDI,2026-8-20 19:20:57.045056800,2.4506,2.4506,0.0000,0.1291,2.4019,0.1857,2.2162,15.9457,7.1412,NA,2240.8923,NA,NA,NA
python.exe,24084,0x0,Other,-1,0,0,Composed: Copy with GPU GDI,2026-8-20 19:20:57.047507400,5.0020,5.0020,0.0000,0.0871,5.0209,0.1872,4.8337,20.6363,6.0764,-4.6906,2243.3429,NA,NA,NA
python.exe,24084,0x0,Other,-1,0,0,Composed: Copy with GPU GDI,2026-8-20 19:20:57.052509400,6.5483,6.5483,0.0000,0.1124,6.5345,0.1788,6.3557,21.7107,3.4434,-1.0744,2248.3449,NA,NA,NA
python.exe,24084,0x0,Other,-1,0,0,Composed: Copy with GPU GDI,2026-8-20 19:20:57.059057700,3.0912,3.0912,0.0000,0.1051,3.1783,0.3037,2.8746,NA,NA,3.1049,2254.8932,NA,NA,NA
python.exe,24084,0x0,Other,-1,0,0,Composed: Copy with GPU GDI,2026-8-20 19:20:57.062148900,4.4696,4.4696,0.0000,0.1958,4.3547,0.1789,4.1758,15.5146,8.6901,NA,2257.9844,NA,NA,NA
python.exe,24084,0x0,Other,-1,0,0,Composed: Copy with GPU GDI,2026-8-20 19:20:57.066618500,5.0873,5.0873,0.0000,0.0868,5.1021,0.1861,4.9160,19.7351,6.0675,-4.2205,2262.4540,NA,NA,NA
python.exe,24084,0x0,Other,-1,0,0,Composed: Copy with GPU GDI,2026-8-20 19:20:57.071705800,5.5780,5.5780,0.0000,0.1077,5.5730,0.1733,5.3997,NA,NA,-0.9802,2267.5413,NA,NA,NA
python.exe,24084,0x0,Other,-1,0,0,Composed: Copy with GPU GDI,2026-8-20 19:20:57.077283800,0.9894,0.9894,0.0000,0.1078,1.0572,0.2648,0.7924,15.1373,6.0649,NA,2273.1193,NA,NA,NA
python.exe,24084,0x0,Other,-1,0,0,Composed: Copy with GPU GDI,2026-8-20 19:20:57.078273200,5.6038,5.6038,0.0000,0.1786,5.5058,0.1861,5.3197,20.2128,6.0673,-5.0755,2274.1087,NA,NA,NA
python.exe,24084,0x0,Other,-1,0,0,Composed: Copy with GPU GDI,2026-8-20 19:20:57.083877000,5.0239,5.0239,0.0000,0.0871,5.0315,0.1844,4.8471,20.6763,6.0621,-0.4635,2279.7125,NA,NA,NA
python.exe,24084,0x0,Other,-1,0,0,Composed: Copy with GPU GDI,2026-8-20 19:20:57.088900900,5.9258,5.9258,0.0000,0.1013,5.9314,0.1697,5.7617,NA,NA,-1.0382,2284.7364,NA,NA,NA
python.exe,24084,0x0,Other,-1,0,0,Composed: Copy with GPU GDI,2026-8-20 19:20:57.094826700,1.2319,1.2319,0.0000,0.1118,1.2884,0.2509,1.0375,15.7887,6.0705,NA,2290.6622,NA,NA,NA
python.exe,24084,0x0,Other,-1,0,0,Composed: Copy with GPU GDI,2026-8-20 19:20:57.096058600,5.3018,5.3018,0.0000,0.1709,5.2262,0.1809,5.0453,20.6273,6.0561,-4.8386,2291.8941,NA,NA,NA
python.exe,24084,0x0,Other,-1,0,0,Composed: Copy with GPU GDI,2026-8-20 19:20:57.101360400,6.6191,6.6191,0.0000,0.1010,6.6174,0.1800,6.4374,21.3816,4.9249,-0.7543,2297.1959,NA,NA,NA
python.exe,24084,0x0,Other,-1,0,0,Composed: Copy with GPU GDI,2026-8-20 19:20:57.107979500,4.5255,4.5255,0.0000,0.1056,4.6304,0.3091,4.3213,NA,NA,1.6942,2303.8150,NA,NA,NA
python.exe,24084,0x0,Other,-1,0,0,Composed: Copy with GPU GDI,2026-8-20 19:20:57.112505000,1.4811,1.4811,0.0000,0.2139,1.3632,0.1836,1.1796,15.1619,7.2151,NA,2308.3405,NA,NA,NA
python.exe,24084,0x0,Other,-1,0,0,Composed: Copy with GPU GDI,2026-8-20 19:20:57.113986100,7.4708,7.4708,0.0000,0.1015,7.4623,0.1756,7.2867,20.8959,6.0781,-5.7340,2309.8216,NA,NA,NA
python.exe,24084,0x0,Other,-1,0,0,Composed: Copy with GPU GDI,2026-8-20 19:20:57.121456900,5.1812,5.1812,0.0000,0.0977,5.1931,0.1757,5.0174,19.5032,3.3797,1.3927,2317.2924,NA,NA,NA
python.exe,24084,0x0,Other,-1,0,0,Composed: Copy with GPU GDI,2026-8-20 19:20:57.126638100,2.7932,2.7932,0.0000,0.1150,2.9531,0.4040,2.5491,NA,NA,1.8015,2322.4736,NA,NA,NA
python.exe,24084,0x0,Other,-1,0,0,Composed: Copy with GPU GDI,2026-8-20 19:20:57.129431300,2.7656,2.7656,0.0000,0.2774,2.5682,0.1831,2.3851,14.9085,8.7413,NA,2325.2668,NA,NA,NA
python.exe,24084,0x0,Other,-1,0,0,Composed: Copy with GPU GDI,2026-8-20 19:20:57.132196900,5.4938,5.4938,0.0000,0.0847,5.5076,0.1793,5.3283,20.8842,6.0716,-5.9757,2328.0324,NA,NA,NA
python.exe,24084,0x0,Other,-1,0,0,Composed: Copy with GPU GDI,2026-8-20 19:20:57.137690700,7.1153,7.1153,0.0000,0.1031,7.1064,0.1741,6.9323,NA,NA,-0.5778,2333.5262,NA,NA,NA
python.exe,24084,0x0,Other,-1,0,0,Composed: Copy with GPU GDI,2026-8-20 19:20:57.144806000,0.8665,0.8665,0.0000,0.0991,0.9540,0.2706,0.6834,14.3467,6.0621,NA,2340.6415,NA,NA,NA
python.exe,24084,0x0,Other,-1,0,0,Composed: Copy with GPU GDI,2026-8-20 19:20:57.145672500,4.5221,4.5221,0.0000,0.1899,4.4309,0.1859,4.2450,19.5423,6.0647,-5.1956,2341.5080,NA,NA,NA
python.exe,24084,0x0,Other,-1,0,0,Composed: Copy with GPU GDI,2026-8-20 19:20:57.150194600,6.0074,6.0074,0.0000,0.1024,6.0230,0.1815,5.8415,21.0849,6.0659,-1.5426,2346.0301,NA,NA,NA
python.exe,24084,0x0,Other,-1,0,0,Composed: Copy with GPU GDI,2026-8-20 19:20:57.156202000,5.6248,5.6248,0.0000,0.1212,5.6859,0.2692,5.4167,NA,NA,-0.0585,2352.0375,NA,NA,NA
python.exe,24084,0x0,Other,-1,0,0,Composed: Copy with GPU GDI,2026-8-20 19:20:57.161826800,0.9048,0.9048,0.0000,0.1853,0.8311,0.1865,0.6446,15.5186,6.0698,NA,2357.6623,NA,NA,NA
python.exe,24084,0x0,Other,-1,0,0,Composed: Copy with GPU GDI,2026-8-20 19:20:57.162731600,5.5531,5.5531,0.0000,0.1153,5.5510,0.1772,5.3738,20.6836,6.0728,-5.1650,2358.5671,NA,NA,NA
python.exe,24084,0x0,Other,-1,0,0,Composed: Copy with GPU GDI,2026-8-20 19:20:57.168284700,6.6704,6.6704,0.0000,0.1177,6.6359,0.1753,6.4606,21.2033,4.8432,-0.5197,2364.1202,NA,NA,NA
python.exe,24084,0x0,Other,-1,0,0,Composed: Copy with GPU GDI,2026-8-20 19:20:57.174955100,3.5520,3.5520,0.0000,0.0883,3.6372,0.2701,3.3671,NA,NA,1.8272,2370.7906,NA,NA,NA
python.exe,24084,0x0,Other,-1,0,0,Composed: Copy with GPU GDI,2026-8-20 19:20:57.178507100,1.8618,1.8618,0.0000,0.1771,1.7839,0.1816,1.6023,15.8241,7.2820,NA,2374.3426,NA,NA,NA
python.exe,24084,0x0,Other,-1,0,0,Composed: Copy with GPU GDI,2026-8-20 19:20:57.180368900,6.5216,6.5216,0.0000,0.1043,6.5201,0.1790,6.3411,21.2443,6.0745,-5.4202,2376.2044,NA,NA,NA
python.exe,24084,0x0,Other,-1,0,0,Composed: Copy with GPU GDI,2026-8-20 19:20:57.186890500,5.5375,5.5375,0.0000,0.1070,5.5282,0.1668,5.3614,NA,NA,0.4471,2382.7260,NA,NA,NA
python.exe,24084,0x0,Other,-1,0,0,Composed: Copy with GPU GDI,2026-8-20 19:20:57.192428000,2.7852,2.7852,0.0000,0.1017,2.7864,0.2771,2.5093,15.2597,3.3202,NA,2388.2635,NA,NA,NA
python.exe,24084,0x0,Other,-1,0,0,Composed: Copy with GPU GDI,2026-8-20 19:20:57.195213200,3.3308,3.3308,0.0000,0.1064,3.2889,0.1892,3.0997,15.7947,8.8058,-0.5350,2391.0487,NA,NA,NA
python.exe,24084,0x0,Other,-1,0,0,Composed: Copy with GPU GDI,2026-8-20 19:20:57.198544000,6.6929,6.6929,0.0000,0.0700,6.6947,0.1868,6.5079,21.2697,6.0727,-5.4750,2394.3795,NA,NA,NA
python.exe,24084,0x0,Other,-1,0,0,Composed: Copy with GPU GDI,2026-8-20 19:20:57.205236900,5.3707,5.3707,0.0000,0.0782,5.3875,0.1758,5.2117,NA,NA,0.6202,2401.0724,NA,NA,NA
python.exe,24084,0x0,Other,-1,0,0,Composed: Copy with GPU GDI,2026-8-20 19:20:57.210607600,0.5513,0.5513,0.0000,0.0999,0.6054,0.2657,0.3397,15.2788,6.0653,NA,2406.4431,NA,NA,NA
python.exe,24084,0x0,Other,-1,0,0,Composed: Copy with GPU GDI,2026-8-20 19:20:57.211158900,5.9571,5.9571,0.0000,0.1587,5.9028,0.1838,5.7190,20.7928,6.0654,-5.5140,2406.9944,NA,NA,NA
python.exe,24084,0x0,Other,-1,0,0,Composed: Copy with GPU GDI,2026-8-20 19:20:57.217116000,5.5905,5.5905,0.0000,0.1080,5.5594,0.1831,5.3763,20.9011,6.0643,-0.1083,2412.9515,NA,NA,NA
python.exe,24084,0x0,Other,-1,0,0,Composed: Copy with GPU GDI,2026-8-20 19:20:57.222706500,6.1476,6.1476,0.0000,0.0831,6.2310,0.2720,5.9590,NA,NA,-0.4738,2418.5420,NA,NA,NA
python.exe,24084,0x0,Other,-1,0,0,Composed: Copy with GPU GDI,2026-8-20 19:20:57.228854100,0.1497,0.1497,0.0000,0.1665,0.1551,0.1551,0.0000,15.2273,6.0673,NA,2424.6896,NA,NA,NA
python.exe,24084,0x0,Other,-1,0,0,Composed: Copy with GPU GDI,2026-8-20 19:20:57.229003800,6.8986,6.8986,0.0000,0.1748,6.8226,0.1812,6.6414,21.1449,6.0699,-5.9176,2424.8393,NA,NA,NA
python.exe,24084,0x0,Other,-1,0,0,Composed: Copy with GPU GDI,2026-8-20 19:20:57.235902400,5.3989,5.3989,0.0000,0.1035,5.4059,0.1749,5.2310,20.3162,4.7813,0.8287,2431.7379,NA,NA,NA
python.exe,24084,0x0,Other,-1,0,0,Composed: Copy with GPU GDI,2026-8-20 19:20:57.241301300,4.1781,4.1781,0.0000,0.1150,4.2283,0.2806,3.9477,NA,NA,0.6176,2437.1368,NA,NA,NA
python.exe,24084,0x0,Other,-1,0,0,Composed: Copy with GPU GDI,2026-8-20 19:20:57.245479400,1.3437,1.3437,0.0000,0.1686,1.2846,0.1874,1.0972,15.5205,7.3438,NA,2441.3149,NA,NA,NA
python.exe,24084,0x0,Other,-1,0,0,Composed: Copy with GPU GDI,2026-8-20 19:20:57.246823100,5.7440,5.7440,0.0000,0.1135,5.7131,0.1888,5.5243,21.5206,6.0739,-6.0001,2442.6586,NA,NA,NA
python.exe,24084,0x0,Other,-1,0,0,Composed: Copy with GPU GDI,2026-8-20 19:20:57.252567100,5.9285,5.9285,0.0000,0.0877,5.9286,0.1767,5.7519,NA,NA,-0.3299,2448.4026,NA,NA,NA
python.exe,24084,0x0,Other,-1,0,0,Composed: Copy with GPU GDI,2026-8-20 19:20:57.258495600,3.5568,3.5568,0.0000,0.0926,3.6273,0.2739,3.3534,15.9220,3.2427,NA,2454.3311,NA,NA,NA
python.exe,24084,0x0,Other,-1,0,0,Composed: Copy with GPU GDI,2026-8-20 19:20:57.262052400,4.0355,4.0355,0.0000,0.1672,3.9446,0.1842,3.7604,15.6079,8.8895,0.3141,2457.8879,NA,NA,NA
python.exe,24084,0x0,Other,-1,0,0,Composed: Copy with GPU GDI,2026-8-20 19:20:57.266087900,5.4865,5.4865,0.0000,0.0828,5.4961,0.1855,5.3106,20.4619,6.0638,-4.8540,2461.9234,NA,NA,NA
python.exe,24084,0x0,Other,-1,0,0,Composed: Copy with GPU GDI,2026-8-20 19:20:57.271574400,5.4589,5.4589,0.0000,0.0989,5.4655,0.1726,5.2929,NA,NA,-0.5773,2467.4099,NA,NA,NA
python.exe,24084,0x0,Other,-1,0,0,Composed: Copy with GPU GDI,2026-8-20 19:20:57.277033300,1.5718,1.5718,0.0000,0.1106,1.6342,0.2623,1.3719,15.5803,6.0803,NA,2472.8688,NA,NA,NA
python.exe,24084,0x0,Other,-1,0,0,Composed: Copy with GPU GDI,2026-8-20 19:20:57.278605100,4.5742,4.5742,0.0000,0.1760,4.4842,0.1758,4.3084,20.0888,6.0547,-4.5085,2474.4406,NA,NA,NA
python.exe,24084,0x0,Other,-1,0,0,Composed: Copy with GPU GDI,2026-8-20 19:20:57.283179300,6.9715,6.9715,0.0000,0.0905,6.9865,0.1693,6.8172,21.5693,6.0646,-1.4805,2479.0148,NA,NA,NA
python.exe,24084,0x0,Other,-1,0,0,Composed: Copy with GPU GDI,2026-8-20 19:20:57.290150800,5.7982,5.7982,0.0000,0.1103,5.7621,0.1747,5.5874,NA,NA,0.9069,2485.9863,NA,NA,NA
python.exe,24084,0x0,Other,-1,0,0,Composed: Copy with GPU GDI,2026-8-20 19:20:57.295949000,0.1935,0.1935,0.0000,0.0785,0.2502,0.2487,0.0015,14.8642,6.0722,NA,2491.7845,NA,NA,NA
python.exe,24084,0x0,Other,-1,0,0,Composed: Copy with GPU GDI,2026-8-20 19:20:57.296142500,6.1932,6.1932,0.0000,0.1392,6.1311,0.1826,5.9485,20.7429,6.0618,-5.8787,2491.9780,NA,NA,NA
python.exe,24084,0x0,Other,-1,0,0,Composed: Copy with GPU GDI,2026-8-20 19:20:57.302335700,5.4678,5.4678,0.0000,0.0827,5.4846,0.1793,5.3053,20.6115,4.7203,0.1314,2498.1712,NA,NA,NA
python.exe,24084,0x0,Other,-1,0,0,Composed: Copy with GPU GDI,2026-8-20 19:20:57.307803500,4.0697,4.0697,0.0000,0.1060,4.1508,0.2725,3.8783,NA,NA,0.7475,2503.6390,NA,NA,NA
python.exe,24084,0x0,Other,-1,0,0,Composed: Copy with GPU GDI,2026-8-20 19:20:57.311873200,2.1336,2.1336,0.0000,0.1904,2.0199,0.1834,1.8365,15.7943,7.4128,NA,2507.7087,NA,NA,NA
python.exe,24084,0x0,Other,-1,0,0,Composed: Copy with GPU GDI,2026-8-20 19:20:57.314006800,5.3846,5.3846,0.0000,0.0809,5.4157,0.1770,5.2387,21.0735,6.0702,-5.2792,2509.8423,NA,NA,NA
python.exe,24084,0x0,Other,-1,0,0,Composed: Copy with GPU GDI,2026-8-20 19:20:57.319391400,6.5658,6.5658,0.0000,0.1170,6.5547,0.1729,6.3818,21.7591,3.1867,-0.6856,2515.2269,NA,NA,NA
python.exe,24084,0x0,Other,-1,0,0,Composed: Copy with GPU GDI,2026-8-20 19:20:57.325957200,3.2802,3.2802,0.0000,0.1105,3.2912,0.2778,3.0134,NA,NA,3.3791,2521.7927,NA,NA,NA
python.exe,24084,0x0,Other,-1,0,0,Composed: Copy with GPU GDI,2026-8-20 19:20:57.329237400,2.2985,2.2985,0.0000,0.1262,2.2430,0.1820,2.0610,15.0998,8.9418,NA,2525.0729,NA,NA,NA
python.exe,24084,0x0,Other,-1,0,0,Composed: Copy with GPU GDI,2026-8-20 19:20:57.331535900,6.4576,6.4576,0.0000,0.0770,6.4898,0.1766,6.3132,21.7431,6.0655,-6.6433,2527.3714,NA,NA,NA
python.exe,24084,0x0,Other,-1,0,0,Composed: Copy with GPU GDI,2026-8-20 19:20:57.337993500,6.8718,6.8718,0.0000,0.1140,6.8470,0.1726,6.6744,NA,NA,0.3921,2533.8290,NA,NA,NA
python.exe,24084,0x0,Other,-1,0,0,Composed: Copy with GPU GDI,2026-8-20 19:20:57.344865300,0.8645,0.8645,0.0000,0.0940,0.9511,0.2662,0.6849,14.4792,6.0782,NA,2540.7008,NA,NA,NA
python.exe,24084,0x0,Other,-1,0,0,Composed: Copy with GPU GDI,2026-8-20 19:20:57.345729800,5.1153,5.1153,0.0000,0.1840,5.0078,0.1854,4.8224,19.6929,6.0579,-5.2137,2541.5653,NA,NA,NA
python.exe,24084,0x0,Other,-1,0,0,Composed: Copy with GPU GDI,2026-8-20 19:20:57.350845100,5.5395,5.5395,0.0000,0.0833,5.5482,0.1725,5.3757,20.6355,6.0659,-0.9426,2546.6806,NA,NA,NA
python.exe,24084,0x0,Other,-1,0,0,Composed: Copy with GPU GDI,2026-8-20 19:20:57.356384600,6.0575,6.0575,0.0000,0.0968,6.1319,0.2731,5.8588,NA,NA,-0.5264,2552.2201,NA,NA,NA
python.exe,24084,0x0,Other,-1,0,0,Composed: Copy with GPU GDI,2026-8-20 19:20:57.362442100,0.9225,0.9225,0.0000,0.1745,0.8450,0.1819,0.6631,15.1044,6.0670,NA,2558.2776,NA,NA,NA
python.exe,24084,0x0,Other,-1,0,0,Composed: Copy with GPU GDI,2026-8-20 19:20:57.363364600,5.0583,5.0583,0.0000,0.1022,5.0620,0.1701,4.8919,20.2489,6.0735,-5.1445,2559.2001,NA,NA,NA
python.exe,24084,0x0,Other,-1,0,0,Composed: Copy with GPU GDI,2026-8-20 19:20:57.368422900,7.0053,7.0053,0.0000,0.1108,6.9979,0.1691,6.8288,21.2641,4.6445,-1.0152,2564.2584,NA,NA,NA
python.exe,24084,0x0,Other,-1,0,0,Composed: Copy with GPU GDI,2026-8-20 19:20:57.375428200,4.5892,4.5892,0.0000,0.1083,4.6738,0.2825,4.3913,NA,NA,2.3608,2571.2637,NA,NA,NA
python.exe,24084,0x0,Other,-1,0,0,Composed: Copy with GPU GDI,2026-8-20 19:20:57.380017400,1.4438,1.4438,0.0000,0.1956,1.3431,0.1924,1.1507,14.3141,7.4821,NA,2575.8529,NA,NA,NA
python.exe,24084,0x0,Other,-1,0,0,Composed: Copy with GPU GDI,2026-8-20 19:20:57.381461200,4.9872,4.9872,0.0000,0.1013,4.9957,0.1820,4.8137,20.3524,6.0786,-6.0383,2577.2967,NA,NA,NA
python.exe,24084,0x0,Other,-1,0,0,Composed: Copy with GPU GDI,2026-8-20 19:20:57.386448400,5.6449,5.6449,0.0000,0.1156,5.6370,0.1693,5.4677,NA,NA,-1.0914,2582.2839,NA,NA,NA
python.exe,24084,0x0,Other,-1,0,0,Composed: Copy with GPU GDI,2026-8-20 19:20:57.392093300,3.0054,3.0054,0.0000,0.1126,3.0624,0.2742,2.7882,15.7989,3.1041,NA,2587.9288,NA,NA,NA
python.exe,24084,0x0,Other,-1,0,0,Composed: Copy with GPU GDI,2026-8-20 19:20:57.395098700,3.9946,3.9946,0.0000,0.1737,3.9007,0.1848,3.7159,15.8976,9.0175,-0.0987,2590.9342,NA,NA,NA
python.exe,24084,0x0,Other,-1,0,0,Composed: Copy with GPU GDI,2026-8-20 19:20:57.399093300,5.4521,5.4521,0.0000,0.0864,5.4774,0.1762,5.3012,20.9205,6.0696,-5.0229,2594.9288,NA,NA,NA
python.exe,24084,0x0,Other,-1,0,0,Composed: Copy with GPU GDI,2026-8-20 19:20:57.404545400,7.0811,7.0811,0.0000,0.1167,7.0708,0.1737,6.8971,NA,NA,-0.6175,2600.3809,NA,NA,NA
python.exe,24084,0x0,Other,-1,0,0,Composed: Copy with GPU GDI,2026-8-20 19:20:57.411626500,0.9848,0.9848,0.0000,0.1108,1.0506,0.2598,0.7908,14.4569,6.0607,NA,2607.4620,NA,NA,NA
python.exe,24084,0x0,Other,-1,0,0,Composed: Copy with GPU GDI,2026-8-20 19:20:57.412611300,3.5147,3.5147,0.0000,0.1799,3.4302,0.1756,3.2546,19.5328,6.0720,-5.0759,2608.4468,NA,NA,NA
python.exe,24084,0x0,Other,-1,0,0,Composed: Copy with GPU GDI,2026-8-20 19:20:57.416126000,6.1203,6.1203,0.0000,0.1002,6.1260,0.1706,5.9554,22.0901,6.0623,-2.5573,2611.9615,NA,NA,NA
python.exe,24084,0x0,Other,-1,0,0,Composed: Copy with GPU GDI,2026-8-20 19:20:57.422246300,5.9662,5.9662,0.0000,0.1110,6.0417,0.2760,5.7657,NA,NA,0.0580,2618.0818,NA,NA,NA
python.exe,24084,0x0,Other,-1,0,0,Composed: Copy with GPU GDI,2026-8-20 19:20:57.428212500,0.9600,0.9600,0.0000,0.1896,0.8681,0.1759,0.6922,16.0659,6.0675,NA,2624.0480,NA,NA,NA
python.exe,24084,0x0,Other,-1,0,0,Composed: Copy with GPU GDI,2026-8-20 19:20:57.429172500,5.5224,5.5224,0.0000,0.1026,5.5327,0.1752,5.3575,21.1734,6.0678,-5.1075,2625.0080,NA,NA,NA
python.exe,24084,0x0,Other,-1,0,0,Composed: Copy with GPU GDI,2026-8-20 19:20:57.434694900,6.6647,6.6647,0.0000,0.1177,6.6422,0.1759,6.4663,21.7188,4.5761,-0.5454,2630.5304,NA,NA,NA
python.exe,24084,0x0,Other,-1,0,0,Composed: Copy with GPU GDI,2026-8-20 19:20:57.441359600,4.9726,4.9726,0.0000,0.1011,5.0176,0.2526,4.7650,NA,NA,2.0886,2637.1951,NA,NA,NA
python.exe,24084,0x0,Other,-1,0,0,Composed: Copy with GPU GDI,2026-8-20 19:20:57.446332200,0.9289,0.9289,0.0000,0.1494,0.8853,0.1826,0.7027,14.6576,7.5544,NA,2642.1677,NA,NA,NA
python.exe,24084,0x0,Other,-1,0,0,Composed: Copy with GPU GDI,2026-8-20 19:20:57.447261100,6.0302,6.0302,0.0000,0.1108,6.0314,0.1753,5.8561,21.2831,6.0749,-6.6255,2643.0966,NA,NA,NA
python.exe,24084,0x0,Other,-1,0,0,Composed: Copy with GPU GDI,2026-8-20 19:20:57.453291300,6.6227,6.6227,0.0000,0.1172,6.6052,0.1793,6.4259,21.3278,3.0531,-0.0447,2649.1268,NA,NA,NA
python.exe,24084,0x0,Other,-1,0,0,Composed: Copy with GPU GDI,2026-8-20 19:20:57.459914000,2.5354,2.5354,0.0000,0.1064,2.6446,0.3300,2.3146,NA,NA,3.5696,2655.7495,NA,NA,NA
python.exe,24084,0x0,Other,-1,0,0,Composed: Copy with GPU GDI,2026-8-20 19:20:57.462449400,3.5314,3.5314,0.0000,0.2204,3.3918,0.1838,3.2080,15.2228,9.0740,NA,2658.2849,NA,NA,NA
python.exe,24084,0x0,Other,-1,0,0,Composed: Copy with GPU GDI,2026-8-20 19:20:57.465980800,5.4020,5.4020,0.0000,0.0871,5.4333,0.1846,5.2487,20.7654,6.0678,-5.5426,2661.8163,NA,NA,NA
python.exe,24084,0x0,Other,-1,0,0,Composed: Copy with GPU GDI,2026-8-20 19:20:57.471382800,6.8649,6.8649,0.0000,0.1246,6.9113,0.2879,6.6234,NA,NA,-0.6658,2667.2183,NA,NA,NA
python.exe,24084,0x0,Other,-1,0,0,Composed: Copy with GPU GDI,2026-8-20 19:20:57.478247700,0.1592,0.1592,0.0000,0.1710,0.1510,0.1510,0.0000,14.5663,6.0649,NA,2674.0832,NA,NA,NA
python.exe,24084,0x0,Other,-1,0,0,Composed: Copy with GPU GDI,2026-8-20 19:20:57.478406900,5.0584,5.0584,0.0000,0.1661,5.0044,0.1746,4.8298,20.4720,6.0660,-5.9057,2674.2424,NA,NA,NA
python.exe,24084,0x0,Other,-1,0,0,Composed: Copy with GPU GDI,2026-8-20 19:20:57.483465300,6.5729,6.5729,0.0000,0.1169,6.5634,0.1747,6.3887,21.4796,6.0535,-1.0076,2679.3008,NA,NA,NA
python.exe,24084,0x0,Other,-1,0,0,Composed: Copy with GPU GDI,2026-8-20 19:20:57.490038200,5.6728,5.6728,0.0000,0.1121,5.7088,0.2726,5.4362,NA,NA,0.5194,2685.8737,NA,NA,NA
python.exe,24084,0x0,Other,-1,0,0,Composed: Copy with GPU GDI,2026-8-20 19:20:57.495711000,0.1394,0.1394,0.0000,0.1481,0.1568,0.1568,0.0000,15.2874,6.0755,NA,2691.5465,NA,NA,NA
python.exe,24084,0x0,Other,-1,0,0,Composed: Copy with GPU GDI,2026-8-20 19:20:57.495850400,6.3045,6.3045,0.0000,0.1689,6.2460,0.1730,6.0730,21.2235,6.0694,-5.9361,2691.6859,NA,NA,NA
python.exe,24084,0x0,Other,-1,0,0,Composed: Copy with GPU GDI,2026-8-20 19:20:57.502154900,5.5696,5.5696,0.0000,0.1152,5.5494,0.1790,5.3704,20.9884,4.5135,0.2351,2697.9904,NA,NA,NA
python.exe,24084,0x0,Other,-1,0,0,Composed: Copy with GPU GDI,2026-8-20 19:20:57.507724500,4.4821,4.4821,0.0000,0.1016,4.5512,0.2744,4.2768,NA,NA,1.0561,2703.5600,NA,NA,NA
python.exe,24084,0x0,Other,-1,0,0,Composed: Copy with GPU GDI,2026-8-20 19:20:57.512206600,2.5639,2.5639,0.0000,0.1736,2.4791,0.1885,2.2906,15.4502,7.6197,NA,2708.0421,NA,NA,NA
python.exe,24084,0x0,Other,-1,0,0,Composed: Copy with GPU GDI,2026-8-20 19:20:57.514770500,4.9571,4.9571,0.0000,0.0954,4.9686,0.1776,4.7910,20.5060,6.0696,-5.0558,2710.6060,NA,NA,NA
python.exe,24084,0x0,Other,-1,0,0,Composed: Copy with GPU GDI,2026-8-20 19:20:57.519727600,6.5311,6.5311,0.0000,0.1119,6.5203,0.1698,6.3505,NA,NA,-1.1125,2715.5631,NA,NA,NA
python.exe,24084,0x0,Other,-1,0,0,Composed: Copy with GPU GDI,2026-8-20 19:20:57.526258700,2.0230,2.0230,0.0000,0.1058,2.0947,0.2677,1.8270,15.0874,6.0580,NA,2722.0942,NA,NA,NA
python.exe,24084,0x0,Other,-1,0,0,Composed: Copy with GPU GDI,2026-8-20 19:20:57.528281700,3.6435,3.6435,0.0000,0.1805,3.5465,0.1743,3.3722,19.1224,6.0738,-4.0350,2724.1172,NA,NA,NA
python.exe,24084,0x0,Other,-1,0,0,Composed: Copy with GPU GDI,2026-8-20 19:20:57.531925200,5.8694,5.8694,0.0000,0.0887,5.8891,0.1775,5.7116,21.5527,6.0657,-2.4303,2727.7607,NA,NA,NA
python.exe,24084,0x0,Other,-1,0,0,Composed: Copy with GPU GDI,2026-8-20 19:20:57.537794600,7.2294,7.2294,0.0000,0.1116,7.2808,0.2777,7.0031,NA,NA,-0.1963,2733.6301,NA,NA,NA
python.exe,24084,0x0,Other,-1,0,0,Composed: Copy with GPU GDI,2026-8-20 19:20:57.545024000,0.1744,0.1744,0.0000,0.1630,0.1629,0.1629,0.0000,14.5196,6.0652,NA,2740.8595,NA,NA,NA
python.exe,24084,0x0,Other,-1,0,0,Composed: Copy with GPU GDI,2026-8-20 19:20:57.545198400,4.1512,4.1512,0.0000,0.1552,4.1148,0.1835,3.9313,20.4104,6.0698,-5.8908,2741.0339,NA,NA,NA
python.exe,24084,0x0,Other,-1,0,0,Composed: Copy with GPU GDI,2026-8-20 19:20:57.549349600,7.9904,7.9904,0.0000,0.1227,7.9721,0.1702,7.8019,22.3290,5.9894,-1.9186,2745.1851,NA,NA,NA
python.exe,24084,0x0,Other,-1,0,0,Composed: Copy with GPU GDI,2026-8-20 19:20:57.557340000,4.6874,4.6874,0.0000,0.1094,4.7540,0.2745,4.4795,NA,NA,2.0010,2753.1755,NA,NA,NA
python.exe,24084,0x0,Other,-1,0,0,Composed: Copy with GPU GDI,2026-8-20 19:20:57.562027400,0.1190,0.1190,0.0000,0.1760,0.1520,0.1520,0.0000,15.6406,6.1278,NA,2757.8629,NA,NA,NA
python.exe,24084,0x0,Other,-1,0,0,Composed: Copy with GPU GDI,2026-8-20 19:20:57.562146400,7.3366,7.3366,0.0000,0.2120,7.2161,0.1687,7.0474,21.6494,6.0752,-6.0088,2757.9819,NA,NA,NA
python.exe,24084,0x0,Other,-1,0,0,Composed: Copy with GPU GDI,2026-8-20 19:20:57.569483000,4.5223,4.5223,0.0000,0.0951,4.5232,0.1658,4.3574,20.3880,4.4577,1.2614,2765.3185,NA,NA,NA
python.exe,24084,0x0,Other,-1,0,0,Composed: Copy with GPU GDI,2026-8-20 19:20:57.574005300,5.0797,5.0797,0.0000,0.0996,5.1473,0.2739,4.8734,NA,NA,0.0646,2769.8408,NA,NA,NA
python.exe,24084,0x0,Other,-1,0,0,Composed: Copy with GPU GDI,2026-8-20 19:20:57.579085000,1.2068,1.2068,0.0000,0.1712,1.1107,0.1797,0.9310,15.2437,7.6934,NA,2774.9205,NA,NA,NA
python.exe,24084,0x0,Other,-1,0,0,Composed: Copy with GPU GDI,2026-8-20 19:20:57.580291800,8.9026,8.9026,0.0000,0.0787,8.9118,0.1729,8.7389,21.7303,8.9679,-6.4866,2776.1273,NA,NA,NA
python.exe,24084,0x0,Other,-1,0,0,Composed: Copy with GPU GDI,2026-8-20 19:20:57.589194400,7.3415,7.3415,0.0000,0.0921,7.5318,0.4303,7.1015,NA,NA,NA,NA,NA,NA,NA
python.exe,24084,0x0,Other,-1,0,0,Composed: Copy with GPU GDI,2026-8-20 19:20:57.596535900,1.6790,1.6790,0.0000,0.2863,1.4679,0.4431,1.0248,NA,NA,7.2762,2792.3714,NA,NA,NA
python.exe,24084,0x0,Other,-1,0,0,Composed: Copy with GPU GDI,2026-8-20 19:20:57.598214900,0.2709,0.2709,0.0000,0.0799,0.2676,0.1831,0.0845,12.7751,9.2019,NA,2794.0504,NA,NA,NA
python.exe,24084,0x0,Other,-1,0,0,Composed: Copy with GPU GDI,2026-8-20 19:20:57.598485800,7.6513,7.6513,0.0000,0.0812,7.6644,0.1805,7.4839,21.7061,6.0679,-8.9310,2794.3213,NA,NA,NA
python.exe,24084,0x0,Other,-1,0,0,Composed: Copy with GPU GDI,2026-8-20 19:20:57.606137100,5.1226,5.1226,0.0000,0.0977,5.1178,0.1656,4.9522,NA,NA,1.5834,2801.9726,NA,NA,NA
python.exe,24084,0x0,Other,-1,0,0,Composed: Copy with GPU GDI,2026-8-20 19:20:57.611259700,1.3289,1.3289,0.0000,0.0970,1.5036,0.3661,1.1375,15.0001,6.0663,NA,2807.0952,NA,NA,NA
python.exe,24084,0x0,Other,-1,0,0,Composed: Copy with GPU GDI,2026-8-20 19:20:57.612588600,4.2174,4.2174,0.0000,0.2755,4.0193,0.1758,3.8435,19.7375,6.0662,-4.7374,2808.4241,NA,NA,NA
python.exe,24084,0x0,Other,-1,0,0,Composed: Copy with GPU GDI,2026-8-20 19:20:57.616806000,5.5138,5.5138,0.0000,0.0807,5.5266,0.1674,5.3592,21.5863,5.9172,-1.8488,2812.6415,NA,NA,NA
python.exe,24084,0x0,Other,-1,0,0,Composed: Copy with GPU GDI,2026-8-20 19:20:57.622319800,6.0269,6.0269,0.0000,0.1022,6.0185,0.1642,5.8543,NA,NA,-0.4034,2818.1553,NA,NA,NA
python.exe,24084,0x0,Other,-1,0,0,Composed: Copy with GPU GDI,2026-8-20 19:20:57.628346700,1.3092,1.3092,0.0000,0.0979,2.0708,0.9669,1.1039,15.9628,6.2253,NA,2824.1822,NA,NA,NA
python.exe,24084,0x0,Other,-1,0,0,Composed: Copy with GPU GDI,2026-8-20 19:20:57.629655900,5.2136,5.2136,0.0000,0.8641,4.4350,0.1752,4.2598,20.8789,6.0754,-4.9161,2825.4914,NA,NA,NA
python.exe,24084,0x0,Other,-1,0,0,Composed: Copy with GPU GDI,2026-8-20 19:20:57.634869500,6.1943,6.1943,0.0000,0.0890,6.1969,0.1669,6.0300,21.7407,4.3820,-0.8618,2830.7050,NA,NA,NA
python.exe,24084,0x0,Other,-1,0,0,Composed: Copy with GPU GDI,2026-8-20 19:20:57.641063800,7.9780,7.9780,0.0000,8.9554,0.1394,0.1394,0.0000,NA,NA,1.8123,2836.8993,NA,NA,NA
python.exe,24084,0x0,Other,-1,0,0,Composed: Copy with GPU GDI,2026-8-20 19:20:57.649041800,0.2196,0.2196,0.0000,0.0000,8.8597,1.0917,7.7680,11.9504,7.7514,NA,2844.8773,NA,NA,NA
python.exe,24084,0x0,Other,-1,0,0,Composed: Copy with GPU GDI,2026-8-20 19:20:57.649261400,4.7044,4.7044,0.0000,0.9003,3.9241,0.1861,3.7380,19.4822,6.0719,-7.5318,2845.0969,NA,NA,NA
python.exe,24084,0x0,Other,-1,0,0,Composed: Copy with GPU GDI,2026-8-20 19:20:57.653965800,6.4697,6.4697,0.0000,0.1239,6.4454,0.1693,6.2761,20.8497,2.8496,-1.3675,2849.8013,NA,NA,NA
python.exe,24084,0x0,Other,-1,0,0,Composed: Copy with GPU GDI,2026-8-20 19:20:57.660435500,2.7007,2.7007,0.0000,0.1034,3.9935,1.5268,2.4667,NA,NA,3.6201,2856.2710,NA,NA,NA
python.exe,24084,0x0,Other,-1,0,0,Composed: Copy with GPU GDI,2026-8-20 19:20:57.663136200,3.0364,3.0364,0.0000,1.3991,1.7436,0.1923,1.5513,14.5289,9.2789,NA,2858.9717,NA,NA,NA
python.exe,24084,0x0,Other,-1,0,0,Composed: Copy with GPU GDI,2026-8-20 19:20:57.666172600,6.5886,6.5886,0.0000,0.1099,6.5839,0.1720,6.4119,20.7714,6.0625,-6.2425,2862.0081,NA,NA,NA
python.exe,24084,0x0,Other,-1,0,0,Composed: Copy with GPU GDI,2026-8-20 19:20:57.672761200,6.1396,6.1396,0.0000,0.1087,6.1233,0.1779,5.9454,NA,NA,0.5261,2868.5967,NA,NA,NA
python.exe,24084,0x0,Other,-1,0,0,Composed: Copy with GPU GDI,2026-8-20 19:20:57.678900800,0.5736,0.5736,0.0000,0.0982,1.3448,0.9856,0.3592,14.1057,6.0697,NA,2874.7363,NA,NA,NA
python.exe,24084,0x0,Other,-1,0,0,Composed: Copy with GPU GDI,2026-8-20 19:20:57.679474400,4.4042,4.4042,0.0000,0.8731,3.6107,0.1867,3.4240,19.6018,6.0815,-5.4961,2875.3099,NA,NA,NA
python.exe,24084,0x0,Other,-1,0,0,Composed: Copy with GPU GDI,2026-8-20 19:20:57.683878600,5.4185,5.4185,0.0000,0.0847,5.4423,0.1711,5.2712,21.2791,5.8371,-1.6773,2879.7141,NA,NA,NA
python.exe,24084,0x0,Other,-1,0,0,Composed: Copy with GPU GDI,2026-8-20 19:20:57.689297100,5.9468,5.9468,0.0000,6.9715,0.1419,0.1419,0.0000,NA,NA,-0.4186,2885.1326,NA,NA,NA
python.exe,24084,0x0,Other,-1,0,0,Composed: Copy with GPU GDI,2026-8-20 19:20:57.695243900,0.6569,0.6569,0.0000,0.0000,6.8579,1.1245,5.7334,15.7509,6.2773,NA,2891.0794,NA,NA,NA
python.exe,24084,0x0,Other,-1,0,0,Composed: Copy with GPU GDI,2026-8-20 19:20:57.695900800,5.5200,5.5200,0.0000,0.5131,5.1890,0.2560,4.9330,21.3713,6.0686,-5.6204,2891.7363,NA,NA,NA
python.exe,24084,0x0,Other,-1,0,0,Composed: Copy with GPU GDI,2026-8-20 19:20:57.701420800,6.0820,6.0820,0.0000,0.1847,6.0086,0.1799,5.8287,21.9199,4.3146,-0.5486,2897.2563,NA,NA,NA
python.exe,24084,0x0,Other,-1,0,0,Composed: Copy with GPU GDI,2026-8-20 19:20:57.707502800,8.6954,8.6954,0.0000,0.1150,8.6723,0.1711,8.5012,NA,NA,NA,NA,NA,NA,NA
python.exe,24084,0x0,Other,-1,0,0,Composed: Copy with GPU GDI,2026-8-20 19:20:57.716198200,0.4390,0.4390,0.0000,0.0964,1.2613,1.0165,0.2448,NA,NA,10.4628,2912.0337,NA,NA,NA
python.exe,24084,0x0,Other,-1,0,0,Composed: Copy with GPU GDI,2026-8-20 19:20:57.716637200,2.9667,2.9667,0.0000,0.9207,2.1245,0.1747,1.9498,11.0181,13.8901,NA,2912.4727,NA,NA,NA
python.exe,24084,0x0,Other,-1,0,0,Composed: Copy with GPU GDI,2026-8-20 19:20:57.719603900,7.3279,7.3279,0.0000,0.0825,7.3383,0.1733,7.1650,21.9415,2.7880,-10.9234,2915.4394,NA,NA,NA
python.exe,24084,0x0,Other,-1,0,0,Composed: Copy with GPU GDI,2026-8-20 19:20:57.726931800,2.4825,2.4825,0.0000,0.0968,3.7719,1.4968,2.2751,NA,NA,4.5399,2922.7673,NA,NA,NA
python.exe,24084,0x0,Other,-1,0,0,Composed: Copy with GPU GDI,2026-8-20 19:20:57.729414300,2.6724,2.6724,0.0000,1.3892,1.3682,0.1754,1.1928,14.9191,9.3439,NA,2925.2498,NA,NA,NA
python.exe,24084,0x0,Other,-1,0,0,Composed: Copy with GPU GDI,2026-8-20 19:20:57.732086700,6.5682,6.5682,0.0000,0.0892,6.5703,0.1717,6.3986,21.5906,6.0622,-6.6715,2927.9222,NA,NA,NA
python.exe,24084,0x0,Other,-1,0,0,Composed: Copy with GPU GDI,2026-8-20 19:20:57.738654900,4.9771,4.9771,0.0000,0.0948,4.9901,0.1801,4.8100,NA,NA,0.5060,2934.4904,NA,NA,NA
python.exe,24084,0x0,Other,-1,0,0,Composed: Copy with GPU GDI,2026-8-20 19:20:57.743632000,1.3773,1.3773,0.0000,0.1103,2.1604,0.9877,1.1727,16.1075,6.0730,NA,2939.4675,NA,NA,NA
python.exe,24084,0x0,Other,-1,0,0,Composed: Copy with GPU GDI,2026-8-20 19:20:57.745009300,4.6437,4.6437,0.0000,0.8961,3.8302,0.1700,3.6602,20.8032,6.0591,-4.6957,2940.8448,NA,NA,NA
python.exe,24084,0x0,Other,-1,0,0,Composed: Copy with GPU GDI,2026-8-20 19:20:57.749653000,6.5296,6.5296,0.0000,0.0864,6.5423,0.1638,6.3785,22.2186,5.7930,-1.4154,2945.4885,NA,NA,NA
python.exe,24084,0x0,Other,-1,0,0,Composed: Copy with GPU GDI,2026-8-20 19:20:57.756182600,6.0317,6.0317,0.0000,0.1026,6.0431,0.1788,5.8643,NA,NA,0.7366,2952.0181,NA,NA,NA
python.exe,24084,0x0,Other,-1,0,0,Composed: Copy with GPU GDI,2026-8-20 19:20:57.762214300,0.8508,0.8508,0.0000,0.1180,1.6398,0.9950,0.6448,15.4503,6.3414,NA,2958.0498,NA,NA,NA
python.exe,24084,0x0,Other,-1,0,0,Composed: Copy with GPU GDI,2026-8-20 19:20:57.763065100,8.2902,8.2902,0.0000,0.9104,7.4618,0.1748,7.2870,20.9409,6.0822,-5.4906,2958.9006,NA,NA,NA
python.exe,24084,0x0,Other,-1,0,0,Composed: Copy with GPU GDI,2026-8-20 19:20:57.771355300,3.5394,3.5394,0.0000,0.0857,3.5409,0.1738,3.3671,18.7329,4.2300,2.2080,2967.1908,NA,NA,NA
python.exe,24084,0x0,Other,-1,0,0,Composed: Copy with GPU GDI,2026-8-20 19:20:57.774894700,4.1040,4.1040,0.0000,0.0912,4.9317,1.0296,3.9021,NA,NA,-0.6906,2970.7302,NA,NA,NA
python.exe,24084,0x0,Other,-1,0,0,Composed: Copy with GPU GDI,2026-8-20 19:20:57.778998700,3.2225,3.2225,0.0000,0.9218,2.4047,0.1908,2.2139,15.3195,7.8928,NA,2974.8342,NA,NA,NA
python.exe,24084,0x0,Other,-1,0,0,Composed: Copy with GPU GDI,2026-8-20 19:20:57.782221200,5.4323,5.4323,0.0000,0.1076,5.4006,0.1973,5.2033,19.9898,6.0685,-4.6703,2978.0567,NA,NA,NA
python.exe,24084,0x0,Other,-1,0,0,Composed: Copy with GPU GDI,2026-8-20 19:20:57.787653500,6.1117,6.1117,0.0000,0.0812,6.1368,0.1802,5.9566,20.6260,2.7128,-0.6362,2983.4890,NA,NA,NA
python.exe,24084,0x0,Other,-1,0,0,Composed: Copy with GPU GDI,2026-8-20 19:20:57.793765200,2.7828,2.7828,0.0000,0.1097,4.0665,1.5034,2.5631,NA,NA,3.3989,2989.6007,NA,NA,NA
python.exe,24084,0x0,Other,-1,0,0,Composed: Copy with GPU GDI,2026-8-20 19:20:57.796548000,1.4628,1.4628,0.0000,1.3934,0.1571,0.1571,0.0000,14.4443,9.4152,NA,2992.3835,NA,NA,NA
python.exe,24084,0x0,Other,-1,0,0,Composed: Copy with GPU GDI,2026-8-20 19:20:57.798010800,7.0055,7.0055,0.0000,0.0903,7.0322,0.1858,6.8464,22.3967,6.0650,-7.9524,2993.8463,NA,NA,NA
python.exe,24084,0x0,Other,-1,0,0,Composed: Copy with GPU GDI,2026-8-20 19:20:57.805016300,5.5669,5.5669,0.0000,0.1206,5.5323,0.1718,5.3605,21.4562,1.1825,0.9405,3000.8518,NA,NA,NA
python.exe,24084,0x0,Other,-1,0,0,Composed: Copy with GPU GDI,2026-8-20 19:20:57.810583200,5.3529,5.3529,0.0000,0.0934,6.0848,0.9821,5.1027,NA,NA,4.3844,3006.4187,NA,NA,NA
python.exe,24084,0x0,Other,-1,0,0,Composed: Copy with GPU GDI,2026-8-20 19:20:57.815936100,1.2009,1.2009,0.0000,0.8291,0.4714,0.1886,0.2828,11.7189,10.9539,NA,3011.7716,NA,NA,NA
python.exe,24084,0x0,Other,-1,0,0,Composed: Copy with GPU GDI,2026-8-20 19:20:57.817137000,5.6423,5.6423,0.0000,0.1036,5.6012,0.1736,5.4276,21.4719,5.7174,-9.7530,3012.9725,NA,NA,NA
python.exe,24084,0x0,Other,-1,0,0,Composed: Copy with GPU GDI,2026-8-20 19:20:57.822779300,5.7993,5.7993,0.0000,0.0680,6.5967,0.9741,5.6226,NA,NA,-0.0751,3018.6148,NA,NA,NA
python.exe,24084,0x0,Other,-1,0,0,Composed: Copy with GPU GDI,2026-8-20 19:20:57.828578600,1.1697,1.1697,0.0000,0.8703,0.3933,0.1984,0.1949,15.7477,6.4145,NA,3024.4141,NA,NA,NA
python.exe,24084,0x0,Other,-1,0,0,Composed: Copy with GPU GDI,2026-8-20 19:20:57.829748300,4.9045,4.9045,0.0000,0.0982,4.9193,0.1845,4.7348,20.9925,6.0689,-5.2448,3025.5838,NA,NA,NA
python.exe,24084,0x0,Other,-1,0,0,Composed: Copy with GPU GDI,2026-8-20 19:20:57.834652800,6.5322,6.5322,0.0000,0.1170,6.5140,0.1640,6.3500,22.1569,4.1797,-1.1644,3030.4883,NA,NA,NA
python.exe,24084,0x0,Other,-1,0,0,Composed: Copy with GPU GDI,2026-8-20 19:20:57.841185000,4.9794,4.9794,0.0000,0.1024,5.7565,0.9732,4.7833,NA,NA,2.3525,3037.0205,NA,NA,NA
python.exe,24084,0x0,Other,-1,0,0,Composed: Copy with GPU GDI,2026-8-20 19:20:57.846164400,2.8790,2.8790,0.0000,0.8829,2.0904,0.1832,1.9072,14.8250,7.9572,NA,3041.9999,NA,NA,NA
python.exe,24084,0x0,Other,-1,0,0,Composed: Copy with GPU GDI,2026-8-20 19:20:57.849043400,4.7739,4.7739,0.0000,0.0990,4.7661,0.1800,4.5861,19.9032,6.0548,-5.0782,3044.8789,NA,NA,NA
python.exe,24084,0x0,Other,-1,0,0,Composed: Copy with GPU GDI,2026-8-20 19:20:57.853817300,6.5097,6.5097,0.0000,0.0952,6.5177,0.1716,6.3461,21.1841,2.6563,-1.2809,3049.6528,NA,NA,NA
python.exe,24084,0x0,Other,-1,0,0,Composed: Copy with GPU GDI,2026-8-20 19:20:57.860327000,2.7966,2.7966,0.0000,0.1072,3.6925,1.3552,2.3373,NA,NA,3.8534,3056.1625,NA,NA,NA
python.exe,24084,0x0,Other,-1,0,0,Composed: Copy with GPU GDI,2026-8-20 19:20:57.863123600,1.7919,1.7919,0.0000,1.0062,0.9203,0.2292,0.6911,14.5341,9.4850,NA,3058.9591,NA,NA,NA
python.exe,24084,0x0,Other,-1,0,0,Composed: Copy with GPU GDI,2026-8-20 19:20:57.864915500,6.7111,6.7111,0.0000,0.1373,6.6812,0.1765,6.5047,22.2272,6.0757,-7.6931,3060.7510,NA,NA,NA
python.exe,24084,0x0,Other,-1,0,0,Composed: Copy with GPU GDI,2026-8-20 19:20:57.871626600,5.8407,5.8407,0.0000,0.1108,5.8171,0.1715,5.6456,NA,NA,0.6354,3067.4621,NA,NA,NA
python.exe,24084,0x0,Other,-1,0,0,Composed: Copy with GPU GDI,2026-8-20 19:20:57.877467300,1.4674,1.4674,0.0000,0.0920,2.2968,1.0130,1.2838,15.7511,6.0546,NA,3073.3028,NA,NA,NA
python.exe,24084,0x0,Other,-1,0,0,Composed: Copy with GPU GDI,2026-8-20 19:20:57.878934700,4.5655,4.5655,0.0000,0.9241,3.7065,0.1765,3.5300,20.3383,11.7297,-4.5872,3074.7702,NA,NA,NA
python.exe,24084,0x0,Other,-1,0,0,Composed: Copy with GPU GDI,2026-8-20 19:20:57.883500200,10.1750,10.1750,0.0000,0.0758,10.1715,0.1756,9.9959,NA,NA,NA,NA,NA,NA,NA
python.exe,24084,0x0,Other,-1,0,0,Composed: Copy with GPU GDI,2026-8-20 19:20:57.893675200,1.5500,1.5500,0.0000,0.0764,1.5510,0.1857,1.3653,NA,NA,3.0108,3089.5107,NA,NA,NA
python.exe,24084,0x0,Other,-1,0,0,Composed: Copy with GPU GDI,2026-8-20 19:20:57.895225200,0.5125,0.5125,0.0000,0.0810,1.3254,1.0074,0.3180,15.7775,6.4769,NA,3091.0607,NA,NA,NA
python.exe,24084,0x0,Other,-1,0,0,Composed: Copy with GPU GDI,2026-8-20 19:20:57.895737700,5.3867,5.3867,0.0000,0.8969,4.5706,0.1899,4.3807,21.7419,24.2594,-5.9644,3091.5732,NA,NA,NA
python.exe,24084,0x0,Other,-1,0,0,Composed: Copy with GPU GDI,2026-8-20 19:20:57.901124400,31.8478,31.8478,0.0000,0.0838,31.8264,0.2067,31.6197,40.6146,12.1336,-18.8727,3096.9599,NA,NA,NA
python.exe,24084,0x0,Other,-1,0,0,Composed: Copy with GPU GDI,2026-8-20 19:20:57.932972200,2.3308,2.3308,0.0000,0.0656,3.1255,0.9795,2.1460,NA,NA,19.7142,3128.8077,NA,NA,NA
python.exe,24084,0x0,Other,-1,0,0,Composed: Copy with GPU GDI,2026-8-20 19:20:57.935303000,3.1430,3.1430,0.0000,0.8620,2.3543,0.1889,2.1654,18.5696,6.0718,NA,3131.1385,NA,NA,NA
python.exe,24084,0x0,Other,-1,0,0,Composed: Copy with GPU GDI,2026-8-20 19:20:57.938446000,6.5994,6.5994,0.0000,0.0772,6.6045,0.1702,6.4343,NA,NA,-2.9288,3134.2815,NA,NA,NA
python.exe,24084,0x0,Other,-1,0,0,Composed: Copy with GPU GDI,2026-8-20 19:20:57.945045400,0.6394,0.6394,0.0000,0.0856,1.4467,1.0205,0.4262,14.8990,6.0679,NA,3140.8809,NA,NA,NA
python.exe,24084,0x0,Other,-1,0,0,Composed: Copy with GPU GDI,2026-8-20 19:20:57.945684800,4.3371,4.3371,0.0000,0.8967,3.6611,0.3371,3.3240,20.3275,6.0576,-5.4285,3141.5203,NA,NA,NA
python.exe,24084,0x0,Other,-1,0,0,Composed: Copy with GPU GDI,2026-8-20 19:20:57.950021900,6.5525,6.5525,0.0000,0.2246,6.4145,0.1722,6.2423,22.0480,6.0658,-1.7205,3145.8574,NA,NA,NA
python.exe,24084,0x0,Other,-1,0,0,Composed: Copy with GPU GDI,2026-8-20 19:20:57.956574400,5.5198,5.5198,0.0000,0.0913,6.2992,0.9994,5.2998,NA,NA,0.4867,3152.4099,NA,NA,NA
python.exe,24084,0x0,Other,-1,0,0,Composed: Copy with GPU GDI,2026-8-20 19:20:57.962094200,0.9540,0.9540,0.0000,0.8707,0.1818,0.1818,0.0000,16.0415,6.0728,NA,3157.9297,NA,NA,NA
python.exe,24084,0x0,Other,-1,0,0,Composed: Copy with GPU GDI,2026-8-20 19:20:57.963048200,8.3439,8.3439,0.0000,0.1025,8.3299,0.1747,8.1552,21.1603,6.0629,-5.1188,3158.8837,NA,NA,NA
python.exe,24084,0x0,Other,-1,0,0,Composed: Copy with GPU GDI,2026-8-20 19:20:57.971392100,3.2866,3.2866,0.0000,0.0922,3.2983,0.1812,3.1171,18.8793,4.0484,2.2810,3167.2276,NA,NA,NA
python.exe,24084,0x0,Other,-1,0,0,Composed: Copy with GPU GDI,2026-8-20 19:20:57.974678700,8.2493,8.2493,0.0000,9.2160,0.1392,0.1392,0.0000,NA,NA,-0.7618,3170.5142,NA,NA,NA
python.exe,24084,0x0,Other,-1,0,0,Composed: Copy with GPU GDI,2026-8-20 19:20:57.982928000,0.1531,0.1531,0.0000,0.0000,9.1084,1.1074,8.0010,11.3918,8.0867,NA,3178.7635,NA,NA,NA
python.exe,24084,0x0,Other,-1,0,0,Composed: Copy with GPU GDI,2026-8-20 19:20:57.983081100,4.2089,4.2089,0.0000,0.9563,3.3499,0.1745,3.1754,19.3254,6.0690,-7.9336,3178.9166,NA,NA,NA
python.exe,24084,0x0,Other,-1,0,0,Composed: Copy with GPU GDI,2026-8-20 19:20:57.987290000,6.7738,6.7738,0.0000,0.1009,6.7648,0.1720,6.5928,NA,NA,-1.8601,3183.1255,NA,NA,NA
python.exe,24084,0x0,Other,-1,0,0,Composed: Copy with GPU GDI,2026-8-20 19:20:57.994063800,1.1625,1.1625,0.0000,0.0957,1.9671,1.0073,0.9598,14.4117,6.0949,NA,3189.8993,NA,NA,NA
python.exe,24084,0x0,Other,-1,0,0,Composed: Copy with GPU GDI,2026-8-20 19:20:57.995226300,4.0835,4.0835,0.0000,0.9032,3.2640,0.1920,3.0720,19.3441,6.0377,-4.9324,3191.0618,NA,NA,NA
python.exe,24084,0x0,Other,-1,0,0,Composed: Copy with GPU GDI,2026-8-20 19:20:57.999309800,6.3361,6.3361,0.0000,0.0878,6.3333,0.1733,6.1600,21.2983,6.0624,-1.9542,3195.1453,NA,NA,NA
python.exe,24084,0x0,Other,-1,0,0,Composed: Copy with GPU GDI,2026-8-20 19:20:58.005645900,5.7387,5.7387,0.0000,0.0887,5.7408,0.1639,5.5769,21.0246,0.9815,0.2737,3201.4814,NA,NA,NA
python.exe,24084,0x0,Other,-1,0,0,Composed: Copy with GPU GDI,2026-8-20 19:20:58.011384600,4.9005,4.9005,0.0000,0.0945,5.6725,0.9781,4.6944,NA,NA,4.7572,3207.2201,NA,NA,NA
python.exe,24084,0x0,Other,-1,0,0,Composed: Copy with GPU GDI,2026-8-20 19:20:58.016285100,1.5518,1.5518,0.0000,0.8716,0.7395,0.2350,0.5045,11.3669,11.1558,NA,3212.1206,NA,NA,NA
python.exe,24084,0x0,Other,-1,0,0,Composed: Copy with GPU GDI,2026-8-20 19:20:58.017836900,4.5055,4.5055,0.0000,0.0658,4.5544,0.1929,4.3615,20.9709,5.5134,-9.6040,3213.6724,NA,NA,NA
python.exe,24084,0x0,Other,-1,0,0,Composed: Copy with GPU GDI,2026-8-20 19:20:58.022342400,7.3257,7.3257,0.0000,0.1210,7.2935,0.1677,7.1258,NA,NA,-1.0079,3218.1779,NA,NA,NA
python.exe,24084,0x0,Other,-1,0,0,Composed: Copy with GPU GDI,2026-8-20 19:20:58.029668100,0.5131,0.5131,0.0000,0.0927,1.3215,1.0045,0.3170,14.6531,6.6171,NA,3225.5036,NA,NA,NA
python.exe,24084,0x0,Other,-1,0,0,Composed: Copy with GPU GDI,2026-8-20 19:20:58.030181200,4.8776,4.8776,0.0000,0.9042,4.0662,0.1908,3.8754,20.7571,6.0690,-6.1040,3226.0167,NA,NA,NA
python.exe,24084,0x0,Other,-1,0,0,Composed: Copy with GPU GDI,2026-8-20 19:20:58.035058800,5.9474,5.9474,0.0000,0.0962,5.9639,0.1799,5.7840,21.9485,3.9829,-1.1914,3230.8943,NA,NA,NA
python.exe,24084,0x0,Other,-1,0,0,Composed: Copy with GPU GDI,2026-8-20 19:20:58.041006200,4.9096,4.9096,0.0000,0.1164,5.6364,0.9492,4.6872,NA,NA,1.9645,3236.8417,NA,NA,NA
python.exe,24084,0x0,Other,-1,0,0,Composed: Copy with GPU GDI,2026-8-20 19:20:58.045915800,3.0870,3.0870,0.0000,0.8459,2.3280,0.1775,2.1505,15.0744,8.1625,NA,3241.7513,NA,NA,NA
python.exe,24084,0x0,Other,-1,0,0,Composed: Copy with GPU GDI,2026-8-20 19:20:58.049002800,4.0691,4.0691,0.0000,0.0910,4.0941,0.1841,3.9100,20.1499,6.0550,-5.0755,3244.8383,NA,NA,NA
python.exe,24084,0x0,Other,-1,0,0,Composed: Copy with GPU GDI,2026-8-20 19:20:58.053071900,7.1085,7.1085,0.0000,0.1196,7.1014,0.1790,6.9224,NA,NA,-1.9859,3248.9074,NA,NA,NA
python.exe,24084,0x0,Other,-1,0,0,Composed: Copy with GPU GDI,2026-8-20 19:20:58.060180400,1.9643,1.9643,0.0000,0.1160,2.7304,0.9737,1.7567,15.0273,6.0590,NA,3256.0159,NA,NA,NA
python.exe,24084,0x0,Other,-1,0,0,Composed: Copy with GPU GDI,2026-8-20 19:20:58.062144700,2.6290,2.6290,0.0000,0.8848,1.8126,0.1752,1.6374,19.1220,6.0734,-4.0947,3257.9802,NA,NA,NA
python.exe,24084,0x0,Other,-1,0,0,Composed: Copy with GPU GDI,2026-8-20 19:20:58.064773700,8.0224,8.0224,0.0000,0.0730,8.0496,0.1746,7.8750,22.5664,6.0667,-3.4444,3260.6092,NA,NA,NA
python.exe,24084,0x0,Other,-1,0,0,Composed: Copy with GPU GDI,2026-8-20 19:20:58.072796100,4.6908,4.6908,0.0000,0.1035,4.6437,0.1810,4.4627,NA,NA,1.9557,3268.6316,NA,NA,NA
python.exe,24084,0x0,Other,-1,0,0,Composed: Copy with GPU GDI,2026-8-20 19:20:58.077486900,0.8564,0.8564,0.0000,0.0604,1.6976,1.0079,0.6897,15.9199,6.0649,NA,3273.3224,NA,NA,NA
python.exe,24084,0x0,Other,-1,0,0,Composed: Copy with GPU GDI,2026-8-20 19:20:58.078343300,5.5051,5.5051,0.0000,0.9045,4.6788,0.1779,4.5009,21.1284,6.0642,-5.2085,3274.1788,NA,NA,NA
python.exe,24084,0x0,Other,-1,0,0,Composed: Copy with GPU GDI,2026-8-20 19:20:58.083848400,6.0100,6.0100,0.0000,0.0817,6.0399,0.1831,5.8568,21.6875,5.4586,-0.5591,3279.6839,NA,NA,NA
python.exe,24084,0x0,Other,-1,0,0,Composed: Copy with GPU GDI,2026-8-20 19:20:58.089858400,5.4527,5.4527,0.0000,0.1145,6.2207,0.9821,5.2386,NA,NA,0.5514,3285.6939,NA,NA,NA
python.exe,24084,0x0,Other,-1,0,0,Composed: Copy with GPU GDI,2026-8-20 19:20:58.095311100,1.0853,1.0853,0.0000,0.8864,0.3039,0.1945,0.1094,15.6834,6.6730,NA,3291.1466,NA,NA,NA
python.exe,24084,0x0,Other,-1,0,0,Composed: Copy with GPU GDI,2026-8-20 19:20:58.096396400,8.2536,8.2536,0.0000,0.1085,8.2358,0.1760,8.0598,21.2711,6.0721,-5.5877,3292.2319,NA,NA,NA
python.exe,24084,0x0,Other,-1,0,0,Composed: Copy with GPU GDI,2026-8-20 19:20:58.104650000,2.4056,2.4056,0.0000,0.0942,2.4073,0.1706,2.2367,19.0896,3.9112,2.1815,3300.4855,NA,NA,NA
python.exe,24084,0x0,Other,-1,0,0,Composed: Copy with GPU GDI,2026-8-20 19:20:58.107055600,8.9091,8.9091,0.0000,0.0995,8.8919,0.1693,8.7226,NA,NA,-1.5056,3302.8911,NA,NA,NA
python.exe,24084,0x0,Other,-1,0,0,Composed: Copy with GPU GDI,2026-8-20 19:20:58.115964700,0.2562,0.2562,0.0000,0.0861,1.0561,0.9897,0.0664,11.6861,8.2211,NA,3311.8002,NA,NA,NA
python.exe,24084,0x0,Other,-1,0,0,Composed: Copy with GPU GDI,2026-8-20 19:20:58.116220900,3.8369,3.8369,0.0000,0.8896,3.0340,0.1774,2.8566,19.6510,6.0649,-7.9649,3312.0564,NA,NA,NA
python.exe,24084,0x0,Other,-1,0,0,Composed: Copy with GPU GDI,2026-8-20 19:20:58.120057800,7.3698,7.3698,0.0000,0.0894,7.3813,0.1687,7.2126,NA,NA,-2.2280,3315.8933,NA,NA,NA
python.exe,24084,0x0,Other,-1,0,0,Composed: Copy with GPU GDI,2026-8-20 19:20:58.127427600,1.1525,1.1525,0.0000,0.1049,1.9777,1.0248,0.9529,14.5092,6.0643,NA,3323.2631,NA,NA,NA
python.exe,24084,0x0,Other,-1,0,0,Composed: Copy with GPU GDI,2026-8-20 19:20:58.128580100,2.7546,2.7546,0.0000,0.9336,1.8741,0.1888,1.6853,19.4210,6.0705,-4.9118,3324.4156,NA,NA,NA
python.exe,24084,0x0,Other,-1,0,0,Composed: Copy with GPU GDI,2026-8-20 19:20:58.131334700,7.1510,7.1510,0.0000,0.0576,7.1871,0.1702,7.0169,22.7369,6.0624,-3.3159,3327.1702,NA,NA,NA
python.exe,24084,0x0,Other,-1,0,0,Composed: Copy with GPU GDI,2026-8-20 19:20:58.138485700,5.9565,5.9565,0.0000,0.0969,5.9633,0.1887,5.7746,NA,NA,1.0886,3334.3212,NA,NA,NA
python.exe,24084,0x0,Other,-1,0,0,Composed: Copy with GPU GDI,2026-8-20 19:20:58.144442200,1.4389,1.4389,0.0000,0.1077,2.2491,1.0120,1.2371,15.6918,6.0746,NA,3340.2777,NA,NA,NA
python.exe,24084,0x0,Other,-1,0,0,Composed: Copy with GPU GDI,2026-8-20 19:20:58.145881100,5.1157,5.1157,0.0000,0.9213,4.2844,0.1832,4.1012,20.3275,6.0674,-4.6357,3341.7166,NA,NA,NA
python.exe,24084,0x0,Other,-1,0,0,Composed: Copy with GPU GDI,2026-8-20 19:20:58.150996800,4.5970,4.5970,0.0000,0.0937,4.5934,0.1692,4.4242,21.2792,5.3788,-0.9517,3346.8323,NA,NA,NA
python.exe,24084,0x0,Other,-1,0,0,Composed: Copy with GPU GDI,2026-8-20 19:20:58.155593800,7.0364,7.0364,0.0000,0.0942,7.0221,0.1725,6.8496,NA,NA,-0.7818,3351.4293,NA,NA,NA
python.exe,24084,0x0,Other,-1,0,0,Composed: Copy with GPU GDI,2026-8-20 19:20:58.162630200,1.4889,1.4889,0.0000,0.0846,2.3171,1.0211,1.2960,15.0246,6.7485,NA,3358.4657,NA,NA,NA
python.exe,24084,0x0,Other,-1,0,0,Composed: Copy with GPU GDI,2026-8-20 19:20:58.164119100,4.0075,4.0075,0.0000,0.9161,3.1863,0.1856,3.0007,20.2842,6.0726,-5.2596,3359.9546,NA,NA,NA
python.exe,24084,0x0,Other,-1,0,0,Composed: Copy with GPU GDI,2026-8-20 19:20:58.168126600,5.5948,5.5948,0.0000,0.0985,5.5968,0.1809,5.4159,22.3493,3.8587,-2.0651,3363.9621,NA,NA,NA
python.exe,24084,0x0,Other,-1,0,0,Composed: Copy with GPU GDI,2026-8-20 19:20:58.173721400,4.9069,4.9069,0.0000,0.1041,6.2642,1.6970,4.5672,NA,NA,1.7361,3369.5569,NA,NA,NA
python.exe,24084,0x0,Other,-1,0,0,Composed: Copy with GPU GDI,2026-8-20 19:20:58.178628300,5.1291,5.1291,0.0000,1.4645,3.7377,0.2126,3.5251,15.7063,8.2783,NA,3374.4638,NA,NA,NA
python.exe,24084,0x0,Other,-1,0,0,Composed: Copy with GPU GDI,2026-8-20 19:20:58.183757400,3.9080,3.9080,0.0000,0.0707,3.9020,0.1839,3.7181,18.8555,6.0625,-3.1492,3379.5929,NA,NA,NA
python.exe,24084,0x0,Other,-1,0,0,Composed: Copy with GPU GDI,2026-8-20 19:20:58.187665400,6.5708,6.5708,0.0000,0.0698,6.6240,0.2087,6.4153,NA,NA,-2.1545,3383.5009,NA,NA,NA
python.exe,24084,0x0,Other,-1,0,0,Composed: Copy with GPU GDI,2026-8-20 19:20:58.194236200,1.0207,1.0207,0.0000,0.1849,1.8056,1.0807,0.7249,14.4392,6.0594,NA,3390.0717,NA,NA,NA
python.exe,24084,0x0,Other,-1,0,0,Composed: Copy with GPU GDI,2026-8-20 19:20:58.195256900,3.7077,3.7077,0.0000,0.9731,3.0056,0.4481,2.5575,19.4779,6.0669,-5.0387,3391.0924,NA,NA,NA
python.exe,24084,0x0,Other,-1,0,0,Composed: Copy with GPU GDI,2026-8-20 19:20:58.198964600,8.3527,8.3527,0.0000,0.2750,8.1503,0.2257,7.9246,21.8371,6.0722,-2.3592,3394.8001,NA,NA,NA
python.exe,24084,0x0,Other,-1,0,0,Composed: Copy with GPU GDI,2026-8-20 19:20:58.207317300,3.8745,3.8745,0.0000,0.0777,3.8570,0.2109,3.6461,19.5566,0.7934,2.2805,3403.1528,NA,NA,NA
python.exe,24084,0x0,Other,-1,0,0,Composed: Copy with GPU GDI,2026-8-20 19:20:58.211191800,4.8810,4.8810,0.0000,0.0637,5.7785,1.0793,4.6992,NA,NA,3.0811,3407.0273,NA,NA,NA
python.exe,24084,0x0,Other,-1,0,0,Composed: Copy with GPU GDI,2026-8-20 19:20:58.216072800,1.7458,1.7458,0.0000,0.9641,0.8501,0.1949,0.6552,11.5945,11.3337,NA,3411.9083,NA,NA,NA
python.exe,24084,0x0,Other,-1,0,0,Composed: Copy with GPU GDI,2026-8-20 19:20:58.217818600,5.8658,5.8658,0.0000,0.0720,5.8856,0.1751,5.7105,21.1824,5.3170,-9.5879,3413.6541,NA,NA,NA
python.exe,24084,0x0,Other,-1,0,0,Composed: Copy with GPU GDI,2026-8-20 19:20:58.223684400,5.5422,5.5422,0.0000,6.5862,0.1528,0.1528,0.0000,NA,NA,0.5488,3419.5199,NA,NA,NA
python.exe,24084,0x0,Other,-1,0,0,Composed: Copy with GPU GDI,2026-8-20 19:20:58.229226600,0.4396,0.4396,0.0000,0.0000,6.4909,1.1665,5.3244,15.0914,6.8176,NA,3425.0621,NA,NA,NA
python.exe,24084,0x0,Other,-1,0,0,Composed: Copy with GPU GDI,2026-8-20 19:20:58.229666200,8.9769,8.9769,0.0000,0.7627,8.2985,0.1789,8.1196,21.4694,6.0675,-6.3780,3425.5017,NA,NA,NA
python.exe,24084,0x0,Other,-1,0,0,Composed: Copy with GPU GDI,2026-8-20 19:20:58.238643100,3.1188,3.1188,0.0000,0.0879,3.1381,0.1859,2.9522,18.5600,3.7788,2.9094,3434.4786,NA,NA,NA
python.exe,24084,0x0,Other,-1,0,0,Composed: Copy with GPU GDI,2026-8-20 19:20:58.241761900,4.3364,4.3364,0.0000,0.1105,5.1572,1.0540,4.1032,NA,NA,-0.6600,3437.5974,NA,NA,NA
python.exe,24084,0x0,Other,-1,0,0,Composed: Copy with GPU GDI,2026-8-20 19:20:58.246098300,3.4258,3.4258,0.0000,0.9344,2.5703,0.1818,2.3885,14.8836,8.3653,NA,3441.9338,NA,NA,NA
python.exe,24084,0x0,Other,-1,0,0,Composed: Copy with GPU GDI,2026-8-20 19:20:58.249524100,4.3763,4.3763,0.0000,0.0826,4.3886,0.1697,4.2189,19.8231,6.0727,-4.9395,3445.3596,NA,NA,NA
python.exe,24084,0x0,Other,-1,0,0,Composed: Copy with GPU GDI,2026-8-20 19:20:58.253900400,6.8752,6.8752,0.0000,0.0994,6.8538,0.1707,6.6831,21.5195,2.2361,-1.6964,3449.7359,NA,NA,NA
python.exe,24084,0x0,Other,-1,0,0,Composed: Copy with GPU GDI,2026-8-20 19:20:58.260775600,2.0714,2.0714,0.0000,0.0887,3.4373,1.5607,1.8766,NA,NA,4.6391,3456.6111,NA,NA,NA
python.exe,24084,0x0,Other,-1,0,0,Composed: Copy with GPU GDI,2026-8-20 19:20:58.262847000,3.3527,3.3527,0.0000,1.4581,1.9607,0.2183,1.7424,14.8090,9.8810,NA,3458.6825,NA,NA,NA
python.exe,24084,0x0,Other,-1,0,0,Composed: Copy with GPU GDI,2026-8-20 19:20:58.266199700,6.3797,6.3797,0.0000,0.0699,6.3989,0.1757,6.2232,21.3373,6.0684,-6.5283,3462.0352,NA,NA,NA
python.exe,24084,0x0,Other,-1,0,0,Composed: Copy with GPU GDI,2026-8-20 19:20:58.272579400,5.5312,5.5312,0.0000,0.0926,5.5293,0.1681,5.3612,21.0260,0.7280,0.3113,3468.4149,NA,NA,NA
python.exe,24084,0x0,Other,-1,0,0,Composed: Copy with GPU GDI,2026-8-20 19:20:58.278110600,5.5483,5.5483,0.0000,6.8722,0.1389,0.1389,0.0000,NA,NA,4.8032,3473.9461,NA,NA,NA
python.exe,24084,0x0,Other,-1,0,0,Composed: Copy with GPU GDI,2026-8-20 19:20:58.283658900,1.0848,1.0848,0.0000,0.0000,6.7775,1.4891,5.2884,10.6745,11.4069,NA,3479.4944,NA,NA,NA
python.exe,24084,0x0,Other,-1,0,0,Composed: Copy with GPU GDI,2026-8-20 19:20:58.284743700,4.4944,4.4944,0.0000,0.3812,4.2038,0.1751,4.0287,20.9966,5.2436,-10.3221,3480.5792,NA,NA,NA
python.exe,24084,0x0,Other,-1,0,0,Composed: Copy with GPU GDI,2026-8-20 19:20:58.289238100,6.8863,6.8863,0.0000,0.0938,6.8694,0.1694,6.7000,NA,NA,-0.7492,3485.0736,NA,NA,NA
python.exe,24084,0x0,Other,-1,0,0,Composed: Copy with GPU GDI,2026-8-20 19:20:58.296124400,0.6041,0.6041,0.0000,0.0817,1.4476,1.0407,0.4069,14.8595,6.8845,NA,3491.9599,NA,NA,NA
python.exe,24084,0x0,Other,-1,0,0,Composed: Copy with GPU GDI,2026-8-20 19:20:58.296728500,4.3130,4.3130,0.0000,0.9290,3.7712,0.5288,3.2424,21.1399,6.0715,-6.2804,3492.5640,NA,NA,NA
python.exe,24084,0x0,Other,-1,0,0,Composed: Copy with GPU GDI,2026-8-20 19:20:58.301041500,6.9900,6.9900,0.0000,0.3912,6.6841,0.1910,6.4931,22.8984,3.7185,-1.7585,3496.8770,NA,NA,NA
python.exe,24084,0x0,Other,-1,0,0,Composed: Copy with GPU GDI,2026-8-20 19:20:58.308031500,5.0646,5.0646,0.0000,0.0890,5.9045,1.0559,4.8486,NA,NA,3.2715,3503.8670,NA,NA,NA
python.exe,24084,0x0,Other,-1,0,0,Composed: Copy with GPU GDI,2026-8-20 19:20:58.313096100,3.0875,3.0875,0.0000,0.9328,2.2325,0.1843,2.0482,14.5623,8.4136,NA,3508.9316,NA,NA,NA
python.exe,24084,0x0,Other,-1,0,0,Composed: Copy with GPU GDI,2026-8-20 19:20:58.316183600,4.3895,4.3895,0.0000,0.0827,4.3827,0.1848,4.1979,19.8884,6.0664,-5.3261,3512.0191,NA,NA,NA
python.exe,24084,0x0,Other,-1,0,0,Composed: Copy with GPU GDI,2026-8-20 19:20:58.320573100,7.0828,7.0828,0.0000,0.0797,7.1175,0.2111,6.9064,NA,NA,-1.6769,3516.4086,NA,NA,NA
python.exe,24084,0x0,Other,-1,0,0,Composed: Copy with GPU GDI,2026-8-20 19:20:58.327655900,1.3492,1.3492,0.0000,0.1179,2.2226,1.1048,1.1178,14.4825,6.0598,NA,3523.4914,NA,NA,NA
python.exe,24084,0x0,Other,-1,0,0,Composed: Copy with GPU GDI,2026-8-20 19:20:58.329005100,3.5738,3.5738,0.0000,0.9947,2.6624,0.1854,2.4770,19.1931,6.0746,-4.7106,3524.8406,NA,NA,NA
python.exe,24084,0x0,Other,-1,0,0,Composed: Copy with GPU GDI,2026-8-20 19:20:58.332578900,6.6610,6.6610,0.0000,0.0869,6.6686,0.1708,6.4978,21.6939,6.0631,-2.5008,3528.4144,NA,NA,NA
python.exe,24084,0x0,Other,-1,0,0,Composed: Copy with GPU GDI,2026-8-20 19:20:58.339239900,4.4786,4.4786,0.0000,0.0982,4.4738,0.1713,4.3025,NA,NA,0.5979,3535.0754,NA,NA,NA
python.exe,24084,0x0,Other,-1,0,0,Composed: Copy with GPU GDI,2026-8-20 19:20:58.343718500,1.8956,1.8956,0.0000,0.0979,2.7471,1.0668,1.6803,16.6174,6.0659,NA,3539.5540,NA,NA,NA
python.exe,24084,0x0,Other,-1,0,0,Composed: Copy with GPU GDI,2026-8-20 19:20:58.345614100,4.6973,4.6973,0.0000,0.9523,3.8056,0.1741,3.6315,20.7877,6.0647,-4.1703,3541.4496,NA,NA,NA
python.exe,24084,0x0,Other,-1,0,0,Composed: Copy with GPU GDI,2026-8-20 19:20:58.350311400,5.6009,5.6009,0.0000,0.0645,5.6289,0.1867,5.4422,22.1551,5.1738,-1.3674,3546.1469,NA,NA,NA
python.exe,24084,0x0,Other,-1,0,0,Composed: Copy with GPU GDI,2026-8-20 19:20:58.355912300,6.6919,6.6919,0.0000,0.0970,6.8746,0.1814,6.6932,NA,NA,0.4271,3551.7478,NA,NA,NA
python.exe,24084,0x0,Other,-1,0,0,Composed: Copy with GPU GDI,2026-8-20 19:20:58.362604200,0.8327,0.8327,0.0000,0.2776,1.5104,1.0614,0.4490,15.0361,6.9674,NA,3558.4397,NA,NA,NA
python.exe,24084,0x0,Other,-1,0,0,Composed: Copy with GPU GDI,2026-8-20 19:20:58.363436900,5.0849,5.0849,0.0000,0.9586,4.4245,0.4141,4.0104,21.1708,6.0719,-6.1347,3559.2724,NA,NA,NA
python.exe,24084,0x0,Other,-1,0,0,Composed: Copy with GPU GDI,2026-8-20 19:20:58.368521800,6.4998,6.4998,0.0000,0.3022,6.2850,0.1841,6.1009,22.1578,3.6370,-0.9870,3564.3573,NA,NA,NA
python.exe,24084,0x0,Other,-1,0,0,Composed: Copy with GPU GDI,2026-8-20 19:20:58.375021600,7.8566,7.8566,0.0000,0.0910,7.8350,0.1862,7.6488,NA,NA,2.8628,3570.8571,NA,NA,NA
python.exe,24084,0x0,Other,-1,0,0,Composed: Copy with GPU GDI,2026-8-20 19:20:58.382878200,0.2073,0.2073,0.0000,0.0737,1.0618,1.0605,0.0013,11.4384,8.4948,NA,3578.7137,NA,NA,NA
python.exe,24084,0x0,Other,-1,0,0,Composed: Copy with GPU GDI,2026-8-20 19:20:58.383085500,4.4709,4.4709,0.0000,0.9319,3.6879,0.2580,3.4299,19.7259,6.0668,-8.2875,3578.9210,NA,NA,NA
python.exe,24084,0x0,Other,-1,0,0,Composed: Copy with GPU GDI,2026-8-20 19:20:58.387556400,6.4413,6.4413,0.0000,0.1526,6.4411,0.2504,6.1907,21.3218,2.1352,-1.5959,3583.3919,NA,NA,NA
python.exe,24084,0x0,Other,-1,0,0,Composed: Copy with GPU GDI,2026-8-20 19:20:58.393997700,1.5229,1.5229,0.0000,0.1553,3.7866,2.5291,1.2575,NA,NA,4.3061,3589.8332,NA,NA,NA
python.exe,24084,0x0,Other,-1,0,0,Composed: Copy with GPU GDI,2026-8-20 19:20:58.395520600,3.6068,3.6068,0.0000,2.4230,1.3368,0.2736,1.0632,15.4928,9.9908,NA,3591.3561,NA,NA,NA
python.exe,24084,0x0,Other,-1,0,0,Composed: Copy with GPU GDI,2026-8-20 19:20:58.399127400,5.9675,5.9675,0.0000,0.1570,5.9808,0.2501,5.7307,21.8768,6.0703,-6.3840,3594.9629,NA,NA,NA
python.exe,24084,0x0,Other,-1,0,0,Composed: Copy with GPU GDI,2026-8-20 19:20:58.405094900,6.3823,6.3823,0.0000,0.1730,6.3446,0.2471,6.0975,NA,NA,-0.1028,3600.9304,NA,NA,NA
python.exe,24084,0x0,Other,-1,0,0,Composed: Copy with GPU GDI,2026-8-20 19:20:58.411477200,0.8974,0.8974,0.0000,0.1400,2.3813,1.7709,0.6104,15.5973,6.0640,NA,3607.3127,NA,NA,NA
python.exe,24084,0x0,Other,-1,0,0,Composed: Copy with GPU GDI,2026-8-20 19:20:58.412374600,4.8871,4.8871,0.0000,1.6293,3.4032,0.2572,3.1460,20.7639,6.0713,-5.1666,3608.2101,NA,NA,NA
python.exe,24084,0x0,Other,-1,0,0,Composed: Copy with GPU GDI,2026-8-20 19:20:58.417261700,6.0402,6.0402,0.0000,0.1485,6.0662,0.2552,5.8110,21.9481,5.1143,-1.1842,3613.0972,NA,NA,NA
python.exe,24084,0x0,Other,-1,0,0,Composed: Copy with GPU GDI,2026-8-20 19:20:58.423301900,5.2092,5.2092,0.0000,0.1797,5.1838,0.2446,4.9392,NA,NA,0.9259,3619.1374,NA,NA,NA
python.exe,24084,0x0,Other,-1,0,0,Composed: Copy with GPU GDI,2026-8-20 19:20:58.428511100,0.5994,0.5994,0.0000,0.1577,2.1035,1.7682,0.3353,15.8130,7.0211,NA,3624.3466,NA,NA,NA
python.exe,24084,0x0,Other,-1,0,0,Composed: Copy with GPU GDI,2026-8-20 19:20:58.429110500,5.7858,5.7858,0.0000,1.6653,4.3861,0.3920,3.9941,22.2347,6.0609,-6.4217,3624.9460,NA,NA,NA
python.exe,24084,0x0,Other,-1,0,0,Composed: Copy with GPU GDI,2026-8-20 19:20:58.434896300,6.5564,6.5564,0.0000,0.2685,6.4398,0.2433,6.1965,22.5098,3.5796,-0.2751,3630.7318,NA,NA,NA
python.exe,24084,0x0,Other,-1,0,0,Composed: Copy with GPU GDI,2026-8-20 19:20:58.441452700,3.8530,3.8530,0.0000,0.1553,6.4541,2.8704,3.5837,NA,NA,2.9768,3637.2882,NA,NA,NA
python.exe,24084,0x0,Other,-1,0,0,Composed: Copy with GPU GDI,2026-8-20 19:20:58.445305700,4.3809,4.3809,0.0000,2.7607,1.7486,0.2620,1.4866,15.6800,8.5602,NA,3641.1412,NA,NA,NA
python.exe,24084,0x0,Other,-1,0,0,Composed: Copy with GPU GDI,2026-8-20 19:20:58.449686600,4.2822,4.2822,0.0000,0.1321,4.3227,0.2597,4.0630,19.8593,6.0640,-4.1793,3645.5221,NA,NA,NA
python.exe,24084,0x0,Other,-1,0,0,Composed: Copy with GPU GDI,2026-8-20 19:20:58.453968800,6.9194,6.9194,0.0000,0.1761,6.9368,0.2689,6.6679,21.6411,2.0425,-1.7818,3649.8043,NA,NA,NA
python.exe,24084,0x0,Other,-1,0,0,Composed: Copy with GPU GDI,2026-8-20 19:20:58.460888200,2.6296,2.6296,0.0000,5.0132,0.2554,0.2554,0.0000,NA,NA,4.8769,3656.7237,NA,NA,NA
python.exe,24084,0x0,Other,-1,0,0,Composed: Copy with GPU GDI,2026-8-20 19:20:58.463517800,1.5785,1.5785,0.0000,0.0000,4.8122,2.5030,2.3092,14.1346,10.0987,NA,3659.3533,NA,NA,NA
python.exe,24084,0x0,Other,-1,0,0,Composed: Copy with GPU GDI,2026-8-20 19:20:58.465096300,7.1423,7.1423,0.0000,1.0641,6.2421,0.2579,5.9842,22.6548,6.0522,-8.5202,3660.9318,NA,NA,NA
python.exe,24084,0x0,Other,-1,0,0,Composed: Copy with GPU GDI,2026-8-20 19:20:58.472238600,6.0717,6.0717,0.0000,0.1677,6.0436,0.2539,5.7897,NA,NA,1.0901,3668.0741,NA,NA,NA
python.exe,24084,0x0,Other,-1,0,0,Composed: Copy with GPU GDI,2026-8-20 19:20:58.478310300,0.7218,0.7218,0.0000,0.1457,2.1817,1.7260,0.4557,15.4930,6.0717,NA,3674.1458,NA,NA,NA
python.exe,24084,0x0,Other,-1,0,0,Composed: Copy with GPU GDI,2026-8-20 19:20:58.479032100,4.6278,4.6278,0.0000,1.6087,3.1858,0.2847,2.9011,20.8429,6.0616,-5.3499,3674.8676,NA,NA,NA
python.exe,24084,0x0,Other,-1,0,0,Composed: Copy with GPU GDI,2026-8-20 19:20:58.483659900,5.5386,5.5386,0.0000,0.1692,5.5307,0.2448,5.2859,22.2767,5.0509,-1.4338,3679.4954,NA,NA,NA
python.exe,24084,0x0,Other,-1,0,0,Composed: Copy with GPU GDI,2026-8-20 19:20:58.489198500,6.6237,6.6237,0.0000,0.1640,6.6145,0.2383,6.3762,NA,NA,0.4877,3685.0340,NA,NA,NA
python.exe,24084,0x0,Other,-1,0,0,Composed: Copy with GPU GDI,2026-8-20 19:20:58.495822200,0.5159,0.5159,0.0000,0.1590,2.0109,1.7635,0.2474,15.1653,7.0763,NA,3691.6577,NA,NA,NA
python.exe,24084,0x0,Other,-1,0,0,Composed: Copy with GPU GDI,2026-8-20 19:20:58.496338100,8.3633,8.3633,0.0000,1.6585,6.8659,0.2587,6.6072,21.7257,6.0793,-6.5604,3692.1736,NA,NA,NA
python.exe,24084,0x0,Other,-1,0,0,Composed: Copy with GPU GDI,2026-8-20 19:20:58.504701400,3.1878,3.1878,0.0000,0.1646,3.2217,0.2697,2.9520,19.4417,3.5105,2.2840,3700.5369,NA,NA,NA
python.exe,24084,0x0,Other,-1,0,0,Composed: Copy with GPU GDI,2026-8-20 19:20:58.507889200,7.2506,7.2506,0.0000,9.0742,0.2429,0.2429,0.0000,NA,NA,-0.3227,3703.7247,NA,NA,NA
python.exe,24084,0x0,Other,-1,0,0,Composed: Copy with GPU GDI,2026-8-20 19:20:58.515139800,1.2516,1.2516,0.0000,0.0000,8.8731,1.9454,6.9277,12.5138,8.6244,NA,3710.9753,NA,NA,NA
python.exe,24084,0x0,Other,-1,0,0,Composed: Copy with GPU GDI,2026-8-20 19:20:58.516391400,3.9559,3.9559,0.0000,0.8175,3.3307,0.2586,3.0721,19.8866,6.0600,-7.3728,3712.2269,NA,NA,NA
python.exe,24084,0x0,Other,-1,0,0,Composed: Copy with GPU GDI,2026-8-20 19:20:58.520347300,7.4609,7.4609,0.0000,0.1955,7.4176,0.2452,7.1724,21.9907,1.9756,-2.1041,3716.1828,NA,NA,NA
python.exe,24084,0x0,Other,-1,0,0,Composed: Copy with GPU GDI,2026-8-20 19:20:58.527808200,2.7847,2.7847,0.0000,5.4590,0.2434,0.2434,0.0000,NA,NA,5.4853,3723.6437,NA,NA,NA
python.exe,24084,0x0,Other,-1,0,0,Composed: Copy with GPU GDI,2026-8-20 19:20:58.530592900,1.3701,1.3701,0.0000,0.0000,5.3032,2.8026,2.5006,13.7207,10.1573,NA,3726.4284,NA,NA,NA
python.exe,24084,0x0,Other,-1,0,0,Composed: Copy with GPU GDI,2026-8-20 19:20:58.531963000,8.0360,8.0360,0.0000,1.5503,6.6764,0.2586,6.4178,22.5079,6.0685,-8.7872,3727.7985,NA,NA,NA
python.exe,24084,0x0,Other,-1,0,0,Composed: Copy with GPU GDI,2026-8-20 19:20:58.539999000,4.0104,4.0104,0.0000,0.1942,3.9867,0.2415,3.7452,NA,NA,1.9675,3735.8345,NA,NA,NA
python.exe,24084,0x0,Other,-1,0,0,Composed: Copy with GPU GDI,2026-8-20 19:20:58.544009400,1.3582,1.3582,0.0000,0.1743,2.8976,1.8099,1.0877,16.5300,6.0658,NA,3739.8449,NA,NA,NA
python.exe,24084,0x0,Other,-1,0,0,Composed: Copy with GPU GDI,2026-8-20 19:20:58.545367600,5.3163,5.3163,0.0000,1.7167,3.7471,0.2591,3.4880,21.2376,6.0694,-4.7076,3741.2031,NA,NA,NA
python.exe,24084,0x0,Other,-1,0,0,Composed: Copy with GPU GDI,2026-8-20 19:20:58.550683900,4.9942,4.9942,0.0000,0.1500,5.0147,0.2436,4.7711,21.9907,4.9844,-0.7531,3746.5194,NA,NA,NA
python.exe,24084,0x0,Other,-1,0,0,Composed: Copy with GPU GDI,2026-8-20 19:20:58.555678100,6.4051,6.4051,0.0000,8.3169,0.2438,0.2438,0.0000,NA,NA,0.0098,3751.5136,NA,NA,NA
python.exe,24084,0x0,Other,-1,0,0,Composed: Copy with GPU GDI,2026-8-20 19:20:58.562083200,0.5545,0.5545,0.0000,0.0000,8.1424,2.0129,6.1295,15.5758,7.1417,NA,3757.9187,NA,NA,NA
python.exe,24084,0x0,Other,-1,0,0,Composed: Copy with GPU GDI,2026-8-20 19:20:58.562637700,5.7742,5.7742,0.0000,1.6038,4.4615,0.3888,4.0727,22.1630,6.0714,-6.5872,3758.4732,NA,NA,NA
python.exe,24084,0x0,Other,-1,0,0,Composed: Copy with GPU GDI,2026-8-20 19:20:58.568411900,5.5655,5.5655,0.0000,0.2945,5.4436,0.2609,5.1827,22.4602,3.4504,-0.2972,3764.2474,NA,NA,NA
python.exe,24084,0x0,Other,-1,0,0,Composed: Copy with GPU GDI,2026-8-20 19:20:58.573977400,6.1104,6.1104,0.0000,0.1802,7.6294,1.8077,5.8217,NA,NA,2.1151,3769.8129,NA,NA,NA
python.exe,24084,0x0,Other,-1,0,0,Composed: Copy with GPU GDI,2026-8-20 19:20:58.580087800,3.1250,3.1250,0.0000,1.7033,1.5974,0.2666,1.3308,14.2347,8.6777,NA,3775.9233,NA,NA,NA
python.exe,24084,0x0,Other,-1,0,0,Composed: Copy with GPU GDI,2026-8-20 19:20:58.583212800,3.5387,3.5387,0.0000,0.1799,3.5559,0.2649,3.2910,19.7874,6.0762,-5.5527,3779.0483,NA,NA,NA
python.exe,24084,0x0,Other,-1,0,0,Composed: Copy with GPU GDI,2026-8-20 19:20:58.586751500,7.3801,7.3801,0.0000,0.2007,7.3937,0.2795,7.1142,22.3249,1.9125,-2.5375,3782.5870,NA,NA,NA
python.exe,24084,0x0,Other,-1,0,0,Composed: Copy with GPU GDI,2026-8-20 19:20:58.594131600,1.1451,1.1451,0.0000,0.2173,2.7483,1.9285,0.8198,NA,NA,5.4676,3789.9671,NA,NA,NA
python.exe,24084,0x0,Other,-1,0,0,Composed: Copy with GPU GDI,2026-8-20 19:20:58.595276700,4.2142,4.2142,0.0000,1.8252,2.4970,0.2685,2.2285,15.7122,10.2131,NA,3791.1122,NA,NA,NA
python.exe,24084,0x0,Other,-1,0,0,Composed: Copy with GPU GDI,2026-8-20 19:20:58.599490900,5.7655,5.7655,0.0000,0.1135,5.8396,0.2643,5.5753,21.7111,6.0655,-5.9989,3795.3264,NA,NA,NA
python.exe,24084,0x0,Other,-1,0,0,Composed: Copy with GPU GDI,2026-8-20 19:20:58.605256400,5.7252,5.7252,0.0000,0.1904,5.6968,0.2465,5.4503,NA,NA,-0.3000,3801.0919,NA,NA,NA
python.exe,24084,0x0,Other,-1,0,0,Composed: Copy with GPU GDI,2026-8-20 19:20:58.610981600,1.9826,1.9826,0.0000,0.1647,3.5772,1.8769,1.7003,16.2859,6.0698,NA,3806.8171,NA,NA,NA
python.exe,24084,0x0,Other,-1,0,0,Composed: Copy with GPU GDI,2026-8-20 19:20:58.612964200,4.5512,4.5512,0.0000,1.7635,2.9350,0.2446,2.6904,20.3731,6.0668,-4.0872,3808.7997,NA,NA,NA
python.exe,24084,0x0,Other,-1,0,0,Composed: Copy with GPU GDI,2026-8-20 19:20:58.617515400,6.0299,6.0299,0.0000,0.1507,6.0606,0.2493,5.8113,21.8887,4.9272,-1.5156,3813.3509,NA,NA,NA
python.exe,24084,0x0,Other,-1,0,0,Composed: Copy with GPU GDI,2026-8-20 19:20:58.623545300,5.1015,5.1015,0.0000,0.1848,5.0640,0.2437,4.8203,NA,NA,1.1027,3819.3808,NA,NA,NA
python.exe,24084,0x0,Other,-1,0,0,Composed: Copy with GPU GDI,2026-8-20 19:20:58.628646800,0.6221,0.6221,0.0000,0.1505,2.2607,1.8860,0.3747,15.6845,7.2065,NA,3824.4823,NA,NA,NA
python.exe,24084,0x0,Other,-1,0,0,Composed: Copy with GPU GDI,2026-8-20 19:20:58.629268900,5.4303,5.4303,0.0000,1.7927,3.8922,0.3536,3.5386,22.2689,6.0712,-6.5844,3825.1044,NA,NA,NA
python.exe,24084,0x0,Other,-1,0,0,Composed: Copy with GPU GDI,2026-8-20 19:20:58.634699200,7.0212,7.0212,0.0000,0.2567,6.9401,0.2598,6.6803,22.9098,3.3741,-0.6409,3830.5347,NA,NA,NA
python.exe,24084,0x0,Other,-1,0,0,Composed: Copy with GPU GDI,2026-8-20 19:20:58.641720400,4.7398,4.7398,0.0000,0.1799,6.4924,2.0517,4.4407,NA,NA,3.6471,3837.5559,NA,NA,NA
python.exe,24084,0x0,Other,-1,0,0,Composed: Copy with GPU GDI,2026-8-20 19:20:58.646460200,3.1677,3.1677,0.0000,1.9360,1.4452,0.2999,1.1453,14.5229,8.7551,NA,3842.2957,NA,NA,NA
python.exe,24084,0x0,Other,-1,0,0,Composed: Copy with GPU GDI,2026-8-20 19:20:58.649627900,4.2234,4.2234,0.0000,0.2164,4.1818,0.2810,3.9008,20.1103,6.0690,-5.5874,3845.4634,NA,NA,NA
python.exe,24084,0x0,Other,-1,0,0,Composed: Copy with GPU GDI,2026-8-20 19:20:58.653851300,8.0541,8.0541,0.0000,0.1789,8.0495,0.2428,7.8067,21.9559,1.8428,-1.8456,3849.6868,NA,NA,NA
python.exe,24084,0x0,Other,-1,0,0,Composed: Copy with GPU GDI,2026-8-20 19:20:58.661905400,0.5263,0.5263,0.0000,0.1778,2.9296,2.6771,0.2525,NA,NA,6.2113,3857.7409,NA,NA,NA
python.exe,24084,0x0,Other,-1,0,0,Composed: Copy with GPU GDI,2026-8-20 19:20:58.662431700,2.4655,2.4655,0.0000,2.5811,0.2512,0.2512,0.0000,15.2183,10.2908,NA,3858.2672,NA,NA,NA
python.exe,24084,0x0,Other,-1,0,0,Composed: Copy with GPU GDI,2026-8-20 19:20:58.664897200,7.9817,7.9817,0.0000,0.3696,7.8026,0.2584,7.5442,23.0436,6.0597,-7.8253,3860.7327,NA,NA,NA
python.exe,24084,0x0,Other,-1,0,0,Composed: Copy with GPU GDI,2026-8-20 19:20:58.672878900,4.1820,4.1820,0.0000,0.1934,4.1434,0.2437,3.8997,21.1216,0.3262,1.9220,3868.7144,NA,NA,NA
python.exe,24084,0x0,Other,-1,0,0,Composed: Copy with GPU GDI,2026-8-20 19:20:58.677060900,5.9150,5.9150,0.0000,7.9199,0.2435,0.2435,0.0000,NA,NA,3.8558,3872.8964,NA,NA,NA
python.exe,24084,0x0,Other,-1,0,0,Composed: Copy with GPU GDI,2026-8-20 19:20:58.682975900,0.3387,0.3387,0.0000,0.0000,7.7619,2.1459,5.6160,11.3508,11.8118,NA,3878.8114,NA,NA,NA
python.exe,24084,0x0,Other,-1,0,0,Composed: Copy with GPU GDI,2026-8-20 19:20:58.683314600,6.3662,6.3662,0.0000,1.9122,4.6383,0.2523,4.3860,22.8239,4.8480,-11.4731,3879.1501,NA,NA,NA
python.exe,24084,0x0,Other,-1,0,0,Composed: Copy with GPU GDI,2026-8-20 19:20:58.689680800,5.6054,5.6054,0.0000,7.5930,0.2559,0.2559,0.0000,NA,NA,1.5182,3885.5163,NA,NA,NA
python.exe,24084,0x0,Other,-1,0,0,Composed: Copy with GPU GDI,2026-8-20 19:20:58.695286200,0.4450,0.4450,0.0000,0.0000,7.4053,2.0962,5.3091,15.7003,7.2853,NA,3891.1217,NA,NA,NA
python.exe,24084,0x0,Other,-1,0,0,Composed: Copy with GPU GDI,2026-8-20 19:20:58.695731200,9.2381,9.2381,0.0000,1.8041,7.6200,0.2598,7.3602,22.5406,6.0590,-6.8403,3891.5667,NA,NA,NA
python.exe,24084,0x0,Other,-1,0,0,Composed: Copy with GPU GDI,2026-8-20 19:20:58.704969300,3.2532,3.2532,0.0000,0.1895,3.2506,0.2578,2.9928,19.3615,3.3219,3.1791,3900.8048,NA,NA,NA
python.exe,24084,0x0,Other,-1,0,0,Composed: Copy with GPU GDI,2026-8-20 19:20:58.708222500,4.9173,4.9173,0.0000,0.1901,6.7684,2.2925,4.4759,NA,NA,-0.0687,3904.0580,NA,NA,NA
python.exe,24084,0x0,Other,-1,0,0,Composed: Copy with GPU GDI,2026-8-20 19:20:58.713139800,2.9591,2.9591,0.0000,2.0447,1.0831,0.2649,0.8182,14.5129,8.8156,NA,3908.9753,NA,NA,NA
python.exe,24084,0x0,Other,-1,0,0,Composed: Copy with GPU GDI,2026-8-20 19:20:58.716098900,4.2376,4.2376,0.0000,0.1721,4.2569,0.2595,3.9974,20.3694,6.0683,-5.8565,3911.9344,NA,NA,NA
python.exe,24084,0x0,Other,-1,0,0,Composed: Copy with GPU GDI,2026-8-20 19:20:58.720336500,7.4849,7.4849,0.0000,0.1949,7.4602,0.2509,7.2093,22.2001,1.7787,-1.8307,3916.1720,NA,NA,NA
python.exe,24084,0x0,Other,-1,0,0,Composed: Copy with GPU GDI,2026-8-20 19:20:58.727821400,1.1634,1.1634,0.0000,0.1733,3.5506,2.6639,0.8867,NA,NA,5.7062,3923.6569,NA,NA,NA
python.exe,24084,0x0,Other,-1,0,0,Composed: Copy with GPU GDI,2026-8-20 19:20:58.728984800,2.9780,2.9780,0.0000,2.5640,0.5782,0.2596,0.3186,15.3305,10.3539,NA,3924.8203,NA,NA,NA
python.exe,24084,0x0,Other,-1,0,0,Composed: Copy with GPU GDI,2026-8-20 19:20:58.731962800,6.9133,6.9133,0.0000,0.1680,6.9485,0.2776,6.6709,22.7064,6.0689,-7.3759,3927.7983,NA,NA,NA
python.exe,24084,0x0,Other,-1,0,0,Composed: Copy with GPU GDI,2026-8-20 19:20:58.738876100,6.2434,6.2434,0.0000,0.2057,6.2169,0.2539,5.9630,NA,NA,0.8444,3934.7116,NA,NA,NA
python.exe,24084,0x0,Other,-1,0,0,Composed: Copy with GPU GDI,2026-8-20 19:20:58.745119500,0.6100,0.6100,0.0000,0.1834,2.2532,1.9245,0.3287,15.6186,6.0664,NA,3940.9550,NA,NA,NA
python.exe,24084,0x0,Other,-1,0,0,Composed: Copy with GPU GDI,2026-8-20 19:20:58.745729500,4.8227,4.8227,0.0000,1.8308,3.1443,0.2617,2.8826,21.0750,6.0687,-5.4564,3941.5650,NA,NA,NA
python.exe,24084,0x0,Other,-1,0,0,Composed: Copy with GPU GDI,2026-8-20 19:20:58.750552200,5.6911,5.6911,0.0000,0.1549,5.7136,0.2449,5.4687,22.3210,4.7836,-1.2460,3946.3877,NA,NA,NA
python.exe,24084,0x0,Other,-1,0,0,Composed: Copy with GPU GDI,2026-8-20 19:20:58.756243300,5.8795,5.8795,0.0000,7.9333,0.2447,0.2447,0.0000,NA,NA,0.9075,3952.0788,NA,NA,NA
python.exe,24084,0x0,Other,-1,0,0,Composed: Copy with GPU GDI,2026-8-20 19:20:58.762122800,1.0847,1.0847,0.0000,0.0000,7.7524,2.1495,5.6029,15.5340,7.3456,NA,3957.9583,NA,NA,NA
python.exe,24084,0x0,Other,-1,0,0,Composed: Copy with GPU GDI,2026-8-20 19:20:58.763207500,5.0267,5.0267,0.0000,1.2170,4.3274,0.5828,3.7446,21.7949,6.0646,-6.2609,3959.0430,NA,NA,NA
python.exe,24084,0x0,Other,-1,0,0,Composed: Copy with GPU GDI,2026-8-20 19:20:58.768234200,6.0882,6.0882,0.0000,0.5204,5.7477,0.2485,5.4992,22.8328,3.2525,-1.0379,3964.0697,NA,NA,NA
python.exe,24084,0x0,Other,-1,0,0,Composed: Copy with GPU GDI,2026-8-20 19:20:58.774322400,5.1534,5.1534,0.0000,0.1826,7.7027,2.8445,4.8582,NA,NA,2.8357,3970.1579,NA,NA,NA
python.exe,24084,0x0,Other,-1,0,0,Composed: Copy with GPU GDI,2026-8-20 19:20:58.779475800,3.2269,3.2269,0.0000,2.7350,0.6550,0.2698,0.3852,14.8437,8.8950,NA,3975.3113,NA,NA,NA
python.exe,24084,0x0,Other,-1,0,0,Composed: Copy with GPU GDI,2026-8-20 19:20:58.782702700,4.7470,4.7470,0.0000,0.1675,4.7697,0.2572,4.5125,20.5118,6.0601,-5.6681,3978.5382,NA,NA,NA
python.exe,24084,0x0,Other,-1,0,0,Composed: Copy with GPU GDI,2026-8-20 19:20:58.787449700,6.6716,6.6716,0.0000,0.1940,6.6662,0.2607,6.4055,NA,NA,-1.3131,3983.2852,NA,NA,NA
python.exe,24084,0x0,Other,-1,0,0,Composed: Copy with GPU GDI,2026-8-20 19:20:58.794121300,1.1763,1.1763,0.0000,0.1919,2.9159,2.0235,0.8924,15.1533,6.0576,NA,3989.9568,NA,NA,NA
python.exe,24084,0x0,Other,-1,0,0,Composed: Copy with GPU GDI,2026-8-20 19:20:58.795297600,3.4945,3.4945,0.0000,1.9341,1.7299,0.2586,1.4713,20.0346,6.0770,-4.8813,3991.1331,NA,NA,NA
python.exe,24084,0x0,Other,-1,0,0,Composed: Copy with GPU GDI,2026-8-20 19:20:58.798792100,6.8292,6.8292,0.0000,0.1735,6.8262,0.2611,6.5651,22.6171,6.0652,-2.5825,3994.6276,NA,NA,NA
python.exe,24084,0x0,Other,-1,0,0,Composed: Copy with GPU GDI,2026-8-20 19:20:58.805621300,5.5062,5.5062,0.0000,0.1751,5.5119,0.2450,5.2669,NA,NA,0.7640,4001.4568,NA,NA,NA
python.exe,24084,0x0,Other,-1,0,0,Composed: Copy with GPU GDI,2026-8-20 19:20:58.811127500,1.4181,1.4181,0.0000,0.1847,3.0764,1.9400,1.1364,16.3469,6.0664,NA,4006.9630,NA,NA,NA
python.exe,24084,0x0,Other,-1,0,0,Composed: Copy with GPU GDI,2026-8-20 19:20:58.812545600,4.5786,4.5786,0.0000,1.8463,2.8887,0.2607,2.6280,20.9952,6.0669,-4.6483,4008.3811,NA,NA,NA
python.exe,24084,0x0,Other,-1,0,0,Composed: Copy with GPU GDI,2026-8-20 19:20:58.817124200,6.0656,6.0656,0.0000,0.1602,6.0749,0.2482,5.8267,22.4835,4.7131,-1.4883,4012.9597,NA,NA,NA
python.exe,24084,0x0,Other,-1,0,0,Composed: Copy with GPU GDI,2026-8-20 19:20:58.823189800,5.5995,5.5995,0.0000,0.1738,5.5992,0.2449,5.3543,NA,NA,1.3525,4019.0253,NA,NA,NA
python.exe,24084,0x0,Other,-1,0,0,Composed: Copy with GPU GDI,2026-8-20 19:20:58.828789300,0.4998,0.4998,0.0000,0.1774,2.1784,1.9696,0.2088,15.5315,7.4133,NA,4024.6248,NA,NA,NA
python.exe,24084,0x0,Other,-1,0,0,Composed: Copy with GPU GDI,2026-8-20 19:20:58.829289100,5.5699,5.5699,0.0000,1.8597,4.3675,0.8295,3.5380,22.4450,6.0749,-6.9135,4025.1246,NA,NA,NA
python.exe,24084,0x0,Other,-1,0,0,Composed: Copy with GPU GDI,2026-8-20 19:20:58.834859000,6.3450,6.3450,0.0000,0.6603,5.8852,0.2725,5.6127,22.9500,3.1665,-0.5050,4030.6945,NA,NA,NA
python.exe,24084,0x0,Other,-1,0,0,Composed: Copy with GPU GDI,2026-8-20 19:20:58.841204000,5.2295,5.2295,0.0000,0.2032,7.2956,2.3913,4.9043,NA,NA,3.1785,4037.0395,NA,NA,NA
python.exe,24084,0x0,Other,-1,0,0,Composed: Copy with GPU GDI,2026-8-20 19:20:58.846433500,3.0277,3.0277,0.0000,2.2743,0.9295,0.2685,0.6610,14.5420,8.9589,NA,4042.2690,NA,NA,NA
python.exe,24084,0x0,Other,-1,0,0,Composed: Copy with GPU GDI,2026-8-20 19:20:58.849461200,4.7664,4.7664,0.0000,0.1805,4.7722,0.2721,4.5001,20.4732,6.0624,-5.9312,4045.2967,NA,NA,NA
python.exe,24084,0x0,Other,-1,0,0,Composed: Copy with GPU GDI,2026-8-20 19:20:58.854227600,6.4522,6.4522,0.0000,0.1905,6.4352,0.2465,6.1887,21.7692,1.6466,-1.2960,4050.0631,NA,NA,NA
python.exe,24084,0x0,Other,-1,0,0,Composed: Copy with GPU GDI,2026-8-20 19:20:58.860679800,1.4701,1.4701,0.0000,0.1775,3.2095,2.0147,1.1948,NA,NA,4.8056,4056.5153,NA,NA,NA
python.exe,24084,0x0,Other,-1,0,0,Composed: Copy with GPU GDI,2026-8-20 19:20:58.862149900,2.7113,2.7113,0.0000,1.9217,1.0685,0.3759,0.6926,15.4935,10.4970,NA,4057.9854,NA,NA,NA
python.exe,24084,0x0,Other,-1,0,0,Composed: Copy with GPU GDI,2026-8-20 19:20:58.864861200,7.0276,7.0276,0.0000,0.2822,6.9260,0.2564,6.6696,23.2792,6.0636,-7.7857,4060.6967,NA,NA,NA
python.exe,24084,0x0,Other,-1,0,0,Composed: Copy with GPU GDI,2026-8-20 19:20:58.871888800,5.1557,5.1557,0.0000,0.1833,5.1424,0.2372,4.9052,NA,NA,0.9640,4067.7243,NA,NA,NA
python.exe,24084,0x0,Other,-1,0,0,Composed: Copy with GPU GDI,2026-8-20 19:20:58.877044500,2.2576,2.2576,0.0000,0.1731,3.9495,1.9611,1.9884,17.1595,6.0652,NA,4072.8800,NA,NA,NA
python.exe,24084,0x0,Other,-1,0,0,Composed: Copy with GPU GDI,2026-8-20 19:20:58.879302100,3.6526,3.6526,0.0000,1.8688,2.2669,0.5783,1.6886,20.9671,6.0675,-3.8076,4075.1376,NA,NA,NA
python.exe,24084,0x0,Other,-1,0,0,Composed: Copy with GPU GDI,2026-8-20 19:20:58.882954700,6.1254,6.1254,0.0000,0.4862,5.8755,0.3291,5.5464,23.3820,4.6460,-2.4149,4078.7902,NA,NA,NA
python.exe,24084,0x0,Other,-1,0,0,Composed: Copy with GPU GDI,2026-8-20 19:20:58.889080100,6.0477,6.0477,0.0000,0.2404,6.0858,0.3723,5.7135,NA,NA,1.4794,4084.9156,NA,NA,NA
python.exe,24084,0x0,Other,-1,0,0,Composed: Copy with GPU GDI,2026-8-20 19:20:58.895127800,0.9167,0.9167,0.0000,0.2818,3.1301,2.5926,0.5375,15.8549,7.4839,NA,4090.9633,NA,NA,NA
python.exe,24084,0x0,Other,-1,0,0,Composed: Copy with GPU GDI,2026-8-20 19:20:58.896044500,5.3009,5.3009,0.0000,2.4992,3.4146,0.7283,2.6863,22.4221,6.0734,-6.5672,4091.8800,NA,NA,NA
python.exe,24084,0x0,Other,-1,0,0,Composed: Copy with GPU GDI,2026-8-20 19:20:58.901345400,5.9207,5.9207,0.0000,0.6153,5.4555,0.2613,5.1942,23.1946,6.0919,-0.7725,4097.1809,NA,NA,NA
python.exe,24084,0x0,Other,-1,0,0,Composed: Copy with GPU GDI,2026-8-20 19:20:58.907266100,9.0894,9.0894,0.0000,0.1553,9.0667,0.2651,8.8016,23.3658,6.0374,-0.1712,4103.1016,NA,NA,NA
python.exe,24084,0x0,Other,-1,0,0,Composed: Copy with GPU GDI,2026-8-20 19:20:58.916355500,0.4629,0.4629,0.0000,0.1373,2.1859,1.9683,0.2176,NA,NA,3.0520,4112.1910,NA,NA,NA
python.exe,24084,0x0,Other,-1,0,0,Composed: Copy with GPU GDI,2026-8-20 19:20:58.916818400,4.3726,4.3726,0.0000,1.8652,2.6421,0.2670,2.3751,19.8509,6.0635,NA,4112.6539,NA,NA,NA
python.exe,24084,0x0,Other,-1,0,0,Composed: Copy with GPU GDI,2026-8-20 19:20:58.921191000,6.9035,6.9035,0.0000,0.1375,6.9466,0.2530,6.6936,NA,NA,-1.6909,4117.0265,NA,NA,NA
python.exe,24084,0x0,Other,-1,0,0,Composed: Copy with GPU GDI,2026-8-20 19:20:58.928094500,0.5930,0.5930,0.0000,0.1841,2.3422,2.0256,0.3166,14.6383,6.0728,NA,4123.9300,NA,NA,NA
python.exe,24084,0x0,Other,-1,0,0,Composed: Copy with GPU GDI,2026-8-20 19:20:58.928687500,3.6514,3.6514,0.0000,1.9371,2.3196,0.7538,1.5658,20.1181,12.1617,-5.4798,4124.5230,NA,NA,NA
python.exe,24084,0x0,Other,-1,0,0,Composed: Copy with GPU GDI,2026-8-20 19:20:58.932338900,20.9960,20.9960,0.0000,0.6101,20.5220,0.2572,20.2648,NA,NA,NA,NA,NA,NA,NA
python.exe,24084,0x0,Other,-1,0,0,Composed: Copy with GPU GDI,2026-8-20 19:20:58.953334900,0.3361,0.3361,0.0000,0.1399,0.2624,0.1270,0.1354,7.6324,12.0994,12.4857,4149.1704,NA,NA,NA
python.exe,24084,0x0,Other,-1,0,0,Composed: Copy with GPU GDI,2026-8-20 19:20:58.953671000,1.2046,1.2046,0.0000,4.2170,0.2625,0.2625,0.0000,NA,NA,-11.7633,4149.5065,NA,NA,NA
python.exe,24084,0x0,Other,-1,0,0,Composed: Copy with GPU GDI,2026-8-20 19:20:58.954875600,1.5841,1.5841,0.0000,0.0000,4.1468,3.1378,1.0090,18.1911,4.5847,NA,4150.7111,NA,NA,NA
python.exe,24084,0x0,Other,-1,0,0,Composed: Copy with GPU GDI,2026-8-20 19:20:58.956459700,5.5931,5.5931,0.0000,1.6940,4.1014,0.2822,3.8192,NA,NA,-3.0006,4152.2952,NA,NA,NA
python.exe,24084,0x0,Other,-1,0,0,Composed: Copy with GPU GDI,2026-8-20 19:20:58.962052800,0.6555,0.6555,0.0000,0.2057,2.7556,2.4072,0.3484,15.5986,7.5460,NA,4157.8883,NA,NA,NA
python.exe,24084,0x0,Other,-1,0,0,Composed: Copy with GPU GDI,2026-8-20 19:20:58.962708300,9.0917,9.0917,0.0000,2.3091,6.9304,0.2625,6.6679,22.4891,6.0761,-6.8905,4158.5438,NA,NA,NA
python.exe,24084,0x0,Other,-1,0,0,Composed: Copy with GPU GDI,2026-8-20 19:20:58.971800000,3.3016,3.3016,0.0000,0.1521,3.3293,0.2558,3.0735,19.4735,3.0432,3.0156,4167.6355,NA,NA,NA
python.exe,24084,0x0,Other,-1,0,0,Composed: Copy with GPU GDI,2026-8-20 19:20:58.975101600,4.9205,4.9205,0.0000,0.1830,6.8753,2.2714,4.6039,NA,NA,0.2584,4170.9371,NA,NA,NA
python.exe,24084,0x0,Other,-1,0,0,Composed: Copy with GPU GDI,2026-8-20 19:20:58.980022100,3.2041,3.2041,0.0000,2.1415,1.2223,0.2600,0.9623,14.2946,9.0810,NA,4175.8576,NA,NA,NA
python.exe,24084,0x0,Other,-1,0,0,Composed: Copy with GPU GDI,2026-8-20 19:20:58.983226200,3.0957,3.0957,0.0000,0.1634,3.5248,0.7078,2.8170,20.1715,6.0659,-5.8769,4179.0617,NA,NA,NA
python.exe,24084,0x0,Other,-1,0,0,Composed: Copy with GPU GDI,2026-8-20 19:20:58.986321900,9.0899,9.0899,0.0000,0.5953,8.7446,0.3830,8.3616,23.1417,1.5106,-2.9702,4182.1574,NA,NA,NA
python.exe,24084,0x0,Other,-1,0,0,Composed: Copy with GPU GDI,2026-8-20 19:20:58.995411800,0.6882,0.6882,0.0000,0.2544,2.9783,2.6625,0.3158,NA,NA,7.5793,4191.2473,NA,NA,NA
python.exe,24084,0x0,Other,-1,0,0,Composed: Copy with GPU GDI,2026-8-20 19:20:58.996100000,2.4738,2.4738,0.0000,2.5445,0.2105,0.2105,0.0000,14.8742,10.6256,NA,4191.9355,NA,NA,NA
python.exe,24084,0x0,Other,-1,0,0,Composed: Copy with GPU GDI,2026-8-20 19:20:58.998573800,7.3403,7.3403,0.0000,0.2833,7.4254,0.4434,6.9820,23.0260,6.1872,-8.1518,4194.4093,NA,NA,NA
python.exe,24084,0x0,Other,-1,0,0,Composed: Copy with GPU GDI,2026-8-20 19:20:59.005914100,4.6692,4.6692,0.0000,0.3720,4.5090,0.2998,4.2092,NA,NA,1.1531,4201.7496,NA,NA,NA
python.exe,24084,0x0,Other,-1,0,0,Composed: Copy with GPU GDI,2026-8-20 19:20:59.010583300,2.5912,2.5912,0.0000,0.2152,4.1791,1.9824,2.1967,17.2037,5.9460,NA,4206.4188,NA,NA,NA
python.exe,24084,0x0,Other,-1,0,0,Composed: Copy with GPU GDI,2026-8-20 19:20:59.013174500,4.8480,4.8480,0.0000,1.8072,3.1570,0.2190,2.9380,20.5585,6.0712,-3.3548,4209.0100,NA,NA,NA
python.exe,24084,0x0,Other,-1,0,0,Composed: Copy with GPU GDI,2026-8-20 19:20:59.018022500,5.5602,5.5602,0.0000,0.1189,5.6135,0.2536,5.3599,21.7817,4.5141,-1.2232,4213.8580,NA,NA,NA
python.exe,24084,0x0,Other,-1,0,0,Composed: Copy with GPU GDI,2026-8-20 19:20:59.023582700,5.8377,5.8377,0.0000,8.2246,0.2133,0.2133,0.0000,NA,NA,1.0461,4219.4182,NA,NA,NA
python.exe,24084,0x0,Other,-1,0,0,Composed: Copy with GPU GDI,2026-8-20 19:20:59.029420400,0.3986,0.3986,0.0000,0.0000,8.0498,2.5884,5.4614,14.8979,7.6160,NA,4225.2559,NA,NA,NA
python.exe,24084,0x0,Other,-1,0,0,Composed: Copy with GPU GDI,2026-8-20 19:20:59.029819000,5.3441,5.3441,0.0000,2.2050,3.6600,0.6123,3.0477,22.1153,6.0634,-7.2174,4225.6545,NA,NA,NA
python.exe,24084,0x0,Other,-1,0,0,Composed: Copy with GPU GDI,2026-8-20 19:20:59.035163100,6.2389,6.2389,0.0000,0.5230,6.0477,0.4985,5.5492,22.8346,2.9818,-0.7193,4230.9986,NA,NA,NA
python.exe,24084,0x0,Other,-1,0,0,Composed: Copy with GPU GDI,2026-8-20 19:20:59.041402000,4.7059,4.7059,0.0000,0.3348,7.1803,3.1633,4.0170,NA,NA,3.2571,4237.2375,NA,NA,NA
python.exe,24084,0x0,Other,-1,0,0,Composed: Copy with GPU GDI,2026-8-20 19:20:59.046107900,3.9346,3.9346,0.0000,2.8125,1.4239,0.4074,1.0165,14.8716,9.1535,NA,4241.9434,NA,NA,NA
python.exe,24084,0x0,Other,-1,0,0,Composed: Copy with GPU GDI,2026-8-20 19:20:59.050042500,3.2622,3.2622,0.0000,0.3055,3.2964,0.4495,2.8469,20.0905,6.0667,-5.2189,4245.8780,NA,NA,NA
python.exe,24084,0x0,Other,-1,0,0,Composed: Copy with GPU GDI,2026-8-20 19:20:59.053304700,7.9994,7.9994,0.0000,0.3430,7.9656,0.3872,7.5784,NA,NA,-2.8045,4249.1402,NA,NA,NA
python.exe,24084,0x0,Other,-1,0,0,Composed: Copy with GPU GDI,2026-8-20 19:20:59.061304100,0.9524,0.9524,0.0000,0.3146,2.4602,1.9331,0.5271,14.8956,6.0688,NA,4257.1396,NA,NA,NA
python.exe,24084,0x0,Other,-1,0,0,Composed: Copy with GPU GDI,2026-8-20 19:20:59.062256500,3.7756,3.7756,0.0000,1.8255,2.0802,0.2665,1.8137,20.0120,6.0658,-5.1164,4258.0920,NA,NA,NA
python.exe,24084,0x0,Other,-1,0,0,Composed: Copy with GPU GDI,2026-8-20 19:20:59.066032100,6.3871,6.3871,0.0000,0.1339,6.7986,0.6378,6.1608,22.3022,5.9710,-2.2902,4261.8676,NA,NA,NA
python.exe,24084,0x0,Other,-1,0,0,Composed: Copy with GPU GDI,2026-8-20 19:20:59.072419200,5.0124,5.0124,0.0000,0.5497,4.6772,0.3363,4.3409,NA,NA,0.4161,4268.2547,NA,NA,NA
python.exe,24084,0x0,Other,-1,0,0,Composed: Copy with GPU GDI,2026-8-20 19:20:59.077431600,1.7900,1.7900,0.0000,0.2172,3.5286,2.0756,1.4530,16.8737,6.1577,NA,4273.2671,NA,NA,NA
python.exe,24084,0x0,Other,-1,0,0,Composed: Copy with GPU GDI,2026-8-20 19:20:59.079221600,4.2088,4.2088,0.0000,1.9588,2.5568,0.4617,2.0951,21.2414,6.0647,-4.3677,4275.0571,NA,NA,NA
python.exe,24084,0x0,Other,-1,0,0,Composed: Copy with GPU GDI,2026-8-20 19:20:59.083430400,6.9412,6.9412,0.0000,0.3092,6.7976,0.2493,6.5483,23.0973,4.4584,-1.8559,4279.2659,NA,NA,NA
python.exe,24084,0x0,Other,-1,0,0,Composed: Copy with GPU GDI,2026-8-20 19:20:59.090371600,4.4779,4.4779,0.0000,7.5207,0.2605,0.2605,0.0000,NA,NA,2.4828,4286.2071,NA,NA,NA
python.exe,24084,0x0,Other,-1,0,0,Composed: Copy with GPU GDI,2026-8-20 19:20:59.094849500,0.4815,0.4815,0.0000,0.0000,7.3521,3.2182,4.1339,16.1366,7.6841,NA,4290.6850,NA,NA,NA
python.exe,24084,0x0,Other,-1,0,0,Composed: Copy with GPU GDI,2026-8-20 19:20:59.095331000,9.6867,9.6867,0.0000,2.8259,7.1599,0.3721,6.7878,23.3392,6.0624,-7.2026,4291.1665,NA,NA,NA
python.exe,24084,0x0,Other,-1,0,0,Composed: Copy with GPU GDI,2026-8-20 19:20:59.105017700,2.6231,2.6231,0.0000,0.3022,2.4726,0.2476,2.2250,19.7149,2.9176,3.6243,4300.8532,NA,NA,NA
python.exe,24084,0x0,Other,-1,0,0,Composed: Copy with GPU GDI,2026-8-20 19:20:59.107640800,4.9174,4.9174,0.0000,0.1541,8.2136,3.5688,4.6448,NA,NA,-0.2945,4303.4763,NA,NA,NA
python.exe,24084,0x0,Other,-1,0,0,Composed: Copy with GPU GDI,2026-8-20 19:20:59.112558200,4.0770,4.0770,0.0000,3.4535,0.7833,0.2679,0.5154,15.0920,9.2209,NA,4308.3937,NA,NA,NA
python.exe,24084,0x0,Other,-1,0,0,Composed: Copy with GPU GDI,2026-8-20 19:20:59.116635200,4.0048,4.0048,0.0000,0.1624,4.0731,0.3014,3.7717,20.2359,6.0603,-5.1439,4312.4707,NA,NA,NA
python.exe,24084,0x0,Other,-1,0,0,Composed: Copy with GPU GDI,2026-8-20 19:20:59.120640000,7.2181,7.2181,0.0000,0.2334,7.2678,0.3731,6.8947,22.2914,1.3737,-2.0555,4316.4755,NA,NA,NA
python.exe,24084,0x0,Other,-1,0,0,Composed: Copy with GPU GDI,2026-8-20 19:20:59.127858100,1.8586,1.8586,0.0000,4.6364,0.2678,0.2678,0.0000,NA,NA,5.8444,4323.6936,NA,NA,NA
python.exe,24084,0x0,Other,-1,0,0,Composed: Copy with GPU GDI,2026-8-20 19:20:59.129716700,1.8245,1.8245,0.0000,0.0000,4.3500,2.8741,1.4759,14.5884,10.7589,NA,4325.5522,NA,NA,NA
python.exe,24084,0x0,Other,-1,0,0,Composed: Copy with GPU GDI,2026-8-20 19:20:59.131541200,8.4640,8.4640,0.0000,1.2236,7.5299,0.3778,7.1521,23.5228,5.9181,-8.9344,4327.3767,NA,NA,NA
python.exe,24084,0x0,Other,-1,0,0,Composed: Copy with GPU GDI,2026-8-20 19:20:59.140005200,5.0079,5.0079,0.0000,0.2923,4.8889,0.2572,4.6317,NA,NA,2.5459,4335.8407,NA,NA,NA
python.exe,24084,0x0,Other,-1,0,0,Composed: Copy with GPU GDI,2026-8-20 19:20:59.145013100,0.5535,0.5535,0.0000,0.1768,2.2766,2.0079,0.2687,15.9690,6.2134,NA,4340.8486,NA,NA,NA
python.exe,24084,0x0,Other,-1,0,0,Composed: Copy with GPU GDI,2026-8-20 19:20:59.145566600,4.4784,4.4784,0.0000,1.9040,2.7916,0.3322,2.4594,21.6289,6.0649,-5.6599,4341.4021,NA,NA,NA
python.exe,24084,0x0,Other,-1,0,0,Composed: Copy with GPU GDI,2026-8-20 19:20:59.150045000,6.6504,6.6504,0.0000,0.2190,7.0620,0.7247,6.3373,23.2154,4.3804,-1.5865,4345.8805,NA,NA,NA
python.exe,24084,0x0,Other,-1,0,0,Composed: Copy with GPU GDI,2026-8-20 19:20:59.156695400,6.5184,6.5184,0.0000,0.6325,6.0592,0.2599,5.7993,NA,NA,2.2700,4352.5309,NA,NA,NA
python.exe,24084,0x0,Other,-1,0,0,Composed: Copy with GPU GDI,2026-8-20 19:20:59.163213800,0.5971,0.5971,0.0000,0.1758,2.2778,1.9660,0.3118,14.4270,7.7432,NA,4359.0493,NA,NA,NA
python.exe,24084,0x0,Other,-1,0,0,Composed: Copy with GPU GDI,2026-8-20 19:20:59.163810900,4.6380,4.6380,0.0000,1.8607,3.6630,1.0596,2.6034,21.5731,6.0877,-7.1461,4359.6464,NA,NA,NA
python.exe,24084,0x0,Other,-1,0,0,Composed: Copy with GPU GDI,2026-8-20 19:20:59.168448900,6.7374,6.7374,0.0000,0.8889,6.0360,0.2619,5.7741,23.0228,6.0794,-1.4497,4364.2844,NA,NA,NA
python.exe,24084,0x0,Other,-1,0,0,Composed: Copy with GPU GDI,2026-8-20 19:20:59.175186300,8.2989,8.2989,0.0000,0.1917,8.4651,0.4506,8.0145,22.3648,6.0444,0.6580,4371.0218,NA,NA,NA
python.exe,24084,0x0,Other,-1,0,0,Composed: Copy with GPU GDI,2026-8-20 19:20:59.183485200,0.1440,0.1440,0.0000,0.3579,1.9308,1.9308,0.0000,NA,NA,2.2545,4379.3207,NA,NA,NA
python.exe,24084,0x0,Other,-1,0,0,Composed: Copy with GPU GDI,2026-8-20 19:20:59.183629200,4.0550,4.0550,0.0000,2.1506,2.0619,0.2547,1.8072,19.9663,6.0752,NA,4379.4647,NA,NA,NA
python.exe,24084,0x0,Other,-1,0,0,Composed: Copy with GPU GDI,2026-8-20 19:20:59.187684200,6.9677,6.9677,0.0000,0.1604,7.0945,0.3761,6.7184,NA,NA,-2.0202,4383.5197,NA,NA,NA
python.exe,24084,0x0,Other,-1,0,0,Composed: Copy with GPU GDI,2026-8-20 19:20:59.194651900,0.6619,0.6619,0.0000,0.2914,2.2599,1.9896,0.2703,15.0188,6.0650,NA,4390.4874,NA,NA,NA
python.exe,24084,0x0,Other,-1,0,0,Composed: Copy with GPU GDI,2026-8-20 19:20:59.195313800,3.7275,3.7275,0.0000,1.8928,2.6809,1.0139,1.6670,20.4219,6.0610,-5.4031,4391.1493,NA,NA,NA
python.exe,24084,0x0,Other,-1,0,0,Composed: Copy with GPU GDI,2026-8-20 19:20:59.199041300,6.9817,6.9817,0.0000,0.8488,6.2652,0.2468,6.0184,22.7554,6.0613,-2.3335,4394.8768,NA,NA,NA
python.exe,24084,0x0,Other,-1,0,0,Composed: Copy with GPU GDI,2026-8-20 19:20:59.206023000,4.6831,4.6831,0.0000,0.1365,4.9559,0.5284,4.4275,NA,NA,0.9204,4401.8585,NA,NA,NA
python.exe,24084,0x0,Other,-1,0,0,Composed: Copy with GPU GDI,2026-8-20 19:20:59.210706100,2.1445,2.1445,0.0000,0.4119,3.7044,2.0903,1.6141,17.1519,6.0745,NA,4406.5416,NA,NA,NA
python.exe,24084,0x0,Other,-1,0,0,Composed: Copy with GPU GDI,2026-8-20 19:20:59.212850600,4.2452,4.2452,0.0000,1.9759,2.6833,0.5488,2.1345,21.0819,6.0675,-3.9300,4408.6861,NA,NA,NA
python.exe,24084,0x0,Other,-1,0,0,Composed: Copy with GPU GDI,2026-8-20 19:20:59.217095800,5.5271,5.5271,0.0000,0.4171,5.6202,0.6144,5.0058,22.9042,4.3129,-1.8223,4412.9313,NA,NA,NA
python.exe,24084,0x0,Other,-1,0,0,Composed: Copy with GPU GDI,2026-8-20 19:20:59.222622900,6.1124,6.1124,0.0000,0.5132,5.9983,0.4701,5.5282,NA,NA,1.2142,4418.4584,NA,NA,NA
python.exe,24084,0x0,Other,-1,0,0,Composed: Copy with GPU GDI,2026-8-20 19:20:59.228735300,0.5582,0.5582,0.0000,0.4009,2.2417,2.1928,0.0489,15.5776,7.8153,NA,4424.5708,NA,NA,NA
python.exe,24084,0x0,Other,-1,0,0,Composed: Copy with GPU GDI,2026-8-20 19:20:59.229293500,5.8767,5.8767,0.0000,2.0884,4.0397,0.3773,3.6624,22.8347,6.0828,-7.2571,4425.1290,NA,NA,NA
python.exe,24084,0x0,Other,-1,0,0,Composed: Copy with GPU GDI,2026-8-20 19:20:59.235170200,6.4753,6.4753,0.0000,0.2545,6.3904,0.2554,6.1350,23.0408,2.7573,-0.2061,4431.0057,NA,NA,NA
python.exe,24084,0x0,Other,-1,0,0,Composed: Copy with GPU GDI,2026-8-20 19:20:59.241645500,3.9451,3.9451,0.0000,0.1726,6.8883,3.2217,3.6666,NA,NA,3.7180,4437.4810,NA,NA,NA
python.exe,24084,0x0,Other,-1,0,0,Composed: Copy with GPU GDI,2026-8-20 19:20:59.245590600,3.8945,3.8945,0.0000,3.1190,1.0555,0.3726,0.6829,15.3777,9.3566,NA,4441.4261,NA,NA,NA
python.exe,24084,0x0,Other,-1,0,0,Composed: Copy with GPU GDI,2026-8-20 19:20:59.249485100,4.4035,4.4035,0.0000,0.2835,4.3066,0.2589,4.0477,20.8398,6.0757,-5.4621,4445.3206,NA,NA,NA
python.exe,24084,0x0,Other,-1,0,0,Composed: Copy with GPU GDI,2026-8-20 19:20:59.253888600,7.0130,7.0130,0.0000,0.1897,7.1393,0.3893,6.7500,22.5120,1.2366,-1.6722,4449.7241,NA,NA,NA
python.exe,24084,0x0,Other,-1,0,0,Composed: Copy with GPU GDI,2026-8-20 19:20:59.260901600,1.5789,1.5789,0.0000,0.3188,3.2424,2.0750,1.1674,NA,NA,5.7764,4456.7371,NA,NA,NA
python.exe,24084,0x0,Other,-1,0,0,Composed: Copy with GPU GDI,2026-8-20 19:20:59.262480500,3.8130,3.8130,0.0000,1.9869,1.9902,0.2578,1.7324,15.1567,10.9001,NA,4458.3160,NA,NA,NA
python.exe,24084,0x0,Other,-1,0,0,Composed: Copy with GPU GDI,2026-8-20 19:20:59.266293500,7.0141,7.0141,0.0000,0.1668,7.1506,0.3769,6.7737,22.2438,5.7776,-7.0871,4462.1290,NA,NA,NA
python.exe,24084,0x0,Other,-1,0,0,Composed: Copy with GPU GDI,2026-8-20 19:20:59.273307600,4.5679,4.5679,0.0000,0.3063,4.6612,0.4772,4.1840,NA,NA,1.2365,4469.1431,NA,NA,NA
python.exe,24084,0x0,Other,-1,0,0,Composed: Copy with GPU GDI,2026-8-20 19:20:59.277875500,1.3776,1.3776,0.0000,0.4021,2.9263,2.0463,0.8800,16.4394,6.3477,NA,4473.7110,NA,NA,NA
python.exe,24084,0x0,Other,-1,0,0,Composed: Copy with GPU GDI,2026-8-20 19:20:59.279253100,4.7650,4.7650,0.0000,1.9544,2.9261,0.2752,2.6509,21.4095,6.0695,-4.9701,4475.0886,NA,NA,NA
python.exe,24084,0x0,Other,-1,0,0,Composed: Copy with GPU GDI,2026-8-20 19:20:59.284018100,5.9986,5.9986,0.0000,0.1182,6.1454,0.3389,5.8065,22.7140,4.2502,-1.3045,4479.8536,NA,NA,NA
python.exe,24084,0x0,Other,-1,0,0,Composed: Copy with GPU GDI,2026-8-20 19:20:59.290016700,5.7973,5.7973,0.0000,7.7074,0.2273,0.2273,0.0000,NA,NA,1.7484,4485.8522,NA,NA,NA
python.exe,24084,0x0,Other,-1,0,0,Composed: Copy with GPU GDI,2026-8-20 19:20:59.295814000,0.3999,0.3999,0.0000,0.0000,7.4406,2.1256,5.3150,15.1683,7.9095,NA,4491.6495,NA,NA,NA
python.exe,24084,0x0,Other,-1,0,0,Composed: Copy with GPU GDI,2026-8-20 19:20:59.296213900,5.6347,5.6347,0.0000,1.7402,4.2517,0.5326,3.7191,22.6779,6.0435,-7.5096,4492.0494,NA,NA,NA
python.exe,24084,0x0,Other,-1,0,0,Composed: Copy with GPU GDI,2026-8-20 19:20:59.301848600,6.2923,6.2923,0.0000,0.3593,6.0734,0.2610,5.8124,23.0867,2.7007,-0.4088,4497.6841,NA,NA,NA
python.exe,24084,0x0,Other,-1,0,0,Composed: Copy with GPU GDI,2026-8-20 19:20:59.308140900,8.5074,8.5074,0.0000,0.1428,8.6472,0.3742,8.2730,NA,NA,3.5916,4503.9764,NA,NA,NA
python.exe,24084,0x0,Other,-1,0,0,Composed: Copy with GPU GDI,2026-8-20 19:20:59.316648300,0.1789,0.1789,0.0000,0.2826,2.0375,2.0375,0.0000,10.9877,9.4245,NA,4512.4838,NA,NA,NA
python.exe,24084,0x0,Other,-1,0,0,Composed: Copy with GPU GDI,2026-8-20 19:20:59.316827200,2.9368,2.9368,0.0000,2.1447,1.9497,1.2854,0.6643,20.2333,6.0741,-9.2456,4512.6627,NA,NA,NA
python.exe,24084,0x0,Other,-1,0,0,Composed: Copy with GPU GDI,2026-8-20 19:20:59.319764000,8.4599,8.4599,0.0000,1.1596,7.4407,0.2174,7.2233,NA,NA,-3.1373,4515.5995,NA,NA,NA
python.exe,24084,0x0,Other,-1,0,0,Composed: Copy with GPU GDI,2026-8-20 19:20:59.328223900,0.5291,0.5291,0.0000,0.1444,2.3011,2.0152,0.2859,14.9107,6.0597,NA,4524.0594,NA,NA,NA
python.exe,24084,0x0,Other,-1,0,0,Composed: Copy with GPU GDI,2026-8-20 19:20:59.328753000,4.0380,4.0380,0.0000,1.9207,2.2827,0.2665,2.0162,20.4413,6.0699,-5.5306,4524.5885,NA,NA,NA
python.exe,24084,0x0,Other,-1,0,0,Composed: Copy with GPU GDI,2026-8-20 19:20:59.332791000,6.4625,6.4625,0.0000,0.1689,6.6558,0.4426,6.2132,22.4732,5.7103,-2.0319,4528.6265,NA,NA,NA
python.exe,24084,0x0,Other,-1,0,0,Composed: Copy with GPU GDI,2026-8-20 19:20:59.339253500,4.6576,4.6576,0.0000,0.3653,4.8557,0.6889,4.1668,NA,NA,0.7522,4535.0890,NA,NA,NA
python.exe,24084,0x0,Other,-1,0,0,Composed: Copy with GPU GDI,2026-8-20 19:20:59.343911100,1.7078,1.7078,0.0000,0.5671,3.0984,2.0764,1.0220,17.0634,6.4186,NA,4539.7466,NA,NA,NA
python.exe,24084,0x0,Other,-1,0,0,Composed: Copy with GPU GDI,2026-8-20 19:20:59.345618900,4.8357,4.8357,0.0000,1.9613,3.1145,0.3671,2.7474,21.7742,6.0745,-4.7108,4541.4544,NA,NA,NA
python.exe,24084,0x0,Other,-1,0,0,Composed: Copy with GPU GDI,2026-8-20 19:20:59.350454600,5.5936,5.5936,0.0000,0.2420,5.8577,0.7317,5.1260,23.0130,4.1771,-1.2388,4546.2901,NA,NA,NA
python.exe,24084,0x0,Other,-1,0,0,Composed: Copy with GPU GDI,2026-8-20 19:20:59.356048200,6.7918,6.7918,0.0000,9.6190,0.2506,0.2506,0.0000,NA,NA,1.4165,4551.8837,NA,NA,NA
python.exe,24084,0x0,Other,-1,0,0,Composed: Copy with GPU GDI,2026-8-20 19:20:59.362840000,0.6848,0.6848,0.0000,0.0000,9.1095,2.9678,6.1417,14.8047,7.9551,NA,4558.6755,NA,NA,NA
python.exe,24084,0x0,Other,-1,0,0,Composed: Copy with GPU GDI,2026-8-20 19:20:59.363524800,4.4743,4.4743,0.0000,2.3957,3.3291,1.3394,1.9897,22.0750,6.0633,-7.2703,4559.3603,NA,NA,NA
python.exe,24084,0x0,Other,-1,0,0,Composed: Copy with GPU GDI,2026-8-20 19:20:59.367999100,6.6537,6.6537,0.0000,1.2532,5.5047,0.2826,5.2221,23.6640,2.6543,-1.5890,4563.8346,NA,NA,NA
python.exe,24084,0x0,Other,-1,0,0,Composed: Copy with GPU GDI,2026-8-20 19:20:59.374652800,4.6574,4.6574,0.0000,0.1078,7.9896,3.5583,4.4313,NA,NA,3.9994,4570.4883,NA,NA,NA
python.exe,24084,0x0,Other,-1,0,0,Composed: Copy with GPU GDI,2026-8-20 19:20:59.379310200,3.6745,3.6745,0.0000,3.4437,0.4291,0.2957,0.1334,15.0072,9.4801,NA,4575.1457,NA,NA,NA
python.exe,24084,0x0,Other,-1,0,0,Composed: Copy with GPU GDI,2026-8-20 19:20:59.382984700,4.6499,4.6499,0.0000,0.2013,4.6680,0.2842,4.3838,20.8128,6.0711,-5.8056,4578.8202,NA,NA,NA
python.exe,24084,0x0,Other,-1,0,0,Composed: Copy with GPU GDI,2026-8-20 19:20:59.387634600,6.3677,6.3677,0.0000,0.2223,6.4826,0.4069,6.0757,22.2340,1.1274,-1.4212,4583.4701,NA,NA,NA
python.exe,24084,0x0,Other,-1,0,0,Composed: Copy with GPU GDI,2026-8-20 19:20:59.394002300,2.8640,2.8640,0.0000,5.8775,0.2672,0.2672,0.0000,NA,NA,5.2403,4589.8378,NA,NA,NA
python.exe,24084,0x0,Other,-1,0,0,Composed: Copy with GPU GDI,2026-8-20 19:20:59.396866300,2.4150,2.4150,0.0000,0.0000,5.5375,3.1660,2.3715,14.1297,11.0025,NA,4592.7018,NA,NA,NA
python.exe,24084,0x0,Other,-1,0,0,Composed: Copy with GPU GDI,2026-8-20 19:20:59.399281300,6.6001,6.6001,0.0000,0.8687,5.9438,0.3235,5.6203,22.7172,5.6460,-8.5875,4595.1168,NA,NA,NA
python.exe,24084,0x0,Other,-1,0,0,Composed: Copy with GPU GDI,2026-8-20 19:20:59.405881400,5.4451,5.4451,0.0000,0.2151,5.4084,0.2528,5.1556,NA,NA,0.9541,4601.7169,NA,NA,NA
python.exe,24084,0x0,Other,-1,0,0,Composed: Copy with GPU GDI,2026-8-20 19:20:59.411326500,1.3323,1.3323,0.0000,0.1808,3.1233,2.0735,1.0498,16.3180,6.4811,NA,4607.1620,NA,NA,NA
python.exe,24084,0x0,Other,-1,0,0,Composed: Copy with GPU GDI,2026-8-20 19:20:59.412658800,4.1798,4.1798,0.0000,1.9755,2.8067,0.7243,2.0824,21.4668,6.0705,-5.1488,4608.4943,NA,NA,NA
python.exe,24084,0x0,Other,-1,0,0,Composed: Copy with GPU GDI,2026-8-20 19:20:59.416838600,7.1336,7.1336,0.0000,0.6045,6.9448,0.5119,6.4329,23.3575,4.1078,-1.8907,4612.6741,NA,NA,NA
python.exe,24084,0x0,Other,-1,0,0,Composed: Copy with GPU GDI,2026-8-20 19:20:59.423972200,5.7250,5.7250,0.0000,7.9349,0.2549,0.2549,0.0000,NA,NA,3.0258,4619.8077,NA,NA,NA
python.exe,24084,0x0,Other,-1,0,0,Composed: Copy with GPU GDI,2026-8-20 19:20:59.429697200,0.8263,0.8263,0.0000,0.0000,7.5161,2.3294,5.1867,14.6067,8.0210,NA,4625.5327,NA,NA,NA
python.exe,24084,0x0,Other,-1,0,0,Composed: Copy with GPU GDI,2026-8-20 19:20:59.430523500,4.4876,4.4876,0.0000,1.6439,3.4611,0.7446,2.7165,21.8014,6.0789,-7.1947,4626.3590,NA,NA,NA
python.exe,24084,0x0,Other,-1,0,0,Composed: Copy with GPU GDI,2026-8-20 19:20:59.435011100,6.6485,6.6485,0.0000,0.6210,6.1784,0.2575,5.9209,23.3927,6.0682,-1.5913,4630.8466,NA,NA,NA
python.exe,24084,0x0,Other,-1,0,0,Composed: Copy with GPU GDI,2026-8-20 19:20:59.441659600,8.7721,8.7721,0.0000,10.8645,0.2540,0.2540,0.0000,NA,NA,0.5803,4637.4951,NA,NA,NA
python.exe,24084,0x0,Other,-1,0,0,Composed: Copy with GPU GDI,2026-8-20 19:20:59.450431700,0.2389,0.2389,0.0000,0.0000,10.7109,2.2541,8.4568,NA,NA,NA,NA,NA,NA,NA
python.exe,24084,0x0,Other,-1,0,0,Composed: Copy with GPU GDI,2026-8-20 19:20:59.450670600,2.5653,2.5653,0.0000,2.1115,0.6391,0.2590,0.3801,13.8014,12.1214,NA,4646.5061,NA,NA,NA
python.exe,24084,0x0,Other,-1,0,0,Composed: Copy with GPU GDI,2026-8-20 19:20:59.453235900,8.5660,8.5660,0.0000,0.1883,8.6319,0.4045,8.2274,23.3575,6.0738,-9.5561,4649.0714,NA,NA,NA
python.exe,24084,0x0,Other,-1,0,0,Composed: Copy with GPU GDI,2026-8-20 19:20:59.461801900,1.3498,1.3498,0.0000,0.2596,3.1613,2.1838,0.9775,NA,NA,2.4922,4657.6374,NA,NA,NA
python.exe,24084,0x0,Other,-1,0,0,Composed: Copy with GPU GDI,2026-8-20 19:20:59.463151700,2.3329,2.3329,0.0000,2.0778,0.6583,0.6064,0.0519,19.5155,6.0604,NA,4658.9872,NA,NA,NA
python.exe,24084,0x0,Other,-1,0,0,Composed: Copy with GPU GDI,2026-8-20 19:20:59.465484600,6.8372,6.8372,0.0000,0.4061,6.8305,0.5357,6.2948,23.2430,6.0624,-3.7275,4661.3201,NA,NA,NA
python.exe,24084,0x0,Other,-1,0,0,Composed: Copy with GPU GDI,2026-8-20 19:20:59.472321800,5.1554,5.1554,0.0000,0.4013,5.3275,0.7133,4.6142,22.4682,6.0701,0.7748,4668.1573,NA,NA,NA
python.exe,24084,0x0,Other,-1,0,0,Composed: Copy with GPU GDI,2026-8-20 19:20:59.477477200,5.4099,5.4099,0.0000,8.7829,0.3025,0.3025,0.0000,NA,NA,-0.9147,4673.3127,NA,NA,NA
python.exe,24084,0x0,Other,-1,0,0,Composed: Copy with GPU GDI,2026-8-20 19:20:59.482887100,0.7355,0.7355,0.0000,0.0000,8.2074,3.5305,4.6769,17.9730,6.0664,NA,4678.7226,NA,NA,NA
python.exe,24084,0x0,Other,-1,0,0,Composed: Copy with GPU GDI,2026-8-20 19:20:59.483622600,6.0301,6.0301,0.0000,2.9453,3.6173,0.6772,2.9401,23.3039,4.0499,-5.3309,4679.4581,NA,NA,NA
python.exe,24084,0x0,Other,-1,0,0,Composed: Copy with GPU GDI,2026-8-20 19:20:59.489652700,6.0791,6.0791,0.0000,8.4486,0.2533,0.2533,0.0000,NA,NA,1.9802,4685.4882,NA,NA,NA
python.exe,24084,0x0,Other,-1,0,0,Composed: Copy with GPU GDI,2026-8-20 19:20:59.495731800,1.2524,1.2524,0.0000,0.0000,7.9131,2.5494,5.3637,15.2446,8.0779,NA,4691.5673,NA,NA,NA
python.exe,24084,0x0,Other,-1,0,0,Composed: Copy with GPU GDI,2026-8-20 19:20:59.496984200,8.5778,8.5778,0.0000,1.3733,7.4978,0.3797,7.1181,22.0701,6.0727,-6.8255,4692.8197,NA,NA,NA
python.exe,24084,0x0,Other,-1,0,0,Composed: Copy with GPU GDI,2026-8-20 19:20:59.505562000,2.2730,2.2730,0.0000,0.2967,2.4901,0.6385,1.8516,19.5650,2.5072,2.5051,4701.3975,NA,NA,NA
python.exe,24084,0x0,Other,-1,0,0,Composed: Copy with GPU GDI,2026-8-20 19:20:59.507835000,8.8186,8.8186,0.0000,0.5179,8.5716,0.3826,8.1890,NA,NA,-0.2342,4703.6705,NA,NA,NA
python.exe,24084,0x0,Other,-1,0,0,Composed: Copy with GPU GDI,2026-8-20 19:20:59.516653600,0.1684,0.1684,0.0000,0.2709,2.0018,2.0018,0.0000,10.9806,9.6249,NA,4712.4891,NA,NA,NA
python.exe,24084,0x0,Other,-1,0,0,Composed: Copy with GPU GDI,2026-8-20 19:20:59.516822000,3.1652,3.1652,0.0000,2.1081,1.8817,1.0149,0.8668,20.4371,6.0685,-9.4565,4712.6575,NA,NA,NA
python.exe,24084,0x0,Other,-1,0,0,Composed: Copy with GPU GDI,2026-8-20 19:20:59.519987200,8.1729,8.1729,0.0000,0.8284,7.5006,0.2561,7.2445,NA,NA,-2.9033,4715.8227,NA,NA,NA
python.exe,24084,0x0,Other,-1,0,0,Composed: Copy with GPU GDI,2026-8-20 19:20:59.528160100,1.0296,1.0296,0.0000,0.1593,2.9602,2.2024,0.7578,15.1675,6.0630,NA,4723.9956,NA,NA,NA
python.exe,24084,0x0,Other,-1,0,0,Composed: Copy with GPU GDI,2026-8-20 19:20:59.529189700,2.2721,2.2721,0.0000,2.0899,0.2590,0.2590,0.0000,20.2009,6.0868,-5.0334,4725.0252,NA,NA,NA
python.exe,24084,0x0,Other,-1,0,0,Composed: Copy with GPU GDI,2026-8-20 19:20:59.531461800,7.5538,7.5538,0.0000,0.0802,7.7824,0.4287,7.3537,24.0156,5.4945,-3.8147,4727.2973,NA,NA,NA
python.exe,24084,0x0,Other,-1,0,0,Composed: Copy with GPU GDI,2026-8-20 19:20:59.539015600,4.9258,4.9258,0.0000,0.3108,5.4476,0.9289,4.5187,NA,NA,2.0593,4734.8511,NA,NA,NA
python.exe,24084,0x0,Other,-1,0,0,Composed: Copy with GPU GDI,2026-8-20 19:20:59.543941400,1.6119,1.6119,0.0000,0.8358,2.7142,2.0908,0.6234,17.0305,6.6299,NA,4739.7769,NA,NA,NA
python.exe,24084,0x0,Other,-1,0,0,Composed: Copy with GPU GDI,2026-8-20 19:20:59.545553300,4.6213,4.6213,0.0000,1.9434,3.8085,1.3172,2.4913,22.0485,6.0655,-5.0180,4741.3888,NA,NA,NA
python.exe,24084,0x0,Other,-1,0,0,Composed: Copy with GPU GDI,2026-8-20 19:20:59.550174600,6.4135,6.4135,0.0000,1.1337,5.6154,0.4188,5.1966,23.4927,3.9746,-1.4442,4746.0101,NA,NA,NA
python.exe,24084,0x0,Other,-1,0,0,Composed: Copy with GPU GDI,2026-8-20 19:20:59.556588100,6.0239,6.0239,0.0000,0.3379,5.9438,0.3371,5.6067,NA,NA,2.4389,4752.4236,NA,NA,NA
python.exe,24084,0x0,Other,-1,0,0,Composed: Copy with GPU GDI,2026-8-20 19:20:59.562612000,0.6252,0.6252,0.0000,0.2610,2.7508,2.5078,0.2430,15.0299,8.1610,NA,4758.4475,NA,NA,NA
python.exe,24084,0x0,Other,-1,0,0,Composed: Copy with GPU GDI,2026-8-20 19:20:59.563237200,5.5082,5.5082,0.0000,2.3902,3.6808,0.7408,2.9400,22.5657,6.0662,-7.5358,4759.0727,NA,NA,NA
python.exe,24084,0x0,Other,-1,0,0,Composed: Copy with GPU GDI,2026-8-20 19:20:59.568745400,6.3893,6.3893,0.0000,0.5662,5.9560,0.2643,5.6917,23.1237,2.4694,-0.5580,4764.5809,NA,NA,NA
python.exe,24084,0x0,Other,-1,0,0,Composed: Copy with GPU GDI,2026-8-20 19:20:59.575134700,4.6329,4.6329,0.0000,0.1374,7.3194,2.9817,4.3377,NA,NA,3.9199,4770.9702,NA,NA,NA
python.exe,24084,0x0,Other,-1,0,0,Composed: Copy with GPU GDI,2026-8-20 19:20:59.579767600,3.6642,3.6642,0.0000,2.8264,0.9944,0.2662,0.7282,14.5709,9.6521,NA,4775.6031,NA,NA,NA
python.exe,24084,0x0,Other,-1,0,0,Composed: Copy with GPU GDI,2026-8-20 19:20:59.583431800,4.1223,4.1223,0.0000,0.1592,4.4052,0.5220,3.8832,20.5588,6.0745,-5.9879,4779.2673,NA,NA,NA
python.exe,24084,0x0,Other,-1,0,0,Composed: Copy with GPU GDI,2026-8-20 19:20:59.587554100,7.7720,7.7720,0.0000,0.4461,7.6153,0.3669,7.2484,NA,NA,-1.9522,4783.3896,NA,NA,NA
python.exe,24084,0x0,Other,-1,0,0,Composed: Copy with GPU GDI,2026-8-20 19:20:59.595326100,0.5725,0.5725,0.0000,0.2929,2.3980,2.2222,0.1758,14.7390,6.0581,NA,4791.1616,NA,NA,NA
python.exe,24084,0x0,Other,-1,0,0,Composed: Copy with GPU GDI,2026-8-20 19:20:59.595898600,3.2209,3.2209,0.0000,2.1225,2.0845,1.0796,1.0049,20.2246,6.0688,-5.4856,4791.7341,NA,NA,NA
python.exe,24084,0x0,Other,-1,0,0,Composed: Copy with GPU GDI,2026-8-20 19:20:59.599119500,6.0924,6.0924,0.0000,0.9880,5.2839,0.2560,5.0279,23.0725,5.4492,-2.8479,4794.9550,NA,NA,NA
python.exe,24084,0x0,Other,-1,0,0,Composed: Copy with GPU GDI,2026-8-20 19:20:59.605211900,7.0503,7.0503,0.0000,0.1822,7.1674,0.3782,6.7892,NA,NA,NA,NA,NA,NA,NA
python.exe,24084,0x0,Other,-1,0,0,Composed: Copy with GPU GDI,2026-8-20 19:20:59.612262200,3.9813,3.9813,0.0000,7.3266,0.2623,0.2623,0.0000,NA,NA,7.6935,4808.0977,NA,NA,NA
python.exe,24084,0x0,Other,-1,0,0,Composed: Copy with GPU GDI,2026-8-20 19:20:59.616243500,1.0216,1.0216,0.0000,0.0000,7.0245,3.6164,3.4081,11.3977,12.7496,NA,4812.0790,NA,NA,NA
python.exe,24084,0x0,Other,-1,0,0,Composed: Copy with GPU GDI,2026-8-20 19:20:59.617265100,5.6738,5.6738,0.0000,2.5889,3.8853,0.8879,2.9974,23.1257,3.9102,-11.7280,4813.1006,NA,NA,NA
python.exe,24084,0x0,Other,-1,0,0,Composed: Copy with GPU GDI,2026-8-20 19:20:59.622938900,6.6403,6.6403,0.0000,9.5998,0.2582,0.2582,0.0000,NA,NA,1.7636,4818.7744,NA,NA,NA
python.exe,24084,0x0,Other,-1,0,0,Composed: Copy with GPU GDI,2026-8-20 19:20:59.629579200,0.4248,0.4248,0.0000,0.0000,8.7966,3.1093,5.6873,14.7218,8.2260,NA,4825.4147,NA,NA,NA
python.exe,24084,0x0,Other,-1,0,0,Composed: Copy with GPU GDI,2026-8-20 19:20:59.630004000,4.9167,4.9167,0.0000,2.7957,3.0244,1.0360,1.9884,22.5230,6.0789,-7.8012,4825.8395,NA,NA,NA
python.exe,24084,0x0,Other,-1,0,0,Composed: Copy with GPU GDI,2026-8-20 19:20:59.634920700,6.7377,6.7377,0.0000,0.9059,5.9992,0.2542,5.7450,23.6852,2.3852,-1.1622,4830.7562,NA,NA,NA
python.exe,24084,0x0,Other,-1,0,0,Composed: Copy with GPU GDI,2026-8-20 19:20:59.641658400,3.8452,3.8452,0.0000,0.1699,6.9665,3.4090,3.5575,NA,NA,4.3525,4837.4939,NA,NA,NA
python.exe,24084,0x0,Other,-1,0,0,Composed: Copy with GPU GDI,2026-8-20 19:20:59.645503600,4.8635,4.8635,0.0000,3.2944,1.8421,0.3747,1.4674,15.4875,9.7401,NA,4841.3391,NA,NA,NA
python.exe,24084,0x0,Other,-1,0,0,Composed: Copy with GPU GDI,2026-8-20 19:20:59.650367100,3.4652,3.4652,0.0000,0.2770,3.6944,0.5912,3.1032,20.3641,6.0585,-4.8766,4846.2026,NA,NA,NA
python.exe,24084,0x0,Other,-1,0,0,Composed: Copy with GPU GDI,2026-8-20 19:20:59.653832300,8.7672,8.7672,0.0000,0.5083,8.5543,0.3909,8.1634,22.9574,0.8690,-2.5933,4849.6678,NA,NA,NA
python.exe,24084,0x0,Other,-1,0,0,Composed: Copy with GPU GDI,2026-8-20 19:20:59.662599500,0.9193,0.9193,0.0000,3.1569,0.6197,0.6197,0.0000,NA,NA,7.8982,4858.4350,NA,NA,NA
python.exe,24084,0x0,Other,-1,0,0,Composed: Copy with GPU GDI,2026-8-20 19:20:59.663518800,1.6011,1.6011,0.0000,0.0000,2.8567,2.3510,0.5057,14.1399,11.2783,NA,4859.3543,NA,NA,NA
python.exe,24084,0x0,Other,-1,0,0,Composed: Copy with GPU GDI,2026-8-20 19:20:59.665119900,7.5999,7.5999,0.0000,1.2595,6.9552,0.7026,6.2526,23.8171,5.3670,-9.6772,4860.9554,NA,NA,NA
python.exe,24084,0x0,Other,-1,0,0,Composed: Copy with GPU GDI,2026-8-20 19:20:59.672719800,5.8026,5.8026,0.0000,0.6182,5.3507,0.3002,5.0505,NA,NA,NA,NA,NA,NA,NA
python.exe,24084,0x0,Other,-1,0,0,Composed: Copy with GPU GDI,2026-8-20 19:20:59.678522400,5.0491,5.0491,0.0000,7.8901,0.2598,0.2598,0.0000,NA,NA,8.0355,4874.3579,NA,NA,NA
python.exe,24084,0x0,Other,-1,0,0,Composed: Copy with GPU GDI,2026-8-20 19:20:59.683571500,0.4847,0.4847,0.0000,0.0000,7.7215,3.0358,4.6857,10.7325,12.8280,NA,4879.4070,NA,NA,NA
python.exe,24084,0x0,Other,-1,0,0,Composed: Copy with GPU GDI,2026-8-20 19:20:59.684056200,5.4517,5.4517,0.0000,2.6186,3.0682,0.3755,2.6927,23.0758,3.8357,-12.3433,4879.8917,NA,NA,NA
python.exe,24084,0x0,Other,-1,0,0,Composed: Copy with GPU GDI,2026-8-20 19:20:59.689507900,5.8254,5.8254,0.0000,9.0934,0.2557,0.2557,0.0000,NA,NA,1.6160,4885.3434,NA,NA,NA
python.exe,24084,0x0,Other,-1,0,0,Composed: Copy with GPU GDI,2026-8-20 19:20:59.695333300,1.0834,1.0834,0.0000,0.0000,8.8558,3.4524,5.4034,15.6344,8.2977,NA,4891.1688,NA,NA,NA
python.exe,24084,0x0,Other,-1,0,0,Composed: Copy with GPU GDI,2026-8-20 19:20:59.696416700,9.7711,9.7711,0.0000,2.4432,7.6092,0.3778,7.2314,22.8487,6.0652,-7.2143,4892.2522,NA,NA,NA
python.exe,24084,0x0,Other,-1,0,0,Composed: Copy with GPU GDI,2026-8-20 19:20:59.706187800,2.7827,2.7827,0.0000,0.2852,2.7230,0.3120,2.4110,19.1428,2.3098,3.7059,4902.0233,NA,NA,NA
python.exe,24084,0x0,Other,-1,0,0,Composed: Copy with GPU GDI,2026-8-20 19:20:59.708970500,4.1225,4.1225,0.0000,0.2276,7.5066,3.7315,3.7751,NA,NA,0.4729,4904.8060,NA,NA,NA
python.exe,24084,0x0,Other,-1,0,0,Composed: Copy with GPU GDI,2026-8-20 19:20:59.713093000,4.2076,4.2076,0.0000,3.6169,0.7429,0.2727,0.4702,14.5474,9.8252,NA,4908.9285,NA,NA,NA
python.exe,24084,0x0,Other,-1,0,0,Composed: Copy with GPU GDI,2026-8-20 19:20:59.717300600,3.0089,3.0089,0.0000,0.1569,3.6386,0.9047,2.7339,20.1650,6.0561,-5.6176,4913.1361,NA,NA,NA
python.exe,24084,0x0,Other,-1,0,0,Composed: Copy with GPU GDI,2026-8-20 19:20:59.720309500,8.3355,8.3355,0.0000,0.7890,7.6539,0.3880,7.2659,23.2122,0.8048,-3.0472,4916.1450,NA,NA,NA
python.exe,24084,0x0,Other,-1,0,0,Composed: Copy with GPU GDI,2026-8-20 19:20:59.728645000,0.9706,0.9706,0.0000,0.1109,3.0851,2.3661,0.7190,NA,NA,7.5307,4924.4805,NA,NA,NA
python.exe,24084,0x0,Other,-1,0,0,Composed: Copy with GPU GDI,2026-8-20 19:20:59.729615600,3.1022,3.1022,0.0000,2.2281,1.0230,0.2619,0.7611,14.7109,11.3301,NA,4925.4511,NA,NA,NA
python.exe,24084,0x0,Other,-1,0,0,Composed: Copy with GPU GDI,2026-8-20 19:20:59.732717800,7.4766,7.4766,0.0000,0.1512,7.4607,0.2606,7.2001,22.9388,5.3132,-8.2279,4928.5533,NA,NA,NA
python.exe,24084,0x0,Other,-1,0,0,Composed: Copy with GPU GDI,2026-8-20 19:20:59.740194400,4.7179,4.7179,0.0000,0.1381,4.7330,0.2514,4.4816,NA,NA,2.1634,4936.0299,NA,NA,NA
python.exe,24084,0x0,Other,-1,0,0,Composed: Copy with GPU GDI,2026-8-20 19:20:59.744912300,0.6341,0.6341,0.0000,0.1571,2.6350,2.2777,0.3573,16.0575,6.8273,NA,4940.7478,NA,NA,NA
python.exe,24084,0x0,Other,-1,0,0,Composed: Copy with GPU GDI,2026-8-20 19:20:59.745546400,5.3940,5.3940,0.0000,2.1621,4.1230,1.1354,2.9876,22.2507,6.0628,-6.1932,4941.3819,NA,NA,NA
python.exe,24084,0x0,Other,-1,0,0,Composed: Copy with GPU GDI,2026-8-20 19:20:59.750940400,5.5618,5.5618,0.0000,0.8941,5.0372,0.4937,4.5435,22.9195,3.7790,-0.6688,4946.7759,NA,NA,NA
python.exe,24084,0x0,Other,-1,0,0,Composed: Copy with GPU GDI,2026-8-20 19:20:59.756502200,6.0213,6.0213,0.0000,0.3735,6.0150,0.4633,5.5517,NA,NA,1.7828,4952.3377,NA,NA,NA
python.exe,24084,0x0,Other,-1,0,0,Composed: Copy with GPU GDI,2026-8-20 19:20:59.762523500,2.2674,2.2674,0.0000,0.3694,4.1737,2.3895,1.7842,15.1154,8.3605,NA,4958.3590,NA,NA,NA
python.exe,24084,0x0,Other,-1,0,0,Composed: Copy with GPU GDI,2026-8-20 19:20:59.764790900,7.4626,7.4626,0.0000,2.2813,5.4485,0.3825,5.0660,21.2085,6.0565,-6.0931,4960.6264,NA,NA,NA
python.exe,24084,0x0,Other,-1,0,0,Composed: Copy with GPU GDI,2026-8-20 19:20:59.772253500,2.8964,2.8964,0.0000,0.2701,2.7966,0.2578,2.5388,19.8024,2.2517,1.4061,4968.0890,NA,NA,NA
python.exe,24084,0x0,Other,-1,0,0,Composed: Copy with GPU GDI,2026-8-20 19:20:59.775149900,3.7337,3.7337,0.0000,0.1742,7.2976,3.8558,3.4418,NA,NA,0.6447,4970.9854,NA,NA,NA
python.exe,24084,0x0,Other,-1,0,0,Composed: Copy with GPU GDI,2026-8-20 19:20:59.778883600,4.8791,4.8791,0.0000,3.7425,1.4028,0.3875,1.0153,15.4240,9.8837,NA,4974.7191,NA,NA,NA
python.exe,24084,0x0,Other,-1,0,0,Composed: Copy with GPU GDI,2026-8-20 19:20:59.783762700,2.6285,2.6285,0.0000,0.2713,2.5649,0.3330,2.2319,20.4286,6.0670,-5.0046,4979.5982,NA,NA,NA
python.exe,24084,0x0,Other,-1,0,0,Composed: Copy with GPU GDI,2026-8-20 19:20:59.786391200,8.8296,8.8296,0.0000,0.2123,8.9024,0.3814,8.5210,23.8671,0.7110,-3.4385,4982.2267,NA,NA,NA
python.exe,24084,0x0,Other,-1,0,0,Composed: Copy with GPU GDI,2026-8-20 19:20:59.795220800,1.3802,1.3802,0.0000,4.4326,0.2637,0.2637,0.0000,NA,NA,8.1186,4991.0563,NA,NA,NA
python.exe,24084,0x0,Other,-1,0,0,Composed: Copy with GPU GDI,2026-8-20 19:20:59.796601000,2.2494,2.2494,0.0000,0.0000,4.1439,3.1714,0.9725,14.3683,11.4207,NA,4992.4365,NA,NA,NA
python.exe,24084,0x0,Other,-1,0,0,Composed: Copy with GPU GDI,2026-8-20 19:20:59.798850400,6.9072,6.9072,0.0000,1.0711,5.9843,0.2697,5.7146,23.5396,5.2527,-9.1713,4994.6859,NA,NA,NA
python.exe,24084,0x0,Other,-1,0,0,Composed: Copy with GPU GDI,2026-8-20 19:20:59.805757600,6.3781,6.3781,0.0000,0.1511,6.3008,0.2673,6.0335,NA,NA,1.6545,5001.5931,NA,NA,NA
python.exe,24084,0x0,Other,-1,0,0,Composed: Copy with GPU GDI,2026-8-20 19:20:59.812135700,0.8450,0.8450,0.0000,0.0771,2.7601,2.1944,0.5657,15.5070,6.8791,NA,5007.9712,NA,NA,NA
python.exe,24084,0x0,Other,-1,0,0,Composed: Copy with GPU GDI,2026-8-20 19:20:59.812980700,3.9816,3.9816,0.0000,1.9969,2.2569,0.4045,1.8524,21.5411,6.0692,-6.0341,5008.8162,NA,NA,NA
python.exe,24084,0x0,Other,-1,0,0,Composed: Copy with GPU GDI,2026-8-20 19:20:59.816962300,5.4437,5.4437,0.0000,0.2752,5.4788,0.3953,5.0835,23.6287,3.7088,-2.0876,5012.7978,NA,NA,NA
python.exe,24084,0x0,Other,-1,0,0,Composed: Copy with GPU GDI,2026-8-20 19:20:59.822406000,6.9300,6.9300,0.0000,0.3137,6.9537,0.4455,6.5082,NA,NA,1.7349,5018.2415,NA,NA,NA
python.exe,24084,0x0,Other,-1,0,0,Composed: Copy with GPU GDI,2026-8-20 19:20:59.829336000,0.6859,0.6859,0.0000,0.3394,2.7005,2.4809,0.2196,14.9638,8.4248,NA,5025.1715,NA,NA,NA
python.exe,24084,0x0,Other,-1,0,0,Composed: Copy with GPU GDI,2026-8-20 19:20:59.830021900,5.0929,5.0929,0.0000,2.3576,3.0236,0.4088,2.6148,22.7027,6.0663,-7.7389,5025.8574,NA,NA,NA
python.exe,24084,0x0,Other,-1,0,0,Composed: Copy with GPU GDI,2026-8-20 19:20:59.835114800,6.1981,6.1981,0.0000,0.2910,6.4389,0.6889,5.7500,23.6761,2.1889,-0.9734,5030.9503,NA,NA,NA
python.exe,24084,0x0,Other,-1,0,0,Composed: Copy with GPU GDI,2026-8-20 19:20:59.841312900,4.3345,4.3345,0.0000,0.5358,7.0939,3.4335,3.6604,NA,NA,4.0092,5037.1484,NA,NA,NA
python.exe,24084,0x0,Other,-1,0,0,Composed: Copy with GPU GDI,2026-8-20 19:20:59.845647400,4.4628,4.4628,0.0000,3.2985,1.4315,0.3828,1.0487,15.3324,9.9536,NA,5041.4829,NA,NA,NA
python.exe,24084,0x0,Other,-1,0,0,Composed: Copy with GPU GDI,2026-8-20 19:20:59.850110200,3.4190,3.4190,0.0000,0.2709,3.9650,0.9582,3.0068,20.8232,6.0553,-5.4908,5045.9457,NA,NA,NA
python.exe,24084,0x0,Other,-1,0,0,Composed: Copy with GPU GDI,2026-8-20 19:20:59.853529200,7.9174,7.9174,0.0000,0.8193,7.2709,0.2634,7.0075,23.4595,0.6465,-2.6363,5049.3647,NA,NA,NA
python.exe,24084,0x0,Other,-1,0,0,Composed: Copy with GPU GDI,2026-8-20 19:20:59.861446600,1.3432,1.3432,0.0000,3.7151,0.2327,0.2327,0.0000,NA,NA,7.2709,5057.2821,NA,NA,NA
python.exe,24084,0x0,Other,-1,0,0,Composed: Copy with GPU GDI,2026-8-20 19:20:59.862789800,2.0603,2.0603,0.0000,0.0000,3.5381,2.4767,1.0614,14.8454,11.4973,NA,5058.6253,NA,NA,NA
python.exe,24084,0x0,Other,-1,0,0,Composed: Copy with GPU GDI,2026-8-20 19:20:59.864850100,7.7804,7.7804,0.0000,0.5469,7.3821,0.2684,7.1137,24.2824,5.1683,-9.4370,5060.6856,NA,NA,NA
python.exe,24084,0x0,Other,-1,0,0,Composed: Copy with GPU GDI,2026-8-20 19:20:59.872630500,5.0860,5.0860,0.0000,0.1521,5.6642,0.8908,4.7734,NA,NA,2.6121,5068.4660,NA,NA,NA
python.exe,24084,0x0,Other,-1,0,0,Composed: Copy with GPU GDI,2026-8-20 19:20:59.877716500,1.9883,1.9883,0.0000,0.7347,3.2309,2.1361,1.0948,16.5843,6.9493,NA,5073.5520,NA,NA,NA
python.exe,24084,0x0,Other,-1,0,0,Composed: Copy with GPU GDI,2026-8-20 19:20:59.879704800,5.1259,5.1259,0.0000,1.9805,3.2604,0.2873,2.9731,21.5453,6.0741,-4.9610,5075.5403,NA,NA,NA
python.exe,24084,0x0,Other,-1,0,0,Composed: Copy with GPU GDI,2026-8-20 19:20:59.884830700,4.5663,4.5663,0.0000,0.1177,4.5356,0.4263,4.1093,22.4935,3.6368,-0.9482,5080.6662,NA,NA,NA
python.exe,24084,0x0,Other,-1,0,0,Composed: Copy with GPU GDI,2026-8-20 19:20:59.889397000,6.5490,6.5490,0.0000,7.2484,2.1483,2.1483,0.0000,NA,NA,0.9295,5085.2325,NA,NA,NA
python.exe,24084,0x0,Other,-1,0,0,Composed: Copy with GPU GDI,2026-8-20 19:20:59.895946000,0.4873,0.4873,0.0000,0.0000,7.1570,0.9263,6.2307,15.0150,8.4955,NA,5091.7815,NA,NA,NA
python.exe,24084,0x0,Other,-1,0,0,Composed: Copy with GPU GDI,2026-8-20 19:20:59.896433300,9.2381,9.2381,0.0000,2.3638,7.1600,0.3931,6.7669,23.0232,6.0706,-8.0082,5092.2688,NA,NA,NA
python.exe,24084,0x0,Other,-1,0,0,Composed: Copy with GPU GDI,2026-8-20 19:20:59.905671400,2.2700,2.2700,0.0000,0.2901,2.2010,0.3290,1.8720,19.8557,2.0927,3.1675,5101.5069,NA,NA,NA
python.exe,24084,0x0,Other,-1,0,0,Composed: Copy with GPU GDI,2026-8-20 19:20:59.907941400,5.0033,5.0033,0.0000,0.2251,7.7306,3.1434,4.5872,NA,NA,0.1773,5103.7769,NA,NA,NA
python.exe,24084,0x0,Other,-1,0,0,Composed: Copy with GPU GDI,2026-8-20 19:20:59.912944700,4.1038,4.1038,0.0000,2.9619,1.4003,0.3925,1.0078,14.6751,10.0268,NA,5108.7802,NA,NA,NA
python.exe,24084,0x0,Other,-1,0,0,Composed: Copy with GPU GDI,2026-8-20 19:20:59.917048500,3.2865,3.2865,0.0000,0.2619,4.1226,1.2624,2.8602,20.5981,6.0557,-5.9230,5112.8840,NA,NA,NA
python.exe,24084,0x0,Other,-1,0,0,Composed: Copy with GPU GDI,2026-8-20 19:20:59.920335000,8.0726,8.0726,0.0000,1.1014,7.1155,0.2518,6.8637,NA,NA,-2.7692,5116.1705,NA,NA,NA
python.exe,24084,0x0,Other,-1,0,0,Composed: Copy with GPU GDI,2026-8-20 19:20:59.928407600,0.7973,0.7973,0.0000,0.1470,2.7346,2.1942,0.5404,15.2947,6.0829,NA,5124.2431,NA,NA,NA
python.exe,24084,0x0,Other,-1,0,0,Composed: Copy with GPU GDI,2026-8-20 19:20:59.929204900,2.7512,2.7512,0.0000,2.0888,0.7850,0.2591,0.5259,20.5803,6.0530,-5.2856,5125.0404,NA,NA,NA
python.exe,24084,0x0,Other,-1,0,0,Composed: Copy with GPU GDI,2026-8-20 19:20:59.931956100,7.0238,7.0238,0.0000,0.1252,7.1155,0.3108,6.8047,23.8821,5.1175,-3.3018,5127.7916,NA,NA,NA
python.exe,24084,0x0,Other,-1,0,0,Composed: Copy with GPU GDI,2026-8-20 19:20:59.938979900,6.0582,6.0582,0.0000,0.2193,6.0020,0.2512,5.7508,NA,NA,NA,NA,NA,NA,NA
python.exe,24084,0x0,Other,-1,0,0,Composed: Copy with GPU GDI,2026-8-20 19:20:59.945038100,5.2861,5.2861,0.0000,0.1678,5.3754,0.3653,5.0101,NA,NA,7.9645,5140.8736,NA,NA,NA
python.exe,24084,0x0,Other,-1,0,0,Composed: Copy with GPU GDI,2026-8-20 19:20:59.950324200,0.2098,0.2098,0.0000,0.2571,3.2358,3.2358,0.0000,10.6315,25.2135,NA,5146.1597,NA,NA,NA
python.exe,24084,0x0,Other,-1,0,0,Composed: Copy with GPU GDI,2026-8-20 19:20:59.950534000,25.8030,25.8030,0.0000,3.2863,22.7508,0.3723,22.3785,35.6352,8.1266,-25.0037,5146.3695,NA,NA,NA
python.exe,24084,0x0,Other,-1,0,0,Composed: Copy with GPU GDI,2026-8-20 19:20:59.976337000,2.8243,2.8243,0.0000,5.9862,0.2561,0.2561,0.0000,NA,NA,17.6764,5172.1725,NA,NA,NA
python.exe,24084,0x0,Other,-1,0,0,Composed: Copy with GPU GDI,2026-8-20 19:20:59.979161300,2.0106,2.0106,0.0000,0.0000,5.7484,3.2854,2.4630,15.1345,10.1005,NA,5174.9968,NA,NA,NA
python.exe,24084,0x0,Other,-1,0,0,Composed: Copy with GPU GDI,2026-8-20 19:20:59.981171900,4.9827,4.9827,0.0000,1.4105,3.8685,0.3764,3.4921,23.2244,6.0684,-8.0899,5177.0074,NA,NA,NA
python.exe,24084,0x0,Other,-1,0,0,Composed: Copy with GPU GDI,2026-8-20 19:20:59.986154600,8.4375,8.4375,0.0000,0.2995,8.3216,0.2626,8.0590,NA,NA,-1.0857,5181.9901,NA,NA,NA
python.exe,24084,0x0,Other,-1,0,0,Composed: Copy with GPU GDI,2026-8-20 19:20:59.994592100,1.0068,1.0068,0.0000,0.1864,3.0572,2.3477,0.7095,15.8726,6.0612,NA,5190.4276,NA,NA,NA
python.exe,24084,0x0,Other,-1,0,0,Composed: Copy with GPU GDI,2026-8-20 19:20:59.995598900,3.4405,3.4405,0.0000,2.2413,1.9030,0.8521,1.0509,20.9270,6.0657,-5.0544,5191.4344,NA,NA,NA
python.exe,24084,0x0,Other,-1,0,0,Composed: Copy with GPU GDI,2026-8-20 19:20:59.999039400,7.6594,7.6594,0.0000,0.7070,7.5825,0.7600,6.8225,23.5522,5.0449,-2.6252,5194.8749,NA,NA,NA
python.exe,24084,0x0,Other,-1,0,0,Composed: Copy with GPU GDI,2026-8-20 19:21:00.006698800,4.3953,4.3953,0.0000,0.6329,3.9661,0.3389,3.6272,NA,NA,2.6145,5202.5343,NA,NA,NA
python.exe,24084,0x0,Other,-1,0,0,Composed: Copy with GPU GDI,2026-8-20 19:21:00.011094100,1.3623,1.3623,0.0000,0.2072,3.3959,2.3720,1.0239,16.5424,7.0914,NA,5206.9296,NA,NA,NA
python.exe,24084,0x0,Other,-1,0,0,Composed: Copy with GPU GDI,2026-8-20 19:21:00.012456400,4.7964,4.7964,0.0000,2.2453,3.3503,0.9728,2.3775,22.2715,6.0649,-5.7291,5208.2919,NA,NA,NA
python.exe,24084,0x0,Other,-1,0,0,Composed: Copy with GPU GDI,2026-8-20 19:21:00.017252800,5.2058,5.2058,0.0000,0.8027,4.7113,0.4065,4.3048,23.5400,3.5003,-1.2685,5213.0883,NA,NA,NA
python.exe,24084,0x0,Other,-1,0,0,Composed: Copy with GPU GDI,2026-8-20 19:21:00.022458600,6.8825,6.8825,0.0000,0.3142,6.9740,0.5302,6.4438,NA,NA,1.7055,5218.2941,NA,NA,NA
python.exe,24084,0x0,Other,-1,0,0,Composed: Copy with GPU GDI,2026-8-20 19:21:00.029341100,0.6072,0.6072,0.0000,0.4097,2.9412,2.8782,0.0630,14.9520,8.6264,NA,5225.1766,NA,NA,NA
python.exe,24084,0x0,Other,-1,0,0,Composed: Copy with GPU GDI,2026-8-20 19:21:00.029948300,8.4021,8.4021,0.0000,2.7464,5.9500,0.4006,5.5494,22.9712,6.0711,-8.0192,5225.7838,NA,NA,NA
python.exe,24084,0x0,Other,-1,0,0,Composed: Copy with GPU GDI,2026-8-20 19:21:00.038350400,4.1274,4.1274,0.0000,0.2973,4.1360,0.3824,3.7536,20.6402,1.9791,2.3310,5234.1859,NA,NA,NA
python.exe,24084,0x0,Other,-1,0,0,Composed: Copy with GPU GDI,2026-8-20 19:21:00.042477800,3.2158,3.2158,0.0000,0.3086,5.9226,3.1596,2.7630,NA,NA,2.1483,5238.3133,NA,NA,NA
python.exe,24084,0x0,Other,-1,0,0,Composed: Copy with GPU GDI,2026-8-20 19:21:00.045693600,3.8339,3.8339,0.0000,3.0183,0.9824,0.2772,0.7052,15.2761,10.1532,NA,5241.5291,NA,NA,NA
python.exe,24084,0x0,Other,-1,0,0,Composed: Copy with GPU GDI,2026-8-20 19:21:00.049527500,4.6791,4.6791,0.0000,0.1695,4.7645,0.3298,4.4347,21.5954,6.0635,-6.3193,5245.3630,NA,NA,NA
python.exe,24084,0x0,Other,-1,0,0,Composed: Copy with GPU GDI,2026-8-20 19:21:00.054206600,7.0499,7.0499,0.0000,0.2579,7.0689,0.3927,6.6762,NA,NA,NA,NA,NA,NA,NA
python.exe,24084,0x0,Other,-1,0,0,Composed: Copy with GPU GDI,2026-8-20 19:21:00.061256500,1.1123,1.1123,0.0000,0.2809,3.0512,2.3365,0.7147,NA,NA,5.6655,5257.0920,NA,NA,NA
python.exe,24084,0x0,Other,-1,0,0,Composed: Copy with GPU GDI,2026-8-20 19:21:00.062368800,2.3649,2.3649,0.0000,2.2242,0.3003,0.2795,0.0208,14.8176,6.0691,NA,5258.2043,NA,NA,NA
python.exe,24084,0x0,Other,-1,0,0,Composed: Copy with GPU GDI,2026-8-20 19:21:00.064733700,8.4323,8.4323,0.0000,0.1645,8.6472,0.4638,8.1834,18.5218,11.0423,-3.7042,5260.5692,NA,NA,NA
python.exe,24084,0x0,Other,-1,0,0,Composed: Copy with GPU GDI,2026-8-20 19:21:00.073166000,3.9500,3.9500,0.0000,0.3823,3.8898,0.3955,3.4943,NA,NA,NA,NA,NA,NA,NA
python.exe,24084,0x0,Other,-1,0,0,Composed: Copy with GPU GDI,2026-8-20 19:21:00.077116000,6.5410,6.5410,0.0000,9.5581,0.2689,0.2689,0.0000,NA,NA,1.3400,5272.9515,NA,NA,NA
python.exe,24084,0x0,Other,-1,0,0,Composed: Copy with GPU GDI,2026-8-20 19:21:00.083657000,0.3259,0.3259,0.0000,0.0000,9.2319,3.1529,6.0790,10.6408,13.2199,NA,5279.4925,NA,NA,NA
python.exe,24084,0x0,Other,-1,0,0,Composed: Copy with GPU GDI,2026-8-20 19:21:00.083982900,10.4804,10.4804,0.0000,2.9631,7.7868,0.3715,7.4153,23.5348,3.4470,-12.8940,5279.8184,NA,NA,NA
python.exe,24084,0x0,Other,-1,0,0,Composed: Copy with GPU GDI,2026-8-20 19:21:00.094463300,0.8246,0.8246,0.0000,3.8871,0.2573,0.2573,0.0000,NA,NA,7.0334,5290.2988,NA,NA,NA
python.exe,24084,0x0,Other,-1,0,0,Composed: Copy with GPU GDI,2026-8-20 19:21:00.095287900,0.8289,0.8289,0.0000,0.0000,3.6134,3.1572,0.4562,15.6768,8.6932,NA,5291.1234,NA,NA,NA
python.exe,24084,0x0,Other,-1,0,0,Composed: Copy with GPU GDI,2026-8-20 19:21:00.096116800,9.4486,9.4486,0.0000,2.4933,7.2577,0.3845,6.8732,23.5411,6.0642,-7.8643,5291.9523,NA,NA,NA
python.exe,24084,0x0,Other,-1,0,0,Composed: Copy with GPU GDI,2026-8-20 19:21:00.105565400,3.3391,3.3391,0.0000,0.3067,3.1923,0.2563,2.9360,20.1567,1.9081,3.3844,5301.4009,NA,NA,NA
python.exe,24084,0x0,Other,-1,0,0,Composed: Copy with GPU GDI,2026-8-20 19:21:00.108904500,3.5277,3.5277,0.0000,0.1631,6.7539,3.5035,3.2504,NA,NA,1.4310,5304.7400,NA,NA,NA
python.exe,24084,0x0,Other,-1,0,0,Composed: Copy with GPU GDI,2026-8-20 19:21:00.112432200,4.4578,4.4578,0.0000,3.3938,1.4557,0.4876,0.9681,15.1980,10.2260,NA,5308.2677,NA,NA,NA
python.exe,24084,0x0,Other,-1,0,0,Composed: Copy with GPU GDI,2026-8-20 19:21:00.116890000,3.1612,3.1612,0.0000,0.3946,2.9784,0.3543,2.6241,20.9662,6.0698,-5.7682,5312.7255,NA,NA,NA
python.exe,24084,0x0,Other,-1,0,0,Composed: Copy with GPU GDI,2026-8-20 19:21:00.120051200,7.8823,7.8823,0.0000,0.2154,7.9638,0.3791,7.5847,NA,NA,-2.9086,5315.8867,NA,NA,NA
python.exe,24084,0x0,Other,-1,0,0,Composed: Copy with GPU GDI,2026-8-20 19:21:00.127933500,1.5027,1.5027,0.0000,0.3001,3.5422,2.4454,1.0968,15.9925,6.0801,NA,5323.7690,NA,NA,NA
python.exe,24084,0x0,Other,-1,0,0,Composed: Copy with GPU GDI,2026-8-20 19:21:00.129436200,3.1931,3.1931,0.0000,2.3444,1.6580,0.9381,0.7199,20.5699,6.0542,-4.5774,5325.2717,NA,NA,NA
python.exe,24084,0x0,Other,-1,0,0,Composed: Copy with GPU GDI,2026-8-20 19:21:00.132629300,7.1637,7.1637,0.0000,0.8132,6.5373,0.2689,6.2684,23.4310,4.9027,-2.8611,5328.4648,NA,NA,NA
python.exe,24084,0x0,Other,-1,0,0,Composed: Copy with GPU GDI,2026-8-20 19:21:00.139793000,5.3669,5.3669,0.0000,0.1895,5.3551,0.2572,5.0979,NA,NA,2.2610,5335.6285,NA,NA,NA
python.exe,24084,0x0,Other,-1,0,0,Composed: Copy with GPU GDI,2026-8-20 19:21:00.145159900,0.7627,0.7627,0.0000,0.1806,2.8734,2.4259,0.4475,15.8031,7.2285,NA,5340.9954,NA,NA,NA
python.exe,24084,0x0,Other,-1,0,0,Composed: Copy with GPU GDI,2026-8-20 19:21:00.145922600,4.2710,4.2710,0.0000,2.2960,2.2335,0.3827,1.8508,22.2689,6.0634,-6.4658,5341.7581,NA,NA,NA
python.exe,24084,0x0,Other,-1,0,0,Composed: Copy with GPU GDI,2026-8-20 19:21:00.150193600,6.5488,6.5488,0.0000,0.2611,6.7423,0.5466,6.1957,24.0613,3.3779,-1.7924,5346.0291,NA,NA,NA
python.exe,24084,0x0,Other,-1,0,0,Composed: Copy with GPU GDI,2026-8-20 19:21:00.156742400,6.3579,6.3579,0.0000,0.4572,6.0642,0.3076,5.7566,NA,NA,3.1709,5352.5779,NA,NA,NA
python.exe,24084,0x0,Other,-1,0,0,Composed: Copy with GPU GDI,2026-8-20 19:21:00.163100300,0.6178,0.6178,0.0000,0.1670,2.6966,2.3534,0.3432,14.5325,8.7399,NA,5358.9358,NA,NA,NA
python.exe,24084,0x0,Other,-1,0,0,Composed: Copy with GPU GDI,2026-8-20 19:21:00.163718100,4.7122,4.7122,0.0000,2.2500,2.6849,0.3843,2.3006,22.6546,6.0856,-8.1221,5359.5536,NA,NA,NA
python.exe,24084,0x0,Other,-1,0,0,Composed: Copy with GPU GDI,2026-8-20 19:21:00.168430300,6.6253,6.6253,0.0000,0.2257,6.7378,0.4576,6.2802,24.0280,1.8563,-1.3734,5364.2658,NA,NA,NA
python.exe,24084,0x0,Other,-1,0,0,Composed: Copy with GPU GDI,2026-8-20 19:21:00.175055600,4.2375,4.2375,0.0000,0.3416,7.0067,3.2702,3.7365,NA,NA,4.7690,5370.8911,NA,NA,NA
python.exe,24084,0x0,Other,-1,0,0,Composed: Copy with GPU GDI,2026-8-20 19:21:00.179293100,4.4423,4.4423,0.0000,3.1158,1.6872,0.4592,1.2280,NA,NA,NA,NA,NA,NA,NA
python.exe,24084,0x0,Other,-1,0,0,Composed: Copy with GPU GDI,2026-8-20 19:21:00.183735400,2.0590,2.0590,0.0000,0.3653,2.0401,0.4153,1.6248,10.5792,10.2697,NA,5379.5709,NA,NA,NA
python.exe,24084,0x0,Other,-1,0,0,Composed: Copy with GPU GDI,2026-8-20 19:21:00.185794400,9.5512,9.5512,0.0000,0.3498,9.4591,0.3830,9.0761,NA,NA,-8.2107,5381.6299,NA,NA,NA
python.exe,24084,0x0,Other,-1,0,0,Composed: Copy with GPU GDI,2026-8-20 19:21:00.195345600,0.8436,0.8436,0.0000,0.2628,2.9360,2.4694,0.4666,9.2387,12.1352,NA,5391.1811,NA,NA,NA
python.exe,24084,0x0,Other,-1,0,0,Composed: Copy with GPU GDI,2026-8-20 19:21:00.196189200,3.1939,3.1939,0.0000,2.3585,1.8281,1.2307,0.5974,20.5303,6.0702,-11.2916,5392.0247,NA,NA,NA
python.exe,24084,0x0,Other,-1,0,0,Composed: Copy with GPU GDI,2026-8-20 19:21:00.199383100,7.3204,7.3204,0.0000,0.9950,6.6206,0.3772,6.2434,23.4066,4.8427,-2.8763,5395.2186,NA,NA,NA
python.exe,24084,0x0,Other,-1,0,0,Composed: Copy with GPU GDI,2026-8-20 19:21:00.206703500,5.5773,5.5773,0.0000,0.2985,5.5877,0.4221,5.1656,NA,NA,NA,NA,NA,NA,NA
python.exe,24084,0x0,Other,-1,0,0,Composed: Copy with GPU GDI,2026-8-20 19:21:00.212280800,2.3528,2.3528,0.0000,4.8659,0.2551,0.2551,0.0000,NA,NA,8.0550,5408.1163,NA,NA,NA
python.exe,24084,0x0,Other,-1,0,0,Composed: Copy with GPU GDI,2026-8-20 19:21:00.214633600,2.0402,2.0402,0.0000,0.0000,4.5530,2.6530,1.9000,12.9988,13.3547,NA,5410.4691,NA,NA,NA
python.exe,24084,0x0,Other,-1,0,0,Composed: Copy with GPU GDI,2026-8-20 19:21:00.216673800,6.1189,6.1189,0.0000,0.7308,5.7032,0.4055,5.2977,24.3133,3.3030,-11.3145,5412.5093,NA,NA,NA
python.exe,24084,0x0,Other,-1,0,0,Composed: Copy with GPU GDI,2026-8-20 19:21:00.222792700,5.7710,5.7710,0.0000,8.2981,0.6169,0.6169,0.0000,NA,NA,2.8159,5418.6282,NA,NA,NA
python.exe,24084,0x0,Other,-1,0,0,Composed: Copy with GPU GDI,2026-8-20 19:21:00.228563700,0.3236,0.3236,0.0000,0.0000,7.9777,2.6799,5.2978,15.7264,8.8334,NA,5424.3992,NA,NA,NA
python.exe,24084,0x0,Other,-1,0,0,Composed: Copy with GPU GDI,2026-8-20 19:21:00.228887300,6.0049,6.0049,0.0000,2.8233,3.4447,0.3929,3.0518,24.2362,6.0653,-8.5098,5424.7228,NA,NA,NA
python.exe,24084,0x0,Other,-1,0,0,Composed: Copy with GPU GDI,2026-8-20 19:21:00.234892200,7.0930,7.0930,0.0000,0.2680,7.1597,0.4405,6.7192,24.2966,1.7716,-0.0604,5430.7277,NA,NA,NA
python.exe,24084,0x0,Other,-1,0,0,Composed: Copy with GPU GDI,2026-8-20 19:21:00.241985200,3.9586,3.9586,0.0000,0.3383,6.8063,3.2931,3.5132,NA,NA,5.3214,5437.8207,NA,NA,NA
python.exe,24084,0x0,Other,-1,0,0,Composed: Copy with GPU GDI,2026-8-20 19:21:00.245943800,3.9067,3.9067,0.0000,3.1913,0.9725,0.3730,0.5995,15.0166,10.3608,NA,5441.7793,NA,NA,NA
python.exe,24084,0x0,Other,-1,0,0,Composed: Copy with GPU GDI,2026-8-20 19:21:00.249850500,4.2419,4.2419,0.0000,0.2607,4.6603,0.7651,3.8952,21.4707,6.0700,-6.4541,5445.6860,NA,NA,NA
python.exe,24084,0x0,Other,-1,0,0,Composed: Copy with GPU GDI,2026-8-20 19:21:00.254092400,7.2467,7.2467,0.0000,0.6813,6.9058,0.4148,6.4910,23.2988,0.2483,-1.8281,5449.9279,NA,NA,NA
python.exe,24084,0x0,Other,-1,0,0,Composed: Copy with GPU GDI,2026-8-20 19:21:00.261339100,2.0372,2.0372,0.0000,4.5358,0.6323,0.6323,0.0000,NA,NA,6.9984,5457.1746,NA,NA,NA
python.exe,24084,0x0,Other,-1,0,0,Composed: Copy with GPU GDI,2026-8-20 19:21:00.263376300,2.3374,2.3374,0.0000,0.0000,4.1928,2.6208,1.5720,14.2632,11.8832,NA,5459.2118,NA,NA,NA
python.exe,24084,0x0,Other,-1,0,0,Composed: Copy with GPU GDI,2026-8-20 19:21:00.265713700,7.4447,7.4447,0.0000,0.7957,6.8349,0.2729,6.5620,23.8090,4.8090,-9.5458,5461.5492,NA,NA,NA
python.exe,24084,0x0,Other,-1,0,0,Composed: Copy with GPU GDI,2026-8-20 19:21:00.273158400,4.6470,4.6470,0.0000,0.1887,4.7006,0.3692,4.3314,NA,NA,2.6357,5468.9939,NA,NA,NA
python.exe,24084,0x0,Other,-1,0,0,Composed: Copy with GPU GDI,2026-8-20 19:21:00.277805400,1.9689,1.9689,0.0000,0.2471,4.1001,2.5033,1.5968,16.5263,7.3354,NA,5473.6409,NA,NA,NA
python.exe,24084,0x0,Other,-1,0,0,Composed: Copy with GPU GDI,2026-8-20 19:21:00.279774300,3.8571,3.8571,0.0000,2.3819,1.7361,0.3849,1.3512,21.8928,6.0615,-5.3665,5475.6098,NA,NA,NA
python.exe,24084,0x0,Other,-1,0,0,Composed: Copy with GPU GDI,2026-8-20 19:21:00.283631400,6.1354,6.1354,0.0000,0.2640,6.1540,0.3935,5.7605,24.0972,3.2311,-2.2044,5479.4669,NA,NA,NA
python.exe,24084,0x0,Other,-1,0,0,Composed: Copy with GPU GDI,2026-8-20 19:21:00.289766800,5.4319,5.4319,0.0000,7.8640,0.6260,0.6260,0.0000,NA,NA,2.9043,5485.6023,NA,NA,NA
python.exe,24084,0x0,Other,-1,0,0,Composed: Copy with GPU GDI,2026-8-20 19:21:00.295198700,0.6552,0.6552,0.0000,0.0000,7.5783,2.5771,5.0012,15.7610,8.8832,NA,5491.0342,NA,NA,NA
python.exe,24084,0x0,Other,-1,0,0,Composed: Copy with GPU GDI,2026-8-20 19:21:00.295853900,6.0847,6.0847,0.0000,2.4051,3.9946,0.4112,3.5834,23.9890,6.0775,-8.2280,5491.6894,NA,NA,NA
python.exe,24084,0x0,Other,-1,0,0,Composed: Copy with GPU GDI,2026-8-20 19:21:00.301938600,5.8413,5.8413,0.0000,0.3194,5.8146,0.3867,5.4279,23.9818,1.7044,0.0072,5497.7741,NA,NA,NA
python.exe,24084,0x0,Other,-1,0,0,Composed: Copy with GPU GDI,2026-8-20 19:21:00.307779900,8.4563,8.4563,0.0000,10.9532,0.2105,0.2105,0.0000,NA,NA,4.1369,5503.6154,NA,NA,NA
python.exe,24084,0x0,Other,-1,0,0,Composed: Copy with GPU GDI,2026-8-20 19:21:00.316236200,0.1930,0.1930,0.0000,0.0000,10.6546,2.6081,8.0465,11.3886,10.4278,NA,5512.0717,NA,NA,NA
python.exe,24084,0x0,Other,-1,0,0,Composed: Copy with GPU GDI,2026-8-20 19:21:00.316429200,4.0603,4.0603,0.0000,2.5176,2.1293,0.6906,1.4387,21.6234,6.0765,-10.2348,5512.2647,NA,NA,NA
python.exe,24084,0x0,Other,-1,0,0,Composed: Copy with GPU GDI,2026-8-20 19:21:00.320489500,6.9816,6.9816,0.0000,0.5906,6.7185,0.4075,6.3110,NA,NA,-2.0162,5516.3250,NA,NA,NA
python.exe,24084,0x0,Other,-1,0,0,Composed: Copy with GPU GDI,2026-8-20 19:21:00.327471100,1.3342,1.3342,0.0000,0.3305,3.2719,2.3622,0.9097,16.6580,6.0552,NA,5523.3066,NA,NA,NA
python.exe,24084,0x0,Other,-1,0,0,Composed: Copy with GPU GDI,2026-8-20 19:21:00.328805300,3.8688,3.8688,0.0000,2.2726,2.4285,0.9393,1.4892,21.3790,6.0804,-4.7210,5524.6408,NA,NA,NA
python.exe,24084,0x0,Other,-1,0,0,Composed: Copy with GPU GDI,2026-8-20 19:21:00.332674100,6.4457,6.4457,0.0000,0.8358,6.1924,0.6807,5.5117,23.5906,4.7016,-2.2116,5528.5096,NA,NA,NA
python.exe,24084,0x0,Other,-1,0,0,Composed: Copy with GPU GDI,2026-8-20 19:21:00.339119800,4.9973,4.9973,0.0000,0.5849,4.7227,0.4003,4.3224,NA,NA,1.7441,5534.9553,NA,NA,NA
python.exe,24084,0x0,Other,-1,0,0,Composed: Copy with GPU GDI,2026-8-20 19:21:00.344117100,1.1826,1.1826,0.0000,0.3154,3.0038,2.2319,0.7719,16.8492,7.4161,NA,5539.9526,NA,NA,NA
python.exe,24084,0x0,Other,-1,0,0,Composed: Copy with GPU GDI,2026-8-20 19:21:00.345299700,4.7520,4.7520,0.0000,2.1404,2.9045,0.3817,2.5228,23.0827,6.0558,-6.2335,5541.1352,NA,NA,NA
python.exe,24084,0x0,Other,-1,0,0,Composed: Copy with GPU GDI,2026-8-20 19:21:00.350051700,6.1708,6.1708,0.0000,0.2971,6.1702,0.3861,5.7841,24.3865,3.1906,-1.3038,5545.8872,NA,NA,NA
python.exe,24084,0x0,Other,-1,0,0,Composed: Copy with GPU GDI,2026-8-20 19:21:00.356222500,6.0598,6.0598,0.0000,9.4167,0.2553,0.2553,0.0000,NA,NA,2.9802,5552.0580,NA,NA,NA
python.exe,24084,0x0,Other,-1,0,0,Composed: Copy with GPU GDI,2026-8-20 19:21:00.362282300,0.8842,0.8842,0.0000,0.0000,9.1154,3.4719,5.6435,NA,NA,NA,NA,NA,NA,NA
python.exe,24084,0x0,Other,-1,0,0,Composed: Copy with GPU GDI,2026-8-20 19:21:00.363166500,4.7126,4.7126,0.0000,2.7305,2.2859,0.3878,1.8981,14.4623,8.9511,NA,5559.0020,NA,NA,NA
python.exe,24084,0x0,Other,-1,0,0,Composed: Copy with GPU GDI,2026-8-20 19:21:00.367879100,7.1136,7.1136,0.0000,0.3069,7.2161,0.4795,6.7366,18.7008,7.7189,-4.2385,5563.7146,NA,NA,NA
python.exe,24084,0x0,Other,-1,0,0,Composed: Copy with GPU GDI,2026-8-20 19:21:00.374992700,4.0449,4.0449,0.0000,0.4125,6.8541,3.3311,3.5230,NA,NA,-0.6053,5570.8282,NA,NA,NA
python.exe,24084,0x0,Other,-1,0,0,Composed: Copy with GPU GDI,2026-8-20 19:21:00.379037600,3.8777,3.8777,0.0000,3.2247,0.9455,0.3820,0.5635,15.2612,10.4910,NA,5574.8731,NA,NA,NA
python.exe,24084,0x0,Other,-1,0,0,Composed: Copy with GPU GDI,2026-8-20 19:21:00.382915300,4.6112,4.6112,0.0000,0.2951,4.8173,0.5772,4.2401,21.8745,6.0613,-6.6133,5578.7508,NA,NA,NA
python.exe,24084,0x0,Other,-1,0,0,Composed: Copy with GPU GDI,2026-8-20 19:21:00.387526500,7.0751,7.0751,0.0000,0.5029,6.8437,0.3665,6.4772,NA,NA,-1.4501,5583.3620,NA,NA,NA
python.exe,24084,0x0,Other,-1,0,0,Composed: Copy with GPU GDI,2026-8-20 19:21:00.394601600,0.8634,0.8634,0.0000,0.2748,2.8904,2.3946,0.4958,16.2495,6.0718,NA,5590.4371,NA,NA,NA
python.exe,24084,0x0,Other,-1,0,0,Composed: Copy with GPU GDI,2026-8-20 19:21:00.395465000,3.2279,3.2279,0.0000,2.3064,1.2111,0.4013,0.8098,21.4579,6.0650,-5.2084,5591.3005,NA,NA,NA
python.exe,24084,0x0,Other,-1,0,0,Composed: Copy with GPU GDI,2026-8-20 19:21:00.398692900,6.4202,6.4202,0.0000,0.2953,6.4470,0.4475,5.9995,24.2950,4.6416,-2.8371,5594.5284,NA,NA,NA
python.exe,24084,0x0,Other,-1,0,0,Composed: Copy with GPU GDI,2026-8-20 19:21:00.405113100,6.2825,6.2825,0.0000,0.3245,6.5405,0.6692,5.8713,NA,NA,NA,NA,NA,NA,NA
python.exe,24084,0x0,Other,-1,0,0,Composed: Copy with GPU GDI,2026-8-20 19:21:00.411395600,4.4552,4.4552,0.0000,6.9153,0.6433,0.6433,0.0000,NA,NA,8.0611,5607.2311,NA,NA,NA
python.exe,24084,0x0,Other,-1,0,0,Composed: Copy with GPU GDI,2026-8-20 19:21:00.415850800,1.5157,1.5157,0.0000,0.0000,6.3311,2.5716,3.7595,11.7787,13.5597,NA,5611.6863,NA,NA,NA
python.exe,24084,0x0,Other,-1,0,0,Composed: Copy with GPU GDI,2026-8-20 19:21:00.417366500,5.5896,5.5896,0.0000,1.5898,4.3237,0.4155,3.9082,23.8227,3.0985,-12.0440,5613.2020,NA,NA,NA
python.exe,24084,0x0,Other,-1,0,0,Composed: Copy with GPU GDI,2026-8-20 19:21:00.422956100,5.7837,5.7837,0.0000,8.2193,0.6406,0.6406,0.0000,NA,NA,2.4911,5618.7916,NA,NA,NA
python.exe,24084,0x0,Other,-1,0,0,Composed: Copy with GPU GDI,2026-8-20 19:21:00.428739800,0.7809,0.7809,0.0000,0.0000,7.8891,2.5365,5.3526,15.5479,9.0301,NA,5624.5753,NA,NA,NA
python.exe,24084,0x0,Other,-1,0,0,Composed: Copy with GPU GDI,2026-8-20 19:21:00.429520700,5.4400,5.4400,0.0000,2.2979,3.5381,0.4838,3.0543,23.7971,6.0637,-8.2492,5625.3562,NA,NA,NA
python.exe,24084,0x0,Other,-1,0,0,Composed: Copy with GPU GDI,2026-8-20 19:21:00.434960700,6.9407,6.9407,0.0000,0.4034,6.9523,0.5061,6.4462,24.4208,1.5945,-0.6237,5630.7962,NA,NA,NA
python.exe,24084,0x0,Other,-1,0,0,Composed: Copy with GPU GDI,2026-8-20 19:21:00.441901400,4.4230,4.4230,0.0000,0.4174,7.2991,3.4607,3.8384,NA,NA,5.3462,5637.7369,NA,NA,NA
python.exe,24084,0x0,Other,-1,0,0,Composed: Copy with GPU GDI,2026-8-20 19:21:00.446324400,3.4851,3.4851,0.0000,3.2973,0.3512,0.2726,0.0786,14.6516,10.5385,NA,5642.1599,NA,NA,NA
python.exe,24084,0x0,Other,-1,0,0,Composed: Copy with GPU GDI,2026-8-20 19:21:00.449809500,3.4368,3.4368,0.0000,0.1661,3.5214,0.3398,3.1816,21.7050,6.1012,-7.0534,5645.6450,NA,NA,NA
python.exe,24084,0x0,Other,-1,0,0,Composed: Copy with GPU GDI,2026-8-20 19:21:00.453246300,7.4921,7.4921,0.0000,0.2553,7.4646,0.3007,7.1639,24.3694,0.0683,-2.6644,5649.0818,NA,NA,NA
python.exe,24084,0x0,Other,-1,0,0,Composed: Copy with GPU GDI,2026-8-20 19:21:00.460738400,2.5164,2.5164,0.0000,4.9572,0.2512,0.2512,0.0000,NA,NA,7.4238,5656.5739,NA,NA,NA
python.exe,24084,0x0,Other,-1,0,0,Composed: Copy with GPU GDI,2026-8-20 19:21:00.463254800,1.4242,1.4242,0.0000,0.0000,4.7255,2.5623,2.1632,14.4292,12.0350,NA,5659.0903,NA,NA,NA
python.exe,24084,0x0,Other,-1,0,0,Composed: Copy with GPU GDI,2026-8-20 19:21:00.464679000,7.4308,7.4308,0.0000,1.2707,6.8253,0.7525,6.0728,NA,NA,NA,NA,NA,NA,NA
python.exe,24084,0x0,Other,-1,0,0,Composed: Copy with GPU GDI,2026-8-20 19:21:00.472109800,5.1373,5.1373,0.0000,0.6674,4.9325,0.5276,4.4049,17.6092,4.5734,-3.1800,5667.9453,NA,NA,NA
python.exe,24084,0x0,Other,-1,0,0,Composed: Copy with GPU GDI,2026-8-20 19:21:00.477247100,1.5284,1.5284,0.0000,0.4663,3.2116,2.2488,0.9628,NA,NA,0.5639,5673.0826,NA,NA,NA
python.exe,24084,0x0,Other,-1,0,0,Composed: Copy with GPU GDI,2026-8-20 19:21:00.478775500,4.5448,4.5448,0.0000,2.1532,2.7915,0.4877,2.3038,15.5169,7.5874,NA,5674.6110,NA,NA,NA
python.exe,24084,0x0,Other,-1,0,0,Composed: Copy with GPU GDI,2026-8-20 19:21:00.483320300,6.6899,6.6899,0.0000,0.4036,6.5700,0.3765,6.1935,18.5595,9.0775,-3.0426,5679.1558,NA,NA,NA
python.exe,24084,0x0,Other,-1,0,0,Composed: Copy with GPU GDI,2026-8-20 19:21:00.490010200,5.4073,5.4073,0.0000,8.5452,0.2657,0.2657,0.0000,NA,NA,-2.3876,5685.8457,NA,NA,NA
python.exe,24084,0x0,Other,-1,0,0,Composed: Copy with GPU GDI,2026-8-20 19:21:00.495417500,1.5694,1.5694,0.0000,0.0000,8.2564,3.2485,5.0079,NA,NA,NA,NA,NA,NA,NA
python.exe,24084,0x0,Other,-1,0,0,Composed: Copy with GPU GDI,2026-8-20 19:21:00.496986900,4.5556,4.5556,0.0000,1.8370,3.1459,0.5124,2.6335,13.9704,9.0963,NA,5692.8224,NA,NA,NA
python.exe,24084,0x0,Other,-1,0,0,Composed: Copy with GPU GDI,2026-8-20 19:21:00.501542500,7.0736,7.0736,0.0000,0.4333,6.8776,0.3204,6.5572,18.5111,7.5725,-4.5407,5697.3780,NA,NA,NA
python.exe,24084,0x0,Other,-1,0,0,Composed: Copy with GPU GDI,2026-8-20 19:21:00.508616100,7.6452,7.6452,0.0000,0.2406,7.6979,0.3744,7.3235,NA,NA,-0.4989,5704.4516,NA,NA,NA
python.exe,24084,0x0,Other,-1,0,0,Composed: Copy with GPU GDI,2026-8-20 19:21:00.516261300,0.2436,0.2436,0.0000,0.2933,2.1951,2.1951,0.0000,11.3648,10.6241,NA,5712.0968,NA,NA,NA
python.exe,24084,0x0,Other,-1,0,0,Composed: Copy with GPU GDI,2026-8-20 19:21:00.516504900,4.2795,4.2795,0.0000,2.2490,2.7851,0.9000,1.8851,21.7453,6.0409,-10.3805,5712.3404,NA,NA,NA
python.exe,24084,0x0,Other,-1,0,0,Composed: Copy with GPU GDI,2026-8-20 19:21:00.520784400,7.3491,7.3491,0.0000,0.7577,6.8863,0.3722,6.5141,NA,NA,-1.7614,5716.6199,NA,NA,NA
python.exe,24084,0x0,Other,-1,0,0,Composed: Copy with GPU GDI,2026-8-20 19:21:00.528133500,0.8732,0.8732,0.0000,0.2976,2.7759,2.2974,0.4785,16.1576,6.0883,NA,5723.9690,NA,NA,NA
python.exe,24084,0x0,Other,-1,0,0,Composed: Copy with GPU GDI,2026-8-20 19:21:00.529006700,3.4609,3.4609,0.0000,2.2046,1.5107,0.4016,1.1091,21.3727,6.0840,-5.2151,5724.8422,NA,NA,NA
python.exe,24084,0x0,Other,-1,0,0,Composed: Copy with GPU GDI,2026-8-20 19:21:00.532467600,6.5290,6.5290,0.0000,0.2574,6.6208,0.4636,6.1572,23.9958,4.4968,-2.6231,5728.3031,NA,NA,NA
python.exe,24084,0x0,Other,-1,0,0,Composed: Copy with GPU GDI,2026-8-20 19:21:00.538996600,6.2109,6.2109,0.0000,0.3510,6.4133,0.6531,5.7602,NA,NA,2.0322,5734.8321,NA,NA,NA
python.exe,24084,0x0,Other,-1,0,0,Composed: Copy with GPU GDI,2026-8-20 19:21:00.545207500,0.6425,0.6425,0.0000,0.5534,2.1896,2.1896,0.0000,15.7527,7.6193,NA,5741.0430,NA,NA,NA
python.exe,24084,0x0,Other,-1,0,0,Composed: Copy with GPU GDI,2026-8-20 19:21:00.545850000,4.4143,4.4143,0.0000,2.1044,2.6036,0.3889,2.2147,22.7295,6.0760,-6.9768,5741.6855,NA,NA,NA
python.exe,24084,0x0,Other,-1,0,0,Composed: Copy with GPU GDI,2026-8-20 19:21:00.550264300,6.7166,6.7166,0.0000,0.2984,6.9657,0.6417,6.3240,24.3912,2.9752,-1.6617,5746.0998,NA,NA,NA
python.exe,24084,0x0,Other,-1,0,0,Composed: Copy with GPU GDI,2026-8-20 19:21:00.556980900,5.5062,5.5062,0.0000,8.5540,0.2445,0.2445,0.0000,NA,NA,3.7414,5752.8164,NA,NA,NA
python.exe,24084,0x0,Other,-1,0,0,Composed: Copy with GPU GDI,2026-8-20 19:21:00.562487100,0.7467,0.7467,0.0000,0.0000,8.0044,3.1663,4.8381,NA,NA,NA,NA,NA,NA,NA
python.exe,24084,0x0,Other,-1,0,0,Composed: Copy with GPU GDI,2026-8-20 19:21:00.563233800,4.7789,4.7789,0.0000,2.5496,2.5282,0.3895,2.1387,14.3969,9.1439,NA,5759.0693,NA,NA,NA
python.exe,24084,0x0,Other,-1,0,0,Composed: Copy with GPU GDI,2026-8-20 19:21:00.568012700,7.7406,7.7406,0.0000,0.3031,7.6526,0.3851,7.2675,18.7619,7.5157,-4.3650,5763.8482,NA,NA,NA
python.exe,24084,0x0,Other,-1,0,0,Composed: Copy with GPU GDI,2026-8-20 19:21:00.575753300,3.5730,3.5730,0.0000,0.2214,6.3620,3.1426,3.2194,NA,NA,0.2249,5771.5888,NA,NA,NA
python.exe,24084,0x0,Other,-1,0,0,Composed: Copy with GPU GDI,2026-8-20 19:21:00.579326300,3.5435,3.5435,0.0000,3.0138,0.6484,0.2275,0.4209,NA,NA,NA,NA,NA,NA,NA
python.exe,24084,0x0,Other,-1,0,0,Composed: Copy with GPU GDI,2026-8-20 19:21:00.582869800,2.9563,2.9563,0.0000,0.1214,3.1009,0.3505,2.7504,11.4205,16.6736,NA,5778.7053,NA,NA,NA
python.exe,24084,0x0,Other,-1,0,0,Composed: Copy with GPU GDI,2026-8-20 19:21:00.585826100,8.4591,8.4591,0.0000,0.2701,8.5173,0.3996,8.1177,NA,NA,-13.7173,5781.6616,NA,NA,NA
python.exe,24084,0x0,Other,-1,0,0,Composed: Copy with GPU GDI,2026-8-20 19:21:00.594285200,1.3691,1.3691,0.0000,0.3309,3.2713,2.3346,0.9367,16.6787,6.1482,NA,5790.1207,NA,NA,NA
python.exe,24084,0x0,Other,-1,0,0,Composed: Copy with GPU GDI,2026-8-20 19:21:00.595654300,3.8363,3.8363,0.0000,2.2374,2.7881,1.3148,1.4733,21.4578,6.0762,-4.7791,5791.4898,NA,NA,NA
python.exe,24084,0x0,Other,-1,0,0,Composed: Copy with GPU GDI,2026-8-20 19:21:00.599490600,5.8692,5.8692,0.0000,1.1922,4.9385,0.3574,4.5811,23.6977,4.4397,-2.2399,5795.3261,NA,NA,NA
python.exe,24084,0x0,Other,-1,0,0,Composed: Copy with GPU GDI,2026-8-20 19:21:00.605359800,5.9971,5.9971,0.0000,0.2640,5.8350,0.4361,5.3989,NA,NA,1.4295,5801.1953,NA,NA,NA
python.exe,24084,0x0,Other,-1,0,0,Composed: Copy with GPU GDI,2026-8-20 19:21:00.611356900,1.0127,1.0127,0.0000,0.1058,3.0745,2.2885,0.7860,16.2711,7.7213,NA,5807.1924,NA,NA,NA
python.exe,24084,0x0,Other,-1,0,0,Composed: Copy with GPU GDI,2026-8-20 19:21:00.612369600,4.5531,4.5531,0.0000,2.1714,2.7180,0.4291,2.2889,22.9797,6.0231,-6.7086,5808.2051,NA,NA,NA
python.exe,24084,0x0,Other,-1,0,0,Composed: Copy with GPU GDI,2026-8-20 19:21:00.616922700,6.1242,6.1242,0.0000,0.3397,6.1130,0.4178,5.6952,24.4497,2.9260,-1.4700,5812.7582,NA,NA,NA
python.exe,24084,0x0,Other,-1,0,0,Composed: Copy with GPU GDI,2026-8-20 19:21:00.623046900,6.5273,6.5273,0.0000,0.3346,6.4561,0.3783,6.0778,NA,NA,NA,NA,NA,NA,NA
python.exe,24084,0x0,Other,-1,0,0,Composed: Copy with GPU GDI,2026-8-20 19:21:00.629574200,0.8953,0.8953,0.0000,0.2669,2.8541,2.3475,0.5066,NA,NA,9.7255,5825.4097,NA,NA,NA
python.exe,24084,0x0,Other,-1,0,0,Composed: Copy with GPU GDI,2026-8-20 19:21:00.630469500,4.5936,4.5936,0.0000,2.2297,2.7487,0.4936,2.2551,13.8289,9.2290,NA,5826.3050,NA,NA,NA
python.exe,24084,0x0,Other,-1,0,0,Composed: Copy with GPU GDI,2026-8-20 19:21:00.635063100,5.5377,5.5377,0.0000,0.3917,5.4807,0.4039,5.0768,18.4643,7.4379,-4.6354,5830.8986,NA,NA,NA
python.exe,24084,0x0,Other,-1,0,0,Composed: Copy with GPU GDI,2026-8-20 19:21:00.640600800,5.6637,5.6637,0.0000,0.3384,7.9695,2.7664,5.2031,NA,NA,-1.9002,5836.4363,NA,NA,NA
python.exe,24084,0x0,Other,-1,0,0,Composed: Copy with GPU GDI,2026-8-20 19:21:00.646264500,3.1361,3.1361,0.0000,2.6489,0.7997,0.4056,0.3941,14.7008,10.7496,NA,5842.1000,NA,NA,NA
python.exe,24084,0x0,Other,-1,0,0,Composed: Copy with GPU GDI,2026-8-20 19:21:00.649400600,4.5888,4.5888,0.0000,0.3151,5.6412,1.4518,4.1894,22.3143,5.9197,-7.6135,5845.2361,NA,NA,NA
python.exe,24084,0x0,Other,-1,0,0,Composed: Copy with GPU GDI,2026-8-20 19:21:00.653989400,7.4111,7.4111,0.0000,1.3704,6.3526,0.3829,5.9697,NA,NA,NA,NA,NA,NA,NA
python.exe,24084,0x0,Other,-1,0,0,Composed: Copy with GPU GDI,2026-8-20 19:21:00.661400500,1.1191,1.1191,0.0000,3.6464,0.2152,0.2152,0.0000,NA,NA,6.0802,5857.2360,NA,NA,NA
python.exe,24084,0x0,Other,-1,0,0,Composed: Copy with GPU GDI,2026-8-20 19:21:00.662519600,2.1549,2.1549,0.0000,0.0000,3.3312,2.6208,0.7104,15.1150,6.2183,NA,5858.3551,NA,NA,NA
python.exe,24084,0x0,Other,-1,0,0,Composed: Copy with GPU GDI,2026-8-20 19:21:00.664674500,7.5867,7.5867,0.0000,0.5905,7.4186,0.4947,6.9239,19.1784,10.4358,-4.0634,5860.5100,NA,NA,NA
python.exe,24084,0x0,Other,-1,0,0,Composed: Copy with GPU GDI,2026-8-20 19:21:00.672261200,5.8858,5.8858,0.0000,0.4259,5.7698,0.4122,5.3576,NA,NA,-2.8491,5868.0967,NA,NA,NA
python.exe,24084,0x0,Other,-1,0,0,Composed: Copy with GPU GDI,2026-8-20 19:21:00.678147000,1.0813,1.0813,0.0000,0.3141,2.9620,2.2900,0.6720,16.1417,7.7665,NA,5873.9825,NA,NA,NA
python.exe,24084,0x0,Other,-1,0,0,Composed: Copy with GPU GDI,2026-8-20 19:21:00.679228300,4.8883,4.8883,0.0000,2.1984,2.9058,0.4171,2.4887,NA,NA,NA,NA,NA,NA,NA
python.exe,24084,0x0,Other,-1,0,0,Composed: Copy with GPU GDI,2026-8-20 19:21:00.684116600,5.3832,5.3832,0.0000,0.2199,5.4388,0.3784,5.0604,17.9386,8.8944,-1.7969,5879.9521,NA,NA,NA
python.exe,24084,0x0,Other,-1,0,0,Composed: Copy with GPU GDI,2026-8-20 19:21:00.689499800,5.8937,5.8937,0.0000,8.3427,0.2586,0.2586,0.0000,NA,NA,-3.5112,5885.3353,NA,NA,NA
python.exe,24084,0x0,Other,-1,0,0,Composed: Copy with GPU GDI,2026-8-20 19:21:00.695393500,1.5797,1.5797,0.0000,0.0000,8.0644,2.5538,5.5106,15.5561,9.3014,NA,5891.2290,NA,NA,NA
python.exe,24084,0x0,Other,-1,0,0,Composed: Copy with GPU GDI,2026-8-20 19:21:00.696973200,8.5675,8.5675,0.0000,1.1305,7.7531,0.3976,7.3555,23.2778,6.0640,-7.7217,5892.8087,NA,NA,NA
python.exe,24084,0x0,Other,-1,0,0,Composed: Copy with GPU GDI,2026-8-20 19:21:00.705540700,3.6267,3.6267,0.0000,0.3208,3.5839,0.3801,3.2038,20.7743,1.3081,2.5035,5901.3762,NA,NA,NA
python.exe,24084,0x0,Other,-1,0,0,Composed: Copy with GPU GDI,2026-8-20 19:21:00.709167400,3.8564,3.8564,0.0000,0.2811,6.5240,3.0642,3.4598,NA,NA,2.3186,5905.0029,NA,NA,NA
python.exe,24084,0x0,Other,-1,0,0,Composed: Copy with GPU GDI,2026-8-20 19:21:00.713023800,3.7692,3.7692,0.0000,2.9521,1.1140,0.3864,0.7276,14.5993,10.8300,NA,5908.8593,NA,NA,NA
python.exe,24084,0x0,Other,-1,0,0,Composed: Copy with GPU GDI,2026-8-20 19:21:00.716793000,3.2319,3.2319,0.0000,0.2996,3.3196,0.4673,2.8523,21.6601,5.8426,-7.0608,5912.6285,NA,NA,NA
python.exe,24084,0x0,Other,-1,0,0,Composed: Copy with GPU GDI,2026-8-20 19:21:00.720024900,8.0475,8.0475,0.0000,0.3921,7.9704,0.3835,7.5869,NA,NA,-2.6107,5915.8604,NA,NA,NA
python.exe,24084,0x0,Other,-1,0,0,Composed: Copy with GPU GDI,2026-8-20 19:21:00.728072400,1.4169,1.4169,0.0000,0.3178,3.3542,2.3564,0.9978,16.2233,6.2874,NA,5923.9079,NA,NA,NA
python.exe,24084,0x0,Other,-1,0,0,Composed: Copy with GPU GDI,2026-8-20 19:21:00.729489300,3.1457,3.1457,0.0000,2.2598,1.1897,0.4005,0.7892,21.0938,6.0644,-4.8705,5925.3248,NA,NA,NA
python.exe,24084,0x0,Other,-1,0,0,Composed: Copy with GPU GDI,2026-8-20 19:21:00.732635000,6.8630,6.8630,0.0000,0.3056,7.0219,0.5444,6.4775,24.0125,4.3107,-2.9187,5928.4705,NA,NA,NA
python.exe,24084,0x0,Other,-1,0,0,Composed: Copy with GPU GDI,2026-8-20 19:21:00.739498000,5.3159,5.3159,0.0000,0.4673,5.1225,0.4051,4.7174,NA,NA,NA,NA,NA,NA,NA
python.exe,24084,0x0,Other,-1,0,0,Composed: Copy with GPU GDI,2026-8-20 19:21:00.744813900,4.5137,4.5137,0.0000,6.9874,0.6584,0.6584,0.0000,NA,NA,7.8682,5940.6494,NA,NA,NA
python.exe,24084,0x0,Other,-1,0,0,Composed: Copy with GPU GDI,2026-8-20 19:21:00.749327600,1.6697,1.6697,0.0000,0.0000,6.7103,2.5798,4.1305,11.6306,13.8990,NA,5945.1631,NA,NA,NA
python.exe,24084,0x0,Other,-1,0,0,Composed: Copy with GPU GDI,2026-8-20 19:21:00.750997300,9.8719,9.8719,0.0000,1.4644,8.7404,0.4016,8.3388,23.8599,2.7595,-12.2293,5946.8328,NA,NA,NA
python.exe,24084,0x0,Other,-1,0,0,Composed: Copy with GPU GDI,2026-8-20 19:21:00.760869200,1.6663,1.6663,0.0000,0.3361,1.6564,0.3926,1.2638,NA,NA,7.1124,5956.7047,NA,NA,NA
python.exe,24084,0x0,Other,-1,0,0,Composed: Copy with GPU GDI,2026-8-20 19:21:00.762535500,1.0754,1.0754,0.0000,0.3305,3.0016,2.3491,0.6525,15.0812,9.3590,NA,5958.3710,NA,NA,NA
python.exe,24084,0x0,Other,-1,0,0,Composed: Copy with GPU GDI,2026-8-20 19:21:00.763610900,8.3259,8.3259,0.0000,2.2607,6.3562,0.3844,5.9718,23.3648,6.0731,-8.2836,5959.4464,NA,NA,NA
python.exe,24084,0x0,Other,-1,0,0,Composed: Copy with GPU GDI,2026-8-20 19:21:00.771936800,3.2499,3.2499,0.0000,0.2936,3.2063,0.3489,2.8574,21.1120,1.2373,2.2528,5967.7723,NA,NA,NA
python.exe,24084,0x0,Other,-1,0,0,Composed: Copy with GPU GDI,2026-8-20 19:21:00.775186700,3.9272,3.9272,0.0000,0.2537,6.5477,2.9903,3.5574,NA,NA,2.0126,5971.0222,NA,NA,NA
python.exe,24084,0x0,Other,-1,0,0,Composed: Copy with GPU GDI,2026-8-20 19:21:00.779113900,3.9955,3.9955,0.0000,2.8775,1.4825,0.4541,1.0284,15.1722,10.8884,NA,5974.9494,NA,NA,NA
python.exe,24084,0x0,Other,-1,0,0,Composed: Copy with GPU GDI,2026-8-20 19:21:00.783109400,4.0221,4.0221,0.0000,0.3672,3.9248,0.3623,3.5625,22.0651,5.7861,-6.8929,5978.9449,NA,NA,NA
python.exe,24084,0x0,Other,-1,0,0,Composed: Copy with GPU GDI,2026-8-20 19:21:00.787131500,7.4408,7.4408,0.0000,0.2718,7.5109,0.4123,7.0986,NA,NA,NA,NA,NA,NA,NA
python.exe,24084,0x0,Other,-1,0,0,Composed: Copy with GPU GDI,2026-8-20 19:21:00.794572300,1.6066,1.6066,0.0000,0.3446,3.5188,2.3639,1.1549,NA,NA,5.6768,5990.4078,NA,NA,NA
python.exe,24084,0x0,Other,-1,0,0,Composed: Copy with GPU GDI,2026-8-20 19:21:00.796178900,2.6599,2.6599,0.0000,2.2602,0.6104,0.3173,0.2931,14.7817,6.3423,NA,5992.0144,NA,NA,NA
python.exe,24084,0x0,Other,-1,0,0,Composed: Copy with GPU GDI,2026-8-20 19:21:00.798838800,6.1630,6.1630,0.0000,0.2140,6.2832,0.4398,5.8434,NA,NA,NA,NA,NA,NA,NA
python.exe,24084,0x0,Other,-1,0,0,Composed: Copy with GPU GDI,2026-8-20 19:21:00.805001800,5.8547,5.8547,0.0000,0.3377,5.8162,0.3809,5.4353,12.3011,10.3186,2.4806,6000.8373,NA,NA,NA
python.exe,24084,0x0,Other,-1,0,0,Composed: Copy with GPU GDI,2026-8-20 19:21:00.810856500,1.3648,1.3648,0.0000,0.3029,3.5422,2.5655,0.9767,NA,NA,-4.4639,6006.6920,NA,NA,NA
python.exe,24084,0x0,Other,-1,0,0,Composed: Copy with GPU GDI,2026-8-20 19:21:00.812221300,4.0964,4.0964,0.0000,2.4843,1.9312,0.4079,1.5233,15.4002,7.8969,NA,6008.0568,NA,NA,NA
python.exe,24084,0x0,Other,-1,0,0,Composed: Copy with GPU GDI,2026-8-20 19:21:00.816317700,6.1035,6.1035,0.0000,0.3218,6.1046,0.4071,5.6975,19.2007,6.0512,-3.8005,6012.1532,NA,NA,NA
python.exe,24084,0x0,Other,-1,0,0,Composed: Copy with GPU GDI,2026-8-20 19:21:00.822421200,6.6687,6.6687,0.0000,0.3269,6.6259,0.3866,6.2393,19.1484,2.7155,0.0523,6018.2567,NA,NA,NA
python.exe,24084,0x0,Other,-1,0,0,Composed: Copy with GPU GDI,2026-8-20 19:21:00.829089900,0.6628,0.6628,0.0000,0.2889,3.3723,3.1406,0.2317,15.1952,3.3610,3.9532,6024.9254,NA,NA,NA
python.exe,24084,0x0,Other,-1,0,0,Composed: Copy with GPU GDI,2026-8-20 19:21:00.829752700,9.2821,9.2821,0.0000,3.0029,6.5891,0.4065,6.1826,NA,NA,NA,NA,NA,NA,NA
python.exe,24084,0x0,Other,-1,0,0,Composed: Copy with GPU GDI,2026-8-20 19:21:00.839034800,1.5125,1.5125,0.0000,0.3144,1.4825,0.3521,1.1304,8.6113,13.3035,6.5839,6034.8703,NA,NA,NA
python.exe,24084,0x0,Other,-1,0,0,Composed: Copy with GPU GDI,2026-8-20 19:21:00.840547300,5.0825,5.0825,0.0000,0.2875,7.1068,2.4109,4.6959,NA,NA,-11.7910,6036.3828,NA,NA,NA
python.exe,24084,0x0,Other,-1,0,0,Composed: Copy with GPU GDI,2026-8-20 19:21:00.845629800,3.9209,3.9209,0.0000,2.3164,1.8981,0.3809,1.5172,NA,NA,NA,NA,NA,NA,NA
python.exe,24084,0x0,Other,-1,0,0,Composed: Copy with GPU GDI,2026-8-20 19:21:00.849550700,3.0968,3.0968,0.0000,0.2962,3.0619,0.3433,2.7186,11.3989,10.9619,NA,6045.3862,NA,NA,NA
python.exe,24084,0x0,Other,-1,0,0,Composed: Copy with GPU GDI,2026-8-20 19:21:00.852647500,7.8707,7.8707,0.0000,0.2664,7.8487,0.3119,7.5368,19.2640,5.7163,-7.8651,6048.4830,NA,NA,NA
python.exe,24084,0x0,Other,-1,0,0,Composed: Copy with GPU GDI,2026-8-20 19:21:00.860518200,3.3404,3.3404,0.0000,5.8783,0.4280,0.4280,0.0000,NA,NA,2.1544,6056.3537,NA,NA,NA
python.exe,24084,0x0,Other,-1,0,0,Composed: Copy with GPU GDI,2026-8-20 19:21:00.863858600,0.9151,0.9151,0.0000,0.0000,5.6306,2.6567,2.9739,13.7692,12.4814,NA,6059.6941,NA,NA,NA
python.exe,24084,0x0,Other,-1,0,0,Composed: Copy with GPU GDI,2026-8-20 19:21:00.864773700,7.0550,7.0550,0.0000,2.0533,5.2936,0.3827,4.9109,25.3355,4.1795,-11.5663,6060.6092,NA,NA,NA
python.exe,24084,0x0,Other,-1,0,0,Composed: Copy with GPU GDI,2026-8-20 19:21:00.871828700,6.1004,6.1004,0.0000,0.2952,6.1120,0.4072,5.7048,NA,NA,NA,NA,NA,NA,NA
python.exe,24084,0x0,Other,-1,0,0,Composed: Copy with GPU GDI,2026-8-20 19:21:00.877929100,1.3738,1.3738,0.0000,0.3117,3.2961,2.3381,0.9580,NA,NA,8.9759,6073.7646,NA,NA,NA
python.exe,24084,0x0,Other,-1,0,0,Composed: Copy with GPU GDI,2026-8-20 19:21:00.879302900,3.9492,3.9492,0.0000,2.2376,2.0346,0.4165,1.6181,14.9858,7.9533,NA,6075.1384,NA,NA,NA
python.exe,24084,0x0,Other,-1,0,0,Composed: Copy with GPU GDI,2026-8-20 19:21:00.883252100,6.2353,6.2353,0.0000,0.3262,6.2065,0.3902,5.8163,18.9899,8.7058,-4.0041,6079.0876,NA,NA,NA
python.exe,24084,0x0,Other,-1,0,0,Composed: Copy with GPU GDI,2026-8-20 19:21:00.889487400,5.4203,5.4203,0.0000,7.9529,0.2572,0.2572,0.0000,NA,NA,-2.4705,6085.3229,NA,NA,NA
python.exe,24084,0x0,Other,-1,0,0,Composed: Copy with GPU GDI,2026-8-20 19:21:00.894907700,0.9372,0.9372,0.0000,0.0000,7.6500,2.6346,5.0154,NA,NA,NA,NA,NA,NA,NA
python.exe,24084,0x0,Other,-1,0,0,Composed: Copy with GPU GDI,2026-8-20 19:21:00.895844900,5.6056,5.6056,0.0000,1.8548,4.0704,0.4043,3.6661,15.1029,9.4912,NA,6091.6804,NA,NA,NA
python.exe,24084,0x0,Other,-1,0,0,Composed: Copy with GPU GDI,2026-8-20 19:21:00.901450500,7.2879,7.2879,0.0000,0.3224,7.2759,0.4036,6.8723,18.9885,7.1813,-3.8856,6097.2860,NA,NA,NA
python.exe,24084,0x0,Other,-1,0,0,Composed: Copy with GPU GDI,2026-8-20 19:21:00.908738400,8.2913,8.2913,0.0000,10.9922,0.2416,0.2416,0.0000,NA,NA,0.1066,6104.5739,NA,NA,NA
python.exe,24084,0x0,Other,-1,0,0,Composed: Copy with GPU GDI,2026-8-20 19:21:00.917029700,0.1682,0.1682,0.0000,0.0000,10.6062,2.7545,7.8517,NA,NA,NA,NA,NA,NA,NA
python.exe,24084,0x0,Other,-1,0,0,Composed: Copy with GPU GDI,2026-8-20 19:21:00.917197900,2.3123,2.3123,0.0000,2.4611,0.0716,0.0716,0.0000,10.4224,16.6650,NA,6113.0334,NA,NA,NA
python.exe,24084,0x0,Other,-1,0,0,Composed: Copy with GPU GDI,2026-8-20 19:21:00.919510200,8.3232,8.3232,0.0000,0.4645,8.1578,0.4195,7.7383,NA,NA,NA,NA,NA,NA,NA
python.exe,24084,0x0,Other,-1,0,0,Composed: Copy with GPU GDI,2026-8-20 19:21:00.927833400,0.7441,0.7441,0.0000,0.3033,2.6131,2.2789,0.3342,NA,NA,-6.0295,6123.6689,NA,NA,NA
python.exe,24084,0x0,Other,-1,0,0,Composed: Copy with GPU GDI,2026-8-20 19:21:00.928577500,3.5589,3.5589,0.0000,2.1755,1.6737,0.3891,1.2846,15.7078,6.4945,NA,6124.4130,NA,NA,NA
python.exe,24084,0x0,Other,-1,0,0,Composed: Copy with GPU GDI,2026-8-20 19:21:00.932136400,6.9951,6.9951,0.0000,0.2931,6.9898,0.4131,6.5767,18.6434,10.1749,-2.9356,6127.9719,NA,NA,NA
python.exe,24084,0x0,Other,-1,0,0,Composed: Copy with GPU GDI,2026-8-20 19:21:00.939131500,5.7471,5.7471,0.0000,0.2912,5.7043,0.4149,5.2894,NA,NA,-3.1798,6134.9670,NA,NA,NA
python.exe,24084,0x0,Other,-1,0,0,Composed: Copy with GPU GDI,2026-8-20 19:21:00.944878600,1.4873,1.4873,0.0000,0.2521,4.1104,2.9996,1.1108,16.0761,8.0293,NA,6140.7141,NA,NA,NA
python.exe,24084,0x0,Other,-1,0,0,Composed: Copy with GPU GDI,2026-8-20 19:21:00.946365900,4.5226,4.5226,0.0000,2.8800,1.8888,0.3952,1.4936,NA,NA,NA,NA,NA,NA,NA
python.exe,24084,0x0,Other,-1,0,0,Composed: Copy with GPU GDI,2026-8-20 19:21:00.950888500,5.4271,5.4271,0.0000,0.2493,5.4916,0.3949,5.0967,18.0955,6.0762,-2.0194,6146.7240,NA,NA,NA
python.exe,24084,0x0,Other,-1,0,0,Composed: Copy with GPU GDI,2026-8-20 19:21:00.956315600,5.4925,5.4925,0.0000,0.3184,5.4990,0.3998,5.0992,18.7446,2.6082,-0.6491,6152.1511,NA,NA,NA
python.exe,24084,0x0,Other,-1,0,0,Composed: Copy with GPU GDI,2026-8-20 19:21:00.961808100,1.6585,1.6585,0.0000,0.3278,4.3846,3.2316,1.1530,15.8603,3.4468,2.8843,6157.6436,NA,NA,NA
python.exe,24084,0x0,Other,-1,0,0,Composed: Copy with GPU GDI,2026-8-20 19:21:00.963466600,5.2992,5.2992,0.0000,3.0574,2.6242,0.5189,2.1053,17.6486,18.1935,-1.7883,6159.3021,NA,NA,NA
python.exe,24084,0x0,Other,-1,0,0,Composed: Copy with GPU GDI,2026-8-20 19:21:00.968765800,22.7193,22.7193,0.0000,0.3870,22.5910,0.3831,22.2079,NA,NA,NA,NA,NA,NA,NA
python.exe,24084,0x0,Other,-1,0,0,Composed: Copy with GPU GDI,2026-8-20 19:21:00.991485100,0.6717,0.6717,0.0000,0.2617,0.5012,0.1891,0.3121,7.8236,11.6470,9.8250,6187.3206,NA,NA,NA
python.exe,24084,0x0,Other,-1,0,0,Composed: Copy with GPU GDI,2026-8-20 19:21:00.992156800,0.2378,0.2378,0.0000,0.0942,3.3720,3.3704,0.0016,NA,NA,NA,NA,NA,NA,NA
python.exe,24084,0x0,Other,-1,0,0,Composed: Copy with GPU GDI,2026-8-20 19:21:00.992394600,3.0946,3.0946,0.0000,5.3225,2.1532,2.1532,0.0000,NA,NA,-10.7375,6188.2301,NA,NA,NA
python.exe,24084,0x0,Other,-1,0,0,Composed: Copy with GPU GDI,2026-8-20 19:21:00.995489200,3.0920,3.0920,0.0000,2.2917,1.1050,0.4128,0.6922,15.4665,6.5661,NA,6191.3247,NA,NA,NA
python.exe,24084,0x0,Other,-1,0,0,Composed: Copy with GPU GDI,2026-8-20 19:21:00.998581200,7.8361,7.8361,0.0000,0.3082,7.7025,0.2792,7.4233,NA,NA,NA,NA,NA,NA,NA
python.exe,24084,0x0,Other,-1,0,0,Composed: Copy with GPU GDI,2026-8-20 19:21:01.006417300,4.3878,4.3878,0.0000,0.1768,4.5013,0.3786,4.1227,11.1045,12.1237,4.3620,6202.2528,NA,NA,NA
python.exe,24084,0x0,Other,-1,0,0,Composed: Copy with GPU GDI,2026-8-20 19:21:01.010805100,2.0621,2.0621,0.0000,0.2935,3.9659,2.3220,1.6439,NA,NA,-7.7359,6206.6406,NA,NA,NA
python.exe,24084,0x0,Other,-1,0,0,Composed: Copy with GPU GDI,2026-8-20 19:21:01.012867200,5.1984,5.1984,0.0000,2.2022,3.3323,0.4721,2.8602,NA,NA,NA,NA,NA,NA,NA
python.exe,24084,0x0,Other,-1,0,0,Composed: Copy with GPU GDI,2026-8-20 19:21:01.018065600,4.2527,4.2527,0.0000,0.3393,4.2233,0.3950,3.8283,11.5799,12.1086,NA,6213.9011,NA,NA,NA
python.exe,24084,0x0,Other,-1,0,0,Composed: Copy with GPU GDI,2026-8-20 19:21:01.022318300,7.1679,7.1679,0.0000,0.3126,7.1708,0.4151,6.7557,NA,NA,-7.8559,6218.1538,NA,NA,NA
python.exe,24084,0x0,Other,-1,0,0,Composed: Copy with GPU GDI,2026-8-20 19:21:01.029486200,1.0039,1.0039,0.0000,0.3197,3.7901,3.2827,0.5074,12.2679,12.1556,NA,6225.3217,NA,NA,NA
python.exe,24084,0x0,Other,-1,0,0,Composed: Copy with GPU GDI,2026-8-20 19:21:01.030490100,8.1094,8.1094,0.0000,3.1091,5.3211,0.4329,4.8882,NA,NA,NA,NA,NA,NA,NA
python.exe,24084,0x0,Other,-1,0,0,Composed: Copy with GPU GDI,2026-8-20 19:21:01.038599500,2.5447,2.5447,0.0000,0.3245,2.4733,0.3579,2.1154,15.3102,6.0643,-3.0423,6234.4350,NA,NA,NA
python.exe,24084,0x0,Other,-1,0,0,Composed: Copy with GPU GDI,2026-8-20 19:21:01.041144200,8.7256,8.7256,0.0000,0.2567,8.7634,0.3759,8.3875,NA,NA,NA,NA,NA,NA,NA
python.exe,24084,0x0,Other,-1,0,0,Composed: Copy with GPU GDI,2026-8-20 19:21:01.049869800,0.4968,0.4968,0.0000,0.2972,2.3811,2.2834,0.0977,NA,NA,5.2060,6245.7053,NA,NA,NA
python.exe,24084,0x0,Other,-1,0,0,Composed: Copy with GPU GDI,2026-8-20 19:21:01.050366600,3.2122,3.2122,0.0000,2.1858,1.3692,0.4487,0.9205,9.6074,17.6569,NA,6246.2021,NA,NA,NA
python.exe,24084,0x0,Other,-1,0,0,Composed: Copy with GPU GDI,2026-8-20 19:21:01.053578800,6.9395,6.9395,0.0000,0.3459,7.1442,0.6296,6.5146,NA,NA,NA,NA,NA,NA,NA
python.exe,24084,0x0,Other,-1,0,0,Composed: Copy with GPU GDI,2026-8-20 19:21:01.060518300,1.9619,1.9619,0.0000,0.5535,3.7113,2.4079,1.3034,NA,NA,-7.5052,6256.3538,NA,NA,NA
python.exe,24084,0x0,Other,-1,0,0,Composed: Copy with GPU GDI,2026-8-20 19:21:01.062480200,2.6188,2.6188,0.0000,2.3067,0.5405,0.3169,0.2236,15.1507,6.6128,NA,6258.3157,NA,NA,NA
python.exe,24084,0x0,Other,-1,0,0,Composed: Copy with GPU GDI,2026-8-20 19:21:01.065099000,6.1760,6.1760,0.0000,0.2314,6.2573,0.3838,5.8735,19.1447,6.0726,-3.9940,6260.9345,NA,NA,NA
python.exe,24084,0x0,Other,-1,0,0,Composed: Copy with GPU GDI,2026-8-20 19:21:01.071275000,6.6482,6.6482,0.0000,0.3167,6.7591,0.5177,6.2414,19.0413,3.9700,0.1034,6267.1105,NA,NA,NA
python.exe,24084,0x0,Other,-1,0,0,Composed: Copy with GPU GDI,2026-8-20 19:21:01.077923200,5.2887,5.2887,0.0000,8.5772,0.2762,0.2762,0.0000,NA,NA,2.6782,6273.7587,NA,NA,NA
python.exe,24084,0x0,Other,-1,0,0,Composed: Copy with GPU GDI,2026-8-20 19:21:01.083211900,1.6227,1.6227,0.0000,0.0000,8.1445,3.3879,4.7566,11.0744,14.2183,NA,6279.0474,NA,NA,NA
python.exe,24084,0x0,Other,-1,0,0,Composed: Copy with GPU GDI,2026-8-20 19:21:01.084834600,5.6214,5.6214,0.0000,1.9447,3.8962,0.3887,3.5075,23.6700,2.4458,-12.5956,6280.6701,NA,NA,NA
python.exe,24084,0x0,Other,-1,0,0,Composed: Copy with GPU GDI,2026-8-20 19:21:01.090456000,5.4584,5.4584,0.0000,8.6385,0.2778,0.2778,0.0000,NA,NA,3.1756,6286.2915,NA,NA,NA
python.exe,24084,0x0,Other,-1,0,0,Composed: Copy with GPU GDI,2026-8-20 19:21:01.095914400,1.1347,1.1347,0.0000,0.0000,8.4157,3.2942,5.1215,15.0360,9.6726,NA,6291.7499,NA,NA,NA
python.exe,24084,0x0,Other,-1,0,0,Composed: Copy with GPU GDI,2026-8-20 19:21:01.097049100,8.7677,8.7677,0.0000,2.3272,6.7522,0.3794,6.3728,NA,NA,NA,NA,NA,NA,NA
python.exe,24084,0x0,Other,-1,0,0,Composed: Copy with GPU GDI,2026-8-20 19:21:01.105816800,1.5442,1.5442,0.0000,0.3144,1.5303,0.3690,1.1613,14.8062,6.0629,0.2298,6301.6523,NA,NA,NA
python.exe,24084,0x0,Other,-1,0,0,Composed: Copy with GPU GDI,2026-8-20 19:21:01.107361000,4.5388,4.5388,0.0000,0.3040,6.6853,2.5639,4.1214,NA,NA,NA,NA,NA,NA,NA
python.exe,24084,0x0,Other,-1,0,0,Composed: Copy with GPU GDI,2026-8-20 19:21:01.111899800,4.7317,4.7317,0.0000,2.4546,2.8230,0.6469,2.1761,NA,NA,NA,NA,NA,NA,NA
python.exe,24084,0x0,Other,-1,0,0,Composed: Copy with GPU GDI,2026-8-20 19:21:01.116631500,3.5344,3.5344,0.0000,0.5485,3.2712,0.3537,2.9175,10.0544,17.6206,4.7518,6312.4670,NA,NA,NA
python.exe,24084,0x0,Other,-1,0,0,Composed: Copy with GPU GDI,2026-8-20 19:21:01.120165900,7.5502,7.5502,0.0000,0.2893,7.4887,0.2999,7.1888,NA,NA,NA,NA,NA,NA,NA
python.exe,24084,0x0,Other,-1,0,0,Composed: Copy with GPU GDI,2026-8-20 19:21:01.127716100,1.8971,1.8971,0.0000,4.5956,0.2565,0.2565,0.0000,NA,NA,-6.5360,6323.5516,NA,NA,NA
python.exe,24084,0x0,Other,-1,0,0,Composed: Copy with GPU GDI,2026-8-20 19:21:01.129613200,2.1329,2.1329,0.0000,0.0000,4.3648,2.7893,1.5755,14.6933,6.6636,NA,6325.4487,NA,NA,NA
python.exe,24084,0x0,Other,-1,0,0,Composed: Copy with GPU GDI,2026-8-20 19:21:01.131746100,7.2401,7.2401,0.0000,0.8247,6.5778,0.4180,6.1598,NA,NA,NA,NA,NA,NA,NA
python.exe,24084,0x0,Other,-1,0,0,Composed: Copy with GPU GDI,2026-8-20 19:21:01.138986200,4.9050,4.9050,0.0000,0.1680,5.0648,0.4108,4.6540,11.9839,9.9814,2.7094,6334.8217,NA,NA,NA
python.exe,24084,0x0,Other,-1,0,0,Composed: Copy with GPU GDI,2026-8-20 19:21:01.143891200,1.5468,1.5468,0.0000,0.3316,4.6109,3.5357,1.0752,NA,NA,-5.0764,6339.7267,NA,NA,NA
python.exe,24084,0x0,Other,-1,0,0,Composed: Copy with GPU GDI,2026-8-20 19:21:01.145438000,5.1542,5.1542,0.0000,3.3999,1.9936,0.3985,1.5951,15.5135,8.2269,NA,6341.2735,NA,NA,NA
python.exe,24084,0x0,Other,-1,0,0,Composed: Copy with GPU GDI,2026-8-20 19:21:01.150592200,5.9128,5.9128,0.0000,0.2428,5.9919,0.4127,5.5792,18.5862,8.4337,-3.0727,6346.4277,NA,NA,NA
python.exe,24084,0x0,Other,-1,0,0,Composed: Copy with GPU GDI,2026-8-20 19:21:01.156505000,7.3011,7.3011,0.0000,0.3255,7.3834,0.5643,6.8191,NA,NA,-2.5209,6352.3405,NA,NA,NA
python.exe,24084,0x0,Other,-1,0,0,Composed: Copy with GPU GDI,2026-8-20 19:21:01.163806100,0.9292,0.9292,0.0000,0.4120,2.7907,2.3914,0.3993,13.8060,9.7713,NA,6359.6416,NA,NA,NA
python.exe,24084,0x0,Other,-1,0,0,Composed: Copy with GPU GDI,2026-8-20 19:21:01.164735300,8.3103,8.3103,0.0000,2.2777,6.3056,0.3874,5.9182,NA,NA,NA,NA,NA,NA,NA
python.exe,24084,0x0,Other,-1,0,0,Composed: Copy with GPU GDI,2026-8-20 19:21:01.173045600,1.0275,1.0275,0.0000,0.2760,1.0124,0.3428,0.6696,14.3378,6.9141,-0.5318,6368.8811,NA,NA,NA
python.exe,24084,0x0,Other,-1,0,0,Composed: Copy with GPU GDI,2026-8-20 19:21:01.174073100,9.9523,9.9523,0.0000,12.5140,0.3115,0.3115,0.0000,NA,NA,-5.8866,6369.9086,NA,NA,NA
python.exe,24084,0x0,Other,-1,0,0,Composed: Copy with GPU GDI,2026-8-20 19:21:01.184025400,0.1682,0.1682,0.0000,0.0000,12.2504,2.6873,9.5631,NA,NA,NA,NA,NA,NA,NA
python.exe,24084,0x0,Other,-1,0,0,Composed: Copy with GPU GDI,2026-8-20 19:21:01.184193600,2.4564,2.4564,0.0000,2.7050,0.2006,0.2006,0.0000,10.1039,16.6555,NA,6380.0291,NA,NA,NA
python.exe,24084,0x0,Other,-1,0,0,Composed: Copy with GPU GDI,2026-8-20 19:21:01.186650000,7.9319,7.9319,0.0000,0.4552,7.6608,0.3067,7.3541,NA,NA,NA,NA,NA,NA,NA
python.exe,24084,0x0,Other,-1,0,0,Composed: Copy with GPU GDI,2026-8-20 19:21:01.194581900,2.0656,2.0656,0.0000,4.6390,0.3189,0.3189,0.0000,NA,NA,-6.2672,6390.4174,NA,NA,NA
python.exe,24084,0x0,Other,-1,0,0,Composed: Copy with GPU GDI,2026-8-20 19:21:01.196647500,2.0673,2.0673,0.0000,0.0000,4.4488,2.6827,1.7661,14.3055,6.7616,NA,6392.4830,NA,NA,NA
python.exe,24084,0x0,Other,-1,0,0,Composed: Copy with GPU GDI,2026-8-20 19:21:01.198714800,8.5181,8.5181,0.0000,0.8297,8.2858,0.7413,7.5445,18.9998,9.9088,-4.6943,6394.5503,NA,NA,NA
python.exe,24084,0x0,Other,-1,0,0,Composed: Copy with GPU GDI,2026-8-20 19:21:01.207232900,5.5079,5.5079,0.0000,0.6002,5.3587,0.6514,4.7073,NA,NA,NA,NA,NA,NA,NA
python.exe,24084,0x0,Other,-1,0,0,Composed: Copy with GPU GDI,2026-8-20 19:21:01.212740800,4.8415,4.8415,0.0000,8.0399,0.2858,0.2858,0.0000,NA,NA,4.1172,6408.5763,NA,NA,NA
python.exe,24084,0x0,Other,-1,0,0,Composed: Copy with GPU GDI,2026-8-20 19:21:01.217582300,1.3051,1.3051,0.0000,0.0000,7.5858,3.3257,4.2601,NA,NA,NA,NA,NA,NA,NA
python.exe,24084,0x0,Other,-1,0,0,Composed: Copy with GPU GDI,2026-8-20 19:21:01.218887400,3.5575,3.5575,0.0000,2.1833,1.6815,0.3917,1.2898,8.7360,16.6682,NA,6414.7229,NA,NA,NA
python.exe,24084,0x0,Other,-1,0,0,Composed: Copy with GPU GDI,2026-8-20 19:21:01.222444900,6.5283,6.5283,0.0000,9.0756,0.2557,0.2557,0.0000,NA,NA,-13.1107,6418.2804,NA,NA,NA
python.exe,24084,0x0,Other,-1,0,0,Composed: Copy with GPU GDI,2026-8-20 19:21:01.228973200,0.4177,0.4177,0.0000,0.0000,8.7630,2.6537,6.1093,15.3184,9.8103,NA,6424.8087,NA,NA,NA
python.exe,24084,0x0,Other,-1,0,0,Composed: Copy with GPU GDI,2026-8-20 19:21:01.229390900,9.2436,9.2436,0.0000,2.3890,7.1863,0.4175,6.7688,NA,NA,NA,NA,NA,NA,NA
python.exe,24084,0x0,Other,-1,0,0,Composed: Copy with GPU GDI,2026-8-20 19:21:01.238634500,1.9266,1.9266,0.0000,0.3349,1.8753,0.3630,1.5123,15.4674,6.0752,-0.1490,6434.4700,NA,NA,NA
python.exe,24084,0x0,Other,-1,0,0,Composed: Copy with GPU GDI,2026-8-20 19:21:01.240561100,5.1403,5.1403,0.0000,0.2867,7.2664,2.5547,4.7117,NA,NA,NA,NA,NA,NA,NA
python.exe,24084,0x0,Other,-1,0,0,Composed: Copy with GPU GDI,2026-8-20 19:21:01.245701400,4.5139,4.5139,0.0000,2.4157,2.3519,0.3828,1.9691,NA,NA,NA,NA,NA,NA,NA
python.exe,24084,0x0,Other,-1,0,0,Composed: Copy with GPU GDI,2026-8-20 19:21:01.250215300,2.4667,2.4667,0.0000,0.2566,2.4705,0.3323,2.1382,9.9618,17.4470,5.5056,6446.0508,NA,NA,NA
python.exe,24084,0x0,Other,-1,0,0,Composed: Copy with GPU GDI,2026-8-20 19:21:01.252682000,8.4225,8.4225,0.0000,0.2635,8.3345,0.2811,8.0534,NA,NA,NA,NA,NA,NA,NA
python.exe,24084,0x0,Other,-1,0,0,Composed: Copy with GPU GDI,2026-8-20 19:21:01.261104500,1.2478,1.2478,0.0000,0.1787,3.3843,2.4606,0.9237,NA,NA,-6.5578,6456.9400,NA,NA,NA
python.exe,24084,0x0,Other,-1,0,0,Composed: Copy with GPU GDI,2026-8-20 19:21:01.262352300,3.5106,3.5106,0.0000,2.3207,1.4687,0.3918,1.0769,15.2718,6.8142,NA,6458.1878,NA,NA,NA
python.exe,24084,0x0,Other,-1,0,0,Composed: Copy with GPU GDI,2026-8-20 19:21:01.265862900,7.2844,7.2844,0.0000,0.2818,7.1586,0.3108,6.8478,NA,NA,NA,NA,NA,NA,NA
python.exe,24084,0x0,Other,-1,0,0,Composed: Copy with GPU GDI,2026-8-20 19:21:01.273147300,3.7929,3.7929,0.0000,0.1595,3.9487,0.4055,3.5432,11.2910,9.8447,3.9808,6468.9828,NA,NA,NA
python.exe,24084,0x0,Other,-1,0,0,Composed: Copy with GPU GDI,2026-8-20 19:21:01.276940200,1.6460,1.6460,0.0000,0.3190,4.9454,3.7873,1.1581,NA,NA,-6.0518,6472.7757,NA,NA,NA
python.exe,24084,0x0,Other,-1,0,0,Composed: Copy with GPU GDI,2026-8-20 19:21:01.278586200,5.3211,5.3211,0.0000,3.6234,1.9895,0.4028,1.5867,15.6968,8.3505,NA,6474.4217,NA,NA,NA
python.exe,24084,0x0,Other,-1,0,0,Composed: Copy with GPU GDI,2026-8-20 19:21:01.283907300,5.6998,5.6998,0.0000,0.2975,5.6512,0.3905,5.2607,18.7262,8.3124,-3.0294,6479.7428,NA,NA,NA
python.exe,24084,0x0,Other,-1,0,0,Composed: Copy with GPU GDI,2026-8-20 19:21:01.289607100,5.9238,5.9238,0.0000,8.4328,0.2280,0.2280,0.0000,NA,NA,-2.6126,6485.4426,NA,NA,NA
python.exe,24084,0x0,Other,-1,0,0,Composed: Copy with GPU GDI,2026-8-20 19:21:01.295530900,0.5017,0.5017,0.0000,0.0000,8.1777,2.6383,5.5394,NA,NA,NA,NA,NA,NA,NA
python.exe,24084,0x0,Other,-1,0,0,Composed: Copy with GPU GDI,2026-8-20 19:21:01.296032600,5.5544,5.5544,0.0000,2.2379,3.6427,0.4081,3.2346,14.9133,9.8951,NA,6491.8681,NA,NA,NA
python.exe,24084,0x0,Other,-1,0,0,Composed: Copy with GPU GDI,2026-8-20 19:21:01.301587000,7.0417,7.0417,0.0000,0.3302,7.0491,0.4241,6.6250,NA,NA,-4.3407,6497.4225,NA,NA,NA
python.exe,24084,0x0,Other,-1,0,0,Composed: Copy with GPU GDI,2026-8-20 19:21:01.308628700,3.4142,3.4142,0.0000,0.3423,5.4411,2.4832,2.9579,12.2123,12.1311,NA,6504.4642,NA,NA,NA
python.exe,24084,0x0,Other,-1,0,0,Composed: Copy with GPU GDI,2026-8-20 19:21:01.312042900,4.3139,4.3139,0.0000,2.3724,2.0378,0.2674,1.7704,NA,NA,NA,NA,NA,NA,NA
python.exe,24084,0x0,Other,-1,0,0,Composed: Copy with GPU GDI,2026-8-20 19:21:01.316356800,2.9846,2.9846,0.0000,0.0998,3.1692,0.3693,2.7999,16.6153,11.3110,-4.4030,6512.1923,NA,NA,NA
python.exe,24084,0x0,Other,-1,0,0,Composed: Copy with GPU GDI,2026-8-20 19:21:01.319341400,8.9057,8.9057,0.0000,0.2890,8.7476,0.2222,8.5254,NA,NA,NA,NA,NA,NA,NA
python.exe,24084,0x0,Other,-1,0,0,Composed: Copy with GPU GDI,2026-8-20 19:21:01.328247100,1.7162,1.7162,0.0000,0.1336,3.6975,2.4592,1.2383,NA,NA,0.5793,6524.0826,NA,NA,NA
python.exe,24084,0x0,Other,-1,0,0,Composed: Copy with GPU GDI,2026-8-20 19:21:01.329963300,2.4975,2.4975,0.0000,2.1197,0.5467,0.2923,0.2544,14.3198,6.8882,NA,6525.7988,NA,NA,NA
python.exe,24084,0x0,Other,-1,0,0,Composed: Copy with GPU GDI,2026-8-20 19:21:01.332460800,5.7733,5.7733,0.0000,0.1719,5.9722,0.4479,5.5243,18.7105,9.7767,-4.3907,6528.2963,NA,NA,NA
python.exe,24084,0x0,Other,-1,0,0,Composed: Copy with GPU GDI,2026-8-20 19:21:01.338234100,6.9016,6.9016,0.0000,0.3747,6.8673,0.4293,6.4380,NA,NA,NA,NA,NA,NA,NA
python.exe,24084,0x0,Other,-1,0,0,Composed: Copy with GPU GDI,2026-8-20 19:21:01.345135700,0.8503,0.8503,0.0000,0.3439,2.7743,2.3854,0.3889,NA,NA,2.8982,6540.9712,NA,NA,NA
python.exe,24084,0x0,Other,-1,0,0,Composed: Copy with GPU GDI,2026-8-20 19:21:01.345986000,4.3710,4.3710,0.0000,2.2717,2.2024,0.3949,1.8075,14.9620,8.4308,NA,6541.8215,NA,NA,NA
python.exe,24084,0x0,Other,-1,0,0,Composed: Copy with GPU GDI,2026-8-20 19:21:01.350357000,6.4210,6.4210,0.0000,0.1070,6.6535,0.4274,6.2261,19.0218,8.2357,-4.0598,6546.1925,NA,NA,NA
python.exe,24084,0x0,Other,-1,0,0,Composed: Copy with GPU GDI,2026-8-20 19:21:01.356778000,5.3934,5.3934,0.0000,8.0095,0.2082,0.2082,0.0000,NA,NA,-1.8147,6552.6135,NA,NA,NA
python.exe,24084,0x0,Other,-1,0,0,Composed: Copy with GPU GDI,2026-8-20 19:21:01.362171400,0.2386,0.2386,0.0000,0.0000,7.6672,2.7386,4.9286,15.4431,9.9588,NA,6558.0069,NA,NA,NA
python.exe,24084,0x0,Other,-1,0,0,Composed: Copy with GPU GDI,2026-8-20 19:21:01.362410000,9.9812,9.9812,0.0000,2.5888,7.6971,0.3887,7.3084,NA,NA,NA,NA,NA,NA,NA
python.exe,24084,0x0,Other,-1,0,0,Composed: Copy with GPU GDI,2026-8-20 19:21:01.372391200,1.8733,1.8733,0.0000,0.3075,1.8291,0.3352,1.4939,15.1821,6.7072,0.2610,6568.2267,NA,NA,NA
python.exe,24084,0x0,Other,-1,0,0,Composed: Copy with GPU GDI,2026-8-20 19:21:01.374264500,5.0163,5.0163,0.0000,0.2665,7.1785,2.5515,4.6270,NA,NA,-4.8339,6570.1000,NA,NA,NA
python.exe,24084,0x0,Other,-1,0,0,Composed: Copy with GPU GDI,2026-8-20 19:21:01.379280800,3.8183,3.8183,0.0000,2.4351,1.6208,0.3906,1.2302,NA,NA,NA,NA,NA,NA,NA
python.exe,24084,0x0,Other,-1,0,0,Composed: Copy with GPU GDI,2026-8-20 19:21:01.383099100,2.7914,2.7914,0.0000,0.2426,2.8171,0.3445,2.4726,11.1814,16.6721,NA,6578.9346,NA,NA,NA
python.exe,24084,0x0,Other,-1,0,0,Composed: Copy with GPU GDI,2026-8-20 19:21:01.385890500,7.7596,7.7596,0.0000,0.2734,7.7934,0.3874,7.4060,NA,NA,NA,NA,NA,NA,NA
python.exe,24084,0x0,Other,-1,0,0,Composed: Copy with GPU GDI,2026-8-20 19:21:01.393650100,2.8727,2.8727,0.0000,5.3935,0.2633,0.2633,0.0000,NA,NA,-6.1211,6589.4856,NA,NA,NA
python.exe,24084,0x0,Other,-1,0,0,Composed: Copy with GPU GDI,2026-8-20 19:21:01.396522800,1.3911,1.3911,0.0000,0.0000,5.0829,2.6314,2.4515,14.4298,6.9674,NA,6592.3583,NA,NA,NA
python.exe,24084,0x0,Other,-1,0,0,Composed: Copy with GPU GDI,2026-8-20 19:21:01.397913900,7.0175,7.0175,0.0000,1.3972,5.9401,0.4029,5.5372,20.0061,6.0681,-5.5763,6593.7494,NA,NA,NA
python.exe,24084,0x0,Other,-1,0,0,Composed: Copy with GPU GDI,2026-8-20 19:21:01.404931400,6.1469,6.1469,0.0000,0.3228,6.0554,0.3847,5.6707,19.0567,3.6244,0.9494,6600.7669,NA,NA,NA
python.exe,24084,0x0,Other,-1,0,0,Composed: Copy with GPU GDI,2026-8-20 19:21:01.411078300,1.5304,1.5304,0.0000,0.2362,4.0099,2.8462,1.1637,NA,NA,2.5225,6606.9138,NA,NA,NA
python.exe,24084,0x0,Other,-1,0,0,Composed: Copy with GPU GDI,2026-8-20 19:21:01.412608700,4.9195,4.9195,0.0000,2.7191,2.5062,0.4202,2.0860,15.0038,8.4982,NA,6608.4442,NA,NA,NA
python.exe,24084,0x0,Other,-1,0,0,Composed: Copy with GPU GDI,2026-8-20 19:21:01.417528200,6.1208,6.1208,0.0000,0.3087,6.2249,0.5002,5.7247,18.5825,6.0595,-3.5787,6613.3637,NA,NA,NA
python.exe,24084,0x0,Other,-1,0,0,Composed: Copy with GPU GDI,2026-8-20 19:21:01.423649000,5.0599,5.0599,0.0000,0.4162,4.9329,0.3814,4.5515,18.5212,2.1159,0.0613,6619.4845,NA,NA,NA
python.exe,24084,0x0,Other,-1,0,0,Composed: Copy with GPU GDI,2026-8-20 19:21:01.428708900,0.5764,0.5764,0.0000,0.2920,3.3246,3.1602,0.1644,NA,NA,2.9440,6624.5444,NA,NA,NA
python.exe,24084,0x0,Other,-1,0,0,Composed: Copy with GPU GDI,2026-8-20 19:21:01.429285300,6.0289,6.0289,0.0000,3.0452,3.2740,0.3933,2.8807,15.0008,10.0153,NA,6625.1208,NA,NA,NA
python.exe,24084,0x0,Other,-1,0,0,Composed: Copy with GPU GDI,2026-8-20 19:21:01.435314200,5.9782,5.9782,0.0000,0.2937,6.0006,0.4119,5.5887,18.9872,6.0673,-3.9864,6631.1497,NA,NA,NA
python.exe,24084,0x0,Other,-1,0,0,Composed: Copy with GPU GDI,2026-8-20 19:21:01.441292400,4.6059,4.6059,0.0000,0.3201,6.7216,2.5778,4.1438,NA,NA,NA,NA,NA,NA,NA
python.exe,24084,0x0,Other,-1,0,0,Composed: Copy with GPU GDI,2026-8-20 19:21:01.445898300,4.5323,4.5323,0.0000,2.4406,2.4068,0.4458,1.9610,NA,NA,NA,NA,NA,NA,NA
python.exe,24084,0x0,Other,-1,0,0,Composed: Copy with GPU GDI,2026-8-20 19:21:01.450430600,2.3808,2.3808,0.0000,0.3178,2.3133,0.3381,1.9752,9.9381,17.2436,9.0491,6646.2661,NA,NA,NA
python.exe,24084,0x0,Other,-1,0,0,Composed: Copy with GPU GDI,2026-8-20 19:21:01.452811400,8.1626,8.1626,0.0000,0.2558,8.2861,0.4529,7.8332,NA,NA,NA,NA,NA,NA,NA
python.exe,24084,0x0,Other,-1,0,0,Composed: Copy with GPU GDI,2026-8-20 19:21:01.460974000,1.8501,1.8501,0.0000,4.3962,0.2680,0.2680,0.0000,NA,NA,-6.7002,6656.8095,NA,NA,NA
python.exe,24084,0x0,Other,-1,0,0,Composed: Copy with GPU GDI,2026-8-20 19:21:01.462824100,2.0434,2.0434,0.0000,0.0000,4.0137,2.6623,1.3514,14.7882,7.0181,NA,6658.6596,NA,NA,NA
python.exe,24084,0x0,Other,-1,0,0,Composed: Copy with GPU GDI,2026-8-20 19:21:01.464867500,7.5585,7.5585,0.0000,0.7750,7.1013,0.3896,6.7117,NA,NA,NA,NA,NA,NA,NA
python.exe,24084,0x0,Other,-1,0,0,Composed: Copy with GPU GDI,2026-8-20 19:21:01.472426000,5.0543,5.0543,0.0000,0.3226,5.0526,0.3986,4.6540,12.2044,9.6474,2.5838,6668.2615,NA,NA,NA
python.exe,24084,0x0,Other,-1,0,0,Composed: Copy with GPU GDI,2026-8-20 19:21:01.477480300,1.8898,1.8898,0.0000,0.3241,4.2928,2.8724,1.4204,NA,NA,-4.5931,6673.3158,NA,NA,NA
python.exe,24084,0x0,Other,-1,0,0,Composed: Copy with GPU GDI,2026-8-20 19:21:01.479370100,4.0937,4.0937,0.0000,2.7316,1.6635,0.3980,1.2655,14.9077,8.5698,NA,6675.2056,NA,NA,NA
python.exe,24084,0x0,Other,-1,0,0,Composed: Copy with GPU GDI,2026-8-20 19:21:01.483463800,5.5799,5.5799,0.0000,0.3044,5.5853,0.3890,5.1963,19.3838,8.0915,-4.4761,6679.2993,NA,NA,NA
python.exe,24084,0x0,Other,-1,0,0,Composed: Copy with GPU GDI,2026-8-20 19:21:01.489043700,6.9474,6.9474,0.0000,9.4787,0.2592,0.2592,0.0000,NA,NA,-2.5116,6684.8792,NA,NA,NA
python.exe,24084,0x0,Other,-1,0,0,Composed: Copy with GPU GDI,2026-8-20 19:21:01.495991100,1.2580,1.2580,0.0000,0.0000,9.1642,2.6502,6.5140,14.9480,10.1112,NA,6691.8266,NA,NA,NA
python.exe,24084,0x0,Other,-1,0,0,Composed: Copy with GPU GDI,2026-8-20 19:21:01.497249100,8.1829,8.1829,0.0000,1.5346,6.8445,0.2794,6.5651,NA,NA,NA,NA,NA,NA,NA
python.exe,24084,0x0,Other,-1,0,0,Composed: Copy with GPU GDI,2026-8-20 19:21:01.505432000,2.0936,2.0936,0.0000,0.2000,2.1554,0.3421,1.8133,15.6183,6.5722,-0.6703,6701.2675,NA,NA,NA
python.exe,24084,0x0,Other,-1,0,0,Composed: Copy with GPU GDI,2026-8-20 19:21:01.507525600,8.8127,8.8127,0.0000,11.2895,0.2425,0.2425,0.0000,NA,NA,-4.4786,6703.3611,NA,NA,NA
python.exe,24084,0x0,Other,-1,0,0,Composed: Copy with GPU GDI,2026-8-20 19:21:01.516338300,0.1543,0.1543,0.0000,0.0000,11.0247,2.5963,8.4284,NA,NA,NA,NA,NA,NA,NA
python.exe,24084,0x0,Other,-1,0,0,Composed: Copy with GPU GDI,2026-8-20 19:21:01.516492600,4.1497,4.1497,0.0000,2.5689,1.8932,0.3942,1.4990,11.1299,16.6567,NA,6712.3281,NA,NA,NA
python.exe,24084,0x0,Other,-1,0,0,Composed: Copy with GPU GDI,2026-8-20 19:21:01.520642300,6.7140,6.7140,0.0000,0.3157,6.7888,0.4571,6.3317,NA,NA,NA,NA,NA,NA,NA
python.exe,24084,0x0,Other,-1,0,0,Composed: Copy with GPU GDI,2026-8-20 19:21:01.527356300,2.1889,2.1889,0.0000,0.3937,4.2292,2.5259,1.7033,NA,NA,-5.7930,6723.1918,NA,NA,NA
python.exe,24084,0x0,Other,-1,0,0,Composed: Copy with GPU GDI,2026-8-20 19:21:01.529545200,2.7258,2.7258,0.0000,2.4384,0.5133,0.3304,0.1829,14.7340,7.0864,NA,6725.3807,NA,NA,NA
python.exe,24084,0x0,Other,-1,0,0,Composed: Copy with GPU GDI,2026-8-20 19:21:01.532271000,6.0368,6.0368,0.0000,0.2289,6.1425,0.4040,5.7385,19.0946,6.0669,-4.3606,6728.1065,NA,NA,NA
python.exe,24084,0x0,Other,-1,0,0,Composed: Copy with GPU GDI,2026-8-20 19:21:01.538307800,6.5640,6.5640,0.0000,0.3374,6.5551,0.4196,6.1355,19.1247,3.5123,-0.0301,6734.1433,NA,NA,NA
python.exe,24084,0x0,Other,-1,0,0,Composed: Copy with GPU GDI,2026-8-20 19:21:01.544871800,1.2834,1.2834,0.0000,0.3339,3.6343,2.7940,0.8403,NA,NA,3.0517,6740.7073,NA,NA,NA
python.exe,24084,0x0,Other,-1,0,0,Composed: Copy with GPU GDI,2026-8-20 19:21:01.546155200,3.6592,3.6592,0.0000,2.6888,1.1984,0.3146,0.8838,14.7896,8.6196,NA,6741.9907,NA,NA,NA
python.exe,24084,0x0,Other,-1,0,0,Composed: Copy with GPU GDI,2026-8-20 19:21:01.549814400,6.3113,6.3113,0.0000,0.2310,6.3702,0.3972,5.9730,19.7500,6.0811,-4.9604,6745.6499,NA,NA,NA
python.exe,24084,0x0,Other,-1,0,0,Composed: Copy with GPU GDI,2026-8-20 19:21:01.556125700,6.5099,6.5099,0.0000,0.2933,6.5148,0.4059,6.1089,19.5198,1.9645,0.2302,6751.9612,NA,NA,NA
python.exe,24084,0x0,Other,-1,0,0,Composed: Copy with GPU GDI,2026-8-20 19:21:01.562635600,0.6195,0.6195,0.0000,0.3048,3.3731,3.2011,0.1720,NA,NA,4.5454,6758.4711,NA,NA,NA
python.exe,24084,0x0,Other,-1,0,0,Composed: Copy with GPU GDI,2026-8-20 19:21:01.563255100,5.3127,5.3127,0.0000,3.0621,2.5559,0.4180,2.1379,14.3549,10.1600,NA,6759.0906,NA,NA,NA
python.exe,24084,0x0,Other,-1,0,0,Composed: Copy with GPU GDI,2026-8-20 19:21:01.568567800,6.5728,6.5728,0.0000,0.3114,6.5528,0.3976,6.1552,19.2022,6.5066,-4.8473,6764.4033,NA,NA,NA
python.exe,24084,0x0,Other,-1,0,0,Composed: Copy with GPU GDI,2026-8-20 19:21:01.575140600,4.3809,4.3809,0.0000,0.2963,6.4323,2.4558,3.9765,NA,NA,0.0662,6770.9761,NA,NA,NA
python.exe,24084,0x0,Other,-1,0,0,Composed: Copy with GPU GDI,2026-8-20 19:21:01.579521500,3.7557,3.7557,0.0000,2.3516,1.5551,0.2825,1.2726,NA,NA,NA,NA,NA,NA,NA
python.exe,24084,0x0,Other,-1,0,0,Composed: Copy with GPU GDI,2026-8-20 19:21:01.583277200,2.8009,2.8009,0.0000,0.1539,2.9093,0.3399,2.5694,10.9994,16.6658,NA,6779.1127,NA,NA,NA
python.exe,24084,0x0,Other,-1,0,0,Composed: Copy with GPU GDI,2026-8-20 19:21:01.586078100,7.9347,7.9347,0.0000,0.2654,7.8012,0.3942,7.4070,NA,NA,NA,NA,NA,NA,NA
python.exe,24084,0x0,Other,-1,0,0,Composed: Copy with GPU GDI,2026-8-20 19:21:01.594012800,1.4126,1.4126,0.0000,0.1363,3.5917,2.4148,1.1769,NA,NA,-5.9302,6789.8483,NA,NA,NA
python.exe,24084,0x0,Other,-1,0,0,Composed: Copy with GPU GDI,2026-8-20 19:21:01.595425400,3.7808,3.7808,0.0000,2.3223,1.7636,0.4070,1.3566,15.5170,7.1713,NA,6791.2609,NA,NA,NA
python.exe,24084,0x0,Other,-1,0,0,Composed: Copy with GPU GDI,2026-8-20 19:21:01.599206200,6.1269,6.1269,0.0000,0.3082,6.1595,0.4083,5.7512,18.9075,6.0733,-3.3905,6795.0417,NA,NA,NA
python.exe,24084,0x0,Other,-1,0,0,Composed: Copy with GPU GDI,2026-8-20 19:21:01.605333100,4.9221,4.9221,0.0000,0.3452,4.9056,0.4186,4.4870,18.8539,3.4278,0.0536,6801.1686,NA,NA,NA
python.exe,24084,0x0,Other,-1,0,0,Composed: Copy with GPU GDI,2026-8-20 19:21:01.610255200,1.7646,1.7646,0.0000,0.3317,5.0303,3.6903,1.3400,NA,NA,1.4943,6806.0907,NA,NA,NA
python.exe,24084,0x0,Other,-1,0,0,Composed: Copy with GPU GDI,2026-8-20 19:21:01.612019800,4.2253,4.2253,0.0000,3.6007,0.8431,0.3150,0.5281,15.5950,8.6839,NA,6807.8553,NA,NA,NA
python.exe,24084,0x0,Other,-1,0,0,Composed: Copy with GPU GDI,2026-8-20 19:21:01.616245100,7.6496,7.6496,0.0000,0.2216,7.8787,0.5369,7.3418,20.0536,7.9723,-4.4586,6812.0806,NA,NA,NA
python.exe,24084,0x0,Other,-1,0,0,Composed: Copy with GPU GDI,2026-8-20 19:21:01.623894700,5.3695,5.3695,0.0000,7.9222,0.6889,0.6889,0.0000,NA,NA,-0.3227,6819.7302,NA,NA,NA
python.exe,24084,0x0,Other,-1,0,0,Composed: Copy with GPU GDI,2026-8-20 19:21:01.629264200,0.4925,0.4925,0.0000,0.0000,7.4664,2.6604,4.8060,NA,NA,NA,NA,NA,NA,NA
python.exe,24084,0x0,Other,-1,0,0,Composed: Copy with GPU GDI,2026-8-20 19:21:01.629756700,4.7151,4.7151,0.0000,2.7538,2.2718,0.3969,1.8749,14.5143,10.2278,NA,6825.5922,NA,NA,NA
python.exe,24084,0x0,Other,-1,0,0,Composed: Copy with GPU GDI,2026-8-20 19:21:01.634471800,6.6782,6.6782,0.0000,0.3139,6.6732,0.4140,6.2592,20.0270,6.0710,-5.5127,6830.3073,NA,NA,NA
python.exe,24084,0x0,Other,-1,0,0,Composed: Copy with GPU GDI,2026-8-20 19:21:01.641150000,4.4285,4.4285,0.0000,0.3128,6.4151,2.4124,4.0027,NA,NA,NA,NA,NA,NA,NA
python.exe,24084,0x0,Other,-1,0,0,Composed: Copy with GPU GDI,2026-8-20 19:21:01.645578500,4.7302,4.7302,0.0000,2.3027,2.6113,0.2808,2.3305,NA,NA,NA,NA,NA,NA,NA
python.exe,24084,0x0,Other,-1,0,0,Composed: Copy with GPU GDI,2026-8-20 19:21:01.650308700,3.4449,3.4449,0.0000,0.1866,3.5171,0.3490,3.1681,10.2611,17.0388,9.7659,6846.1442,NA,NA,NA
python.exe,24084,0x0,Other,-1,0,0,Composed: Copy with GPU GDI,2026-8-20 19:21:01.653753600,6.6372,6.6372,0.0000,0.2636,6.7161,0.4112,6.3049,NA,NA,NA,NA,NA,NA,NA
python.exe,24084,0x0,Other,-1,0,0,Composed: Copy with GPU GDI,2026-8-20 19:21:01.660390800,2.3854,2.3854,0.0000,0.3476,4.3116,2.4016,1.9100,NA,NA,-6.9567,6856.2263,NA,NA,NA
python.exe,24084,0x0,Other,-1,0,0,Composed: Copy with GPU GDI,2026-8-20 19:21:01.662776200,3.2169,3.2169,0.0000,2.2781,1.1022,0.2942,0.8080,14.8324,7.2268,NA,6858.6117,NA,NA,NA
python.exe,24084,0x0,Other,-1,0,0,Composed: Copy with GPU GDI,2026-8-20 19:21:01.665993100,6.3628,6.3628,0.0000,0.1679,6.5476,0.4232,6.1244,18.8423,6.0658,-4.0099,6861.8286,NA,NA,NA
python.exe,24084,0x0,Other,-1,0,0,Composed: Copy with GPU GDI,2026-8-20 19:21:01.672355900,4.5169,4.5169,0.0000,0.3574,4.5005,0.4074,4.0931,18.5453,3.3731,0.2970,6868.1914,NA,NA,NA
python.exe,24084,0x0,Other,-1,0,0,Composed: Copy with GPU GDI,2026-8-20 19:21:01.676872800,2.7652,2.7652,0.0000,0.3441,5.1464,2.8477,2.2987,NA,NA,1.1438,6872.7083,NA,NA,NA
python.exe,24084,0x0,Other,-1,0,0,Composed: Copy with GPU GDI,2026-8-20 19:21:01.679638000,3.3647,3.3647,0.0000,2.7288,0.8282,0.2943,0.5339,14.6363,8.7532,NA,6875.4735,NA,NA,NA
python.exe,24084,0x0,Other,-1,0,0,Composed: Copy with GPU GDI,2026-8-20 19:21:01.683002700,6.5240,6.5240,0.0000,0.1955,6.6643,0.4216,6.2427,20.0248,7.9138,-5.3885,6878.8382,NA,NA,NA
python.exe,24084,0x0,Other,-1,0,0,Composed: Copy with GPU GDI,2026-8-20 19:21:01.689526700,6.1294,6.1294,0.0000,8.7113,0.2380,0.2380,0.0000,NA,NA,-1.3898,6885.3622,NA,NA,NA
python.exe,24084,0x0,Other,-1,0,0,Composed: Copy with GPU GDI,2026-8-20 19:21:01.695656100,0.8342,0.8342,0.0000,0.0000,8.3721,2.6930,5.6791,NA,NA,NA,NA,NA,NA,NA
python.exe,24084,0x0,Other,-1,0,0,Composed: Copy with GPU GDI,2026-8-20 19:21:01.696490300,4.6013,4.6013,0.0000,1.9897,2.9257,0.4015,2.5242,14.4510,10.2883,NA,6892.3258,NA,NA,NA
python.exe,24084,0x0,Other,-1,0,0,Composed: Copy with GPU GDI,2026-8-20 19:21:01.701091600,5.9239,5.9239,0.0000,0.3186,5.9260,0.3897,5.5363,20.1380,6.3779,-5.6870,6896.9271,NA,NA,NA
python.exe,24084,0x0,Other,-1,0,0,Composed: Copy with GPU GDI,2026-8-20 19:21:01.707015500,6.1170,6.1170,0.0000,0.3239,8.1732,2.5024,5.6708,NA,NA,-0.4540,6902.8510,NA,NA,NA
python.exe,24084,0x0,Other,-1,0,0,Composed: Copy with GPU GDI,2026-8-20 19:21:01.713132500,3.7907,3.7907,0.0000,2.3844,1.5861,0.2775,1.3086,NA,NA,NA,NA,NA,NA,NA
python.exe,24084,0x0,Other,-1,0,0,Composed: Copy with GPU GDI,2026-8-20 19:21:01.716923200,3.2449,3.2449,0.0000,0.1831,3.3510,0.3717,2.9793,10.6843,16.6761,NA,6912.7587,NA,NA,NA
python.exe,24084,0x0,Other,-1,0,0,Composed: Copy with GPU GDI,2026-8-20 19:21:01.720168100,7.5715,7.5715,0.0000,0.2939,7.5949,0.3971,7.1978,NA,NA,NA,NA,NA,NA,NA
python.exe,24084,0x0,Other,-1,0,0,Composed: Copy with GPU GDI,2026-8-20 19:21:01.727739600,1.3027,1.3027,0.0000,0.3191,3.2573,2.3700,0.8873,NA,NA,-5.8597,6923.5751,NA,NA,NA
python.exe,24084,0x0,Other,-1,0,0,Composed: Copy with GPU GDI,2026-8-20 19:21:01.729042300,2.7198,2.7198,0.0000,2.2778,0.6294,0.2957,0.3337,15.2413,7.2815,NA,6924.8778,NA,NA,NA
python.exe,24084,0x0,Other,-1,0,0,Composed: Copy with GPU GDI,2026-8-20 19:21:01.731762100,8.6311,8.6311,0.0000,0.1926,8.7510,0.4156,8.3354,19.8030,12.1378,-4.5617,6927.5976,NA,NA,NA
python.exe,24084,0x0,Other,-1,0,0,Composed: Copy with GPU GDI,2026-8-20 19:21:01.740393200,5.9211,5.9211,0.0000,0.3162,5.8890,0.4981,5.3909,23.3097,6.0659,-3.5067,6936.2287,NA,NA,NA
python.exe,24084,0x0,Other,-1,0,0,Composed: Copy with GPU GDI,2026-8-20 19:21:01.746314300,3.0694,3.0694,0.0000,5.6486,0.2621,0.2621,0.0000,NA,NA,-0.1448,6942.1498,NA,NA,NA
python.exe,24084,0x0,Other,-1,0,0,Composed: Copy with GPU GDI,2026-8-20 19:21:01.749383700,1.4110,1.4110,0.0000,0.0000,5.3623,2.6777,2.6846,NA,NA,NA,NA,NA,NA,NA
python.exe,24084,0x0,Other,-1,0,0,Composed: Copy with GPU GDI,2026-8-20 19:21:01.750794700,5.7007,5.7007,0.0000,1.4339,4.5908,0.4051,4.1857,18.9741,6.0658,NA,6946.6302,NA,NA,NA
python.exe,24084,0x0,Other,-1,0,0,Composed: Copy with GPU GDI,2026-8-20 19:21:01.756495400,5.6855,5.6855,0.0000,8.1766,0.7975,0.7975,0.0000,NA,NA,-0.3651,6952.3309,NA,NA,NA
python.exe,24084,0x0,Other,-1,0,0,Composed: Copy with GPU GDI,2026-8-20 19:21:01.762180900,0.4441,0.4441,0.0000,0.0000,7.8495,2.6608,5.1887,13.6537,12.1482,NA,6958.0164,NA,NA,NA
python.exe,24084,0x0,Other,-1,0,0,Composed: Copy with GPU GDI,2026-8-20 19:21:01.762625000,9.1259,9.1259,0.0000,2.8466,6.4843,0.2758,6.2085,NA,NA,NA,NA,NA,NA,NA
python.exe,24084,0x0,Other,-1,0,0,Composed: Copy with GPU GDI,2026-8-20 19:21:01.771750900,2.6011,2.6011,0.0000,0.2085,2.6814,0.3732,2.3082,16.2319,6.0468,-2.5782,6967.5864,NA,NA,NA
python.exe,24084,0x0,Other,-1,0,0,Composed: Copy with GPU GDI,2026-8-20 19:21:01.774352000,8.7978,8.7978,0.0000,0.2917,8.6940,0.2776,8.4164,NA,NA,NA,NA,NA,NA,NA
python.exe,24084,0x0,Other,-1,0,0,Composed: Copy with GPU GDI,2026-8-20 19:21:01.783149800,0.1491,0.1491,0.0000,0.1879,2.9988,2.9988,0.0000,NA,NA,5.3521,6978.9853,NA,NA,NA
python.exe,24084,0x0,Other,-1,0,0,Composed: Copy with GPU GDI,2026-8-20 19:21:01.783298900,4.2924,4.2924,0.0000,3.0411,1.6274,0.4884,1.1390,10.7307,16.9101,NA,6979.1344,NA,NA,NA
python.exe,24084,0x0,Other,-1,0,0,Composed: Copy with GPU GDI,2026-8-20 19:21:01.787591300,6.3107,6.3107,0.0000,0.3807,6.2435,0.3824,5.8611,NA,NA,NA,NA,NA,NA,NA
python.exe,24084,0x0,Other,-1,0,0,Composed: Copy with GPU GDI,2026-8-20 19:21:01.793902000,3.2995,3.2995,0.0000,5.8488,0.2600,0.2600,0.0000,NA,NA,-6.3070,6989.7375,NA,NA,NA
python.exe,24084,0x0,Other,-1,0,0,Composed: Copy with GPU GDI,2026-8-20 19:21:01.797201500,0.8877,0.8877,0.0000,0.0000,5.5324,2.6417,2.8907,13.7382,7.3567,NA,6993.0370,NA,NA,NA
python.exe,24084,0x0,Other,-1,0,0,Composed: Copy with GPU GDI,2026-8-20 19:21:01.798089200,8.2152,8.2152,0.0000,1.9251,6.5993,0.3976,6.2017,NA,NA,NA,NA,NA,NA,NA
python.exe,24084,0x0,Other,-1,0,0,Composed: Copy with GPU GDI,2026-8-20 19:21:01.806304400,4.5294,4.5294,0.0000,0.3123,4.5315,0.3968,4.1347,11.9920,12.1365,1.7462,7002.1399,NA,NA,NA
python.exe,24084,0x0,Other,-1,0,0,Composed: Copy with GPU GDI,2026-8-20 19:21:01.810833800,5.7493,5.7493,0.0000,8.2876,0.2623,0.2623,0.0000,NA,NA,-7.6071,7006.6693,NA,NA,NA
python.exe,24084,0x0,Other,-1,0,0,Composed: Copy with GPU GDI,2026-8-20 19:21:01.816583100,0.3035,0.3035,0.0000,0.0000,7.9702,2.6591,5.3111,NA,NA,NA,NA,NA,NA,NA
python.exe,24084,0x0,Other,-1,0,0,Composed: Copy with GPU GDI,2026-8-20 19:21:01.816886600,6.6510,6.6510,0.0000,2.5010,4.4622,0.4160,4.0462,13.5463,12.1317,NA,7012.7221,NA,NA,NA
python.exe,24084,0x0,Other,-1,0,0,Composed: Copy with GPU GDI,2026-8-20 19:21:01.823537600,5.5991,5.5991,0.0000,0.3176,5.5774,0.4056,5.1718,19.0270,6.0629,-5.4807,7019.3731,NA,NA,NA
python.exe,24084,0x0,Other,-1,0,0,Composed: Copy with GPU GDI,2026-8-20 19:21:01.829136700,0.5735,0.5735,0.0000,0.3024,3.7409,3.5649,0.1760,NA,NA,-0.4638,7024.9722,NA,NA,NA
python.exe,24084,0x0,Other,-1,0,0,Composed: Copy with GPU GDI,2026-8-20 19:21:01.829710200,5.2929,5.2929,0.0000,3.4732,2.1167,0.4104,1.7063,18.9173,6.0693,NA,7025.5457,NA,NA,NA
python.exe,24084,0x0,Other,-1,0,0,Composed: Copy with GPU GDI,2026-8-20 19:21:01.835003100,6.1293,6.1293,0.0000,0.3045,6.1497,0.4108,5.7389,19.6937,6.0633,-0.7764,7030.8386,NA,NA,NA
python.exe,24084,0x0,Other,-1,0,0,Composed: Copy with GPU GDI,2026-8-20 19:21:01.841132400,4.2537,4.2537,0.0000,0.3291,6.2604,2.4258,3.8346,NA,NA,0.0660,7036.9679,NA,NA,NA
python.exe,24084,0x0,Other,-1,0,0,Composed: Copy with GPU GDI,2026-8-20 19:21:01.845386100,4.0634,4.0634,0.0000,2.3393,1.8585,0.3147,1.5438,NA,NA,NA,NA,NA,NA,NA
python.exe,24084,0x0,Other,-1,0,0,Composed: Copy with GPU GDI,2026-8-20 19:21:01.849449500,4.7267,4.7267,0.0000,0.1370,4.8618,0.3480,4.5138,11.3106,12.1291,NA,7045.2850,NA,NA,NA
python.exe,24084,0x0,Other,-1,0,0,Composed: Copy with GPU GDI,2026-8-20 19:21:01.854176200,6.1634,6.1634,0.0000,0.2760,6.2291,0.4073,5.8218,18.7130,4.7305,-7.4024,7050.0117,NA,NA,NA
python.exe,24084,0x0,Other,-1,0,0,Composed: Copy with GPU GDI,2026-8-20 19:21:01.860339600,1.9085,1.9085,0.0000,0.3447,3.7850,2.3346,1.4504,NA,NA,1.4329,7056.1751,NA,NA,NA
python.exe,24084,0x0,Other,-1,0,0,Composed: Copy with GPU GDI,2026-8-20 19:21:01.862248100,4.1689,4.1689,0.0000,2.2255,2.2116,0.3958,1.8158,15.3716,7.4014,NA,7058.0836,NA,NA,NA
python.exe,24084,0x0,Other,-1,0,0,Composed: Copy with GPU GDI,2026-8-20 19:21:01.866417000,7.5048,7.5048,0.0000,0.2713,7.4247,0.2718,7.1529,NA,NA,NA,NA,NA,NA,NA
python.exe,24084,0x0,Other,-1,0,0,Composed: Copy with GPU GDI,2026-8-20 19:21:01.873921800,3.3976,3.3976,0.0000,0.1931,3.5965,0.4625,3.1340,11.0993,9.2494,4.2723,7069.7573,NA,NA,NA
python.exe,24084,0x0,Other,-1,0,0,Composed: Copy with GPU GDI,2026-8-20 19:21:01.877319400,2.1465,2.1465,0.0000,0.3959,4.9710,3.3365,1.6345,NA,NA,-5.8518,7073.1549,NA,NA,NA
python.exe,24084,0x0,Other,-1,0,0,Composed: Copy with GPU GDI,2026-8-20 19:21:01.879465900,4.0297,4.0297,0.0000,3.2232,1.0273,0.3155,0.7118,14.8046,8.9589,NA,7075.3014,NA,NA,NA
python.exe,24084,0x0,Other,-1,0,0,Composed: Copy with GPU GDI,2026-8-20 19:21:01.883495600,6.9744,6.9744,0.0000,0.2237,7.0529,0.3925,6.6604,19.7338,7.7076,-4.9292,7079.3311,NA,NA,NA
python.exe,24084,0x0,Other,-1,0,0,Composed: Copy with GPU GDI,2026-8-20 19:21:01.890470000,5.4140,5.4140,0.0000,7.8833,0.2651,0.2651,0.0000,NA,NA,-0.7332,7086.3055,NA,NA,NA
python.exe,24084,0x0,Other,-1,0,0,Composed: Copy with GPU GDI,2026-8-20 19:21:01.895884000,0.7357,0.7357,0.0000,0.0000,7.5768,2.5766,5.0002,NA,NA,NA,NA,NA,NA,NA
python.exe,24084,0x0,Other,-1,0,0,Composed: Copy with GPU GDI,2026-8-20 19:21:01.896619700,4.4068,4.4068,0.0000,2.0025,2.7239,0.4025,2.3214,14.3173,10.5244,NA,7092.4552,NA,NA,NA
python.exe,24084,0x0,Other,-1,0,0,Composed: Copy with GPU GDI,2026-8-20 19:21:01.901026500,6.5299,6.5299,0.0000,0.3228,6.5095,0.3920,6.1175,20.4349,6.0397,-6.1176,7096.8620,NA,NA,NA
python.exe,24084,0x0,Other,-1,0,0,Composed: Copy with GPU GDI,2026-8-20 19:21:01.907556400,5.0631,5.0631,0.0000,0.3070,7.0960,2.4419,4.6541,NA,NA,NA,NA,NA,NA,NA
python.exe,24084,0x0,Other,-1,0,0,Composed: Copy with GPU GDI,2026-8-20 19:21:01.912619500,4.0365,4.0365,0.0000,2.3449,1.8668,0.2758,1.5910,NA,NA,NA,NA,NA,NA,NA
python.exe,24084,0x0,Other,-1,0,0,Composed: Copy with GPU GDI,2026-8-20 19:21:01.916656000,4.4674,4.4674,0.0000,0.1788,4.6151,0.4100,4.2051,10.8451,16.7660,9.5898,7112.4915,NA,NA,NA
python.exe,24084,0x0,Other,-1,0,0,Composed: Copy with GPU GDI,2026-8-20 19:21:01.921123400,6.6339,6.6339,0.0000,0.3308,6.6141,0.3907,6.2234,NA,NA,NA,NA,NA,NA,NA
python.exe,24084,0x0,Other,-1,0,0,Composed: Copy with GPU GDI,2026-8-20 19:21:01.927757300,2.9479,2.9479,0.0000,5.4081,0.2662,0.2662,0.0000,NA,NA,-5.6647,7123.5928,NA,NA,NA
python.exe,24084,0x0,Other,-1,0,0,Composed: Copy with GPU GDI,2026-8-20 19:21:01.930705200,0.5566,0.5566,0.0000,0.0000,5.0942,2.5542,2.5400,13.5619,7.4906,NA,7126.5407,NA,NA,NA
python.exe,24084,0x0,Other,-1,0,0,Composed: Copy with GPU GDI,2026-8-20 19:21:01.931261800,9.1058,9.1058,0.0000,2.1729,7.2705,0.4403,6.8302,NA,NA,NA,NA,NA,NA,NA
python.exe,24084,0x0,Other,-1,0,0,Composed: Copy with GPU GDI,2026-8-20 19:21:01.940367600,3.3345,3.3345,0.0000,0.3417,3.2713,0.3692,2.9021,11.3901,9.1833,2.1718,7136.2031,NA,NA,NA
python.exe,24084,0x0,Other,-1,0,0,Composed: Copy with GPU GDI,2026-8-20 19:21:01.943702100,1.8056,1.8056,0.0000,0.2816,5.5439,4.1159,1.4280,NA,NA,-5.8488,7139.5376,NA,NA,NA
python.exe,24084,0x0,Other,-1,0,0,Composed: Copy with GPU GDI,2026-8-20 19:21:01.945507700,4.7027,4.7027,0.0000,4.0229,0.9031,0.3242,0.5789,15.4333,9.0258,NA,7141.3432,NA,NA,NA
python.exe,24084,0x0,Other,-1,0,0,Composed: Copy with GPU GDI,2026-8-20 19:21:01.950210400,6.5713,6.5713,0.0000,0.2268,6.6913,0.4176,6.2737,19.7564,7.6329,-4.3231,7146.0459,NA,NA,NA
python.exe,24084,0x0,Other,-1,0,0,Composed: Copy with GPU GDI,2026-8-20 19:21:01.956781700,5.8458,5.8458,0.0000,8.2662,0.2663,0.2663,0.0000,NA,NA,-1.0616,7152.6172,NA,NA,NA
python.exe,24084,0x0,Other,-1,0,0,Composed: Copy with GPU GDI,2026-8-20 19:21:01.962627500,0.3241,0.3241,0.0000,0.0000,7.9164,2.5827,5.3337,14.9722,10.5652,NA,7158.4630,NA,NA,NA
python.exe,24084,0x0,Other,-1,0,0,Composed: Copy with GPU GDI,2026-8-20 19:21:01.962951600,8.8475,8.8475,0.0000,2.3649,6.6856,0.2784,6.4072,NA,NA,NA,NA,NA,NA,NA
python.exe,24084,0x0,Other,-1,0,0,Composed: Copy with GPU GDI,2026-8-20 19:21:01.971799100,3.1475,3.1475,0.0000,0.2061,3.2101,0.3517,2.8584,16.3658,6.0965,-1.3936,7167.6346,NA,NA,NA
python.exe,24084,0x0,Other,-1,0,0,Composed: Copy with GPU GDI,2026-8-20 19:21:01.974946600,4.2909,4.2909,0.0000,0.2734,6.2932,2.3735,3.9197,NA,NA,NA,NA,NA,NA,NA
python.exe,24084,0x0,Other,-1,0,0,Composed: Copy with GPU GDI,2026-8-20 19:21:01.979237500,3.3096,3.3096,0.0000,2.2801,1.2260,0.2891,0.9369,NA,NA,NA,NA,NA,NA,NA
python.exe,24084,0x0,Other,-1,0,0,Composed: Copy with GPU GDI,2026-8-20 19:21:01.982547100,3.9779,3.9779,0.0000,0.1986,4.0844,0.3929,3.6915,11.7143,24.2356,4.6515,7178.3826,NA,NA,NA
python.exe,24084,0x0,Other,-1,0,0,Composed: Copy with GPU GDI,2026-8-20 19:21:01.986525000,24.0467,24.0467,0.0000,0.3082,24.0173,0.3931,23.6242,NA,NA,NA,NA,NA,NA,NA
python.exe,24084,0x0,Other,-1,0,0,Composed: Copy with GPU GDI,2026-8-20 19:21:02.010571700,0.6839,0.6839,0.0000,0.2820,0.4858,0.1662,0.3196,7.9253,9.1098,3.7890,7206.4072,NA,NA,NA
python.exe,24084,0x0,Other,-1,0,0,Composed: Copy with GPU GDI,2026-8-20 19:21:02.011255600,0.1830,0.1830,0.0000,0.0839,3.6709,3.6709,0.0000,NA,NA,NA,NA,NA,NA,NA
python.exe,24084,0x0,Other,-1,0,0,Composed: Copy with GPU GDI,2026-8-20 19:21:02.011438600,3.6316,3.6316,0.0000,5.8361,0.2604,0.2604,0.0000,NA,NA,-8.2429,7207.2741,NA,NA,NA
python.exe,24084,0x0,Other,-1,0,0,Composed: Copy with GPU GDI,2026-8-20 19:21:02.015070200,1.5812,1.5812,0.0000,0.0000,2.2643,2.2643,0.0000,12.5366,9.0877,NA,7210.9057,NA,NA,NA
python.exe,24084,0x0,Other,-1,0,0,Composed: Copy with GPU GDI,2026-8-20 19:21:02.016651400,7.2180,7.2180,0.0000,0.8872,6.6342,0.3989,6.2353,20.0431,6.0683,-7.5065,7212.4869,NA,NA,NA
python.exe,24084,0x0,Other,-1,0,0,Composed: Copy with GPU GDI,2026-8-20 19:21:02.023869400,4.9543,4.9543,0.0000,0.3067,4.9442,0.3867,4.5575,18.8934,6.0601,1.1497,7219.7049,NA,NA,NA
python.exe,24084,0x0,Other,-1,0,0,Composed: Copy with GPU GDI,2026-8-20 19:21:02.028823700,0.5977,0.5977,0.0000,0.3009,3.2457,3.0507,0.1950,NA,NA,-1.1058,7224.6592,NA,NA,NA
python.exe,24084,0x0,Other,-1,0,0,Composed: Copy with GPU GDI,2026-8-20 19:21:02.029421400,4.8884,4.8884,0.0000,2.9513,2.2573,0.4166,1.8407,19.4015,6.0682,NA,7225.2569,NA,NA,NA
python.exe,24084,0x0,Other,-1,0,0,Composed: Copy with GPU GDI,2026-8-20 19:21:02.034309800,7.0843,7.0843,0.0000,0.3229,7.0825,0.4068,6.6757,20.5813,6.0508,-1.1798,7230.1453,NA,NA,NA
python.exe,24084,0x0,Other,-1,0,0,Composed: Copy with GPU GDI,2026-8-20 19:21:02.041394100,4.3496,4.3496,0.0000,0.3237,6.2695,2.3396,3.9299,19.5478,0.0923,1.0335,7237.2296,NA,NA,NA
python.exe,24084,0x0,Other,-1,0,0,Composed: Copy with GPU GDI,2026-8-20 19:21:02.045743700,3.6843,3.6843,0.0000,2.2466,2.2621,0.9735,1.2886,NA,NA,NA,NA,NA,NA,NA
python.exe,24084,0x0,Other,-1,0,0,Composed: Copy with GPU GDI,2026-8-20 19:21:02.049428000,4.0836,4.0836,0.0000,0.8277,3.5156,0.3518,3.1638,11.6062,16.5871,7.9416,7245.2635,NA,NA,NA
python.exe,24084,0x0,Other,-1,0,0,Composed: Copy with GPU GDI,2026-8-20 19:21:02.053511600,7.6661,7.6661,0.0000,0.2646,7.6414,0.4066,7.2348,NA,NA,NA,NA,NA,NA,NA
python.exe,24084,0x0,Other,-1,0,0,Composed: Copy with GPU GDI,2026-8-20 19:21:02.061177700,1.1443,1.1443,0.0000,0.2453,3.0227,2.2565,0.7662,NA,NA,-4.8374,7257.0132,NA,NA,NA
python.exe,24084,0x0,Other,-1,0,0,Composed: Copy with GPU GDI,2026-8-20 19:21:02.062322000,2.8105,2.8105,0.0000,2.1281,0.8540,0.2993,0.5547,15.2993,7.6046,NA,7258.1575,NA,NA,NA
python.exe,24084,0x0,Other,-1,0,0,Composed: Copy with GPU GDI,2026-8-20 19:21:02.065132500,7.4347,7.4347,0.0000,0.1748,7.5787,0.3900,7.1887,20.0934,6.0675,-4.7941,7260.9680,NA,NA,NA
python.exe,24084,0x0,Other,-1,0,0,Composed: Copy with GPU GDI,2026-8-20 19:21:02.072567200,5.2421,5.2421,0.0000,0.3220,5.2363,0.4061,4.8302,18.7262,2.9779,1.3672,7268.4027,NA,NA,NA
python.exe,24084,0x0,Other,-1,0,0,Composed: Copy with GPU GDI,2026-8-20 19:21:02.077809300,1.2501,1.2501,0.0000,0.3208,4.3457,3.5144,0.8313,NA,NA,2.2642,7273.6448,NA,NA,NA
python.exe,24084,0x0,Other,-1,0,0,Composed: Copy with GPU GDI,2026-8-20 19:21:02.079059400,4.6272,4.6272,0.0000,3.4201,1.4134,0.3019,1.1115,15.2119,9.1564,NA,7274.8949,NA,NA,NA
python.exe,24084,0x0,Other,-1,0,0,Composed: Copy with GPU GDI,2026-8-20 19:21:02.083686600,5.6144,5.6144,0.0000,0.2092,5.7323,0.4122,5.3201,19.7411,6.0685,-4.5292,7279.5221,NA,NA,NA
python.exe,24084,0x0,Other,-1,0,0,Composed: Copy with GPU GDI,2026-8-20 19:21:02.089301000,6.7071,6.7071,0.0000,0.3309,6.6929,0.4146,6.2783,20.1952,1.4381,-0.4541,7285.1365,NA,NA,NA
python.exe,24084,0x0,Other,-1,0,0,Composed: Copy with GPU GDI,2026-8-20 19:21:02.096008100,0.6045,0.6045,0.0000,0.3226,3.3107,3.1229,0.1878,14.9262,4.6296,5.2690,7291.8436,NA,NA,NA
python.exe,24084,0x0,Other,-1,0,0,Composed: Copy with GPU GDI,2026-8-20 19:21:02.096612600,8.6846,8.6846,0.0000,3.0345,5.8646,0.3137,5.5509,NA,NA,NA,NA,NA,NA,NA
python.exe,24084,0x0,Other,-1,0,0,Composed: Copy with GPU GDI,2026-8-20 19:21:02.105297200,3.1884,3.1884,0.0000,0.2172,3.2524,0.3685,2.8839,10.2667,12.0393,4.6595,7301.1327,NA,NA,NA
python.exe,24084,0x0,Other,-1,0,0,Composed: Copy with GPU GDI,2026-8-20 19:21:02.108485600,4.5407,4.5407,0.0000,0.2853,6.4233,2.2595,4.1638,19.1176,0.1000,-8.8509,7304.3211,NA,NA,NA
python.exe,24084,0x0,Other,-1,0,0,Composed: Copy with GPU GDI,2026-8-20 19:21:02.113026300,2.8885,2.8885,0.0000,2.1715,0.8926,0.2953,0.5973,NA,NA,NA,NA,NA,NA,NA
python.exe,24084,0x0,Other,-1,0,0,Composed: Copy with GPU GDI,2026-8-20 19:21:02.115914800,4.6836,4.6836,0.0000,0.1786,4.8317,0.4176,4.4141,11.7884,16.5702,7.3292,7311.7503,NA,NA,NA
python.exe,24084,0x0,Other,-1,0,0,Composed: Copy with GPU GDI,2026-8-20 19:21:02.120598400,8.5464,8.5464,0.0000,0.3306,8.4104,0.2816,8.1288,NA,NA,NA,NA,NA,NA,NA
python.exe,24084,0x0,Other,-1,0,0,Composed: Copy with GPU GDI,2026-8-20 19:21:02.129144800,0.5546,0.5546,0.0000,2.9315,0.2668,0.2668,0.0000,NA,NA,-3.3402,7324.9803,NA,NA,NA
python.exe,24084,0x0,Other,-1,0,0,Composed: Copy with GPU GDI,2026-8-20 19:21:02.129699400,1.9089,1.9089,0.0000,0.0000,2.7337,2.4695,0.2642,14.5740,7.6823,NA,7325.5349,NA,NA,NA
python.exe,24084,0x0,Other,-1,0,0,Composed: Copy with GPU GDI,2026-8-20 19:21:02.131608300,6.5060,6.5060,0.0000,0.7382,6.1557,0.4601,5.6956,20.3474,6.0711,-5.7734,7327.4438,NA,NA,NA
python.exe,24084,0x0,Other,-1,0,0,Composed: Copy with GPU GDI,2026-8-20 19:21:02.138114300,5.6329,5.6329,0.0000,0.3912,5.5704,0.4119,5.1585,19.9125,2.9125,0.4349,7333.9498,NA,NA,NA
python.exe,24084,0x0,Other,-1,0,0,Composed: Copy with GPU GDI,2026-8-20 19:21:02.143747200,1.7214,1.7214,0.0000,0.3335,4.9514,3.6610,1.2904,NA,NA,2.7204,7339.5827,NA,NA,NA
python.exe,24084,0x0,Other,-1,0,0,Composed: Copy with GPU GDI,2026-8-20 19:21:02.145468600,4.8520,4.8520,0.0000,3.5692,1.6168,0.4273,1.1895,15.4707,9.2214,NA,7341.3041,NA,NA,NA
python.exe,24084,0x0,Other,-1,0,0,Composed: Copy with GPU GDI,2026-8-20 19:21:02.150320600,6.0548,6.0548,0.0000,0.3374,6.0287,0.3968,5.6319,19.8401,7.4367,-4.3694,7346.1561,NA,NA,NA
python.exe,24084,0x0,Other,-1,0,0,Composed: Copy with GPU GDI,2026-8-20 19:21:02.156375400,5.2944,5.2944,0.0000,7.9361,0.1994,0.1994,0.0000,NA,NA,-1.3819,7352.2109,NA,NA,NA
python.exe,24084,0x0,Other,-1,0,0,Composed: Copy with GPU GDI,2026-8-20 19:21:02.161669800,0.5413,0.5413,0.0000,0.0000,7.6223,2.7426,4.8797,NA,NA,NA,NA,NA,NA,NA
python.exe,24084,0x0,Other,-1,0,0,Composed: Copy with GPU GDI,2026-8-20 19:21:02.162211100,6.1762,6.1762,0.0000,2.3036,4.1816,0.3933,3.7883,15.3863,10.7571,NA,7358.0466,NA,NA,NA
python.exe,24084,0x0,Other,-1,0,0,Composed: Copy with GPU GDI,2026-8-20 19:21:02.168387300,6.0442,6.0442,0.0000,0.3130,6.0626,0.4168,5.6458,19.9672,5.9151,-4.5809,7364.2228,NA,NA,NA
python.exe,24084,0x0,Other,-1,0,0,Composed: Copy with GPU GDI,2026-8-20 19:21:02.174431500,4.5256,4.5256,0.0000,0.3344,6.4687,2.3840,4.0847,19.8381,0.1545,0.1291,7370.2670,NA,NA,NA
python.exe,24084,0x0,Other,-1,0,0,Composed: Copy with GPU GDI,2026-8-20 19:21:02.178957100,4.0259,4.0259,0.0000,2.2823,2.9350,1.3772,1.5578,NA,NA,NA,NA,NA,NA,NA
python.exe,24084,0x0,Other,-1,0,0,Composed: Copy with GPU GDI,2026-8-20 19:21:02.182983000,3.1301,3.1301,0.0000,1.1957,2.1909,0.3450,1.8459,11.4411,12.1326,8.3970,7378.8185,NA,NA,NA
python.exe,24084,0x0,Other,-1,0,0,Composed: Copy with GPU GDI,2026-8-20 19:21:02.186113100,7.5269,7.5269,0.0000,0.2606,7.5827,0.3900,7.1927,20.4436,4.3665,-9.0025,7381.9486,NA,NA,NA
python.exe,24084,0x0,Other,-1,0,0,Composed: Copy with GPU GDI,2026-8-20 19:21:02.193640000,2.0042,2.0042,0.0000,0.3208,3.8483,2.2817,1.5666,NA,NA,3.1604,7389.4755,NA,NA,NA
python.exe,24084,0x0,Other,-1,0,0,Composed: Copy with GPU GDI,2026-8-20 19:21:02.195644200,3.1925,3.1925,0.0000,2.1692,1.1954,0.2969,0.8985,15.2790,7.7689,NA,7391.4797,NA,NA,NA
python.exe,24084,0x0,Other,-1,0,0,Composed: Copy with GPU GDI,2026-8-20 19:21:02.198836700,7.2566,7.2566,0.0000,0.1771,7.3975,0.3914,7.0061,19.8554,6.0784,-4.5764,7394.6722,NA,NA,NA
python.exe,24084,0x0,Other,-1,0,0,Composed: Copy with GPU GDI,2026-8-20 19:21:02.206093300,4.0690,4.0690,0.0000,0.3210,4.0156,0.3779,3.6377,18.6772,2.8375,1.1782,7401.9288,NA,NA,NA
python.exe,24084,0x0,Other,-1,0,0,Composed: Copy with GPU GDI,2026-8-20 19:21:02.210162300,1.9333,1.9333,0.0000,0.2709,5.2353,3.6685,1.5668,NA,NA,1.2315,7405.9978,NA,NA,NA
python.exe,24084,0x0,Other,-1,0,0,Composed: Copy with GPU GDI,2026-8-20 19:21:02.212095600,5.0234,5.0234,0.0000,3.5769,1.7508,0.3976,1.3532,15.5124,9.2765,NA,7407.9311,NA,NA,NA
python.exe,24084,0x0,Other,-1,0,0,Composed: Copy with GPU GDI,2026-8-20 19:21:02.217119000,5.5912,5.5912,0.0000,0.3070,5.6133,0.4033,5.2100,19.7655,6.0563,-4.2531,7412.9545,NA,NA,NA
python.exe,24084,0x0,Other,-1,0,0,Composed: Copy with GPU GDI,2026-8-20 19:21:02.222710200,7.0906,7.0906,0.0000,0.3323,7.0456,0.3872,6.6584,20.2306,1.3177,-0.4651,7418.5457,NA,NA,NA
python.exe,24084,0x0,Other,-1,0,0,Composed: Copy with GPU GDI,2026-8-20 19:21:02.229800800,1.5939,1.5939,0.0000,0.2906,4.0886,2.8961,1.1925,14.4577,4.7460,5.7729,7425.6363,NA,NA,NA
python.exe,24084,0x0,Other,-1,0,0,Composed: Copy with GPU GDI,2026-8-20 19:21:02.231394700,6.9779,6.9779,0.0000,2.7901,4.3607,0.2753,4.0854,NA,NA,NA,NA,NA,NA,NA
python.exe,24084,0x0,Other,-1,0,0,Composed: Copy with GPU GDI,2026-8-20 19:21:02.238372600,2.4634,2.4634,0.0000,0.1761,2.6047,0.3984,2.2063,10.6319,11.9149,3.8258,7434.2081,NA,NA,NA
python.exe,24084,0x0,Other,-1,0,0,Composed: Copy with GPU GDI,2026-8-20 19:21:02.240836000,4.4437,4.4437,0.0000,0.3210,6.3326,2.3056,4.0270,20.0834,0.2192,-9.4515,7436.6715,NA,NA,NA
python.exe,24084,0x0,Other,-1,0,0,Composed: Copy with GPU GDI,2026-8-20 19:21:02.245279700,3.6129,3.6129,0.0000,2.2134,1.6810,0.3902,1.2908,15.8589,12.1346,4.2245,7441.1152,NA,NA,NA
python.exe,24084,0x0,Other,-1,0,0,Composed: Copy with GPU GDI,2026-8-20 19:21:02.248892600,6.0450,6.0450,0.0000,0.2843,6.1094,0.4258,5.6836,24.3806,4.3075,-8.5217,7444.7281,NA,NA,NA
python.exe,24084,0x0,Other,-1,0,0,Composed: Copy with GPU GDI,2026-8-20 19:21:02.254937600,6.4924,6.4924,0.0000,0.3528,6.4695,0.4227,6.0468,NA,NA,NA,NA,NA,NA,NA
python.exe,24084,0x0,Other,-1,0,0,Composed: Copy with GPU GDI,2026-8-20 19:21:02.261430000,1.0173,1.0173,0.0000,0.3321,2.8842,2.3091,0.5751,NA,NA,8.2299,7457.2655,NA,NA,NA
python.exe,24084,0x0,Other,-1,0,0,Composed: Copy with GPU GDI,2026-8-20 19:21:02.262447300,2.5844,2.5844,0.0000,2.2052,0.5690,0.2828,0.2862,15.1334,7.8306,NA,7458.2828,NA,NA,NA
python.exe,24084,0x0,Other,-1,0,0,Composed: Copy with GPU GDI,2026-8-20 19:21:02.265031700,6.9917,6.9917,0.0000,0.1937,7.1184,0.3892,6.7292,20.3796,6.0612,-5.2462,7460.8672,NA,NA,NA
python.exe,24084,0x0,Other,-1,0,0,Composed: Copy with GPU GDI,2026-8-20 19:21:02.272023400,5.5147,5.5147,0.0000,0.3237,5.5739,0.4636,5.1103,19.4491,2.7849,0.9305,7467.8589,NA,NA,NA
python.exe,24084,0x0,Other,-1,0,0,Composed: Copy with GPU GDI,2026-8-20 19:21:02.277538100,1.7769,1.7769,0.0000,0.3865,5.2588,4.0333,1.2255,NA,NA,2.7298,7473.3736,NA,NA,NA
python.exe,24084,0x0,Other,-1,0,0,Composed: Copy with GPU GDI,2026-8-20 19:21:02.279315000,4.1633,4.1633,0.0000,3.8736,0.4687,0.2815,0.1872,14.9424,9.3611,NA,7475.1505,NA,NA,NA
python.exe,24084,0x0,Other,-1,0,0,Composed: Copy with GPU GDI,2026-8-20 19:21:02.283478300,6.1817,6.1817,0.0000,0.1821,6.3075,0.3869,5.9206,20.1402,7.3020,-5.1978,7479.3138,NA,NA,NA
python.exe,24084,0x0,Other,-1,0,0,Composed: Copy with GPU GDI,2026-8-20 19:21:02.289660000,5.8398,5.8398,0.0000,8.3004,0.2650,0.2650,0.0000,NA,NA,-1.1203,7485.4955,NA,NA,NA
python.exe,24084,0x0,Other,-1,0,0,Composed: Copy with GPU GDI,2026-8-20 19:21:02.295499800,1.7831,1.7831,0.0000,0.0000,7.9886,2.5716,5.4170,15.4207,10.8834,NA,7491.3353,NA,NA,NA
python.exe,24084,0x0,Other,-1,0,0,Composed: Copy with GPU GDI,2026-8-20 19:21:02.297282900,7.9908,7.9908,0.0000,0.9453,7.2367,0.2709,6.9658,NA,NA,NA,NA,NA,NA,NA
python.exe,24084,0x0,Other,-1,0,0,Composed: Copy with GPU GDI,2026-8-20 19:21:02.305273700,2.9195,2.9195,0.0000,0.1943,3.0029,0.3544,2.6485,16.5302,5.7909,-1.1095,7501.1092,NA,NA,NA
python.exe,24084,0x0,Other,-1,0,0,Composed: Copy with GPU GDI,2026-8-20 19:21:02.308193200,3.9711,3.9711,0.0000,0.2825,5.9213,2.3332,3.5881,NA,NA,-2.8714,7504.0287,NA,NA,NA
python.exe,24084,0x0,Other,-1,0,0,Composed: Copy with GPU GDI,2026-8-20 19:21:02.312164300,3.4705,3.4705,0.0000,2.2365,1.4072,0.2683,1.1389,15.4305,6.3677,NA,7507.9998,NA,NA,NA
python.exe,24084,0x0,Other,-1,0,0,Composed: Copy with GPU GDI,2026-8-20 19:21:02.315634800,4.3160,4.3160,0.0000,0.1776,4.3184,0.2796,4.0388,18.3277,6.0604,-2.8972,7511.4703,NA,NA,NA
python.exe,24084,0x0,Other,-1,0,0,Composed: Copy with GPU GDI,2026-8-20 19:21:02.319950800,6.8618,6.8618,0.0000,0.1846,7.0246,0.4265,6.5981,20.0721,4.2442,-1.7444,7515.7863,NA,NA,NA
python.exe,24084,0x0,Other,-1,0,0,Composed: Copy with GPU GDI,2026-8-20 19:21:02.326812600,2.4398,2.4398,0.0000,5.3473,0.2660,0.2660,0.0000,NA,NA,2.6176,7522.6481,NA,NA,NA
python.exe,24084,0x0,Other,-1,0,0,Composed: Copy with GPU GDI,2026-8-20 19:21:02.329252400,2.7548,2.7548,0.0000,0.0000,4.9955,3.0166,1.9789,15.0147,7.9088,NA,7525.0879,NA,NA,NA
python.exe,24084,0x0,Other,-1,0,0,Composed: Copy with GPU GDI,2026-8-20 19:21:02.332007200,6.8664,6.8664,0.0000,0.4221,6.8103,0.4449,6.3654,20.1687,6.0506,-5.1540,7527.8427,NA,NA,NA
python.exe,24084,0x0,Other,-1,0,0,Composed: Copy with GPU GDI,2026-8-20 19:21:02.338873600,5.0484,5.0484,0.0000,0.3687,5.0491,0.4556,4.5935,19.3529,6.0667,0.8158,7534.7091,NA,NA,NA
python.exe,24084,0x0,Other,-1,0,0,Composed: Copy with GPU GDI,2026-8-20 19:21:02.343922000,5.7619,5.7619,0.0000,8.3231,0.2131,0.2131,0.0000,NA,NA,NA,NA,NA,NA,NA
python.exe,24084,0x0,Other,-1,0,0,Composed: Copy with GPU GDI,2026-8-20 19:21:02.349683900,0.2932,0.2932,0.0000,0.0000,7.9502,2.6551,5.2951,14.6093,6.0706,4.7436,7545.5194,NA,NA,NA
python.exe,24084,0x0,Other,-1,0,0,Composed: Copy with GPU GDI,2026-8-20 19:21:02.349977100,6.0100,6.0100,0.0000,2.4877,3.8421,0.4043,3.4378,20.3867,6.0554,-5.7774,7545.8126,NA,NA,NA
python.exe,24084,0x0,Other,-1,0,0,Composed: Copy with GPU GDI,2026-8-20 19:21:02.355987100,5.9379,5.9379,0.0000,8.4753,0.2478,0.2478,0.0000,NA,NA,-0.0454,7551.8226,NA,NA,NA
python.exe,24084,0x0,Other,-1,0,0,Composed: Copy with GPU GDI,2026-8-20 19:21:02.361925000,0.6389,0.6389,0.0000,0.0000,8.1513,2.6546,5.4967,14.4942,12.1387,NA,7557.7605,NA,NA,NA
python.exe,24084,0x0,Other,-1,0,0,Composed: Copy with GPU GDI,2026-8-20 19:21:02.362563900,9.0082,9.0082,0.0000,2.1511,7.1344,0.3537,6.7807,NA,NA,NA,NA,NA,NA,NA
python.exe,24084,0x0,Other,-1,0,0,Composed: Copy with GPU GDI,2026-8-20 19:21:02.371572100,2.5273,2.5273,0.0000,0.2806,2.4980,0.3434,2.1546,16.9858,6.0591,-2.4916,7567.4076,NA,NA,NA
python.exe,24084,0x0,Other,-1,0,0,Composed: Copy with GPU GDI,2026-8-20 19:21:02.374099400,9.3170,9.3170,0.0000,0.2551,9.2523,0.3215,8.9308,NA,NA,NA,NA,NA,NA,NA
python.exe,24084,0x0,Other,-1,0,0,Composed: Copy with GPU GDI,2026-8-20 19:21:02.383416400,0.1840,0.1840,0.0000,0.1904,2.7986,2.7986,0.0000,NA,NA,5.7852,7579.2519,NA,NA,NA
python.exe,24084,0x0,Other,-1,0,0,Composed: Copy with GPU GDI,2026-8-20 19:21:02.383600400,3.5028,3.5028,0.0000,2.8090,0.9178,0.3241,0.5937,11.0166,12.1511,NA,7579.4359,NA,NA,NA
python.exe,24084,0x0,Other,-1,0,0,Composed: Copy with GPU GDI,2026-8-20 19:21:02.387103200,6.7597,6.7597,0.0000,0.2278,6.8636,0.4129,6.4507,19.6649,4.1719,-8.6483,7582.9387,NA,NA,NA
python.exe,24084,0x0,Other,-1,0,0,Composed: Copy with GPU GDI,2026-8-20 19:21:02.393862900,3.5349,3.5349,0.0000,5.9939,0.2600,0.2600,0.0000,NA,NA,2.5878,7589.6984,NA,NA,NA
python.exe,24084,0x0,Other,-1,0,0,Composed: Copy with GPU GDI,2026-8-20 19:21:02.397397800,0.7936,0.7936,0.0000,0.0000,5.6590,2.5920,3.0670,13.5422,7.9544,NA,7593.2333,NA,NA,NA
python.exe,24084,0x0,Other,-1,0,0,Composed: Copy with GPU GDI,2026-8-20 19:21:02.398191400,6.9507,6.9507,0.0000,1.9314,5.3231,0.3987,4.9244,20.7030,6.0642,-7.1608,7594.0269,NA,NA,NA
python.exe,24084,0x0,Other,-1,0,0,Composed: Copy with GPU GDI,2026-8-20 19:21:02.405142100,5.7036,5.7036,0.0000,0.3102,5.7250,0.4210,5.3040,19.8165,6.0766,0.8865,7600.9776,NA,NA,NA
python.exe,24084,0x0,Other,-1,0,0,Composed: Copy with GPU GDI,2026-8-20 19:21:02.410845700,6.8718,6.8718,0.0000,0.3346,6.8322,0.4254,6.4068,20.1895,6.0593,-0.3730,7606.6812,NA,NA,NA
python.exe,24084,0x0,Other,-1,0,0,Composed: Copy with GPU GDI,2026-8-20 19:21:02.417717500,0.2018,0.2018,0.0000,0.2950,3.0802,3.0802,0.0000,NA,NA,0.8125,7613.5530,NA,NA,NA
python.exe,24084,0x0,Other,-1,0,0,Composed: Copy with GPU GDI,2026-8-20 19:21:02.417919300,5.5898,5.5898,0.0000,3.1770,2.6839,0.4053,2.2786,19.1752,6.0611,NA,7613.7548,NA,NA,NA
python.exe,24084,0x0,Other,-1,0,0,Composed: Copy with GPU GDI,2026-8-20 19:21:02.423509100,5.2694,5.2694,0.0000,0.2739,5.2430,0.3916,4.8514,19.6465,6.0731,-0.4713,7619.3446,NA,NA,NA
python.exe,24084,0x0,Other,-1,0,0,Composed: Copy with GPU GDI,2026-8-20 19:21:02.428778500,0.4419,0.4419,0.0000,0.2503,2.3379,2.2617,0.0762,NA,NA,-0.8037,7624.6140,NA,NA,NA
python.exe,24084,0x0,Other,-1,0,0,Composed: Copy with GPU GDI,2026-8-20 19:21:02.429220400,5.9787,5.9787,0.0000,2.1524,4.0987,0.3985,3.7002,20.0083,6.0673,NA,7625.0559,NA,NA,NA
python.exe,24084,0x0,Other,-1,0,0,Composed: Copy with GPU GDI,2026-8-20 19:21:02.435199100,7.0193,7.0193,0.0000,0.2762,7.0458,0.4118,6.6340,20.0969,6.0598,-0.0886,7631.0346,NA,NA,NA
python.exe,24084,0x0,Other,-1,0,0,Composed: Copy with GPU GDI,2026-8-20 19:21:02.442218400,2.9719,2.9719,0.0000,0.3057,4.8036,2.2444,2.5592,NA,NA,0.9595,7638.0539,NA,NA,NA
python.exe,24084,0x0,Other,-1,0,0,Composed: Copy with GPU GDI,2026-8-20 19:21:02.445190300,4.2299,4.2299,0.0000,2.1411,2.3495,0.3963,1.9532,NA,NA,NA,NA,NA,NA,NA
python.exe,24084,0x0,Other,-1,0,0,Composed: Copy with GPU GDI,2026-8-20 19:21:02.449420200,4.2825,4.2825,0.0000,0.2639,4.3272,0.3849,3.9423,11.9356,12.1398,NA,7645.2557,NA,NA,NA
python.exe,24084,0x0,Other,-1,0,0,Composed: Copy with GPU GDI,2026-8-20 19:21:02.453702700,6.8025,6.8025,0.0000,0.3133,6.8080,0.4160,6.3920,19.7929,4.1048,-7.8573,7649.5382,NA,NA,NA
python.exe,24084,0x0,Other,-1,0,0,Composed: Copy with GPU GDI,2026-8-20 19:21:02.460505200,2.4075,2.4075,0.0000,4.7432,0.2690,0.2690,0.0000,NA,NA,2.6977,7656.3407,NA,NA,NA
python.exe,24084,0x0,Other,-1,0,0,Composed: Copy with GPU GDI,2026-8-20 19:21:02.462912700,2.0077,2.0077,0.0000,0.0000,4.4193,2.4572,1.9621,14.6877,8.0285,NA,7658.7482,NA,NA,NA
python.exe,24084,0x0,Other,-1,0,0,Composed: Copy with GPU GDI,2026-8-20 19:21:02.464920400,7.3795,7.3795,0.0000,0.6016,7.0563,0.3917,6.6646,20.7085,6.0660,-6.0208,7660.7559,NA,NA,NA
python.exe,24084,0x0,Other,-1,0,0,Composed: Copy with GPU GDI,2026-8-20 19:21:02.472299900,5.1222,5.1222,0.0000,0.2818,5.1686,0.4405,4.7281,19.3950,2.5728,1.3135,7668.1354,NA,NA,NA
python.exe,24084,0x0,Other,-1,0,0,Composed: Copy with GPU GDI,2026-8-20 19:21:02.477422100,1.8619,1.8619,0.0000,0.3320,4.9895,3.5946,1.3949,NA,NA,2.5494,7673.2576,NA,NA,NA
python.exe,24084,0x0,Other,-1,0,0,Composed: Copy with GPU GDI,2026-8-20 19:21:02.479284000,4.4833,4.4833,0.0000,3.4632,1.2293,0.3197,0.9096,14.9837,9.5606,NA,7675.1195,NA,NA,NA
python.exe,24084,0x0,Other,-1,0,0,Composed: Copy with GPU GDI,2026-8-20 19:21:02.483767300,5.1041,5.1041,0.0000,0.2123,5.2048,0.4036,4.8012,20.0610,6.0607,-5.0773,7679.6028,NA,NA,NA
python.exe,24084,0x0,Other,-1,0,0,Composed: Copy with GPU GDI,2026-8-20 19:21:02.488871400,7.1665,7.1665,0.0000,0.3167,7.2388,0.4921,6.7467,21.0176,1.0410,-0.9566,7684.7069,NA,NA,NA
python.exe,24084,0x0,Other,-1,0,0,Composed: Copy with GPU GDI,2026-8-20 19:21:02.496037900,0.5892,0.5892,0.0000,0.3921,3.1900,3.1014,0.0886,NA,NA,6.1255,7691.8734,NA,NA,NA
python.exe,24084,0x0,Other,-1,0,0,Composed: Copy with GPU GDI,2026-8-20 19:21:02.496627100,5.2705,5.2705,0.0000,2.9960,2.5702,0.4104,2.1598,14.3029,11.0970,NA,7692.4626,NA,NA,NA
python.exe,24084,0x0,Other,-1,0,0,Composed: Copy with GPU GDI,2026-8-20 19:21:02.501897600,6.4553,6.4553,0.0000,0.2989,6.4673,0.3958,6.0715,20.1294,5.5701,-5.8265,7697.7331,NA,NA,NA
python.exe,24084,0x0,Other,-1,0,0,Composed: Copy with GPU GDI,2026-8-20 19:21:02.508352900,3.9064,3.9064,0.0000,0.3144,5.9225,2.4335,3.4890,19.2442,0.4877,0.8852,7704.1884,NA,NA,NA
python.exe,24084,0x0,Other,-1,0,0,Composed: Copy with GPU GDI,2026-8-20 19:21:02.512259300,4.1794,4.1794,0.0000,2.3338,2.1184,0.4422,1.6762,NA,NA,NA,NA,NA,NA,NA
python.exe,24084,0x0,Other,-1,0,0,Composed: Copy with GPU GDI,2026-8-20 19:21:02.516438700,4.6896,4.6896,0.0000,0.2771,4.7332,0.4173,4.3159,11.6461,12.1334,7.5981,7712.2742,NA,NA,NA
python.exe,24084,0x0,Other,-1,0,0,Composed: Copy with GPU GDI,2026-8-20 19:21:02.521128300,6.0216,6.0216,0.0000,0.3248,6.0516,0.4284,5.6232,19.0899,4.0518,-7.4438,7716.9638,NA,NA,NA
python.exe,24084,0x0,Other,-1,0,0,Composed: Copy with GPU GDI,2026-8-20 19:21:02.527149900,3.3521,3.3521,0.0000,5.8572,0.2709,0.2709,0.0000,NA,NA,1.9698,7722.9854,NA,NA,NA
python.exe,24084,0x0,Other,-1,0,0,Composed: Copy with GPU GDI,2026-8-20 19:21:02.530502000,2.0952,2.0952,0.0000,0.0000,5.4985,2.6164,2.8821,13.7680,8.1156,NA,7726.3375,NA,NA,NA
python.exe,24084,0x0,Other,-1,0,0,Composed: Copy with GPU GDI,2026-8-20 19:21:02.532597200,6.5643,6.5643,0.0000,0.6842,6.2163,0.4170,5.7993,19.7884,6.0359,-6.0204,7728.4327,NA,NA,NA
python.exe,24084,0x0,Other,-1,0,0,Composed: Copy with GPU GDI,2026-8-20 19:21:02.539161500,5.5276,5.5276,0.0000,0.3395,5.4972,0.3963,5.1009,19.2600,2.5081,0.5284,7734.9970,NA,NA,NA
python.exe,24084,0x0,Other,-1,0,0,Composed: Copy with GPU GDI,2026-8-20 19:21:02.544689100,0.9495,0.9495,0.0000,0.3125,4.2172,3.6804,0.5368,NA,NA,3.0195,7740.5246,NA,NA,NA
python.exe,24084,0x0,Other,-1,0,0,Composed: Copy with GPU GDI,2026-8-20 19:21:02.545638600,4.5035,4.5035,0.0000,3.5840,1.1541,0.3243,0.8298,15.2910,9.6303,NA,7741.4741,NA,NA,NA
python.exe,24084,0x0,Other,-1,0,0,Composed: Copy with GPU GDI,2026-8-20 19:21:02.550142100,6.2096,6.2096,0.0000,0.2374,6.3902,0.4890,5.9012,20.4178,7.0430,-5.1268,7745.9776,NA,NA,NA
python.exe,24084,0x0,Other,-1,0,0,Composed: Copy with GPU GDI,2026-8-20 19:21:02.556351700,6.4800,6.4800,0.0000,9.1606,0.2310,0.2310,0.0000,NA,NA,-0.8334,7752.1872,NA,NA,NA
python.exe,24084,0x0,Other,-1,0,0,Composed: Copy with GPU GDI,2026-8-20 19:21:02.562831700,0.9809,0.9809,0.0000,0.0000,8.7397,2.7823,5.9574,14.7712,11.1566,NA,7758.6672,NA,NA,NA
python.exe,24084,0x0,Other,-1,0,0,Composed: Copy with GPU GDI,2026-8-20 19:21:02.563812600,8.7937,8.7937,0.0000,1.9340,7.2133,0.5065,6.7068,NA,NA,NA,NA,NA,NA,NA
python.exe,24084,0x0,Other,-1,0,0,Composed: Copy with GPU GDI,2026-8-20 19:21:02.572606300,2.4743,2.4743,0.0000,0.3567,2.3662,0.3585,2.0077,16.1532,5.5072,-1.3820,7768.4418,NA,NA,NA
python.exe,24084,0x0,Other,-1,0,0,Composed: Copy with GPU GDI,2026-8-20 19:21:02.575080600,4.4429,4.4429,0.0000,0.2550,6.6231,2.5453,4.0778,19.1861,0.5545,-3.0329,7770.9161,NA,NA,NA
python.exe,24084,0x0,Other,-1,0,0,Composed: Copy with GPU GDI,2026-8-20 19:21:02.579523500,3.8590,3.8590,0.0000,2.4390,2.0732,0.8429,1.2303,NA,NA,NA,NA,NA,NA,NA
python.exe,24084,0x0,Other,-1,0,0,Composed: Copy with GPU GDI,2026-8-20 19:21:02.583382500,2.6005,2.6005,0.0000,0.6560,2.2643,0.3942,1.8701,11.4387,16.1332,7.7474,7779.2180,NA,NA,NA
python.exe,24084,0x0,Other,-1,0,0,Composed: Copy with GPU GDI,2026-8-20 19:21:02.585983000,8.9755,8.9755,0.0000,0.3230,8.7734,0.2884,8.4850,NA,NA,NA,NA,NA,NA,NA
python.exe,24084,0x0,Other,-1,0,0,Composed: Copy with GPU GDI,2026-8-20 19:21:02.594958500,1.1907,1.1907,0.0000,0.1237,3.4532,2.4962,0.9570,NA,NA,-4.5572,7790.7940,NA,NA,NA
python.exe,24084,0x0,Other,-1,0,0,Composed: Copy with GPU GDI,2026-8-20 19:21:02.596149200,3.6001,3.6001,0.0000,2.3895,1.3556,0.3033,1.0523,14.8052,8.1393,NA,7791.9847,NA,NA,NA
python.exe,24084,0x0,Other,-1,0,0,Composed: Copy with GPU GDI,2026-8-20 19:21:02.599749300,6.3579,6.3579,0.0000,0.1494,6.5092,0.3925,6.1167,19.3444,6.0626,-4.5392,7795.5848,NA,NA,NA
python.exe,24084,0x0,Other,-1,0,0,Composed: Copy with GPU GDI,2026-8-20 19:21:02.606107200,4.5376,4.5376,0.0000,0.3038,4.5723,0.4293,4.1430,19.0491,2.4387,0.2953,7801.9427,NA,NA,NA
python.exe,24084,0x0,Other,-1,0,0,Composed: Copy with GPU GDI,2026-8-20 19:21:02.610644800,1.3999,1.3999,0.0000,0.3424,5.1093,4.1390,0.9703,NA,NA,2.0989,7806.4803,NA,NA,NA
python.exe,24084,0x0,Other,-1,0,0,Composed: Copy with GPU GDI,2026-8-20 19:21:02.612044700,5.6346,5.6346,0.0000,4.0548,1.9269,0.4362,1.4907,15.5503,9.7010,NA,7807.8802,NA,NA,NA
python.exe,24084,0x0,Other,-1,0,0,Composed: Copy with GPU GDI,2026-8-20 19:21:02.617679300,5.0999,5.0999,0.0000,0.3504,5.0746,0.4106,4.6640,19.6167,6.9968,-4.0664,7813.5148,NA,NA,NA
python.exe,24084,0x0,Other,-1,0,0,Composed: Copy with GPU GDI,2026-8-20 19:21:02.622779200,7.1929,7.1929,0.0000,9.8644,0.2692,0.2692,0.0000,NA,NA,-1.8969,7818.6147,NA,NA,NA
python.exe,24084,0x0,Other,-1,0,0,Composed: Copy with GPU GDI,2026-8-20 19:21:02.629972100,0.5172,0.5172,0.0000,0.0000,9.5351,2.8125,6.7226,NA,NA,NA,NA,NA,NA,NA
python.exe,24084,0x0,Other,-1,0,0,Composed: Copy with GPU GDI,2026-8-20 19:21:02.630489300,4.3895,4.3895,0.0000,2.4268,2.3055,0.4278,1.8777,13.8035,11.1940,NA,7826.3248,NA,NA,NA
python.exe,24084,0x0,Other,-1,0,0,Composed: Copy with GPU GDI,2026-8-20 19:21:02.634878800,6.4993,6.4993,0.0000,0.3457,6.5063,0.4349,6.0714,20.6080,5.4702,-6.8045,7830.7143,NA,NA,NA
python.exe,24084,0x0,Other,-1,0,0,Composed: Copy with GPU GDI,2026-8-20 19:21:02.641378100,4.0331,4.0331,0.0000,0.3557,6.0725,2.5151,3.5574,19.5789,0.5919,1.0291,7837.2136,NA,NA,NA
python.exe,24084,0x0,Other,-1,0,0,Composed: Copy with GPU GDI,2026-8-20 19:21:02.645411200,3.9846,3.9846,0.0000,2.3986,1.8697,0.4020,1.4677,NA,NA,NA,NA,NA,NA,NA
python.exe,24084,0x0,Other,-1,0,0,Composed: Copy with GPU GDI,2026-8-20 19:21:02.649395800,3.5801,3.5801,0.0000,0.2867,3.6123,0.3975,3.2148,12.1531,12.1382,7.4258,7845.2313,NA,NA,NA
python.exe,24084,0x0,Other,-1,0,0,Composed: Copy with GPU GDI,2026-8-20 19:21:02.652975900,7.5703,7.5703,0.0000,0.3217,7.6496,0.4801,7.1695,20.7112,3.9387,-8.5581,7848.8114,NA,NA,NA
python.exe,24084,0x0,Other,-1,0,0,Composed: Copy with GPU GDI,2026-8-20 19:21:02.660546200,1.4951,1.4951,0.0000,0.4038,4.3771,3.4600,0.9171,NA,NA,3.6316,7856.3817,NA,NA,NA
python.exe,24084,0x0,Other,-1,0,0,Composed: Copy with GPU GDI,2026-8-20 19:21:02.662041300,3.5190,3.5190,0.0000,3.2902,0.4372,0.3254,0.1118,15.5845,8.2022,NA,7857.8768,NA,NA,NA
python.exe,24084,0x0,Other,-1,0,0,Composed: Copy with GPU GDI,2026-8-20 19:21:02.665560300,6.5865,6.5865,0.0000,0.2117,6.7240,0.4259,6.2981,20.2677,6.0610,-4.6832,7861.3958,NA,NA,NA
python.exe,24084,0x0,Other,-1,0,0,Composed: Copy with GPU GDI,2026-8-20 19:21:02.672146800,5.0856,5.0856,0.0000,0.3526,5.1174,0.4770,4.6404,19.7422,2.3837,0.5255,7867.9823,NA,NA,NA
python.exe,24084,0x0,Other,-1,0,0,Composed: Copy with GPU GDI,2026-8-20 19:21:02.677232400,2.3735,2.3735,0.0000,0.3873,5.8221,3.9641,1.8580,NA,NA,2.7019,7873.0679,NA,NA,NA
python.exe,24084,0x0,Other,-1,0,0,Composed: Copy with GPU GDI,2026-8-20 19:21:02.679605900,5.0785,5.0785,0.0000,3.8397,1.3871,0.2634,1.1237,14.6668,9.7585,NA,7875.4414,NA,NA,NA
python.exe,24084,0x0,Other,-1,0,0,Composed: Copy with GPU GDI,2026-8-20 19:21:02.684684400,5.6593,5.6593,0.0000,0.1513,5.8090,0.3952,5.4138,19.3468,6.0603,-4.6800,7880.5199,NA,NA,NA
python.exe,24084,0x0,Other,-1,0,0,Composed: Copy with GPU GDI,2026-8-20 19:21:02.690343700,5.7934,5.7934,0.0000,0.3039,5.7931,0.4008,5.3923,19.7478,0.8505,-0.4010,7886.1792,NA,NA,NA
python.exe,24084,0x0,Other,-1,0,0,Composed: Copy with GPU GDI,2026-8-20 19:21:02.696137100,0.1545,0.1545,0.0000,0.3036,3.1841,3.1841,0.0000,14.8049,5.2137,4.9429,7891.9726,NA,NA,NA
python.exe,24084,0x0,Other,-1,0,0,Composed: Copy with GPU GDI,2026-8-20 19:21:02.696291600,9.3861,9.3861,0.0000,3.3388,6.1891,0.2892,5.8999,NA,NA,NA,NA,NA,NA,NA
python.exe,24084,0x0,Other,-1,0,0,Composed: Copy with GPU GDI,2026-8-20 19:21:02.705677700,2.1495,2.1495,0.0000,0.1448,2.3181,0.3865,1.9316,10.4780,11.4424,4.3269,7901.5132,NA,NA,NA
python.exe,24084,0x0,Other,-1,0,0,Composed: Copy with GPU GDI,2026-8-20 19:21:02.707827200,4.5899,4.5899,0.0000,0.3165,6.7589,2.6037,4.1552,19.7709,0.6740,-9.2929,7903.6627,NA,NA,NA
python.exe,24084,0x0,Other,-1,0,0,Composed: Copy with GPU GDI,2026-8-20 19:21:02.712417100,3.9387,3.9387,0.0000,2.4886,1.7581,0.4512,1.3069,NA,NA,NA,NA,NA,NA,NA
python.exe,24084,0x0,Other,-1,0,0,Composed: Copy with GPU GDI,2026-8-20 19:21:02.716355800,4.1031,4.1031,0.0000,0.3106,4.1300,0.4178,3.7122,11.9163,12.1586,7.8546,7912.1913,NA,NA,NA
python.exe,24084,0x0,Other,-1,0,0,Composed: Copy with GPU GDI,2026-8-20 19:21:02.720458900,7.4202,7.4202,0.0000,0.3403,7.4223,0.4214,7.0009,19.9718,3.8307,-8.0555,7916.2944,NA,NA,NA
python.exe,24084,0x0,Other,-1,0,0,Composed: Copy with GPU GDI,2026-8-20 19:21:02.727879100,1.8958,1.8958,0.0000,4.6006,0.2714,0.2714,0.0000,NA,NA,3.5895,7923.7146,NA,NA,NA
python.exe,24084,0x0,Other,-1,0,0,Composed: Copy with GPU GDI,2026-8-20 19:21:02.729774900,2.3308,2.3308,0.0000,0.0000,4.2554,2.8256,1.4298,14.4865,8.2950,NA,7925.6104,NA,NA,NA
python.exe,24084,0x0,Other,-1,0,0,Composed: Copy with GPU GDI,2026-8-20 19:21:02.732105700,6.4593,6.4593,0.0000,0.6484,6.1542,0.4171,5.7371,20.4507,6.0662,-5.9642,7927.9412,NA,NA,NA
python.exe,24084,0x0,Other,-1,0,0,Composed: Copy with GPU GDI,2026-8-20 19:21:02.738565000,5.6103,5.6103,0.0000,0.3461,5.5800,0.3881,5.1919,20.0576,2.3297,0.3931,7934.4005,NA,NA,NA
python.exe,24084,0x0,Other,-1,0,0,Composed: Copy with GPU GDI,2026-8-20 19:21:02.744175300,2.0929,2.0929,0.0000,0.3189,5.6796,4.0247,1.6549,NA,NA,3.2806,7940.0108,NA,NA,NA
python.exe,24084,0x0,Other,-1,0,0,Composed: Copy with GPU GDI,2026-8-20 19:21:02.746268200,4.0888,4.0888,0.0000,3.9106,0.4012,0.3304,0.0708,14.6841,9.8042,NA,7942.1037,NA,NA,NA
python.exe,24084,0x0,Other,-1,0,0,Composed: Copy with GPU GDI,2026-8-20 19:21:02.750357000,5.6438,5.6438,0.0000,0.2264,5.7209,0.4190,5.3019,20.3995,6.0646,-5.7154,7946.1925,NA,NA,NA
python.exe,24084,0x0,Other,-1,0,0,Composed: Copy with GPU GDI,2026-8-20 19:21:02.756000800,6.4802,6.4802,0.0000,0.3077,6.4502,0.4026,6.0476,20.8203,0.7823,-0.4208,7951.8363,NA,NA,NA
python.exe,24084,0x0,Other,-1,0,0,Composed: Copy with GPU GDI,2026-8-20 19:21:02.762481000,0.7378,0.7378,0.0000,0.2806,3.7916,3.5090,0.2826,NA,NA,5.6979,7958.3165,NA,NA,NA
python.exe,24084,0x0,Other,-1,0,0,Composed: Copy with GPU GDI,2026-8-20 19:21:02.763218800,5.1301,5.1301,0.0000,3.3374,2.0904,0.4100,1.6804,14.3846,11.3531,NA,7959.0543,NA,NA,NA
python.exe,24084,0x0,Other,-1,0,0,Composed: Copy with GPU GDI,2026-8-20 19:21:02.768348900,7.6923,7.6923,0.0000,0.3016,7.7018,0.4135,7.2883,20.6076,5.3336,-6.2230,7964.1844,NA,NA,NA
python.exe,24084,0x0,Other,-1,0,0,Composed: Copy with GPU GDI,2026-8-20 19:21:02.776041200,7.1295,7.1295,0.0000,9.8782,0.2295,0.2295,0.0000,NA,NA,2.3587,7971.8767,NA,NA,NA
python.exe,24084,0x0,Other,-1,0,0,Composed: Copy with GPU GDI,2026-8-20 19:21:02.783170700,0.3408,0.3408,0.0000,0.0000,9.5640,2.9469,6.6171,NA,NA,NA,NA,NA,NA,NA
python.exe,24084,0x0,Other,-1,0,0,Composed: Copy with GPU GDI,2026-8-20 19:21:02.783511500,4.1047,4.1047,0.0000,2.6398,1.6655,0.2942,1.3713,10.7786,12.8601,NA,7979.3470,NA,NA,NA
python.exe,24084,0x0,Other,-1,0,0,Composed: Copy with GPU GDI,2026-8-20 19:21:02.787616200,6.2793,6.2793,0.0000,0.2038,6.3851,0.4000,5.9851,19.5340,3.7804,-8.7554,7983.4517,NA,NA,NA
python.exe,24084,0x0,Other,-1,0,0,Composed: Copy with GPU GDI,2026-8-20 19:21:02.793895500,2.7786,2.7786,0.0000,5.5280,0.2661,0.2661,0.0000,NA,NA,2.4989,7989.7310,NA,NA,NA
python.exe,24084,0x0,Other,-1,0,0,Composed: Copy with GPU GDI,2026-8-20 19:21:02.796674100,2.5079,2.5079,0.0000,0.0000,5.2147,2.8649,2.3498,14.2565,8.3625,NA,7992.5096,NA,NA,NA
python.exe,24084,0x0,Other,-1,0,0,Composed: Copy with GPU GDI,2026-8-20 19:21:02.799182000,7.4528,7.4528,0.0000,0.5121,7.2858,0.4211,6.8647,20.1111,6.0702,-5.8546,7995.0175,NA,NA,NA
python.exe,24084,0x0,Other,-1,0,0,Composed: Copy with GPU GDI,2026-8-20 19:21:02.806634800,3.4962,3.4962,0.0000,0.3484,3.4720,0.3976,3.0744,18.7285,2.2302,1.3826,8002.4703,NA,NA,NA
python.exe,24084,0x0,Other,-1,0,0,Composed: Copy with GPU GDI,2026-8-20 19:21:02.810131000,1.9069,1.9069,0.0000,0.3285,5.5347,4.0705,1.4642,NA,NA,1.2660,8005.9665,NA,NA,NA
python.exe,24084,0x0,Other,-1,0,0,Composed: Copy with GPU GDI,2026-8-20 19:21:02.812037900,5.7051,5.7051,0.0000,3.9615,2.0226,0.3993,1.6233,15.5556,9.9028,NA,8007.8734,NA,NA,NA
python.exe,24084,0x0,Other,-1,0,0,Composed: Copy with GPU GDI,2026-8-20 19:21:02.817743000,5.5286,5.5286,0.0000,0.2817,5.5657,0.3974,5.1683,19.7533,6.0537,-4.1977,8013.5785,NA,NA,NA
python.exe,24084,0x0,Other,-1,0,0,Composed: Copy with GPU GDI,2026-8-20 19:21:02.823271600,5.5083,5.5083,0.0000,0.3222,5.4060,0.3066,5.0994,20.2784,0.7231,-0.5251,8019.1071,NA,NA,NA
python.exe,24084,0x0,Other,-1,0,0,Composed: Copy with GPU GDI,2026-8-20 19:21:02.828779900,0.5376,0.5376,0.0000,0.2227,2.8147,2.6030,0.2117,NA,NA,4.7852,8024.6154,NA,NA,NA
python.exe,24084,0x0,Other,-1,0,0,Composed: Copy with GPU GDI,2026-8-20 19:21:02.829317500,5.4944,5.4944,0.0000,2.5026,3.3153,0.4297,2.8856,14.9556,11.4179,NA,8025.1530,NA,NA,NA
python.exe,24084,0x0,Other,-1,0,0,Composed: Copy with GPU GDI,2026-8-20 19:21:02.834811900,6.1429,6.1429,0.0000,0.3262,6.1164,0.4084,5.7080,20.8791,5.2567,-5.9235,8030.6474,NA,NA,NA
python.exe,24084,0x0,Other,-1,0,0,Composed: Copy with GPU GDI,2026-8-20 19:21:02.840954800,5.5040,5.5040,0.0000,0.3034,7.7650,2.7040,5.0610,19.9929,0.8026,0.8862,8036.7903,NA,NA,NA
python.exe,24084,0x0,Other,-1,0,0,Composed: Copy with GPU GDI,2026-8-20 19:21:02.846458800,3.4288,3.4288,0.0000,2.5685,0.9626,0.3582,0.6044,NA,NA,NA,NA,NA,NA,NA
python.exe,24084,0x0,Other,-1,0,0,Composed: Copy with GPU GDI,2026-8-20 19:21:02.849887600,4.0270,4.0270,0.0000,0.1076,4.2252,0.3993,3.8259,11.8627,12.1376,8.1302,8045.7231,NA,NA,NA
python.exe,24084,0x0,Other,-1,0,0,Composed: Copy with GPU GDI,2026-8-20 19:21:02.853914600,6.6954,6.6954,0.0000,0.3091,6.7490,0.4409,6.3081,19.9733,3.7080,-8.1106,8049.7501,NA,NA,NA
python.exe,24084,0x0,Other,-1,0,0,Composed: Copy with GPU GDI,2026-8-20 19:21:02.860610000,3.3646,3.3646,0.0000,0.3663,5.5246,2.6403,2.8843,NA,NA,2.9874,8056.4455,NA,NA,NA
python.exe,24084,0x0,Other,-1,0,0,Composed: Copy with GPU GDI,2026-8-20 19:21:02.863974600,3.0018,3.0018,0.0000,2.5308,0.7074,0.3424,0.3650,13.6213,8.4359,NA,8059.8101,NA,NA,NA
python.exe,24084,0x0,Other,-1,0,0,Composed: Copy with GPU GDI,2026-8-20 19:21:02.866976400,6.0877,6.0877,0.0000,0.2405,6.1707,0.3998,5.7709,19.0554,6.0605,-5.4341,8062.8119,NA,NA,NA
python.exe,24084,0x0,Other,-1,0,0,Composed: Copy with GPU GDI,2026-8-20 19:21:02.873064100,4.5657,4.5657,0.0000,0.3265,4.5887,0.4408,4.1479,19.0282,2.1680,0.0272,8068.8996,NA,NA,NA
python.exe,24084,0x0,Other,-1,0,0,Composed: Copy with GPU GDI,2026-8-20 19:21:02.877629800,1.5482,1.5482,0.0000,0.3524,5.0121,3.9408,1.0713,NA,NA,2.3977,8073.4653,NA,NA,NA
python.exe,24084,0x0,Other,-1,0,0,Composed: Copy with GPU GDI,2026-8-20 19:21:02.879178000,5.5157,5.5157,0.0000,3.8217,2.0121,0.4324,1.5797,15.0823,9.9676,NA,8075.0135,NA,NA,NA
python.exe,24084,0x0,Other,-1,0,0,Composed: Copy with GPU GDI,2026-8-20 19:21:02.884693700,5.0114,5.0114,0.0000,0.3212,5.0027,0.3954,4.6073,19.5342,6.0645,-4.4519,8080.5292,NA,NA,NA
python.exe,24084,0x0,Other,-1,0,0,Composed: Copy with GPU GDI,2026-8-20 19:21:02.889705100,6.2560,6.2560,0.0000,0.3157,6.2456,0.4098,5.8358,20.5873,0.6372,-1.0531,8085.5406,NA,NA,NA
python.exe,24084,0x0,Other,-1,0,0,Composed: Copy with GPU GDI,2026-8-20 19:21:02.895961100,0.7143,0.7143,0.0000,0.3080,3.7712,3.4934,0.2778,14.9685,5.4181,5.6188,8091.7966,NA,NA,NA
python.exe,24084,0x0,Other,-1,0,0,Composed: Copy with GPU GDI,2026-8-20 19:21:02.896675400,8.7000,8.7000,0.0000,3.3688,5.6494,0.4443,5.2051,NA,NA,NA,NA,NA,NA,NA
python.exe,24084,0x0,Other,-1,0,0,Composed: Copy with GPU GDI,2026-8-20 19:21:02.905375400,2.0313,2.0313,0.0000,0.3216,1.9181,0.3232,1.5949,10.9723,11.2502,3.9962,8101.2109,NA,NA,NA
python.exe,24084,0x0,Other,-1,0,0,Composed: Copy with GPU GDI,2026-8-20 19:21:02.907406700,5.0764,5.0764,0.0000,0.2117,7.3353,2.6189,4.7164,NA,NA,-9.2189,8103.2422,NA,NA,NA
python.exe,24084,0x0,Other,-1,0,0,Composed: Copy with GPU GDI,2026-8-20 19:21:02.912483100,3.5357,3.5357,0.0000,2.4743,1.2781,0.3282,0.9499,15.1148,6.9588,NA,8108.3186,NA,NA,NA
python.exe,24084,0x0,Other,-1,0,0,Composed: Copy with GPU GDI,2026-8-20 19:21:02.916018800,4.8646,4.8646,0.0000,0.2195,4.9738,0.4238,4.5500,18.5379,6.0658,-3.4231,8111.8543,NA,NA,NA
python.exe,24084,0x0,Other,-1,0,0,Composed: Copy with GPU GDI,2026-8-20 19:21:02.920883400,6.4755,6.4755,0.0000,0.3319,6.4872,0.4232,6.0640,19.7391,3.6462,-1.2012,8116.7189,NA,NA,NA
python.exe,24084,0x0,Other,-1,0,0,Composed: Copy with GPU GDI,2026-8-20 19:21:02.927358900,2.5713,2.5713,0.0000,5.2894,0.2730,0.2730,0.0000,NA,NA,2.8293,8123.1944,NA,NA,NA
python.exe,24084,0x0,Other,-1,0,0,Composed: Copy with GPU GDI,2026-8-20 19:21:02.929930200,2.0204,2.0204,0.0000,0.0000,4.9423,2.8275,2.1148,14.3385,8.4896,NA,8125.7657,NA,NA,NA
python.exe,24084,0x0,Other,-1,0,0,Composed: Copy with GPU GDI,2026-8-20 19:21:02.931950600,7.1060,7.1060,0.0000,0.9741,6.4797,0.4196,6.0601,20.8077,6.0704,-6.4692,8127.7861,NA,NA,NA
python.exe,24084,0x0,Other,-1,0,0,Composed: Copy with GPU GDI,2026-8-20 19:21:02.939056600,5.1437,5.1437,0.0000,0.3510,5.0673,0.4252,4.6421,19.7721,6.0686,1.0356,8134.8921,NA,NA,NA
python.exe,24084,0x0,Other,-1,0,0,Composed: Copy with GPU GDI,2026-8-20 19:21:02.944200300,6.4199,6.4199,0.0000,9.2694,0.4336,0.4336,0.0000,NA,NA,-0.9249,8140.0358,NA,NA,NA
python.exe,24084,0x0,Other,-1,0,0,Composed: Copy with GPU GDI,2026-8-20 19:21:02.950620200,0.8533,0.8533,0.0000,0.0000,8.9915,2.9768,6.0147,NA,NA,NA,NA,NA,NA,NA
python.exe,24084,0x0,Other,-1,0,0,Composed: Copy with GPU GDI,2026-8-20 19:21:02.951473500,4.3712,4.3712,0.0000,2.4324,2.2460,0.4240,1.8220,13.4238,12.1266,NA,8147.3090,NA,NA,NA
python.exe,24084,0x0,Other,-1,0,0,Composed: Copy with GPU GDI,2026-8-20 19:21:02.955844700,5.9945,5.9945,0.0000,0.3106,6.0049,0.4246,5.5803,21.1792,6.0539,-7.7554,8151.6802,NA,NA,NA
python.exe,24084,0x0,Other,-1,0,0,Composed: Copy with GPU GDI,2026-8-20 19:21:02.961839200,0.7151,0.7151,0.0000,0.3242,2.9281,2.6278,0.3003,NA,NA,-0.0594,8157.6747,NA,NA,NA
python.exe,24084,0x0,Other,-1,0,0,Composed: Copy with GPU GDI,2026-8-20 19:21:02.962554300,5.7071,5.7071,0.0000,2.5424,3.5033,0.4266,3.0767,20.5235,6.0808,NA,8158.3898,NA,NA,NA
python.exe,24084,0x0,Other,-1,0,0,Composed: Copy with GPU GDI,2026-8-20 19:21:02.968261400,5.5457,5.5457,0.0000,0.3414,5.5278,0.3893,5.1385,20.8972,6.0565,-0.3737,8164.0969,NA,NA,NA
python.exe,24084,0x0,Other,-1,0,0,Composed: Copy with GPU GDI,2026-8-20 19:21:02.973807100,5.4173,5.4173,0.0000,0.3268,7.6336,2.6386,4.9950,NA,NA,-0.5108,8169.6426,NA,NA,NA
python.exe,24084,0x0,Other,-1,0,0,Composed: Copy with GPU GDI,2026-8-20 19:21:02.979224400,3.2171,3.2171,0.0000,2.5473,0.9156,0.3308,0.5848,15.9907,6.0716,NA,8175.0599,NA,NA,NA
python.exe,24084,0x0,Other,-1,0,0,Composed: Copy with GPU GDI,2026-8-20 19:21:02.982441500,3.5014,3.5014,0.0000,0.2486,3.4941,0.3237,3.1704,18.8452,6.0681,-2.8545,8178.2770,NA,NA,NA
python.exe,24084,0x0,Other,-1,0,0,Composed: Copy with GPU GDI,2026-8-20 19:21:02.985942900,7.8852,7.8852,0.0000,0.2441,7.9647,0.3925,7.5722,21.4119,3.5685,-2.5667,8181.7784,NA,NA,NA
python.exe,24084,0x0,Other,-1,0,0,Composed: Copy with GPU GDI,2026-8-20 19:21:02.993828100,1.4370,1.4370,0.0000,0.3268,4.5404,3.5207,1.0197,NA,NA,4.3167,8189.6636,NA,NA,NA
python.exe,24084,0x0,Other,-1,0,0,Composed: Copy with GPU GDI,2026-8-20 19:21:02.995265100,3.3595,3.3595,0.0000,3.4302,0.2533,0.2533,0.0000,15.6582,8.5612,NA,8191.1006,NA,NA,NA
python.exe,24084,0x0,Other,-1,0,0,Composed: Copy with GPU GDI,2026-8-20 19:21:02.998624600,7.9016,7.9016,0.0000,0.3269,7.9166,0.4159,7.5007,20.8599,6.0720,-5.2017,8194.4601,NA,NA,NA
python.exe,24084,0x0,Other,-1,0,0,Composed: Copy with GPU GDI,2026-8-20 19:21:03.006526200,3.5691,3.5691,0.0000,0.3453,3.5328,0.3949,3.1379,19.0303,12.1345,1.8296,8202.3617,NA,NA,NA
python.exe,24084,0x0,Other,-1,0,0,Composed: Copy with GPU GDI,2026-8-20 19:21:03.010095300,18.0454,18.0454,0.0000,0.3125,17.9943,0.3895,17.6048,NA,NA,NA,NA,NA,NA,NA
python.exe,24084,0x0,Other,-1,0,0,Composed: Copy with GPU GDI,2026-8-20 19:21:03.028140700,0.5407,0.5407,0.0000,0.2637,0.3590,0.1520,0.2070,NA,NA,9.4800,8223.9762,NA,NA,NA
python.exe,24084,0x0,Other,-1,0,0,Composed: Copy with GPU GDI,2026-8-20 19:21:03.028681400,0.2189,0.2189,0.0000,0.0856,2.5926,2.5679,0.0247,9.0096,12.1251,NA,8224.5169,NA,NA,NA
python.exe,24084,0x0,Other,-1,0,0,Composed: Copy with GPU GDI,2026-8-20 19:21:03.028900300,4.0367,4.0367,0.0000,7.7584,0.2857,0.2857,0.0000,NA,NA,-11.9062,8224.7358,NA,NA,NA
python.exe,24084,0x0,Other,-1,0,0,Composed: Copy with GPU GDI,2026-8-20 19:21:03.032937000,2.0940,2.0940,0.0000,0.0000,5.2959,3.8746,1.4213,16.8791,6.0801,NA,8228.7725,NA,NA,NA
python.exe,24084,0x0,Other,-1,0,0,Composed: Copy with GPU GDI,2026-8-20 19:21:03.035031000,6.7492,6.7492,0.0000,1.9179,5.1542,0.4110,4.7432,20.8652,6.0454,-3.9861,8230.8665,NA,NA,NA
python.exe,24084,0x0,Other,-1,0,0,Composed: Copy with GPU GDI,2026-8-20 19:21:03.041780200,3.4090,3.4090,0.0000,0.3273,5.6516,2.6690,2.9826,NA,NA,0.7038,8237.6157,NA,NA,NA
python.exe,24084,0x0,Other,-1,0,0,Composed: Copy with GPU GDI,2026-8-20 19:21:03.045189200,5.2650,5.2650,0.0000,2.5751,3.1599,0.5955,2.5644,NA,NA,NA,NA,NA,NA,NA
python.exe,24084,0x0,Other,-1,0,0,Composed: Copy with GPU GDI,2026-8-20 19:21:03.050454200,2.9089,2.9089,0.0000,0.4730,2.7629,0.4008,2.3621,11.4874,12.1612,NA,8246.2897,NA,NA,NA
python.exe,24084,0x0,Other,-1,0,0,Composed: Copy with GPU GDI,2026-8-20 19:21:03.053363100,7.4513,7.4513,0.0000,0.3305,7.4635,0.4129,7.0506,20.7397,3.4942,-9.2523,8249.1986,NA,NA,NA
python.exe,24084,0x0,Other,-1,0,0,Composed: Copy with GPU GDI,2026-8-20 19:21:03.060814400,2.2335,2.2335,0.0000,5.2073,0.2146,0.2146,0.0000,NA,NA,3.9571,8256.6499,NA,NA,NA
python.exe,24084,0x0,Other,-1,0,0,Composed: Copy with GPU GDI,2026-8-20 19:21:03.063047900,1.9292,1.9292,0.0000,0.0000,4.8609,3.0904,1.7705,14.5491,8.6252,NA,8258.8834,NA,NA,NA
python.exe,24084,0x0,Other,-1,0,0,Composed: Copy with GPU GDI,2026-8-20 19:21:03.064977100,9.4208,9.4208,0.0000,1.2630,8.4610,0.4293,8.0317,NA,NA,NA,NA,NA,NA,NA
python.exe,24084,0x0,Other,-1,0,0,Composed: Copy with GPU GDI,2026-8-20 19:21:03.074397900,3.3211,3.3211,0.0000,0.3053,3.0996,0.2941,2.8055,11.8243,8.0345,2.7248,8270.2334,NA,NA,NA
python.exe,24084,0x0,Other,-1,0,0,Composed: Copy with GPU GDI,2026-8-20 19:21:03.077719000,1.8034,1.8034,0.0000,0.0880,5.8868,4.2787,1.6081,NA,NA,-4.7134,8273.5545,NA,NA,NA
python.exe,24084,0x0,Other,-1,0,0,Composed: Copy with GPU GDI,2026-8-20 19:21:03.079522400,5.6347,5.6347,0.0000,4.1741,1.7448,0.4020,1.3428,14.7343,10.1599,NA,8275.3579,NA,NA,NA
python.exe,24084,0x0,Other,-1,0,0,Composed: Copy with GPU GDI,2026-8-20 19:21:03.085157100,4.4554,4.4554,0.0000,0.2876,4.4756,0.4002,4.0754,19.2595,6.5079,-4.5252,8280.9926,NA,NA,NA
python.exe,24084,0x0,Other,-1,0,0,Composed: Copy with GPU GDI,2026-8-20 19:21:03.089612500,6.5250,6.5250,0.0000,9.4936,0.2660,0.2660,0.0000,NA,NA,-2.0525,8285.4480,NA,NA,NA
python.exe,24084,0x0,Other,-1,0,0,Composed: Copy with GPU GDI,2026-8-20 19:21:03.096137500,1.1018,1.1018,0.0000,0.0000,9.1824,3.0877,6.0947,NA,NA,NA,NA,NA,NA,NA
python.exe,24084,0x0,Other,-1,0,0,Composed: Copy with GPU GDI,2026-8-20 19:21:03.097239300,3.9787,3.9787,0.0000,2.1357,2.1534,0.3956,1.7578,13.6852,11.6940,NA,8293.0748,NA,NA,NA
python.exe,24084,0x0,Other,-1,0,0,Composed: Copy with GPU GDI,2026-8-20 19:21:03.101218000,5.9543,5.9543,0.0000,0.3129,5.8496,0.2760,5.5736,21.4005,4.9821,-7.7153,8297.0535,NA,NA,NA
python.exe,24084,0x0,Other,-1,0,0,Composed: Copy with GPU GDI,2026-8-20 19:21:03.107172300,5.5281,5.5281,0.0000,0.2114,8.0187,2.8147,5.2040,NA,NA,0.9722,8303.0078,NA,NA,NA
python.exe,24084,0x0,Other,-1,0,0,Composed: Copy with GPU GDI,2026-8-20 19:21:03.112700400,3.3825,3.3825,0.0000,2.7061,0.9150,0.3332,0.5818,14.9002,7.1504,NA,8308.5359,NA,NA,NA
python.exe,24084,0x0,Other,-1,0,0,Composed: Copy with GPU GDI,2026-8-20 19:21:03.116082900,4.2017,4.2017,0.0000,0.2414,4.3233,0.4368,3.8865,18.6681,6.0705,-3.7679,8311.9184,NA,NA,NA
python.exe,24084,0x0,Other,-1,0,0,Composed: Copy with GPU GDI,2026-8-20 19:21:03.120284600,7.3541,7.3541,0.0000,0.3662,7.2323,0.4231,6.8092,20.5369,3.4441,-1.8688,8316.1201,NA,NA,NA
python.exe,24084,0x0,Other,-1,0,0,Composed: Copy with GPU GDI,2026-8-20 19:21:03.127638700,1.2365,1.2365,0.0000,0.2476,4.5455,3.6862,0.8593,NA,NA,3.9100,8323.4742,NA,NA,NA
python.exe,24084,0x0,Other,-1,0,0,Composed: Copy with GPU GDI,2026-8-20 19:21:03.128875200,3.4721,3.4721,0.0000,3.5566,0.2539,0.2539,0.0000,15.3904,8.6852,NA,8324.7107,NA,NA,NA
python.exe,24084,0x0,Other,-1,0,0,Composed: Copy with GPU GDI,2026-8-20 19:21:03.132347300,6.0012,6.0012,0.0000,0.3413,6.0061,0.4150,5.5911,20.6035,6.0646,-5.2131,8328.1828,NA,NA,NA
python.exe,24084,0x0,Other,-1,0,0,Composed: Copy with GPU GDI,2026-8-20 19:21:03.138348500,6.2350,6.2350,0.0000,0.3494,6.2167,0.4220,5.7947,20.6669,1.9027,-0.0634,8334.1840,NA,NA,NA
python.exe,24084,0x0,Other,-1,0,0,Composed: Copy with GPU GDI,2026-8-20 19:21:03.144583500,1.0049,1.0049,0.0000,0.3350,4.6994,4.1352,0.5642,NA,NA,4.3323,8340.4190,NA,NA,NA
python.exe,24084,0x0,Other,-1,0,0,Composed: Copy with GPU GDI,2026-8-20 19:21:03.145588400,4.4154,4.4154,0.0000,4.0327,0.5844,0.2900,0.2944,15.3297,10.2334,NA,8341.4239,NA,NA,NA
python.exe,24084,0x0,Other,-1,0,0,Composed: Copy with GPU GDI,2026-8-20 19:21:03.150003800,6.0008,6.0008,0.0000,0.2047,6.2258,0.4993,5.7265,21.1477,6.0665,-5.8180,8345.8393,NA,NA,NA
python.exe,24084,0x0,Other,-1,0,0,Composed: Copy with GPU GDI,2026-8-20 19:21:03.156004600,6.0687,6.0687,0.0000,0.4330,5.8557,0.2883,5.5674,21.2134,0.3787,-0.0657,8351.8401,NA,NA,NA
python.exe,24084,0x0,Other,-1,0,0,Composed: Copy with GPU GDI,2026-8-20 19:21:03.162073300,2.5645,2.5645,0.0000,0.2230,6.1077,3.8588,2.2489,15.5234,5.6764,5.6900,8357.9088,NA,NA,NA
python.exe,24084,0x0,Other,-1,0,0,Composed: Copy with GPU GDI,2026-8-20 19:21:03.164637800,6.7139,6.7139,0.0000,3.7701,3.2234,0.4049,2.8185,NA,NA,NA,NA,NA,NA,NA
python.exe,24084,0x0,Other,-1,0,0,Composed: Copy with GPU GDI,2026-8-20 19:21:03.171351700,3.6192,3.6192,0.0000,0.2830,3.8642,0.5139,3.3503,11.9214,10.9834,3.6020,8367.1872,NA,NA,NA
python.exe,24084,0x0,Other,-1,0,0,Composed: Copy with GPU GDI,2026-8-20 19:21:03.174970900,4.0422,4.0422,0.0000,0.5333,6.1715,2.8313,3.3402,19.2856,1.1524,-7.3642,8370.8064,NA,NA,NA
python.exe,24084,0x0,Other,-1,0,0,Composed: Copy with GPU GDI,2026-8-20 19:21:03.179013100,4.8569,4.8569,0.0000,2.6672,3.0556,0.9653,2.0903,NA,NA,NA,NA,NA,NA,NA
python.exe,24084,0x0,Other,-1,0,0,Composed: Copy with GPU GDI,2026-8-20 19:21:03.183870000,2.9222,2.9222,0.0000,0.8691,2.4466,0.4667,1.9799,11.5389,12.1402,7.7467,8379.7055,NA,NA,NA
python.exe,24084,0x0,Other,-1,0,0,Composed: Copy with GPU GDI,2026-8-20 19:21:03.186792200,8.2081,8.2081,0.0000,0.3978,8.1554,0.4188,7.7366,20.7569,3.3705,-9.2180,8382.6277,NA,NA,NA
python.exe,24084,0x0,Other,-1,0,0,Composed: Copy with GPU GDI,2026-8-20 19:21:03.195000300,1.3900,1.3900,0.0000,4.9218,0.2534,0.2534,0.0000,NA,NA,4.8376,8390.8358,NA,NA,NA
python.exe,24084,0x0,Other,-1,0,0,Composed: Copy with GPU GDI,2026-8-20 19:21:03.196390300,3.0753,3.0753,0.0000,0.0000,4.5739,3.6567,0.9172,14.5293,8.7697,NA,8392.2258,NA,NA,NA
python.exe,24084,0x0,Other,-1,0,0,Composed: Copy with GPU GDI,2026-8-20 19:21:03.199465600,6.5239,6.5239,0.0000,0.7124,6.1295,0.4039,5.7256,20.2237,6.0653,-5.6944,8395.3011,NA,NA,NA
python.exe,24084,0x0,Other,-1,0,0,Composed: Copy with GPU GDI,2026-8-20 19:21:03.205989500,4.3647,4.3647,0.0000,0.3212,4.3505,0.3968,3.9537,19.7651,1.8270,0.4586,8401.8250,NA,NA,NA
python.exe,24084,0x0,Other,-1,0,0,Composed: Copy with GPU GDI,2026-8-20 19:21:03.210354200,1.8530,1.8530,0.0000,0.3101,5.7256,4.2667,1.4589,NA,NA,2.5377,8406.1897,NA,NA,NA
python.exe,24084,0x0,Other,-1,0,0,Composed: Copy with GPU GDI,2026-8-20 19:21:03.212207200,4.2241,4.2241,0.0000,4.1827,0.2547,0.2547,0.0000,15.3744,10.3047,NA,8408.0427,NA,NA,NA
python.exe,24084,0x0,Other,-1,0,0,Composed: Copy with GPU GDI,2026-8-20 19:21:03.216431300,6.9892,6.9892,0.0000,0.2164,7.0678,0.4314,6.6364,21.4550,6.0636,-6.0806,8412.2668,NA,NA,NA
python.exe,24084,0x0,Other,-1,0,0,Composed: Copy with GPU GDI,2026-8-20 19:21:03.223420500,5.3795,5.3795,0.0000,0.2981,5.3878,0.3934,4.9944,20.5294,0.3434,0.9256,8419.2560,NA,NA,NA
python.exe,24084,0x0,Other,-1,0,0,Composed: Copy with GPU GDI,2026-8-20 19:21:03.228800000,0.5783,0.5783,0.0000,0.3125,3.0050,2.8455,0.1595,NA,NA,5.0361,8424.6355,NA,NA,NA
python.exe,24084,0x0,Other,-1,0,0,Composed: Copy with GPU GDI,2026-8-20 19:21:03.229378300,5.6732,5.6732,0.0000,2.7434,3.2543,0.3936,2.8607,14.9150,11.7953,NA,8425.2138,NA,NA,NA
python.exe,24084,0x0,Other,-1,0,0,Composed: Copy with GPU GDI,2026-8-20 19:21:03.235051500,6.5978,6.5978,0.0000,0.3279,6.5938,0.4110,6.1828,21.0371,4.8377,-6.1221,8430.8870,NA,NA,NA
python.exe,24084,0x0,Other,-1,0,0,Composed: Copy with GPU GDI,2026-8-20 19:21:03.241649300,4.3863,4.3863,0.0000,0.3273,6.8323,2.8441,3.9882,NA,NA,1.7601,8437.4848,NA,NA,NA
python.exe,24084,0x0,Other,-1,0,0,Composed: Copy with GPU GDI,2026-8-20 19:21:03.246035600,3.2365,3.2365,0.0000,2.7776,0.6719,0.2952,0.3767,14.8907,7.2943,NA,8441.8711,NA,NA,NA
python.exe,24084,0x0,Other,-1,0,0,Composed: Copy with GPU GDI,2026-8-20 19:21:03.249272100,5.1042,5.1042,0.0000,0.2159,5.1801,0.3985,4.7816,18.9485,6.0616,-4.0578,8445.1076,NA,NA,NA
python.exe,24084,0x0,Other,-1,0,0,Composed: Copy with GPU GDI,2026-8-20 19:21:03.254376300,6.5823,6.5823,0.0000,0.2949,6.6684,0.4510,6.2174,19.9059,3.2996,-0.9574,8450.2118,NA,NA,NA
python.exe,24084,0x0,Other,-1,0,0,Composed: Copy with GPU GDI,2026-8-20 19:21:03.260958600,1.5002,1.5002,0.0000,5.0676,0.2956,0.2956,0.0000,NA,NA,3.2827,8456.7941,NA,NA,NA
python.exe,24084,0x0,Other,-1,0,0,Composed: Copy with GPU GDI,2026-8-20 19:21:03.262458800,2.5986,2.5986,0.0000,0.0000,4.6833,3.7127,0.9706,15.1230,8.8330,NA,8458.2943,NA,NA,NA
python.exe,24084,0x0,Other,-1,0,0,Composed: Copy with GPU GDI,2026-8-20 19:21:03.265057400,7.5896,7.5896,0.0000,1.2680,6.6734,0.4279,6.2455,21.3574,6.0622,-6.2344,8460.8929,NA,NA,NA
python.exe,24084,0x0,Other,-1,0,0,Composed: Copy with GPU GDI,2026-8-20 19:21:03.272647000,4.0106,4.0106,0.0000,0.3547,3.8729,0.2859,3.5870,19.8300,1.7717,1.5274,8468.4825,NA,NA,NA
python.exe,24084,0x0,Other,-1,0,0,Composed: Copy with GPU GDI,2026-8-20 19:21:03.276657600,3.0105,3.0105,0.0000,7.5465,0.2915,0.2915,0.0000,NA,NA,2.2389,8472.4931,NA,NA,NA
python.exe,24084,0x0,Other,-1,0,0,Composed: Copy with GPU GDI,2026-8-20 19:21:03.279668100,3.9915,3.9915,0.0000,0.0000,7.3266,4.6079,2.7187,14.5806,10.3656,NA,8475.5036,NA,NA,NA
python.exe,24084,0x0,Other,-1,0,0,Composed: Copy with GPU GDI,2026-8-20 19:21:03.283659600,6.6432,6.6432,0.0000,0.8391,6.1467,0.4285,5.7182,20.9547,6.0700,-6.3741,8479.4951,NA,NA,NA
python.exe,24084,0x0,Other,-1,0,0,Composed: Copy with GPU GDI,2026-8-20 19:21:03.290302800,5.6266,5.6266,0.0000,0.3460,5.6327,0.4368,5.1959,20.3815,0.2497,0.5732,8486.1383,NA,NA,NA
python.exe,24084,0x0,Other,-1,0,0,Composed: Copy with GPU GDI,2026-8-20 19:21:03.295929400,0.5556,0.5556,0.0000,0.3547,3.8406,3.7118,0.1288,15.0046,5.8090,5.3769,8491.7649,NA,NA,NA
python.exe,24084,0x0,Other,-1,0,0,Composed: Copy with GPU GDI,2026-8-20 19:21:03.296485000,8.8554,8.8554,0.0000,3.6427,5.7566,0.6198,5.1368,NA,NA,NA,NA,NA,NA,NA
python.exe,24084,0x0,Other,-1,0,0,Composed: Copy with GPU GDI,2026-8-20 19:21:03.305340400,3.0888,3.0888,0.0000,0.5458,2.8861,0.4292,2.4569,11.4026,10.8441,3.6020,8501.1759,NA,NA,NA
python.exe,24084,0x0,Other,-1,0,0,Composed: Copy with GPU GDI,2026-8-20 19:21:03.308429200,7.7569,7.7569,0.0000,10.8658,0.2772,0.2772,0.0000,NA,NA,-7.7553,8504.2647,NA,NA,NA
python.exe,24084,0x0,Other,-1,0,0,Composed: Copy with GPU GDI,2026-8-20 19:21:03.316186100,0.2068,0.2068,0.0000,0.0000,10.5200,3.2075,7.3125,NA,NA,NA,NA,NA,NA,NA
python.exe,24084,0x0,Other,-1,0,0,Composed: Copy with GPU GDI,2026-8-20 19:21:03.316392900,4.0132,4.0132,0.0000,3.1815,1.0487,0.2867,0.7620,11.1942,13.4296,NA,8512.2284,NA,NA,NA
python.exe,24084,0x0,Other,-1,0,0,Composed: Copy with GPU GDI,2026-8-20 19:21:03.320406100,7.2449,7.2449,0.0000,0.2201,7.3075,0.3904,6.9171,20.6106,3.2271,-9.4164,8516.2416,NA,NA,NA
python.exe,24084,0x0,Other,-1,0,0,Composed: Copy with GPU GDI,2026-8-20 19:21:03.327651000,2.1087,2.1087,0.0000,5.2878,0.2753,0.2753,0.0000,NA,NA,4.0178,8523.4865,NA,NA,NA
python.exe,24084,0x0,Other,-1,0,0,Composed: Copy with GPU GDI,2026-8-20 19:21:03.329759700,2.3983,2.3983,0.0000,0.0000,5.0020,3.2907,1.7113,14.4841,8.9072,NA,8525.5952,NA,NA,NA
python.exe,24084,0x0,Other,-1,0,0,Composed: Copy with GPU GDI,2026-8-20 19:21:03.332158000,6.3374,6.3374,0.0000,1.0597,5.6130,0.4142,5.1988,20.9930,6.0606,-6.5089,8527.9935,NA,NA,NA
python.exe,24084,0x0,Other,-1,0,0,Composed: Copy with GPU GDI,2026-8-20 19:21:03.338495400,5.4930,5.4930,0.0000,0.3383,5.4309,0.3492,5.0817,20.7162,1.7066,0.2768,8534.3309,NA,NA,NA
python.exe,24084,0x0,Other,-1,0,0,Composed: Copy with GPU GDI,2026-8-20 19:21:03.343988400,2.0791,2.0791,0.0000,0.2792,5.8876,4.1784,1.7092,NA,NA,3.7864,8539.8239,NA,NA,NA
python.exe,24084,0x0,Other,-1,0,0,Composed: Copy with GPU GDI,2026-8-20 19:21:03.346067500,4.2236,4.2236,0.0000,4.0924,0.3439,0.2934,0.0505,14.8507,10.4276,NA,8541.9030,NA,NA,NA
python.exe,24084,0x0,Other,-1,0,0,Composed: Copy with GPU GDI,2026-8-20 19:21:03.350291100,10.2052,10.2052,0.0000,0.2163,10.2452,0.3297,9.9155,NA,NA,NA,NA,NA,NA,NA
python.exe,24084,0x0,Other,-1,0,0,Composed: Copy with GPU GDI,2026-8-20 19:21:03.360496300,1.6107,1.6107,0.0000,4.5753,0.3121,0.3121,0.0000,NA,NA,NA,NA,NA,NA,NA
python.exe,24084,0x0,Other,-1,0,0,Composed: Copy with GPU GDI,2026-8-20 19:21:03.362107000,0.7191,0.7191,0.0000,0.0000,4.3158,3.0347,1.2811,9.2388,6.2493,5.6119,8557.9425,NA,NA,NA
python.exe,24084,0x0,Other,-1,0,0,Composed: Copy with GPU GDI,2026-8-20 19:21:03.362826100,4.9537,4.9537,0.0000,2.5620,2.6151,0.2928,2.3223,14.7690,11.9523,-5.5302,8558.6616,NA,NA,NA
python.exe,24084,0x0,Other,-1,0,0,Composed: Copy with GPU GDI,2026-8-20 19:21:03.367779800,6.4925,6.4925,0.0000,0.2265,6.5913,0.3918,6.1995,21.7676,4.7057,-6.9986,8563.6153,NA,NA,NA
python.exe,24084,0x0,Other,-1,0,0,Composed: Copy with GPU GDI,2026-8-20 19:21:03.374272300,4.4758,4.4758,0.0000,0.3287,6.7567,2.6884,4.0683,NA,NA,1.7868,8570.1078,NA,NA,NA
python.exe,24084,0x0,Other,-1,0,0,Composed: Copy with GPU GDI,2026-8-20 19:21:03.378748100,3.6504,3.6504,0.0000,2.6134,1.2636,0.3062,0.9574,15.5050,7.5157,NA,8574.5836,NA,NA,NA
python.exe,24084,0x0,Other,-1,0,0,Composed: Copy with GPU GDI,2026-8-20 19:21:03.382398500,4.9699,4.9699,0.0000,0.2299,5.0947,0.4282,4.6665,19.3703,5.9785,-3.8653,8578.2340,NA,NA,NA
python.exe,24084,0x0,Other,-1,0,0,Composed: Copy with GPU GDI,2026-8-20 19:21:03.387368400,7.1263,7.1263,0.0000,0.3579,7.1170,0.4196,6.6974,20.3789,3.1718,-1.0086,8583.2039,NA,NA,NA
python.exe,24084,0x0,Other,-1,0,0,Composed: Copy with GPU GDI,2026-8-20 19:21:03.394494700,1.5421,1.5421,0.0000,4.9681,0.2925,0.2925,0.0000,NA,NA,3.9545,8590.3302,NA,NA,NA
python.exe,24084,0x0,Other,-1,0,0,Composed: Copy with GPU GDI,2026-8-20 19:21:03.396036800,3.0002,3.0002,0.0000,0.0000,4.6168,3.5212,1.0956,14.8823,8.9635,NA,8591.8723,NA,NA,NA
python.exe,24084,0x0,Other,-1,0,0,Composed: Copy with GPU GDI,2026-8-20 19:21:03.399037000,6.9489,6.9489,0.0000,0.7213,6.5499,0.3982,6.1517,20.8456,6.0723,-5.9633,8594.8725,NA,NA,NA
python.exe,24084,0x0,Other,-1,0,0,Composed: Copy with GPU GDI,2026-8-20 19:21:03.405985900,4.8167,4.8167,0.0000,0.3255,4.7031,0.3116,4.3915,19.9690,1.6315,0.8766,8601.8214,NA,NA,NA
python.exe,24084,0x0,Other,-1,0,0,Composed: Copy with GPU GDI,2026-8-20 19:21:03.410802600,1.4109,1.4109,0.0000,0.2154,5.2394,4.1248,1.1146,NA,NA,3.1852,8606.6381,NA,NA,NA
python.exe,24084,0x0,Other,-1,0,0,Composed: Copy with GPU GDI,2026-8-20 19:21:03.412213500,4.8790,4.8790,0.0000,4.0473,1.0522,0.2922,0.7600,15.3729,10.5094,NA,8608.0490,NA,NA,NA
python.exe,24084,0x0,Other,-1,0,0,Composed: Copy with GPU GDI,2026-8-20 19:21:03.417092500,4.9927,4.9927,0.0000,0.2239,5.0252,0.3259,4.6993,21.0033,6.0468,-5.6304,8612.9280,NA,NA,NA
python.exe,24084,0x0,Other,-1,0,0,Composed: Copy with GPU GDI,2026-8-20 19:21:03.422085200,7.7070,7.7070,0.0000,0.2592,7.7636,0.4026,7.3610,22.0574,0.1429,-1.0541,8617.9207,NA,NA,NA
python.exe,24084,0x0,Other,-1,0,0,Composed: Copy with GPU GDI,2026-8-20 19:21:03.429792200,0.5926,0.5926,0.0000,0.3194,3.7773,3.5941,0.1832,NA,NA,7.5641,8625.6277,NA,NA,NA
python.exe,24084,0x0,Other,-1,0,0,Composed: Copy with GPU GDI,2026-8-20 19:21:03.430384800,4.2230,4.2230,0.0000,3.5083,0.9438,0.2944,0.6494,13.9007,12.0014,NA,8626.2203,NA,NA,NA
python.exe,24084,0x0,Other,-1,0,0,Composed: Copy with GPU GDI,2026-8-20 19:21:03.434607800,6.7134,6.7134,0.0000,0.2321,6.8232,0.4078,6.4154,21.6791,4.6192,-7.7784,8630.4433,NA,NA,NA
python.exe,24084,0x0,Other,-1,0,0,Composed: Copy with GPU GDI,2026-8-20 19:21:03.441321200,4.6600,4.6600,0.0000,0.3452,6.9204,2.6825,4.2379,NA,NA,2.0942,8637.1567,NA,NA,NA
python.exe,24084,0x0,Other,-1,0,0,Composed: Copy with GPU GDI,2026-8-20 19:21:03.445981200,3.2896,3.2896,0.0000,2.6088,0.9099,0.2967,0.6132,14.9249,7.5106,NA,8641.8167,NA,NA,NA
python.exe,24084,0x0,Other,-1,0,0,Composed: Copy with GPU GDI,2026-8-20 19:21:03.449270800,3.5234,3.5234,0.0000,0.2325,3.5072,0.2888,3.2184,19.1459,6.0640,-4.2210,8645.1063,NA,NA,NA
python.exe,24084,0x0,Other,-1,0,0,Composed: Copy with GPU GDI,2026-8-20 19:21:03.452794200,7.6643,7.6643,0.0000,0.2191,7.7894,0.4118,7.3776,21.6865,3.1034,-2.5406,8648.6297,NA,NA,NA
python.exe,24084,0x0,Other,-1,0,0,Composed: Copy with GPU GDI,2026-8-20 19:21:03.460458500,1.2648,1.2648,0.0000,0.3471,4.3656,3.5151,0.8505,NA,NA,4.5609,8656.2940,NA,NA,NA
python.exe,24084,0x0,Other,-1,0,0,Composed: Copy with GPU GDI,2026-8-20 19:21:03.461723300,3.2815,3.2815,0.0000,3.4479,0.2641,0.2641,0.0000,15.8608,9.0309,NA,8657.5588,NA,NA,NA
python.exe,24084,0x0,Other,-1,0,0,Composed: Copy with GPU GDI,2026-8-20 19:21:03.465004800,7.1404,7.1404,0.0000,0.4333,7.0060,0.4232,6.5828,21.6102,6.0653,-5.7494,8660.8403,NA,NA,NA
python.exe,24084,0x0,Other,-1,0,0,Composed: Copy with GPU GDI,2026-8-20 19:21:03.472145200,5.6238,5.6238,0.0000,0.3023,5.6518,0.4470,5.2048,20.5351,1.5694,1.0751,8667.9807,NA,NA,NA
python.exe,24084,0x0,Other,-1,0,0,Composed: Copy with GPU GDI,2026-8-20 19:21:03.477769000,1.2863,1.2863,0.0000,0.3330,4.8276,3.9617,0.8659,NA,NA,4.0544,8673.6045,NA,NA,NA
python.exe,24084,0x0,Other,-1,0,0,Composed: Copy with GPU GDI,2026-8-20 19:21:03.479055300,6.0950,6.0950,0.0000,3.8780,2.5372,0.4095,2.1277,15.1944,10.5668,NA,8674.8908,NA,NA,NA
python.exe,24084,0x0,Other,-1,0,0,Composed: Copy with GPU GDI,2026-8-20 19:21:03.485150300,9.6412,9.6412,0.0000,0.3241,9.6997,0.4721,9.2276,NA,NA,NA,NA,NA,NA,NA
python.exe,24084,0x0,Other,-1,0,0,Composed: Copy with GPU GDI,2026-8-20 19:21:03.494791500,0.5514,0.5514,0.0000,3.3105,0.2745,0.2745,0.0000,NA,NA,5.1694,8690.6270,NA,NA,NA
python.exe,24084,0x0,Other,-1,0,0,Composed: Copy with GPU GDI,2026-8-20 19:21:03.495342900,0.8163,0.8163,0.0000,0.0000,2.9250,2.8356,0.0894,9.4736,12.1277,NA,8691.1784,NA,NA,NA
python.exe,24084,0x0,Other,-1,0,0,Composed: Copy with GPU GDI,2026-8-20 19:21:03.496159200,8.9668,8.9668,0.0000,2.2208,7.0743,0.4279,6.6464,NA,NA,NA,NA,NA,NA,NA
python.exe,24084,0x0,Other,-1,0,0,Composed: Copy with GPU GDI,2026-8-20 19:21:03.505126000,2.1464,2.1464,0.0000,0.3311,2.0317,0.2888,1.7429,11.8182,10.6453,-2.3446,8700.9615,NA,NA,NA
python.exe,24084,0x0,Other,-1,0,0,Composed: Copy with GPU GDI,2026-8-20 19:21:03.507272400,9.0593,9.0593,0.0000,11.9009,0.2755,0.2755,0.0000,NA,NA,-8.4989,8703.1079,NA,NA,NA
python.exe,24084,0x0,Other,-1,0,0,Composed: Copy with GPU GDI,2026-8-20 19:21:03.516331700,0.1055,0.1055,0.0000,0.0000,11.6816,2.9256,8.7560,NA,NA,NA,NA,NA,NA,NA
python.exe,24084,0x0,Other,-1,0,0,Composed: Copy with GPU GDI,2026-8-20 19:21:03.516437200,3.9842,3.9842,0.0000,3.0139,1.1863,0.2876,0.8987,11.1523,13.6242,NA,8712.2727,NA,NA,NA
python.exe,24084,0x0,Other,-1,0,0,Composed: Copy with GPU GDI,2026-8-20 19:21:03.520421400,7.1656,7.1656,0.0000,0.2185,7.3092,0.4345,6.8747,20.7923,3.0471,-9.6400,8716.2569,NA,NA,NA
python.exe,24084,0x0,Other,-1,0,0,Composed: Copy with GPU GDI,2026-8-20 19:21:03.527587000,1.8045,1.8045,0.0000,5.6407,0.2841,0.2841,0.0000,NA,NA,4.1185,8723.4225,NA,NA,NA
python.exe,24084,0x0,Other,-1,0,0,Composed: Copy with GPU GDI,2026-8-20 19:21:03.529391500,3.3715,3.3715,0.0000,0.0000,5.2755,3.9254,1.3501,14.8693,9.0856,NA,8725.2270,NA,NA,NA
python.exe,24084,0x0,Other,-1,0,0,Composed: Copy with GPU GDI,2026-8-20 19:21:03.532763000,6.0328,6.0328,0.0000,0.7523,5.6260,0.4191,5.2069,20.5834,6.0685,-5.7141,8728.5985,NA,NA,NA
python.exe,24084,0x0,Other,-1,0,0,Composed: Copy with GPU GDI,2026-8-20 19:21:03.538795800,5.6302,5.6302,0.0000,0.3487,5.6001,0.4104,5.1897,20.6191,1.5031,-0.0357,8734.6313,NA,NA,NA
python.exe,24084,0x0,Other,-1,0,0,Composed: Copy with GPU GDI,2026-8-20 19:21:03.544426000,1.1084,1.1084,0.0000,0.3217,4.6531,3.9333,0.7198,NA,NA,4.1271,8740.2615,NA,NA,NA
python.exe,24084,0x0,Other,-1,0,0,Composed: Copy with GPU GDI,2026-8-20 19:21:03.545534400,5.6640,5.6640,0.0000,3.8699,2.1064,0.4027,1.7037,15.3836,10.6293,NA,8741.3699,NA,NA,NA
python.exe,24084,0x0,Other,-1,0,0,Composed: Copy with GPU GDI,2026-8-20 19:21:03.551198400,4.7571,4.7571,0.0000,0.3157,4.6560,0.2893,4.3667,20.3489,6.0381,-4.9653,8747.0339,NA,NA,NA
python.exe,24084,0x0,Other,-1,0,0,Composed: Copy with GPU GDI,2026-8-20 19:21:03.555955500,6.4055,6.4055,0.0000,9.1879,0.3406,0.3406,0.0000,NA,NA,-1.2810,8751.7910,NA,NA,NA
python.exe,24084,0x0,Other,-1,0,0,Composed: Copy with GPU GDI,2026-8-20 19:21:03.562361000,0.2183,0.2183,0.0000,0.0000,8.9702,2.8766,6.0936,15.2244,6.0865,NA,8758.1965,NA,NA,NA
python.exe,24084,0x0,Other,-1,0,0,Composed: Copy with GPU GDI,2026-8-20 19:21:03.562579300,9.1321,9.1321,0.0000,2.9083,6.5217,0.3982,6.1235,NA,NA,NA,NA,NA,NA,NA
python.exe,24084,0x0,Other,-1,0,0,Composed: Copy with GPU GDI,2026-8-20 19:21:03.571711400,4.3730,4.3730,0.0000,0.3009,4.4459,0.4474,3.9985,11.9605,10.5839,3.2639,8767.5469,NA,NA,NA
python.exe,24084,0x0,Other,-1,0,0,Composed: Copy with GPU GDI,2026-8-20 19:21:03.576084400,3.0458,3.0458,0.0000,0.3770,5.1698,2.5866,2.5832,NA,NA,-6.2109,8771.9199,NA,NA,NA
python.exe,24084,0x0,Other,-1,0,0,Composed: Copy with GPU GDI,2026-8-20 19:21:03.579130200,3.9012,3.9012,0.0000,2.5044,1.7603,0.4333,1.3270,15.1256,7.6306,NA,8774.9657,NA,NA,NA
python.exe,24084,0x0,Other,-1,0,0,Composed: Copy with GPU GDI,2026-8-20 19:21:03.583031400,4.0700,4.0700,0.0000,0.3663,4.0244,0.3923,3.6321,18.8550,6.0570,-3.7294,8778.8669,NA,NA,NA
python.exe,24084,0x0,Other,-1,0,0,Composed: Copy with GPU GDI,2026-8-20 19:21:03.587101400,7.0215,7.0215,0.0000,0.3241,7.0195,0.3929,6.6266,20.8420,2.9718,-1.9870,8782.9369,NA,NA,NA
python.exe,24084,0x0,Other,-1,0,0,Composed: Copy with GPU GDI,2026-8-20 19:21:03.594122900,2.1226,2.1226,0.0000,6.0118,0.2890,0.2890,0.0000,NA,NA,4.0497,8789.9584,NA,NA,NA
python.exe,24084,0x0,Other,-1,0,0,Composed: Copy with GPU GDI,2026-8-20 19:21:03.596245500,2.0414,2.0414,0.0000,0.0000,5.6860,4.0147,1.6713,14.6697,9.1710,NA,8792.0810,NA,NA,NA
python.exe,24084,0x0,Other,-1,0,0,Composed: Copy with GPU GDI,2026-8-20 19:21:03.598286900,7.4921,7.4921,0.0000,2.1406,5.6556,0.4041,5.2515,21.7993,6.0586,-7.1296,8794.1224,NA,NA,NA
python.exe,24084,0x0,Other,-1,0,0,Composed: Copy with GPU GDI,2026-8-20 19:21:03.605779000,5.6170,5.6170,0.0000,0.3067,5.6489,0.4190,5.2299,20.3658,1.4373,1.4335,8801.6145,NA,NA,NA
python.exe,24084,0x0,Other,-1,0,0,Composed: Copy with GPU GDI,2026-8-20 19:21:03.611396000,0.9258,0.9258,0.0000,0.3414,4.2882,3.7772,0.5110,NA,NA,4.1797,8807.2315,NA,NA,NA
python.exe,24084,0x0,Other,-1,0,0,Composed: Copy with GPU GDI,2026-8-20 19:21:03.612321800,4.5910,4.5910,0.0000,3.7072,1.0947,0.2930,0.8017,15.2603,10.6976,NA,8808.1573,NA,NA,NA
python.exe,24084,0x0,Other,-1,0,0,Composed: Copy with GPU GDI,2026-8-20 19:21:03.616912800,6.1081,6.1081,0.0000,0.2140,6.2102,0.4049,5.8053,21.3669,5.9684,-6.1066,8812.7483,NA,NA,NA
python.exe,24084,0x0,Other,-1,0,0,Composed: Copy with GPU GDI,2026-8-20 19:21:03.623020900,6.2640,6.2640,0.0000,9.1987,0.2502,0.2502,0.0000,NA,NA,0.1397,8818.8564,NA,NA,NA
python.exe,24084,0x0,Other,-1,0,0,Composed: Copy with GPU GDI,2026-8-20 19:21:03.629284900,1.1858,1.1858,0.0000,0.0000,8.8790,3.0450,5.8340,NA,NA,NA,NA,NA,NA,NA
python.exe,24084,0x0,Other,-1,0,0,Composed: Copy with GPU GDI,2026-8-20 19:21:03.630470700,4.5916,4.5916,0.0000,2.0039,2.7913,0.2986,2.4927,13.7774,12.2315,NA,8826.3062,NA,NA,NA
python.exe,24084,0x0,Other,-1,0,0,Composed: Copy with GPU GDI,2026-8-20 19:21:03.635062300,6.5573,6.5573,0.0000,0.2078,6.6607,0.4253,6.2354,21.4173,4.4386,-7.6399,8830.8978,NA,NA,NA
python.exe,24084,0x0,Other,-1,0,0,Composed: Copy with GPU GDI,2026-8-20 19:21:03.641619600,4.4775,4.4775,0.0000,0.3141,6.7821,2.7048,4.0773,NA,NA,2.1187,8837.4551,NA,NA,NA
python.exe,24084,0x0,Other,-1,0,0,Composed: Copy with GPU GDI,2026-8-20 19:21:03.646097100,3.3996,3.3996,0.0000,2.6228,1.0051,0.3044,0.7007,14.8211,7.7025,NA,8841.9326,NA,NA,NA
python.exe,24084,0x0,Other,-1,0,0,Composed: Copy with GPU GDI,2026-8-20 19:21:03.649496700,4.2692,4.2692,0.0000,0.2323,4.3690,0.4263,3.9427,19.1240,6.0517,-4.3029,8845.3322,NA,NA,NA
python.exe,24084,0x0,Other,-1,0,0,Composed: Copy with GPU GDI,2026-8-20 19:21:03.653765900,7.4052,7.4052,0.0000,0.3355,7.4250,0.4455,6.9795,20.9065,2.9171,-1.7825,8849.6014,NA,NA,NA
python.exe,24084,0x0,Other,-1,0,0,Composed: Copy with GPU GDI,2026-8-20 19:21:03.661171100,1.3951,1.3951,0.0000,4.8679,0.2909,0.2909,0.0000,NA,NA,4.4881,8857.0066,NA,NA,NA
python.exe,24084,0x0,Other,-1,0,0,Composed: Copy with GPU GDI,2026-8-20 19:21:03.662566200,2.0751,2.0751,0.0000,0.0000,4.5094,3.5580,0.9514,15.0233,9.2229,NA,8858.4017,NA,NA,NA
python.exe,24084,0x0,Other,-1,0,0,Composed: Copy with GPU GDI,2026-8-20 19:21:03.664641300,9.2270,9.2270,0.0000,1.6923,7.8694,0.4265,7.4429,22.1711,6.0679,-7.1478,8860.4768,NA,NA,NA
python.exe,24084,0x0,Other,-1,0,0,Composed: Copy with GPU GDI,2026-8-20 19:21:03.673868300,4.0667,4.0667,0.0000,0.3377,3.9768,0.3253,3.6515,19.0120,1.3588,3.1591,8869.7038,NA,NA,NA
python.exe,24084,0x0,Other,-1,0,0,Composed: Copy with GPU GDI,2026-8-20 19:21:03.677935000,1.3024,1.3024,0.0000,0.2507,4.9455,3.9710,0.9745,NA,NA,2.7079,8873.7705,NA,NA,NA
python.exe,24084,0x0,Other,-1,0,0,Composed: Copy with GPU GDI,2026-8-20 19:21:03.679237400,4.1368,4.1368,0.0000,3.8980,0.4930,0.3325,0.1605,15.0017,10.7730,NA,8875.0729,NA,NA,NA
python.exe,24084,0x0,Other,-1,0,0,Composed: Copy with GPU GDI,2026-8-20 19:21:03.683374200,6.7650,6.7650,0.0000,0.2574,6.7971,0.3995,6.3976,21.6379,5.9072,-6.6362,8879.2097,NA,NA,NA
python.exe,24084,0x0,Other,-1,0,0,Composed: Copy with GPU GDI,2026-8-20 19:21:03.690139200,5.2672,5.2672,0.0000,8.1790,0.2790,0.2790,0.0000,NA,NA,0.8578,8885.9747,NA,NA,NA
python.exe,24084,0x0,Other,-1,0,0,Composed: Copy with GPU GDI,2026-8-20 19:21:03.695406400,0.5737,0.5737,0.0000,0.0000,7.8860,3.0065,4.8795,15.5129,6.2265,NA,8891.2419,NA,NA,NA
python.exe,24084,0x0,Other,-1,0,0,Composed: Copy with GPU GDI,2026-8-20 19:21:03.695980100,5.5235,5.5235,0.0000,2.6198,3.1169,0.2912,2.8257,21.1657,6.0656,-5.6528,8891.8156,NA,NA,NA
python.exe,24084,0x0,Other,-1,0,0,Composed: Copy with GPU GDI,2026-8-20 19:21:03.701503600,6.5276,6.5276,0.0000,0.2158,6.6593,0.4241,6.2352,21.7078,4.3695,-0.5421,8897.3391,NA,NA,NA
python.exe,24084,0x0,Other,-1,0,0,Composed: Copy with GPU GDI,2026-8-20 19:21:03.708031200,8.1576,8.1576,0.0000,11.1385,0.2742,0.2742,0.0000,NA,NA,2.1581,8903.8667,NA,NA,NA
python.exe,24084,0x0,Other,-1,0,0,Composed: Copy with GPU GDI,2026-8-20 19:21:03.716188800,0.2600,0.2600,0.0000,0.0000,10.7882,3.0903,7.6979,NA,NA,NA,NA,NA,NA,NA
python.exe,24084,0x0,Other,-1,0,0,Composed: Copy with GPU GDI,2026-8-20 19:21:03.716448800,3.6441,3.6441,0.0000,2.9975,1.2507,0.6796,0.5711,11.1321,13.8359,NA,8912.2843,NA,NA,NA
python.exe,24084,0x0,Other,-1,0,0,Composed: Copy with GPU GDI,2026-8-20 19:21:03.720092900,7.8386,7.8386,0.0000,0.6068,7.5596,0.4012,7.1584,21.3239,2.8289,-10.1918,8915.9284,NA,NA,NA
python.exe,24084,0x0,Other,-1,0,0,Composed: Copy with GPU GDI,2026-8-20 19:21:03.727931500,2.0960,2.0960,0.0000,5.4986,0.2799,0.2799,0.0000,NA,NA,5.0097,8923.7670,NA,NA,NA
python.exe,24084,0x0,Other,-1,0,0,Composed: Copy with GPU GDI,2026-8-20 19:21:03.730027500,2.2555,2.2555,0.0000,0.0000,5.1677,3.5296,1.6381,14.2182,9.3023,NA,8925.8630,NA,NA,NA
python.exe,24084,0x0,Other,-1,0,0,Composed: Copy with GPU GDI,2026-8-20 19:21:03.732283000,7.5657,7.5657,0.0000,1.4306,6.4804,0.4342,6.0462,21.2650,6.0690,-7.0468,8928.1185,NA,NA,NA
python.exe,24084,0x0,Other,-1,0,0,Composed: Copy with GPU GDI,2026-8-20 19:21:03.739848700,4.9990,4.9990,0.0000,0.3488,4.8393,0.2687,4.5706,19.7683,1.3024,1.4967,8935.6842,NA,NA,NA
python.exe,24084,0x0,Other,-1,0,0,Composed: Copy with GPU GDI,2026-8-20 19:21:03.744847700,0.6143,0.6143,0.0000,0.1918,4.4915,4.1395,0.3520,NA,NA,3.6966,8940.6832,NA,NA,NA
python.exe,24084,0x0,Other,-1,0,0,Composed: Copy with GPU GDI,2026-8-20 19:21:03.745462000,4.9614,4.9614,0.0000,4.0728,1.1020,0.2966,0.8054,15.4574,10.8227,NA,8941.2975,NA,NA,NA
python.exe,24084,0x0,Other,-1,0,0,Composed: Copy with GPU GDI,2026-8-20 19:21:03.750423400,5.1156,5.1156,0.0000,0.2167,5.1237,0.3279,4.7958,21.3187,5.8458,-5.8613,8946.2589,NA,NA,NA
python.exe,24084,0x0,Other,-1,0,0,Composed: Copy with GPU GDI,2026-8-20 19:21:03.755539000,7.0110,7.0110,0.0000,0.2279,6.9973,0.2935,6.7038,NA,NA,NA,NA,NA,NA,NA
python.exe,24084,0x0,Other,-1,0,0,Composed: Copy with GPU GDI,2026-8-20 19:21:03.762550000,0.4972,0.4972,0.0000,0.2173,3.0715,2.8626,0.2089,NA,NA,6.2808,8958.3855,NA,NA,NA
python.exe,24084,0x0,Other,-1,0,0,Composed: Copy with GPU GDI,2026-8-20 19:21:03.763047200,5.6339,5.6339,0.0000,2.7964,3.1394,0.4047,2.7347,14.5407,12.3503,NA,8958.8827,NA,NA,NA
python.exe,24084,0x0,Other,-1,0,0,Composed: Copy with GPU GDI,2026-8-20 19:21:03.768681100,5.8666,5.8666,0.0000,0.3054,5.7851,0.2946,5.4905,21.2571,4.3161,-6.7164,8964.5166,NA,NA,NA
python.exe,24084,0x0,Other,-1,0,0,Composed: Copy with GPU GDI,2026-8-20 19:21:03.774547700,4.1434,4.1434,0.0000,0.2269,7.6009,3.7678,3.8331,NA,NA,1.5505,8970.3832,NA,NA,NA
python.exe,24084,0x0,Other,-1,0,0,Composed: Copy with GPU GDI,2026-8-20 19:21:03.778691100,4.0572,4.0572,0.0000,3.6875,0.5919,0.2943,0.2976,15.5632,7.8239,NA,8974.5266,NA,NA,NA
python.exe,24084,0x0,Other,-1,0,0,Composed: Copy with GPU GDI,2026-8-20 19:21:03.782748300,5.0539,5.0539,0.0000,0.2256,5.1389,0.4070,4.7319,19.3299,6.0713,-3.7667,8978.5838,NA,NA,NA
python.exe,24084,0x0,Other,-1,0,0,Composed: Copy with GPU GDI,2026-8-20 19:21:03.787802200,6.3366,6.3366,0.0000,0.3141,6.3426,0.3940,5.9486,20.3473,2.7590,-1.0174,8983.6377,NA,NA,NA
python.exe,24084,0x0,Other,-1,0,0,Composed: Copy with GPU GDI,2026-8-20 19:21:03.794138800,1.4449,1.4449,0.0000,5.0984,0.3093,0.3093,0.0000,NA,NA,3.5776,8989.9743,NA,NA,NA
python.exe,24084,0x0,Other,-1,0,0,Composed: Copy with GPU GDI,2026-8-20 19:21:03.795583700,3.2481,3.2481,0.0000,0.0000,4.7745,3.7320,1.0425,15.3248,9.3683,NA,8991.4192,NA,NA,NA
python.exe,24084,0x0,Other,-1,0,0,Composed: Copy with GPU GDI,2026-8-20 19:21:03.798831800,6.3469,6.3469,0.0000,0.7178,5.8530,0.2924,5.5606,21.4450,6.0692,-6.1202,8994.6673,NA,NA,NA
python.exe,24084,0x0,Other,-1,0,0,Composed: Copy with GPU GDI,2026-8-20 19:21:03.805178700,5.0959,5.0959,0.0000,0.2269,5.0874,0.2910,4.7964,21.1673,1.2331,0.2777,9001.0142,NA,NA,NA
python.exe,24084,0x0,Other,-1,0,0,Composed: Copy with GPU GDI,2026-8-20 19:21:03.810274600,1.8403,1.8403,0.0000,0.2214,5.8059,4.2622,1.5437,NA,NA,3.8628,9006.1101,NA,NA,NA
python.exe,24084,0x0,Other,-1,0,0,Composed: Copy with GPU GDI,2026-8-20 19:21:03.812114900,5.2166,5.2166,0.0000,4.1898,1.2928,0.3404,0.9524,15.4642,10.9037,NA,9007.9504,NA,NA,NA
python.exe,24084,0x0,Other,-1,0,0,Composed: Copy with GPU GDI,2026-8-20 19:21:03.817331500,5.0983,5.0983,0.0000,0.2695,5.0482,0.2927,4.7555,21.1513,5.7672,-5.6871,9013.1670,NA,NA,NA
python.exe,24084,0x0,Other,-1,0,0,Composed: Copy with GPU GDI,2026-8-20 19:21:03.822429800,6.0164,6.0164,0.0000,0.2213,6.0510,0.3255,5.7255,NA,NA,-0.6689,9018.2653,NA,NA,NA
python.exe,24084,0x0,Other,-1,0,0,Composed: Copy with GPU GDI,2026-8-20 19:21:03.828446200,0.4739,0.4739,0.0000,0.2593,2.9702,2.8257,0.1445,15.8038,6.3670,NA,9024.2817,NA,NA,NA
python.exe,24084,0x0,Other,-1,0,0,Composed: Copy with GPU GDI,2026-8-20 19:21:03.828920100,9.3769,9.3769,0.0000,2.7610,6.9797,0.4569,6.5228,NA,NA,NA,NA,NA,NA,NA
python.exe,24084,0x0,Other,-1,0,0,Composed: Copy with GPU GDI,2026-8-20 19:21:03.838297000,3.1815,3.1815,0.0000,0.3686,3.1520,0.4206,2.7314,12.3200,10.2948,3.4838,9034.1325,NA,NA,NA
python.exe,24084,0x0,Other,-1,0,0,Composed: Copy with GPU GDI,2026-8-20 19:21:03.841478500,4.5392,4.5392,0.0000,0.3419,7.4491,3.6520,3.7971,NA,NA,-7.1133,9037.3140,NA,NA,NA
python.exe,24084,0x0,Other,-1,0,0,Composed: Copy with GPU GDI,2026-8-20 19:21:03.846017700,3.6389,3.6389,0.0000,3.2558,0.6464,0.3404,0.3060,14.8941,7.8991,NA,9041.8532,NA,NA,NA
python.exe,24084,0x0,Other,-1,0,0,Composed: Copy with GPU GDI,2026-8-20 19:21:03.849656600,3.3472,3.3472,0.0000,0.2666,3.3342,0.3311,3.0031,19.1543,6.0526,-4.2602,9045.4921,NA,NA,NA
python.exe,24084,0x0,Other,-1,0,0,Composed: Copy with GPU GDI,2026-8-20 19:21:03.853003800,7.7051,7.7051,0.0000,0.2564,7.7730,0.4099,7.3631,21.8597,2.7233,-2.7054,9048.8393,NA,NA,NA
python.exe,24084,0x0,Other,-1,0,0,Composed: Copy with GPU GDI,2026-8-20 19:21:03.860708900,3.3424,3.3424,0.0000,6.8314,0.2900,0.2900,0.0000,NA,NA,4.9818,9056.5444,NA,NA,NA
python.exe,24084,0x0,Other,-1,0,0,Composed: Copy with GPU GDI,2026-8-20 19:21:03.864051300,2.5180,2.5180,0.0000,0.0000,6.5041,3.5754,2.9287,13.5355,9.4564,NA,9059.8868,NA,NA,NA
python.exe,24084,0x0,Other,-1,0,0,Composed: Copy with GPU GDI,2026-8-20 19:21:03.866569300,5.5264,5.5264,0.0000,1.2648,4.6133,0.4265,4.1868,20.4739,6.0402,-6.9384,9062.4048,NA,NA,NA
python.exe,24084,0x0,Other,-1,0,0,Composed: Copy with GPU GDI,2026-8-20 19:21:03.872095700,5.7171,5.7171,0.0000,0.3545,5.6796,0.4041,5.2755,20.9877,1.1674,-0.5138,9067.9312,NA,NA,NA
python.exe,24084,0x0,Other,-1,0,0,Composed: Copy with GPU GDI,2026-8-20 19:21:03.877812800,0.9371,0.9371,0.0000,0.3202,3.3242,2.7907,0.5335,NA,NA,4.5497,9073.6483,NA,NA,NA
python.exe,24084,0x0,Other,-1,0,0,Composed: Copy with GPU GDI,2026-8-20 19:21:03.878749900,6.0369,6.0369,0.0000,2.7111,3.6670,0.4322,3.2348,15.5009,10.9597,NA,9074.5854,NA,NA,NA
python.exe,24084,0x0,Other,-1,0,0,Composed: Copy with GPU GDI,2026-8-20 19:21:03.884786800,5.0793,5.0793,0.0000,0.3439,4.9360,0.2929,4.6431,20.4237,5.7149,-4.9228,9080.6223,NA,NA,NA
python.exe,24084,0x0,Other,-1,0,0,Composed: Copy with GPU GDI,2026-8-20 19:21:03.889866100,7.0586,7.0586,0.0000,0.2043,7.2071,0.4516,6.7555,NA,NA,NA,NA,NA,NA,NA
python.exe,24084,0x0,Other,-1,0,0,Composed: Copy with GPU GDI,2026-8-20 19:21:03.896924700,0.5774,0.5774,0.0000,0.3555,3.9239,3.7794,0.1445,14.0007,6.4136,6.4230,9092.7602,NA,NA,NA
python.exe,24084,0x0,Other,-1,0,0,Composed: Copy with GPU GDI,2026-8-20 19:21:03.897502100,7.8912,7.8912,0.0000,3.7066,4.4840,0.4165,4.0675,NA,NA,NA,NA,NA,NA,NA
python.exe,24084,0x0,Other,-1,0,0,Composed: Copy with GPU GDI,2026-8-20 19:21:03.905393300,3.1049,3.1049,0.0000,0.3031,3.0171,0.3005,2.7166,11.9457,10.2396,2.0550,9101.2288,NA,NA,NA
python.exe,24084,0x0,Other,-1,0,0,Composed: Copy with GPU GDI,2026-8-20 19:21:03.908498200,4.2791,4.2791,0.0000,0.2190,6.8068,2.8847,3.9221,NA,NA,-7.1347,9104.3337,NA,NA,NA
python.exe,24084,0x0,Other,-1,0,0,Composed: Copy with GPU GDI,2026-8-20 19:21:03.912777300,3.7286,3.7286,0.0000,2.7506,1.1874,0.3063,0.8811,14.8013,7.9721,NA,9108.6128,NA,NA,NA
python.exe,24084,0x0,Other,-1,0,0,Composed: Copy with GPU GDI,2026-8-20 19:21:03.916505900,4.1383,4.1383,0.0000,0.2138,4.0854,0.3015,3.7839,19.0448,6.0600,-4.2435,9112.3414,NA,NA,NA
python.exe,24084,0x0,Other,-1,0,0,Composed: Copy with GPU GDI,2026-8-20 19:21:03.920644200,7.1998,7.1998,0.0000,0.1636,7.3459,0.3904,6.9555,20.9665,2.6314,-1.9217,9116.4797,NA,NA,NA
python.exe,24084,0x0,Other,-1,0,0,Composed: Copy with GPU GDI,2026-8-20 19:21:03.927844000,2.3619,2.3619,0.0000,6.3130,0.2936,0.2936,0.0000,NA,NA,4.5684,9123.6795,NA,NA,NA
python.exe,24084,0x0,Other,-1,0,0,Composed: Copy with GPU GDI,2026-8-20 19:21:03.930205900,1.9194,1.9194,0.0000,0.0000,6.0001,4.0562,1.9439,14.0362,9.4977,NA,9126.0414,NA,NA,NA
python.exe,24084,0x0,Other,-1,0,0,Composed: Copy with GPU GDI,2026-8-20 19:21:03.932125300,8.4059,8.4059,0.0000,2.3282,6.3989,0.4322,5.9667,21.6145,6.0684,-7.5783,9127.9608,NA,NA,NA
python.exe,24084,0x0,Other,-1,0,0,Composed: Copy with GPU GDI,2026-8-20 19:21:03.940531200,4.2225,4.2225,0.0000,0.3282,4.2315,0.4225,3.8090,19.2770,1.1069,2.3375,9136.3667,NA,NA,NA
python.exe,24084,0x0,Other,-1,0,0,Composed: Copy with GPU GDI,2026-8-20 19:21:03.944753700,1.6192,1.6192,0.0000,6.2057,0.2598,0.2598,0.0000,NA,NA,3.1156,9140.5892,NA,NA,NA
python.exe,24084,0x0,Other,-1,0,0,Composed: Copy with GPU GDI,2026-8-20 19:21:03.946372900,4.2716,4.2716,0.0000,0.0000,5.8656,4.6765,1.1891,14.5422,11.0368,NA,9142.2084,NA,NA,NA
python.exe,24084,0x0,Other,-1,0,0,Composed: Copy with GPU GDI,2026-8-20 19:21:03.950644500,5.4101,5.4101,0.0000,0.5783,5.0379,0.3010,4.7369,21.3074,5.6298,-6.7652,9146.4800,NA,NA,NA
python.exe,24084,0x0,Other,-1,0,0,Composed: Copy with GPU GDI,2026-8-20 19:21:03.956054600,5.7344,5.7344,0.0000,8.7788,0.2732,0.2732,0.0000,NA,NA,-0.2197,9151.8901,NA,NA,NA
python.exe,24084,0x0,Other,-1,0,0,Composed: Copy with GPU GDI,2026-8-20 19:21:03.961789000,1.0280,1.0280,0.0000,0.0000,8.5688,3.1384,5.4304,15.7927,6.4888,NA,9157.6245,NA,NA,NA
python.exe,24084,0x0,Other,-1,0,0,Composed: Copy with GPU GDI,2026-8-20 19:21:03.962817000,9.0519,9.0519,0.0000,2.2928,7.0729,0.3975,6.6754,NA,NA,NA,NA,NA,NA,NA
python.exe,24084,0x0,Other,-1,0,0,Composed: Copy with GPU GDI,2026-8-20 19:21:03.971868900,1.9683,1.9683,0.0000,0.3186,1.8995,0.3319,1.5676,12.2016,10.1798,3.5911,9167.7044,NA,NA,NA
python.exe,24084,0x0,Other,-1,0,0,Composed: Copy with GPU GDI,2026-8-20 19:21:03.973837200,5.5694,5.5694,0.0000,0.2528,8.2161,2.9870,5.2291,NA,NA,-8.2115,9169.6727,NA,NA,NA
python.exe,24084,0x0,Other,-1,0,0,Composed: Copy with GPU GDI,2026-8-20 19:21:03.979406600,3.4239,3.4239,0.0000,2.9046,0.7819,0.3414,0.4405,14.8437,8.0277,NA,9175.2421,NA,NA,NA
python.exe,24084,0x0,Other,-1,0,0,Composed: Copy with GPU GDI,2026-8-20 19:21:03.982830500,3.2853,3.2853,0.0000,0.2655,3.3983,0.4814,2.9169,19.4475,6.0715,-4.6038,9178.6660,NA,NA,NA
python.exe,24084,0x0,Other,-1,0,0,Composed: Copy with GPU GDI,2026-8-20 19:21:03.986115800,8.2338,8.2338,0.0000,0.3823,8.1228,0.4067,7.7161,22.2337,2.5618,-2.7862,9181.9513,NA,NA,NA
python.exe,24084,0x0,Other,-1,0,0,Composed: Copy with GPU GDI,2026-8-20 19:21:03.994349600,1.0525,1.0525,0.0000,4.7235,0.3052,0.3052,0.0000,NA,NA,5.6720,9190.1851,NA,NA,NA
python.exe,24084,0x0,Other,-1,0,0,Composed: Copy with GPU GDI,2026-8-20 19:21:03.995402100,3.1524,3.1524,0.0000,0.0000,4.4477,3.7470,0.7007,15.5092,9.5645,NA,9191.2376,NA,NA,NA
python.exe,24084,0x0,Other,-1,0,0,Composed: Copy with GPU GDI,2026-8-20 19:21:03.998554500,7.6005,7.6005,0.0000,0.8286,7.1184,0.4257,6.6927,21.9213,6.0645,-6.4121,9194.3900,NA,NA,NA
python.exe,24084,0x0,Other,-1,0,0,Composed: Copy with GPU GDI,2026-8-20 19:21:04.006155000,4.6410,4.6410,0.0000,0.3495,4.5423,0.3517,4.1906,20.3853,1.0242,1.5360,9201.9905,NA,NA,NA
python.exe,24084,0x0,Other,-1,0,0,Composed: Copy with GPU GDI,2026-8-20 19:21:04.010796000,1.3733,1.3733,0.0000,0.2535,4.7585,3.7250,1.0335,NA,NA,3.6168,9206.6315,NA,NA,NA
python.exe,24084,0x0,Other,-1,0,0,Composed: Copy with GPU GDI,2026-8-20 19:21:04.012169300,5.5700,5.5700,0.0000,3.6432,2.2779,0.4398,1.8381,15.3952,11.1132,NA,9208.0048,NA,NA,NA
python.exe,24084,0x0,Other,-1,0,0,Composed: Copy with GPU GDI,2026-8-20 19:21:04.017739300,4.9694,4.9694,0.0000,0.3542,4.8189,0.2913,4.5276,20.9384,18.1910,-5.5432,9213.5748,NA,NA,NA
python.exe,24084,0x0,Other,-1,0,0,Composed: Copy with GPU GDI,2026-8-20 19:21:04.022708700,23.1105,23.1105,0.0000,0.2073,23.1040,0.3466,22.7574,NA,NA,NA,NA,NA,NA,NA
python.exe,24084,0x0,Other,-1,0,0,Composed: Copy with GPU GDI,2026-8-20 19:21:04.045819200,1.8126,1.8126,0.0000,0.2052,1.8325,0.3751,1.4574,11.0495,4.0505,9.8889,9241.6547,NA,NA,NA
python.exe,24084,0x0,Other,-1,0,0,Composed: Copy with GPU GDI,2026-8-20 19:21:04.047631800,0.3861,0.3861,0.0000,3.3668,0.2472,0.2472,0.0000,NA,NA,NA,NA,NA,NA,NA
python.exe,24084,0x0,Other,-1,0,0,Composed: Copy with GPU GDI,2026-8-20 19:21:04.048017900,0.3249,0.3249,0.0000,0.0000,3.1371,3.1057,0.0314,NA,NA,NA,NA,NA,NA,NA
python.exe,24084,0x0,Other,-1,0,0,Composed: Copy with GPU GDI,2026-8-20 19:21:04.048342800,4.3081,4.3081,0.0000,8.1234,0.2950,0.2950,0.0000,NA,NA,-1.5269,9244.1783,NA,NA,NA
python.exe,24084,0x0,Other,-1,0,0,Composed: Copy with GPU GDI,2026-8-20 19:21:04.052650900,0.6370,0.6370,0.0000,0.0000,5.2175,3.9230,1.2945,8.2683,14.1717,NA,9248.4864,NA,NA,NA
python.exe,24084,0x0,Other,-1,0,0,Composed: Copy with GPU GDI,2026-8-20 19:21:04.053287900,7.5266,7.5266,0.0000,3.4768,4.3815,0.4103,3.9712,21.8030,6.0452,-13.5347,9249.1234,NA,NA,NA
python.exe,24084,0x0,Other,-1,0,0,Composed: Copy with GPU GDI,2026-8-20 19:21:04.060814500,0.9167,0.9167,0.0000,4.6618,0.2541,0.2541,0.0000,NA,NA,1.4814,9256.6500,NA,NA,NA
python.exe,24084,0x0,Other,-1,0,0,Composed: Copy with GPU GDI,2026-8-20 19:21:04.061731200,3.1311,3.1311,0.0000,0.0000,4.3273,3.8221,0.5052,19.4049,6.0718,NA,9257.5667,NA,NA,NA
python.exe,24084,0x0,Other,-1,0,0,Composed: Copy with GPU GDI,2026-8-20 19:21:04.064862300,7.3377,7.3377,0.0000,0.8727,6.6288,0.2413,6.3875,22.3456,6.0756,-2.9407,9260.6978,NA,NA,NA
python.exe,24084,0x0,Other,-1,0,0,Composed: Copy with GPU GDI,2026-8-20 19:21:04.072200000,5.8528,5.8528,0.0000,0.1667,5.9273,0.3253,5.6020,21.0835,6.0460,1.2621,9268.0355,NA,NA,NA
python.exe,24084,0x0,Other,-1,0,0,Composed: Copy with GPU GDI,2026-8-20 19:21:04.078052800,1.4543,1.4543,0.0000,0.2439,5.1189,3.9868,1.1321,NA,NA,-0.1932,9273.8883,NA,NA,NA
python.exe,24084,0x0,Other,-1,0,0,Composed: Copy with GPU GDI,2026-8-20 19:21:04.079507100,5.6530,5.6530,0.0000,3.9113,2.0583,0.4009,1.6574,19.8224,6.0774,NA,9275.3426,NA,NA,NA
python.exe,24084,0x0,Other,-1,0,0,Composed: Copy with GPU GDI,2026-8-20 19:21:04.085160100,5.1750,5.1750,0.0000,0.3199,5.2054,0.4308,4.7746,20.2468,5.5043,-0.4244,9280.9956,NA,NA,NA
python.exe,24084,0x0,Other,-1,0,0,Composed: Copy with GPU GDI,2026-8-20 19:21:04.090335100,5.5703,5.5703,0.0000,8.6484,0.2773,0.2773,0.0000,NA,NA,-0.3293,9286.1706,NA,NA,NA
python.exe,24084,0x0,Other,-1,0,0,Composed: Copy with GPU GDI,2026-8-20 19:21:04.095905400,0.7635,0.7635,0.0000,0.0000,8.2949,3.2009,5.0940,15.0058,6.6274,NA,9291.7409,NA,NA,NA
python.exe,24084,0x0,Other,-1,0,0,Composed: Copy with GPU GDI,2026-8-20 19:21:04.096668900,5.0496,5.0496,0.0000,2.5958,2.6825,0.3036,2.3789,20.8697,6.0683,-5.8639,9292.5044,NA,NA,NA
python.exe,24084,0x0,Other,-1,0,0,Composed: Copy with GPU GDI,2026-8-20 19:21:04.101718500,6.5736,6.5736,0.0000,0.2326,6.6649,0.4060,6.2589,21.8884,3.9801,-1.0187,9297.5540,NA,NA,NA
python.exe,24084,0x0,Other,-1,0,0,Composed: Copy with GPU GDI,2026-8-20 19:21:04.108292100,4.3204,4.3204,0.0000,0.3274,7.7984,3.9069,3.8915,NA,NA,2.5935,9304.1276,NA,NA,NA
python.exe,24084,0x0,Other,-1,0,0,Composed: Copy with GPU GDI,2026-8-20 19:21:04.112612500,4.0885,4.0885,0.0000,3.8109,0.5013,0.3370,0.1643,14.9745,8.1604,NA,9308.4480,NA,NA,NA
python.exe,24084,0x0,Other,-1,0,0,Composed: Copy with GPU GDI,2026-8-20 19:21:04.116701000,2.7297,2.7297,0.0000,0.2270,2.7165,0.2939,2.4226,19.0464,6.0734,-4.0719,9312.5365,NA,NA,NA
python.exe,24084,0x0,Other,-1,0,0,Composed: Copy with GPU GDI,2026-8-20 19:21:04.119430700,8.9305,8.9305,0.0000,0.2169,9.0317,0.4014,8.6303,22.3901,2.4178,-3.3437,9315.2662,NA,NA,NA
python.exe,24084,0x0,Other,-1,0,0,Composed: Copy with GPU GDI,2026-8-20 19:21:04.128361200,1.0688,1.0688,0.0000,4.8891,0.2995,0.2995,0.0000,NA,NA,6.5127,9324.1967,NA,NA,NA
python.exe,24084,0x0,Other,-1,0,0,Composed: Copy with GPU GDI,2026-8-20 19:21:04.129430000,3.2582,3.2582,0.0000,0.0000,4.5666,3.8993,0.6673,14.8086,9.7015,NA,9325.2655,NA,NA,NA
python.exe,24084,0x0,Other,-1,0,0,Composed: Copy with GPU GDI,2026-8-20 19:21:04.132688200,6.5966,6.5966,0.0000,0.8658,5.9588,0.3293,5.6295,21.2519,6.0740,-6.4433,9328.5237,NA,NA,NA
python.exe,24084,0x0,Other,-1,0,0,Composed: Copy with GPU GDI,2026-8-20 19:21:04.139284800,5.5811,5.5811,0.0000,0.2309,5.6572,0.4111,5.2461,20.7293,0.8924,0.5226,9335.1203,NA,NA,NA
python.exe,24084,0x0,Other,-1,0,0,Composed: Copy with GPU GDI,2026-8-20 19:21:04.144865900,0.7282,0.7282,0.0000,0.3129,4.2613,3.9319,0.3294,NA,NA,4.6887,9340.7014,NA,NA,NA
python.exe,24084,0x0,Other,-1,0,0,Composed: Copy with GPU GDI,2026-8-20 19:21:04.145594100,5.0931,5.0931,0.0000,3.8494,1.4645,0.2970,1.1675,15.3124,11.2312,NA,9341.4296,NA,NA,NA
python.exe,24084,0x0,Other,-1,0,0,Composed: Copy with GPU GDI,2026-8-20 19:21:04.150687200,6.0906,6.0906,0.0000,0.2240,6.1192,0.3237,5.7955,21.4505,5.4465,-6.1381,9346.5227,NA,NA,NA
python.exe,24084,0x0,Other,-1,0,0,Composed: Copy with GPU GDI,2026-8-20 19:21:04.156777800,5.4690,5.4690,0.0000,8.5731,0.2832,0.2832,0.0000,NA,NA,0.6441,9352.6133,NA,NA,NA
python.exe,24084,0x0,Other,-1,0,0,Composed: Copy with GPU GDI,2026-8-20 19:21:04.162246800,0.1278,0.1278,0.0000,0.0000,8.3177,3.1893,5.1284,15.3374,6.6851,NA,9358.0823,NA,NA,NA
python.exe,24084,0x0,Other,-1,0,0,Composed: Copy with GPU GDI,2026-8-20 19:21:04.162374600,5.8618,5.8618,0.0000,3.2634,2.8208,0.2905,2.5303,21.8947,6.0691,-6.5573,9358.2101,NA,NA,NA
python.exe,24084,0x0,Other,-1,0,0,Composed: Copy with GPU GDI,2026-8-20 19:21:04.168236400,6.0335,6.0335,0.0000,0.2259,6.0589,0.3258,5.7331,22.1020,3.9095,-0.2073,9364.0719,NA,NA,NA
python.exe,24084,0x0,Other,-1,0,0,Composed: Copy with GPU GDI,2026-8-20 19:21:04.174269900,9.8271,9.8271,0.0000,13.1417,0.2727,0.2727,0.0000,NA,NA,2.1240,9370.1054,NA,NA,NA
python.exe,24084,0x0,Other,-1,0,0,Composed: Copy with GPU GDI,2026-8-20 19:21:04.184097000,0.3561,0.3561,0.0000,0.0000,12.8110,3.3362,9.4748,NA,NA,NA,NA,NA,NA,NA
python.exe,24084,0x0,Other,-1,0,0,Composed: Copy with GPU GDI,2026-8-20 19:21:04.184453100,2.3906,2.3906,0.0000,2.8819,0.0766,0.0766,0.0000,9.7948,14.2901,NA,9380.2886,NA,NA,NA
python.exe,24084,0x0,Other,-1,0,0,Composed: Copy with GPU GDI,2026-8-20 19:21:04.186843700,9.0541,9.0541,0.0000,0.8431,8.5394,0.4206,8.1188,21.6943,2.3642,-11.8995,9382.6792,NA,NA,NA
python.exe,24084,0x0,Other,-1,0,0,Composed: Copy with GPU GDI,2026-8-20 19:21:04.195897800,0.5445,0.5445,0.0000,4.6433,0.2935,0.2935,0.0000,NA,NA,6.6899,9391.7333,NA,NA,NA
python.exe,24084,0x0,Other,-1,0,0,Composed: Copy with GPU GDI,2026-8-20 19:21:04.196442300,2.5115,2.5115,0.0000,0.0000,4.3111,4.1824,0.1287,14.4599,9.7740,NA,9392.2778,NA,NA,NA
python.exe,24084,0x0,Other,-1,0,0,Composed: Copy with GPU GDI,2026-8-20 19:21:04.198953800,7.6717,7.6717,0.0000,1.8843,6.1388,0.4263,5.7125,21.7224,6.0599,-7.2625,9394.7893,NA,NA,NA
python.exe,24084,0x0,Other,-1,0,0,Composed: Copy with GPU GDI,2026-8-20 19:21:04.206625500,3.9265,3.9265,0.0000,0.3544,3.7896,0.2921,3.4975,20.1106,0.8394,1.6118,9402.4610,NA,NA,NA
python.exe,24084,0x0,Other,-1,0,0,Composed: Copy with GPU GDI,2026-8-20 19:21:04.210552000,2.0061,2.0061,0.0000,0.2209,6.0206,4.3441,1.6765,NA,NA,3.0871,9406.3875,NA,NA,NA
python.exe,24084,0x0,Other,-1,0,0,Composed: Copy with GPU GDI,2026-8-20 19:21:04.212558100,4.5419,4.5419,0.0000,4.2385,0.5243,0.2938,0.2305,15.0174,11.3008,NA,9408.3936,NA,NA,NA
python.exe,24084,0x0,Other,-1,0,0,Composed: Copy with GPU GDI,2026-8-20 19:21:04.217100000,5.1089,5.1089,0.0000,0.2241,5.1331,0.3239,4.8092,21.7763,5.3698,-6.7589,9412.9355,NA,NA,NA
python.exe,24084,0x0,Other,-1,0,0,Composed: Copy with GPU GDI,2026-8-20 19:21:04.222208900,6.5163,6.5163,0.0000,0.2505,6.5088,0.3248,6.1840,NA,NA,-0.2609,9418.0444,NA,NA,NA
python.exe,24084,0x0,Other,-1,0,0,Composed: Copy with GPU GDI,2026-8-20 19:21:04.228725200,0.5086,0.5086,0.0000,0.2458,3.1318,2.9752,0.1566,15.5209,6.7568,NA,9424.5607,NA,NA,NA
python.exe,24084,0x0,Other,-1,0,0,Composed: Copy with GPU GDI,2026-8-20 19:21:04.229233800,5.4033,5.4033,0.0000,2.8730,2.7575,0.2955,2.4620,21.7691,6.0716,-6.2482,9425.0693,NA,NA,NA
python.exe,24084,0x0,Other,-1,0,0,Composed: Copy with GPU GDI,2026-8-20 19:21:04.234637100,6.1613,6.1613,0.0000,0.2303,6.2282,0.3696,5.8586,22.4374,3.8365,-0.6683,9430.4726,NA,NA,NA
python.exe,24084,0x0,Other,-1,0,0,Composed: Copy with GPU GDI,2026-8-20 19:21:04.240798400,8.8152,8.8152,0.0000,11.9763,0.2633,0.2633,0.0000,NA,NA,2.3248,9436.6339,NA,NA,NA
python.exe,24084,0x0,Other,-1,0,0,Composed: Copy with GPU GDI,2026-8-20 19:21:04.249613600,0.2071,0.2071,0.0000,0.0000,11.6761,3.2783,8.3978,NA,NA,NA,NA,NA,NA,NA
python.exe,24084,0x0,Other,-1,0,0,Composed: Copy with GPU GDI,2026-8-20 19:21:04.249820700,4.4993,4.4993,0.0000,3.2199,1.5035,0.2936,1.2099,11.0903,14.3559,NA,9445.6562,NA,NA,NA
python.exe,24084,0x0,Other,-1,0,0,Composed: Copy with GPU GDI,2026-8-20 19:21:04.254320000,6.5812,6.5812,0.0000,0.2280,6.6947,0.4113,6.2834,20.9469,2.3087,-9.8566,9450.1555,NA,NA,NA
python.exe,24084,0x0,Other,-1,0,0,Composed: Copy with GPU GDI,2026-8-20 19:21:04.260901200,1.8749,1.8749,0.0000,5.7626,0.2951,0.2951,0.0000,NA,NA,4.2725,9456.7367,NA,NA,NA
python.exe,24084,0x0,Other,-1,0,0,Composed: Copy with GPU GDI,2026-8-20 19:21:04.262776100,2.0515,2.0515,0.0000,0.0000,5.4175,3.9594,1.4581,14.7995,9.8277,NA,9458.6116,NA,NA,NA
python.exe,24084,0x0,Other,-1,0,0,Composed: Copy with GPU GDI,2026-8-20 19:21:04.264827600,8.5396,8.5396,0.0000,2.1342,6.7273,0.3923,6.3350,22.5757,6.0728,-7.7762,9460.6631,NA,NA,NA
python.exe,24084,0x0,Other,-1,0,0,Composed: Copy with GPU GDI,2026-8-20 19:21:04.273367200,4.5571,4.5571,0.0000,0.3255,4.5672,0.4022,4.1650,20.1089,0.7622,2.4668,9469.2027,NA,NA,NA
python.exe,24084,0x0,Other,-1,0,0,Composed: Copy with GPU GDI,2026-8-20 19:21:04.277924300,1.2915,1.2915,0.0000,0.3386,4.4888,3.6051,0.8837,NA,NA,3.7949,9473.7598,NA,NA,NA
python.exe,24084,0x0,Other,-1,0,0,Composed: Copy with GPU GDI,2026-8-20 19:21:04.279215800,5.8250,5.8250,0.0000,3.5387,2.5369,0.3260,2.2109,15.0225,16.6782,NA,9475.0513,NA,NA,NA
python.exe,24084,0x0,Other,-1,0,0,Composed: Copy with GPU GDI,2026-8-20 19:21:04.285040800,8.9451,8.9451,0.0000,0.2535,9.0338,0.4143,8.6195,NA,NA,NA,NA,NA,NA,NA
python.exe,24084,0x0,Other,-1,0,0,Composed: Copy with GPU GDI,2026-8-20 19:21:04.293985900,1.4311,1.4311,0.0000,4.5121,0.2685,0.2685,0.0000,NA,NA,-1.9081,9489.8214,NA,NA,NA
python.exe,24084,0x0,Other,-1,0,0,Composed: Copy with GPU GDI,2026-8-20 19:21:04.295417000,1.6936,1.6936,0.0000,0.0000,4.1677,3.1581,1.0096,15.4995,6.8133,NA,9491.2525,NA,NA,NA
python.exe,24084,0x0,Other,-1,0,0,Composed: Copy with GPU GDI,2026-8-20 19:21:04.297110600,4.4586,4.4586,0.0000,1.6596,3.2204,0.4883,2.7321,20.6192,6.0812,-5.1197,9492.9461,NA,NA,NA
python.exe,24084,0x0,Other,-1,0,0,Composed: Copy with GPU GDI,2026-8-20 19:21:04.301569200,6.4918,6.4918,0.0000,0.4245,6.3921,0.3928,5.9993,22.2418,6.0599,-1.6226,9497.4047,NA,NA,NA
python.exe,24084,0x0,Other,-1,0,0,Composed: Copy with GPU GDI,2026-8-20 19:21:04.308061000,8.1120,8.1120,0.0000,0.3279,8.1486,0.4535,7.6951,21.8099,6.0685,0.4319,9503.8965,NA,NA,NA
python.exe,24084,0x0,Other,-1,0,0,Composed: Copy with GPU GDI,2026-8-20 19:21:04.316173000,0.1507,0.1507,0.0000,0.3645,4.2155,4.2155,0.0000,NA,NA,2.0435,9512.0085,NA,NA,NA
python.exe,24084,0x0,Other,-1,0,0,Composed: Copy with GPU GDI,2026-8-20 19:21:04.316323700,4.4375,4.4375,0.0000,4.4293,0.2603,0.2603,0.0000,19.6157,6.0679,NA,9512.1592,NA,NA,NA
python.exe,24084,0x0,Other,-1,0,0,Composed: Copy with GPU GDI,2026-8-20 19:21:04.320761200,6.6491,6.6491,0.0000,0.2551,6.7172,0.3950,6.3222,21.2461,6.0662,-1.6304,9516.5967,NA,NA,NA
python.exe,24084,0x0,Other,-1,0,0,Composed: Copy with GPU GDI,2026-8-20 19:21:04.327410300,1.9308,1.9308,0.0000,6.1273,0.2943,0.2943,0.0000,NA,NA,0.5829,9523.2458,NA,NA,NA
python.exe,24084,0x0,Other,-1,0,0,Composed: Copy with GPU GDI,2026-8-20 19:21:04.329341100,2.9975,2.9975,0.0000,0.0000,5.8008,4.2793,1.5215,18.7324,6.0673,NA,9525.1766,NA,NA,NA
python.exe,24084,0x0,Other,-1,0,0,Composed: Copy with GPU GDI,2026-8-20 19:21:04.332338600,6.0720,6.0720,0.0000,1.4969,5.0232,0.5156,4.5076,21.8022,6.0618,-3.0698,9528.1741,NA,NA,NA
python.exe,24084,0x0,Other,-1,0,0,Composed: Copy with GPU GDI,2026-8-20 19:21:04.338410600,5.5911,5.5911,0.0000,0.4510,5.3896,0.3197,5.0699,21.7920,6.0736,0.0102,9534.2461,NA,NA,NA
python.exe,24084,0x0,Other,-1,0,0,Composed: Copy with GPU GDI,2026-8-20 19:21:04.344001700,1.9178,1.9178,0.0000,0.2527,5.9657,4.3679,1.5978,NA,NA,-0.4825,9539.8372,NA,NA,NA
python.exe,24084,0x0,Other,-1,0,0,Composed: Copy with GPU GDI,2026-8-20 19:21:04.345919500,4.6634,4.6634,0.0000,4.3037,0.5854,0.2957,0.2897,20.3567,6.0591,NA,9541.7550,NA,NA,NA
python.exe,24084,0x0,Other,-1,0,0,Composed: Copy with GPU GDI,2026-8-20 19:21:04.350582900,5.6726,5.6726,0.0000,0.2287,5.6583,0.3234,5.3349,21.7524,5.2410,-1.3957,9546.4184,NA,NA,NA
python.exe,24084,0x0,Other,-1,0,0,Composed: Copy with GPU GDI,2026-8-20 19:21:04.356255500,5.9099,5.9099,0.0000,8.9858,0.2786,0.2786,0.0000,NA,NA,0.4316,9552.0910,NA,NA,NA
python.exe,24084,0x0,Other,-1,0,0,Composed: Copy with GPU GDI,2026-8-20 19:21:04.362165400,1.0416,1.0416,0.0000,0.0000,8.7685,3.1578,5.6107,15.4109,6.9002,NA,9558.0009,NA,NA,NA
python.exe,24084,0x0,Other,-1,0,0,Composed: Copy with GPU GDI,2026-8-20 19:21:04.363207000,5.0356,5.0356,0.0000,2.3163,3.1174,0.4700,2.6474,21.2695,6.0789,-5.8586,9559.0425,NA,NA,NA
python.exe,24084,0x0,Other,-1,0,0,Composed: Copy with GPU GDI,2026-8-20 19:21:04.368242600,5.6257,5.6257,0.0000,0.4021,5.4681,0.3163,5.1518,22.3128,3.6940,-1.0433,9564.0781,NA,NA,NA
python.exe,24084,0x0,Other,-1,0,0,Composed: Copy with GPU GDI,2026-8-20 19:21:04.373868300,5.2094,5.2094,0.0000,0.2485,8.5944,3.7015,4.8929,NA,NA,1.9317,9569.7038,NA,NA,NA
python.exe,24084,0x0,Other,-1,0,0,Composed: Copy with GPU GDI,2026-8-20 19:21:04.379077700,3.4759,3.4759,0.0000,3.6335,0.2818,0.2818,0.0000,15.1717,8.4161,NA,9574.9132,NA,NA,NA
python.exe,24084,0x0,Other,-1,0,0,Composed: Copy with GPU GDI,2026-8-20 19:21:04.382553600,3.4587,3.4587,0.0000,0.4421,3.4767,0.5984,2.8783,20.1119,6.0755,-4.9402,9578.3891,NA,NA,NA
python.exe,24084,0x0,Other,-1,0,0,Composed: Copy with GPU GDI,2026-8-20 19:21:04.386012300,7.9302,7.9302,0.0000,0.4638,7.8093,0.4123,7.3970,22.7287,2.1717,-2.6168,9581.8478,NA,NA,NA
python.exe,24084,0x0,Other,-1,0,0,Composed: Copy with GPU GDI,2026-8-20 19:21:04.393942500,2.0456,2.0456,0.0000,5.9294,0.2916,0.2916,0.0000,NA,NA,5.7585,9589.7780,NA,NA,NA
python.exe,24084,0x0,Other,-1,0,0,Composed: Copy with GPU GDI,2026-8-20 19:21:04.395988100,2.9912,2.9912,0.0000,0.0000,5.5833,3.9740,1.6093,14.9246,9.9540,NA,9591.8236,NA,NA,NA
python.exe,24084,0x0,Other,-1,0,0,Composed: Copy with GPU GDI,2026-8-20 19:21:04.398979300,6.9700,6.9700,0.0000,1.1878,6.1104,0.3985,5.7119,21.8874,6.0666,-6.9628,9594.8148,NA,NA,NA
python.exe,24084,0x0,Other,-1,0,0,Composed: Copy with GPU GDI,2026-8-20 19:21:04.405949300,5.0476,5.0476,0.0000,0.3316,4.9350,0.2863,4.6487,20.9840,0.6538,0.9034,9601.7848,NA,NA,NA
python.exe,24084,0x0,Other,-1,0,0,Composed: Copy with GPU GDI,2026-8-20 19:21:04.410996900,2.0046,2.0046,0.0000,0.2218,6.1279,4.4337,1.6942,NA,NA,4.3938,9606.8324,NA,NA,NA
python.exe,24084,0x0,Other,-1,0,0,Composed: Copy with GPU GDI,2026-8-20 19:21:04.413001500,4.5664,4.5664,0.0000,4.3486,0.4166,0.2955,0.1211,14.5856,11.4753,NA,9608.8370,NA,NA,NA
python.exe,24084,0x0,Other,-1,0,0,Composed: Copy with GPU GDI,2026-8-20 19:21:04.417567900,6.5897,6.5897,0.0000,0.2021,6.7089,0.4111,6.2978,21.4945,5.1793,-6.9089,9613.4034,NA,NA,NA
python.exe,24084,0x0,Other,-1,0,0,Composed: Copy with GPU GDI,2026-8-20 19:21:04.424157600,5.4838,5.4838,0.0000,0.3251,5.4660,0.3976,5.0684,NA,NA,NA,NA,NA,NA,NA
python.exe,24084,0x0,Other,-1,0,0,Composed: Copy with GPU GDI,2026-8-20 19:21:04.429641400,0.6358,0.6358,0.0000,0.3112,3.2449,3.0159,0.2290,NA,NA,6.8942,9625.4769,NA,NA,NA
python.exe,24084,0x0,Other,-1,0,0,Composed: Copy with GPU GDI,2026-8-20 19:21:04.430277200,8.3435,8.3435,0.0000,2.9254,5.7921,0.4525,5.3396,13.9645,13.0248,NA,9626.1127,NA,NA,NA
python.exe,24084,0x0,Other,-1,0,0,Composed: Copy with GPU GDI,2026-8-20 19:21:04.438620700,3.0303,3.0303,0.0000,0.3771,2.8822,0.2954,2.5868,18.6458,3.6421,-4.6813,9634.4562,NA,NA,NA
python.exe,24084,0x0,Other,-1,0,0,Composed: Copy with GPU GDI,2026-8-20 19:21:04.441651000,4.2732,4.2732,0.0000,0.2321,7.9084,3.9800,3.9284,NA,NA,-0.6118,9637.4865,NA,NA,NA
python.exe,24084,0x0,Other,-1,0,0,Composed: Copy with GPU GDI,2026-8-20 19:21:04.445924200,4.6872,4.6872,0.0000,3.8701,1.0442,0.3000,0.7442,14.9844,8.4962,NA,9641.7597,NA,NA,NA
python.exe,24084,0x0,Other,-1,0,0,Composed: Copy with GPU GDI,2026-8-20 19:21:04.450611400,3.2500,3.2500,0.0000,0.2308,3.2406,0.2935,2.9471,18.7934,6.0797,-3.8090,9646.4469,NA,NA,NA
python.exe,24084,0x0,Other,-1,0,0,Composed: Copy with GPU GDI,2026-8-20 19:21:04.453861400,7.2998,7.2998,0.0000,0.2246,7.4242,0.4231,7.0011,21.6231,2.0966,-2.8297,9649.6969,NA,NA,NA
python.exe,24084,0x0,Other,-1,0,0,Composed: Copy with GPU GDI,2026-8-20 19:21:04.461161200,0.7288,0.7288,0.0000,4.6137,0.2961,0.2961,0.0000,NA,NA,5.2032,9656.9967,NA,NA,NA
python.exe,24084,0x0,Other,-1,0,0,Composed: Copy with GPU GDI,2026-8-20 19:21:04.461890000,2.9646,2.9646,0.0000,0.0000,4.2602,3.9548,0.3054,15.6911,10.0268,NA,9657.7255,NA,NA,NA
python.exe,24084,0x0,Other,-1,0,0,Composed: Copy with GPU GDI,2026-8-20 19:21:04.464854600,8.0918,8.0918,0.0000,1.2210,7.1976,0.4033,6.7943,22.7533,6.0596,-7.0622,9660.6901,NA,NA,NA
python.exe,24084,0x0,Other,-1,0,0,Composed: Copy with GPU GDI,2026-8-20 19:21:04.472946400,4.4363,4.4363,0.0000,0.3300,4.3366,0.2944,4.0422,20.7211,0.5894,2.0322,9668.7819,NA,NA,NA
python.exe,24084,0x0,Other,-1,0,0,Composed: Copy with GPU GDI,2026-8-20 19:21:04.477382700,2.4187,2.4187,0.0000,0.2333,6.6250,4.5261,2.0989,NA,NA,3.8469,9673.2182,NA,NA,NA
python.exe,24084,0x0,Other,-1,0,0,Composed: Copy with GPU GDI,2026-8-20 19:21:04.479801400,5.2456,5.2456,0.0000,4.4426,1.0354,0.2988,0.7366,14.4555,11.5438,NA,9675.6369,NA,NA,NA
python.exe,24084,0x0,Other,-1,0,0,Composed: Copy with GPU GDI,2026-8-20 19:21:04.485047000,4.0653,4.0653,0.0000,0.2356,4.0867,0.3293,3.7574,20.7537,5.1059,-6.2982,9680.8825,NA,NA,NA
python.exe,24084,0x0,Other,-1,0,0,Composed: Copy with GPU GDI,2026-8-20 19:21:04.489112300,6.4293,6.4293,0.0000,9.5107,0.2764,0.2764,0.0000,NA,NA,-1.0406,9684.9478,NA,NA,NA
python.exe,24084,0x0,Other,-1,0,0,Composed: Copy with GPU GDI,2026-8-20 19:21:04.495541600,1.7254,1.7254,0.0000,0.0000,9.2507,3.1560,6.0947,15.3650,7.0421,NA,9691.3771,NA,NA,NA
python.exe,24084,0x0,Other,-1,0,0,Composed: Copy with GPU GDI,2026-8-20 19:21:04.497267000,4.4834,4.4834,0.0000,1.6355,3.0748,0.2967,2.7781,20.6817,6.0627,-5.3167,9693.1025,NA,NA,NA
python.exe,24084,0x0,Other,-1,0,0,Composed: Copy with GPU GDI,2026-8-20 19:21:04.501750400,6.5351,6.5351,0.0000,0.2310,6.6453,0.4155,6.2298,22.2610,6.0732,-1.5793,9697.5859,NA,NA,NA
python.exe,24084,0x0,Other,-1,0,0,Composed: Copy with GPU GDI,2026-8-20 19:21:04.508285500,4.7716,4.7716,0.0000,13.1549,0.2855,0.2855,0.0000,NA,NA,NA,NA,NA,NA,NA
python.exe,24084,0x0,Other,-1,0,0,Composed: Copy with GPU GDI,2026-8-20 19:21:04.513057100,3.4369,3.4369,0.0000,0.0000,8.9275,4.5742,4.3533,17.0275,6.0813,5.2335,9708.8926,NA,NA,NA
python.exe,24084,0x0,Other,-1,0,0,Composed: Copy with GPU GDI,2026-8-20 19:21:04.516494000,4.0198,4.0198,0.0000,1.0635,3.8829,3.8829,0.0000,19.6719,6.0407,-2.6444,9712.3295,NA,NA,NA
python.exe,24084,0x0,Other,-1,0,0,Composed: Copy with GPU GDI,2026-8-20 19:21:04.520513800,7.4999,7.4999,0.0000,1.2142,6.7097,0.4924,6.2173,21.6928,6.0701,-2.0209,9716.3493,NA,NA,NA
python.exe,24084,0x0,Other,-1,0,0,Composed: Copy with GPU GDI,2026-8-20 19:21:04.528013700,0.9443,0.9443,0.0000,7.7480,3.1780,3.1780,0.0000,NA,NA,NA,NA,NA,NA,NA
python.exe,24084,0x0,Other,-1,0,0,Composed: Copy with GPU GDI,2026-8-20 19:21:04.528958000,3.5875,3.5875,0.0000,0.0000,7.3213,6.8739,0.4474,19.3187,6.0774,2.3741,9724.7935,NA,NA,NA
python.exe,24084,0x0,Other,-1,0,0,Composed: Copy with GPU GDI,2026-8-20 19:21:04.532545500,6.5890,6.5890,0.0000,6.3974,0.9513,0.8295,0.1218,21.8086,6.0507,-2.4899,9728.3810,NA,NA,NA
python.exe,24084,0x0,Other,-1,0,0,Composed: Copy with GPU GDI,2026-8-20 19:21:04.539134500,5.5942,5.5942,0.0000,0.7614,5.2812,0.5190,4.7622,21.2703,6.0602,0.5383,9734.9700,NA,NA,NA
python.exe,24084,0x0,Other,-1,0,0,Composed: Copy with GPU GDI,2026-8-20 19:21:04.544728700,0.5930,0.5930,0.0000,7.1142,1.9762,1.9762,0.0000,NA,NA,-0.4660,9740.5642,NA,NA,NA
python.exe,24084,0x0,Other,-1,0,0,Composed: Copy with GPU GDI,2026-8-20 19:21:04.545321700,4.8366,4.8366,0.0000,0.0000,6.6627,6.5990,0.0637,21.1433,6.0798,NA,9741.1572,NA,NA,NA
python.exe,24084,0x0,Other,-1,0,0,Composed: Copy with GPU GDI,2026-8-20 19:21:04.550158300,6.6434,6.6434,0.0000,3.6652,3.3689,0.4608,2.9081,22.3865,5.0414,-1.2432,9745.9938,NA,NA,NA
python.exe,24084,0x0,Other,-1,0,0,Composed: Copy with GPU GDI,2026-8-20 19:21:04.556801700,5.1125,5.1125,0.0000,0.3943,5.0527,0.4104,4.6423,20.7845,7.0895,1.6020,9752.6372,NA,NA,NA
python.exe,24084,0x0,Other,-1,0,0,Composed: Copy with GPU GDI,2026-8-20 19:21:04.561914200,0.5306,0.5306,0.0000,0.3377,4.4402,4.3338,0.1064,NA,NA,-1.9770,9757.7497,NA,NA,NA
python.exe,24084,0x0,Other,-1,0,0,Composed: Copy with GPU GDI,2026-8-20 19:21:04.562444800,5.4366,5.4366,0.0000,4.2523,2.8898,1.7882,1.1016,22.2309,6.0412,NA,9758.2803,NA,NA,NA
python.exe,24084,0x0,Other,-1,0,0,Composed: Copy with GPU GDI,2026-8-20 19:21:04.567881400,6.0666,6.0666,0.0000,1.7092,4.6245,0.3491,4.2754,22.8355,6.0645,-0.6046,9763.7169,NA,NA,NA
python.exe,24084,0x0,Other,-1,0,0,Composed: Copy with GPU GDI,2026-8-20 19:21:04.573948000,4.5791,4.5791,0.0000,14.9449,0.2782,0.2782,0.0000,NA,NA,0.0021,9769.7835,NA,NA,NA
python.exe,24084,0x0,Other,-1,0,0,Composed: Copy with GPU GDI,2026-8-20 19:21:04.578527100,4.5604,4.5604,0.0000,0.0000,10.7629,6.5321,4.2308,NA,NA,NA,NA,NA,NA,NA
python.exe,24084,0x0,Other,-1,0,0,Composed: Copy with GPU GDI,2026-8-20 19:21:04.583087500,3.0628,3.0628,0.0000,1.8940,3.9114,3.9114,0.0000,13.6939,12.1530,NA,9778.9230,NA,NA,NA
python.exe,24084,0x0,Other,-1,0,0,Composed: Copy with GPU GDI,2026-8-20 19:21:04.586150300,8.2192,8.2192,0.0000,3.0228,5.6041,0.4829,5.1212,22.7841,6.0775,-9.0902,9781.9858,NA,NA,NA
python.exe,24084,0x0,Other,-1,0,0,Composed: Copy with GPU GDI,2026-8-20 19:21:04.594369500,1.9692,1.9692,0.0000,11.9015,0.2638,0.2638,0.0000,NA,NA,NA,NA,NA,NA,NA
python.exe,24084,0x0,Other,-1,0,0,Composed: Copy with GPU GDI,2026-8-20 19:21:04.596338700,2.1684,2.1684,0.0000,0.0000,5.3537,3.8647,1.4890,18.6732,6.0636,4.1109,9792.1742,NA,NA,NA
python.exe,24084,0x0,Other,-1,0,0,Composed: Copy with GPU GDI,2026-8-20 19:21:04.598507100,6.7745,6.7745,0.0000,1.6269,6.1370,6.1370,0.0000,22.5684,6.0587,-3.8952,9794.3426,NA,NA,NA
python.exe,24084,0x0,Other,-1,0,0,Composed: Copy with GPU GDI,2026-8-20 19:21:04.605281600,5.9075,5.9075,0.0000,1.2570,5.1040,0.5379,4.5661,21.8526,6.0458,0.7158,9801.1171,NA,NA,NA
python.exe,24084,0x0,Other,-1,0,0,Composed: Copy with GPU GDI,2026-8-20 19:21:04.611189100,1.4193,1.4193,0.0000,9.3442,3.9052,3.9052,0.0000,NA,NA,NA,NA,NA,NA,NA
python.exe,24084,0x0,Other,-1,0,0,Composed: Copy with GPU GDI,2026-8-20 19:21:04.612608400,4.1253,4.1253,0.0000,0.0000,8.8869,8.0062,0.8807,20.5716,11.0536,1.2810,9808.4439,NA,NA,NA
python.exe,24084,0x0,Other,-1,0,0,Composed: Copy with GPU GDI,2026-8-20 19:21:04.616733700,10.8258,10.8258,0.0000,7.7078,3.5837,0.5588,3.0249,NA,NA,NA,NA,NA,NA,NA
python.exe,24084,0x0,Other,-1,0,0,Composed: Copy with GPU GDI,2026-8-20 19:21:04.627559500,1.8206,1.8206,0.0000,0.4678,1.6726,0.4052,1.2674,16.6741,7.1493,3.8975,9823.3950,NA,NA,NA
python.exe,24084,0x0,Other,-1,0,0,Composed: Copy with GPU GDI,2026-8-20 19:21:04.629380100,0.5283,0.5283,0.0000,7.6528,1.4526,1.4526,0.0000,NA,NA,-5.3287,9825.2156,NA,NA,NA
python.exe,24084,0x0,Other,-1,0,0,Composed: Copy with GPU GDI,2026-8-20 19:21:04.629908400,4.8955,4.8955,0.0000,0.0000,7.3290,7.1925,0.1365,21.4745,6.0871,NA,9825.7439,NA,NA,NA
python.exe,24084,0x0,Other,-1,0,0,Composed: Copy with GPU GDI,2026-8-20 19:21:04.634803900,6.0236,6.0236,0.0000,3.6853,2.9127,0.6412,2.2715,22.6661,3.4326,-1.1916,9830.6394,NA,NA,NA
python.exe,24084,0x0,Other,-1,0,0,Composed: Copy with GPU GDI,2026-8-20 19:21:04.640827500,4.6620,4.6620,0.0000,15.8918,3.8681,3.8681,0.0000,NA,NA,NA,NA,NA,NA,NA
python.exe,24084,0x0,Other,-1,0,0,Composed: Copy with GPU GDI,2026-8-20 19:21:04.645489500,3.7873,3.7873,0.0000,0.0000,8.2339,4.3875,3.8464,15.4131,8.7012,7.2530,9841.3250,NA,NA,NA
python.exe,24084,0x0,Other,-1,0,0,Composed: Copy with GPU GDI,2026-8-20 19:21:04.649276800,4.1069,4.1069,0.0000,0.3628,7.0797,7.0797,0.0000,20.3270,6.0607,-4.9139,9845.1123,NA,NA,NA
python.exe,24084,0x0,Other,-1,0,0,Composed: Copy with GPU GDI,2026-8-20 19:21:04.653383700,7.8892,7.8892,0.0000,7.2068,1.2571,0.6447,0.6124,22.2808,6.0496,-1.9538,9849.2192,NA,NA,NA
python.exe,24084,0x0,Other,-1,0,0,Composed: Copy with GPU GDI,2026-8-20 19:21:04.661272900,2.1130,2.1130,0.0000,5.8621,5.8774,5.8774,0.0000,NA,NA,NA,NA,NA,NA,NA
python.exe,24084,0x0,Other,-1,0,0,Composed: Copy with GPU GDI,2026-8-20 19:21:04.663385900,3.2375,3.2375,0.0000,0.0000,5.2847,3.8294,1.4553,18.3282,6.0795,3.9526,9859.2214,NA,NA,NA
python.exe,24084,0x0,Other,-1,0,0,Composed: Copy with GPU GDI,2026-8-20 19:21:04.666623400,6.4392,6.4392,0.0000,6.3890,0.5174,0.5174,0.0000,21.1702,6.0751,-2.8420,9862.4589,NA,NA,NA
python.exe,24084,0x0,Other,-1,0,0,Composed: Copy with GPU GDI,2026-8-20 19:21:04.673062600,5.0096,5.0096,0.0000,0.4702,5.0114,0.5489,4.4625,20.8061,6.0729,0.3641,9868.8981,NA,NA,NA
python.exe,24084,0x0,Other,-1,0,0,Composed: Copy with GPU GDI,2026-8-20 19:21:04.678072200,0.4859,0.4859,0.0000,8.4138,1.2410,1.2410,0.0000,NA,NA,-1.0633,9873.9077,NA,NA,NA
python.exe,24084,0x0,Other,-1,0,0,Composed: Copy with GPU GDI,2026-8-20 19:21:04.678558100,5.4803,5.4803,0.0000,0.0000,7.9418,7.9418,0.0000,21.3835,6.0619,NA,9874.3936,NA,NA,NA
python.exe,24084,0x0,Other,-1,0,0,Composed: Copy with GPU GDI,2026-8-20 19:21:04.684038400,5.5633,5.5633,0.0000,3.6917,2.2893,0.4843,1.8050,21.9651,4.9049,-0.5816,9879.8739,NA,NA,NA
python.exe,24084,0x0,Other,-1,0,0,Composed: Copy with GPU GDI,2026-8-20 19:21:04.689601700,6.2177,6.2177,0.0000,0.4213,6.0482,0.3372,5.7110,21.3067,7.2258,0.6584,9885.4372,NA,NA,NA
python.exe,24084,0x0,Other,-1,0,0,Composed: Copy with GPU GDI,2026-8-20 19:21:04.695819400,0.5011,0.5011,0.0000,0.2551,7.3953,7.2237,0.1716,NA,NA,-1.0081,9891.6549,NA,NA,NA
python.exe,24084,0x0,Other,-1,0,0,Composed: Copy with GPU GDI,2026-8-20 19:21:04.696320500,8.7732,8.7732,0.0000,7.1529,2.1229,0.5744,1.5485,21.8137,6.0754,NA,9892.1560,NA,NA,NA
python.exe,24084,0x0,Other,-1,0,0,Composed: Copy with GPU GDI,2026-8-20 19:21:04.705093700,3.1637,3.1637,0.0000,0.5055,3.0383,0.4483,2.5900,19.1159,3.3698,2.6978,9900.9292,NA,NA,NA
python.exe,24084,0x0,Other,-1,0,0,Composed: Copy with GPU GDI,2026-8-20 19:21:04.708257400,4.4652,4.4652,0.0000,8.5285,1.1562,1.1562,0.0000,NA,NA,-0.2061,9904.0929,NA,NA,NA
python.exe,24084,0x0,Other,-1,0,0,Composed: Copy with GPU GDI,2026-8-20 19:21:04.712722600,3.6075,3.6075,0.0000,0.0000,8.1453,4.2504,3.8949,14.8568,8.7630,NA,9908.5581,NA,NA,NA
python.exe,24084,0x0,Other,-1,0,0,Composed: Copy with GPU GDI,2026-8-20 19:21:04.716330100,4.0701,4.0701,0.0000,1.6152,3.9776,1.6044,2.3732,20.0123,6.0635,-5.1555,9912.1656,NA,NA,NA
python.exe,24084,0x0,Other,-1,0,0,Composed: Copy with GPU GDI,2026-8-20 19:21:04.720400200,7.6971,7.6971,0.0000,1.5253,6.5973,0.5332,6.0641,22.0057,1.8303,-1.9934,9916.2357,NA,NA,NA
python.exe,24084,0x0,Other,-1,0,0,Composed: Copy with GPU GDI,2026-8-20 19:21:04.728097300,0.6927,0.6927,0.0000,5.0289,1.3823,1.3823,0.0000,NA,NA,5.8668,9923.9328,NA,NA,NA
python.exe,24084,0x0,Other,-1,0,0,Composed: Copy with GPU GDI,2026-8-20 19:21:04.728790000,3.6977,3.6977,0.0000,0.0000,4.5996,4.4083,0.1913,15.4462,10.3111,NA,9924.6255,NA,NA,NA
python.exe,24084,0x0,Other,-1,0,0,Composed: Copy with GPU GDI,2026-8-20 19:21:04.732487700,6.1455,6.1455,0.0000,2.0247,5.1380,1.1608,3.9772,22.0596,6.0592,-6.6134,9928.3232,NA,NA,NA
python.exe,24084,0x0,Other,-1,0,0,Composed: Copy with GPU GDI,2026-8-20 19:21:04.738633200,5.4139,5.4139,0.0000,1.0194,4.6861,0.3744,4.3117,NA,NA,0.0863,9934.4687,NA,NA,NA
python.exe,24084,0x0,Other,-1,0,0,Composed: Copy with GPU GDI,2026-8-20 19:21:04.744047100,1.3281,1.3281,0.0000,0.2950,4.2110,3.2596,0.9514,16.5594,6.0864,NA,9939.8826,NA,NA,NA
python.exe,24084,0x0,Other,-1,0,0,Composed: Copy with GPU GDI,2026-8-20 19:21:04.745375200,4.6728,4.6728,0.0000,3.1812,4.0412,2.6248,1.4164,21.3177,6.0394,-4.7583,9941.2107,NA,NA,NA
python.exe,24084,0x0,Other,-1,0,0,Composed: Copy with GPU GDI,2026-8-20 19:21:04.750048000,6.1022,6.1022,0.0000,2.5537,3.9041,0.4394,3.4647,22.6843,4.8424,-1.3666,9945.8835,NA,NA,NA
python.exe,24084,0x0,Other,-1,0,0,Composed: Copy with GPU GDI,2026-8-20 19:21:04.756150200,6.6232,6.6232,0.0000,8.3350,2.4061,2.4061,0.0000,NA,NA,1.2598,9951.9857,NA,NA,NA
python.exe,24084,0x0,Other,-1,0,0,Composed: Copy with GPU GDI,2026-8-20 19:21:04.762773400,0.9379,0.9379,0.0000,0.0000,7.9729,1.8193,6.1536,NA,NA,NA,NA,NA,NA,NA
python.exe,24084,0x0,Other,-1,0,0,Composed: Copy with GPU GDI,2026-8-20 19:21:04.763711300,7.7227,7.7227,0.0000,3.1857,5.0195,0.5579,4.4616,13.8634,13.3651,NA,9959.5468,NA,NA,NA
python.exe,24084,0x0,Other,-1,0,0,Composed: Copy with GPU GDI,2026-8-20 19:21:04.771434000,3.4333,3.4333,0.0000,0.4862,3.9624,1.0999,2.8625,19.5058,6.0709,-5.6424,9967.2695,NA,NA,NA
python.exe,24084,0x0,Other,-1,0,0,Composed: Copy with GPU GDI,2026-8-20 19:21:04.774867300,7.9068,7.9068,0.0000,1.0192,7.1699,0.3712,6.7987,22.1434,6.0780,-2.6376,9970.7028,NA,NA,NA
python.exe,24084,0x0,Other,-1,0,0,Composed: Copy with GPU GDI,2026-8-20 19:21:04.782774100,0.3550,0.3550,0.0000,5.3798,1.9924,1.9924,0.0000,NA,NA,1.8288,9978.6096,NA,NA,NA
python.exe,24084,0x0,Other,-1,0,0,Composed: Copy with GPU GDI,2026-8-20 19:21:04.783129100,4.2646,4.2646,0.0000,0.0000,5.0945,5.0934,0.0011,19.9596,6.0479,NA,9978.9646,NA,NA,NA
python.exe,24084,0x0,Other,-1,0,0,Composed: Copy with GPU GDI,2026-8-20 19:21:04.787393700,6.4301,6.4301,0.0000,2.7576,4.1797,0.5812,3.5985,21.7429,6.0700,-1.7833,9983.2292,NA,NA,NA
python.exe,24084,0x0,Other,-1,0,0,Composed: Copy with GPU GDI,2026-8-20 19:21:04.793823800,2.6696,2.6696,0.0000,12.4637,1.3560,1.3560,0.0000,NA,NA,NA,NA,NA,NA,NA
python.exe,24084,0x0,Other,-1,0,0,Composed: Copy with GPU GDI,2026-8-20 19:21:04.796493400,1.5121,1.5121,0.0000,0.0000,6.1579,4.0845,2.0734,18.7132,6.0660,3.0297,9992.3289,NA,NA,NA
python.exe,24084,0x0,Other,-1,0,0,Composed: Copy with GPU GDI,2026-8-20 19:21:04.798005500,7.1772,7.1772,0.0000,2.4862,5.7958,5.7958,0.0000,23.2671,6.0624,-4.5539,9993.8410,NA,NA,NA
python.exe,24084,0x0,Other,-1,0,0,Composed: Copy with GPU GDI,2026-8-20 19:21:04.805182700,5.5214,5.5214,0.0000,2.4643,3.6539,0.6670,2.9869,22.1523,6.0734,1.1148,10001.0182,NA,NA,NA
python.exe,24084,0x0,Other,-1,0,0,Composed: Copy with GPU GDI,2026-8-20 19:21:04.810704100,5.7197,5.7197,0.0000,8.2262,2.5477,2.5477,0.0000,NA,NA,NA,NA,NA,NA,NA
python.exe,24084,0x0,Other,-1,0,0,Composed: Copy with GPU GDI,2026-8-20 19:21:04.816423800,1.2739,1.2739,0.0000,0.0000,7.6263,2.6873,4.9390,16.9846,6.0587,5.1677,10012.2593,NA,NA,NA
python.exe,24084,0x0,Other,-1,0,0,Composed: Copy with GPU GDI,2026-8-20 19:21:04.817697700,5.1021,5.1021,0.0000,3.7868,2.9187,1.6791,1.2396,21.7694,4.7719,-4.7848,10013.5332,NA,NA,NA
python.exe,24084,0x0,Other,-1,0,0,Composed: Copy with GPU GDI,2026-8-20 19:21:04.822799800,5.4692,5.4692,0.0000,1.6068,4.3122,0.5312,3.7810,NA,NA,0.3302,10018.6353,NA,NA,NA
python.exe,24084,0x0,Other,-1,0,0,Composed: Copy with GPU GDI,2026-8-20 19:21:04.828269000,1.9559,1.9559,0.0000,0.4519,4.5865,3.1642,1.4223,15.9700,7.3687,NA,10024.1045,NA,NA,NA
python.exe,24084,0x0,Other,-1,0,0,Composed: Copy with GPU GDI,2026-8-20 19:21:04.830224900,7.6781,7.6781,0.0000,3.0860,5.2350,0.7255,4.5095,21.3828,6.0683,-5.4128,10026.0604,NA,NA,NA
python.exe,24084,0x0,Other,-1,0,0,Composed: Copy with GPU GDI,2026-8-20 19:21:04.837903000,2.9423,2.9423,0.0000,0.6465,5.4596,3.2335,2.2261,19.7730,3.2328,1.6098,10033.7385,NA,NA,NA
python.exe,24084,0x0,Other,-1,0,0,Composed: Copy with GPU GDI,2026-8-20 19:21:04.840845300,4.3862,4.3862,0.0000,8.9597,1.1416,1.1416,0.0000,NA,NA,-0.2905,10036.6808,NA,NA,NA
python.exe,24084,0x0,Other,-1,0,0,Composed: Copy with GPU GDI,2026-8-20 19:21:04.845231500,3.8620,3.8620,0.0000,0.0000,5.7930,4.6402,1.1528,15.6773,8.8951,NA,10041.0670,NA,NA,NA
python.exe,24084,0x0,Other,-1,0,0,Composed: Copy with GPU GDI,2026-8-20 19:21:04.849093500,5.8430,5.8430,0.0000,1.8568,4.5572,0.6432,3.9140,20.7104,6.0698,-5.0331,10044.9290,NA,NA,NA
python.exe,24084,0x0,Other,-1,0,0,Composed: Copy with GPU GDI,2026-8-20 19:21:04.854936500,6.2930,6.2930,0.0000,0.5738,5.9587,0.3101,5.6486,20.9372,6.0644,-0.2268,10050.7720,NA,NA,NA
python.exe,24084,0x0,Other,-1,0,0,Composed: Copy with GPU GDI,2026-8-20 19:21:04.861229500,2.2860,2.2860,0.0000,11.8937,0.2161,0.2161,0.0000,NA,NA,NA,NA,NA,NA,NA
python.exe,24084,0x0,Other,-1,0,0,Composed: Copy with GPU GDI,2026-8-20 19:21:04.863515500,1.5682,1.5682,0.0000,0.0000,3.8558,1.8941,1.9617,18.4226,6.0649,2.5146,10059.3510,NA,NA,NA
python.exe,24084,0x0,Other,-1,0,0,Composed: Copy with GPU GDI,2026-8-20 19:21:04.865083700,7.0431,7.0431,0.0000,0.2450,7.7945,7.7945,0.0000,22.9193,6.0643,-4.4967,10060.9192,NA,NA,NA
python.exe,24084,0x0,Other,-1,0,0,Composed: Copy with GPU GDI,2026-8-20 19:21:04.872126800,5.5917,5.5917,0.0000,1.2148,4.5997,0.2901,4.3096,21.9405,6.0696,0.9788,10067.9623,NA,NA,NA
python.exe,24084,0x0,Other,-1,0,0,Composed: Copy with GPU GDI,2026-8-20 19:21:04.877718500,1.4863,1.4863,0.0000,0.2258,4.3046,3.1272,1.1774,NA,NA,-0.4779,10073.5540,NA,NA,NA
python.exe,24084,0x0,Other,-1,0,0,Composed: Copy with GPU GDI,2026-8-20 19:21:04.879204800,4.6257,4.6257,0.0000,3.0498,3.9874,2.4836,1.5038,20.9321,6.0690,NA,10075.0403,NA,NA,NA
python.exe,24084,0x0,Other,-1,0,0,Composed: Copy with GPU GDI,2026-8-20 19:21:04.883830500,6.4180,6.4180,0.0000,2.4139,4.3848,0.4498,3.9350,22.3754,6.0689,-1.4433,10079.6660,NA,NA,NA
python.exe,24084,0x0,Other,-1,0,0,Composed: Copy with GPU GDI,2026-8-20 19:21:04.890248500,5.4631,5.4631,0.0000,6.5466,2.5149,2.5149,0.0000,NA,NA,0.3491,10086.0840,NA,NA,NA
python.exe,24084,0x0,Other,-1,0,0,Composed: Copy with GPU GDI,2026-8-20 19:21:04.895711600,0.5267,0.5267,0.0000,0.0000,6.1628,1.1671,4.9957,16.5632,6.0501,NA,10091.5471,NA,NA,NA
python.exe,24084,0x0,Other,-1,0,0,Composed: Copy with GPU GDI,2026-8-20 19:21:04.896238300,8.6533,8.6533,0.0000,3.0755,6.1176,0.6175,5.5001,22.0866,6.0695,-5.5234,10092.0738,NA,NA,NA
python.exe,24084,0x0,Other,-1,0,0,Composed: Copy with GPU GDI,2026-8-20 19:21:04.904891600,3.5160,3.5160,0.0000,0.5432,3.5193,0.6158,2.9035,19.5028,3.1708,2.5838,10100.7271,NA,NA,NA
python.exe,24084,0x0,Other,-1,0,0,Composed: Copy with GPU GDI,2026-8-20 19:21:04.908407600,4.6911,4.6911,0.0000,0.5487,6.9433,2.9723,3.9710,NA,NA,0.3452,10104.2431,NA,NA,NA
python.exe,24084,0x0,Other,-1,0,0,Composed: Copy with GPU GDI,2026-8-20 19:21:04.913098700,4.3215,4.3215,0.0000,2.8037,1.6469,0.2028,1.4441,14.4665,8.9719,NA,10108.9342,NA,NA,NA
python.exe,24084,0x0,Other,-1,0,0,Composed: Copy with GPU GDI,2026-8-20 19:21:04.917420200,2.5887,2.5887,0.0000,0.1336,2.5701,0.1856,2.3845,19.1169,6.0574,-4.6504,10113.2557,NA,NA,NA
python.exe,24084,0x0,Other,-1,0,0,Composed: Copy with GPU GDI,2026-8-20 19:21:04.920008900,8.6920,8.6920,0.0000,0.1175,8.6718,0.1805,8.4913,NA,NA,-3.4687,10115.8444,NA,NA,NA
python.exe,24084,0x0,Other,-1,0,0,Composed: Copy with GPU GDI,2026-8-20 19:21:04.928700900,0.5255,0.5255,0.0000,0.1016,1.5786,1.2257,0.3529,13.8936,6.0708,NA,10124.5364,NA,NA,NA
python.exe,24084,0x0,Other,-1,0,0,Composed: Copy with GPU GDI,2026-8-20 19:21:04.929226400,4.1137,4.1137,0.0000,1.1580,3.0218,0.1857,2.8361,19.4389,6.0655,-5.5453,10125.0619,NA,NA,NA
python.exe,24084,0x0,Other,-1,0,0,Composed: Copy with GPU GDI,2026-8-20 19:21:04.933340100,6.8952,6.8952,0.0000,0.0718,6.9462,0.1944,6.7518,21.3907,6.0636,-1.9518,10129.1756,NA,NA,NA
python.exe,24084,0x0,Other,-1,0,0,Composed: Copy with GPU GDI,2026-8-20 19:21:04.940235300,3.5331,3.5331,0.0000,0.1266,3.5224,0.1850,3.3374,NA,NA,0.8316,10136.0708,NA,NA,NA
python.exe,24084,0x0,Other,-1,0,0,Composed: Copy with GPU GDI,2026-8-20 19:21:04.943768400,1.7801,1.7801,0.0000,0.1198,2.8593,1.2681,1.5912,17.0260,6.0691,NA,10139.6039,NA,NA,NA
python.exe,24084,0x0,Other,-1,0,0,Composed: Copy with GPU GDI,2026-8-20 19:21:04.945548500,4.3022,4.3022,0.0000,1.2017,3.2597,0.2364,3.0233,21.3150,6.0607,-4.2890,10141.3840,NA,NA,NA
python.exe,24084,0x0,Other,-1,0,0,Composed: Copy with GPU GDI,2026-8-20 19:21:04.949850700,6.5104,6.5104,0.0000,0.1633,6.4700,0.1977,6.2723,23.0735,4.6428,-1.7585,10145.6862,NA,NA,NA
python.exe,24084,0x0,Other,-1,0,0,Composed: Copy with GPU GDI,2026-8-20 19:21:04.956361100,5.5233,5.5233,0.0000,6.8109,0.1508,0.1508,0.0000,NA,NA,1.8676,10152.1966,NA,NA,NA
python.exe,24084,0x0,Other,-1,0,0,Composed: Copy with GPU GDI,2026-8-20 19:21:04.961884400,0.6668,0.6668,0.0000,0.0000,6.6819,1.3641,5.3178,15.6826,7.4840,NA,10157.7199,NA,NA,NA
python.exe,24084,0x0,Other,-1,0,0,Composed: Copy with GPU GDI,2026-8-20 19:21:04.962551200,5.8514,5.8514,0.0000,0.7752,5.2068,0.1991,5.0077,22.4998,6.0814,-6.8172,10158.3867,NA,NA,NA
python.exe,24084,0x0,Other,-1,0,0,Composed: Copy with GPU GDI,2026-8-20 19:21:04.968402600,6.4965,6.4965,0.0000,0.1338,6.4854,0.1884,6.2970,22.7298,3.1076,-0.2300,10164.2381,NA,NA,NA
python.exe,24084,0x0,Other,-1,0,0,Composed: Copy with GPU GDI,2026-8-20 19:21:04.974899100,4.0484,4.0484,0.0000,0.1262,5.6391,1.7922,3.8469,NA,NA,3.3889,10170.7346,NA,NA,NA
python.exe,24084,0x0,Other,-1,0,0,Composed: Copy with GPU GDI,2026-8-20 19:21:04.978947500,4.2782,4.2782,0.0000,1.7229,2.6759,0.1972,2.4787,15.2925,9.0188,NA,10174.7830,NA,NA,NA
python.exe,24084,0x0,Other,-1,0,0,Composed: Copy with GPU GDI,2026-8-20 19:21:04.983225700,4.3163,4.3163,0.0000,0.1254,4.3105,0.1955,4.1150,20.0331,6.0878,-4.7406,10179.0612,NA,NA,NA
python.exe,24084,0x0,Other,-1,0,0,Composed: Copy with GPU GDI,2026-8-20 19:21:04.987542000,6.5325,6.5325,0.0000,0.1232,6.5652,0.2236,6.3416,21.8046,1.5528,-1.7715,10183.3775,NA,NA,NA
python.exe,24084,0x0,Other,-1,0,0,Composed: Copy with GPU GDI,2026-8-20 19:21:04.994074500,2.4943,2.4943,0.0000,0.1593,4.0950,1.8340,2.2610,NA,NA,4.9797,10189.9100,NA,NA,NA
python.exe,24084,0x0,Other,-1,0,0,Composed: Copy with GPU GDI,2026-8-20 19:21:04.996568800,2.0332,2.0332,0.0000,1.7645,0.3958,0.1965,0.1993,14.3306,10.5567,NA,10192.4043,NA,NA,NA
python.exe,24084,0x0,Other,-1,0,0,Composed: Copy with GPU GDI,2026-8-20 19:21:04.998602000,6.8404,6.8404,0.0000,0.1295,6.8261,0.1947,6.6314,22.8541,6.0936,-8.5235,10194.4375,NA,NA,NA
python.exe,24084,0x0,Other,-1,0,0,Composed: Copy with GPU GDI,2026-8-20 19:21:05.005442400,5.2887,5.2887,0.0000,0.1185,5.3279,0.2235,5.1044,NA,NA,0.7468,10201.2779,NA,NA,NA
python.exe,24084,0x0,Other,-1,0,0,Composed: Copy with GPU GDI,2026-8-20 19:21:05.010731100,1.8166,1.8166,0.0000,0.1616,2.8714,1.2842,1.5872,16.8186,6.0400,NA,10206.5666,NA,NA,NA
python.exe,24084,0x0,Other,-1,0,0,Composed: Copy with GPU GDI,2026-8-20 19:21:05.012547700,4.2118,4.2118,0.0000,1.2198,3.2712,0.3627,2.9085,21.0420,6.0682,-4.2234,10208.3832,NA,NA,NA
python.exe,24084,0x0,Other,-1,0,0,Composed: Copy with GPU GDI,2026-8-20 19:21:05.016759500,7.0832,7.0832,0.0000,0.2812,6.9006,0.1828,6.7178,22.8984,4.5646,-1.8564,10212.5950,NA,NA,NA
python.exe,24084,0x0,Other,-1,0,0,Composed: Copy with GPU GDI,2026-8-20 19:21:05.023842700,5.0529,5.0529,0.0000,0.1036,5.0586,0.1930,4.8656,NA,NA,2.5186,10219.6782,NA,NA,NA
python.exe,24084,0x0,Other,-1,0,0,Composed: Copy with GPU GDI,2026-8-20 19:21:05.028895600,0.5727,0.5727,0.0000,0.1126,1.6242,1.2376,0.3866,15.3269,7.5655,NA,10224.7311,NA,NA,NA
python.exe,24084,0x0,Other,-1,0,0,Composed: Copy with GPU GDI,2026-8-20 19:21:05.029468300,8.6138,8.6138,0.0000,1.1675,7.5705,0.1927,7.3778,22.3197,6.0700,-6.9928,10225.3038,NA,NA,NA
python.exe,24084,0x0,Other,-1,0,0,Composed: Copy with GPU GDI,2026-8-20 19:21:05.038082100,3.3477,3.3477,0.0000,0.1277,3.3387,0.1884,3.1503,19.7759,3.0359,2.5438,10233.9176,NA,NA,NA
python.exe,24084,0x0,Other,-1,0,0,Composed: Copy with GPU GDI,2026-8-20 19:21:05.041429800,3.9775,3.9775,0.0000,0.1221,5.5651,1.7952,3.7699,19.4641,16.6711,0.3118,10237.2653,NA,NA,NA
python.exe,24084,0x0,Other,-1,0,0,Composed: Copy with GPU GDI,2026-8-20 19:21:05.045407300,19.6005,19.6005,0.0000,1.7127,17.9595,0.1942,17.7653,NA,NA,NA,NA,NA,NA,NA
python.exe,24084,0x0,Other,-1,0,0,Composed: Copy with GPU GDI,2026-8-20 19:21:05.065007800,0.4219,0.4219,0.0000,0.0699,0.4107,0.1212,0.2895,NA,NA,NA,NA,NA,NA,NA
python.exe,24084,0x0,Other,-1,0,0,Composed: Copy with GPU GDI,2026-8-20 19:21:05.065429700,1.3895,1.3895,0.0000,0.0615,1.3923,0.1168,1.2755,NA,NA,7.3288,10261.2652,NA,NA,NA
python.exe,24084,0x0,Other,-1,0,0,Composed: Copy with GPU GDI,2026-8-20 19:21:05.066819200,0.5868,0.5868,0.0000,0.0680,1.7004,1.2851,0.4153,10.7458,10.6300,NA,10262.6547,NA,NA,NA
python.exe,24084,0x0,Other,-1,0,0,Composed: Copy with GPU GDI,2026-8-20 19:21:05.067406000,4.3989,4.3989,0.0000,1.1848,3.3698,0.2349,3.1349,20.7890,6.0321,-10.0432,10263.2415,NA,NA,NA
python.exe,24084,0x0,Other,-1,0,0,Composed: Copy with GPU GDI,2026-8-20 19:21:05.071804900,5.8941,5.8941,0.0000,0.1582,5.8570,0.1892,5.6678,NA,NA,-1.6332,10267.6404,NA,NA,NA
python.exe,24084,0x0,Other,-1,0,0,Composed: Copy with GPU GDI,2026-8-20 19:21:05.077699000,0.7686,0.7686,0.0000,0.1244,1.8282,1.2532,0.5750,16.5281,6.0972,NA,10273.5345,NA,NA,NA
python.exe,24084,0x0,Other,-1,0,0,Composed: Copy with GPU GDI,2026-8-20 19:21:05.078467600,5.2453,5.2453,0.0000,1.1877,4.1818,0.1936,3.9882,21.8567,6.0719,-5.3286,10274.3031,NA,NA,NA
python.exe,24084,0x0,Other,-1,0,0,Composed: Copy with GPU GDI,2026-8-20 19:21:05.083712900,6.6181,6.6181,0.0000,0.1278,6.5631,0.2075,6.3556,22.6833,4.5046,-0.8266,10279.5484,NA,NA,NA
python.exe,24084,0x0,Other,-1,0,0,Composed: Copy with GPU GDI,2026-8-20 19:21:05.090331000,5.4036,5.4036,0.0000,6.7433,0.1474,0.1474,0.0000,NA,NA,2.1135,10286.1665,NA,NA,NA
python.exe,24084,0x0,Other,-1,0,0,Composed: Copy with GPU GDI,2026-8-20 19:21:05.095734600,0.3654,0.3654,0.0000,0.0000,6.6667,1.4540,5.2127,15.1662,7.6260,NA,10291.5701,NA,NA,NA
python.exe,24084,0x0,Other,-1,0,0,Composed: Copy with GPU GDI,2026-8-20 19:21:05.096100000,5.8249,5.8249,0.0000,1.1248,4.8089,0.1859,4.6230,22.4268,6.0689,-7.2606,10291.9355,NA,NA,NA
python.exe,24084,0x0,Other,-1,0,0,Composed: Copy with GPU GDI,2026-8-20 19:21:05.101924900,7.5940,7.5940,0.0000,0.1121,7.5533,0.1847,7.3686,22.6708,2.9714,-0.2440,10297.7604,NA,NA,NA
python.exe,24084,0x0,Other,-1,0,0,Composed: Copy with GPU GDI,2026-8-20 19:21:05.109518900,2.0480,2.0480,0.0000,0.0760,3.1886,1.3326,1.8560,NA,NA,4.6226,10305.3544,NA,NA,NA
python.exe,24084,0x0,Other,-1,0,0,Composed: Copy with GPU GDI,2026-8-20 19:21:05.111566900,6.3156,6.3156,0.0000,1.2220,5.1772,0.1938,4.9834,16.0002,9.1561,NA,10307.4024,NA,NA,NA
python.exe,24084,0x0,Other,-1,0,0,Composed: Copy with GPU GDI,2026-8-20 19:21:05.117882500,2.5456,2.5456,0.0000,0.0873,2.6001,0.2189,2.3812,18.8407,6.0719,-2.8405,10313.7180,NA,NA,NA
python.exe,24084,0x0,Other,-1,0,0,Composed: Copy with GPU GDI,2026-8-20 19:21:05.120428100,8.8887,8.8887,0.0000,0.1462,8.8374,0.1830,8.6544,22.3670,1.4278,-3.5263,10316.2636,NA,NA,NA
python.exe,24084,0x0,Other,-1,0,0,Composed: Copy with GPU GDI,2026-8-20 19:21:05.129316800,0.6907,0.6907,0.0000,0.0997,1.8118,1.3475,0.4643,NA,NA,7.4609,10325.1523,NA,NA,NA
python.exe,24084,0x0,Other,-1,0,0,Composed: Copy with GPU GDI,2026-8-20 19:21:05.130007500,2.6884,2.6884,0.0000,1.2232,1.5858,0.1925,1.3933,14.2154,10.7030,NA,10325.8430,NA,NA,NA
python.exe,24084,0x0,Other,-1,0,0,Composed: Copy with GPU GDI,2026-8-20 19:21:05.132695900,6.2859,6.2859,0.0000,0.1244,6.2486,0.1997,6.0489,22.2300,5.9689,-8.0146,10328.5314,NA,NA,NA
python.exe,24084,0x0,Other,-1,0,0,Composed: Copy with GPU GDI,2026-8-20 19:21:05.138981800,6.0683,6.0683,0.0000,0.0936,6.0817,0.1924,5.8893,NA,NA,0.3170,10334.8173,NA,NA,NA
python.exe,24084,0x0,Other,-1,0,0,Composed: Copy with GPU GDI,2026-8-20 19:21:05.145050100,0.6455,0.6455,0.0000,0.1104,1.7696,1.3279,0.4417,15.8447,6.1632,NA,10340.8856,NA,NA,NA
python.exe,24084,0x0,Other,-1,0,0,Composed: Copy with GPU GDI,2026-8-20 19:21:05.145695600,4.7102,4.7102,0.0000,1.2393,3.6114,0.2380,3.3734,21.3624,6.0828,-5.5177,10341.5311,NA,NA,NA
python.exe,24084,0x0,Other,-1,0,0,Composed: Copy with GPU GDI,2026-8-20 19:21:05.150405800,6.6515,6.6515,0.0000,0.1446,6.6017,0.1896,6.4121,22.7350,4.4159,-1.3726,10346.2413,NA,NA,NA
python.exe,24084,0x0,Other,-1,0,0,Composed: Copy with GPU GDI,2026-8-20 19:21:05.157057300,5.2009,5.2009,0.0000,0.0973,5.2054,0.1957,5.0097,NA,NA,2.2356,10352.8928,NA,NA,NA
python.exe,24084,0x0,Other,-1,0,0,Composed: Copy with GPU GDI,2026-8-20 19:21:05.162258200,0.7126,0.7126,0.0000,0.1063,1.8586,1.3310,0.5276,15.2985,7.7011,NA,10358.0937,NA,NA,NA
python.exe,24084,0x0,Other,-1,0,0,Composed: Copy with GPU GDI,2026-8-20 19:21:05.162970800,5.1129,5.1129,0.0000,1.2566,4.2187,0.4781,3.7406,22.2870,6.0649,-6.9885,10358.8063,NA,NA,NA
python.exe,24084,0x0,Other,-1,0,0,Composed: Copy with GPU GDI,2026-8-20 19:21:05.168083700,6.4935,6.4935,0.0000,0.3663,6.2266,0.1915,6.0351,23.2390,2.8994,-0.9520,10363.9192,NA,NA,NA
python.exe,24084,0x0,Other,-1,0,0,Composed: Copy with GPU GDI,2026-8-20 19:21:05.174577200,4.6077,4.6077,0.0000,0.1028,6.2998,1.8777,4.4221,NA,NA,3.5941,10370.4127,NA,NA,NA
python.exe,24084,0x0,Other,-1,0,0,Composed: Copy with GPU GDI,2026-8-20 19:21:05.179184900,5.0822,5.0822,0.0000,1.7994,3.3970,0.1991,3.1979,15.0372,9.2412,NA,10375.0204,NA,NA,NA
python.exe,24084,0x0,Other,-1,0,0,Composed: Copy with GPU GDI,2026-8-20 19:21:05.184267100,2.8778,2.8778,0.0000,0.1182,2.8455,0.1859,2.6596,19.1962,6.0613,-4.1590,10380.1026,NA,NA,NA
python.exe,24084,0x0,Other,-1,0,0,Composed: Copy with GPU GDI,2026-8-20 19:21:05.187144900,7.6655,7.6655,0.0000,0.0892,7.6845,0.1887,7.4958,NA,NA,-3.1835,10382.9804,NA,NA,NA
python.exe,24084,0x0,Other,-1,0,0,Composed: Copy with GPU GDI,2026-8-20 19:21:05.194810400,1.2825,1.2825,0.0000,0.1120,2.3867,1.3316,1.0551,14.7142,6.0699,NA,10390.6459,NA,NA,NA
python.exe,24084,0x0,Other,-1,0,0,Composed: Copy with GPU GDI,2026-8-20 19:21:05.196092900,2.9883,2.9883,0.0000,1.2197,1.8597,0.2038,1.6559,19.5016,6.0645,-4.7874,10391.9284,NA,NA,NA
python.exe,24084,0x0,Other,-1,0,0,Composed: Copy with GPU GDI,2026-8-20 19:21:05.199081200,7.1838,7.1838,0.0000,0.0947,7.1901,0.1914,6.9987,22.5778,5.9126,-3.0762,10394.9167,NA,NA,NA
python.exe,24084,0x0,Other,-1,0,0,Composed: Copy with GPU GDI,2026-8-20 19:21:05.206265000,5.2106,5.2106,0.0000,0.1052,5.1739,0.2290,4.9449,NA,NA,NA,NA,NA,NA,NA
python.exe,24084,0x0,Other,-1,0,0,Composed: Copy with GPU GDI,2026-8-20 19:21:05.211475600,6.1770,6.1770,0.0000,0.0733,6.2153,0.1938,6.0215,NA,NA,6.4818,10407.3111,NA,NA,NA
python.exe,24084,0x0,Other,-1,0,0,Composed: Copy with GPU GDI,2026-8-20 19:21:05.217652600,0.2438,0.2438,0.0000,0.1102,1.3210,1.2859,0.0351,9.9190,12.2820,NA,10413.4881,NA,NA,NA
python.exe,24084,0x0,Other,-1,0,0,Composed: Copy with GPU GDI,2026-8-20 19:21:05.217896400,4.5893,4.5893,0.0000,1.1912,4.0225,0.7117,3.3108,21.9572,4.3701,-12.0382,10413.7319,NA,NA,NA
python.exe,24084,0x0,Other,-1,0,0,Composed: Copy with GPU GDI,2026-8-20 19:21:05.222485700,6.5136,6.5136,0.0000,7.8642,0.1477,0.1477,0.0000,NA,NA,0.2192,10418.3212,NA,NA,NA
python.exe,24084,0x0,Other,-1,0,0,Composed: Copy with GPU GDI,2026-8-20 19:21:05.228999300,0.4680,0.4680,0.0000,0.0000,7.2355,1.4286,5.8069,15.2244,7.7656,NA,10424.8348,NA,NA,NA
python.exe,24084,0x0,Other,-1,0,0,Composed: Copy with GPU GDI,2026-8-20 19:21:05.229467300,8.8159,8.8159,0.0000,1.0336,7.8979,0.1940,7.7039,22.5220,6.0700,-7.2976,10425.3028,NA,NA,NA
python.exe,24084,0x0,Other,-1,0,0,Composed: Copy with GPU GDI,2026-8-20 19:21:05.238283200,2.7210,2.7210,0.0000,0.1199,2.7194,0.1954,2.5240,19.7761,2.8247,2.7459,10434.1187,NA,NA,NA
python.exe,24084,0x0,Other,-1,0,0,Composed: Copy with GPU GDI,2026-8-20 19:21:05.241004200,4.5699,4.5699,0.0000,0.1217,6.2364,1.8673,4.3691,NA,NA,-0.1037,10436.8397,NA,NA,NA
python.exe,24084,0x0,Other,-1,0,0,Composed: Copy with GPU GDI,2026-8-20 19:21:05.245574100,4.1090,4.1090,0.0000,1.7929,2.4340,0.1986,2.2354,15.3099,9.3063,NA,10441.4096,NA,NA,NA
python.exe,24084,0x0,Other,-1,0,0,Composed: Copy with GPU GDI,2026-8-20 19:21:05.249683100,2.9816,2.9816,0.0000,0.1217,3.6727,0.8978,2.7749,20.5072,6.0694,-5.1973,10445.5186,NA,NA,NA
python.exe,24084,0x0,Other,-1,0,0,Composed: Copy with GPU GDI,2026-8-20 19:21:05.252664700,7.9318,7.9318,0.0000,0.8145,7.2436,0.1987,7.0449,NA,NA,-3.0878,10448.5002,NA,NA,NA
python.exe,24084,0x0,Other,-1,0,0,Composed: Copy with GPU GDI,2026-8-20 19:21:05.260596500,1.4101,1.4101,0.0000,0.1303,2.4593,1.2483,1.2110,15.6632,6.0578,NA,10456.4320,NA,NA,NA
python.exe,24084,0x0,Other,-1,0,0,Composed: Copy with GPU GDI,2026-8-20 19:21:05.262006600,2.7803,2.7803,0.0000,1.1831,2.2666,0.7510,1.5156,20.3109,6.0745,-4.6477,10457.8421,NA,NA,NA
python.exe,24084,0x0,Other,-1,0,0,Composed: Copy with GPU GDI,2026-8-20 19:21:05.264786900,7.0084,7.0084,0.0000,0.6719,6.4628,0.1946,6.2682,23.6051,5.8317,-3.2942,10460.6224,NA,NA,NA
python.exe,24084,0x0,Other,-1,0,0,Composed: Copy with GPU GDI,2026-8-20 19:21:05.271795300,5.4401,5.4401,0.0000,0.1308,5.4341,0.1929,5.2412,NA,NA,1.1767,10467.6308,NA,NA,NA
python.exe,24084,0x0,Other,-1,0,0,Composed: Copy with GPU GDI,2026-8-20 19:21:05.277235400,1.3764,1.3764,0.0000,0.1279,2.4514,1.2724,1.1790,16.9883,6.2967,NA,10473.0709,NA,NA,NA
python.exe,24084,0x0,Other,-1,0,0,Composed: Copy with GPU GDI,2026-8-20 19:21:05.278611800,4.6795,4.6795,0.0000,1.2062,3.7952,0.3892,3.4060,21.9086,6.0682,-4.9203,10474.4473,NA,NA,NA
python.exe,24084,0x0,Other,-1,0,0,Composed: Copy with GPU GDI,2026-8-20 19:21:05.283291300,6.5176,6.5176,0.0000,0.3246,6.3207,0.1978,6.1229,23.2973,4.3070,-1.3887,10479.1268,NA,NA,NA
python.exe,24084,0x0,Other,-1,0,0,Composed: Copy with GPU GDI,2026-8-20 19:21:05.289808900,6.3499,6.3499,0.0000,0.1311,6.3244,0.1903,6.1341,NA,NA,2.2106,10485.6444,NA,NA,NA
python.exe,24084,0x0,Other,-1,0,0,Composed: Copy with GPU GDI,2026-8-20 19:21:05.296158800,0.5170,0.5170,0.0000,0.1091,1.5949,1.2581,0.3368,14.7368,7.8300,NA,10491.9943,NA,NA,NA
python.exe,24084,0x0,Other,-1,0,0,Composed: Copy with GPU GDI,2026-8-20 19:21:05.296675800,7.9280,7.9280,0.0000,1.1909,6.8572,0.1971,6.6601,22.0498,6.0715,-7.3130,10492.5113,NA,NA,NA
python.exe,24084,0x0,Other,-1,0,0,Composed: Copy with GPU GDI,2026-8-20 19:21:05.304603800,2.9169,2.9169,0.0000,0.1239,2.9156,0.2006,2.7150,20.1933,2.7644,1.8565,10500.4393,NA,NA,NA
python.exe,24084,0x0,Other,-1,0,0,Composed: Copy with GPU GDI,2026-8-20 19:21:05.307520700,4.7972,4.7972,0.0000,0.1273,6.4033,1.8044,4.5989,NA,NA,0.1525,10503.3562,NA,NA,NA
python.exe,24084,0x0,Other,-1,0,0,Composed: Copy with GPU GDI,2026-8-20 19:21:05.312317900,3.9270,3.9270,0.0000,1.7367,2.3228,0.2006,2.1222,15.2436,9.3605,NA,10508.1534,NA,NA,NA
python.exe,24084,0x0,Other,-1,0,0,Composed: Copy with GPU GDI,2026-8-20 19:21:05.316244900,4.3012,4.3012,0.0000,0.1364,4.2866,0.1935,4.0931,20.6771,6.0666,-5.4335,10512.0804,NA,NA,NA
python.exe,24084,0x0,Other,-1,0,0,Composed: Copy with GPU GDI,2026-8-20 19:21:05.320546100,7.8715,7.8715,0.0000,0.1257,7.8640,0.1962,7.6678,NA,NA,-1.7654,10516.3816,NA,NA,NA
python.exe,24084,0x0,Other,-1,0,0,Composed: Copy with GPU GDI,2026-8-20 19:21:05.328417600,1.1564,1.1564,0.0000,0.1222,2.2306,1.2792,0.9514,14.5710,6.0638,NA,10524.2531,NA,NA,NA
python.exe,24084,0x0,Other,-1,0,0,Composed: Copy with GPU GDI,2026-8-20 19:21:05.329574000,3.5284,3.5284,0.0000,1.2001,2.4400,0.1876,2.2524,19.4784,6.0708,-4.9074,10525.4095,NA,NA,NA
python.exe,24084,0x0,Other,-1,0,0,Composed: Copy with GPU GDI,2026-8-20 19:21:05.333102400,6.0142,6.0142,0.0000,0.1156,6.0184,0.1982,5.8202,22.0208,5.7688,-2.5424,10528.9379,NA,NA,NA
python.exe,24084,0x0,Other,-1,0,0,Composed: Copy with GPU GDI,2026-8-20 19:21:05.339116600,5.1831,5.1831,0.0000,0.1235,5.1242,0.2642,4.8600,NA,NA,0.2454,10534.9521,NA,NA,NA
python.exe,24084,0x0,Other,-1,0,0,Composed: Copy with GPU GDI,2026-8-20 19:21:05.344299700,1.7776,1.7776,0.0000,0.0689,2.9170,1.2849,1.6321,16.5923,6.3615,NA,10540.1352,NA,NA,NA
python.exe,24084,0x0,Other,-1,0,0,Composed: Copy with GPU GDI,2026-8-20 19:21:05.346077300,5.1877,5.1877,0.0000,1.2114,4.0951,0.1961,3.8990,21.1762,6.0636,-4.5839,10541.9128,NA,NA,NA
python.exe,24084,0x0,Other,-1,0,0,Composed: Copy with GPU GDI,2026-8-20 19:21:05.351265000,5.0635,5.0635,0.0000,0.1221,5.0661,0.2140,4.8521,22.0521,4.2494,-0.8759,10547.1005,NA,NA,NA
python.exe,24084,0x0,Other,-1,0,0,Composed: Copy with GPU GDI,2026-8-20 19:21:05.356328500,5.9705,5.9705,0.0000,7.2177,0.1473,0.1473,0.0000,NA,NA,0.8141,10552.1640,NA,NA,NA
python.exe,24084,0x0,Other,-1,0,0,Composed: Copy with GPU GDI,2026-8-20 19:21:05.362299000,0.3742,0.3742,0.0000,0.0000,7.0894,1.4048,5.6846,15.2675,7.8974,NA,10558.1345,NA,NA,NA
python.exe,24084,0x0,Other,-1,0,0,Composed: Copy with GPU GDI,2026-8-20 19:21:05.362673200,9.1947,9.1947,0.0000,1.0248,8.2782,0.1943,8.0839,22.7907,6.0557,-7.5232,10558.5087,NA,NA,NA
python.exe,24084,0x0,Other,-1,0,0,Composed: Copy with GPU GDI,2026-8-20 19:21:05.371867900,2.6877,2.6877,0.0000,0.1119,2.6691,0.1861,2.4830,19.6517,2.7073,3.1390,10567.7034,NA,NA,NA
python.exe,24084,0x0,Other,-1,0,0,Composed: Copy with GPU GDI,2026-8-20 19:21:05.374555600,8.9149,8.9149,0.0000,0.0961,8.9140,0.1869,8.7271,NA,NA,-0.0196,10570.3911,NA,NA,NA
python.exe,24084,0x0,Other,-1,0,0,Composed: Copy with GPU GDI,2026-8-20 19:21:05.383470500,0.5735,0.5735,0.0000,0.1000,1.6520,1.2576,0.3944,10.7564,9.4264,NA,10579.3060,NA,NA,NA
python.exe,24084,0x0,Other,-1,0,0,Composed: Copy with GPU GDI,2026-8-20 19:21:05.384044000,2.4527,2.4527,0.0000,1.1816,1.6646,0.4782,1.1864,19.6093,6.0663,-8.8529,10579.8795,NA,NA,NA
python.exe,24084,0x0,Other,-1,0,0,Composed: Copy with GPU GDI,2026-8-20 19:21:05.386496700,7.8815,7.8815,0.0000,0.3954,7.6011,0.1943,7.4068,NA,NA,-3.6136,10582.3322,NA,NA,NA
python.exe,24084,0x0,Other,-1,0,0,Composed: Copy with GPU GDI,2026-8-20 19:21:05.394378200,1.3187,1.3187,0.0000,0.1190,2.3286,1.2551,1.0735,15.3414,6.0671,NA,10590.2137,NA,NA,NA
python.exe,24084,0x0,Other,-1,0,0,Composed: Copy with GPU GDI,2026-8-20 19:21:05.395696900,2.8625,2.8625,0.0000,1.1318,2.1140,0.4677,1.6463,20.0898,6.0675,-4.7484,10591.5324,NA,NA,NA
python.exe,24084,0x0,Other,-1,0,0,Composed: Copy with GPU GDI,2026-8-20 19:21:05.398559400,6.6945,6.6945,0.0000,0.3869,6.4160,0.1952,6.2208,23.2948,5.7020,-3.2050,10594.3949,NA,NA,NA
python.exe,24084,0x0,Other,-1,0,0,Composed: Copy with GPU GDI,2026-8-20 19:21:05.405253900,5.5166,5.5166,0.0000,0.1128,5.5523,0.2388,5.3135,NA,NA,0.9925,10601.0894,NA,NA,NA
python.exe,24084,0x0,Other,-1,0,0,Composed: Copy with GPU GDI,2026-8-20 19:21:05.410770500,1.2978,1.2978,0.0000,0.1524,2.3495,1.2939,1.0556,16.7857,6.4338,NA,10606.6060,NA,NA,NA
python.exe,24084,0x0,Other,-1,0,0,Composed: Copy with GPU GDI,2026-8-20 19:21:05.412068300,5.1765,5.1765,0.0000,1.2075,4.1492,0.2824,3.8668,21.9217,6.0639,-5.1360,10607.9038,NA,NA,NA
python.exe,24084,0x0,Other,-1,0,0,Composed: Copy with GPU GDI,2026-8-20 19:21:05.417244800,6.5138,6.5138,0.0000,0.1839,6.4404,0.1992,6.2412,22.8091,4.1692,-0.8874,10613.0803,NA,NA,NA
python.exe,24084,0x0,Other,-1,0,0,Composed: Copy with GPU GDI,2026-8-20 19:21:05.423758600,5.6234,5.6234,0.0000,0.1142,5.6177,0.1997,5.4180,NA,NA,2.3446,10619.5941,NA,NA,NA
python.exe,24084,0x0,Other,-1,0,0,Composed: Copy with GPU GDI,2026-8-20 19:21:05.429382000,0.5106,0.5106,0.0000,0.1120,1.5654,1.2456,0.3198,14.8411,7.9671,NA,10625.2175,NA,NA,NA
python.exe,24084,0x0,Other,-1,0,0,Composed: Copy with GPU GDI,2026-8-20 19:21:05.429892600,4.9900,4.9900,0.0000,1.1700,4.2600,0.5198,3.7402,22.2976,6.0644,-7.4565,10625.7281,NA,NA,NA
python.exe,24084,0x0,Other,-1,0,0,Composed: Copy with GPU GDI,2026-8-20 19:21:05.434882600,7.3151,7.3151,0.0000,0.4435,6.9781,0.1974,6.7807,23.3720,2.6406,-1.0744,10630.7181,NA,NA,NA
python.exe,24084,0x0,Other,-1,0,0,Composed: Copy with GPU GDI,2026-8-20 19:21:05.442197700,4.3837,4.3837,0.0000,0.1101,5.8083,1.6543,4.1540,NA,NA,4.6745,10638.0332,NA,NA,NA
python.exe,24084,0x0,Other,-1,0,0,Composed: Copy with GPU GDI,2026-8-20 19:21:05.446581400,4.0221,4.0221,0.0000,1.5381,2.5898,0.1931,2.3967,14.3138,9.5013,NA,10642.4169,NA,NA,NA
python.exe,24084,0x0,Other,-1,0,0,Composed: Copy with GPU GDI,2026-8-20 19:21:05.450603500,4.3310,4.3310,0.0000,0.1093,4.3276,0.1864,4.1412,19.7930,6.0570,-5.4792,10646.4390,NA,NA,NA
python.exe,24084,0x0,Other,-1,0,0,Composed: Copy with GPU GDI,2026-8-20 19:21:05.454934500,6.5966,6.5966,0.0000,0.1107,6.5752,0.1965,6.3787,NA,NA,-1.7260,10650.7700,NA,NA,NA
python.exe,24084,0x0,Other,-1,0,0,Composed: Copy with GPU GDI,2026-8-20 19:21:05.461531100,0.6151,0.6151,0.0000,0.0927,1.6965,1.2470,0.4495,14.9224,6.0649,NA,10657.3666,NA,NA,NA
python.exe,24084,0x0,Other,-1,0,0,Composed: Copy with GPU GDI,2026-8-20 19:21:05.462146200,3.8627,3.8627,0.0000,1.1781,2.8050,0.1966,2.6084,20.3722,6.0683,-5.4498,10657.9817,NA,NA,NA
python.exe,24084,0x0,Other,-1,0,0,Composed: Copy with GPU GDI,2026-8-20 19:21:05.466008900,6.3048,6.3048,0.0000,0.1242,6.2970,0.1998,6.0972,22.5778,5.6347,-2.2056,10661.8444,NA,NA,NA
python.exe,24084,0x0,Other,-1,0,0,Composed: Copy with GPU GDI,2026-8-20 19:21:05.472313700,5.3693,5.3693,0.0000,0.1205,5.3571,0.1982,5.1589,NA,NA,NA,NA,NA,NA,NA
python.exe,24084,0x0,Other,-1,0,0,Composed: Copy with GPU GDI,2026-8-20 19:21:05.477683000,5.8474,5.8474,0.0000,7.3825,0.1590,0.1590,0.0000,NA,NA,6.0394,10673.5185,NA,NA,NA
python.exe,24084,0x0,Other,-1,0,0,Composed: Copy with GPU GDI,2026-8-20 19:21:05.483530400,0.3622,0.3622,0.0000,0.0000,7.2698,1.7290,5.5408,10.6910,12.5627,NA,10679.3659,NA,NA,NA
python.exe,24084,0x0,Other,-1,0,0,Composed: Copy with GPU GDI,2026-8-20 19:21:05.483892600,5.3705,5.3705,0.0000,1.3350,4.7365,0.7907,3.9458,22.8915,4.1024,-12.2005,10679.7281,NA,NA,NA
python.exe,24084,0x0,Other,-1,0,0,Composed: Copy with GPU GDI,2026-8-20 19:21:05.489263100,6.7628,6.7628,0.0000,0.7061,6.1498,0.1850,5.9648,NA,NA,1.2681,10685.0986,NA,NA,NA
python.exe,24084,0x0,Other,-1,0,0,Composed: Copy with GPU GDI,2026-8-20 19:21:05.496025900,0.7224,0.7224,0.0000,0.0965,1.6062,1.2540,0.3522,14.8606,8.0319,NA,10691.8614,NA,NA,NA
python.exe,24084,0x0,Other,-1,0,0,Composed: Copy with GPU GDI,2026-8-20 19:21:05.496748300,8.4941,8.4941,0.0000,0.9835,7.6166,0.1962,7.4204,22.1701,6.0661,-7.3095,10692.5838,NA,NA,NA
python.exe,24084,0x0,Other,-1,0,0,Composed: Copy with GPU GDI,2026-8-20 19:21:05.505242400,2.6065,2.6065,0.0000,0.1105,2.6052,0.1893,2.4159,19.7421,2.5764,2.4280,10701.0779,NA,NA,NA
python.exe,24084,0x0,Other,-1,0,0,Composed: Copy with GPU GDI,2026-8-20 19:21:05.507848900,4.5730,4.5730,0.0000,0.1124,5.9979,1.6455,4.3524,NA,NA,0.0301,10703.6844,NA,NA,NA
python.exe,24084,0x0,Other,-1,0,0,Composed: Copy with GPU GDI,2026-8-20 19:21:05.512421900,4.4375,4.4375,0.0000,1.5411,2.9921,0.1808,2.8113,15.1390,9.5589,NA,10708.2574,NA,NA,NA
python.exe,24084,0x0,Other,-1,0,0,Composed: Copy with GPU GDI,2026-8-20 19:21:05.516859400,3.1563,3.1563,0.0000,0.0992,3.3080,0.3312,2.9768,20.2604,6.0695,-5.1214,10712.6949,NA,NA,NA
python.exe,24084,0x0,Other,-1,0,0,Composed: Copy with GPU GDI,2026-8-20 19:21:05.520015700,7.8652,7.8652,0.0000,0.2542,7.7000,0.1953,7.5047,NA,NA,-2.9132,10715.8512,NA,NA,NA
python.exe,24084,0x0,Other,-1,0,0,Composed: Copy with GPU GDI,2026-8-20 19:21:05.527880900,0.8708,0.8708,0.0000,0.0939,1.9279,1.2681,0.6598,15.3084,6.0673,NA,10723.7164,NA,NA,NA
python.exe,24084,0x0,Other,-1,0,0,Composed: Copy with GPU GDI,2026-8-20 19:21:05.528751700,2.9625,2.9625,0.0000,1.1551,2.3922,0.6808,1.7114,20.5049,6.0607,-5.1965,10724.5872,NA,NA,NA
python.exe,24084,0x0,Other,-1,0,0,Composed: Copy with GPU GDI,2026-8-20 19:21:05.531714200,7.2565,7.2565,0.0000,0.5888,6.7410,0.1937,6.5473,23.6031,5.5729,-3.0982,10727.5497,NA,NA,NA
python.exe,24084,0x0,Other,-1,0,0,Composed: Copy with GPU GDI,2026-8-20 19:21:05.538970700,5.2138,5.2138,0.0000,0.1128,5.2523,0.2410,5.0113,NA,NA,1.6836,10734.8062,NA,NA,NA
python.exe,24084,0x0,Other,-1,0,0,Composed: Copy with GPU GDI,2026-8-20 19:21:05.544184500,1.3523,1.3523,0.0000,0.1550,2.3772,1.2705,1.1067,16.7057,6.5636,NA,10740.0200,NA,NA,NA
python.exe,24084,0x0,Other,-1,0,0,Composed: Copy with GPU GDI,2026-8-20 19:21:05.545536800,4.6267,4.6267,0.0000,1.1832,3.8795,0.5172,3.3623,21.9170,6.0716,-5.2113,10741.3723,NA,NA,NA
python.exe,24084,0x0,Other,-1,0,0,Composed: Copy with GPU GDI,2026-8-20 19:21:05.550163500,5.5445,5.5445,0.0000,0.4380,5.7344,0.7571,4.9773,23.3619,4.0306,-1.4449,10745.9990,NA,NA,NA
python.exe,24084,0x0,Other,-1,0,0,Composed: Copy with GPU GDI,2026-8-20 19:21:05.555708000,7.3790,7.3790,0.0000,0.6324,6.8314,0.2039,6.6275,NA,NA,1.5139,10751.5435,NA,NA,NA
python.exe,24084,0x0,Other,-1,0,0,Composed: Copy with GPU GDI,2026-8-20 19:21:05.563087000,0.3817,0.3817,0.0000,0.0897,1.4637,1.2597,0.2040,14.4690,8.0978,NA,10758.9225,NA,NA,NA
python.exe,24084,0x0,Other,-1,0,0,Composed: Copy with GPU GDI,2026-8-20 19:21:05.563468700,5.0938,5.0938,0.0000,1.1752,4.3017,0.5236,3.7781,22.1851,6.0828,-7.7161,10759.3042,NA,NA,NA
python.exe,24084,0x0,Other,-1,0,0,Composed: Copy with GPU GDI,2026-8-20 19:21:05.568562500,6.4358,6.4358,0.0000,0.3870,6.1540,0.2111,5.9429,23.1741,2.4811,-0.9890,10764.3980,NA,NA,NA
python.exe,24084,0x0,Other,-1,0,0,Composed: Copy with GPU GDI,2026-8-20 19:21:05.574998300,4.0704,4.0704,0.0000,0.1104,5.6686,1.8094,3.8592,NA,NA,3.9547,10770.8338,NA,NA,NA
python.exe,24084,0x0,Other,-1,0,0,Composed: Copy with GPU GDI,2026-8-20 19:21:05.579068700,4.7540,4.7540,0.0000,1.7124,3.1356,0.2014,2.9342,15.1490,9.6368,NA,10774.9042,NA,NA,NA
python.exe,24084,0x0,Other,-1,0,0,Composed: Copy with GPU GDI,2026-8-20 19:21:05.583822700,2.4589,2.4589,0.0000,0.0972,3.1429,0.8832,2.2597,20.0318,6.0742,-4.8828,10779.6582,NA,NA,NA
python.exe,24084,0x0,Other,-1,0,0,Composed: Copy with GPU GDI,2026-8-20 19:21:05.586281600,8.5720,8.5720,0.0000,0.7839,7.8451,0.2078,7.6373,NA,NA,-3.6153,10782.1171,NA,NA,NA
python.exe,24084,0x0,Other,-1,0,0,Composed: Copy with GPU GDI,2026-8-20 19:21:05.594853600,0.7328,0.7328,0.0000,0.0601,1.9094,1.3210,0.5884,15.0751,6.0629,NA,10790.6891,NA,NA,NA
python.exe,24084,0x0,Other,-1,0,0,Composed: Copy with GPU GDI,2026-8-20 19:21:05.595586400,2.8279,2.8279,0.0000,1.2398,2.4807,1.0516,1.4291,20.4052,6.0873,-5.3301,10791.4219,NA,NA,NA
python.exe,24084,0x0,Other,-1,0,0,Composed: Copy with GPU GDI,2026-8-20 19:21:05.598414300,7.7730,7.7730,0.0000,0.8966,6.9724,0.1811,6.7913,23.6646,5.4795,-3.2594,10794.2498,NA,NA,NA
python.exe,24084,0x0,Other,-1,0,0,Composed: Copy with GPU GDI,2026-8-20 19:21:05.606187300,4.2195,4.2195,0.0000,0.1000,4.6751,0.6625,4.0126,NA,NA,NA,NA,NA,NA,NA
python.exe,24084,0x0,Other,-1,0,0,Composed: Copy with GPU GDI,2026-8-20 19:21:05.610406800,6.0208,6.0208,0.0000,8.1894,0.1503,0.1503,0.0000,NA,NA,6.5130,10806.2423,NA,NA,NA
python.exe,24084,0x0,Other,-1,0,0,Composed: Copy with GPU GDI,2026-8-20 19:21:05.616427600,0.8692,0.8692,0.0000,0.0000,7.6304,2.3380,5.2924,11.1308,12.6900,NA,10812.2631,NA,NA,NA
python.exe,24084,0x0,Other,-1,0,0,Composed: Copy with GPU GDI,2026-8-20 19:21:05.617296800,6.6542,6.6542,0.0000,1.4532,5.2762,0.1966,5.0796,22.9516,3.9735,-11.8208,10813.1323,NA,NA,NA
python.exe,24084,0x0,Other,-1,0,0,Composed: Copy with GPU GDI,2026-8-20 19:21:05.623951000,5.6632,5.6632,0.0000,0.0786,5.7167,0.1919,5.5248,NA,NA,2.6807,10819.7865,NA,NA,NA
python.exe,24084,0x0,Other,-1,0,0,Composed: Copy with GPU GDI,2026-8-20 19:21:05.629614200,0.9696,0.9696,0.0000,0.1300,1.9131,1.3034,0.6097,14.6077,8.1618,NA,10825.4497,NA,NA,NA
python.exe,24084,0x0,Other,-1,0,0,Composed: Copy with GPU GDI,2026-8-20 19:21:05.630583800,7.9167,7.9167,0.0000,1.0774,6.9341,0.1920,6.7421,21.7999,6.0723,-7.1922,10826.4193,NA,NA,NA
python.exe,24084,0x0,Other,-1,0,0,Composed: Copy with GPU GDI,2026-8-20 19:21:05.638500500,2.6929,2.6929,0.0000,0.0987,2.6668,0.1889,2.4779,19.9555,2.4277,1.8444,10834.3360,NA,NA,NA
python.exe,24084,0x0,Other,-1,0,0,Composed: Copy with GPU GDI,2026-8-20 19:21:05.641193400,4.5437,4.5437,0.0000,0.0788,6.1446,1.8271,4.3175,NA,NA,0.2652,10837.0289,NA,NA,NA
python.exe,24084,0x0,Other,-1,0,0,Composed: Copy with GPU GDI,2026-8-20 19:21:05.645737100,4.2529,4.2529,0.0000,1.6837,2.6970,0.2017,2.4953,15.1466,9.7025,NA,10841.5726,NA,NA,NA
python.exe,24084,0x0,Other,-1,0,0,Composed: Copy with GPU GDI,2026-8-20 19:21:05.649990000,3.2748,3.2748,0.0000,0.1312,3.5454,0.5214,3.0240,20.5962,6.0650,-5.4496,10845.8255,NA,NA,NA
python.exe,24084,0x0,Other,-1,0,0,Composed: Copy with GPU GDI,2026-8-20 19:21:05.653264800,7.9458,7.9458,0.0000,0.4051,7.6409,0.1869,7.4540,NA,NA,-2.7902,10849.1003,NA,NA,NA
python.exe,24084,0x0,Other,-1,0,0,Composed: Copy with GPU GDI,2026-8-20 19:21:05.661210600,1.0611,1.0611,0.0000,0.1033,2.1565,1.3017,0.8548,15.4406,6.0680,NA,10857.0461,NA,NA,NA
python.exe,24084,0x0,Other,-1,0,0,Composed: Copy with GPU GDI,2026-8-20 19:21:05.662271700,2.9749,2.9749,0.0000,1.2030,2.1831,0.5077,1.6754,20.4475,6.0690,-5.0069,10858.1072,NA,NA,NA
python.exe,24084,0x0,Other,-1,0,0,Composed: Copy with GPU GDI,2026-8-20 19:21:05.665246600,7.0537,7.0537,0.0000,0.4158,6.7531,0.1903,6.5628,23.5416,5.4332,-3.0941,10861.0821,NA,NA,NA
python.exe,24084,0x0,Other,-1,0,0,Composed: Copy with GPU GDI,2026-8-20 19:21:05.672300300,5.4526,5.4526,0.0000,0.1190,5.4474,0.1874,5.2600,NA,NA,NA,NA,NA,NA,NA
python.exe,24084,0x0,Other,-1,0,0,Composed: Copy with GPU GDI,2026-8-20 19:21:05.677752900,4.8827,4.8827,0.0000,6.1795,0.4225,0.4225,0.0000,NA,NA,7.0731,10873.5884,NA,NA,NA
python.exe,24084,0x0,Other,-1,0,0,Composed: Copy with GPU GDI,2026-8-20 19:21:05.682635600,0.4169,0.4169,0.0000,0.0000,6.0625,1.3971,4.6654,11.5858,12.7635,NA,10878.4711,NA,NA,NA
python.exe,24084,0x0,Other,-1,0,0,Composed: Copy with GPU GDI,2026-8-20 19:21:05.683052500,7.3579,7.3579,0.0000,1.3044,6.1802,0.2033,5.9769,23.9324,3.9041,-12.3466,10878.8880,NA,NA,NA
python.exe,24084,0x0,Other,-1,0,0,Composed: Copy with GPU GDI,2026-8-20 19:21:05.690410400,5.7403,5.7403,0.0000,0.1300,5.7251,0.2139,5.5112,NA,NA,3.4538,10886.2459,NA,NA,NA
python.exe,24084,0x0,Other,-1,0,0,Composed: Copy with GPU GDI,2026-8-20 19:21:05.696150700,0.5427,0.5427,0.0000,0.1184,2.0575,1.7066,0.3509,14.7383,8.2303,NA,10891.9862,NA,NA,NA
python.exe,24084,0x0,Other,-1,0,0,Composed: Copy with GPU GDI,2026-8-20 19:21:05.696693400,4.4140,4.4140,0.0000,1.6359,2.8501,0.1913,2.6588,22.4259,6.0659,-7.6876,10892.5289,NA,NA,NA
python.exe,24084,0x0,Other,-1,0,0,Composed: Copy with GPU GDI,2026-8-20 19:21:05.701107400,6.3718,6.3718,0.0000,0.0776,6.6204,0.3981,6.2223,24.0778,2.3698,-1.6519,10896.9429,NA,NA,NA
python.exe,24084,0x0,Other,-1,0,0,Composed: Copy with GPU GDI,2026-8-20 19:21:05.707479200,5.1272,5.1272,0.0000,0.3283,6.5173,1.8051,4.7122,NA,NA,4.0020,10903.3147,NA,NA,NA
python.exe,24084,0x0,Other,-1,0,0,Composed: Copy with GPU GDI,2026-8-20 19:21:05.712606400,3.6091,3.6091,0.0000,1.7221,2.0079,0.2010,1.8069,14.9486,9.7616,NA,10908.4419,NA,NA,NA
python.exe,24084,0x0,Other,-1,0,0,Composed: Copy with GPU GDI,2026-8-20 19:21:05.716215500,3.8920,3.8920,0.0000,0.1255,4.0798,0.3894,3.6904,21.1011,6.1396,-6.1525,10912.0510,NA,NA,NA
python.exe,24084,0x0,Other,-1,0,0,Composed: Copy with GPU GDI,2026-8-20 19:21:05.720107500,7.9719,7.9719,0.0000,0.3151,7.7816,0.1920,7.5896,NA,NA,-2.2476,10915.9430,NA,NA,NA
python.exe,24084,0x0,Other,-1,0,0,Composed: Copy with GPU GDI,2026-8-20 19:21:05.728079400,1.4789,1.4789,0.0000,0.1287,2.5311,1.2549,1.2762,15.3768,5.9900,NA,10923.9149,NA,NA,NA
python.exe,24084,0x0,Other,-1,0,0,Composed: Copy with GPU GDI,2026-8-20 19:21:05.729558300,3.1933,3.1933,0.0000,1.1848,2.1327,0.1937,1.9390,19.8879,6.0738,-4.5111,10925.3938,NA,NA,NA
python.exe,24084,0x0,Other,-1,0,0,Composed: Copy with GPU GDI,2026-8-20 19:21:05.732751600,6.4707,6.4707,0.0000,0.1275,6.4399,0.2023,6.2376,22.7684,5.3632,-2.8805,10928.5871,NA,NA,NA
python.exe,24084,0x0,Other,-1,0,0,Composed: Copy with GPU GDI,2026-8-20 19:21:05.739222300,4.7941,4.7941,0.0000,0.1000,5.1377,0.5906,4.5471,NA,NA,1.1075,10935.0578,NA,NA,NA
python.exe,24084,0x0,Other,-1,0,0,Composed: Copy with GPU GDI,2026-8-20 19:21:05.744016400,1.6426,1.6426,0.0000,0.4485,2.3674,1.2574,1.1100,16.8668,6.7690,NA,10939.8519,NA,NA,NA
python.exe,24084,0x0,Other,-1,0,0,Composed: Copy with GPU GDI,2026-8-20 19:21:05.745659000,4.6048,4.6048,0.0000,1.1770,3.8653,0.5103,3.3550,21.9932,6.0657,-5.1264,10941.4945,NA,NA,NA
python.exe,24084,0x0,Other,-1,0,0,Composed: Copy with GPU GDI,2026-8-20 19:21:05.750263800,6.5759,6.5759,0.0000,0.4403,6.2400,0.1841,6.0559,23.4541,3.8399,-1.4609,10946.0993,NA,NA,NA
python.exe,24084,0x0,Other,-1,0,0,Composed: Copy with GPU GDI,2026-8-20 19:21:05.756839700,5.2948,5.2948,0.0000,0.1065,5.6724,0.5705,5.1019,NA,NA,2.7360,10952.6752,NA,NA,NA
python.exe,24084,0x0,Other,-1,0,0,Composed: Copy with GPU GDI,2026-8-20 19:21:05.762134500,0.6991,0.6991,0.0000,0.4884,1.3915,1.2574,0.1341,15.4233,8.2975,NA,10957.9700,NA,NA,NA
python.exe,24084,0x0,Other,-1,0,0,Composed: Copy with GPU GDI,2026-8-20 19:21:05.762833600,5.6839,5.6839,0.0000,1.1847,4.9196,0.5152,4.4044,23.0217,6.0620,-7.5984,10958.6691,NA,NA,NA
python.exe,24084,0x0,Other,-1,0,0,Composed: Copy with GPU GDI,2026-8-20 19:21:05.768517500,6.0058,6.0058,0.0000,0.4237,5.6900,0.2013,5.4887,23.3998,2.2935,-0.3781,10964.3530,NA,NA,NA
python.exe,24084,0x0,Other,-1,0,0,Composed: Copy with GPU GDI,2026-8-20 19:21:05.774523300,5.0940,5.0940,0.0000,0.1125,6.5538,1.6522,4.9016,NA,NA,3.7123,10970.3588,NA,NA,NA
python.exe,24084,0x0,Other,-1,0,0,Composed: Copy with GPU GDI,2026-8-20 19:21:05.779617300,3.1451,3.1451,0.0000,1.5758,1.6882,0.1935,1.4947,14.5935,9.8402,NA,10975.4528,NA,NA,NA
python.exe,24084,0x0,Other,-1,0,0,Composed: Copy with GPU GDI,2026-8-20 19:21:05.782762400,4.7577,4.7577,0.0000,0.1222,4.7457,0.1858,4.5599,21.2886,6.0675,-6.6951,10978.5979,NA,NA,NA
python.exe,24084,0x0,Other,-1,0,0,Composed: Copy with GPU GDI,2026-8-20 19:21:05.787520100,7.5542,7.5542,0.0000,0.1128,7.5518,0.1876,7.3642,NA,NA,-1.3098,10983.3556,NA,NA,NA
python.exe,24084,0x0,Other,-1,0,0,Composed: Copy with GPU GDI,2026-8-20 19:21:05.795074300,0.4916,0.4916,0.0000,0.1145,1.5002,1.1944,0.3058,15.0442,6.0620,NA,10990.9098,NA,NA,NA
python.exe,24084,0x0,Other,-1,0,0,Composed: Copy with GPU GDI,2026-8-20 19:21:05.795565900,4.1247,4.1247,0.0000,1.1266,3.0981,0.1912,2.9069,20.6146,6.0645,-5.5704,10991.4014,NA,NA,NA
python.exe,24084,0x0,Other,-1,0,0,Composed: Copy with GPU GDI,2026-8-20 19:21:05.799690600,6.5228,6.5228,0.0000,0.1035,6.5344,0.1914,6.3430,22.5544,5.3043,-1.9398,10995.5261,NA,NA,NA
python.exe,24084,0x0,Other,-1,0,0,Composed: Copy with GPU GDI,2026-8-20 19:21:05.806213400,4.6621,4.6621,0.0000,0.1190,4.7400,0.2868,4.4532,NA,NA,1.2185,11002.0489,NA,NA,NA
python.exe,24084,0x0,Other,-1,0,0,Composed: Copy with GPU GDI,2026-8-20 19:21:05.810875500,1.7053,1.7053,0.0000,0.2005,2.6367,1.2078,1.4289,16.6738,6.8350,NA,11006.7110,NA,NA,NA
python.exe,24084,0x0,Other,-1,0,0,Composed: Copy with GPU GDI,2026-8-20 19:21:05.812580800,4.8669,4.8669,0.0000,1.1359,3.9249,0.2999,3.6250,21.8035,6.0618,-5.1297,11008.4163,NA,NA,NA
python.exe,24084,0x0,Other,-1,0,0,Composed: Copy with GPU GDI,2026-8-20 19:21:05.817447700,5.6284,5.6284,0.0000,0.1972,5.5100,0.1919,5.3181,22.9984,3.7702,-1.1949,11013.2832,NA,NA,NA
python.exe,24084,0x0,Other,-1,0,0,Composed: Copy with GPU GDI,2026-8-20 19:21:05.823076100,6.1902,6.1902,0.0000,7.4147,0.1518,0.1518,0.0000,NA,NA,1.8582,11018.9116,NA,NA,NA
python.exe,24084,0x0,Other,-1,0,0,Composed: Copy with GPU GDI,2026-8-20 19:21:05.829266300,0.3092,0.3092,0.0000,0.0000,7.3315,1.3342,5.9973,14.9500,8.3727,NA,11025.1018,NA,NA,NA
python.exe,24084,0x0,Other,-1,0,0,Composed: Copy with GPU GDI,2026-8-20 19:21:05.829575500,5.6030,5.6030,0.0000,1.0716,4.9888,0.5407,4.4481,23.0135,6.0677,-8.0635,11025.4110,NA,NA,NA
python.exe,24084,0x0,Other,-1,0,0,Composed: Copy with GPU GDI,2026-8-20 19:21:05.835178500,6.9301,6.9301,0.0000,0.4605,6.5859,0.1914,6.3945,23.4782,2.2255,-0.4647,11031.0140,NA,NA,NA
python.exe,24084,0x0,Other,-1,0,0,Composed: Copy with GPU GDI,2026-8-20 19:21:05.842108600,4.0560,4.0560,0.0000,0.1202,5.5962,1.7498,3.8464,NA,NA,4.7046,11037.9441,NA,NA,NA
python.exe,24084,0x0,Other,-1,0,0,Composed: Copy with GPU GDI,2026-8-20 19:21:05.846164600,3.6900,3.6900,0.0000,1.6654,2.1480,0.2003,1.9477,14.7176,9.8983,NA,11042.0001,NA,NA,NA
python.exe,24084,0x0,Other,-1,0,0,Composed: Copy with GPU GDI,2026-8-20 19:21:05.849854600,3.8975,3.8975,0.0000,0.1275,3.9605,0.2659,3.6946,20.9259,6.0646,-6.2083,11045.6901,NA,NA,NA
python.exe,24084,0x0,Other,-1,0,0,Composed: Copy with GPU GDI,2026-8-20 19:21:05.853752100,7.5721,7.5721,0.0000,0.1930,7.5027,0.1968,7.3059,NA,NA,-2.1671,11049.5876,NA,NA,NA
python.exe,24084,0x0,Other,-1,0,0,Composed: Copy with GPU GDI,2026-8-20 19:21:05.861324200,0.9827,0.9827,0.0000,0.1266,1.9345,1.1636,0.7709,15.5209,6.0672,NA,11057.1597,NA,NA,NA
python.exe,24084,0x0,Other,-1,0,0,Composed: Copy with GPU GDI,2026-8-20 19:21:05.862306900,4.0422,4.0422,0.0000,1.0822,3.0777,0.1980,2.8797,20.6054,6.0720,-5.0845,11058.1424,NA,NA,NA
python.exe,24084,0x0,Other,-1,0,0,Composed: Copy with GPU GDI,2026-8-20 19:21:05.866349100,6.5178,6.5178,0.0000,0.1207,6.5140,0.1943,6.3197,22.6352,5.2365,-2.0298,11062.1846,NA,NA,NA
python.exe,24084,0x0,Other,-1,0,0,Composed: Copy with GPU GDI,2026-8-20 19:21:05.872866900,4.6361,4.6361,0.0000,0.1211,4.8075,0.3816,4.4259,NA,NA,1.2813,11068.7024,NA,NA,NA
python.exe,24084,0x0,Other,-1,0,0,Composed: Copy with GPU GDI,2026-8-20 19:21:05.877503000,0.9337,0.9337,0.0000,0.2968,1.7600,1.2019,0.5581,16.7178,6.8874,NA,11073.3385,NA,NA,NA
python.exe,24084,0x0,Other,-1,0,0,Composed: Copy with GPU GDI,2026-8-20 19:21:05.878436700,5.1603,5.1603,0.0000,1.1268,4.8511,0.8954,3.9557,22.6715,6.0748,-5.9537,11074.2722,NA,NA,NA
python.exe,24084,0x0,Other,-1,0,0,Composed: Copy with GPU GDI,2026-8-20 19:21:05.883597000,6.0310,6.0310,0.0000,0.8204,5.5235,0.4000,5.1235,23.5860,3.6994,-0.9145,11079.4325,NA,NA,NA
python.exe,24084,0x0,Other,-1,0,0,Composed: Copy with GPU GDI,2026-8-20 19:21:05.889628000,6.9847,6.9847,0.0000,0.3160,6.7809,0.1956,6.5853,NA,NA,2.3316,11085.4635,NA,NA,NA
python.exe,24084,0x0,Other,-1,0,0,Composed: Copy with GPU GDI,2026-8-20 19:21:05.896612700,2.0708,2.0708,0.0000,0.1169,3.0536,1.1786,1.8750,14.2697,8.4205,NA,11092.4482,NA,NA,NA
python.exe,24084,0x0,Other,-1,0,0,Composed: Copy with GPU GDI,2026-8-20 19:21:05.898683500,2.9346,2.9346,0.0000,1.1038,2.5576,0.8126,1.7450,20.6194,6.0667,-6.3497,11094.5190,NA,NA,NA
python.exe,24084,0x0,Other,-1,0,0,Composed: Copy with GPU GDI,2026-8-20 19:21:05.901618100,7.1432,7.1432,0.0000,0.7313,6.5221,0.1898,6.3323,23.7515,2.1669,-3.1321,11097.4536,NA,NA,NA
python.exe,24084,0x0,Other,-1,0,0,Composed: Copy with GPU GDI,2026-8-20 19:21:05.908761300,3.9119,3.9119,0.0000,0.1135,5.4672,1.7399,3.7273,NA,NA,4.9763,11104.5968,NA,NA,NA
python.exe,24084,0x0,Other,-1,0,0,Composed: Copy with GPU GDI,2026-8-20 19:21:05.912673200,3.5323,3.5323,0.0000,1.6725,1.9788,0.1902,1.7886,NA,NA,NA,NA,NA,NA,NA
python.exe,24084,0x0,Other,-1,0,0,Composed: Copy with GPU GDI,2026-8-20 19:21:05.916205500,2.9760,2.9760,0.0000,0.1219,2.9114,0.1001,2.8113,11.3310,9.9737,NA,11112.0410,NA,NA,NA
python.exe,24084,0x0,Other,-1,0,0,Composed: Copy with GPU GDI,2026-8-20 19:21:05.919181500,7.7083,7.7083,0.0000,0.0600,7.7579,0.1837,7.5742,NA,NA,NA,NA,NA,NA,NA
python.exe,24084,0x0,Other,-1,0,0,Composed: Copy with GPU GDI,2026-8-20 19:21:05.926889800,1.8768,1.8768,0.0000,0.1121,2.8100,1.1491,1.6609,NA,NA,0.7106,11122.7253,NA,NA,NA
python.exe,24084,0x0,Other,-1,0,0,Composed: Copy with GPU GDI,2026-8-20 19:21:05.928766600,2.4951,2.4951,0.0000,1.0493,1.5380,0.1975,1.3405,8.7436,12.1384,NA,11124.6021,NA,NA,NA
python.exe,24084,0x0,Other,-1,0,0,Composed: Copy with GPU GDI,2026-8-20 19:21:05.931261700,8.5820,8.5820,0.0000,0.0960,8.5922,0.1890,8.4032,18.3869,11.2418,-9.6433,11127.0972,NA,NA,NA
python.exe,24084,0x0,Other,-1,0,0,Composed: Copy with GPU GDI,2026-8-20 19:21:05.939843700,5.0243,5.0243,0.0000,0.1098,5.0429,0.1973,4.8456,NA,NA,NA,NA,NA,NA,NA
python.exe,24084,0x0,Other,-1,0,0,Composed: Copy with GPU GDI,2026-8-20 19:21:05.944868000,5.1301,5.1301,0.0000,7.1031,0.1663,0.1663,0.0000,NA,NA,2.3645,11140.7035,NA,NA,NA
python.exe,24084,0x0,Other,-1,0,0,Composed: Copy with GPU GDI,2026-8-20 19:21:05.949998100,0.4592,0.4592,0.0000,0.0000,6.9702,2.1611,4.8091,10.8923,13.0292,NA,11145.8336,NA,NA,NA
python.exe,24084,0x0,Other,-1,0,0,Composed: Copy with GPU GDI,2026-8-20 19:21:05.950457300,5.8948,5.8948,0.0000,1.6853,4.9192,0.8453,4.0739,23.4623,3.6279,-12.5700,11146.2928,NA,NA,NA
python.exe,24084,0x0,Other,-1,0,0,Composed: Copy with GPU GDI,2026-8-20 19:21:05.956352100,5.9028,5.9028,0.0000,0.7128,5.2593,0.1297,5.1296,NA,NA,2.2669,11152.1876,NA,NA,NA
python.exe,24084,0x0,Other,-1,0,0,Composed: Copy with GPU GDI,2026-8-20 19:21:05.962254900,0.6028,0.6028,0.0000,0.0740,1.6331,1.1924,0.4407,15.2926,8.5059,NA,11158.0904,NA,NA,NA
python.exe,24084,0x0,Other,-1,0,0,Composed: Copy with GPU GDI,2026-8-20 19:21:05.962857700,8.8011,8.8011,0.0000,1.1079,7.7840,0.1975,7.5865,23.1957,6.0660,-7.9031,11158.6932,NA,NA,NA
python.exe,24084,0x0,Other,-1,0,0,Composed: Copy with GPU GDI,2026-8-20 19:21:05.971658800,3.3836,3.3836,0.0000,0.0951,3.3823,0.1858,3.1965,20.4606,2.0954,2.7351,11167.4943,NA,NA,NA
python.exe,24084,0x0,Other,-1,0,0,Composed: Copy with GPU GDI,2026-8-20 19:21:05.975042400,4.1097,4.1097,0.0000,0.0968,5.0653,1.1523,3.9130,NA,NA,1.2882,11170.8779,NA,NA,NA
python.exe,24084,0x0,Other,-1,0,0,Composed: Copy with GPU GDI,2026-8-20 19:21:05.979152100,4.1899,4.1899,0.0000,1.0568,3.2517,0.1939,3.0578,15.0627,10.0302,NA,11174.9876,NA,NA,NA
python.exe,24084,0x0,Other,-1,0,0,Composed: Copy with GPU GDI,2026-8-20 19:21:05.983342000,3.4747,3.4747,0.0000,0.1227,3.9636,0.7243,3.2393,20.9030,6.0728,-5.8403,11179.1775,NA,NA,NA
python.exe,24084,0x0,Other,-1,0,0,Composed: Copy with GPU GDI,2026-8-20 19:21:05.986816700,7.5555,7.5555,0.0000,0.6145,7.0432,0.1924,6.8508,NA,NA,-2.5981,11182.6522,NA,NA,NA
python.exe,24084,0x0,Other,-1,0,0,Composed: Copy with GPU GDI,2026-8-20 19:21:05.994372200,1.8449,1.8449,0.0000,0.1056,2.8243,1.1729,1.6514,15.9456,6.0637,NA,11190.2077,NA,NA,NA
python.exe,24084,0x0,Other,-1,0,0,Composed: Copy with GPU GDI,2026-8-20 19:21:05.996217100,1.9777,1.9777,0.0000,1.0887,1.0313,0.2066,0.8247,20.1644,6.0732,-4.2188,11192.0526,NA,NA,NA
python.exe,24084,0x0,Other,-1,0,0,Composed: Copy with GPU GDI,2026-8-20 19:21:05.998194800,7.0356,7.0356,0.0000,0.1464,7.0085,0.1891,6.8194,24.2599,5.0907,-4.0955,11194.0303,NA,NA,NA
python.exe,24084,0x0,Other,-1,0,0,Composed: Copy with GPU GDI,2026-8-20 19:21:06.005230400,6.7490,6.7490,0.0000,0.1231,6.7243,0.1906,6.5337,NA,NA,1.9449,11201.0659,NA,NA,NA
python.exe,24084,0x0,Other,-1,0,0,Composed: Copy with GPU GDI,2026-8-20 19:21:06.011979400,0.5079,0.5079,0.0000,0.1021,1.4708,1.1378,0.3330,15.5660,7.0356,NA,11207.8149,NA,NA,NA
python.exe,24084,0x0,Other,-1,0,0,Composed: Copy with GPU GDI,2026-8-20 19:21:06.012487300,4.9076,4.9076,0.0000,1.0689,4.0919,0.3239,3.7680,22.0937,6.0664,-6.5277,11208.3228,NA,NA,NA
python.exe,24084,0x0,Other,-1,0,0,Composed: Copy with GPU GDI,2026-8-20 19:21:06.017394900,5.3099,5.3099,0.0000,0.2555,5.1688,0.1944,4.9744,23.2525,3.5588,-1.1588,11213.2304,NA,NA,NA
python.exe,24084,0x0,Other,-1,0,0,Composed: Copy with GPU GDI,2026-8-20 19:21:06.022704800,6.0212,6.0212,0.0000,7.4506,0.1370,0.1370,0.0000,NA,NA,1.7511,11218.5403,NA,NA,NA
python.exe,24084,0x0,Other,-1,0,0,Composed: Copy with GPU GDI,2026-8-20 19:21:06.028726000,0.4881,0.4881,0.0000,0.0000,7.3388,1.5987,5.7401,15.4802,8.5786,NA,11224.5615,NA,NA,NA
python.exe,24084,0x0,Other,-1,0,0,Composed: Copy with GPU GDI,2026-8-20 19:21:06.029214100,9.2654,9.2654,0.0000,1.0808,8.3077,0.1964,8.1113,23.5707,6.0576,-8.0905,11225.0496,NA,NA,NA
python.exe,24084,0x0,Other,-1,0,0,Composed: Copy with GPU GDI,2026-8-20 19:21:06.038479500,3.2809,3.2809,0.0000,0.1271,3.2739,0.1958,3.0781,20.3629,2.0314,3.2078,11234.3150,NA,NA,NA
python.exe,24084,0x0,Other,-1,0,0,Composed: Copy with GPU GDI,2026-8-20 19:21:06.041760400,7.9037,7.9037,0.0000,9.0895,0.1502,0.1502,0.0000,NA,NA,1.2495,11237.5959,NA,NA,NA
python.exe,24084,0x0,Other,-1,0,0,Composed: Copy with GPU GDI,2026-8-20 19:21:06.049664100,0.2233,0.2233,0.0000,0.0000,8.9658,1.2823,7.6835,11.2097,10.1089,NA,11245.4996,NA,NA,NA
python.exe,24084,0x0,Other,-1,0,0,Composed: Copy with GPU GDI,2026-8-20 19:21:06.049887400,4.8471,4.8471,0.0000,1.1160,3.8472,0.1851,3.6621,21.0953,6.0629,-9.8856,11245.7229,NA,NA,NA
python.exe,24084,0x0,Other,-1,0,0,Composed: Copy with GPU GDI,2026-8-20 19:21:06.054734500,6.4696,6.4696,0.0000,0.1193,6.4694,0.1868,6.2826,NA,NA,-1.2158,11250.5700,NA,NA,NA
python.exe,24084,0x0,Other,-1,0,0,Composed: Copy with GPU GDI,2026-8-20 19:21:06.061204100,1.4370,1.4370,0.0000,0.1228,2.3426,1.0998,1.2428,15.8415,12.1395,NA,11257.0396,NA,NA,NA
python.exe,24084,0x0,Other,-1,0,0,Composed: Copy with GPU GDI,2026-8-20 19:21:06.062641100,18.8893,18.8893,0.0000,1.0322,17.9312,0.2371,17.6941,NA,NA,NA,NA,NA,NA,NA
python.exe,24084,0x0,Other,-1,0,0,Composed: Copy with GPU GDI,2026-8-20 19:21:06.081530400,1.3322,1.3322,0.0000,0.0775,1.3177,0.1154,1.2023,7.6547,5.0312,8.1868,11277.3659,NA,NA,NA
python.exe,24084,0x0,Other,-1,0,0,Composed: Copy with GPU GDI,2026-8-20 19:21:06.082862600,0.5547,0.5547,0.0000,0.0666,1.0078,0.5891,0.4187,NA,NA,-3.6990,11278.6981,NA,NA,NA
python.exe,24084,0x0,Other,-1,0,0,Composed: Copy with GPU GDI,2026-8-20 19:21:06.083417300,2.6413,2.6413,0.0000,0.5220,3.1435,1.1192,2.0243,10.7990,13.1670,NA,11279.2528,NA,NA,NA
python.exe,24084,0x0,Other,-1,0,0,Composed: Copy with GPU GDI,2026-8-20 19:21:06.086058600,3.7999,3.7999,0.0000,1.0273,3.4194,0.7690,2.6504,21.3247,3.5023,-10.5257,11281.8941,NA,NA,NA
python.exe,24084,0x0,Other,-1,0,0,Composed: Copy with GPU GDI,2026-8-20 19:21:06.089858500,5.2936,5.2936,0.0000,6.9232,0.1588,0.1588,0.0000,NA,NA,0.2976,11285.6940,NA,NA,NA
python.exe,24084,0x0,Other,-1,0,0,Composed: Copy with GPU GDI,2026-8-20 19:21:06.095152100,0.9555,0.9555,0.0000,0.0000,6.2731,1.7221,4.5510,15.7335,8.6309,NA,11290.9876,NA,NA,NA
python.exe,24084,0x0,Other,-1,0,0,Composed: Copy with GPU GDI,2026-8-20 19:21:06.096107600,9.2458,9.2458,0.0000,0.8359,8.5331,0.2104,8.3227,23.4089,6.0641,-7.6754,11291.9431,NA,NA,NA
python.exe,24084,0x0,Other,-1,0,0,Composed: Copy with GPU GDI,2026-8-20 19:21:06.105353400,2.5298,2.5298,0.0000,0.1282,2.8550,0.6134,2.2416,20.2272,1.9629,3.1817,11301.1889,NA,NA,NA
python.exe,24084,0x0,Other,-1,0,0,Composed: Copy with GPU GDI,2026-8-20 19:21:06.107883200,4.9878,4.9878,0.0000,0.4574,6.1677,1.7316,4.4361,NA,NA,0.5669,11303.7187,NA,NA,NA
python.exe,24084,0x0,Other,-1,0,0,Composed: Copy with GPU GDI,2026-8-20 19:21:06.112871000,3.3945,3.3945,0.0000,1.6427,1.8719,0.1943,1.6776,14.6725,10.1703,NA,11308.7065,NA,NA,NA
python.exe,24084,0x0,Other,-1,0,0,Composed: Copy with GPU GDI,2026-8-20 19:21:06.116265500,4.5398,4.5398,0.0000,0.1234,4.6229,0.2767,4.3462,21.4483,6.0753,-6.7758,11312.1010,NA,NA,NA
python.exe,24084,0x0,Other,-1,0,0,Composed: Copy with GPU GDI,2026-8-20 19:21:06.120805300,6.8325,6.8325,0.0000,0.2089,6.7385,0.1853,6.5532,NA,NA,-1.5355,11316.6408,NA,NA,NA
python.exe,24084,0x0,Other,-1,0,0,Composed: Copy with GPU GDI,2026-8-20 19:21:06.127637800,1.6057,1.6057,0.0000,0.1179,2.5618,1.1764,1.3854,16.1513,6.0550,NA,11323.4733,NA,NA,NA
python.exe,24084,0x0,Other,-1,0,0,Composed: Copy with GPU GDI,2026-8-20 19:21:06.129243500,2.6632,2.6632,0.0000,1.0779,1.6795,0.2045,1.4750,20.6006,6.0787,-4.4493,11325.0790,NA,NA,NA
python.exe,24084,0x0,Other,-1,0,0,Composed: Copy with GPU GDI,2026-8-20 19:21:06.131906700,7.4798,7.4798,0.0000,0.0968,7.5014,0.1926,7.3088,24.0161,4.9553,-3.4155,11327.7422,NA,NA,NA
python.exe,24084,0x0,Other,-1,0,0,Composed: Copy with GPU GDI,2026-8-20 19:21:06.139386500,4.8339,4.8339,0.0000,0.1223,5.2245,0.6098,4.6147,NA,NA,2.5245,11335.2220,NA,NA,NA
python.exe,24084,0x0,Other,-1,0,0,Composed: Copy with GPU GDI,2026-8-20 19:21:06.144220400,1.2004,1.2004,0.0000,0.5175,1.7580,1.1531,0.6049,16.6577,7.1710,NA,11340.0559,NA,NA,NA
python.exe,24084,0x0,Other,-1,0,0,Composed: Copy with GPU GDI,2026-8-20 19:21:06.145420800,5.5937,5.5937,0.0000,1.0782,4.8434,0.4039,4.4395,22.6283,6.0684,-5.9706,11341.2563,NA,NA,NA
python.exe,24084,0x0,Other,-1,0,0,Composed: Copy with GPU GDI,2026-8-20 19:21:06.151014500,5.3210,5.3210,0.0000,0.3305,5.3978,0.4685,4.9293,23.1030,3.4277,-0.4747,11346.8500,NA,NA,NA
python.exe,24084,0x0,Other,-1,0,0,Composed: Copy with GPU GDI,2026-8-20 19:21:06.156335500,6.3726,6.3726,0.0000,0.4097,6.2027,0.3318,5.8709,NA,NA,1.8933,11352.1710,NA,NA,NA
python.exe,24084,0x0,Other,-1,0,0,Composed: Copy with GPU GDI,2026-8-20 19:21:06.162708100,0.5493,0.5493,0.0000,0.2424,1.3624,1.1402,0.2222,14.8371,8.7042,NA,11358.5436,NA,NA,NA
python.exe,24084,0x0,Other,-1,0,0,Composed: Copy with GPU GDI,2026-8-20 19:21:06.163257400,8.2307,8.2307,0.0000,1.0584,7.2962,0.1941,7.1021,22.9920,6.0739,-8.1549,11359.0929,NA,NA,NA
python.exe,24084,0x0,Other,-1,0,0,Composed: Copy with GPU GDI,2026-8-20 19:21:06.171488100,3.7514,3.7514,0.0000,0.1276,3.7380,0.1945,3.5435,20.8352,1.8882,2.1568,11367.3236,NA,NA,NA
python.exe,24084,0x0,Other,-1,0,0,Composed: Copy with GPU GDI,2026-8-20 19:21:06.175239500,4.2313,4.2313,0.0000,5.4138,0.4308,0.4308,0.0000,NA,NA,1.8632,11371.0750,NA,NA,NA
python.exe,24084,0x0,Other,-1,0,0,Composed: Copy with GPU GDI,2026-8-20 19:21:06.179470800,0.3122,0.3122,0.0000,0.0000,5.2953,1.2685,4.0268,14.7407,10.2389,NA,11375.3063,NA,NA,NA
python.exe,24084,0x0,Other,-1,0,0,Composed: Copy with GPU GDI,2026-8-20 19:21:06.179783000,7.0901,7.0901,0.0000,1.3041,6.3132,0.6848,5.6284,24.6674,6.0728,-9.9267,11375.6185,NA,NA,NA
python.exe,24084,0x0,Other,-1,0,0,Composed: Copy with GPU GDI,2026-8-20 19:21:06.186873100,8.1467,8.1467,0.0000,0.5297,7.6888,0.1860,7.5028,NA,NA,NA,NA,NA,NA,NA
python.exe,24084,0x0,Other,-1,0,0,Composed: Copy with GPU GDI,2026-8-20 19:21:06.195019800,0.8336,0.8336,0.0000,0.0767,2.0310,1.4012,0.6298,NA,NA,9.1640,11390.8553,NA,NA,NA
python.exe,24084,0x0,Other,-1,0,0,Composed: Copy with GPU GDI,2026-8-20 19:21:06.195853400,1.9659,1.9659,0.0000,1.2774,0.8502,0.2216,0.6286,14.6698,6.0592,NA,11391.6889,NA,NA,NA
python.exe,24084,0x0,Other,-1,0,0,Composed: Copy with GPU GDI,2026-8-20 19:21:06.197819300,8.1503,8.1503,0.0000,0.1576,8.1033,0.1972,7.9061,18.7631,10.9619,-4.0933,11393.6548,NA,NA,NA
python.exe,24084,0x0,Other,-1,0,0,Composed: Copy with GPU GDI,2026-8-20 19:21:06.205969600,4.5419,4.5419,0.0000,0.1142,4.4934,0.1527,4.3407,NA,NA,-2.8116,11401.8051,NA,NA,NA
python.exe,24084,0x0,Other,-1,0,0,Composed: Copy with GPU GDI,2026-8-20 19:21:06.210511500,1.9792,1.9792,0.0000,0.0696,2.9832,1.1879,1.7953,17.0328,7.2367,NA,11406.3470,NA,NA,NA
python.exe,24084,0x0,Other,-1,0,0,Composed: Copy with GPU GDI,2026-8-20 19:21:06.212490700,5.0360,5.0360,0.0000,1.0765,4.4232,0.5676,3.8556,22.2903,6.0677,-5.2575,11408.3262,NA,NA,NA
python.exe,24084,0x0,Other,-1,0,0,Composed: Copy with GPU GDI,2026-8-20 19:21:06.217526700,5.6327,5.6327,0.0000,0.4655,5.6371,0.5566,5.0805,23.3220,3.3568,-1.0317,11413.3622,NA,NA,NA
python.exe,24084,0x0,Other,-1,0,0,Composed: Copy with GPU GDI,2026-8-20 19:21:06.223159400,6.0113,6.0113,0.0000,7.5617,0.1505,0.1505,0.0000,NA,NA,2.2759,11418.9949,NA,NA,NA
python.exe,24084,0x0,Other,-1,0,0,Composed: Copy with GPU GDI,2026-8-20 19:21:06.229170700,0.4430,0.4430,0.0000,0.0000,7.0881,1.6351,5.4530,15.0348,8.7752,NA,11425.0062,NA,NA,NA
python.exe,24084,0x0,Other,-1,0,0,Composed: Copy with GPU GDI,2026-8-20 19:21:06.229613700,5.7697,5.7697,0.0000,1.2605,5.1801,0.7568,4.4233,23.3670,6.0639,-8.3322,11425.4492,NA,NA,NA
python.exe,24084,0x0,Other,-1,0,0,Composed: Copy with GPU GDI,2026-8-20 19:21:06.235383400,6.3394,6.3394,0.0000,0.6737,5.7614,0.1872,5.5742,23.6612,1.8315,-0.2942,11431.2189,NA,NA,NA
python.exe,24084,0x0,Other,-1,0,0,Composed: Copy with GPU GDI,2026-8-20 19:21:06.241722800,7.7868,7.7868,0.0000,8.9764,0.1507,0.1507,0.0000,NA,NA,4.5079,11437.5583,NA,NA,NA
python.exe,24084,0x0,Other,-1,0,0,Composed: Copy with GPU GDI,2026-8-20 19:21:06.249509600,0.2283,0.2283,0.0000,0.0000,8.8777,1.2739,7.6038,11.3665,10.2977,NA,11445.3451,NA,NA,NA
python.exe,24084,0x0,Other,-1,0,0,Composed: Copy with GPU GDI,2026-8-20 19:21:06.249737900,4.3028,4.3028,0.0000,1.1151,3.4216,0.3478,3.0738,21.4359,6.0693,-10.0694,11445.5734,NA,NA,NA
python.exe,24084,0x0,Other,-1,0,0,Composed: Copy with GPU GDI,2026-8-20 19:21:06.254040700,6.7762,6.7762,0.0000,0.2363,6.6884,0.2247,6.4637,NA,NA,NA,NA,NA,NA,NA
python.exe,24084,0x0,Other,-1,0,0,Composed: Copy with GPU GDI,2026-8-20 19:21:06.260816900,0.9091,0.9091,0.0000,0.1516,1.8382,1.1494,0.6888,NA,NA,5.0097,11456.6524,NA,NA,NA
python.exe,24084,0x0,Other,-1,0,0,Composed: Copy with GPU GDI,2026-8-20 19:21:06.261726000,3.1645,3.1645,0.0000,1.0837,2.1904,0.1990,1.9914,15.5171,6.0660,NA,11457.5615,NA,NA,NA
python.exe,24084,0x0,Other,-1,0,0,Composed: Copy with GPU GDI,2026-8-20 19:21:06.264890500,7.0868,7.0868,0.0000,0.1136,7.0959,0.1911,6.9048,18.4186,10.8988,-2.9015,11460.7260,NA,NA,NA
python.exe,24084,0x0,Other,-1,0,0,Composed: Copy with GPU GDI,2026-8-20 19:21:06.271977300,5.4852,5.4852,0.0000,0.1261,5.6565,0.3408,5.3157,NA,NA,NA,NA,NA,NA,NA
python.exe,24084,0x0,Other,-1,0,0,Composed: Copy with GPU GDI,2026-8-20 19:21:06.277462500,4.9924,4.9924,0.0000,6.1820,0.1414,0.1414,0.0000,NA,NA,1.6732,11473.2980,NA,NA,NA
python.exe,24084,0x0,Other,-1,0,0,Composed: Copy with GPU GDI,2026-8-20 19:21:06.282454900,1.0380,1.0380,0.0000,0.0000,5.8817,1.2861,4.5956,11.7530,13.3684,NA,11478.2904,NA,NA,NA
python.exe,24084,0x0,Other,-1,0,0,Composed: Copy with GPU GDI,2026-8-20 19:21:06.283492900,6.2825,6.2825,0.0000,0.2961,6.0716,0.1890,5.8826,24.0834,3.3041,-12.3304,11479.3284,NA,NA,NA
python.exe,24084,0x0,Other,-1,0,0,Composed: Copy with GPU GDI,2026-8-20 19:21:06.289775400,5.8202,5.8202,0.0000,7.4205,0.1575,0.1575,0.0000,NA,NA,2.9784,11485.6109,NA,NA,NA
python.exe,24084,0x0,Other,-1,0,0,Composed: Copy with GPU GDI,2026-8-20 19:21:06.295595600,0.5186,0.5186,0.0000,0.0000,7.3321,1.6973,5.6348,15.2848,8.8376,NA,11491.4311,NA,NA,NA
python.exe,24084,0x0,Other,-1,0,0,Composed: Copy with GPU GDI,2026-8-20 19:21:06.296114200,8.7263,8.7263,0.0000,1.2419,7.6107,0.1930,7.4177,23.6038,6.0570,-8.3190,11491.9497,NA,NA,NA
python.exe,24084,0x0,Other,-1,0,0,Composed: Copy with GPU GDI,2026-8-20 19:21:06.304840500,2.8645,2.8645,0.0000,0.1302,2.7996,0.1926,2.6070,20.9345,1.7663,2.6693,11500.6760,NA,NA,NA
python.exe,24084,0x0,Other,-1,0,0,Composed: Copy with GPU GDI,2026-8-20 19:21:06.307705000,4.9284,4.9284,0.0000,0.0706,6.0323,1.2501,4.7822,NA,NA,1.0982,11503.5405,NA,NA,NA
python.exe,24084,0x0,Other,-1,0,0,Composed: Copy with GPU GDI,2026-8-20 19:21:06.312633400,3.6154,3.6154,0.0000,1.1803,2.5578,0.1944,2.3634,14.9079,10.3753,NA,11508.4689,NA,NA,NA
python.exe,24084,0x0,Other,-1,0,0,Composed: Copy with GPU GDI,2026-8-20 19:21:06.316248800,3.7331,3.7331,0.0000,0.1265,3.6777,0.1282,3.5495,21.6678,6.0770,-6.7599,11512.0843,NA,NA,NA
python.exe,24084,0x0,Other,-1,0,0,Composed: Copy with GPU GDI,2026-8-20 19:21:06.319981900,7.8037,7.8037,0.0000,0.0755,7.8425,0.1865,7.6560,NA,NA,-2.3439,11515.8174,NA,NA,NA
python.exe,24084,0x0,Other,-1,0,0,Composed: Copy with GPU GDI,2026-8-20 19:21:06.327785600,1.2840,1.2840,0.0000,0.1176,2.2373,1.1388,1.0985,16.2080,6.0459,NA,11523.6211,NA,NA,NA
python.exe,24084,0x0,Other,-1,0,0,Composed: Copy with GPU GDI,2026-8-20 19:21:06.329069600,4.4078,4.4078,0.0000,1.0744,3.4230,0.1949,3.2281,20.9699,6.0681,-4.7619,11524.9051,NA,NA,NA
python.exe,24084,0x0,Other,-1,0,0,Composed: Copy with GPU GDI,2026-8-20 19:21:06.333477400,4.6329,4.6329,0.0000,0.0936,4.6065,0.2391,4.3674,22.6302,4.7727,-1.6603,11529.3129,NA,NA,NA
python.exe,24084,0x0,Other,-1,0,0,Composed: Copy with GPU GDI,2026-8-20 19:21:06.338110300,5.8066,5.8066,0.0000,0.0721,5.9655,0.3191,5.6464,NA,NA,-0.1398,11533.9458,NA,NA,NA
python.exe,24084,0x0,Other,-1,0,0,Composed: Copy with GPU GDI,2026-8-20 19:21:06.343916900,1.4134,1.4134,0.0000,0.2356,2.2495,1.1546,1.0949,16.9634,7.3679,NA,11539.7524,NA,NA,NA
python.exe,24084,0x0,Other,-1,0,0,Composed: Copy with GPU GDI,2026-8-20 19:21:06.345330300,6.1040,6.1040,0.0000,1.0749,5.1323,0.1833,4.9490,NA,NA,NA,NA,NA,NA,NA
python.exe,24084,0x0,Other,-1,0,0,Composed: Copy with GPU GDI,2026-8-20 19:21:06.351434300,4.5238,4.5238,0.0000,0.1057,4.4789,0.1157,4.3632,16.8139,9.2978,0.1495,11547.2698,NA,NA,NA
python.exe,24084,0x0,Other,-1,0,0,Composed: Copy with GPU GDI,2026-8-20 19:21:06.355958100,6.7625,6.7625,0.0000,0.0649,6.7833,0.1904,6.5929,NA,NA,-4.7740,11551.7936,NA,NA,NA
python.exe,24084,0x0,Other,-1,0,0,Composed: Copy with GPU GDI,2026-8-20 19:21:06.362720600,0.6692,0.6692,0.0000,0.0889,2.0816,1.5922,0.4894,14.8254,8.9022,NA,11558.5561,NA,NA,NA
python.exe,24084,0x0,Other,-1,0,0,Composed: Copy with GPU GDI,2026-8-20 19:21:06.363389800,8.2941,8.2941,0.0000,1.5039,6.9142,0.1912,6.7230,NA,NA,NA,NA,NA,NA,NA
python.exe,24084,0x0,Other,-1,0,0,Composed: Copy with GPU GDI,2026-8-20 19:21:06.371683900,2.3858,2.3858,0.0000,0.1280,2.3426,0.1339,2.2087,14.7643,7.7609,0.0611,11567.5194,NA,NA,NA
python.exe,24084,0x0,Other,-1,0,0,Composed: Copy with GPU GDI,2026-8-20 19:21:06.374069700,8.9130,8.9130,0.0000,10.0889,0.1499,0.1499,0.0000,NA,NA,-5.3751,11569.9052,NA,NA,NA
python.exe,24084,0x0,Other,-1,0,0,Composed: Copy with GPU GDI,2026-8-20 19:21:06.382982700,0.1304,0.1304,0.0000,0.0000,10.0003,1.2578,8.7425,11.2264,10.4359,NA,11578.8182,NA,NA,NA
python.exe,24084,0x0,Other,-1,0,0,Composed: Copy with GPU GDI,2026-8-20 19:21:06.383113100,3.9282,3.9282,0.0000,1.1983,3.3631,0.6981,2.6650,21.5319,6.0594,-10.3055,11578.9486,NA,NA,NA
python.exe,24084,0x0,Other,-1,0,0,Composed: Copy with GPU GDI,2026-8-20 19:21:06.387041300,7.2937,7.2937,0.0000,0.6358,6.7805,0.1887,6.5918,NA,NA,-2.1312,11582.8768,NA,NA,NA
python.exe,24084,0x0,Other,-1,0,0,Composed: Copy with GPU GDI,2026-8-20 19:21:06.394335000,1.1628,1.1628,0.0000,0.1264,2.0746,1.1230,0.9516,16.3694,6.0724,NA,11590.1705,NA,NA,NA
python.exe,24084,0x0,Other,-1,0,0,Composed: Copy with GPU GDI,2026-8-20 19:21:06.395497800,3.2360,3.2360,0.0000,1.0416,2.2663,0.2471,2.0192,21.2790,6.0696,-4.9096,11591.3333,NA,NA,NA
python.exe,24084,0x0,Other,-1,0,0,Composed: Copy with GPU GDI,2026-8-20 19:21:06.398733800,5.8834,5.8834,0.0000,0.0778,5.9884,0.2517,5.7367,24.1126,4.6982,-2.8336,11594.5693,NA,NA,NA
python.exe,24084,0x0,Other,-1,0,0,Composed: Copy with GPU GDI,2026-8-20 19:21:06.404617200,6.4469,6.4469,0.0000,0.1870,6.8382,0.8677,5.9705,NA,NA,1.1852,11600.4527,NA,NA,NA
python.exe,24084,0x0,Other,-1,0,0,Composed: Copy with GPU GDI,2026-8-20 19:21:06.411064100,0.8739,0.8739,0.0000,0.5828,1.3445,1.1216,0.2229,16.4805,7.4571,NA,11606.8996,NA,NA,NA
python.exe,24084,0x0,Other,-1,0,0,Composed: Copy with GPU GDI,2026-8-20 19:21:06.411938000,5.4979,5.4979,0.0000,1.0564,5.0684,0.7289,4.3395,23.0637,6.0456,-6.5832,11607.7735,NA,NA,NA
python.exe,24084,0x0,Other,-1,0,0,Composed: Copy with GPU GDI,2026-8-20 19:21:06.417435900,5.6762,5.6762,0.0000,0.6285,5.1412,0.3526,4.7886,23.6114,3.1590,-0.5477,11613.2714,NA,NA,NA
python.exe,24084,0x0,Other,-1,0,0,Composed: Copy with GPU GDI,2026-8-20 19:21:06.423112100,5.5296,5.5296,0.0000,7.1403,0.1592,0.1592,0.0000,NA,NA,2.5172,11618.9476,NA,NA,NA
python.exe,24084,0x0,Other,-1,0,0,Composed: Copy with GPU GDI,2026-8-20 19:21:06.428641700,1.1887,1.1887,0.0000,0.0000,7.0504,1.6911,5.3593,NA,NA,NA,NA,NA,NA,NA
python.exe,24084,0x0,Other,-1,0,0,Composed: Copy with GPU GDI,2026-8-20 19:21:06.429830400,4.9510,4.9510,0.0000,0.5839,4.5006,0.2000,4.3006,14.3759,8.9696,NA,11625.6659,NA,NA,NA
python.exe,24084,0x0,Other,-1,0,0,Composed: Copy with GPU GDI,2026-8-20 19:21:06.434781400,7.0217,7.0217,0.0000,0.1375,6.9705,0.1939,6.7766,NA,NA,-4.0186,11630.6169,NA,NA,NA
python.exe,24084,0x0,Other,-1,0,0,Composed: Copy with GPU GDI,2026-8-20 19:21:06.441803100,3.8333,3.8333,0.0000,0.0926,4.7639,1.1136,3.6503,11.3728,12.1352,NA,11637.6386,NA,NA,NA
python.exe,24084,0x0,Other,-1,0,0,Composed: Copy with GPU GDI,2026-8-20 19:21:06.445636400,4.5777,4.5777,0.0000,1.0263,3.6780,0.2016,3.4764,19.6747,6.0625,-8.3019,11641.4719,NA,NA,NA
python.exe,24084,0x0,Other,-1,0,0,Composed: Copy with GPU GDI,2026-8-20 19:21:06.450214100,3.6888,3.6888,0.0000,0.1308,3.8071,0.3446,3.4625,21.1595,6.0679,-1.4848,11646.0496,NA,NA,NA
python.exe,24084,0x0,Other,-1,0,0,Composed: Copy with GPU GDI,2026-8-20 19:21:06.453902900,6.6222,6.6222,0.0000,0.2530,6.4860,0.1903,6.2957,NA,NA,NA,NA,NA,NA,NA
python.exe,24084,0x0,Other,-1,0,0,Composed: Copy with GPU GDI,2026-8-20 19:21:06.460525100,1.0184,1.0184,0.0000,0.1205,1.9410,1.1133,0.8277,NA,NA,4.2431,11656.3606,NA,NA,NA
python.exe,24084,0x0,Other,-1,0,0,Composed: Copy with GPU GDI,2026-8-20 19:21:06.461543500,3.2525,3.2525,0.0000,1.0462,2.3114,0.2067,2.1047,15.8980,6.0789,NA,11657.3790,NA,NA,NA
python.exe,24084,0x0,Other,-1,0,0,Composed: Copy with GPU GDI,2026-8-20 19:21:06.464796000,7.9749,7.9749,0.0000,0.1093,7.9863,0.1921,7.7942,18.7244,10.6858,-2.8264,11660.6315,NA,NA,NA
python.exe,24084,0x0,Other,-1,0,0,Composed: Copy with GPU GDI,2026-8-20 19:21:06.472770900,6.0805,6.0805,0.0000,0.1245,6.0746,0.1860,5.8886,NA,NA,-2.7109,11668.6064,NA,NA,NA
python.exe,24084,0x0,Other,-1,0,0,Composed: Copy with GPU GDI,2026-8-20 19:21:06.478851400,0.4890,0.4890,0.0000,0.1226,1.3939,1.1032,0.2907,15.3548,7.5061,NA,11674.6869,NA,NA,NA
python.exe,24084,0x0,Other,-1,0,0,Composed: Copy with GPU GDI,2026-8-20 19:21:06.479340400,4.6296,4.6296,0.0000,1.0306,4.5150,1.0421,3.4729,22.3719,6.0658,-7.0171,11675.1759,NA,NA,NA
python.exe,24084,0x0,Other,-1,0,0,Composed: Copy with GPU GDI,2026-8-20 19:21:06.483970000,5.9650,5.9650,0.0000,0.9188,5.1409,0.1976,4.9433,NA,NA,NA,NA,NA,NA,NA
python.exe,24084,0x0,Other,-1,0,0,Composed: Copy with GPU GDI,2026-8-20 19:21:06.489935000,5.0367,5.0367,0.0000,0.0973,5.0506,0.2020,4.8486,17.8431,3.0923,4.5288,11685.7705,NA,NA,NA
python.exe,24084,0x0,Other,-1,0,0,Composed: Copy with GPU GDI,2026-8-20 19:21:06.494971700,0.5261,0.5261,0.0000,0.1149,2.0179,1.6783,0.3396,15.8987,2.9889,1.9444,11690.8072,NA,NA,NA
python.exe,24084,0x0,Other,-1,0,0,Composed: Copy with GPU GDI,2026-8-20 19:21:06.495497800,9.6187,9.6187,0.0000,1.6109,8.1227,0.1944,7.9283,18.3615,12.1156,-2.4628,11691.3333,NA,NA,NA
python.exe,24084,0x0,Other,-1,0,0,Composed: Copy with GPU GDI,2026-8-20 19:21:06.505116500,3.5423,3.5423,0.0000,0.1183,3.5979,0.2810,3.3169,NA,NA,-2.4969,11700.9520,NA,NA,NA
python.exe,24084,0x0,Other,-1,0,0,Composed: Copy with GPU GDI,2026-8-20 19:21:06.508658800,4.2232,4.2232,0.0000,0.1774,5.1113,1.1645,3.9468,17.3161,6.0653,NA,11704.4943,NA,NA,NA
python.exe,24084,0x0,Other,-1,0,0,Composed: Copy with GPU GDI,2026-8-20 19:21:06.512882000,3.4553,3.4553,0.0000,1.0709,2.5041,0.1938,2.3103,NA,NA,NA,NA,NA,NA,NA
python.exe,24084,0x0,Other,-1,0,0,Composed: Copy with GPU GDI,2026-8-20 19:21:06.516337300,3.2758,3.2758,0.0000,0.1229,3.2176,0.1192,3.0984,15.7029,6.0697,1.6132,11712.1728,NA,NA,NA
python.exe,24084,0x0,Other,-1,0,0,Composed: Copy with GPU GDI,2026-8-20 19:21:06.519613100,7.7649,7.7649,0.0000,0.0692,7.7727,0.1956,7.5771,NA,NA,NA,NA,NA,NA,NA
python.exe,24084,0x0,Other,-1,0,0,Composed: Copy with GPU GDI,2026-8-20 19:21:06.527378000,1.6067,1.6067,0.0000,0.0813,2.5570,1.1072,1.4498,NA,NA,4.9710,11723.2135,NA,NA,NA
python.exe,24084,0x0,Other,-1,0,0,Composed: Copy with GPU GDI,2026-8-20 19:21:06.528984700,2.7024,2.7024,0.0000,1.0343,1.7757,0.1918,1.5839,9.1252,12.1376,NA,11724.8202,NA,NA,NA
python.exe,24084,0x0,Other,-1,0,0,Composed: Copy with GPU GDI,2026-8-20 19:21:06.531687100,6.8008,6.8008,0.0000,0.1126,6.8002,0.1950,6.6052,18.5604,10.6293,-9.4352,11727.5226,NA,NA,NA
python.exe,24084,0x0,Other,-1,0,0,Composed: Copy with GPU GDI,2026-8-20 19:21:06.538487900,6.4444,6.4444,0.0000,0.1154,6.4695,0.2218,6.2477,NA,NA,-3.8285,11734.3234,NA,NA,NA
python.exe,24084,0x0,Other,-1,0,0,Composed: Copy with GPU GDI,2026-8-20 19:21:06.544932300,0.5792,0.5792,0.0000,0.1440,1.4516,1.1014,0.3502,15.9445,7.5673,NA,11740.7678,NA,NA,NA
python.exe,24084,0x0,Other,-1,0,0,Composed: Copy with GPU GDI,2026-8-20 19:21:06.545511500,4.9065,4.9065,0.0000,1.0194,3.9733,0.2482,3.7251,22.9326,6.1162,-6.9881,11741.3470,NA,NA,NA
python.exe,24084,0x0,Other,-1,0,0,Composed: Copy with GPU GDI,2026-8-20 19:21:06.550418000,5.8684,5.8684,0.0000,0.0918,5.9668,0.2780,5.6888,NA,NA,NA,NA,NA,NA,NA
python.exe,24084,0x0,Other,-1,0,0,Composed: Copy with GPU GDI,2026-8-20 19:21:06.556286400,5.5469,5.5469,0.0000,0.1949,5.4539,0.1866,5.2673,18.2739,2.9772,4.6587,11752.1219,NA,NA,NA
python.exe,24084,0x0,Other,-1,0,0,Composed: Copy with GPU GDI,2026-8-20 19:21:06.561833300,0.9504,0.9504,0.0000,0.1062,2.4190,1.6523,0.7667,NA,NA,2.5697,11757.6688,NA,NA,NA
python.exe,24084,0x0,Other,-1,0,0,Composed: Copy with GPU GDI,2026-8-20 19:21:06.562783700,5.5250,5.5250,0.0000,1.5786,4.1427,0.2762,3.8665,14.7538,9.1122,NA,11758.6192,NA,NA,NA
python.exe,24084,0x0,Other,-1,0,0,Composed: Copy with GPU GDI,2026-8-20 19:21:06.568308700,6.7450,6.7450,0.0000,0.2001,6.6103,0.1922,6.4181,NA,NA,-3.5872,11764.1442,NA,NA,NA
python.exe,24084,0x0,Other,-1,0,0,Composed: Copy with GPU GDI,2026-8-20 19:21:06.575053700,4.4641,4.4641,0.0000,0.0711,5.3894,1.1030,4.2864,11.5960,12.1169,NA,11770.8892,NA,NA,NA
python.exe,24084,0x0,Other,-1,0,0,Composed: Copy with GPU GDI,2026-8-20 19:21:06.579517800,4.4064,4.4064,0.0000,0.9992,3.5056,0.1911,3.3145,19.2488,6.0792,-7.6528,11775.3533,NA,NA,NA
python.exe,24084,0x0,Other,-1,0,0,Composed: Copy with GPU GDI,2026-8-20 19:21:06.583924200,3.2816,3.2816,0.0000,0.1028,3.7688,0.6748,3.0940,20.9216,6.0258,-1.6728,11779.7597,NA,NA,NA
python.exe,24084,0x0,Other,-1,0,0,Composed: Copy with GPU GDI,2026-8-20 19:21:06.587205800,6.8149,6.8149,0.0000,0.5937,6.3301,0.1958,6.1343,NA,NA,NA,NA,NA,NA,NA
python.exe,24084,0x0,Other,-1,0,0,Composed: Copy with GPU GDI,2026-8-20 19:21:06.594020700,1.4252,1.4252,0.0000,0.1137,2.4167,1.1935,1.2232,NA,NA,4.0707,11789.8562,NA,NA,NA
python.exe,24084,0x0,Other,-1,0,0,Composed: Copy with GPU GDI,2026-8-20 19:21:06.595445900,3.0683,3.0683,0.0000,1.1081,2.0877,0.2022,1.8855,15.4257,6.1004,NA,11791.2814,NA,NA,NA
python.exe,24084,0x0,Other,-1,0,0,Composed: Copy with GPU GDI,2026-8-20 19:21:06.598514200,6.8641,6.8641,0.0000,0.1311,7.0355,0.4674,6.5681,NA,NA,NA,NA,NA,NA,NA
python.exe,24084,0x0,Other,-1,0,0,Composed: Copy with GPU GDI,2026-8-20 19:21:06.605378300,4.8217,4.8217,0.0000,0.3070,4.5814,0.1172,4.4642,11.5937,10.5662,3.8320,11801.2138,NA,NA,NA
python.exe,24084,0x0,Other,-1,0,0,Composed: Copy with GPU GDI,2026-8-20 19:21:06.610200000,2.1158,2.1158,0.0000,0.0703,3.1101,1.1587,1.9514,NA,NA,-5.7445,11806.0355,NA,NA,NA
python.exe,24084,0x0,Other,-1,0,0,Composed: Copy with GPU GDI,2026-8-20 19:21:06.612315800,3.8427,3.8427,0.0000,1.0678,2.9016,0.2048,2.6968,15.2224,7.6397,NA,11808.1513,NA,NA,NA
python.exe,24084,0x0,Other,-1,0,0,Composed: Copy with GPU GDI,2026-8-20 19:21:06.616158500,6.6197,6.6197,0.0000,0.1301,6.5909,0.1943,6.3966,19.0194,9.0278,-3.7970,11811.9940,NA,NA,NA
python.exe,24084,0x0,Other,-1,0,0,Composed: Copy with GPU GDI,2026-8-20 19:21:06.622778200,6.1302,6.1302,0.0000,7.3274,0.1515,0.1515,0.0000,NA,NA,-2.4081,11818.6137,NA,NA,NA
python.exe,24084,0x0,Other,-1,0,0,Composed: Copy with GPU GDI,2026-8-20 19:21:06.628908400,0.5419,0.5419,0.0000,0.0000,7.2228,1.3095,5.9133,NA,NA,NA,NA,NA,NA,NA
python.exe,24084,0x0,Other,-1,0,0,Composed: Copy with GPU GDI,2026-8-20 19:21:06.629450300,5.3583,5.3583,0.0000,0.8099,4.6416,0.1867,4.4549,14.7554,9.1699,NA,11825.2858,NA,NA,NA
python.exe,24084,0x0,Other,-1,0,0,Composed: Copy with GPU GDI,2026-8-20 19:21:06.634808600,6.6196,6.6196,0.0000,0.0982,6.6083,0.1976,6.4107,NA,NA,NA,NA,NA,NA,NA
python.exe,24084,0x0,Other,-1,0,0,Composed: Copy with GPU GDI,2026-8-20 19:21:06.641428200,4.5733,4.5733,0.0000,5.7480,0.1533,0.1533,0.0000,NA,NA,2.8080,11837.2637,NA,NA,NA
python.exe,24084,0x0,Other,-1,0,0,Composed: Copy with GPU GDI,2026-8-20 19:21:06.646001500,0.3978,0.3978,0.0000,0.0000,5.6573,1.2945,4.3628,7.3741,12.1283,NA,11841.8370,NA,NA,NA
python.exe,24084,0x0,Other,-1,0,0,Composed: Copy with GPU GDI,2026-8-20 19:21:06.646399300,6.9691,6.9691,0.0000,0.9352,6.1775,0.2230,5.9545,19.1046,12.0326,-11.7305,11842.2348,NA,NA,NA
python.exe,24084,0x0,Other,-1,0,0,Composed: Copy with GPU GDI,2026-8-20 19:21:06.653368400,8.1463,8.1463,0.0000,0.1483,8.0890,0.1821,7.9069,NA,NA,NA,NA,NA,NA,NA
python.exe,24084,0x0,Other,-1,0,0,Composed: Copy with GPU GDI,2026-8-20 19:21:06.661514700,1.8428,1.8428,0.0000,0.0947,2.8263,1.1586,1.6677,NA,NA,3.0828,11857.3502,NA,NA,NA
python.exe,24084,0x0,Other,-1,0,0,Composed: Copy with GPU GDI,2026-8-20 19:21:06.663357500,1.5775,1.5775,0.0000,1.0816,0.6223,0.2024,0.4199,14.1790,6.1652,NA,11859.1930,NA,NA,NA
python.exe,24084,0x0,Other,-1,0,0,Composed: Copy with GPU GDI,2026-8-20 19:21:06.664935000,7.2588,7.2588,0.0000,0.1307,7.2296,0.1939,7.0357,NA,NA,NA,NA,NA,NA,NA
python.exe,24084,0x0,Other,-1,0,0,Composed: Copy with GPU GDI,2026-8-20 19:21:06.672193800,5.3404,5.3404,0.0000,0.1039,5.3566,0.1942,5.1624,11.5079,10.5098,2.6711,11868.0293,NA,NA,NA
python.exe,24084,0x0,Other,-1,0,0,Composed: Copy with GPU GDI,2026-8-20 19:21:06.677534200,4.9798,4.9798,0.0000,0.1230,5.9268,1.1474,4.7794,16.6773,1.6337,-5.1694,11873.3697,NA,NA,NA
python.exe,24084,0x0,Other,-1,0,0,Composed: Copy with GPU GDI,2026-8-20 19:21:06.682514000,1.9966,1.9966,0.0000,1.0730,1.0948,0.3329,0.7619,NA,NA,NA,NA,NA,NA,NA
python.exe,24084,0x0,Other,-1,0,0,Composed: Copy with GPU GDI,2026-8-20 19:21:06.684510600,4.7595,4.7595,0.0000,0.1752,4.6868,0.1961,4.4907,11.3346,15.0283,5.3427,11880.3461,NA,NA,NA
python.exe,24084,0x0,Other,-1,0,0,Composed: Copy with GPU GDI,2026-8-20 19:21:06.689270100,6.4318,6.4318,0.0000,7.6104,0.1519,0.1519,0.0000,NA,NA,-10.2688,11885.1056,NA,NA,NA
python.exe,24084,0x0,Other,-1,0,0,Composed: Copy with GPU GDI,2026-8-20 19:21:06.695701900,0.7092,0.7092,0.0000,0.0000,7.5045,1.2825,6.2220,NA,NA,NA,NA,NA,NA,NA
python.exe,24084,0x0,Other,-1,0,0,Composed: Copy with GPU GDI,2026-8-20 19:21:06.696411100,5.3568,5.3568,0.0000,0.6255,4.8878,0.2461,4.6417,14.4624,9.2323,NA,11892.2466,NA,NA,NA
python.exe,24084,0x0,Other,-1,0,0,Composed: Copy with GPU GDI,2026-8-20 19:21:06.701767900,5.9651,5.9651,0.0000,0.1625,5.9256,0.1994,5.7262,18.3379,7.4299,-3.8755,11897.6034,NA,NA,NA
python.exe,24084,0x0,Other,-1,0,0,Composed: Copy with GPU GDI,2026-8-20 19:21:06.707733000,4.9541,4.9541,0.0000,0.1269,7.0013,2.2455,4.7558,NA,NA,-1.4648,11903.5685,NA,NA,NA
python.exe,24084,0x0,Other,-1,0,0,Composed: Copy with GPU GDI,2026-8-20 19:21:06.712687100,3.5588,3.5588,0.0000,2.1773,1.5742,0.2645,1.3097,NA,NA,NA,NA,NA,NA,NA
python.exe,24084,0x0,Other,-1,0,0,Composed: Copy with GPU GDI,2026-8-20 19:21:06.716245900,3.0976,3.0976,0.0000,0.1956,2.9791,0.1451,2.8340,11.2898,16.6706,NA,11912.0814,NA,NA,NA
python.exe,24084,0x0,Other,-1,0,0,Composed: Copy with GPU GDI,2026-8-20 19:21:06.719343500,7.8687,7.8687,0.0000,0.0820,7.9708,0.2590,7.7118,NA,NA,NA,NA,NA,NA,NA
python.exe,24084,0x0,Other,-1,0,0,Composed: Copy with GPU GDI,2026-8-20 19:21:06.727212200,2.7517,2.7517,0.0000,0.1876,4.3582,1.8874,2.4708,NA,NA,-5.7043,11923.0477,NA,NA,NA
python.exe,24084,0x0,Other,-1,0,0,Composed: Copy with GPU GDI,2026-8-20 19:21:06.729963900,1.9670,1.9670,0.0000,1.7984,0.3809,0.3030,0.0779,14.2424,6.2332,NA,11925.7994,NA,NA,NA
python.exe,24084,0x0,Other,-1,0,0,Composed: Copy with GPU GDI,2026-8-20 19:21:06.731930900,6.7406,6.7406,0.0000,0.2157,6.7069,0.2564,6.4505,NA,NA,NA,NA,NA,NA,NA
python.exe,24084,0x0,Other,-1,0,0,Composed: Copy with GPU GDI,2026-8-20 19:21:06.738671500,4.8267,4.8267,0.0000,0.1868,4.8044,0.2558,4.5486,11.7680,10.4382,2.4744,11934.5070,NA,NA,NA
python.exe,24084,0x0,Other,-1,0,0,Composed: Copy with GPU GDI,2026-8-20 19:21:06.743498200,2.5154,2.5154,0.0000,0.1685,4.1376,1.8649,2.2727,NA,NA,-5.6115,11939.3337,NA,NA,NA
python.exe,24084,0x0,Other,-1,0,0,Composed: Copy with GPU GDI,2026-8-20 19:21:06.746013600,3.9845,3.9845,0.0000,1.7944,2.3955,0.2740,2.1215,14.8641,7.7711,NA,11941.8491,NA,NA,NA
python.exe,24084,0x0,Other,-1,0,0,Composed: Copy with GPU GDI,2026-8-20 19:21:06.749998100,6.6610,6.6610,0.0000,0.2095,6.6354,0.2667,6.3687,NA,NA,NA,NA,NA,NA,NA
python.exe,24084,0x0,Other,-1,0,0,Composed: Copy with GPU GDI,2026-8-20 19:21:06.756659100,5.5262,5.5262,0.0000,0.1885,5.5016,0.2564,5.2452,11.9897,8.8871,2.8744,11952.4946,NA,NA,NA
python.exe,24084,0x0,Other,-1,0,0,Composed: Copy with GPU GDI,2026-8-20 19:21:06.762185300,0.5476,0.5476,0.0000,0.1673,3.0767,2.7860,0.2907,15.3506,3.2329,-3.3609,11958.0208,NA,NA,NA
python.exe,24084,0x0,Other,-1,0,0,Composed: Copy with GPU GDI,2026-8-20 19:21:06.762732900,8.7405,8.7405,0.0000,2.7001,6.2292,0.2587,5.9705,18.0359,12.1375,-2.6853,11958.5684,NA,NA,NA
python.exe,24084,0x0,Other,-1,0,0,Composed: Copy with GPU GDI,2026-8-20 19:21:06.771473400,3.3768,3.3768,0.0000,0.1917,3.2700,0.1963,3.0737,NA,NA,-3.3970,11967.3089,NA,NA,NA
python.exe,24084,0x0,Other,-1,0,0,Composed: Copy with GPU GDI,2026-8-20 19:21:06.774850200,3.2594,3.2594,0.0000,0.0901,4.9141,1.8275,3.0866,18.0561,6.0755,NA,11970.6857,NA,NA,NA
python.exe,24084,0x0,Other,-1,0,0,Composed: Copy with GPU GDI,2026-8-20 19:21:06.778109600,4.4596,4.4596,0.0000,1.7486,2.8938,0.2711,2.6227,20.8722,6.0590,-2.8161,11973.9451,NA,NA,NA
python.exe,24084,0x0,Other,-1,0,0,Composed: Copy with GPU GDI,2026-8-20 19:21:06.782569200,4.8730,4.8730,0.0000,0.1867,4.9643,0.3574,4.6069,22.4716,5.8316,-1.5994,11978.4047,NA,NA,NA
python.exe,24084,0x0,Other,-1,0,0,Composed: Copy with GPU GDI,2026-8-20 19:21:06.787442200,6.6421,6.6421,0.0000,0.2800,6.5730,0.2832,6.2898,NA,NA,-0.9586,11983.2777,NA,NA,NA
python.exe,24084,0x0,Other,-1,0,0,Composed: Copy with GPU GDI,2026-8-20 19:21:06.794084300,2.0323,2.0323,0.0000,0.2141,3.6092,1.8578,1.7514,16.7881,6.3053,NA,11989.9198,NA,NA,NA
python.exe,24084,0x0,Other,-1,0,0,Composed: Copy with GPU GDI,2026-8-20 19:21:06.796116600,3.4011,3.4011,0.0000,1.7953,2.7088,1.2194,1.4894,21.0611,6.0614,-4.2730,11991.9521,NA,NA,NA
python.exe,24084,0x0,Other,-1,0,0,Composed: Copy with GPU GDI,2026-8-20 19:21:06.799517700,6.8287,6.8287,0.0000,1.1061,5.8999,0.2505,5.6494,23.7214,4.3075,-2.6603,11995.3532,NA,NA,NA
python.exe,24084,0x0,Other,-1,0,0,Composed: Copy with GPU GDI,2026-8-20 19:21:06.806346400,5.4695,5.4695,0.0000,0.1813,5.8711,0.7091,5.1620,NA,NA,2.5212,12002.1819,NA,NA,NA
python.exe,24084,0x0,Other,-1,0,0,Composed: Copy with GPU GDI,2026-8-20 19:21:06.811815900,0.6064,0.6064,0.0000,0.5829,1.8198,1.8198,0.0000,15.7307,7.8319,NA,12007.6514,NA,NA,NA
python.exe,24084,0x0,Other,-1,0,0,Composed: Copy with GPU GDI,2026-8-20 19:21:06.812422300,5.5340,5.5340,0.0000,1.8007,4.9745,1.3221,3.6524,NA,NA,NA,NA,NA,NA,NA
python.exe,24084,0x0,Other,-1,0,0,Composed: Copy with GPU GDI,2026-8-20 19:21:06.817956300,5.1199,5.1199,0.0000,1.2445,3.9459,0.1335,3.8124,17.4222,8.8276,-1.6915,12013.7918,NA,NA,NA
python.exe,24084,0x0,Other,-1,0,0,Composed: Copy with GPU GDI,2026-8-20 19:21:06.823076200,6.6678,6.6678,0.0000,0.0737,7.0912,0.6461,6.4451,NA,NA,NA,NA,NA,NA,NA
python.exe,24084,0x0,Other,-1,0,0,Composed: Copy with GPU GDI,2026-8-20 19:21:06.829744000,0.8481,0.8481,0.0000,0.5023,2.1008,1.8393,0.2615,NA,NA,2.9601,12025.5795,NA,NA,NA
python.exe,24084,0x0,Other,-1,0,0,Composed: Copy with GPU GDI,2026-8-20 19:21:06.830592100,4.3918,4.3918,0.0000,1.7590,2.8432,0.2891,2.5541,13.6140,9.3688,NA,12026.4276,NA,NA,NA
python.exe,24084,0x0,Other,-1,0,0,Composed: Copy with GPU GDI,2026-8-20 19:21:06.834983900,6.1278,6.1278,0.0000,0.2167,6.0954,0.2636,5.8318,18.5910,6.0651,-4.9770,12030.8194,NA,NA,NA
python.exe,24084,0x0,Other,-1,0,0,Composed: Copy with GPU GDI,2026-8-20 19:21:06.841111700,4.6541,4.6541,0.0000,0.1881,6.3212,1.9403,4.3809,NA,NA,NA,NA,NA,NA,NA
python.exe,24084,0x0,Other,-1,0,0,Composed: Copy with GPU GDI,2026-8-20 19:21:06.845765800,4.1345,4.1345,0.0000,1.8605,2.4560,0.2598,2.1962,NA,NA,NA,NA,NA,NA,NA
python.exe,24084,0x0,Other,-1,0,0,Composed: Copy with GPU GDI,2026-8-20 19:21:06.849900300,3.2988,3.2988,0.0000,0.1848,3.1927,0.1470,3.0457,9.7397,17.8963,8.8513,12045.7358,NA,NA,NA
python.exe,24084,0x0,Other,-1,0,0,Composed: Copy with GPU GDI,2026-8-20 19:21:06.853199100,7.9132,7.9132,0.0000,0.0842,8.0083,0.2832,7.7251,NA,NA,NA,NA,NA,NA,NA
python.exe,24084,0x0,Other,-1,0,0,Composed: Copy with GPU GDI,2026-8-20 19:21:06.861112300,0.9039,0.9039,0.0000,0.1822,2.5198,1.8781,0.6417,NA,NA,-6.6843,12056.9478,NA,NA,NA
python.exe,24084,0x0,Other,-1,0,0,Composed: Copy with GPU GDI,2026-8-20 19:21:06.862016200,2.7139,2.7139,0.0000,1.8017,1.1134,0.2755,0.8379,15.5201,6.3693,NA,12057.8517,NA,NA,NA
python.exe,24084,0x0,Other,-1,0,0,Composed: Copy with GPU GDI,2026-8-20 19:21:06.864730100,8.2148,8.2148,0.0000,0.2050,8.1723,0.2590,7.9133,NA,NA,NA,NA,NA,NA,NA
python.exe,24084,0x0,Other,-1,0,0,Composed: Copy with GPU GDI,2026-8-20 19:21:06.872944900,3.8952,3.8952,0.0000,0.1660,3.8062,0.1444,3.6618,10.9607,10.3063,4.5594,12068.7804,NA,NA,NA
python.exe,24084,0x0,Other,-1,0,0,Composed: Copy with GPU GDI,2026-8-20 19:21:06.876840100,6.1176,6.1176,0.0000,8.0843,0.2086,0.2086,0.0000,NA,NA,-6.4111,12072.6756,NA,NA,NA
python.exe,24084,0x0,Other,-1,0,0,Composed: Copy with GPU GDI,2026-8-20 19:21:06.882957700,0.1242,0.1242,0.0000,0.0000,8.0021,2.0617,5.9404,NA,NA,NA,NA,NA,NA,NA
python.exe,24084,0x0,Other,-1,0,0,Composed: Copy with GPU GDI,2026-8-20 19:21:06.883081900,6.3336,6.3336,0.0000,2.0534,4.4584,0.2549,4.2035,11.1300,16.6563,NA,12078.9174,NA,NA,NA
python.exe,24084,0x0,Other,-1,0,0,Composed: Copy with GPU GDI,2026-8-20 19:21:06.889415500,6.0573,6.0573,0.0000,8.0123,0.2419,0.2419,0.0000,NA,NA,-10.3227,12085.2510,NA,NA,NA
python.exe,24084,0x0,Other,-1,0,0,Composed: Copy with GPU GDI,2026-8-20 19:21:06.895472800,0.7903,0.7903,0.0000,0.0000,7.8310,2.0492,5.7818,15.3954,9.4295,NA,12091.3083,NA,NA,NA
python.exe,24084,0x0,Other,-1,0,0,Composed: Copy with GPU GDI,2026-8-20 19:21:06.896263100,8.9242,8.9242,0.0000,1.4111,7.6818,0.2621,7.4197,NA,NA,NA,NA,NA,NA,NA
python.exe,24084,0x0,Other,-1,0,0,Composed: Copy with GPU GDI,2026-8-20 19:21:06.905187300,2.9043,2.9043,0.0000,0.1720,2.8890,0.2202,2.6688,15.1104,7.2413,0.2850,12101.0228,NA,NA,NA
python.exe,24084,0x0,Other,-1,0,0,Composed: Copy with GPU GDI,2026-8-20 19:21:06.908091600,8.6139,8.6139,0.0000,0.1604,8.6093,0.2608,8.3485,NA,NA,-4.3370,12103.9271,NA,NA,NA
python.exe,24084,0x0,Other,-1,0,0,Composed: Copy with GPU GDI,2026-8-20 19:21:06.916705500,0.4569,0.4569,0.0000,0.1604,2.0810,1.8777,0.2033,10.8335,10.9675,NA,12112.5410,NA,NA,NA
python.exe,24084,0x0,Other,-1,0,0,Composed: Copy with GPU GDI,2026-8-20 19:21:06.917162400,3.4776,3.4776,0.0000,1.7907,1.8636,0.2627,1.6009,21.3441,5.6945,-10.5106,12112.9979,NA,NA,NA
python.exe,24084,0x0,Other,-1,0,0,Composed: Copy with GPU GDI,2026-8-20 19:21:06.920640000,7.5281,7.5281,0.0000,0.1784,7.5200,0.2639,7.2561,NA,NA,-2.2169,12116.4755,NA,NA,NA
python.exe,24084,0x0,Other,-1,0,0,Composed: Copy with GPU GDI,2026-8-20 19:21:06.928168100,1.3710,1.3710,0.0000,0.1732,2.9805,1.8608,1.1197,16.0329,6.4224,NA,12124.0036,NA,NA,NA
python.exe,24084,0x0,Other,-1,0,0,Composed: Copy with GPU GDI,2026-8-20 19:21:06.929539100,3.2491,3.2491,0.0000,1.7871,1.6461,0.2803,1.3658,21.0843,6.0661,-5.0514,12125.3746,NA,NA,NA
python.exe,24084,0x0,Other,-1,0,0,Composed: Copy with GPU GDI,2026-8-20 19:21:06.932788200,6.1984,6.1984,0.0000,0.1914,6.1754,0.2808,5.8946,NA,NA,NA,NA,NA,NA,NA
python.exe,24084,0x0,Other,-1,0,0,Composed: Copy with GPU GDI,2026-8-20 19:21:06.938986600,5.3023,5.3023,0.0000,0.1726,5.2842,0.2634,5.0208,17.7029,4.1673,3.3814,12134.8221,NA,NA,NA
python.exe,24084,0x0,Other,-1,0,0,Composed: Copy with GPU GDI,2026-8-20 19:21:06.944288900,1.1022,1.1022,0.0000,0.1573,3.2412,2.3923,0.8489,16.5679,1.9180,1.1350,12140.1244,NA,NA,NA
python.exe,24084,0x0,Other,-1,0,0,Composed: Copy with GPU GDI,2026-8-20 19:21:06.945391100,5.5673,5.5673,0.0000,2.2984,3.3673,0.2655,3.1018,NA,NA,NA,NA,NA,NA,NA
python.exe,24084,0x0,Other,-1,0,0,Composed: Copy with GPU GDI,2026-8-20 19:21:06.950958400,4.9512,4.9512,0.0000,0.1022,5.0058,0.2522,4.7536,11.8164,14.7415,4.7515,12146.7939,NA,NA,NA
python.exe,24084,0x0,Other,-1,0,0,Composed: Copy with GPU GDI,2026-8-20 19:21:06.955909600,6.5604,6.5604,0.0000,8.7465,0.2348,0.2348,0.0000,NA,NA,-9.7903,12151.7451,NA,NA,NA
python.exe,24084,0x0,Other,-1,0,0,Composed: Copy with GPU GDI,2026-8-20 19:21:06.962470000,1.6267,1.6267,0.0000,0.0000,8.5869,2.2760,6.3109,NA,NA,NA,NA,NA,NA,NA
python.exe,24084,0x0,Other,-1,0,0,Composed: Copy with GPU GDI,2026-8-20 19:21:06.964096700,4.3805,4.3805,0.0000,0.7976,3.7644,0.2627,3.5017,13.4196,9.5028,NA,12159.9322,NA,NA,NA
python.exe,24084,0x0,Other,-1,0,0,Composed: Copy with GPU GDI,2026-8-20 19:21:06.968477200,6.5807,6.5807,0.0000,0.1849,6.5307,0.2558,6.2749,18.5419,7.1779,-5.1223,12164.3127,NA,NA,NA
python.exe,24084,0x0,Other,-1,0,0,Composed: Copy with GPU GDI,2026-8-20 19:21:06.975057900,4.7679,4.7679,0.0000,0.1380,7.3269,2.8154,4.5115,NA,NA,-0.5972,12170.8934,NA,NA,NA
python.exe,24084,0x0,Other,-1,0,0,Composed: Copy with GPU GDI,2026-8-20 19:21:06.979825800,3.3552,3.3552,0.0000,2.7006,0.8168,0.2528,0.5640,14.3712,11.0883,NA,12175.6613,NA,NA,NA
python.exe,24084,0x0,Other,-1,0,0,Composed: Copy with GPU GDI,2026-8-20 19:21:06.983181000,4.6982,4.6982,0.0000,0.1650,5.8017,1.3950,4.4067,22.1043,5.5896,-7.7331,12179.0165,NA,NA,NA
python.exe,24084,0x0,Other,-1,0,0,Composed: Copy with GPU GDI,2026-8-20 19:21:06.987879200,6.9198,6.9198,0.0000,1.2728,5.7941,0.2483,5.5458,NA,NA,NA,NA,NA,NA,NA
python.exe,24084,0x0,Other,-1,0,0,Composed: Copy with GPU GDI,2026-8-20 19:21:06.994799000,1.4416,1.4416,0.0000,0.1502,3.0563,1.8560,1.2003,NA,NA,6.0284,12190.6345,NA,NA,NA
python.exe,24084,0x0,Other,-1,0,0,Composed: Copy with GPU GDI,2026-8-20 19:21:06.996240600,1.9828,1.9828,0.0000,1.7709,0.4100,0.2811,0.1289,14.6343,6.5028,NA,12192.0761,NA,NA,NA
python.exe,24084,0x0,Other,-1,0,0,Composed: Copy with GPU GDI,2026-8-20 19:21:06.998223400,6.7947,6.7947,0.0000,0.2043,6.7652,0.2656,6.4996,19.1543,10.1610,-4.5200,12194.0589,NA,NA,NA
python.exe,24084,0x0,Other,-1,0,0,Composed: Copy with GPU GDI,2026-8-20 19:21:07.005018100,7.0661,7.0661,0.0000,0.1786,7.1367,0.3783,6.7584,NA,NA,-3.3663,12200.8536,NA,NA,NA
python.exe,24084,0x0,Other,-1,0,0,Composed: Copy with GPU GDI,2026-8-20 19:21:07.012084200,0.6792,0.6792,0.0000,0.2541,2.6753,2.3347,0.3406,15.4545,8.0414,NA,12207.9197,NA,NA,NA
python.exe,24084,0x0,Other,-1,0,0,Composed: Copy with GPU GDI,2026-8-20 19:21:07.012763400,5.1090,5.1090,0.0000,2.2538,3.0462,0.2756,2.7706,NA,NA,NA,NA,NA,NA,NA
python.exe,24084,0x0,Other,-1,0,0,Composed: Copy with GPU GDI,2026-8-20 19:21:07.017872400,4.5214,4.5214,0.0000,0.1943,4.5081,0.2600,4.2481,17.7077,6.0656,-2.2532,12213.7079,NA,NA,NA
python.exe,24084,0x0,Other,-1,0,0,Composed: Copy with GPU GDI,2026-8-20 19:21:07.022393800,6.2278,6.2278,0.0000,0.1849,6.1871,0.2607,5.9264,19.2519,2.5546,-1.5442,12218.2293,NA,NA,NA
python.exe,24084,0x0,Other,-1,0,0,Composed: Copy with GPU GDI,2026-8-20 19:21:07.028621600,0.5258,0.5258,0.0000,0.1478,3.5587,3.2942,0.2645,NA,NA,3.6732,12224.4571,NA,NA,NA
python.exe,24084,0x0,Other,-1,0,0,Composed: Copy with GPU GDI,2026-8-20 19:21:07.029147400,5.8280,5.8280,0.0000,3.1852,2.8237,0.2677,2.5560,15.0529,9.6072,NA,12224.9829,NA,NA,NA
python.exe,24084,0x0,Other,-1,0,0,Composed: Copy with GPU GDI,2026-8-20 19:21:07.034975400,6.2620,6.2620,0.0000,0.1835,6.2527,0.2649,5.9878,18.8321,6.0398,-3.7792,12230.8109,NA,NA,NA
python.exe,24084,0x0,Other,-1,0,0,Composed: Copy with GPU GDI,2026-8-20 19:21:07.041237400,4.3373,4.3373,0.0000,0.1778,5.9484,1.8740,4.0744,NA,NA,NA,NA,NA,NA,NA
python.exe,24084,0x0,Other,-1,0,0,Composed: Copy with GPU GDI,2026-8-20 19:21:07.045574700,4.2926,4.2926,0.0000,1.7933,2.7113,0.2937,2.4176,14.2726,12.1328,4.5595,12241.4102,NA,NA,NA
python.exe,24084,0x0,Other,-1,0,0,Composed: Copy with GPU GDI,2026-8-20 19:21:07.049867300,4.3825,4.3825,0.0000,0.2146,4.4443,0.3527,4.0916,22.1128,5.5609,-7.8402,12245.7028,NA,NA,NA
python.exe,24084,0x0,Other,-1,0,0,Composed: Copy with GPU GDI,2026-8-20 19:21:07.054249800,6.7750,6.7750,0.0000,0.2787,6.6035,0.2622,6.3413,NA,NA,NA,NA,NA,NA,NA
python.exe,24084,0x0,Other,-1,0,0,Composed: Copy with GPU GDI,2026-8-20 19:21:07.061024800,1.2746,1.2746,0.0000,0.1124,3.0312,1.9633,1.0679,NA,NA,5.5966,12256.8603,NA,NA,NA
python.exe,24084,0x0,Other,-1,0,0,Composed: Copy with GPU GDI,2026-8-20 19:21:07.062299400,2.4904,2.4904,0.0000,1.8733,0.8006,0.2761,0.5245,15.2416,6.5690,NA,12258.1349,NA,NA,NA
python.exe,24084,0x0,Other,-1,0,0,Composed: Copy with GPU GDI,2026-8-20 19:21:07.064789800,8.7983,8.7983,0.0000,0.1882,8.7497,0.2612,8.4885,19.3202,10.0983,-4.0786,12260.6253,NA,NA,NA
python.exe,24084,0x0,Other,-1,0,0,Composed: Copy with GPU GDI,2026-8-20 19:21:07.073588100,4.3911,4.3911,0.0000,0.1429,4.4751,0.2562,4.2189,NA,NA,-1.3000,12269.4236,NA,NA,NA
python.exe,24084,0x0,Other,-1,0,0,Composed: Copy with GPU GDI,2026-8-20 19:21:07.077979200,1.3992,1.3992,0.0000,0.2252,3.4492,2.3624,1.0868,16.2291,14.1742,NA,12273.8147,NA,NA,NA
python.exe,24084,0x0,Other,-1,0,0,Composed: Copy with GPU GDI,2026-8-20 19:21:07.079378400,22.4564,22.4564,0.0000,2.2786,20.2982,0.2646,20.0336,NA,NA,NA,NA,NA,NA,NA
python.exe,24084,0x0,Other,-1,0,0,Composed: Copy with GPU GDI,2026-8-20 19:21:07.101834800,0.4615,0.4615,0.0000,0.1237,0.4047,0.1751,0.2296,6.5477,12.1312,9.6814,12297.6703,NA,NA,NA
python.exe,24084,0x0,Other,-1,0,0,Composed: Copy with GPU GDI,2026-8-20 19:21:07.102296300,1.4073,1.4073,0.0000,0.0707,3.6299,2.3825,1.2474,18.2174,6.0572,-11.6697,12298.1318,NA,NA,NA
python.exe,24084,0x0,Other,-1,0,0,Composed: Copy with GPU GDI,2026-8-20 19:21:07.103703600,5.1193,5.1193,0.0000,2.2964,3.0044,0.2693,2.7351,NA,NA,-4.6499,12299.5391,NA,NA,NA
python.exe,24084,0x0,Other,-1,0,0,Composed: Copy with GPU GDI,2026-8-20 19:21:07.108822900,3.6134,3.6134,0.0000,0.1847,5.2747,1.9231,3.3516,17.7480,6.0721,NA,12304.6584,NA,NA,NA
python.exe,24084,0x0,Other,-1,0,0,Composed: Copy with GPU GDI,2026-8-20 19:21:07.112436300,4.7191,4.7191,0.0000,1.8494,3.0446,0.2655,2.7791,20.2067,6.0861,-2.4587,12308.2718,NA,NA,NA
python.exe,24084,0x0,Other,-1,0,0,Composed: Copy with GPU GDI,2026-8-20 19:21:07.117155400,4.3869,4.3869,0.0000,0.1788,4.7764,0.7298,4.0466,21.5737,6.0376,-1.3670,12312.9909,NA,NA,NA
python.exe,24084,0x0,Other,-1,0,0,Composed: Copy with GPU GDI,2026-8-20 19:21:07.121542300,6.6069,6.6069,0.0000,0.5713,6.3043,0.3772,5.9271,NA,NA,-1.6507,12317.3778,NA,NA,NA
python.exe,24084,0x0,Other,-1,0,0,Composed: Copy with GPU GDI,2026-8-20 19:21:07.128149200,0.7259,0.7259,0.0000,0.2705,2.3475,1.9678,0.3797,16.6175,6.0684,NA,12323.9847,NA,NA,NA
python.exe,24084,0x0,Other,-1,0,0,Composed: Copy with GPU GDI,2026-8-20 19:21:07.128875100,4.7323,4.7323,0.0000,1.8961,3.2270,0.5585,2.6685,NA,NA,NA,NA,NA,NA,NA
python.exe,24084,0x0,Other,-1,0,0,Composed: Copy with GPU GDI,2026-8-20 19:21:07.133607400,4.8943,4.8943,0.0000,0.3952,4.7170,0.2953,4.4217,17.2277,10.0347,-0.6102,12329.4429,NA,NA,NA
python.exe,24084,0x0,Other,-1,0,0,Composed: Copy with GPU GDI,2026-8-20 19:21:07.138501700,6.2854,6.2854,0.0000,0.2214,6.2520,0.2590,5.9930,NA,NA,NA,NA,NA,NA,NA
python.exe,24084,0x0,Other,-1,0,0,Composed: Copy with GPU GDI,2026-8-20 19:21:07.144787100,2.0391,2.0391,0.0000,0.1920,3.7565,1.9959,1.7606,NA,NA,1.1450,12340.6226,NA,NA,NA
python.exe,24084,0x0,Other,-1,0,0,Composed: Copy with GPU GDI,2026-8-20 19:21:07.146826200,3.6784,3.6784,0.0000,1.9143,1.9595,0.2736,1.6859,14.0436,8.1862,NA,12342.6617,NA,NA,NA
python.exe,24084,0x0,Other,-1,0,0,Composed: Copy with GPU GDI,2026-8-20 19:21:07.150504600,5.9754,5.9754,0.0000,0.1995,5.9526,0.2732,5.6794,18.5514,6.0550,-4.5078,12346.3401,NA,NA,NA
python.exe,24084,0x0,Other,-1,0,0,Composed: Copy with GPU GDI,2026-8-20 19:21:07.156480000,6.1637,6.1637,0.0000,0.1821,6.1521,0.2678,5.8843,18.6310,2.4249,-0.0796,12352.3155,NA,NA,NA
python.exe,24084,0x0,Other,-1,0,0,Composed: Copy with GPU GDI,2026-8-20 19:21:07.162643700,0.5058,0.5058,0.0000,0.1754,3.0219,2.8113,0.2106,14.8922,3.6260,3.7388,12358.4792,NA,NA,NA
python.exe,24084,0x0,Other,-1,0,0,Composed: Copy with GPU GDI,2026-8-20 19:21:07.163149500,9.1221,9.1221,0.0000,2.6946,6.6147,0.2645,6.3502,18.0124,12.1442,-3.1202,12358.9850,NA,NA,NA
python.exe,24084,0x0,Other,-1,0,0,Composed: Copy with GPU GDI,2026-8-20 19:21:07.172271600,2.9758,2.9758,0.0000,0.1913,2.8736,0.1582,2.7154,NA,NA,-3.0221,12368.1071,NA,NA,NA
python.exe,24084,0x0,Other,-1,0,0,Composed: Copy with GPU GDI,2026-8-20 19:21:07.175247400,3.7780,3.7780,0.0000,0.0944,5.5972,1.9955,3.6017,18.0587,6.0722,NA,12371.0829,NA,NA,NA
python.exe,24084,0x0,Other,-1,0,0,Composed: Copy with GPU GDI,2026-8-20 19:21:07.179025400,4.5848,4.5848,0.0000,1.9176,2.8506,0.2590,2.5916,NA,NA,NA,NA,NA,NA,NA
python.exe,24084,0x0,Other,-1,0,0,Composed: Copy with GPU GDI,2026-8-20 19:21:07.183610200,2.6909,2.6909,0.0000,0.1861,2.5883,0.1641,2.4242,15.7681,11.5005,2.2906,12379.4457,NA,NA,NA
python.exe,24084,0x0,Other,-1,0,0,Composed: Copy with GPU GDI,2026-8-20 19:21:07.186301100,9.3134,9.3134,0.0000,0.0884,9.4082,0.2979,9.1103,NA,NA,-8.8096,12382.1366,NA,NA,NA
python.exe,24084,0x0,Other,-1,0,0,Composed: Copy with GPU GDI,2026-8-20 19:21:07.195614500,0.6699,0.6699,0.0000,0.1863,2.7027,2.3286,0.3741,15.2643,6.6915,NA,12391.4500,NA,NA,NA
python.exe,24084,0x0,Other,-1,0,0,Composed: Copy with GPU GDI,2026-8-20 19:21:07.196284400,3.8949,3.8949,0.0000,2.2226,1.8140,0.2869,1.5271,21.2859,6.0842,-6.0216,12392.1199,NA,NA,NA
python.exe,24084,0x0,Other,-1,0,0,Composed: Copy with GPU GDI,2026-8-20 19:21:07.200179300,5.7005,5.7005,0.0000,0.1454,5.7528,0.2799,5.4729,NA,NA,NA,NA,NA,NA,NA
python.exe,24084,0x0,Other,-1,0,0,Composed: Copy with GPU GDI,2026-8-20 19:21:07.205879800,5.2340,5.2340,0.0000,0.2008,5.2073,0.2695,4.9378,17.7747,3.8864,3.5112,12401.7153,NA,NA,NA
python.exe,24084,0x0,Other,-1,0,0,Composed: Copy with GPU GDI,2026-8-20 19:21:07.211113800,5.1554,5.1554,0.0000,7.2166,0.2449,0.2449,0.0000,NA,NA,1.3476,12406.9493,NA,NA,NA
python.exe,24084,0x0,Other,-1,0,0,Composed: Copy with GPU GDI,2026-8-20 19:21:07.216269200,1.0590,1.0590,0.0000,0.0000,7.0383,2.1742,4.8641,11.2717,14.2912,NA,12412.1047,NA,NA,NA
python.exe,24084,0x0,Other,-1,0,0,Composed: Copy with GPU GDI,2026-8-20 19:21:07.217328200,6.7043,6.7043,0.0000,1.2498,5.6571,0.2926,5.3645,NA,NA,NA,NA,NA,NA,NA
python.exe,24084,0x0,Other,-1,0,0,Composed: Copy with GPU GDI,2026-8-20 19:21:07.224032500,5.0421,5.0421,0.0000,0.2052,5.0138,0.2737,4.7401,17.7996,2.3698,-6.5279,12419.8680,NA,NA,NA
python.exe,24084,0x0,Other,-1,0,0,Composed: Copy with GPU GDI,2026-8-20 19:21:07.229074600,0.8828,0.8828,0.0000,0.1814,3.7046,3.1097,0.5949,15.1273,3.7021,2.6723,12424.9101,NA,NA,NA
python.exe,24084,0x0,Other,-1,0,0,Composed: Copy with GPU GDI,2026-8-20 19:21:07.229957400,8.2929,8.2929,0.0000,3.0066,5.4707,0.2635,5.2072,NA,NA,NA,NA,NA,NA,NA
python.exe,24084,0x0,Other,-1,0,0,Composed: Copy with GPU GDI,2026-8-20 19:21:07.238250300,3.2791,3.2791,0.0000,0.1877,3.1625,0.1436,3.0189,9.6537,12.1380,5.4736,12434.0858,NA,NA,NA
python.exe,24084,0x0,Other,-1,0,0,Composed: Copy with GPU GDI,2026-8-20 19:21:07.241529400,3.7779,3.7779,0.0000,0.0745,5.6406,2.0118,3.6288,NA,NA,NA,NA,NA,NA,NA
python.exe,24084,0x0,Other,-1,0,0,Composed: Copy with GPU GDI,2026-8-20 19:21:07.245307300,3.9534,3.9534,0.0000,1.9404,2.2842,0.3894,1.8948,14.7347,12.1195,-5.0810,12441.1428,NA,NA,NA
python.exe,24084,0x0,Other,-1,0,0,Composed: Copy with GPU GDI,2026-8-20 19:21:07.249260700,4.8611,4.8611,0.0000,0.2737,4.7376,0.2656,4.4720,22.9008,5.3706,-8.1661,12445.0962,NA,NA,NA
python.exe,24084,0x0,Other,-1,0,0,Composed: Copy with GPU GDI,2026-8-20 19:21:07.254121800,6.4168,6.4168,0.0000,0.1532,6.9331,0.7734,6.1597,NA,NA,-0.5095,12449.9573,NA,NA,NA
python.exe,24084,0x0,Other,-1,0,0,Composed: Copy with GPU GDI,2026-8-20 19:21:07.260538600,1.4542,1.4542,0.0000,0.6723,2.7760,2.0680,0.7080,16.9935,6.7757,NA,12456.3741,NA,NA,NA
python.exe,24084,0x0,Other,-1,0,0,Composed: Copy with GPU GDI,2026-8-20 19:21:07.261992800,4.6818,4.6818,0.0000,1.9982,4.1535,1.5413,2.6122,22.3150,6.0555,-5.3215,12457.8283,NA,NA,NA
python.exe,24084,0x0,Other,-1,0,0,Composed: Copy with GPU GDI,2026-8-20 19:21:07.266674600,5.6059,5.6059,0.0000,1.4736,4.2058,0.1371,4.0687,NA,NA,NA,NA,NA,NA,NA
python.exe,24084,0x0,Other,-1,0,0,Composed: Copy with GPU GDI,2026-8-20 19:21:07.272280500,4.8283,4.8283,0.0000,0.0777,4.9439,0.2621,4.6818,18.0828,3.8396,4.2322,12468.1160,NA,NA,NA
python.exe,24084,0x0,Other,-1,0,0,Composed: Copy with GPU GDI,2026-8-20 19:21:07.277108800,6.1626,6.1626,0.0000,8.2371,0.2579,0.2579,0.0000,NA,NA,0.9887,12472.9443,NA,NA,NA
python.exe,24084,0x0,Other,-1,0,0,Composed: Copy with GPU GDI,2026-8-20 19:21:07.283271400,0.3777,0.3777,0.0000,0.0000,8.0399,2.1589,5.8810,NA,NA,NA,NA,NA,NA,NA
python.exe,24084,0x0,Other,-1,0,0,Composed: Copy with GPU GDI,2026-8-20 19:21:07.283649100,6.2384,6.2384,0.0000,1.9591,4.4650,0.2674,4.1976,10.5538,16.6581,NA,12479.4846,NA,NA,NA
python.exe,24084,0x0,Other,-1,0,0,Composed: Copy with GPU GDI,2026-8-20 19:21:07.289887500,5.3224,5.3224,0.0000,7.4709,0.2214,0.2214,0.0000,NA,NA,-10.4197,12485.7230,NA,NA,NA
python.exe,24084,0x0,Other,-1,0,0,Composed: Copy with GPU GDI,2026-8-20 19:21:07.295209900,1.1534,1.1534,0.0000,0.0000,7.2824,2.2245,5.0579,NA,NA,NA,NA,NA,NA,NA
python.exe,24084,0x0,Other,-1,0,0,Composed: Copy with GPU GDI,2026-8-20 19:21:07.296363300,5.5665,5.5665,0.0000,1.2198,4.5311,0.2761,4.2550,14.4977,9.8374,NA,12492.1988,NA,NA,NA
python.exe,24084,0x0,Other,-1,0,0,Composed: Copy with GPU GDI,2026-8-20 19:21:07.301929800,7.1823,7.1823,0.0000,0.1911,7.3672,0.4719,6.8953,18.7686,6.8290,-4.2709,12497.7653,NA,NA,NA
python.exe,24084,0x0,Other,-1,0,0,Composed: Copy with GPU GDI,2026-8-20 19:21:07.309112100,8.2364,8.2364,0.0000,0.3800,8.0236,0.2587,7.7649,NA,NA,0.3533,12504.9476,NA,NA,NA
python.exe,24084,0x0,Other,-1,0,0,Composed: Copy with GPU GDI,2026-8-20 19:21:07.317348500,0.2193,0.2193,0.0000,0.1672,1.9398,1.9398,0.0000,10.1789,11.3795,NA,12513.1840,NA,NA,NA
python.exe,24084,0x0,Other,-1,0,0,Composed: Copy with GPU GDI,2026-8-20 19:21:07.317567800,3.5366,3.5366,0.0000,1.8924,1.7754,0.2687,1.5067,21.3391,5.3012,-11.1602,12513.4033,NA,NA,NA
python.exe,24084,0x0,Other,-1,0,0,Composed: Copy with GPU GDI,2026-8-20 19:21:07.321104400,7.2250,7.2250,0.0000,0.1371,7.2576,0.2954,6.9622,NA,NA,NA,NA,NA,NA,NA
python.exe,24084,0x0,Other,-1,0,0,Composed: Copy with GPU GDI,2026-8-20 19:21:07.328329400,1.5743,1.5743,0.0000,3.6468,0.2423,0.2423,0.0000,NA,NA,5.4604,12524.1649,NA,NA,NA
python.exe,24084,0x0,Other,-1,0,0,Composed: Copy with GPU GDI,2026-8-20 19:21:07.329903700,1.7569,1.7569,0.0000,0.0000,3.4747,2.1550,1.3197,14.3044,6.8259,NA,12525.7392,NA,NA,NA
python.exe,24084,0x0,Other,-1,0,0,Composed: Copy with GPU GDI,2026-8-20 19:21:07.331660600,7.2480,7.2480,0.0000,0.5623,6.8891,0.2743,6.6148,NA,NA,NA,NA,NA,NA,NA
python.exe,24084,0x0,Other,-1,0,0,Composed: Copy with GPU GDI,2026-8-20 19:21:07.338908600,5.8013,5.8013,0.0000,0.2092,5.8525,0.3426,5.5099,12.1254,12.1317,2.1790,12534.7441,NA,NA,NA
python.exe,24084,0x0,Other,-1,0,0,Composed: Copy with GPU GDI,2026-8-20 19:21:07.344709900,4.7751,4.7751,0.0000,6.8777,0.2452,0.2452,0.0000,NA,NA,-6.3304,12540.5454,NA,NA,NA
python.exe,24084,0x0,Other,-1,0,0,Composed: Copy with GPU GDI,2026-8-20 19:21:07.349485000,0.6650,0.6650,0.0000,0.0000,6.6146,2.1894,4.4252,NA,NA,NA,NA,NA,NA,NA
python.exe,24084,0x0,Other,-1,0,0,Composed: Copy with GPU GDI,2026-8-20 19:21:07.350150000,5.6161,5.6161,0.0000,1.6860,4.1131,0.2717,3.8414,13.0157,12.1275,NA,12545.9855,NA,NA,NA
python.exe,24084,0x0,Other,-1,0,0,Composed: Copy with GPU GDI,2026-8-20 19:21:07.355766100,6.7325,6.7325,0.0000,0.1868,6.7330,0.2608,6.4722,19.5271,6.0725,-6.5114,12551.6016,NA,NA,NA
python.exe,24084,0x0,Other,-1,0,0,Composed: Copy with GPU GDI,2026-8-20 19:21:07.362498600,0.4352,0.4352,0.0000,0.1909,3.9056,3.7365,0.1691,NA,NA,0.6600,12558.3341,NA,NA,NA
python.exe,24084,0x0,Other,-1,0,0,Composed: Copy with GPU GDI,2026-8-20 19:21:07.362933800,9.2042,9.2042,0.0000,3.6644,5.7148,0.2571,5.4577,NA,NA,NA,NA,NA,NA,NA
python.exe,24084,0x0,Other,-1,0,0,Composed: Copy with GPU GDI,2026-8-20 19:21:07.372138000,2.7770,2.7770,0.0000,0.1782,2.6682,0.1398,2.5284,9.2277,12.1345,NA,12567.9735,NA,NA,NA
python.exe,24084,0x0,Other,-1,0,0,Composed: Copy with GPU GDI,2026-8-20 19:21:07.374915000,3.8780,3.8780,0.0000,0.0732,5.6718,1.9424,3.7294,NA,NA,-9.3575,12570.7505,NA,NA,NA
python.exe,24084,0x0,Other,-1,0,0,Composed: Copy with GPU GDI,2026-8-20 19:21:07.378793000,4.0911,4.0911,0.0000,1.8701,2.9574,0.8459,2.1115,NA,NA,NA,NA,NA,NA,NA
python.exe,24084,0x0,Other,-1,0,0,Composed: Copy with GPU GDI,2026-8-20 19:21:07.382884100,3.2409,3.2409,0.0000,0.7392,2.5822,0.1492,2.4330,10.6161,17.3647,NA,12578.7196,NA,NA,NA
python.exe,24084,0x0,Other,-1,0,0,Composed: Copy with GPU GDI,2026-8-20 19:21:07.386125000,8.0753,8.0753,0.0000,0.0850,8.1456,0.2819,7.8637,NA,NA,NA,NA,NA,NA,NA
python.exe,24084,0x0,Other,-1,0,0,Composed: Copy with GPU GDI,2026-8-20 19:21:07.394200300,1.2364,1.2364,0.0000,0.1597,2.9277,1.9342,0.9935,NA,NA,-6.0485,12590.0358,NA,NA,NA
python.exe,24084,0x0,Other,-1,0,0,Composed: Copy with GPU GDI,2026-8-20 19:21:07.395436700,3.2463,3.2463,0.0000,1.8542,1.5863,0.2837,1.3026,15.4282,6.9061,NA,12591.2722,NA,NA,NA
python.exe,24084,0x0,Other,-1,0,0,Composed: Copy with GPU GDI,2026-8-20 19:21:07.398683000,6.4262,6.4262,0.0000,0.1993,6.4137,0.2710,6.1427,19.0880,6.0575,-3.6598,12594.5185,NA,NA,NA
python.exe,24084,0x0,Other,-1,0,0,Composed: Copy with GPU GDI,2026-8-20 19:21:07.405109200,5.0397,5.0397,0.0000,0.1909,5.0215,0.2577,4.7638,18.7193,3.7098,0.3687,12600.9447,NA,NA,NA
python.exe,24084,0x0,Other,-1,0,0,Composed: Copy with GPU GDI,2026-8-20 19:21:07.410148900,1.9376,1.9376,0.0000,0.1768,4.7923,3.1397,1.6526,NA,NA,1.3299,12605.9844,NA,NA,NA
python.exe,24084,0x0,Other,-1,0,0,Composed: Copy with GPU GDI,2026-8-20 19:21:07.412086500,4.0328,4.0328,0.0000,3.0348,1.1981,0.2688,0.9293,15.4518,8.4335,NA,12607.9220,NA,NA,NA
python.exe,24084,0x0,Other,-1,0,0,Composed: Copy with GPU GDI,2026-8-20 19:21:07.416119300,7.1316,7.1316,0.0000,0.2027,7.1116,0.2731,6.8385,19.8525,6.0624,-4.4007,12611.9548,NA,NA,NA
python.exe,24084,0x0,Other,-1,0,0,Composed: Copy with GPU GDI,2026-8-20 19:21:07.423250900,5.5582,5.5582,0.0000,0.1867,5.5627,0.2682,5.2945,18.7833,2.1644,1.0692,12619.0864,NA,NA,NA
python.exe,24084,0x0,Other,-1,0,0,Composed: Copy with GPU GDI,2026-8-20 19:21:07.428809100,0.5158,0.5158,0.0000,0.1941,3.3664,3.1278,0.2386,NA,NA,3.3938,12624.6446,NA,NA,NA
python.exe,24084,0x0,Other,-1,0,0,Composed: Copy with GPU GDI,2026-8-20 19:21:07.429324900,5.4165,5.4165,0.0000,3.0478,2.5511,0.2711,2.2800,14.8737,9.9640,NA,12625.1604,NA,NA,NA
python.exe,24084,0x0,Other,-1,0,0,Composed: Copy with GPU GDI,2026-8-20 19:21:07.434741400,6.6719,6.6719,0.0000,0.1869,6.6434,0.2763,6.3671,19.4212,6.0688,-4.5475,12630.5769,NA,NA,NA
python.exe,24084,0x0,Other,-1,0,0,Composed: Copy with GPU GDI,2026-8-20 19:21:07.441413300,3.7760,3.7760,0.0000,0.1634,5.5295,1.9973,3.5322,NA,NA,NA,NA,NA,NA,NA
python.exe,24084,0x0,Other,-1,0,0,Composed: Copy with GPU GDI,2026-8-20 19:21:07.445189300,5.1976,5.1976,0.0000,1.9206,3.5147,0.3172,3.1975,NA,NA,NA,NA,NA,NA,NA
python.exe,24084,0x0,Other,-1,0,0,Composed: Copy with GPU GDI,2026-8-20 19:21:07.450386900,3.0048,3.0048,0.0000,0.2406,2.8513,0.1583,2.6930,9.8445,12.1335,9.5767,12646.2224,NA,NA,NA
python.exe,24084,0x0,Other,-1,0,0,Composed: Copy with GPU GDI,2026-8-20 19:21:07.453391700,7.7687,7.7687,0.0000,0.0987,7.8294,0.2601,7.5693,NA,NA,NA,NA,NA,NA,NA
python.exe,24084,0x0,Other,-1,0,0,Composed: Copy with GPU GDI,2026-8-20 19:21:07.461160400,3.9292,3.9292,0.0000,0.1621,3.9320,0.2673,3.6647,11.2045,5.1753,-1.3600,12656.9959,NA,NA,NA
python.exe,24084,0x0,Other,-1,0,0,Composed: Copy with GPU GDI,2026-8-20 19:21:07.465089600,0.5833,0.5833,0.0000,0.1696,3.8919,3.5544,0.3375,NA,NA,-1.2461,12660.9251,NA,NA,NA
python.exe,24084,0x0,Other,-1,0,0,Composed: Copy with GPU GDI,2026-8-20 19:21:07.465672900,6.3086,6.3086,0.0000,3.4812,3.0208,0.2731,2.7477,11.8673,13.0245,NA,12661.5084,NA,NA,NA
python.exe,24084,0x0,Other,-1,0,0,Composed: Copy with GPU GDI,2026-8-20 19:21:07.471981500,5.6484,5.6484,0.0000,0.1990,5.5933,0.2754,5.3179,18.5832,3.6315,-6.7159,12667.8170,NA,NA,NA
python.exe,24084,0x0,Other,-1,0,0,Composed: Copy with GPU GDI,2026-8-20 19:21:07.477629900,2.0708,2.0708,0.0000,0.1486,4.2650,2.4635,1.8015,NA,NA,2.0169,12673.4654,NA,NA,NA
python.exe,24084,0x0,Other,-1,0,0,Composed: Copy with GPU GDI,2026-8-20 19:21:07.479700700,3.7878,3.7878,0.0000,2.3455,1.6755,0.3083,1.3672,14.4955,8.5062,NA,12675.5362,NA,NA,NA
python.exe,24084,0x0,Other,-1,0,0,Composed: Copy with GPU GDI,2026-8-20 19:21:07.483488500,6.5845,6.5845,0.0000,0.2366,6.6475,0.3743,6.2732,19.2139,8.1651,-4.7184,12679.3240,NA,NA,NA
python.exe,24084,0x0,Other,-1,0,0,Composed: Copy with GPU GDI,2026-8-20 19:21:07.490073000,5.7155,5.7155,0.0000,7.9022,0.2419,0.2419,0.0000,NA,NA,-1.5806,12685.9085,NA,NA,NA
python.exe,24084,0x0,Other,-1,0,0,Composed: Copy with GPU GDI,2026-8-20 19:21:07.495788500,0.8381,0.8381,0.0000,0.0000,7.5999,2.2786,5.3213,15.0790,10.0378,NA,12691.6240,NA,NA,NA
python.exe,24084,0x0,Other,-1,0,0,Composed: Copy with GPU GDI,2026-8-20 19:21:07.496626600,8.5614,8.5614,0.0000,1.5935,7.2648,0.3787,6.8861,NA,NA,NA,NA,NA,NA,NA
python.exe,24084,0x0,Other,-1,0,0,Composed: Copy with GPU GDI,2026-8-20 19:21:07.505188000,2.5413,2.5413,0.0000,0.3001,2.5150,0.3620,2.1530,15.7173,6.0601,-0.6383,12701.0235,NA,NA,NA
python.exe,24084,0x0,Other,-1,0,0,Composed: Copy with GPU GDI,2026-8-20 19:21:07.507729300,4.3786,4.3786,0.0000,0.2782,6.0242,1.9991,4.0251,NA,NA,NA,NA,NA,NA,NA
python.exe,24084,0x0,Other,-1,0,0,Composed: Copy with GPU GDI,2026-8-20 19:21:07.512107900,3.9851,3.9851,0.0000,1.9268,2.3115,0.3277,1.9838,NA,NA,NA,NA,NA,NA,NA
python.exe,24084,0x0,Other,-1,0,0,Composed: Copy with GPU GDI,2026-8-20 19:21:07.516093000,4.2565,4.2565,0.0000,0.2555,4.3077,0.3995,3.9082,10.8724,17.2611,4.8449,12711.9285,NA,NA,NA
python.exe,24084,0x0,Other,-1,0,0,Composed: Copy with GPU GDI,2026-8-20 19:21:07.520349500,7.7269,7.7269,0.0000,0.3115,7.5597,0.2590,7.3007,NA,NA,NA,NA,NA,NA,NA
python.exe,24084,0x0,Other,-1,0,0,Composed: Copy with GPU GDI,2026-8-20 19:21:07.528076400,1.6655,1.6655,0.0000,0.1481,3.4454,2.0056,1.4398,NA,NA,-5.2777,12723.9119,NA,NA,NA
python.exe,24084,0x0,Other,-1,0,0,Composed: Copy with GPU GDI,2026-8-20 19:21:07.529741900,2.5813,2.5813,0.0000,1.9320,0.7983,0.2378,0.5605,14.4846,7.0023,NA,12725.5774,NA,NA,NA
python.exe,24084,0x0,Other,-1,0,0,Composed: Copy with GPU GDI,2026-8-20 19:21:07.532323200,5.6551,5.6551,0.0000,0.1541,5.8311,0.4032,5.4279,18.9056,6.1053,-4.4210,12728.1587,NA,NA,NA
python.exe,24084,0x0,Other,-1,0,0,Composed: Copy with GPU GDI,2026-8-20 19:21:07.537978300,5.9425,5.9425,0.0000,0.3329,5.9439,0.4249,5.5190,19.3558,3.5302,-0.4502,12733.8138,NA,NA,NA
python.exe,24084,0x0,Other,-1,0,0,Composed: Copy with GPU GDI,2026-8-20 19:21:07.543920800,1.2565,1.2565,0.0000,0.3380,3.7769,2.9279,0.8490,NA,NA,2.4123,12739.7563,NA,NA,NA
python.exe,24084,0x0,Other,-1,0,0,Composed: Copy with GPU GDI,2026-8-20 19:21:07.545177300,5.3474,5.3474,0.0000,2.8620,2.7685,0.3717,2.3968,15.6870,8.5626,NA,12741.0128,NA,NA,NA
python.exe,24084,0x0,Other,-1,0,0,Composed: Copy with GPU GDI,2026-8-20 19:21:07.550524700,5.9818,5.9818,0.0000,0.2863,5.9773,0.3736,5.6037,18.9022,6.0783,-3.2152,12746.3602,NA,NA,NA
python.exe,24084,0x0,Other,-1,0,0,Composed: Copy with GPU GDI,2026-8-20 19:21:07.556506500,5.4936,5.4936,0.0000,0.2854,5.5243,0.4033,5.1210,18.9987,2.0297,-0.0965,12752.3420,NA,NA,NA
python.exe,24084,0x0,Other,-1,0,0,Composed: Copy with GPU GDI,2026-8-20 19:21:07.562000100,1.2829,1.2829,0.0000,0.3188,4.1814,3.2918,0.8896,NA,NA,3.4639,12757.8356,NA,NA,NA
python.exe,24084,0x0,Other,-1,0,0,Composed: Copy with GPU GDI,2026-8-20 19:21:07.563283000,4.7729,4.7729,0.0000,3.2201,1.8463,0.3883,1.4580,14.2519,10.1046,NA,12759.1185,NA,NA,NA
python.exe,24084,0x0,Other,-1,0,0,Composed: Copy with GPU GDI,2026-8-20 19:21:07.568055900,6.0161,6.0161,0.0000,0.2986,6.0235,0.3858,5.6377,19.5836,6.0659,-5.3317,12763.8914,NA,NA,NA
python.exe,24084,0x0,Other,-1,0,0,Composed: Copy with GPU GDI,2026-8-20 19:21:07.574072000,4.5721,4.5721,0.0000,0.3087,6.5742,2.3927,4.1815,NA,NA,NA,NA,NA,NA,NA
python.exe,24084,0x0,Other,-1,0,0,Composed: Copy with GPU GDI,2026-8-20 19:21:07.578644100,5.2084,5.2084,0.0000,2.3150,3.0867,0.2691,2.8176,15.0613,12.1317,4.5223,12774.4796,NA,NA,NA
python.exe,24084,0x0,Other,-1,0,0,Composed: Copy with GPU GDI,2026-8-20 19:21:07.583852500,3.8033,3.8033,0.0000,0.1970,3.8821,0.3688,3.5133,21.9846,5.0336,-6.9233,12779.6880,NA,NA,NA
python.exe,24084,0x0,Other,-1,0,0,Composed: Copy with GPU GDI,2026-8-20 19:21:07.587655800,7.3800,7.3800,0.0000,0.2821,7.2548,0.2746,6.9802,NA,NA,NA,NA,NA,NA,NA
python.exe,24084,0x0,Other,-1,0,0,Composed: Copy with GPU GDI,2026-8-20 19:21:07.595035800,1.1848,1.1848,0.0000,0.1602,3.0864,2.1504,0.9360,NA,NA,6.1497,12790.8713,NA,NA,NA
python.exe,24084,0x0,Other,-1,0,0,Composed: Copy with GPU GDI,2026-8-20 19:21:07.596220600,2.4791,2.4791,0.0000,2.0684,0.6186,0.2769,0.3417,14.6501,7.0914,NA,12792.0561,NA,NA,NA
python.exe,24084,0x0,Other,-1,0,0,Composed: Copy with GPU GDI,2026-8-20 19:21:07.598699700,7.0632,7.0632,0.0000,0.2128,7.1781,0.4057,6.7724,NA,NA,NA,NA,NA,NA,NA
python.exe,24084,0x0,Other,-1,0,0,Composed: Copy with GPU GDI,2026-8-20 19:21:07.605762900,5.1026,5.1026,0.0000,0.3322,5.0754,0.3954,4.6800,12.1992,9.5744,2.4509,12801.5984,NA,NA,NA
python.exe,24084,0x0,Other,-1,0,0,Composed: Copy with GPU GDI,2026-8-20 19:21:07.610865500,1.4096,1.4096,0.0000,0.3090,4.6512,3.6244,1.0268,NA,NA,-4.4718,12806.7010,NA,NA,NA
python.exe,24084,0x0,Other,-1,0,0,Composed: Copy with GPU GDI,2026-8-20 19:21:07.612275100,4.5172,4.5172,0.0000,3.5554,1.2768,0.3844,0.8924,15.2614,8.6276,NA,12808.1106,NA,NA,NA
python.exe,24084,0x0,Other,-1,0,0,Composed: Copy with GPU GDI,2026-8-20 19:21:07.616792300,7.1612,7.1612,0.0000,0.3177,7.1633,0.4038,6.7595,NA,NA,NA,NA,NA,NA,NA
python.exe,24084,0x0,Other,-1,0,0,Composed: Copy with GPU GDI,2026-8-20 19:21:07.623953500,5.6385,5.6385,0.0000,0.3246,5.6148,0.3802,5.2346,12.2106,8.0259,3.0508,12819.7890,NA,NA,NA
python.exe,24084,0x0,Other,-1,0,0,Composed: Copy with GPU GDI,2026-8-20 19:21:07.629592000,0.8636,0.8636,0.0000,0.3060,4.1006,3.6600,0.4406,NA,NA,-2.3874,12825.4275,NA,NA,NA
python.exe,24084,0x0,Other,-1,0,0,Composed: Copy with GPU GDI,2026-8-20 19:21:07.630455600,4.7419,4.7419,0.0000,3.5458,1.5042,0.4220,1.0822,13.7344,10.1758,NA,12826.2911,NA,NA,NA
python.exe,24084,0x0,Other,-1,0,0,Composed: Copy with GPU GDI,2026-8-20 19:21:07.635197500,5.9483,5.9483,0.0000,0.3117,5.9506,0.4084,5.5422,19.1683,6.5201,-5.4339,12831.0330,NA,NA,NA
python.exe,24084,0x0,Other,-1,0,0,Composed: Copy with GPU GDI,2026-8-20 19:21:07.641145800,9.1259,9.1259,0.0000,0.3187,8.9779,0.2623,8.7156,NA,NA,NA,NA,NA,NA,NA
python.exe,24084,0x0,Other,-1,0,0,Composed: Copy with GPU GDI,2026-8-20 19:21:07.650271700,0.2144,0.2144,0.0000,0.1707,2.0415,2.0415,0.0000,NA,NA,8.5541,12846.1072,NA,NA,NA
python.exe,24084,0x0,Other,-1,0,0,Composed: Copy with GPU GDI,2026-8-20 19:21:07.650486100,3.3323,3.3323,0.0000,2.0020,1.6406,0.3950,1.2456,10.3998,16.6470,NA,12846.3216,NA,NA,NA
python.exe,24084,0x0,Other,-1,0,0,Composed: Copy with GPU GDI,2026-8-20 19:21:07.653818400,6.7968,6.7968,0.0000,0.3135,6.8023,0.4245,6.3778,NA,NA,NA,NA,NA,NA,NA
python.exe,24084,0x0,Other,-1,0,0,Composed: Copy with GPU GDI,2026-8-20 19:21:07.660615200,1.5803,1.5803,0.0000,0.3227,3.6258,2.4552,1.1706,NA,NA,-6.5179,12856.4507,NA,NA,NA
python.exe,24084,0x0,Other,-1,0,0,Composed: Copy with GPU GDI,2026-8-20 19:21:07.662195500,3.8449,3.8449,0.0000,2.3721,1.7387,0.3868,1.3519,15.3374,7.1580,NA,12858.0310,NA,NA,NA
python.exe,24084,0x0,Other,-1,0,0,Composed: Copy with GPU GDI,2026-8-20 19:21:07.666040400,5.9178,5.9178,0.0000,0.2716,5.9416,0.3723,5.5693,18.6505,6.0677,-3.3131,12861.8759,NA,NA,NA
python.exe,24084,0x0,Other,-1,0,0,Composed: Copy with GPU GDI,2026-8-20 19:21:07.671958200,5.9872,5.9872,0.0000,0.2986,5.9853,0.3981,5.5872,18.8004,3.4348,-0.1499,12867.7937,NA,NA,NA
python.exe,24084,0x0,Other,-1,0,0,Composed: Copy with GPU GDI,2026-8-20 19:21:07.677945400,1.5170,1.5170,0.0000,0.2993,3.6814,2.5349,1.1465,NA,NA,2.5524,12873.7809,NA,NA,NA
python.exe,24084,0x0,Other,-1,0,0,Composed: Copy with GPU GDI,2026-8-20 19:21:07.679462400,4.4766,4.4766,0.0000,2.4662,2.3101,0.3762,1.9339,14.7310,8.6977,NA,12875.2979,NA,NA,NA
python.exe,24084,0x0,Other,-1,0,0,Composed: Copy with GPU GDI,2026-8-20 19:21:07.683939000,5.6844,5.6844,0.0000,0.3034,5.6721,0.3791,5.2930,18.9521,7.9707,-4.2211,12879.7745,NA,NA,NA
python.exe,24084,0x0,Other,-1,0,0,Composed: Copy with GPU GDI,2026-8-20 19:21:07.689623400,5.7574,5.7574,0.0000,8.0432,0.2464,0.2464,0.0000,NA,NA,-2.2863,12885.4589,NA,NA,NA
python.exe,24084,0x0,Other,-1,0,0,Composed: Copy with GPU GDI,2026-8-20 19:21:07.695380800,1.2550,1.2550,0.0000,0.0000,7.7475,2.3589,5.3886,NA,NA,NA,NA,NA,NA,NA
python.exe,24084,0x0,Other,-1,0,0,Composed: Copy with GPU GDI,2026-8-20 19:21:07.696635800,4.5457,4.5457,0.0000,1.2804,3.5575,0.3796,3.1779,14.2260,10.2445,NA,12892.4713,NA,NA,NA
python.exe,24084,0x0,Other,-1,0,0,Composed: Copy with GPU GDI,2026-8-20 19:21:07.701181500,7.0043,7.0043,0.0000,0.2967,7.0238,0.4061,6.6177,19.9248,6.0631,-5.6988,12897.0170,NA,NA,NA
python.exe,24084,0x0,Other,-1,0,0,Composed: Copy with GPU GDI,2026-8-20 19:21:07.708185800,4.3756,4.3756,0.0000,0.3201,6.1367,2.1574,3.9793,NA,NA,NA,NA,NA,NA,NA
python.exe,24084,0x0,Other,-1,0,0,Composed: Copy with GPU GDI,2026-8-20 19:21:07.712561400,3.8294,3.8294,0.0000,2.0843,1.9370,0.2706,1.6664,NA,NA,NA,NA,NA,NA,NA
python.exe,24084,0x0,Other,-1,0,0,Composed: Copy with GPU GDI,2026-8-20 19:21:07.716390800,3.8785,3.8785,0.0000,0.1938,3.9934,0.3942,3.5992,10.7786,17.0344,9.1462,12912.2263,NA,NA,NA
python.exe,24084,0x0,Other,-1,0,0,Composed: Copy with GPU GDI,2026-8-20 19:21:07.720269300,8.0455,8.0455,0.0000,0.3114,7.9218,0.2704,7.6514,NA,NA,NA,NA,NA,NA,NA
python.exe,24084,0x0,Other,-1,0,0,Composed: Copy with GPU GDI,2026-8-20 19:21:07.728314800,0.5566,0.5566,0.0000,0.1927,2.5468,2.2930,0.2538,NA,NA,-5.1104,12924.1503,NA,NA,NA
python.exe,24084,0x0,Other,-1,0,0,Composed: Copy with GPU GDI,2026-8-20 19:21:07.728871400,2.9377,2.9377,0.0000,2.1873,1.0506,0.3889,0.6617,15.3324,7.2245,NA,12924.7069,NA,NA,NA
python.exe,24084,0x0,Other,-1,0,0,Composed: Copy with GPU GDI,2026-8-20 19:21:07.731809100,6.4442,6.4442,0.0000,0.3032,6.4707,0.4027,6.0680,19.6192,6.0737,-4.2868,12927.6446,NA,NA,NA
python.exe,24084,0x0,Other,-1,0,0,Composed: Copy with GPU GDI,2026-8-20 19:21:07.738253300,6.6884,6.6884,0.0000,0.3333,6.6406,0.3704,6.2702,19.2487,3.3634,0.3705,12934.0888,NA,NA,NA
python.exe,24084,0x0,Other,-1,0,0,Composed: Copy with GPU GDI,2026-8-20 19:21:07.744941700,0.6167,0.6167,0.0000,0.2887,3.4055,3.2246,0.1809,NA,NA,3.3250,12940.7772,NA,NA,NA
python.exe,24084,0x0,Other,-1,0,0,Composed: Copy with GPU GDI,2026-8-20 19:21:07.745558400,4.8250,4.8250,0.0000,3.0808,2.0527,0.3802,1.6725,15.3070,8.7600,NA,12941.3939,NA,NA,NA
python.exe,24084,0x0,Other,-1,0,0,Composed: Copy with GPU GDI,2026-8-20 19:21:07.750383400,6.3152,6.3152,0.0000,0.3126,6.2755,0.4153,5.8602,19.2420,6.0745,-3.9350,12946.2189,NA,NA,NA
python.exe,24084,0x0,Other,-1,0,0,Composed: Copy with GPU GDI,2026-8-20 19:21:07.756698600,5.4460,5.4460,0.0000,0.2770,5.4544,0.3803,5.0741,19.0013,1.8380,0.2407,12952.5341,NA,NA,NA
python.exe,24084,0x0,Other,-1,0,0,Composed: Copy with GPU GDI,2026-8-20 19:21:07.762144600,0.5060,0.5060,0.0000,0.2895,3.3552,3.2142,0.1410,NA,NA,3.6080,12957.9801,NA,NA,NA
python.exe,24084,0x0,Other,-1,0,0,Composed: Copy with GPU GDI,2026-8-20 19:21:07.762650600,5.9875,5.9875,0.0000,3.1435,3.1445,0.3867,2.7578,14.8873,10.3013,NA,12958.4861,NA,NA,NA
python.exe,24084,0x0,Other,-1,0,0,Composed: Copy with GPU GDI,2026-8-20 19:21:07.768638100,6.2407,6.2407,0.0000,0.3046,6.2471,0.4028,5.8443,19.2011,6.0601,-4.3138,12964.4736,NA,NA,NA
python.exe,24084,0x0,Other,-1,0,0,Composed: Copy with GPU GDI,2026-8-20 19:21:07.774878800,4.3374,4.3374,0.0000,0.3151,6.0526,2.1086,3.9440,NA,NA,NA,NA,NA,NA,NA
python.exe,24084,0x0,Other,-1,0,0,Composed: Copy with GPU GDI,2026-8-20 19:21:07.779216200,4.2462,4.2462,0.0000,2.0341,2.5570,0.5531,2.0039,14.6831,12.1264,4.5180,12975.0517,NA,NA,NA
python.exe,24084,0x0,Other,-1,0,0,Composed: Copy with GPU GDI,2026-8-20 19:21:07.783462400,4.3032,4.3032,0.0000,0.3467,4.2562,0.3833,3.8729,22.5633,4.8425,-7.8802,12979.2979,NA,NA,NA
python.exe,24084,0x0,Other,-1,0,0,Composed: Copy with GPU GDI,2026-8-20 19:21:07.787765600,6.3834,6.3834,0.0000,0.3049,6.4353,0.4593,5.9760,NA,NA,NA,NA,NA,NA,NA
python.exe,24084,0x0,Other,-1,0,0,Composed: Copy with GPU GDI,2026-8-20 19:21:07.794149000,1.1104,1.1104,0.0000,0.3594,3.2705,2.5995,0.6710,NA,NA,5.8441,12989.9845,NA,NA,NA
python.exe,24084,0x0,Other,-1,0,0,Composed: Copy with GPU GDI,2026-8-20 19:21:07.795259400,3.5930,3.5930,0.0000,2.5228,1.4166,0.4313,0.9853,15.6088,7.2950,NA,12991.0949,NA,NA,NA
python.exe,24084,0x0,Other,-1,0,0,Composed: Copy with GPU GDI,2026-8-20 19:21:07.798852400,6.6001,6.6001,0.0000,0.3502,6.5159,0.3698,6.1461,19.3108,6.0652,-3.7020,12994.6879,NA,NA,NA
python.exe,24084,0x0,Other,-1,0,0,Composed: Copy with GPU GDI,2026-8-20 19:21:07.805452500,5.9824,5.9824,0.0000,0.2695,5.9927,0.3699,5.6228,18.7759,3.2944,0.5349,13001.2880,NA,NA,NA
python.exe,24084,0x0,Other,-1,0,0,Composed: Copy with GPU GDI,2026-8-20 19:21:07.811434900,1.7251,1.7251,0.0000,0.2829,3.9844,2.6275,1.3569,NA,NA,2.6880,13007.2704,NA,NA,NA
python.exe,24084,0x0,Other,-1,0,0,Composed: Copy with GPU GDI,2026-8-20 19:21:07.813160000,4.2041,4.2041,0.0000,2.5464,1.9890,0.4001,1.5889,14.3628,8.8381,NA,13008.9955,NA,NA,NA
python.exe,24084,0x0,Other,-1,0,0,Composed: Copy with GPU GDI,2026-8-20 19:21:07.817364100,5.0797,5.0797,0.0000,0.3354,5.0724,0.3987,4.6737,18.9968,7.8284,-4.6340,13013.1996,NA,NA,NA
python.exe,24084,0x0,Other,-1,0,0,Composed: Copy with GPU GDI,2026-8-20 19:21:07.822443800,5.9117,5.9117,0.0000,8.2045,0.2527,0.2527,0.0000,NA,NA,-2.7487,13018.2793,NA,NA,NA
python.exe,24084,0x0,Other,-1,0,0,Composed: Copy with GPU GDI,2026-8-20 19:21:07.828355500,0.6520,0.6520,0.0000,0.0000,7.8725,2.3667,5.5058,NA,NA,NA,NA,NA,NA,NA
python.exe,24084,0x0,Other,-1,0,0,Composed: Copy with GPU GDI,2026-8-20 19:21:07.829007500,5.9361,5.9361,0.0000,1.8969,4.4092,0.4351,3.9741,15.1818,10.3757,NA,13024.8430,NA,NA,NA
python.exe,24084,0x0,Other,-1,0,0,Composed: Copy with GPU GDI,2026-8-20 19:21:07.834943600,7.2293,7.2293,0.0000,0.3729,7.2261,0.4688,6.7573,19.6214,6.0623,-4.4396,13030.7791,NA,NA,NA
python.exe,24084,0x0,Other,-1,0,0,Composed: Copy with GPU GDI,2026-8-20 19:21:07.842172900,3.3378,3.3378,0.0000,0.3734,5.0062,2.1200,2.8862,NA,NA,NA,NA,NA,NA,NA
python.exe,24084,0x0,Other,-1,0,0,Composed: Copy with GPU GDI,2026-8-20 19:21:07.845510700,3.9151,3.9151,0.0000,2.0456,2.3513,0.5519,1.7994,NA,NA,NA,NA,NA,NA,NA
python.exe,24084,0x0,Other,-1,0,0,Composed: Copy with GPU GDI,2026-8-20 19:21:07.849425800,4.3329,4.3329,0.0000,0.4838,4.1452,0.3826,3.7626,11.2015,16.9176,8.4199,13045.2613,NA,NA,NA
python.exe,24084,0x0,Other,-1,0,0,Composed: Copy with GPU GDI,2026-8-20 19:21:07.853758700,6.6477,6.6477,0.0000,0.3002,6.7146,0.4370,6.2776,NA,NA,NA,NA,NA,NA,NA
python.exe,24084,0x0,Other,-1,0,0,Composed: Copy with GPU GDI,2026-8-20 19:21:07.860406400,1.8881,1.8881,0.0000,0.3706,4.0126,2.5731,1.4395,NA,NA,-5.9370,13056.2419,NA,NA,NA
python.exe,24084,0x0,Other,-1,0,0,Composed: Copy with GPU GDI,2026-8-20 19:21:07.862294500,3.4594,3.4594,0.0000,2.4988,1.2651,0.3914,0.8737,15.2504,7.3464,NA,13058.1300,NA,NA,NA
python.exe,24084,0x0,Other,-1,0,0,Composed: Copy with GPU GDI,2026-8-20 19:21:07.865753900,6.0047,6.0047,0.0000,0.3090,5.9910,0.3757,5.6153,19.1374,6.0716,-3.8870,13061.5894,NA,NA,NA
python.exe,24084,0x0,Other,-1,0,0,Composed: Copy with GPU GDI,2026-8-20 19:21:07.871758600,5.4627,5.4627,0.0000,0.2994,5.5133,0.4179,5.0954,19.2043,3.2283,-0.0669,13067.5941,NA,NA,NA
python.exe,24084,0x0,Other,-1,0,0,Composed: Copy with GPU GDI,2026-8-20 19:21:07.877221300,1.3724,1.3724,0.0000,0.3533,4.2313,3.2817,0.9496,NA,NA,2.2344,13073.0568,NA,NA,NA
python.exe,24084,0x0,Other,-1,0,0,Composed: Copy with GPU GDI,2026-8-20 19:21:07.878593700,4.8015,4.8015,0.0000,3.2150,1.8797,0.3784,1.5013,15.5975,8.9013,NA,13074.4292,NA,NA,NA
python.exe,24084,0x0,Other,-1,0,0,Composed: Copy with GPU GDI,2026-8-20 19:21:07.883395200,7.1549,7.1549,0.0000,0.2959,7.1410,0.3851,6.7559,19.6973,6.0708,-4.0998,13079.2307,NA,NA,NA
python.exe,24084,0x0,Other,-1,0,0,Composed: Copy with GPU GDI,2026-8-20 19:21:07.890550100,5.5980,5.5980,0.0000,0.2866,5.6233,0.4002,5.2231,18.6132,1.6932,1.0841,13086.3856,NA,NA,NA
python.exe,24084,0x0,Other,-1,0,0,Composed: Copy with GPU GDI,2026-8-20 19:21:07.896148100,0.6345,0.6345,0.0000,0.3167,3.0008,2.8036,0.1972,NA,NA,3.9048,13091.9836,NA,NA,NA
python.exe,24084,0x0,Other,-1,0,0,Composed: Copy with GPU GDI,2026-8-20 19:21:07.896782600,4.7526,4.7526,0.0000,2.6859,2.4032,0.4265,1.9767,14.0739,10.4402,NA,13092.6181,NA,NA,NA
python.exe,24084,0x0,Other,-1,0,0,Composed: Copy with GPU GDI,2026-8-20 19:21:07.901535200,7.0485,7.0485,0.0000,0.3430,7.0301,0.4136,6.6165,19.7615,6.0701,-5.6876,13097.3707,NA,NA,NA
python.exe,24084,0x0,Other,-1,0,0,Composed: Copy with GPU GDI,2026-8-20 19:21:07.908583700,3.5105,3.5105,0.0000,0.3288,5.2236,2.1593,3.0643,NA,NA,NA,NA,NA,NA,NA
python.exe,24084,0x0,Other,-1,0,0,Composed: Copy with GPU GDI,2026-8-20 19:21:07.912094200,3.8690,3.8690,0.0000,2.0449,2.5278,0.7790,1.7488,NA,NA,NA,NA,NA,NA,NA
python.exe,24084,0x0,Other,-1,0,0,Composed: Copy with GPU GDI,2026-8-20 19:21:07.915963200,3.1118,3.1118,0.0000,0.7075,2.6906,0.3576,2.3330,11.4036,16.8350,8.3579,13111.7987,NA,NA,NA
python.exe,24084,0x0,Other,-1,0,0,Composed: Copy with GPU GDI,2026-8-20 19:21:07.919075000,8.9648,8.9648,0.0000,0.2892,8.9791,0.3774,8.6017,NA,NA,NA,NA,NA,NA,NA
python.exe,24084,0x0,Other,-1,0,0,Composed: Copy with GPU GDI,2026-8-20 19:21:07.928039800,1.1480,1.1480,0.0000,0.3072,3.5634,2.8060,0.7574,NA,NA,-4.7584,13123.8753,NA,18.2331,NA
python.exe,24084,0x0,Other,-1,0,0,Composed: Copy with GPU GDI,2026-8-20 19:21:07.929187800,3.5877,3.5877,0.0000,2.7256,1.1477,0.3870,0.7607,15.0140,7.4234,NA,13125.0233,NA,NA,NA
python.exe,24084,0x0,Other,-1,0,0,Composed: Copy with GPU GDI,2026-8-20 19:21:07.932775500,6.0751,6.0751,0.0000,0.2884,6.1132,0.4107,5.7025,18.8497,6.0676,-3.8357,13128.6110,NA,13.6632,NA
python.exe,24084,0x0,Other,-1,0,0,Composed: Copy with GPU GDI,2026-8-20 19:21:07.938850600,4.9815,4.9815,0.0000,0.3312,5.0082,0.4287,4.5795,18.8422,3.1719,0.0075,13134.6861,NA,14.7260,NA
python.exe,24084,0x0,Other,-1,0,0,Composed: Copy with GPU GDI,2026-8-20 19:21:07.943832100,1.4892,1.4892,0.0000,0.3612,4.3159,3.2947,1.0212,NA,NA,1.8096,13139.6676,NA,16.9033,NA
python.exe,24084,0x0,Other,-1,0,0,Composed: Copy with GPU GDI,2026-8-20 19:21:07.945321300,5.5172,5.5172,0.0000,3.1922,2.6310,0.3765,2.2545,15.5434,8.9634,NA,13141.1568,NA,10.8993,NA
python.exe,24084,0x0,Other,-1,0,0,Composed: Copy with GPU GDI,2026-8-20 19:21:07.950838500,5.2153,5.2153,0.0000,0.3089,5.2175,0.3970,4.8205,18.9896,7.6979,-3.4462,13146.6740,NA,14.8663,NA
python.exe,24084,0x0,Other,-1,0,0,Composed: Copy with GPU GDI,2026-8-20 19:21:07.956053800,6.3532,6.3532,0.0000,8.6244,0.2542,0.2542,0.0000,NA,NA,-2.4826,13151.8893,NA,15.5618,NA
python.exe,24084,0x0,Other,-1,0,0,Composed: Copy with GPU GDI,2026-8-20 19:21:07.962407000,0.5368,0.5368,0.0000,0.0000,8.3108,2.3448,5.9660,NA,NA,NA,NA,NA,NA,NA
python.exe,24084,0x0,Other,-1,0,0,Composed: Copy with GPU GDI,2026-8-20 19:21:07.962943800,4.7315,4.7315,0.0000,1.9909,3.0145,0.3768,2.6377,14.5822,10.5014,NA,13158.7793,NA,10.5621,NA
python.exe,24084,0x0,Other,-1,0,0,Composed: Copy with GPU GDI,2026-8-20 19:21:07.967675300,7.3950,7.3950,0.0000,0.2788,7.4292,0.4086,7.0206,20.3521,6.1969,-5.7699,13163.5108,NA,14.0656,NA
python.exe,24084,0x0,Other,-1,0,0,Composed: Copy with GPU GDI,2026-8-20 19:21:07.975070300,8.3014,8.3014,0.0000,10.3375,0.2562,0.2562,0.0000,NA,NA,1.1981,13170.9058,NA,11.2631,NA
python.exe,24084,0x0,Other,-1,0,0,Composed: Copy with GPU GDI,2026-8-20 19:21:07.983371700,0.3343,0.3343,0.0000,0.0000,10.0217,2.1545,7.8672,NA,NA,NA,NA,NA,NA,NA
python.exe,24084,0x0,Other,-1,0,0,Composed: Copy with GPU GDI,2026-8-20 19:21:07.983706000,3.5579,3.5579,0.0000,1.9641,1.8785,0.3850,1.4935,10.5183,16.6325,NA,13179.5415,NA,8.2624,NA
python.exe,24084,0x0,Other,-1,0,0,Composed: Copy with GPU GDI,2026-8-20 19:21:07.987263900,7.3060,7.3060,0.0000,0.2873,7.3240,0.3942,6.9298,NA,NA,NA,NA,NA,NA,NA
python.exe,24084,0x0,Other,-1,0,0,Composed: Copy with GPU GDI,2026-8-20 19:21:07.994569900,1.5550,1.5550,0.0000,0.3072,3.1541,2.0103,1.1438,NA,NA,-5.7686,13190.4054,NA,15.8955,NA
python.exe,24084,0x0,Other,-1,0,0,Composed: Copy with GPU GDI,2026-8-20 19:21:07.996124900,3.1548,3.1548,0.0000,1.9099,1.4053,0.2303,1.1750,14.7319,7.5132,NA,13191.9604,NA,12.8812,NA
python.exe,24084,0x0,Other,-1,0,0,Composed: Copy with GPU GDI,2026-8-20 19:21:07.999279700,6.3513,6.3513,0.0000,0.1630,6.4731,0.3720,6.1011,19.0903,6.0554,-4.3584,13195.1152,NA,13.4083,NA
python.exe,24084,0x0,Other,-1,0,0,Composed: Copy with GPU GDI,2026-8-20 19:21:08.005631000,5.3519,5.3519,0.0000,0.2880,5.3598,0.3696,4.9902,18.7944,3.1032,0.2959,13201.4665,NA,14.4633,NA
python.exe,24084,0x0,Other,-1,0,0,Composed: Copy with GPU GDI,2026-8-20 19:21:08.010982900,2.1766,2.1766,0.0000,0.2985,4.2989,2.5496,1.7493,NA,NA,2.2487,13206.8184,NA,15.5672,NA
python.exe,24084,0x0,Other,-1,0,0,Composed: Copy with GPU GDI,2026-8-20 19:21:08.013159500,3.8505,3.8505,0.0000,2.4258,1.7330,0.3837,1.3493,14.3691,9.0320,NA,13208.9950,NA,11.5634,NA
python.exe,24084,0x0,Other,-1,0,0,Composed: Copy with GPU GDI,2026-8-20 19:21:08.017010000,5.7057,5.7057,0.0000,0.3109,5.6944,0.3820,5.3124,19.5506,7.6304,-5.1815,13212.8455,NA,14.5941,NA
python.exe,24084,0x0,Other,-1,0,0,Composed: Copy with GPU GDI,2026-8-20 19:21:08.022715700,5.8898,5.8898,0.0000,8.1241,0.2563,0.2563,0.0000,NA,NA,-1.9247,13218.5512,NA,16.2293,NA
python.exe,24084,0x0,Other,-1,0,0,Composed: Copy with GPU GDI,2026-8-20 19:21:08.028605500,0.1779,0.1779,0.0000,0.0000,7.8214,2.3149,5.5065,15.5855,10.5887,NA,13224.4410,NA,NA,NA
python.exe,24084,0x0,Other,-1,0,0,Composed: Copy with GPU GDI,2026-8-20 19:21:08.028783400,9.7957,9.7957,0.0000,2.3169,7.6782,0.2725,7.4057,NA,NA,NA,NA,NA,NA,NA
python.exe,24084,0x0,Other,-1,0,0,Composed: Copy with GPU GDI,2026-8-20 19:21:08.038579100,3.1231,3.1231,0.0000,0.2020,3.2033,0.3657,2.8376,16.2006,6.0764,-0.6151,13234.4146,NA,19.8156,NA
python.exe,24084,0x0,Other,-1,0,0,Composed: Copy with GPU GDI,2026-8-20 19:21:08.041702200,4.5075,4.5075,0.0000,0.2864,6.2767,2.1411,4.1356,NA,NA,NA,NA,NA,NA,NA
python.exe,24084,0x0,Other,-1,0,0,Composed: Copy with GPU GDI,2026-8-20 19:21:08.046209700,3.2764,3.2764,0.0000,2.0599,1.4918,0.3514,1.1404,14.6464,12.1082,1.5542,13242.0452,NA,NA,NA
python.exe,24084,0x0,Other,-1,0,0,Composed: Copy with GPU GDI,2026-8-20 19:21:08.049486100,5.3108,5.3108,0.0000,0.2779,5.3286,0.4024,4.9262,23.4782,4.5544,-8.8318,13245.3216,NA,NA,NA
python.exe,24084,0x0,Other,-1,0,0,Composed: Copy with GPU GDI,2026-8-20 19:21:08.054796900,5.9702,5.9702,0.0000,0.2985,6.0048,0.4038,5.6010,NA,NA,NA,NA,NA,NA,NA
python.exe,24084,0x0,Other,-1,0,0,Composed: Copy with GPU GDI,2026-8-20 19:21:08.060767100,1.4560,1.4560,0.0000,0.3387,3.0253,1.9854,1.0399,NA,NA,6.7266,13256.6026,NA,NA,NA
python.exe,24084,0x0,Other,-1,0,0,Composed: Copy with GPU GDI,2026-8-20 19:21:08.062223100,2.6066,2.6066,0.0000,1.9121,0.8910,0.2728,0.6182,15.2956,7.5738,NA,13258.0586,NA,NA,NA
python.exe,24084,0x0,Other,-1,0,0,Composed: Copy with GPU GDI,2026-8-20 19:21:08.064829700,7.2551,7.2551,0.0000,0.1992,7.3633,0.3884,6.9749,20.2628,6.0706,-4.9672,13260.6652,NA,NA,NA
python.exe,24084,0x0,Other,-1,0,0,Composed: Copy with GPU GDI,2026-8-20 19:21:08.072084800,5.3224,5.3224,0.0000,0.3131,5.3051,0.3862,4.9189,19.0783,3.0306,1.1845,13267.9203,NA,NA,NA
python.exe,24084,0x0,Other,-1,0,0,Composed: Copy with GPU GDI,2026-8-20 19:21:08.077407200,1.5187,1.5187,0.0000,0.2986,4.1858,3.0472,1.1386,NA,NA,2.2918,13273.2427,NA,NA,NA
python.exe,24084,0x0,Other,-1,0,0,Composed: Copy with GPU GDI,2026-8-20 19:21:08.078925900,4.4755,4.4755,0.0000,2.9708,1.8128,0.3885,1.4243,15.2678,9.1084,NA,13274.7614,NA,NA,NA
python.exe,24084,0x0,Other,-1,0,0,Composed: Copy with GPU GDI,2026-8-20 19:21:08.083401400,6.0540,6.0540,0.0000,0.3108,5.9724,0.3719,5.6005,19.9007,7.5561,-4.6329,13279.2369,NA,NA,NA
python.exe,24084,0x0,Other,-1,0,0,Composed: Copy with GPU GDI,2026-8-20 19:21:08.089455400,7.4646,7.4646,0.0000,9.7658,0.2644,0.2644,0.0000,NA,NA,-1.5021,13285.2909,NA,NA,NA
python.exe,24084,0x0,Other,-1,0,0,Composed: Copy with GPU GDI,2026-8-20 19:21:08.096920000,1.1148,1.1148,0.0000,0.0000,9.5328,2.5492,6.9836,13.9382,16.7038,NA,13292.7555,NA,NA,NA
python.exe,24084,0x0,Other,-1,0,0,Composed: Copy with GPU GDI,2026-8-20 19:21:08.098034800,21.5881,21.5881,0.0000,1.4557,20.3389,0.3813,19.9576,NA,NA,NA,NA,NA,NA,NA
python.exe,24084,0x0,Other,-1,0,0,Composed: Copy with GPU GDI,2026-8-20 19:21:08.119622900,0.5656,0.5656,0.0000,0.2090,0.4312,0.1330,0.2982,7.9391,12.1157,5.9991,13315.4584,NA,9.5859,NA
python.exe,24084,0x0,Other,-1,0,0,Composed: Copy with GPU GDI,2026-8-20 19:21:08.120188500,1.6663,1.6663,0.0000,0.0780,1.8169,0.3369,1.4800,NA,NA,NA,NA,NA,NA,NA
python.exe,24084,0x0,Other,-1,0,0,Composed: Copy with GPU GDI,2026-8-20 19:21:08.121854800,0.8169,0.8169,0.0000,0.2330,3.4039,2.9403,0.4636,NA,NA,-9.8838,13317.6903,NA,NA,NA
python.exe,24084,0x0,Other,-1,0,0,Composed: Copy with GPU GDI,2026-8-20 19:21:08.122671700,3.6145,3.6145,0.0000,2.8244,0.9963,0.2752,0.7211,17.0060,4.5060,NA,13318.5072,NA,NA,NA
python.exe,24084,0x0,Other,-1,0,0,Composed: Copy with GPU GDI,2026-8-20 19:21:08.126286200,3.4885,3.4885,0.0000,0.2090,5.2597,2.0586,3.2011,NA,NA,-0.8915,13322.1217,NA,NA,NA
python.exe,24084,0x0,Other,-1,0,0,Composed: Copy with GPU GDI,2026-8-20 19:21:08.129774700,3.1332,3.1332,0.0000,1.9835,1.3070,0.2331,1.0739,14.4090,7.6373,NA,13325.6102,NA,NA,NA
python.exe,24084,0x0,Other,-1,0,0,Composed: Copy with GPU GDI,2026-8-20 19:21:08.132907900,6.2019,6.2019,0.0000,0.1610,6.2187,0.2945,5.9242,18.9131,6.0678,-4.5041,13328.7434,NA,NA,NA
python.exe,24084,0x0,Other,-1,0,0,Composed: Copy with GPU GDI,2026-8-20 19:21:08.139109800,5.5144,5.5144,0.0000,0.1806,5.6264,0.4287,5.1977,18.7790,6.0702,0.1341,13334.9453,NA,NA,NA
python.exe,24084,0x0,Other,-1,0,0,Composed: Copy with GPU GDI,2026-8-20 19:21:08.144624200,0.9801,0.9801,0.0000,0.2960,3.4658,2.8670,0.5988,NA,NA,-0.5558,13340.4597,NA,NA,NA
python.exe,24084,0x0,Other,-1,0,0,Composed: Copy with GPU GDI,2026-8-20 19:21:08.145604300,5.0106,5.0106,0.0000,2.7859,2.5036,0.3844,2.1192,18.3547,6.0776,NA,13341.4398,NA,NA,NA
python.exe,24084,0x0,Other,-1,0,0,Composed: Copy with GPU GDI,2026-8-20 19:21:08.150614900,6.0890,6.0890,0.0000,0.2818,6.1203,0.4157,5.7046,19.4217,6.0562,-1.0670,13346.4504,NA,NA,NA
python.exe,24084,0x0,Other,-1,0,0,Composed: Copy with GPU GDI,2026-8-20 19:21:08.156703900,5.6372,5.6372,0.0000,0.3158,5.6086,0.3995,5.2091,19.3889,6.0721,0.0328,13352.5394,NA,NA,NA
python.exe,24084,0x0,Other,-1,0,0,Composed: Copy with GPU GDI,2026-8-20 19:21:08.162341100,0.5248,0.5248,0.0000,0.2909,3.2449,3.0944,0.1505,NA,NA,-0.4349,13358.1766,NA,NA,NA
python.exe,24084,0x0,Other,-1,0,0,Composed: Copy with GPU GDI,2026-8-20 19:21:08.162865900,9.4189,9.4189,0.0000,3.0149,6.6820,0.3782,6.3038,NA,NA,NA,NA,NA,NA,NA
python.exe,24084,0x0,Other,-1,0,0,Composed: Copy with GPU GDI,2026-8-20 19:21:08.172284800,2.3237,2.3237,0.0000,0.2822,2.3254,0.3651,1.9603,9.8801,12.0337,NA,13368.1203,NA,NA,NA
python.exe,24084,0x0,Other,-1,0,0,Composed: Copy with GPU GDI,2026-8-20 19:21:08.174608500,4.6590,4.6590,0.0000,0.2879,6.3321,2.0426,4.2895,19.5901,0.0910,-9.7100,13370.4440,NA,NA,NA
python.exe,24084,0x0,Other,-1,0,0,Composed: Copy with GPU GDI,2026-8-20 19:21:08.179267500,4.7302,4.7302,0.0000,1.9645,2.9504,0.2695,2.6809,NA,NA,NA,NA,NA,NA,NA
python.exe,24084,0x0,Other,-1,0,0,Composed: Copy with GPU GDI,2026-8-20 19:21:08.183997700,3.3798,3.3798,0.0000,0.1875,3.4668,0.3753,3.0915,10.2919,16.5652,9.2982,13379.8332,NA,NA,NA
python.exe,24084,0x0,Other,-1,0,0,Composed: Copy with GPU GDI,2026-8-20 19:21:08.187377500,7.7663,7.7663,0.0000,0.2776,7.8306,0.4363,7.3943,NA,NA,NA,NA,NA,NA,NA
python.exe,24084,0x0,Other,-1,0,0,Composed: Copy with GPU GDI,2026-8-20 19:21:08.195143800,1.4215,1.4215,0.0000,3.8364,0.2505,0.2505,0.0000,NA,NA,-5.4191,13390.9793,NA,NA,NA
python.exe,24084,0x0,Other,-1,0,0,Composed: Copy with GPU GDI,2026-8-20 19:21:08.196565300,1.7024,1.7024,0.0000,0.0000,3.4899,2.5970,0.8929,14.2895,7.7015,NA,13392.4008,NA,NA,NA
python.exe,24084,0x0,Other,-1,0,0,Composed: Copy with GPU GDI,2026-8-20 19:21:08.198267700,9.1612,9.1612,0.0000,0.9658,8.3183,0.2651,8.0532,NA,NA,NA,NA,NA,NA,NA
python.exe,24084,0x0,Other,-1,0,0,Composed: Copy with GPU GDI,2026-8-20 19:21:08.207428900,3.0465,3.0465,0.0000,0.1261,3.0895,0.3318,2.7577,11.1274,8.9642,3.1621,13403.2644,NA,NA,NA
python.exe,24084,0x0,Other,-1,0,0,Composed: Copy with GPU GDI,2026-8-20 19:21:08.210475400,2.7414,2.7414,0.0000,0.1723,5.2105,2.7948,2.4157,NA,NA,-5.9177,13406.3109,NA,NA,NA
python.exe,24084,0x0,Other,-1,0,0,Composed: Copy with GPU GDI,2026-8-20 19:21:08.213216800,4.1792,4.1792,0.0000,2.6461,1.8527,0.4226,1.4301,14.3037,9.2368,NA,13409.0523,NA,NA,NA
python.exe,24084,0x0,Other,-1,0,0,Composed: Copy with GPU GDI,2026-8-20 19:21:08.217396000,5.0713,5.0713,0.0000,0.3227,5.0565,0.3796,4.6769,19.3613,7.4325,-5.0576,13413.2315,NA,NA,NA
python.exe,24084,0x0,Other,-1,0,0,Composed: Copy with GPU GDI,2026-8-20 19:21:08.222467300,6.8911,6.8911,0.0000,9.0798,0.2624,0.2624,0.0000,NA,NA,-2.3612,13418.3028,NA,NA,NA
python.exe,24084,0x0,Other,-1,0,0,Composed: Copy with GPU GDI,2026-8-20 19:21:08.229358400,0.5767,0.5767,0.0000,0.0000,8.7679,2.2991,6.4688,NA,NA,NA,NA,NA,NA,NA
python.exe,24084,0x0,Other,-1,0,0,Composed: Copy with GPU GDI,2026-8-20 19:21:08.229935100,5.1223,5.1223,0.0000,1.8773,3.5675,0.4096,3.1579,14.2547,10.7718,NA,13425.7706,NA,11.2228,NA
python.exe,24084,0x0,Other,-1,0,0,Composed: Copy with GPU GDI,2026-8-20 19:21:08.235057400,5.4942,5.4942,0.0000,0.3273,5.4734,0.3807,5.0927,19.9042,5.8957,-5.6495,13430.8929,NA,14.9983,NA
python.exe,24084,0x0,Other,-1,0,0,Composed: Copy with GPU GDI,2026-8-20 19:21:08.240551600,9.2624,9.2624,0.0000,11.3375,0.2430,0.2430,0.0000,NA,NA,-0.4015,13436.3871,NA,12.8991,NA
python.exe,24084,0x0,Other,-1,0,0,Composed: Copy with GPU GDI,2026-8-20 19:21:08.249814000,0.1148,0.1148,0.0000,0.0000,11.0284,2.1626,8.8658,NA,NA,NA,NA,NA,NA,NA
python.exe,24084,0x0,Other,-1,0,0,Composed: Copy with GPU GDI,2026-8-20 19:21:08.249928800,3.3938,3.3938,0.0000,2.2075,1.5248,0.4234,1.1014,10.9285,16.6734,NA,13445.7643,NA,7.8957,NA
python.exe,24084,0x0,Other,-1,0,0,Composed: Copy with GPU GDI,2026-8-20 19:21:08.253322600,8.2104,8.2104,0.0000,0.3414,8.1272,0.4063,7.7209,NA,NA,NA,NA,NA,NA,NA
python.exe,24084,0x0,Other,-1,0,0,Composed: Copy with GPU GDI,2026-8-20 19:21:08.261533000,2.0345,2.0345,0.0000,0.2602,3.7998,2.0993,1.7005,NA,NA,-5.0692,13457.3685,NA,14.5678,NA
python.exe,24084,0x0,Other,-1,0,0,Composed: Copy with GPU GDI,2026-8-20 19:21:08.263567500,2.1785,2.1785,0.0000,2.0298,0.3383,0.2867,0.0516,13.9632,7.7605,NA,13459.4030,NA,NA,NA
python.exe,24084,0x0,Other,-1,0,0,Composed: Copy with GPU GDI,2026-8-20 19:21:08.265746000,6.0120,6.0120,0.0000,0.1944,6.1365,0.3860,5.7505,19.5452,6.0673,-5.5820,13461.5815,NA,16.3268,NA
python.exe,24084,0x0,Other,-1,0,0,Composed: Copy with GPU GDI,2026-8-20 19:21:08.271758000,6.2042,6.2042,0.0000,0.3218,6.2061,0.3978,5.8083,19.6005,2.8279,-0.0553,13467.5935,NA,NA,NA
python.exe,24084,0x0,Other,-1,0,0,Composed: Copy with GPU GDI,2026-8-20 19:21:08.277962200,0.5805,0.5805,0.0000,0.3289,2.9980,2.8146,0.1834,NA,NA,3.3763,13473.7977,NA,NA,NA
python.exe,24084,0x0,Other,-1,0,0,Composed: Copy with GPU GDI,2026-8-20 19:21:08.278542700,4.8137,4.8137,0.0000,2.7685,2.3544,0.3827,1.9717,15.6437,9.3045,NA,13474.3782,NA,NA,NA
python.exe,24084,0x0,Other,-1,0,0,Composed: Copy with GPU GDI,2026-8-20 19:21:08.283356400,5.5019,5.5019,0.0000,0.3123,5.5038,0.3817,5.1221,20.1345,7.3638,-4.4908,13479.1919,NA,NA,NA
python.exe,24084,0x0,Other,-1,0,0,Composed: Copy with GPU GDI,2026-8-20 19:21:08.288858300,6.4765,6.4765,0.0000,8.7617,0.1901,0.1901,0.0000,NA,NA,-1.8619,13484.6938,NA,NA,NA
python.exe,24084,0x0,Other,-1,0,0,Composed: Copy with GPU GDI,2026-8-20 19:21:08.295334800,0.2300,0.2300,0.0000,0.0000,8.4449,2.3751,6.0698,NA,NA,NA,NA,NA,NA,NA
python.exe,24084,0x0,Other,-1,0,0,Composed: Copy with GPU GDI,2026-8-20 19:21:08.295564800,5.8422,5.8422,0.0000,2.2505,3.9038,0.3795,3.5243,15.2899,10.8391,NA,13491.4003,NA,NA,NA
python.exe,24084,0x0,Other,-1,0,0,Composed: Copy with GPU GDI,2026-8-20 19:21:08.301407000,6.5748,6.5748,0.0000,0.3158,6.5880,0.4071,6.1809,20.2868,5.8291,-4.9969,13497.2425,NA,NA,NA
python.exe,24084,0x0,Other,-1,0,0,Composed: Copy with GPU GDI,2026-8-20 19:21:08.307981800,4.6003,4.6003,0.0000,0.3317,6.1352,1.9540,4.1812,19.5411,0.2286,0.7457,13503.8173,NA,NA,NA
python.exe,24084,0x0,Other,-1,0,0,Composed: Copy with GPU GDI,2026-8-20 19:21:08.312582100,4.5126,4.5126,0.0000,1.8697,2.8352,0.2782,2.5570,15.1694,12.1460,4.3717,13508.4176,NA,NA,NA
python.exe,24084,0x0,Other,-1,0,0,Composed: Copy with GPU GDI,2026-8-20 19:21:08.317094700,4.4582,4.4582,0.0000,0.1950,4.5443,0.3612,4.1831,22.8028,4.2929,-7.6334,13512.9302,NA,NA,NA
python.exe,24084,0x0,Other,-1,0,0,Composed: Copy with GPU GDI,2026-8-20 19:21:08.321552900,7.2264,7.2264,0.0000,0.2851,7.1558,0.3199,6.8359,NA,NA,NA,NA,NA,NA,NA
python.exe,24084,0x0,Other,-1,0,0,Composed: Copy with GPU GDI,2026-8-20 19:21:08.328779300,1.3063,1.3063,0.0000,3.4253,0.2552,0.2552,0.0000,NA,NA,7.3917,13524.6148,NA,NA,NA
python.exe,24084,0x0,Other,-1,0,0,Composed: Copy with GPU GDI,2026-8-20 19:21:08.330085600,1.5065,1.5065,0.0000,0.0000,3.2078,2.1991,1.0087,14.1048,7.8302,NA,13525.9211,NA,NA,NA
python.exe,24084,0x0,Other,-1,0,0,Composed: Copy with GPU GDI,2026-8-20 19:21:08.331592100,8.0462,8.0462,0.0000,0.8712,7.5802,0.4969,7.0833,NA,NA,NA,NA,NA,NA,NA
python.exe,24084,0x0,Other,-1,0,0,Composed: Copy with GPU GDI,2026-8-20 19:21:08.339638300,4.5630,4.5630,0.0000,0.4100,4.4426,0.3846,4.0580,12.3823,8.8335,1.7225,13535.4738,NA,NA,NA
python.exe,24084,0x0,Other,-1,0,0,Composed: Copy with GPU GDI,2026-8-20 19:21:08.344201300,1.3157,1.3157,0.0000,0.2931,3.9196,2.9742,0.9454,NA,NA,-4.2705,13540.0368,NA,NA,NA
python.exe,24084,0x0,Other,-1,0,0,Composed: Copy with GPU GDI,2026-8-20 19:21:08.345517000,4.7352,4.7352,0.0000,2.9008,2.1536,0.3914,1.7622,15.3371,9.3729,NA,13541.3525,NA,NA,NA
python.exe,24084,0x0,Other,-1,0,0,Composed: Copy with GPU GDI,2026-8-20 19:21:08.350252200,5.5278,5.5278,0.0000,0.3221,5.5216,0.4016,5.1200,19.9748,6.0597,-4.6377,13546.0877,NA,NA,NA
python.exe,24084,0x0,Other,-1,0,0,Composed: Copy with GPU GDI,2026-8-20 19:21:08.355780000,6.7285,6.7285,0.0000,0.3202,6.7005,0.3776,6.3229,20.5067,1.2427,-0.5319,13551.6155,NA,NA,NA
python.exe,24084,0x0,Other,-1,0,0,Composed: Copy with GPU GDI,2026-8-20 19:21:08.362508500,0.4942,0.4942,0.0000,0.2951,3.0015,2.8824,0.1191,15.0209,4.8232,5.4858,13558.3440,NA,NA,NA
python.exe,24084,0x0,Other,-1,0,0,Composed: Copy with GPU GDI,2026-8-20 19:21:08.363002700,8.9465,8.9465,0.0000,2.8177,6.3088,0.2785,6.0303,NA,NA,NA,NA,NA,NA,NA
python.exe,24084,0x0,Other,-1,0,0,Composed: Copy with GPU GDI,2026-8-20 19:21:08.371949200,2.4336,2.4336,0.0000,0.1830,2.6000,0.4219,2.1781,10.4034,11.8368,4.6175,13567.7847,NA,9.3719,NA
python.exe,24084,0x0,Other,-1,0,0,Composed: Copy with GPU GDI,2026-8-20 19:21:08.374382800,4.4881,4.4881,0.0000,0.3523,6.1922,2.1341,4.0581,19.8066,0.3009,-9.4032,13570.2183,NA,NA,NA
python.exe,24084,0x0,Other,-1,0,0,Composed: Copy with GPU GDI,2026-8-20 19:21:08.378870900,4.2831,4.2831,0.0000,2.0600,2.8993,0.7647,2.1346,NA,NA,NA,NA,NA,NA,NA
python.exe,24084,0x0,Other,-1,0,0,Composed: Copy with GPU GDI,2026-8-20 19:21:08.383154000,3.2451,3.2451,0.0000,0.6793,2.8283,0.3387,2.4896,11.3363,16.3630,8.4703,13578.9895,NA,12.5213,NA
python.exe,24084,0x0,Other,-1,0,0,Composed: Copy with GPU GDI,2026-8-20 19:21:08.386399100,7.9069,7.9069,0.0000,0.2653,7.9743,0.4133,7.5610,NA,NA,NA,NA,NA,NA,NA
python.exe,24084,0x0,Other,-1,0,0,Composed: Copy with GPU GDI,2026-8-20 19:21:08.394306000,1.1468,1.1468,0.0000,0.3360,2.7392,2.0114,0.7278,NA,NA,-5.2110,13590.1415,NA,21.8826,NA
python.exe,24084,0x0,Other,-1,0,0,Composed: Copy with GPU GDI,2026-8-20 19:21:08.395452800,3.1026,3.1026,0.0000,1.9322,1.3727,0.2889,1.0838,15.4005,7.8944,NA,13591.2883,NA,NA,NA
python.exe,24084,0x0,Other,-1,0,0,Composed: Copy with GPU GDI,2026-8-20 19:21:08.398555400,7.5458,7.5458,0.0000,0.2075,7.6560,0.3928,7.2632,20.1923,6.0807,-4.7918,13594.3909,NA,14.7771,NA
python.exe,24084,0x0,Other,-1,0,0,Composed: Copy with GPU GDI,2026-8-20 19:21:08.406101200,4.5333,4.5333,0.0000,0.3205,4.5466,0.4081,4.1385,18.7272,6.0669,1.4651,13601.9367,NA,15.8540,NA
python.exe,24084,0x0,Other,-1,0,0,Composed: Copy with GPU GDI,2026-8-20 19:21:08.410634500,5.6778,5.6778,0.0000,7.9061,0.3538,0.3538,0.0000,NA,NA,NA,NA,NA,NA,NA
python.exe,24084,0x0,Other,-1,0,0,Composed: Copy with GPU GDI,2026-8-20 19:21:08.416312300,0.3969,0.3969,0.0000,0.0000,7.5676,2.3283,5.2393,14.5830,6.0647,4.1442,13612.1478,NA,NA,NA
python.exe,24084,0x0,Other,-1,0,0,Composed: Copy with GPU GDI,2026-8-20 19:21:08.416709200,5.5601,5.5601,0.0000,2.1894,3.6726,0.3817,3.2909,20.2508,6.0619,-5.6678,13612.5447,NA,NA,NA
python.exe,24084,0x0,Other,-1,0,0,Composed: Copy with GPU GDI,2026-8-20 19:21:08.422269300,7.8091,7.8091,0.0000,0.3067,7.7672,0.3818,7.3854,20.7526,6.0777,-0.5018,13618.1048,NA,14.0558,NA
python.exe,24084,0x0,Other,-1,0,0,Composed: Copy with GPU GDI,2026-8-20 19:21:08.430078400,0.6746,0.6746,0.0000,0.2676,3.5453,3.2168,0.3285,NA,NA,1.7314,13625.9139,NA,NA,NA
python.exe,24084,0x0,Other,-1,0,0,Composed: Copy with GPU GDI,2026-8-20 19:21:08.430753000,4.1255,4.1255,0.0000,3.1436,1.1889,0.2832,0.9057,18.3466,6.0587,NA,13626.5885,NA,15.1309,NA
python.exe,24084,0x0,Other,-1,0,0,Composed: Copy with GPU GDI,2026-8-20 19:21:08.434878500,6.5662,6.5662,0.0000,0.2097,6.6787,0.3986,6.2801,20.2798,6.0715,-1.9332,13630.7140,NA,15.1887,NA
python.exe,24084,0x0,Other,-1,0,0,Composed: Copy with GPU GDI,2026-8-20 19:21:08.441444700,4.5257,4.5257,0.0000,0.3249,6.1910,2.0723,4.1187,NA,NA,0.4947,13637.2802,NA,17.2666,NA
python.exe,24084,0x0,Other,-1,0,0,Composed: Copy with GPU GDI,2026-8-20 19:21:08.445970400,3.5851,3.5851,0.0000,1.9936,1.8238,0.3909,1.4329,NA,NA,NA,NA,NA,NA,NA
python.exe,24084,0x0,Other,-1,0,0,Composed: Copy with GPU GDI,2026-8-20 19:21:08.449555500,2.9499,2.9499,0.0000,0.2353,2.9050,0.2703,2.6347,11.6743,16.3232,NA,13645.3910,NA,NA,NA
python.exe,24084,0x0,Other,-1,0,0,Composed: Copy with GPU GDI,2026-8-20 19:21:08.452505400,8.9903,8.9903,0.0000,0.1932,9.0901,0.4028,8.6873,NA,NA,NA,NA,NA,NA,NA
python.exe,24084,0x0,Other,-1,0,0,Composed: Copy with GPU GDI,2026-8-20 19:21:08.461495700,0.9861,0.9861,0.0000,0.2954,2.6585,2.0481,0.6104,NA,NA,-4.3830,13657.3312,NA,19.5870,NA
python.exe,24084,0x0,Other,-1,0,0,Composed: Copy with GPU GDI,2026-8-20 19:21:08.462481800,2.6301,2.6301,0.0000,1.9713,0.8609,0.2809,0.5800,15.0712,7.9506,NA,13658.3173,NA,NA,NA
python.exe,24084,0x0,Other,-1,0,0,Composed: Copy with GPU GDI,2026-8-20 19:21:08.465111900,7.6354,7.6354,0.0000,0.2047,7.7368,0.3871,7.3497,20.3917,6.0556,-5.3205,13660.9474,NA,NA,NA
python.exe,24084,0x0,Other,-1,0,0,Composed: Copy with GPU GDI,2026-8-20 19:21:08.472747300,5.3003,5.3003,0.0000,0.3102,5.2831,0.3958,4.8873,18.8119,6.0674,1.5798,13668.5828,NA,NA,NA
python.exe,24084,0x0,Other,-1,0,0,Composed: Copy with GPU GDI,2026-8-20 19:21:08.478047600,5.2250,5.2250,0.0000,7.5385,0.1761,0.1761,0.0000,NA,NA,NA,NA,NA,NA,NA
python.exe,24084,0x0,Other,-1,0,0,Composed: Copy with GPU GDI,2026-8-20 19:21:08.483272600,0.1953,0.1953,0.0000,0.0000,7.2424,2.4117,4.8307,14.3540,6.0634,4.4579,13679.1081,NA,NA,NA
python.exe,24084,0x0,Other,-1,0,0,Composed: Copy with GPU GDI,2026-8-20 19:21:08.483467900,5.4538,5.4538,0.0000,2.2994,3.3355,0.2689,3.0666,20.2221,6.0640,-5.8681,13679.3034,NA,NA,NA
python.exe,24084,0x0,Other,-1,0,0,Composed: Copy with GPU GDI,2026-8-20 19:21:08.488921700,7.0660,7.0660,0.0000,0.1845,7.1969,0.3971,6.7998,20.8323,6.0669,-0.6102,13684.7572,NA,NA,NA
python.exe,24084,0x0,Other,-1,0,0,Composed: Copy with GPU GDI,2026-8-20 19:21:08.495987700,0.8156,0.8156,0.0000,0.3182,3.4545,3.0402,0.4143,NA,NA,0.9991,13691.8232,NA,NA,NA
python.exe,24084,0x0,Other,-1,0,0,Composed: Copy with GPU GDI,2026-8-20 19:21:08.496803300,8.7818,8.7818,0.0000,2.9601,6.0099,0.2745,5.7354,NA,NA,NA,NA,NA,NA,NA
python.exe,24084,0x0,Other,-1,0,0,Composed: Copy with GPU GDI,2026-8-20 19:21:08.505585100,2.3913,2.3913,0.0000,0.1914,2.4916,0.3632,2.1284,10.2358,12.1424,NA,13701.4206,NA,NA,NA
python.exe,24084,0x0,Other,-1,0,0,Composed: Copy with GPU GDI,2026-8-20 19:21:08.507976400,4.5872,4.5872,0.0000,0.2966,6.2402,2.0447,4.1955,NA,NA,-9.7511,13703.8119,NA,NA,NA
python.exe,24084,0x0,Other,-1,0,0,Composed: Copy with GPU GDI,2026-8-20 19:21:08.512563600,3.8805,3.8805,0.0000,1.9538,2.2511,0.4035,1.8476,NA,NA,NA,NA,NA,NA,NA
python.exe,24084,0x0,Other,-1,0,0,Composed: Copy with GPU GDI,2026-8-20 19:21:08.516444100,3.5623,3.5623,0.0000,0.3264,3.5637,0.3991,3.1646,11.5192,16.2254,NA,13712.2796,NA,NA,NA
python.exe,24084,0x0,Other,-1,0,0,Composed: Copy with GPU GDI,2026-8-20 19:21:08.520006400,8.6021,8.6021,0.0000,0.3306,8.6928,0.5446,8.1482,NA,NA,NA,NA,NA,NA,NA
python.exe,24084,0x0,Other,-1,0,0,Composed: Copy with GPU GDI,2026-8-20 19:21:08.528608500,0.2542,0.2542,0.0000,0.4213,2.0399,2.0399,0.0000,NA,NA,-4.0610,13724.4440,NA,NA,NA
python.exe,24084,0x0,Other,-1,0,0,Composed: Copy with GPU GDI,2026-8-20 19:21:08.528862700,2.7394,2.7394,0.0000,2.2102,0.7365,0.2816,0.4549,15.3260,8.0433,NA,13724.6982,NA,NA,NA
python.exe,24084,0x0,Other,-1,0,0,Composed: Copy with GPU GDI,2026-8-20 19:21:08.531602100,7.2715,7.2715,0.0000,0.2101,7.3863,0.4121,6.9742,20.6299,6.0684,-5.3039,13727.4376,NA,NA,NA
python.exe,24084,0x0,Other,-1,0,0,Composed: Copy with GPU GDI,2026-8-20 19:21:08.538873600,5.9081,5.9081,0.0000,0.3280,5.8834,0.3802,5.5032,19.4268,6.0578,1.2031,13734.7091,NA,NA,NA
python.exe,24084,0x0,Other,-1,0,0,Composed: Copy with GPU GDI,2026-8-20 19:21:08.544781700,5.9381,5.9381,0.0000,8.2081,0.2537,0.2537,0.0000,NA,NA,-0.1497,13740.6172,NA,NA,NA
python.exe,24084,0x0,Other,-1,0,0,Composed: Copy with GPU GDI,2026-8-20 19:21:08.550719800,0.5291,0.5291,0.0000,0.0000,7.9007,2.3623,5.5384,13.6384,12.1371,NA,13746.5553,NA,NA,NA
python.exe,24084,0x0,Other,-1,0,0,Composed: Copy with GPU GDI,2026-8-20 19:21:08.551248900,10.1408,10.1408,0.0000,1.9981,8.4275,0.3761,8.0514,NA,NA,NA,NA,NA,NA,NA
python.exe,24084,0x0,Other,-1,0,0,Composed: Copy with GPU GDI,2026-8-20 19:21:08.561389700,1.4631,1.4631,0.0000,0.2877,1.4864,0.3820,1.1044,15.1056,6.0624,-1.4672,13757.2252,NA,NA,NA
python.exe,24084,0x0,Other,-1,0,0,Composed: Copy with GPU GDI,2026-8-20 19:21:08.562852800,2.0239,2.0239,0.0000,0.3139,4.9363,3.3669,1.5694,NA,NA,-4.5993,13758.6883,NA,NA,NA
python.exe,24084,0x0,Other,-1,0,0,Composed: Copy with GPU GDI,2026-8-20 19:21:08.564876700,3.5041,3.5041,0.0000,3.2301,0.4818,0.2845,0.1973,17.6810,6.0544,NA,13760.7122,NA,NA,NA
python.exe,24084,0x0,Other,-1,0,0,Composed: Copy with GPU GDI,2026-8-20 19:21:08.568380800,6.1062,6.1062,0.0000,0.2109,6.1924,0.3804,5.8120,20.2313,6.0703,-2.5503,13764.2163,NA,NA,NA
python.exe,24084,0x0,Other,-1,0,0,Composed: Copy with GPU GDI,2026-8-20 19:21:08.574487000,4.5045,4.5045,0.0000,0.3016,6.2933,2.1793,4.1140,NA,NA,0.0359,13770.3225,NA,NA,NA
python.exe,24084,0x0,Other,-1,0,0,Composed: Copy with GPU GDI,2026-8-20 19:21:08.578991500,4.0434,4.0434,0.0000,2.0937,2.2206,0.3954,1.8252,NA,NA,NA,NA,NA,NA,NA
python.exe,24084,0x0,Other,-1,0,0,Composed: Copy with GPU GDI,2026-8-20 19:21:08.583034900,4.5010,4.5010,0.0000,0.2752,4.5175,0.3841,4.1334,11.6475,12.1364,NA,13778.8704,NA,NA,NA
python.exe,24084,0x0,Other,-1,0,0,Composed: Copy with GPU GDI,2026-8-20 19:21:08.587535900,6.6573,6.6573,0.0000,0.2945,6.7081,0.4338,6.2743,19.2829,4.0409,-7.6354,13783.3714,NA,NA,NA
python.exe,24084,0x0,Other,-1,0,0,Composed: Copy with GPU GDI,2026-8-20 19:21:08.594193200,1.5627,1.5627,0.0000,0.3481,3.1770,2.1417,1.0353,NA,NA,2.6164,13790.0287,NA,NA,NA
python.exe,24084,0x0,Other,-1,0,0,Composed: Copy with GPU GDI,2026-8-20 19:21:08.595755900,2.2446,2.2446,0.0000,1.9664,0.4838,0.2878,0.1960,15.1038,8.0919,NA,13791.5914,NA,NA,NA
python.exe,24084,0x0,Other,-1,0,0,Composed: Copy with GPU GDI,2026-8-20 19:21:08.598000500,8.1399,8.1399,0.0000,0.2082,8.2365,0.3912,7.8453,20.9511,6.0711,-5.8473,13793.8360,NA,NA,NA
python.exe,24084,0x0,Other,-1,0,0,Composed: Copy with GPU GDI,2026-8-20 19:21:08.606140400,5.0396,5.0396,0.0000,0.3087,5.0227,0.3850,4.6377,18.8823,2.4893,2.0688,13801.9759,NA,NA,NA
python.exe,24084,0x0,Other,-1,0,0,Composed: Copy with GPU GDI,2026-8-20 19:21:08.611180000,1.2701,1.2701,0.0000,0.2953,4.1432,3.2407,0.9025,16.3320,3.5737,2.5503,13807.0155,NA,NA,NA
python.exe,24084,0x0,Other,-1,0,0,Composed: Copy with GPU GDI,2026-8-20 19:21:08.612450100,6.4285,6.4285,0.0000,3.1731,3.4812,0.3659,3.1153,NA,NA,NA,NA,NA,NA,NA
python.exe,24084,0x0,Other,-1,0,0,Composed: Copy with GPU GDI,2026-8-20 19:21:08.618878600,3.4325,3.4325,0.0000,0.2309,3.4241,0.3156,3.1085,12.2071,13.0970,4.1249,13814.7141,NA,NA,NA
python.exe,24084,0x0,Other,-1,0,0,Composed: Copy with GPU GDI,2026-8-20 19:21:08.622311100,6.7685,6.7685,0.0000,9.0831,0.2331,0.2331,0.0000,NA,NA,-9.6645,13818.1466,NA,NA,NA
python.exe,24084,0x0,Other,-1,0,0,Composed: Copy with GPU GDI,2026-8-20 19:21:08.629079600,1.3322,1.3322,0.0000,0.0000,8.8578,2.3874,6.4704,NA,NA,NA,NA,NA,NA,NA
python.exe,24084,0x0,Other,-1,0,0,Composed: Copy with GPU GDI,2026-8-20 19:21:08.630411800,4.3987,4.3987,0.0000,1.2187,3.4924,0.4091,3.0833,13.7709,11.1687,NA,13826.2473,NA,NA,NA
python.exe,24084,0x0,Other,-1,0,0,Composed: Copy with GPU GDI,2026-8-20 19:21:08.634810500,7.1080,7.1080,0.0000,0.3168,7.1159,0.4138,6.7021,20.5409,5.5012,-6.7700,13830.6460,NA,NA,NA
python.exe,24084,0x0,Other,-1,0,0,Composed: Copy with GPU GDI,2026-8-20 19:21:08.641918500,3.9395,3.9395,0.0000,0.3278,5.6895,2.1529,3.5366,NA,NA,1.6068,13837.7540,NA,NA,NA
python.exe,24084,0x0,Other,-1,0,0,Composed: Copy with GPU GDI,2026-8-20 19:21:08.645858000,3.1271,3.1271,0.0000,2.0810,1.2575,0.2789,0.9786,14.9946,6.6409,NA,13841.6935,NA,NA,NA
python.exe,24084,0x0,Other,-1,0,0,Composed: Copy with GPU GDI,2026-8-20 19:21:08.648985100,4.9835,4.9835,0.0000,0.2142,5.1301,0.4476,4.6825,18.5084,6.0609,-3.5138,13844.8206,NA,NA,NA
python.exe,24084,0x0,Other,-1,0,0,Composed: Copy with GPU GDI,2026-8-20 19:21:08.653968600,7.0282,7.0282,0.0000,0.3649,7.0036,0.4076,6.5960,19.5858,3.9643,-1.0774,13849.8041,NA,NA,NA
python.exe,24084,0x0,Other,-1,0,0,Composed: Copy with GPU GDI,2026-8-20 19:21:08.660996800,1.4266,1.4266,0.0000,0.3430,3.1402,2.1384,1.0018,NA,NA,3.0639,13856.8323,NA,NA,NA
python.exe,24084,0x0,Other,-1,0,0,Composed: Copy with GPU GDI,2026-8-20 19:21:08.662423400,2.5489,2.5489,0.0000,2.0605,0.6925,0.2910,0.4015,15.0953,8.1773,NA,13858.2589,NA,NA,NA
python.exe,24084,0x0,Other,-1,0,0,Composed: Copy with GPU GDI,2026-8-20 19:21:08.664972300,7.0520,7.0520,0.0000,0.2077,7.1676,0.3914,6.7762,20.7237,6.0646,-5.6284,13860.8078,NA,NA,NA
python.exe,24084,0x0,Other,-1,0,0,Composed: Copy with GPU GDI,2026-8-20 19:21:08.672024300,5.5082,5.5082,0.0000,0.3275,5.5513,0.4368,5.1145,19.7363,2.4213,0.9874,13867.8598,NA,NA,NA
python.exe,24084,0x0,Other,-1,0,0,Composed: Copy with GPU GDI,2026-8-20 19:21:08.677532500,1.8702,1.8702,0.0000,0.3734,4.4583,3.0301,1.4282,NA,NA,3.0869,13873.3680,NA,NA,NA
python.exe,24084,0x0,Other,-1,0,0,Composed: Copy with GPU GDI,2026-8-20 19:21:08.679402700,3.6915,3.6915,0.0000,2.9647,0.9427,0.2831,0.6596,14.7792,9.7078,NA,13875.2382,NA,NA,NA
python.exe,24084,0x0,Other,-1,0,0,Composed: Copy with GPU GDI,2026-8-20 19:21:08.683094200,7.2307,7.2307,0.0000,0.2189,7.3093,0.3854,6.9239,20.7955,6.0663,-6.0163,13878.9297,NA,NA,NA
python.exe,24084,0x0,Other,-1,0,0,Composed: Copy with GPU GDI,2026-8-20 19:21:08.690324900,5.6364,5.6364,0.0000,0.3002,5.6401,0.4105,5.2296,19.6311,0.8872,1.1644,13886.1604,NA,NA,NA
python.exe,24084,0x0,Other,-1,0,0,Composed: Copy with GPU GDI,2026-8-20 19:21:08.695961300,0.6580,0.6580,0.0000,0.3114,3.1932,2.9313,0.2619,14.8819,5.1841,4.7492,13891.7968,NA,NA,NA
python.exe,24084,0x0,Other,-1,0,0,Composed: Copy with GPU GDI,2026-8-20 19:21:08.696619300,8.9673,8.9673,0.0000,2.8493,6.3101,0.2775,6.0326,NA,NA,NA,NA,NA,NA,NA
python.exe,24084,0x0,Other,-1,0,0,Composed: Copy with GPU GDI,2026-8-20 19:21:08.705586600,1.7860,1.7860,0.0000,0.1948,1.8914,0.3663,1.5251,10.4407,11.4863,4.4412,13901.4221,NA,NA,NA
python.exe,24084,0x0,Other,-1,0,0,Composed: Copy with GPU GDI,2026-8-20 19:21:08.707372600,4.3706,4.3706,0.0000,0.3042,6.1375,2.1405,3.9970,20.1410,0.6490,-9.7003,13903.2081,NA,NA,NA
python.exe,24084,0x0,Other,-1,0,0,Composed: Copy with GPU GDI,2026-8-20 19:21:08.711743200,4.4701,4.4701,0.0000,2.0750,2.6753,0.4041,2.2712,NA,NA,NA,NA,NA,NA,NA
python.exe,24084,0x0,Other,-1,0,0,Composed: Copy with GPU GDI,2026-8-20 19:21:08.716213300,4.2342,4.2342,0.0000,0.2838,4.2856,0.4129,3.8727,11.9493,16.0252,8.1917,13912.0488,NA,NA,NA
python.exe,24084,0x0,Other,-1,0,0,Composed: Copy with GPU GDI,2026-8-20 19:21:08.720447500,8.0406,8.0406,0.0000,0.3406,7.9864,0.3939,7.5925,NA,NA,NA,NA,NA,NA,NA
python.exe,24084,0x0,Other,-1,0,0,Composed: Copy with GPU GDI,2026-8-20 19:21:08.728488100,0.8792,0.8792,0.0000,0.2913,2.6566,2.1545,0.5021,NA,NA,-3.7504,13924.3236,NA,NA,NA
python.exe,24084,0x0,Other,-1,0,0,Composed: Copy with GPU GDI,2026-8-20 19:21:08.729367300,3.2279,3.2279,0.0000,2.0723,1.3143,0.2415,1.0728,14.8205,8.2254,NA,13925.2028,NA,NA,NA
python.exe,24084,0x0,Other,-1,0,0,Composed: Copy with GPU GDI,2026-8-20 19:21:08.732595200,6.4375,6.4375,0.0000,0.1640,6.5906,0.4011,6.1895,19.8180,6.0700,-4.9975,13928.4307,NA,NA,NA
python.exe,24084,0x0,Other,-1,0,0,Composed: Copy with GPU GDI,2026-8-20 19:21:08.739032700,5.1248,5.1248,0.0000,0.3199,5.1178,0.3887,4.7291,19.4505,2.3588,0.3675,13934.8682,NA,NA,NA
python.exe,24084,0x0,Other,-1,0,0,Composed: Copy with GPU GDI,2026-8-20 19:21:08.744157500,0.8891,0.8891,0.0000,0.3170,3.5163,3.0207,0.4956,NA,NA,2.7660,13939.9930,NA,NA,NA
python.exe,24084,0x0,Other,-1,0,0,Composed: Copy with GPU GDI,2026-8-20 19:21:08.745046600,5.7163,5.7163,0.0000,2.9476,3.0702,0.3916,2.6786,15.7954,9.7833,NA,13940.8821,NA,NA,NA
python.exe,24084,0x0,Other,-1,0,0,Composed: Copy with GPU GDI,2026-8-20 19:21:08.750762900,5.5947,5.5947,0.0000,0.3061,5.5918,0.4046,5.1872,19.8624,6.0625,-4.0670,13946.5984,NA,NA,NA
python.exe,24084,0x0,Other,-1,0,0,Composed: Copy with GPU GDI,2026-8-20 19:21:08.756357600,5.5893,5.5893,0.0000,0.3062,5.5804,0.4008,5.1796,NA,NA,-0.4678,13952.1931,NA,NA,NA
python.exe,24084,0x0,Other,-1,0,0,Composed: Copy with GPU GDI,2026-8-20 19:21:08.761946900,0.4716,0.4716,0.0000,0.3018,2.2254,2.1272,0.0982,14.7409,6.0690,NA,13957.7824,NA,NA,NA
python.exe,24084,0x0,Other,-1,0,0,Composed: Copy with GPU GDI,2026-8-20 19:21:08.762418500,9.5363,9.5363,0.0000,2.0599,7.6840,0.2818,7.4022,NA,NA,NA,NA,NA,NA,NA
python.exe,24084,0x0,Other,-1,0,0,Composed: Copy with GPU GDI,2026-8-20 19:21:08.771954800,2.5648,2.5648,0.0000,0.2105,2.6385,0.3690,2.2695,10.8020,11.4210,3.9389,13967.7903,NA,NA,NA
python.exe,24084,0x0,Other,-1,0,0,Composed: Copy with GPU GDI,2026-8-20 19:21:08.774519600,4.8511,4.8511,0.0000,0.2871,6.7311,2.2387,4.4924,19.6582,0.7095,-8.8562,13970.3551,NA,NA,NA
python.exe,24084,0x0,Other,-1,0,0,Composed: Copy with GPU GDI,2026-8-20 19:21:08.779370700,4.1506,4.1506,0.0000,2.1724,2.6507,0.7526,1.8981,NA,NA,NA,NA,NA,NA,NA
python.exe,24084,0x0,Other,-1,0,0,Composed: Copy with GPU GDI,2026-8-20 19:21:08.783521300,4.0519,4.0519,0.0000,0.6799,3.6837,0.3809,3.3028,11.3660,12.1276,8.2922,13979.3568,NA,NA,NA
python.exe,24084,0x0,Other,-1,0,0,Composed: Copy with GPU GDI,2026-8-20 19:21:08.787573200,6.4472,6.4472,0.0000,0.3145,6.4575,0.3956,6.0619,19.4417,3.8344,-8.0757,13983.4087,NA,NA,NA
python.exe,24084,0x0,Other,-1,0,0,Composed: Copy with GPU GDI,2026-8-20 19:21:08.794020400,1.5927,1.5927,0.0000,0.3279,3.8225,2.6514,1.1711,NA,NA,2.6128,13989.8559,NA,NA,NA
python.exe,24084,0x0,Other,-1,0,0,Composed: Copy with GPU GDI,2026-8-20 19:21:08.795613100,2.5831,2.5831,0.0000,2.5577,0.2771,0.2771,0.0000,15.2362,8.3010,NA,13991.4486,NA,NA,NA
python.exe,24084,0x0,Other,-1,0,0,Composed: Copy with GPU GDI,2026-8-20 19:21:08.798196200,6.7730,6.7730,0.0000,0.2551,6.8408,0.3894,6.4514,20.9541,6.0718,-5.7179,13994.0317,NA,NA,NA
python.exe,24084,0x0,Other,-1,0,0,Composed: Copy with GPU GDI,2026-8-20 19:21:08.804969200,5.7563,5.7563,0.0000,0.3257,5.7261,0.3830,5.3431,20.2529,2.2880,0.7012,14000.8047,NA,NA,NA
python.exe,24084,0x0,Other,-1,0,0,Composed: Copy with GPU GDI,2026-8-20 19:21:08.810725500,1.2831,1.2831,0.0000,0.2987,3.8698,2.9539,0.9159,NA,NA,3.4683,14006.5610,NA,NA,NA
python.exe,24084,0x0,Other,-1,0,0,Composed: Copy with GPU GDI,2026-8-20 19:21:08.812008600,5.3322,5.3322,0.0000,2.8884,2.7777,0.4195,2.3582,15.5015,9.8399,NA,14007.8441,NA,NA,NA
python.exe,24084,0x0,Other,-1,0,0,Composed: Copy with GPU GDI,2026-8-20 19:21:08.817340800,5.4798,5.4798,0.0000,0.3369,5.4491,0.3942,5.0549,20.0092,6.0688,-4.5077,14013.1763,NA,NA,NA
python.exe,24084,0x0,Other,-1,0,0,Composed: Copy with GPU GDI,2026-8-20 19:21:08.822820600,5.4569,5.4569,0.0000,0.3120,5.3526,0.2792,5.0734,NA,NA,-0.5890,14018.6561,NA,NA,NA
python.exe,24084,0x0,Other,-1,0,0,Composed: Copy with GPU GDI,2026-8-20 19:21:08.828277500,0.9326,0.9326,0.0000,0.2104,2.7362,2.0943,0.6419,15.1413,6.0646,NA,14024.1130,NA,NA,NA
python.exe,24084,0x0,Other,-1,0,0,Composed: Copy with GPU GDI,2026-8-20 19:21:08.829210100,9.4876,9.4876,0.0000,2.0183,7.7012,0.3580,7.3432,NA,NA,NA,NA,NA,NA,NA
python.exe,24084,0x0,Other,-1,0,0,Composed: Copy with GPU GDI,2026-8-20 19:21:08.838697700,2.2767,2.2767,0.0000,0.2349,2.3012,0.3401,1.9611,10.7857,11.3799,4.3556,14034.5332,NA,NA,NA
python.exe,24084,0x0,Other,-1,0,0,Composed: Copy with GPU GDI,2026-8-20 19:21:08.840974400,4.3452,4.3452,0.0000,0.2637,6.1238,2.1117,4.0121,19.8889,0.7457,-9.1032,14036.8099,NA,NA,NA
python.exe,24084,0x0,Other,-1,0,0,Composed: Copy with GPU GDI,2026-8-20 19:21:08.845319600,4.3605,4.3605,0.0000,2.0456,2.4363,0.3952,2.0411,NA,NA,NA,NA,NA,NA,NA
python.exe,24084,0x0,Other,-1,0,0,Composed: Copy with GPU GDI,2026-8-20 19:21:08.849680100,3.3428,3.3428,0.0000,0.1263,3.5491,0.4202,3.1289,11.9289,12.1428,7.9600,14045.5156,NA,NA,NA
python.exe,24084,0x0,Other,-1,0,0,Composed: Copy with GPU GDI,2026-8-20 19:21:08.853022900,7.5112,7.5112,0.0000,0.3362,7.5312,0.4339,7.0973,20.7289,3.7585,-8.8000,14048.8584,NA,NA,NA
python.exe,24084,0x0,Other,-1,0,0,Composed: Copy with GPU GDI,2026-8-20 19:21:08.860534100,3.4399,3.4399,0.0000,5.6684,0.2696,0.2696,0.0000,NA,NA,3.7527,14056.3696,NA,NA,NA
python.exe,24084,0x0,Other,-1,0,0,Composed: Copy with GPU GDI,2026-8-20 19:21:08.863974000,1.0638,1.0638,0.0000,0.0000,5.3090,2.3036,3.0054,13.5363,8.3809,NA,14059.8095,NA,NA,NA
python.exe,24084,0x0,Other,-1,0,0,Composed: Copy with GPU GDI,2026-8-20 19:21:08.865037800,6.8619,6.8619,0.0000,1.4384,5.7522,0.3941,5.3581,20.8534,6.0579,-7.3171,14060.8733,NA,NA,NA
python.exe,24084,0x0,Other,-1,0,0,Composed: Copy with GPU GDI,2026-8-20 19:21:08.871899700,5.3358,5.3358,0.0000,0.3318,5.3713,0.4354,4.9359,20.0494,2.2286,0.8040,14067.7352,NA,NA,NA
python.exe,24084,0x0,Other,-1,0,0,Composed: Copy with GPU GDI,2026-8-20 19:21:08.877235500,2.0460,2.0460,0.0000,0.3710,4.6599,3.0679,1.5920,NA,NA,3.1072,14073.0710,NA,NA,NA
python.exe,24084,0x0,Other,-1,0,0,Composed: Copy with GPU GDI,2026-8-20 19:21:08.879281500,4.4671,4.4671,0.0000,2.9881,1.8062,0.3915,1.4147,14.8962,9.9090,NA,14075.1170,NA,NA,NA
python.exe,24084,0x0,Other,-1,0,0,Composed: Copy with GPU GDI,2026-8-20 19:21:08.883748600,5.6600,5.6600,0.0000,0.3298,5.6381,0.3921,5.2460,20.3381,6.0633,-5.4419,14079.5841,NA,NA,NA
python.exe,24084,0x0,Other,-1,0,0,Composed: Copy with GPU GDI,2026-8-20 19:21:08.889408600,7.5692,7.5692,0.0000,0.3114,7.5988,0.4166,7.1822,20.7414,0.7042,-0.4033,14085.2441,NA,NA,NA
python.exe,24084,0x0,Other,-1,0,0,Composed: Copy with GPU GDI,2026-8-20 19:21:08.896977800,0.5456,0.5456,0.0000,0.3449,3.0866,2.9585,0.1281,NA,NA,6.8650,14092.8133,NA,NA,NA
python.exe,24084,0x0,Other,-1,0,0,Composed: Copy with GPU GDI,2026-8-20 19:21:08.897523400,3.3183,3.3183,0.0000,2.8900,0.6761,0.3151,0.3610,13.3308,11.4323,NA,14093.3589,NA,NA,NA
python.exe,24084,0x0,Other,-1,0,0,Composed: Copy with GPU GDI,2026-8-20 19:21:08.900841700,7.6355,7.6355,0.0000,0.2507,7.7078,0.4123,7.2955,21.4448,5.2265,-8.1140,14096.6772,NA,NA,NA
python.exe,24084,0x0,Other,-1,0,0,Composed: Copy with GPU GDI,2026-8-20 19:21:08.908477200,3.8802,3.8802,0.0000,0.3258,5.6153,2.1329,3.4824,19.0358,0.8388,2.4090,14104.3127,NA,NA,NA
python.exe,24084,0x0,Other,-1,0,0,Composed: Copy with GPU GDI,2026-8-20 19:21:08.912357400,4.0708,4.0708,0.0000,2.0657,2.3263,0.4061,1.9202,NA,NA,NA,NA,NA,NA,NA
python.exe,24084,0x0,Other,-1,0,0,Composed: Copy with GPU GDI,2026-8-20 19:21:08.916428200,4.1606,4.1606,0.0000,0.3232,4.1995,0.4466,3.7529,11.9236,15.8208,7.1122,14112.2637,NA,NA,NA
python.exe,24084,0x0,Other,-1,0,0,Composed: Copy with GPU GDI,2026-8-20 19:21:08.920588800,7.5169,7.5169,0.0000,0.3656,7.5391,0.4567,7.0824,NA,NA,NA,NA,NA,NA,NA
python.exe,24084,0x0,Other,-1,0,0,Composed: Copy with GPU GDI,2026-8-20 19:21:08.928105700,1.1871,1.1871,0.0000,0.3928,3.4065,2.7321,0.6744,NA,NA,-4.1433,14123.9412,NA,NA,NA
python.exe,24084,0x0,Other,-1,0,0,Composed: Copy with GPU GDI,2026-8-20 19:21:08.929292800,3.3992,3.3992,0.0000,2.6155,0.9918,0.2864,0.7054,14.8798,8.4448,NA,14125.1283,NA,NA,NA
python.exe,24084,0x0,Other,-1,0,0,Composed: Copy with GPU GDI,2026-8-20 19:21:08.932692000,5.7579,5.7579,0.0000,0.2112,5.8832,0.4051,5.4781,19.9254,6.0662,-5.0456,14128.5275,NA,NA,NA
python.exe,24084,0x0,Other,-1,0,0,Composed: Copy with GPU GDI,2026-8-20 19:21:08.938449900,5.2103,5.2103,0.0000,0.3394,5.1953,0.4122,4.7831,20.2337,2.1617,-0.3083,14134.2854,NA,17.7043,NA
python.exe,24084,0x0,Other,-1,0,0,Composed: Copy with GPU GDI,2026-8-20 19:21:08.943660200,1.8033,1.8033,0.0000,0.3275,4.4860,3.0788,1.4072,NA,NA,3.0486,14139.4957,NA,NA,NA
python.exe,24084,0x0,Other,-1,0,0,Composed: Copy with GPU GDI,2026-8-20 19:21:08.945463500,5.2098,5.2098,0.0000,3.0127,2.5457,0.4200,2.1257,15.3818,9.9686,NA,14141.2990,NA,10.8809,NA
python.exe,24084,0x0,Other,-1,0,0,Composed: Copy with GPU GDI,2026-8-20 19:21:08.950673300,10.3367,10.3367,0.0000,0.3512,10.1896,0.2815,9.9081,NA,NA,NA,NA,NA,NA,NA
python.exe,24084,0x0,Other,-1,0,0,Composed: Copy with GPU GDI,2026-8-20 19:21:08.961010000,0.7921,0.7921,0.0000,3.0317,0.2618,0.2618,0.0000,NA,NA,5.5779,14156.8455,NA,11.8483,NA
python.exe,24084,0x0,Other,-1,0,0,Composed: Copy with GPU GDI,2026-8-20 19:21:08.961802100,0.8614,0.8614,0.0000,0.0000,2.8249,2.3079,0.5170,9.0118,12.1359,NA,14157.6376,NA,NA,NA
python.exe,24084,0x0,Other,-1,0,0,Composed: Copy with GPU GDI,2026-8-20 19:21:08.962663500,9.3161,9.3161,0.0000,1.6429,7.9088,0.3129,7.5959,NA,NA,NA,NA,NA,NA,NA
python.exe,24084,0x0,Other,-1,0,0,Composed: Copy with GPU GDI,2026-8-20 19:21:08.971979600,3.1760,3.1760,0.0000,0.2400,3.2258,0.3786,2.8472,10.9702,11.2280,-1.9584,14167.8151,NA,12.9903,NA
python.exe,24084,0x0,Other,-1,0,0,Composed: Copy with GPU GDI,2026-8-20 19:21:08.975155600,4.3945,4.3945,0.0000,0.2950,6.2335,2.2093,4.0242,NA,NA,-8.0520,14170.9911,NA,15.2170,NA
python.exe,24084,0x0,Other,-1,0,0,Composed: Copy with GPU GDI,2026-8-20 19:21:08.979550100,3.0220,3.0220,0.0000,2.1383,1.1430,0.3283,0.8147,14.6277,6.9738,NA,14175.3856,NA,NA,NA
python.exe,24084,0x0,Other,-1,0,0,Composed: Copy with GPU GDI,2026-8-20 19:21:08.982572100,5.2348,5.2348,0.0000,0.2626,5.2817,0.3967,4.8850,18.5795,9.6948,-3.9518,14178.4076,NA,NA,NA
python.exe,24084,0x0,Other,-1,0,0,Composed: Copy with GPU GDI,2026-8-20 19:21:08.987806900,7.0291,7.0291,0.0000,0.3144,7.1111,0.4727,6.6384,NA,NA,NA,NA,NA,NA,NA
python.exe,24084,0x0,Other,-1,0,0,Composed: Copy with GPU GDI,2026-8-20 19:21:08.994836000,0.6228,0.6228,0.0000,0.3998,2.6056,2.5090,0.0966,NA,NA,2.5691,14190.6715,NA,NA,NA
python.exe,24084,0x0,Other,-1,0,0,Composed: Copy with GPU GDI,2026-8-20 19:21:08.995458800,3.3291,3.3291,0.0000,2.3860,1.1451,0.2747,0.8704,15.3876,8.4993,NA,14191.2943,NA,NA,NA
python.exe,24084,0x0,Other,-1,0,0,Composed: Copy with GPU GDI,2026-8-20 19:21:08.998787900,8.1251,8.1251,0.0000,0.2048,8.3161,0.4748,7.8413,20.5578,6.0725,-5.1702,14194.6234,NA,NA,NA
python.exe,24084,0x0,Other,-1,0,0,Composed: Copy with GPU GDI,2026-8-20 19:21:09.006913000,4.0030,4.0030,0.0000,0.4000,3.8760,0.3831,3.4929,18.5052,2.0874,2.0526,14202.7485,NA,NA,NA
python.exe,24084,0x0,Other,-1,0,0,Composed: Copy with GPU GDI,2026-8-20 19:21:09.010916000,1.8059,1.8059,0.0000,0.2762,4.5218,3.0602,1.4616,NA,NA,1.9156,14206.7515,NA,NA,NA
python.exe,24084,0x0,Other,-1,0,0,Composed: Copy with GPU GDI,2026-8-20 19:21:09.012721900,4.5846,4.5846,0.0000,2.9977,1.9247,0.4073,1.5174,14.7837,10.0485,NA,14208.5574,NA,NA,NA
python.exe,24084,0x0,Other,-1,0,0,Composed: Copy with GPU GDI,2026-8-20 19:21:09.017306500,10.3712,10.3712,0.0000,0.3407,10.2305,0.2768,9.9537,NA,NA,NA,NA,NA,NA,NA
python.exe,24084,0x0,Other,-1,0,0,Composed: Copy with GPU GDI,2026-8-20 19:21:09.027677700,0.8681,0.8681,0.0000,0.2031,0.7451,0.1563,0.5888,NA,NA,4.9073,14223.5132,NA,NA,NA
python.exe,24084,0x0,Other,-1,0,0,Composed: Copy with GPU GDI,2026-8-20 19:21:09.028545800,0.5028,0.5028,0.0000,0.0846,2.3841,2.0362,0.3479,9.0083,12.1344,NA,14224.3813,NA,NA,NA
python.exe,24084,0x0,Other,-1,0,0,Composed: Copy with GPU GDI,2026-8-20 19:21:09.029048600,10.6771,10.6771,0.0000,1.9694,9.0132,0.3859,8.6273,NA,NA,NA,NA,NA,NA,NA
python.exe,24084,0x0,Other,-1,0,0,Composed: Copy with GPU GDI,2026-8-20 19:21:09.039725700,1.3263,1.3263,0.0000,0.3087,1.0910,0.1455,0.9455,9.9628,11.1564,-0.9545,14235.5612,NA,NA,NA
python.exe,24084,0x0,Other,-1,0,0,Composed: Copy with GPU GDI,2026-8-20 19:21:09.041052000,4.4395,4.4395,0.0000,0.0767,6.3621,2.0737,4.2884,19.7929,0.9711,-9.8301,14236.8875,NA,NA,NA
python.exe,24084,0x0,Other,-1,0,0,Composed: Copy with GPU GDI,2026-8-20 19:21:09.045491500,4.9334,4.9334,0.0000,2.0030,3.6128,0.7693,2.8435,NA,NA,NA,NA,NA,NA,NA
python.exe,24084,0x0,Other,-1,0,0,Composed: Copy with GPU GDI,2026-8-20 19:21:09.050424900,2.2039,2.2039,0.0000,0.6854,1.7783,0.3393,1.4390,11.3911,12.1352,8.4018,14246.2604,NA,NA,NA
python.exe,24084,0x0,Other,-1,0,0,Composed: Copy with GPU GDI,2026-8-20 19:21:09.052628800,7.9662,7.9662,0.0000,0.2626,8.0466,0.4140,7.6326,21.3224,3.5652,-9.9313,14248.4643,NA,NA,NA
python.exe,24084,0x0,Other,-1,0,0,Composed: Copy with GPU GDI,2026-8-20 19:21:09.060595000,1.5071,1.5071,0.0000,0.3465,3.9213,2.8968,1.0245,NA,NA,4.4010,14256.4305,NA,NA,NA
python.exe,24084,0x0,Other,-1,0,0,Composed: Copy with GPU GDI,2026-8-20 19:21:09.062102100,2.6040,2.6040,0.0000,2.7607,0.6238,0.6238,0.0000,15.4143,8.5743,NA,14257.9376,NA,NA,NA
python.exe,24084,0x0,Other,-1,0,0,Composed: Copy with GPU GDI,2026-8-20 19:21:09.064706100,9.0669,9.0669,0.0000,0.7830,8.6111,0.4248,8.1863,NA,NA,NA,NA,NA,NA,NA
python.exe,24084,0x0,Other,-1,0,0,Composed: Copy with GPU GDI,2026-8-20 19:21:09.073773000,4.0869,4.0869,0.0000,0.3320,4.0504,0.3997,3.6507,12.3177,8.0908,3.0966,14269.6085,NA,NA,NA
python.exe,24084,0x0,Other,-1,0,0,Composed: Copy with GPU GDI,2026-8-20 19:21:09.077859900,1.4106,1.4106,0.0000,0.3007,4.0348,3.0028,1.0320,NA,NA,-4.0039,14273.6954,NA,NA,NA
python.exe,24084,0x0,Other,-1,0,0,Composed: Copy with GPU GDI,2026-8-20 19:21:09.079270500,5.0355,5.0355,0.0000,2.9308,2.4135,0.3943,2.0192,14.9110,10.1045,NA,14275.1060,NA,NA,NA
python.exe,24084,0x0,Other,-1,0,0,Composed: Copy with GPU GDI,2026-8-20 19:21:09.084306000,5.6224,5.6224,0.0000,0.3141,5.6091,0.3941,5.2150,19.9800,6.0634,-5.0690,14280.1415,NA,NA,NA
python.exe,24084,0x0,Other,-1,0,0,Composed: Copy with GPU GDI,2026-8-20 19:21:09.089928400,5.8929,5.8929,0.0000,8.1992,0.2771,0.2771,0.0000,NA,NA,NA,NA,NA,NA,NA
python.exe,24084,0x0,Other,-1,0,0,Composed: Copy with GPU GDI,2026-8-20 19:21:09.095821300,0.5869,0.5869,0.0000,0.0000,7.8950,2.4029,5.4921,14.5281,0.5009,5.4519,14291.6568,NA,NA,NA
python.exe,24084,0x0,Other,-1,0,0,Composed: Copy with GPU GDI,2026-8-20 19:21:09.096408200,5.5896,5.5896,0.0000,2.0011,3.8729,0.4100,3.4629,14.4421,11.6397,0.0860,14292.2437,NA,NA,NA
python.exe,24084,0x0,Other,-1,0,0,Composed: Copy with GPU GDI,2026-8-20 19:21:09.101997800,5.5172,5.5172,0.0000,0.2883,5.5548,0.4255,5.1293,20.4922,5.0224,-6.0501,14297.8333,NA,NA,NA
python.exe,24084,0x0,Other,-1,0,0,Composed: Copy with GPU GDI,2026-8-20 19:21:09.107515000,5.7956,5.7956,0.0000,0.3294,7.5199,2.1686,5.3513,19.9974,1.0424,0.4948,14303.3505,NA,NA,NA
python.exe,24084,0x0,Other,-1,0,0,Composed: Copy with GPU GDI,2026-8-20 19:21:09.113310600,4.3455,4.3455,0.0000,2.0580,2.4849,0.2931,2.1918,15.2442,18.1978,4.7532,14309.1461,NA,NA,NA
python.exe,24084,0x0,Other,-1,0,0,Composed: Copy with GPU GDI,2026-8-20 19:21:09.117656100,20.9701,20.9701,0.0000,0.2017,21.0550,0.4150,20.6400,29.0965,12.1362,-13.8523,14313.4916,NA,11.7799,NA
python.exe,24084,0x0,Other,-1,0,0,Composed: Copy with GPU GDI,2026-8-20 19:21:09.138626200,2.9536,2.9536,0.0000,0.2906,3.2330,0.6660,2.5670,NA,NA,NA,NA,NA,NA,NA
python.exe,24084,0x0,Other,-1,0,0,Composed: Copy with GPU GDI,2026-8-20 19:21:09.141579800,0.2519,0.2519,0.0000,2.8102,0.2530,0.2530,0.0000,NA,NA,11.7875,14337.4153,NA,19.9242,NA
python.exe,24084,0x0,Other,-1,0,0,Composed: Copy with GPU GDI,2026-8-20 19:21:09.141831700,2.0798,2.0798,0.0000,0.3181,2.2402,2.2402,0.0000,17.0571,6.0593,NA,14337.6672,NA,15.9190,NA
python.exe,24084,0x0,Other,-1,0,0,Composed: Copy with GPU GDI,2026-8-20 19:21:09.143911500,7.8999,7.8999,0.0000,10.1735,0.2562,0.2562,0.0000,NA,NA,-3.9795,14339.7470,NA,17.9835,NA
python.exe,24084,0x0,Other,-1,0,0,Composed: Copy with GPU GDI,2026-8-20 19:21:09.151811400,0.3062,0.3062,0.0000,0.0000,9.4382,2.3871,7.0511,NA,NA,NA,NA,NA,NA,NA
python.exe,24084,0x0,Other,-1,0,0,Composed: Copy with GPU GDI,2026-8-20 19:21:09.152117600,3.8014,3.8014,0.0000,2.2267,1.9116,0.4409,1.4707,12.8305,12.1363,NA,14347.9531,NA,NA,NA
python.exe,24084,0x0,Other,-1,0,0,Composed: Copy with GPU GDI,2026-8-20 19:21:09.155919000,6.2265,6.2265,0.0000,8.3803,0.2639,0.2639,0.0000,NA,NA,-8.3349,14351.7545,NA,19.1186,NA
python.exe,24084,0x0,Other,-1,0,0,Composed: Copy with GPU GDI,2026-8-20 19:21:09.162145500,0.3443,0.3443,0.0000,0.0000,8.0403,2.2453,5.7950,14.9389,6.0604,NA,14357.9810,NA,NA,NA
python.exe,24084,0x0,Other,-1,0,0,Composed: Copy with GPU GDI,2026-8-20 19:21:09.162489800,5.9843,5.9843,0.0000,2.0774,4.1821,0.3951,3.7870,20.6550,6.0712,-5.7161,14358.3253,NA,NA,NA
python.exe,24084,0x0,Other,-1,0,0,Composed: Copy with GPU GDI,2026-8-20 19:21:09.168474100,6.6388,6.6388,0.0000,0.2804,6.6562,0.4133,6.2429,20.7419,4.9684,-0.0869,14364.3096,NA,NA,NA
python.exe,24084,0x0,Other,-1,0,0,Composed: Copy with GPU GDI,2026-8-20 19:21:09.175112900,3.8364,3.8364,0.0000,0.3023,5.4963,2.0502,3.4461,19.0715,1.1078,1.6704,14370.9484,NA,NA,NA
python.exe,24084,0x0,Other,-1,0,0,Composed: Copy with GPU GDI,2026-8-20 19:21:09.178949300,4.9813,4.9813,0.0000,1.9672,3.7364,0.8101,2.9263,NA,NA,NA,NA,NA,NA,NA
python.exe,24084,0x0,Other,-1,0,0,Composed: Copy with GPU GDI,2026-8-20 19:21:09.183930600,3.5530,3.5530,0.0000,0.7260,3.0895,0.3492,2.7403,11.3616,15.5618,7.7099,14379.7661,NA,NA,NA
python.exe,24084,0x0,Other,-1,0,0,Composed: Copy with GPU GDI,2026-8-20 19:21:09.187483600,8.0581,8.0581,0.0000,0.2663,7.8746,0.4315,7.4431,NA,NA,NA,NA,NA,NA,NA
python.exe,24084,0x0,Other,-1,0,0,Composed: Copy with GPU GDI,2026-8-20 19:21:09.195541700,1.0460,1.0460,0.0000,4.3021,0.2811,0.2811,0.0000,NA,NA,-3.9507,14391.3772,NA,NA,NA
python.exe,24084,0x0,Other,-1,0,0,Composed: Copy with GPU GDI,2026-8-20 19:21:09.196587700,2.9378,2.9378,0.0000,0.0000,4.2070,3.4231,0.7839,14.2663,8.7008,NA,14392.4232,NA,NA,NA
python.exe,24084,0x0,Other,-1,0,0,Composed: Copy with GPU GDI,2026-8-20 19:21:09.199525500,6.6398,6.6398,0.0000,0.6026,6.2839,0.3979,5.8860,20.0293,6.0694,-5.7630,14395.3610,NA,NA,NA
python.exe,24084,0x0,Other,-1,0,0,Composed: Copy with GPU GDI,2026-8-20 19:21:09.206165300,5.3618,5.3618,0.0000,0.2498,5.4108,0.4109,4.9999,19.4589,1.8873,0.5704,14402.0008,NA,17.6346,NA
python.exe,24084,0x0,Other,-1,0,0,Composed: Copy with GPU GDI,2026-8-20 19:21:09.211527100,0.5273,0.5273,0.0000,0.3015,3.0300,2.9266,0.1034,NA,NA,3.4745,14407.3626,NA,NA,NA
python.exe,24084,0x0,Other,-1,0,0,Composed: Copy with GPU GDI,2026-8-20 19:21:09.212054400,5.1332,5.1332,0.0000,2.8064,2.6933,0.4389,2.2544,15.4571,10.2297,NA,14407.8899,NA,11.5431,NA
python.exe,24084,0x0,Other,-1,0,0,Composed: Copy with GPU GDI,2026-8-20 19:21:09.217187600,6.1160,6.1160,0.0000,0.3700,6.0957,0.4217,5.6740,20.5536,6.0711,-5.0965,14413.0231,NA,16.7765,NA
python.exe,24084,0x0,Other,-1,0,0,Composed: Copy with GPU GDI,2026-8-20 19:21:09.223303600,5.6095,5.6095,0.0000,0.3525,5.5733,0.3848,5.1885,NA,NA,0.0449,14419.1391,NA,15.8471,NA
python.exe,24084,0x0,Other,-1,0,0,Composed: Copy with GPU GDI,2026-8-20 19:21:09.228913100,0.5129,0.5129,0.0000,0.3191,2.2051,2.0880,0.1171,14.8992,6.0621,NA,14424.7486,NA,NA,NA
python.exe,24084,0x0,Other,-1,0,0,Composed: Copy with GPU GDI,2026-8-20 19:21:09.229426000,8.8421,8.8421,0.0000,2.0154,7.1273,0.4097,6.7176,NA,NA,NA,NA,NA,NA,NA
python.exe,24084,0x0,Other,-1,0,0,Composed: Copy with GPU GDI,2026-8-20 19:21:09.238268100,3.0550,3.0550,0.0000,0.3030,3.0637,0.3821,2.6816,11.6063,10.9742,3.2929,14434.1036,NA,10.9092,NA
python.exe,24084,0x0,Other,-1,0,0,Composed: Copy with GPU GDI,2026-8-20 19:21:09.241323100,3.9589,3.9589,0.0000,0.3153,5.6429,2.1016,3.5413,NA,NA,-7.9192,14437.1586,NA,18.8815,NA
python.exe,24084,0x0,Other,-1,0,0,Composed: Copy with GPU GDI,2026-8-20 19:21:09.245282000,3.8403,3.8403,0.0000,2.0025,2.1953,0.4249,1.7704,15.5666,7.2212,NA,14441.1175,NA,14.8833,NA
python.exe,24084,0x0,Other,-1,0,0,Composed: Copy with GPU GDI,2026-8-20 19:21:09.249122300,4.3153,4.3153,0.0000,0.3607,4.2776,0.3945,3.8831,18.9475,6.0563,-3.3809,14444.9578,NA,NA,NA
python.exe,24084,0x0,Other,-1,0,0,Composed: Copy with GPU GDI,2026-8-20 19:21:09.253437600,7.5550,7.5550,0.0000,0.3266,7.6000,0.4378,7.1622,20.6885,3.3689,-1.7410,14449.2731,NA,14.1611,NA
python.exe,24084,0x0,Other,-1,0,0,Composed: Copy with GPU GDI,2026-8-20 19:21:09.260992600,1.4577,1.4577,0.0000,0.3744,4.2450,3.2317,1.0133,NA,NA,4.1861,14456.8281,NA,NA,NA
python.exe,24084,0x0,Other,-1,0,0,Composed: Copy with GPU GDI,2026-8-20 19:21:09.262450300,3.6786,3.6786,0.0000,3.1662,0.7229,0.2820,0.4409,15.0447,8.7756,NA,14458.2858,NA,12.5267,NA
python.exe,24084,0x0,Other,-1,0,0,Composed: Copy with GPU GDI,2026-8-20 19:21:09.266128900,6.0259,6.0259,0.0000,0.2143,6.0887,0.3860,5.7027,20.1417,6.0545,-5.0970,14461.9644,NA,16.3100,NA
python.exe,24084,0x0,Other,-1,0,0,Composed: Copy with GPU GDI,2026-8-20 19:21:09.272154800,4.9885,4.9885,0.0000,0.2806,5.0819,0.4426,4.6393,20.1703,1.8301,-0.0286,14467.9903,NA,17.3581,NA
python.exe,24084,0x0,Other,-1,0,0,Composed: Copy with GPU GDI,2026-8-20 19:21:09.277143300,1.8216,1.8216,0.0000,0.3775,4.4077,3.0317,1.3760,NA,NA,3.1584,14472.9788,NA,NA,NA
python.exe,24084,0x0,Other,-1,0,0,Composed: Copy with GPU GDI,2026-8-20 19:21:09.278964900,5.7012,5.7012,0.0000,2.9659,3.0623,0.4074,2.6549,15.1903,10.3092,NA,14474.8004,NA,11.1881,NA
python.exe,24084,0x0,Other,-1,0,0,Composed: Copy with GPU GDI,2026-8-20 19:21:09.284666100,4.6087,4.6087,0.0000,0.3319,4.5505,0.3802,4.1703,19.7983,6.0625,-4.6080,14480.5016,NA,17.4993,NA
python.exe,24084,0x0,Other,-1,0,0,Composed: Copy with GPU GDI,2026-8-20 19:21:09.289274800,6.6665,6.6665,0.0000,0.2776,6.7062,0.4040,6.3022,21.2521,0.2934,-1.4538,14485.1103,NA,17.5625,NA
python.exe,24084,0x0,Other,-1,0,0,Composed: Copy with GPU GDI,2026-8-20 19:21:09.295941300,0.5983,0.5983,0.0000,0.3215,2.2569,2.0594,0.1975,14.8790,5.7770,6.3731,14491.7768,NA,14.8574,NA
python.exe,24084,0x0,Other,-1,0,0,Composed: Copy with GPU GDI,2026-8-20 19:21:09.296539600,8.8377,8.8377,0.0000,1.9835,7.2208,0.4656,6.7552,NA,NA,NA,NA,NA,NA,NA
python.exe,24084,0x0,Other,-1,0,0,Composed: Copy with GPU GDI,2026-8-20 19:21:09.305377300,2.4088,2.4088,0.0000,0.3697,2.3488,0.3884,1.9604,11.2200,10.9044,3.6590,14501.2128,NA,10.6279,NA
python.exe,24084,0x0,Other,-1,0,0,Composed: Copy with GPU GDI,2026-8-20 19:21:09.307786100,4.9274,4.9274,0.0000,0.3137,6.6140,2.0766,4.5374,NA,NA,-8.4956,14503.6216,NA,17.5245,NA
python.exe,24084,0x0,Other,-1,0,0,Composed: Copy with GPU GDI,2026-8-20 19:21:09.312713500,3.2157,3.2157,0.0000,2.0048,1.4278,0.2838,1.1440,14.7882,7.2894,NA,14508.5490,NA,13.5374,NA
python.exe,24084,0x0,Other,-1,0,0,Composed: Copy with GPU GDI,2026-8-20 19:21:09.315929200,5.0656,5.0656,0.0000,0.2200,5.1411,0.4089,4.7322,18.8619,6.0630,-4.0737,14511.7647,NA,NA,NA
python.exe,24084,0x0,Other,-1,0,0,Composed: Copy with GPU GDI,2026-8-20 19:21:09.320994800,6.6480,6.6480,0.0000,0.3026,6.6062,0.3754,6.2308,19.8593,3.2988,-0.9974,14516.8303,NA,15.8860,NA
python.exe,24084,0x0,Other,-1,0,0,Composed: Copy with GPU GDI,2026-8-20 19:21:09.327642800,0.7420,0.7420,0.0000,0.2643,3.7877,3.3848,0.4029,NA,NA,3.3492,14523.4783,NA,NA,NA
python.exe,24084,0x0,Other,-1,0,0,Composed: Copy with GPU GDI,2026-8-20 19:21:09.328384800,4.0468,4.0468,0.0000,3.3134,0.9442,0.2810,0.6632,15.7681,8.8564,NA,14524.2203,NA,13.1796,NA
python.exe,24084,0x0,Other,-1,0,0,Composed: Copy with GPU GDI,2026-8-20 19:21:09.332431600,6.3275,6.3275,0.0000,0.2143,6.4395,0.3976,6.0419,20.5777,6.0693,-4.8096,14528.2671,NA,NA,NA
python.exe,24084,0x0,Other,-1,0,0,Composed: Copy with GPU GDI,2026-8-20 19:21:09.338759100,6.2717,6.2717,0.0000,0.3300,6.2619,0.3991,5.8628,20.3195,1.7589,0.2582,14534.5946,NA,NA,NA
python.exe,24084,0x0,Other,-1,0,0,Composed: Copy with GPU GDI,2026-8-20 19:21:09.345030800,4.8113,4.8113,0.0000,7.1384,0.2655,0.2655,0.0000,NA,NA,4.5128,14540.8663,NA,NA,NA
python.exe,24084,0x0,Other,-1,0,0,Composed: Copy with GPU GDI,2026-8-20 19:21:09.349842100,0.3446,0.3446,0.0000,0.0000,6.8145,2.4217,4.3928,10.9954,10.3735,NA,14545.6776,NA,NA,NA
python.exe,24084,0x0,Other,-1,0,0,Composed: Copy with GPU GDI,2026-8-20 19:21:09.350186700,6.4825,6.4825,0.0000,2.2512,4.5770,0.4141,4.1629,21.0243,6.0672,-10.0289,14546.0222,NA,NA,NA
python.exe,24084,0x0,Other,-1,0,0,Composed: Copy with GPU GDI,2026-8-20 19:21:09.356669200,5.5836,5.5836,0.0000,0.3487,5.5695,0.4196,5.1499,NA,NA,0.4153,14552.5047,NA,NA,NA
python.exe,24084,0x0,Other,-1,0,0,Composed: Copy with GPU GDI,2026-8-20 19:21:09.362252800,0.5917,0.5917,0.0000,0.3374,2.2749,2.0874,0.1875,15.0254,6.0640,NA,14558.0883,NA,NA,NA
python.exe,24084,0x0,Other,-1,0,0,Composed: Copy with GPU GDI,2026-8-20 19:21:09.362844500,9.0159,9.0159,0.0000,2.0246,7.3318,0.4492,6.8826,NA,NA,NA,NA,NA,NA,NA
python.exe,24084,0x0,Other,-1,0,0,Composed: Copy with GPU GDI,2026-8-20 19:21:09.371860400,2.4193,2.4193,0.0000,0.3440,2.3522,0.3751,1.9771,11.4818,10.8361,3.5436,14567.6959,NA,NA,NA
python.exe,24084,0x0,Other,-1,0,0,Composed: Copy with GPU GDI,2026-8-20 19:21:09.374279700,4.6260,4.6260,0.0000,0.2809,6.3619,2.0916,4.2703,NA,NA,-8.4168,14570.1152,NA,17.2069,NA
python.exe,24084,0x0,Other,-1,0,0,Composed: Copy with GPU GDI,2026-8-20 19:21:09.378905700,3.5323,3.5323,0.0000,2.0210,1.8590,0.4277,1.4313,15.2726,7.3741,NA,14574.7412,NA,12.2172,NA
python.exe,24084,0x0,Other,-1,0,0,Composed: Copy with GPU GDI,2026-8-20 19:21:09.382438000,3.3680,3.3680,0.0000,0.3504,3.2666,0.3154,2.9512,19.1144,6.0571,-3.8418,14578.2735,NA,16.5891,NA
python.exe,24084,0x0,Other,-1,0,0,Composed: Copy with GPU GDI,2026-8-20 19:21:09.385806000,9.2070,9.2070,0.0000,0.2520,9.2796,0.4070,8.8726,21.8035,3.2330,-2.6891,14581.6415,NA,13.6395,NA
python.exe,24084,0x0,Other,-1,0,0,Composed: Copy with GPU GDI,2026-8-20 19:21:09.395013000,0.6456,0.6456,0.0000,0.3273,3.5823,3.3902,0.1921,NA,NA,5.9740,14590.8485,NA,NA,NA
python.exe,24084,0x0,Other,-1,0,0,Composed: Copy with GPU GDI,2026-8-20 19:21:09.395658600,3.3691,3.3691,0.0000,3.2679,0.3278,0.3195,0.0083,15.1839,8.9138,NA,14591.4941,NA,14.8728,NA
python.exe,24084,0x0,Other,-1,0,0,Composed: Copy with GPU GDI,2026-8-20 19:21:09.399027700,6.4501,6.4501,0.0000,0.2299,6.5428,0.3928,6.1500,20.7286,6.0564,-5.5447,14594.8632,NA,14.7914,NA
python.exe,24084,0x0,Other,-1,0,0,Composed: Copy with GPU GDI,2026-8-20 19:21:09.405477800,5.2613,5.2613,0.0000,0.3260,5.1373,0.2802,4.8571,20.3349,1.6870,0.3937,14601.3133,NA,15.8459,NA
python.exe,24084,0x0,Other,-1,0,0,Composed: Copy with GPU GDI,2026-8-20 19:21:09.410739100,1.8356,1.8356,0.0000,0.2048,4.6344,3.0792,1.5552,NA,NA,3.5743,14606.5746,NA,15.5320,NA
python.exe,24084,0x0,Other,-1,0,0,Composed: Copy with GPU GDI,2026-8-20 19:21:09.412574700,4.5603,4.5603,0.0000,3.0079,1.8676,0.3967,1.4709,14.9250,10.4477,NA,14608.4102,NA,11.5350,NA
python.exe,24084,0x0,Other,-1,0,0,Composed: Copy with GPU GDI,2026-8-20 19:21:09.417135000,5.5218,5.5218,0.0000,0.3182,5.4022,0.2891,5.1131,20.8124,6.0650,-5.8874,14612.9705,NA,17.9605,NA
python.exe,24084,0x0,Other,-1,0,0,Composed: Copy with GPU GDI,2026-8-20 19:21:09.422656800,6.4122,6.4122,0.0000,8.7491,0.2674,0.2674,0.0000,NA,NA,-0.5432,14618.4923,NA,16.0475,NA
python.exe,24084,0x0,Other,-1,0,0,Composed: Copy with GPU GDI,2026-8-20 19:21:09.429069000,1.1428,1.1428,0.0000,0.0000,8.5450,2.4126,6.1324,14.9434,6.0678,NA,14624.9045,NA,NA,NA
python.exe,24084,0x0,Other,-1,0,0,Composed: Copy with GPU GDI,2026-8-20 19:21:09.430211800,4.4467,4.4467,0.0000,1.4650,3.2323,0.3148,2.9175,19.8684,6.0669,-4.9250,14626.0473,NA,18.1134,NA
python.exe,24084,0x0,Other,-1,0,0,Composed: Copy with GPU GDI,2026-8-20 19:21:09.434658500,7.1626,7.1626,0.0000,0.2534,7.2317,0.4107,6.8210,21.4886,4.6888,-1.6202,14630.4940,NA,19.1825,NA
python.exe,24084,0x0,Other,-1,0,0,Composed: Copy with GPU GDI,2026-8-20 19:21:09.441821100,3.9354,3.9354,0.0000,0.3266,5.6228,2.0860,3.5368,NA,NA,2.4738,14637.6566,NA,NA,NA
python.exe,24084,0x0,Other,-1,0,0,Composed: Copy with GPU GDI,2026-8-20 19:21:09.445756500,3.5699,3.5699,0.0000,2.0178,1.8790,0.3954,1.4836,15.0794,7.4432,NA,14641.5920,NA,NA,NA
python.exe,24084,0x0,Other,-1,0,0,Composed: Copy with GPU GDI,2026-8-20 19:21:09.449326400,4.0200,4.0200,0.0000,0.3305,3.9356,0.3159,3.6197,18.9527,6.0669,-3.8733,14645.1619,NA,NA,NA
python.exe,24084,0x0,Other,-1,0,0,Composed: Copy with GPU GDI,2026-8-20 19:21:09.453346400,7.2272,7.2272,0.0000,0.2487,7.3333,0.4320,6.9013,20.9996,3.1575,-2.0469,14649.1819,NA,NA,NA
python.exe,24084,0x0,Other,-1,0,0,Composed: Copy with GPU GDI,2026-8-20 19:21:09.460573600,1.8014,1.8014,0.0000,5.0117,0.2814,0.2814,0.0000,NA,NA,4.0697,14656.4091,NA,NA,NA
python.exe,24084,0x0,Other,-1,0,0,Composed: Copy with GPU GDI,2026-8-20 19:21:09.462375000,2.7672,2.7672,0.0000,0.0000,4.6538,3.4495,1.2043,15.1285,8.9794,NA,14658.2105,NA,NA,NA
python.exe,24084,0x0,Other,-1,0,0,Composed: Copy with GPU GDI,2026-8-20 19:21:09.465142200,7.7761,7.7761,0.0000,0.7289,7.3685,0.3901,6.9784,21.3407,6.0618,-6.2122,14660.9777,NA,NA,NA
python.exe,24084,0x0,Other,-1,0,0,Composed: Copy with GPU GDI,2026-8-20 19:21:09.472918300,4.4971,4.4971,0.0000,0.3247,4.5355,0.4289,4.1066,19.6264,1.6209,1.7143,14668.7538,NA,NA,NA
python.exe,24084,0x0,Other,-1,0,0,Composed: Copy with GPU GDI,2026-8-20 19:21:09.477415400,5.4005,5.4005,0.0000,7.7202,0.2651,0.2651,0.0000,NA,NA,2.8762,14673.2509,NA,NA,NA
python.exe,24084,0x0,Other,-1,0,0,Composed: Copy with GPU GDI,2026-8-20 19:21:09.482815900,0.6390,0.6390,0.0000,0.0000,7.3540,2.3927,4.9613,11.3497,10.5136,NA,14678.6514,NA,NA,NA
python.exe,24084,0x0,Other,-1,0,0,Composed: Copy with GPU GDI,2026-8-20 19:21:09.483454900,6.1279,6.1279,0.0000,1.9484,4.4246,0.3159,4.1087,21.2243,6.0645,-9.8746,14679.2904,NA,NA,NA
python.exe,24084,0x0,Other,-1,0,0,Composed: Copy with GPU GDI,2026-8-20 19:21:09.489582800,7.2173,7.2173,0.0000,0.2478,7.2762,0.4189,6.8573,21.1609,0.1605,0.0634,14685.4183,NA,NA,NA
python.exe,24084,0x0,Other,-1,0,0,Composed: Copy with GPU GDI,2026-8-20 19:21:09.496800100,2.0257,2.0257,0.0000,4.9989,0.2851,0.2851,0.0000,NA,NA,7.0568,14692.6356,NA,NA,NA
python.exe,24084,0x0,Other,-1,0,0,Composed: Copy with GPU GDI,2026-8-20 19:21:09.498825800,2.4744,2.4744,0.0000,0.0000,4.6883,3.0798,1.6085,12.0784,11.9670,NA,14694.6613,NA,NA,NA
python.exe,24084,0x0,Other,-1,0,0,Composed: Copy with GPU GDI,2026-8-20 19:21:09.501300200,6.4411,6.4411,0.0000,0.7867,5.9600,0.3950,5.5650,21.5710,4.6326,-9.4926,14697.1357,NA,NA,NA
python.exe,24084,0x0,Other,-1,0,0,Composed: Copy with GPU GDI,2026-8-20 19:21:09.507741300,8.4668,8.4668,0.0000,0.3106,8.4838,0.4133,8.0705,NA,NA,NA,NA,NA,NA,NA
python.exe,24084,0x0,Other,-1,0,0,Composed: Copy with GPU GDI,2026-8-20 19:21:09.516208100,0.5065,0.5065,0.0000,0.3307,3.1409,3.0353,0.1056,NA,NA,10.2753,14712.0436,NA,NA,NA
python.exe,24084,0x0,Other,-1,0,0,Composed: Copy with GPU GDI,2026-8-20 19:21:09.516714600,3.5026,3.5026,0.0000,2.9682,0.7523,0.2851,0.4672,10.7892,13.5761,NA,14712.5501,NA,NA,NA
python.exe,24084,0x0,Other,-1,0,0,Composed: Copy with GPU GDI,2026-8-20 19:21:09.520217200,7.2698,7.2698,0.0000,0.2210,7.4066,0.4266,6.9800,20.8627,3.0916,-10.0735,14716.0527,NA,NA,NA
python.exe,24084,0x0,Other,-1,0,0,Composed: Copy with GPU GDI,2026-8-20 19:21:09.527487000,0.8968,0.8968,0.0000,0.3612,4.2821,3.8242,0.4579,NA,NA,4.1782,14723.3225,NA,NA,NA
python.exe,24084,0x0,Other,-1,0,0,Composed: Copy with GPU GDI,2026-8-20 19:21:09.528383800,3.9956,3.9956,0.0000,3.7509,0.5000,0.3231,0.1769,15.7877,9.0406,NA,14724.2193,NA,NA,NA
python.exe,24084,0x0,Other,-1,0,0,Composed: Copy with GPU GDI,2026-8-20 19:21:09.532379400,6.2837,6.2837,0.0000,0.2583,6.3976,0.4395,5.9581,20.8327,6.0625,-5.0450,14728.2149,NA,NA,NA
python.exe,24084,0x0,Other,-1,0,0,Composed: Copy with GPU GDI,2026-8-20 19:21:09.538663100,6.4526,6.4526,0.0000,0.3751,6.3652,0.3928,5.9724,20.6115,1.5686,0.2212,14734.4986,NA,NA,NA
python.exe,24084,0x0,Other,-1,0,0,Composed: Copy with GPU GDI,2026-8-20 19:21:09.545115700,0.5892,0.5892,0.0000,0.2923,3.2506,3.0297,0.2209,NA,NA,4.8840,14740.9512,NA,NA,NA
python.exe,24084,0x0,Other,-1,0,0,Composed: Copy with GPU GDI,2026-8-20 19:21:09.545704900,4.6144,4.6144,0.0000,2.9566,1.9318,0.4082,1.5236,15.1383,10.5740,NA,14741.5404,NA,NA,NA
python.exe,24084,0x0,Other,-1,0,0,Composed: Copy with GPU GDI,2026-8-20 19:21:09.550319300,6.3366,6.3366,0.0000,0.2771,6.3846,0.4106,5.9740,21.0979,6.0880,-5.9596,14746.1548,NA,NA,NA
python.exe,24084,0x0,Other,-1,0,0,Composed: Copy with GPU GDI,2026-8-20 19:21:09.556655900,5.3747,5.3747,0.0000,7.6401,0.2607,0.2607,0.0000,NA,NA,0.2486,14752.4914,NA,NA,NA
python.exe,24084,0x0,Other,-1,0,0,Composed: Copy with GPU GDI,2026-8-20 19:21:09.562030600,0.5955,0.5955,0.0000,0.0000,7.3115,2.3544,4.9571,15.4746,6.0524,NA,14757.8661,NA,NA,NA
python.exe,24084,0x0,Other,-1,0,0,Composed: Copy with GPU GDI,2026-8-20 19:21:09.562626100,8.9321,8.9321,0.0000,1.9345,7.2210,0.3979,6.8231,NA,NA,NA,NA,NA,NA,NA
python.exe,24084,0x0,Other,-1,0,0,Composed: Copy with GPU GDI,2026-8-20 19:21:09.571558200,3.6180,3.6180,0.0000,0.2276,3.6898,0.3907,3.2991,11.9994,10.6120,3.4752,14767.3937,NA,NA,NA
python.exe,24084,0x0,Other,-1,0,0,Composed: Copy with GPU GDI,2026-8-20 19:21:09.575176200,4.5663,4.5663,0.0000,0.3027,6.3641,2.1830,4.1811,NA,NA,-6.9940,14771.0117,NA,NA,NA
python.exe,24084,0x0,Other,-1,0,0,Composed: Copy with GPU GDI,2026-8-20 19:21:09.579742500,3.6023,3.6023,0.0000,2.1068,1.7785,0.3714,1.4071,14.4271,7.5827,NA,14775.5780,NA,NA,NA
python.exe,24084,0x0,Other,-1,0,0,Composed: Copy with GPU GDI,2026-8-20 19:21:09.583344800,3.4020,3.4020,0.0000,0.2857,3.4562,0.4205,3.0357,18.4075,6.0561,-3.9804,14779.1803,NA,NA,NA
python.exe,24084,0x0,Other,-1,0,0,Composed: Copy with GPU GDI,2026-8-20 19:21:09.586746800,7.2753,7.2753,0.0000,0.3431,7.3015,0.4454,6.8561,21.0616,3.0285,-2.6541,14782.5823,NA,NA,NA
python.exe,24084,0x0,Other,-1,0,0,Composed: Copy with GPU GDI,2026-8-20 19:21:09.594022100,1.5275,1.5275,0.0000,0.3720,4.6016,3.5208,1.0808,NA,NA,4.2468,14789.8576,NA,NA,NA
python.exe,24084,0x0,Other,-1,0,0,Composed: Copy with GPU GDI,2026-8-20 19:21:09.595549600,3.7335,3.7335,0.0000,3.4513,0.5270,0.3272,0.1998,15.2873,9.1045,NA,14791.3851,NA,NA,NA
python.exe,24084,0x0,Other,-1,0,0,Composed: Copy with GPU GDI,2026-8-20 19:21:09.599283100,6.7967,6.7967,0.0000,0.2479,6.8675,0.4001,6.4674,20.6583,6.0673,-5.3710,14795.1186,NA,NA,NA
python.exe,24084,0x0,Other,-1,0,0,Composed: Copy with GPU GDI,2026-8-20 19:21:09.606079800,4.8881,4.8881,0.0000,0.3216,4.6480,0.2673,4.3807,19.9289,1.4922,0.7294,14801.9153,NA,NA,NA
python.exe,24084,0x0,Other,-1,0,0,Composed: Copy with GPU GDI,2026-8-20 19:21:09.610967900,1.2304,1.2304,0.0000,0.0853,3.2488,2.1802,1.0686,NA,NA,3.3959,14806.8034,NA,NA,NA
python.exe,24084,0x0,Other,-1,0,0,Composed: Copy with GPU GDI,2026-8-20 19:21:09.612198300,5.7438,5.7438,0.0000,2.1077,3.9761,0.4222,3.5539,15.3026,10.6613,NA,14808.0338,NA,NA,NA
python.exe,24084,0x0,Other,-1,0,0,Composed: Copy with GPU GDI,2026-8-20 19:21:09.617942100,5.0685,5.0685,0.0000,0.3428,5.0124,0.4167,4.5957,20.2201,6.0054,-4.9175,14813.7776,NA,NA,NA
python.exe,24084,0x0,Other,-1,0,0,Composed: Copy with GPU GDI,2026-8-20 19:21:09.623010600,6.1573,6.1573,0.0000,8.6659,0.2686,0.2686,0.0000,NA,NA,-0.9369,14818.8461,NA,NA,NA
python.exe,24084,0x0,Other,-1,0,0,Composed: Copy with GPU GDI,2026-8-20 19:21:09.629167900,0.8287,0.8287,0.0000,0.0000,8.3765,2.6120,5.7645,14.9997,6.1071,NA,14825.0034,NA,NA,NA
python.exe,24084,0x0,Other,-1,0,0,Composed: Copy with GPU GDI,2026-8-20 19:21:09.629996600,8.6755,8.6755,0.0000,1.9518,7.0425,0.4227,6.6198,NA,NA,NA,NA,NA,NA,NA
python.exe,24084,0x0,Other,-1,0,0,Composed: Copy with GPU GDI,2026-8-20 19:21:09.638672100,3.1270,3.1270,0.0000,0.3209,3.1235,0.4121,2.7114,11.6026,10.5618,3.3971,14834.5076,NA,NA,NA
python.exe,24084,0x0,Other,-1,0,0,Composed: Copy with GPU GDI,2026-8-20 19:21:09.641799100,7.9557,7.9557,0.0000,10.5468,0.2349,0.2349,0.0000,NA,NA,-7.4348,14837.6346,NA,NA,NA
python.exe,24084,0x0,Other,-1,0,0,Composed: Copy with GPU GDI,2026-8-20 19:21:09.649754800,0.1233,0.1233,0.0000,0.0000,10.2267,2.7159,7.5108,NA,NA,NA,NA,NA,NA,NA
python.exe,24084,0x0,Other,-1,0,0,Composed: Copy with GPU GDI,2026-8-20 19:21:09.649878100,3.9423,3.9423,0.0000,2.7059,1.4781,0.3149,1.1632,10.9584,13.7127,NA,14845.7136,NA,NA,NA
python.exe,24084,0x0,Other,-1,0,0,Composed: Copy with GPU GDI,2026-8-20 19:21:09.653820400,5.9233,5.9233,0.0000,0.2446,5.8645,0.2889,5.5756,20.7288,2.9534,-9.7704,14849.6559,NA,NA,NA
python.exe,24084,0x0,Other,-1,0,0,Composed: Copy with GPU GDI,2026-8-20 19:21:09.659743700,2.0582,2.0582,0.0000,5.8246,0.2525,0.2525,0.0000,NA,NA,2.9699,14855.5792,NA,NA,NA
python.exe,24084,0x0,Other,-1,0,0,Composed: Copy with GPU GDI,2026-8-20 19:21:09.661801900,3.2858,3.2858,0.0000,0.0000,5.6355,3.8448,1.7907,15.7007,9.1694,NA,14857.6374,NA,NA,NA
python.exe,24084,0x0,Other,-1,0,0,Composed: Copy with GPU GDI,2026-8-20 19:21:09.665087700,7.1469,7.1469,0.0000,0.7369,6.7583,0.4227,6.3356,21.5843,6.0657,-5.8836,14860.9232,NA,NA,NA
python.exe,24084,0x0,Other,-1,0,0,Composed: Copy with GPU GDI,2026-8-20 19:21:09.672234600,5.9471,5.9471,0.0000,0.3518,5.9527,0.4421,5.5106,20.5031,1.4356,1.0812,14868.0701,NA,NA,NA
python.exe,24084,0x0,Other,-1,0,0,Composed: Copy with GPU GDI,2026-8-20 19:21:09.678181700,5.5220,5.5220,0.0000,0.3608,5.4686,0.3847,5.0839,NA,NA,4.5115,14874.0172,NA,NA,NA
python.exe,24084,0x0,Other,-1,0,0,Composed: Copy with GPU GDI,2026-8-20 19:21:09.683703700,0.3905,0.3905,0.0000,0.3102,2.4619,2.4606,0.0013,10.4696,10.7080,NA,14879.5392,NA,NA,NA
python.exe,24084,0x0,Other,-1,0,0,Composed: Copy with GPU GDI,2026-8-20 19:21:09.684094200,6.7416,6.7416,0.0000,2.3857,4.6735,0.4054,4.2681,20.7871,5.9555,-10.3175,14879.9297,NA,NA,NA
python.exe,24084,0x0,Other,-1,0,0,Composed: Copy with GPU GDI,2026-8-20 19:21:09.690835800,5.0645,5.0645,0.0000,0.3210,4.9278,0.2658,4.6620,NA,NA,0.7861,14886.6713,NA,NA,NA
python.exe,24084,0x0,Other,-1,0,0,Composed: Copy with GPU GDI,2026-8-20 19:21:09.695900300,0.4463,0.4463,0.0000,0.1874,2.6361,2.4463,0.1898,14.9365,6.1727,NA,14891.7358,NA,NA,NA
python.exe,24084,0x0,Other,-1,0,0,Composed: Copy with GPU GDI,2026-8-20 19:21:09.696346600,9.0528,9.0528,0.0000,2.3820,7.1234,0.5272,6.5962,NA,NA,NA,NA,NA,NA,NA
python.exe,24084,0x0,Other,-1,0,0,Composed: Copy with GPU GDI,2026-8-20 19:21:09.705399400,1.9311,1.9311,0.0000,0.4557,1.7576,0.3521,1.4055,11.6101,10.5098,3.3264,14901.2349,NA,NA,NA
python.exe,24084,0x0,Other,-1,0,0,Composed: Copy with GPU GDI,2026-8-20 19:21:09.707330500,8.7938,8.7938,0.0000,11.5349,0.2750,0.2750,0.0000,NA,NA,-8.5787,14903.1660,NA,NA,NA
python.exe,24084,0x0,Other,-1,0,0,Composed: Copy with GPU GDI,2026-8-20 19:21:09.716124300,0.1041,0.1041,0.0000,0.0000,11.2494,2.8188,8.4306,NA,NA,NA,NA,NA,NA,NA
python.exe,24084,0x0,Other,-1,0,0,Composed: Copy with GPU GDI,2026-8-20 19:21:09.716228400,4.7195,4.7195,0.0000,2.9148,2.1433,0.4240,1.7193,11.2909,13.7630,NA,14912.0639,NA,NA,NA
python.exe,24084,0x0,Other,-1,0,0,Composed: Copy with GPU GDI,2026-8-20 19:21:09.720947900,6.1481,6.1481,0.0000,0.3419,6.2207,0.4863,5.7344,20.3344,2.8792,-9.0435,14916.7834,NA,NA,NA
python.exe,24084,0x0,Other,-1,0,0,Composed: Copy with GPU GDI,2026-8-20 19:21:09.727096000,2.8229,2.8229,0.0000,5.7822,0.2704,0.2704,0.0000,NA,NA,3.2689,14922.9315,NA,NA,NA
python.exe,24084,0x0,Other,-1,0,0,Composed: Copy with GPU GDI,2026-8-20 19:21:09.729918900,1.5145,1.5145,0.0000,0.0000,5.3647,3.0351,2.3296,14.2426,9.2484,NA,14925.7544,NA,NA,NA
python.exe,24084,0x0,Other,-1,0,0,Composed: Copy with GPU GDI,2026-8-20 19:21:09.731433400,7.6090,7.6090,0.0000,1.7172,6.2331,0.4115,5.8216,21.9765,6.0649,-7.7339,14927.2689,NA,NA,NA
python.exe,24084,0x0,Other,-1,0,0,Composed: Copy with GPU GDI,2026-8-20 19:21:09.739042400,4.5561,4.5561,0.0000,0.3444,4.4268,0.2850,4.1418,20.4324,1.3589,1.5441,14934.8779,NA,NA,NA
python.exe,24084,0x0,Other,-1,0,0,Composed: Copy with GPU GDI,2026-8-20 19:21:09.743598500,1.8022,1.8022,0.0000,0.2182,5.0341,3.5187,1.5154,NA,NA,3.1972,14939.4340,NA,NA,NA
python.exe,24084,0x0,Other,-1,0,0,Composed: Copy with GPU GDI,2026-8-20 19:21:09.745400700,4.7153,4.7153,0.0000,3.4541,1.5080,0.3180,1.1900,15.4330,10.7814,NA,14941.2362,NA,NA,NA
python.exe,24084,0x0,Other,-1,0,0,Composed: Copy with GPU GDI,2026-8-20 19:21:09.750116000,5.6091,5.6091,0.0000,0.2495,5.5710,0.3180,5.2530,21.4991,5.8875,-6.0661,14945.9515,NA,NA,NA
python.exe,24084,0x0,Other,-1,0,0,Composed: Copy with GPU GDI,2026-8-20 19:21:09.755725100,6.5560,6.5560,0.0000,0.2145,6.6851,0.4262,6.2589,NA,NA,-0.2784,14951.5606,NA,NA,NA
python.exe,24084,0x0,Other,-1,0,0,Composed: Copy with GPU GDI,2026-8-20 19:21:09.762281100,0.4557,0.4557,0.0000,0.3468,2.5709,2.5329,0.0380,15.2215,6.2354,NA,14958.1166,NA,NA,NA
python.exe,24084,0x0,Other,-1,0,0,Composed: Copy with GPU GDI,2026-8-20 19:21:09.762736800,8.7108,8.7108,0.0000,2.4655,6.5609,0.3984,6.1625,NA,NA,NA,NA,NA,NA,NA
python.exe,24084,0x0,Other,-1,0,0,Composed: Copy with GPU GDI,2026-8-20 19:21:09.771447600,3.3887,3.3887,0.0000,0.3186,3.4792,0.4908,2.9884,12.2904,10.4467,2.9311,14967.2831,NA,NA,NA
python.exe,24084,0x0,Other,-1,0,0,Composed: Copy with GPU GDI,2026-8-20 19:21:09.774836300,4.4670,4.4670,0.0000,0.4145,6.4778,2.5104,3.9674,NA,NA,-7.0580,14970.6718,NA,NA,NA
python.exe,24084,0x0,Other,-1,0,0,Composed: Copy with GPU GDI,2026-8-20 19:21:09.779303300,3.9703,3.9703,0.0000,2.4291,1.9004,0.4359,1.4645,14.8814,7.7572,NA,14975.1388,NA,NA,NA
python.exe,24084,0x0,Other,-1,0,0,Composed: Copy with GPU GDI,2026-8-20 19:21:09.783273600,3.3607,3.3607,0.0000,0.3622,3.2427,0.3229,2.9198,18.6683,6.0725,-3.7869,14979.1091,NA,NA,NA
python.exe,24084,0x0,Other,-1,0,0,Composed: Copy with GPU GDI,2026-8-20 19:21:09.786634300,7.1663,7.1663,0.0000,0.2469,7.2898,0.4460,6.8438,21.3801,2.8147,-2.7118,14982.4698,NA,NA,NA
python.exe,24084,0x0,Other,-1,0,0,Composed: Copy with GPU GDI,2026-8-20 19:21:09.793800600,4.0450,4.0450,0.0000,6.6533,0.2800,0.2800,0.0000,NA,NA,4.3516,14989.6361,NA,NA,NA
python.exe,24084,0x0,Other,-1,0,0,Composed: Copy with GPU GDI,2026-8-20 19:21:09.797845600,0.3596,0.3596,0.0000,0.0000,6.2790,2.7187,3.5603,12.9835,9.3134,NA,14993.6811,NA,NA,NA
python.exe,24084,0x0,Other,-1,0,0,Composed: Copy with GPU GDI,2026-8-20 19:21:09.798205200,8.4752,8.4752,0.0000,2.5327,6.2591,0.3954,5.8637,21.9373,6.0668,-8.9538,14994.0407,NA,NA,NA
python.exe,24084,0x0,Other,-1,0,0,Composed: Copy with GPU GDI,2026-8-20 19:21:09.806680400,3.4588,3.4588,0.0000,0.3194,3.3807,0.3178,3.0629,19.5289,1.3379,2.4084,15002.5159,NA,NA,NA
python.exe,24084,0x0,Other,-1,0,0,Composed: Copy with GPU GDI,2026-8-20 19:21:09.810139200,1.8615,1.8615,0.0000,0.2444,5.0286,3.4858,1.5428,NA,NA,2.1209,15005.9747,NA,NA,NA
python.exe,24084,0x0,Other,-1,0,0,Composed: Copy with GPU GDI,2026-8-20 19:21:09.812000700,4.6765,4.6765,0.0000,3.4149,1.4743,0.2860,1.1883,15.5465,10.7950,NA,15007.8362,NA,NA,NA
python.exe,24084,0x0,Other,-1,0,0,Composed: Copy with GPU GDI,2026-8-20 19:21:09.816677200,7.1505,7.1505,0.0000,0.2159,7.0984,0.2473,6.8511,21.6650,5.8308,-6.1185,15012.5127,NA,NA,NA
python.exe,24084,0x0,Other,-1,0,0,Composed: Copy with GPU GDI,2026-8-20 19:21:09.823827700,5.3314,5.3314,0.0000,8.0650,0.2671,0.2671,0.0000,NA,NA,1.3197,15019.6632,NA,NA,NA
python.exe,24084,0x0,Other,-1,0,0,Composed: Copy with GPU GDI,2026-8-20 19:21:09.829159100,0.5248,0.5248,0.0000,0.0000,7.8984,2.8165,5.0819,15.0139,6.2941,NA,15024.9946,NA,NA,NA
python.exe,24084,0x0,Other,-1,0,0,Composed: Copy with GPU GDI,2026-8-20 19:21:09.829683900,5.1375,5.1375,0.0000,2.4791,3.0580,0.4699,2.5881,20.7832,6.0784,-5.7693,15025.5194,NA,NA,NA
python.exe,24084,0x0,Other,-1,0,0,Composed: Copy with GPU GDI,2026-8-20 19:21:09.834821400,6.4804,6.4804,0.0000,0.4027,6.3942,0.3894,6.0048,21.7241,4.2963,-0.9409,15030.6569,NA,NA,NA
python.exe,24084,0x0,Other,-1,0,0,Composed: Copy with GPU GDI,2026-8-20 19:21:09.841301800,4.4449,4.4449,0.0000,0.3191,6.5846,2.5364,4.0482,NA,NA,2.1841,15037.1373,NA,NA,NA
python.exe,24084,0x0,Other,-1,0,0,Composed: Copy with GPU GDI,2026-8-20 19:21:09.845746700,3.8074,3.8074,0.0000,2.4633,1.6709,0.4017,1.2692,15.0951,7.8407,NA,15041.5822,NA,NA,NA
python.exe,24084,0x0,Other,-1,0,0,Composed: Copy with GPU GDI,2026-8-20 19:21:09.849554100,4.3063,4.3063,0.0000,0.3296,4.3173,0.4142,3.9031,19.1284,6.0628,-4.0333,15045.3896,NA,NA,NA
python.exe,24084,0x0,Other,-1,0,0,Composed: Copy with GPU GDI,2026-8-20 19:21:09.853860400,7.6664,7.6664,0.0000,0.3460,7.6443,0.4082,7.2361,20.8849,2.7549,-1.7565,15049.6959,NA,NA,NA
python.exe,24084,0x0,Other,-1,0,0,Composed: Copy with GPU GDI,2026-8-20 19:21:09.861526800,0.9875,0.9875,0.0000,5.0342,0.2854,0.2854,0.0000,NA,NA,4.9115,15057.3623,NA,NA,NA
python.exe,24084,0x0,Other,-1,0,0,Composed: Copy with GPU GDI,2026-8-20 19:21:09.862514300,3.4868,3.4868,0.0000,0.0000,4.7053,4.1216,0.5837,14.9859,9.3725,NA,15058.3498,NA,NA,NA
python.exe,24084,0x0,Other,-1,0,0,Composed: Copy with GPU GDI,2026-8-20 19:21:09.866001100,6.4088,6.4088,0.0000,0.8486,5.8866,0.3976,5.4890,20.8716,6.0739,-5.8857,15061.8366,NA,NA,NA
python.exe,24084,0x0,Other,-1,0,0,Composed: Copy with GPU GDI,2026-8-20 19:21:09.872409900,5.9210,5.9210,0.0000,0.3305,5.9352,0.4328,5.5024,20.5367,1.2264,0.3349,15068.2454,NA,NA,NA
python.exe,24084,0x0,Other,-1,0,0,Composed: Copy with GPU GDI,2026-8-20 19:21:09.878330900,1.1568,1.1568,0.0000,0.3474,4.1701,3.4323,0.7378,NA,NA,4.6946,15074.1664,NA,NA,NA
python.exe,24084,0x0,Other,-1,0,0,Composed: Copy with GPU GDI,2026-8-20 19:21:09.879487700,5.2255,5.2255,0.0000,3.3640,2.2183,0.4333,1.7850,14.6853,10.9005,NA,15075.3232,NA,NA,NA
python.exe,24084,0x0,Other,-1,0,0,Composed: Copy with GPU GDI,2026-8-20 19:21:09.884713200,4.5606,4.5606,0.0000,0.3600,4.4048,0.2855,4.1193,20.3603,5.7680,-5.6750,15080.5487,NA,NA,NA
python.exe,24084,0x0,Other,-1,0,0,Composed: Copy with GPU GDI,2026-8-20 19:21:09.889273800,6.3995,6.3995,0.0000,9.1135,0.2679,0.2679,0.0000,NA,NA,-1.2074,15085.1093,NA,NA,NA
python.exe,24084,0x0,Other,-1,0,0,Composed: Copy with GPU GDI,2026-8-20 19:21:09.895673300,0.4406,0.4406,0.0000,0.0000,8.9053,2.8280,6.0773,15.1682,6.3688,NA,15091.5088,NA,NA,NA
python.exe,24084,0x0,Other,-1,0,0,Composed: Copy with GPU GDI,2026-8-20 19:21:09.896113900,5.2946,5.2946,0.0000,2.5441,2.9768,0.3230,2.6538,21.0964,6.0664,-5.9282,15091.9494,NA,NA,NA
python.exe,24084,0x0,Other,-1,0,0,Composed: Copy with GPU GDI,2026-8-20 19:21:09.901408500,6.2050,6.2050,0.0000,0.2293,6.2169,0.3228,5.8941,21.8682,4.2236,-0.7718,15097.2440,NA,NA,NA
python.exe,24084,0x0,Other,-1,0,0,Composed: Copy with GPU GDI,2026-8-20 19:21:09.907613500,9.4742,9.4742,0.0000,0.2440,9.5293,0.4290,9.1003,NA,NA,NA,NA,NA,NA,NA
python.exe,24084,0x0,Other,-1,0,0,Composed: Copy with GPU GDI,2026-8-20 19:21:09.917087700,0.1579,0.1579,0.0000,0.2991,3.0239,3.0239,0.0000,NA,NA,11.4556,15112.9232,NA,NA,NA
python.exe,24084,0x0,Other,-1,0,0,Composed: Copy with GPU GDI,2026-8-20 19:21:09.917245600,3.7193,3.7193,0.0000,3.1691,0.7981,0.3310,0.4671,10.2547,13.9807,NA,15113.0811,NA,NA,NA
python.exe,24084,0x0,Other,-1,0,0,Composed: Copy with GPU GDI,2026-8-20 19:21:09.920964900,6.9045,6.9045,0.0000,0.2514,6.9704,0.4034,6.5670,20.5161,2.6907,-10.2614,15116.8004,NA,NA,NA
python.exe,24084,0x0,Other,-1,0,0,Composed: Copy with GPU GDI,2026-8-20 19:21:09.927869400,1.0004,1.0004,0.0000,0.3227,4.5494,3.9473,0.6021,NA,NA,4.2138,15123.7049,NA,NA,NA
python.exe,24084,0x0,Other,-1,0,0,Composed: Copy with GPU GDI,2026-8-20 19:21:09.928869800,4.0938,4.0938,0.0000,3.8755,0.4742,0.3278,0.1464,15.3019,9.4322,NA,15124.7053,NA,NA,NA
python.exe,24084,0x0,Other,-1,0,0,Composed: Copy with GPU GDI,2026-8-20 19:21:09.932963600,7.1335,7.1335,0.0000,0.2590,7.2435,0.4471,6.7964,20.6403,6.0697,-5.3384,15128.7991,NA,NA,NA
python.exe,24084,0x0,Other,-1,0,0,Composed: Copy with GPU GDI,2026-8-20 19:21:09.940097100,3.9871,3.9871,0.0000,0.3723,3.9310,0.3912,3.5398,19.5765,1.1835,1.0638,15135.9326,NA,NA,NA
python.exe,24084,0x0,Other,-1,0,0,Composed: Copy with GPU GDI,2026-8-20 19:21:09.944084200,1.5152,1.5152,0.0000,0.3189,4.5715,3.4558,1.1157,NA,NA,2.8036,15139.9197,NA,NA,NA
python.exe,24084,0x0,Other,-1,0,0,Composed: Copy with GPU GDI,2026-8-20 19:21:09.945599400,5.5778,5.5778,0.0000,3.3801,2.4433,0.3286,2.1147,15.2577,10.9605,NA,15141.4349,NA,NA,NA
python.exe,24084,0x0,Other,-1,0,0,Composed: Copy with GPU GDI,2026-8-20 19:21:09.951177200,4.5067,4.5067,0.0000,0.2484,4.4979,0.3259,4.1720,20.6404,5.6792,-5.3827,15147.0127,NA,NA,NA
python.exe,24084,0x0,Other,-1,0,0,Composed: Copy with GPU GDI,2026-8-20 19:21:09.955683900,6.0353,6.0353,0.0000,8.8651,0.2369,0.2369,0.0000,NA,NA,-1.1725,15151.5194,NA,NA,NA
python.exe,24084,0x0,Other,-1,0,0,Composed: Copy with GPU GDI,2026-8-20 19:21:09.961719200,0.4423,0.4423,0.0000,0.0000,8.6228,2.9113,5.7115,15.7776,6.4509,NA,15157.5547,NA,NA,NA
python.exe,24084,0x0,Other,-1,0,0,Composed: Copy with GPU GDI,2026-8-20 19:21:09.962161500,6.0453,6.0453,0.0000,2.6286,3.6342,0.2931,3.3411,21.7862,6.0561,-6.0086,15157.9970,NA,NA,NA
python.exe,24084,0x0,Other,-1,0,0,Composed: Copy with GPU GDI,2026-8-20 19:21:09.968206800,6.6525,6.6525,0.0000,0.2202,6.7591,0.4062,6.3529,21.7970,4.1627,-0.0108,15164.0423,NA,NA,NA
python.exe,24084,0x0,Other,-1,0,0,Composed: Copy with GPU GDI,2026-8-20 19:21:09.974859300,4.4997,4.4997,0.0000,0.3321,6.7282,2.6470,4.0812,NA,NA,2.4898,15170.6948,NA,NA,NA
python.exe,24084,0x0,Other,-1,0,0,Composed: Copy with GPU GDI,2026-8-20 19:21:09.979359000,3.3117,3.3117,0.0000,2.5654,0.9656,0.2984,0.6672,14.8075,7.9713,NA,15175.1945,NA,NA,NA
python.exe,24084,0x0,Other,-1,0,0,Composed: Copy with GPU GDI,2026-8-20 19:21:09.982670700,3.3002,3.3002,0.0000,0.2223,3.3228,0.3206,3.0022,19.4671,6.0704,-4.6596,15178.5062,NA,NA,NA
python.exe,24084,0x0,Other,-1,0,0,Composed: Copy with GPU GDI,2026-8-20 19:21:09.985970900,8.4949,8.4949,0.0000,0.2484,8.6219,0.4504,8.1715,22.2373,2.6369,-2.7702,15181.8064,NA,NA,NA
python.exe,24084,0x0,Other,-1,0,0,Composed: Copy with GPU GDI,2026-8-20 19:21:09.994465800,1.3582,1.3582,0.0000,5.2629,0.2603,0.2603,0.0000,NA,NA,5.8580,15190.3013,NA,NA,NA
python.exe,24084,0x0,Other,-1,0,0,Composed: Copy with GPU GDI,2026-8-20 19:21:09.995824000,2.6013,2.6013,0.0000,0.0000,4.8845,3.9789,0.9056,15.0211,9.4921,NA,15191.6595,NA,NA,NA
python.exe,24084,0x0,Other,-1,0,0,Composed: Copy with GPU GDI,2026-8-20 19:21:09.998425300,7.7310,7.7310,0.0000,1.5680,6.4861,0.3978,6.0883,21.9119,6.0679,-6.8908,15194.2608,NA,NA,NA
python.exe,24084,0x0,Other,-1,0,0,Composed: Copy with GPU GDI,2026-8-20 19:21:10.006156300,4.4186,4.4186,0.0000,0.3260,4.4001,0.3983,4.0018,20.2488,1.0878,1.6631,15201.9918,NA,NA,NA
python.exe,24084,0x0,Other,-1,0,0,Composed: Copy with GPU GDI,2026-8-20 19:21:10.010574900,5.9360,5.9360,0.0000,8.7192,0.2404,0.2404,0.0000,NA,NA,3.3308,15206.4104,NA,NA,NA
python.exe,24084,0x0,Other,-1,0,0,Composed: Copy with GPU GDI,2026-8-20 19:21:10.016510900,0.5499,0.5499,0.0000,0.0000,8.4083,2.8685,5.5398,10.9820,11.0474,NA,15212.3464,NA,NA,NA
python.exe,24084,0x0,Other,-1,0,0,Composed: Copy with GPU GDI,2026-8-20 19:21:10.017060800,5.5392,5.5392,0.0000,2.4777,3.2813,0.2951,2.9862,21.4795,5.6244,-10.4975,15212.8963,NA,NA,NA
python.exe,24084,0x0,Other,-1,0,0,Composed: Copy with GPU GDI,2026-8-20 19:21:10.022600000,6.8716,6.8716,0.0000,0.2234,6.9513,0.3940,6.5573,NA,NA,-0.0852,15218.4355,NA,NA,NA
python.exe,24084,0x0,Other,-1,0,0,Composed: Copy with GPU GDI,2026-8-20 19:21:10.029471600,0.5089,0.5089,0.0000,0.3061,2.8109,2.6860,0.1249,14.6931,6.5102,NA,15225.3071,NA,NA,NA
python.exe,24084,0x0,Other,-1,0,0,Composed: Copy with GPU GDI,2026-8-20 19:21:10.029980500,8.6013,8.6013,0.0000,2.6120,6.3322,0.4282,5.9040,NA,NA,NA,NA,NA,NA,NA
python.exe,24084,0x0,Other,-1,0,0,Composed: Copy with GPU GDI,2026-8-20 19:21:10.038581800,3.1435,3.1435,0.0000,0.3465,3.1256,0.4059,2.7197,12.0931,10.1549,2.6000,15234.4173,NA,NA,NA
python.exe,24084,0x0,Other,-1,0,0,Composed: Copy with GPU GDI,2026-8-20 19:21:10.041725300,3.5549,3.5549,0.0000,0.3315,6.6659,3.5250,3.1409,19.1045,1.9712,-7.0114,15237.5608,NA,NA,NA
python.exe,24084,0x0,Other,-1,0,0,Composed: Copy with GPU GDI,2026-8-20 19:21:10.045280200,5.3009,5.3009,0.0000,3.4457,2.2027,0.4369,1.7658,NA,NA,NA,NA,NA,NA,NA
python.exe,24084,0x0,Other,-1,0,0,Composed: Copy with GPU GDI,2026-8-20 19:21:10.050581100,3.2899,3.2899,0.0000,0.3510,3.2950,0.4443,2.8507,12.2199,12.1367,6.8846,15246.4166,NA,NA,NA
python.exe,24084,0x0,Other,-1,0,0,Composed: Copy with GPU GDI,2026-8-20 19:21:10.053871000,7.0763,7.0763,0.0000,0.3590,7.0760,0.4400,6.6360,21.0667,2.5613,-8.8468,15249.7065,NA,NA,NA
python.exe,24084,0x0,Other,-1,0,0,Composed: Copy with GPU GDI,2026-8-20 19:21:10.060947300,2.7827,2.7827,0.0000,6.2472,0.2973,0.2973,0.0000,NA,NA,4.5150,15256.7828,NA,NA,NA
python.exe,24084,0x0,Other,-1,0,0,Composed: Copy with GPU GDI,2026-8-20 19:21:10.063730000,1.1320,1.1320,0.0000,0.0000,5.8856,3.7164,2.1692,13.7690,9.5743,NA,15259.5655,NA,NA,NA
python.exe,24084,0x0,Other,-1,0,0,Composed: Copy with GPU GDI,2026-8-20 19:21:10.064862000,9.2728,9.2728,0.0000,2.6345,6.9986,0.4634,6.5352,22.2113,6.0688,-8.4423,15260.6975,NA,NA,NA
python.exe,24084,0x0,Other,-1,0,0,Composed: Copy with GPU GDI,2026-8-20 19:21:10.074134800,3.5332,3.5332,0.0000,0.3640,3.3468,0.3219,3.0249,19.0073,1.0142,3.2040,15269.9703,NA,NA,NA
python.exe,24084,0x0,Other,-1,0,0,Composed: Copy with GPU GDI,2026-8-20 19:21:10.077668000,1.7204,1.7204,0.0000,0.1805,5.0876,3.6260,1.4616,NA,NA,2.5190,15273.5035,NA,NA,NA
python.exe,24084,0x0,Other,-1,0,0,Composed: Copy with GPU GDI,2026-8-20 19:21:10.079388400,4.5874,4.5874,0.0000,3.5531,1.2899,0.3290,0.9609,14.7679,11.1350,NA,15275.2239,NA,NA,NA
python.exe,24084,0x0,Other,-1,0,0,Composed: Copy with GPU GDI,2026-8-20 19:21:10.083975800,5.0164,5.0164,0.0000,0.2588,4.9715,0.2862,4.6853,21.3155,5.5400,-6.5476,15279.8113,NA,NA,NA
python.exe,24084,0x0,Other,-1,0,0,Composed: Copy with GPU GDI,2026-8-20 19:21:10.088992200,6.4213,6.4213,0.0000,9.3212,0.2733,0.2733,0.0000,NA,NA,-0.5236,15284.8277,NA,NA,NA
python.exe,24084,0x0,Other,-1,0,0,Composed: Copy with GPU GDI,2026-8-20 19:21:10.095413500,1.3896,1.3896,0.0000,0.0000,9.1045,2.9746,6.1299,15.4178,6.5674,NA,15291.2490,NA,NA,NA
python.exe,24084,0x0,Other,-1,0,0,Composed: Copy with GPU GDI,2026-8-20 19:21:10.096803100,8.1693,8.1693,0.0000,1.7869,6.7725,0.4621,6.3104,20.5956,6.0786,-5.1778,15292.6386,NA,NA,NA
python.exe,24084,0x0,Other,-1,0,0,Composed: Copy with GPU GDI,2026-8-20 19:21:10.104972400,2.8345,2.8345,0.0000,0.3940,2.7959,0.4246,2.3713,18.5049,4.0180,2.0907,15300.8079,NA,NA,NA
python.exe,24084,0x0,Other,-1,0,0,Composed: Copy with GPU GDI,2026-8-20 19:21:10.107806900,4.8426,4.8426,0.0000,0.3583,7.9187,3.5363,4.3824,NA,NA,-1.1835,15303.6424,NA,NA,NA
python.exe,24084,0x0,Other,-1,0,0,Composed: Copy with GPU GDI,2026-8-20 19:21:10.112649500,3.7057,3.7057,0.0000,3.4374,0.4899,0.2916,0.1983,14.8458,8.1130,NA,15308.4850,NA,NA,NA
python.exe,24084,0x0,Other,-1,0,0,Composed: Copy with GPU GDI,2026-8-20 19:21:10.116355200,4.0140,4.0140,0.0000,0.2246,4.1285,0.4053,3.7232,19.2531,6.0652,-4.4073,15312.1907,NA,NA,NA
python.exe,24084,0x0,Other,-1,0,0,Composed: Copy with GPU GDI,2026-8-20 19:21:10.120369200,7.1237,7.1237,0.0000,0.3423,7.1356,0.4238,6.7118,21.3043,2.4926,-2.0512,15316.2047,NA,NA,NA
python.exe,24084,0x0,Other,-1,0,0,Composed: Copy with GPU GDI,2026-8-20 19:21:10.127492900,1.9625,1.9625,0.0000,6.0588,0.2904,0.2904,0.0000,NA,NA,4.6311,15323.3284,NA,NA,NA
python.exe,24084,0x0,Other,-1,0,0,Composed: Copy with GPU GDI,2026-8-20 19:21:10.129455400,2.1391,2.1391,0.0000,0.0000,5.7014,4.1649,1.5365,14.7107,21.7801,NA,15325.2909,NA,NA,NA
python.exe,24084,0x0,Other,-1,0,0,Composed: Copy with GPU GDI,2026-8-20 19:21:10.131594500,25.0050,25.0050,0.0000,2.2504,22.9784,0.3232,22.6552,34.3517,11.5496,-19.6410,15327.4300,NA,NA,NA
python.exe,24084,0x0,Other,-1,0,0,Composed: Copy with GPU GDI,2026-8-20 19:21:10.156599500,2.9980,2.9980,0.0000,7.2800,0.2907,0.2907,0.0000,NA,NA,13.4554,15352.4350,NA,NA,NA
python.exe,24084,0x0,Other,-1,0,0,Composed: Copy with GPU GDI,2026-8-20 19:21:10.159597500,2.7274,2.7274,0.0000,0.0000,7.0538,4.3789,2.6749,17.8983,6.6354,NA,15355.4330,NA,NA,NA
python.exe,24084,0x0,Other,-1,0,0,Composed: Copy with GPU GDI,2026-8-20 19:21:10.162324900,9.5803,9.5803,0.0000,1.8482,8.0550,0.3942,7.6608,NA,NA,NA,NA,NA,NA,NA
python.exe,24084,0x0,Other,-1,0,0,Composed: Copy with GPU GDI,2026-8-20 19:21:10.171905200,3.1579,3.1579,0.0000,0.3259,3.2207,0.4639,2.7568,12.2260,12.1500,5.6723,15367.7407,NA,NA,NA
python.exe,24084,0x0,Other,-1,0,0,Composed: Copy with GPU GDI,2026-8-20 19:21:10.175063100,8.5225,8.5225,0.0000,11.6750,0.2666,0.2666,0.0000,NA,NA,-8.9921,15370.8986,NA,NA,NA
python.exe,24084,0x0,Other,-1,0,0,Composed: Copy with GPU GDI,2026-8-20 19:21:10.183585600,0.2011,0.2011,0.0000,0.0000,11.2111,3.1666,8.0445,NA,NA,NA,NA,NA,NA,NA
python.exe,24084,0x0,Other,-1,0,0,Composed: Copy with GPU GDI,2026-8-20 19:21:10.183786700,2.7696,2.7696,0.0000,2.8791,0.0723,0.0723,0.0000,12.4945,12.1146,NA,15379.6222,NA,NA,NA
python.exe,24084,0x0,Other,-1,0,0,Composed: Copy with GPU GDI,2026-8-20 19:21:10.186556300,10.0526,10.0526,0.0000,0.4510,9.8593,0.4294,9.4299,NA,NA,NA,NA,NA,NA,NA
python.exe,24084,0x0,Other,-1,0,0,Composed: Copy with GPU GDI,2026-8-20 19:21:10.196608900,0.8130,0.8130,0.0000,4.8953,0.2885,0.2885,0.0000,NA,NA,0.7076,15392.4444,NA,NA,NA
python.exe,24084,0x0,Other,-1,0,0,Composed: Copy with GPU GDI,2026-8-20 19:21:10.197421900,1.9648,1.9648,0.0000,0.0000,4.6337,4.2467,0.3870,10.9739,12.1571,NA,15393.2574,NA,NA,NA
python.exe,24084,0x0,Other,-1,0,0,Composed: Copy with GPU GDI,2026-8-20 19:21:10.199386700,7.5877,7.5877,0.0000,2.4093,5.5270,0.4287,5.0983,21.1662,6.0472,-10.1923,15395.2222,NA,NA,NA
python.exe,24084,0x0,Other,-1,0,0,Composed: Copy with GPU GDI,2026-8-20 19:21:10.206974400,4.4116,4.4116,0.0000,0.3517,4.3650,0.3883,3.9767,19.6257,6.0674,1.5405,15402.8099,NA,NA,NA
python.exe,24084,0x0,Other,-1,0,0,Composed: Copy with GPU GDI,2026-8-20 19:21:10.211386000,1.3051,1.3051,0.0000,0.3080,4.7134,3.8120,0.9014,NA,NA,-1.6558,15407.2215,NA,NA,NA
python.exe,24084,0x0,Other,-1,0,0,Composed: Copy with GPU GDI,2026-8-20 19:21:10.212691100,4.6339,4.6339,0.0000,3.7192,1.1394,0.2954,0.8440,19.9764,6.0639,NA,15408.5266,NA,NA,NA
python.exe,24084,0x0,Other,-1,0,0,Composed: Copy with GPU GDI,2026-8-20 19:21:10.217325000,6.0885,6.0885,0.0000,0.2281,6.2139,0.4216,5.7923,21.4064,5.4313,-1.4300,15413.1605,NA,NA,NA
python.exe,24084,0x0,Other,-1,0,0,Composed: Copy with GPU GDI,2026-8-20 19:21:10.223413500,5.4097,5.4097,0.0000,8.2714,0.2725,0.2725,0.0000,NA,NA,0.6572,15419.2490,NA,NA,NA
python.exe,24084,0x0,Other,-1,0,0,Composed: Copy with GPU GDI,2026-8-20 19:21:10.228823200,0.6485,0.6485,0.0000,0.0000,7.9151,2.9356,4.9795,15.3395,6.7014,NA,15424.6587,NA,NA,NA
python.exe,24084,0x0,Other,-1,0,0,Composed: Copy with GPU GDI,2026-8-20 19:21:10.229471700,8.8231,8.8231,0.0000,2.4891,6.6940,0.4413,6.2527,21.3924,6.0735,-6.0529,15425.3072,NA,NA,NA
python.exe,24084,0x0,Other,-1,0,0,Composed: Copy with GPU GDI,2026-8-20 19:21:10.238294800,3.2729,3.2729,0.0000,0.3628,3.1544,0.3150,2.8394,18.6428,3.8927,2.7496,15434.1303,NA,NA,NA
python.exe,24084,0x0,Other,-1,0,0,Composed: Copy with GPU GDI,2026-8-20 19:21:10.241567700,4.3122,4.3122,0.0000,0.2471,6.8447,2.8551,3.9896,NA,NA,-0.6198,15437.4032,NA,NA,NA
python.exe,24084,0x0,Other,-1,0,0,Composed: Copy with GPU GDI,2026-8-20 19:21:10.245879900,4.1024,4.1024,0.0000,2.7832,1.5591,0.4215,1.1376,14.9504,8.2436,NA,15441.7154,NA,NA,NA
python.exe,24084,0x0,Other,-1,0,0,Composed: Copy with GPU GDI,2026-8-20 19:21:10.249982300,3.7235,3.7235,0.0000,0.2442,3.6486,0.2614,3.3872,19.0916,6.0620,-4.1412,15445.8178,NA,NA,NA
python.exe,24084,0x0,Other,-1,0,0,Composed: Copy with GPU GDI,2026-8-20 19:21:10.253705800,6.8741,6.8741,0.0000,0.1734,7.0570,0.4377,6.6193,21.4301,2.3575,-2.3385,15449.5413,NA,NA,NA
python.exe,24084,0x0,Other,-1,0,0,Composed: Copy with GPU GDI,2026-8-20 19:21:10.260579900,1.1441,1.1441,0.0000,5.1181,0.2547,0.2547,0.0000,NA,NA,4.5166,15456.4154,NA,NA,NA
python.exe,24084,0x0,Other,-1,0,0,Composed: Copy with GPU GDI,2026-8-20 19:21:10.261724000,3.0513,3.0513,0.0000,0.0000,4.7580,4.0398,0.7182,15.7694,9.7804,NA,15457.5595,NA,NA,NA
python.exe,24084,0x0,Other,-1,0,0,Composed: Copy with GPU GDI,2026-8-20 19:21:10.264775300,7.5078,7.5078,0.0000,1.1805,6.6444,0.3897,6.2547,22.4985,6.0610,-6.7291,15460.6108,NA,NA,NA
python.exe,24084,0x0,Other,-1,0,0,Composed: Copy with GPU GDI,2026-8-20 19:21:10.272283100,5.6088,5.6088,0.0000,0.3206,5.6347,0.4134,5.2213,21.0517,0.8251,1.4468,15468.1186,NA,NA,NA
python.exe,24084,0x0,Other,-1,0,0,Composed: Copy with GPU GDI,2026-8-20 19:21:10.277891900,1.3451,1.3451,0.0000,0.3491,4.3171,3.3882,0.9289,NA,NA,4.7837,15473.7274,NA,NA,NA
python.exe,24084,0x0,Other,-1,0,0,Composed: Copy with GPU GDI,2026-8-20 19:21:10.279237000,4.3215,4.3215,0.0000,3.3288,1.1793,0.2860,0.8933,14.9229,11.3193,NA,15475.0725,NA,NA,NA
python.exe,24084,0x0,Other,-1,0,0,Composed: Copy with GPU GDI,2026-8-20 19:21:10.283558500,5.9200,5.9200,0.0000,0.1898,5.9704,0.3207,5.6497,21.9207,5.3492,-6.9978,15479.3940,NA,NA,NA
python.exe,24084,0x0,Other,-1,0,0,Composed: Copy with GPU GDI,2026-8-20 19:21:10.289478500,5.8900,5.8900,0.0000,8.8184,0.2745,0.2745,0.0000,NA,NA,0.5708,15485.3140,NA,NA,NA
python.exe,24084,0x0,Other,-1,0,0,Composed: Copy with GPU GDI,2026-8-20 19:21:10.295368500,0.6179,0.6179,0.0000,0.0000,8.5755,3.0060,5.5695,15.4599,6.7731,NA,15491.2040,NA,NA,NA
python.exe,24084,0x0,Other,-1,0,0,Composed: Copy with GPU GDI,2026-8-20 19:21:10.295986400,5.4955,5.4955,0.0000,2.5888,3.1511,0.3141,2.8370,21.6151,6.0695,-6.1552,15491.8219,NA,NA,NA
python.exe,24084,0x0,Other,-1,0,0,Composed: Copy with GPU GDI,2026-8-20 19:21:10.301481900,6.4920,6.4920,0.0000,0.2479,6.5955,0.4191,6.1764,22.1891,3.8212,-0.5740,15497.3174,NA,NA,NA
python.exe,24084,0x0,Other,-1,0,0,Composed: Copy with GPU GDI,2026-8-20 19:21:10.307973900,8.0162,8.0162,0.0000,11.0596,0.2456,0.2456,0.0000,NA,NA,2.6708,15503.8094,NA,NA,NA
python.exe,24084,0x0,Other,-1,0,0,Composed: Copy with GPU GDI,2026-8-20 19:21:10.315990100,0.1923,0.1923,0.0000,0.0000,10.7053,3.2215,7.4838,NA,NA,NA,NA,NA,NA,NA
python.exe,24084,0x0,Other,-1,0,0,Composed: Copy with GPU GDI,2026-8-20 19:21:10.316182400,3.9495,3.9495,0.0000,3.0996,1.0937,0.3155,0.7782,11.3098,14.3811,NA,15512.0179,NA,NA,NA
python.exe,24084,0x0,Other,-1,0,0,Composed: Copy with GPU GDI,2026-8-20 19:21:10.320131900,7.4635,7.4635,0.0000,0.2470,7.3298,0.3992,6.9306,21.7414,2.2766,-10.4316,15515.9674,NA,NA,NA
python.exe,24084,0x0,Other,-1,0,0,Composed: Copy with GPU GDI,2026-8-20 19:21:10.327595400,1.9630,1.9630,0.0000,6.0494,0.2968,0.2968,0.0000,NA,NA,5.1869,15523.4309,NA,NA,NA
python.exe,24084,0x0,Other,-1,0,0,Composed: Copy with GPU GDI,2026-8-20 19:21:10.329558400,2.7812,2.7812,0.0000,0.0000,5.9327,4.1885,1.7442,14.5915,9.8561,NA,15525.3939,NA,NA,NA
python.exe,24084,0x0,Other,-1,0,0,Composed: Copy with GPU GDI,2026-8-20 19:21:10.332339600,6.7896,6.7896,0.0000,1.6067,5.5181,0.4064,5.1117,21.6664,6.0673,-7.0749,15528.1751,NA,NA,NA
python.exe,24084,0x0,Other,-1,0,0,Composed: Copy with GPU GDI,2026-8-20 19:21:10.339129200,4.1950,4.1950,0.0000,0.3388,4.0602,0.2879,3.7723,20.9441,0.7605,0.7223,15534.9647,NA,NA,NA
python.exe,24084,0x0,Other,-1,0,0,Composed: Copy with GPU GDI,2026-8-20 19:21:10.343324200,3.1252,3.1252,0.0000,0.2077,6.5742,3.7625,2.8117,NA,NA,3.4345,15539.1597,NA,NA,NA
python.exe,24084,0x0,Other,-1,0,0,Composed: Copy with GPU GDI,2026-8-20 19:21:10.346449400,4.8098,4.8098,0.0000,3.6595,1.3193,0.2373,1.0820,14.3844,11.3657,NA,15542.2849,NA,NA,NA
python.exe,24084,0x0,Other,-1,0,0,Composed: Copy with GPU GDI,2026-8-20 19:21:10.351259200,5.5301,5.5301,0.0000,0.1718,5.6893,0.3979,5.2914,20.9403,5.2920,-6.5559,15547.0947,NA,NA,NA
python.exe,24084,0x0,Other,-1,0,0,Composed: Copy with GPU GDI,2026-8-20 19:21:10.356789300,5.8679,5.8679,0.0000,0.3341,5.7684,0.3228,5.4456,NA,NA,0.2381,15552.6248,NA,NA,NA
python.exe,24084,0x0,Other,-1,0,0,Composed: Copy with GPU GDI,2026-8-20 19:21:10.362657200,0.5437,0.5437,0.0000,0.2377,2.9364,2.7313,0.2051,14.8343,6.8390,NA,15558.4927,NA,NA,NA
python.exe,24084,0x0,Other,-1,0,0,Composed: Copy with GPU GDI,2026-8-20 19:21:10.363200900,5.2374,5.2374,0.0000,2.6348,2.8151,0.2896,2.5255,21.1296,6.0812,-6.2953,15559.0364,NA,NA,NA
python.exe,24084,0x0,Other,-1,0,0,Composed: Copy with GPU GDI,2026-8-20 19:21:10.368438300,7.0268,7.0268,0.0000,0.2155,7.1710,0.4412,6.7298,21.9734,3.7464,-0.8438,15564.2738,NA,NA,NA
python.exe,24084,0x0,Other,-1,0,0,Composed: Copy with GPU GDI,2026-8-20 19:21:10.375465100,3.0510,3.0510,0.0000,0.3625,6.3437,3.7569,2.5868,NA,NA,3.2804,15571.3006,NA,NA,NA
python.exe,24084,0x0,Other,-1,0,0,Composed: Copy with GPU GDI,2026-8-20 19:21:10.378516100,4.2191,4.2191,0.0000,3.6595,0.7872,0.2959,0.4913,15.6420,8.3672,NA,15574.3516,NA,NA,NA
python.exe,24084,0x0,Other,-1,0,0,Composed: Copy with GPU GDI,2026-8-20 19:21:10.382735200,3.2498,3.2498,0.0000,0.2308,3.2367,0.2889,2.9478,19.7901,6.0832,-4.1481,15578.5707,NA,NA,NA
python.exe,24084,0x0,Other,-1,0,0,Composed: Copy with GPU GDI,2026-8-20 19:21:10.385985000,8.0316,8.0316,0.0000,0.2212,8.1718,0.4288,7.7430,22.6235,2.2161,-2.8334,15581.8205,NA,NA,NA
python.exe,24084,0x0,Other,-1,0,0,Composed: Copy with GPU GDI,2026-8-20 19:21:10.394016600,2.6045,2.6045,0.0000,6.5960,0.2942,0.2942,0.0000,NA,NA,5.8155,15589.8521,NA,NA,NA
python.exe,24084,0x0,Other,-1,0,0,Composed: Copy with GPU GDI,2026-8-20 19:21:10.396621100,1.9309,1.9309,0.0000,0.0000,6.2316,4.1471,2.0845,14.2035,9.9086,NA,15592.4566,NA,NA,NA
python.exe,24084,0x0,Other,-1,0,0,Composed: Copy with GPU GDI,2026-8-20 19:21:10.398552000,6.5883,6.5883,0.0000,2.3575,4.5665,0.4007,4.1658,22.1812,6.0633,-7.9777,15594.3875,NA,NA,NA
python.exe,24084,0x0,Other,-1,0,0,Composed: Copy with GPU GDI,2026-8-20 19:21:10.405140300,5.5032,5.5032,0.0000,0.3389,5.4862,0.3943,5.0919,21.6562,0.6973,0.5250,15600.9758,NA,NA,NA
python.exe,24084,0x0,Other,-1,0,0,Composed: Copy with GPU GDI,2026-8-20 19:21:10.410643500,1.8154,1.8154,0.0000,0.3249,5.1686,3.7538,1.4148,NA,NA,4.8059,15606.4790,NA,NA,NA
python.exe,24084,0x0,Other,-1,0,0,Composed: Copy with GPU GDI,2026-8-20 19:21:10.412458900,4.2980,4.2980,0.0000,3.6810,0.8511,0.3297,0.5214,15.0349,11.4417,NA,15608.2944,NA,NA,NA
python.exe,24084,0x0,Other,-1,0,0,Composed: Copy with GPU GDI,2026-8-20 19:21:10.416756900,5.9210,5.9210,0.0000,0.2381,5.8991,0.2923,5.6068,22.1786,5.2196,-7.1437,15612.5924,NA,NA,NA
python.exe,24084,0x0,Other,-1,0,0,Composed: Copy with GPU GDI,2026-8-20 19:21:10.422677900,6.6973,6.6973,0.0000,0.2189,6.6815,0.2886,6.3929,NA,NA,0.7014,15618.5134,NA,NA,NA
python.exe,24084,0x0,Other,-1,0,0,Composed: Copy with GPU GDI,2026-8-20 19:21:10.429375200,0.4907,0.4907,0.0000,0.2056,2.8537,2.6463,0.2074,14.7799,6.9062,NA,15625.2107,NA,NA,NA
python.exe,24084,0x0,Other,-1,0,0,Composed: Copy with GPU GDI,2026-8-20 19:21:10.429865900,4.8133,4.8133,0.0000,2.5725,2.4641,0.2904,2.1737,21.1954,6.0673,-6.4155,15625.7014,NA,NA,NA
python.exe,24084,0x0,Other,-1,0,0,Composed: Copy with GPU GDI,2026-8-20 19:21:10.434679200,7.1533,7.1533,0.0000,0.2265,7.1388,0.2866,6.8522,22.4494,3.6910,-1.2540,15630.5147,NA,NA,NA
python.exe,24084,0x0,Other,-1,0,0,Composed: Copy with GPU GDI,2026-8-20 19:21:10.441832500,4.0946,4.0946,0.0000,6.9035,0.2624,0.2624,0.0000,NA,NA,3.4623,15637.6680,NA,NA,NA
python.exe,24084,0x0,Other,-1,0,0,Composed: Copy with GPU GDI,2026-8-20 19:21:10.445927100,0.3923,0.3923,0.0000,0.0000,6.6889,2.9384,3.7505,14.8925,8.4451,NA,15641.7626,NA,NA,NA
python.exe,24084,0x0,Other,-1,0,0,Composed: Copy with GPU GDI,2026-8-20 19:21:10.446319400,7.1756,7.1756,0.0000,2.6810,4.7492,0.3260,4.4232,22.9453,6.0636,-8.0528,15642.1549,NA,NA,NA
python.exe,24084,0x0,Other,-1,0,0,Composed: Copy with GPU GDI,2026-8-20 19:21:10.453495000,7.6473,7.6473,0.0000,0.2575,7.7132,0.4076,7.3056,21.8333,2.1564,1.1120,15649.3305,NA,NA,NA
python.exe,24084,0x0,Other,-1,0,0,Composed: Copy with GPU GDI,2026-8-20 19:21:10.461142300,0.6560,0.6560,0.0000,0.3260,4.2294,3.9683,0.2611,NA,NA,5.4909,15656.9778,NA,NA,NA
python.exe,24084,0x0,Other,-1,0,0,Composed: Copy with GPU GDI,2026-8-20 19:21:10.461798300,4.2747,4.2747,0.0000,3.9037,0.5746,0.2907,0.2839,15.6864,9.9722,NA,15657.6338,NA,NA,NA
python.exe,24084,0x0,Other,-1,0,0,Composed: Copy with GPU GDI,2026-8-20 19:21:10.466073000,6.4467,6.4467,0.0000,0.2072,6.5531,0.3935,6.1596,21.3839,6.0722,-5.6975,15661.9085,NA,NA,NA
python.exe,24084,0x0,Other,-1,0,0,Composed: Copy with GPU GDI,2026-8-20 19:21:10.472519700,4.4968,4.4968,0.0000,0.3162,4.3916,0.2812,4.1104,21.0094,0.6229,0.3745,15668.3552,NA,NA,NA
python.exe,24084,0x0,Other,-1,0,0,Composed: Copy with GPU GDI,2026-8-20 19:21:10.477016500,1.8903,1.8903,0.0000,0.2137,4.3185,2.7207,1.5978,NA,NA,3.8739,15672.8520,NA,NA,NA
python.exe,24084,0x0,Other,-1,0,0,Composed: Copy with GPU GDI,2026-8-20 19:21:10.478906800,4.6469,4.6469,0.0000,2.6450,2.2138,0.2832,1.9306,15.2452,11.5046,NA,15674.7423,NA,NA,NA
python.exe,24084,0x0,Other,-1,0,0,Composed: Copy with GPU GDI,2026-8-20 19:21:10.483553700,5.6143,5.6143,0.0000,0.2146,5.6194,0.2939,5.3255,22.1029,5.1691,-6.8577,15679.3892,NA,NA,NA
python.exe,24084,0x0,Other,-1,0,0,Composed: Copy with GPU GDI,2026-8-20 19:21:10.489168000,7.1849,7.1849,0.0000,0.2229,7.1876,0.3893,6.7983,NA,NA,0.4452,15685.0035,NA,NA,NA
python.exe,24084,0x0,Other,-1,0,0,Composed: Copy with GPU GDI,2026-8-20 19:21:10.496352900,0.5840,0.5840,0.0000,0.2282,2.8906,2.6417,0.2489,14.4728,6.9687,NA,15692.1884,NA,NA,NA
python.exe,24084,0x0,Other,-1,0,0,Composed: Copy with GPU GDI,2026-8-20 19:21:10.496936900,8.2444,8.2444,0.0000,2.5385,5.9877,0.3996,5.5881,20.8575,6.0723,-6.3847,15692.7724,NA,NA,NA
python.exe,24084,0x0,Other,-1,0,0,Composed: Copy with GPU GDI,2026-8-20 19:21:10.505181300,2.9571,2.9571,0.0000,0.2848,2.9905,0.3887,2.6018,18.6854,6.0675,2.1721,15701.0168,NA,NA,NA
python.exe,24084,0x0,Other,-1,0,0,Composed: Copy with GPU GDI,2026-8-20 19:21:10.508138400,8.3262,8.3262,0.0000,0.3215,8.3365,0.4241,7.9124,21.7958,6.0803,-3.1104,15703.9739,NA,NA,NA
python.exe,24084,0x0,Other,-1,0,0,Composed: Copy with GPU GDI,2026-8-20 19:21:10.516464600,0.1885,0.1885,0.0000,0.3318,3.5319,3.5319,0.0000,NA,NA,2.2459,15712.3001,NA,NA,NA
python.exe,24084,0x0,Other,-1,0,0,Composed: Copy with GPU GDI,2026-8-20 19:21:10.516653100,4.1708,4.1708,0.0000,3.6797,0.7041,0.2968,0.4073,19.3614,6.0600,NA,15712.4886,NA,NA,NA
python.exe,24084,0x0,Other,-1,0,0,Composed: Copy with GPU GDI,2026-8-20 19:21:10.520823900,6.5955,6.5955,0.0000,0.2165,6.7031,0.3978,6.3053,21.2506,6.0973,-1.8892,15716.6594,NA,NA,NA
python.exe,24084,0x0,Other,-1,0,0,Composed: Copy with GPU GDI,2026-8-20 19:21:10.527419400,1.2932,1.2932,0.0000,5.9971,0.2918,0.2918,0.0000,NA,NA,0.4982,15723.2549,NA,NA,NA
python.exe,24084,0x0,Other,-1,0,0,Composed: Copy with GPU GDI,2026-8-20 19:21:10.528712600,2.7564,2.7564,0.0000,0.0000,5.6697,4.7734,0.8963,19.4592,6.0276,NA,15724.5481,NA,NA,NA
python.exe,24084,0x0,Other,-1,0,0,Composed: Copy with GPU GDI,2026-8-20 19:21:10.531469000,7.3695,7.3695,0.0000,2.2422,5.5042,0.4483,5.0559,22.7304,6.0713,-3.2712,15727.3045,NA,NA,NA
python.exe,24084,0x0,Other,-1,0,0,Composed: Copy with GPU GDI,2026-8-20 19:21:10.538838500,4.5764,4.5764,0.0000,0.3798,4.4101,0.2852,4.1249,NA,NA,1.2982,15734.6740,NA,NA,NA
python.exe,24084,0x0,Other,-1,0,0,Composed: Copy with GPU GDI,2026-8-20 19:21:10.543414900,1.8364,1.8364,0.0000,0.2165,4.3342,2.7826,1.5516,16.8558,6.0597,NA,15739.2504,NA,NA,NA
python.exe,24084,0x0,Other,-1,0,0,Composed: Copy with GPU GDI,2026-8-20 19:21:10.545251300,4.7556,4.7556,0.0000,2.7194,2.3566,0.3936,1.9630,21.0791,6.0683,-4.2233,15741.0868,NA,NA,NA
python.exe,24084,0x0,Other,-1,0,0,Composed: Copy with GPU GDI,2026-8-20 19:21:10.550006900,6.5584,6.5584,0.0000,0.3233,6.5978,0.4425,6.1553,22.3918,5.0917,-1.3127,15745.8424,NA,NA,NA
python.exe,24084,0x0,Other,-1,0,0,Composed: Copy with GPU GDI,2026-8-20 19:21:10.556565300,6.2031,6.2031,0.0000,0.3656,6.1402,0.3896,5.7506,NA,NA,1.4667,15752.4008,NA,NA,NA
python.exe,24084,0x0,Other,-1,0,0,Composed: Copy with GPU GDI,2026-8-20 19:21:10.562768400,0.5421,0.5421,0.0000,0.3055,2.7701,2.6379,0.1322,14.7220,7.0505,NA,15758.6039,NA,NA,NA
python.exe,24084,0x0,Other,-1,0,0,Composed: Copy with GPU GDI,2026-8-20 19:21:10.563310500,8.1535,8.1535,0.0000,2.5375,5.9703,0.4281,5.5422,21.2304,6.0650,-6.5084,15759.1460,NA,NA,NA
python.exe,24084,0x0,Other,-1,0,0,Composed: Copy with GPU GDI,2026-8-20 19:21:10.571464000,3.3512,3.3512,0.0000,0.3574,3.2365,0.3271,2.9094,19.1419,3.5568,2.0885,15767.2995,NA,NA,NA
python.exe,24084,0x0,Other,-1,0,0,Composed: Copy with GPU GDI,2026-8-20 19:21:10.574815200,4.8183,4.8183,0.0000,0.2455,7.3086,2.8840,4.4246,NA,NA,-0.2056,15770.6507,NA,NA,NA
python.exe,24084,0x0,Other,-1,0,0,Composed: Copy with GPU GDI,2026-8-20 19:21:10.579633500,3.2524,3.2524,0.0000,2.7401,0.7761,0.3347,0.4414,14.5292,8.5705,NA,15775.4690,NA,NA,NA
python.exe,24084,0x0,Other,-1,0,0,Composed: Copy with GPU GDI,2026-8-20 19:21:10.582885900,3.5219,3.5219,0.0000,0.2667,3.4734,0.2898,3.1836,19.8473,6.0682,-5.3181,15778.7214,NA,NA,NA
python.exe,24084,0x0,Other,-1,0,0,Composed: Copy with GPU GDI,2026-8-20 19:21:10.586407800,7.9019,7.9019,0.0000,0.2214,8.0286,0.4267,7.6019,22.3936,2.0208,-2.5463,15782.2433,NA,NA,NA
python.exe,24084,0x0,Other,-1,0,0,Composed: Copy with GPU GDI,2026-8-20 19:21:10.594309700,0.9955,0.9955,0.0000,5.0165,0.2945,0.2945,0.0000,NA,NA,5.8811,15790.1452,NA,NA,NA
python.exe,24084,0x0,Other,-1,0,0,Composed: Copy with GPU GDI,2026-8-20 19:21:10.595305200,3.2048,3.2048,0.0000,0.0000,4.6642,4.0877,0.5765,15.5170,10.1095,NA,15791.1407,NA,NA,NA
python.exe,24084,0x0,Other,-1,0,0,Composed: Copy with GPU GDI,2026-8-20 19:21:10.598510000,7.5050,7.5050,0.0000,1.1138,6.7402,0.4280,6.3122,22.4217,6.0628,-6.9047,15794.3455,NA,NA,NA
python.exe,24084,0x0,Other,-1,0,0,Composed: Copy with GPU GDI,2026-8-20 19:21:10.606015000,4.9774,4.9774,0.0000,0.3517,4.9414,0.3828,4.5586,20.9795,0.4960,1.4422,15801.8505,NA,NA,NA
python.exe,24084,0x0,Other,-1,0,0,Composed: Copy with GPU GDI,2026-8-20 19:21:10.610992400,1.3224,1.3224,0.0000,0.3187,3.8443,2.9072,0.9371,NA,NA,4.4814,15806.8279,NA,NA,NA
python.exe,24084,0x0,Other,-1,0,0,Composed: Copy with GPU GDI,2026-8-20 19:21:10.612314800,4.1856,4.1856,0.0000,2.8476,1.5864,0.3263,1.2601,15.1757,11.6403,NA,15808.1503,NA,NA,NA
python.exe,24084,0x0,Other,-1,0,0,Composed: Copy with GPU GDI,2026-8-20 19:21:10.616500400,6.1042,6.1042,0.0000,0.2506,6.0769,0.2933,5.7836,22.6304,5.0271,-7.4547,15812.3359,NA,NA,NA
python.exe,24084,0x0,Other,-1,0,0,Composed: Copy with GPU GDI,2026-8-20 19:21:10.622604600,6.0596,6.0596,0.0000,0.2262,6.0798,0.3216,5.7582,NA,NA,1.0771,15818.4401,NA,NA,NA
python.exe,24084,0x0,Other,-1,0,0,Composed: Copy with GPU GDI,2026-8-20 19:21:10.628664200,0.5435,0.5435,0.0000,0.2496,3.0025,2.7803,0.2222,15.4937,7.1030,NA,15824.4997,NA,NA,NA
python.exe,24084,0x0,Other,-1,0,0,Composed: Copy with GPU GDI,2026-8-20 19:21:10.629207700,5.8725,5.8725,0.0000,2.7122,3.3764,0.2816,3.0948,22.0532,6.0662,-6.5595,15825.0432,NA,NA,NA
python.exe,24084,0x0,Other,-1,0,0,Composed: Copy with GPU GDI,2026-8-20 19:21:10.635080200,6.6628,6.6628,0.0000,0.2188,6.7989,0.4316,6.3673,22.2469,3.4936,-0.1937,15830.9157,NA,NA,NA
python.exe,24084,0x0,Other,-1,0,0,Composed: Copy with GPU GDI,2026-8-20 19:21:10.641743000,4.2577,4.2577,0.0000,0.3580,7.1984,3.3694,3.8290,NA,NA,3.1692,15837.5785,NA,NA,NA
python.exe,24084,0x0,Other,-1,0,0,Composed: Copy with GPU GDI,2026-8-20 19:21:10.646000700,3.4130,3.4130,0.0000,3.3022,0.3387,0.2928,0.0459,14.8200,8.6445,NA,15841.8362,NA,NA,NA
python.exe,24084,0x0,Other,-1,0,0,Composed: Copy with GPU GDI,2026-8-20 19:21:10.649413700,4.4437,4.4437,0.0000,0.2314,4.5869,0.4422,4.1447,20.0515,6.0735,-5.2315,15845.2492,NA,NA,NA
python.exe,24084,0x0,Other,-1,0,0,Composed: Copy with GPU GDI,2026-8-20 19:21:10.653857400,7.1855,7.1855,0.0000,0.3777,7.1286,0.3894,6.7392,21.6813,1.9438,-1.6298,15849.6929,NA,NA,NA
python.exe,24084,0x0,Other,-1,0,0,Composed: Copy with GPU GDI,2026-8-20 19:21:10.661042900,1.1614,1.1614,0.0000,0.3236,5.0130,4.2481,0.7649,NA,NA,5.2417,15856.8784,NA,NA,NA
python.exe,24084,0x0,Other,-1,0,0,Composed: Copy with GPU GDI,2026-8-20 19:21:10.662204300,4.2616,4.2616,0.0000,4.1791,0.2914,0.2901,0.0013,15.2782,10.1940,NA,15858.0398,NA,NA,NA
python.exe,24084,0x0,Other,-1,0,0,Composed: Copy with GPU GDI,2026-8-20 19:21:10.666465900,5.6363,5.6363,0.0000,0.2119,5.7790,0.4221,5.3569,21.2106,6.0596,-5.9324,15862.3014,NA,NA,NA
python.exe,24084,0x0,Other,-1,0,0,Composed: Copy with GPU GDI,2026-8-20 19:21:10.672102200,4.8531,4.8531,0.0000,0.3576,4.7105,0.2847,4.4258,21.6339,0.4236,-0.4233,15867.9377,NA,NA,NA
python.exe,24084,0x0,Other,-1,0,0,Composed: Copy with GPU GDI,2026-8-20 19:21:10.676955300,2.5368,2.5368,0.0000,0.2181,5.9812,3.7482,2.2330,NA,NA,4.4295,15872.7908,NA,NA,NA
python.exe,24084,0x0,Other,-1,0,0,Composed: Copy with GPU GDI,2026-8-20 19:21:10.679492100,3.9945,3.9945,0.0000,3.6654,0.5556,0.2953,0.2603,14.6676,11.7088,NA,15875.3276,NA,NA,NA
python.exe,24084,0x0,Other,-1,0,0,Composed: Copy with GPU GDI,2026-8-20 19:21:10.683486600,5.6143,5.6143,0.0000,0.2298,5.6053,0.2898,5.3155,22.3819,4.9641,-7.7143,15879.3221,NA,NA,NA
python.exe,24084,0x0,Other,-1,0,0,Composed: Copy with GPU GDI,2026-8-20 19:21:10.689100900,6.1318,6.1318,0.0000,0.2239,6.1832,0.3589,5.8243,NA,NA,0.6502,15884.9364,NA,NA,NA
python.exe,24084,0x0,Other,-1,0,0,Composed: Copy with GPU GDI,2026-8-20 19:21:10.695232700,0.5454,0.5454,0.0000,0.2782,2.9019,2.7094,0.1925,15.5999,7.1654,NA,15891.0682,NA,NA,NA
python.exe,24084,0x0,Other,-1,0,0,Composed: Copy with GPU GDI,2026-8-20 19:21:10.695778100,5.3477,5.3477,0.0000,2.6387,2.9233,0.2978,2.6255,22.2199,6.0603,-6.6200,15891.6136,NA,NA,NA
python.exe,24084,0x0,Other,-1,0,0,Composed: Copy with GPU GDI,2026-8-20 19:21:10.701125800,6.0280,6.0280,0.0000,0.2168,6.0265,0.2890,5.7375,22.9325,3.4282,-0.7126,15896.9613,NA,NA,NA
python.exe,24084,0x0,Other,-1,0,0,Composed: Copy with GPU GDI,2026-8-20 19:21:10.707153800,4.5292,4.5292,0.0000,0.2184,7.9750,3.7306,4.2444,NA,NA,2.5998,15902.9893,NA,NA,NA
python.exe,24084,0x0,Other,-1,0,0,Composed: Copy with GPU GDI,2026-8-20 19:21:10.711683000,4.5358,4.5358,0.0000,3.6669,1.2460,0.4446,0.8014,15.8035,8.7135,NA,15907.5185,NA,NA,NA
python.exe,24084,0x0,Other,-1,0,0,Composed: Copy with GPU GDI,2026-8-20 19:21:10.716218800,4.6934,4.6934,0.0000,0.3802,4.6349,0.4207,4.2142,19.9812,6.0653,-4.1777,15912.0543,NA,NA,NA
python.exe,24084,0x0,Other,-1,0,0,Composed: Copy with GPU GDI,2026-8-20 19:21:10.720912200,6.8616,6.8616,0.0000,0.3264,6.8898,0.4225,6.4673,21.3531,1.8861,-1.3719,15916.7477,NA,NA,NA
python.exe,24084,0x0,Other,-1,0,0,Composed: Copy with GPU GDI,2026-8-20 19:21:10.727773800,0.9579,0.9579,0.0000,4.9269,0.2979,0.2979,0.0000,NA,NA,4.9755,15923.6093,NA,NA,NA
python.exe,24084,0x0,Other,-1,0,0,Composed: Copy with GPU GDI,2026-8-20 19:21:10.728731700,3.1142,3.1142,0.0000,0.0000,4.5695,4.0360,0.5335,15.4197,10.2516,NA,15924.5672,NA,NA,NA
python.exe,24084,0x0,Other,-1,0,0,Composed: Copy with GPU GDI,2026-8-20 19:21:10.731845900,6.5496,6.5496,0.0000,1.1558,5.5903,0.2679,5.3224,22.5571,6.0593,-7.1374,15927.6814,NA,NA,NA
python.exe,24084,0x0,Other,-1,0,0,Composed: Copy with GPU GDI,2026-8-20 19:21:10.738395500,6.6018,6.6018,0.0000,0.1992,6.6561,0.3201,6.3360,NA,NA,0.4903,15934.2310,NA,NA,NA
python.exe,24084,0x0,Other,-1,0,0,Composed: Copy with GPU GDI,2026-8-20 19:21:10.744997300,0.4457,0.4457,0.0000,0.2563,2.8342,2.7174,0.1168,15.4650,6.0724,NA,15940.8328,NA,NA,NA
python.exe,24084,0x0,Other,-1,0,0,Composed: Copy with GPU GDI,2026-8-20 19:21:10.745443000,4.9565,4.9565,0.0000,2.6487,2.6336,0.3971,2.2365,21.0917,6.0628,-5.6267,15941.2785,NA,NA,NA
python.exe,24084,0x0,Other,-1,0,0,Composed: Copy with GPU GDI,2026-8-20 19:21:10.750399500,6.5043,6.5043,0.0000,0.3292,6.5490,0.4418,6.1072,22.1980,4.8959,-1.1063,15946.2350,NA,NA,NA
python.exe,24084,0x0,Other,-1,0,0,Composed: Copy with GPU GDI,2026-8-20 19:21:10.756903800,5.1929,5.1929,0.0000,0.3766,5.0418,0.2961,4.7457,NA,NA,1.6084,15952.7393,NA,NA,NA
python.exe,24084,0x0,Other,-1,0,0,Composed: Copy with GPU GDI,2026-8-20 19:21:10.762096700,0.5016,0.5016,0.0000,0.2287,2.9173,2.7189,0.1984,15.3967,7.2276,NA,15957.9322,NA,NA,NA
python.exe,24084,0x0,Other,-1,0,0,Composed: Copy with GPU GDI,2026-8-20 19:21:10.762598300,5.8460,5.8460,0.0000,2.6482,3.4118,0.2814,3.1304,22.1227,6.0730,-6.7260,15958.4338,NA,NA,NA
python.exe,24084,0x0,Other,-1,0,0,Composed: Copy with GPU GDI,2026-8-20 19:21:10.768444300,6.1854,6.1854,0.0000,0.2168,6.3179,0.4215,5.8964,22.3497,3.3608,-0.2270,15964.2798,NA,NA,NA
python.exe,24084,0x0,Other,-1,0,0,Composed: Copy with GPU GDI,2026-8-20 19:21:10.774629700,4.7732,4.7732,0.0000,0.3522,8.0184,3.6807,4.3377,NA,NA,2.8246,15970.4652,NA,NA,NA
python.exe,24084,0x0,Other,-1,0,0,Composed: Copy with GPU GDI,2026-8-20 19:21:10.779402900,3.4652,3.4652,0.0000,3.5974,0.2597,0.2597,0.0000,14.7519,8.7919,NA,15975.2384,NA,NA,NA
python.exe,24084,0x0,Other,-1,0,0,Composed: Copy with GPU GDI,2026-8-20 19:21:10.782868100,3.3312,3.3312,0.0000,0.3977,3.1539,0.2873,2.8666,20.0786,6.0567,-5.3267,15978.7036,NA,NA,NA
python.exe,24084,0x0,Other,-1,0,0,Composed: Copy with GPU GDI,2026-8-20 19:21:10.786199300,7.8563,7.8563,0.0000,0.2237,7.9747,0.4117,7.5630,22.8041,1.8189,-2.7255,15982.0348,NA,NA,NA
python.exe,24084,0x0,Other,-1,0,0,Composed: Copy with GPU GDI,2026-8-20 19:21:10.794055600,2.8220,2.8220,0.0000,6.8668,0.2947,0.2947,0.0000,NA,NA,6.0374,15989.8911,NA,NA,NA
python.exe,24084,0x0,Other,-1,0,0,Composed: Copy with GPU GDI,2026-8-20 19:21:10.796877600,2.3658,2.3658,0.0000,0.0000,6.5211,4.1215,2.3996,13.9447,10.3088,NA,15992.7131,NA,NA,NA
python.exe,24084,0x0,Other,-1,0,0,Composed: Copy with GPU GDI,2026-8-20 19:21:10.799243400,7.1267,7.1267,0.0000,1.9770,5.4972,0.4252,5.0720,21.8877,6.0637,-7.9430,15995.0789,NA,NA,NA
python.exe,24084,0x0,Other,-1,0,0,Composed: Copy with GPU GDI,2026-8-20 19:21:10.806370100,4.4692,4.4692,0.0000,0.3504,4.9547,0.9151,4.0396,NA,NA,1.0630,16002.2056,NA,NA,NA
python.exe,24084,0x0,Other,-1,0,0,Composed: Copy with GPU GDI,2026-8-20 19:21:10.810839300,1.0149,1.0149,0.0000,0.8395,2.7988,2.6939,0.1049,16.3555,6.0629,NA,16006.6748,NA,NA,NA
python.exe,24084,0x0,Other,-1,0,0,Composed: Copy with GPU GDI,2026-8-20 19:21:10.811854200,5.9699,5.9699,0.0000,2.6273,3.7153,0.4449,3.2704,21.4035,6.0702,-5.0480,16007.6897,NA,NA,NA
python.exe,24084,0x0,Other,-1,0,0,Composed: Copy with GPU GDI,2026-8-20 19:21:10.817824100,5.1698,5.1698,0.0000,0.3753,5.2721,0.5925,4.6796,21.5038,4.8250,-0.1003,16013.6596,NA,NA,NA
python.exe,24084,0x0,Other,-1,0,0,Composed: Copy with GPU GDI,2026-8-20 19:21:10.822993900,5.9813,5.9813,0.0000,8.7662,0.2797,0.2797,0.0000,NA,NA,0.3448,16018.8294,NA,NA,NA
python.exe,24084,0x0,Other,-1,0,0,Composed: Copy with GPU GDI,2026-8-20 19:21:10.828975200,0.5398,0.5398,0.0000,0.0000,8.2857,2.8705,5.4152,15.1777,7.3056,NA,16024.8107,NA,15.1757,NA
python.exe,24084,0x0,Other,-1,0,0,Composed: Copy with GPU GDI,2026-8-20 19:21:10.829515000,8.5527,8.5527,0.0000,2.5283,6.3566,0.4266,5.9300,21.9435,6.0764,-6.7658,16025.3505,NA,14.4930,NA
python.exe,24084,0x0,Other,-1,0,0,Composed: Copy with GPU GDI,2026-8-20 19:21:10.838067700,2.5654,2.5654,0.0000,0.3354,2.4473,0.2898,2.1575,19.4672,3.2888,2.4763,16033.9032,NA,17.5709,NA
python.exe,24084,0x0,Other,-1,0,0,Composed: Copy with GPU GDI,2026-8-20 19:21:10.840633100,5.1669,5.1669,0.0000,0.2202,8.5577,3.6999,4.8578,NA,NA,-0.7234,16036.4686,NA,15.8586,NA
python.exe,24084,0x0,Other,-1,0,0,Composed: Copy with GPU GDI,2026-8-20 19:21:10.845800000,3.8267,3.8267,0.0000,3.6159,0.4413,0.2979,0.1434,15.0237,8.8430,NA,16041.6355,NA,11.8613,NA
python.exe,24084,0x0,Other,-1,0,0,Composed: Copy with GPU GDI,2026-8-20 19:21:10.849626700,3.7109,3.7109,0.0000,0.2337,3.7146,0.3288,3.3858,20.0400,6.0591,-5.0163,16045.4622,NA,16.7015,NA
python.exe,24084,0x0,Other,-1,0,0,Composed: Copy with GPU GDI,2026-8-20 19:21:10.853337600,7.9959,7.9959,0.0000,0.2408,8.1038,0.4419,7.6619,22.3882,1.7650,-2.3482,16049.1731,NA,14.7633,NA
python.exe,24084,0x0,Other,-1,0,0,Composed: Copy with GPU GDI,2026-8-20 19:21:10.861333500,0.7865,0.7865,0.0000,5.0331,0.2914,0.2914,0.0000,NA,NA,6.2309,16057.1690,NA,NA,NA
python.exe,24084,0x0,Other,-1,0,0,Composed: Copy with GPU GDI,2026-8-20 19:21:10.862120000,2.5729,2.5729,0.0000,0.0000,4.6817,4.3155,0.3662,15.3708,10.3777,NA,16057.9555,NA,13.5220,NA
python.exe,24084,0x0,Other,-1,0,0,Composed: Copy with GPU GDI,2026-8-20 19:21:10.864692900,7.0772,7.0772,0.0000,1.9682,5.4331,0.3927,5.0404,23.1756,6.0630,-7.8048,16060.5284,NA,20.9043,NA
python.exe,24084,0x0,Other,-1,0,0,Composed: Copy with GPU GDI,2026-8-20 19:21:10.871770100,5.5383,5.5383,0.0000,0.3270,5.4703,0.3284,5.1419,NA,NA,1.0142,16067.6056,NA,18.9654,NA
python.exe,24084,0x0,Other,-1,0,0,Composed: Copy with GPU GDI,2026-8-20 19:21:10.877308400,1.8372,1.8372,0.0000,0.2621,4.2417,2.7332,1.5085,16.6231,6.0633,NA,16073.1439,NA,15.9664,NA
python.exe,24084,0x0,Other,-1,0,0,Composed: Copy with GPU GDI,2026-8-20 19:21:10.879145600,4.6643,4.6643,0.0000,2.6710,2.2218,0.2974,1.9244,20.8492,6.0647,-4.2261,16074.9811,NA,NA,NA
python.exe,24084,0x0,Other,-1,0,0,Composed: Copy with GPU GDI,2026-8-20 19:21:10.883809900,5.5919,5.5919,0.0000,0.2311,5.5845,0.2902,5.2943,22.2496,4.7620,-1.4004,16079.6454,NA,22.0916,NA
python.exe,24084,0x0,Other,-1,0,0,Composed: Copy with GPU GDI,2026-8-20 19:21:10.889401800,6.6603,6.6603,0.0000,0.2266,6.6723,0.3074,6.3649,NA,NA,0.8299,16085.2373,NA,NA,NA
python.exe,24084,0x0,Other,-1,0,0,Composed: Copy with GPU GDI,2026-8-20 19:21:10.896062100,0.5663,0.5663,0.0000,0.2429,2.8261,2.5925,0.2336,14.7594,7.3758,NA,16091.8976,NA,NA,NA
python.exe,24084,0x0,Other,-1,0,0,Composed: Copy with GPU GDI,2026-8-20 19:21:10.896628400,8.2914,8.2914,0.0000,2.5079,6.1301,0.4270,5.7031,21.5689,6.0765,-6.8095,16092.4639,NA,NA,NA
python.exe,24084,0x0,Other,-1,0,0,Composed: Copy with GPU GDI,2026-8-20 19:21:10.904919800,3.1013,3.1013,0.0000,0.3495,3.4202,0.7385,2.6817,19.3540,3.2106,2.2149,16100.7553,NA,NA,NA
python.exe,24084,0x0,Other,-1,0,0,Composed: Copy with GPU GDI,2026-8-20 19:21:10.908021100,4.8746,4.8746,0.0000,8.2226,0.2740,0.2740,0.0000,NA,NA,-0.1093,16103.8566,NA,NA,NA
python.exe,24084,0x0,Other,-1,0,0,Composed: Copy with GPU GDI,2026-8-20 19:21:10.912895700,2.9196,2.9196,0.0000,0.0000,7.5513,3.5009,4.0504,14.5887,8.9165,NA,16108.7312,NA,NA,NA
python.exe,24084,0x0,Other,-1,0,0,Composed: Copy with GPU GDI,2026-8-20 19:21:10.915815300,3.3106,3.3106,0.0000,0.7051,3.3410,0.8145,2.5265,20.5856,6.0642,-5.9969,16111.6508,NA,NA,NA
python.exe,24084,0x0,Other,-1,0,0,Composed: Copy with GPU GDI,2026-8-20 19:21:10.919125900,9.1596,9.1596,0.0000,0.7388,8.7614,0.4205,8.3409,23.3392,1.6812,-2.7536,16114.9614,NA,NA,NA
python.exe,24084,0x0,Other,-1,0,0,Composed: Copy with GPU GDI,2026-8-20 19:21:10.928285500,0.4392,0.4392,0.0000,4.2986,0.2934,0.2934,0.0000,NA,NA,7.4784,16124.1210,NA,NA,NA
python.exe,24084,0x0,Other,-1,0,0,Composed: Copy with GPU GDI,2026-8-20 19:21:10.928724700,3.4648,3.4648,0.0000,0.0000,3.9553,3.9275,0.0278,15.4216,10.4522,NA,16124.5602,NA,NA,NA
python.exe,24084,0x0,Other,-1,0,0,Composed: Copy with GPU GDI,2026-8-20 19:21:10.932189500,6.7479,6.7479,0.0000,0.6910,6.4200,0.4479,5.9721,22.4090,6.0634,-6.9874,16128.0250,NA,NA,NA
python.exe,24084,0x0,Other,-1,0,0,Composed: Copy with GPU GDI,2026-8-20 19:21:10.938937400,4.8723,4.8723,0.0000,0.3660,4.7635,0.3242,4.4393,NA,NA,0.6845,16134.7729,NA,NA,NA
python.exe,24084,0x0,Other,-1,0,0,Composed: Copy with GPU GDI,2026-8-20 19:21:10.943809700,1.7854,1.7854,0.0000,0.2601,4.2097,2.7622,1.4475,16.8522,6.0687,NA,16139.6452,NA,NA,NA
python.exe,24084,0x0,Other,-1,0,0,Composed: Copy with GPU GDI,2026-8-20 19:21:10.945595100,4.2184,4.2184,0.0000,2.6881,1.7477,0.2893,1.4584,21.1355,6.0607,-4.2833,16141.4306,NA,NA,NA
python.exe,24084,0x0,Other,-1,0,0,Composed: Copy with GPU GDI,2026-8-20 19:21:10.949813500,6.0523,6.0523,0.0000,0.2207,6.0398,0.2905,5.7493,22.9778,4.6953,-1.8423,16145.6490,NA,NA,NA
python.exe,24084,0x0,Other,-1,0,0,Composed: Copy with GPU GDI,2026-8-20 19:21:10.955865800,5.9122,5.9122,0.0000,9.2260,0.2519,0.2519,0.0000,NA,NA,1.3570,16151.7013,NA,NA,NA
python.exe,24084,0x0,Other,-1,0,0,Composed: Copy with GPU GDI,2026-8-20 19:21:10.961778000,0.7377,0.7377,0.0000,0.0000,9.0139,3.3873,5.6266,15.7086,7.4471,NA,16157.6135,NA,NA,NA
python.exe,24084,0x0,Other,-1,0,0,Composed: Copy with GPU GDI,2026-8-20 19:21:10.962515700,9.2240,9.2240,0.0000,2.8320,6.7085,0.4231,6.2854,22.4180,6.0682,-6.7094,16158.3512,NA,NA,NA
python.exe,24084,0x0,Other,-1,0,0,Composed: Copy with GPU GDI,2026-8-20 19:21:10.971739700,3.2689,3.2689,0.0000,0.3195,3.2910,0.4200,2.8710,19.2622,3.1493,3.1558,16167.5752,NA,NA,NA
python.exe,24084,0x0,Other,-1,0,0,Composed: Copy with GPU GDI,2026-8-20 19:21:10.975008600,4.0404,4.0404,0.0000,0.3447,7.2691,3.6993,3.5698,NA,NA,0.1196,16170.8441,NA,NA,NA
python.exe,24084,0x0,Other,-1,0,0,Composed: Copy with GPU GDI,2026-8-20 19:21:10.979049000,3.9418,3.9418,0.0000,3.5782,0.5899,0.3039,0.2860,15.1022,8.9726,NA,16174.8845,NA,NA,NA
python.exe,24084,0x0,Other,-1,0,0,Composed: Copy with GPU GDI,2026-8-20 19:21:10.982990800,5.2055,5.2055,0.0000,0.2292,5.3043,0.4279,4.8764,20.1330,6.0764,-5.0308,16178.8263,NA,NA,NA
python.exe,24084,0x0,Other,-1,0,0,Composed: Copy with GPU GDI,2026-8-20 19:21:10.988196300,6.1238,6.1238,0.0000,0.3313,6.1232,0.4145,5.7087,21.0039,1.6145,-0.8709,16184.0318,NA,NA,NA
python.exe,24084,0x0,Other,-1,0,0,Composed: Copy with GPU GDI,2026-8-20 19:21:10.994320100,2.9439,2.9439,0.0000,6.3291,0.3024,0.3024,0.0000,NA,NA,4.5093,16190.1556,NA,NA,NA
python.exe,24084,0x0,Other,-1,0,0,Composed: Copy with GPU GDI,2026-8-20 19:21:10.997264000,1.8264,1.8264,0.0000,0.0000,5.9955,3.6873,2.3082,13.5507,10.5099,NA,16193.0995,NA,NA,NA
python.exe,24084,0x0,Other,-1,0,0,Composed: Copy with GPU GDI,2026-8-20 19:21:10.999090400,6.0641,6.0641,0.0000,1.8636,4.3684,0.2403,4.1281,22.2342,6.0718,-8.6835,16194.9259,NA,NA,NA
python.exe,24084,0x0,Other,-1,0,0,Composed: Copy with GPU GDI,2026-8-20 19:21:11.005154500,6.0140,6.0140,0.0000,0.1710,6.1636,0.3913,5.7723,NA,NA,-0.0077,16200.9900,NA,NA,NA
python.exe,24084,0x0,Other,-1,0,0,Composed: Copy with GPU GDI,2026-8-20 19:21:11.011168500,1.2831,1.2831,0.0000,0.3242,3.6782,2.7898,0.8884,16.2279,6.0667,NA,16207.0040,NA,NA,NA
python.exe,24084,0x0,Other,-1,0,0,Composed: Copy with GPU GDI,2026-8-20 19:21:11.012451600,5.2443,5.2443,0.0000,2.7231,2.8414,0.3964,2.4450,21.0115,6.0626,-4.7836,16208.2871,NA,NA,NA
python.exe,24084,0x0,Other,-1,0,0,Composed: Copy with GPU GDI,2026-8-20 19:21:11.017695900,6.0779,6.0779,0.0000,0.3235,6.0820,0.4196,5.6624,21.8298,4.6282,-0.8183,16213.5314,NA,NA,NA
python.exe,24084,0x0,Other,-1,0,0,Composed: Copy with GPU GDI,2026-8-20 19:21:11.023773800,5.4891,5.4891,0.0000,8.2498,0.2830,0.2830,0.0000,NA,NA,1.4497,16219.6093,NA,NA,NA
python.exe,24084,0x0,Other,-1,0,0,Composed: Copy with GPU GDI,2026-8-20 19:21:11.029262900,0.3505,0.3505,0.0000,0.0000,7.9188,2.8587,5.0601,14.8910,7.5077,NA,16225.0984,NA,NA,NA
python.exe,24084,0x0,Other,-1,0,0,Composed: Copy with GPU GDI,2026-8-20 19:21:11.029613400,8.8805,8.8805,0.0000,2.6971,6.5420,0.4518,6.0902,22.0482,6.0633,-7.1572,16225.4489,NA,13.6912,NA
python.exe,24084,0x0,Other,-1,0,0,Composed: Copy with GPU GDI,2026-8-20 19:21:11.038493900,1.9808,1.9808,0.0000,0.3616,2.0982,0.5590,1.5392,19.2310,3.0937,2.8172,16234.3294,NA,18.7580,NA
python.exe,24084,0x0,Other,-1,0,0,Composed: Copy with GPU GDI,2026-8-20 19:21:11.040474700,5.4266,5.4266,0.0000,0.4837,8.4964,3.6536,4.8428,NA,NA,-1.1129,16236.3102,NA,15.8528,NA
python.exe,24084,0x0,Other,-1,0,0,Composed: Copy with GPU GDI,2026-8-20 19:21:11.045901300,3.9777,3.9777,0.0000,3.5585,0.6414,0.3052,0.3362,14.9173,9.0431,NA,16241.7368,NA,11.8564,NA
python.exe,24084,0x0,Other,-1,0,0,Composed: Copy with GPU GDI,2026-8-20 19:21:11.049879000,3.7252,3.7252,0.0000,0.2249,3.7150,0.2920,3.4230,19.9827,6.0832,-5.0654,16245.7145,NA,16.8980,NA
python.exe,24084,0x0,Other,-1,0,0,Composed: Copy with GPU GDI,2026-8-20 19:21:11.053604200,7.2816,7.2816,0.0000,0.2176,7.4090,0.4494,6.9596,22.3407,1.5397,-2.3580,16249.4397,NA,15.9820,NA
python.exe,24084,0x0,Other,-1,0,0,Composed: Copy with GPU GDI,2026-8-20 19:21:11.060885800,2.4485,2.4485,0.0000,0.3478,6.0061,4.0827,1.9234,NA,NA,5.7419,16256.7213,NA,15.5208,NA
python.exe,24084,0x0,Other,-1,0,0,Composed: Copy with GPU GDI,2026-8-20 19:21:11.063334300,4.0657,4.0657,0.0000,3.9089,0.3503,0.3294,0.0209,14.1503,10.5767,NA,16259.1698,NA,11.5198,NA
python.exe,24084,0x0,Other,-1,0,0,Composed: Copy with GPU GDI,2026-8-20 19:21:11.067400000,5.7476,5.7476,0.0000,0.1971,5.8138,0.4220,5.3918,20.6613,6.1034,-6.5110,16263.2355,NA,16.0960,NA
python.exe,24084,0x0,Other,-1,0,0,Composed: Copy with GPU GDI,2026-8-20 19:21:11.073147600,5.2725,5.2725,0.0000,0.2661,5.2986,0.4137,4.8849,NA,NA,-0.3558,16268.9831,NA,17.1980,NA
python.exe,24084,0x0,Other,-1,0,0,Composed: Copy with GPU GDI,2026-8-20 19:21:11.078420100,0.5818,0.5818,0.0000,0.2957,2.8383,2.6540,0.1843,15.7446,6.0328,NA,16274.2556,NA,NA,NA
python.exe,24084,0x0,Other,-1,0,0,Composed: Copy with GPU GDI,2026-8-20 19:21:11.079001900,4.7638,4.7638,0.0000,2.5582,2.4087,0.2846,2.1241,21.1956,6.0662,-5.4510,16274.8374,NA,19.2330,NA
python.exe,24084,0x0,Other,-1,0,0,Composed: Copy with GPU GDI,2026-8-20 19:21:11.083765700,6.5453,6.5453,0.0000,0.2060,6.6718,0.4268,6.2450,22.4980,4.5548,-1.3024,16279.6012,NA,NA,NA
python.exe,24084,0x0,Other,-1,0,0,Composed: Copy with GPU GDI,2026-8-20 19:21:11.090311000,6.2618,6.2618,0.0000,0.3354,6.1343,0.2996,5.8347,NA,NA,1.9905,16286.1465,NA,NA,NA
python.exe,24084,0x0,Other,-1,0,0,Composed: Copy with GPU GDI,2026-8-20 19:21:11.096572800,0.1336,0.1336,0.0000,0.2079,2.6837,2.6837,0.0000,14.2457,7.5700,NA,16292.4083,NA,NA,NA
python.exe,24084,0x0,Other,-1,0,0,Composed: Copy with GPU GDI,2026-8-20 19:21:11.096706400,8.7713,8.7713,0.0000,2.7628,6.3550,0.4401,5.9149,21.6821,6.0723,-7.4364,16292.5419,NA,16.4000,NA
python.exe,24084,0x0,Other,-1,0,0,Composed: Copy with GPU GDI,2026-8-20 19:21:11.105477700,2.9276,2.9276,0.0000,0.3494,2.8973,0.3971,2.5002,18.9831,3.0307,2.6990,16301.3132,NA,NA,NA
python.exe,24084,0x0,Other,-1,0,0,Composed: Copy with GPU GDI,2026-8-20 19:21:11.108405300,4.1316,4.1316,0.0000,0.3230,7.8992,4.2004,3.6988,NA,NA,-0.1031,16304.2408,NA,NA,NA
python.exe,24084,0x0,Other,-1,0,0,Composed: Copy with GPU GDI,2026-8-20 19:21:11.112536900,4.2354,4.2354,0.0000,4.0949,0.4675,0.4046,0.0629,14.9546,9.1038,NA,16308.3724,NA,NA,NA
python.exe,24084,0x0,Other,-1,0,0,Composed: Copy with GPU GDI,2026-8-20 19:21:11.116772300,3.1734,3.1734,0.0000,0.3302,3.0596,0.2904,2.7692,19.8230,6.0662,-4.8684,16312.6078,NA,NA,NA
python.exe,24084,0x0,Other,-1,0,0,Composed: Copy with GPU GDI,2026-8-20 19:21:11.119945700,7.9437,7.9437,0.0000,0.2197,8.0706,0.4232,7.6474,22.7158,1.4827,-2.8928,16315.7812,NA,NA,NA
python.exe,24084,0x0,Other,-1,0,0,Composed: Copy with GPU GDI,2026-8-20 19:21:11.127889400,1.1136,1.1136,0.0000,5.3057,0.2406,0.2406,0.0000,NA,NA,6.4610,16323.7249,NA,NA,NA
python.exe,24084,0x0,Other,-1,0,0,Composed: Copy with GPU GDI,2026-8-20 19:21:11.129003000,3.0007,3.0007,0.0000,0.0000,4.9561,4.2777,0.6784,15.1412,10.6567,NA,16324.8385,NA,NA,NA
python.exe,24084,0x0,Other,-1,0,0,Composed: Copy with GPU GDI,2026-8-20 19:21:11.132003700,6.5634,6.5634,0.0000,1.4351,5.3411,0.2901,5.0510,22.7972,6.0171,-7.6560,16327.8392,NA,NA,NA
python.exe,24084,0x0,Other,-1,0,0,Composed: Copy with GPU GDI,2026-8-20 19:21:11.138567100,6.5530,6.5530,0.0000,0.2162,6.6726,0.4147,6.2579,NA,NA,0.5463,16334.4026,NA,NA,NA
python.exe,24084,0x0,Other,-1,0,0,Composed: Copy with GPU GDI,2026-8-20 19:21:11.145120100,0.5535,0.5535,0.0000,0.3394,2.9598,2.8206,0.1392,15.6979,6.1064,NA,16340.9556,NA,NA,NA
python.exe,24084,0x0,Other,-1,0,0,Composed: Copy with GPU GDI,2026-8-20 19:21:11.145673600,4.9258,4.9258,0.0000,2.7499,2.4245,0.3213,2.1032,21.2508,18.1980,-5.5529,16341.5091,NA,NA,NA
python.exe,24084,0x0,Other,-1,0,0,Composed: Copy with GPU GDI,2026-8-20 19:21:11.150599400,22.4734,22.4734,0.0000,0.2516,22.5067,0.4038,22.1029,NA,NA,NA,NA,NA,NA,NA
python.exe,24084,0x0,Other,-1,0,0,Composed: Copy with GPU GDI,2026-8-20 19:21:11.173072800,0.7264,0.7264,0.0000,0.2873,0.6513,0.2856,0.3657,12.0496,9.0285,9.2012,16368.9083,NA,NA,NA
python.exe,24084,0x0,Other,-1,0,0,Composed: Copy with GPU GDI,2026-8-20 19:21:11.173799200,2.6585,2.6585,0.0000,0.2153,5.2499,2.9058,2.3441,NA,NA,-8.3021,16369.6347,NA,NA,NA
python.exe,24084,0x0,Other,-1,0,0,Composed: Copy with GPU GDI,2026-8-20 19:21:11.176457700,7.1939,7.1939,0.0000,2.8106,4.7243,0.4688,4.2555,17.6932,9.1760,NA,16372.2932,NA,NA,NA
python.exe,24084,0x0,Other,-1,0,0,Composed: Copy with GPU GDI,2026-8-20 19:21:11.183651600,2.3441,2.3441,0.0000,0.3451,2.9505,1.1017,1.8488,19.6753,6.0631,-1.9821,16379.4871,NA,NA,NA
python.exe,24084,0x0,Other,-1,0,0,Composed: Copy with GPU GDI,2026-8-20 19:21:11.185995700,9.4486,9.4486,0.0000,0.9552,8.8495,0.4532,8.3963,23.3943,6.0807,-3.7190,16381.8312,NA,NA,NA
python.exe,24084,0x0,Other,-1,0,0,Composed: Copy with GPU GDI,2026-8-20 19:21:11.195444300,0.5731,0.5731,0.0000,4.9780,0.2942,0.2942,0.0000,NA,NA,3.3679,16391.2798,NA,NA,NA
python.exe,24084,0x0,Other,-1,0,0,Composed: Copy with GPU GDI,2026-8-20 19:21:11.196017400,1.9706,1.9706,0.0000,0.0000,4.6191,4.4784,0.1407,19.4533,6.0597,NA,16391.8529,NA,NA,NA
python.exe,24084,0x0,Other,-1,0,0,Composed: Copy with GPU GDI,2026-8-20 19:21:11.197988000,9.2400,9.2400,0.0000,2.7324,6.8554,0.4287,6.4267,23.5424,5.9491,-4.0891,16393.8235,NA,NA,NA
python.exe,24084,0x0,Other,-1,0,0,Composed: Copy with GPU GDI,2026-8-20 19:21:11.207228000,3.3378,3.3378,0.0000,0.3516,3.2583,0.3624,2.8959,20.2515,6.1788,3.2909,16403.0635,NA,NA,NA
python.exe,24084,0x0,Other,-1,0,0,Composed: Copy with GPU GDI,2026-8-20 19:21:11.210565800,2.2729,2.2729,0.0000,0.2748,4.8251,2.9310,1.8941,NA,NA,-2.8410,16406.4013,NA,NA,NA
python.exe,24084,0x0,Other,-1,0,0,Composed: Copy with GPU GDI,2026-8-20 19:21:11.212838700,4.1851,4.1851,0.0000,2.8318,1.6033,0.3340,1.2693,20.8196,6.0593,NA,16408.6742,NA,NA,NA
python.exe,24084,0x0,Other,-1,0,0,Composed: Copy with GPU GDI,2026-8-20 19:21:11.217023800,5.6319,5.6319,0.0000,0.2536,5.6826,0.3918,5.2908,22.6938,4.4368,-1.8742,16412.8593,NA,NA,NA
python.exe,24084,0x0,Other,-1,0,0,Composed: Copy with GPU GDI,2026-8-20 19:21:11.222655700,6.5481,6.5481,0.0000,0.3079,6.4937,0.3415,6.1522,NA,NA,1.1951,16418.4912,NA,NA,NA
python.exe,24084,0x0,Other,-1,0,0,Composed: Copy with GPU GDI,2026-8-20 19:21:11.229203800,0.5644,0.5644,0.0000,0.2578,3.0677,2.8310,0.2367,14.9506,7.7040,NA,16425.0393,NA,NA,NA
python.exe,24084,0x0,Other,-1,0,0,Composed: Copy with GPU GDI,2026-8-20 19:21:11.229768200,8.5130,8.5130,0.0000,2.7652,6.1312,0.4574,5.6738,22.0902,6.0669,-7.1396,16425.6037,NA,NA,NA
python.exe,24084,0x0,Other,-1,0,0,Composed: Copy with GPU GDI,2026-8-20 19:21:11.238281200,3.4090,3.4090,0.0000,0.3864,3.6403,0.6877,2.9526,19.6441,6.0646,2.4461,16434.1167,NA,NA,NA
python.exe,24084,0x0,Other,-1,0,0,Composed: Copy with GPU GDI,2026-8-20 19:21:11.241690200,8.0893,8.0893,0.0000,11.1177,0.2459,0.2459,0.0000,NA,NA,-2.6556,16437.5257,NA,NA,NA
python.exe,24084,0x0,Other,-1,0,0,Composed: Copy with GPU GDI,2026-8-20 19:21:11.249779500,0.1790,0.1790,0.0000,0.0000,10.4970,3.1327,7.3643,NA,NA,NA,NA,NA,NA,NA
python.exe,24084,0x0,Other,-1,0,0,Composed: Copy with GPU GDI,2026-8-20 19:21:11.249958500,3.8622,3.8622,0.0000,3.0987,1.0147,0.3279,0.6868,14.0314,12.1359,NA,16445.7940,NA,NA,NA
python.exe,24084,0x0,Other,-1,0,0,Composed: Copy with GPU GDI,2026-8-20 19:21:11.253820700,7.3346,7.3346,0.0000,0.2540,7.4463,0.4490,6.9973,22.3051,6.0843,-8.2737,16449.6562,NA,NA,NA
python.exe,24084,0x0,Other,-1,0,0,Composed: Copy with GPU GDI,2026-8-20 19:21:11.261155300,2.3104,2.3104,0.0000,6.7560,0.3117,0.3117,0.0000,NA,NA,1.2503,16456.9908,NA,NA,NA
python.exe,24084,0x0,Other,-1,0,0,Composed: Copy with GPU GDI,2026-8-20 19:21:11.263465700,1.7466,1.7466,0.0000,0.0000,6.3869,4.5256,1.8613,18.7444,6.0477,NA,16459.3012,NA,NA,NA
python.exe,24084,0x0,Other,-1,0,0,Composed: Copy with GPU GDI,2026-8-20 19:21:11.265212300,7.0843,7.0843,0.0000,3.0157,4.4214,0.4319,3.9895,23.0455,6.0594,-4.3011,16461.0478,NA,NA,NA
python.exe,24084,0x0,Other,-1,0,0,Composed: Copy with GPU GDI,2026-8-20 19:21:11.272296600,5.4127,5.4127,0.0000,0.3557,5.2726,0.2977,4.9749,NA,NA,1.0249,16468.1321,NA,NA,NA
python.exe,24084,0x0,Other,-1,0,0,Composed: Copy with GPU GDI,2026-8-20 19:21:11.277709300,1.3386,1.3386,0.0000,0.2186,3.7324,2.6891,1.0433,16.6079,6.0730,NA,16473.5448,NA,NA,NA
python.exe,24084,0x0,Other,-1,0,0,Composed: Copy with GPU GDI,2026-8-20 19:21:11.279047900,4.6543,4.6543,0.0000,2.6165,2.2521,0.3107,1.9414,21.3423,6.0683,-4.7344,16474.8834,NA,NA,NA
python.exe,24084,0x0,Other,-1,0,0,Composed: Copy with GPU GDI,2026-8-20 19:21:11.283702200,5.6791,5.6791,0.0000,0.2181,5.8379,0.4645,5.3734,22.7563,4.3565,-1.4140,16479.5377,NA,NA,NA
python.exe,24084,0x0,Other,-1,0,0,Composed: Copy with GPU GDI,2026-8-20 19:21:11.289381300,6.3569,6.3569,0.0000,0.3796,6.1815,0.2982,5.8833,NA,NA,1.3226,16485.2168,NA,NA,NA
python.exe,24084,0x0,Other,-1,0,0,Composed: Copy with GPU GDI,2026-8-20 19:21:11.295738200,0.7079,0.7079,0.0000,0.2061,3.1521,2.7503,0.4018,15.0768,7.7748,NA,16491.5737,NA,NA,NA
python.exe,24084,0x0,Other,-1,0,0,Composed: Copy with GPU GDI,2026-8-20 19:21:11.296446100,9.4027,9.4027,0.0000,2.6546,7.0785,0.4299,6.6486,22.1437,6.0683,-7.0669,16492.2816,NA,NA,NA
python.exe,24084,0x0,Other,-1,0,0,Composed: Copy with GPU GDI,2026-8-20 19:21:11.305848800,2.1891,2.1891,0.0000,0.3335,2.0949,0.3309,1.7640,18.8093,2.8196,3.3344,16501.6843,NA,NA,NA
python.exe,24084,0x0,Other,-1,0,0,Composed: Copy with GPU GDI,2026-8-20 19:21:11.308037900,4.4334,4.4334,0.0000,0.2425,7.9130,3.8166,4.0964,NA,NA,-0.6305,16503.8734,NA,NA,NA
python.exe,24084,0x0,Other,-1,0,0,Composed: Copy with GPU GDI,2026-8-20 19:21:11.312471300,3.8148,3.8148,0.0000,3.7273,0.3010,0.2997,0.0013,15.0064,9.3212,NA,16508.3068,NA,NA,NA
python.exe,24084,0x0,Other,-1,0,0,Composed: Copy with GPU GDI,2026-8-20 19:21:11.316286100,3.3324,3.3324,0.0000,0.2172,3.7516,0.7228,3.0288,20.5128,6.0603,-5.5064,16512.1216,NA,NA,NA
python.exe,24084,0x0,Other,-1,0,0,Composed: Copy with GPU GDI,2026-8-20 19:21:11.319618500,8.8206,8.8206,0.0000,0.6396,8.4890,0.4343,8.0547,23.2407,1.2946,-2.7279,16515.4540,NA,NA,NA
python.exe,24084,0x0,Other,-1,0,0,Composed: Copy with GPU GDI,2026-8-20 19:21:11.328439100,0.7507,0.7507,0.0000,4.8583,0.2616,0.2616,0.0000,NA,NA,7.5260,16524.2746,NA,NA,NA
python.exe,24084,0x0,Other,-1,0,0,Composed: Copy with GPU GDI,2026-8-20 19:21:11.329189800,3.5467,3.5467,0.0000,0.0000,4.5475,4.1866,0.3609,14.9640,10.8440,NA,16525.0253,NA,NA,NA
python.exe,24084,0x0,Other,-1,0,0,Composed: Copy with GPU GDI,2026-8-20 19:21:11.332736500,6.2992,6.2992,0.0000,0.8259,5.5912,0.2983,5.2929,22.2613,5.8157,-7.2973,16528.5720,NA,NA,NA
python.exe,24084,0x0,Other,-1,0,0,Composed: Copy with GPU GDI,2026-8-20 19:21:11.339035700,5.9243,5.9243,0.0000,0.1208,6.4478,0.7344,5.7134,NA,NA,0.4835,16534.8712,NA,NA,NA
python.exe,24084,0x0,Other,-1,0,0,Composed: Copy with GPU GDI,2026-8-20 19:21:11.344960000,0.5929,0.5929,0.0000,0.6443,3.1735,3.1735,0.0000,15.8535,6.3052,NA,16540.7955,NA,NA,NA
python.exe,24084,0x0,Other,-1,0,0,Composed: Copy with GPU GDI,2026-8-20 19:21:11.345552900,4.8466,4.8466,0.0000,3.2298,1.8190,0.2898,1.5292,21.5658,6.0949,-5.7123,16541.3884,NA,NA,NA
python.exe,24084,0x0,Other,-1,0,0,Composed: Copy with GPU GDI,2026-8-20 19:21:11.350399500,6.0527,6.0527,0.0000,0.2059,6.0920,0.3301,5.7619,22.8141,4.2749,-1.2483,16546.2350,NA,NA,NA
python.exe,24084,0x0,Other,-1,0,0,Composed: Copy with GPU GDI,2026-8-20 19:21:11.356452200,6.7213,6.7213,0.0000,0.2482,6.7212,0.3365,6.3847,NA,NA,1.7778,16552.2877,NA,NA,NA
python.exe,24084,0x0,Other,-1,0,0,Composed: Copy with GPU GDI,2026-8-20 19:21:11.363173500,0.5276,0.5276,0.0000,0.2510,2.9642,2.7860,0.1782,14.3150,7.8350,NA,16559.0090,NA,NA,NA
python.exe,24084,0x0,Other,-1,0,0,Composed: Copy with GPU GDI,2026-8-20 19:21:11.363701100,8.2889,8.2889,0.0000,2.6916,5.9471,0.4343,5.5128,21.6224,6.0724,-7.3074,16559.5366,NA,NA,NA
python.exe,24084,0x0,Other,-1,0,0,Composed: Copy with GPU GDI,2026-8-20 19:21:11.371990000,3.0926,3.0926,0.0000,0.3540,2.9537,0.2991,2.6546,19.4059,2.7526,2.2165,16567.8255,NA,NA,NA
python.exe,24084,0x0,Other,-1,0,0,Composed: Copy with GPU GDI,2026-8-20 19:21:11.375082600,4.7226,4.7226,0.0000,8.3957,0.3055,0.3055,0.0000,NA,NA,0.3400,16570.9181,NA,NA,NA
python.exe,24084,0x0,Other,-1,0,0,Composed: Copy with GPU GDI,2026-8-20 19:21:11.379805200,3.3525,3.3525,0.0000,0.0000,8.1769,3.7836,4.3933,14.3433,9.3774,NA,16575.6407,NA,NA,NA
python.exe,24084,0x0,Other,-1,0,0,Composed: Copy with GPU GDI,2026-8-20 19:21:11.383157700,4.5471,4.5471,0.0000,0.6306,4.2377,0.3996,3.8381,20.3682,6.0729,-6.0249,16578.9932,NA,NA,NA
python.exe,24084,0x0,Other,-1,0,0,Composed: Copy with GPU GDI,2026-8-20 19:21:11.387704800,6.8548,6.8548,0.0000,0.3233,6.9192,0.4777,6.4415,21.8940,1.2140,-1.5258,16583.5403,NA,NA,NA
python.exe,24084,0x0,Other,-1,0,0,Composed: Copy with GPU GDI,2026-8-20 19:21:11.394559600,1.0469,1.0469,0.0000,0.3920,4.2620,3.6939,0.5681,NA,NA,5.6408,16590.3951,NA,NA,NA
python.exe,24084,0x0,Other,-1,0,0,Composed: Copy with GPU GDI,2026-8-20 19:21:11.395606500,3.6860,3.6860,0.0000,3.6071,0.6756,0.6756,0.0000,15.2063,10.9148,NA,16591.4420,NA,NA,NA
python.exe,24084,0x0,Other,-1,0,0,Composed: Copy with GPU GDI,2026-8-20 19:21:11.399292500,6.4407,6.4407,0.0000,0.5996,6.3952,0.6760,5.7192,22.4351,5.7657,-7.2288,16595.1280,NA,NA,NA
python.exe,24084,0x0,Other,-1,0,0,Composed: Copy with GPU GDI,2026-8-20 19:21:11.405733200,4.6279,4.6279,0.0000,0.5566,4.6220,0.6360,3.9860,NA,NA,0.6750,16601.5687,NA,NA,NA
python.exe,24084,0x0,Other,-1,0,0,Composed: Copy with GPU GDI,2026-8-20 19:21:11.410361100,2.5489,2.5489,0.0000,0.5546,4.8434,2.9508,1.8926,17.1322,6.3619,NA,16606.1966,NA,NA,NA
python.exe,24084,0x0,Other,-1,0,0,Composed: Copy with GPU GDI,2026-8-20 19:21:11.412910000,4.4652,4.4652,0.0000,2.8524,1.8294,0.2920,1.5374,20.9452,6.0755,-3.8130,16608.7455,NA,NA,NA
python.exe,24084,0x0,Other,-1,0,0,Composed: Copy with GPU GDI,2026-8-20 19:21:11.417375200,6.0762,6.0762,0.0000,0.2198,6.0602,0.2897,5.7705,22.5555,4.2208,-1.6103,16613.2107,NA,NA,NA
python.exe,24084,0x0,Other,-1,0,0,Composed: Copy with GPU GDI,2026-8-20 19:21:11.423451400,6.0294,6.0294,0.0000,6.5828,3.4597,3.4597,0.0000,NA,NA,1.8554,16619.2869,NA,NA,NA
python.exe,24084,0x0,Other,-1,0,0,Composed: Copy with GPU GDI,2026-8-20 19:21:11.429480800,0.2588,0.2588,0.0000,0.0000,6.3757,0.6673,5.7084,14.6707,7.9041,NA,16625.3163,NA,NA,NA
python.exe,24084,0x0,Other,-1,0,0,Composed: Copy with GPU GDI,2026-8-20 19:21:11.429739600,5.2538,5.2538,0.0000,3.7588,2.0986,0.6874,1.4112,22.3160,6.0752,-7.6453,16625.5751,NA,NA,NA
python.exe,24084,0x0,Other,-1,0,0,Composed: Copy with GPU GDI,2026-8-20 19:21:11.434993400,6.5725,6.5725,0.0000,0.6074,6.2132,0.3310,5.8822,23.1374,2.6886,-0.8214,16630.8289,NA,NA,NA
python.exe,24084,0x0,Other,-1,0,0,Composed: Copy with GPU GDI,2026-8-20 19:21:11.441565900,4.1408,4.1408,0.0000,0.2519,7.9227,4.1224,3.8003,NA,NA,3.8839,16637.4014,NA,NA,NA
python.exe,24084,0x0,Other,-1,0,0,Composed: Copy with GPU GDI,2026-8-20 19:21:11.445706700,4.4375,4.4375,0.0000,4.0382,0.5731,0.3037,0.2694,15.1127,9.4352,NA,16641.5422,NA,NA,NA
python.exe,24084,0x0,Other,-1,0,0,Composed: Copy with GPU GDI,2026-8-20 19:21:11.450144200,2.6048,2.6048,0.0000,0.1782,3.2440,0.9138,2.3302,20.1104,6.0726,-4.9977,16645.9797,NA,NA,NA
python.exe,24084,0x0,Other,-1,0,0,Composed: Copy with GPU GDI,2026-8-20 19:21:11.452749000,8.4090,8.4090,0.0000,0.8207,7.9554,0.4562,7.4992,23.5782,1.1466,-3.4678,16648.5845,NA,NA,NA
python.exe,24084,0x0,Other,-1,0,0,Composed: Copy with GPU GDI,2026-8-20 19:21:11.461158000,1.4050,1.4050,0.0000,5.0306,0.3025,0.3025,0.0000,NA,NA,7.2624,16656.9935,NA,NA,NA
python.exe,24084,0x0,Other,-1,0,0,Composed: Copy with GPU GDI,2026-8-20 19:21:11.462563000,2.5926,2.5926,0.0000,0.0000,4.6606,3.7435,0.9171,14.9108,10.9960,NA,16658.3985,NA,NA,NA
python.exe,24084,0x0,Other,-1,0,0,Composed: Copy with GPU GDI,2026-8-20 19:21:11.465155600,7.5885,7.5885,0.0000,1.3386,6.4842,0.3198,6.1644,23.3142,5.6776,-8.4034,16660.9911,NA,NA,NA
python.exe,24084,0x0,Other,-1,0,0,Composed: Copy with GPU GDI,2026-8-20 19:21:11.472744100,4.6647,4.6647,0.0000,0.2376,4.8516,0.5391,4.3125,NA,NA,1.9109,16668.5796,NA,NA,NA
python.exe,24084,0x0,Other,-1,0,0,Composed: Copy with GPU GDI,2026-8-20 19:21:11.477408800,1.8215,1.8215,0.0000,0.4277,4.1584,2.8601,1.2983,16.7386,6.4526,NA,16673.2443,NA,NA,NA
python.exe,24084,0x0,Other,-1,0,0,Composed: Copy with GPU GDI,2026-8-20 19:21:11.479230300,4.6658,4.6658,0.0000,2.7684,2.1397,0.3288,1.8109,21.3697,6.0569,-4.6311,16675.0658,NA,NA,NA
python.exe,24084,0x0,Other,-1,0,0,Composed: Copy with GPU GDI,2026-8-20 19:21:11.483896100,5.6224,5.6224,0.0000,0.2460,5.6726,0.4412,5.2314,22.7608,4.1551,-1.3911,16679.7316,NA,NA,NA
python.exe,24084,0x0,Other,-1,0,0,Composed: Copy with GPU GDI,2026-8-20 19:21:11.489518500,5.9777,5.9777,0.0000,9.2588,0.2866,0.2866,0.0000,NA,NA,1.4673,16685.3540,NA,NA,NA
python.exe,24084,0x0,Other,-1,0,0,Composed: Copy with GPU GDI,2026-8-20 19:21:11.495496200,0.6324,0.6324,0.0000,0.0000,8.9592,3.3957,5.5635,15.3158,7.9794,NA,16691.3317,NA,NA,NA
python.exe,24084,0x0,Other,-1,0,0,Composed: Copy with GPU GDI,2026-8-20 19:21:11.496128600,5.2835,5.2835,0.0000,2.9392,3.3343,1.1146,2.2197,22.6628,6.0708,-7.3470,16691.9641,NA,NA,NA
python.exe,24084,0x0,Other,-1,0,0,Composed: Copy with GPU GDI,2026-8-20 19:21:11.501412100,7.0271,7.0271,0.0000,0.9935,6.2860,0.3375,5.9485,23.4501,2.6195,-0.7873,16697.2476,NA,NA,NA
python.exe,24084,0x0,Other,-1,0,0,Composed: Copy with GPU GDI,2026-8-20 19:21:11.508439200,3.9051,3.9051,0.0000,0.2558,7.6378,4.0847,3.5531,NA,NA,4.4076,16704.2747,NA,NA,NA
python.exe,24084,0x0,Other,-1,0,0,Composed: Copy with GPU GDI,2026-8-20 19:21:11.512344300,4.6038,4.6038,0.0000,3.9927,0.8637,0.3427,0.5210,15.1374,9.5081,NA,16708.1798,NA,NA,NA
python.exe,24084,0x0,Other,-1,0,0,Composed: Copy with GPU GDI,2026-8-20 19:21:11.516948100,4.5537,4.5537,0.0000,0.2570,4.6216,0.4041,4.2175,20.0417,6.0648,-4.9043,16712.7836,NA,NA,NA
python.exe,24084,0x0,Other,-1,0,0,Composed: Copy with GPU GDI,2026-8-20 19:21:11.521501800,6.6739,6.6739,0.0000,0.3285,6.6576,0.3976,6.2600,21.5528,1.0871,-1.5111,16717.3373,NA,NA,NA
python.exe,24084,0x0,Other,-1,0,0,Composed: Copy with GPU GDI,2026-8-20 19:21:11.528175700,1.0306,1.0306,0.0000,0.3178,4.4121,3.8115,0.6006,NA,NA,5.5868,16724.0112,NA,NA,NA
python.exe,24084,0x0,Other,-1,0,0,Composed: Copy with GPU GDI,2026-8-20 19:21:11.529206300,4.0649,4.0649,0.0000,3.7026,0.8434,0.5956,0.2478,14.9354,11.0479,NA,16725.0418,NA,NA,NA
python.exe,24084,0x0,Other,-1,0,0,Composed: Copy with GPU GDI,2026-8-20 19:21:11.533271200,5.9160,5.9160,0.0000,0.4842,5.6630,0.3361,5.3269,21.9184,5.6280,-6.9830,16729.1067,NA,NA,NA
python.exe,24084,0x0,Other,-1,0,0,Composed: Copy with GPU GDI,2026-8-20 19:21:11.539187200,5.4870,5.4870,0.0000,0.2339,5.5071,0.3268,5.1803,NA,NA,0.2880,16735.0227,NA,NA,NA
python.exe,24084,0x0,Other,-1,0,0,Composed: Copy with GPU GDI,2026-8-20 19:21:11.544674200,0.9632,0.9632,0.0000,0.2571,3.4732,2.8605,0.6127,16.1434,6.5068,NA,16740.5097,NA,NA,NA
python.exe,24084,0x0,Other,-1,0,0,Composed: Copy with GPU GDI,2026-8-20 19:21:11.545637400,4.6661,4.6661,0.0000,2.7703,2.4326,0.6111,1.8215,21.6870,6.0530,-5.5436,16741.4729,NA,NA,NA
python.exe,24084,0x0,Other,-1,0,0,Composed: Copy with GPU GDI,2026-8-20 19:21:11.550303500,6.1020,6.1020,0.0000,0.5409,5.8404,0.3873,5.4531,23.0739,4.0933,-1.3869,16746.1390,NA,NA,NA
python.exe,24084,0x0,Other,-1,0,0,Composed: Copy with GPU GDI,2026-8-20 19:21:11.556405500,5.4452,5.4452,0.0000,6.1326,3.6242,3.6242,0.0000,NA,NA,2.0087,16752.2410,NA,NA,NA
