Application,ProcessID,SwapChainAddress,PresentRuntime,SyncInterval,PresentFlags,AllowsTearing,PresentMode,CPUStartDateTime,FrameTime,CPUBusy,CPUWait,GPULatency,GPUTime,GPUBusy,GPUWait,DisplayLatency,DisplayedTime,AnimationError,AnimationTime,MsFlipDelay,AllInputToPhotonLatency,ClickToPhotonLatency
python.exe,12184,0x0,Other,-1,0,0,Composed: Copy with GPU GDI,2026-8-20 18:39:36.634989600,1.7897,1.7897,0.0000,1.6608,0.9760,0.6892,0.2868,14.9989,6.2344,NA,1667.6770,NA,NA,NA
python.exe,12184,0x0,Other,-1,0,0,Composed: Copy with GPU GDI,2026-8-20 18:39:36.636779300,1.0468,1.0468,0.0000,0.8425,1.6590,1.4598,0.1992,NA,NA,NA,NA,NA,NA,NA
python.exe,12184,0x0,Other,-1,0,0,Composed: Copy with GPU GDI,2026-8-20 18:39:36.637826100,1.6045,1.6045,0.0000,1.4532,1.7476,1.5966,0.1510,NA,NA,NA,NA,NA,NA,NA
python.exe,12184,0x0,Other,-1,0,0,Composed: Copy with GPU GDI,2026-8-20 18:39:36.639430600,1.6986,1.6986,0.0000,1.5950,1.5211,1.4097,0.1114,NA,NA,NA,NA,NA,NA,NA
python.exe,12184,0x0,Other,-1,0,0,Composed: Copy with GPU GDI,2026-8-20 18:39:36.641129200,1.5004,1.5004,0.0000,1.4165,1.0234,0.9074,0.1160,NA,NA,NA,NA,NA,NA,NA
python.exe,12184,0x0,Other,-1,0,0,Composed: Copy with GPU GDI,2026-8-20 18:39:36.642629600,1.0874,1.0874,0.0000,0.9383,1.7582,1.5350,0.2232,NA,NA,NA,NA,NA,NA,NA
python.exe,12184,0x0,Other,-1,0,0,Composed: Copy with GPU GDI,2026-8-20 18:39:36.643717000,2.5361,2.5361,0.0000,1.6058,1.9792,1.0825,0.8967,12.5059,2280.8805,2.4930,1676.4044,NA,NA,NA
python.exe,12184,0x0,Other,-1,0,0,Composed: Copy with GPU GDI,2026-8-20 18:39:36.646253100,2275.0692,2275.0692,0.0000,1.0477,2275.5897,6.2571,2269.3326,2290.8503,58.3140,-2278.3444,1678.9405,NA,NA,NA
python.exe,12184,0x0,Other,-1,0,0,Composed: Copy with GPU GDI,2026-8-20 18:39:38.921322300,62.4635,62.4635,0.0000,1.5731,61.4908,3.7188,57.7720,74.0951,133.3394,2216.7552,3954.0097,NA,NA,NA
python.exe,12184,0x0,Other,-1,0,0,Composed: Copy with GPU GDI,2026-8-20 18:39:38.983785800,128.8006,128.8006,0.0000,0.6032,128.6685,9.8707,118.7978,144.9710,83.3636,-70.8759,4016.4732,NA,4139.3906,NA
python.exe,12184,0x0,Other,-1,0,0,Composed: Copy with GPU GDI,2026-8-20 18:39:39.112586400,83.2981,83.2981,0.0000,0.5189,83.9611,9.7266,74.2345,99.5340,58.6562,45.4370,4145.2738,NA,NA,NA
python.exe,12184,0x0,Other,-1,0,0,Composed: Copy with GPU GDI,2026-8-20 18:39:39.195884500,65.4489,65.4489,0.0000,1.1856,64.4606,11.2113,53.2493,74.8921,141.2863,24.6419,4228.5719,NA,NA,NA
python.exe,12184,0x0,Other,-1,0,0,Composed: Copy with GPU GDI,2026-8-20 18:39:39.261333400,139.1921,139.1921,0.0000,0.2009,139.6580,1.1708,138.4872,150.7295,1005.2859,-75.8374,4294.0208,NA,NA,NA
python.exe,12184,0x0,Other,-1,0,0,Composed: Copy with GPU GDI,2026-8-20 18:39:39.400525500,1010.5510,1010.5510,0.0000,0.6723,1010.1324,6.6239,1003.5085,1016.8233,24.2931,-866.0938,4433.2129,NA,NA,NA
python.exe,12184,0x0,Other,-1,0,0,Composed: Copy with GPU GDI,2026-8-20 18:39:40.411076500,20.8896,20.8896,0.0000,0.2577,20.8456,0.3129,20.5327,30.5654,253.7605,986.2579,5443.7639,NA,NA,NA
python.exe,12184,0x0,Other,-1,0,0,Composed: Copy with GPU GDI,2026-8-20 18:39:40.431966100,257.7781,257.7781,0.0000,0.2159,257.9933,13.7638,244.2295,263.4363,31.5133,-232.8709,5464.6535,NA,NA,NA
python.exe,12184,0x0,Other,-1,0,0,Composed: Copy with GPU GDI,2026-8-20 18:39:40.689744200,28.4439,28.4439,0.0000,0.4346,29.0327,2.4489,26.5838,37.1715,51.7959,226.2648,5722.4316,NA,NA,NA
python.exe,12184,0x0,Other,-1,0,0,Composed: Copy with GPU GDI,2026-8-20 18:39:40.718188100,38.6143,38.6143,0.0000,1.0263,38.3510,10.3099,28.0411,60.5235,39.1642,-23.3520,5750.8755,NA,NA,NA
python.exe,12184,0x0,Other,-1,0,0,Composed: Copy with GPU GDI,2026-8-20 18:39:40.756802400,6.6708,6.6708,0.0000,0.7656,6.1238,0.9967,5.1271,61.0734,69.2755,-0.5499,5789.4898,NA,NA,NA
python.exe,12184,0x0,Other,0,0,1,Hardware: Legacy Flip,2026-8-20 18:39:40.763473200,121.4021,121.4021,0.0000,0.2231,122.2676,1.2936,120.9740,123.6781,15.6531,-62.6047,5796.1606,1.1874,NA,NA
python.exe,12184,0x0,Other,-1,0,0,Composed: Copy with GPU GDI,2026-8-20 18:39:40.884875300,11.2932,11.2932,0.0000,1.0886,10.4548,3.0050,7.4498,17.9291,24.7580,105.7490,5917.5627,NA,NA,NA
python.exe,12184,0x0,Other,0,0,1,Hardware: Legacy Flip,2026-8-20 18:39:40.896168500,30.9885,30.9885,0.0000,0.2539,30.8207,5.9802,24.8405,31.3939,47.1393,-13.4648,5928.8559,NA,NA,NA
python.exe,12184,0x0,Other,0,0,1,Hardware: Legacy Flip,2026-8-20 18:39:40.927157000,45.7469,45.7469,0.0000,0.0861,45.8133,8.8938,36.9195,47.5447,13.0123,-16.1508,5959.8444,NA,NA,NA
python.exe,12184,0x0,Other,-1,0,0,Composed: Copy with GPU GDI,2026-8-20 18:39:40.972903900,4.8217,4.8217,0.0000,0.1525,5.3011,2.7684,2.5327,NA,NA,NA,NA,NA,NA,NA
python.exe,12184,0x0,Other,-1,0,0,Composed: Copy with GPU GDI,2026-8-20 18:39:40.977725600,3.1764,3.1764,0.0000,0.6393,2.8175,0.6262,2.1913,9.9884,5.5926,37.5563,6010.4130,NA,NA,NA
python.exe,12184,0x0,Other,0,0,1,Hardware: Legacy Flip,2026-8-20 18:39:40.980902000,11.8677,11.8677,0.0000,0.2851,11.6947,1.8592,9.8355,12.4046,11.3942,-2.4162,6013.5894,NA,NA,NA
python.exe,12184,0x0,Other,-1,0,0,Composed: Copy with GPU GDI,2026-8-20 18:39:40.992769700,6.7858,6.7858,0.0000,0.1121,6.9809,1.8123,5.1686,NA,NA,NA,NA,NA,NA,NA
python.exe,12184,0x0,Other,0,0,1,Hardware: Legacy Flip,2026-8-20 18:39:40.999555500,3.5831,3.5831,0.0000,0.3103,3.3625,0.8164,2.5461,5.1453,5.2481,7.2593,6032.2429,NA,NA,NA
python.exe,12184,0x0,Other,0,0,1,Hardware: Legacy Flip,2026-8-20 18:39:41.003138600,6.2906,6.2906,0.0000,0.0897,6.2212,2.5549,3.6663,6.8103,20.1558,-1.6650,6035.8260,NA,NA,NA
python.exe,12184,0x0,Other,-1,0,0,Composed: Copy with GPU GDI,2026-8-20 18:39:41.009429200,11.9468,11.9468,0.0000,0.0203,12.5439,3.0153,9.5286,20.6755,12.1983,-13.8652,6042.1166,NA,NA,NA
python.exe,12184,0x0,Other,-1,0,0,Composed: Copy with GPU GDI,2026-8-20 18:39:41.021376000,3.8081,3.8081,0.0000,0.6229,3.3558,0.5142,2.8416,20.9270,6.0832,-0.2515,6054.0634,NA,NA,NA
python.exe,12184,0x0,Other,0,0,1,Hardware: Legacy Flip,2026-8-20 18:39:41.025184100,22.6252,22.6252,0.0000,0.1743,22.5061,5.4307,17.0754,23.2021,10.8543,-2.2751,6057.8715,NA,NA,NA
python.exe,12184,0x0,Other,-1,0,0,Composed: Copy with GPU GDI,2026-8-20 18:39:41.047809300,7.6444,7.6444,0.0000,0.0552,7.9561,1.9899,5.9662,NA,NA,NA,NA,NA,NA,NA
python.exe,12184,0x0,Other,0,0,1,Hardware: Legacy Flip,2026-8-20 18:39:41.055453700,2.4539,2.4539,0.0000,0.3714,2.1116,0.3515,1.7601,3.7868,7.4396,19.4153,6088.1411,NA,NA,NA
python.exe,12184,0x0,Other,-1,0,0,Composed: Copy with GPU GDI,2026-8-20 18:39:41.057907600,1.1868,1.1868,0.0000,0.0291,1.6195,1.6195,0.0000,8.7725,3.5363,-4.9857,6090.5950,NA,NA,NA
python.exe,12184,0x0,Other,-1,0,0,Composed: Copy with GPU GDI,2026-8-20 18:39:41.059094400,6.5632,6.5632,0.0000,0.4637,6.3906,0.5544,5.8362,NA,NA,NA,NA,NA,NA,NA
python.exe,12184,0x0,Other,0,0,1,Hardware: Legacy Flip,2026-8-20 18:39:41.065657600,3.2045,3.2045,0.0000,0.2957,2.9705,1.0044,1.9661,4.5588,14.4661,4.2137,6098.3450,NA,NA,NA
python.exe,12184,0x0,Other,-1,0,0,Composed: Copy with GPU GDI,2026-8-20 18:39:41.068862100,1.9574,1.9574,0.0000,0.0617,2.5577,2.5577,0.0000,15.8204,4.0663,-11.2616,6101.5495,NA,NA,NA
python.exe,12184,0x0,Other,-1,0,0,Composed: Copy with GPU GDI,2026-8-20 18:39:41.070819500,7.2397,7.2397,0.0000,0.6886,7.4065,1.3641,6.0424,NA,NA,NA,NA,NA,NA,NA
python.exe,12184,0x0,Other,-1,0,0,Composed: Copy with GPU GDI,2026-8-20 18:39:41.078059200,2.3500,2.3500,0.0000,0.8985,1.8125,0.6134,1.1991,NA,NA,NA,NA,NA,NA,NA
python.exe,12184,0x0,Other,0,0,1,Hardware: Legacy Flip,2026-8-20 18:39:41.080409200,7.2024,7.2024,0.0000,0.3677,6.8945,1.0319,5.8626,8.3396,13.1497,7.4808,6113.0966,NA,NA,NA
python.exe,12184,0x0,Other,-1,0,0,Composed: Copy with GPU GDI,2026-8-20 18:39:41.087611600,2.7580,2.7580,0.0000,0.0598,2.9331,1.9702,0.9629,NA,NA,NA,NA,NA,NA,NA
python.exe,12184,0x0,Other,-1,0,0,Composed: Copy with GPU GDI,2026-8-20 18:39:41.090369600,1.2164,1.2164,0.0000,0.2384,1.4940,0.9713,0.5227,NA,NA,NA,NA,NA,NA,NA
python.exe,12184,0x0,Other,-1,0,0,Composed: Copy with GPU GDI,2026-8-20 18:39:41.091586000,6.0821,6.0821,0.0000,0.5231,6.4703,1.2134,5.2569,NA,NA,NA,NA,NA,NA,NA
python.exe,12184,0x0,Other,0,0,1,Hardware: Legacy Flip,2026-8-20 18:39:41.097668100,3.1760,3.1760,0.0000,0.9152,2.3528,0.4497,1.9031,4.2304,19.2320,4.1092,6130.3555,NA,NA,NA
python.exe,12184,0x0,Other,-1,0,0,Composed: Copy with GPU GDI,2026-8-20 18:39:41.100844100,3.7793,3.7793,0.0000,0.0920,3.8808,1.7107,2.1701,20.2864,3.0222,-16.0560,6133.5315,NA,NA,NA
python.exe,12184,0x0,Other,-1,0,0,Composed: Copy with GPU GDI,2026-8-20 18:39:41.104623400,5.0695,5.0695,0.0000,0.1973,5.1910,0.6719,4.5191,NA,NA,NA,NA,NA,NA,NA
python.exe,12184,0x0,Other,-1,0,0,Composed: Copy with GPU GDI,2026-8-20 18:39:41.109692900,10.0343,10.0343,0.0000,0.3233,10.0079,0.6747,9.3332,NA,NA,NA,NA,NA,NA,NA
python.exe,12184,0x0,Other,0,0,1,Hardware: Legacy Flip,2026-8-20 18:39:41.119727200,3.0346,3.0346,0.0000,0.3017,2.8210,0.8354,1.9856,4.4255,15.2334,15.8609,6152.4146,NA,NA,NA
python.exe,12184,0x0,Other,-1,0,0,Composed: Copy with GPU GDI,2026-8-20 18:39:41.122761800,1.9553,1.9553,0.0000,0.0881,2.3187,2.2778,0.0409,16.6243,5.4609,-12.1988,6155.4492,NA,NA,NA
python.exe,12184,0x0,Other,-1,0,0,Composed: Copy with GPU GDI,2026-8-20 18:39:41.124717100,11.7673,11.7673,0.0000,0.4545,12.7583,1.8656,10.8927,NA,NA,NA,NA,NA,NA,NA
python.exe,12184,0x0,Other,0,0,1,Hardware: Legacy Flip,2026-8-20 18:39:41.136484400,7.3927,7.3927,0.0000,6.8891,0.5988,0.5988,0.0000,8.3626,12.6484,8.2617,6169.1718,NA,NA,NA
python.exe,12184,0x0,Other,-1,0,0,Composed: Copy with GPU GDI,2026-8-20 18:39:41.143877100,1.9042,1.9042,0.0000,0.0676,2.4741,2.0834,0.3907,NA,NA,NA,NA,NA,NA,NA
python.exe,12184,0x0,Other,-1,0,0,Composed: Copy with GPU GDI,2026-8-20 18:39:41.145781300,1.9955,1.9955,0.0000,0.6435,1.8356,0.8909,0.9447,11.7141,17.4310,-3.3515,6178.4687,NA,NA,NA
python.exe,12184,0x0,Other,0,0,1,Hardware: Legacy Flip,2026-8-20 18:39:41.147776800,26.7037,26.7037,0.0000,0.4876,26.3321,6.2699,20.0622,27.1496,9.5278,-15.4355,6180.4642,NA,NA,NA
python.exe,12184,0x0,Other,-1,0,0,Composed: Copy with GPU GDI,2026-8-20 18:39:41.174480500,4.2990,4.2990,0.0000,0.1160,4.5468,1.9585,2.5883,NA,NA,NA,NA,NA,NA,NA
python.exe,12184,0x0,Other,0,0,1,Hardware: Legacy Flip,2026-8-20 18:39:41.178779500,3.8625,3.8625,0.0000,3.3309,1.2398,1.2398,0.0000,5.6747,9.0445,21.4749,6211.4669,NA,NA,NA
python.exe,12184,0x0,Other,-1,0,0,Composed: Copy with GPU GDI,2026-8-20 18:39:41.182642000,6.0414,6.0414,0.0000,0.0747,6.4636,3.0948,3.3688,NA,NA,NA,NA,NA,NA,NA
python.exe,12184,0x0,Other,0,0,1,Hardware: Legacy Flip,2026-8-20 18:39:41.188683400,4.0492,4.0492,0.0000,0.5024,3.5679,1.6781,1.8898,4.8153,11.0287,0.8594,6221.3708,NA,NA,NA
python.exe,12184,0x0,Other,-1,0,0,Composed: Copy with GPU GDI,2026-8-20 18:39:41.192732600,4.4879,4.4879,0.0000,0.0211,4.7630,1.7462,3.0168,NA,NA,NA,NA,NA,NA,NA
python.exe,12184,0x0,Other,-1,0,0,Composed: Copy with GPU GDI,2026-8-20 18:39:41.197220500,2.0066,2.0066,0.0000,0.3244,2.6913,1.3869,1.3044,NA,NA,NA,NA,NA,NA,NA
python.exe,12184,0x0,Other,0,0,1,Hardware: Legacy Flip,2026-8-20 18:39:41.199227100,4.2908,4.2908,0.0000,1.0157,3.3935,0.6702,2.7233,5.3003,17.4644,-0.4850,6231.9145,NA,NA,NA
python.exe,12184,0x0,Other,-1,0,0,Composed: Copy with GPU GDI,2026-8-20 18:39:41.203517900,5.4949,5.4949,0.0000,0.1184,5.7364,2.1571,3.5793,NA,NA,NA,NA,NA,NA,NA
python.exe,12184,0x0,Other,-1,0,0,Composed: Copy with GPU GDI,2026-8-20 18:39:41.209012800,3.5372,3.5372,0.0000,0.3667,3.9930,1.3370,2.6560,NA,NA,NA,NA,NA,NA,NA
python.exe,12184,0x0,Other,-1,0,0,Composed: Copy with GPU GDI,2026-8-20 18:39:41.212550000,1.2970,1.2970,0.0000,0.8278,0.9761,0.8186,0.1575,NA,NA,NA,NA,NA,NA,NA
python.exe,12184,0x0,Other,0,0,1,Hardware: Legacy Flip,2026-8-20 18:39:41.213847000,6.5386,6.5386,0.0000,0.5109,6.0919,0.8910,5.2009,8.1448,13.6968,-2.8445,6246.5344,NA,NA,NA
python.exe,12184,0x0,Other,-1,0,0,Composed: Copy with GPU GDI,2026-8-20 18:39:41.220385600,1.9986,1.9986,0.0000,0.0642,2.3208,2.3208,0.0000,NA,NA,NA,NA,NA,NA,NA
python.exe,12184,0x0,Other,-1,0,0,Composed: Copy with GPU GDI,2026-8-20 18:39:41.222384200,2.8302,2.8302,0.0000,0.3892,2.7267,0.5524,2.1743,NA,NA,NA,NA,NA,NA,NA
python.exe,12184,0x0,Other,-1,0,0,Composed: Copy with GPU GDI,2026-8-20 18:39:41.225214400,6.5668,6.5668,0.0000,0.2879,6.7760,1.0375,5.7385,NA,NA,NA,NA,NA,NA,NA
python.exe,12184,0x0,Other,0,0,1,Hardware: Legacy Flip,2026-8-20 18:39:41.231781200,2.6147,2.6147,0.0000,2.4133,0.5330,0.5330,0.0000,3.9074,19.0231,4.2374,6264.4686,NA,NA,NA
python.exe,12184,0x0,Other,-1,0,0,Composed: Copy with GPU GDI,2026-8-20 18:39:41.234395900,2.9894,2.9894,0.0000,0.0492,3.1412,2.2213,0.9199,20.3158,1.8414,-16.4084,6267.0833,NA,NA,NA
python.exe,12184,0x0,Other,-1,0,0,Composed: Copy with GPU GDI,2026-8-20 18:39:41.237385300,6.1280,6.1280,0.0000,0.2051,6.3777,0.9172,5.4605,NA,NA,NA,NA,NA,NA,NA
python.exe,12184,0x0,Other,-1,0,0,Composed: Copy with GPU GDI,2026-8-20 18:39:41.243513300,5.9845,5.9845,0.0000,0.4598,6.2884,1.1330,5.1554,NA,NA,NA,NA,NA,NA,NA
python.exe,12184,0x0,Other,0,0,1,Hardware: Legacy Flip,2026-8-20 18:39:41.249497800,5.9831,5.9831,0.0000,0.7675,5.3812,1.4859,3.8953,7.0553,22.4933,13.2605,6282.1852,NA,NA,NA
python.exe,12184,0x0,Other,-1,0,0,Composed: Copy with GPU GDI,2026-8-20 18:39:41.255480900,15.4618,15.4618,0.0000,0.1656,15.5912,3.9893,11.6019,23.5655,11.9502,-16.5102,6288.1683,NA,NA,NA
python.exe,12184,0x0,Other,-1,0,0,Composed: Copy with GPU GDI,2026-8-20 18:39:41.270942700,5.9851,5.9851,0.0000,0.2979,5.9801,0.6579,5.3222,20.0539,11.7744,3.5116,6303.6301,NA,NA,NA
python.exe,12184,0x0,Other,0,0,1,Hardware: Legacy Flip,2026-8-20 18:39:41.276927800,25.2239,25.2239,0.0000,0.2995,25.0412,4.4532,20.5880,25.8432,18.5728,-5.7893,6309.6152,NA,NA,NA
python.exe,12184,0x0,Other,-1,0,0,Composed: Copy with GPU GDI,2026-8-20 18:39:41.302151700,7.9596,7.9596,0.0000,0.1168,8.4559,1.7861,6.6698,19.1921,34.5796,6.6511,6334.8391,NA,NA,NA
python.exe,12184,0x0,Other,0,0,1,Hardware: Legacy Flip,2026-8-20 18:39:41.310111300,44.9739,44.9739,0.0000,0.6179,44.4558,9.8948,34.5610,45.8121,13.9658,-26.6200,6342.7987,NA,NA,NA
python.exe,12184,0x0,Other,-1,0,0,Composed: Copy with GPU GDI,2026-8-20 18:39:41.355085200,4.9191,4.9191,0.0000,0.0998,5.1278,1.6348,3.4930,14.8040,25.5762,31.0081,6387.7726,NA,NA,NA
python.exe,12184,0x0,Other,0,0,1,Hardware: Legacy Flip,2026-8-20 18:39:41.360004300,34.2663,34.2663,0.0000,0.3148,34.0634,11.1398,22.9236,35.4611,28.9639,-20.6571,6392.6917,NA,NA,NA
python.exe,12184,0x0,Other,-1,0,0,Composed: Copy with GPU GDI,2026-8-20 18:39:41.394270600,18.5845,18.5845,0.0000,0.1119,18.8418,4.1574,14.6844,30.1587,17.9397,5.3024,6426.9580,NA,NA,NA
python.exe,12184,0x0,Other,0,0,1,Hardware: Legacy Flip,2026-8-20 18:39:41.412855100,28.9684,28.9684,0.0000,0.3727,28.7087,5.2996,23.4091,29.5139,12.4199,0.6448,6445.5425,NA,NA,NA
python.exe,12184,0x0,Other,-1,0,0,Composed: Copy with GPU GDI,2026-8-20 18:39:41.441823500,3.2314,3.2314,0.0000,0.1130,3.3575,1.3289,2.0286,12.9654,22.2987,16.5485,6474.5109,NA,NA,NA
python.exe,12184,0x0,Other,0,0,1,Hardware: Legacy Flip,2026-8-20 18:39:41.445054900,31.2926,31.2926,0.0000,0.2416,31.1291,9.7730,21.3561,32.0327,14.1352,-19.0673,6477.7423,NA,NA,NA
python.exe,12184,0x0,Other,-1,0,0,Composed: Copy with GPU GDI,2026-8-20 18:39:41.476347500,3.1814,3.1814,0.0000,0.0781,3.5547,2.0368,1.5179,14.8753,17.2385,17.1574,6509.0349,NA,NA,NA
python.exe,12184,0x0,Other,0,0,1,Hardware: Legacy Flip,2026-8-20 18:39:41.479528900,28.4367,28.4367,0.0000,0.4546,28.0755,9.4564,18.6191,28.9324,9.9336,-14.0571,6512.2163,NA,NA,NA
python.exe,12184,0x0,Other,-1,0,0,Composed: Copy with GPU GDI,2026-8-20 18:39:41.507965600,3.9906,3.9906,0.0000,0.0934,4.1070,1.2370,2.8700,NA,NA,NA,NA,NA,NA,NA
python.exe,12184,0x0,Other,0,0,1,Hardware: Legacy Flip,2026-8-20 18:39:41.511956200,6.1476,6.1476,0.0000,2.1523,4.0903,2.2690,1.8213,6.4387,21.3312,22.4937,6544.6436,NA,NA,NA
python.exe,12184,0x0,Other,-1,0,0,Composed: Copy with GPU GDI,2026-8-20 18:39:41.518103800,8.5875,8.5875,0.0000,0.0950,9.7584,2.1957,7.5627,21.6223,40.0270,-15.1836,6550.7912,NA,NA,NA
python.exe,12184,0x0,Other,0,0,1,Hardware: Legacy Flip,2026-8-20 18:39:41.526691300,52.0217,52.0217,0.0000,1.2694,50.8283,13.3185,37.5098,53.0618,14.5095,-31.4395,6559.3787,NA,NA,NA
python.exe,12184,0x0,Other,-1,0,0,Composed: Copy with GPU GDI,2026-8-20 18:39:41.578713000,7.1534,7.1534,0.0000,0.0760,7.4069,1.7604,5.6465,15.5496,29.6174,37.5122,6611.4004,NA,NA,NA
python.exe,12184,0x0,Other,0,0,1,Hardware: Legacy Flip,2026-8-20 18:39:41.585866400,37.1927,37.1927,0.0000,0.3324,37.0096,9.9788,27.0308,38.0136,11.2913,-22.4640,6618.5538,NA,NA,NA
python.exe,12184,0x0,Other,-1,0,0,Composed: Copy with GPU GDI,2026-8-20 18:39:41.623059100,4.2561,4.2561,0.0000,0.1493,4.4652,1.6485,2.8167,NA,NA,NA,NA,NA,NA,NA
python.exe,12184,0x0,Other,0,0,1,Hardware: Legacy Flip,2026-8-20 18:39:41.627315200,7.3146,7.3146,0.0000,0.3605,7.0038,1.5557,5.4481,7.8561,33.3278,30.1575,6660.0026,NA,NA,NA
python.exe,12184,0x0,Other,0,0,1,Hardware: Legacy Flip,2026-8-20 18:39:41.634629800,33.4344,33.4344,0.0000,0.0497,33.4444,9.0433,24.4011,33.8693,16.7741,-26.0132,6667.3172,NA,NA,NA
python.exe,12184,0x0,Other,-1,0,0,Composed: Copy with GPU GDI,2026-8-20 18:39:41.668064200,9.7887,9.7887,0.0000,0.0597,10.4506,2.3460,8.1046,17.2090,12.1328,16.6603,6700.7516,NA,NA,NA
python.exe,12184,0x0,Other,-1,0,0,Composed: Copy with GPU GDI,2026-8-20 18:39:41.677852900,7.9903,7.9903,0.0000,0.7727,7.3535,0.6030,6.7505,19.5531,40.6073,-2.3441,6710.5403,NA,NA,NA
python.exe,12184,0x0,Other,0,0,1,Hardware: Legacy Flip,2026-8-20 18:39:41.685843200,51.2473,51.2473,0.0000,0.1409,51.1971,14.2014,36.9957,52.1701,14.0271,-32.6170,6718.5306,NA,NA,NA
python.exe,12184,0x0,Other,-1,0,0,Composed: Copy with GPU GDI,2026-8-20 18:39:41.737090500,6.3063,6.3063,0.0000,0.0907,6.8630,2.1149,4.7481,14.9499,23.6828,37.2202,6769.7779,NA,NA,NA
python.exe,12184,0x0,Other,0,0,1,Hardware: Legacy Flip,2026-8-20 18:39:41.743396800,31.2290,31.2290,0.0000,0.6508,30.7059,8.7392,21.9667,32.3264,6.7017,-17.3765,6776.0842,NA,NA,NA
python.exe,12184,0x0,Other,-1,0,0,Composed: Copy with GPU GDI,2026-8-20 18:39:41.774625800,4.2876,4.2876,0.0000,0.1277,4.3255,1.9195,2.4060,7.7991,27.6438,24.5273,6807.3132,NA,NA,NA
python.exe,12184,0x0,Other,0,0,1,Hardware: Legacy Flip,2026-8-20 18:39:41.778913400,30.2563,30.2563,0.0000,0.1691,30.1864,10.0325,20.1539,31.1553,14.7354,-23.3562,6811.6008,NA,NA,NA
python.exe,12184,0x0,Other,-1,0,0,Composed: Copy with GPU GDI,2026-8-20 18:39:41.809169700,7.5248,7.5248,0.0000,0.0992,7.6072,2.5959,5.0113,15.6344,98.2411,15.5209,6841.8571,NA,NA,NA
python.exe,12184,0x0,Other,0,0,1,Hardware: Legacy Flip,2026-8-20 18:39:41.816694500,105.4142,105.4142,0.0000,0.1846,105.3158,13.0309,92.2849,106.3507,23.1066,-90.7163,6849.3819,NA,NA,NA
python.exe,12184,0x0,Other,-1,0,0,Composed: Copy with GPU GDI,2026-8-20 18:39:41.922108700,13.1995,13.1995,0.0000,0.0862,13.5337,3.4389,10.0948,24.0431,35.6762,82.3076,6954.7961,NA,NA,NA
python.exe,12184,0x0,Other,0,0,1,Hardware: Legacy Flip,2026-8-20 18:39:41.935308200,45.9022,45.9022,0.0000,0.4253,45.5841,12.2153,33.3688,46.5198,12.9539,-22.4767,6967.9956,NA,NA,NA
python.exe,12184,0x0,Other,-1,0,0,Composed: Copy with GPU GDI,2026-8-20 18:39:41.981210400,6.8435,6.8435,0.0000,0.1072,7.0010,1.5745,5.4265,13.5715,28.0226,32.9483,7013.8978,NA,NA,NA
python.exe,12184,0x0,Other,0,0,1,Hardware: Legacy Flip,2026-8-20 18:39:41.988053900,33.7022,33.7022,0.0000,0.2696,33.6252,9.7857,23.8395,34.7506,8.3562,-21.1791,7020.7413,NA,NA,NA
python.exe,12184,0x0,Other,-1,0,0,Composed: Copy with GPU GDI,2026-8-20 18:39:42.021756100,4.6460,4.6460,0.0000,0.1926,5.0554,1.8397,3.2157,9.4046,29.2053,25.3460,7054.4435,NA,NA,NA
python.exe,12184,0x0,Other,0,0,1,Hardware: Legacy Flip,2026-8-20 18:39:42.026402100,33.1045,33.1045,0.0000,0.6071,32.6107,8.4984,24.1123,33.9639,19.2511,-24.5593,7059.0895,NA,NA,NA
python.exe,12184,0x0,Other,-1,0,0,Composed: Copy with GPU GDI,2026-8-20 18:39:42.059506600,11.8960,11.8960,0.0000,0.1133,13.0221,2.7239,10.2982,20.1105,20.3637,13.8534,7092.1940,NA,NA,NA
python.exe,12184,0x0,Other,0,0,1,Hardware: Legacy Flip,2026-8-20 18:39:42.071402600,27.9931,27.9931,0.0000,1.2429,26.8309,5.9768,20.8541,28.5782,33.6981,-8.4677,7104.0900,NA,NA,NA
python.exe,12184,0x0,Other,0,0,1,Hardware: Legacy Flip,2026-8-20 18:39:42.099395700,33.1081,33.1081,0.0000,0.0807,33.1032,9.2158,23.8874,34.2832,6.6652,-5.7050,7132.0831,NA,NA,NA
python.exe,12184,0x0,Other,-1,0,0,Composed: Copy with GPU GDI,2026-8-20 18:39:42.132503800,2.8161,2.8161,0.0000,0.0758,3.4089,2.5792,0.8297,7.8403,12.1021,26.4429,7165.1912,NA,NA,NA
python.exe,12184,0x0,Other,-1,0,0,Composed: Copy with GPU GDI,2026-8-20 18:39:42.135319900,2.5427,2.5427,0.0000,0.6727,2.3363,0.7053,1.6310,17.1263,23.2214,-9.2860,7168.0073,NA,NA,NA
python.exe,12184,0x0,Other,0,0,1,Hardware: Legacy Flip,2026-8-20 18:39:42.137862600,36.6262,36.6262,0.0000,0.4695,36.2695,10.5734,25.6961,37.8050,21.9492,-20.6787,7170.5500,NA,NA,NA
python.exe,12184,0x0,Other,-1,0,0,Composed: Copy with GPU GDI,2026-8-20 18:39:42.174488800,13.7414,13.7414,0.0000,0.1128,14.6715,3.0590,11.6125,NA,NA,NA,NA,NA,NA,NA
python.exe,12184,0x0,Other,0,0,1,Hardware: Legacy Flip,2026-8-20 18:39:42.188230200,8.9530,8.9530,0.0000,1.0486,7.9816,1.4646,6.5170,9.3866,15.4626,28.4184,7220.9176,NA,NA,NA
python.exe,12184,0x0,Other,-1,0,0,Composed: Copy with GPU GDI,2026-8-20 18:39:42.197183200,6.2706,6.2706,0.0000,0.0772,6.9132,1.9233,4.9899,15.8962,36.6913,-6.5096,7229.8706,NA,NA,NA
python.exe,12184,0x0,Other,0,0,1,Hardware: Legacy Flip,2026-8-20 18:39:42.203453800,45.2473,45.2473,0.0000,0.7302,44.6058,13.8325,30.7733,46.3169,11.8776,-30.4207,7236.1412,NA,NA,NA
python.exe,12184,0x0,Other,-1,0,0,Composed: Copy with GPU GDI,2026-8-20 18:39:42.248701100,6.9797,6.9797,0.0000,0.0887,7.4251,2.4189,5.0062,12.9472,1.0048,33.3697,7281.3885,NA,NA,NA
python.exe,12184,0x0,Other,0,0,1,Hardware: Legacy Flip,2026-8-20 18:39:42.255680800,6.3005,6.3005,0.0000,0.5391,5.7839,1.5425,4.2414,6.9723,11.1030,5.9749,7288.3682,NA,NA,NA
python.exe,12184,0x0,Other,-1,0,0,Composed: Copy with GPU GDI,2026-8-20 18:39:42.261981300,3.8721,3.8721,0.0000,0.0225,4.1952,1.6495,2.5457,11.7748,8.7492,-4.8025,7294.6687,NA,NA,NA
python.exe,12184,0x0,Other,0,0,1,Hardware: Legacy Flip,2026-8-20 18:39:42.265853400,15.9184,15.9184,0.0000,0.4218,15.6737,2.6730,13.0007,16.6519,10.6520,-4.8771,7298.5408,NA,NA,NA
python.exe,12184,0x0,Other,0,0,1,Hardware: Legacy Flip,2026-8-20 18:39:42.281771800,10.8779,10.8779,0.0000,0.1771,10.7257,1.5819,9.1438,11.3855,10.9147,5.2664,7314.4592,NA,NA,NA
python.exe,12184,0x0,Other,-1,0,0,Composed: Copy with GPU GDI,2026-8-20 18:39:42.292649700,3.5961,3.5961,0.0000,0.0249,4.2792,2.0044,2.2748,11.4223,11.2226,-0.0368,7325.3371,NA,NA,NA
python.exe,12184,0x0,Other,-1,0,0,Composed: Copy with GPU GDI,2026-8-20 18:39:42.296245800,3.4208,3.4208,0.0000,0.7109,3.5898,1.3985,2.1913,NA,NA,NA,NA,NA,NA,NA
python.exe,12184,0x0,Other,0,0,1,Hardware: Legacy Flip,2026-8-20 18:39:42.299666600,14.4996,14.4996,0.0000,0.8838,13.7490,1.7658,11.9832,15.6280,11.8248,-4.2057,7332.3540,NA,NA,NA
python.exe,12184,0x0,Other,0,0,1,Hardware: Legacy Flip,2026-8-20 18:39:42.314166200,12.6218,12.6218,0.0000,0.1332,12.5254,2.1287,10.3967,12.9532,19.4242,2.6748,7346.8536,NA,NA,NA
python.exe,12184,0x0,Other,-1,0,0,Composed: Copy with GPU GDI,2026-8-20 18:39:42.326788000,10.3102,10.3102,0.0000,0.0368,11.0332,2.2311,8.8021,19.7556,12.1764,-6.8024,7359.4754,NA,NA,NA
python.exe,12184,0x0,Other,-1,0,0,Composed: Copy with GPU GDI,2026-8-20 18:39:42.337098200,6.1127,6.1127,0.0000,0.7657,6.0443,1.0007,5.0436,21.6218,30.3699,-1.8662,7369.7856,NA,NA,NA
python.exe,12184,0x0,Other,0,0,1,Hardware: Legacy Flip,2026-8-20 18:39:42.343210900,44.8036,44.8036,0.0000,0.7045,44.1580,13.9290,30.2290,45.8790,6.0021,-24.2572,7375.8983,NA,NA,NA
python.exe,12184,0x0,Other,-1,0,0,Composed: Copy with GPU GDI,2026-8-20 18:39:42.388014500,5.1987,5.1987,0.0000,0.0589,5.4461,1.8577,3.5884,7.0775,9.1826,38.8015,7420.7019,NA,NA,NA
python.exe,12184,0x0,Other,0,0,1,Hardware: Legacy Flip,2026-8-20 18:39:42.393213200,10.4737,10.4737,0.0000,0.3083,10.2752,1.7286,8.5466,11.0614,15.1161,-3.9839,7425.9006,NA,NA,NA
python.exe,12184,0x0,Other,-1,0,0,Composed: Copy with GPU GDI,2026-8-20 18:39:42.403686900,6.7042,6.7042,0.0000,0.1098,6.8413,1.2571,5.5842,15.7038,22.0142,-4.6424,7436.3743,NA,NA,NA
python.exe,12184,0x0,Other,0,0,1,Hardware: Legacy Flip,2026-8-20 18:39:42.410391100,30.2604,30.2604,0.0000,0.2505,30.0896,10.1313,19.9583,31.0138,18.1160,-15.3100,7443.0785,NA,NA,NA
python.exe,12184,0x0,Other,-1,0,0,Composed: Copy with GPU GDI,2026-8-20 18:39:42.440651500,10.1977,10.1977,0.0000,0.0797,10.6705,3.5170,7.1535,NA,NA,NA,NA,NA,NA,NA
python.exe,12184,0x0,Other,0,0,1,Hardware: Legacy Flip,2026-8-20 18:39:42.450849200,7.8994,7.8994,0.0000,0.5554,7.4111,1.6938,5.7173,8.6717,49.6125,22.3421,7483.5366,NA,NA,NA
python.exe,12184,0x0,Other,0,0,1,Hardware: Legacy Flip,2026-8-20 18:39:42.458748600,48.8565,48.8565,0.0000,0.0671,48.8516,11.5819,37.2697,50.3848,13.4265,-41.7131,7491.4360,NA,NA,NA
python.exe,12184,0x0,Other,-1,0,0,Composed: Copy with GPU GDI,2026-8-20 18:39:42.507605100,3.8694,3.8694,0.0000,0.0622,4.1709,2.6876,1.4833,NA,NA,NA,NA,NA,NA,NA
python.exe,12184,0x0,Other,-1,0,0,Composed: Copy with GPU GDI,2026-8-20 18:39:42.511474500,2.3789,2.3789,0.0000,0.3866,2.5825,0.8974,1.6851,11.0854,0.8466,39.2994,7544.1619,NA,NA,NA
python.exe,12184,0x0,Other,0,0,1,Hardware: Legacy Flip,2026-8-20 18:39:42.513853400,9.2826,9.2826,0.0000,0.5977,8.7690,1.2951,7.4739,9.5531,12.2042,1.5323,7546.5408,NA,NA,NA
python.exe,12184,0x0,Other,-1,0,0,Composed: Copy with GPU GDI,2026-8-20 18:39:42.523136000,8.1729,8.1729,0.0000,0.0841,8.3976,1.4109,6.9867,NA,NA,NA,NA,NA,NA,NA
python.exe,12184,0x0,Other,0,0,1,Hardware: Legacy Flip,2026-8-20 18:39:42.531308900,3.2100,3.2100,0.0000,2.7414,0.9015,0.9015,0.0000,4.3018,8.6033,5.2513,7563.9963,NA,NA,NA
python.exe,12184,0x0,Other,-1,0,0,Composed: Copy with GPU GDI,2026-8-20 18:39:42.534518900,3.2768,3.2768,0.0000,0.2217,3.1645,1.6379,1.5266,NA,NA,NA,NA,NA,NA,NA
python.exe,12184,0x0,Other,0,0,1,Hardware: Legacy Flip,2026-8-20 18:39:42.537795700,5.1031,5.1031,0.0000,0.1117,5.0234,0.5924,4.4310,6.4183,10.6371,-2.1165,7570.4831,NA,NA,NA
python.exe,12184,0x0,Other,-1,0,0,Composed: Copy with GPU GDI,2026-8-20 18:39:42.542898800,3.2387,3.2387,0.0000,0.0320,3.6671,2.4641,1.2030,NA,NA,NA,NA,NA,NA,NA
python.exe,12184,0x0,Other,-1,0,0,Composed: Copy with GPU GDI,2026-8-20 18:39:42.546137500,1.3670,1.3670,0.0000,0.4634,1.1187,0.5293,0.5894,NA,NA,NA,NA,NA,NA,NA
python.exe,12184,0x0,Other,0,0,1,Hardware: Legacy Flip,2026-8-20 18:39:42.547504500,5.5202,5.5202,0.0000,0.2214,5.4019,0.9690,4.4329,7.3466,15.6101,-0.9283,7580.1919,NA,NA,NA
python.exe,12184,0x0,Other,-1,0,0,Composed: Copy with GPU GDI,2026-8-20 18:39:42.553024700,3.7006,3.7006,0.0000,0.1031,3.7859,2.9151,0.8708,NA,NA,NA,NA,NA,NA,NA
python.exe,12184,0x0,Other,-1,0,0,Composed: Copy with GPU GDI,2026-8-20 18:39:42.556725300,1.1362,1.1362,0.0000,0.1911,1.0526,0.5129,0.5397,NA,NA,NA,NA,NA,NA,NA
python.exe,12184,0x0,Other,-1,0,0,Composed: Copy with GPU GDI,2026-8-20 18:39:42.557861500,8.3961,8.3961,0.0000,0.1119,8.7516,0.8532,7.8984,NA,NA,NA,NA,NA,NA,NA
python.exe,12184,0x0,Other,0,0,1,Hardware: Legacy Flip,2026-8-20 18:39:42.566257600,3.1182,3.1182,0.0000,0.4705,2.7434,0.6180,2.1254,4.2036,18.7450,3.1430,7598.9450,NA,NA,NA
python.exe,12184,0x0,Other,-1,0,0,Composed: Copy with GPU GDI,2026-8-20 18:39:42.569375800,10.1012,10.1012,0.0000,0.0957,10.4932,4.3091,6.1841,19.8304,0.7849,-15.6268,7602.0632,NA,NA,NA
python.exe,12184,0x0,Other,-1,0,0,Composed: Copy with GPU GDI,2026-8-20 18:39:42.579477000,3.1302,3.1302,0.0000,0.5250,3.0133,0.7331,2.2802,NA,NA,NA,NA,NA,NA,NA
python.exe,12184,0x0,Other,0,0,1,Hardware: Legacy Flip,2026-8-20 18:39:42.582607200,6.1823,6.1823,0.0000,0.4112,5.8435,0.9093,4.9342,7.3839,11.3802,12.4465,7615.2946,NA,NA,NA
python.exe,12184,0x0,Other,-1,0,0,Composed: Copy with GPU GDI,2026-8-20 18:39:42.588789500,2.0591,2.0591,0.0000,0.0724,2.6061,2.4172,0.1889,12.5818,6.0251,-5.1979,7621.4769,NA,NA,NA
python.exe,12184,0x0,Other,-1,0,0,Composed: Copy with GPU GDI,2026-8-20 18:39:42.590848600,7.3132,7.3132,0.0000,0.6239,6.8382,0.5356,6.3026,16.5478,11.3873,-3.9660,7623.5360,NA,NA,NA
python.exe,12184,0x0,Other,0,0,1,Hardware: Legacy Flip,2026-8-20 18:39:42.598161800,20.3934,20.3934,0.0000,0.1517,20.3062,6.0760,14.2302,20.6219,7.0727,-4.0741,7630.8492,NA,NA,NA
python.exe,12184,0x0,Other,-1,0,0,Composed: Copy with GPU GDI,2026-8-20 18:39:42.618555200,3.9802,3.9802,0.0000,0.0645,4.1173,1.1853,2.9320,NA,NA,NA,NA,NA,NA,NA
python.exe,12184,0x0,Other,0,0,1,Hardware: Legacy Flip,2026-8-20 18:39:42.622535400,1.9973,1.9973,0.0000,0.2040,1.8222,0.8138,1.0084,3.3210,9.4287,17.3009,7655.2228,NA,NA,NA
python.exe,12184,0x0,Other,-1,0,0,Composed: Copy with GPU GDI,2026-8-20 18:39:42.624532700,1.2055,1.2055,0.0000,0.0289,1.8601,1.8601,0.0000,NA,NA,NA,NA,NA,NA,NA
python.exe,12184,0x0,Other,-1,0,0,Composed: Copy with GPU GDI,2026-8-20 18:39:42.625738200,6.4375,6.4375,0.0000,0.6867,6.1156,0.8991,5.2165,NA,NA,NA,NA,NA,NA,NA
python.exe,12184,0x0,Other,0,0,1,Hardware: Legacy Flip,2026-8-20 18:39:42.632175700,1.7134,1.7134,0.0000,0.3821,1.3821,0.7675,0.6146,3.1094,20.7717,0.2116,7664.8631,NA,NA,NA
python.exe,12184,0x0,Other,-1,0,0,Composed: Copy with GPU GDI,2026-8-20 18:39:42.633889100,3.8330,3.8330,0.0000,0.0508,4.3878,2.9024,1.4854,NA,NA,NA,NA,NA,NA,NA
python.exe,12184,0x0,Other,-1,0,0,Composed: Copy with GPU GDI,2026-8-20 18:39:42.637722100,5.2666,5.2666,0.0000,0.6119,4.9787,0.6430,4.3357,18.3347,2.3207,-15.2253,7670.4095,NA,NA,NA
python.exe,12184,0x0,Other,-1,0,0,Composed: Copy with GPU GDI,2026-8-20 18:39:42.642988700,10.7886,10.7886,0.0000,0.3305,11.0306,0.9250,10.1056,NA,NA,NA,NA,NA,NA,NA
python.exe,12184,0x0,Other,0,0,1,Hardware: Legacy Flip,2026-8-20 18:39:42.653777300,2.7559,2.7559,0.0000,0.5767,2.3238,0.8846,1.4392,4.6002,12.3964,13.7345,7686.4647,NA,NA,NA
python.exe,12184,0x0,Other,-1,0,0,Composed: Copy with GPU GDI,2026-8-20 18:39:42.656533200,1.7999,1.7999,0.0000,0.1446,2.2823,2.2823,0.0000,NA,NA,NA,NA,NA,NA,NA
python.exe,12184,0x0,Other,-1,0,0,Composed: Copy with GPU GDI,2026-8-20 18:39:42.658333100,7.8399,7.8399,0.0000,0.6319,7.5903,0.7650,6.8253,NA,NA,NA,NA,NA,NA,NA
python.exe,12184,0x0,Other,0,0,1,Hardware: Legacy Flip,2026-8-20 18:39:42.666173000,3.2018,3.2018,0.0000,0.3859,2.9639,0.6858,2.2781,4.6009,15.4890,-0.0007,7698.8604,NA,NA,NA
python.exe,12184,0x0,Other,-1,0,0,Composed: Copy with GPU GDI,2026-8-20 18:39:42.669374800,1.3827,1.3827,0.0000,0.1480,1.5951,1.5951,0.0000,16.8881,2.3858,-12.2872,7702.0622,NA,NA,NA
python.exe,12184,0x0,Other,-1,0,0,Composed: Copy with GPU GDI,2026-8-20 18:39:42.670757500,6.1447,6.1447,0.0000,0.3792,6.1974,0.7740,5.4234,NA,NA,NA,NA,NA,NA,NA
python.exe,12184,0x0,Other,-1,0,0,Composed: Copy with GPU GDI,2026-8-20 18:39:42.676902200,2.4918,2.4918,0.0000,0.4351,2.2353,0.4064,1.8289,NA,NA,NA,NA,NA,NA,NA
python.exe,12184,0x0,Other,0,0,1,Hardware: Legacy Flip,2026-8-20 18:39:42.679394000,7.8935,7.8935,0.0000,0.1809,7.7744,0.8837,6.8907,9.2547,9.7556,7.6334,7712.0814,NA,NA,NA
python.exe,12184,0x0,Other,-1,0,0,Composed: Copy with GPU GDI,2026-8-20 18:39:42.687287500,1.8522,1.8522,0.0000,0.0618,1.9659,1.9659,0.0000,NA,NA,NA,NA,NA,NA,NA
python.exe,12184,0x0,Other,-1,0,0,Composed: Copy with GPU GDI,2026-8-20 18:39:42.689139700,1.8827,1.8827,0.0000,0.1789,1.8539,0.4518,1.4021,9.2646,12.1445,-0.0099,7721.8271,NA,NA,NA
python.exe,12184,0x0,Other,-1,0,0,Composed: Copy with GPU GDI,2026-8-20 18:39:42.691022400,12.5044,12.5044,0.0000,0.1535,13.4774,1.9784,11.4990,19.5264,1.1042,-10.2618,7723.7098,NA,NA,NA
python.exe,12184,0x0,Other,0,0,1,Hardware: Legacy Flip,2026-8-20 18:39:42.703526800,6.4729,6.4729,0.0000,1.1301,5.4557,1.0063,4.4494,8.1262,11.0230,11.4002,7736.2142,NA,NA,NA
python.exe,12184,0x0,Other,-1,0,0,Composed: Copy with GPU GDI,2026-8-20 18:39:42.709999700,1.3015,1.3015,0.0000,0.1129,2.1772,2.1772,0.0000,12.6763,0.1993,-4.5501,7742.6871,NA,NA,NA
python.exe,12184,0x0,Other,-1,0,0,Composed: Copy with GPU GDI,2026-8-20 18:39:42.711301200,2.0147,2.0147,0.0000,0.9920,1.7514,1.0092,0.7422,NA,NA,NA,NA,NA,NA,NA
python.exe,12184,0x0,Other,-1,0,0,Composed: Copy with GPU GDI,2026-8-20 18:39:42.713315900,3.2778,3.2778,0.0000,0.7316,2.8310,0.6566,2.1744,NA,NA,NA,NA,NA,NA,NA
python.exe,12184,0x0,Other,0,0,1,Hardware: Legacy Flip,2026-8-20 18:39:42.716593700,4.9407,4.9407,0.0000,0.2925,4.7548,0.7883,3.9665,6.2816,18.0702,6.3947,7749.2811,NA,NA,NA
python.exe,12184,0x0,Other,-1,0,0,Composed: Copy with GPU GDI,2026-8-20 18:39:42.721534400,1.0659,1.0659,0.0000,0.1066,1.7696,1.7696,0.0000,19.4111,6.0524,-13.1295,7754.2218,NA,NA,NA
python.exe,12184,0x0,Other,-1,0,0,Composed: Copy with GPU GDI,2026-8-20 18:39:42.722600300,9.9859,9.9859,0.0000,0.8143,9.7678,0.9747,8.7931,24.3976,1.4558,-4.9865,7755.2877,NA,NA,NA
python.exe,12184,0x0,Other,0,0,1,Hardware: Legacy Flip,2026-8-20 18:39:42.732586200,15.1909,15.1909,0.0000,0.6077,14.6672,4.4411,10.2261,15.8675,10.9960,8.5301,7765.2736,NA,NA,NA
python.exe,12184,0x0,Other,-1,0,0,Composed: Copy with GPU GDI,2026-8-20 18:39:42.747777100,5.8768,5.8768,0.0000,0.0840,6.2668,2.2602,4.0066,NA,NA,NA,NA,NA,NA,NA
python.exe,12184,0x0,Other,-1,0,0,Composed: Copy with GPU GDI,2026-8-20 18:39:42.753653900,2.0187,2.0187,0.0000,0.4770,2.0539,0.8861,1.1678,NA,NA,NA,NA,NA,NA,NA
python.exe,12184,0x0,Other,0,0,1,Hardware: Legacy Flip,2026-8-20 18:39:42.755672600,2.0143,2.0143,0.0000,0.5159,1.5505,0.2868,1.2637,3.7771,8.7158,12.0904,7788.3600,NA,NA,NA
python.exe,12184,0x0,Other,-1,0,0,Composed: Copy with GPU GDI,2026-8-20 18:39:42.757686900,0.9929,0.9929,0.0000,0.0521,2.3830,2.3830,0.0000,NA,NA,NA,NA,NA,NA,NA
python.exe,12184,0x0,Other,-1,0,0,Composed: Copy with GPU GDI,2026-8-20 18:39:42.758679800,6.8900,6.8900,0.0000,1.4459,6.1067,1.1368,4.9699,NA,NA,NA,NA,NA,NA,NA
python.exe,12184,0x0,Other,0,0,1,Hardware: Legacy Flip,2026-8-20 18:39:42.765569800,1.4707,1.4707,0.0000,0.6669,0.8557,0.2478,0.6079,2.5957,15.1494,1.1814,7798.2572,NA,NA,NA
python.exe,12184,0x0,Other,-1,0,0,Composed: Copy with GPU GDI,2026-8-20 18:39:42.767040500,3.6196,3.6196,0.0000,0.0519,4.2791,2.6648,1.6143,16.2744,6.1176,-13.6787,7799.7279,NA,NA,NA
python.exe,12184,0x0,Other,-1,0,0,Composed: Copy with GPU GDI,2026-8-20 18:39:42.770660100,6.2647,6.2647,0.0000,0.7154,5.7493,0.5902,5.1591,18.7724,0.9945,-2.4980,7803.3475,NA,NA,NA
python.exe,12184,0x0,Other,-1,0,0,Composed: Copy with GPU GDI,2026-8-20 18:39:42.776924800,8.3901,8.3901,0.0000,0.2186,8.5618,0.8363,7.7255,NA,NA,NA,NA,NA,NA,NA
python.exe,12184,0x0,Other,0,0,1,Hardware: Legacy Flip,2026-8-20 18:39:42.785314900,3.3893,3.3893,0.0000,0.3970,3.0485,0.6184,2.4301,5.1121,12.1224,13.6603,7818.0023,NA,NA,NA
python.exe,12184,0x0,Other,-1,0,0,Composed: Copy with GPU GDI,2026-8-20 18:39:42.788704200,2.7071,2.7071,0.0000,0.0562,3.2599,3.2432,0.0167,NA,NA,NA,NA,NA,NA,NA
python.exe,12184,0x0,Other,-1,0,0,Composed: Copy with GPU GDI,2026-8-20 18:39:42.791411300,6.9341,6.9341,0.0000,0.6173,6.7482,0.9108,5.8374,NA,NA,NA,NA,NA,NA,NA
python.exe,12184,0x0,Other,0,0,1,Hardware: Legacy Flip,2026-8-20 18:39:42.798345400,2.6284,2.6284,0.0000,0.4602,2.2803,0.8125,1.4678,4.2040,17.2010,0.9081,7831.0328,NA,NA,NA
python.exe,12184,0x0,Other,-1,0,0,Composed: Copy with GPU GDI,2026-8-20 18:39:42.800973800,1.4675,1.4675,0.0000,0.1121,1.8581,1.8581,0.0000,18.7766,1.8015,-14.5726,7833.6612,NA,NA,NA
python.exe,12184,0x0,Other,-1,0,0,Composed: Copy with GPU GDI,2026-8-20 18:39:42.802441300,6.9375,6.9375,0.0000,0.5053,6.6602,0.7164,5.9438,NA,NA,NA,NA,NA,NA,NA
python.exe,12184,0x0,Other,-1,0,0,Composed: Copy with GPU GDI,2026-8-20 18:39:42.809378800,4.6519,4.6519,0.0000,0.2376,4.6943,0.8342,3.8601,NA,NA,NA,NA,NA,NA,NA
python.exe,12184,0x0,Other,0,0,1,Hardware: Legacy Flip,2026-8-20 18:39:42.814030700,6.6616,6.6616,0.0000,0.2840,6.5025,1.3889,5.1136,7.5212,16.3975,11.2554,7846.7181,NA,NA,NA
python.exe,12184,0x0,Other,-1,0,0,Composed: Copy with GPU GDI,2026-8-20 18:39:42.820692300,7.4796,7.4796,0.0000,0.1249,8.0239,2.1472,5.8767,17.2571,1.2522,-9.7359,7853.3797,NA,NA,NA
python.exe,12184,0x0,Other,-1,0,0,Composed: Copy with GPU GDI,2026-8-20 18:39:42.828171900,6.0280,6.0280,0.0000,0.6733,5.5526,1.0702,4.4824,NA,NA,NA,NA,NA,NA,NA
python.exe,12184,0x0,Other,0,0,1,Hardware: Legacy Flip,2026-8-20 18:39:42.834199900,3.4246,3.4246,0.0000,0.2004,3.3131,0.8357,2.4774,5.0017,17.1615,12.2554,7866.8873,NA,NA,NA
python.exe,12184,0x0,Other,-1,0,0,Composed: Copy with GPU GDI,2026-8-20 18:39:42.837624500,7.0292,7.0292,0.0000,0.0889,7.0336,2.5692,4.4644,NA,NA,NA,NA,NA,NA,NA
python.exe,12184,0x0,Other,-1,0,0,Composed: Copy with GPU GDI,2026-8-20 18:39:42.844653700,1.6351,1.6351,0.0000,0.0971,2.1192,0.9325,1.1867,11.7094,12.0402,-6.7077,7877.3411,NA,NA,NA
python.exe,12184,0x0,Other,-1,0,0,Composed: Copy with GPU GDI,2026-8-20 18:39:42.846288800,5.8424,5.8424,0.0000,0.5854,5.8679,0.9202,4.9477,22.1145,3.0531,-10.4051,7878.9762,NA,NA,NA
python.exe,12184,0x0,Other,0,0,1,Hardware: Legacy Flip,2026-8-20 18:39:42.852131200,18.6967,18.6967,0.0000,0.6157,18.2916,5.3847,12.9069,19.3252,9.1432,2.7893,7884.8186,NA,NA,NA
python.exe,12184,0x0,Other,-1,0,0,Composed: Copy with GPU GDI,2026-8-20 18:39:42.870827900,5.6260,5.6260,0.0000,0.2106,5.7594,1.1129,4.6465,NA,NA,NA,NA,NA,NA,NA
python.exe,12184,0x0,Other,0,0,1,Hardware: Legacy Flip,2026-8-20 18:39:42.876453900,2.1424,2.1424,0.0000,0.3484,1.8179,0.3305,1.4874,4.1457,7.3124,15.1795,7909.1413,NA,NA,NA
python.exe,12184,0x0,Other,-1,0,0,Composed: Copy with GPU GDI,2026-8-20 18:39:42.878596300,1.4607,1.4607,0.0000,0.0239,2.3155,2.3155,0.0000,NA,NA,NA,NA,NA,NA,NA
python.exe,12184,0x0,Other,0,0,1,Hardware: Legacy Flip,2026-8-20 18:39:42.880057000,6.4986,6.4986,0.0000,0.9285,5.6550,0.8480,4.8070,7.8550,13.6478,-3.7093,7912.7444,NA,NA,NA
python.exe,12184,0x0,Other,-1,0,0,Composed: Copy with GPU GDI,2026-8-20 18:39:42.886555600,1.9433,1.9433,0.0000,0.0849,2.2679,2.2372,0.0307,NA,NA,NA,NA,NA,NA,NA
python.exe,12184,0x0,Other,-1,0,0,Composed: Copy with GPU GDI,2026-8-20 18:39:42.888498900,3.9323,3.9323,0.0000,0.4134,3.9368,1.1266,2.8102,NA,NA,NA,NA,NA,NA,NA
python.exe,12184,0x0,Other,-1,0,0,Composed: Copy with GPU GDI,2026-8-20 18:39:42.892431200,5.7442,5.7442,0.0000,0.4710,5.5901,0.6351,4.9550,NA,NA,NA,NA,NA,NA,NA
python.exe,12184,0x0,Other,0,0,1,Hardware: Legacy Flip,2026-8-20 18:39:42.898175400,1.7163,1.7163,0.0000,0.3200,1.4518,0.5452,0.9066,3.3844,69.4960,4.4706,7930.8628,NA,NA,NA
python.exe,12184,0x0,Other,-1,0,0,Composed: Copy with GPU GDI,2026-8-20 18:39:42.899891700,63.3530,63.3530,0.0000,0.0555,63.9096,4.4284,59.4812,NA,NA,NA,NA,NA,NA,NA
python.exe,12184,0x0,Other,0,0,1,Hardware: Legacy Flip,2026-8-20 18:39:42.963244700,6.7044,6.7044,0.0000,0.6162,6.1609,0.7460,5.4149,7.8111,12.5597,-4.4267,7995.9321,NA,NA,NA
python.exe,12184,0x0,Other,-1,0,0,Composed: Copy with GPU GDI,2026-8-20 18:39:42.969949100,5.5738,5.5738,0.0000,0.0727,6.1617,2.3693,3.7924,13.6664,11.5403,-5.8553,8002.6365,NA,NA,NA
python.exe,12184,0x0,Other,0,0,1,Hardware: Legacy Flip,2026-8-20 18:39:42.975522900,19.3294,19.3294,0.0000,0.6687,18.7645,4.6999,14.0646,19.6329,7.4808,-5.9665,8008.2103,NA,NA,NA
python.exe,12184,0x0,Other,-1,0,0,Composed: Copy with GPU GDI,2026-8-20 18:39:42.994852300,4.0562,4.0562,0.0000,0.1038,4.6102,1.3095,3.3007,NA,NA,NA,NA,NA,NA,NA
python.exe,12184,0x0,Other,0,0,1,Hardware: Legacy Flip,2026-8-20 18:39:42.998908500,2.5499,2.5499,0.0000,0.6639,1.9443,0.6605,1.2838,3.7281,2.3424,15.9048,8031.5959,NA,NA,NA
python.exe,12184,0x0,Other,0,0,1,Hardware: Legacy Flip,2026-8-20 18:39:43.001458400,2.3215,2.3215,0.0000,0.0583,2.2816,1.1047,1.1769,3.5206,14.9505,0.2075,8034.1458,NA,NA,NA
python.exe,12184,0x0,Other,-1,0,0,Composed: Copy with GPU GDI,2026-8-20 18:39:43.003779900,3.2168,3.2168,0.0000,0.0184,3.7632,2.1415,1.6217,16.1496,2.9251,-12.6290,8036.4673,NA,NA,NA
python.exe,12184,0x0,Other,-1,0,0,Composed: Copy with GPU GDI,2026-8-20 18:39:43.006996700,2.0243,2.0243,0.0000,0.5691,1.8216,0.6090,1.2126,NA,NA,NA,NA,NA,NA,NA
python.exe,12184,0x0,Other,-1,0,0,Composed: Copy with GPU GDI,2026-8-20 18:39:43.009021000,3.9730,3.9730,0.0000,0.3690,3.8896,0.6307,3.2589,NA,NA,NA,NA,NA,NA,NA
python.exe,12184,0x0,Other,0,0,1,Hardware: Legacy Flip,2026-8-20 18:39:43.012994000,8.8219,8.8219,0.0000,0.2901,8.6513,1.0333,7.6180,9.8606,9.2200,6.2890,8045.6814,NA,NA,NA
python.exe,12184,0x0,Other,-1,0,0,Composed: Copy with GPU GDI,2026-8-20 18:39:43.021815900,1.8451,1.8451,0.0000,0.1195,1.8361,1.6613,0.1748,NA,NA,NA,NA,NA,NA,NA
python.exe,12184,0x0,Other,-1,0,0,Composed: Copy with GPU GDI,2026-8-20 18:39:43.023661000,1.2427,1.2427,0.0000,0.1145,1.3788,0.5087,0.8701,8.4136,4.0675,1.4470,8056.3484,NA,NA,NA
python.exe,12184,0x0,Other,-1,0,0,Composed: Copy with GPU GDI,2026-8-20 18:39:43.024903700,8.0596,8.0596,0.0000,0.2531,8.2425,0.8823,7.3602,NA,NA,NA,NA,NA,NA,NA
python.exe,12184,0x0,Other,0,0,1,Hardware: Legacy Flip,2026-8-20 18:39:43.032963300,2.1102,2.1102,0.0000,0.4398,1.7395,1.0323,0.7072,3.1788,8.0513,5.2348,8065.6507,NA,NA,NA
python.exe,12184,0x0,Other,-1,0,0,Composed: Copy with GPU GDI,2026-8-20 18:39:43.035073500,1.9411,1.9411,0.0000,0.0691,2.2527,2.1732,0.0795,9.1199,12.1610,-5.9411,8067.7609,NA,NA,NA
python.exe,12184,0x0,Other,-1,0,0,Composed: Copy with GPU GDI,2026-8-20 18:39:43.037014600,6.0987,6.0987,0.0000,0.3852,6.4155,1.0073,5.4082,19.3398,1.7608,-10.2199,8069.7020,NA,NA,NA
python.exe,12184,0x0,Other,-1,0,0,Composed: Copy with GPU GDI,2026-8-20 18:39:43.043113300,11.0766,11.0766,0.0000,0.7070,10.7173,0.8291,9.8882,NA,NA,NA,NA,NA,NA,NA
python.exe,12184,0x0,Other,0,0,1,Hardware: Legacy Flip,2026-8-20 18:39:43.054189900,2.5955,2.5955,0.0000,0.3525,2.3167,0.5034,1.8133,3.9253,10.7087,15.4145,8086.8773,NA,NA,NA
python.exe,12184,0x0,Other,-1,0,0,Composed: Copy with GPU GDI,2026-8-20 18:39:43.056785400,1.1937,1.1937,0.0000,0.0737,1.5608,1.5608,0.0000,NA,NA,NA,NA,NA,NA,NA
python.exe,12184,0x0,Other,-1,0,0,Composed: Copy with GPU GDI,2026-8-20 18:39:43.057979100,7.3178,7.3178,0.0000,0.4452,7.1360,0.5761,6.5599,NA,NA,NA,NA,NA,NA,NA
python.exe,12184,0x0,Other,0,0,1,Hardware: Legacy Flip,2026-8-20 18:39:43.065296900,1.9505,1.9505,0.0000,0.2665,1.7368,0.5613,1.1755,3.5270,17.8739,0.3983,8097.9843,NA,NA,NA
python.exe,12184,0x0,Other,-1,0,0,Composed: Copy with GPU GDI,2026-8-20 18:39:43.067247400,0.9495,0.9495,0.0000,0.0528,1.8402,1.8402,0.0000,19.4504,5.7032,-15.9234,8099.9348,NA,NA,NA
python.exe,12184,0x0,Other,-1,0,0,Composed: Copy with GPU GDI,2026-8-20 18:39:43.068196900,14.4711,14.4711,0.0000,0.9465,13.6672,2.5904,11.0768,NA,NA,NA,NA,NA,NA,NA
python.exe,12184,0x0,Other,-1,0,0,Composed: Copy with GPU GDI,2026-8-20 18:39:43.082668000,6.2530,6.2530,0.0000,0.1527,6.8216,1.1577,5.6639,NA,NA,NA,NA,NA,NA,NA
python.exe,12184,0x0,Other,0,0,1,Hardware: Legacy Flip,2026-8-20 18:39:43.088921000,2.2013,2.2013,0.0000,0.7260,1.5331,0.3087,1.2244,3.4800,18.5941,15.9704,8121.6084,NA,NA,NA
python.exe,12184,0x0,Other,-1,0,0,Composed: Copy with GPU GDI,2026-8-20 18:39:43.091122300,1.1827,1.1827,0.0000,0.0578,1.8558,1.8558,0.0000,NA,NA,NA,NA,NA,NA,NA
python.exe,12184,0x0,Other,-1,0,0,Composed: Copy with GPU GDI,2026-8-20 18:39:43.092305000,6.3403,6.3403,0.0000,0.7334,5.9421,0.6290,5.3131,18.6901,3.1440,-15.2101,8124.9924,NA,NA,NA
python.exe,12184,0x0,Other,0,0,1,Hardware: Legacy Flip,2026-8-20 18:39:43.098645300,14.7982,14.7982,0.0000,8.3876,7.0392,7.0392,0.0000,15.4938,9.6003,3.1963,8131.3327,NA,NA,NA
python.exe,12184,0x0,Other,-1,0,0,Composed: Copy with GPU GDI,2026-8-20 18:39:43.113443500,5.8574,5.8574,0.0000,0.0756,6.5046,1.9122,4.5924,NA,NA,NA,NA,NA,NA,NA
python.exe,12184,0x0,Other,0,0,1,Hardware: Legacy Flip,2026-8-20 18:39:43.119300900,2.6911,2.6911,0.0000,0.7268,1.9980,0.4368,1.5612,4.4385,12.0777,11.0553,8151.9883,NA,NA,NA
python.exe,12184,0x0,Other,-1,0,0,Composed: Copy with GPU GDI,2026-8-20 18:39:43.121992000,1.9626,1.9626,0.0000,0.0337,2.1989,2.1989,0.0000,NA,NA,NA,NA,NA,NA,NA
python.exe,12184,0x0,Other,-1,0,0,Composed: Copy with GPU GDI,2026-8-20 18:39:43.123954600,6.1360,6.1360,0.0000,0.2725,6.2982,0.7446,5.5536,NA,NA,NA,NA,NA,NA,NA
python.exe,12184,0x0,Other,0,0,1,Hardware: Legacy Flip,2026-8-20 18:39:43.130090600,4.2288,4.2288,0.0000,0.4376,3.9110,0.9902,2.9208,5.7265,17.6302,-1.2880,8162.7780,NA,NA,NA
python.exe,12184,0x0,Other,-1,0,0,Composed: Copy with GPU GDI,2026-8-20 18:39:43.134319400,1.4714,1.4714,0.0000,0.1198,1.9510,1.9510,0.0000,19.1279,1.3803,-13.4014,8167.0068,NA,NA,NA
python.exe,12184,0x0,Other,-1,0,0,Composed: Copy with GPU GDI,2026-8-20 18:39:43.135790800,6.1314,6.1314,0.0000,0.6034,5.6909,0.5405,5.1504,NA,NA,NA,NA,NA,NA,NA
python.exe,12184,0x0,Other,-1,0,0,Composed: Copy with GPU GDI,2026-8-20 18:39:43.141922200,4.4532,4.4532,0.0000,0.1658,4.4781,0.5954,3.8827,NA,NA,NA,NA,NA,NA,NA
python.exe,12184,0x0,Other,0,0,1,Hardware: Legacy Flip,2026-8-20 18:39:43.146375400,7.2326,7.2326,0.0000,0.1928,7.1703,1.0965,6.0738,8.4522,10.7020,10.6757,8179.0628,NA,NA,NA
python.exe,12184,0x0,Other,-1,0,0,Composed: Copy with GPU GDI,2026-8-20 18:39:43.153608000,3.3919,3.3919,0.0000,0.1305,3.4215,1.8930,1.5285,NA,NA,NA,NA,NA,NA,NA
python.exe,12184,0x0,Other,-1,0,0,Composed: Copy with GPU GDI,2026-8-20 18:39:43.156999900,1.4192,1.4192,0.0000,0.1660,1.9604,1.0368,0.9236,8.5297,5.3012,-0.0775,8189.6873,NA,NA,NA
python.exe,12184,0x0,Other,-1,0,0,Composed: Copy with GPU GDI,2026-8-20 18:39:43.158419100,7.4511,7.4511,0.0000,0.7118,7.0069,0.9567,6.0502,NA,NA,NA,NA,NA,NA,NA
python.exe,12184,0x0,Other,0,0,1,Hardware: Legacy Flip,2026-8-20 18:39:43.165870200,3.6139,3.6139,0.0000,0.2718,3.4169,0.6088,2.8081,4.9606,6.8388,3.5691,8198.5576,NA,NA,NA
python.exe,12184,0x0,Other,-1,0,0,Composed: Copy with GPU GDI,2026-8-20 18:39:43.169484100,1.5155,1.5155,0.0000,0.0748,1.8862,1.8862,0.0000,8.1855,12.1833,-3.2249,8202.1715,NA,NA,NA
python.exe,12184,0x0,Other,-1,0,0,Composed: Copy with GPU GDI,2026-8-20 18:39:43.170999600,5.0867,5.0867,0.0000,0.4486,5.0357,0.7720,4.2637,18.8533,3.0858,-10.6678,8203.6870,NA,NA,NA
python.exe,12184,0x0,Other,-1,0,0,Composed: Copy with GPU GDI,2026-8-20 18:39:43.176086300,12.4160,12.4160,0.0000,0.4007,12.3548,0.7421,11.6127,NA,NA,NA,NA,NA,NA,NA
python.exe,12184,0x0,Other,0,0,1,Hardware: Legacy Flip,2026-8-20 18:39:43.188502300,2.7674,2.7674,0.0000,0.3450,2.5233,1.2568,1.2665,4.4364,18.7673,14.4169,8221.1897,NA,NA,NA
python.exe,12184,0x0,Other,-1,0,0,Composed: Copy with GPU GDI,2026-8-20 18:39:43.191269700,11.9933,11.9933,0.0000,0.1009,12.3984,3.5266,8.8718,NA,NA,NA,NA,NA,NA,NA
python.exe,12184,0x0,Other,0,0,1,Hardware: Legacy Flip,2026-8-20 18:39:43.203263000,7.3591,7.3591,0.0000,0.5124,6.9187,1.1324,5.7863,8.4430,11.3121,-4.0066,8235.9504,NA,NA,NA
python.exe,12184,0x0,Other,-1,0,0,Composed: Copy with GPU GDI,2026-8-20 18:39:43.210622100,1.9285,1.9285,0.0000,0.0720,2.1051,2.1051,0.0000,NA,NA,NA,NA,NA,NA,NA
python.exe,12184,0x0,Other,-1,0,0,Composed: Copy with GPU GDI,2026-8-20 18:39:43.212550600,2.3311,2.3311,0.0000,0.2911,2.6503,1.3709,1.2794,NA,NA,NA,NA,NA,NA,NA
python.exe,12184,0x0,Other,0,0,1,Hardware: Legacy Flip,2026-8-20 18:39:43.214881700,6.6718,6.6718,0.0000,0.6141,6.1425,0.6634,5.4791,8.1364,15.3410,0.3066,8247.5691,NA,NA,NA
python.exe,12184,0x0,Other,-1,0,0,Composed: Copy with GPU GDI,2026-8-20 18:39:43.221553500,1.9952,1.9952,0.0000,0.0848,2.1805,2.1805,0.0000,NA,NA,NA,NA,NA,NA,NA
python.exe,12184,0x0,Other,-1,0,0,Composed: Copy with GPU GDI,2026-8-20 18:39:43.223548700,2.3697,2.3697,0.0000,0.2744,2.2755,0.5570,1.7185,14.8104,6.0557,-6.6740,8256.2361,NA,NA,NA
python.exe,12184,0x0,Other,-1,0,0,Composed: Copy with GPU GDI,2026-8-20 18:39:43.225918400,6.4127,6.4127,0.0000,0.1841,6.3422,0.4792,5.8630,18.4964,7.7551,-3.6860,8258.6058,NA,NA,NA
python.exe,12184,0x0,Other,0,0,1,Hardware: Legacy Flip,2026-8-20 18:39:43.232331100,19.3784,19.3784,0.0000,0.2271,19.2772,4.9676,14.3096,19.8388,7.7510,-1.3424,8265.0185,NA,NA,NA
python.exe,12184,0x0,Other,-1,0,0,Composed: Copy with GPU GDI,2026-8-20 18:39:43.251709500,4.5350,4.5350,0.0000,0.1259,5.0600,1.4149,3.6451,NA,NA,NA,NA,NA,NA,NA
python.exe,12184,0x0,Other,0,0,1,Hardware: Legacy Flip,2026-8-20 18:39:43.256244500,2.3177,2.3177,0.0000,0.6568,1.6858,0.4653,1.2205,3.6764,9.4161,16.1624,8288.9319,NA,NA,NA
python.exe,12184,0x0,Other,-1,0,0,Composed: Copy with GPU GDI,2026-8-20 18:39:43.258562200,7.5474,7.5474,0.0000,0.0249,7.7628,2.0531,5.7097,NA,NA,NA,NA,NA,NA,NA
python.exe,12184,0x0,Other,0,0,1,Hardware: Legacy Flip,2026-8-20 18:39:43.266109600,1.7369,1.7369,0.0000,0.2426,1.5369,0.7406,0.7963,3.2274,17.5787,0.4490,8298.7970,NA,NA,NA
python.exe,12184,0x0,Other,-1,0,0,Composed: Copy with GPU GDI,2026-8-20 18:39:43.267846500,0.8112,0.8112,0.0000,0.0426,2.3294,2.3294,0.0000,19.0692,2.0846,-15.8418,8300.5339,NA,NA,NA
python.exe,12184,0x0,Other,-1,0,0,Composed: Copy with GPU GDI,2026-8-20 18:39:43.268657700,10.3941,10.3941,0.0000,1.5652,9.4157,0.9345,8.4812,NA,NA,NA,NA,NA,NA,NA
python.exe,12184,0x0,Other,-1,0,0,Composed: Copy with GPU GDI,2026-8-20 18:39:43.279051800,1.0218,1.0218,0.0000,0.5898,1.3070,1.1526,0.1544,NA,NA,NA,NA,NA,NA,NA
python.exe,12184,0x0,Other,0,0,1,Hardware: Legacy Flip,2026-8-20 18:39:43.280073600,7.5140,7.5140,0.0000,0.8791,6.7180,1.0433,5.6747,8.9267,9.9742,10.1425,8312.7610,NA,NA,NA
python.exe,12184,0x0,Other,-1,0,0,Composed: Copy with GPU GDI,2026-8-20 18:39:43.287587600,2.7342,2.7342,0.0000,0.0831,2.7758,2.5791,0.1967,NA,NA,NA,NA,NA,NA,NA
python.exe,12184,0x0,Other,-1,0,0,Composed: Copy with GPU GDI,2026-8-20 18:39:43.290321800,1.1996,1.1996,0.0000,0.1270,1.6361,0.8305,0.8056,8.6527,4.0333,0.2740,8323.0092,NA,NA,NA
python.exe,12184,0x0,Other,-1,0,0,Composed: Copy with GPU GDI,2026-8-20 18:39:43.291521400,7.8124,7.8124,0.0000,0.5660,7.5539,0.8886,6.6653,NA,NA,NA,NA,NA,NA,NA
python.exe,12184,0x0,Other,0,0,1,Hardware: Legacy Flip,2026-8-20 18:39:43.299333800,2.1938,2.1938,0.0000,0.3135,1.9696,0.5227,1.4469,3.6740,8.1075,4.9787,8332.0212,NA,NA,NA
python.exe,12184,0x0,Other,-1,0,0,Composed: Copy with GPU GDI,2026-8-20 18:39:43.301527600,2.4904,2.4904,0.0000,0.0893,2.6682,2.6112,0.0570,9.5877,12.1613,-5.9137,8334.2150,NA,NA,NA
python.exe,12184,0x0,Other,-1,0,0,Composed: Copy with GPU GDI,2026-8-20 18:39:43.304018000,5.3136,5.3136,0.0000,0.2703,5.3085,0.5162,4.7923,19.2586,6.0549,-9.6709,8336.7054,NA,NA,NA
python.exe,12184,0x0,Other,-1,0,0,Composed: Copy with GPU GDI,2026-8-20 18:39:43.309331600,15.7924,15.7924,0.0000,0.2683,16.3597,1.6288,14.7309,19.9999,5.5580,-0.7413,8342.0190,NA,NA,NA
python.exe,12184,0x0,Other,0,0,1,Hardware: Legacy Flip,2026-8-20 18:39:43.325124000,8.1227,8.1227,0.0000,0.8798,7.3013,0.8855,6.4158,9.7655,3.5296,10.2344,8357.8114,NA,NA,NA
python.exe,12184,0x0,Other,-1,0,0,Composed: Copy with GPU GDI,2026-8-20 18:39:43.333246700,2.0563,2.0563,0.0000,0.0584,2.1419,2.1419,0.0000,NA,NA,NA,NA,NA,NA,NA
python.exe,12184,0x0,Other,0,0,1,Hardware: Legacy Flip,2026-8-20 18:39:43.335303000,1.9264,1.9264,0.0000,0.1466,1.8349,1.2141,0.6208,3.1161,15.3015,6.6494,8367.9904,NA,NA,NA
python.exe,12184,0x0,Other,-1,0,0,Composed: Copy with GPU GDI,2026-8-20 18:39:43.337229400,5.5154,5.5154,0.0000,0.0551,6.1379,2.2376,3.9003,NA,NA,NA,NA,NA,NA,NA
python.exe,12184,0x0,Other,-1,0,0,Composed: Copy with GPU GDI,2026-8-20 18:39:43.342744800,3.0996,3.0996,0.0000,0.6832,2.7701,0.6272,2.1429,10.9758,11.7618,-7.8597,8375.4322,NA,NA,NA
python.exe,12184,0x0,Other,0,0,1,Hardware: Legacy Flip,2026-8-20 18:39:43.345844400,19.3958,19.3958,0.0000,0.3564,19.1388,6.7169,12.4219,19.6380,12.3851,-8.6622,8378.5318,NA,NA,NA
python.exe,12184,0x0,Other,-1,0,0,Composed: Copy with GPU GDI,2026-8-20 18:39:43.365240200,5.1091,5.1091,0.0000,0.0994,5.4531,1.1256,4.3275,12.6273,0.8065,7.0107,8397.9276,NA,NA,NA
python.exe,12184,0x0,Other,0,0,1,Hardware: Legacy Flip,2026-8-20 18:39:43.370349300,6.6726,6.6726,0.0000,0.4472,6.2601,0.5901,5.6700,8.3247,10.9328,4.3026,8403.0367,NA,NA,NA
python.exe,12184,0x0,Other,-1,0,0,Composed: Copy with GPU GDI,2026-8-20 18:39:43.377021900,2.4005,2.4005,0.0000,0.0347,2.4825,2.4435,0.0390,NA,NA,NA,NA,NA,NA,NA
python.exe,12184,0x0,Other,-1,0,0,Composed: Copy with GPU GDI,2026-8-20 18:39:43.379422400,5.7128,5.7128,0.0000,0.1203,5.7055,0.4447,5.2608,NA,NA,NA,NA,NA,NA,NA
python.exe,12184,0x0,Other,0,0,1,Hardware: Legacy Flip,2026-8-20 18:39:43.385135200,3.3075,3.3075,0.0000,0.1173,3.2507,0.8103,2.4404,4.4716,12.6165,3.8531,8417.8226,NA,NA,NA
python.exe,12184,0x0,Other,-1,0,0,Composed: Copy with GPU GDI,2026-8-20 18:39:43.388442700,1.4957,1.4957,0.0000,0.0605,1.6759,1.6759,0.0000,NA,NA,NA,NA,NA,NA,NA
python.exe,12184,0x0,Other,-1,0,0,Composed: Copy with GPU GDI,2026-8-20 18:39:43.389938400,9.1796,9.1796,0.0000,0.2428,9.6424,1.0789,8.5635,NA,NA,NA,NA,NA,NA,NA
python.exe,12184,0x0,Other,0,0,1,Hardware: Legacy Flip,2026-8-20 18:39:43.399118000,1.8601,1.8601,0.0000,0.7122,1.2030,0.2843,0.9187,3.1053,18.1002,1.3663,8431.8054,NA,NA,NA
python.exe,12184,0x0,Other,-1,0,0,Composed: Copy with GPU GDI,2026-8-20 18:39:43.400978100,0.8907,0.8907,0.0000,0.0551,1.7841,1.7841,0.0000,19.3454,1.4760,-16.2401,8433.6655,NA,NA,NA
python.exe,12184,0x0,Other,-1,0,0,Composed: Copy with GPU GDI,2026-8-20 18:39:43.401868800,7.6623,7.6623,0.0000,0.9531,7.0255,0.6940,6.3315,NA,NA,NA,NA,NA,NA,NA
python.exe,12184,0x0,Other,-1,0,0,Composed: Copy with GPU GDI,2026-8-20 18:39:43.409531100,2.8729,2.8729,0.0000,0.3197,2.6575,0.3422,2.3153,NA,NA,NA,NA,NA,NA,NA
python.exe,12184,0x0,Other,0,0,1,Hardware: Legacy Flip,2026-8-20 18:39:43.412404000,8.0970,8.0970,0.0000,0.1070,8.0839,0.6970,7.3869,9.3955,10.6634,9.9499,8445.0914,NA,NA,NA
python.exe,12184,0x0,Other,-1,0,0,Composed: Copy with GPU GDI,2026-8-20 18:39:43.420501000,2.0429,2.0429,0.0000,0.0939,2.6107,2.5926,0.0181,NA,NA,NA,NA,NA,NA,NA
python.exe,12184,0x0,Other,-1,0,0,Composed: Copy with GPU GDI,2026-8-20 18:39:43.422543900,1.7494,1.7494,0.0000,0.6664,1.4376,0.5700,0.8676,9.9190,1.9752,-0.5235,8455.2313,NA,NA,NA
python.exe,12184,0x0,Other,-1,0,0,Composed: Copy with GPU GDI,2026-8-20 18:39:43.424293300,6.8288,6.8288,0.0000,0.3608,7.0102,0.9126,6.0976,NA,NA,NA,NA,NA,NA,NA
python.exe,12184,0x0,Other,0,0,1,Hardware: Legacy Flip,2026-8-20 18:39:43.431122100,2.0744,2.0744,0.0000,0.5501,1.5805,0.3456,1.2349,3.3160,16.2290,6.6030,8463.8095,NA,NA,NA
python.exe,12184,0x0,Other,-1,0,0,Composed: Copy with GPU GDI,2026-8-20 18:39:43.433196500,4.8624,4.8624,0.0000,0.0562,4.9739,2.1511,2.8228,17.4706,6.0539,-14.1546,8465.8839,NA,NA,NA
python.exe,12184,0x0,Other,-1,0,0,Composed: Copy with GPU GDI,2026-8-20 18:39:43.438058900,4.3547,4.3547,0.0000,0.2074,4.7853,0.8347,3.9506,18.6621,6.1050,-1.1915,8470.7463,NA,NA,NA
python.exe,12184,0x0,Other,-1,0,0,Composed: Copy with GPU GDI,2026-8-20 18:39:43.442413600,15.6703,15.6703,0.0000,0.6408,15.2562,1.7587,13.4975,20.4124,3.9192,-1.7503,8475.1010,NA,NA,NA
python.exe,12184,0x0,Other,0,0,1,Hardware: Legacy Flip,2026-8-20 18:39:43.458083900,7.5247,7.5247,0.0000,0.2305,7.3577,0.5641,6.7936,8.6613,3.9740,11.7511,8490.7713,NA,NA,NA
python.exe,12184,0x0,Other,-1,0,0,Composed: Copy with GPU GDI,2026-8-20 18:39:43.465608600,1.7658,1.7658,0.0000,0.0635,2.1117,2.0974,0.0143,NA,NA,NA,NA,NA,NA,NA
python.exe,12184,0x0,Other,0,0,1,Hardware: Legacy Flip,2026-8-20 18:39:43.467374400,2.1305,2.1305,0.0000,0.4134,1.7523,0.4749,1.2774,3.3448,16.3491,5.3165,8500.0618,NA,NA,NA
python.exe,12184,0x0,Other,-1,0,0,Composed: Copy with GPU GDI,2026-8-20 18:39:43.469504900,6.0896,6.0896,0.0000,0.0352,6.6848,2.6300,4.0548,NA,NA,NA,NA,NA,NA,NA
python.exe,12184,0x0,Other,-1,0,0,Composed: Copy with GPU GDI,2026-8-20 18:39:43.475594500,3.2075,3.2075,0.0000,0.6329,3.1953,0.8809,2.3144,11.4738,12.9223,-8.1290,8508.2819,NA,NA,NA
python.exe,12184,0x0,Other,0,0,1,Hardware: Legacy Flip,2026-8-20 18:39:43.478802000,20.2540,20.2540,0.0000,0.6255,19.6948,4.2330,15.4618,21.1886,9.6577,-9.7148,8511.4894,NA,NA,NA
python.exe,12184,0x0,Other,-1,0,0,Composed: Copy with GPU GDI,2026-8-20 18:39:43.499056000,4.3871,4.3871,0.0000,0.0663,4.9313,2.2279,2.7034,NA,NA,NA,NA,NA,NA,NA
python.exe,12184,0x0,Other,0,0,1,Hardware: Legacy Flip,2026-8-20 18:39:43.503443100,5.0396,5.0396,0.0000,0.6138,4.4482,0.4557,3.9925,6.2052,12.2428,14.9834,8536.1305,NA,NA,NA
python.exe,12184,0x0,Other,-1,0,0,Composed: Copy with GPU GDI,2026-8-20 18:39:43.508482700,2.6154,2.6154,0.0000,0.0224,2.9413,2.4077,0.5336,NA,NA,NA,NA,NA,NA,NA
python.exe,12184,0x0,Other,-1,0,0,Composed: Copy with GPU GDI,2026-8-20 18:39:43.511098100,4.6458,4.6458,0.0000,0.3514,4.9549,1.0223,3.9326,NA,NA,NA,NA,NA,NA,NA
python.exe,12184,0x0,Other,0,0,1,Hardware: Legacy Flip,2026-8-20 18:39:43.515743900,5.1265,5.1265,0.0000,0.6647,4.5256,0.8244,3.7012,6.1472,13.7052,0.0580,8548.4313,NA,NA,NA
python.exe,12184,0x0,Other,-1,0,0,Composed: Copy with GPU GDI,2026-8-20 18:39:43.520870400,2.2694,2.2694,0.0000,0.0638,2.8668,2.5713,0.2955,14.7259,1.1698,-8.5787,8553.5578,NA,NA,NA
python.exe,12184,0x0,Other,-1,0,0,Composed: Copy with GPU GDI,2026-8-20 18:39:43.523139800,9.8649,9.8649,0.0000,0.6663,9.8479,1.1359,8.7120,NA,NA,NA,NA,NA,NA,NA
python.exe,12184,0x0,Other,0,0,1,Hardware: Legacy Flip,2026-8-20 18:39:43.533004700,2.7353,2.7353,0.0000,0.6537,2.2167,1.0437,1.1730,3.7614,17.0525,10.9645,8565.6921,NA,NA,NA
python.exe,12184,0x0,Other,-1,0,0,Composed: Copy with GPU GDI,2026-8-20 18:39:43.535740000,0.9644,0.9644,0.0000,0.1351,1.2787,1.2787,0.0000,18.0786,1.5429,-14.3172,8568.4274,NA,NA,NA
python.exe,12184,0x0,Other,-1,0,0,Composed: Copy with GPU GDI,2026-8-20 18:39:43.536704400,6.8489,6.8489,0.0000,0.4530,7.0486,1.2586,5.7900,NA,NA,NA,NA,NA,NA,NA
python.exe,12184,0x0,Other,-1,0,0,Composed: Copy with GPU GDI,2026-8-20 18:39:43.543553300,2.2305,2.2305,0.0000,0.6574,1.6929,0.3991,1.2938,NA,NA,NA,NA,NA,NA,NA
python.exe,12184,0x0,Other,0,0,1,Hardware: Legacy Flip,2026-8-20 18:39:43.545783800,8.2299,8.2299,0.0000,0.1225,8.2429,1.5756,6.6673,9.5777,10.5558,8.5009,8578.4712,NA,NA,NA
python.exe,12184,0x0,Other,-1,0,0,Composed: Copy with GPU GDI,2026-8-20 18:39:43.554013700,2.3266,2.3266,0.0000,0.1355,2.5883,2.4893,0.0990,NA,NA,NA,NA,NA,NA,NA
python.exe,12184,0x0,Other,-1,0,0,Composed: Copy with GPU GDI,2026-8-20 18:39:43.556340300,1.2068,1.2068,0.0000,0.4006,1.4739,0.8665,0.6074,9.5770,3.0367,0.0007,8589.0277,NA,NA,NA
python.exe,12184,0x0,Other,-1,0,0,Composed: Copy with GPU GDI,2026-8-20 18:39:43.557547100,7.7713,7.7713,0.0000,0.6710,7.9304,1.1189,6.8115,NA,NA,NA,NA,NA,NA,NA
python.exe,12184,0x0,Other,0,0,1,Hardware: Legacy Flip,2026-8-20 18:39:43.565318400,2.5837,2.5837,0.0000,2.3520,0.7153,0.7153,0.0000,3.6356,21.2552,5.9414,8598.0058,NA,NA,NA
python.exe,12184,0x0,Other,-1,0,0,Composed: Copy with GPU GDI,2026-8-20 18:39:43.567902100,7.8355,7.8355,0.0000,0.0506,8.0671,3.3049,4.7622,22.3071,0.1881,-18.6715,8600.5895,NA,NA,NA
python.exe,12184,0x0,Other,-1,0,0,Composed: Copy with GPU GDI,2026-8-20 18:39:43.575737600,4.4210,4.4210,0.0000,0.2846,4.4338,0.6333,3.8005,NA,NA,NA,NA,NA,NA,NA
python.exe,12184,0x0,Other,-1,0,0,Composed: Copy with GPU GDI,2026-8-20 18:39:43.580158600,5.5456,5.5456,0.0000,0.2994,6.2207,1.5074,4.7133,NA,NA,NA,NA,NA,NA,NA
python.exe,12184,0x0,Other,0,0,1,Hardware: Legacy Flip,2026-8-20 18:39:43.585704200,3.5648,3.5648,0.0000,0.9793,2.6491,0.8473,1.8018,4.6931,18.1736,17.6140,8618.3916,NA,NA,NA
python.exe,12184,0x0,Other,-1,0,0,Composed: Copy with GPU GDI,2026-8-20 18:39:43.589269000,1.5372,1.5372,0.0000,0.0636,2.3162,2.3162,0.0000,19.3019,4.0923,-14.6088,8621.9564,NA,NA,NA
python.exe,12184,0x0,Other,-1,0,0,Composed: Copy with GPU GDI,2026-8-20 18:39:43.590806200,6.9295,6.9295,0.0000,0.8474,6.1840,0.3809,5.8031,NA,NA,NA,NA,NA,NA,NA
python.exe,12184,0x0,Other,0,0,1,Hardware: Legacy Flip,2026-8-20 18:39:43.597735700,14.3058,14.3058,0.0000,0.1049,14.2545,6.4742,7.7803,14.9275,11.0960,4.3744,8630.4231,NA,NA,NA
python.exe,12184,0x0,Other,-1,0,0,Composed: Copy with GPU GDI,2026-8-20 18:39:43.612041500,6.7767,6.7767,0.0000,0.0536,7.0290,1.8748,5.1542,NA,NA,NA,NA,NA,NA,NA
python.exe,12184,0x0,Other,0,0,1,Hardware: Legacy Flip,2026-8-20 18:39:43.618818200,3.9066,3.9066,0.0000,0.3564,3.5726,0.8386,2.7340,4.9410,11.8992,9.9865,8651.5056,NA,NA,NA
python.exe,12184,0x0,Other,-1,0,0,Composed: Copy with GPU GDI,2026-8-20 18:39:43.622724800,1.1957,1.1957,0.0000,0.0224,1.3360,1.3360,0.0000,NA,NA,NA,NA,NA,NA,NA
python.exe,12184,0x0,Other,-1,0,0,Composed: Copy with GPU GDI,2026-8-20 18:39:43.623920500,1.0420,1.0420,0.0000,0.1665,1.3335,0.9878,0.3457,NA,NA,NA,NA,NA,NA,NA
python.exe,12184,0x0,Other,-1,0,0,Composed: Copy with GPU GDI,2026-8-20 18:39:43.624962500,6.9916,6.9916,0.0000,0.4606,7.0872,0.8465,6.2407,NA,NA,NA,NA,NA,NA,NA
python.exe,12184,0x0,Other,0,0,1,Hardware: Legacy Flip,2026-8-20 18:39:43.631954100,2.4570,2.4570,0.0000,0.5624,1.9643,0.3584,1.6059,3.7043,15.2162,1.2367,8664.6415,NA,NA,NA
python.exe,12184,0x0,Other,-1,0,0,Composed: Copy with GPU GDI,2026-8-20 18:39:43.634411100,2.5651,2.5651,0.0000,0.0697,2.5740,2.1898,0.3842,16.4635,6.0568,-12.7592,8667.0985,NA,NA,NA
python.exe,12184,0x0,Other,-1,0,0,Composed: Copy with GPU GDI,2026-8-20 18:39:43.636976200,6.8403,6.8403,0.0000,0.0825,7.1198,0.9762,6.1436,19.9552,1.4737,-3.4917,8669.6636,NA,NA,NA
python.exe,12184,0x0,Other,-1,0,0,Composed: Copy with GPU GDI,2026-8-20 18:39:43.643816500,11.2677,11.2677,0.0000,0.3668,11.4105,0.9171,10.4934,NA,NA,NA,NA,NA,NA,NA
python.exe,12184,0x0,Other,0,0,1,Hardware: Legacy Flip,2026-8-20 18:39:43.655084200,2.2152,2.2152,0.0000,0.5140,1.7825,0.9773,0.8052,3.3209,10.9445,16.6343,8687.7716,NA,NA,NA
python.exe,12184,0x0,Other,-1,0,0,Composed: Copy with GPU GDI,2026-8-20 18:39:43.657299400,1.5674,1.5674,0.0000,0.0813,1.7475,1.7446,0.0029,NA,NA,NA,NA,NA,NA,NA
python.exe,12184,0x0,Other,-1,0,0,Composed: Copy with GPU GDI,2026-8-20 18:39:43.658866800,7.2835,7.2835,0.0000,0.2653,7.1366,0.4000,6.7366,NA,NA,NA,NA,NA,NA,NA
python.exe,12184,0x0,Other,0,0,1,Hardware: Legacy Flip,2026-8-20 18:39:43.666150300,1.9672,1.9672,0.0000,0.1219,1.8935,0.6460,1.2475,3.1993,17.9019,0.1216,8698.8377,NA,NA,NA
python.exe,12184,0x0,Other,-1,0,0,Composed: Copy with GPU GDI,2026-8-20 18:39:43.668117500,0.8587,0.8587,0.0000,0.0482,2.0101,2.0101,0.0000,19.1340,1.4505,-15.9347,8700.8049,NA,NA,NA
python.exe,12184,0x0,Other,-1,0,0,Composed: Copy with GPU GDI,2026-8-20 18:39:43.668976200,7.9015,7.9015,0.0000,1.2024,7.4850,1.2808,6.2042,NA,NA,NA,NA,NA,NA,NA
python.exe,12184,0x0,Other,-1,0,0,Composed: Copy with GPU GDI,2026-8-20 18:39:43.676877700,2.5586,2.5586,0.0000,0.7904,2.0908,0.6813,1.4095,NA,NA,NA,NA,NA,NA,NA
python.exe,12184,0x0,Other,0,0,1,Hardware: Legacy Flip,2026-8-20 18:39:43.679436300,7.5881,7.5881,0.0000,0.3261,7.3174,0.7447,6.5727,9.2657,10.7277,9.8683,8712.1237,NA,NA,NA
python.exe,12184,0x0,Other,-1,0,0,Composed: Copy with GPU GDI,2026-8-20 18:39:43.687024400,2.2662,2.2662,0.0000,0.0554,2.9967,2.9967,0.0000,NA,NA,NA,NA,NA,NA,NA
python.exe,12184,0x0,Other,-1,0,0,Composed: Copy with GPU GDI,2026-8-20 18:39:43.689290600,1.6932,1.6932,0.0000,0.7896,1.0582,0.3692,0.6890,10.1391,12.1175,-0.8734,8721.9780,NA,NA,NA
python.exe,12184,0x0,Other,-1,0,0,Composed: Copy with GPU GDI,2026-8-20 18:39:43.690983800,13.4525,13.4525,0.0000,0.1704,13.4719,1.4441,12.0278,20.5634,0.1914,-10.4243,8723.6712,NA,NA,NA
python.exe,12184,0x0,Other,0,0,1,Hardware: Legacy Flip,2026-8-20 18:39:43.704436300,6.0602,6.0602,0.0000,0.1942,5.9251,0.8136,5.1115,7.3023,10.6830,13.2611,8737.1237,NA,NA,NA
python.exe,12184,0x0,Other,-1,0,0,Composed: Copy with GPU GDI,2026-8-20 18:39:43.710496500,1.4124,1.4124,0.0000,0.0591,1.8146,1.8146,0.0000,NA,NA,NA,NA,NA,NA,NA
python.exe,12184,0x0,Other,-1,0,0,Composed: Copy with GPU GDI,2026-8-20 18:39:43.711908900,0.8810,0.8810,0.0000,0.4677,0.9499,0.7273,0.2226,NA,NA,NA,NA,NA,NA,NA
python.exe,12184,0x0,Other,-1,0,0,Composed: Copy with GPU GDI,2026-8-20 18:39:43.712789900,2.3809,2.3809,0.0000,0.5396,2.0287,0.4055,1.6232,NA,NA,NA,NA,NA,NA,NA
python.exe,12184,0x0,Other,0,0,1,Hardware: Legacy Flip,2026-8-20 18:39:43.715170800,6.1013,6.1013,0.0000,0.1908,5.9809,1.1414,4.8395,7.2508,13.4118,0.0515,8747.8582,NA,NA,NA
python.exe,12184,0x0,Other,-1,0,0,Composed: Copy with GPU GDI,2026-8-20 18:39:43.721272100,1.4655,1.4655,0.0000,0.0704,1.6053,1.6053,0.0000,14.5613,6.1364,-7.3105,8753.9595,NA,NA,NA
python.exe,12184,0x0,Other,-1,0,0,Composed: Copy with GPU GDI,2026-8-20 18:39:43.722737600,9.3530,9.3530,0.0000,0.2155,9.3177,0.9131,8.4046,19.2322,8.4523,-4.6709,8755.4250,NA,NA,NA
python.exe,12184,0x0,Other,0,0,1,Hardware: Legacy Flip,2026-8-20 18:39:43.732090600,17.5751,17.5751,0.0000,0.1854,17.4599,5.4617,11.9982,18.3315,6.8389,0.9007,8764.7780,NA,NA,NA
python.exe,12184,0x0,Other,-1,0,0,Composed: Copy with GPU GDI,2026-8-20 18:39:43.749665700,3.7808,3.7808,0.0000,0.0702,3.8344,1.6569,2.1775,NA,NA,NA,NA,NA,NA,NA
python.exe,12184,0x0,Other,0,0,1,Hardware: Legacy Flip,2026-8-20 18:39:43.753446500,2.6469,2.6469,0.0000,0.1268,2.5371,0.7298,1.8073,3.8145,11.4418,14.5170,8786.1339,NA,NA,NA
python.exe,12184,0x0,Other,-1,0,0,Composed: Copy with GPU GDI,2026-8-20 18:39:43.756093400,2.0548,2.0548,0.0000,0.0170,2.3942,1.8712,0.5230,NA,NA,NA,NA,NA,NA,NA
python.exe,12184,0x0,Other,-1,0,0,Composed: Copy with GPU GDI,2026-8-20 18:39:43.758148200,7.0979,7.0979,0.0000,0.3589,7.1004,0.6377,6.4627,NA,NA,NA,NA,NA,NA,NA
python.exe,12184,0x0,Other,0,0,1,Hardware: Legacy Flip,2026-8-20 18:39:43.765246100,2.0790,2.0790,0.0000,1.7271,1.2844,1.2844,0.0000,3.4567,15.6154,0.3578,8797.9335,NA,NA,NA
python.exe,12184,0x0,Other,-1,0,0,Composed: Copy with GPU GDI,2026-8-20 18:39:43.767325100,2.8179,2.8179,0.0000,0.1372,2.8235,1.9684,0.8551,16.9931,5.4961,-13.5364,8800.0125,NA,NA,NA
python.exe,12184,0x0,Other,-1,0,0,Composed: Copy with GPU GDI,2026-8-20 18:39:43.770143000,5.5679,5.5679,0.0000,0.1464,5.6403,0.4660,5.1743,NA,NA,NA,NA,NA,NA,NA
python.exe,12184,0x0,Other,-1,0,0,Composed: Copy with GPU GDI,2026-8-20 18:39:43.775710900,10.0216,10.0216,0.0000,0.2228,10.3481,0.9417,9.4064,NA,NA,NA,NA,NA,NA,NA
python.exe,12184,0x0,Other,0,0,1,Hardware: Legacy Flip,2026-8-20 18:39:43.785732500,3.1202,3.1202,0.0000,0.5538,2.7143,1.1313,1.5830,4.0818,11.6713,12.9113,8818.4199,NA,NA,NA
python.exe,12184,0x0,Other,-1,0,0,Composed: Copy with GPU GDI,2026-8-20 18:39:43.788852700,3.0670,3.0670,0.0000,0.1479,3.2191,2.1049,1.1142,NA,NA,NA,NA,NA,NA,NA
python.exe,12184,0x0,Other,-1,0,0,Composed: Copy with GPU GDI,2026-8-20 18:39:43.791919700,4.9599,4.9599,0.0000,0.3060,5.5690,1.2567,4.3123,NA,NA,NA,NA,NA,NA,NA
python.exe,12184,0x0,Other,0,0,1,Hardware: Legacy Flip,2026-8-20 18:39:43.796879600,3.6883,3.6883,0.0000,0.9200,2.8652,1.2464,1.6188,4.6060,13.1492,-0.5242,8829.5670,NA,NA,NA
python.exe,12184,0x0,Other,-1,0,0,Composed: Copy with GPU GDI,2026-8-20 18:39:43.800567900,1.7489,1.7489,0.0000,0.0969,2.0509,2.0509,0.0000,14.0669,6.0982,-9.4609,8833.2553,NA,NA,NA
python.exe,12184,0x0,Other,-1,0,0,Composed: Copy with GPU GDI,2026-8-20 18:39:43.802316800,5.8302,5.8302,0.0000,0.4405,5.6351,0.6184,5.0167,18.4162,0.6470,-4.3493,8835.0042,NA,NA,NA
python.exe,12184,0x0,Other,-1,0,0,Composed: Copy with GPU GDI,2026-8-20 18:39:43.808147000,5.3410,5.3410,0.0000,0.2483,5.3131,0.5879,4.7252,NA,NA,NA,NA,NA,NA,NA
python.exe,12184,0x0,Other,0,0,1,Hardware: Legacy Flip,2026-8-20 18:39:43.813488000,6.7881,6.7881,0.0000,0.2227,6.6995,0.7354,5.9641,7.8920,16.0942,10.5242,8846.1754,NA,NA,NA
python.exe,12184,0x0,Other,-1,0,0,Composed: Copy with GPU GDI,2026-8-20 18:39:43.820276100,8.3785,8.3785,0.0000,0.1341,9.5687,2.8939,6.6748,NA,NA,NA,NA,NA,NA,NA
python.exe,12184,0x0,Other,-1,0,0,Composed: Copy with GPU GDI,2026-8-20 18:39:43.828654600,4.7899,4.7899,0.0000,1.3306,3.9788,0.9575,3.0213,NA,NA,NA,NA,NA,NA,NA
python.exe,12184,0x0,Other,0,0,1,Hardware: Legacy Flip,2026-8-20 18:39:43.833444500,2.7164,2.7164,0.0000,0.5239,2.2572,0.3021,1.9551,4.0297,13.5848,3.8623,8866.1319,NA,NA,NA
python.exe,12184,0x0,Other,-1,0,0,Composed: Copy with GPU GDI,2026-8-20 18:39:43.836160900,1.2520,1.2520,0.0000,0.0647,1.9181,1.9181,0.0000,14.8981,6.0774,-10.8684,8868.8483,NA,NA,NA
python.exe,12184,0x0,Other,-1,0,0,Composed: Copy with GPU GDI,2026-8-20 18:39:43.837412900,5.1360,5.1360,0.0000,0.7334,4.6571,0.4892,4.1679,19.7235,9.1513,-4.8254,8870.1003,NA,NA,NA
python.exe,12184,0x0,Other,0,0,1,Hardware: Legacy Flip,2026-8-20 18:39:43.842548900,23.4227,23.4227,0.0000,0.2574,23.2794,5.3923,17.8871,23.7388,11.0472,-4.0153,8875.2363,NA,NA,NA
python.exe,12184,0x0,Other,-1,0,0,Composed: Copy with GPU GDI,2026-8-20 18:39:43.865971600,5.4202,5.4202,0.0000,0.1141,5.4542,1.1923,4.2619,NA,NA,NA,NA,NA,NA,NA
python.exe,12184,0x0,Other,0,0,1,Hardware: Legacy Flip,2026-8-20 18:39:43.871391800,4.2332,4.2332,0.0000,0.1518,4.1058,0.8629,3.2429,5.9431,10.1516,17.7957,8904.0792,NA,NA,NA
python.exe,12184,0x0,Other,-1,0,0,Composed: Copy with GPU GDI,2026-8-20 18:39:43.875625000,1.2280,1.2280,0.0000,0.0244,2.0187,2.0187,0.0000,NA,NA,NA,NA,NA,NA,NA
python.exe,12184,0x0,Other,-1,0,0,Composed: Copy with GPU GDI,2026-8-20 18:39:43.876853000,2.7919,2.7919,0.0000,0.8197,2.1724,0.4813,1.6911,NA,NA,NA,NA,NA,NA,NA
python.exe,12184,0x0,Other,0,0,1,Hardware: Legacy Flip,2026-8-20 18:39:43.879644900,6.0934,6.0934,0.0000,0.2033,5.9492,0.9820,4.9672,7.8416,12.1676,-1.8985,8912.3323,NA,NA,NA
python.exe,12184,0x0,Other,-1,0,0,Composed: Copy with GPU GDI,2026-8-20 18:39:43.885738300,2.7118,2.7118,0.0000,0.0591,2.7545,2.6532,0.1013,NA,NA,NA,NA,NA,NA,NA
python.exe,12184,0x0,Other,-1,0,0,Composed: Copy with GPU GDI,2026-8-20 18:39:43.888450100,3.3792,3.3792,0.0000,0.1054,3.5315,0.4698,3.0617,11.2040,2.6539,-3.3624,8921.1375,NA,NA,NA
python.exe,12184,0x0,Other,-1,0,0,Composed: Copy with GPU GDI,2026-8-20 18:39:43.891829300,6.6964,6.6964,0.0000,0.3103,6.9163,0.9681,5.9482,NA,NA,NA,NA,NA,NA,NA
python.exe,12184,0x0,Other,0,0,1,Hardware: Legacy Flip,2026-8-20 18:39:43.898525700,2.5270,2.5270,0.0000,2.1250,0.9774,0.9774,0.0000,3.7823,15.4766,7.4217,8931.2131,NA,NA,NA
python.exe,12184,0x0,Other,-1,0,0,Composed: Copy with GPU GDI,2026-8-20 18:39:43.901052700,2.4592,2.4592,0.0000,0.1156,2.5492,2.1916,0.3576,16.7319,6.0845,-12.9496,8933.7401,NA,NA,NA
python.exe,12184,0x0,Other,-1,0,0,Composed: Copy with GPU GDI,2026-8-20 18:39:43.903511900,5.8177,5.8177,0.0000,0.2102,5.8676,0.5286,5.3390,20.3572,1.4233,-3.6253,8936.1993,NA,NA,NA
python.exe,12184,0x0,Other,-1,0,0,Composed: Copy with GPU GDI,2026-8-20 18:39:43.909329600,10.3983,10.3983,0.0000,0.2634,10.6263,0.8837,9.7426,NA,NA,NA,NA,NA,NA,NA
python.exe,12184,0x0,Other,0,0,1,Hardware: Legacy Flip,2026-8-20 18:39:43.919727900,3.6631,3.6631,0.0000,0.4956,3.2926,0.7917,2.5009,5.5645,12.2893,14.7927,8952.4153,NA,NA,NA
python.exe,12184,0x0,Other,-1,0,0,Composed: Copy with GPU GDI,2026-8-20 18:39:43.923391000,2.2953,2.2953,0.0000,0.1251,3.0534,3.0534,0.0000,NA,NA,NA,NA,NA,NA,NA
python.exe,12184,0x0,Other,-1,0,0,Composed: Copy with GPU GDI,2026-8-20 18:39:43.925686300,7.9262,7.9262,0.0000,0.8879,7.4090,0.8429,6.5661,NA,NA,NA,NA,NA,NA,NA
python.exe,12184,0x0,Other,0,0,1,Hardware: Legacy Flip,2026-8-20 18:39:43.933612500,2.7415,2.7415,0.0000,0.3753,2.4485,0.7743,1.6742,3.9692,16.6116,1.5953,8966.2999,NA,NA,NA
python.exe,12184,0x0,Other,-1,0,0,Composed: Copy with GPU GDI,2026-8-20 18:39:43.936354000,4.6196,4.6196,0.0000,0.0823,5.2624,2.6213,2.6411,17.8393,6.0577,-13.8701,8969.0414,NA,NA,NA
python.exe,12184,0x0,Other,-1,0,0,Composed: Copy with GPU GDI,2026-8-20 18:39:43.940973600,7.8709,7.8709,0.0000,0.7290,7.3773,2.8882,4.4891,19.2774,12.1567,-1.4381,8973.6610,NA,NA,NA
python.exe,12184,0x0,Other,-1,0,0,Composed: Copy with GPU GDI,2026-8-20 18:39:43.948844500,5.1425,5.1425,0.0000,0.2396,5.2885,0.7463,4.5422,23.5632,44.2417,-4.2858,8981.5319,NA,NA,NA
python.exe,12184,0x0,Other,0,0,1,Hardware: Legacy Flip,2026-8-20 18:39:43.953987000,61.9399,61.9399,0.0000,0.3889,61.6908,4.3024,57.3884,62.6624,7.5608,-39.0992,8986.6744,NA,NA,NA
python.exe,12184,0x0,Other,0,0,1,Hardware: Legacy Flip,2026-8-20 18:39:44.015926900,7.2135,7.2135,0.0000,0.1398,7.0984,0.8289,6.2695,8.2833,8.8976,54.3791,9048.6143,NA,NA,NA
python.exe,12184,0x0,Other,-1,0,0,Composed: Copy with GPU GDI,2026-8-20 18:39:44.023140400,1.4035,1.4035,0.0000,0.0247,1.6833,1.6711,0.0122,NA,NA,NA,NA,NA,NA,NA
python.exe,12184,0x0,Other,-1,0,0,Composed: Copy with GPU GDI,2026-8-20 18:39:44.024543900,1.2112,1.2112,0.0000,0.3076,1.5830,0.9693,0.6137,8.5639,3.3399,-0.2806,9057.2313,NA,NA,NA
python.exe,12184,0x0,Other,-1,0,0,Composed: Copy with GPU GDI,2026-8-20 18:39:44.025755100,5.0439,5.0439,0.0000,0.6826,5.0550,1.0349,4.0201,NA,NA,NA,NA,NA,NA,NA
python.exe,12184,0x0,Other,0,0,1,Hardware: Legacy Flip,2026-8-20 18:39:44.030799000,4.2709,4.2709,0.0000,0.6994,3.6334,0.9485,2.6849,5.6487,14.7886,2.9152,9063.4864,NA,NA,NA
python.exe,12184,0x0,Other,-1,0,0,Composed: Copy with GPU GDI,2026-8-20 18:39:44.035069900,1.7532,1.7532,0.0000,0.0619,2.0062,2.0062,0.0000,16.1664,5.9190,-10.5177,9067.7573,NA,NA,NA
python.exe,12184,0x0,Other,-1,0,0,Composed: Copy with GPU GDI,2026-8-20 18:39:44.036823100,6.1677,6.1677,0.0000,0.3176,6.1274,0.6368,5.4906,NA,NA,NA,NA,NA,NA,NA
python.exe,12184,0x0,Other,-1,0,0,Composed: Copy with GPU GDI,2026-8-20 18:39:44.042990800,9.2526,9.2526,0.0000,0.2806,9.6697,1.2280,8.4417,NA,NA,NA,NA,NA,NA,NA
python.exe,12184,0x0,Other,0,0,1,Hardware: Legacy Flip,2026-8-20 18:39:44.052243400,3.7422,3.7422,0.0000,0.7020,3.1011,0.6229,2.4782,4.9119,12.0579,11.2545,9084.9308,NA,NA,NA
python.exe,12184,0x0,Other,-1,0,0,Composed: Copy with GPU GDI,2026-8-20 18:39:44.055985600,1.4830,1.4830,0.0000,0.0609,1.7351,1.7351,0.0000,NA,NA,NA,NA,NA,NA,NA
python.exe,12184,0x0,Other,-1,0,0,Composed: Copy with GPU GDI,2026-8-20 18:39:44.057468600,7.0244,7.0244,0.0000,0.3156,7.4660,1.3130,6.1530,NA,NA,NA,NA,NA,NA,NA
python.exe,12184,0x0,Other,0,0,1,Hardware: Legacy Flip,2026-8-20 18:39:44.064493000,3.4467,3.4467,0.0000,0.8104,2.6908,0.6344,2.0564,4.7202,18.4273,0.1917,9097.1804,NA,NA,NA
python.exe,12184,0x0,Other,-1,0,0,Composed: Copy with GPU GDI,2026-8-20 18:39:44.067939700,11.1808,11.1808,0.0000,0.0545,11.4427,4.4013,7.0414,19.7008,2.2954,-14.9806,9100.6271,NA,NA,NA
python.exe,12184,0x0,Other,-1,0,0,Composed: Copy with GPU GDI,2026-8-20 18:39:44.079120500,3.8390,3.8390,0.0000,0.3205,4.2883,1.3179,2.9704,NA,NA,NA,NA,NA,NA,NA
python.exe,12184,0x0,Other,0,0,1,Hardware: Legacy Flip,2026-8-20 18:39:44.082959500,5.5411,5.5411,0.0000,0.7730,4.8705,0.9044,3.9661,6.9764,14.3468,12.7244,9115.6469,NA,NA,NA
python.exe,12184,0x0,Other,-1,0,0,Composed: Copy with GPU GDI,2026-8-20 18:39:44.088500600,2.0237,2.0237,0.0000,0.1024,2.1670,2.1480,0.0190,NA,NA,NA,NA,NA,NA,NA
python.exe,12184,0x0,Other,-1,0,0,Composed: Copy with GPU GDI,2026-8-20 18:39:44.090524300,1.5063,1.5063,0.0000,0.2572,1.9442,1.1881,0.7561,NA,NA,NA,NA,NA,NA,NA
python.exe,12184,0x0,Other,-1,0,0,Composed: Copy with GPU GDI,2026-8-20 18:39:44.092030600,7.5434,7.5434,0.0000,0.6999,7.3553,0.8772,6.4781,NA,NA,NA,NA,NA,NA,NA
python.exe,12184,0x0,Other,0,0,1,Hardware: Legacy Flip,2026-8-20 18:39:44.099574000,3.5700,3.5700,0.0000,3.2052,0.6350,0.6350,0.0000,4.7087,13.7097,2.2677,9132.2614,NA,NA,NA
python.exe,12184,0x0,Other,-1,0,0,Composed: Copy with GPU GDI,2026-8-20 18:39:44.103144000,1.5568,1.5568,0.0000,0.0675,1.6617,1.6617,0.0000,14.8484,6.1367,-10.1397,9135.8314,NA,NA,NA
python.exe,12184,0x0,Other,-1,0,0,Composed: Copy with GPU GDI,2026-8-20 18:39:44.104700800,4.7490,4.7490,0.0000,0.1752,4.8314,0.6263,4.2051,19.4283,6.0065,-4.5799,9137.3882,NA,NA,NA
python.exe,12184,0x0,Other,-1,0,0,Composed: Copy with GPU GDI,2026-8-20 18:39:44.109449800,9.6209,9.6209,0.0000,0.2611,10.0638,1.2186,8.8452,20.6858,9.0356,-1.2575,9142.1372,NA,NA,NA
python.exe,12184,0x0,Other,0,0,1,Hardware: Legacy Flip,2026-8-20 18:39:44.119070700,19.4719,19.4719,0.0000,0.7087,18.8629,5.5088,13.3541,20.1005,7.7707,0.5853,9151.7581,NA,NA,NA
python.exe,12184,0x0,Other,-1,0,0,Composed: Copy with GPU GDI,2026-8-20 18:39:44.138542600,4.7045,4.7045,0.0000,0.0997,5.2380,1.8182,3.4198,NA,NA,NA,NA,NA,NA,NA
python.exe,12184,0x0,Other,0,0,1,Hardware: Legacy Flip,2026-8-20 18:39:44.143247100,2.6178,2.6178,0.0000,0.6393,2.0327,0.3143,1.7184,3.6948,5.8335,16.4057,9175.9345,NA,NA,NA
python.exe,12184,0x0,Other,-1,0,0,Composed: Copy with GPU GDI,2026-8-20 18:39:44.145864900,1.8071,1.8071,0.0000,0.0542,1.9853,1.7748,0.2105,NA,NA,NA,NA,NA,NA,NA
python.exe,12184,0x0,Other,0,0,1,Hardware: Legacy Flip,2026-8-20 18:39:44.147672000,4.0360,4.0360,0.0000,0.2364,3.8247,0.8750,2.9497,5.1034,13.7880,-1.4086,9180.3594,0.0080,NA,NA
python.exe,12184,0x0,Other,-1,0,0,Composed: Copy with GPU GDI,2026-8-20 18:39:44.151708000,1.8735,1.8735,0.0000,0.0251,1.9738,1.7849,0.1889,14.8554,2.1906,-9.7520,9184.3954,NA,NA,NA
python.exe,12184,0x0,Other,-1,0,0,Composed: Copy with GPU GDI,2026-8-20 18:39:44.153581500,5.9011,5.9011,0.0000,0.1461,6.2784,0.9710,5.3074,NA,NA,NA,NA,NA,NA,NA
python.exe,12184,0x0,Other,-1,0,0,Composed: Copy with GPU GDI,2026-8-20 18:39:44.159482600,5.9282,5.9282,0.0000,0.5278,6.1023,0.9846,5.1177,NA,NA,NA,NA,NA,NA,NA
python.exe,12184,0x0,Other,0,0,1,Hardware: Legacy Flip,2026-8-20 18:39:44.165410800,2.1534,2.1534,0.0000,0.7064,1.5150,0.3466,1.1684,3.3432,15.9516,11.5122,9198.0982,NA,NA,NA
python.exe,12184,0x0,Other,-1,0,0,Composed: Copy with GPU GDI,2026-8-20 18:39:44.167564200,2.9863,2.9863,0.0000,0.0680,3.0942,1.9333,1.1609,17.1414,5.9359,-13.7982,9200.2516,NA,NA,NA
python.exe,12184,0x0,Other,-1,0,0,Composed: Copy with GPU GDI,2026-8-20 18:39:44.170550500,6.0584,6.0584,0.0000,0.2354,5.9148,0.5451,5.3697,NA,NA,NA,NA,NA,NA,NA
python.exe,12184,0x0,Other,-1,0,0,Composed: Copy with GPU GDI,2026-8-20 18:39:44.176608900,9.7717,9.7717,0.0000,0.0945,9.8968,0.6034,9.2934,NA,NA,NA,NA,NA,NA,NA
python.exe,12184,0x0,Other,0,0,1,Hardware: Legacy Flip,2026-8-20 18:39:44.186380600,2.5427,2.5427,0.0000,0.2234,2.3749,0.6499,1.7250,4.2609,18.3325,12.8805,9219.0680,NA,NA,NA
python.exe,12184,0x0,Other,-1,0,0,Composed: Copy with GPU GDI,2026-8-20 18:39:44.188923300,3.0878,3.0878,0.0000,0.0556,3.3692,2.8740,0.4952,20.0507,3.4963,-15.7898,9221.6107,NA,NA,NA
python.exe,12184,0x0,Other,-1,0,0,Composed: Copy with GPU GDI,2026-8-20 18:39:44.192011100,14.7788,14.7788,0.0000,0.3407,15.5910,1.9166,13.6744,NA,NA,NA,NA,NA,NA,NA
python.exe,12184,0x0,Other,0,0,1,Hardware: Legacy Flip,2026-8-20 18:39:44.206789900,4.3584,4.3584,0.0000,1.1840,3.2478,0.7989,2.4489,5.6804,7.9465,14.3703,9239.4773,NA,NA,NA
python.exe,12184,0x0,Other,-1,0,0,Composed: Copy with GPU GDI,2026-8-20 18:39:44.211148300,1.5832,1.5832,0.0000,0.0734,1.8988,1.8988,0.0000,NA,NA,NA,NA,NA,NA,NA
python.exe,12184,0x0,Other,-1,0,0,Composed: Copy with GPU GDI,2026-8-20 18:39:44.212731500,1.6396,1.6396,0.0000,0.3938,1.5526,0.6132,0.9394,NA,NA,NA,NA,NA,NA,NA
python.exe,12184,0x0,Other,0,0,1,Hardware: Legacy Flip,2026-8-20 18:39:44.214371100,4.4465,4.4465,0.0000,0.3100,4.1573,0.8688,3.2885,6.0457,12.9303,-0.3653,9247.0585,0.0392,NA,NA
python.exe,12184,0x0,Other,-1,0,0,Composed: Copy with GPU GDI,2026-8-20 18:39:44.218817600,2.3132,2.3132,0.0000,0.0208,2.4761,2.0719,0.4042,NA,NA,NA,NA,NA,NA,NA
python.exe,12184,0x0,Other,-1,0,0,Composed: Copy with GPU GDI,2026-8-20 18:39:44.221130800,3.5982,3.5982,0.0000,0.1891,3.6248,0.4731,3.1517,12.2163,2.5699,-6.1706,9253.8182,NA,NA,NA
python.exe,12184,0x0,Other,-1,0,0,Composed: Copy with GPU GDI,2026-8-20 18:39:44.224729000,7.5798,7.5798,0.0000,0.2182,7.9127,0.9815,6.9312,NA,NA,NA,NA,NA,NA,NA
python.exe,12184,0x0,Other,0,0,1,Hardware: Legacy Flip,2026-8-20 18:39:44.232308800,2.4763,2.4763,0.0000,0.5544,1.9783,0.6495,1.3288,3.6082,15.5833,8.6081,9264.9962,0.0365,NA,NA
python.exe,12184,0x0,Other,-1,0,0,Composed: Copy with GPU GDI,2026-8-20 18:39:44.234785100,1.5145,1.5145,0.0000,0.0564,1.6826,1.6826,0.0000,16.7152,6.0213,-13.1070,9267.4725,NA,NA,NA
python.exe,12184,0x0,Other,-1,0,0,Composed: Copy with GPU GDI,2026-8-20 18:39:44.236299600,7.2975,7.2975,0.0000,0.2274,7.6692,1.1046,6.5646,21.2220,6.1463,-4.5068,9268.9870,NA,NA,NA
python.exe,12184,0x0,Other,-1,0,0,Composed: Copy with GPU GDI,2026-8-20 18:39:44.243597100,9.9263,9.9263,0.0000,0.6042,10.0136,1.2707,8.7429,20.0708,6.8021,1.1512,9276.2845,NA,NA,NA
python.exe,12184,0x0,Other,0,0,1,Hardware: Legacy Flip,2026-8-20 18:39:44.253523400,16.6523,16.6523,0.0000,0.6943,16.0610,6.2913,9.7697,16.9466,11.3216,3.1242,9286.2108,0.0528,NA,NA
python.exe,12184,0x0,Other,-1,0,0,Composed: Copy with GPU GDI,2026-8-20 18:39:44.270175700,5.3182,5.3182,0.0000,0.1030,5.7206,1.1196,4.6010,NA,NA,NA,NA,NA,NA,NA
python.exe,12184,0x0,Other,0,0,1,Hardware: Legacy Flip,2026-8-20 18:39:44.275493900,4.7806,4.7806,0.0000,0.5588,4.2825,0.9247,3.3578,6.2977,7.4641,10.6489,9308.1813,NA,NA,NA
python.exe,12184,0x0,Other,-1,0,0,Composed: Copy with GPU GDI,2026-8-20 18:39:44.280274500,2.0525,2.0525,0.0000,0.0607,2.6053,2.6053,0.0000,NA,NA,NA,NA,NA,NA,NA
python.exe,12184,0x0,Other,0,0,1,Hardware: Legacy Flip,2026-8-20 18:39:44.282327000,5.8098,5.8098,0.0000,0.6323,5.2130,0.7720,4.4410,6.9287,11.9271,-0.6310,9315.0144,NA,NA,NA
python.exe,12184,0x0,Other,-1,0,0,Composed: Copy with GPU GDI,2026-8-20 18:39:44.288136800,2.0187,2.0187,0.0000,0.0355,2.1654,1.8981,0.2673,NA,NA,NA,NA,NA,NA,NA
python.exe,12184,0x0,Other,-1,0,0,Composed: Copy with GPU GDI,2026-8-20 18:39:44.290155500,1.1268,1.1268,0.0000,0.1855,1.1829,0.4880,0.6949,NA,NA,NA,NA,NA,NA,NA
python.exe,12184,0x0,Other,-1,0,0,Composed: Copy with GPU GDI,2026-8-20 18:39:44.291282300,6.0449,6.0449,0.0000,0.2439,6.5137,1.0443,5.4694,NA,NA,NA,NA,NA,NA,NA
python.exe,12184,0x0,Other,0,0,1,Hardware: Legacy Flip,2026-8-20 18:39:44.297327200,2.7116,2.7116,0.0000,0.7171,2.0713,0.9028,1.1685,3.8556,17.0029,3.0731,9330.0146,NA,NA,NA
python.exe,12184,0x0,Other,-1,0,0,Composed: Copy with GPU GDI,2026-8-20 18:39:44.300038800,3.4083,3.4083,0.0000,0.0768,3.4324,1.6367,1.7957,18.1469,6.0700,-14.2913,9332.7262,NA,NA,NA
python.exe,12184,0x0,Other,-1,0,0,Composed: Copy with GPU GDI,2026-8-20 18:39:44.303447100,6.1772,6.1772,0.0000,0.1034,6.1662,0.4633,5.7029,20.8086,6.0707,-2.6617,9336.1345,NA,NA,NA
python.exe,12184,0x0,Other,-1,0,0,Composed: Copy with GPU GDI,2026-8-20 18:39:44.309624300,15.5357,15.5357,0.0000,0.0948,16.4281,1.4858,14.9423,20.7021,2.0269,0.1065,9342.3117,NA,NA,NA
python.exe,12184,0x0,Other,0,0,1,Hardware: Legacy Flip,2026-8-20 18:39:44.325160000,5.8045,5.8045,0.0000,0.9900,4.9390,0.9222,4.0168,7.1933,4.4844,13.5088,9357.8474,NA,NA,NA
python.exe,12184,0x0,Other,-1,0,0,Composed: Copy with GPU GDI,2026-8-20 18:39:44.330964500,3.1994,3.1994,0.0000,0.1245,3.6699,2.4604,1.2095,NA,NA,NA,NA,NA,NA,NA
python.exe,12184,0x0,Other,0,0,1,Hardware: Legacy Flip,2026-8-20 18:39:44.334163900,1.4819,1.4819,0.0000,0.5988,0.9005,0.2306,0.6699,2.6738,17.8736,4.5195,9366.8513,NA,NA,NA
python.exe,12184,0x0,Other,-1,0,0,Composed: Copy with GPU GDI,2026-8-20 18:39:44.335645800,0.7036,0.7036,0.0000,0.0174,2.0742,2.0742,0.0000,NA,NA,NA,NA,NA,NA,NA
python.exe,12184,0x0,Other,-1,0,0,Composed: Copy with GPU GDI,2026-8-20 18:39:44.336349400,5.6860,5.6860,0.0000,1.3907,4.8818,1.0750,3.8068,18.3619,2.5369,-15.6881,9369.0368,NA,NA,NA
python.exe,12184,0x0,Other,-1,0,0,Composed: Copy with GPU GDI,2026-8-20 18:39:44.342035400,4.7092,4.7092,0.0000,0.5905,4.2277,0.5119,3.7158,NA,NA,NA,NA,NA,NA,NA
python.exe,12184,0x0,Other,0,0,1,Hardware: Legacy Flip,2026-8-20 18:39:44.346744600,8.9444,8.9444,0.0000,0.1122,8.9544,0.9734,7.9810,10.5036,9.5530,7.8583,9379.4320,NA,NA,NA
python.exe,12184,0x0,Other,-1,0,0,Composed: Copy with GPU GDI,2026-8-20 18:39:44.355689000,1.8189,1.8189,0.0000,0.1222,2.3541,2.3336,0.0205,NA,NA,NA,NA,NA,NA,NA
python.exe,12184,0x0,Other,-1,0,0,Composed: Copy with GPU GDI,2026-8-20 18:39:44.357507900,1.1837,1.1837,0.0000,0.6623,0.8820,0.5815,0.3005,9.2933,2.4091,1.2103,9390.1953,NA,NA,NA
python.exe,12184,0x0,Other,-1,0,0,Composed: Copy with GPU GDI,2026-8-20 18:39:44.358691600,5.2156,5.2156,0.0000,0.3633,5.0040,0.4623,4.5417,NA,NA,NA,NA,NA,NA,NA
python.exe,12184,0x0,Other,0,0,1,Hardware: Legacy Flip,2026-8-20 18:39:44.363907200,3.5565,3.5565,0.0000,0.1556,3.4883,1.0587,2.4296,5.3031,15.7098,3.9902,9396.5946,NA,NA,NA
python.exe,12184,0x0,Other,-1,0,0,Composed: Copy with GPU GDI,2026-8-20 18:39:44.367463700,2.6360,2.6360,0.0000,0.0874,3.0845,2.8457,0.2388,17.4564,6.2839,-12.1533,9400.1511,NA,NA,NA
python.exe,12184,0x0,Other,-1,0,0,Composed: Copy with GPU GDI,2026-8-20 18:39:44.370099700,6.3415,6.3415,0.0000,0.5385,6.3140,0.9505,5.3635,21.1043,5.8606,-3.6479,9402.7871,NA,NA,NA
python.exe,12184,0x0,Other,-1,0,0,Composed: Copy with GPU GDI,2026-8-20 18:39:44.376441200,8.8347,8.8347,0.0000,0.5781,8.6380,0.7018,7.9362,20.6234,7.8103,0.4809,9409.1286,NA,NA,NA
python.exe,12184,0x0,Other,0,0,1,Hardware: Legacy Flip,2026-8-20 18:39:44.385275900,19.1429,19.1429,0.0000,0.4278,18.8382,5.7656,13.0726,19.5990,8.2585,1.0244,9417.9633,NA,NA,NA
python.exe,12184,0x0,Other,-1,0,0,Composed: Copy with GPU GDI,2026-8-20 18:39:44.404418800,5.2592,5.2592,0.0000,0.1231,5.6191,1.5508,4.0683,NA,NA,NA,NA,NA,NA,NA
python.exe,12184,0x0,Other,0,0,1,Hardware: Legacy Flip,2026-8-20 18:39:44.409678000,2.0415,2.0415,0.0000,0.5187,1.5563,0.6452,0.9111,3.4554,6.6295,16.1436,9442.3654,NA,NA,NA
python.exe,12184,0x0,Other,-1,0,0,Composed: Copy with GPU GDI,2026-8-20 18:39:44.411719500,1.6901,1.6901,0.0000,0.0335,2.2518,2.2518,0.0000,NA,NA,NA,NA,NA,NA,NA
python.exe,12184,0x0,Other,0,0,1,Hardware: Legacy Flip,2026-8-20 18:39:44.413409600,5.1783,5.1783,0.0000,0.5984,4.5952,0.6873,3.9079,6.3533,13.7102,-2.8979,9446.0970,NA,NA,NA
python.exe,12184,0x0,Other,-1,0,0,Composed: Copy with GPU GDI,2026-8-20 18:39:44.418587900,2.3240,2.3240,0.0000,0.0153,2.9960,2.7643,0.2317,NA,NA,NA,NA,NA,NA,NA
python.exe,12184,0x0,Other,-1,0,0,Composed: Copy with GPU GDI,2026-8-20 18:39:44.420911900,3.9089,3.9089,0.0000,0.6938,3.6889,0.9135,2.7754,12.5612,2.0809,-6.2079,9453.5993,NA,NA,NA
python.exe,12184,0x0,Other,-1,0,0,Composed: Copy with GPU GDI,2026-8-20 18:39:44.424820800,5.8403,5.8403,0.0000,0.4772,6.1020,1.0048,5.0972,NA,NA,NA,NA,NA,NA,NA
python.exe,12184,0x0,Other,0,0,1,Hardware: Legacy Flip,2026-8-20 18:39:44.430661100,2.9894,2.9894,0.0000,0.7431,2.3369,1.0083,1.3286,4.8929,16.1895,7.6683,9463.3485,NA,NA,NA
python.exe,12184,0x0,Other,-1,0,0,Composed: Copy with GPU GDI,2026-8-20 18:39:44.433650500,3.3096,3.3096,0.0000,0.0906,3.6284,2.5646,1.0638,18.0930,4.9838,-13.2001,9466.3379,NA,NA,NA
python.exe,12184,0x0,Other,-1,0,0,Composed: Copy with GPU GDI,2026-8-20 18:39:44.436960100,10.2723,10.2723,0.0000,0.4153,10.1303,1.7521,8.3782,NA,NA,NA,NA,NA,NA,NA
python.exe,12184,0x0,Other,-1,0,0,Composed: Copy with GPU GDI,2026-8-20 18:39:44.447232400,2.3666,2.3666,0.0000,0.2784,2.3078,0.5441,1.7637,NA,NA,NA,NA,NA,NA,NA
python.exe,12184,0x0,Other,0,0,1,Hardware: Legacy Flip,2026-8-20 18:39:44.449599000,5.4989,5.4989,0.0000,0.2221,5.3347,0.6090,4.7257,7.1283,11.8078,10.9647,9482.2864,NA,NA,NA
python.exe,12184,0x0,Other,-1,0,0,Composed: Copy with GPU GDI,2026-8-20 18:39:44.455097900,1.5559,1.5559,0.0000,0.0579,2.1027,2.1027,0.0000,NA,NA,NA,NA,NA,NA,NA
python.exe,12184,0x0,Other,-1,0,0,Composed: Copy with GPU GDI,2026-8-20 18:39:44.456653800,8.2986,8.2986,0.0000,0.6084,8.0131,0.8241,7.1890,NA,NA,NA,NA,NA,NA,NA
python.exe,12184,0x0,Other,0,0,1,Hardware: Legacy Flip,2026-8-20 18:39:44.464952400,1.8903,1.8903,0.0000,0.3276,1.6416,0.9212,0.7204,3.5827,7.4272,3.5456,9497.6398,NA,NA,NA
python.exe,12184,0x0,Other,-1,0,0,Composed: Copy with GPU GDI,2026-8-20 18:39:44.466842700,1.2855,1.2855,0.0000,0.0789,2.1698,2.1698,0.0000,9.1196,12.1039,-5.5369,9499.5301,NA,NA,NA
python.exe,12184,0x0,Other,-1,0,0,Composed: Copy with GPU GDI,2026-8-20 18:39:44.468128200,8.2086,8.2086,0.0000,0.9670,7.6127,0.8769,6.7358,NA,NA,NA,NA,NA,NA,NA
python.exe,12184,0x0,Other,-1,0,0,Composed: Copy with GPU GDI,2026-8-20 18:39:44.476336800,2.7718,2.7718,0.0000,0.3745,2.7273,0.5769,2.1504,11.7294,0.3106,-2.6098,9509.0242,NA,NA,NA
python.exe,12184,0x0,Other,0,0,1,Hardware: Legacy Flip,2026-8-20 18:39:44.479108600,7.5795,7.5795,0.0000,0.3333,7.2969,0.7956,6.5013,9.2682,11.7947,2.4612,9511.7960,NA,NA,NA
python.exe,12184,0x0,Other,-1,0,0,Composed: Copy with GPU GDI,2026-8-20 18:39:44.486688100,1.9357,1.9357,0.0000,0.0507,2.2080,2.2080,0.0000,13.4834,1.0678,-4.2152,9519.3755,NA,NA,NA
python.exe,12184,0x0,Other,-1,0,0,Composed: Copy with GPU GDI,2026-8-20 18:39:44.488623800,4.1197,4.1197,0.0000,0.3269,4.0961,0.6593,3.4368,NA,NA,NA,NA,NA,NA,NA
python.exe,12184,0x0,Other,-1,0,0,Composed: Copy with GPU GDI,2026-8-20 18:39:44.492743500,4.9609,4.9609,0.0000,0.3116,4.7560,0.3528,4.4032,NA,NA,NA,NA,NA,NA,NA
python.exe,12184,0x0,Other,0,0,1,Hardware: Legacy Flip,2026-8-20 18:39:44.497704400,2.4568,2.4568,0.0000,0.1101,2.5031,0.9380,1.5651,3.5349,17.1311,9.9485,9530.3918,NA,NA,NA
python.exe,12184,0x0,Other,-1,0,0,Composed: Copy with GPU GDI,2026-8-20 18:39:44.500161200,3.8507,3.8507,0.0000,0.1564,4.3748,2.0473,2.3275,18.2092,6.0796,-14.6743,9532.8486,NA,NA,NA
python.exe,12184,0x0,Other,-1,0,0,Composed: Copy with GPU GDI,2026-8-20 18:39:44.504011900,5.8182,5.8182,0.0000,0.6842,5.7899,0.9366,4.8533,20.4381,6.0529,-2.2289,9536.6993,NA,NA,NA
python.exe,12184,0x0,Other,-1,0,0,Composed: Copy with GPU GDI,2026-8-20 18:39:44.509830100,10.3258,10.3258,0.0000,0.6585,9.7893,0.5078,9.2815,20.6728,6.1914,-0.2347,9542.5175,NA,NA,NA
python.exe,12184,0x0,Other,0,0,1,Hardware: Legacy Flip,2026-8-20 18:39:44.520155900,16.0205,16.0205,0.0000,0.1250,15.9698,4.5427,11.4271,16.5384,10.2193,4.1344,9552.8433,NA,NA,NA
python.exe,12184,0x0,Other,-1,0,0,Composed: Copy with GPU GDI,2026-8-20 18:39:44.536176400,6.4161,6.4161,0.0000,0.0743,6.9058,1.5042,5.4016,NA,NA,NA,NA,NA,NA,NA
python.exe,12184,0x0,Other,0,0,1,Hardware: Legacy Flip,2026-8-20 18:39:44.542592500,3.2981,3.2981,0.0000,0.5801,2.7769,1.0333,1.7436,4.3211,7.1445,12.2173,9575.2799,NA,NA,NA
python.exe,12184,0x0,Other,-1,0,0,Composed: Copy with GPU GDI,2026-8-20 18:39:44.545890600,1.4034,1.4034,0.0000,0.0589,2.0176,1.9880,0.0296,NA,NA,NA,NA,NA,NA,NA
python.exe,12184,0x0,Other,0,0,1,Hardware: Legacy Flip,2026-8-20 18:39:44.547294000,5.3288,5.3288,0.0000,0.6788,4.6804,0.7617,3.9187,6.7641,12.8373,-2.4430,9579.9814,NA,NA,NA
python.exe,12184,0x0,Other,-1,0,0,Composed: Copy with GPU GDI,2026-8-20 18:39:44.552622800,1.9057,1.9057,0.0000,0.0304,2.2193,2.2193,0.0000,14.2726,2.8494,-7.5085,9585.3102,NA,NA,NA
python.exe,12184,0x0,Other,-1,0,0,Composed: Copy with GPU GDI,2026-8-20 18:39:44.554528500,3.2042,3.2042,0.0000,0.3468,3.0980,0.4532,2.6448,NA,NA,NA,NA,NA,NA,NA
python.exe,12184,0x0,Other,-1,0,0,Composed: Copy with GPU GDI,2026-8-20 18:39:44.557732700,9.0535,9.0535,0.0000,0.2441,9.1564,0.6671,8.4893,NA,NA,NA,NA,NA,NA,NA
python.exe,12184,0x0,Other,0,0,1,Hardware: Legacy Flip,2026-8-20 18:39:44.566786200,1.5402,1.5402,0.0000,0.3507,1.2529,0.3479,0.9050,2.9586,18.9793,11.3140,9599.4736,NA,NA,NA
python.exe,12184,0x0,Other,-1,0,0,Composed: Copy with GPU GDI,2026-8-20 18:39:44.568326400,8.4647,8.4647,0.0000,0.0634,8.8430,3.8432,4.9998,NA,NA,NA,NA,NA,NA,NA
python.exe,12184,0x0,Other,-1,0,0,Composed: Copy with GPU GDI,2026-8-20 18:39:44.576791100,3.7002,3.7002,0.0000,0.4456,3.9264,1.0514,2.8750,NA,NA,NA,NA,NA,NA,NA
python.exe,12184,0x0,Other,-1,0,0,Composed: Copy with GPU GDI,2026-8-20 18:39:44.580491300,2.0059,2.0059,0.0000,0.6773,1.5762,0.5744,1.0018,NA,NA,NA,NA,NA,NA,NA
python.exe,12184,0x0,Other,0,0,1,Hardware: Legacy Flip,2026-8-20 18:39:44.582497200,4.9914,4.9914,0.0000,0.2507,4.7980,0.5822,4.2158,6.2269,13.5436,-3.2683,9615.1846,NA,NA,NA
python.exe,12184,0x0,Other,-1,0,0,Composed: Copy with GPU GDI,2026-8-20 18:39:44.587488600,1.3981,1.3981,0.0000,0.0573,1.8592,1.8592,0.0000,NA,NA,NA,NA,NA,NA,NA
python.exe,12184,0x0,Other,-1,0,0,Composed: Copy with GPU GDI,2026-8-20 18:39:44.588886700,8.7420,8.7420,0.0000,0.5230,8.7201,0.9675,7.7526,NA,NA,NA,NA,NA,NA,NA
python.exe,12184,0x0,Other,0,0,1,Hardware: Legacy Flip,2026-8-20 18:39:44.597628700,3.1066,3.1066,0.0000,0.5052,2.6887,0.6516,2.0371,4.6390,7.0994,1.5879,9630.3161,NA,NA,NA
python.exe,12184,0x0,Other,-1,0,0,Composed: Copy with GPU GDI,2026-8-20 18:39:44.600735300,1.2165,1.2165,0.0000,0.0873,1.9503,1.9503,0.0000,8.6318,12.0039,-3.9928,9633.4227,NA,NA,NA
python.exe,12184,0x0,Other,-1,0,0,Composed: Copy with GPU GDI,2026-8-20 18:39:44.601951800,6.5878,6.5878,0.0000,0.8239,6.3680,0.8644,5.5036,NA,NA,NA,NA,NA,NA,NA
python.exe,12184,0x0,Other,-1,0,0,Composed: Copy with GPU GDI,2026-8-20 18:39:44.608539600,3.8159,3.8159,0.0000,0.6082,3.3724,0.4032,2.9692,NA,NA,NA,NA,NA,NA,NA
python.exe,12184,0x0,Other,0,0,1,Hardware: Legacy Flip,2026-8-20 18:39:44.612355500,7.8554,7.8554,0.0000,0.1681,7.7610,0.6047,7.1563,9.0155,12.2827,-0.3837,9645.0429,NA,NA,NA
python.exe,12184,0x0,Other,-1,0,0,Composed: Copy with GPU GDI,2026-8-20 18:39:44.620210900,2.6246,2.6246,0.0000,0.0737,2.7437,1.7958,0.9479,13.4428,1.7969,-4.4273,9652.8983,NA,NA,NA
python.exe,12184,0x0,Other,-1,0,0,Composed: Copy with GPU GDI,2026-8-20 18:39:44.622835500,1.9010,1.9010,0.0000,0.1958,2.2496,0.8043,1.4453,NA,NA,NA,NA,NA,NA,NA
python.exe,12184,0x0,Other,-1,0,0,Composed: Copy with GPU GDI,2026-8-20 18:39:44.624736500,7.3717,7.3717,0.0000,0.5504,7.4520,0.8993,6.5527,NA,NA,NA,NA,NA,NA,NA
python.exe,12184,0x0,Other,0,0,1,Hardware: Legacy Flip,2026-8-20 18:39:44.632108200,2.0798,2.0798,0.0000,0.6366,1.4987,0.3819,1.1168,3.3424,16.4393,10.1004,9664.7956,NA,NA,NA
python.exe,12184,0x0,Other,-1,0,0,Composed: Copy with GPU GDI,2026-8-20 18:39:44.634188000,2.6694,2.6694,0.0000,0.0555,2.8550,2.2419,0.6131,17.7019,6.1481,-14.3595,9666.8754,NA,NA,NA
python.exe,12184,0x0,Other,-1,0,0,Composed: Copy with GPU GDI,2026-8-20 18:39:44.636857400,6.2659,6.2659,0.0000,0.2445,6.2324,0.5301,5.7023,21.1806,5.9644,-3.4787,9669.5448,NA,NA,NA
python.exe,12184,0x0,Other,-1,0,0,Composed: Copy with GPU GDI,2026-8-20 18:39:44.643123300,9.8234,9.8234,0.0000,0.2131,10.2012,0.9681,9.2331,20.8791,8.0528,0.3015,9675.8107,NA,NA,NA
python.exe,12184,0x0,Other,0,0,1,Hardware: Legacy Flip,2026-8-20 18:39:44.652946700,18.5657,18.5657,0.0000,0.5942,18.1287,5.1206,13.0081,19.1085,6.8751,1.7706,9685.6341,NA,NA,NA
python.exe,12184,0x0,Other,-1,0,0,Composed: Copy with GPU GDI,2026-8-20 18:39:44.671512400,4.6148,4.6148,0.0000,0.1572,4.7128,1.2160,3.4968,NA,NA,NA,NA,NA,NA,NA
python.exe,12184,0x0,Other,0,0,1,Hardware: Legacy Flip,2026-8-20 18:39:44.676127200,1.5500,1.5500,0.0000,1.3282,0.8877,0.8877,0.0000,2.8031,9.6503,16.3054,9708.8146,NA,NA,NA
python.exe,12184,0x0,Other,-1,0,0,Composed: Copy with GPU GDI,2026-8-20 18:39:44.677677200,1.4066,1.4066,0.0000,0.0199,1.6788,1.6788,0.0000,NA,NA,NA,NA,NA,NA,NA
python.exe,12184,0x0,Other,0,0,1,Hardware: Legacy Flip,2026-8-20 18:39:44.679083800,8.2806,8.2806,0.0000,0.2945,8.0058,0.8172,7.1886,9.4968,11.8460,-6.6937,9711.7712,NA,NA,NA
python.exe,12184,0x0,Other,-1,0,0,Composed: Copy with GPU GDI,2026-8-20 18:39:44.687364400,1.6644,1.6644,0.0000,0.0197,1.8328,1.8328,0.0000,NA,NA,NA,NA,NA,NA,NA
python.exe,12184,0x0,Other,-1,0,0,Composed: Copy with GPU GDI,2026-8-20 18:39:44.689028800,2.1742,2.1742,0.0000,0.1908,2.1423,0.4004,1.7419,11.3978,12.0735,-1.9010,9721.7162,NA,NA,NA
python.exe,12184,0x0,Other,-1,0,0,Composed: Copy with GPU GDI,2026-8-20 18:39:44.691203000,12.7808,12.7808,0.0000,0.1613,13.4923,1.2909,12.2014,21.2971,0.2108,-9.8993,9723.8904,NA,NA,NA
python.exe,12184,0x0,Other,0,0,1,Hardware: Legacy Flip,2026-8-20 18:39:44.703983800,7.2214,7.2214,0.0000,0.8758,6.4551,1.1061,5.3490,8.7271,9.3084,12.5700,9736.6712,NA,NA,NA
python.exe,12184,0x0,Other,-1,0,0,Composed: Copy with GPU GDI,2026-8-20 18:39:44.711205200,1.3086,1.3086,0.0000,0.1095,1.9096,1.9096,0.0000,NA,NA,NA,NA,NA,NA,NA
python.exe,12184,0x0,Other,-1,0,0,Composed: Copy with GPU GDI,2026-8-20 18:39:44.712513800,1.2535,1.2535,0.0000,0.7137,0.7030,0.4041,0.2989,NA,NA,NA,NA,NA,NA,NA
python.exe,12184,0x0,Other,-1,0,0,Composed: Copy with GPU GDI,2026-8-20 18:39:44.713767300,2.4367,2.4367,0.0000,0.1681,2.8625,0.9686,1.8939,NA,NA,NA,NA,NA,NA,NA
python.exe,12184,0x0,Other,0,0,1,Hardware: Legacy Flip,2026-8-20 18:39:44.716204000,4.8094,4.8094,0.0000,0.5977,4.2304,0.8653,3.3651,5.8153,14.7492,2.9118,9748.8914,NA,NA,NA
python.exe,12184,0x0,Other,-1,0,0,Composed: Copy with GPU GDI,2026-8-20 18:39:44.721013400,1.3335,1.3335,0.0000,0.0187,1.6506,1.6506,0.0000,15.7551,0.4427,-9.9398,9753.7008,NA,NA,NA
python.exe,12184,0x0,Other,-1,0,0,Composed: Copy with GPU GDI,2026-8-20 18:39:44.722346900,11.2626,11.2626,0.0000,0.3385,11.0540,0.4744,10.5796,NA,NA,NA,NA,NA,NA,NA
python.exe,12184,0x0,Other,0,0,1,Hardware: Legacy Flip,2026-8-20 18:39:44.733609500,2.1692,2.1692,0.0000,0.1397,2.0855,0.5340,1.5515,3.6017,17.7812,12.1534,9766.2969,NA,NA,NA
python.exe,12184,0x0,Other,-1,0,0,Composed: Copy with GPU GDI,2026-8-20 18:39:44.735778700,0.8165,0.8165,0.0000,0.0560,1.7251,1.7251,0.0000,NA,NA,NA,NA,NA,NA,NA
python.exe,12184,0x0,Other,-1,0,0,Composed: Copy with GPU GDI,2026-8-20 18:39:44.736595200,5.9606,5.9606,0.0000,0.9672,5.3596,0.7015,4.6581,18.3972,0.5663,-14.7955,9769.2826,NA,NA,NA
python.exe,12184,0x0,Other,-1,0,0,Composed: Copy with GPU GDI,2026-8-20 18:39:44.742555800,2.9859,2.9859,0.0000,0.3729,3.1495,0.9540,2.1955,NA,NA,NA,NA,NA,NA,NA
python.exe,12184,0x0,Other,0,0,1,Hardware: Legacy Flip,2026-8-20 18:39:44.745541700,8.4846,8.4846,0.0000,0.5401,8.0635,0.9031,7.1604,10.0170,11.5725,8.3802,9778.2291,NA,NA,NA
python.exe,12184,0x0,Other,-1,0,0,Composed: Copy with GPU GDI,2026-8-20 18:39:44.754026300,1.9444,1.9444,0.0000,0.1190,2.0549,2.0549,0.0000,NA,NA,NA,NA,NA,NA,NA
python.exe,12184,0x0,Other,-1,0,0,Composed: Copy with GPU GDI,2026-8-20 18:39:44.755970700,1.4391,1.4391,0.0000,0.2320,1.2892,0.2683,1.0209,11.1605,2.2953,-1.1435,9788.6581,NA,NA,NA
python.exe,12184,0x0,Other,-1,0,0,Composed: Copy with GPU GDI,2026-8-20 18:39:44.757409800,8.1365,8.1365,0.0000,0.0876,8.3432,0.6333,7.7099,NA,NA,NA,NA,NA,NA,NA
python.exe,12184,0x0,Other,0,0,1,Hardware: Legacy Flip,2026-8-20 18:39:44.765546300,2.6155,2.6155,0.0000,0.2974,2.3876,0.6900,1.6976,3.8802,16.0011,7.2803,9798.2337,NA,NA,NA
python.exe,12184,0x0,Other,-1,0,0,Composed: Copy with GPU GDI,2026-8-20 18:39:44.768161800,1.8224,1.8224,0.0000,0.0695,2.1692,2.1667,0.0025,17.2658,6.0383,-13.3856,9800.8492,NA,NA,NA
python.exe,12184,0x0,Other,-1,0,0,Composed: Copy with GPU GDI,2026-8-20 18:39:44.769984200,7.2336,7.2336,0.0000,0.4376,7.1633,0.6813,6.4820,21.4817,5.9929,-4.2159,9802.6716,NA,NA,NA
python.exe,12184,0x0,Other,-1,0,0,Composed: Copy with GPU GDI,2026-8-20 18:39:44.777217800,5.1403,5.1403,0.0000,0.3705,5.0778,0.6478,4.4300,20.2410,2.9595,1.2407,9809.9052,NA,NA,NA
python.exe,12184,0x0,Other,0,0,1,Hardware: Legacy Flip,2026-8-20 18:39:44.782358100,17.7677,17.7677,0.0000,0.3124,17.5225,4.6134,12.9091,18.0602,9.1582,2.1808,9815.0455,NA,NA,NA
python.exe,12184,0x0,Other,-1,0,0,Composed: Copy with GPU GDI,2026-8-20 18:39:44.800125800,3.1900,3.1900,0.0000,0.0672,3.3308,0.8569,2.4739,9.4507,0.1570,8.6095,9832.8132,NA,NA,NA
python.exe,12184,0x0,Other,0,0,1,Hardware: Legacy Flip,2026-8-20 18:39:44.803315800,4.9732,4.9732,0.0000,4.4136,0.9748,0.9748,0.0000,6.4177,10.6346,3.0330,9836.0032,NA,NA,NA
python.exe,12184,0x0,Other,-1,0,0,Composed: Copy with GPU GDI,2026-8-20 18:39:44.808289000,2.9553,2.9553,0.0000,0.0309,3.4176,2.6007,0.8169,NA,NA,NA,NA,NA,NA,NA
python.exe,12184,0x0,Other,-1,0,0,Composed: Copy with GPU GDI,2026-8-20 18:39:44.811244300,1.0129,1.0129,0.0000,0.4968,0.9307,0.6502,0.2805,NA,NA,NA,NA,NA,NA,NA
python.exe,12184,0x0,Other,0,0,1,Hardware: Legacy Flip,2026-8-20 18:39:44.812257200,6.9628,6.9628,0.0000,0.4173,6.6308,0.6913,5.9395,8.1109,15.0517,-1.6932,9844.9446,NA,NA,NA
python.exe,12184,0x0,Other,-1,0,0,Composed: Copy with GPU GDI,2026-8-20 18:39:44.819220000,7.5848,7.5848,0.0000,0.0853,8.8254,3.0181,5.8073,NA,NA,NA,NA,NA,NA,NA
python.exe,12184,0x0,Other,-1,0,0,Composed: Copy with GPU GDI,2026-8-20 18:39:44.826804800,3.8269,3.8269,0.0000,1.3442,2.6176,0.3605,2.2571,NA,NA,NA,NA,NA,NA,NA
python.exe,12184,0x0,Other,-1,0,0,Composed: Copy with GPU GDI,2026-8-20 18:39:44.830631700,1.3143,1.3143,0.0000,0.1384,1.5735,0.6168,0.9567,NA,NA,NA,NA,NA,NA,NA
python.exe,12184,0x0,Other,0,0,1,Hardware: Legacy Flip,2026-8-20 18:39:44.831946000,2.4274,2.4274,0.0000,2.0189,1.0767,1.0767,0.0000,3.4738,16.6333,4.6371,9864.6334,NA,NA,NA
python.exe,12184,0x0,Other,-1,0,0,Composed: Copy with GPU GDI,2026-8-20 18:39:44.834373400,2.4647,2.4647,0.0000,0.1357,2.9850,2.1238,0.8612,17.6797,3.0946,-14.2059,9867.0608,NA,NA,NA
python.exe,12184,0x0,Other,-1,0,0,Composed: Copy with GPU GDI,2026-8-20 18:39:44.836838100,6.0510,6.0510,0.0000,0.6601,6.0375,1.0279,5.0096,NA,NA,NA,NA,NA,NA,NA
python.exe,12184,0x0,Other,0,0,1,Hardware: Legacy Flip,2026-8-20 18:39:44.842889100,10.9717,10.9717,0.0000,0.6512,10.3883,0.6694,9.7189,12.2586,9.0323,5.4211,9875.5765,NA,NA,NA
python.exe,12184,0x0,Other,-1,0,0,Composed: Copy with GPU GDI,2026-8-20 18:39:44.853860800,2.0016,2.0016,0.0000,0.0678,2.1671,2.1297,0.0374,NA,NA,NA,NA,NA,NA,NA
python.exe,12184,0x0,Other,-1,0,0,Composed: Copy with GPU GDI,2026-8-20 18:39:44.855862400,1.0187,1.0187,0.0000,0.2426,1.0985,0.5199,0.5786,8.3176,4.0620,3.9410,9888.5498,NA,NA,NA
python.exe,12184,0x0,Other,-1,0,0,Composed: Copy with GPU GDI,2026-8-20 18:39:44.856881100,6.9405,6.9405,0.0000,0.3259,7.3114,0.9978,6.3136,NA,NA,NA,NA,NA,NA,NA
python.exe,12184,0x0,Other,0,0,1,Hardware: Legacy Flip,2026-8-20 18:39:44.863821600,3.2539,3.2539,0.0000,0.7023,2.6862,0.8515,1.8347,4.4204,8.1684,3.8972,9896.5090,NA,NA,NA
python.exe,12184,0x0,Other,-1,0,0,Composed: Copy with GPU GDI,2026-8-20 18:39:44.867075500,1.1134,1.1134,0.0000,0.1346,1.3807,1.3807,0.0000,9.3349,11.9821,-4.9145,9899.7629,NA,NA,NA
python.exe,12184,0x0,Other,-1,0,0,Composed: Copy with GPU GDI,2026-8-20 18:39:44.868188900,6.6081,6.6081,0.0000,0.4056,6.3983,0.5885,5.8098,NA,NA,NA,NA,NA,NA,NA
python.exe,12184,0x0,Other,-1,0,0,Composed: Copy with GPU GDI,2026-8-20 18:39:44.874797000,4.3581,4.3581,0.0000,0.1983,4.8420,0.9832,3.8588,NA,NA,NA,NA,NA,NA,NA
python.exe,12184,0x0,Other,0,0,1,Hardware: Legacy Flip,2026-8-20 18:39:44.879155100,7.8133,7.8133,0.0000,0.6859,7.1869,1.0120,6.1749,9.2374,12.2137,0.0975,9911.8425,NA,NA,NA
python.exe,12184,0x0,Other,-1,0,0,Composed: Copy with GPU GDI,2026-8-20 18:39:44.886968400,2.9708,2.9708,0.0000,0.0595,3.3470,2.2738,1.0732,NA,NA,NA,NA,NA,NA,NA
python.exe,12184,0x0,Other,-1,0,0,Composed: Copy with GPU GDI,2026-8-20 18:39:44.889939200,0.9761,0.9761,0.0000,0.4385,0.8395,0.5036,0.3359,10.6670,0.9095,-1.4296,9922.6266,NA,NA,NA
python.exe,12184,0x0,Other,-1,0,0,Composed: Copy with GPU GDI,2026-8-20 18:39:44.890915300,7.0890,7.0890,0.0000,0.3051,7.4580,1.0809,6.3771,NA,NA,NA,NA,NA,NA,NA
python.exe,12184,0x0,Other,0,0,1,Hardware: Legacy Flip,2026-8-20 18:39:44.898004300,2.1720,2.1720,0.0000,0.6830,1.6537,0.3899,1.2638,3.5114,17.3059,7.1556,9930.6917,NA,NA,NA
python.exe,12184,0x0,Other,-1,0,0,Composed: Copy with GPU GDI,2026-8-20 18:39:44.900176300,3.3207,3.3207,0.0000,0.1647,3.5701,2.3060,1.2641,18.6453,6.1390,-15.1339,9932.8637,NA,NA,NA
python.exe,12184,0x0,Other,-1,0,0,Composed: Copy with GPU GDI,2026-8-20 18:39:44.903497000,6.4240,6.4240,0.0000,0.4179,6.5752,1.1435,5.4317,21.4636,5.9670,-2.8183,9936.1844,NA,NA,NA
python.exe,12184,0x0,Other,-1,0,0,Composed: Copy with GPU GDI,2026-8-20 18:39:44.909921000,10.8680,10.8680,0.0000,0.6043,10.9577,1.5149,9.4428,21.0066,8.6869,0.4570,9942.6084,NA,NA,NA
python.exe,12184,0x0,Other,0,0,1,Hardware: Legacy Flip,2026-8-20 18:39:44.920789000,18.4656,18.4656,0.0000,0.6991,17.8624,5.3276,12.5348,18.8255,15.6451,2.1811,9953.4764,NA,NA,NA
python.exe,12184,0x0,Other,-1,0,0,Composed: Copy with GPU GDI,2026-8-20 18:39:44.939254600,9.7273,9.7273,0.0000,0.0959,9.7781,2.2218,7.5563,16.0050,0.3013,2.8205,9971.9420,NA,NA,NA
python.exe,12184,0x0,Other,0,0,1,Hardware: Legacy Flip,2026-8-20 18:39:44.948981900,4.8213,4.8213,0.0000,0.1494,4.7383,0.7164,4.0219,6.5790,11.9032,9.4260,9981.6693,NA,NA,NA
python.exe,12184,0x0,Other,-1,0,0,Composed: Copy with GPU GDI,2026-8-20 18:39:44.953803200,1.1741,1.1741,0.0000,0.0664,2.0484,2.0484,0.0000,NA,NA,NA,NA,NA,NA,NA
python.exe,12184,0x0,Other,-1,0,0,Composed: Copy with GPU GDI,2026-8-20 18:39:44.954977300,3.8460,3.8460,0.0000,0.9455,3.0513,0.6996,2.3517,NA,NA,NA,NA,NA,NA,NA
python.exe,12184,0x0,Other,-1,0,0,Composed: Copy with GPU GDI,2026-8-20 18:39:44.958823300,5.5675,5.5675,0.0000,0.1531,6.0680,0.9080,5.1600,NA,NA,NA,NA,NA,NA,NA
python.exe,12184,0x0,Other,0,0,1,Hardware: Legacy Flip,2026-8-20 18:39:44.964390800,1.9179,1.9179,0.0000,0.6581,1.3154,0.3064,1.0090,3.0733,18.0487,3.5057,9997.0782,NA,NA,NA
python.exe,12184,0x0,Other,-1,0,0,Composed: Copy with GPU GDI,2026-8-20 18:39:44.966308700,3.9663,3.9663,0.0000,0.0556,4.2573,1.9847,2.2726,19.2041,4.6706,-16.1308,9998.9961,NA,NA,NA
python.exe,12184,0x0,Other,-1,0,0,Composed: Copy with GPU GDI,2026-8-20 18:39:44.970275000,6.2050,6.2050,0.0000,0.3645,6.3467,0.8081,5.5386,NA,NA,NA,NA,NA,NA,NA
python.exe,12184,0x0,Other,-1,0,0,Composed: Copy with GPU GDI,2026-8-20 18:39:44.976480000,9.6894,9.6894,0.0000,0.5301,9.7950,1.0535,8.7415,NA,NA,NA,NA,NA,NA,NA
python.exe,12184,0x0,Other,0,0,1,Hardware: Legacy Flip,2026-8-20 18:39:44.986169400,2.4092,2.4092,0.0000,0.6429,1.8499,0.4362,1.4137,4.0140,7.4569,15.1901,10018.8568,NA,NA,NA
python.exe,12184,0x0,Other,-1,0,0,Composed: Copy with GPU GDI,2026-8-20 18:39:44.988578600,2.6451,2.6451,0.0000,0.0836,3.4269,3.1240,0.3029,9.0617,3.6709,-5.0477,10021.2660,NA,NA,NA
python.exe,12184,0x0,Other,-1,0,0,Composed: Copy with GPU GDI,2026-8-20 18:39:44.991223700,6.0049,6.0049,0.0000,0.8697,5.3147,0.4969,4.8178,NA,NA,NA,NA,NA,NA,NA
python.exe,12184,0x0,Other,0,0,1,Hardware: Legacy Flip,2026-8-20 18:39:44.997228600,2.9180,2.9180,0.0000,0.1827,2.7903,0.7660,2.0243,4.0826,14.5193,4.9791,10029.9160,NA,NA,NA
python.exe,12184,0x0,Other,-1,0,0,Composed: Copy with GPU GDI,2026-8-20 18:39:45.000146600,1.6382,1.6382,0.0000,0.0550,1.7905,1.7905,0.0000,15.6839,6.2399,-11.6013,10032.8340,NA,NA,NA
python.exe,12184,0x0,Other,-1,0,0,Composed: Copy with GPU GDI,2026-8-20 18:39:45.001784800,6.8095,6.8095,0.0000,0.2123,6.9110,0.5728,6.3382,20.2856,54.9133,-4.6017,10034.4722,NA,NA,NA
python.exe,12184,0x0,Other,0,0,1,Hardware: Legacy Flip,2026-8-20 18:39:45.008594300,67.4942,67.4942,0.0000,0.3199,67.2958,4.8429,62.4529,68.3894,15.8804,-48.1038,10041.2817,NA,NA,NA
python.exe,12184,0x0,Other,-1,0,0,Composed: Copy with GPU GDI,2026-8-20 18:39:45.076088500,10.6270,10.6270,0.0000,0.1215,10.8920,3.2093,7.6827,NA,NA,NA,NA,NA,NA,NA
python.exe,12184,0x0,Other,-1,0,0,Composed: Copy with GPU GDI,2026-8-20 18:39:45.086715500,3.5302,3.5302,0.0000,0.3893,3.3744,0.7540,2.6204,NA,NA,NA,NA,NA,NA,NA
python.exe,12184,0x0,Other,0,0,1,Hardware: Legacy Flip,2026-8-20 18:39:45.090245700,1.6199,1.6199,0.0000,0.2371,1.4354,1.0676,0.3678,2.6184,8.4837,65.7710,10122.9331,NA,NA,NA
python.exe,12184,0x0,Other,-1,0,0,Composed: Copy with GPU GDI,2026-8-20 18:39:45.091865600,0.9056,0.9056,0.0000,0.0526,1.6532,1.6532,0.0000,NA,NA,NA,NA,NA,NA,NA
python.exe,12184,0x0,Other,-1,0,0,Composed: Copy with GPU GDI,2026-8-20 18:39:45.092771200,5.9494,5.9494,0.0000,0.8039,5.6487,0.9945,4.6542,NA,NA,NA,NA,NA,NA,NA
python.exe,12184,0x0,Other,0,0,1,Hardware: Legacy Flip,2026-8-20 18:39:45.098720600,1.5700,1.5700,0.0000,0.5082,1.1082,0.2403,0.8679,2.6272,17.6403,-0.0088,10131.4080,NA,NA,NA
python.exe,12184,0x0,Other,-1,0,0,Composed: Copy with GPU GDI,2026-8-20 18:39:45.100290600,2.6406,2.6406,0.0000,0.0464,3.1458,2.0601,1.0857,18.6975,5.2451,-16.0703,10132.9780,NA,NA,NA
python.exe,12184,0x0,Other,-1,0,0,Composed: Copy with GPU GDI,2026-8-20 18:39:45.102931200,6.6730,6.6730,0.0000,0.5559,6.3578,0.6165,5.7413,NA,NA,NA,NA,NA,NA,NA
python.exe,12184,0x0,Other,-1,0,0,Composed: Copy with GPU GDI,2026-8-20 18:39:45.109604200,9.1176,9.1176,0.0000,0.2434,9.5668,1.1294,8.4374,NA,NA,NA,NA,NA,NA,NA
python.exe,12184,0x0,Other,0,0,1,Hardware: Legacy Flip,2026-8-20 18:39:45.118721800,4.2155,4.2155,0.0000,0.6972,3.6185,1.1335,2.4850,5.5114,11.6551,13.1861,10151.4092,NA,NA,NA
python.exe,12184,0x0,Other,-1,0,0,Composed: Copy with GPU GDI,2026-8-20 18:39:45.122937300,1.1335,1.1335,0.0000,0.1002,1.8617,1.8617,0.0000,NA,NA,NA,NA,NA,NA,NA
python.exe,12184,0x0,Other,-1,0,0,Composed: Copy with GPU GDI,2026-8-20 18:39:45.124070800,8.5750,8.5750,0.0000,0.8317,8.2384,0.9859,7.2525,NA,NA,NA,NA,NA,NA,NA
python.exe,12184,0x0,Other,0,0,1,Hardware: Legacy Flip,2026-8-20 18:39:45.132645800,2.1066,2.1066,0.0000,0.4991,1.6541,0.6878,0.9663,3.2425,7.4044,2.2689,10165.3332,NA,NA,NA
python.exe,12184,0x0,Other,-1,0,0,Composed: Copy with GPU GDI,2026-8-20 18:39:45.134752400,0.8847,0.8847,0.0000,0.0466,1.4739,1.4739,0.0000,8.5403,11.3780,-5.2978,10167.4398,NA,NA,NA
python.exe,12184,0x0,Other,-1,0,0,Composed: Copy with GPU GDI,2026-8-20 18:39:45.135637100,6.3120,6.3120,0.0000,0.6389,6.3139,0.9840,5.3299,NA,NA,NA,NA,NA,NA,NA
python.exe,12184,0x0,Other,-1,0,0,Composed: Copy with GPU GDI,2026-8-20 18:39:45.141949100,4.2596,4.2596,0.0000,0.6449,4.1972,0.9239,3.2733,NA,NA,NA,NA,NA,NA,NA
python.exe,12184,0x0,Other,0,0,1,Hardware: Legacy Flip,2026-8-20 18:39:45.146208700,6.8106,6.8106,0.0000,0.5858,6.2977,0.9949,5.3028,8.4620,12.9807,0.0783,10178.8961,NA,NA,NA
python.exe,12184,0x0,Other,-1,0,0,Composed: Copy with GPU GDI,2026-8-20 18:39:45.153019300,3.2423,3.2423,0.0000,0.0729,3.2961,2.5944,0.7017,NA,NA,NA,NA,NA,NA,NA
python.exe,12184,0x0,Other,-1,0,0,Composed: Copy with GPU GDI,2026-8-20 18:39:45.156261600,1.4406,1.4406,0.0000,0.1412,1.5067,0.4255,1.0812,11.3898,3.6713,-2.9278,10188.9490,NA,NA,NA
python.exe,12184,0x0,Other,-1,0,0,Composed: Copy with GPU GDI,2026-8-20 18:39:45.157702200,8.8749,8.8749,0.0000,0.2101,9.1455,1.1735,7.9720,NA,NA,NA,NA,NA,NA,NA
python.exe,12184,0x0,Other,0,0,1,Hardware: Legacy Flip,2026-8-20 18:39:45.166577100,3.2382,3.2382,0.0000,2.8284,1.4225,1.4225,0.0000,4.7456,14.3835,6.6442,10199.2645,NA,NA,NA
python.exe,12184,0x0,Other,-1,0,0,Composed: Copy with GPU GDI,2026-8-20 18:39:45.169815300,5.2533,5.2533,0.0000,0.1500,5.6527,2.8506,2.8021,NA,NA,NA,NA,NA,NA,NA
python.exe,12184,0x0,Other,-1,0,0,Composed: Copy with GPU GDI,2026-8-20 18:39:45.175068600,1.8173,1.8173,0.0000,0.5521,1.4613,0.4111,1.0502,10.6376,12.1609,-5.8920,10207.7560,NA,NA,NA
python.exe,12184,0x0,Other,-1,0,0,Composed: Copy with GPU GDI,2026-8-20 18:39:45.176885900,9.7244,9.7244,0.0000,0.2000,10.1059,1.0353,9.0706,20.9812,6.0995,-10.3436,10209.5733,NA,NA,NA
python.exe,12184,0x0,Other,0,0,1,Hardware: Legacy Flip,2026-8-20 18:39:45.186610300,16.7855,16.7855,0.0000,0.5874,16.2678,5.3586,10.9092,17.3563,18.1476,3.6249,10219.2977,NA,NA,NA
python.exe,12184,0x0,Other,-1,0,0,Composed: Copy with GPU GDI,2026-8-20 18:39:45.203395800,12.5310,12.5310,0.0000,0.0697,12.9952,2.0130,10.9822,18.7184,0.9329,-1.3621,10236.0832,NA,NA,NA
python.exe,12184,0x0,Other,0,0,1,Hardware: Legacy Flip,2026-8-20 18:39:45.215926800,5.6420,5.6420,0.0000,0.5378,5.2103,1.2764,3.9339,7.1203,4.6094,11.5981,10248.6142,NA,NA,NA
python.exe,12184,0x0,Other,-1,0,0,Composed: Copy with GPU GDI,2026-8-20 18:39:45.221568800,2.7896,2.7896,0.0000,0.1061,2.9283,2.3662,0.5621,NA,NA,NA,NA,NA,NA,NA
python.exe,12184,0x0,Other,0,0,1,Hardware: Legacy Flip,2026-8-20 18:39:45.224358400,1.6388,1.6388,0.0000,0.2496,1.4125,0.5961,0.8164,3.2981,7.5184,3.8222,10257.0458,NA,NA,NA
python.exe,12184,0x0,Other,-1,0,0,Composed: Copy with GPU GDI,2026-8-20 18:39:45.225997200,5.0186,5.0186,0.0000,0.0233,5.1992,2.4419,2.7573,NA,NA,NA,NA,NA,NA,NA
python.exe,12184,0x0,Other,-1,0,0,Composed: Copy with GPU GDI,2026-8-20 18:39:45.231015800,1.7792,1.7792,0.0000,0.2333,1.6736,0.4017,1.2719,NA,NA,NA,NA,NA,NA,NA
python.exe,12184,0x0,Other,0,0,1,Hardware: Legacy Flip,2026-8-20 18:39:45.232795000,1.1882,1.1882,0.0000,0.1314,1.1020,0.7954,0.3066,2.3799,17.3983,0.9182,10265.4824,NA,NA,NA
python.exe,12184,0x0,Other,-1,0,0,Composed: Copy with GPU GDI,2026-8-20 18:39:45.233983200,2.4595,2.4595,0.0000,0.0452,2.9249,2.3906,0.5343,18.5900,5.3325,-16.2101,10266.6706,NA,NA,NA
python.exe,12184,0x0,Other,-1,0,0,Composed: Copy with GPU GDI,2026-8-20 18:39:45.236442700,7.0390,7.0390,0.0000,0.5140,7.1263,1.1371,5.9892,NA,NA,NA,NA,NA,NA,NA
python.exe,12184,0x0,Other,-1,0,0,Composed: Copy with GPU GDI,2026-8-20 18:39:45.243481700,8.9347,8.9347,0.0000,0.6046,8.8170,1.1063,7.7107,NA,NA,NA,NA,NA,NA,NA
python.exe,12184,0x0,Other,0,0,1,Hardware: Legacy Flip,2026-8-20 18:39:45.252416400,4.0957,4.0957,0.0000,0.4920,3.6811,0.8863,2.7948,5.4893,6.6657,13.1007,10285.1038,NA,NA,NA
python.exe,12184,0x0,Other,-1,0,0,Composed: Copy with GPU GDI,2026-8-20 18:39:45.256512100,1.7824,1.7824,0.0000,0.0774,1.9664,1.9664,0.0000,8.0593,3.5385,-2.5700,10289.1995,NA,NA,NA
python.exe,12184,0x0,Other,-1,0,0,Composed: Copy with GPU GDI,2026-8-20 18:39:45.258294500,6.1489,6.1489,0.0000,0.2636,6.2130,0.6844,5.5286,NA,NA,NA,NA,NA,NA,NA
python.exe,12184,0x0,Other,0,0,1,Hardware: Legacy Flip,2026-8-20 18:39:45.264443400,2.5852,2.5852,0.0000,0.3325,2.3276,0.6581,1.6695,3.6665,8.5884,4.3928,10297.1308,NA,NA,NA
python.exe,12184,0x0,Other,-1,0,0,Composed: Copy with GPU GDI,2026-8-20 18:39:45.267028600,1.2089,1.2089,0.0000,0.0749,1.6654,1.6654,0.0000,9.6697,11.1251,-6.0032,10299.7160,NA,NA,NA
python.exe,12184,0x0,Other,-1,0,0,Composed: Copy with GPU GDI,2026-8-20 18:39:45.268237500,6.5454,6.5454,0.0000,0.5366,6.2315,0.4311,5.8004,NA,NA,NA,NA,NA,NA,NA
python.exe,12184,0x0,Other,-1,0,0,Composed: Copy with GPU GDI,2026-8-20 18:39:45.274782900,4.6503,4.6503,0.0000,0.2272,4.6822,0.6428,4.0394,NA,NA,NA,NA,NA,NA,NA
python.exe,12184,0x0,Other,0,0,1,Hardware: Legacy Flip,2026-8-20 18:39:45.279433200,6.8575,6.8575,0.0000,0.2614,6.6734,0.6117,6.0617,8.3902,13.2267,1.2795,10312.1206,NA,NA,NA
python.exe,12184,0x0,Other,-1,0,0,Composed: Copy with GPU GDI,2026-8-20 18:39:45.286290700,2.9962,2.9962,0.0000,0.0773,3.0177,1.9943,1.0234,14.7594,2.7735,-6.3692,10318.9781,NA,NA,NA
python.exe,12184,0x0,Other,-1,0,0,Composed: Copy with GPU GDI,2026-8-20 18:39:45.289286900,1.9995,1.9995,0.0000,0.1049,2.2457,0.6504,1.5953,NA,NA,NA,NA,NA,NA,NA
python.exe,12184,0x0,Other,-1,0,0,Composed: Copy with GPU GDI,2026-8-20 18:39:45.291286400,8.0413,8.0413,0.0000,0.3538,7.8876,0.5830,7.3046,NA,NA,NA,NA,NA,NA,NA
python.exe,12184,0x0,Other,0,0,1,Hardware: Legacy Flip,2026-8-20 18:39:45.299327700,2.6308,2.6308,0.0000,0.2031,2.5442,0.9942,1.5500,4.4959,27.5110,10.2635,10332.0151,NA,NA,NA
python.exe,12184,0x0,Other,-1,0,0,Composed: Copy with GPU GDI,2026-8-20 18:39:45.301958500,21.9287,21.9287,0.0000,0.1165,22.1234,2.8491,19.2743,29.3761,9.8527,-24.8802,10334.6459,NA,NA,NA
python.exe,12184,0x0,Other,0,0,1,Hardware: Legacy Flip,2026-8-20 18:39:45.323887200,16.4853,16.4853,0.0000,0.3176,16.2436,5.0108,11.2328,17.3001,7.8939,12.0760,10356.5746,NA,NA,NA
python.exe,12184,0x0,Other,0,0,1,Hardware: Legacy Flip,2026-8-20 18:39:45.340372500,7.5924,7.5924,0.0000,0.0759,7.5630,0.8530,6.7100,8.7087,4.1035,8.5914,10373.0599,NA,NA,NA
python.exe,12184,0x0,Other,0,0,1,Hardware: Legacy Flip,2026-8-20 18:39:45.347964900,4.2466,4.2466,0.0000,0.0465,4.2338,1.3632,2.8706,5.2198,16.8840,3.4889,10380.6523,NA,NA,NA
python.exe,12184,0x0,Other,0,0,1,Hardware: Legacy Flip,2026-8-20 18:39:45.352211500,17.0351,17.0351,0.0000,0.0337,17.1261,1.5438,15.5823,17.8572,18.7535,-12.6374,10384.8989,NA,NA,NA
python.exe,12184,0x0,Other,0,0,1,Hardware: Legacy Flip,2026-8-20 18:39:45.369246600,18.4041,18.4041,0.0000,0.1247,18.3466,1.0444,17.3022,19.5756,12.4982,-1.7184,10401.9340,NA,NA,NA
python.exe,12184,0x0,Other,0,0,1,Hardware: Legacy Flip,2026-8-20 18:39:45.387650700,12.8321,12.8321,0.0000,0.0672,12.8917,1.7043,11.1874,13.6697,19.5241,5.9059,10420.3381,NA,NA,NA
python.exe,12184,0x0,Other,0,0,1,Hardware: Legacy Flip,2026-8-20 18:39:45.400482800,19.0246,19.0246,0.0000,0.1268,18.9706,1.1285,17.8421,20.3617,15.3135,-6.6920,10433.1702,NA,NA,NA
python.exe,12184,0x0,Other,0,0,1,Hardware: Legacy Flip,2026-8-20 18:39:45.419507400,15.1697,15.1697,0.0000,0.0728,15.2071,1.6365,13.5706,16.6506,18.4516,3.7111,10452.1948,NA,NA,NA
python.exe,12184,0x0,Other,0,0,1,Hardware: Legacy Flip,2026-8-20 18:39:45.434677100,18.9825,18.9825,0.0000,0.1102,18.9443,1.7324,17.2119,19.9325,13.3850,-3.2819,10467.3645,NA,NA,NA
python.exe,12184,0x0,Other,0,0,1,Hardware: Legacy Flip,2026-8-20 18:39:45.453659600,13.2171,13.2171,0.0000,0.0720,13.2166,1.1262,12.0904,14.3350,22.6978,5.5975,10486.3470,NA,NA,NA
python.exe,12184,0x0,Other,0,0,1,Hardware: Legacy Flip,2026-8-20 18:39:45.466876700,22.6580,22.6580,0.0000,0.0715,22.6814,1.4748,21.2066,23.8157,10.0938,-9.4807,10499.5641,NA,NA,NA
python.exe,12184,0x0,Other,0,0,1,Hardware: Legacy Flip,2026-8-20 18:39:45.489534700,10.0075,10.0075,0.0000,0.0949,9.9704,1.2588,8.7116,11.2515,20.3505,12.5642,10522.2221,NA,NA,NA
python.exe,12184,0x0,Other,0,0,1,Hardware: Legacy Flip,2026-8-20 18:39:45.499542200,20.1421,20.1421,0.0000,0.0578,20.1728,1.5419,18.6309,21.5945,15.1662,-10.3430,10532.2296,NA,NA,NA
python.exe,12184,0x0,Other,0,0,1,Hardware: Legacy Flip,2026-8-20 18:39:45.519684300,15.0624,15.0624,0.0000,0.0885,15.0451,1.6643,13.3808,16.6186,17.8601,4.9759,10552.3717,NA,NA,NA
python.exe,12184,0x0,Other,0,0,1,Hardware: Legacy Flip,2026-8-20 18:39:45.534746700,18.5873,18.5873,0.0000,0.0712,18.6551,2.1476,16.5075,19.4163,14.2247,-2.7977,10567.4341,NA,NA,NA
python.exe,12184,0x0,Other,0,0,1,Hardware: Legacy Flip,2026-8-20 18:39:45.553334000,13.9818,13.9818,0.0000,0.1390,13.9095,1.0123,12.8972,15.0537,20.2842,4.3626,10586.0214,NA,NA,NA
python.exe,12184,0x0,Other,0,0,1,Hardware: Legacy Flip,2026-8-20 18:39:45.567315800,19.7624,19.7624,0.0000,0.0667,19.7658,1.2827,18.4831,21.3561,12.4735,-6.3024,10600.0032,NA,NA,NA
python.exe,12184,0x0,Other,0,0,1,Hardware: Legacy Flip,2026-8-20 18:39:45.587078200,12.9836,12.9836,0.0000,0.0701,12.9855,1.9243,11.0612,14.0672,19.7887,7.2889,10619.7656,NA,NA,NA
python.exe,12184,0x0,Other,0,0,1,Hardware: Legacy Flip,2026-8-20 18:39:45.600061800,19.7686,19.7686,0.0000,0.0720,19.7829,1.2556,18.5273,20.8723,13.8358,-6.8051,10632.7492,NA,NA,NA
python.exe,12184,0x0,Other,0,0,1,Hardware: Legacy Flip,2026-8-20 18:39:45.619830400,13.7200,13.7200,0.0000,0.0863,13.6920,1.3019,12.3901,14.9395,21.5200,5.9328,10652.5178,NA,NA,NA
python.exe,12184,0x0,Other,0,0,1,Hardware: Legacy Flip,2026-8-20 18:39:45.633550400,21.0227,21.0227,0.0000,0.0583,21.0259,1.2842,19.7417,22.7395,12.2144,-7.8000,10666.2378,NA,NA,NA
python.exe,12184,0x0,Other,0,0,1,Hardware: Legacy Flip,2026-8-20 18:39:45.654573100,12.7036,12.7036,0.0000,0.0615,12.7103,2.0198,10.6905,13.9312,20.1426,8.8083,10687.2605,NA,NA,NA
python.exe,12184,0x0,Other,0,0,1,Hardware: Legacy Flip,2026-8-20 18:39:45.667276700,19.8700,19.8700,0.0000,0.0682,19.9513,1.6701,18.2812,21.3702,13.7253,-7.4390,10699.9641,NA,NA,NA
python.exe,12184,0x0,Other,0,0,1,Hardware: Legacy Flip,2026-8-20 18:39:45.687146700,13.7607,13.7607,0.0000,0.1495,13.7077,1.6931,12.0146,15.2255,19.0419,6.1447,10719.8341,NA,NA,NA
python.exe,12184,0x0,Other,0,0,1,Hardware: Legacy Flip,2026-8-20 18:39:45.700907400,19.4291,19.4291,0.0000,0.0965,19.4361,1.7745,17.6616,20.5067,13.2877,-5.2812,10733.5948,NA,NA,NA
python.exe,12184,0x0,Other,0,0,1,Hardware: Legacy Flip,2026-8-20 18:39:45.720336500,13.0879,13.0879,0.0000,0.1035,13.0517,1.2169,11.8348,14.3653,20.9099,6.1414,10753.0239,NA,NA,NA
python.exe,12184,0x0,Other,0,0,1,Hardware: Legacy Flip,2026-8-20 18:39:45.733424400,20.5950,20.5950,0.0000,0.0673,20.6174,1.5254,19.0920,22.1873,12.0927,-7.8220,10766.1118,NA,NA,NA
python.exe,12184,0x0,Other,0,0,1,Hardware: Legacy Flip,2026-8-20 18:39:45.754019400,12.3462,12.3462,0.0000,0.0897,12.3063,1.6910,10.6153,13.6850,22.3029,8.5023,10786.7068,NA,NA,NA
python.exe,12184,0x0,Other,0,0,1,Hardware: Legacy Flip,2026-8-20 18:39:45.766365600,22.0295,22.0295,0.0000,0.0498,22.0481,1.5291,20.5190,23.6417,12.3875,-9.9567,10799.0530,NA,NA,NA
python.exe,12184,0x0,Other,0,0,1,Hardware: Legacy Flip,2026-8-20 18:39:45.788395100,12.8989,12.8989,0.0000,0.0684,12.9544,2.1596,10.7948,13.9997,19.5126,9.6420,10821.0825,NA,NA,NA
python.exe,12184,0x0,Other,0,0,1,Hardware: Legacy Flip,2026-8-20 18:39:45.801294000,19.3272,19.3272,0.0000,0.1239,19.3329,1.3911,17.9418,20.6134,13.6802,-6.6137,10833.9814,NA,NA,NA
python.exe,12184,0x0,Other,0,0,1,Hardware: Legacy Flip,2026-8-20 18:39:45.820621200,13.3426,13.3426,0.0000,0.1296,13.3738,1.2770,12.0968,14.9664,19.7544,5.6470,10853.3086,NA,NA,NA
python.exe,12184,0x0,Other,0,0,1,Hardware: Legacy Flip,2026-8-20 18:39:45.833963800,20.1070,20.1070,0.0000,0.1608,20.0120,1.7307,18.2813,21.3782,12.7704,-6.4118,10866.6512,NA,NA,NA
python.exe,12184,0x0,Other,0,0,1,Hardware: Legacy Flip,2026-8-20 18:39:45.854070800,12.7998,12.7998,0.0000,0.0658,12.7861,1.4187,11.3674,14.0416,21.0634,7.3366,10886.7582,NA,NA,NA
python.exe,12184,0x0,Other,0,0,1,Hardware: Legacy Flip,2026-8-20 18:39:45.866870600,20.6399,20.6399,0.0000,0.0521,20.6645,1.4669,19.1976,22.3052,11.5288,-8.2636,10899.5580,NA,NA,NA
python.exe,12184,0x0,Other,0,0,1,Hardware: Legacy Flip,2026-8-20 18:39:45.887510500,12.1152,12.1152,0.0000,0.0767,12.0872,1.7310,10.3562,13.1941,21.1687,9.1111,10920.1979,NA,NA,NA
python.exe,12184,0x0,Other,0,0,1,Hardware: Legacy Flip,2026-8-20 18:39:45.899625700,20.8832,20.8832,0.0000,0.0487,20.9087,1.2613,19.6474,22.2476,12.8743,-9.0535,10932.3131,NA,NA,NA
python.exe,12184,0x0,Other,0,0,1,Hardware: Legacy Flip,2026-8-20 18:39:45.920508900,12.9120,12.9120,0.0000,0.0742,12.9198,1.4804,11.4394,14.2387,20.3263,8.0089,10953.1963,NA,NA,NA
python.exe,12184,0x0,Other,0,0,1,Hardware: Legacy Flip,2026-8-20 18:39:45.933420900,20.0715,20.0715,0.0000,0.0820,20.0456,1.5293,18.5163,21.6530,13.2532,-7.4143,10966.1083,NA,NA,NA
python.exe,12184,0x0,Other,0,0,1,Hardware: Legacy Flip,2026-8-20 18:39:45.953492400,13.5196,13.5196,0.0000,0.0561,13.5301,1.7619,11.7682,14.8347,21.2001,6.8183,10986.1798,NA,NA,NA
python.exe,12184,0x0,Other,0,0,1,Hardware: Legacy Flip,2026-8-20 18:39:45.967012000,21.1599,21.1599,0.0000,0.0666,21.2332,1.4243,19.8089,22.5152,12.7511,-7.6805,10999.6994,NA,NA,NA
python.exe,12184,0x0,Other,0,0,1,Hardware: Legacy Flip,2026-8-20 18:39:45.988171900,13.1145,13.1145,0.0000,0.1399,13.1195,1.7428,11.3767,14.1064,20.4636,8.4088,11020.8593,NA,NA,NA
python.exe,12184,0x0,Other,0,0,1,Hardware: Legacy Flip,2026-8-20 18:39:46.001286400,19.8968,19.8968,0.0000,0.1449,19.8263,1.2924,18.5339,21.4555,13.3076,-7.3491,11033.9738,NA,NA,NA
python.exe,12184,0x0,Other,0,0,1,Hardware: Legacy Flip,2026-8-20 18:39:46.021183200,13.3502,13.3502,0.0000,0.0744,13.4016,1.8421,11.5595,14.8663,18.7303,6.5892,11053.8706,NA,NA,NA
python.exe,12184,0x0,Other,0,0,1,Hardware: Legacy Flip,2026-8-20 18:39:46.034533400,18.9336,18.9336,0.0000,0.1258,18.9375,1.8235,17.1140,20.2464,58.8648,-5.3801,11067.2208,NA,NA,NA
python.exe,12184,0x0,Other,0,0,1,Hardware: Legacy Flip,2026-8-20 18:39:46.053467000,59.0900,59.0900,0.0000,0.1297,59.0466,1.3688,57.6778,60.1776,7.1466,-39.9312,11086.1544,NA,NA,NA
python.exe,12184,0x0,Other,0,0,1,Hardware: Legacy Flip,2026-8-20 18:39:46.112557000,6.5940,6.5940,0.0000,0.0863,6.5301,1.1570,5.3731,8.2342,13.9519,51.9434,11145.2444,NA,NA,NA
python.exe,12184,0x0,Other,0,0,1,Hardware: Legacy Flip,2026-8-20 18:39:46.119151000,14.3005,14.3005,0.0000,0.0224,14.3311,1.8114,12.5197,15.5921,20.2468,-7.3579,11151.8384,NA,NA,NA
python.exe,12184,0x0,Other,0,0,1,Hardware: Legacy Flip,2026-8-20 18:39:46.133451500,20.3648,20.3648,0.0000,0.0530,20.3619,1.4527,18.9092,21.5384,14.1847,-5.9463,11166.1389,NA,NA,NA
python.exe,12184,0x0,Other,0,0,1,Hardware: Legacy Flip,2026-8-20 18:39:46.153816300,13.9859,13.9859,0.0000,0.0501,14.0396,1.8526,12.1870,15.3583,18.2040,6.1801,11186.5037,NA,NA,NA
python.exe,12184,0x0,Other,0,0,1,Hardware: Legacy Flip,2026-8-20 18:39:46.167802200,18.4749,18.4749,0.0000,0.1038,18.4414,1.6825,16.7589,19.5764,14.1695,-4.2181,11200.4896,NA,NA,NA
python.exe,12184,0x0,Other,0,0,1,Hardware: Legacy Flip,2026-8-20 18:39:46.186277100,14.1293,14.1293,0.0000,0.0703,14.1238,1.2141,12.9097,15.2710,20.1502,4.3054,11218.9645,NA,NA,NA
python.exe,12184,0x0,Other,0,0,1,Hardware: Legacy Flip,2026-8-20 18:39:46.200406400,19.9247,19.9247,0.0000,0.0648,19.9521,1.3045,18.6476,21.2919,13.3524,-6.0209,11233.0938,NA,NA,NA
python.exe,12184,0x0,Other,0,0,1,Hardware: Legacy Flip,2026-8-20 18:39:46.220331100,13.6603,13.6603,0.0000,0.0922,13.7003,1.3450,12.3553,14.7196,19.7423,6.5723,11253.0185,NA,NA,NA
python.exe,12184,0x0,Other,0,0,1,Hardware: Legacy Flip,2026-8-20 18:39:46.233991400,19.7496,19.7496,0.0000,0.1322,19.7425,1.3930,18.3495,20.8016,13.2493,-6.0820,11266.6788,NA,NA,NA
python.exe,12184,0x0,Other,0,0,1,Hardware: Legacy Flip,2026-8-20 18:39:46.253741000,13.2369,13.2369,0.0000,0.1251,13.1759,1.2300,11.9459,14.3013,20.6580,6.5003,11286.4284,NA,NA,NA
python.exe,12184,0x0,Other,0,0,1,Hardware: Legacy Flip,2026-8-20 18:39:46.266977900,20.5991,20.5991,0.0000,0.0641,20.6050,1.2847,19.3203,21.7224,12.6984,-7.4211,11299.6653,NA,NA,NA
python.exe,12184,0x0,Other,0,0,1,Hardware: Legacy Flip,2026-8-20 18:39:46.287577000,12.1636,12.1636,0.0000,0.0700,12.1413,1.2026,10.9387,13.8217,20.5227,7.9007,11320.2644,NA,NA,NA
python.exe,12184,0x0,Other,0,0,1,Hardware: Legacy Flip,2026-8-20 18:39:46.299740600,21.0883,21.0883,0.0000,0.0477,21.1429,1.9334,19.2095,22.1808,12.8288,-8.3591,11332.4280,NA,NA,NA
python.exe,12184,0x0,Other,0,0,1,Hardware: Legacy Flip,2026-8-20 18:39:46.320828900,12.6506,12.6506,0.0000,0.1023,12.6452,1.3518,11.2934,13.9213,19.7984,8.2595,11353.5163,NA,NA,NA
python.exe,12184,0x0,Other,0,0,1,Hardware: Legacy Flip,2026-8-20 18:39:46.333479500,19.8647,19.8647,0.0000,0.0969,19.8496,1.4307,18.4189,21.0691,14.0214,-7.1478,11366.1669,NA,NA,NA
python.exe,12184,0x0,Other,0,0,1,Hardware: Legacy Flip,2026-8-20 18:39:46.353344200,14.0816,14.0816,0.0000,0.0818,14.0931,1.3958,12.6973,15.2258,20.5478,5.8433,11386.0316,NA,NA,NA
python.exe,12184,0x0,Other,0,0,1,Hardware: Legacy Flip,2026-8-20 18:39:46.367425800,20.1942,20.1942,0.0000,0.0933,20.1913,1.2456,18.9457,21.6920,11.7253,-6.4662,11400.1132,NA,NA,NA
python.exe,12184,0x0,Other,0,0,1,Hardware: Legacy Flip,2026-8-20 18:39:46.387620000,11.9446,11.9446,0.0000,0.0904,11.9100,1.6351,10.2749,13.2231,20.9585,8.4689,11420.3074,NA,NA,NA
python.exe,12184,0x0,Other,0,0,1,Hardware: Legacy Flip,2026-8-20 18:39:46.399564600,21.0577,21.0577,0.0000,0.0558,21.0855,1.5249,19.5606,22.2370,14.1766,-9.0139,11432.2520,NA,NA,NA
python.exe,12184,0x0,Other,0,0,1,Hardware: Legacy Flip,2026-8-20 18:39:46.420622300,13.9157,13.9157,0.0000,0.0836,14.0331,1.7987,12.2344,15.3559,18.7121,6.8811,11453.3097,NA,NA,NA
python.exe,12184,0x0,Other,0,0,1,Hardware: Legacy Flip,2026-8-20 18:39:46.434538000,18.6159,18.6159,0.0000,0.2010,18.5376,1.7313,16.8063,20.1523,13.1660,-4.7964,11467.2254,NA,NA,NA
python.exe,12184,0x0,Other,0,0,1,Hardware: Legacy Flip,2026-8-20 18:39:46.453153900,13.6149,13.6149,0.0000,0.1227,13.5589,1.7014,11.8575,14.7024,20.8653,5.4499,11485.8413,NA,NA,NA
python.exe,12184,0x0,Other,0,0,1,Hardware: Legacy Flip,2026-8-20 18:39:46.466768800,20.7853,20.7853,0.0000,0.0667,20.7874,1.2839,19.5035,21.9528,12.4764,-7.2504,11499.4562,NA,NA,NA
python.exe,12184,0x0,Other,0,0,1,Hardware: Legacy Flip,2026-8-20 18:39:46.487554100,12.5583,12.5583,0.0000,0.0688,12.6281,1.6674,10.9607,13.6439,20.2234,8.3089,11520.2415,NA,NA,NA
python.exe,12184,0x0,Other,0,0,1,Hardware: Legacy Flip,2026-8-20 18:39:46.500112400,20.0380,20.0380,0.0000,0.1386,19.9603,1.1006,18.8597,21.3090,13.0394,-7.6651,11532.7998,NA,NA,NA
python.exe,12184,0x0,Other,0,0,1,Hardware: Legacy Flip,2026-8-20 18:39:46.520150400,13.1153,13.1153,0.0000,0.0609,13.1263,1.2948,11.8315,14.3104,20.0301,6.9986,11552.8378,NA,NA,NA
python.exe,12184,0x0,Other,0,0,1,Hardware: Legacy Flip,2026-8-20 18:39:46.533265700,19.6198,19.6198,0.0000,0.0719,19.6126,1.3968,18.2158,21.2252,14.8227,-6.9148,11565.9531,NA,NA,NA
python.exe,12184,0x0,Other,0,0,1,Hardware: Legacy Flip,2026-8-20 18:39:46.552885500,15.0534,15.0534,0.0000,0.0647,15.1034,2.1264,12.9770,16.4281,19.5057,4.7971,11585.5729,NA,NA,NA
python.exe,12184,0x0,Other,0,0,1,Hardware: Legacy Flip,2026-8-20 18:39:46.567938900,19.2131,19.2131,0.0000,0.1147,19.2324,1.4658,17.7666,20.8804,12.8223,-4.4523,11600.6263,NA,NA,NA
python.exe,12184,0x0,Other,0,0,1,Hardware: Legacy Flip,2026-8-20 18:39:46.587152000,13.4032,13.4032,0.0000,0.1340,13.3369,1.6871,11.6498,14.4896,21.0366,6.3908,11619.8394,NA,NA,NA
python.exe,12184,0x0,Other,0,0,1,Hardware: Legacy Flip,2026-8-20 18:39:46.600555200,20.9870,20.9870,0.0000,0.0677,20.9959,1.3372,19.6587,22.1230,12.1110,-7.6334,11633.2426,NA,NA,NA
python.exe,12184,0x0,Other,0,0,1,Hardware: Legacy Flip,2026-8-20 18:39:46.621542200,12.2103,12.2103,0.0000,0.0766,12.1814,1.2310,10.9504,13.2470,21.1338,8.8760,11654.2296,NA,NA,NA
python.exe,12184,0x0,Other,0,0,1,Hardware: Legacy Flip,2026-8-20 18:39:46.633752500,20.5374,20.5374,0.0000,0.0477,20.5927,1.2907,19.3020,22.1705,12.4185,-8.9235,11666.4399,NA,NA,NA
python.exe,12184,0x0,Other,0,0,1,Hardware: Legacy Flip,2026-8-20 18:39:46.654289900,12.9421,12.9421,0.0000,0.1030,12.8939,1.7257,11.1682,14.0516,19.8556,8.1189,11686.9773,NA,NA,NA
python.exe,12184,0x0,Other,0,0,1,Hardware: Legacy Flip,2026-8-20 18:39:46.667232000,19.7950,19.7950,0.0000,0.0548,19.8040,1.2759,18.5281,20.9651,13.4203,-6.9135,11699.9194,NA,NA,NA
python.exe,12184,0x0,Other,0,0,1,Hardware: Legacy Flip,2026-8-20 18:39:46.687027000,13.6204,13.6204,0.0000,0.0638,13.6697,1.6196,12.0501,14.5904,21.0583,6.3747,11719.7144,NA,NA,NA
python.exe,12184,0x0,Other,0,0,1,Hardware: Legacy Flip,2026-8-20 18:39:46.700647400,20.8796,20.8796,0.0000,0.1131,20.8694,1.6334,19.2360,22.0283,12.5364,-7.4379,11733.3348,NA,NA,NA
python.exe,12184,0x0,Other,0,0,1,Hardware: Legacy Flip,2026-8-20 18:39:46.721527000,12.3945,12.3945,0.0000,0.1029,12.4348,1.2346,11.2002,13.6851,20.4147,8.3432,11754.2144,NA,NA,NA
python.exe,12184,0x0,Other,0,0,1,Hardware: Legacy Flip,2026-8-20 18:39:46.733921500,20.5785,20.5785,0.0000,0.1432,20.5588,1.6750,18.8838,21.7053,12.4814,-8.0202,11766.6089,NA,NA,NA
python.exe,12184,0x0,Other,0,0,1,Hardware: Legacy Flip,2026-8-20 18:39:46.754500000,12.6660,12.6660,0.0000,0.1235,12.6596,1.3093,11.3503,13.6082,20.6510,8.0971,11787.1874,NA,NA,NA
python.exe,12184,0x0,Other,0,0,1,Hardware: Legacy Flip,2026-8-20 18:39:46.767166000,20.1174,20.1174,0.0000,0.1171,20.1090,1.2023,18.9067,21.5932,12.8783,-7.9850,11799.8534,NA,NA,NA
python.exe,12184,0x0,Other,0,0,1,Hardware: Legacy Flip,2026-8-20 18:39:46.787283400,12.5379,12.5379,0.0000,0.1087,12.5015,1.7193,10.7822,14.3541,20.4807,7.2391,11819.9708,NA,NA,NA
python.exe,12184,0x0,Other,0,0,1,Hardware: Legacy Flip,2026-8-20 18:39:46.799821300,20.9457,20.9457,0.0000,0.0723,20.9671,1.9314,19.0357,22.2969,14.4243,-7.9428,11832.5087,NA,NA,NA
python.exe,12184,0x0,Other,0,0,1,Hardware: Legacy Flip,2026-8-20 18:39:46.820767000,14.6241,14.6241,0.0000,0.0937,14.5909,1.4577,13.1332,15.7755,19.1954,6.5214,11853.4544,NA,NA,NA
python.exe,12184,0x0,Other,0,0,1,Hardware: Legacy Flip,2026-8-20 18:39:46.835391100,18.9769,18.9769,0.0000,0.0605,19.0030,1.5484,17.4546,20.3468,12.5292,-4.5713,11868.0785,NA,NA,NA
python.exe,12184,0x0,Other,0,0,1,Hardware: Legacy Flip,2026-8-20 18:39:46.854368000,12.8776,12.8776,0.0000,0.0866,12.9083,1.6200,11.2883,13.8991,20.2838,6.4477,11887.0554,NA,NA,NA
python.exe,12184,0x0,Other,0,0,1,Hardware: Legacy Flip,2026-8-20 18:39:46.867245600,20.1814,20.1814,0.0000,0.1173,20.1339,1.1080,19.0259,21.3053,12.3974,-7.4062,11899.9330,NA,NA,NA
python.exe,12184,0x0,Other,0,0,1,Hardware: Legacy Flip,2026-8-20 18:39:46.887427000,12.3009,12.3009,0.0000,0.0698,12.2922,1.3225,10.9697,13.5213,20.6661,7.7840,11920.1144,NA,NA,NA
python.exe,12184,0x0,Other,0,0,1,Hardware: Legacy Flip,2026-8-20 18:39:46.899727900,20.5182,20.5182,0.0000,0.0611,20.5117,1.2094,19.3023,21.8865,13.0474,-8.3652,11932.4153,NA,NA,NA
python.exe,12184,0x0,Other,0,0,1,Hardware: Legacy Flip,2026-8-20 18:39:46.920246100,12.8853,12.8853,0.0000,0.0546,12.9264,1.6255,11.3009,14.4157,20.9900,7.4708,11952.9335,NA,NA,NA
python.exe,12184,0x0,Other,0,0,1,Hardware: Legacy Flip,2026-8-20 18:39:46.933131400,20.9524,20.9524,0.0000,0.0957,20.9592,1.6640,19.2952,22.5204,12.7513,-8.1047,11965.8188,NA,NA,NA
python.exe,12184,0x0,Other,0,0,1,Hardware: Legacy Flip,2026-8-20 18:39:46.954083800,12.6346,12.6346,0.0000,0.1025,12.5941,1.6821,10.9120,14.3193,19.6012,8.2011,11986.7712,NA,NA,NA
python.exe,12184,0x0,Other,0,0,1,Hardware: Legacy Flip,2026-8-20 18:39:46.966718400,19.5272,19.5272,0.0000,0.0620,19.5343,1.9051,17.6292,21.2859,13.8973,-6.9666,11999.4058,NA,NA,NA
python.exe,12184,0x0,Other,0,0,1,Hardware: Legacy Flip,2026-8-20 18:39:46.986245600,14.4972,14.4972,0.0000,0.0691,14.5397,2.1933,12.3464,15.6560,19.9083,5.6299,12018.9330,NA,NA,NA
python.exe,12184,0x0,Other,0,0,1,Hardware: Legacy Flip,2026-8-20 18:39:47.000742800,19.6779,19.6779,0.0000,0.1116,19.6691,1.5734,18.0957,21.0671,13.5676,-5.4111,12033.4302,NA,NA,NA
python.exe,12184,0x0,Other,0,0,1,Hardware: Legacy Flip,2026-8-20 18:39:47.020420700,13.7912,13.7912,0.0000,0.1028,13.7579,1.5860,12.1719,14.9568,20.1843,6.1103,12053.1081,NA,NA,NA
python.exe,12184,0x0,Other,0,0,1,Hardware: Legacy Flip,2026-8-20 18:39:47.034211900,19.8608,19.8608,0.0000,0.0695,19.8617,1.4675,18.3942,21.3499,12.0889,-6.3931,12066.8993,NA,NA,NA
python.exe,12184,0x0,Other,0,0,1,Hardware: Legacy Flip,2026-8-20 18:39:47.054072700,12.4077,12.4077,0.0000,0.0704,12.4150,1.7037,10.7113,13.5780,21.1307,7.7719,12086.7601,NA,NA,NA
python.exe,12184,0x0,Other,0,0,1,Hardware: Legacy Flip,2026-8-20 18:39:47.066480400,21.0932,21.0932,0.0000,0.0777,21.0829,1.3545,19.7284,22.3010,13.1078,-8.7230,12099.1678,NA,NA,NA
python.exe,12184,0x0,Other,0,0,1,Hardware: Legacy Flip,2026-8-20 18:39:47.087573600,12.9909,12.9909,0.0000,0.0674,12.9850,1.2570,11.7280,14.3156,64.9451,7.9854,12120.2610,NA,NA,NA
python.exe,12184,0x0,Other,0,0,1,Hardware: Legacy Flip,2026-8-20 18:39:47.100564500,65.1916,65.1916,0.0000,0.0615,65.2466,2.0306,63.2160,66.2698,3.6023,-51.9542,12133.2519,NA,NA,NA
python.exe,12184,0x0,Other,0,0,1,Hardware: Legacy Flip,2026-8-20 18:39:47.165756100,3.4056,3.4056,0.0000,0.1165,3.3166,1.1758,2.1408,4.6805,18.2155,61.5893,12198.4435,NA,NA,NA
python.exe,12184,0x0,Other,0,0,1,Hardware: Legacy Flip,2026-8-20 18:39:47.169161700,18.5443,18.5443,0.0000,0.0275,18.6675,2.0140,16.6535,19.4904,15.6023,-14.8099,12201.8491,NA,NA,NA
python.exe,12184,0x0,Other,0,0,1,Hardware: Legacy Flip,2026-8-20 18:39:47.187706000,15.1587,15.1587,0.0000,0.1507,15.0908,0.9225,14.1683,16.5484,18.4750,2.9420,12220.3934,NA,NA,NA
python.exe,12184,0x0,Other,0,0,1,Hardware: Legacy Flip,2026-8-20 18:39:47.202864700,18.8500,18.8500,0.0000,0.0828,18.8558,1.6964,17.1594,19.8647,12.9802,-3.3163,12235.5521,NA,NA,NA
python.exe,12184,0x0,Other,0,0,1,Hardware: Legacy Flip,2026-8-20 18:39:47.221714700,12.5199,12.5199,0.0000,0.0886,12.5449,1.6747,10.8702,13.9949,18.3612,5.8698,12254.4021,NA,NA,NA
python.exe,12184,0x0,Other,0,0,1,Hardware: Legacy Flip,2026-8-20 18:39:47.234234600,18.4324,18.4324,0.0000,0.1136,18.3863,1.6207,16.7656,19.8362,15.2533,-5.8413,12266.9220,NA,NA,NA
python.exe,12184,0x0,Other,0,0,1,Hardware: Legacy Flip,2026-8-20 18:39:47.252667000,15.3668,15.3668,0.0000,0.0675,15.3692,1.5888,13.7804,16.6571,19.1322,3.1791,12285.3544,NA,NA,NA
python.exe,12184,0x0,Other,0,0,1,Hardware: Legacy Flip,2026-8-20 18:39:47.268033800,19.1388,19.1388,0.0000,0.0699,19.1323,1.4987,17.6336,20.4225,13.3209,-3.7654,12300.7212,NA,NA,NA
python.exe,12184,0x0,Other,0,0,1,Hardware: Legacy Flip,2026-8-20 18:39:47.287172600,12.9163,12.9163,0.0000,0.0634,12.9227,1.5557,11.3670,14.6046,19.5876,5.8179,12319.8600,NA,NA,NA
python.exe,12184,0x0,Other,0,0,1,Hardware: Legacy Flip,2026-8-20 18:39:47.300088900,19.9329,19.9329,0.0000,0.0698,19.9246,1.8161,18.1085,21.2759,14.1695,-6.6713,12332.7763,NA,NA,NA
python.exe,12184,0x0,Other,0,0,1,Hardware: Legacy Flip,2026-8-20 18:39:47.320021800,14.1821,14.1821,0.0000,0.0615,14.2897,1.7904,12.4993,15.5125,19.7616,5.7634,12352.7092,NA,NA,NA
python.exe,12184,0x0,Other,0,0,1,Hardware: Legacy Flip,2026-8-20 18:39:47.334203900,19.7543,19.7543,0.0000,0.1691,19.6605,1.6886,17.9719,21.0920,13.3704,-5.5795,12366.8913,NA,NA,NA
python.exe,12184,0x0,Other,0,0,1,Hardware: Legacy Flip,2026-8-20 18:39:47.353958200,13.1890,13.1890,0.0000,0.0753,13.1828,1.5716,11.6112,14.7081,19.5891,6.3839,12386.6456,NA,NA,NA
python.exe,12184,0x0,Other,0,0,1,Hardware: Legacy Flip,2026-8-20 18:39:47.367147200,19.8326,19.8326,0.0000,0.0691,19.8274,1.6763,18.1511,21.1082,14.2104,-6.4001,12399.8346,NA,NA,NA
python.exe,12184,0x0,Other,0,0,1,Hardware: Legacy Flip,2026-8-20 18:39:47.386979800,13.7731,13.7731,0.0000,0.0639,13.7886,1.4820,12.3066,15.4860,20.5436,5.6222,12419.6672,NA,NA,NA
python.exe,12184,0x0,Other,0,0,1,Hardware: Legacy Flip,2026-8-20 18:39:47.400752900,21.2135,21.2135,0.0000,0.0794,21.2089,1.8210,19.3879,22.2565,11.7052,-6.7705,12433.4403,NA,NA,NA
python.exe,12184,0x0,Other,0,0,1,Hardware: Legacy Flip,2026-8-20 18:39:47.421966400,11.3222,11.3222,0.0000,0.0748,11.3241,1.2137,10.1104,12.7482,20.5219,9.5083,12454.6538,NA,NA,NA
python.exe,12184,0x0,Other,0,0,1,Hardware: Legacy Flip,2026-8-20 18:39:47.433288600,20.6656,20.6656,0.0000,0.0767,20.6697,1.6414,19.0283,21.9479,13.5473,-9.1997,12465.9760,NA,NA,NA
python.exe,12184,0x0,Other,0,0,1,Hardware: Legacy Flip,2026-8-20 18:39:47.453954200,13.6350,13.6350,0.0000,0.0808,13.6894,1.8509,11.8385,14.8296,19.5709,7.1183,12486.6416,NA,NA,NA
python.exe,12184,0x0,Other,0,0,1,Hardware: Legacy Flip,2026-8-20 18:39:47.467589200,19.4704,19.4704,0.0000,0.1352,19.3934,1.3160,18.0774,20.7655,13.1180,-5.9359,12500.2766,NA,NA,NA
python.exe,12184,0x0,Other,0,0,1,Hardware: Legacy Flip,2026-8-20 18:39:47.487059600,13.3188,13.3188,0.0000,0.0582,13.3359,1.5130,11.8229,14.4131,20.0024,6.3524,12519.7470,NA,NA,NA
python.exe,12184,0x0,Other,0,0,1,Hardware: Legacy Flip,2026-8-20 18:39:47.500378400,19.8733,19.8733,0.0000,0.0753,19.8588,1.2432,18.6156,21.0967,13.2604,-6.6836,12533.0658,NA,NA,NA
python.exe,12184,0x0,Other,0,0,1,Hardware: Legacy Flip,2026-8-20 18:39:47.520251700,13.1791,13.1791,0.0000,0.0608,13.2058,1.2880,11.9178,14.4838,20.9721,6.6129,12552.9391,NA,NA,NA
python.exe,12184,0x0,Other,0,0,1,Hardware: Legacy Flip,2026-8-20 18:39:47.533430800,21.3249,21.3249,0.0000,0.0875,21.3153,2.0279,19.2874,22.2768,13.9341,-7.7930,12566.1182,NA,NA,NA
python.exe,12184,0x0,Other,0,0,1,Hardware: Legacy Flip,2026-8-20 18:39:47.554755700,13.2214,13.2214,0.0000,0.0779,13.2294,1.1549,12.0745,14.8860,19.0722,7.3908,12587.4431,NA,NA,NA
python.exe,12184,0x0,Other,0,0,1,Hardware: Legacy Flip,2026-8-20 18:39:47.567977100,19.5759,19.5759,0.0000,0.0859,19.5592,1.8611,17.6981,20.7368,12.9810,-5.8508,12600.6645,NA,NA,NA
python.exe,12184,0x0,Other,0,0,1,Hardware: Legacy Flip,2026-8-20 18:39:47.587553000,12.4555,12.4555,0.0000,0.0692,12.4364,1.3131,11.1233,14.1419,21.6119,6.5949,12620.2404,NA,NA,NA
python.exe,12184,0x0,Other,0,0,1,Hardware: Legacy Flip,2026-8-20 18:39:47.600008500,21.6657,21.6657,0.0000,0.0501,21.6934,1.8704,19.8230,23.2983,12.6691,-9.1564,12632.6959,NA,NA,NA
python.exe,12184,0x0,Other,0,0,1,Hardware: Legacy Flip,2026-8-20 18:39:47.621674200,12.9314,12.9314,0.0000,0.0778,12.9235,1.6680,11.2555,14.3017,18.5052,8.9966,12654.3616,NA,NA,NA
python.exe,12184,0x0,Other,0,0,1,Hardware: Legacy Flip,2026-8-20 18:39:47.634605600,18.7719,18.7719,0.0000,0.0699,18.7618,1.5207,17.2411,19.8755,13.5536,-5.5738,12667.2930,NA,NA,NA
python.exe,12184,0x0,Other,0,0,1,Hardware: Legacy Flip,2026-8-20 18:39:47.653377500,13.4125,13.4125,0.0000,0.0598,13.4213,1.1824,12.2389,14.6572,20.0289,5.2183,12686.0649,NA,NA,NA
python.exe,12184,0x0,Other,0,0,1,Hardware: Legacy Flip,2026-8-20 18:39:47.666790000,20.1732,20.1732,0.0000,0.0686,20.1560,1.4066,18.7494,21.2736,14.0757,-6.6164,12699.4774,NA,NA,NA
python.exe,12184,0x0,Other,0,0,1,Hardware: Legacy Flip,2026-8-20 18:39:47.686963200,13.6230,13.6230,0.0000,0.0514,13.6790,1.5507,12.1283,15.1761,19.7082,6.0975,12719.6506,NA,NA,NA
python.exe,12184,0x0,Other,0,0,1,Hardware: Legacy Flip,2026-8-20 18:39:47.700586200,19.6961,19.6961,0.0000,0.1074,19.6989,1.7912,17.9077,21.2613,12.5894,-6.0852,12733.2736,NA,NA,NA
python.exe,12184,0x0,Other,0,0,1,Hardware: Legacy Flip,2026-8-20 18:39:47.720282300,12.9742,12.9742,0.0000,0.1102,12.9143,1.4850,11.4293,14.1546,20.1525,7.1067,12752.9697,NA,NA,NA
python.exe,12184,0x0,Other,0,0,1,Hardware: Legacy Flip,2026-8-20 18:39:47.733256500,20.0133,20.0133,0.0000,0.0503,20.0260,1.3487,18.6773,21.3329,13.6914,-7.1783,12765.9439,NA,NA,NA
python.exe,12184,0x0,Other,0,0,1,Hardware: Legacy Flip,2026-8-20 18:39:47.753269800,13.7754,13.7754,0.0000,0.0630,13.7672,1.5511,12.2161,15.0110,19.9711,6.3219,12785.9572,NA,NA,NA
python.exe,12184,0x0,Other,0,0,1,Hardware: Legacy Flip,2026-8-20 18:39:47.767045200,19.6931,19.6931,0.0000,0.0548,19.7048,1.4205,18.2843,21.2067,13.9992,-6.1957,12799.7326,NA,NA,NA
python.exe,12184,0x0,Other,0,0,1,Hardware: Legacy Flip,2026-8-20 18:39:47.786738300,13.9696,13.9696,0.0000,0.0665,13.9749,1.7384,12.2365,15.5128,20.0492,5.6939,12819.4257,NA,NA,NA
python.exe,12184,0x0,Other,0,0,1,Hardware: Legacy Flip,2026-8-20 18:39:47.800707900,19.9813,19.9813,0.0000,0.0718,19.9677,1.6936,18.2741,21.5924,13.3595,-6.0796,12833.3953,NA,NA,NA
python.exe,12184,0x0,Other,0,0,1,Hardware: Legacy Flip,2026-8-20 18:39:47.820689200,13.9530,13.9530,0.0000,0.0582,14.0062,2.0145,11.9917,14.9706,19.0030,6.6218,12853.3766,NA,NA,NA
python.exe,12184,0x0,Other,0,0,1,Hardware: Legacy Flip,2026-8-20 18:39:47.834642200,18.6566,18.6566,0.0000,0.1114,18.6478,1.5815,17.0663,20.0206,13.6490,-5.0500,12867.3296,NA,NA,NA
python.exe,12184,0x0,Other,0,0,1,Hardware: Legacy Flip,2026-8-20 18:39:47.853298800,13.8200,13.8200,0.0000,0.1026,13.8017,1.4491,12.3526,15.0130,20.0310,5.0076,12885.9862,NA,NA,NA
python.exe,12184,0x0,Other,0,0,1,Hardware: Legacy Flip,2026-8-20 18:39:47.867118800,20.2297,20.2297,0.0000,0.0843,20.2168,1.4155,18.8013,21.2240,14.0154,-6.2110,12899.8062,NA,NA,NA
python.exe,12184,0x0,Other,0,0,1,Hardware: Legacy Flip,2026-8-20 18:39:47.887348500,13.6566,13.6566,0.0000,0.0714,13.6649,1.3879,12.2770,15.0097,19.4281,6.2143,12920.0359,NA,NA,NA
python.exe,12184,0x0,Other,0,0,1,Hardware: Legacy Flip,2026-8-20 18:39:47.901005100,19.8020,19.8020,0.0000,0.0797,19.8119,1.6427,18.1692,20.7812,12.4759,-5.7715,12933.6925,NA,NA,NA
python.exe,12184,0x0,Other,0,0,1,Hardware: Legacy Flip,2026-8-20 18:39:47.920807100,12.4306,12.4306,0.0000,0.0896,12.3903,1.0249,11.3654,13.4551,20.6465,7.3261,12953.4945,NA,NA,NA
python.exe,12184,0x0,Other,0,0,1,Hardware: Legacy Flip,2026-8-20 18:39:47.933237700,20.0734,20.0734,0.0000,0.0493,20.0910,1.2180,18.8730,21.6710,14.1146,-8.2159,12965.9251,NA,NA,NA
python.exe,12184,0x0,Other,0,0,1,Hardware: Legacy Flip,2026-8-20 18:39:47.953311100,14.6490,14.6490,0.0000,0.0669,14.6743,1.8926,12.7817,15.7122,19.9834,5.9588,12985.9985,NA,NA,NA
python.exe,12184,0x0,Other,0,0,1,Hardware: Legacy Flip,2026-8-20 18:39:47.967960100,19.5016,19.5016,0.0000,0.0922,19.5225,1.5571,17.9654,21.0466,12.3232,-5.3344,13000.6475,NA,NA,NA
python.exe,12184,0x0,Other,0,0,1,Hardware: Legacy Flip,2026-8-20 18:39:47.987461700,12.7343,12.7343,0.0000,0.1131,12.6851,1.6432,11.0419,13.8682,20.1480,7.1784,13020.1491,NA,NA,NA
python.exe,12184,0x0,Other,0,0,1,Hardware: Legacy Flip,2026-8-20 18:39:48.000196000,20.2519,20.2519,0.0000,0.0639,20.2475,1.2586,18.9889,21.2819,13.6693,-7.4137,13032.8834,NA,NA,NA
python.exe,12184,0x0,Other,0,0,1,Hardware: Legacy Flip,2026-8-20 18:39:48.020447900,13.2366,13.2366,0.0000,0.0595,13.2291,1.1645,12.0646,14.6993,19.5039,6.5826,13053.1353,NA,NA,NA
python.exe,12184,0x0,Other,0,0,1,Hardware: Legacy Flip,2026-8-20 18:39:48.033684500,19.4420,19.4420,0.0000,0.0520,19.4882,1.8729,17.6153,20.9666,13.9879,-6.2673,13066.3719,NA,NA,NA
python.exe,12184,0x0,Other,0,0,1,Hardware: Legacy Flip,2026-8-20 18:39:48.053126500,14.0098,14.0098,0.0000,0.0982,13.9736,1.5809,12.3927,15.5125,20.1619,5.4541,13085.8139,NA,NA,NA
python.exe,12184,0x0,Other,0,0,1,Hardware: Legacy Flip,2026-8-20 18:39:48.067136300,20.6117,20.6117,0.0000,0.0620,20.6220,1.7267,18.8953,21.6646,11.7388,-6.1521,13099.8237,NA,NA,NA
python.exe,12184,0x0,Other,0,0,1,Hardware: Legacy Flip,2026-8-20 18:39:48.087748000,11.7040,11.7040,0.0000,0.0723,11.6833,1.1710,10.5123,12.7917,21.9166,8.8729,13120.4354,NA,NA,NA
python.exe,12184,0x0,Other,0,0,1,Hardware: Legacy Flip,2026-8-20 18:39:48.099452000,21.8178,21.8178,0.0000,0.0516,21.8763,1.4750,20.4013,23.0043,13.2121,-10.2126,13132.1394,NA,NA,NA
python.exe,12184,0x0,Other,0,0,1,Hardware: Legacy Flip,2026-8-20 18:39:48.121269800,12.7911,12.7911,0.0000,0.1101,12.7641,1.4244,11.3397,14.3986,19.7444,8.6057,13153.9572,NA,NA,NA
python.exe,12184,0x0,Other,0,0,1,Hardware: Legacy Flip,2026-8-20 18:39:48.134060900,20.1634,20.1634,0.0000,0.0831,20.2482,2.0743,18.1739,21.3519,65.0517,-6.9533,13166.7483,NA,NA,NA
python.exe,12184,0x0,Other,0,0,1,Hardware: Legacy Flip,2026-8-20 18:39:48.154224300,64.7012,64.7012,0.0000,0.1679,64.6620,1.4220,63.2400,66.2402,3.8520,-44.8883,13186.9117,NA,NA,NA
python.exe,12184,0x0,Other,0,0,1,Hardware: Legacy Flip,2026-8-20 18:39:48.218925500,3.8626,3.8626,0.0000,0.1287,3.7606,1.7634,1.9972,5.3910,12.0302,60.8492,13251.6129,NA,NA,NA
python.exe,12184,0x0,Other,0,0,1,Hardware: Legacy Flip,2026-8-20 18:39:48.222788100,12.3267,12.3267,0.0000,0.0267,12.4283,1.9683,10.4600,13.5586,19.4120,-8.1676,13255.4755,NA,NA,NA
python.exe,12184,0x0,Other,0,0,1,Hardware: Legacy Flip,2026-8-20 18:39:48.235114800,19.1340,19.1340,0.0000,0.1283,19.0969,1.7977,17.2992,20.6439,12.5704,-7.0853,13267.8022,NA,NA,NA
python.exe,12184,0x0,Other,0,0,1,Hardware: Legacy Flip,2026-8-20 18:39:48.254248800,12.7937,12.7937,0.0000,0.0912,12.7588,1.6202,11.1386,14.0803,19.5886,6.5636,13286.9362,NA,NA,NA
python.exe,12184,0x0,Other,0,0,1,Hardware: Legacy Flip,2026-8-20 18:39:48.267042500,19.5207,19.5207,0.0000,0.0563,19.5456,1.4763,18.0693,20.8752,14.5752,-6.7949,13299.7299,NA,NA,NA
python.exe,12184,0x0,Other,0,0,1,Hardware: Legacy Flip,2026-8-20 18:39:48.286563200,14.7351,14.7351,0.0000,0.0812,14.7856,1.8207,12.9649,15.9297,18.8785,4.9455,13319.2506,NA,NA,NA
python.exe,12184,0x0,Other,0,0,1,Hardware: Legacy Flip,2026-8-20 18:39:48.301298300,18.9209,18.9209,0.0000,0.1317,18.8597,1.3507,17.5090,20.0731,13.5652,-4.1434,13333.9857,NA,NA,NA
python.exe,12184,0x0,Other,0,0,1,Hardware: Legacy Flip,2026-8-20 18:39:48.320219200,13.3546,13.3546,0.0000,0.0705,13.3679,1.2182,12.1497,14.7174,19.4090,5.3557,13352.9066,NA,NA,NA
python.exe,12184,0x0,Other,0,0,1,Hardware: Legacy Flip,2026-8-20 18:39:48.333573800,19.2337,19.2337,0.0000,0.0838,19.2220,1.4957,17.7263,20.7718,14.3375,-6.0544,13366.2612,NA,NA,NA
python.exe,12184,0x0,Other,0,0,1,Hardware: Legacy Flip,2026-8-20 18:39:48.352807500,14.6972,14.6972,0.0000,0.0721,14.6904,1.6136,13.0768,15.8756,19.6579,4.8962,13385.4949,NA,NA,NA
python.exe,12184,0x0,Other,0,0,1,Hardware: Legacy Flip,2026-8-20 18:39:48.367504700,19.5193,19.5193,0.0000,0.0653,19.6256,1.5391,18.0865,20.8363,13.6679,-4.9607,13400.1921,NA,NA,NA
python.exe,12184,0x0,Other,0,0,1,Hardware: Legacy Flip,2026-8-20 18:39:48.387024000,13.3222,13.3222,0.0000,0.1716,13.2104,1.2557,11.9547,14.9849,22.8152,5.8514,13419.7114,NA,NA,NA
python.exe,12184,0x0,Other,0,0,1,Hardware: Legacy Flip,2026-8-20 18:39:48.400346200,23.1714,23.1714,0.0000,0.0598,23.1749,1.8979,21.2770,24.4779,9.7695,-9.4930,13433.0336,NA,NA,NA
python.exe,12184,0x0,Other,0,0,1,Hardware: Legacy Flip,2026-8-20 18:39:48.423517600,9.9887,9.9887,0.0000,0.0633,10.0390,1.5582,8.4808,11.0760,20.4783,13.4019,13456.2050,NA,NA,NA
python.exe,12184,0x0,Other,0,0,1,Hardware: Legacy Flip,2026-8-20 18:39:48.433506300,20.0392,20.0392,0.0000,0.1136,20.0740,1.5389,18.5351,21.5656,13.1283,-10.4896,13466.1937,NA,NA,NA
python.exe,12184,0x0,Other,0,0,1,Hardware: Legacy Flip,2026-8-20 18:39:48.453545500,13.4977,13.4977,0.0000,0.1484,13.4044,1.6503,11.7541,14.6547,20.2070,6.9109,13486.2329,NA,NA,NA
python.exe,12184,0x0,Other,0,0,1,Hardware: Legacy Flip,2026-8-20 18:39:48.467043200,20.0364,20.0364,0.0000,0.0551,20.0502,1.3506,18.6996,21.3640,13.1418,-6.7093,13499.7306,NA,NA,NA
python.exe,12184,0x0,Other,0,0,1,Hardware: Legacy Flip,2026-8-20 18:39:48.487079600,13.1905,13.1905,0.0000,0.0689,13.1734,1.4816,11.6918,14.4694,20.4306,6.8946,13519.7670,NA,NA,NA
python.exe,12184,0x0,Other,0,0,1,Hardware: Legacy Flip,2026-8-20 18:39:48.500270100,20.1466,20.1466,0.0000,0.0518,20.2187,1.5470,18.6717,21.7095,13.5794,-7.2401,13532.9575,NA,NA,NA
python.exe,12184,0x0,Other,0,0,1,Hardware: Legacy Flip,2026-8-20 18:39:48.520416700,13.7127,13.7127,0.0000,0.1239,13.6516,1.7699,11.8817,15.1423,19.7453,6.5672,13553.1041,NA,NA,NA
python.exe,12184,0x0,Other,0,0,1,Hardware: Legacy Flip,2026-8-20 18:39:48.534129400,19.8257,19.8257,0.0000,0.0628,19.8761,1.9117,17.9644,21.1749,12.8837,-6.0326,13566.8168,NA,NA,NA
python.exe,12184,0x0,Other,0,0,1,Hardware: Legacy Flip,2026-8-20 18:39:48.553955100,12.9018,12.9018,0.0000,0.1132,12.8435,1.5079,11.3356,14.2329,20.1153,6.9420,13586.6425,NA,NA,NA
python.exe,12184,0x0,Other,0,0,1,Hardware: Legacy Flip,2026-8-20 18:39:48.566856900,20.3229,20.3229,0.0000,0.0549,20.3412,1.6112,18.7300,21.4464,13.5372,-7.2135,13599.5443,NA,NA,NA
python.exe,12184,0x0,Other,0,0,1,Hardware: Legacy Flip,2026-8-20 18:39:48.587179800,13.0255,13.0255,0.0000,0.0732,13.0955,1.7103,11.3852,14.6607,19.7639,6.7857,13619.8672,NA,NA,NA
python.exe,12184,0x0,Other,0,0,1,Hardware: Legacy Flip,2026-8-20 18:39:48.600205300,19.8572,19.8572,0.0000,0.1432,19.8004,1.7354,18.0650,21.3991,15.3926,-6.7384,13632.8927,NA,NA,NA
python.exe,12184,0x0,Other,0,0,1,Hardware: Legacy Flip,2026-8-20 18:39:48.620062500,15.7906,15.7906,0.0000,0.0864,15.7642,1.8224,13.9418,16.9345,18.1630,4.4646,13652.7499,NA,NA,NA
python.exe,12184,0x0,Other,0,0,1,Hardware: Legacy Flip,2026-8-20 18:39:48.635853100,17.8264,17.8264,0.0000,0.0600,17.9127,1.7820,16.1307,19.3069,12.9231,-2.3724,13668.5405,NA,NA,NA
python.exe,12184,0x0,Other,0,0,1,Hardware: Legacy Flip,2026-8-20 18:39:48.653679500,12.7773,12.7773,0.0000,0.1463,12.6930,1.5911,11.1019,14.4036,20.2505,4.9033,13686.3669,NA,NA,NA
python.exe,12184,0x0,Other,0,0,1,Hardware: Legacy Flip,2026-8-20 18:39:48.666456800,20.2696,20.2696,0.0000,0.0620,20.3094,1.8820,18.4274,21.8768,13.4586,-7.4732,13699.1442,NA,NA,NA
python.exe,12184,0x0,Other,0,0,1,Hardware: Legacy Flip,2026-8-20 18:39:48.686726400,13.9648,13.9648,0.0000,0.1018,13.9331,1.8408,12.0923,15.0658,19.7233,6.8110,13719.4138,NA,NA,NA
python.exe,12184,0x0,Other,0,0,1,Hardware: Legacy Flip,2026-8-20 18:39:48.700691200,19.3027,19.3027,0.0000,0.0701,19.2997,1.1705,18.1292,20.8243,13.7638,-5.7585,13733.3786,NA,NA,NA
python.exe,12184,0x0,Other,0,0,1,Hardware: Legacy Flip,2026-8-20 18:39:48.719993900,14.2122,14.2122,0.0000,0.0671,14.2346,1.7291,12.5055,15.2854,19.6797,5.5389,13752.6813,NA,NA,NA
python.exe,12184,0x0,Other,0,0,1,Hardware: Legacy Flip,2026-8-20 18:39:48.734206100,19.7077,19.7077,0.0000,0.0895,19.6801,1.3687,18.3114,20.7529,14.0144,-5.4675,13766.8935,NA,NA,NA
python.exe,12184,0x0,Other,0,0,1,Hardware: Legacy Flip,2026-8-20 18:39:48.753913800,13.7517,13.7517,0.0000,0.0619,13.8387,1.6748,12.1639,15.0596,19.7317,5.6933,13786.6012,NA,NA,NA
python.exe,12184,0x0,Other,0,0,1,Hardware: Legacy Flip,2026-8-20 18:39:48.767665500,19.5407,19.5407,0.0000,0.1489,19.4430,1.4287,18.0143,21.0396,14.1522,-5.9800,13800.3529,NA,NA,NA
python.exe,12184,0x0,Other,0,0,1,Hardware: Legacy Flip,2026-8-20 18:39:48.787206200,14.5406,14.5406,0.0000,0.0512,14.5657,1.8772,12.6885,15.6511,18.8720,5.3885,13819.8936,NA,NA,NA
python.exe,12184,0x0,Other,0,0,1,Hardware: Legacy Flip,2026-8-20 18:39:48.801746800,18.7261,18.7261,0.0000,0.0763,18.7111,1.3054,17.4057,19.9825,13.0239,-4.3314,13834.4342,NA,NA,NA
python.exe,12184,0x0,Other,0,0,1,Hardware: Legacy Flip,2026-8-20 18:39:48.820472900,12.9498,12.9498,0.0000,0.0613,12.9655,1.3802,11.5853,14.2803,18.7236,5.7022,13853.1603,NA,NA,NA
python.exe,12184,0x0,Other,0,0,1,Hardware: Legacy Flip,2026-8-20 18:39:48.833422700,18.9299,18.9299,0.0000,0.0770,18.9089,1.4952,17.4137,20.0541,15.2072,-5.7738,13866.1101,NA,NA,NA
python.exe,12184,0x0,Other,0,0,1,Hardware: Legacy Flip,2026-8-20 18:39:48.852352600,14.9050,14.9050,0.0000,0.0560,14.9105,1.4051,13.5054,16.3314,19.0392,3.7227,13885.0400,NA,NA,NA
python.exe,12184,0x0,Other,0,0,1,Hardware: Legacy Flip,2026-8-20 18:39:48.867257600,19.9022,19.9022,0.0000,0.0615,20.0072,2.0391,17.9681,20.4656,13.2368,-4.1342,13899.9450,NA,NA,NA
python.exe,12184,0x0,Other,0,0,1,Hardware: Legacy Flip,2026-8-20 18:39:48.887159800,12.6372,12.6372,0.0000,0.1665,12.6015,0.6622,11.9393,13.8002,21.3108,6.6654,13919.8472,NA,NA,NA
python.exe,12184,0x0,Other,0,0,1,Hardware: Legacy Flip,2026-8-20 18:39:48.899797000,21.2854,21.2854,0.0000,0.1308,21.2080,1.2417,19.9663,22.4738,13.0049,-8.6736,13932.4844,NA,NA,NA
python.exe,12184,0x0,Other,0,0,1,Hardware: Legacy Flip,2026-8-20 18:39:48.921082400,12.8850,12.8850,0.0000,0.0534,12.9890,1.7673,11.2217,14.1933,20.1332,8.2805,13953.7698,NA,NA,NA
python.exe,12184,0x0,Other,0,0,1,Hardware: Legacy Flip,2026-8-20 18:39:48.933967400,20.0161,20.0161,0.0000,0.1574,19.9828,1.3977,18.5851,21.4415,13.4554,-7.2482,13966.6548,NA,NA,NA
python.exe,12184,0x0,Other,0,0,1,Hardware: Legacy Flip,2026-8-20 18:39:48.953983500,13.2456,13.2456,0.0000,0.1241,13.1951,1.5763,11.6188,14.8808,19.9125,6.5607,13986.6709,NA,NA,NA
python.exe,12184,0x0,Other,0,0,1,Hardware: Legacy Flip,2026-8-20 18:39:48.967229100,20.4113,20.4113,0.0000,0.0736,20.4379,1.6952,18.7427,21.5477,11.4753,-6.6669,13999.9165,NA,NA,NA
python.exe,12184,0x0,Other,0,0,1,Hardware: Legacy Flip,2026-8-20 18:39:48.987640400,11.6310,11.6310,0.0000,0.1002,11.6078,1.2941,10.3137,12.6117,23.3611,8.9360,14020.3278,NA,NA,NA
python.exe,12184,0x0,Other,0,0,1,Hardware: Legacy Flip,2026-8-20 18:39:48.999271400,23.2111,23.2111,0.0000,0.0770,23.1864,1.1393,22.0471,24.3418,12.7562,-11.7301,14031.9588,NA,NA,NA
python.exe,12184,0x0,Other,0,0,1,Hardware: Legacy Flip,2026-8-20 18:39:49.022482500,12.5030,12.5030,0.0000,0.0523,12.5280,1.3587,11.1693,13.8869,18.9268,10.4549,14055.1699,NA,NA,NA
python.exe,12184,0x0,Other,0,0,1,Hardware: Legacy Flip,2026-8-20 18:39:49.034985500,19.1786,19.1786,0.0000,0.0773,19.1858,1.7507,17.4351,20.3107,12.6479,-6.4238,14067.6729,NA,NA,NA
python.exe,12184,0x0,Other,0,0,1,Hardware: Legacy Flip,2026-8-20 18:39:49.054164100,12.6337,12.6337,0.0000,0.0845,12.6051,1.2122,11.3929,13.7800,21.4283,6.5307,14086.8515,NA,NA,NA
python.exe,12184,0x0,Other,0,0,1,Hardware: Legacy Flip,2026-8-20 18:39:49.066797800,21.5641,21.5641,0.0000,0.0559,21.5670,1.3420,20.2250,22.5746,11.8546,-8.7946,14099.4852,NA,NA,NA
python.exe,12184,0x0,Other,0,0,1,Hardware: Legacy Flip,2026-8-20 18:39:49.088361900,11.6260,11.6260,0.0000,0.0588,11.6330,1.3172,10.3158,12.8651,21.1058,9.7095,14121.0493,NA,NA,NA
python.exe,12184,0x0,Other,0,0,1,Hardware: Legacy Flip,2026-8-20 18:39:49.099987900,21.1826,21.1826,0.0000,0.0658,21.2063,1.6000,19.6063,22.3449,13.4193,-9.4798,14132.6753,NA,NA,NA
python.exe,12184,0x0,Other,0,0,1,Hardware: Legacy Flip,2026-8-20 18:39:49.121170500,13.2646,13.2646,0.0000,0.0895,13.2352,1.2747,11.9605,14.5816,19.8656,7.7633,14153.8579,NA,NA,NA
python.exe,12184,0x0,Other,0,0,1,Hardware: Legacy Flip,2026-8-20 18:39:49.134435100,19.7820,19.7820,0.0000,0.0601,19.8044,1.8142,17.9902,21.1826,13.9220,-6.6010,14167.1225,NA,NA,NA
python.exe,12184,0x0,Other,0,0,1,Hardware: Legacy Flip,2026-8-20 18:39:49.154217100,13.8123,13.8123,0.0000,0.0825,13.7966,1.4824,12.3142,15.3226,19.7113,5.8600,14186.9045,NA,NA,NA
python.exe,12184,0x0,Other,0,0,1,Hardware: Legacy Flip,2026-8-20 18:39:49.168029400,19.8760,19.8760,0.0000,0.0668,19.9329,1.9171,18.0158,21.2216,13.5701,-5.8990,14200.7168,NA,NA,NA
python.exe,12184,0x0,Other,0,0,1,Hardware: Legacy Flip,2026-8-20 18:39:49.187905400,13.4525,13.4525,0.0000,0.1237,13.3941,1.5859,11.8082,14.9157,58.9455,6.3059,14220.5928,NA,NA,NA
python.exe,12184,0x0,Other,0,0,1,Hardware: Legacy Flip,2026-8-20 18:39:49.201357900,59.0685,59.0685,0.0000,0.0653,59.0886,1.8524,57.2362,60.4087,7.1308,-45.4930,14234.0453,NA,NA,NA
python.exe,12184,0x0,Other,0,0,1,Hardware: Legacy Flip,2026-8-20 18:39:49.260426400,7.2549,7.2549,0.0000,0.0854,7.2266,1.4420,5.7846,8.4710,19.0413,51.9377,14293.1138,NA,NA,NA
python.exe,12184,0x0,Other,0,0,1,Hardware: Legacy Flip,2026-8-20 18:39:49.267681300,19.0329,19.0329,0.0000,0.0571,19.1407,1.8570,17.2837,20.2574,12.8171,-11.7864,14300.3687,NA,NA,NA
python.exe,12184,0x0,Other,0,0,1,Hardware: Legacy Flip,2026-8-20 18:39:49.286714200,12.9206,12.9206,0.0000,0.1649,12.8218,1.3825,11.4393,14.0416,19.7923,6.2158,14319.4016,NA,NA,NA
python.exe,12184,0x0,Other,0,0,1,Hardware: Legacy Flip,2026-8-20 18:39:49.299634800,19.8161,19.8161,0.0000,0.0661,19.8036,1.3051,18.4985,20.9133,15.1841,-6.8717,14332.3222,NA,NA,NA
python.exe,12184,0x0,Other,0,0,1,Hardware: Legacy Flip,2026-8-20 18:39:49.319450900,14.7603,14.7603,0.0000,0.0536,14.7772,1.2951,13.4821,16.2813,19.0037,4.6320,14352.1383,NA,NA,NA
python.exe,12184,0x0,Other,0,0,1,Hardware: Legacy Flip,2026-8-20 18:39:49.334211200,19.0535,19.0535,0.0000,0.0705,19.0933,1.9118,17.1815,20.5247,13.5443,-4.2434,14366.8986,NA,NA,NA
python.exe,12184,0x0,Other,0,0,1,Hardware: Legacy Flip,2026-8-20 18:39:49.353264700,14.0501,14.0501,0.0000,0.1103,14.0236,1.6217,12.4019,15.0155,20.9481,5.5092,14385.9521,NA,NA,NA
python.exe,12184,0x0,Other,0,0,1,Hardware: Legacy Flip,2026-8-20 18:39:49.367314800,20.1966,20.1966,0.0000,0.0838,20.1827,1.1273,19.0554,21.9135,12.0950,-6.8980,14400.0022,NA,NA,NA
python.exe,12184,0x0,Other,0,0,1,Hardware: Legacy Flip,2026-8-20 18:39:49.387511400,12.6467,12.6467,0.0000,0.0699,12.6332,1.5504,11.0828,13.8119,22.2838,8.1016,14420.1988,NA,NA,NA
python.exe,12184,0x0,Other,0,0,1,Hardware: Legacy Flip,2026-8-20 18:39:49.400158100,22.3012,22.3012,0.0000,0.0564,22.3089,1.2986,21.0103,23.4490,10.8927,-9.6371,14432.8455,NA,NA,NA
python.exe,12184,0x0,Other,0,0,1,Hardware: Legacy Flip,2026-8-20 18:39:49.422459300,10.8949,10.8949,0.0000,0.0641,10.8902,1.3377,9.5525,12.0405,19.0927,11.4085,14455.1467,NA,NA,NA
python.exe,12184,0x0,Other,0,0,1,Hardware: Legacy Flip,2026-8-20 18:39:49.433354200,19.2268,19.2268,0.0000,0.0594,19.2281,1.2719,17.9562,20.2383,15.1521,-8.1978,14466.0416,NA,NA,NA
python.exe,12184,0x0,Other,0,0,1,Hardware: Legacy Flip,2026-8-20 18:39:49.452581000,14.7377,14.7377,0.0000,0.0607,14.7938,1.1780,13.6158,16.1636,20.1553,4.0747,14485.2684,NA,NA,NA
python.exe,12184,0x0,Other,0,0,1,Hardware: Legacy Flip,2026-8-20 18:39:49.467318700,20.1731,20.1731,0.0000,0.1168,20.1237,1.4261,18.6976,21.5812,12.6170,-5.4176,14500.0061,NA,NA,NA
python.exe,12184,0x0,Other,0,0,1,Hardware: Legacy Flip,2026-8-20 18:39:49.487491800,12.5474,12.5474,0.0000,0.0674,12.5525,1.7855,10.7670,14.0251,19.2312,7.5561,14520.1792,NA,NA,NA
python.exe,12184,0x0,Other,0,0,1,Hardware: Legacy Flip,2026-8-20 18:39:49.500039200,19.5420,19.5420,0.0000,0.0725,19.5922,1.6899,17.9023,20.7089,14.5835,-6.6838,14532.7266,NA,NA,NA
python.exe,12184,0x0,Other,0,0,1,Hardware: Legacy Flip,2026-8-20 18:39:49.519581200,14.7838,14.7838,0.0000,0.1227,14.7478,1.6232,13.1246,15.7504,19.9143,4.9585,14552.2686,NA,NA,NA
python.exe,12184,0x0,Other,0,0,1,Hardware: Legacy Flip,2026-8-20 18:39:49.534365000,19.6844,19.6844,0.0000,0.0867,19.6692,1.1076,18.5616,20.8809,14.4053,-5.1305,14567.0524,NA,NA,NA
python.exe,12184,0x0,Other,0,0,1,Hardware: Legacy Flip,2026-8-20 18:39:49.554049400,14.5023,14.5023,0.0000,0.0715,14.5356,1.7533,12.7823,15.6018,18.9716,5.2791,14586.7368,NA,NA,NA
python.exe,12184,0x0,Other,0,0,1,Hardware: Legacy Flip,2026-8-20 18:39:49.568551700,18.9119,18.9119,0.0000,0.1048,18.9494,1.6822,17.2672,20.0711,12.6288,-4.4693,14601.2391,NA,NA,NA
python.exe,12184,0x0,Other,0,0,1,Hardware: Legacy Flip,2026-8-20 18:39:49.587463600,12.4811,12.4811,0.0000,0.1423,12.3971,1.2102,11.1869,13.7880,22.3711,6.2831,14620.1510,NA,NA,NA
python.exe,12184,0x0,Other,0,0,1,Hardware: Legacy Flip,2026-8-20 18:39:49.599944700,22.2490,22.2490,0.0000,0.0583,22.2648,1.4527,20.8121,23.6780,11.4988,-9.8900,14632.6321,NA,NA,NA
python.exe,12184,0x0,Other,0,0,1,Hardware: Legacy Flip,2026-8-20 18:39:49.622193700,11.4789,11.4789,0.0000,0.0741,11.4928,1.6806,9.8122,12.9278,18.7594,10.7502,14654.8811,NA,NA,NA
python.exe,12184,0x0,Other,0,0,1,Hardware: Legacy Flip,2026-8-20 18:39:49.633672600,19.2607,19.2607,0.0000,0.0880,19.2736,1.8500,17.4236,20.2083,14.2692,-7.2805,14666.3600,NA,NA,NA
python.exe,12184,0x0,Other,0,0,1,Hardware: Legacy Flip,2026-8-20 18:39:49.652933300,14.1495,14.1495,0.0000,0.1009,14.1059,1.2175,12.8884,15.2168,20.2167,4.9915,14685.6207,NA,NA,NA
python.exe,12184,0x0,Other,0,0,1,Hardware: Legacy Flip,2026-8-20 18:39:49.667082800,20.2146,20.2146,0.0000,0.0573,20.2359,1.3701,18.8658,21.2840,12.8296,-6.0672,14699.7702,NA,NA,NA
python.exe,12184,0x0,Other,0,0,1,Hardware: Legacy Flip,2026-8-20 18:39:49.687297400,12.6711,12.6711,0.0000,0.0786,12.7218,1.3130,11.4088,13.8990,20.0152,7.3850,14719.9848,NA,NA,NA
python.exe,12184,0x0,Other,0,0,1,Hardware: Legacy Flip,2026-8-20 18:39:49.699968500,19.5417,19.5417,0.0000,0.1293,19.4692,1.2427,18.2265,21.2431,15.7526,-7.3441,14732.6559,NA,NA,NA
python.exe,12184,0x0,Other,0,0,1,Hardware: Legacy Flip,2026-8-20 18:39:49.719510200,15.9557,15.9557,0.0000,0.0568,15.9648,1.7086,14.2562,17.4540,18.4908,3.7891,14752.1976,NA,NA,NA
python.exe,12184,0x0,Other,0,0,1,Hardware: Legacy Flip,2026-8-20 18:39:49.735465900,18.8533,18.8533,0.0000,0.0659,18.8712,1.8508,17.0204,19.9891,11.9576,-2.5351,14768.1533,NA,NA,NA
python.exe,12184,0x0,Other,0,0,1,Hardware: Legacy Flip,2026-8-20 18:39:49.754319200,11.9752,11.9752,0.0000,0.0838,11.9633,1.3003,10.6630,13.0934,20.7393,6.8957,14787.0066,NA,NA,NA
python.exe,12184,0x0,Other,0,0,1,Hardware: Legacy Flip,2026-8-20 18:39:49.766294400,20.2110,20.2110,0.0000,0.0719,20.1949,1.2359,18.9590,21.8575,14.3031,-8.7641,14798.9818,NA,NA,NA
python.exe,12184,0x0,Other,0,0,1,Hardware: Legacy Flip,2026-8-20 18:39:49.786505400,14.3197,14.3197,0.0000,0.0558,14.3343,1.7794,12.5549,15.9496,18.9283,5.9079,14819.1928,NA,NA,NA
python.exe,12184,0x0,Other,0,0,1,Hardware: Legacy Flip,2026-8-20 18:39:49.800825100,19.5415,19.5415,0.0000,0.0704,19.5538,1.7676,17.7862,20.5582,13.0000,-4.6086,14833.5125,NA,NA,NA
python.exe,12184,0x0,Other,0,0,1,Hardware: Legacy Flip,2026-8-20 18:39:49.820366600,12.9939,12.9939,0.0000,0.0827,12.9648,1.0190,11.9458,14.0167,20.6192,6.5415,14853.0540,NA,NA,NA
python.exe,12184,0x0,Other,0,0,1,Hardware: Legacy Flip,2026-8-20 18:39:49.833360500,20.0618,20.0618,0.0000,0.0536,20.0779,1.2413,18.8366,21.6420,13.9221,-7.6253,14866.0479,NA,NA,NA
python.exe,12184,0x0,Other,0,0,1,Hardware: Legacy Flip,2026-8-20 18:39:49.853422300,14.2242,14.2242,0.0000,0.0697,14.2206,1.7804,12.4402,15.5023,19.1293,6.1397,14886.1097,NA,NA,NA
python.exe,12184,0x0,Other,0,0,1,Hardware: Legacy Flip,2026-8-20 18:39:49.867646500,19.2047,19.2047,0.0000,0.0661,19.2210,1.5178,17.7032,20.4074,15.3661,-4.9051,14900.3339,NA,NA,NA
python.exe,12184,0x0,Other,0,0,1,Hardware: Legacy Flip,2026-8-20 18:39:49.886851200,15.3346,15.3346,0.0000,0.0824,15.3054,1.1997,14.1057,16.5688,16.8938,3.8386,14919.5386,NA,NA,NA
python.exe,12184,0x0,Other,0,0,1,Hardware: Legacy Flip,2026-8-20 18:39:49.902185800,16.8986,16.8986,0.0000,0.0532,16.9121,1.2517,15.6604,18.1280,15.4259,-1.5592,14934.8732,NA,NA,NA
python.exe,12184,0x0,Other,0,0,1,Hardware: Legacy Flip,2026-8-20 18:39:49.919084400,15.1387,15.1387,0.0000,0.0667,15.1929,1.5758,13.6171,16.6553,19.4694,1.4727,14951.7718,NA,NA,NA
python.exe,12184,0x0,Other,0,0,1,Hardware: Legacy Flip,2026-8-20 18:39:49.934223100,19.7563,19.7563,0.0000,0.1209,19.7209,1.6225,18.0984,20.9860,13.1782,-4.3307,14966.9105,NA,NA,NA
python.exe,12184,0x0,Other,0,0,1,Hardware: Legacy Flip,2026-8-20 18:39:49.953979400,12.9233,12.9233,0.0000,0.0855,12.9070,1.4102,11.4968,14.4079,20.3817,6.5781,14986.6668,NA,NA,NA
python.exe,12184,0x0,Other,0,0,1,Hardware: Legacy Flip,2026-8-20 18:39:49.966902700,20.6239,20.6239,0.0000,0.0692,20.6083,1.5825,19.0258,21.8663,12.6723,-7.4584,14999.5901,NA,NA,NA
python.exe,12184,0x0,Other,0,0,1,Hardware: Legacy Flip,2026-8-20 18:39:49.987526600,12.7978,12.7978,0.0000,0.0536,12.8509,1.5709,11.2800,13.9147,20.3139,7.9516,15020.2140,NA,NA,NA
python.exe,12184,0x0,Other,0,0,1,Hardware: Legacy Flip,2026-8-20 18:39:50.000324400,20.4481,20.4481,0.0000,0.1067,20.4246,1.2388,19.1858,21.4308,13.5226,-7.5161,15033.0118,NA,NA,NA
python.exe,12184,0x0,Other,0,0,1,Hardware: Legacy Flip,2026-8-20 18:39:50.020772500,13.3258,13.3258,0.0000,0.0832,13.3487,1.2659,12.0828,14.5053,20.6084,6.9255,15053.4599,NA,NA,NA
python.exe,12184,0x0,Other,0,0,1,Hardware: Legacy Flip,2026-8-20 18:39:50.034098300,20.6765,20.6765,0.0000,0.1061,20.6228,1.3082,19.3146,21.7879,12.1569,-7.2826,15066.7857,NA,NA,NA
python.exe,12184,0x0,Other,0,0,1,Hardware: Legacy Flip,2026-8-20 18:39:50.054774800,12.0955,12.0955,0.0000,0.0524,12.1143,1.3669,10.7474,13.2683,20.7388,8.5196,15087.4622,NA,NA,NA
python.exe,12184,0x0,Other,0,0,1,Hardware: Legacy Flip,2026-8-20 18:39:50.066870300,20.7053,20.7053,0.0000,0.0712,20.7387,1.4634,19.2753,21.9116,13.1274,-8.6433,15099.5577,NA,NA,NA
python.exe,12184,0x0,Other,0,0,1,Hardware: Legacy Flip,2026-8-20 18:39:50.087575600,13.3585,13.3585,0.0000,0.1046,13.3796,1.6256,11.7540,14.3337,19.3971,7.5779,15120.2630,NA,NA,NA
python.exe,12184,0x0,Other,0,0,1,Hardware: Legacy Flip,2026-8-20 18:39:50.100934100,18.7947,18.7947,0.0000,0.1257,18.7807,1.1622,17.6185,20.3723,12.5639,-6.0386,15133.6215,NA,NA,NA
python.exe,12184,0x0,Other,0,0,1,Hardware: Legacy Flip,2026-8-20 18:39:50.119728800,13.1411,13.1411,0.0000,0.1117,13.0801,1.6697,11.4104,14.1415,21.0743,6.2308,15152.4162,NA,NA,NA
python.exe,12184,0x0,Other,0,0,1,Hardware: Legacy Flip,2026-8-20 18:39:50.132869900,20.4343,20.4343,0.0000,0.0507,20.5181,1.2338,19.2843,22.0747,13.5696,-7.9332,15165.5573,NA,NA,NA
python.exe,12184,0x0,Other,0,0,1,Hardware: Legacy Flip,2026-8-20 18:39:50.153304200,14.1073,14.1073,0.0000,0.1345,14.0306,1.8429,12.1877,15.2100,22.4126,6.8647,15185.9916,NA,NA,NA
python.exe,12184,0x0,Other,0,0,1,Hardware: Legacy Flip,2026-8-20 18:39:50.167411500,22.0360,22.0360,0.0000,0.0578,22.0465,1.3488,20.6977,23.5153,11.0894,-8.3053,15200.0989,NA,NA,NA
python.exe,12184,0x0,Other,0,0,1,Hardware: Legacy Flip,2026-8-20 18:39:50.189447500,11.4538,11.4538,0.0000,0.0683,11.4443,1.6669,9.7774,12.5687,19.4458,10.9466,15222.1349,NA,NA,NA
python.exe,12184,0x0,Other,0,0,1,Hardware: Legacy Flip,2026-8-20 18:39:50.200901300,19.4933,19.4933,0.0000,0.0588,19.5036,1.4436,18.0600,20.5607,14.3411,-7.9920,15233.5887,NA,NA,NA
python.exe,12184,0x0,Other,0,0,1,Hardware: Legacy Flip,2026-8-20 18:39:50.220394600,13.9198,13.9198,0.0000,0.0691,13.9281,1.3645,12.5636,15.4085,19.7782,5.1522,15253.0820,NA,NA,NA
python.exe,12184,0x0,Other,0,0,1,Hardware: Legacy Flip,2026-8-20 18:39:50.234314400,20.0445,20.0445,0.0000,0.0774,20.0561,2.0345,18.0216,21.2669,56.7669,-5.8584,15267.0018,NA,NA,NA
python.exe,12184,0x0,Other,0,0,1,Hardware: Legacy Flip,2026-8-20 18:39:50.254358900,56.4407,56.4407,0.0000,0.0890,56.4718,1.4746,54.9972,57.9893,8.0554,-36.7224,15287.0463,NA,NA,NA
python.exe,12184,0x0,Other,0,0,1,Hardware: Legacy Flip,2026-8-20 18:39:50.310799600,8.3789,8.3789,0.0000,0.1201,8.2918,1.7033,6.5885,9.6040,15.6749,48.3853,15343.4870,NA,NA,NA
python.exe,12184,0x0,Other,0,0,1,Hardware: Legacy Flip,2026-8-20 18:39:50.319178500,15.3531,15.3531,0.0000,0.0330,15.3926,1.3477,14.0449,16.9000,18.8057,-7.2960,15351.8659,NA,NA,NA
python.exe,12184,0x0,Other,0,0,1,Hardware: Legacy Flip,2026-8-20 18:39:50.334531600,18.8782,18.8782,0.0000,0.0725,18.8665,1.7777,17.0888,20.3526,13.8430,-3.4526,15367.2190,NA,NA,NA
python.exe,12184,0x0,Other,0,0,1,Hardware: Legacy Flip,2026-8-20 18:39:50.353409800,14.0276,14.0276,0.0000,0.0608,14.0309,1.7302,12.3007,15.3174,19.8391,5.0352,15386.0972,NA,NA,NA
python.exe,12184,0x0,Other,0,0,1,Hardware: Legacy Flip,2026-8-20 18:39:50.367437400,19.6066,19.6066,0.0000,0.0641,19.6150,1.4631,18.1519,21.1289,13.3071,-5.8115,15400.1248,NA,NA,NA
python.exe,12184,0x0,Other,0,0,1,Hardware: Legacy Flip,2026-8-20 18:39:50.387044000,13.5058,13.5058,0.0000,0.0725,13.5270,1.9019,11.6251,14.8294,21.7779,6.2995,15419.7314,NA,NA,NA
python.exe,12184,0x0,Other,0,0,1,Hardware: Legacy Flip,2026-8-20 18:39:50.400549800,22.0076,22.0076,0.0000,0.0937,21.9697,1.5960,20.3737,23.1015,10.6675,-8.2721,15433.2372,NA,NA,NA
python.exe,12184,0x0,Other,0,0,1,Hardware: Legacy Flip,2026-8-20 18:39:50.422557400,10.7843,10.7843,0.0000,0.0558,10.7927,1.2247,9.5680,11.7614,20.3681,11.3401,15455.2448,NA,NA,NA
python.exe,12184,0x0,Other,0,0,1,Hardware: Legacy Flip,2026-8-20 18:39:50.433341700,19.8885,19.8885,0.0000,0.0642,19.8884,1.1197,18.7687,21.3452,13.4811,-9.5838,15466.0291,NA,NA,NA
python.exe,12184,0x0,Other,0,0,1,Hardware: Legacy Flip,2026-8-20 18:39:50.453230200,13.5877,13.5877,0.0000,0.0641,13.6467,1.9351,11.7116,14.9378,20.5763,6.4074,15485.9176,NA,NA,NA
python.exe,12184,0x0,Other,0,0,1,Hardware: Legacy Flip,2026-8-20 18:39:50.466817900,20.6300,20.6300,0.0000,0.1231,20.5684,1.5263,19.0421,21.9264,12.7035,-6.9886,15499.5053,NA,NA,NA
python.exe,12184,0x0,Other,0,0,1,Hardware: Legacy Flip,2026-8-20 18:39:50.487447900,12.8138,12.8138,0.0000,0.0615,12.8372,1.4597,11.3775,13.9999,22.0119,7.9265,15520.1353,NA,NA,NA
python.exe,12184,0x0,Other,0,0,1,Hardware: Legacy Flip,2026-8-20 18:39:50.500261700,22.2029,22.2029,0.0000,0.0849,22.1966,1.3056,20.8910,23.1980,11.0137,-9.1981,15532.9491,NA,NA,NA
python.exe,12184,0x0,Other,0,0,1,Hardware: Legacy Flip,2026-8-20 18:39:50.522464600,10.7924,10.7924,0.0000,0.0786,10.7682,1.0290,9.7392,12.0088,20.4240,11.1892,15555.1520,NA,NA,NA
python.exe,12184,0x0,Other,0,0,1,Hardware: Legacy Flip,2026-8-20 18:39:50.533257000,20.5729,20.5729,0.0000,0.0544,20.5892,1.4730,19.1162,21.6404,14.0930,-9.6316,15565.9444,NA,NA,NA
python.exe,12184,0x0,Other,0,0,1,Hardware: Legacy Flip,2026-8-20 18:39:50.553829900,13.6001,13.6001,0.0000,0.0707,13.5971,1.4394,12.1577,15.1605,18.6576,6.4799,15586.5173,NA,NA,NA
python.exe,12184,0x0,Other,0,0,1,Hardware: Legacy Flip,2026-8-20 18:39:50.567430000,19.1465,19.1465,0.0000,0.0677,19.1758,1.8000,17.3758,20.2180,15.9137,-5.0575,15600.1174,NA,NA,NA
python.exe,12184,0x0,Other,0,0,1,Hardware: Legacy Flip,2026-8-20 18:39:50.586576500,15.8457,15.8457,0.0000,0.0970,15.8107,1.0890,14.7217,16.9852,18.8526,3.2328,15619.2639,NA,NA,NA
python.exe,12184,0x0,Other,0,0,1,Hardware: Legacy Flip,2026-8-20 18:39:50.602422200,18.5593,18.5593,0.0000,0.0620,18.6363,1.6534,16.9829,19.9921,12.4483,-3.0069,15635.1096,NA,NA,NA
python.exe,12184,0x0,Other,0,0,1,Hardware: Legacy Flip,2026-8-20 18:39:50.620981500,12.9504,12.9504,0.0000,0.1390,12.8794,1.5530,11.3264,13.8811,20.0422,6.1110,15653.6689,NA,NA,NA
python.exe,12184,0x0,Other,0,0,1,Hardware: Legacy Flip,2026-8-20 18:39:50.633931900,20.0087,20.0087,0.0000,0.0680,20.0202,1.1474,18.8728,20.9729,13.3187,-7.0918,15666.6193,NA,NA,NA
python.exe,12184,0x0,Other,0,0,1,Hardware: Legacy Flip,2026-8-20 18:39:50.653940600,12.8679,12.8679,0.0000,0.0795,12.8527,1.1041,11.7486,14.2829,20.4911,6.6900,15686.6280,NA,NA,NA
python.exe,12184,0x0,Other,0,0,1,Hardware: Legacy Flip,2026-8-20 18:39:50.666808500,20.8576,20.8576,0.0000,0.0643,20.9452,1.8624,19.0828,21.9061,13.3431,-7.6232,15699.4959,NA,NA,NA
python.exe,12184,0x0,Other,0,0,1,Hardware: Legacy Flip,2026-8-20 18:39:50.687666100,12.9864,12.9864,0.0000,0.1519,12.9756,1.3097,11.6659,14.3916,19.7519,7.5145,15720.3535,NA,NA,NA
python.exe,12184,0x0,Other,0,0,1,Hardware: Legacy Flip,2026-8-20 18:39:50.700652500,19.9706,19.9706,0.0000,0.1411,19.9525,1.8286,18.1239,21.1571,12.9719,-6.7655,15733.3399,NA,NA,NA
python.exe,12184,0x0,Other,0,0,1,Hardware: Legacy Flip,2026-8-20 18:39:50.720623100,12.8173,12.8173,0.0000,0.1230,12.7652,1.2558,11.5094,14.1584,20.1725,6.9987,15753.3105,NA,NA,NA
python.exe,12184,0x0,Other,0,0,1,Hardware: Legacy Flip,2026-8-20 18:39:50.733440400,20.4070,20.4070,0.0000,0.0709,20.4215,1.5647,18.8568,21.5136,12.9521,-7.3552,15766.1278,NA,NA,NA
python.exe,12184,0x0,Other,0,0,1,Hardware: Legacy Flip,2026-8-20 18:39:50.753847400,12.7908,12.7908,0.0000,0.0854,12.7698,1.2168,11.5530,14.0587,20.7174,7.4549,15786.5348,NA,NA,NA
python.exe,12184,0x0,Other,0,0,1,Hardware: Legacy Flip,2026-8-20 18:39:50.766638200,20.7252,20.7252,0.0000,0.0644,20.7182,1.4506,19.2676,21.9853,14.2402,-7.9266,15799.3256,NA,NA,NA
python.exe,12184,0x0,Other,0,0,1,Hardware: Legacy Flip,2026-8-20 18:39:50.787363400,13.7966,13.7966,0.0000,0.0574,13.7977,1.3365,12.4612,15.5003,19.4402,6.4850,15820.0508,NA,NA,NA
python.exe,12184,0x0,Other,0,0,1,Hardware: Legacy Flip,2026-8-20 18:39:50.801160000,19.7869,19.7869,0.0000,0.0585,19.8252,2.1027,17.7225,21.1439,13.7542,-5.6436,15833.8474,NA,NA,NA
python.exe,12184,0x0,Other,0,0,1,Hardware: Legacy Flip,2026-8-20 18:39:50.820946900,14.0185,14.0185,0.0000,0.0968,14.0309,1.5052,12.5257,15.1112,19.9566,6.0327,15853.6343,NA,NA,NA
python.exe,12184,0x0,Other,0,0,1,Hardware: Legacy Flip,2026-8-20 18:39:50.834965400,19.5792,19.5792,0.0000,0.1092,19.5303,1.2748,18.2555,21.0493,11.6562,-5.9381,15867.6528,NA,NA,NA
python.exe,12184,0x0,Other,0,0,1,Hardware: Legacy Flip,2026-8-20 18:39:50.854544600,12.1369,12.1369,0.0000,0.0603,12.1396,1.6532,10.4864,13.1263,22.1352,7.9230,15887.2320,NA,NA,NA
python.exe,12184,0x0,Other,0,0,1,Hardware: Legacy Flip,2026-8-20 18:39:50.866681500,22.1251,22.1251,0.0000,0.0630,22.2045,1.1976,21.0069,23.1246,12.0649,-9.9983,15899.3689,NA,NA,NA
python.exe,12184,0x0,Other,0,0,1,Hardware: Legacy Flip,2026-8-20 18:39:50.888806600,11.6007,11.6007,0.0000,0.1424,11.5821,1.3119,10.2702,13.0644,19.1453,10.0602,15921.4940,NA,NA,NA
python.exe,12184,0x0,Other,0,0,1,Hardware: Legacy Flip,2026-8-20 18:39:50.900407300,19.2498,19.2498,0.0000,0.1238,19.2043,1.6696,17.5347,20.6090,14.4909,-7.5446,15933.0947,NA,NA,NA
python.exe,12184,0x0,Other,0,0,1,Hardware: Legacy Flip,2026-8-20 18:39:50.919657100,14.8242,14.8242,0.0000,0.0783,14.9135,1.7775,13.1360,15.8501,21.9097,4.7589,15952.3445,NA,NA,NA
python.exe,12184,0x0,Other,0,0,1,Hardware: Legacy Flip,2026-8-20 18:39:50.934481300,21.3123,21.3123,0.0000,0.1676,21.2391,1.4134,19.8257,22.9356,11.0158,-7.0855,15967.1687,NA,NA,NA
python.exe,12184,0x0,Other,0,0,1,Hardware: Legacy Flip,2026-8-20 18:39:50.955793600,11.1401,11.1401,0.0000,0.0944,11.1088,1.8580,9.2508,12.6391,20.5405,10.2965,15988.4810,NA,NA,NA
python.exe,12184,0x0,Other,0,0,1,Hardware: Legacy Flip,2026-8-20 18:39:50.966933700,20.5302,20.5302,0.0000,0.0631,20.5416,1.6269,18.9147,22.0395,12.3181,-9.4004,15999.6211,NA,NA,NA
python.exe,12184,0x0,Other,0,0,1,Hardware: Legacy Flip,2026-8-20 18:39:50.987463900,12.8352,12.8352,0.0000,0.0745,12.8137,1.6623,11.1514,13.8274,21.6696,8.2121,16020.1513,NA,NA,NA
python.exe,12184,0x0,Other,0,0,1,Hardware: Legacy Flip,2026-8-20 18:39:51.000299100,21.2144,21.2144,0.0000,0.0530,21.2495,1.2874,19.9621,22.6618,12.0452,-8.8344,16032.9865,NA,NA,NA
python.exe,12184,0x0,Other,0,0,1,Hardware: Legacy Flip,2026-8-20 18:39:51.021513500,11.8767,11.8767,0.0000,0.0881,11.8478,1.6386,10.2092,13.4926,20.0490,9.1692,16054.2009,NA,NA,NA
python.exe,12184,0x0,Other,0,0,1,Hardware: Legacy Flip,2026-8-20 18:39:51.033390200,20.4857,20.4857,0.0000,0.0592,20.5121,1.8488,18.6633,21.6649,12.6619,-8.1723,16066.0776,NA,NA,NA
python.exe,12184,0x0,Other,0,0,1,Hardware: Legacy Flip,2026-8-20 18:39:51.053875900,12.8882,12.8882,0.0000,0.0856,12.8833,1.4596,11.4237,13.8411,21.6518,7.8238,16086.5633,NA,NA,NA
python.exe,12184,0x0,Other,0,0,1,Hardware: Legacy Flip,2026-8-20 18:39:51.066764100,21.2669,21.2669,0.0000,0.0807,21.3611,1.6171,19.7440,22.6047,12.9907,-8.7636,16099.4515,NA,NA,NA
python.exe,12184,0x0,Other,0,0,1,Hardware: Legacy Flip,2026-8-20 18:39:51.088031000,12.6598,12.6598,0.0000,0.1749,12.5875,1.4968,11.0907,14.3285,19.5010,8.2762,16120.7184,NA,NA,NA
python.exe,12184,0x0,Other,0,0,1,Hardware: Legacy Flip,2026-8-20 18:39:51.100690800,19.8992,19.8992,0.0000,0.1026,19.8958,2.0870,17.8088,21.1697,14.0322,-6.8412,16133.3782,NA,NA,NA
python.exe,12184,0x0,Other,0,0,1,Hardware: Legacy Flip,2026-8-20 18:39:51.120590000,13.8869,13.8869,0.0000,0.0992,13.8456,1.2021,12.6435,15.3027,21.5068,5.8670,16153.2774,NA,NA,NA
python.exe,12184,0x0,Other,0,0,1,Hardware: Legacy Flip,2026-8-20 18:39:51.134476900,21.8077,21.8077,0.0000,0.0579,21.8123,1.5552,20.2571,22.9226,10.2088,-7.6199,16167.1643,NA,NA,NA
python.exe,12184,0x0,Other,0,0,1,Hardware: Legacy Flip,2026-8-20 18:39:51.156284600,10.1331,10.1331,0.0000,0.0625,10.1442,1.4408,8.7034,11.3237,20.6152,11.5989,16188.9720,NA,NA,NA
python.exe,12184,0x0,Other,0,0,1,Hardware: Legacy Flip,2026-8-20 18:39:51.166417700,20.6579,20.6579,0.0000,0.0736,20.6583,1.2849,19.3734,21.8058,12.8244,-10.4821,16199.1051,NA,NA,NA
python.exe,12184,0x0,Other,0,0,1,Hardware: Legacy Flip,2026-8-20 18:39:51.187075600,12.9614,12.9614,0.0000,0.0740,12.9511,1.3705,11.5806,13.9723,20.1104,7.8335,16219.7630,NA,NA,NA
python.exe,12184,0x0,Other,0,0,1,Hardware: Legacy Flip,2026-8-20 18:39:51.200037000,19.9443,19.9443,0.0000,0.0637,19.9325,1.1120,18.8205,21.1213,15.1832,-7.1490,16232.7244,NA,NA,NA
python.exe,12184,0x0,Other,0,0,1,Hardware: Legacy Flip,2026-8-20 18:39:51.219981300,15.2316,15.2316,0.0000,0.0519,15.3013,1.7902,13.5111,16.3602,19.8042,4.7611,16252.6687,NA,NA,NA
python.exe,12184,0x0,Other,0,0,1,Hardware: Legacy Flip,2026-8-20 18:39:51.235212900,19.3561,19.3561,0.0000,0.1216,19.3036,1.1914,18.1122,20.9328,12.7402,-4.5726,16267.9003,NA,NA,NA
python.exe,12184,0x0,Other,0,0,1,Hardware: Legacy Flip,2026-8-20 18:39:51.254569000,13.0391,13.0391,0.0000,0.0691,13.0360,1.6543,11.3817,14.3169,19.6135,6.6159,16287.2564,NA,NA,NA
python.exe,12184,0x0,Other,0,0,1,Hardware: Legacy Flip,2026-8-20 18:39:51.267608100,19.1912,19.1912,0.0000,0.0660,19.1796,1.2511,17.9285,20.8913,12.9351,-6.5744,16300.2955,NA,NA,NA
python.exe,12184,0x0,Other,0,0,1,Hardware: Legacy Flip,2026-8-20 18:39:51.286799300,13.5802,13.5802,0.0000,0.0544,13.5860,1.7727,11.8133,14.6352,67.9013,6.2561,16319.4867,NA,NA,NA
python.exe,12184,0x0,Other,0,0,1,Hardware: Legacy Flip,2026-8-20 18:39:51.300379500,67.3431,67.3431,0.0000,0.0602,67.4546,1.4307,66.0239,68.9563,5.8483,-54.3211,16333.0669,NA,NA,NA
python.exe,12184,0x0,Other,0,0,1,Hardware: Legacy Flip,2026-8-20 18:39:51.367722600,6.3790,6.3790,0.0000,0.1717,6.2293,1.4928,4.7365,7.4615,13.8063,61.4948,16400.4100,NA,NA,NA
python.exe,12184,0x0,Other,0,0,1,Hardware: Legacy Flip,2026-8-20 18:39:51.374101600,13.3782,13.3782,0.0000,0.0220,13.4284,1.5156,11.9128,14.8888,12.9594,-7.4273,16406.7890,NA,NA,NA
python.exe,12184,0x0,Other,0,0,1,Hardware: Legacy Flip,2026-8-20 18:39:51.387479800,13.1112,13.1112,0.0000,0.0722,13.1241,1.5977,11.5264,14.4700,20.5580,0.4188,16420.1672,NA,NA,NA
python.exe,12184,0x0,Other,0,0,1,Hardware: Legacy Flip,2026-8-20 18:39:51.400591000,20.8677,20.8677,0.0000,0.0851,20.8991,1.6568,19.2423,21.9168,12.1636,-7.4468,16433.2784,NA,NA,NA
python.exe,12184,0x0,Other,0,0,1,Hardware: Legacy Flip,2026-8-20 18:39:51.421458700,11.6345,11.6345,0.0000,0.1165,11.5702,1.0498,10.5204,13.2127,21.6483,8.7041,16454.1461,NA,NA,NA
python.exe,12184,0x0,Other,0,0,1,Hardware: Legacy Flip,2026-8-20 18:39:51.433093200,22.1409,22.1409,0.0000,0.0522,22.1485,1.7141,20.4344,23.2265,12.4837,-10.0138,16465.7806,NA,NA,NA
python.exe,12184,0x0,Other,0,0,1,Hardware: Legacy Flip,2026-8-20 18:39:51.455234100,12.3770,12.3770,0.0000,0.0598,12.3821,1.2587,11.1234,13.5693,19.5172,9.6572,16487.9215,NA,NA,NA
python.exe,12184,0x0,Other,0,0,1,Hardware: Legacy Flip,2026-8-20 18:39:51.467611100,19.3710,19.3710,0.0000,0.0649,19.3716,1.5560,17.8156,20.7095,13.6747,-7.1402,16500.2985,NA,NA,NA
python.exe,12184,0x0,Other,0,0,1,Hardware: Legacy Flip,2026-8-20 18:39:51.486982100,13.4543,13.4543,0.0000,0.0655,13.4608,1.5268,11.9340,15.0132,20.5661,5.6963,16519.6695,NA,NA,NA
python.exe,12184,0x0,Other,0,0,1,Hardware: Legacy Flip,2026-8-20 18:39:51.500436400,20.7815,20.7815,0.0000,0.0720,20.8054,1.9171,18.8883,22.1250,14.5710,-7.1118,16533.1238,NA,NA,NA
python.exe,12184,0x0,Other,0,0,1,Hardware: Legacy Flip,2026-8-20 18:39:51.521217900,14.5465,14.5465,0.0000,0.0959,14.5837,1.4800,13.1037,15.9145,17.3418,6.2105,16553.9053,NA,NA,NA
python.exe,12184,0x0,Other,0,0,1,Hardware: Legacy Flip,2026-8-20 18:39:51.535764400,17.3014,17.3014,0.0000,0.1331,17.2506,1.6292,15.6214,18.7098,14.0953,-2.7953,16568.4518,NA,NA,NA
python.exe,12184,0x0,Other,0,0,1,Hardware: Legacy Flip,2026-8-20 18:39:51.553065800,14.5870,14.5870,0.0000,0.0823,14.5640,1.5249,13.0391,15.5037,20.5125,3.2061,16585.7532,NA,NA,NA
python.exe,12184,0x0,Other,0,0,1,Hardware: Legacy Flip,2026-8-20 18:39:51.567652800,20.4354,20.4354,0.0000,0.0593,20.4498,1.1680,19.2818,21.4292,12.0459,-5.9255,16600.3402,NA,NA,NA
python.exe,12184,0x0,Other,0,0,1,Hardware: Legacy Flip,2026-8-20 18:39:51.588088200,11.5304,11.5304,0.0000,0.0737,11.5174,1.1299,10.3875,13.0397,19.9789,8.3895,16620.7756,NA,NA,NA
python.exe,12184,0x0,Other,0,0,1,Hardware: Legacy Flip,2026-8-20 18:39:51.599618600,20.2371,20.2371,0.0000,0.0607,20.2489,1.7587,18.4902,21.4882,14.1569,-8.4485,16632.3060,NA,NA,NA
python.exe,12184,0x0,Other,0,0,1,Hardware: Legacy Flip,2026-8-20 18:39:51.619855700,13.9231,13.9231,0.0000,0.0725,13.9770,1.6389,12.3381,15.4080,19.3528,6.0802,16652.5431,NA,NA,NA
python.exe,12184,0x0,Other,0,0,1,Hardware: Legacy Flip,2026-8-20 18:39:51.633778800,19.6190,19.6190,0.0000,0.1264,19.5967,1.7649,17.8318,20.8377,14.6708,-5.4297,16666.4662,NA,NA,NA
python.exe,12184,0x0,Other,0,0,1,Hardware: Legacy Flip,2026-8-20 18:39:51.653397800,14.4671,14.4671,0.0000,0.1041,14.4332,1.3520,13.0812,15.8895,20.2223,4.9482,16686.0852,NA,NA,NA
python.exe,12184,0x0,Other,0,0,1,Hardware: Legacy Flip,2026-8-20 18:39:51.667864900,20.5019,20.5019,0.0000,0.0702,20.4938,1.7070,18.7868,21.6447,11.1419,-5.7552,16700.5523,NA,NA,NA
python.exe,12184,0x0,Other,0,0,1,Hardware: Legacy Flip,2026-8-20 18:39:51.688366800,11.1883,11.1883,0.0000,0.0621,11.1759,1.2335,9.9424,12.2847,20.9113,9.3600,16721.0542,NA,NA,NA
python.exe,12184,0x0,Other,0,0,1,Hardware: Legacy Flip,2026-8-20 18:39:51.699555100,20.4820,20.4820,0.0000,0.0497,20.5100,1.4189,19.0911,22.0077,14.3383,-9.7230,16732.2425,NA,NA,NA
python.exe,12184,0x0,Other,0,0,1,Hardware: Legacy Flip,2026-8-20 18:39:51.720037100,14.6957,14.6957,0.0000,0.0777,14.7709,2.0948,12.6761,15.8640,19.8572,6.1437,16752.7245,NA,NA,NA
python.exe,12184,0x0,Other,0,0,1,Hardware: Legacy Flip,2026-8-20 18:39:51.734732800,19.6704,19.6704,0.0000,0.1529,19.6494,1.5292,18.1202,21.0255,13.1825,-5.1615,16767.4202,NA,NA,NA
python.exe,12184,0x0,Other,0,0,1,Hardware: Legacy Flip,2026-8-20 18:39:51.754403200,13.2386,13.2386,0.0000,0.1319,13.1717,1.4738,11.6979,14.5376,19.4767,6.4879,16787.0906,NA,NA,NA
python.exe,12184,0x0,Other,0,0,1,Hardware: Legacy Flip,2026-8-20 18:39:51.767641800,19.3061,19.3061,0.0000,0.0650,19.3201,1.4678,17.8523,20.7757,13.8799,-6.2381,16800.3292,NA,NA,NA
python.exe,12184,0x0,Other,0,0,1,Hardware: Legacy Flip,2026-8-20 18:39:51.786947900,14.1210,14.1210,0.0000,0.0790,14.0960,1.7487,12.3473,15.3495,18.4609,5.4262,16819.6353,NA,NA,NA
python.exe,12184,0x0,Other,0,0,1,Hardware: Legacy Flip,2026-8-20 18:39:51.801068900,18.9154,18.9154,0.0000,0.0540,18.9361,1.6960,17.2401,19.6894,14.4490,-4.3399,16833.7563,NA,NA,NA
python.exe,12184,0x0,Other,0,0,1,Hardware: Legacy Flip,2026-8-20 18:39:51.819984300,14.0486,14.0486,0.0000,0.0747,14.0390,0.9348,13.1042,15.2230,19.3039,4.4664,16852.6717,NA,NA,NA
python.exe,12184,0x0,Other,0,0,1,Hardware: Legacy Flip,2026-8-20 18:39:51.834032900,19.5398,19.5398,0.0000,0.0651,19.5669,1.4277,18.1392,20.4783,14.9759,-5.2553,16866.7203,NA,NA,NA
python.exe,12184,0x0,Other,0,0,1,Hardware: Legacy Flip,2026-8-20 18:39:51.853572700,14.7539,14.7539,0.0000,0.0922,14.7329,1.1619,13.5710,15.9144,18.6230,4.5639,16886.2601,NA,NA,NA
python.exe,12184,0x0,Other,0,0,1,Hardware: Legacy Flip,2026-8-20 18:39:51.868326600,18.8907,18.8907,0.0000,0.0712,19.0088,1.6064,17.4024,19.7835,13.8111,-3.8691,16901.0140,NA,NA,NA
python.exe,12184,0x0,Other,0,0,1,Hardware: Legacy Flip,2026-8-20 18:39:51.887217300,13.1332,13.1332,0.0000,0.1893,12.9982,1.0065,11.9917,14.7039,19.0927,5.0796,16919.9047,NA,NA,NA
python.exe,12184,0x0,Other,0,0,1,Hardware: Legacy Flip,2026-8-20 18:39:51.900350500,20.0527,20.0527,0.0000,0.0543,20.0739,2.0310,18.0429,20.6634,14.2652,-5.9595,16933.0379,NA,NA,NA
python.exe,12184,0x0,Other,0,0,1,Hardware: Legacy Flip,2026-8-20 18:39:51.920403200,13.2802,13.2802,0.0000,0.0755,13.2822,0.7752,12.5070,14.8759,18.5555,5.7875,16953.0906,NA,NA,NA
python.exe,12184,0x0,Other,0,0,1,Hardware: Legacy Flip,2026-8-20 18:39:51.933683400,19.0060,19.0060,0.0000,0.0775,18.9810,1.6785,17.3025,20.1512,15.1498,-5.2753,16966.3708,NA,NA,NA
python.exe,12184,0x0,Other,0,0,1,Hardware: Legacy Flip,2026-8-20 18:39:51.952689400,14.7679,14.7679,0.0000,0.0525,14.8440,1.4216,13.4224,16.2950,19.5807,3.8562,16985.3768,NA,NA,NA
python.exe,12184,0x0,Other,0,0,1,Hardware: Legacy Flip,2026-8-20 18:39:51.967457300,19.7452,19.7452,0.0000,0.1286,19.7419,2.0014,17.7405,21.1078,12.2814,-4.8128,17000.1447,NA,NA,NA
python.exe,12184,0x0,Other,0,0,1,Hardware: Legacy Flip,2026-8-20 18:39:51.987202500,12.7015,12.7015,0.0000,0.1253,12.6383,1.4897,11.1486,13.6440,19.9988,7.4638,17019.8899,NA,NA,NA
python.exe,12184,0x0,Other,0,0,1,Hardware: Legacy Flip,2026-8-20 18:39:51.999904000,19.9117,19.9117,0.0000,0.0621,19.9121,1.0730,18.8391,20.9413,14.5983,-7.2973,17032.5914,NA,NA,NA
python.exe,12184,0x0,Other,0,0,1,Hardware: Legacy Flip,2026-8-20 18:39:52.019815700,14.2114,14.2114,0.0000,0.0625,14.2246,1.3570,12.8676,15.6279,18.7592,5.3134,17052.5031,NA,NA,NA
python.exe,12184,0x0,Other,0,0,1,Hardware: Legacy Flip,2026-8-20 18:39:52.034027100,19.1755,19.1755,0.0000,0.0757,19.1961,1.5241,17.6720,20.1757,13.9559,-4.5478,17066.7145,NA,NA,NA
python.exe,12184,0x0,Other,0,0,1,Hardware: Legacy Flip,2026-8-20 18:39:52.053202600,13.5514,13.5514,0.0000,0.0963,13.5319,1.0653,12.4666,14.9561,20.1984,5.2196,17085.8900,NA,NA,NA
python.exe,12184,0x0,Other,0,0,1,Hardware: Legacy Flip,2026-8-20 18:39:52.066754000,20.5510,20.5510,0.0000,0.0768,20.5404,1.5858,18.9546,21.6031,11.9387,-6.6470,17099.4414,NA,NA,NA
python.exe,12184,0x0,Other,0,0,1,Hardware: Legacy Flip,2026-8-20 18:39:52.087305000,12.0587,12.0587,0.0000,0.0662,12.0756,1.3369,10.7387,12.9908,21.8453,8.6123,17119.9924,NA,NA,NA
python.exe,12184,0x0,Other,0,0,1,Hardware: Legacy Flip,2026-8-20 18:39:52.099363700,21.8564,21.8564,0.0000,0.0831,21.9375,1.5243,20.4132,22.7774,13.0384,-9.7866,17132.0511,NA,NA,NA
python.exe,12184,0x0,Other,0,0,1,Hardware: Legacy Flip,2026-8-20 18:39:52.121220100,13.2960,13.2960,0.0000,0.1642,13.2780,1.3179,11.9601,13.9594,22.6982,8.8180,17153.9075,NA,NA,NA
python.exe,12184,0x0,Other,0,0,1,Hardware: Legacy Flip,2026-8-20 18:39:52.134516100,22.3510,22.3510,0.0000,0.1462,22.2861,0.7736,21.5125,23.3616,11.4706,-9.4022,17167.2035,NA,NA,NA
python.exe,12184,0x0,Other,0,0,1,Hardware: Legacy Flip,2026-8-20 18:39:52.156867100,11.3810,11.3810,0.0000,0.0813,11.4147,1.1811,10.2336,12.4812,18.6801,10.8804,17189.5545,NA,NA,NA
python.exe,12184,0x0,Other,0,0,1,Hardware: Legacy Flip,2026-8-20 18:39:52.168248100,18.6373,18.6373,0.0000,0.1150,18.6745,1.3507,17.3238,19.7803,13.4275,-7.2991,17200.9355,NA,NA,NA
python.exe,12184,0x0,Other,0,0,1,Hardware: Legacy Flip,2026-8-20 18:39:52.186885400,13.4339,13.4339,0.0000,0.1522,13.3614,1.2977,12.0637,14.5705,19.3796,5.2098,17219.5728,NA,NA,NA
python.exe,12184,0x0,Other,0,0,1,Hardware: Legacy Flip,2026-8-20 18:39:52.200319300,19.3482,19.3482,0.0000,0.0797,19.3306,1.3208,18.0098,20.5162,15.1149,-5.9457,17233.0067,NA,NA,NA
python.exe,12184,0x0,Other,0,0,1,Hardware: Legacy Flip,2026-8-20 18:39:52.219667500,14.9424,14.9424,0.0000,0.0621,14.9851,1.7014,13.2837,16.2829,19.2209,4.2333,17252.3549,NA,NA,NA
python.exe,12184,0x0,Other,0,0,1,Hardware: Legacy Flip,2026-8-20 18:39:52.234609900,19.1127,19.1127,0.0000,0.1048,19.1453,1.7259,17.4194,20.5614,12.0554,-4.2785,17267.2973,NA,NA,NA
python.exe,12184,0x0,Other,0,0,1,Hardware: Legacy Flip,2026-8-20 18:39:52.253722600,12.5353,12.5353,0.0000,0.1374,12.4712,1.5160,10.9552,13.5041,23.1082,7.0573,17286.4100,NA,NA,NA
python.exe,12184,0x0,Other,0,0,1,Hardware: Legacy Flip,2026-8-20 18:39:52.266257900,22.5933,22.5933,0.0000,0.0733,22.6453,1.5426,21.1027,24.0770,10.4824,-10.5729,17298.9453,NA,NA,NA
python.exe,12184,0x0,Other,0,0,1,Hardware: Legacy Flip,2026-8-20 18:39:52.288851200,10.8230,10.8230,0.0000,0.1253,10.7447,1.4940,9.2507,11.9661,21.0571,12.1109,17321.5386,NA,NA,NA
python.exe,12184,0x0,Other,0,0,1,Hardware: Legacy Flip,2026-8-20 18:39:52.299674200,20.9179,20.9179,0.0000,0.0470,20.9658,1.6284,19.3374,22.2002,12.3517,-10.2341,17332.3616,NA,NA,NA
python.exe,12184,0x0,Other,0,0,1,Hardware: Legacy Flip,2026-8-20 18:39:52.320592100,12.6554,12.6554,0.0000,0.0949,12.6117,1.4085,11.2032,13.6340,20.3818,8.5662,17353.2795,NA,NA,NA
python.exe,12184,0x0,Other,0,0,1,Hardware: Legacy Flip,2026-8-20 18:39:52.333247500,20.0713,20.0713,0.0000,0.0512,20.0708,1.1286,18.9422,21.3604,66.4091,-7.7264,17365.9349,NA,NA,NA
python.exe,12184,0x0,Other,0,0,1,Hardware: Legacy Flip,2026-8-20 18:39:52.353318800,66.4658,66.4658,0.0000,0.0507,66.5452,1.6133,64.9319,67.6982,16.1350,-46.3378,17386.0062,NA,NA,NA
python.exe,12184,0x0,Other,0,0,1,Hardware: Legacy Flip,2026-8-20 18:39:52.419784600,16.4067,16.4067,0.0000,0.1301,16.3505,1.2149,15.1356,17.3674,17.8236,50.3308,17452.4720,NA,NA,NA
python.exe,12184,0x0,Other,0,0,1,Hardware: Legacy Flip,2026-8-20 18:39:52.436191300,17.7366,17.7366,0.0000,0.0739,17.7366,1.2335,16.5031,18.7843,13.7877,-1.4169,17468.8787,NA,NA,NA
python.exe,12184,0x0,Other,0,0,1,Hardware: Legacy Flip,2026-8-20 18:39:52.453927900,13.4218,13.4218,0.0000,0.0739,13.4917,1.4920,11.9997,14.8354,18.4028,3.9489,17486.6153,NA,NA,NA
python.exe,12184,0x0,Other,0,0,1,Hardware: Legacy Flip,2026-8-20 18:39:52.467349700,18.4912,18.4912,0.0000,0.1438,18.4185,1.7548,16.6637,19.8164,14.4014,-4.9810,17500.0371,NA,NA,NA
python.exe,12184,0x0,Other,0,0,1,Hardware: Legacy Flip,2026-8-20 18:39:52.485840900,14.5672,14.5672,0.0000,0.0711,14.5527,1.4970,13.0557,15.7266,20.3711,4.0898,17518.5283,NA,NA,NA
python.exe,12184,0x0,Other,0,0,1,Hardware: Legacy Flip,2026-8-20 18:39:52.500408100,20.3975,20.3975,0.0000,0.0566,20.4143,1.3757,19.0386,21.5305,12.8854,-5.8039,17533.0955,NA,NA,NA
python.exe,12184,0x0,Other,0,0,1,Hardware: Legacy Flip,2026-8-20 18:39:52.520805600,12.8374,12.8374,0.0000,0.0734,12.8678,1.4121,11.4557,14.0184,20.1206,7.5121,17553.4930,NA,NA,NA
python.exe,12184,0x0,Other,0,0,1,Hardware: Legacy Flip,2026-8-20 18:39:52.533643000,20.1354,20.1354,0.0000,0.1038,20.1586,1.6060,18.5526,21.3016,13.1130,-7.2832,17566.3304,NA,NA,NA
python.exe,12184,0x0,Other,0,0,1,Hardware: Legacy Flip,2026-8-20 18:39:52.553778400,13.0321,13.0321,0.0000,0.1270,12.9651,1.3115,11.6536,14.2792,21.0655,7.0224,17586.4658,NA,NA,NA
python.exe,12184,0x0,Other,0,0,1,Hardware: Legacy Flip,2026-8-20 18:39:52.566810500,21.3048,21.3048,0.0000,0.0600,21.3147,1.3332,19.9815,22.3126,11.7929,-8.0334,17599.4979,NA,NA,NA
python.exe,12184,0x0,Other,0,0,1,Hardware: Legacy Flip,2026-8-20 18:39:52.588115300,11.8157,11.8157,0.0000,0.0699,11.8150,1.2326,10.5824,12.8007,20.1344,9.5119,17620.8027,NA,NA,NA
python.exe,12184,0x0,Other,0,0,1,Hardware: Legacy Flip,2026-8-20 18:39:52.599931000,19.7074,19.7074,0.0000,0.0692,19.7125,1.1865,18.5260,21.1194,14.8134,-8.3187,17632.6184,NA,NA,NA
python.exe,12184,0x0,Other,0,0,1,Hardware: Legacy Flip,2026-8-20 18:39:52.619638400,14.9603,14.9603,0.0000,0.0743,14.9485,1.6901,13.2584,16.2254,19.8473,4.8940,17652.3258,NA,NA,NA
python.exe,12184,0x0,Other,0,0,1,Hardware: Legacy Flip,2026-8-20 18:39:52.634598700,19.7420,19.7420,0.0000,0.0625,19.7755,1.6334,18.1421,21.1124,12.5521,-4.8870,17667.2861,NA,NA,NA
python.exe,12184,0x0,Other,0,0,1,Hardware: Legacy Flip,2026-8-20 18:39:52.654340700,12.6816,12.6816,0.0000,0.0960,12.6804,1.5188,11.1616,13.9225,20.2254,7.1899,17687.0281,NA,NA,NA
python.exe,12184,0x0,Other,0,0,1,Hardware: Legacy Flip,2026-8-20 18:39:52.667022300,20.3592,20.3592,0.0000,0.0948,20.3370,1.5237,18.8133,21.4663,13.2625,-7.5438,17699.7097,NA,NA,NA
python.exe,12184,0x0,Other,0,0,1,Hardware: Legacy Flip,2026-8-20 18:39:52.687381500,13.0803,13.0803,0.0000,0.0726,13.0720,1.2121,11.8599,14.3696,20.4328,7.0967,17720.0689,NA,NA,NA
python.exe,12184,0x0,Other,0,0,1,Hardware: Legacy Flip,2026-8-20 18:39:52.700461800,20.1266,20.1266,0.0000,0.0643,20.1619,1.4864,18.6755,21.7221,12.6753,-7.3525,17733.1492,NA,NA,NA
python.exe,12184,0x0,Other,0,0,1,Hardware: Legacy Flip,2026-8-20 18:39:52.720588400,12.8841,12.8841,0.0000,0.0996,12.8480,1.7877,11.0603,14.2708,20.5112,7.4513,17753.2758,NA,NA,NA
python.exe,12184,0x0,Other,0,0,1,Hardware: Legacy Flip,2026-8-20 18:39:52.733472500,20.4860,20.4860,0.0000,0.0635,20.4932,1.5889,18.9043,21.8979,12.6681,-7.6271,17766.1599,NA,NA,NA
python.exe,12184,0x0,Other,0,0,1,Hardware: Legacy Flip,2026-8-20 18:39:52.753958500,12.9789,12.9789,0.0000,0.0707,13.0388,1.7605,11.2783,14.0800,23.2132,7.8179,17786.6459,NA,NA,NA
python.exe,12184,0x0,Other,0,0,1,Hardware: Legacy Flip,2026-8-20 18:39:52.766937400,23.0755,23.0755,0.0000,0.1306,23.0044,1.2372,21.7672,24.3143,9.5524,-10.2343,17799.6248,NA,NA,NA
python.exe,12184,0x0,Other,0,0,1,Hardware: Legacy Flip,2026-8-20 18:39:52.790012900,9.6507,9.6507,0.0000,0.0595,9.6916,1.4906,8.2010,10.7912,20.9316,13.5231,17822.7003,NA,NA,NA
python.exe,12184,0x0,Other,0,0,1,Hardware: Legacy Flip,2026-8-20 18:39:52.799663600,20.5180,20.5180,0.0000,0.1004,20.5242,1.4806,19.0436,22.0721,13.2560,-11.2809,17832.3510,NA,NA,NA
python.exe,12184,0x0,Other,0,0,1,Hardware: Legacy Flip,2026-8-20 18:39:52.820181600,13.5986,13.5986,0.0000,0.1066,13.5394,1.5202,12.0192,14.8101,20.2202,7.2620,17852.8690,NA,NA,NA
python.exe,12184,0x0,Other,0,0,1,Hardware: Legacy Flip,2026-8-20 18:39:52.833780200,20.1245,20.1245,0.0000,0.0474,20.1938,1.6455,18.5483,21.4317,12.4399,-6.6216,17866.4676,NA,NA,NA
python.exe,12184,0x0,Other,0,0,1,Hardware: Legacy Flip,2026-8-20 18:39:52.853904700,12.6038,12.6038,0.0000,0.1167,12.5550,1.3977,11.1573,13.7471,21.0254,7.6846,17886.5921,NA,NA,NA
python.exe,12184,0x0,Other,0,0,1,Hardware: Legacy Flip,2026-8-20 18:39:52.866508500,21.0812,21.0812,0.0000,0.0679,21.0892,1.3861,19.7031,22.1687,13.1654,-8.4216,17899.1959,NA,NA,NA
python.exe,12184,0x0,Other,0,0,1,Hardware: Legacy Flip,2026-8-20 18:39:52.887589700,13.0419,13.0419,0.0000,0.0759,13.0444,1.3501,11.6943,14.2529,19.8280,7.9158,17920.2771,NA,NA,NA
python.exe,12184,0x0,Other,0,0,1,Hardware: Legacy Flip,2026-8-20 18:39:52.900631600,19.9602,19.9602,0.0000,0.0784,19.9653,1.4834,18.4819,21.0390,13.0391,-6.7861,17933.3190,NA,NA,NA
python.exe,12184,0x0,Other,0,0,1,Hardware: Legacy Flip,2026-8-20 18:39:52.920591800,12.9810,12.9810,0.0000,0.0835,12.9600,1.2538,11.7062,14.1179,19.9575,6.9211,17953.2792,NA,NA,NA
python.exe,12184,0x0,Other,0,0,1,Hardware: Legacy Flip,2026-8-20 18:39:52.933572800,19.7868,19.7868,0.0000,0.0625,19.7784,1.3105,18.4679,21.0944,13.0959,-6.9765,17966.2602,NA,NA,NA
python.exe,12184,0x0,Other,0,0,1,Hardware: Legacy Flip,2026-8-20 18:39:52.953359600,13.1854,13.1854,0.0000,0.0541,13.1924,1.4792,11.7132,14.4035,20.0640,6.6909,17986.0470,NA,NA,NA
python.exe,12184,0x0,Other,0,0,1,Hardware: Legacy Flip,2026-8-20 18:39:52.966545000,20.1158,20.1158,0.0000,0.0611,20.1961,1.5384,18.6577,21.2821,14.9098,-6.8786,17999.2324,NA,NA,NA
python.exe,12184,0x0,Other,0,0,1,Hardware: Legacy Flip,2026-8-20 18:39:52.986660800,14.6853,14.6853,0.0000,0.1414,14.6270,1.2715,13.3555,16.0761,19.0412,5.2060,18019.3482,NA,NA,NA
python.exe,12184,0x0,Other,0,0,1,Hardware: Legacy Flip,2026-8-20 18:39:53.001346100,19.1840,19.1840,0.0000,0.0831,19.1621,1.4687,17.6934,20.4320,13.3579,-4.3559,18034.0335,NA,NA,NA
python.exe,12184,0x0,Other,0,0,1,Hardware: Legacy Flip,2026-8-20 18:39:53.020530100,13.0852,13.0852,0.0000,0.0612,13.0907,1.4579,11.6328,14.6059,19.3483,5.8261,18053.2175,NA,NA,NA
python.exe,12184,0x0,Other,0,0,1,Hardware: Legacy Flip,2026-8-20 18:39:53.033615300,19.4072,19.4072,0.0000,0.0667,19.4076,1.5872,17.8204,20.8690,14.1379,-6.2631,18066.3027,NA,NA,NA
python.exe,12184,0x0,Other,0,0,1,Hardware: Legacy Flip,2026-8-20 18:39:53.053022500,14.1790,14.1790,0.0000,0.0671,14.1781,1.6150,12.5631,15.5997,20.1334,5.2693,18085.7099,NA,NA,NA
python.exe,12184,0x0,Other,0,0,1,Hardware: Legacy Flip,2026-8-20 18:39:53.067201500,20.4947,20.4947,0.0000,0.0662,20.4892,1.6423,18.8469,21.5541,12.0691,-5.9544,18099.8889,NA,NA,NA
python.exe,12184,0x0,Other,0,0,1,Hardware: Legacy Flip,2026-8-20 18:39:53.087696200,11.7701,11.7701,0.0000,0.0607,11.7720,1.2625,10.5095,13.1285,20.4871,8.4256,18120.3836,NA,NA,NA
python.exe,12184,0x0,Other,0,0,1,Hardware: Legacy Flip,2026-8-20 18:39:53.099466300,20.2662,20.2662,0.0000,0.0626,20.3457,1.5328,18.8129,21.8455,14.8364,-8.7170,18132.1537,NA,NA,NA
python.exe,12184,0x0,Other,0,0,1,Hardware: Legacy Flip,2026-8-20 18:39:53.119732500,15.2254,15.2254,0.0000,0.1421,15.2312,1.6744,13.5568,16.4157,19.2145,5.4298,18152.4199,NA,NA,NA
python.exe,12184,0x0,Other,0,0,1,Hardware: Legacy Flip,2026-8-20 18:39:53.134957900,19.1950,19.1950,0.0000,0.1479,19.1606,1.3334,17.8272,20.4048,12.6137,-3.9891,18167.6453,NA,NA,NA
python.exe,12184,0x0,Other,0,0,1,Hardware: Legacy Flip,2026-8-20 18:39:53.154152900,12.5207,12.5207,0.0000,0.1135,12.4938,1.4300,11.0638,13.8235,20.7071,6.5813,18186.8403,NA,NA,NA
python.exe,12184,0x0,Other,0,0,1,Hardware: Legacy Flip,2026-8-20 18:39:53.166673600,20.8337,20.8337,0.0000,0.0866,20.8503,1.4807,19.3696,22.0099,14.2400,-8.1864,18199.3610,NA,NA,NA
python.exe,12184,0x0,Other,0,0,1,Hardware: Legacy Flip,2026-8-20 18:39:53.187507300,14.0638,14.0638,0.0000,0.1032,14.1193,1.9537,12.1656,15.4162,18.7403,6.5937,18220.1947,NA,NA,NA
python.exe,12184,0x0,Other,0,0,1,Hardware: Legacy Flip,2026-8-20 18:39:53.201571100,18.3664,18.3664,0.0000,0.1587,18.3059,1.5060,16.7999,20.0927,13.2304,-4.6765,18234.2585,NA,NA,NA
python.exe,12184,0x0,Other,0,0,1,Hardware: Legacy Flip,2026-8-20 18:39:53.219937500,13.4202,13.4202,0.0000,0.0982,13.3756,1.7755,11.6001,14.9567,20.4619,5.1360,18252.6249,NA,NA,NA
python.exe,12184,0x0,Other,0,0,1,Hardware: Legacy Flip,2026-8-20 18:39:53.233357700,20.6913,20.6913,0.0000,0.0536,20.7115,1.8260,18.8855,21.9984,13.2548,-7.0417,18266.0451,NA,NA,NA
python.exe,12184,0x0,Other,0,0,1,Hardware: Legacy Flip,2026-8-20 18:39:53.254049000,13.3417,13.3417,0.0000,0.0738,13.3196,1.4492,11.8704,14.5619,20.1366,7.4365,18286.7364,NA,NA,NA
python.exe,12184,0x0,Other,0,0,1,Hardware: Legacy Flip,2026-8-20 18:39:53.267390700,19.7778,19.7778,0.0000,0.0517,19.8549,1.5644,18.2905,21.3568,12.2218,-6.7949,18300.0781,NA,NA,NA
python.exe,12184,0x0,Other,0,0,1,Hardware: Legacy Flip,2026-8-20 18:39:53.287168500,12.4172,12.4172,0.0000,0.1288,12.3479,1.5673,10.7806,13.8008,21.9541,7.5560,18319.8559,NA,NA,NA
python.exe,12184,0x0,Other,0,0,1,Hardware: Legacy Flip,2026-8-20 18:39:53.299585700,22.1893,22.1893,0.0000,0.0595,22.2612,1.8752,20.3860,23.3377,12.8629,-9.5369,18332.2731,NA,NA,NA
python.exe,12184,0x0,Other,0,0,1,Hardware: Legacy Flip,2026-8-20 18:39:53.321775000,12.4073,12.4073,0.0000,0.1314,12.3700,1.5314,10.8386,14.0113,19.4449,9.3264,18354.4624,NA,NA,NA
python.exe,12184,0x0,Other,0,0,1,Hardware: Legacy Flip,2026-8-20 18:39:53.334182300,19.9927,19.9927,0.0000,0.0941,20.0308,1.9621,18.0687,21.0489,13.5210,-7.0376,18366.8697,NA,NA,NA
python.exe,12184,0x0,Other,0,0,1,Hardware: Legacy Flip,2026-8-20 18:39:53.354175000,12.9394,12.9394,0.0000,0.1322,12.8769,1.2618,11.6151,14.5772,19.4605,6.4717,18386.8624,NA,NA,NA
python.exe,12184,0x0,Other,0,0,1,Hardware: Legacy Flip,2026-8-20 18:39:53.367114400,19.8119,19.8119,0.0000,0.0697,19.8120,1.7820,18.0300,21.0983,13.6484,-6.5211,18399.8018,NA,NA,NA
python.exe,12184,0x0,Other,0,0,1,Hardware: Legacy Flip,2026-8-20 18:39:53.386926300,13.2859,13.2859,0.0000,0.0698,13.3130,1.5568,11.7562,14.9348,65.8088,6.1635,18419.6137,NA,NA,NA
python.exe,12184,0x0,Other,0,0,1,Hardware: Legacy Flip,2026-8-20 18:39:53.400212200,65.7760,65.7760,0.0000,0.0969,65.7662,1.6857,64.0805,67.4577,2.1137,-52.5229,18432.8996,NA,NA,NA
python.exe,12184,0x0,Other,0,0,1,Hardware: Legacy Flip,2026-8-20 18:39:53.465988200,2.4530,2.4530,0.0000,0.0871,2.4092,1.8261,0.5831,3.7954,19.4561,63.6623,18498.6756,NA,NA,NA
python.exe,12184,0x0,Other,0,0,1,Hardware: Legacy Flip,2026-8-20 18:39:53.468441200,19.3268,19.3268,0.0000,0.0433,19.3456,1.5744,17.7712,20.7985,12.8251,-17.0031,18501.1286,NA,NA,NA
python.exe,12184,0x0,Other,0,0,1,Hardware: Legacy Flip,2026-8-20 18:39:53.487768000,13.0317,13.0317,0.0000,0.0621,13.0584,1.6583,11.4001,14.2968,18.4928,6.5017,18520.4554,NA,NA,NA
python.exe,12184,0x0,Other,0,0,1,Hardware: Legacy Flip,2026-8-20 18:39:53.500799700,18.4960,18.4960,0.0000,0.0888,18.4855,1.3084,17.1771,19.7579,15.3604,-5.4611,18533.4871,NA,NA,NA
python.exe,12184,0x0,Other,0,0,1,Hardware: Legacy Flip,2026-8-20 18:39:53.519295700,14.9034,14.9034,0.0000,0.0783,14.9016,1.3169,13.5847,16.6223,19.4202,3.1356,18551.9831,NA,NA,NA
python.exe,12184,0x0,Other,0,0,1,Hardware: Legacy Flip,2026-8-20 18:39:53.534199100,20.0396,20.0396,0.0000,0.0765,20.0385,2.0149,18.0236,21.1391,12.2085,-4.5168,18566.8865,NA,NA,NA
python.exe,12184,0x0,Other,0,0,1,Hardware: Legacy Flip,2026-8-20 18:39:53.554238700,11.9642,11.9642,0.0000,0.0754,11.9345,1.2382,10.6963,13.3080,20.5984,7.8311,18586.9261,NA,NA,NA
python.exe,12184,0x0,Other,0,0,1,Hardware: Legacy Flip,2026-8-20 18:39:53.566202900,20.4388,20.4388,0.0000,0.0457,20.4443,1.4824,18.9619,21.9422,14.2233,-8.6342,18598.8903,NA,NA,NA
python.exe,12184,0x0,Other,0,0,1,Hardware: Legacy Flip,2026-8-20 18:39:53.586641700,14.2412,14.2412,0.0000,0.0512,14.3323,2.2289,12.1034,15.7267,18.8194,6.2155,18619.3291,NA,NA,NA
python.exe,12184,0x0,Other,0,0,1,Hardware: Legacy Flip,2026-8-20 18:39:53.600882900,19.1661,19.1661,0.0000,0.1423,19.0923,1.6053,17.4870,20.3049,14.3241,-4.5782,18633.5703,NA,NA,NA
python.exe,12184,0x0,Other,0,0,1,Hardware: Legacy Flip,2026-8-20 18:39:53.620049000,14.6171,14.6171,0.0000,0.0685,14.6869,1.5852,13.1017,15.4629,19.9328,4.8420,18652.7364,NA,NA,NA
python.exe,12184,0x0,Other,0,0,1,Hardware: Legacy Flip,2026-8-20 18:39:53.634666100,19.3251,19.3251,0.0000,0.1383,19.2732,1.2457,18.0275,20.7786,13.2711,-5.3157,18667.3535,NA,NA,NA
