{
  "mode": "blob",
  "name": "Preset 7 (Velvet Moth Ex)",
  "preset_index": 6,
  "visualizer_preset_override": true,
  "visualizer_preset_mode": "blob",
  "snapshot": {
    "widgets": {
      "spotify_visualizer": {
        "monitor": "ALL",
        "bar_fill_color": [
          0,
          0,
          0,
          130
        ],
        "bar_border_color": [
          255,
          255,
          255,
          255
        ],
        "bar_border_opacity": 1.0,
        "blob_color": [
          255,
          171,
          96,
          226
        ],
        "blob_glow_color": [
          255,
          156,
          74,
          174
        ],
        "blob_edge_color": [
          255,
          236,
          196,
          214
        ],
        "blob_outline_color": [
          255,
          224,
          156,
          220
        ],
        "blob_pulse": 0.3,
        "blob_pulse_release_ms": 101,
        "blob_width": 1.0,
        "blob_size": 0.52,
        "blob_glow_intensity": 0.64,
        "blob_reactive_glow": true,
        "blob_glow_drive_mode": "vocal",
        "blob_growth": 5.0,
        "blob_reactive_deformation": 1.08,
        "blob_constant_wobble": 0.14,
        "blob_reactive_wobble": 1.42,
        "blob_stretch": 0.28,
        "blob_glow_reactivity": 1.58,
        "blob_glow_max_size": 1.34,
        "blob_ghosting_enabled": true,
        "blob_ghost_alpha": 0.14,
        "blob_ghost_decay": 0.42,
        "blob_shaper_enabled": true,
        "blob_shape_base_nodes": [
          [
            0.0,
            0.96
          ],
          [
            0.23992618948922326,
            1.0539624104723118
          ],
          [
            0.5,
            1.04
          ],
          [
            0.7535625752297505,
            0.9928413176485853
          ]
        ],
        "blob_shape_reaction_nodes": [
          [
            0.12473340905487139,
            3.126987708034724
          ],
          [
            0.3040215519811334,
            3.047974883694475
          ],
          [
            0.5,
            0.74
          ],
          [
            0.6905266470782826,
            3.0234656120535326
          ],
          [
            0.8864483203646766,
            2.988051192903645
          ]
        ],
        "blob_shape_energy_nodes": [
          {
            "canvas": "react",
            "type": "mid",
            "x": 0.3737672583826428,
            "y": 0.3609467455621302,
            "strength": 1.0,
            "dir_x": -0.6625738822030303,
            "dir_y": -0.7489965624903794,
            "dir_len": 23.142073276946387
          },
          {
            "canvas": "react",
            "type": "mid",
            "x": 0.6420118343195266,
            "y": 0.3648915187376725,
            "strength": 1.0,
            "dir_x": 0.750713516922755,
            "dir_y": -0.660627894892025,
            "dir_len": 22.201101073795613
          },
          {
            "type": "vocals",
            "x": 0.06410256410256399,
            "y": 0.719921104536489,
            "strength": 1.0,
            "dir_x": -0.7158534795375027,
            "dir_y": 0.6982505251226455,
            "dir_len": 42.0,
            "canvas": "react"
          },
          {
            "type": "vocals",
            "x": 0.9280078895463509,
            "y": 0.6785009861932938,
            "strength": 1.0,
            "dir_x": 0.7135639703685364,
            "dir_y": 0.7005900799982044,
            "dir_len": 42.0,
            "canvas": "react"
          },
          {
            "type": "bass",
            "x": 0.5,
            "y": 0.5985207100591716,
            "strength": 1.0,
            "dir_x": -1.7053025658242443e-15,
            "dir_y": -1.0,
            "dir_len": 16.66666666666663,
            "canvas": "react"
          }
        ],
        "blob_shaper_base_strength": 1.0,
        "blob_shaper_react_strength": 0.92,
        "blob_topology": "circle",
        "blob_ring_thickness": 0.22,
        "blob_dynamic_floor": true,
        "blob_manual_floor": 0.15,
        "blob_dynamic_range_enabled": false,
        "blob_agc_strength": 0.45,
        "blob_input_gain": 0.82,
        "blob_kick_lane_gain": 0.72,
        "blob_transient_pulse_gain": 1.0,
        "blob_transient_clamp": 1.5,
        "blob_audio_block_size": 128,
        "blob_adaptive_sensitivity": false,
        "blob_sensitivity": 0.46,
        "blob_bar_count": 32,
        "blob_transient_mix_bass": 0.28,
        "blob_transient_mix_vocal": 0.22,
        "blob_rainbow_enabled": false,
        "blob_rainbow_speed": 0.15,
        "mode": "blob"
      }
    }
  },
  "description": "Saved from current Settings state."
}