Application,ProcessID,SwapChainAddress,PresentRuntime,SyncInterval,PresentFlags,AllowsTearing,PresentMode,CPUStartDateTime,FrameTime,CPUBusy,CPUWait,GPULatency,GPUTime,GPUBusy,GPUWait,DisplayLatency,DisplayedTime,AnimationError,AnimationTime,MsFlipDelay,AllInputToPhotonLatency,ClickToPhotonLatency
python.exe,29332,0x0,Other,-1,0,0,Composed: Copy with GPU GDI,2026-8-20 19:19:05.047300200,1.0278,1.0278,0.0000,0.8361,0.6295,0.4544,0.1751,15.6886,18.2838,NA,2525.0893,NA,NA,NA
python.exe,29332,0x0,Other,-1,0,0,Composed: Copy with GPU GDI,2026-8-20 19:19:05.048328000,16.8706,16.8706,0.0000,0.4365,17.9211,1.6045,16.3166,NA,NA,NA,NA,NA,NA,NA
python.exe,29332,0x0,Other,-1,0,0,Composed: Copy with GPU GDI,2026-8-20 19:19:05.065198600,1.7675,1.7675,0.0000,1.4810,1.6076,1.3273,0.2803,16.0740,6.0468,-0.3854,2542.9877,NA,NA,NA
python.exe,29332,0x0,Other,-1,0,0,Composed: Copy with GPU GDI,2026-8-20 19:19:05.066966100,1.4727,1.4727,0.0000,1.3199,1.7050,1.5541,0.1509,NA,NA,NA,NA,NA,NA,NA
python.exe,29332,0x0,Other,-1,0,0,Composed: Copy with GPU GDI,2026-8-20 19:19:05.068438800,1.6661,1.6661,0.0000,1.5501,1.0000,0.8636,0.1364,NA,NA,NA,NA,NA,NA,NA
python.exe,29332,0x0,Other,-1,0,0,Composed: Copy with GPU GDI,2026-8-20 19:19:05.070104900,1.0817,1.0817,0.0000,0.8829,2.3726,2.1754,0.1972,NA,NA,NA,NA,NA,NA,NA
python.exe,29332,0x0,Other,-1,0,0,Composed: Copy with GPU GDI,2026-8-20 19:19:05.071186600,2.2724,2.2724,0.0000,2.1728,0.9308,0.8322,0.0986,16.1328,6.0234,-0.0588,2548.9757,NA,NA,NA
python.exe,29332,0x0,Other,-1,0,0,Composed: Copy with GPU GDI,2026-8-20 19:19:05.073459000,0.9171,0.9171,0.0000,0.8303,1.1122,0.9742,0.1380,NA,NA,NA,NA,NA,NA,NA
python.exe,29332,0x0,Other,-1,0,0,Composed: Copy with GPU GDI,2026-8-20 19:19:05.074376100,2.3893,2.3893,0.0000,1.0243,3.0632,1.5841,1.4791,18.9667,406.5116,-2.8339,2552.1652,NA,NA,NA
python.exe,29332,0x0,Other,-1,0,0,Composed: Copy with GPU GDI,2026-8-20 19:19:05.076765400,406.1102,406.1102,0.0000,1.6967,404.7000,12.7541,391.9459,423.0890,30.3134,-404.1223,2554.5545,NA,NA,NA
python.exe,29332,0x0,Other,-1,0,0,Composed: Copy with GPU GDI,2026-8-20 19:19:05.482875600,32.8259,32.8259,0.0000,0.2919,32.6802,0.5040,32.1762,47.2922,451.4431,375.7968,2960.6647,NA,NA,NA
python.exe,29332,0x0,Other,-1,0,0,Composed: Copy with GPU GDI,2026-8-20 19:19:05.515701500,451.0464,451.0464,0.0000,0.1493,451.2248,18.0903,433.1345,465.9094,70.2524,-418.6172,2993.4906,NA,352.3217,NA
python.exe,29332,0x0,Other,-1,0,0,Composed: Copy with GPU GDI,2026-8-20 19:19:05.966747900,77.6617,77.6617,0.0000,0.3311,77.9064,0.8347,77.0717,85.1154,72.7790,380.7940,3444.5370,NA,NA,NA
python.exe,29332,0x0,Other,-1,0,0,Composed: Copy with GPU GDI,2026-8-20 19:19:06.044409600,72.6624,72.6624,0.0000,0.5782,72.7666,0.7090,72.0576,NA,NA,4.8827,3522.1987,NA,NA,NA
python.exe,29332,0x0,Other,-1,0,0,Composed: Copy with GPU GDI,2026-8-20 19:19:06.117072000,0.8270,0.8270,0.0000,0.6824,0.8971,0.8958,0.0013,7.5703,72.7976,NA,3594.8611,NA,NA,NA
python.exe,29332,0x0,Other,-1,0,0,Composed: Copy with GPU GDI,2026-8-20 19:19:06.117899000,1.3182,1.3182,0.0000,0.7568,1.3744,1.0634,0.3110,79.5409,11.1958,-71.9706,3595.6881,NA,NA,NA
python.exe,29332,0x0,Other,0,0,1,Hardware: Legacy Flip,2026-8-20 19:19:06.119217200,88.5705,88.5705,0.0000,0.8130,88.6055,0.3071,88.2984,89.4185,1.7930,-9.8776,3597.0063,NA,NA,NA
python.exe,29332,0x0,Other,-1,0,0,Composed: Copy with GPU GDI,2026-8-20 19:19:06.207787700,2.0295,2.0295,0.0000,2.2314,0.0720,0.0720,0.0000,NA,NA,NA,NA,NA,NA,NA
python.exe,29332,0x0,Other,0,0,1,Hardware: Legacy Flip,2026-8-20 19:19:06.209817200,0.1743,0.1743,0.0000,0.0000,1.3834,0.3879,0.9955,0.6115,2.4744,88.8070,3687.6063,NA,NA,NA
python.exe,29332,0x0,Other,-1,0,0,Composed: Copy with GPU GDI,2026-8-20 19:19:06.209991500,2.3636,2.3636,0.0000,2.5685,0.0900,0.0900,0.0000,NA,NA,NA,NA,NA,NA,NA
python.exe,29332,0x0,Other,0,0,1,Hardware: Legacy Flip,2026-8-20 19:19:06.212355100,0.1865,0.1865,0.0000,0.0000,2.4689,0.6021,1.8668,0.5480,4.4821,0.0635,3690.1442,NA,NA,NA
python.exe,29332,0x0,Other,-1,0,0,Composed: Copy with GPU GDI,2026-8-20 19:19:06.212541600,1.2612,1.2612,0.0000,0.1084,1.7348,0.9149,0.8199,NA,NA,NA,NA,NA,NA,NA
python.exe,29332,0x0,Other,0,0,1,Hardware: Legacy Flip,2026-8-20 19:19:06.213802800,3.2392,3.2392,0.0000,0.5861,2.9963,0.4092,2.5871,3.5824,10.5648,-3.0344,3691.5919,NA,NA,NA
python.exe,29332,0x0,Other,-1,0,0,Composed: Copy with GPU GDI,2026-8-20 19:19:06.217042000,2.7480,2.7480,0.0000,0.3432,9.4985,0.4875,9.0110,NA,NA,NA,NA,NA,NA,NA
python.exe,29332,0x0,Other,0,0,1,Hardware: Legacy Flip,2026-8-20 19:19:06.219790000,7.8371,7.8371,0.0000,7.0971,0.7641,0.1265,0.6376,8.1600,17.4713,-4.5776,3697.5791,NA,NA,NA
python.exe,29332,0x0,Other,-1,0,0,Composed: Copy with GPU GDI,2026-8-20 19:19:06.227627100,1.7745,1.7745,0.0000,0.0241,2.0892,0.7351,1.3541,NA,NA,NA,NA,NA,NA,NA
python.exe,29332,0x0,Other,-1,0,0,Composed: Copy with GPU GDI,2026-8-20 19:19:06.229401600,1.7579,1.7579,0.0000,0.3368,1.5322,0.2071,1.3251,NA,NA,NA,NA,NA,NA,NA
python.exe,29332,0x0,Other,-1,0,0,Composed: Copy with GPU GDI,2026-8-20 19:19:06.231159500,7.2483,7.2483,0.0000,0.1144,7.6777,0.9222,6.7555,NA,NA,NA,NA,NA,NA,NA
python.exe,29332,0x0,Other,-1,0,0,Composed: Copy with GPU GDI,2026-8-20 19:19:06.238407800,6.4998,6.4998,0.0000,0.5506,6.1619,0.4140,5.7479,NA,NA,NA,NA,NA,NA,NA
python.exe,29332,0x0,Other,0,0,1,Hardware: Legacy Flip,2026-8-20 19:19:06.244907600,0.1554,0.1554,0.0000,0.2127,0.0375,0.0375,0.0000,0.5137,13.2567,7.6463,3722.6967,NA,NA,NA
python.exe,29332,0x0,Other,-1,0,0,Composed: Copy with GPU GDI,2026-8-20 19:19:06.245063000,4.3948,4.3948,0.0000,0.0948,4.9852,0.9308,4.0544,NA,NA,NA,NA,NA,NA,NA
python.exe,29332,0x0,Other,-1,0,0,Composed: Copy with GPU GDI,2026-8-20 19:19:06.249457800,8.2143,8.2143,0.0000,0.6890,7.7889,0.4667,7.3222,NA,NA,NA,NA,NA,NA,NA
python.exe,29332,0x0,Other,0,0,1,Hardware: Legacy Flip,2026-8-20 19:19:06.257672100,0.7805,0.7805,0.0000,0.2704,0.6166,0.2079,0.4087,1.0059,16.7449,-0.4922,3735.4612,NA,NA,NA
python.exe,29332,0x0,Other,-1,0,0,Composed: Copy with GPU GDI,2026-8-20 19:19:06.258452600,3.0536,3.0536,0.0000,0.1065,3.1187,0.3261,2.7926,NA,NA,NA,NA,NA,NA,NA
python.exe,29332,0x0,Other,-1,0,0,Composed: Copy with GPU GDI,2026-8-20 19:19:06.261506200,6.9611,6.9611,0.0000,0.1757,6.8938,0.2411,6.6527,NA,NA,NA,NA,NA,NA,NA
python.exe,29332,0x0,Other,-1,0,0,Composed: Copy with GPU GDI,2026-8-20 19:19:06.268467300,5.4664,5.4664,0.0000,0.1126,5.6174,0.5013,5.1161,NA,NA,NA,NA,NA,NA,NA
python.exe,29332,0x0,Other,0,0,1,Hardware: Legacy Flip,2026-8-20 19:19:06.273933700,0.9498,0.9498,0.0000,0.2685,0.7420,0.1254,0.6166,1.4892,16.9914,-0.4833,3751.7228,NA,NA,NA
python.exe,29332,0x0,Other,-1,0,0,Composed: Copy with GPU GDI,2026-8-20 19:19:06.274883500,5.9989,5.9989,0.0000,0.0607,6.6893,1.3353,5.3540,NA,NA,NA,NA,NA,NA,NA
python.exe,29332,0x0,Other,-1,0,0,Composed: Copy with GPU GDI,2026-8-20 19:19:06.280882400,5.8377,5.8377,0.0000,0.7558,5.3094,0.5366,4.7728,NA,NA,NA,NA,NA,NA,NA
python.exe,29332,0x0,Other,0,0,1,Hardware: Legacy Flip,2026-8-20 19:19:06.286720100,5.4452,5.4452,0.0000,0.2456,5.2821,0.1799,5.1022,5.6942,14.3714,-4.2050,3764.5092,NA,NA,NA
python.exe,29332,0x0,Other,-1,0,0,Composed: Copy with GPU GDI,2026-8-20 19:19:06.292165300,0.5282,0.5282,0.0000,0.0825,0.7279,0.5300,0.1979,14.6204,2.9685,-8.9262,3769.9544,NA,NA,NA
python.exe,29332,0x0,Other,-1,0,0,Composed: Copy with GPU GDI,2026-8-20 19:19:06.292693500,6.0836,6.0836,0.0000,0.2867,6.1600,0.8693,5.2907,NA,NA,NA,NA,NA,NA,NA
python.exe,29332,0x0,Other,-1,0,0,Composed: Copy with GPU GDI,2026-8-20 19:19:06.298777100,6.4510,6.4510,0.0000,0.3765,6.3706,0.4753,5.8953,NA,NA,NA,NA,NA,NA,NA
python.exe,29332,0x0,Other,0,0,1,Hardware: Legacy Flip,2026-8-20 19:19:06.305228100,3.8771,3.8771,0.0000,0.3002,3.6780,0.2094,3.4686,4.5261,15.1217,10.0943,3783.0172,NA,NA,NA
python.exe,29332,0x0,Other,-1,0,0,Composed: Copy with GPU GDI,2026-8-20 19:19:06.309105200,1.2266,1.2266,0.0000,0.1011,1.3557,0.8407,0.5150,15.7707,2.1507,-11.2446,3786.8943,NA,NA,NA
python.exe,29332,0x0,Other,-1,0,0,Composed: Copy with GPU GDI,2026-8-20 19:19:06.310331800,6.0670,6.0670,0.0000,0.2348,6.0062,0.3877,5.6185,NA,NA,NA,NA,NA,NA,NA
python.exe,29332,0x0,Other,-1,0,0,Composed: Copy with GPU GDI,2026-8-20 19:19:06.316398800,6.3279,6.3279,0.0000,0.1763,6.4273,0.4755,5.9518,NA,NA,NA,NA,NA,NA,NA
python.exe,29332,0x0,Other,0,0,1,Hardware: Legacy Flip,2026-8-20 19:19:06.322726700,3.8629,3.8629,0.0000,0.2814,3.6836,0.1870,3.4966,4.2999,15.1901,11.4708,3800.5158,NA,NA,NA
python.exe,29332,0x0,Other,-1,0,0,Composed: Copy with GPU GDI,2026-8-20 19:19:06.326589600,1.9153,1.9153,0.0000,0.1021,2.5171,1.0759,1.4412,NA,NA,NA,NA,NA,NA,NA
python.exe,29332,0x0,Other,-1,0,0,Composed: Copy with GPU GDI,2026-8-20 19:19:06.328504900,6.6496,6.6496,0.0000,0.7100,6.7040,1.0169,5.6871,NA,NA,NA,NA,NA,NA,NA
python.exe,29332,0x0,Other,-1,0,0,Composed: Copy with GPU GDI,2026-8-20 19:19:06.335154500,5.2031,5.2031,0.0000,0.7694,4.6660,0.3818,4.2842,NA,NA,NA,NA,NA,NA,NA
python.exe,29332,0x0,Other,0,0,1,Hardware: Legacy Flip,2026-8-20 19:19:06.340357600,1.4990,1.4990,0.0000,0.2356,1.3382,0.1382,1.2000,1.8591,16.8293,2.4408,3818.1467,NA,NA,NA
python.exe,29332,0x0,Other,-1,0,0,Composed: Copy with GPU GDI,2026-8-20 19:19:06.341856600,5.9748,5.9748,0.0000,0.0748,6.0777,0.5552,5.5225,NA,NA,NA,NA,NA,NA,NA
python.exe,29332,0x0,Other,-1,0,0,Composed: Copy with GPU GDI,2026-8-20 19:19:06.347831400,4.4205,4.4205,0.0000,0.1804,4.3652,0.2396,4.1256,NA,NA,NA,NA,NA,NA,NA
python.exe,29332,0x0,Other,-1,0,0,Composed: Copy with GPU GDI,2026-8-20 19:19:06.352251900,6.2069,6.2069,0.0000,6.4117,0.1167,0.1167,0.0000,NA,NA,NA,NA,NA,NA,NA
python.exe,29332,0x0,Other,0,0,1,Hardware: Legacy Flip,2026-8-20 19:19:06.358458800,0.1329,0.1329,0.0000,0.0000,6.2831,0.4385,5.8446,0.5872,16.5278,1.2719,3836.2479,NA,14.7434,NA
python.exe,29332,0x0,Other,-1,0,0,Composed: Copy with GPU GDI,2026-8-20 19:19:06.358591700,6.7206,6.7206,0.0000,0.1886,6.6449,0.4240,6.2209,NA,NA,NA,NA,NA,NA,NA
python.exe,29332,0x0,Other,-1,0,0,Composed: Copy with GPU GDI,2026-8-20 19:19:06.365312300,5.3952,5.3952,0.0000,0.1159,5.6166,0.4838,5.1328,NA,NA,NA,NA,NA,NA,NA
python.exe,29332,0x0,Other,0,0,1,Hardware: Legacy Flip,2026-8-20 19:19:06.370707500,4.3047,4.3047,0.0000,0.3408,4.0775,0.2044,3.8731,4.8663,16.0044,-4.2791,3848.4966,NA,NA,NA
python.exe,29332,0x0,Other,-1,0,0,Composed: Copy with GPU GDI,2026-8-20 19:19:06.375012200,3.0666,3.0666,0.0000,0.1136,3.2120,0.8174,2.3946,16.5660,0.3316,-11.6997,3852.8013,NA,NA,NA
python.exe,29332,0x0,Other,-1,0,0,Composed: Copy with GPU GDI,2026-8-20 19:19:06.378078800,6.1602,6.1602,0.0000,0.2650,6.0932,0.4690,5.6242,NA,NA,NA,NA,NA,NA,NA
python.exe,29332,0x0,Other,-1,0,0,Composed: Copy with GPU GDI,2026-8-20 19:19:06.384239000,4.9403,4.9403,0.0000,0.2026,5.4160,0.8733,4.5427,NA,NA,NA,NA,NA,NA,NA
python.exe,29332,0x0,Other,0,0,1,Hardware: Legacy Flip,2026-8-20 19:19:06.389179300,2.0815,2.0815,0.0000,0.6834,1.4529,0.1041,1.3488,2.7305,17.7869,13.8355,3866.9684,NA,NA,NA
python.exe,29332,0x0,Other,-1,0,0,Composed: Copy with GPU GDI,2026-8-20 19:19:06.391260800,3.1263,3.1263,0.0000,0.0548,3.8895,1.4491,2.4404,NA,NA,NA,NA,NA,NA,NA
python.exe,29332,0x0,Other,-1,0,0,Composed: Copy with GPU GDI,2026-8-20 19:19:06.394387100,6.1219,6.1219,0.0000,0.8249,5.6135,0.4745,5.1390,NA,NA,NA,NA,NA,NA,NA
python.exe,29332,0x0,Other,-1,0,0,Composed: Copy with GPU GDI,2026-8-20 19:19:06.400509000,6.5401,6.5401,0.0000,0.3204,6.6108,0.5832,6.0276,NA,NA,NA,NA,NA,NA,NA
python.exe,29332,0x0,Other,0,0,1,Hardware: Legacy Flip,2026-8-20 19:19:06.407049100,1.9947,1.9947,0.0000,0.3962,1.6709,0.1357,1.5352,2.6476,14.5158,0.0829,3884.8382,NA,NA,NA
python.exe,29332,0x0,Other,-1,0,0,Composed: Copy with GPU GDI,2026-8-20 19:19:06.409043800,4.7003,4.7003,0.0000,0.0724,4.9678,0.9892,3.9786,NA,NA,NA,NA,NA,NA,NA
python.exe,29332,0x0,Other,-1,0,0,Composed: Copy with GPU GDI,2026-8-20 19:19:06.413744100,6.0617,6.0617,0.0000,0.3447,5.8615,0.3285,5.5330,NA,NA,NA,NA,NA,NA,NA
python.exe,29332,0x0,Other,0,0,1,Hardware: Legacy Flip,2026-8-20 19:19:06.419805800,4.0816,4.0816,0.0000,0.1497,4.0011,0.1310,3.8701,4.4067,15.9270,-1.7591,3897.5949,NA,NA,NA
python.exe,29332,0x0,Other,-1,0,0,Composed: Copy with GPU GDI,2026-8-20 19:19:06.423887400,0.7157,0.7157,0.0000,0.0692,0.8422,0.6161,0.2261,16.2521,2.4001,-11.8454,3901.6765,NA,NA,NA
python.exe,29332,0x0,Other,-1,0,0,Composed: Copy with GPU GDI,2026-8-20 19:19:06.424603100,7.5017,7.5017,0.0000,0.2004,7.7195,0.6018,7.1177,NA,NA,NA,NA,NA,NA,NA
python.exe,29332,0x0,Other,-1,0,0,Composed: Copy with GPU GDI,2026-8-20 19:19:06.432104800,5.7080,5.7080,0.0000,0.4213,5.6951,0.5791,5.1160,NA,NA,NA,NA,NA,NA,NA
python.exe,29332,0x0,Other,0,0,1,Hardware: Legacy Flip,2026-8-20 19:19:06.437812800,3.8338,3.8338,0.0000,0.4282,3.5855,0.2809,3.3046,4.7268,15.7226,11.5253,3915.6019,NA,NA,NA
python.exe,29332,0x0,Other,-1,0,0,Composed: Copy with GPU GDI,2026-8-20 19:19:06.441646600,1.7297,1.7297,0.0000,0.1799,1.8255,1.0532,0.7723,NA,NA,NA,NA,NA,NA,NA
python.exe,29332,0x0,Other,-1,0,0,Composed: Copy with GPU GDI,2026-8-20 19:19:06.443376300,7.2380,7.2380,0.0000,0.2801,7.2962,0.5172,6.7790,NA,NA,NA,NA,NA,NA,NA
python.exe,29332,0x0,Other,-1,0,0,Composed: Copy with GPU GDI,2026-8-20 19:19:06.450614300,4.9834,4.9834,0.0000,0.3423,4.8641,0.3791,4.4850,NA,NA,NA,NA,NA,NA,NA
python.exe,29332,0x0,Other,0,0,1,Hardware: Legacy Flip,2026-8-20 19:19:06.455597700,2.3210,2.3210,0.0000,0.2277,2.1632,0.1589,2.0043,2.6645,18.1226,2.0623,3933.3868,NA,NA,NA
python.exe,29332,0x0,Other,-1,0,0,Composed: Copy with GPU GDI,2026-8-20 19:19:06.457918700,4.4130,4.4130,0.0000,0.0699,5.1396,1.2305,3.9091,NA,NA,NA,NA,NA,NA,NA
python.exe,29332,0x0,Other,-1,0,0,Composed: Copy with GPU GDI,2026-8-20 19:19:06.462331700,5.7231,5.7231,0.0000,0.8013,5.1341,0.4377,4.6964,NA,NA,NA,NA,NA,NA,NA
python.exe,29332,0x0,Other,-1,0,0,Composed: Copy with GPU GDI,2026-8-20 19:19:06.468054800,7.6999,7.6999,0.0000,0.2184,7.8284,0.5796,7.2488,NA,NA,NA,NA,NA,NA,NA
python.exe,29332,0x0,Other,0,0,1,Hardware: Legacy Flip,2026-8-20 19:19:06.475754700,0.3081,0.3081,0.0000,0.3469,0.0777,0.0777,0.0000,0.6301,17.6647,2.0344,3953.5438,NA,NA,NA
python.exe,29332,0x0,Other,-1,0,0,Composed: Copy with GPU GDI,2026-8-20 19:19:06.476062800,4.1354,4.1354,0.0000,0.1165,4.3394,0.6181,3.7213,NA,NA,NA,NA,NA,NA,NA
python.exe,29332,0x0,Other,-1,0,0,Composed: Copy with GPU GDI,2026-8-20 19:19:06.480198200,6.1747,6.1747,0.0000,0.3249,5.9170,0.2054,5.7116,NA,NA,NA,NA,NA,NA,NA
python.exe,29332,0x0,Other,0,0,1,Hardware: Legacy Flip,2026-8-20 19:19:06.486372900,7.3215,7.3215,0.0000,0.0650,7.3423,0.1940,7.1483,7.6766,12.8115,-7.0465,3964.1620,NA,NA,NA
python.exe,29332,0x0,Other,-1,0,0,Composed: Copy with GPU GDI,2026-8-20 19:19:06.493694400,0.5344,0.5344,0.0000,0.0858,0.8126,0.6889,0.1237,13.1666,2.3395,-5.4900,3971.4835,NA,NA,NA
python.exe,29332,0x0,Other,-1,0,0,Composed: Copy with GPU GDI,2026-8-20 19:19:06.494228800,3.5430,3.5430,0.0000,0.3668,3.8587,0.8678,2.9909,NA,NA,NA,NA,NA,NA,NA
python.exe,29332,0x0,Other,-1,0,0,Composed: Copy with GPU GDI,2026-8-20 19:19:06.497771800,7.3507,7.3507,0.0000,0.6871,6.8818,0.4106,6.4712,NA,NA,NA,NA,NA,NA,NA
python.exe,29332,0x0,Other,0,0,1,Hardware: Legacy Flip,2026-8-20 19:19:06.505122500,3.7172,3.7172,0.0000,0.2238,3.5564,0.1238,3.4326,4.0780,15.8787,9.0886,3982.9116,NA,NA,NA
python.exe,29332,0x0,Other,-1,0,0,Composed: Copy with GPU GDI,2026-8-20 19:19:06.508839700,1.3988,1.3988,0.0000,0.0630,1.7653,0.7768,0.9885,16.2395,1.1920,-12.1615,3986.6288,NA,NA,NA
python.exe,29332,0x0,Other,-1,0,0,Composed: Copy with GPU GDI,2026-8-20 19:19:06.510238500,7.5184,7.5184,0.0000,0.4342,7.4036,0.4699,6.9337,NA,NA,NA,NA,NA,NA,NA
python.exe,29332,0x0,Other,-1,0,0,Composed: Copy with GPU GDI,2026-8-20 19:19:06.517756900,4.2310,4.2310,0.0000,0.3229,4.1169,0.4832,3.6337,NA,NA,NA,NA,NA,NA,NA
python.exe,29332,0x0,Other,0,0,1,Hardware: Legacy Flip,2026-8-20 19:19:06.521987900,3.6435,3.6435,0.0000,0.2124,3.4995,0.1451,3.3544,4.2833,16.1397,11.9562,3999.7770,NA,NA,NA
python.exe,29332,0x0,Other,-1,0,0,Composed: Copy with GPU GDI,2026-8-20 19:19:06.525631400,2.7706,2.7706,0.0000,0.0684,2.9260,0.8707,2.0553,NA,NA,NA,NA,NA,NA,NA
python.exe,29332,0x0,Other,-1,0,0,Composed: Copy with GPU GDI,2026-8-20 19:19:06.528402000,7.0128,7.0128,0.0000,0.2287,7.2009,0.5860,6.6149,NA,NA,NA,NA,NA,NA,NA
python.exe,29332,0x0,Other,-1,0,0,Composed: Copy with GPU GDI,2026-8-20 19:19:06.535414800,4.9499,4.9499,0.0000,0.4210,4.8756,0.4653,4.4103,NA,NA,NA,NA,NA,NA,NA
python.exe,29332,0x0,Other,0,0,1,Hardware: Legacy Flip,2026-8-20 19:19:06.540364700,1.5811,1.5811,0.0000,0.3498,1.3211,0.1618,1.1593,2.0462,17.4172,2.2371,4018.1538,NA,NA,NA
python.exe,29332,0x0,Other,-1,0,0,Composed: Copy with GPU GDI,2026-8-20 19:19:06.541945800,6.3290,6.3290,0.0000,0.0898,6.7425,0.9343,5.8082,NA,NA,NA,NA,NA,NA,NA
python.exe,29332,0x0,Other,-1,0,0,Composed: Copy with GPU GDI,2026-8-20 19:19:06.548274800,5.7660,5.7660,0.0000,0.5211,5.4724,0.6441,4.8283,NA,NA,NA,NA,NA,NA,NA
python.exe,29332,0x0,Other,0,0,1,Hardware: Legacy Flip,2026-8-20 19:19:06.554040800,5.3258,5.3258,0.0000,0.2337,5.1679,0.1459,5.0220,5.7873,13.7378,-3.7411,4031.8299,NA,NA,NA
python.exe,29332,0x0,Other,-1,0,0,Composed: Copy with GPU GDI,2026-8-20 19:19:06.559366600,0.3882,0.3882,0.0000,0.0758,1.0480,1.0480,0.0000,14.1993,2.5722,-8.4120,4037.1557,NA,NA,NA
python.exe,29332,0x0,Other,-1,0,0,Composed: Copy with GPU GDI,2026-8-20 19:19:06.559754800,5.9733,5.9733,0.0000,0.7422,5.5611,0.5284,5.0327,NA,NA,NA,NA,NA,NA,NA
python.exe,29332,0x0,Other,-1,0,0,Composed: Copy with GPU GDI,2026-8-20 19:19:06.565728100,7.2031,7.2031,0.0000,0.3338,7.7111,1.0327,6.6784,NA,NA,NA,NA,NA,NA,NA
python.exe,29332,0x0,Other,0,0,1,Hardware: Legacy Flip,2026-8-20 19:19:06.572931200,2.5645,2.5645,0.0000,0.8456,1.8158,0.2396,1.5762,3.2069,9.6348,10.9924,4050.7203,NA,NA,NA
python.exe,29332,0x0,Other,-1,0,0,Composed: Copy with GPU GDI,2026-8-20 19:19:06.575495700,1.2141,1.2141,0.0000,0.0969,1.4872,0.9843,0.5029,10.2772,6.4190,-7.0703,4053.2848,NA,NA,NA
python.exe,29332,0x0,Other,-1,0,0,Composed: Copy with GPU GDI,2026-8-20 19:19:06.576709800,5.4203,5.4203,0.0000,0.3728,5.5797,0.6605,4.9192,NA,NA,NA,NA,NA,NA,NA
python.exe,29332,0x0,Other,-1,0,0,Composed: Copy with GPU GDI,2026-8-20 19:19:06.582130100,7.2498,7.2498,0.0000,0.5361,6.8904,0.3520,6.5384,NA,NA,NA,NA,NA,NA,NA
python.exe,29332,0x0,Other,0,0,1,Hardware: Legacy Flip,2026-8-20 19:19:06.589379900,2.3999,2.3999,0.0000,0.1808,2.3844,0.2220,2.1624,2.8120,16.6923,7.4652,4067.1690,NA,NA,NA
python.exe,29332,0x0,Other,-1,0,0,Composed: Copy with GPU GDI,2026-8-20 19:19:06.591779800,2.8146,2.8146,0.0000,0.1653,2.8952,0.5398,2.3554,NA,NA,NA,NA,NA,NA,NA
python.exe,29332,0x0,Other,-1,0,0,Composed: Copy with GPU GDI,2026-8-20 19:19:06.594594400,6.2136,6.2136,0.0000,0.2521,6.0580,0.2222,5.8358,NA,NA,NA,NA,NA,NA,NA
python.exe,29332,0x0,Other,-1,0,0,Composed: Copy with GPU GDI,2026-8-20 19:19:06.600808000,6.5706,6.5706,0.0000,0.0989,6.6813,0.3305,6.3508,NA,NA,NA,NA,NA,NA,NA
python.exe,29332,0x0,Other,0,0,1,Hardware: Legacy Flip,2026-8-20 19:19:06.607378600,1.1292,1.1292,0.0000,0.2135,1.0395,0.2359,0.8036,1.5056,17.8037,1.3064,4085.1677,NA,NA,NA
python.exe,29332,0x0,Other,-1,0,0,Composed: Copy with GPU GDI,2026-8-20 19:19:06.608507800,5.4063,5.4063,0.0000,0.1238,5.7322,0.6967,5.0355,NA,NA,NA,NA,NA,NA,NA
python.exe,29332,0x0,Other,-1,0,0,Composed: Copy with GPU GDI,2026-8-20 19:19:06.613914100,5.5279,5.5279,0.0000,0.4543,5.4167,0.4926,4.9241,NA,NA,NA,NA,NA,NA,NA
python.exe,29332,0x0,Other,-1,0,0,Composed: Copy with GPU GDI,2026-8-20 19:19:06.619442000,6.6224,6.6224,0.0000,6.7908,0.1231,0.1231,0.0000,NA,NA,NA,NA,NA,NA,NA
python.exe,29332,0x0,Other,0,0,1,Hardware: Legacy Flip,2026-8-20 19:19:06.626064400,0.1139,0.1139,0.0000,0.0000,6.4438,0.2948,6.1490,0.6235,15.1736,0.8821,4103.8535,NA,NA,NA
python.exe,29332,0x0,Other,-1,0,0,Composed: Copy with GPU GDI,2026-8-20 19:19:06.626178300,5.1030,5.1030,0.0000,0.1776,5.0717,0.4382,4.6335,NA,NA,NA,NA,NA,NA,NA
python.exe,29332,0x0,Other,-1,0,0,Composed: Copy with GPU GDI,2026-8-20 19:19:06.631281300,7.0725,7.0725,0.0000,0.1494,7.1708,0.3544,6.8164,NA,NA,NA,NA,NA,NA,NA
python.exe,29332,0x0,Other,0,0,1,Hardware: Legacy Flip,2026-8-20 19:19:06.638353800,3.2674,3.2674,0.0000,0.2543,3.0873,0.1477,2.9396,3.5077,16.6683,-2.8842,4116.1429,NA,NA,NA
python.exe,29332,0x0,Other,-1,0,0,Composed: Copy with GPU GDI,2026-8-20 19:19:06.641621200,2.4923,2.4923,0.0000,0.0742,2.8522,0.7090,2.1432,16.9086,0.8716,-13.4009,4119.4103,NA,NA,NA
python.exe,29332,0x0,Other,-1,0,0,Composed: Copy with GPU GDI,2026-8-20 19:19:06.644113500,5.7463,5.7463,0.0000,0.4396,5.6451,0.4963,5.1488,NA,NA,NA,NA,NA,NA,NA
python.exe,29332,0x0,Other,-1,0,0,Composed: Copy with GPU GDI,2026-8-20 19:19:06.649859800,5.6059,5.6059,0.0000,0.3463,5.6098,0.6247,4.9851,NA,NA,NA,NA,NA,NA,NA
python.exe,29332,0x0,Other,0,0,1,Hardware: Legacy Flip,2026-8-20 19:19:06.655465700,3.6897,3.6897,0.0000,0.3537,3.4620,0.2325,3.2295,3.9357,16.3217,12.9729,4133.2548,NA,NA,NA
python.exe,29332,0x0,Other,-1,0,0,Composed: Copy with GPU GDI,2026-8-20 19:19:06.659155400,2.0256,2.0256,0.0000,0.1260,2.0980,0.3200,1.7780,NA,NA,NA,NA,NA,NA,NA
python.exe,29332,0x0,Other,-1,0,0,Composed: Copy with GPU GDI,2026-8-20 19:19:06.661181000,7.2878,7.2878,0.0000,0.2029,7.7445,0.8131,6.9314,NA,NA,NA,NA,NA,NA,NA
python.exe,29332,0x0,Other,-1,0,0,Composed: Copy with GPU GDI,2026-8-20 19:19:06.668468800,4.9371,4.9371,0.0000,0.6639,4.5017,0.3915,4.1102,NA,NA,NA,NA,NA,NA,NA
python.exe,29332,0x0,Other,0,0,1,Hardware: Legacy Flip,2026-8-20 19:19:06.673405900,1.8937,1.8937,0.0000,0.2536,1.7668,0.2433,1.5235,2.3172,16.6144,1.6185,4151.1950,NA,NA,NA
python.exe,29332,0x0,Other,-1,0,0,Composed: Copy with GPU GDI,2026-8-20 19:19:06.675299600,4.9134,4.9134,0.0000,0.1267,4.8893,0.4679,4.4214,NA,NA,NA,NA,NA,NA,NA
python.exe,29332,0x0,Other,-1,0,0,Composed: Copy with GPU GDI,2026-8-20 19:19:06.680213000,5.6164,5.6164,0.0000,0.1060,5.8029,0.5027,5.3002,NA,NA,NA,NA,NA,NA,NA
python.exe,29332,0x0,Other,-1,0,0,Composed: Copy with GPU GDI,2026-8-20 19:19:06.685829400,5.8149,5.8149,0.0000,6.0471,0.1578,0.1578,0.0000,NA,NA,NA,NA,NA,NA,NA
python.exe,29332,0x0,Other,0,0,1,Hardware: Legacy Flip,2026-8-20 19:19:06.691644300,0.1690,0.1690,0.0000,0.0000,5.7513,0.3638,5.3875,0.6932,16.6335,1.6240,4169.4334,NA,NA,NA
python.exe,29332,0x0,Other,-1,0,0,Composed: Copy with GPU GDI,2026-8-20 19:19:06.691813300,6.3412,6.3412,0.0000,0.2210,6.7529,1.0368,5.7161,NA,NA,NA,NA,NA,NA,NA
python.exe,29332,0x0,Other,-1,0,0,Composed: Copy with GPU GDI,2026-8-20 19:19:06.698154500,5.7240,5.7240,0.0000,0.6378,5.2672,0.3657,4.9015,NA,NA,NA,NA,NA,NA,NA
python.exe,29332,0x0,Other,0,0,1,Hardware: Legacy Flip,2026-8-20 19:19:06.703878500,4.7189,4.7189,0.0000,0.1893,4.6368,0.1677,4.4691,5.0925,16.2946,-4.3993,4181.6676,NA,NA,NA
python.exe,29332,0x0,Other,-1,0,0,Composed: Copy with GPU GDI,2026-8-20 19:19:06.708597400,1.3925,1.3925,0.0000,0.1072,1.6495,0.6606,0.9889,NA,NA,NA,NA,NA,NA,NA
python.exe,29332,0x0,Other,-1,0,0,Composed: Copy with GPU GDI,2026-8-20 19:19:06.709989900,7.3440,7.3440,0.0000,0.3670,7.1710,0.4144,6.7566,NA,NA,NA,NA,NA,NA,NA
python.exe,29332,0x0,Other,-1,0,0,Composed: Copy with GPU GDI,2026-8-20 19:19:06.717333900,4.7665,4.7665,0.0000,0.1981,4.9863,0.5665,4.4198,NA,NA,NA,NA,NA,NA,NA
python.exe,29332,0x0,Other,0,0,1,Hardware: Legacy Flip,2026-8-20 19:19:06.722100400,2.7761,2.7761,0.0000,0.4221,2.4157,0.1222,2.2935,3.1652,16.9980,1.9273,4199.8895,NA,NA,NA
python.exe,29332,0x0,Other,-1,0,0,Composed: Copy with GPU GDI,2026-8-20 19:19:06.724876500,3.5025,3.5025,0.0000,0.0617,3.6989,0.5743,3.1246,NA,NA,NA,NA,NA,NA,NA
python.exe,29332,0x0,Other,-1,0,0,Composed: Copy with GPU GDI,2026-8-20 19:19:06.728379000,6.2816,6.2816,0.0000,0.2728,6.2543,0.3708,5.8835,NA,NA,NA,NA,NA,NA,NA
python.exe,29332,0x0,Other,-1,0,0,Composed: Copy with GPU GDI,2026-8-20 19:19:06.734660600,6.8363,6.8363,0.0000,7.1172,0.1149,0.1149,0.0000,NA,NA,NA,NA,NA,NA,NA
python.exe,29332,0x0,Other,0,0,1,Hardware: Legacy Flip,2026-8-20 19:19:06.741496900,0.2277,0.2277,0.0000,0.0000,6.8694,0.4420,6.4274,0.7667,17.0975,2.3985,4219.2860,NA,NA,NA
python.exe,29332,0x0,Other,-1,0,0,Composed: Copy with GPU GDI,2026-8-20 19:19:06.741724600,5.1219,5.1219,0.0000,0.1681,5.1024,0.5088,4.5936,NA,NA,NA,NA,NA,NA,NA
python.exe,29332,0x0,Other,-1,0,0,Composed: Copy with GPU GDI,2026-8-20 19:19:06.746846500,6.1936,6.1936,0.0000,0.1529,6.2135,0.5017,5.7118,NA,NA,NA,NA,NA,NA,NA
python.exe,29332,0x0,Other,0,0,1,Hardware: Legacy Flip,2026-8-20 19:19:06.753040100,5.9240,5.9240,0.0000,0.1781,5.8428,0.1551,5.6877,6.3210,14.4162,-5.5543,4230.8292,NA,NA,NA
python.exe,29332,0x0,Other,-1,0,0,Composed: Copy with GPU GDI,2026-8-20 19:19:06.758964100,0.3846,0.3846,0.0000,0.0969,0.8664,0.8664,0.0000,14.8132,2.7089,-8.4922,4236.7532,NA,NA,NA
python.exe,29332,0x0,Other,-1,0,0,Composed: Copy with GPU GDI,2026-8-20 19:19:06.759348700,6.0952,6.0952,0.0000,0.5824,6.1291,0.7637,5.3654,NA,NA,NA,NA,NA,NA,NA
python.exe,29332,0x0,Other,-1,0,0,Composed: Copy with GPU GDI,2026-8-20 19:19:06.765443900,5.7153,5.7153,0.0000,0.6218,5.3798,0.4411,4.9387,NA,NA,NA,NA,NA,NA,NA
python.exe,29332,0x0,Other,0,0,1,Hardware: Legacy Flip,2026-8-20 19:19:06.771159200,4.8886,4.8886,0.0000,0.2896,4.7443,0.2758,4.4685,5.3270,15.3972,9.4862,4248.9483,NA,NA,NA
python.exe,29332,0x0,Other,-1,0,0,Composed: Copy with GPU GDI,2026-8-20 19:19:06.776047800,0.6308,0.6308,0.0000,0.1453,1.1934,1.0513,0.1421,NA,NA,NA,NA,NA,NA,NA
python.exe,29332,0x0,Other,-1,0,0,Composed: Copy with GPU GDI,2026-8-20 19:19:06.776678600,6.8556,6.8556,0.0000,0.7129,6.8501,0.8414,6.0087,NA,NA,NA,NA,NA,NA,NA
python.exe,29332,0x0,Other,-1,0,0,Composed: Copy with GPU GDI,2026-8-20 19:19:06.783534200,5.3685,5.3685,0.0000,0.7129,4.8284,0.2903,4.5381,NA,NA,NA,NA,NA,NA,NA
python.exe,29332,0x0,Other,0,0,1,Hardware: Legacy Flip,2026-8-20 19:19:06.788902700,2.5069,2.5069,0.0000,0.1752,2.4235,0.1437,2.2798,2.9807,16.6881,2.3463,4266.6918,NA,NA,NA
python.exe,29332,0x0,Other,-1,0,0,Composed: Copy with GPU GDI,2026-8-20 19:19:06.791409600,3.4044,3.4044,0.0000,0.0918,3.6055,0.8211,2.7844,NA,NA,NA,NA,NA,NA,NA
python.exe,29332,0x0,Other,-1,0,0,Composed: Copy with GPU GDI,2026-8-20 19:19:06.794814000,7.1235,7.1235,0.0000,0.2967,7.0932,0.5267,6.5665,NA,NA,NA,NA,NA,NA,NA
python.exe,29332,0x0,Other,0,0,1,Hardware: Legacy Flip,2026-8-20 19:19:06.801937500,6.0855,6.0855,0.0000,0.2692,5.9519,0.2422,5.7097,6.6340,13.7229,-3.6533,4279.7266,NA,NA,NA
python.exe,29332,0x0,Other,-1,0,0,Composed: Copy with GPU GDI,2026-8-20 19:19:06.808023000,0.4658,0.4658,0.0000,0.1356,1.0880,1.0880,0.0000,14.2714,3.2674,-7.6374,4285.8121,NA,NA,NA
python.exe,29332,0x0,Other,-1,0,0,Composed: Copy with GPU GDI,2026-8-20 19:19:06.808488800,4.9197,4.9197,0.0000,0.7654,4.5704,0.5889,3.9815,NA,NA,NA,NA,NA,NA,NA
python.exe,29332,0x0,Other,-1,0,0,Composed: Copy with GPU GDI,2026-8-20 19:19:06.813408500,5.8758,5.8758,0.0000,0.4190,5.7834,0.5354,5.2480,NA,NA,NA,NA,NA,NA,NA
python.exe,29332,0x0,Other,0,0,1,Hardware: Legacy Flip,2026-8-20 19:19:06.819284300,5.6682,5.6682,0.0000,0.3499,5.4125,0.2041,5.2084,6.2775,14.9865,7.9939,4297.0734,NA,NA,NA
python.exe,29332,0x0,Other,-1,0,0,Composed: Copy with GPU GDI,2026-8-20 19:19:06.824952500,1.7157,1.7157,0.0000,0.0942,1.8177,0.7253,1.0924,15.5958,2.2403,-9.3183,4302.7416,NA,NA,NA
python.exe,29332,0x0,Other,-1,0,0,Composed: Copy with GPU GDI,2026-8-20 19:19:06.826668200,4.3620,4.3620,0.0000,0.2045,4.2542,0.2047,4.0495,NA,NA,NA,NA,NA,NA,NA
python.exe,29332,0x0,Other,-1,0,0,Composed: Copy with GPU GDI,2026-8-20 19:19:06.831030200,6.7876,6.7876,0.0000,0.1008,6.9831,0.4675,6.5156,NA,NA,NA,NA,NA,NA,NA
python.exe,29332,0x0,Other,0,0,1,Hardware: Legacy Flip,2026-8-20 19:19:06.837817800,4.3505,4.3505,0.0000,0.2997,4.1214,0.1412,3.9802,4.9708,16.0624,10.6250,4315.6069,NA,NA,NA
python.exe,29332,0x0,Other,-1,0,0,Composed: Copy with GPU GDI,2026-8-20 19:19:06.842168300,1.4219,1.4219,0.0000,0.0706,1.5853,0.8037,0.7816,16.6827,0.5921,-11.7119,4319.9574,NA,NA,NA
python.exe,29332,0x0,Other,-1,0,0,Composed: Copy with GPU GDI,2026-8-20 19:19:06.843590200,7.7908,7.7908,0.0000,0.2379,8.3687,1.1964,7.1723,NA,NA,NA,NA,NA,NA,NA
python.exe,29332,0x0,Other,-1,0,0,Composed: Copy with GPU GDI,2026-8-20 19:19:06.851381000,4.0643,4.0643,0.0000,0.8236,3.7676,0.6697,3.0979,NA,NA,NA,NA,NA,NA,NA
python.exe,29332,0x0,Other,0,0,1,Hardware: Legacy Flip,2026-8-20 19:19:06.855445300,3.6091,3.6091,0.0000,0.5311,3.4667,0.5114,2.9553,3.9978,16.6320,12.6849,4333.2344,NA,NA,NA
python.exe,29332,0x0,Other,-1,0,0,Composed: Copy with GPU GDI,2026-8-20 19:19:06.859054400,2.7863,2.7863,0.0000,0.3887,2.7243,0.6056,2.1187,NA,NA,NA,NA,NA,NA,NA
python.exe,29332,0x0,Other,-1,0,0,Composed: Copy with GPU GDI,2026-8-20 19:19:06.861840700,6.9773,6.9773,0.0000,0.3316,6.7944,0.3661,6.4283,NA,NA,NA,NA,NA,NA,NA
python.exe,29332,0x0,Other,-1,0,0,Composed: Copy with GPU GDI,2026-8-20 19:19:06.868818000,5.5433,5.5433,0.0000,0.1516,6.1297,0.9545,5.1752,NA,NA,NA,NA,NA,NA,NA
python.exe,29332,0x0,Other,0,0,1,Hardware: Legacy Flip,2026-8-20 19:19:06.874361300,0.9630,0.9630,0.0000,0.7427,0.2928,0.1335,0.1593,1.7138,16.8944,2.2840,4352.1504,NA,NA,NA
python.exe,29332,0x0,Other,-1,0,0,Composed: Copy with GPU GDI,2026-8-20 19:19:06.875324300,4.1875,4.1875,0.0000,0.0725,4.7971,1.2599,3.5372,NA,NA,NA,NA,NA,NA,NA
python.exe,29332,0x0,Other,-1,0,0,Composed: Copy with GPU GDI,2026-8-20 19:19:06.879511800,8.0010,8.0010,0.0000,0.6980,7.8940,0.9092,6.9848,NA,NA,NA,NA,NA,NA,NA
python.exe,29332,0x0,Other,-1,0,0,Composed: Copy with GPU GDI,2026-8-20 19:19:06.887512800,4.6666,4.6666,0.0000,0.5955,4.2273,0.3445,3.8828,NA,NA,NA,NA,NA,NA,NA
python.exe,29332,0x0,Other,0,0,1,Hardware: Legacy Flip,2026-8-20 19:19:06.892179400,0.2782,0.2782,0.0000,0.1879,0.1570,0.1146,0.0424,0.7901,16.7181,0.9237,4369.9685,NA,NA,NA
python.exe,29332,0x0,Other,-1,0,0,Composed: Copy with GPU GDI,2026-8-20 19:19:06.892457600,5.2628,5.2628,0.0000,0.0667,5.9037,1.1248,4.7789,NA,NA,NA,NA,NA,NA,NA
python.exe,29332,0x0,Other,-1,0,0,Composed: Copy with GPU GDI,2026-8-20 19:19:06.897720400,6.4924,6.4924,0.0000,0.7121,6.0935,0.6238,5.4697,NA,NA,NA,NA,NA,NA,NA
python.exe,29332,0x0,Other,0,0,1,Hardware: Legacy Flip,2026-8-20 19:19:06.904212800,4.8739,4.8739,0.0000,0.3269,4.6660,0.2190,4.4470,5.4748,15.8689,-4.6847,4382.0019,NA,NA,NA
python.exe,29332,0x0,Other,-1,0,0,Composed: Copy with GPU GDI,2026-8-20 19:19:06.909086700,0.8820,0.8820,0.0000,0.1190,0.9702,0.7190,0.2512,16.4698,0.5807,-10.9950,4386.8758,NA,NA,NA
python.exe,29332,0x0,Other,-1,0,0,Composed: Copy with GPU GDI,2026-8-20 19:19:06.909968700,6.5245,6.5245,0.0000,0.2104,6.6672,0.5381,6.1291,NA,NA,NA,NA,NA,NA,NA
python.exe,29332,0x0,Other,-1,0,0,Composed: Copy with GPU GDI,2026-8-20 19:19:06.916493200,5.5416,5.5416,0.0000,0.3582,5.3217,0.2892,5.0325,NA,NA,NA,NA,NA,NA,NA
python.exe,29332,0x0,Other,0,0,1,Hardware: Legacy Flip,2026-8-20 19:19:06.922034800,3.8063,3.8063,0.0000,0.1419,3.7936,0.2661,3.5275,4.1024,17.0166,12.3674,4399.8239,NA,NA,NA
python.exe,29332,0x0,Other,-1,0,0,Composed: Copy with GPU GDI,2026-8-20 19:19:06.925841100,3.3892,3.3892,0.0000,0.1292,3.5868,0.6318,2.9550,NA,NA,NA,NA,NA,NA,NA
python.exe,29332,0x0,Other,-1,0,0,Composed: Copy with GPU GDI,2026-8-20 19:19:06.929230300,4.8675,4.8675,0.0000,0.3312,4.7342,0.3493,4.3849,NA,NA,NA,NA,NA,NA,NA
python.exe,29332,0x0,Other,-1,0,0,Composed: Copy with GPU GDI,2026-8-20 19:19:06.934097800,7.7549,7.7549,0.0000,0.2023,7.9152,0.5868,7.3284,NA,NA,NA,NA,NA,NA,NA
python.exe,29332,0x0,Other,0,0,1,Hardware: Legacy Flip,2026-8-20 19:19:06.941852700,0.5432,0.5432,0.0000,0.3676,0.2520,0.1446,0.1074,1.3011,16.7899,2.8013,4419.6418,NA,NA,NA
python.exe,29332,0x0,Other,-1,0,0,Composed: Copy with GPU GDI,2026-8-20 19:19:06.942395900,4.2683,4.2683,0.0000,0.0764,4.4729,1.0279,3.4450,NA,NA,NA,NA,NA,NA,NA
python.exe,29332,0x0,Other,-1,0,0,Composed: Copy with GPU GDI,2026-8-20 19:19:06.946664200,7.1219,7.1219,0.0000,0.2837,7.1272,0.5419,6.5853,NA,NA,NA,NA,NA,NA,NA
python.exe,29332,0x0,Other,-1,0,0,Composed: Copy with GPU GDI,2026-8-20 19:19:06.953786100,5.5478,5.5478,0.0000,0.2949,5.5338,0.4595,5.0743,NA,NA,NA,NA,NA,NA,NA
python.exe,29332,0x0,Other,0,0,1,Hardware: Legacy Flip,2026-8-20 19:19:06.959333900,0.2061,0.2061,0.0000,0.2809,0.0367,0.0367,0.0000,0.6098,14.9615,0.6913,4437.1230,NA,NA,NA
python.exe,29332,0x0,Other,-1,0,0,Composed: Copy with GPU GDI,2026-8-20 19:19:06.959540000,6.0996,6.0996,0.0000,0.1115,6.1020,0.4284,5.6736,NA,NA,NA,NA,NA,NA,NA
python.exe,29332,0x0,Other,-1,0,0,Composed: Copy with GPU GDI,2026-8-20 19:19:06.965639600,5.1341,5.1341,0.0000,0.1182,5.5542,0.7504,4.8038,NA,NA,NA,NA,NA,NA,NA
python.exe,29332,0x0,Other,0,0,1,Hardware: Legacy Flip,2026-8-20 19:19:06.970773700,3.5221,3.5221,0.0000,0.5435,3.0479,0.1372,2.9107,4.1315,17.2829,-3.5217,4448.5628,NA,NA,NA
python.exe,29332,0x0,Other,-1,0,0,Composed: Copy with GPU GDI,2026-8-20 19:19:06.974295800,4.1533,4.1533,0.0000,0.0693,4.6769,1.2241,3.4528,17.8923,6.1078,-13.7608,4452.0849,NA,NA,NA
python.exe,29332,0x0,Other,-1,0,0,Composed: Copy with GPU GDI,2026-8-20 19:19:06.978449100,4.9755,4.9755,0.0000,0.6007,4.5954,0.3848,4.2106,19.8468,6.9067,-1.9545,4456.2382,NA,NA,NA
python.exe,29332,0x0,Other,-1,0,0,Composed: Copy with GPU GDI,2026-8-20 19:19:06.983424600,19.4625,19.4625,0.0000,0.2278,19.5541,0.9860,18.5681,NA,NA,NA,NA,NA,NA,NA
python.exe,29332,0x0,Other,0,0,1,Hardware: Legacy Flip,2026-8-20 19:19:07.002887100,1.9085,1.9085,0.0000,0.3259,1.6978,0.2185,1.4793,2.3155,14.7883,17.5313,4480.6762,NA,NA,NA
python.exe,29332,0x0,Other,-1,0,0,Composed: Copy with GPU GDI,2026-8-20 19:19:07.004795600,1.2194,1.2194,0.0000,0.1152,1.5875,0.7812,0.8063,NA,NA,NA,NA,NA,NA,NA
python.exe,29332,0x0,Other,-1,0,0,Composed: Copy with GPU GDI,2026-8-20 19:19:07.006015000,1.2815,1.2815,0.0000,0.4905,1.1877,0.5496,0.6381,NA,NA,NA,NA,NA,NA,NA
python.exe,29332,0x0,Other,-1,0,0,Composed: Copy with GPU GDI,2026-8-20 19:19:07.007296500,9.5572,9.5572,0.0000,0.4028,9.4542,0.5172,8.9370,NA,NA,NA,NA,NA,NA,NA
python.exe,29332,0x0,Other,0,0,1,Hardware: Legacy Flip,2026-8-20 19:19:07.016853700,2.6263,2.6263,0.0000,0.2998,2.4453,0.4670,1.9783,3.1372,8.5856,-0.8217,4494.6428,NA,NA,NA
python.exe,29332,0x0,Other,-1,0,0,Composed: Copy with GPU GDI,2026-8-20 19:19:07.019480000,0.8228,0.8228,0.0000,0.1188,1.0442,1.0442,0.0000,9.0965,0.9618,-5.9593,4497.2691,NA,NA,NA
python.exe,29332,0x0,Other,-1,0,0,Composed: Copy with GPU GDI,2026-8-20 19:19:07.020302800,7.1559,7.1559,0.0000,0.3463,7.1091,0.4950,6.6141,NA,NA,NA,NA,NA,NA,NA
python.exe,29332,0x0,Other,0,0,1,Hardware: Legacy Flip,2026-8-20 19:19:07.027458700,0.9283,0.9283,0.0000,0.3087,0.6527,0.1251,0.5276,2.0796,17.2988,7.0169,4505.2478,NA,NA,NA
python.exe,29332,0x0,Other,-1,0,0,Composed: Copy with GPU GDI,2026-8-20 19:19:07.028387000,2.6729,2.6729,0.0000,0.0331,2.8719,1.4462,1.4257,18.4501,3.8658,-16.3705,4506.1761,NA,NA,NA
python.exe,29332,0x0,Other,-1,0,0,Composed: Copy with GPU GDI,2026-8-20 19:19:07.031059900,7.6812,7.6812,0.0000,0.2382,7.7802,0.5234,7.2568,NA,NA,NA,NA,NA,NA,NA
python.exe,29332,0x0,Other,-1,0,0,Composed: Copy with GPU GDI,2026-8-20 19:19:07.038741100,10.1609,10.1609,0.0000,0.3421,10.1475,0.5667,9.5808,NA,NA,NA,NA,NA,NA,NA
python.exe,29332,0x0,Other,0,0,1,Hardware: Legacy Flip,2026-8-20 19:19:07.048902000,0.4894,0.4894,0.0000,0.3479,0.2123,0.1395,0.0728,1.8009,8.2336,16.6492,4526.6911,NA,NA,NA
python.exe,29332,0x0,Other,-1,0,0,Composed: Copy with GPU GDI,2026-8-20 19:19:07.049391400,0.5310,0.5310,0.0000,0.0708,1.2997,1.2997,0.0000,9.5451,4.5588,-7.7442,4527.1805,NA,NA,NA
python.exe,29332,0x0,Other,-1,0,0,Composed: Copy with GPU GDI,2026-8-20 19:19:07.049922400,11.8315,11.8315,0.0000,0.8425,11.2496,0.5522,10.6974,NA,NA,NA,NA,NA,NA,NA
python.exe,29332,0x0,Other,0,0,1,Hardware: Legacy Flip,2026-8-20 19:19:07.061753900,0.7780,0.7780,0.0000,0.2660,0.5455,0.1294,0.4161,1.7414,7.6194,7.8037,4539.5430,NA,NA,NA
python.exe,29332,0x0,Other,-1,0,0,Composed: Copy with GPU GDI,2026-8-20 19:19:07.062531900,0.4561,0.4561,0.0000,0.0335,1.4013,1.4013,0.0000,8.5828,12.0952,-6.8414,4540.3210,NA,NA,NA
python.exe,29332,0x0,Other,-1,0,0,Composed: Copy with GPU GDI,2026-8-20 19:19:07.062988000,10.1814,10.1814,0.0000,0.9814,9.5028,0.5962,8.9066,NA,NA,NA,NA,NA,NA,NA
python.exe,29332,0x0,Other,-1,0,0,Composed: Copy with GPU GDI,2026-8-20 19:19:07.073169400,0.8943,0.8943,0.0000,0.3226,1.0362,0.5611,0.4751,10.0405,1.6089,-1.4577,4550.9585,NA,NA,NA
python.exe,29332,0x0,Other,0,0,1,Hardware: Legacy Flip,2026-8-20 19:19:07.074063700,9.5485,9.5485,0.0000,0.4679,9.1910,0.2773,8.9137,10.7551,9.1591,-0.7146,4551.8528,NA,NA,NA
python.exe,29332,0x0,Other,-1,0,0,Composed: Copy with GPU GDI,2026-8-20 19:19:07.083612200,1.2138,1.2138,0.0000,0.1104,1.3542,1.3542,0.0000,NA,NA,NA,NA,NA,NA,NA
python.exe,29332,0x0,Other,-1,0,0,Composed: Copy with GPU GDI,2026-8-20 19:19:07.084826000,1.1701,1.1701,0.0000,0.2552,1.2158,0.3891,0.8267,NA,NA,NA,NA,NA,NA,NA
python.exe,29332,0x0,Other,0,0,1,Hardware: Legacy Flip,2026-8-20 19:19:07.085996100,7.0083,7.0083,0.0000,0.3039,6.7360,0.0958,6.6402,7.9818,13.6013,2.7733,4563.7852,NA,NA,NA
python.exe,29332,0x0,Other,-1,0,0,Composed: Copy with GPU GDI,2026-8-20 19:19:07.093004400,0.8889,0.8889,0.0000,0.0316,1.4976,1.4976,0.0000,14.5748,5.9456,-6.5930,4570.7935,NA,NA,NA
python.exe,29332,0x0,Other,-1,0,0,Composed: Copy with GPU GDI,2026-8-20 19:19:07.093893300,3.5842,3.5842,0.0000,0.6435,3.7715,0.9711,2.8004,19.6315,3.6097,-5.0567,4571.6824,NA,NA,NA
python.exe,29332,0x0,Other,-1,0,0,Composed: Copy with GPU GDI,2026-8-20 19:19:07.097477500,8.5018,8.5018,0.0000,0.8720,7.8896,0.5870,7.3026,NA,NA,NA,NA,NA,NA,NA
python.exe,29332,0x0,Other,0,0,1,Hardware: Legacy Flip,2026-8-20 19:19:07.105979300,10.0250,10.0250,0.0000,0.2653,9.9028,0.3707,9.5321,11.1552,8.4980,8.4763,4583.7684,NA,NA,NA
python.exe,29332,0x0,Other,-1,0,0,Composed: Copy with GPU GDI,2026-8-20 19:19:07.116004300,0.4319,0.4319,0.0000,0.1431,1.0742,1.0742,0.0000,NA,NA,NA,NA,NA,NA,NA
python.exe,29332,0x0,Other,-1,0,0,Composed: Copy with GPU GDI,2026-8-20 19:19:07.116436200,0.6444,0.6444,0.0000,0.7886,0.2314,0.2314,0.0000,9.1963,1.9839,1.9589,4594.2253,NA,NA,NA
python.exe,29332,0x0,Other,-1,0,0,Composed: Copy with GPU GDI,2026-8-20 19:19:07.117080600,8.2904,8.2904,0.0000,0.3773,8.5863,0.8253,7.7610,NA,NA,NA,NA,NA,NA,NA
python.exe,29332,0x0,Other,0,0,1,Hardware: Legacy Flip,2026-8-20 19:19:07.125371000,0.9276,0.9276,0.0000,0.6786,0.2732,0.1017,0.1715,2.2454,10.1763,6.9509,4603.1601,NA,NA,NA
python.exe,29332,0x0,Other,-1,0,0,Composed: Copy with GPU GDI,2026-8-20 19:19:07.126298600,2.3822,2.3822,0.0000,0.0242,2.5648,1.6094,0.9554,11.4941,12.1290,-9.2487,4604.0877,NA,NA,NA
python.exe,29332,0x0,Other,-1,0,0,Composed: Copy with GPU GDI,2026-8-20 19:19:07.128680800,8.9685,8.9685,0.0000,0.2105,9.0571,0.4411,8.6160,21.2409,1.2490,-9.7468,4606.4699,NA,NA,NA
python.exe,29332,0x0,Other,-1,0,0,Composed: Copy with GPU GDI,2026-8-20 19:19:07.137649300,3.3109,3.3109,0.0000,0.3311,3.0806,0.2609,2.8197,NA,NA,NA,NA,NA,NA,NA
python.exe,29332,0x0,Other,0,0,1,Hardware: Legacy Flip,2026-8-20 19:19:07.140960200,8.9669,8.9669,0.0000,0.1063,9.0655,0.3095,8.7560,10.2105,9.6561,11.0304,4618.7493,NA,NA,NA
python.exe,29332,0x0,Other,-1,0,0,Composed: Copy with GPU GDI,2026-8-20 19:19:07.149927100,0.7483,0.7483,0.0000,0.2049,1.3412,1.3412,0.0000,NA,NA,NA,NA,NA,NA,NA
python.exe,29332,0x0,Other,-1,0,0,Composed: Copy with GPU GDI,2026-8-20 19:19:07.150675400,0.9087,0.9087,0.0000,0.8022,0.2543,0.2543,0.0000,NA,NA,NA,NA,NA,NA,NA
python.exe,29332,0x0,Other,0,0,1,Hardware: Legacy Flip,2026-8-20 19:19:07.151584100,8.2892,8.2892,0.0000,0.1484,8.1594,0.0695,8.0899,9.2427,13.3670,0.9678,4629.3732,NA,NA,NA
python.exe,29332,0x0,Other,-1,0,0,Composed: Copy with GPU GDI,2026-8-20 19:19:07.159873300,0.1884,0.1884,0.0000,0.0186,0.9973,0.9973,0.0000,14.3205,6.0605,-5.0778,4637.6624,NA,NA,NA
python.exe,29332,0x0,Other,-1,0,0,Composed: Copy with GPU GDI,2026-8-20 19:19:07.160061700,10.2705,10.2705,0.0000,0.8307,9.8524,0.6726,9.1798,NA,NA,NA,NA,NA,NA,NA
python.exe,29332,0x0,Other,-1,0,0,Composed: Copy with GPU GDI,2026-8-20 19:19:07.170332200,0.6896,0.6896,0.0000,0.4192,0.5175,0.3336,0.1839,9.9221,4.7271,4.3984,4648.1213,NA,NA,NA
python.exe,29332,0x0,Other,-1,0,0,Composed: Copy with GPU GDI,2026-8-20 19:19:07.171021800,12.2622,12.2622,0.0000,0.2507,12.2680,0.5122,11.7558,NA,NA,NA,NA,NA,NA,NA
python.exe,29332,0x0,Other,0,0,1,Hardware: Legacy Flip,2026-8-20 19:19:07.183284000,0.5022,0.5022,0.0000,0.2596,0.3494,0.2030,0.1464,1.6974,7.4829,8.2247,4661.0731,NA,NA,NA
python.exe,29332,0x0,Other,-1,0,0,Composed: Copy with GPU GDI,2026-8-20 19:19:07.183786200,0.6368,0.6368,0.0000,0.1068,1.6727,1.6727,0.0000,8.6781,4.9663,-6.9807,4661.5753,NA,NA,NA
python.exe,29332,0x0,Other,-1,0,0,Composed: Copy with GPU GDI,2026-8-20 19:19:07.184423000,10.0165,10.0165,0.0000,1.1472,9.2273,0.5724,8.6549,NA,NA,NA,NA,NA,NA,NA
python.exe,29332,0x0,Other,-1,0,0,Composed: Copy with GPU GDI,2026-8-20 19:19:07.194439500,1.2652,1.2652,0.0000,0.3641,1.1086,0.3846,0.7240,NA,NA,NA,NA,NA,NA,NA
python.exe,29332,0x0,Other,0,0,1,Hardware: Legacy Flip,2026-8-20 19:19:07.195704700,0.2402,0.2402,0.0000,0.2075,0.0571,0.0571,0.0000,1.7259,13.4335,6.9522,4673.4938,NA,NA,NA
python.exe,29332,0x0,Other,-1,0,0,Composed: Copy with GPU GDI,2026-8-20 19:19:07.195944900,10.2510,10.2510,0.0000,0.0244,10.4267,1.7730,8.6537,NA,NA,NA,NA,NA,NA,NA
python.exe,29332,0x0,Other,-1,0,0,Composed: Copy with GPU GDI,2026-8-20 19:19:07.206195900,1.6172,1.6172,0.0000,0.2065,1.5338,0.3429,1.1909,NA,NA,NA,NA,NA,NA,NA
python.exe,29332,0x0,Other,0,0,1,Hardware: Legacy Flip,2026-8-20 19:19:07.207813100,1.7704,1.7704,0.0000,0.1270,1.7223,0.1552,1.5671,3.0510,17.9368,-1.3251,4685.6022,NA,NA,NA
python.exe,29332,0x0,Other,-1,0,0,Composed: Copy with GPU GDI,2026-8-20 19:19:07.209583500,6.3718,6.3718,0.0000,0.0789,6.8508,1.7815,5.0693,19.2174,1.5509,-16.1664,4687.3726,NA,NA,NA
python.exe,29332,0x0,Other,-1,0,0,Composed: Copy with GPU GDI,2026-8-20 19:19:07.215955300,2.8251,2.8251,0.0000,0.5629,2.4987,0.4881,2.0106,NA,NA,NA,NA,NA,NA,NA
python.exe,29332,0x0,Other,-1,0,0,Composed: Copy with GPU GDI,2026-8-20 19:19:07.218780400,9.7482,9.7482,0.0000,0.2411,10.0945,0.8921,9.2024,NA,NA,NA,NA,NA,NA,NA
python.exe,29332,0x0,Other,0,0,1,Hardware: Legacy Flip,2026-8-20 19:19:07.228528600,0.6648,0.6648,0.0000,0.5874,0.2068,0.2068,0.0000,1.8232,16.6372,17.3942,4706.3177,NA,NA,NA
python.exe,29332,0x0,Other,-1,0,0,Composed: Copy with GPU GDI,2026-8-20 19:19:07.229193400,1.8091,1.8091,0.0000,0.1294,2.2603,1.6777,0.5826,17.7956,3.6854,-15.9724,4706.9825,NA,NA,NA
python.exe,29332,0x0,Other,-1,0,0,Composed: Copy with GPU GDI,2026-8-20 19:19:07.231002500,9.4755,9.4755,0.0000,0.5871,9.5633,0.8291,8.7342,NA,NA,NA,NA,NA,NA,NA
python.exe,29332,0x0,Other,-1,0,0,Composed: Copy with GPU GDI,2026-8-20 19:19:07.240478000,7.7959,7.7959,0.0000,0.6790,7.3595,0.5613,6.7982,NA,NA,NA,NA,NA,NA,NA
python.exe,29332,0x0,Other,0,0,1,Hardware: Legacy Flip,2026-8-20 19:19:07.248273900,1.0160,1.0160,0.0000,0.2468,0.8929,0.2352,0.6577,2.4005,8.4299,15.3951,4726.0630,NA,NA,NA
python.exe,29332,0x0,Other,-1,0,0,Composed: Copy with GPU GDI,2026-8-20 19:19:07.249289900,2.4875,2.4875,0.0000,0.1237,2.8289,1.7262,1.1027,9.8144,5.7185,-7.4139,4727.0790,NA,NA,NA
python.exe,29332,0x0,Other,-1,0,0,Composed: Copy with GPU GDI,2026-8-20 19:19:07.251777400,9.4448,9.4448,0.0000,0.4676,9.2687,0.7332,8.5355,NA,NA,NA,NA,NA,NA,NA
python.exe,29332,0x0,Other,-1,0,0,Composed: Copy with GPU GDI,2026-8-20 19:19:07.261222200,2.2465,2.2465,0.0000,0.3016,2.2235,0.4871,1.7364,NA,NA,NA,NA,NA,NA,NA
python.exe,29332,0x0,Other,0,0,1,Hardware: Legacy Flip,2026-8-20 19:19:07.263468700,0.2647,0.2647,0.0000,0.2786,0.0550,0.0550,0.0000,1.3541,17.3441,8.4603,4741.2578,NA,NA,NA
python.exe,29332,0x0,Other,-1,0,0,Composed: Copy with GPU GDI,2026-8-20 19:19:07.263733400,8.2316,8.2316,0.0000,0.0689,8.9004,1.8310,7.0694,NA,NA,NA,NA,NA,NA,NA
python.exe,29332,0x0,Other,-1,0,0,Composed: Copy with GPU GDI,2026-8-20 19:19:07.271965000,2.1753,2.1753,0.0000,0.7417,1.7536,0.5486,1.2050,NA,NA,NA,NA,NA,NA,NA
python.exe,29332,0x0,Other,0,0,1,Hardware: Legacy Flip,2026-8-20 19:19:07.274140300,6.6984,6.6984,0.0000,0.3255,6.4387,0.1264,6.3123,8.0266,13.0810,-6.6725,4751.9294,NA,NA,NA
python.exe,29332,0x0,Other,-1,0,0,Composed: Copy with GPU GDI,2026-8-20 19:19:07.280838700,0.8133,0.8133,0.0000,0.0658,1.8323,1.8323,0.0000,NA,NA,NA,NA,NA,NA,NA
python.exe,29332,0x0,Other,-1,0,0,Composed: Copy with GPU GDI,2026-8-20 19:19:07.281652000,5.2322,5.2322,0.0000,1.0904,4.7004,0.7944,3.9060,NA,NA,NA,NA,NA,NA,NA
python.exe,29332,0x0,Other,0,0,1,Hardware: Legacy Flip,2026-8-20 19:19:07.286884200,7.0841,7.0841,0.0000,0.5619,6.5447,0.0924,6.4523,8.3637,12.4180,-0.3371,4764.6733,NA,NA,NA
python.exe,29332,0x0,Other,-1,0,0,Composed: Copy with GPU GDI,2026-8-20 19:19:07.293968300,0.7765,0.7765,0.0000,0.0225,1.6618,1.6618,0.0000,NA,NA,NA,NA,NA,NA,NA
python.exe,29332,0x0,Other,-1,0,0,Composed: Copy with GPU GDI,2026-8-20 19:19:07.294744800,3.3672,3.3672,0.0000,0.9119,2.7697,0.5170,2.2527,12.9211,10.6075,-4.5574,4772.5339,NA,NA,NA
python.exe,29332,0x0,Other,-1,0,0,Composed: Copy with GPU GDI,2026-8-20 19:19:07.298112000,10.0780,10.0780,0.0000,0.3209,9.9266,0.5421,9.3845,NA,NA,NA,NA,NA,NA,NA
python.exe,29332,0x0,Other,-1,0,0,Composed: Copy with GPU GDI,2026-8-20 19:19:07.308190000,1.7958,1.7958,0.0000,0.1748,1.8886,0.3912,1.4974,NA,NA,NA,NA,NA,NA,NA
python.exe,29332,0x0,Other,-1,0,0,Composed: Copy with GPU GDI,2026-8-20 19:19:07.309985800,7.0015,7.0015,0.0000,7.2448,0.0402,0.0402,0.0000,NA,NA,NA,NA,NA,NA,NA
python.exe,29332,0x0,Other,0,0,1,Hardware: Legacy Flip,2026-8-20 19:19:07.316987300,0.1769,0.1769,0.0000,0.0000,6.9701,0.4502,6.5199,1.2861,12.5031,11.6350,4794.7764,NA,NA,NA
python.exe,29332,0x0,Other,-1,0,0,Composed: Copy with GPU GDI,2026-8-20 19:19:07.317164200,10.1069,10.1069,0.0000,0.1066,10.3432,1.5854,8.7578,NA,NA,NA,NA,NA,NA,NA
python.exe,29332,0x0,Other,-1,0,0,Composed: Copy with GPU GDI,2026-8-20 19:19:07.327271100,2.0676,2.0676,0.0000,2.3136,0.2312,0.2312,0.0000,NA,NA,NA,NA,NA,NA,NA
python.exe,29332,0x0,Other,0,0,1,Hardware: Legacy Flip,2026-8-20 19:19:07.329338700,0.1975,0.1975,0.0000,0.0000,1.9653,0.4112,1.5541,1.4378,19.4162,-0.1517,4807.1278,NA,NA,NA
python.exe,29332,0x0,Other,-1,0,0,Composed: Copy with GPU GDI,2026-8-20 19:19:07.329536200,9.0705,9.0705,0.0000,0.2797,9.0201,1.3960,7.6241,NA,NA,NA,NA,NA,NA,NA
python.exe,29332,0x0,Other,-1,0,0,Composed: Copy with GPU GDI,2026-8-20 19:19:07.338606700,2.2269,2.2269,0.0000,0.2341,2.2040,0.3537,1.8503,11.5860,2.0024,-10.1482,4816.3958,NA,NA,NA
python.exe,29332,0x0,Other,-1,0,0,Composed: Copy with GPU GDI,2026-8-20 19:19:07.340833600,9.2923,9.2923,0.0000,0.2138,9.7681,1.0056,8.7625,NA,NA,NA,NA,NA,NA,NA
python.exe,29332,0x0,Other,0,0,1,Hardware: Legacy Flip,2026-8-20 19:19:07.350125900,0.9357,0.9357,0.0000,0.6954,0.3595,0.2186,0.1409,2.0692,10.0373,9.5168,4827.9150,NA,NA,NA
python.exe,29332,0x0,Other,-1,0,0,Composed: Copy with GPU GDI,2026-8-20 19:19:07.351061600,1.5770,1.5770,0.0000,0.1192,2.1357,1.6226,0.5131,11.1708,0.5757,-9.1016,4828.8507,NA,NA,NA
python.exe,29332,0x0,Other,0,0,1,Hardware: Legacy Flip,2026-8-20 19:19:07.352638600,9.0499,9.0499,0.0000,0.6842,8.4032,0.1847,8.2185,10.1695,11.5784,1.0013,4830.4277,NA,NA,NA
python.exe,29332,0x0,Other,-1,0,0,Composed: Copy with GPU GDI,2026-8-20 19:19:07.361688500,0.4456,0.4456,0.0000,0.0375,1.5079,1.5079,0.0000,NA,NA,NA,NA,NA,NA,NA
python.exe,29332,0x0,Other,-1,0,0,Composed: Copy with GPU GDI,2026-8-20 19:19:07.362134100,3.1204,3.1204,0.0000,1.1048,2.4168,0.5762,1.8406,12.2524,10.5577,-2.0829,4839.9232,NA,NA,NA
python.exe,29332,0x0,Other,-1,0,0,Composed: Copy with GPU GDI,2026-8-20 19:19:07.365254500,7.5254,7.5254,0.0000,0.4059,7.5619,0.5850,6.9769,NA,NA,NA,NA,NA,NA,NA
python.exe,29332,0x0,Other,-1,0,0,Composed: Copy with GPU GDI,2026-8-20 19:19:07.372779900,10.2845,10.2845,0.0000,0.4447,10.1131,0.5099,9.6032,NA,NA,NA,NA,NA,NA,NA
python.exe,29332,0x0,Other,0,0,1,Hardware: Legacy Flip,2026-8-20 19:19:07.383064400,0.3524,0.3524,0.0000,0.2794,0.1536,0.1495,0.0041,1.8798,7.6613,10.3726,4860.8535,NA,NA,NA
python.exe,29332,0x0,Other,-1,0,0,Composed: Copy with GPU GDI,2026-8-20 19:19:07.383416800,0.6352,0.6352,0.0000,0.0806,1.4942,1.4942,0.0000,9.1887,2.7677,-7.3089,4861.2059,NA,NA,NA
python.exe,29332,0x0,Other,-1,0,0,Composed: Copy with GPU GDI,2026-8-20 19:19:07.384052000,8.9264,8.9264,0.0000,0.9437,8.3130,0.5378,7.7752,NA,NA,NA,NA,NA,NA,NA
python.exe,29332,0x0,Other,0,0,1,Hardware: Legacy Flip,2026-8-20 19:19:07.392978400,1.2659,1.2659,0.0000,0.3362,0.9704,0.1296,0.8408,2.3948,9.3208,6.7939,4870.7675,NA,NA,NA
python.exe,29332,0x0,Other,-1,0,0,Composed: Copy with GPU GDI,2026-8-20 19:19:07.394244300,1.3342,1.3342,0.0000,0.0407,1.7654,1.6109,0.1545,10.4497,12.1669,-8.0549,4872.0334,NA,NA,NA
python.exe,29332,0x0,Other,-1,0,0,Composed: Copy with GPU GDI,2026-8-20 19:19:07.395578500,10.7202,10.7202,0.0000,0.4761,10.5116,0.4360,10.0756,NA,NA,NA,NA,NA,NA,NA
python.exe,29332,0x0,Other,-1,0,0,Composed: Copy with GPU GDI,2026-8-20 19:19:07.406298700,1.0272,1.0272,0.0000,0.2724,1.2053,0.5514,0.6539,10.5622,1.3894,-0.1125,4884.0878,NA,NA,NA
python.exe,29332,0x0,Other,0,0,1,Hardware: Legacy Flip,2026-8-20 19:19:07.407325900,9.9644,9.9644,0.0000,0.4560,9.6024,0.2586,9.3438,10.9244,10.7337,-0.3622,4885.1150,NA,NA,NA
python.exe,29332,0x0,Other,-1,0,0,Composed: Copy with GPU GDI,2026-8-20 19:19:07.417290300,0.6168,0.6168,0.0000,0.0940,1.1276,1.1276,0.0000,NA,NA,NA,NA,NA,NA,NA
python.exe,29332,0x0,Other,-1,0,0,Composed: Copy with GPU GDI,2026-8-20 19:19:07.417907100,1.2235,1.2235,0.0000,0.6097,0.8043,0.3899,0.4144,11.0769,0.6771,-0.1525,4895.6962,NA,NA,NA
python.exe,29332,0x0,Other,-1,0,0,Composed: Copy with GPU GDI,2026-8-20 19:19:07.419130600,9.0332,9.0332,0.0000,9.3693,0.1705,0.1705,0.0000,NA,NA,NA,NA,NA,NA,NA
python.exe,29332,0x0,Other,0,0,1,Hardware: Legacy Flip,2026-8-20 19:19:07.428163800,0.2732,0.2732,0.0000,0.0000,9.1751,0.5793,8.5958,1.4973,17.5251,9.5796,4905.9529,NA,NA,NA
python.exe,29332,0x0,Other,-1,0,0,Composed: Copy with GPU GDI,2026-8-20 19:19:07.428437000,3.4741,3.4741,0.0000,0.2334,3.3795,1.2020,2.1775,18.7492,6.1725,-17.2519,4906.2261,NA,NA,NA
python.exe,29332,0x0,Other,-1,0,0,Composed: Copy with GPU GDI,2026-8-20 19:19:07.431911100,8.4419,8.4419,0.0000,0.1439,8.8722,0.7071,8.1651,NA,NA,NA,NA,NA,NA,NA
python.exe,29332,0x0,Other,-1,0,0,Composed: Copy with GPU GDI,2026-8-20 19:19:07.440353000,11.2367,11.2367,0.0000,0.5819,11.0100,0.7664,10.2436,NA,NA,NA,NA,NA,NA,NA
python.exe,29332,0x0,Other,0,0,1,Hardware: Legacy Flip,2026-8-20 19:19:07.451589700,0.5071,0.5071,0.0000,0.3607,0.2628,0.1845,0.0783,1.7690,18.0974,16.9802,4929.3788,NA,NA,NA
python.exe,29332,0x0,Other,-1,0,0,Composed: Copy with GPU GDI,2026-8-20 19:19:07.452096800,0.5721,0.5721,0.0000,0.1164,1.4918,1.4918,0.0000,19.3593,0.8332,-17.5903,4929.8859,NA,NA,NA
python.exe,29332,0x0,Other,-1,0,0,Composed: Copy with GPU GDI,2026-8-20 19:19:07.452668900,12.1888,12.1888,0.0000,1.0425,11.5627,0.5275,11.0352,NA,NA,NA,NA,NA,NA,NA
python.exe,29332,0x0,Other,0,0,1,Hardware: Legacy Flip,2026-8-20 19:19:07.464857700,6.4413,6.4413,0.0000,0.4214,6.1033,0.1804,5.9229,7.4316,11.3427,11.9277,4942.6468,NA,NA,NA
python.exe,29332,0x0,Other,-1,0,0,Composed: Copy with GPU GDI,2026-8-20 19:19:07.471299000,0.5470,0.5470,0.0000,0.0834,1.4594,1.4594,0.0000,NA,NA,NA,NA,NA,NA,NA
python.exe,29332,0x0,Other,-1,0,0,Composed: Copy with GPU GDI,2026-8-20 19:19:07.471846000,1.1692,1.1692,0.0000,1.0009,0.3448,0.3266,0.0182,NA,NA,NA,NA,NA,NA,NA
python.exe,29332,0x0,Other,-1,0,0,Composed: Copy with GPU GDI,2026-8-20 19:19:07.473015200,2.3414,2.3414,0.0000,0.1799,2.5803,0.4817,2.0986,10.6168,0.2352,-3.1852,4950.8043,NA,NA,NA
python.exe,29332,0x0,Other,0,0,1,Hardware: Legacy Flip,2026-8-20 19:19:07.475356600,7.0612,7.0612,0.0000,0.4170,6.7040,0.1286,6.5754,8.5106,11.8582,2.1062,4953.1457,NA,NA,NA
python.exe,29332,0x0,Other,-1,0,0,Composed: Copy with GPU GDI,2026-8-20 19:19:07.482417800,0.5220,0.5220,0.0000,0.0598,1.7603,1.7603,0.0000,NA,NA,NA,NA,NA,NA,NA
python.exe,29332,0x0,Other,-1,0,0,Composed: Copy with GPU GDI,2026-8-20 19:19:07.482939800,3.6965,3.6965,0.0000,1.3031,3.1422,0.9863,2.1559,12.7856,0.3815,-4.2750,4960.7289,NA,NA,NA
python.exe,29332,0x0,Other,0,0,1,Hardware: Legacy Flip,2026-8-20 19:19:07.486636300,8.0418,8.0418,0.0000,0.7550,7.3226,0.1254,7.1972,9.4706,11.7806,3.3150,4964.4254,NA,NA,NA
python.exe,29332,0x0,Other,-1,0,0,Composed: Copy with GPU GDI,2026-8-20 19:19:07.494678100,0.2972,0.2972,0.0000,0.0358,0.3888,0.3888,0.0000,13.2094,39.7366,-3.7388,4972.4672,NA,NA,NA
python.exe,29332,0x0,Other,-1,0,0,Composed: Copy with GPU GDI,2026-8-20 19:19:07.494975300,50.0130,50.0130,0.0000,0.1274,50.4195,1.5644,48.8551,NA,NA,NA,NA,NA,NA,NA
python.exe,29332,0x0,Other,0,0,1,Hardware: Legacy Flip,2026-8-20 19:19:07.544988300,1.2910,1.2910,0.0000,0.5386,0.8720,0.2596,0.6124,2.6358,8.7628,10.5736,5022.7774,NA,NA,NA
python.exe,29332,0x0,Other,-1,0,0,Composed: Copy with GPU GDI,2026-8-20 19:19:07.546279300,0.2679,0.2679,0.0000,0.1196,1.2809,1.2809,0.0000,NA,NA,NA,NA,NA,NA,NA
python.exe,29332,0x0,Other,-1,0,0,Composed: Copy with GPU GDI,2026-8-20 19:19:07.546547200,0.8821,0.8821,0.0000,1.1358,0.0158,0.0158,0.0000,9.8397,9.2228,-7.2039,5024.3363,NA,NA,NA
python.exe,29332,0x0,Other,-1,0,0,Composed: Copy with GPU GDI,2026-8-20 19:19:07.547429300,4.9646,4.9646,0.0000,0.2697,4.9115,0.4229,4.4886,NA,NA,NA,NA,NA,NA,NA
python.exe,29332,0x0,Other,-1,0,0,Composed: Copy with GPU GDI,2026-8-20 19:19:07.552393900,10.8516,10.8516,0.0000,0.2203,10.8637,0.7687,10.0950,NA,NA,NA,NA,NA,NA,NA
python.exe,29332,0x0,Other,0,0,1,Hardware: Legacy Flip,2026-8-20 19:19:07.563245500,1.0481,1.0481,0.0000,0.2270,0.9232,0.1988,0.7244,2.3642,8.9958,7.4755,5041.0346,NA,NA,NA
python.exe,29332,0x0,Other,-1,0,0,Composed: Copy with GPU GDI,2026-8-20 19:19:07.564293600,0.4930,0.4930,0.0000,0.1021,1.3013,1.3013,0.0000,10.3119,10.8017,-7.9477,5042.0827,NA,NA,NA
python.exe,29332,0x0,Other,-1,0,0,Composed: Copy with GPU GDI,2026-8-20 19:19:07.564786600,8.5890,8.5890,0.0000,0.9162,8.0001,0.5731,7.4270,NA,NA,NA,NA,NA,NA,NA
python.exe,29332,0x0,Other,-1,0,0,Composed: Copy with GPU GDI,2026-8-20 19:19:07.573375600,9.1444,9.1444,0.0000,0.3335,9.1127,0.6295,8.4832,NA,NA,NA,NA,NA,NA,NA
python.exe,29332,0x0,Other,0,0,1,Hardware: Legacy Flip,2026-8-20 19:19:07.582520000,1.6334,1.6334,0.0000,0.3078,1.4795,0.2832,1.1963,2.8872,7.3619,7.4247,5060.3091,NA,NA,NA
python.exe,29332,0x0,Other,-1,0,0,Composed: Copy with GPU GDI,2026-8-20 19:19:07.584153400,0.6094,0.6094,0.0000,0.1539,1.5288,1.5288,0.0000,8.6157,4.2917,-5.7285,5061.9425,NA,NA,NA
python.exe,29332,0x0,Other,-1,0,0,Composed: Copy with GPU GDI,2026-8-20 19:19:07.584762800,9.9841,9.9841,0.0000,1.0792,9.1457,0.4396,8.7061,NA,NA,NA,NA,NA,NA,NA
python.exe,29332,0x0,Other,0,0,1,Hardware: Legacy Flip,2026-8-20 19:19:07.594746900,0.8026,0.8026,0.0000,0.2447,0.5820,0.0904,0.4916,2.3139,7.9318,6.3018,5072.5360,NA,NA,NA
python.exe,29332,0x0,Other,-1,0,0,Composed: Copy with GPU GDI,2026-8-20 19:19:07.595549500,0.4710,0.4710,0.0000,0.0241,1.5382,1.5382,0.0000,9.4431,12.1340,-7.1292,5073.3386,NA,NA,NA
python.exe,29332,0x0,Other,-1,0,0,Composed: Copy with GPU GDI,2026-8-20 19:19:07.596020500,10.9266,10.9266,0.0000,1.0955,10.5542,0.9612,9.5930,NA,NA,NA,NA,NA,NA,NA
python.exe,29332,0x0,Other,-1,0,0,Composed: Copy with GPU GDI,2026-8-20 19:19:07.606947100,1.2184,1.2184,0.0000,0.7303,0.7591,0.4254,0.3337,10.1795,3.3023,-0.7364,5084.7362,NA,NA,NA
python.exe,29332,0x0,Other,-1,0,0,Composed: Copy with GPU GDI,2026-8-20 19:19:07.608165500,10.7633,10.7633,0.0000,0.2754,10.9509,0.6631,10.2878,NA,NA,NA,NA,NA,NA,NA
python.exe,29332,0x0,Other,0,0,1,Hardware: Legacy Flip,2026-8-20 19:19:07.618928800,0.4307,0.4307,0.0000,0.4630,0.1029,0.1029,0.0000,1.5001,7.5006,8.6794,5096.7179,NA,NA,NA
python.exe,29332,0x0,Other,-1,0,0,Composed: Copy with GPU GDI,2026-8-20 19:19:07.619359500,0.6804,0.6804,0.0000,0.1352,1.0983,1.0983,0.0000,NA,NA,NA,NA,NA,NA,NA
python.exe,29332,0x0,Other,0,0,1,Hardware: Legacy Flip,2026-8-20 19:19:07.620039900,6.8467,6.8467,0.0000,0.5590,6.3377,0.2381,6.0996,7.8896,13.3899,-6.3895,5097.8290,NA,NA,NA
python.exe,29332,0x0,Other,-1,0,0,Composed: Copy with GPU GDI,2026-8-20 19:19:07.626886600,1.1873,1.1873,0.0000,0.0500,1.4323,1.4323,0.0000,14.4328,2.5359,-6.5432,5104.6757,NA,NA,NA
python.exe,29332,0x0,Other,-1,0,0,Composed: Copy with GPU GDI,2026-8-20 19:19:07.628073900,3.7739,3.7739,0.0000,0.2971,3.8319,0.5194,3.3125,NA,NA,NA,NA,NA,NA,NA
python.exe,29332,0x0,Other,-1,0,0,Composed: Copy with GPU GDI,2026-8-20 19:19:07.631847800,6.3350,6.3350,0.0000,0.3584,6.6448,0.9807,5.6641,NA,NA,NA,NA,NA,NA,NA
python.exe,29332,0x0,Other,0,0,1,Hardware: Legacy Flip,2026-8-20 19:19:07.638182800,4.4195,4.4195,0.0000,0.6737,3.8482,0.2013,3.6469,5.6725,15.6379,8.7603,5115.9719,NA,NA,NA
python.exe,29332,0x0,Other,-1,0,0,Composed: Copy with GPU GDI,2026-8-20 19:19:07.642602300,6.3736,6.3736,0.0000,0.1024,6.5567,1.4827,5.0740,NA,NA,NA,NA,NA,NA,NA
python.exe,29332,0x0,Other,-1,0,0,Composed: Copy with GPU GDI,2026-8-20 19:19:07.648975900,1.4952,1.4952,0.0000,0.2920,1.7933,0.7453,1.0480,10.5173,5.9182,-4.8448,5126.7650,NA,NA,NA
python.exe,29332,0x0,Other,-1,0,0,Composed: Copy with GPU GDI,2026-8-20 19:19:07.650471100,12.9438,12.9438,0.0000,0.6268,12.6950,0.5854,12.1096,NA,NA,NA,NA,NA,NA,NA
python.exe,29332,0x0,Other,0,0,1,Hardware: Legacy Flip,2026-8-20 19:19:07.663414900,0.6264,0.6264,0.0000,0.3844,0.3172,0.1398,0.1774,1.9965,18.3605,8.5208,5141.2040,NA,NA,NA
python.exe,29332,0x0,Other,-1,0,0,Composed: Copy with GPU GDI,2026-8-20 19:19:07.664041300,1.1835,1.1835,0.0000,0.0752,1.7023,1.7023,0.0000,NA,NA,NA,NA,NA,NA,NA
python.exe,29332,0x0,Other,-1,0,0,Composed: Copy with GPU GDI,2026-8-20 19:19:07.665224800,6.4674,6.4674,0.0000,0.5995,5.9825,0.3089,5.6736,18.5471,0.8532,-16.5506,5143.0139,NA,NA,NA
python.exe,29332,0x0,Other,-1,0,0,Composed: Copy with GPU GDI,2026-8-20 19:19:07.671692200,1.6456,1.6456,0.0000,0.2192,1.5790,0.2963,1.2827,NA,NA,NA,NA,NA,NA,NA
python.exe,29332,0x0,Other,0,0,1,Hardware: Legacy Flip,2026-8-20 19:19:07.673337800,9.9206,9.9206,0.0000,0.1571,9.8231,0.1300,9.6931,11.2873,10.3629,7.2598,5151.1269,NA,NA,NA
python.exe,29332,0x0,Other,-1,0,0,Composed: Copy with GPU GDI,2026-8-20 19:19:07.683258400,0.5036,0.5036,0.0000,0.0596,1.3695,1.3695,0.0000,NA,NA,NA,NA,NA,NA,NA
python.exe,29332,0x0,Other,-1,0,0,Composed: Copy with GPU GDI,2026-8-20 19:19:07.683762000,2.2537,2.2537,0.0000,0.9291,1.7229,0.5225,1.2004,NA,NA,NA,NA,NA,NA,NA
python.exe,29332,0x0,Other,0,0,1,Hardware: Legacy Flip,2026-8-20 19:19:07.686015700,7.6343,7.6343,0.0000,0.4016,7.2574,0.0932,7.1642,8.9723,13.0830,2.3150,5163.8048,NA,NA,NA
python.exe,29332,0x0,Other,-1,0,0,Composed: Copy with GPU GDI,2026-8-20 19:19:07.693650000,0.6399,0.6399,0.0000,0.0247,1.9155,1.9155,0.0000,14.4210,6.0799,-5.4487,5171.4391,NA,NA,NA
python.exe,29332,0x0,Other,-1,0,0,Composed: Copy with GPU GDI,2026-8-20 19:19:07.694289900,3.1015,3.1015,0.0000,1.3048,1.9397,0.2381,1.7016,19.8610,5.2123,-5.4400,5172.0790,NA,NA,NA
python.exe,29332,0x0,Other,-1,0,0,Composed: Copy with GPU GDI,2026-8-20 19:19:07.697391400,9.5953,9.5953,0.0000,0.1471,9.6549,0.4220,9.2329,NA,NA,NA,NA,NA,NA,NA
python.exe,29332,0x0,Other,-1,0,0,Composed: Copy with GPU GDI,2026-8-20 19:19:07.706986700,9.1287,9.1287,0.0000,0.2115,9.1806,0.4576,8.7230,NA,NA,NA,NA,NA,NA,NA
python.exe,29332,0x0,Other,0,0,1,Hardware: Legacy Flip,2026-8-20 19:19:07.716115400,1.6068,1.6068,0.0000,0.2829,1.4107,0.1437,1.2670,3.2478,6.9085,16.6132,5193.9045,NA,NA,NA
python.exe,29332,0x0,Other,-1,0,0,Composed: Copy with GPU GDI,2026-8-20 19:19:07.717722200,0.4409,0.4409,0.0000,0.0868,1.7452,1.7452,0.0000,8.5495,3.6470,-5.3017,5195.5113,NA,NA,NA
python.exe,29332,0x0,Other,-1,0,0,Composed: Copy with GPU GDI,2026-8-20 19:19:07.718163100,8.1123,8.1123,0.0000,1.3948,7.3923,0.8987,6.4936,NA,NA,NA,NA,NA,NA,NA
python.exe,29332,0x0,Other,0,0,1,Hardware: Legacy Flip,2026-8-20 19:19:07.726275400,2.6075,2.6075,0.0000,0.6797,2.0067,0.2090,1.7977,3.6433,8.5176,4.9062,5204.0645,NA,NA,NA
python.exe,29332,0x0,Other,-1,0,0,Composed: Copy with GPU GDI,2026-8-20 19:19:07.728882900,0.5253,0.5253,0.0000,0.0789,1.3680,1.3680,0.0000,9.5534,10.6620,-5.9101,5206.6720,NA,NA,NA
python.exe,29332,0x0,Other,-1,0,0,Composed: Copy with GPU GDI,2026-8-20 19:19:07.729408200,10.1543,10.1543,0.0000,0.9241,9.8968,1.1325,8.7643,NA,NA,NA,NA,NA,NA,NA
python.exe,29332,0x0,Other,-1,0,0,Composed: Copy with GPU GDI,2026-8-20 19:19:07.739562500,0.8877,0.8877,0.0000,0.6787,0.6406,0.5896,0.0510,NA,NA,NA,NA,NA,NA,NA
python.exe,29332,0x0,Other,0,0,1,Hardware: Legacy Flip,2026-8-20 19:19:07.740450200,7.4747,7.4747,0.0000,0.4359,7.1194,0.1583,6.9611,8.6481,13.5837,0.9053,5218.2393,NA,NA,NA
python.exe,29332,0x0,Other,-1,0,0,Composed: Copy with GPU GDI,2026-8-20 19:19:07.747924900,0.9342,0.9342,0.0000,0.0806,1.6302,1.6302,0.0000,14.7571,0.6409,-6.1090,5225.7140,NA,NA,NA
python.exe,29332,0x0,Other,-1,0,0,Composed: Copy with GPU GDI,2026-8-20 19:19:07.748859100,3.4813,3.4813,0.0000,0.7826,3.0769,0.5208,2.5561,NA,NA,NA,NA,NA,NA,NA
python.exe,29332,0x0,Other,0,0,1,Hardware: Legacy Flip,2026-8-20 19:19:07.752340400,9.6156,9.6156,0.0000,0.3823,9.2797,0.1547,9.1250,10.9825,11.4989,3.7746,5230.1295,NA,NA,NA
python.exe,29332,0x0,Other,-1,0,0,Composed: Copy with GPU GDI,2026-8-20 19:19:07.761956000,0.8040,0.8040,0.0000,0.0464,1.8606,1.8606,0.0000,12.8658,8.6244,-1.8833,5239.7451,NA,NA,NA
python.exe,29332,0x0,Other,-1,0,0,Composed: Copy with GPU GDI,2026-8-20 19:19:07.762760000,7.8790,7.8790,0.0000,1.1069,7.1676,0.5981,6.5695,NA,NA,NA,NA,NA,NA,NA
python.exe,29332,0x0,Other,-1,0,0,Composed: Copy with GPU GDI,2026-8-20 19:19:07.770639000,0.8263,0.8263,0.0000,0.4009,0.8378,0.5047,0.3331,NA,NA,NA,NA,NA,NA,NA
python.exe,29332,0x0,Other,-1,0,0,Composed: Copy with GPU GDI,2026-8-20 19:19:07.771465300,10.6857,10.6857,0.0000,10.9422,0.0126,0.0126,0.0000,NA,NA,NA,NA,NA,NA,NA
python.exe,29332,0x0,Other,0,0,1,Hardware: Legacy Flip,2026-8-20 19:19:07.782151000,0.1964,0.1964,0.0000,0.0000,10.5266,0.4793,10.0473,1.2952,9.5048,11.5706,5259.9401,NA,NA,NA
python.exe,29332,0x0,Other,-1,0,0,Composed: Copy with GPU GDI,2026-8-20 19:19:07.782347400,0.7055,0.7055,0.0000,0.0727,1.2167,1.2167,0.0000,10.6036,4.4852,-9.3084,5260.1365,NA,NA,NA
python.exe,29332,0x0,Other,-1,0,0,Composed: Copy with GPU GDI,2026-8-20 19:19:07.783052900,11.7194,11.7194,0.0000,0.5874,11.3496,0.4351,10.9145,NA,NA,NA,NA,NA,NA,NA
python.exe,29332,0x0,Other,0,0,1,Hardware: Legacy Flip,2026-8-20 19:19:07.794772300,1.4447,1.4447,0.0000,0.2205,1.2958,0.1592,1.1366,2.6639,7.6807,7.9397,5272.5614,NA,NA,NA
python.exe,29332,0x0,Other,-1,0,0,Composed: Copy with GPU GDI,2026-8-20 19:19:07.796217000,0.2990,0.2990,0.0000,0.0716,1.1933,1.1933,0.0000,8.8999,11.1924,-6.2360,5274.0061,NA,NA,NA
python.exe,29332,0x0,Other,-1,0,0,Composed: Copy with GPU GDI,2026-8-20 19:19:07.796516000,7.0548,7.0548,0.0000,0.9702,6.3884,0.4710,5.9174,NA,NA,NA,NA,NA,NA,NA
python.exe,29332,0x0,Other,-1,0,0,Composed: Copy with GPU GDI,2026-8-20 19:19:07.803570800,4.2418,4.2418,0.0000,0.3065,4.1356,0.3766,3.7590,NA,NA,NA,NA,NA,NA,NA
python.exe,29332,0x0,Other,0,0,1,Hardware: Legacy Flip,2026-8-20 19:19:07.807812600,7.3671,7.3671,0.0000,0.2048,7.2278,0.1281,7.0997,8.4967,11.5415,0.4032,5285.6017,NA,NA,NA
python.exe,29332,0x0,Other,-1,0,0,Composed: Copy with GPU GDI,2026-8-20 19:19:07.815179700,0.5379,0.5379,0.0000,0.0655,1.6432,1.6432,0.0000,NA,NA,NA,NA,NA,NA,NA
python.exe,29332,0x0,Other,-1,0,0,Composed: Copy with GPU GDI,2026-8-20 19:19:07.815717600,2.9434,2.9434,0.0000,1.1780,2.1736,0.5430,1.6306,NA,NA,NA,NA,NA,NA,NA
python.exe,29332,0x0,Other,0,0,1,Hardware: Legacy Flip,2026-8-20 19:19:07.818661000,7.8504,7.8504,0.0000,0.4111,7.4652,0.0875,7.3777,9.1898,13.6487,-0.6931,5296.4501,NA,NA,NA
python.exe,29332,0x0,Other,-1,0,0,Composed: Copy with GPU GDI,2026-8-20 19:19:07.826511400,0.2260,0.2260,0.0000,0.0259,1.3627,1.3627,0.0000,14.9881,6.0729,-5.7983,5304.3005,NA,NA,NA
python.exe,29332,0x0,Other,-1,0,0,Composed: Copy with GPU GDI,2026-8-20 19:19:07.826737400,9.8495,9.8495,0.0000,1.1665,8.9050,0.4705,8.4345,NA,NA,NA,NA,NA,NA,NA
python.exe,29332,0x0,Other,-1,0,0,Composed: Copy with GPU GDI,2026-8-20 19:19:07.836586900,1.3778,1.3778,0.0000,0.2243,1.2257,0.2042,1.0215,10.9855,3.1343,4.0026,5314.3760,NA,NA,NA
python.exe,29332,0x0,Other,-1,0,0,Composed: Copy with GPU GDI,2026-8-20 19:19:07.837964700,11.2619,11.2619,0.0000,0.0746,11.3104,0.3102,11.0002,NA,NA,NA,NA,NA,NA,NA
python.exe,29332,0x0,Other,0,0,1,Hardware: Legacy Flip,2026-8-20 19:19:07.849226600,0.1923,0.1923,0.0000,0.1231,0.1456,0.1456,0.0000,1.4801,8.9884,9.5054,5327.0157,NA,NA,NA
python.exe,29332,0x0,Other,-1,0,0,Composed: Copy with GPU GDI,2026-8-20 19:19:07.849418900,0.5110,0.5110,0.0000,0.0764,1.7859,1.7859,0.0000,10.2762,3.5053,-8.7961,5327.2080,NA,NA,NA
python.exe,29332,0x0,Other,-1,0,0,Composed: Copy with GPU GDI,2026-8-20 19:19:07.849929900,10.7630,10.7630,0.0000,1.3559,9.7491,0.4999,9.2492,NA,NA,NA,NA,NA,NA,NA
python.exe,29332,0x0,Other,0,0,1,Hardware: Legacy Flip,2026-8-20 19:19:07.860692900,1.3889,1.3889,0.0000,0.3454,1.0738,0.1363,0.9375,2.5075,8.6438,7.7687,5338.4820,NA,NA,NA
python.exe,29332,0x0,Other,-1,0,0,Composed: Copy with GPU GDI,2026-8-20 19:19:07.862081800,0.2330,0.2330,0.0000,0.0303,1.1346,1.1346,0.0000,9.7624,10.7288,-7.2549,5339.8709,NA,NA,NA
python.exe,29332,0x0,Other,-1,0,0,Composed: Copy with GPU GDI,2026-8-20 19:19:07.862314800,8.4636,8.4636,0.0000,0.9359,7.7761,0.3851,7.3910,NA,NA,NA,NA,NA,NA,NA
python.exe,29332,0x0,Other,-1,0,0,Composed: Copy with GPU GDI,2026-8-20 19:19:07.870778400,4.7147,4.7147,0.0000,0.2504,4.9195,0.5675,4.3520,NA,NA,NA,NA,NA,NA,NA
python.exe,29332,0x0,Other,0,0,1,Hardware: Legacy Flip,2026-8-20 19:19:07.875493100,5.9399,5.9399,0.0000,0.4655,5.5266,0.1144,5.4122,7.0799,11.4991,2.6825,5353.2822,NA,NA,NA
python.exe,29332,0x0,Other,-1,0,0,Composed: Copy with GPU GDI,2026-8-20 19:19:07.881433000,1.6194,1.6194,0.0000,0.0522,1.7818,1.3989,0.3829,NA,NA,NA,NA,NA,NA,NA
python.exe,29332,0x0,Other,-1,0,0,Composed: Copy with GPU GDI,2026-8-20 19:19:07.883052400,3.6747,3.6747,0.0000,0.2197,3.6487,0.3839,3.2648,NA,NA,NA,NA,NA,NA,NA
python.exe,29332,0x0,Other,0,0,1,Hardware: Legacy Flip,2026-8-20 19:19:07.886727100,6.0331,6.0331,0.0000,0.1963,5.8569,0.0736,5.7833,7.3450,14.1886,-0.2651,5364.5162,NA,NA,NA
python.exe,29332,0x0,Other,-1,0,0,Composed: Copy with GPU GDI,2026-8-20 19:19:07.892760200,0.1967,0.1967,0.0000,0.0201,1.3401,1.3401,0.0000,15.5005,6.0421,-8.1555,5370.5493,NA,NA,NA
python.exe,29332,0x0,Other,-1,0,0,Composed: Copy with GPU GDI,2026-8-20 19:19:07.892956900,10.4893,10.4893,0.0000,1.1666,9.8344,0.6523,9.1821,NA,NA,NA,NA,NA,NA,NA
python.exe,29332,0x0,Other,-1,0,0,Composed: Copy with GPU GDI,2026-8-20 19:19:07.903446200,1.5341,1.5341,0.0000,0.5155,1.5166,0.6153,0.9013,10.8566,3.1093,4.6439,5381.2353,NA,NA,NA
python.exe,29332,0x0,Other,-1,0,0,Composed: Copy with GPU GDI,2026-8-20 19:19:07.904980300,10.5501,10.5501,0.0000,0.5314,10.2200,0.4199,9.8001,NA,NA,NA,NA,NA,NA,NA
python.exe,29332,0x0,Other,0,0,1,Hardware: Legacy Flip,2026-8-20 19:19:07.915530400,0.5963,0.5963,0.0000,0.2296,0.6246,0.3237,0.3009,1.8817,9.0829,8.9749,5393.3195,NA,NA,NA
python.exe,29332,0x0,Other,-1,0,0,Composed: Copy with GPU GDI,2026-8-20 19:19:07.916126700,0.9426,0.9426,0.0000,0.2579,1.5208,1.5208,0.0000,10.3683,2.2051,-8.4866,5393.9158,NA,NA,NA
python.exe,29332,0x0,Other,-1,0,0,Composed: Copy with GPU GDI,2026-8-20 19:19:07.917069300,9.1425,9.1425,0.0000,0.8437,8.5332,0.3954,8.1378,NA,NA,NA,NA,NA,NA,NA
python.exe,29332,0x0,Other,0,0,1,Hardware: Legacy Flip,2026-8-20 19:19:07.926211800,1.4436,1.4436,0.0000,0.2508,1.2313,0.1439,1.0874,2.4883,15.9325,7.8800,5404.0009,NA,NA,NA
python.exe,29332,0x0,Other,-1,0,0,Composed: Copy with GPU GDI,2026-8-20 19:19:07.927655400,1.9482,1.9482,0.0000,0.0385,2.3505,1.5561,0.7944,16.9772,3.9927,-14.4889,5405.4445,NA,NA,NA
python.exe,29332,0x0,Other,-1,0,0,Composed: Copy with GPU GDI,2026-8-20 19:19:07.929603600,7.2057,7.2057,0.0000,0.4464,6.8634,0.2850,6.5784,NA,NA,NA,NA,NA,NA,NA
python.exe,29332,0x0,Other,-1,0,0,Composed: Copy with GPU GDI,2026-8-20 19:19:07.936809300,5.7064,5.7064,0.0000,0.1091,5.9249,0.5075,5.4174,NA,NA,NA,NA,NA,NA,NA
python.exe,29332,0x0,Other,0,0,1,Hardware: Legacy Flip,2026-8-20 19:19:07.942515700,4.8970,4.8970,0.0000,0.3320,4.6169,0.1051,4.5118,6.1096,14.2256,10.8676,5420.3048,NA,NA,NA
python.exe,29332,0x0,Other,-1,0,0,Composed: Copy with GPU GDI,2026-8-20 19:19:07.947412700,2.6493,2.6493,0.0000,0.0519,2.7321,1.3875,1.3446,15.4382,0.8962,-9.3286,5425.2018,NA,NA,NA
python.exe,29332,0x0,Other,-1,0,0,Composed: Copy with GPU GDI,2026-8-20 19:19:07.950062000,3.4175,3.4175,0.0000,0.1373,3.5574,0.4114,3.1460,NA,NA,NA,NA,NA,NA,NA
python.exe,29332,0x0,Other,0,0,1,Hardware: Legacy Flip,2026-8-20 19:19:07.953479500,9.2742,9.2742,0.0000,0.2811,9.0401,0.1763,8.8638,10.2676,11.2099,5.1706,5431.2686,NA,NA,NA
python.exe,29332,0x0,Other,-1,0,0,Composed: Copy with GPU GDI,2026-8-20 19:19:07.962753700,0.7064,0.7064,0.0000,0.0470,1.4948,1.4948,0.0000,NA,NA,NA,NA,NA,NA,NA
python.exe,29332,0x0,Other,-1,0,0,Composed: Copy with GPU GDI,2026-8-20 19:19:07.963460100,0.7884,0.7884,0.0000,0.8685,0.0377,0.0377,0.0000,11.4969,9.9417,-1.2293,5441.2492,NA,NA,NA
python.exe,29332,0x0,Other,-1,0,0,Composed: Copy with GPU GDI,2026-8-20 19:19:07.964248500,10.1062,10.1062,0.0000,0.0874,10.1308,0.3130,9.8178,NA,NA,NA,NA,NA,NA,NA
python.exe,29332,0x0,Other,-1,0,0,Composed: Copy with GPU GDI,2026-8-20 19:19:07.974354700,5.0668,5.0668,0.0000,0.1166,5.2955,0.5265,4.7690,NA,NA,NA,NA,NA,NA,NA
python.exe,29332,0x0,Other,0,0,1,Hardware: Legacy Flip,2026-8-20 19:19:07.979421500,4.0878,4.0878,0.0000,0.3491,3.8024,0.1150,3.6874,5.4772,9.5751,6.0197,5457.2106,NA,NA,NA
python.exe,29332,0x0,Other,-1,0,0,Composed: Copy with GPU GDI,2026-8-20 19:19:07.983509300,0.6010,0.6010,0.0000,0.0637,1.3938,1.3938,0.0000,NA,NA,NA,NA,NA,NA,NA
python.exe,29332,0x0,Other,-1,0,0,Composed: Copy with GPU GDI,2026-8-20 19:19:07.984110300,8.1187,8.1187,0.0000,0.8594,7.9081,0.8031,7.1050,NA,NA,NA,NA,NA,NA,NA
python.exe,29332,0x0,Other,0,0,1,Hardware: Legacy Flip,2026-8-20 19:19:07.992229000,0.7924,0.7924,0.0000,0.6535,0.1785,0.1437,0.0348,2.2448,16.8822,3.2324,5470.0181,NA,NA,NA
python.exe,29332,0x0,Other,-1,0,0,Composed: Copy with GPU GDI,2026-8-20 19:19:07.993021400,2.1468,2.1468,0.0000,0.0396,2.2216,1.5441,0.6775,18.3346,5.3478,-16.0898,5470.8105,NA,NA,NA
python.exe,29332,0x0,Other,-1,0,0,Composed: Copy with GPU GDI,2026-8-20 19:19:07.995168200,9.1691,9.1691,0.0000,0.1168,9.3572,0.4761,8.8811,NA,NA,NA,NA,NA,NA,NA
python.exe,29332,0x0,Other,-1,0,0,Composed: Copy with GPU GDI,2026-8-20 19:19:08.004337300,3.0433,3.0433,0.0000,0.3081,3.1050,0.4877,2.6173,NA,NA,NA,NA,NA,NA,NA
python.exe,29332,0x0,Other,0,0,1,Hardware: Legacy Flip,2026-8-20 19:19:08.007380600,8.2187,8.2187,0.0000,0.3746,8.0496,0.3663,7.6833,9.3232,11.9435,9.0114,5485.1697,NA,NA,NA
python.exe,29332,0x0,Other,-1,0,0,Composed: Copy with GPU GDI,2026-8-20 19:19:08.015599300,3.1678,3.1678,0.0000,0.2055,3.5802,1.6734,1.9068,NA,NA,NA,NA,NA,NA,NA
python.exe,29332,0x0,Other,-1,0,0,Composed: Copy with GPU GDI,2026-8-20 19:19:08.018767100,1.0496,1.0496,0.0000,0.6266,0.5442,0.3454,0.1988,NA,NA,NA,NA,NA,NA,NA
python.exe,29332,0x0,Other,0,0,1,Hardware: Legacy Flip,2026-8-20 19:19:08.019816700,7.4705,7.4705,0.0000,0.1379,7.3824,0.1761,7.2063,8.8306,13.0360,0.4926,5497.6058,NA,NA,NA
python.exe,29332,0x0,Other,-1,0,0,Composed: Copy with GPU GDI,2026-8-20 19:19:08.027287200,1.1760,1.1760,0.0000,0.0498,1.8153,1.8153,0.0000,14.3961,6.0932,-5.5655,5505.0763,NA,NA,NA
python.exe,29332,0x0,Other,-1,0,0,Composed: Copy with GPU GDI,2026-8-20 19:19:08.028463200,2.7480,2.7480,0.0000,0.6918,2.1768,0.2313,1.9455,19.3133,5.1728,-4.9172,5506.2523,NA,NA,NA
python.exe,29332,0x0,Other,-1,0,0,Composed: Copy with GPU GDI,2026-8-20 19:19:08.031211200,8.0199,8.0199,0.0000,0.1240,8.5436,0.7845,7.7591,NA,NA,NA,NA,NA,NA,NA
python.exe,29332,0x0,Other,-1,0,0,Composed: Copy with GPU GDI,2026-8-20 19:19:08.039231100,10.6746,10.6746,0.0000,0.6559,10.3057,0.5387,9.7670,NA,NA,NA,NA,NA,NA,NA
python.exe,29332,0x0,Other,-1,0,0,Composed: Copy with GPU GDI,2026-8-20 19:19:08.049905700,1.4941,1.4941,0.0000,1.7228,0.2192,0.2192,0.0000,NA,NA,NA,NA,NA,NA,NA
python.exe,29332,0x0,Other,0,0,1,Hardware: Legacy Flip,2026-8-20 19:19:08.051399800,0.1540,0.1540,0.0000,0.0000,1.4305,0.4202,1.0103,1.5495,9.8601,17.7638,5529.1889,NA,NA,NA
python.exe,29332,0x0,Other,-1,0,0,Composed: Copy with GPU GDI,2026-8-20 19:19:08.051553800,9.3787,9.3787,0.0000,0.2939,9.2179,1.5284,7.6895,NA,NA,NA,NA,NA,NA,NA
python.exe,29332,0x0,Other,0,0,1,Hardware: Legacy Flip,2026-8-20 19:19:08.060932500,0.5875,0.5875,0.0000,0.1378,0.4763,0.1037,0.3726,1.8769,9.2301,-0.3274,5538.7216,NA,NA,NA
python.exe,29332,0x0,Other,-1,0,0,Composed: Copy with GPU GDI,2026-8-20 19:19:08.061520000,0.5412,0.5412,0.0000,0.0266,1.8304,1.8304,0.0000,10.5195,5.4254,-8.6426,5539.3091,NA,NA,NA
python.exe,29332,0x0,Other,-1,0,0,Composed: Copy with GPU GDI,2026-8-20 19:19:08.062061200,9.5926,9.5926,0.0000,1.3195,8.9791,1.0109,7.9682,NA,NA,NA,NA,NA,NA,NA
python.exe,29332,0x0,Other,-1,0,0,Composed: Copy with GPU GDI,2026-8-20 19:19:08.071653800,1.4868,1.4868,0.0000,0.7101,1.0957,0.4411,0.6546,NA,NA,NA,NA,NA,NA,NA
python.exe,29332,0x0,Other,0,0,1,Hardware: Legacy Flip,2026-8-20 19:19:08.073140600,2.8901,2.8901,0.0000,0.3227,2.6728,0.1836,2.4892,4.3243,18.8244,6.1952,5550.9297,NA,NA,NA
python.exe,29332,0x0,Other,-1,0,0,Composed: Copy with GPU GDI,2026-8-20 19:19:08.076030700,6.9510,6.9510,0.0000,0.1054,7.4246,1.9331,5.4915,20.2586,0.5518,-15.9343,5553.8198,NA,NA,NA
python.exe,29332,0x0,Other,-1,0,0,Composed: Copy with GPU GDI,2026-8-20 19:19:08.082981700,2.4504,2.4504,0.0000,0.5823,2.4249,0.6911,1.7338,NA,NA,NA,NA,NA,NA,NA
python.exe,29332,0x0,Other,-1,0,0,Composed: Copy with GPU GDI,2026-8-20 19:19:08.085432100,9.0900,9.0900,0.0000,0.5604,8.9032,0.5506,8.3526,NA,NA,NA,NA,NA,NA,NA
python.exe,29332,0x0,Other,0,0,1,Hardware: Legacy Flip,2026-8-20 19:19:08.094522100,0.8634,0.8634,0.0000,0.3795,0.5566,0.1618,0.3948,2.3190,17.7161,17.9396,5572.3112,NA,NA,NA
python.exe,29332,0x0,Other,-1,0,0,Composed: Copy with GPU GDI,2026-8-20 19:19:08.095385500,2.2468,2.2468,0.0000,0.0727,2.7739,1.9986,0.7753,19.1717,3.1592,-16.8527,5573.1746,NA,NA,NA
python.exe,29332,0x0,Other,-1,0,0,Composed: Copy with GPU GDI,2026-8-20 19:19:08.097632300,8.3865,8.3865,0.0000,0.6062,7.9739,0.3547,7.6192,NA,NA,NA,NA,NA,NA,NA
python.exe,29332,0x0,Other,0,0,1,Hardware: Legacy Flip,2026-8-20 19:19:08.106018800,10.4560,10.4560,0.0000,0.1984,10.3978,0.2560,10.1418,11.6976,8.9114,7.4741,5583.8079,NA,NA,NA
python.exe,29332,0x0,Other,-1,0,0,Composed: Copy with GPU GDI,2026-8-20 19:19:08.116474800,0.4453,0.4453,0.0000,0.1402,1.6705,1.6705,0.0000,NA,NA,NA,NA,NA,NA,NA
python.exe,29332,0x0,Other,-1,0,0,Composed: Copy with GPU GDI,2026-8-20 19:19:08.116920100,0.5868,0.5868,0.0000,1.3698,0.0094,0.0094,0.0000,9.7077,6.7248,1.9899,5594.7092,NA,NA,NA
python.exe,29332,0x0,Other,-1,0,0,Composed: Copy with GPU GDI,2026-8-20 19:19:08.117506900,12.8662,12.8662,0.0000,0.7914,12.2522,0.3902,11.8620,NA,NA,NA,NA,NA,NA,NA
python.exe,29332,0x0,Other,-1,0,0,Composed: Copy with GPU GDI,2026-8-20 19:19:08.130373100,1.2060,1.2060,0.0000,0.1824,1.5202,0.6973,0.8229,NA,NA,NA,NA,NA,NA,NA
python.exe,29332,0x0,Other,0,0,1,Hardware: Legacy Flip,2026-8-20 19:19:08.131579100,0.5960,0.5960,0.0000,0.5341,0.1299,0.1276,0.0023,1.7735,17.5338,7.9342,5609.3682,NA,NA,NA
python.exe,29332,0x0,Other,-1,0,0,Composed: Copy with GPU GDI,2026-8-20 19:19:08.132175100,7.9473,7.9473,0.0000,0.0680,8.5567,1.8229,6.7338,18.7113,1.0240,-16.9378,5609.9642,NA,NA,NA
python.exe,29332,0x0,Other,0,0,1,Hardware: Legacy Flip,2026-8-20 19:19:08.140122400,10.5753,10.5753,0.0000,0.6828,10.0014,0.1670,9.8344,11.7880,10.3842,6.9233,5617.9115,NA,NA,NA
python.exe,29332,0x0,Other,-1,0,0,Composed: Copy with GPU GDI,2026-8-20 19:19:08.150697700,0.9088,0.9088,0.0000,0.1089,1.6871,1.6871,0.0000,NA,NA,NA,NA,NA,NA,NA
python.exe,29332,0x0,Other,0,0,1,Hardware: Legacy Flip,2026-8-20 19:19:08.151606500,9.3049,9.3049,0.0000,0.8938,8.5348,0.1800,8.3548,10.6881,12.9410,1.0999,5629.3956,NA,NA,NA
python.exe,29332,0x0,Other,-1,0,0,Composed: Copy with GPU GDI,2026-8-20 19:19:08.160911400,0.4767,0.4767,0.0000,0.1237,1.3356,1.3356,0.0000,14.3242,5.9847,-3.6361,5638.7005,NA,NA,NA
python.exe,29332,0x0,Other,-1,0,0,Composed: Copy with GPU GDI,2026-8-20 19:19:08.161388100,3.3323,3.3323,0.0000,0.9850,2.5590,0.3539,2.2051,19.8322,4.6676,-5.5080,5639.1772,NA,NA,NA
python.exe,29332,0x0,Other,-1,0,0,Composed: Copy with GPU GDI,2026-8-20 19:19:08.164720400,7.8266,7.8266,0.0000,0.2151,7.9767,0.5060,7.4707,NA,NA,NA,NA,NA,NA,NA
python.exe,29332,0x0,Other,-1,0,0,Composed: Copy with GPU GDI,2026-8-20 19:19:08.172547000,10.9475,10.9475,0.0000,0.3693,10.6940,0.5155,10.1785,NA,NA,NA,NA,NA,NA,NA
python.exe,29332,0x0,Other,0,0,1,Hardware: Legacy Flip,2026-8-20 19:19:08.183494500,1.3076,1.3076,0.0000,0.1192,1.3717,0.2714,1.1003,2.3934,7.4788,17.4388,5661.2836,NA,NA,NA
python.exe,29332,0x0,Other,-1,0,0,Composed: Copy with GPU GDI,2026-8-20 19:19:08.184802100,0.5405,0.5405,0.0000,0.1833,1.5120,1.5120,0.0000,8.5646,4.0115,-6.1712,5662.5912,NA,NA,NA
python.exe,29332,0x0,Other,-1,0,0,Composed: Copy with GPU GDI,2026-8-20 19:19:08.185342600,9.7034,9.7034,0.0000,1.1583,9.1463,0.7583,8.3880,NA,NA,NA,NA,NA,NA,NA
python.exe,29332,0x0,Other,-1,0,0,Composed: Copy with GPU GDI,2026-8-20 19:19:08.195046000,0.8653,0.8653,0.0000,1.1382,0.0963,0.0963,0.0000,NA,NA,NA,NA,NA,NA,NA
python.exe,29332,0x0,Other,0,0,1,Hardware: Legacy Flip,2026-8-20 19:19:08.195911300,0.2438,0.2438,0.0000,0.0000,0.5302,0.3893,0.1409,1.4669,20.2542,7.0977,5673.7004,NA,NA,NA
python.exe,29332,0x0,Other,-1,0,0,Composed: Copy with GPU GDI,2026-8-20 19:19:08.196155100,8.8618,8.8618,0.0000,0.1254,9.0951,1.5354,7.5597,21.4773,2.2565,-20.0104,5673.9442,NA,NA,NA
python.exe,29332,0x0,Other,-1,0,0,Composed: Copy with GPU GDI,2026-8-20 19:19:08.205016900,2.1104,2.1104,0.0000,0.3618,2.2851,0.6963,1.5888,NA,NA,NA,NA,NA,NA,NA
python.exe,29332,0x0,Other,-1,0,0,Composed: Copy with GPU GDI,2026-8-20 19:19:08.207127300,10.5433,10.5433,0.0000,0.5408,10.6471,0.8132,9.8339,NA,NA,NA,NA,NA,NA,NA
python.exe,29332,0x0,Other,0,0,1,Hardware: Legacy Flip,2026-8-20 19:19:08.217670600,0.6988,0.6988,0.0000,0.6446,0.1736,0.1736,0.0000,2.2183,9.8728,19.2590,5695.4597,NA,NA,NA
python.exe,29332,0x0,Other,-1,0,0,Composed: Copy with GPU GDI,2026-8-20 19:19:08.218369400,0.8054,0.8054,0.0000,0.1194,1.9909,1.9909,0.0000,11.3923,0.3424,-9.1740,5696.1585,NA,NA,NA
python.exe,29332,0x0,Other,0,0,1,Hardware: Legacy Flip,2026-8-20 19:19:08.219174800,9.3644,9.3644,0.0000,1.3117,8.0814,0.1026,7.9788,10.9293,11.8334,0.4630,5696.9639,NA,NA,NA
python.exe,29332,0x0,Other,-1,0,0,Composed: Copy with GPU GDI,2026-8-20 19:19:08.228539200,0.9356,0.9356,0.0000,0.0287,1.8936,1.8936,0.0000,NA,NA,NA,NA,NA,NA,NA
python.exe,29332,0x0,Other,-1,0,0,Composed: Copy with GPU GDI,2026-8-20 19:19:08.229474800,1.4593,1.4593,0.0000,0.9899,0.6195,0.3189,0.3006,12.4627,10.3263,-1.5334,5707.2639,NA,NA,NA
python.exe,29332,0x0,Other,-1,0,0,Composed: Copy with GPU GDI,2026-8-20 19:19:08.230934100,7.6561,7.6561,0.0000,0.1548,7.6359,0.3205,7.3154,NA,NA,NA,NA,NA,NA,NA
python.exe,29332,0x0,Other,-1,0,0,Composed: Copy with GPU GDI,2026-8-20 19:19:08.238590200,11.6502,11.6502,0.0000,0.1375,11.8604,0.5210,11.3394,NA,NA,NA,NA,NA,NA,NA
python.exe,29332,0x0,Other,0,0,1,Hardware: Legacy Flip,2026-8-20 19:19:08.250240400,0.7041,0.7041,0.0000,0.3515,0.4332,0.1534,0.2798,2.0234,7.8257,10.4393,5728.0295,NA,NA,NA
python.exe,29332,0x0,Other,-1,0,0,Composed: Copy with GPU GDI,2026-8-20 19:19:08.250944500,0.4665,0.4665,0.0000,0.0806,1.6443,1.6443,0.0000,9.1450,1.9252,-7.1216,5728.7336,NA,NA,NA
python.exe,29332,0x0,Other,-1,0,0,Composed: Copy with GPU GDI,2026-8-20 19:19:08.251411000,8.4560,8.4560,0.0000,1.2641,7.6409,0.6234,7.0175,NA,NA,NA,NA,NA,NA,NA
python.exe,29332,0x0,Other,0,0,1,Hardware: Legacy Flip,2026-8-20 19:19:08.259867000,0.7989,0.7989,0.0000,0.4699,0.3974,0.1708,0.2266,2.1477,10.2015,6.9973,5737.6561,NA,NA,NA
python.exe,29332,0x0,Other,-1,0,0,Composed: Copy with GPU GDI,2026-8-20 19:19:08.260665900,0.5444,0.5444,0.0000,0.0684,1.8953,1.8953,0.0000,11.5503,12.1592,-9.4026,5738.4550,NA,NA,NA
python.exe,29332,0x0,Other,-1,0,0,Composed: Copy with GPU GDI,2026-8-20 19:19:08.261210300,11.8210,11.8210,0.0000,1.4224,11.0908,0.8350,10.2558,NA,NA,NA,NA,NA,NA,NA
python.exe,29332,0x0,Other,-1,0,0,Composed: Copy with GPU GDI,2026-8-20 19:19:08.273031300,0.6245,0.6245,0.0000,0.6992,0.3171,0.3171,0.0000,11.3441,0.3211,0.2062,5750.8204,NA,NA,NA
python.exe,29332,0x0,Other,0,0,1,Hardware: Legacy Flip,2026-8-20 19:19:08.273655800,9.6314,9.6314,0.0000,0.3894,9.3056,0.1194,9.1862,11.0407,11.7943,0.3034,5751.4449,NA,NA,NA
python.exe,29332,0x0,Other,-1,0,0,Composed: Copy with GPU GDI,2026-8-20 19:19:08.283287200,0.6507,0.6507,0.0000,0.0636,1.8873,1.8873,0.0000,NA,NA,NA,NA,NA,NA,NA
python.exe,29332,0x0,Other,-1,0,0,Composed: Copy with GPU GDI,2026-8-20 19:19:08.283937900,2.7399,2.7399,0.0000,1.3052,1.5742,0.2855,1.2887,12.5529,0.3297,-1.5122,5761.7270,NA,NA,NA
python.exe,29332,0x0,Other,-1,0,0,Composed: Copy with GPU GDI,2026-8-20 19:19:08.286677800,8.2473,8.2473,0.0000,0.1439,8.8338,0.8851,7.9487,NA,NA,NA,NA,NA,NA,NA
python.exe,29332,0x0,Other,0,0,1,Hardware: Legacy Flip,2026-8-20 19:19:08.294925100,0.7243,0.7243,0.0000,0.7304,0.0307,0.0307,0.0000,1.8954,17.8939,10.6575,5772.7142,NA,NA,NA
python.exe,29332,0x0,Other,-1,0,0,Composed: Copy with GPU GDI,2026-8-20 19:19:08.295649400,1.8716,1.8716,0.0000,0.0368,2.2175,1.5904,0.6271,19.0650,5.0627,-17.1696,5773.4385,NA,NA,NA
python.exe,29332,0x0,Other,-1,0,0,Composed: Copy with GPU GDI,2026-8-20 19:19:08.297521000,8.1032,8.1032,0.0000,0.3882,8.4349,0.8997,7.5352,NA,NA,NA,NA,NA,NA,NA
python.exe,29332,0x0,Other,-1,0,0,Composed: Copy with GPU GDI,2026-8-20 19:19:08.305624200,11.7001,11.7001,0.0000,0.7238,11.6583,0.8253,10.8330,NA,NA,NA,NA,NA,NA,NA
python.exe,29332,0x0,Other,-1,0,0,Composed: Copy with GPU GDI,2026-8-20 19:19:08.317324300,0.9969,0.9969,0.0000,1.3034,0.0214,0.0214,0.0000,NA,NA,NA,NA,NA,NA,NA
python.exe,29332,0x0,Other,0,0,1,Hardware: Legacy Flip,2026-8-20 19:19:08.318321200,0.2257,0.2257,0.0000,0.0000,0.6156,0.5366,0.0790,1.4559,10.7930,17.6091,5796.1103,NA,NA,NA
python.exe,29332,0x0,Other,-1,0,0,Composed: Copy with GPU GDI,2026-8-20 19:19:08.318546900,8.9171,8.9171,0.0000,0.1022,9.4566,1.8298,7.6268,NA,NA,NA,NA,NA,NA,NA
python.exe,29332,0x0,Other,-1,0,0,Composed: Copy with GPU GDI,2026-8-20 19:19:08.327464000,1.3346,1.3346,0.0000,0.6474,0.7857,0.2583,0.5274,NA,NA,NA,NA,NA,NA,NA
python.exe,29332,0x0,Other,0,0,1,Hardware: Legacy Flip,2026-8-20 19:19:08.328798600,0.1250,0.1250,0.0000,0.0985,0.0473,0.0473,0.0000,1.7715,20.5244,-0.3156,5806.5877,NA,NA,NA
python.exe,29332,0x0,Other,-1,0,0,Composed: Copy with GPU GDI,2026-8-20 19:19:08.328923600,10.0019,10.0019,0.0000,0.0208,10.6667,2.3921,8.2746,NA,NA,NA,NA,NA,NA,NA
python.exe,29332,0x0,Other,-1,0,0,Composed: Copy with GPU GDI,2026-8-20 19:19:08.338925500,2.5089,2.5089,0.0000,0.6944,2.0113,0.3353,1.6760,12.1690,2.0152,-10.3975,5816.7146,NA,NA,NA
python.exe,29332,0x0,Other,-1,0,0,Composed: Copy with GPU GDI,2026-8-20 19:19:08.341434400,10.0561,10.0561,0.0000,0.2013,10.3768,0.7703,9.6065,NA,NA,NA,NA,NA,NA,NA
python.exe,29332,0x0,Other,0,0,1,Hardware: Legacy Flip,2026-8-20 19:19:08.351490500,0.4417,0.4417,0.0000,0.5220,0.0442,0.0442,0.0000,1.6192,9.5285,10.5498,5829.2796,NA,NA,NA
python.exe,29332,0x0,Other,-1,0,0,Composed: Copy with GPU GDI,2026-8-20 19:19:08.351932200,0.5465,0.5465,0.0000,0.1245,1.2762,1.2762,0.0000,NA,NA,NA,NA,NA,NA,NA
python.exe,29332,0x0,Other,-1,0,0,Composed: Copy with GPU GDI,2026-8-20 19:19:08.352478700,7.7187,7.7187,0.0000,0.8737,7.2467,0.6852,6.5615,NA,NA,NA,NA,NA,NA,NA
python.exe,29332,0x0,Other,0,0,1,Hardware: Legacy Flip,2026-8-20 19:19:08.360197400,1.2050,1.2050,0.0000,0.4065,0.8217,0.0889,0.7328,2.4408,18.8125,-0.8216,5837.9865,NA,NA,NA
python.exe,29332,0x0,Other,-1,0,0,Composed: Copy with GPU GDI,2026-8-20 19:19:08.361402400,10.3570,10.3570,0.0000,0.0232,10.6318,1.6600,8.9718,NA,NA,NA,NA,NA,NA,NA
python.exe,29332,0x0,Other,-1,0,0,Composed: Copy with GPU GDI,2026-8-20 19:19:08.371759400,0.7744,0.7744,0.0000,0.3033,0.6763,0.3440,0.3323,9.6913,4.4801,-7.2505,5849.5485,NA,NA,NA
python.exe,29332,0x0,Other,-1,0,0,Composed: Copy with GPU GDI,2026-8-20 19:19:08.372533800,11.3311,11.3311,0.0000,0.2094,11.4025,0.4689,10.9336,NA,NA,NA,NA,NA,NA,NA
python.exe,29332,0x0,Other,0,0,1,Hardware: Legacy Flip,2026-8-20 19:19:08.383864900,0.3953,0.3953,0.0000,0.2871,0.1669,0.1093,0.0576,2.0659,7.6280,7.6254,5861.6540,NA,NA,NA
python.exe,29332,0x0,Other,-1,0,0,Composed: Copy with GPU GDI,2026-8-20 19:19:08.384260200,0.4055,0.4055,0.0000,0.0587,0.4757,0.4757,0.0000,9.2986,1.7734,-7.2327,5862.0493,NA,NA,NA
python.exe,29332,0x0,Other,-1,0,0,Composed: Copy with GPU GDI,2026-8-20 19:19:08.384665700,8.6299,8.6299,0.0000,0.1289,8.9653,1.7112,7.2541,NA,NA,NA,NA,NA,NA,NA
python.exe,29332,0x0,Other,0,0,1,Hardware: Legacy Flip,2026-8-20 19:19:08.393295600,0.7052,0.7052,0.0000,0.4690,0.2639,0.0885,0.1754,2.0366,10.3461,7.2620,5871.0847,NA,NA,NA
python.exe,29332,0x0,Other,-1,0,0,Composed: Copy with GPU GDI,2026-8-20 19:19:08.394000800,0.4494,0.4494,0.0000,0.0277,1.4080,1.4080,0.0000,11.6775,12.1593,-9.6409,5871.7899,NA,NA,NA
python.exe,29332,0x0,Other,-1,0,0,Composed: Copy with GPU GDI,2026-8-20 19:19:08.394450200,10.9578,10.9578,0.0000,0.9893,10.0961,0.3662,9.7299,23.3874,0.2364,-11.7099,5872.2393,NA,NA,NA
python.exe,29332,0x0,Other,-1,0,0,Composed: Copy with GPU GDI,2026-8-20 19:19:08.405408000,0.5985,0.5985,0.0000,0.1307,0.6662,0.3338,0.3324,NA,NA,NA,NA,NA,NA,NA
python.exe,29332,0x0,Other,-1,0,0,Composed: Copy with GPU GDI,2026-8-20 19:19:08.406006500,10.2751,10.2751,0.0000,10.6897,0.2411,0.2411,0.0000,NA,NA,NA,NA,NA,NA,NA
python.exe,29332,0x0,Other,0,0,1,Hardware: Legacy Flip,2026-8-20 19:19:08.416281600,0.3427,0.3427,0.0000,0.0000,10.4863,0.5843,9.9020,1.7924,12.2290,21.5950,5894.0707,NA,NA,NA
python.exe,29332,0x0,Other,-1,0,0,Composed: Copy with GPU GDI,2026-8-20 19:19:08.416624300,2.3383,2.3383,0.0000,0.3130,2.9298,2.1294,0.8004,NA,NA,NA,NA,NA,NA,NA
python.exe,29332,0x0,Other,-1,0,0,Composed: Copy with GPU GDI,2026-8-20 19:19:08.418962600,9.0187,9.0187,0.0000,0.9085,8.3117,0.4642,7.8475,NA,NA,NA,NA,NA,NA,NA
python.exe,29332,0x0,Other,0,0,1,Hardware: Legacy Flip,2026-8-20 19:19:08.427981300,1.0065,1.0065,0.0000,0.2046,0.8214,0.0811,0.7403,2.3217,17.8963,-0.5293,5905.7704,NA,NA,NA
python.exe,29332,0x0,Other,-1,0,0,Composed: Copy with GPU GDI,2026-8-20 19:19:08.428987800,2.3888,2.3888,0.0000,0.0195,2.7873,1.7234,1.0639,19.2115,4.9254,-16.8898,5906.7769,NA,NA,NA
python.exe,29332,0x0,Other,-1,0,0,Composed: Copy with GPU GDI,2026-8-20 19:19:08.431376600,8.3164,8.3164,0.0000,0.4230,8.1994,0.4872,7.7122,NA,NA,NA,NA,NA,NA,NA
python.exe,29332,0x0,Other,-1,0,0,Composed: Copy with GPU GDI,2026-8-20 19:19:08.439693000,10.6955,10.6955,0.0000,0.3092,10.5555,0.5941,9.9614,NA,NA,NA,NA,NA,NA,NA
python.exe,29332,0x0,Other,-1,0,0,Composed: Copy with GPU GDI,2026-8-20 19:19:08.450388500,1.1309,1.1309,0.0000,1.4477,0.1687,0.1687,0.0000,NA,NA,NA,NA,NA,NA,NA
python.exe,29332,0x0,Other,0,0,1,Hardware: Legacy Flip,2026-8-20 19:19:08.451519400,0.2627,0.2627,0.0000,0.0000,1.2747,0.4291,0.8456,1.6053,9.8707,17.6062,5929.3085,NA,NA,NA
python.exe,29332,0x0,Other,-1,0,0,Composed: Copy with GPU GDI,2026-8-20 19:19:08.451782100,8.9444,8.9444,0.0000,0.2228,9.3621,1.8519,7.5102,NA,NA,NA,NA,NA,NA,NA
python.exe,29332,0x0,Other,0,0,1,Hardware: Legacy Flip,2026-8-20 19:19:08.460726500,1.0123,1.0123,0.0000,0.6452,0.3926,0.0913,0.3013,2.2689,9.4183,-0.6636,5938.5156,NA,NA,NA
python.exe,29332,0x0,Other,-1,0,0,Composed: Copy with GPU GDI,2026-8-20 19:19:08.461738800,0.4033,0.4033,0.0000,0.0255,1.8048,1.8048,0.0000,10.6749,12.1343,-8.4060,5939.5279,NA,NA,NA
python.exe,29332,0x0,Other,-1,0,0,Composed: Copy with GPU GDI,2026-8-20 19:19:08.462142100,12.9693,12.9693,0.0000,1.4314,11.7116,0.3907,11.3209,NA,NA,NA,NA,NA,NA,NA
python.exe,29332,0x0,Other,-1,0,0,Composed: Copy with GPU GDI,2026-8-20 19:19:08.475111400,0.7069,0.7069,0.0000,0.1774,0.6368,0.2062,0.4306,9.4366,1.1886,1.2383,5952.9005,NA,NA,NA
python.exe,29332,0x0,Other,0,0,1,Hardware: Legacy Flip,2026-8-20 19:19:08.475818300,8.2561,8.2561,0.0000,0.1098,8.2063,0.1205,8.0858,9.9183,11.0398,-0.4817,5953.6074,NA,NA,NA
python.exe,29332,0x0,Other,-1,0,0,Composed: Copy with GPU GDI,2026-8-20 19:19:08.484074400,0.3892,0.3892,0.0000,0.0600,0.6248,0.6248,0.0000,12.7020,1.0720,-2.7837,5961.8635,NA,NA,NA
python.exe,29332,0x0,Other,0,0,1,Hardware: Legacy Flip,2026-8-20 19:19:08.484463600,12.1823,12.1823,0.0000,0.2956,11.9071,0.9428,10.9643,13.3848,10.9959,-0.6828,5962.2527,NA,NA,NA
python.exe,29332,0x0,Other,-1,0,0,Composed: Copy with GPU GDI,2026-8-20 19:19:08.496645900,0.4024,0.4024,0.0000,0.0204,1.6552,1.6552,0.0000,12.1984,8.6018,1.1864,5974.4350,NA,NA,NA
python.exe,29332,0x0,Other,-1,0,0,Composed: Copy with GPU GDI,2026-8-20 19:19:08.497048300,10.6652,10.6652,0.0000,1.2785,9.7974,0.5671,9.2303,NA,NA,NA,NA,NA,NA,NA
python.exe,29332,0x0,Other,0,0,1,Hardware: Legacy Flip,2026-8-20 19:19:08.507713500,8.1843,8.1843,0.0000,0.4167,7.8416,0.1570,7.6846,9.7326,9.5635,2.4658,5985.5026,NA,NA,NA
python.exe,29332,0x0,Other,-1,0,0,Composed: Copy with GPU GDI,2026-8-20 19:19:08.515897800,0.2953,0.2953,0.0000,0.0740,1.5093,1.5093,0.0000,NA,NA,NA,NA,NA,NA,NA
python.exe,29332,0x0,Other,-1,0,0,Composed: Copy with GPU GDI,2026-8-20 19:19:08.516193100,0.5307,0.5307,0.0000,1.2922,0.0072,0.0072,0.0000,10.8165,2.3337,-1.0839,5993.9822,NA,NA,NA
python.exe,29332,0x0,Other,-1,0,0,Composed: Copy with GPU GDI,2026-8-20 19:19:08.516723800,10.2813,10.2813,0.0000,0.7681,10.0837,0.7381,9.3456,NA,NA,NA,NA,NA,NA,NA
python.exe,29332,0x0,Other,-1,0,0,Composed: Copy with GPU GDI,2026-8-20 19:19:08.527005100,0.9186,0.9186,0.0000,1.0942,0.0862,0.0862,0.0000,NA,NA,NA,NA,NA,NA,NA
python.exe,29332,0x0,Other,0,0,1,Hardware: Legacy Flip,2026-8-20 19:19:08.527923700,0.1476,0.1476,0.0000,0.0000,0.5193,0.3182,0.2011,1.4196,21.9645,9.3969,6005.7128,NA,NA,NA
python.exe,29332,0x0,Other,-1,0,0,Composed: Copy with GPU GDI,2026-8-20 19:19:08.528071300,10.9104,10.9104,0.0000,0.1142,11.4396,1.8485,9.5911,NA,NA,NA,NA,NA,NA,NA
python.exe,29332,0x0,Other,-1,0,0,Composed: Copy with GPU GDI,2026-8-20 19:19:08.538981700,2.0529,2.0529,0.0000,0.6479,1.5564,0.3824,1.1740,12.3261,69.1734,-10.9065,6016.7708,NA,NA,NA
python.exe,29332,0x0,Other,-1,0,0,Composed: Copy with GPU GDI,2026-8-20 19:19:08.541034600,77.3345,77.3345,0.0000,0.1891,77.4738,0.4550,77.0188,NA,NA,NA,NA,NA,NA,NA
python.exe,29332,0x0,Other,0,0,1,Hardware: Legacy Flip,2026-8-20 19:19:08.618369100,0.8781,0.8781,0.0000,0.3326,0.6788,0.2830,0.3958,2.1121,6.6139,10.2140,6096.1582,NA,NA,NA
python.exe,29332,0x0,Other,-1,0,0,Composed: Copy with GPU GDI,2026-8-20 19:19:08.619247200,1.1868,1.1868,0.0000,0.1333,1.2995,1.2995,0.0000,NA,NA,NA,NA,NA,NA,NA
python.exe,29332,0x0,Other,0,0,1,Hardware: Legacy Flip,2026-8-20 19:19:08.620434000,5.1524,5.1524,0.0000,0.2486,4.9581,0.1020,4.8561,6.6611,15.3041,-4.5490,6098.2231,NA,NA,NA
python.exe,29332,0x0,Other,-1,0,0,Composed: Copy with GPU GDI,2026-8-20 19:19:08.625586400,0.8466,0.8466,0.0000,0.0543,1.6127,1.6127,0.0000,16.8128,1.1330,-10.1517,6103.3755,NA,NA,NA
python.exe,29332,0x0,Other,-1,0,0,Composed: Copy with GPU GDI,2026-8-20 19:19:08.626433000,5.0805,5.0805,0.0000,0.8247,4.7356,0.7119,4.0237,NA,NA,NA,NA,NA,NA,NA
python.exe,29332,0x0,Other,-1,0,0,Composed: Copy with GPU GDI,2026-8-20 19:19:08.631513500,6.5919,6.5919,0.0000,0.4837,6.2337,0.3526,5.8811,NA,NA,NA,NA,NA,NA,NA
python.exe,29332,0x0,Other,0,0,1,Hardware: Legacy Flip,2026-8-20 19:19:08.638105400,4.1950,4.1950,0.0000,0.1316,4.3231,0.3909,3.9322,5.4268,17.1042,11.3860,6115.8945,NA,NA,NA
python.exe,29332,0x0,Other,-1,0,0,Composed: Copy with GPU GDI,2026-8-20 19:19:08.642300400,0.6835,0.6835,0.0000,0.2597,1.8117,1.8117,0.0000,18.3360,3.1896,-12.9092,6120.0895,NA,NA,NA
python.exe,29332,0x0,Other,-1,0,0,Composed: Copy with GPU GDI,2026-8-20 19:19:08.642983900,8.1286,8.1286,0.0000,1.3914,7.2085,0.7136,6.4949,NA,NA,NA,NA,NA,NA,NA
python.exe,29332,0x0,Other,-1,0,0,Composed: Copy with GPU GDI,2026-8-20 19:19:08.651112500,10.6035,10.6035,0.0000,0.4759,10.6285,0.6127,10.0158,NA,NA,NA,NA,NA,NA,NA
python.exe,29332,0x0,Other,0,0,1,Hardware: Legacy Flip,2026-8-20 19:19:08.661716000,0.8639,0.8639,0.0000,0.5145,0.4972,0.2898,0.2074,2.1100,8.8681,16.2260,6139.5051,NA,NA,NA
python.exe,29332,0x0,Other,-1,0,0,Composed: Copy with GPU GDI,2026-8-20 19:19:08.662579900,0.7961,0.7961,0.0000,0.1478,1.2943,1.2943,0.0000,10.1142,11.3905,-8.0042,6140.3690,NA,NA,NA
python.exe,29332,0x0,Other,-1,0,0,Composed: Copy with GPU GDI,2026-8-20 19:19:08.663376000,7.6770,7.6770,0.0000,0.6499,7.2879,0.3942,6.8937,NA,NA,NA,NA,NA,NA,NA
python.exe,29332,0x0,Other,-1,0,0,Composed: Copy with GPU GDI,2026-8-20 19:19:08.671053000,3.1427,3.1427,0.0000,0.2646,2.9612,0.2351,2.7261,NA,NA,NA,NA,NA,NA,NA
python.exe,29332,0x0,Other,-1,0,0,Composed: Copy with GPU GDI,2026-8-20 19:19:08.674195700,8.3437,8.3437,0.0000,8.7397,0.0051,0.0051,0.0000,NA,NA,NA,NA,NA,NA,NA
python.exe,29332,0x0,Other,0,0,1,Hardware: Legacy Flip,2026-8-20 19:19:08.682539400,0.2985,0.2985,0.0000,0.0000,8.6516,0.6755,7.9761,1.5452,10.7596,8.5690,6160.3285,NA,NA,NA
python.exe,29332,0x0,Other,-1,0,0,Composed: Copy with GPU GDI,2026-8-20 19:19:08.682837900,3.5622,3.5622,0.0000,0.1026,3.6150,1.4085,2.2065,NA,NA,NA,NA,NA,NA,NA
python.exe,29332,0x0,Other,0,0,1,Hardware: Legacy Flip,2026-8-20 19:19:08.686400100,7.1872,7.1872,0.0000,0.1589,7.0799,0.1628,6.9171,8.4441,14.1796,-6.8989,6164.1892,NA,NA,NA
python.exe,29332,0x0,Other,-1,0,0,Composed: Copy with GPU GDI,2026-8-20 19:19:08.693587300,1.4738,1.4738,0.0000,0.0516,1.7238,1.7238,0.0000,15.4365,1.3525,-6.9924,6171.3764,NA,NA,NA
python.exe,29332,0x0,Other,-1,0,0,Composed: Copy with GPU GDI,2026-8-20 19:19:08.695061100,3.1780,3.1780,0.0000,0.3050,3.1641,0.4493,2.7148,NA,NA,NA,NA,NA,NA,NA
python.exe,29332,0x0,Other,-1,0,0,Composed: Copy with GPU GDI,2026-8-20 19:19:08.698239100,6.6082,6.6082,0.0000,0.2962,6.5456,0.4474,6.0982,NA,NA,NA,NA,NA,NA,NA
python.exe,29332,0x0,Other,0,0,1,Hardware: Legacy Flip,2026-8-20 19:19:08.704847300,4.4709,4.4709,0.0000,0.2377,4.3466,0.2589,4.0877,5.5290,16.8983,9.9075,6182.6364,NA,NA,NA
python.exe,29332,0x0,Other,-1,0,0,Composed: Copy with GPU GDI,2026-8-20 19:19:08.709318200,5.5917,5.5917,0.0000,0.1134,5.9156,1.4321,4.4835,17.9564,2.4833,-12.4274,6187.1073,NA,NA,NA
python.exe,29332,0x0,Other,-1,0,0,Composed: Copy with GPU GDI,2026-8-20 19:19:08.714909900,1.5750,1.5750,0.0000,0.4723,1.3106,0.3146,0.9960,NA,NA,NA,NA,NA,NA,NA
python.exe,29332,0x0,Other,-1,0,0,Composed: Copy with GPU GDI,2026-8-20 19:19:08.716484900,10.6514,10.6514,0.0000,0.2125,11.1947,1.0937,10.1010,NA,NA,NA,NA,NA,NA,NA
python.exe,29332,0x0,Other,0,0,1,Hardware: Legacy Flip,2026-8-20 19:19:08.727136300,1.4343,1.4343,0.0000,0.7614,0.8023,0.2278,0.5745,2.6216,9.6888,15.3348,6204.9254,NA,NA,NA
python.exe,29332,0x0,Other,-1,0,0,Composed: Copy with GPU GDI,2026-8-20 19:19:08.728570600,0.5643,0.5643,0.0000,0.1294,1.1893,1.1893,0.0000,10.8761,3.9007,-8.2545,6206.3597,NA,NA,NA
python.exe,29332,0x0,Other,-1,0,0,Composed: Copy with GPU GDI,2026-8-20 19:19:08.729134900,8.5913,8.5913,0.0000,0.7581,8.1901,0.4836,7.7065,NA,NA,NA,NA,NA,NA,NA
python.exe,29332,0x0,Other,-1,0,0,Composed: Copy with GPU GDI,2026-8-20 19:19:08.737726200,3.1797,3.1797,0.0000,0.3611,3.5469,0.8908,2.6561,NA,NA,NA,NA,NA,NA,NA
python.exe,29332,0x0,Other,0,0,1,Hardware: Legacy Flip,2026-8-20 19:19:08.740905900,1.3117,1.3117,0.0000,0.7339,0.6461,0.1245,0.5216,2.4415,20.2712,8.4346,6218.6950,NA,NA,NA
python.exe,29332,0x0,Other,-1,0,0,Composed: Copy with GPU GDI,2026-8-20 19:19:08.742217600,7.6932,7.6932,0.0000,0.0683,8.0256,1.5162,6.5094,21.4010,0.7621,-18.9595,6220.0067,NA,NA,NA
python.exe,29332,0x0,Other,-1,0,0,Composed: Copy with GPU GDI,2026-8-20 19:19:08.749910800,3.1604,3.1604,0.0000,0.4055,2.8891,0.3254,2.5637,NA,NA,NA,NA,NA,NA,NA
python.exe,29332,0x0,Other,-1,0,0,Composed: Copy with GPU GDI,2026-8-20 19:19:08.753071200,9.1841,9.1841,0.0000,0.1371,9.3052,0.4095,8.8957,NA,NA,NA,NA,NA,NA,NA
python.exe,29332,0x0,Other,0,0,1,Hardware: Legacy Flip,2026-8-20 19:19:08.762255300,0.9831,0.9831,0.0000,0.2670,0.7949,0.1472,0.6477,2.1254,12.4321,19.2756,6240.0444,NA,NA,NA
python.exe,29332,0x0,Other,-1,0,0,Composed: Copy with GPU GDI,2026-8-20 19:19:08.763238400,7.0612,7.0612,0.0000,0.0788,7.2330,1.3522,5.8808,NA,NA,NA,NA,NA,NA,NA
python.exe,29332,0x0,Other,-1,0,0,Composed: Copy with GPU GDI,2026-8-20 19:19:08.770299600,1.6927,1.6927,0.0000,0.2557,1.8797,0.5843,1.2954,NA,NA,NA,NA,NA,NA,NA
python.exe,29332,0x0,Other,0,0,1,Hardware: Legacy Flip,2026-8-20 19:19:08.771992300,3.5828,3.5828,0.0000,0.4478,3.1951,0.1486,3.0465,4.8205,17.1668,-2.6951,6249.7814,NA,NA,NA
python.exe,29332,0x0,Other,-1,0,0,Composed: Copy with GPU GDI,2026-8-20 19:19:08.775575100,6.9924,6.9924,0.0000,0.0601,7.1318,1.4151,5.7167,NA,NA,NA,NA,NA,NA,NA
python.exe,29332,0x0,Other,-1,0,0,Composed: Copy with GPU GDI,2026-8-20 19:19:08.782567500,1.8486,1.8486,0.0000,0.2040,2.2038,0.6573,1.5465,11.4121,4.0965,-6.5916,6260.3566,NA,NA,NA
python.exe,29332,0x0,Other,-1,0,0,Composed: Copy with GPU GDI,2026-8-20 19:19:08.784416100,10.5166,10.5166,0.0000,0.5627,10.0850,0.2447,9.8403,NA,NA,NA,NA,NA,NA,NA
python.exe,29332,0x0,Other,-1,0,0,Composed: Copy with GPU GDI,2026-8-20 19:19:08.794932700,1.4566,1.4566,0.0000,1.8225,0.1583,0.1583,0.0000,NA,NA,NA,NA,NA,NA,NA
python.exe,29332,0x0,Other,0,0,1,Hardware: Legacy Flip,2026-8-20 19:19:08.796389300,0.2849,0.2849,0.0000,0.0000,1.6832,0.4840,1.1992,1.6868,19.2920,9.7253,6274.1784,NA,NA,NA
python.exe,29332,0x0,Other,-1,0,0,Composed: Copy with GPU GDI,2026-8-20 19:19:08.796674200,9.0120,9.0120,0.0000,0.2393,8.9251,1.5034,7.4217,NA,NA,NA,NA,NA,NA,NA
python.exe,29332,0x0,Other,-1,0,0,Composed: Copy with GPU GDI,2026-8-20 19:19:08.805686200,1.7849,1.7849,0.0000,0.1574,2.0680,0.5557,1.5123,NA,NA,NA,NA,NA,NA,NA
python.exe,29332,0x0,Other,-1,0,0,Composed: Copy with GPU GDI,2026-8-20 19:19:08.807471100,8.2519,8.2519,0.0000,8.7548,0.0352,0.0352,0.0000,NA,NA,NA,NA,NA,NA,NA
python.exe,29332,0x0,Other,0,0,1,Hardware: Legacy Flip,2026-8-20 19:19:08.815723000,0.4448,0.4448,0.0000,0.0000,8.3093,0.6597,7.6496,1.6451,11.8912,0.0417,6293.5121,NA,NA,NA
python.exe,29332,0x0,Other,-1,0,0,Composed: Copy with GPU GDI,2026-8-20 19:19:08.816167800,3.7861,3.7861,0.0000,0.0933,3.8656,1.3731,2.4925,NA,NA,NA,NA,NA,NA,NA
python.exe,29332,0x0,Other,-1,0,0,Composed: Copy with GPU GDI,2026-8-20 19:19:08.819953900,7.8455,7.8455,0.0000,0.1774,7.9258,0.4153,7.5105,NA,NA,NA,NA,NA,NA,NA
python.exe,29332,0x0,Other,0,0,1,Hardware: Legacy Flip,2026-8-20 19:19:08.827799400,0.3116,0.3116,0.0000,0.2577,0.1151,0.1151,0.0000,1.4599,19.3748,0.1852,6305.5885,NA,NA,NA
python.exe,29332,0x0,Other,-1,0,0,Composed: Copy with GPU GDI,2026-8-20 19:19:08.828111000,3.2039,3.2039,0.0000,0.0612,3.6154,1.5178,2.0976,20.5231,4.1083,-19.0632,6305.9001,NA,NA,NA
python.exe,29332,0x0,Other,-1,0,0,Composed: Copy with GPU GDI,2026-8-20 19:19:08.831314900,8.3806,8.3806,0.0000,0.4759,8.0565,0.4260,7.6305,NA,NA,NA,NA,NA,NA,NA
python.exe,29332,0x0,Other,-1,0,0,Composed: Copy with GPU GDI,2026-8-20 19:19:08.839695500,11.1369,11.1369,0.0000,0.1561,11.1662,0.4394,10.7268,NA,NA,NA,NA,NA,NA,NA
python.exe,29332,0x0,Other,0,0,1,Hardware: Legacy Flip,2026-8-20 19:19:08.850832400,0.5127,0.5127,0.0000,0.2027,0.4317,0.2158,0.2159,1.9100,7.9607,18.6131,6328.6215,NA,NA,NA
python.exe,29332,0x0,Other,-1,0,0,Composed: Copy with GPU GDI,2026-8-20 19:19:08.851345100,0.5414,0.5414,0.0000,0.1217,1.8672,1.8672,0.0000,9.3580,3.4066,-7.4480,6329.1342,NA,NA,NA
python.exe,29332,0x0,Other,-1,0,0,Composed: Copy with GPU GDI,2026-8-20 19:19:08.851886500,9.4863,9.4863,0.0000,1.4520,8.3251,0.5828,7.7423,NA,NA,NA,NA,NA,NA,NA
python.exe,29332,0x0,Other,-1,0,0,Composed: Copy with GPU GDI,2026-8-20 19:19:08.861372800,1.1005,1.1005,0.0000,1.2695,0.3208,0.3208,0.0000,NA,NA,NA,NA,NA,NA,NA
python.exe,29332,0x0,Other,0,0,1,Hardware: Legacy Flip,2026-8-20 19:19:08.862473300,0.1507,0.1507,0.0000,0.0000,0.9596,0.2909,0.6687,1.6364,20.8533,7.7216,6340.2624,NA,NA,NA
python.exe,29332,0x0,Other,-1,0,0,Composed: Copy with GPU GDI,2026-8-20 19:19:08.862624000,9.6656,9.6656,0.0000,0.3391,9.5258,1.4815,8.0443,22.3390,0.7952,-20.7026,6340.4131,NA,NA,NA
python.exe,29332,0x0,Other,-1,0,0,Composed: Copy with GPU GDI,2026-8-20 19:19:08.872289600,1.6195,1.6195,0.0000,0.2136,1.8368,0.5912,1.2456,NA,NA,NA,NA,NA,NA,NA
python.exe,29332,0x0,Other,0,0,1,Hardware: Legacy Flip,2026-8-20 19:19:08.873909100,10.5652,10.5652,0.0000,0.4376,10.2010,0.1360,10.0650,11.8491,11.0709,10.4899,6351.6982,NA,NA,NA
python.exe,29332,0x0,Other,-1,0,0,Composed: Copy with GPU GDI,2026-8-20 19:19:08.884474300,1.0234,1.0234,0.0000,0.0734,1.8161,1.8161,0.0000,NA,NA,NA,NA,NA,NA,NA
python.exe,29332,0x0,Other,-1,0,0,Composed: Copy with GPU GDI,2026-8-20 19:19:08.885497700,9.1558,9.1558,0.0000,0.8703,8.5705,0.4712,8.0993,NA,NA,NA,NA,NA,NA,NA
python.exe,29332,0x0,Other,0,0,1,Hardware: Legacy Flip,2026-8-20 19:19:08.894653500,0.6699,0.6699,0.0000,0.2919,0.3964,0.0770,0.3194,2.1756,12.1725,9.6735,6372.4426,NA,NA,NA
python.exe,29332,0x0,Other,-1,0,0,Composed: Copy with GPU GDI,2026-8-20 19:19:08.895323400,2.3156,2.3156,0.0000,0.0184,2.4430,1.7195,0.7235,NA,NA,NA,NA,NA,NA,NA
python.exe,29332,0x0,Other,-1,0,0,Composed: Copy with GPU GDI,2026-8-20 19:19:08.897639000,8.5827,8.5827,0.0000,0.1504,8.7913,0.8049,7.9864,NA,NA,NA,NA,NA,NA,NA
python.exe,29332,0x0,Other,0,0,1,Hardware: Legacy Flip,2026-8-20 19:19:08.906221700,1.3968,1.3968,0.0000,0.3622,1.0883,0.1076,0.9807,2.7799,18.4228,-0.6043,6384.0108,NA,NA,NA
python.exe,29332,0x0,Other,-1,0,0,Composed: Copy with GPU GDI,2026-8-20 19:19:08.907618500,8.2648,8.2648,0.0000,0.0537,8.8743,2.0239,6.8504,NA,NA,NA,NA,NA,NA,NA
python.exe,29332,0x0,Other,-1,0,0,Composed: Copy with GPU GDI,2026-8-20 19:19:08.915883300,1.8969,1.8969,0.0000,0.6673,1.4526,0.3426,1.1100,11.5411,2.3018,-8.7612,6393.6724,NA,NA,NA
python.exe,29332,0x0,Other,-1,0,0,Composed: Copy with GPU GDI,2026-8-20 19:19:08.917780200,10.0580,10.0580,0.0000,0.2266,10.0447,0.5279,9.5168,NA,NA,NA,NA,NA,NA,NA
python.exe,29332,0x0,Other,0,0,1,Hardware: Legacy Flip,2026-8-20 19:19:08.927838200,0.4629,0.4629,0.0000,0.2390,0.3468,0.2065,0.1403,1.8880,9.8152,9.6531,6405.6273,NA,NA,NA
python.exe,29332,0x0,Other,-1,0,0,Composed: Copy with GPU GDI,2026-8-20 19:19:08.928301100,0.7249,0.7249,0.0000,0.1229,1.8316,1.8316,0.0000,11.2403,12.1299,-9.3523,6406.0902,NA,NA,NA
python.exe,29332,0x0,Other,-1,0,0,Composed: Copy with GPU GDI,2026-8-20 19:19:08.929026000,9.0807,9.0807,0.0000,1.2361,8.0984,0.4655,7.6329,22.6453,1.0675,-11.4050,6406.8151,NA,NA,NA
python.exe,29332,0x0,Other,-1,0,0,Composed: Copy with GPU GDI,2026-8-20 19:19:08.938106700,2.2684,2.2684,0.0000,0.2580,2.7162,0.8410,1.8752,NA,NA,NA,NA,NA,NA,NA
python.exe,29332,0x0,Other,-1,0,0,Composed: Copy with GPU GDI,2026-8-20 19:19:08.940375100,10.2824,10.2824,0.0000,0.7085,9.9641,0.5789,9.3852,NA,NA,NA,NA,NA,NA,NA
python.exe,29332,0x0,Other,0,0,1,Hardware: Legacy Flip,2026-8-20 19:19:08.950657500,0.4313,0.4313,0.0000,0.3902,0.1121,0.1121,0.0000,2.0813,10.9380,20.5640,6428.4466,NA,NA,NA
python.exe,29332,0x0,Other,-1,0,0,Composed: Copy with GPU GDI,2026-8-20 19:19:08.951088800,1.8567,1.8567,0.0000,0.0710,2.3686,2.3686,0.0000,NA,NA,NA,NA,NA,NA,NA
python.exe,29332,0x0,Other,-1,0,0,Composed: Copy with GPU GDI,2026-8-20 19:19:08.952945500,9.0291,9.0291,0.0000,0.5915,8.6764,0.4105,8.2659,NA,NA,NA,NA,NA,NA,NA
python.exe,29332,0x0,Other,0,0,1,Hardware: Legacy Flip,2026-8-20 19:19:08.961974600,0.2961,0.2961,0.0000,0.2423,0.0727,0.0713,0.0014,1.7022,18.3740,0.3791,6439.7637,NA,NA,NA
python.exe,29332,0x0,Other,-1,0,0,Composed: Copy with GPU GDI,2026-8-20 19:19:08.962270700,2.3624,2.3624,0.0000,0.0189,2.7166,1.8001,0.9165,19.7801,4.2486,-18.0779,6440.0598,NA,NA,NA
python.exe,29332,0x0,Other,-1,0,0,Composed: Copy with GPU GDI,2026-8-20 19:19:08.964633100,8.1083,8.1083,0.0000,0.3780,8.0053,0.5359,7.4694,NA,NA,NA,NA,NA,NA,NA
python.exe,29332,0x0,Other,-1,0,0,Composed: Copy with GPU GDI,2026-8-20 19:19:08.972741400,11.2210,11.2210,0.0000,0.2808,11.6507,1.0123,10.6384,NA,NA,NA,NA,NA,NA,NA
python.exe,29332,0x0,Other,0,0,1,Hardware: Legacy Flip,2026-8-20 19:19:08.983962400,0.7758,0.7758,0.0000,0.7150,0.1393,0.1375,0.0018,2.3370,7.8727,17.4431,6461.7515,NA,NA,NA
python.exe,29332,0x0,Other,-1,0,0,Composed: Copy with GPU GDI,2026-8-20 19:19:08.984738200,0.5649,0.5649,0.0000,0.0785,1.5474,1.5474,0.0000,9.4339,2.6639,-7.0969,6462.5273,NA,NA,NA
python.exe,29332,0x0,Other,-1,0,0,Composed: Copy with GPU GDI,2026-8-20 19:19:08.985303100,9.1698,9.1698,0.0000,1.0640,8.4196,0.4815,7.9381,NA,NA,NA,NA,NA,NA,NA
python.exe,29332,0x0,Other,0,0,1,Hardware: Legacy Flip,2026-8-20 19:19:08.994472900,1.1815,1.1815,0.0000,0.3340,0.8730,0.0996,0.7734,2.3631,9.4360,7.0708,6472.2620,NA,NA,NA
python.exe,29332,0x0,Other,-1,0,0,Composed: Copy with GPU GDI,2026-8-20 19:19:08.995654400,0.2473,0.2473,0.0000,0.0255,1.3703,1.3703,0.0000,10.6176,11.4632,-8.2545,6473.4435,NA,NA,NA
python.exe,29332,0x0,Other,-1,0,0,Composed: Copy with GPU GDI,2026-8-20 19:19:08.995901700,9.2983,9.2983,0.0000,1.1518,8.2941,0.2867,8.0074,NA,NA,NA,NA,NA,NA,NA
python.exe,29332,0x0,Other,-1,0,0,Composed: Copy with GPU GDI,2026-8-20 19:19:09.005200000,2.3447,2.3447,0.0000,0.1633,2.6133,0.5726,2.0407,NA,NA,NA,NA,NA,NA,NA
python.exe,29332,0x0,Other,0,0,1,Hardware: Legacy Flip,2026-8-20 19:19:09.007544700,8.9343,8.9343,0.0000,0.4396,8.5632,0.1311,8.4321,10.1905,10.8934,0.4271,6485.3338,NA,NA,NA
python.exe,29332,0x0,Other,-1,0,0,Composed: Copy with GPU GDI,2026-8-20 19:19:09.016479000,1.4294,1.4294,0.0000,0.0685,1.6029,1.6029,0.0000,NA,NA,NA,NA,NA,NA,NA
python.exe,29332,0x0,Other,-1,0,0,Composed: Copy with GPU GDI,2026-8-20 19:19:09.017908400,1.6240,1.6240,0.0000,0.2460,1.5734,0.3671,1.2063,NA,NA,NA,NA,NA,NA,NA
python.exe,29332,0x0,Other,0,0,1,Hardware: Legacy Flip,2026-8-20 19:19:09.019532400,7.4049,7.4049,0.0000,0.2028,7.2280,0.0770,7.1510,9.0962,14.3190,1.0943,6497.3215,NA,NA,NA
python.exe,29332,0x0,Other,-1,0,0,Composed: Copy with GPU GDI,2026-8-20 19:19:09.026937300,0.4335,0.4335,0.0000,0.0259,0.5183,0.5183,0.0000,16.0103,5.8167,-6.9141,6504.7264,NA,NA,NA
python.exe,29332,0x0,Other,-1,0,0,Composed: Copy with GPU GDI,2026-8-20 19:19:09.027370800,3.5992,3.5992,0.0000,0.1107,3.8908,1.6179,2.2729,21.3935,3.5582,-5.3832,6505.1599,NA,NA,NA
python.exe,29332,0x0,Other,-1,0,0,Composed: Copy with GPU GDI,2026-8-20 19:19:09.030970000,7.8656,7.8656,0.0000,0.4084,7.6184,0.4433,7.1751,NA,NA,NA,NA,NA,NA,NA
python.exe,29332,0x0,Other,-1,0,0,Composed: Copy with GPU GDI,2026-8-20 19:19:09.038835600,11.7187,11.7187,0.0000,12.2704,0.0765,0.0765,0.0000,NA,NA,NA,NA,NA,NA,NA
python.exe,29332,0x0,Other,0,0,1,Hardware: Legacy Flip,2026-8-20 19:19:09.050554300,0.3913,0.3913,0.0000,0.0000,12.1060,0.7922,11.3138,1.7682,8.5902,19.6253,6528.3434,NA,NA,NA
python.exe,29332,0x0,Other,-1,0,0,Composed: Copy with GPU GDI,2026-8-20 19:19:09.050945600,0.6092,0.6092,0.0000,0.2369,1.6765,1.6765,0.0000,9.9671,1.8407,-8.1989,6528.7347,NA,NA,NA
python.exe,29332,0x0,Other,-1,0,0,Composed: Copy with GPU GDI,2026-8-20 19:19:09.051554800,8.7009,8.7009,0.0000,1.3083,7.5458,0.3061,7.2397,NA,NA,NA,NA,NA,NA,NA
python.exe,29332,0x0,Other,-1,0,0,Composed: Copy with GPU GDI,2026-8-20 19:19:09.060255700,1.0524,1.0524,0.0000,1.3071,0.0562,0.0562,0.0000,NA,NA,NA,NA,NA,NA,NA
python.exe,29332,0x0,Other,0,0,1,Hardware: Legacy Flip,2026-8-20 19:19:09.061308100,0.2090,0.2090,0.0000,0.0000,1.1499,0.4133,0.7366,1.4453,22.4025,8.5218,6539.0972,NA,NA,NA
python.exe,29332,0x0,Other,-1,0,0,Composed: Copy with GPU GDI,2026-8-20 19:19:09.061517100,10.7552,10.7552,0.0000,0.1019,10.8890,1.4649,9.4241,23.6388,0.4533,-22.1935,6539.3062,NA,NA,NA
python.exe,29332,0x0,Other,-1,0,0,Composed: Copy with GPU GDI,2026-8-20 19:19:09.072272300,1.1904,1.1904,0.0000,0.2400,1.6535,0.9167,0.7368,NA,NA,NA,NA,NA,NA,NA
python.exe,29332,0x0,Other,-1,0,0,Composed: Copy with GPU GDI,2026-8-20 19:19:09.073462700,10.2623,10.2623,0.0000,0.7114,9.9603,0.5838,9.3765,NA,NA,NA,NA,NA,NA,NA
python.exe,29332,0x0,Other,0,0,1,Hardware: Legacy Flip,2026-8-20 19:19:09.083725000,0.5155,0.5155,0.0000,0.4156,0.1888,0.1855,0.0033,1.8842,9.1178,21.7546,6561.5141,NA,NA,NA
python.exe,29332,0x0,Other,-1,0,0,Composed: Copy with GPU GDI,2026-8-20 19:19:09.084240500,1.1595,1.1595,0.0000,0.0889,1.8520,1.8520,0.0000,NA,NA,NA,NA,NA,NA,NA
python.exe,29332,0x0,Other,0,0,1,Hardware: Legacy Flip,2026-8-20 19:19:09.085400000,8.0846,8.0846,0.0000,0.7850,7.3293,0.0902,7.2391,9.3270,14.7148,-7.4428,6563.1891,NA,NA,NA
python.exe,29332,0x0,Other,-1,0,0,Composed: Copy with GPU GDI,2026-8-20 19:19:09.093484600,0.7898,0.7898,0.0000,0.0297,1.7890,1.7890,0.0000,15.9572,6.0734,-6.6302,6571.2737,NA,NA,NA
python.exe,29332,0x0,Other,-1,0,0,Composed: Copy with GPU GDI,2026-8-20 19:19:09.094274400,11.3308,11.3308,0.0000,1.0334,10.7154,0.5650,10.1504,NA,NA,NA,NA,NA,NA,NA
python.exe,29332,0x0,Other,-1,0,0,Composed: Copy with GPU GDI,2026-8-20 19:19:09.105605200,0.6533,0.6533,0.0000,0.4207,0.6459,0.5399,0.1060,9.9100,3.6833,6.0472,6583.3943,NA,NA,NA
python.exe,29332,0x0,Other,-1,0,0,Composed: Copy with GPU GDI,2026-8-20 19:19:09.106258500,9.8948,9.8948,0.0000,0.4237,9.7325,0.4699,9.2626,NA,NA,NA,NA,NA,NA,NA
python.exe,29332,0x0,Other,0,0,1,Hardware: Legacy Flip,2026-8-20 19:19:09.116153300,1.5760,1.5760,0.0000,0.2658,1.4052,0.1678,1.2374,3.0452,8.4048,6.8648,6593.9424,NA,NA,NA
python.exe,29332,0x0,Other,-1,0,0,Composed: Copy with GPU GDI,2026-8-20 19:19:09.117729300,0.3613,0.3613,0.0000,0.0950,1.4198,1.4198,0.0000,9.8740,0.9622,-6.8288,6595.5184,NA,NA,NA
python.exe,29332,0x0,Other,-1,0,0,Composed: Copy with GPU GDI,2026-8-20 19:19:09.118090600,8.3261,8.3261,0.0000,1.1580,7.2950,0.2891,7.0059,NA,NA,NA,NA,NA,NA,NA
python.exe,29332,0x0,Other,0,0,1,Hardware: Legacy Flip,2026-8-20 19:19:09.126416700,0.8943,0.8943,0.0000,0.1314,0.7857,0.0716,0.7141,2.1488,17.2843,7.7252,6604.2058,NA,NA,NA
python.exe,29332,0x0,Other,-1,0,0,Composed: Copy with GPU GDI,2026-8-20 19:19:09.127311000,0.2364,0.2364,0.0000,0.0228,1.9794,1.9794,0.0000,18.5388,6.0427,-16.3900,6605.1001,NA,NA,NA
python.exe,29332,0x0,Other,-1,0,0,Composed: Copy with GPU GDI,2026-8-20 19:19:09.127547400,10.4884,10.4884,0.0000,1.7700,8.8853,0.3740,8.5113,NA,NA,NA,NA,NA,NA,NA
python.exe,29332,0x0,Other,-1,0,0,Composed: Copy with GPU GDI,2026-8-20 19:19:09.138035800,1.7293,1.7293,0.0000,0.1709,1.8101,0.3911,1.4190,13.8567,0.9185,4.6821,6615.8249,NA,NA,NA
python.exe,29332,0x0,Other,-1,0,0,Composed: Copy with GPU GDI,2026-8-20 19:19:09.139765100,11.2071,11.2071,0.0000,0.2573,11.0712,0.2962,10.7750,NA,NA,NA,NA,NA,NA,NA
python.exe,29332,0x0,Other,0,0,1,Hardware: Legacy Flip,2026-8-20 19:19:09.150972200,0.4488,0.4488,0.0000,0.1248,0.4061,0.1390,0.2671,1.8388,8.3554,12.0179,6628.7613,NA,NA,NA
python.exe,29332,0x0,Other,-1,0,0,Composed: Copy with GPU GDI,2026-8-20 19:19:09.151421000,1.8144,1.8144,0.0000,0.0821,2.0750,1.6463,0.4287,NA,NA,NA,NA,NA,NA,NA
python.exe,29332,0x0,Other,0,0,1,Hardware: Legacy Flip,2026-8-20 19:19:09.153235400,6.5903,6.5903,0.0000,0.3534,6.2583,0.0805,6.1778,7.9310,15.0184,-6.0922,6631.0245,NA,NA,NA
python.exe,29332,0x0,Other,-1,0,0,Composed: Copy with GPU GDI,2026-8-20 19:19:09.159825700,0.3524,0.3524,0.0000,0.0214,1.3861,1.3861,0.0000,16.3591,1.0086,-8.4281,6637.6148,NA,NA,NA
python.exe,29332,0x0,Other,-1,0,0,Composed: Copy with GPU GDI,2026-8-20 19:19:09.160178100,4.0197,4.0197,0.0000,1.0584,3.5641,0.8727,2.6914,NA,NA,NA,NA,NA,NA,NA
python.exe,29332,0x0,Other,-1,0,0,Composed: Copy with GPU GDI,2026-8-20 19:19:09.164197800,7.0951,7.0951,0.0000,0.6072,6.7914,0.5932,6.1982,NA,NA,NA,NA,NA,NA,NA
python.exe,29332,0x0,Other,0,0,1,Hardware: Legacy Flip,2026-8-20 19:19:09.171292900,4.6916,4.6916,0.0000,0.3087,4.5052,0.2583,4.2469,5.9005,17.2104,10.4586,6649.0820,NA,NA,NA
python.exe,29332,0x0,Other,-1,0,0,Composed: Copy with GPU GDI,2026-8-20 19:19:09.175984500,5.7176,5.7176,0.0000,0.1223,5.8142,1.3298,4.4844,18.4193,6.0244,-12.5188,6653.7736,NA,NA,NA
python.exe,29332,0x0,Other,-1,0,0,Composed: Copy with GPU GDI,2026-8-20 19:19:09.181702100,1.5433,1.5433,0.0000,0.2223,1.4191,0.2524,1.1667,18.7261,3.9859,-0.3068,6659.4912,NA,NA,NA
python.exe,29332,0x0,Other,-1,0,0,Composed: Copy with GPU GDI,2026-8-20 19:19:09.183245400,13.7377,13.7377,0.0000,0.1027,13.7970,0.2502,13.5468,NA,NA,NA,NA,NA,NA,NA
python.exe,29332,0x0,Other,0,0,1,Hardware: Legacy Flip,2026-8-20 19:19:09.196983100,6.1505,6.1505,0.0000,0.1578,6.0690,0.1670,5.9020,7.4310,11.2574,11.2951,6674.7722,NA,NA,NA
python.exe,29332,0x0,Other,-1,0,0,Composed: Copy with GPU GDI,2026-8-20 19:19:09.203133600,0.2654,0.2654,0.0000,0.0763,1.3108,1.3108,0.0000,NA,NA,NA,NA,NA,NA,NA
python.exe,29332,0x0,Other,-1,0,0,Composed: Copy with GPU GDI,2026-8-20 19:19:09.203399000,0.5907,0.5907,0.0000,1.1253,0.0081,0.0081,0.0000,NA,NA,NA,NA,NA,NA,NA
python.exe,29332,0x0,Other,-1,0,0,Composed: Copy with GPU GDI,2026-8-20 19:19:09.203989700,4.0067,4.0067,0.0000,0.5419,4.5114,1.2051,3.3063,NA,NA,NA,NA,NA,NA,NA
python.exe,29332,0x0,Other,0,0,1,Hardware: Legacy Flip,2026-8-20 19:19:09.207996400,6.4472,6.4472,0.0000,1.0515,5.4892,0.1546,5.3346,7.6751,14.6199,-0.2441,6685.7855,NA,NA,NA
python.exe,29332,0x0,Other,-1,0,0,Composed: Copy with GPU GDI,2026-8-20 19:19:09.214443600,0.6261,0.6261,0.0000,0.0935,1.4050,1.4050,0.0000,NA,NA,NA,NA,NA,NA,NA
python.exe,29332,0x0,Other,-1,0,0,Composed: Copy with GPU GDI,2026-8-20 19:19:09.215069700,5.1163,5.1163,0.0000,0.8759,4.5903,0.4834,4.1069,NA,NA,NA,NA,NA,NA,NA
python.exe,29332,0x0,Other,-1,0,0,Composed: Copy with GPU GDI,2026-8-20 19:19:09.220186000,7.3128,7.3128,0.0000,0.3533,7.7118,1.0431,6.6687,NA,NA,NA,NA,NA,NA,NA
python.exe,29332,0x0,Other,0,0,1,Hardware: Legacy Flip,2026-8-20 19:19:09.227498800,1.4729,1.4729,0.0000,0.7558,0.7639,0.2022,0.5617,2.7926,18.4582,4.8825,6705.2879,NA,NA,NA
python.exe,29332,0x0,Other,-1,0,0,Composed: Copy with GPU GDI,2026-8-20 19:19:09.228971700,2.2900,2.2900,0.0000,0.0468,3.1948,2.3305,0.8643,NA,NA,NA,NA,NA,NA,NA
python.exe,29332,0x0,Other,-1,0,0,Composed: Copy with GPU GDI,2026-8-20 19:19:09.231261700,7.1390,7.1390,0.0000,0.9614,6.5297,0.5488,5.9809,NA,NA,NA,NA,NA,NA,NA
python.exe,29332,0x0,Other,0,0,1,Hardware: Legacy Flip,2026-8-20 19:19:09.238400700,8.9870,8.9870,0.0000,0.3550,8.7918,0.2854,8.5064,10.3489,12.3388,-7.5563,6716.1898,NA,NA,NA
python.exe,29332,0x0,Other,-1,0,0,Composed: Copy with GPU GDI,2026-8-20 19:19:09.247387700,1.2479,1.2479,0.0000,0.1598,1.8053,1.8053,0.0000,NA,NA,NA,NA,NA,NA,NA
python.exe,29332,0x0,Other,-1,0,0,Composed: Copy with GPU GDI,2026-8-20 19:19:09.248635600,2.0071,2.0071,0.0000,0.7216,1.4904,0.3836,1.1068,12.4528,2.3994,-2.1039,6726.4247,NA,NA,NA
python.exe,29332,0x0,Other,-1,0,0,Composed: Copy with GPU GDI,2026-8-20 19:19:09.250642700,9.8975,9.8975,0.0000,0.2088,10.4189,0.8708,9.5481,NA,NA,NA,NA,NA,NA,NA
python.exe,29332,0x0,Other,0,0,1,Hardware: Legacy Flip,2026-8-20 19:19:09.260540200,1.8320,1.8320,0.0000,0.7361,1.1317,0.1353,0.9964,2.9476,15.8287,9.5052,6738.3293,NA,NA,NA
python.exe,29332,0x0,Other,-1,0,0,Composed: Copy with GPU GDI,2026-8-20 19:19:09.262372200,0.4297,0.4297,0.0000,0.0358,1.4325,1.4325,0.0000,16.9443,4.5890,-13.9967,6740.1613,NA,NA,NA
python.exe,29332,0x0,Other,-1,0,0,Composed: Copy with GPU GDI,2026-8-20 19:19:09.262801900,8.3389,8.3389,0.0000,1.0425,7.4262,0.5102,6.9160,NA,NA,NA,NA,NA,NA,NA
python.exe,29332,0x0,Other,-1,0,0,Composed: Copy with GPU GDI,2026-8-20 19:19:09.271140800,2.2993,2.2993,0.0000,0.1377,2.3211,0.3045,2.0166,NA,NA,NA,NA,NA,NA,NA
python.exe,29332,0x0,Other,0,0,1,Hardware: Legacy Flip,2026-8-20 19:19:09.273440100,9.0835,9.0835,0.0000,0.1635,8.9945,0.1611,8.8334,10.4654,11.4811,6.4789,6751.2292,NA,NA,NA
python.exe,29332,0x0,Other,-1,0,0,Composed: Copy with GPU GDI,2026-8-20 19:19:09.282523600,0.6680,0.6680,0.0000,0.0745,1.9175,1.9175,0.0000,NA,NA,NA,NA,NA,NA,NA
python.exe,29332,0x0,Other,-1,0,0,Composed: Copy with GPU GDI,2026-8-20 19:19:09.283191600,1.7814,1.7814,0.0000,1.3285,0.6607,0.3043,0.3564,NA,NA,NA,NA,NA,NA,NA
python.exe,29332,0x0,Other,-1,0,0,Composed: Copy with GPU GDI,2026-8-20 19:19:09.284973000,8.3679,8.3679,0.0000,0.2111,8.5628,0.6070,7.9558,NA,NA,NA,NA,NA,NA,NA
python.exe,29332,0x0,Other,0,0,1,Hardware: Legacy Flip,2026-8-20 19:19:09.293340900,0.6719,0.6719,0.0000,0.4091,0.2818,0.0682,0.2136,2.0457,20.3514,8.4197,6771.1300,NA,NA,NA
python.exe,29332,0x0,Other,-1,0,0,Composed: Copy with GPU GDI,2026-8-20 19:19:09.294012800,3.9326,3.9326,0.0000,0.0190,4.1664,1.6895,2.4769,21.7252,2.5550,-19.6795,6771.8019,NA,NA,NA
python.exe,29332,0x0,Other,-1,0,0,Composed: Copy with GPU GDI,2026-8-20 19:19:09.297945400,7.8586,7.8586,0.0000,0.2567,7.9816,0.5145,7.4671,NA,NA,NA,NA,NA,NA,NA
python.exe,29332,0x0,Other,-1,0,0,Composed: Copy with GPU GDI,2026-8-20 19:19:09.305804000,9.6674,9.6674,0.0000,0.3826,9.6889,0.5981,9.0908,NA,NA,NA,NA,NA,NA,NA
python.exe,29332,0x0,Other,-1,0,0,Composed: Copy with GPU GDI,2026-8-20 19:19:09.315471400,1.2981,1.2981,0.0000,0.4078,1.1428,0.3883,0.7545,NA,NA,NA,NA,NA,NA,NA
python.exe,29332,0x0,Other,0,0,1,Hardware: Legacy Flip,2026-8-20 19:19:09.316769500,0.2534,0.2534,0.0000,0.2525,0.0667,0.0667,0.0000,1.5235,10.2387,20.2017,6794.5586,NA,NA,NA
python.exe,29332,0x0,Other,-1,0,0,Composed: Copy with GPU GDI,2026-8-20 19:19:09.317022900,9.1977,9.1977,0.0000,0.0658,9.8037,1.9291,7.8746,NA,NA,NA,NA,NA,NA,NA
python.exe,29332,0x0,Other,0,0,1,Hardware: Legacy Flip,2026-8-20 19:19:09.326220600,0.6950,0.6950,0.0000,0.6718,0.0398,0.0398,0.0000,2.3111,17.4802,-0.7876,6804.0097,NA,NA,NA
python.exe,29332,0x0,Other,-1,0,0,Composed: Copy with GPU GDI,2026-8-20 19:19:09.326915600,1.9119,1.9119,0.0000,0.0166,2.1771,1.9290,0.2481,19.0963,3.3842,-16.7852,6804.7047,NA,NA,NA
python.exe,29332,0x0,Other,-1,0,0,Composed: Copy with GPU GDI,2026-8-20 19:19:09.328827500,8.6751,8.6751,0.0000,0.2864,8.5460,0.2805,8.2655,NA,NA,NA,NA,NA,NA,NA
python.exe,29332,0x0,Other,-1,0,0,Composed: Copy with GPU GDI,2026-8-20 19:19:09.337502600,4.8082,4.8082,0.0000,0.1600,4.9810,0.5762,4.4048,NA,NA,NA,NA,NA,NA,NA
python.exe,29332,0x0,Other,0,0,1,Hardware: Legacy Flip,2026-8-20 19:19:09.342310800,5.7253,5.7253,0.0000,0.3368,5.4640,0.1454,5.3186,7.0853,11.4810,12.0110,6820.0999,NA,NA,NA
python.exe,29332,0x0,Other,-1,0,0,Composed: Copy with GPU GDI,2026-8-20 19:19:09.348036100,0.5259,0.5259,0.0000,0.0755,1.5151,1.5151,0.0000,NA,NA,NA,NA,NA,NA,NA
python.exe,29332,0x0,Other,-1,0,0,Composed: Copy with GPU GDI,2026-8-20 19:19:09.348562000,3.8429,3.8429,0.0000,1.0701,2.9805,0.3555,2.6250,NA,NA,NA,NA,NA,NA,NA
python.exe,29332,0x0,Other,0,0,1,Hardware: Legacy Flip,2026-8-20 19:19:09.352404900,7.2422,7.2422,0.0000,0.2146,7.0470,0.0711,6.9759,8.4722,15.4594,-1.3869,6830.1940,NA,NA,NA
python.exe,29332,0x0,Other,-1,0,0,Composed: Copy with GPU GDI,2026-8-20 19:19:09.359647100,0.4426,0.4426,0.0000,0.0194,1.8160,1.8160,0.0000,16.6894,6.1038,-8.2172,6837.4362,NA,NA,NA
python.exe,29332,0x0,Other,-1,0,0,Composed: Copy with GPU GDI,2026-8-20 19:19:09.360089700,10.0686,10.0686,0.0000,1.3995,8.9042,0.4075,8.4967,22.3506,0.3963,-5.6612,6837.8788,NA,NA,NA
python.exe,29332,0x0,Other,-1,0,0,Composed: Copy with GPU GDI,2026-8-20 19:19:09.370158300,1.1773,1.1773,0.0000,0.2380,1.2464,0.6115,0.6349,NA,NA,NA,NA,NA,NA,NA
python.exe,29332,0x0,Other,0,0,1,Hardware: Legacy Flip,2026-8-20 19:19:09.371335600,10.1223,10.1223,0.0000,0.3102,9.8707,0.1071,9.7636,11.5010,11.7015,10.8496,6849.1247,NA,NA,NA
python.exe,29332,0x0,Other,-1,0,0,Composed: Copy with GPU GDI,2026-8-20 19:19:09.381457900,0.4690,0.4690,0.0000,0.0586,1.4365,1.4365,0.0000,NA,NA,NA,NA,NA,NA,NA
python.exe,29332,0x0,Other,-1,0,0,Composed: Copy with GPU GDI,2026-8-20 19:19:09.381926900,1.2194,1.2194,0.0000,1.5257,0.5056,0.5056,0.0000,12.6112,2.0517,-1.1102,6859.7160,NA,NA,NA
python.exe,29332,0x0,Other,-1,0,0,Composed: Copy with GPU GDI,2026-8-20 19:19:09.383146300,9.2702,9.2702,0.0000,0.3167,9.1280,0.3469,8.7811,NA,NA,NA,NA,NA,NA,NA
python.exe,29332,0x0,Other,-1,0,0,Composed: Copy with GPU GDI,2026-8-20 19:19:09.392416500,2.4670,2.4670,0.0000,2.7523,0.3573,0.3573,0.0000,NA,NA,NA,NA,NA,NA,NA
python.exe,29332,0x0,Other,0,0,1,Hardware: Legacy Flip,2026-8-20 19:19:09.394883500,0.2349,0.2349,0.0000,0.0000,2.5658,0.6976,1.8682,1.7063,13.8454,10.9049,6872.6726,NA,NA,NA
python.exe,29332,0x0,Other,-1,0,0,Composed: Copy with GPU GDI,2026-8-20 19:19:09.395118400,9.5468,9.5468,0.0000,0.4077,9.8780,2.0311,7.8469,NA,NA,NA,NA,NA,NA,NA
python.exe,29332,0x0,Other,-1,0,0,Composed: Copy with GPU GDI,2026-8-20 19:19:09.404665200,2.2468,2.2468,0.0000,0.7440,2.1203,0.9314,1.1889,NA,NA,NA,NA,NA,NA,NA
python.exe,29332,0x0,Other,0,0,1,Hardware: Legacy Flip,2026-8-20 19:19:09.406912000,2.0890,2.0890,0.0000,0.6387,1.5049,0.1095,1.3954,3.5232,19.2481,-1.8169,6884.7011,NA,NA,NA
python.exe,29332,0x0,Other,-1,0,0,Composed: Copy with GPU GDI,2026-8-20 19:19:09.409001000,6.2726,6.2726,0.0000,0.0546,6.4011,1.6077,4.7934,NA,NA,NA,NA,NA,NA,NA
python.exe,29332,0x0,Other,-1,0,0,Composed: Copy with GPU GDI,2026-8-20 19:19:09.415273600,4.6668,4.6668,0.0000,0.1868,4.5731,0.2448,4.3283,NA,NA,NA,NA,NA,NA,NA
python.exe,29332,0x0,Other,-1,0,0,Composed: Copy with GPU GDI,2026-8-20 19:19:09.419940400,8.1012,8.1012,0.0000,0.0963,8.2156,0.3862,7.8294,NA,NA,NA,NA,NA,NA,NA
python.exe,29332,0x0,Other,0,0,1,Hardware: Legacy Flip,2026-8-20 19:19:09.428041600,0.6317,0.6317,0.0000,0.2153,0.5683,0.2853,0.2830,1.6417,19.4796,1.8815,6905.8307,NA,NA,NA
python.exe,29332,0x0,Other,-1,0,0,Composed: Copy with GPU GDI,2026-8-20 19:19:09.428673300,2.5151,2.5151,0.0000,0.1519,2.8376,1.4439,1.3937,20.4896,1.7229,-18.8479,6906.4624,NA,NA,NA
python.exe,29332,0x0,Other,-1,0,0,Composed: Copy with GPU GDI,2026-8-20 19:19:09.431188400,9.0440,9.0440,0.0000,0.4784,8.9085,0.5257,8.3828,NA,NA,NA,NA,NA,NA,NA
python.exe,29332,0x0,Other,-1,0,0,Composed: Copy with GPU GDI,2026-8-20 19:19:09.440232400,3.7432,3.7432,0.0000,0.3458,3.9654,0.7573,3.2081,NA,NA,NA,NA,NA,NA,NA
python.exe,29332,0x0,Other,0,0,1,Hardware: Legacy Flip,2026-8-20 19:19:09.443975600,5.8340,5.8340,0.0000,0.5730,5.3528,0.1792,5.1736,6.9102,10.9032,13.5794,6921.7647,NA,NA,NA
python.exe,29332,0x0,Other,-1,0,0,Composed: Copy with GPU GDI,2026-8-20 19:19:09.449809600,0.6313,0.6313,0.0000,0.0918,1.8185,1.8185,0.0000,NA,NA,NA,NA,NA,NA,NA
python.exe,29332,0x0,Other,-1,0,0,Composed: Copy with GPU GDI,2026-8-20 19:19:09.450440900,9.4183,9.4183,0.0000,1.2821,8.4737,0.4844,7.9893,NA,NA,NA,NA,NA,NA,NA
python.exe,29332,0x0,Other,0,0,1,Hardware: Legacy Flip,2026-8-20 19:19:09.459859200,0.6651,0.6651,0.0000,0.3431,0.3370,0.0558,0.2812,1.9298,17.6895,4.9804,6937.6483,NA,NA,NA
python.exe,29332,0x0,Other,-1,0,0,Composed: Copy with GPU GDI,2026-8-20 19:19:09.460524300,1.1043,1.1043,0.0000,0.0150,2.1133,2.1133,0.0000,18.9542,3.6034,-17.0244,6938.3134,NA,NA,NA
python.exe,29332,0x0,Other,-1,0,0,Composed: Copy with GPU GDI,2026-8-20 19:19:09.461628600,10.5446,10.5446,0.0000,1.0278,9.7279,0.4258,9.3021,NA,NA,NA,NA,NA,NA,NA
python.exe,29332,0x0,Other,-1,0,0,Composed: Copy with GPU GDI,2026-8-20 19:19:09.472173200,2.0090,2.0090,0.0000,0.2148,1.9266,0.2734,1.6532,NA,NA,NA,NA,NA,NA,NA
python.exe,29332,0x0,Other,0,0,1,Hardware: Legacy Flip,2026-8-20 19:19:09.474182200,7.7315,7.7315,0.0000,0.1361,7.6621,0.1275,7.5346,8.8997,12.7274,10.0545,6951.9713,NA,NA,NA
python.exe,29332,0x0,Other,-1,0,0,Composed: Copy with GPU GDI,2026-8-20 19:19:09.481913700,0.7787,0.7787,0.0000,0.0667,1.5860,1.5860,0.0000,NA,NA,NA,NA,NA,NA,NA
python.exe,29332,0x0,Other,-1,0,0,Composed: Copy with GPU GDI,2026-8-20 19:19:09.482692400,3.4029,3.4029,0.0000,0.8781,2.9269,0.6453,2.2816,NA,NA,NA,NA,NA,NA,NA
python.exe,29332,0x0,Other,-1,0,0,Composed: Copy with GPU GDI,2026-8-20 19:19:09.486095300,7.1518,7.1518,0.0000,0.4148,7.2462,0.6693,6.5769,NA,NA,NA,NA,NA,NA,NA
python.exe,29332,0x0,Other,0,0,1,Hardware: Legacy Flip,2026-8-20 19:19:09.493247100,1.2585,1.2585,0.0000,0.5168,0.7703,0.1062,0.6641,2.5622,20.0823,6.3375,6971.0362,NA,NA,NA
python.exe,29332,0x0,Other,-1,0,0,Composed: Copy with GPU GDI,2026-8-20 19:19:09.494505600,9.7185,9.7185,0.0000,0.0286,10.3053,1.9457,8.3596,NA,NA,NA,NA,NA,NA,NA
python.exe,29332,0x0,Other,-1,0,0,Composed: Copy with GPU GDI,2026-8-20 19:19:09.504224100,0.8047,0.8047,0.0000,0.6216,0.2981,0.2105,0.0876,11.6675,2.0732,-9.1053,6982.0132,NA,NA,NA
python.exe,29332,0x0,Other,-1,0,0,Composed: Copy with GPU GDI,2026-8-20 19:19:09.505028800,10.8757,10.8757,0.0000,0.1211,11.0645,0.5596,10.5049,NA,NA,NA,NA,NA,NA,NA
python.exe,29332,0x0,Other,0,0,1,Hardware: Legacy Flip,2026-8-20 19:19:09.515904500,0.8759,0.8759,0.0000,0.3149,0.8869,0.4765,0.4104,2.0603,10.1005,9.6072,6993.6936,NA,NA,NA
python.exe,29332,0x0,Other,-1,0,0,Composed: Copy with GPU GDI,2026-8-20 19:19:09.516780400,1.0634,1.0634,0.0000,0.3259,1.3603,1.3603,0.0000,11.2849,0.5256,-9.2246,6994.5695,NA,NA,NA
python.exe,29332,0x0,Other,-1,0,0,Composed: Copy with GPU GDI,2026-8-20 19:19:09.517843800,7.9460,7.9460,0.0000,0.6306,7.6928,0.5157,7.1771,NA,NA,NA,NA,NA,NA,NA
python.exe,29332,0x0,Other,0,0,1,Hardware: Legacy Flip,2026-8-20 19:19:09.525789800,1.4424,1.4424,0.0000,0.3804,1.1498,0.2056,0.9442,2.8011,15.5365,8.4838,7003.5789,NA,NA,NA
python.exe,29332,0x0,Other,-1,0,0,Composed: Copy with GPU GDI,2026-8-20 19:19:09.527232200,1.2728,1.2728,0.0000,0.0878,1.8620,1.8620,0.0000,NA,NA,NA,NA,NA,NA,NA
python.exe,29332,0x0,Other,-1,0,0,Composed: Copy with GPU GDI,2026-8-20 19:19:09.528505000,10.3951,10.3951,0.0000,0.6819,9.9668,0.5032,9.4636,NA,NA,NA,NA,NA,NA,NA
python.exe,29332,0x0,Other,-1,0,0,Composed: Copy with GPU GDI,2026-8-20 19:19:09.538900100,1.1134,1.1134,0.0000,0.2567,1.2112,0.5234,0.6878,NA,NA,NA,NA,NA,NA,NA
python.exe,29332,0x0,Other,0,0,1,Hardware: Legacy Flip,2026-8-20 19:19:09.540013500,2.6753,2.6753,0.0000,0.3571,2.3823,0.1200,2.2623,4.1139,19.5446,-1.3128,7017.8026,NA,NA,NA
python.exe,29332,0x0,Other,-1,0,0,Composed: Copy with GPU GDI,2026-8-20 19:19:09.542688800,9.9584,9.9584,0.0000,0.0641,10.5700,2.1927,8.3773,NA,NA,NA,NA,NA,NA,NA
python.exe,29332,0x0,Other,-1,0,0,Composed: Copy with GPU GDI,2026-8-20 19:19:09.552647200,9.2644,9.2644,0.0000,9.8252,0.0175,0.0175,0.0000,NA,NA,NA,NA,NA,NA,NA
python.exe,29332,0x0,Other,0,0,1,Hardware: Legacy Flip,2026-8-20 19:19:09.561911600,0.4279,0.4279,0.0000,0.0000,9.1442,0.7079,8.4363,1.7604,12.8643,2.3535,7039.7007,NA,NA,NA
python.exe,29332,0x0,Other,-1,0,0,Composed: Copy with GPU GDI,2026-8-20 19:19:09.562339500,1.6648,1.6648,0.0000,0.1504,1.7076,1.4601,0.2475,14.1968,6.0801,-12.4364,7040.1286,NA,NA,NA
python.exe,29332,0x0,Other,-1,0,0,Composed: Copy with GPU GDI,2026-8-20 19:19:09.564004300,7.9049,7.9049,0.0000,0.1961,7.9352,0.5173,7.4179,18.6121,0.2891,-4.4153,7041.7934,NA,NA,NA
python.exe,29332,0x0,Other,0,0,1,Hardware: Legacy Flip,2026-8-20 19:19:09.571909200,9.4537,9.4537,0.0000,0.2298,9.3448,0.2296,9.1152,10.9963,11.8590,7.6158,7049.6983,NA,NA,NA
python.exe,29332,0x0,Other,-1,0,0,Composed: Copy with GPU GDI,2026-8-20 19:19:09.581362900,0.7506,0.7506,0.0000,0.1209,1.8716,1.8716,0.0000,NA,NA,NA,NA,NA,NA,NA
python.exe,29332,0x0,Other,-1,0,0,Composed: Copy with GPU GDI,2026-8-20 19:19:09.582113500,1.0694,1.0694,0.0000,1.2644,0.0281,0.0281,0.0000,12.6510,2.6764,-1.6547,7059.9026,NA,NA,NA
python.exe,29332,0x0,Other,-1,0,0,Composed: Copy with GPU GDI,2026-8-20 19:19:09.583182900,12.1656,12.1656,0.0000,0.2037,12.4076,0.7216,11.6860,NA,NA,NA,NA,NA,NA,NA
python.exe,29332,0x0,Other,0,0,1,Hardware: Legacy Flip,2026-8-20 19:19:09.595348500,0.4944,0.4944,0.0000,0.4457,0.0737,0.0737,0.0000,2.0924,9.4238,10.5586,7073.1376,NA,NA,NA
python.exe,29332,0x0,Other,-1,0,0,Composed: Copy with GPU GDI,2026-8-20 19:19:09.595842900,0.7646,0.7646,0.0000,0.0250,1.7830,1.7830,0.0000,11.0218,12.1547,-8.9294,7073.6320,NA,NA,NA
python.exe,29332,0x0,Other,-1,0,0,Composed: Copy with GPU GDI,2026-8-20 19:19:09.596607500,8.1703,8.1703,0.0000,1.0467,7.8664,1.0656,6.8008,NA,NA,NA,NA,NA,NA,NA
python.exe,29332,0x0,Other,-1,0,0,Composed: Copy with GPU GDI,2026-8-20 19:19:09.604777800,1.7769,1.7769,0.0000,0.7461,1.4911,0.5989,0.8922,14.2416,38.2020,-3.2198,7082.5669,NA,NA,NA
python.exe,29332,0x0,Other,-1,0,0,Composed: Copy with GPU GDI,2026-8-20 19:19:09.606554700,49.2563,49.2563,0.0000,0.4639,49.0518,0.4880,48.5638,NA,NA,NA,NA,NA,NA,NA
python.exe,29332,0x0,Other,0,0,1,Hardware: Legacy Flip,2026-8-20 19:19:09.655811000,0.2109,0.2109,0.0000,0.2594,0.0363,0.0363,0.0000,1.4104,3.2798,12.8312,7133.6001,NA,NA,NA
python.exe,29332,0x0,Other,-1,0,0,Composed: Copy with GPU GDI,2026-8-20 19:19:09.656021900,1.9598,1.9598,0.0000,0.0848,2.2368,1.5104,0.7264,NA,NA,NA,NA,NA,NA,NA
python.exe,29332,0x0,Other,0,0,1,Hardware: Legacy Flip,2026-8-20 19:19:09.657981700,1.0825,1.0825,0.0000,0.3641,0.7433,0.0811,0.6622,2.5195,4.6926,-1.1091,7135.7708,NA,NA,NA
python.exe,29332,0x0,Other,-1,0,0,Composed: Copy with GPU GDI,2026-8-20 19:19:09.659064200,0.6828,0.6828,0.0000,0.0249,1.8952,1.8952,0.0000,NA,NA,NA,NA,NA,NA,NA
python.exe,29332,0x0,Other,-1,0,0,Composed: Copy with GPU GDI,2026-8-20 19:19:09.659747000,1.4967,1.4967,0.0000,1.2425,0.6633,0.4984,0.1649,NA,NA,NA,NA,NA,NA,NA
python.exe,29332,0x0,Other,0,0,1,Hardware: Legacy Flip,2026-8-20 19:19:09.661243700,2.6167,2.6167,0.0000,0.4115,2.2204,0.0555,2.1649,3.9501,11.8200,-1.4306,7139.0328,NA,NA,NA
python.exe,29332,0x0,Other,-1,0,0,Composed: Copy with GPU GDI,2026-8-20 19:19:09.663860400,6.5067,6.5067,0.0000,0.0152,7.3302,2.2367,5.0935,NA,NA,NA,NA,NA,NA,NA
python.exe,29332,0x0,Other,-1,0,0,Composed: Copy with GPU GDI,2026-8-20 19:19:09.670367100,3.4828,3.4828,0.0000,0.8446,3.3454,0.8965,2.4489,NA,NA,NA,NA,NA,NA,NA
python.exe,29332,0x0,Other,0,0,1,Hardware: Legacy Flip,2026-8-20 19:19:09.673849900,2.0046,2.0046,0.0000,0.7122,1.3241,0.1299,1.1942,3.1639,20.7923,0.7862,7151.6390,NA,NA,NA
python.exe,29332,0x0,Other,-1,0,0,Composed: Copy with GPU GDI,2026-8-20 19:19:09.675854500,4.9306,4.9306,0.0000,0.0317,5.0698,1.3805,3.6893,NA,NA,NA,NA,NA,NA,NA
python.exe,29332,0x0,Other,-1,0,0,Composed: Copy with GPU GDI,2026-8-20 19:19:09.680785100,5.5212,5.5212,0.0000,0.1750,5.5082,0.3965,5.1117,NA,NA,NA,NA,NA,NA,NA
python.exe,29332,0x0,Other,-1,0,0,Composed: Copy with GPU GDI,2026-8-20 19:19:09.686306300,10.0799,10.0799,0.0000,0.1674,10.1079,0.4026,9.7053,NA,NA,NA,NA,NA,NA,NA
python.exe,29332,0x0,Other,0,0,1,Hardware: Legacy Flip,2026-8-20 19:19:09.696386200,0.2681,0.2681,0.0000,0.1954,0.1746,0.1746,0.0000,1.4199,12.7192,1.7440,7174.1753,NA,NA,NA
python.exe,29332,0x0,Other,-1,0,0,Composed: Copy with GPU GDI,2026-8-20 19:19:09.696654300,7.0311,7.0311,0.0000,0.1019,7.4338,1.5185,5.9153,NA,NA,NA,NA,NA,NA,NA
python.exe,29332,0x0,Other,-1,0,0,Composed: Copy with GPU GDI,2026-8-20 19:19:09.703685400,1.1494,1.1494,0.0000,0.5843,0.9036,0.5139,0.3897,NA,NA,NA,NA,NA,NA,NA
python.exe,29332,0x0,Other,0,0,1,Hardware: Legacy Flip,2026-8-20 19:19:09.704834800,4.5843,4.5843,0.0000,0.3439,4.2992,0.1149,4.1843,5.6905,17.7495,-4.2706,7182.6239,NA,NA,NA
python.exe,29332,0x0,Other,-1,0,0,Composed: Copy with GPU GDI,2026-8-20 19:19:09.709419100,4.9536,4.9536,0.0000,0.0588,5.1115,1.3942,3.7173,NA,NA,NA,NA,NA,NA,NA
python.exe,29332,0x0,Other,-1,0,0,Composed: Copy with GPU GDI,2026-8-20 19:19:09.714372700,1.3594,1.3594,0.0000,0.2214,1.3988,0.3648,1.0340,13.9021,2.7218,-8.2116,7192.1618,NA,NA,NA
python.exe,29332,0x0,Other,-1,0,0,Composed: Copy with GPU GDI,2026-8-20 19:19:09.715732100,11.3889,11.3889,0.0000,0.2687,11.8658,0.9892,10.8766,NA,NA,NA,NA,NA,NA,NA
python.exe,29332,0x0,Other,0,0,1,Hardware: Legacy Flip,2026-8-20 19:19:09.727121000,2.2675,2.2675,0.0000,0.7515,1.6025,0.1751,1.4274,3.8756,12.7362,10.0265,7204.9101,NA,NA,NA
python.exe,29332,0x0,Other,-1,0,0,Composed: Copy with GPU GDI,2026-8-20 19:19:09.729388500,0.2615,0.2615,0.0000,0.0865,0.4312,0.4312,0.0000,NA,NA,NA,NA,NA,NA,NA
python.exe,29332,0x0,Other,-1,0,0,Composed: Copy with GPU GDI,2026-8-20 19:19:09.729650000,8.3878,8.3878,0.0000,0.2562,8.3759,1.4078,6.9681,NA,NA,NA,NA,NA,NA,NA
python.exe,29332,0x0,Other,-1,0,0,Composed: Copy with GPU GDI,2026-8-20 19:19:09.738037800,2.0892,2.0892,0.0000,0.2484,2.3225,0.6157,1.7068,NA,NA,NA,NA,NA,NA,NA
python.exe,29332,0x0,Other,0,0,1,Hardware: Legacy Flip,2026-8-20 19:19:09.740127000,1.9944,1.9944,0.0000,0.4857,1.5628,0.1077,1.4551,3.6058,19.5808,0.2698,7217.9161,NA,NA,NA
python.exe,29332,0x0,Other,-1,0,0,Composed: Copy with GPU GDI,2026-8-20 19:19:09.742121400,7.4533,7.4533,0.0000,0.0541,7.8419,2.0882,5.7537,NA,NA,NA,NA,NA,NA,NA
python.exe,29332,0x0,Other,-1,0,0,Composed: Copy with GPU GDI,2026-8-20 19:19:09.749574700,2.2811,2.2811,0.0000,0.4469,2.3160,0.5977,1.7183,NA,NA,NA,NA,NA,NA,NA
python.exe,29332,0x0,Other,0,0,1,Hardware: Legacy Flip,2026-8-20 19:19:09.751855800,10.0339,10.0339,0.0000,0.4854,9.6230,0.1531,9.4699,11.4578,7.3415,-7.8520,7229.6449,NA,NA,NA
python.exe,29332,0x0,Other,-1,0,0,Composed: Copy with GPU GDI,2026-8-20 19:19:09.761889700,0.3837,0.3837,0.0000,0.0745,1.3926,1.3926,0.0000,NA,NA,NA,NA,NA,NA,NA
python.exe,29332,0x0,Other,-1,0,0,Composed: Copy with GPU GDI,2026-8-20 19:19:09.762273400,1.7005,1.7005,0.0000,1.0881,1.0496,0.5221,0.5275,8.3817,12.1743,3.0761,7240.0625,NA,NA,NA
python.exe,29332,0x0,Other,-1,0,0,Composed: Copy with GPU GDI,2026-8-20 19:19:09.763973900,8.3599,8.3599,0.0000,0.4428,8.1003,0.5121,7.5882,18.8555,3.9084,-10.4738,7241.7630,NA,NA,NA
python.exe,29332,0x0,Other,-1,0,0,Composed: Copy with GPU GDI,2026-8-20 19:19:09.772333800,12.9953,12.9953,0.0000,0.1876,13.1029,0.4713,12.6316,NA,NA,NA,NA,NA,NA,NA
python.exe,29332,0x0,Other,0,0,1,Hardware: Legacy Flip,2026-8-20 19:19:09.785329100,0.2671,0.2671,0.0000,0.2952,0.0279,0.0279,0.0000,1.4087,8.1947,17.4468,7263.1182,NA,NA,NA
python.exe,29332,0x0,Other,-1,0,0,Composed: Copy with GPU GDI,2026-8-20 19:19:09.785596200,0.3769,0.3769,0.0000,0.0560,1.6722,1.6722,0.0000,9.3363,0.8645,-7.9276,7263.3853,NA,NA,NA
python.exe,29332,0x0,Other,-1,0,0,Composed: Copy with GPU GDI,2026-8-20 19:19:09.785973100,7.0297,7.0297,0.0000,1.3562,5.9624,0.4288,5.5336,NA,NA,NA,NA,NA,NA,NA
python.exe,29332,0x0,Other,0,0,1,Hardware: Legacy Flip,2026-8-20 19:19:09.793002800,1.2867,1.2867,0.0000,0.2919,1.0153,0.0750,0.9403,2.7942,17.3415,6.5421,7270.7919,NA,NA,NA
python.exe,29332,0x0,Other,-1,0,0,Composed: Copy with GPU GDI,2026-8-20 19:19:09.794289500,0.8989,0.8989,0.0000,0.0205,2.2789,2.2789,0.0000,18.8490,4.9520,-16.0548,7272.0786,NA,NA,NA
python.exe,29332,0x0,Other,-1,0,0,Composed: Copy with GPU GDI,2026-8-20 19:19:09.795188400,10.4943,10.4943,0.0000,1.4032,9.3309,0.5005,8.8304,NA,NA,NA,NA,NA,NA,NA
python.exe,29332,0x0,Other,-1,0,0,Composed: Copy with GPU GDI,2026-8-20 19:19:09.805682700,1.3066,1.3066,0.0000,0.2436,1.3876,0.4318,0.9558,NA,NA,NA,NA,NA,NA,NA
python.exe,29332,0x0,Other,-1,0,0,Composed: Copy with GPU GDI,2026-8-20 19:19:09.806989300,9.5736,9.5736,0.0000,0.3285,9.4645,0.3925,9.0720,NA,NA,NA,NA,NA,NA,NA
python.exe,29332,0x0,Other,0,0,1,Hardware: Legacy Flip,2026-8-20 19:19:09.816562900,0.2820,0.2820,0.0000,0.2255,0.1228,0.1205,0.0023,1.5276,11.0957,17.3214,7294.3520,NA,NA,NA
python.exe,29332,0x0,Other,-1,0,0,Composed: Copy with GPU GDI,2026-8-20 19:19:09.816844900,3.7076,3.7076,0.0000,0.0663,3.8657,1.4140,2.4517,NA,NA,NA,NA,NA,NA,NA
python.exe,29332,0x0,Other,-1,0,0,Composed: Copy with GPU GDI,2026-8-20 19:19:09.820552500,7.1230,7.1230,0.0000,7.3398,0.2382,0.2382,0.0000,NA,NA,NA,NA,NA,NA,NA
python.exe,29332,0x0,Other,0,0,1,Hardware: Legacy Flip,2026-8-20 19:19:09.827675500,0.1872,0.1872,0.0000,0.0000,7.1119,0.3784,6.7335,1.5107,20.3441,0.0169,7305.4646,NA,NA,NA
python.exe,29332,0x0,Other,-1,0,0,Composed: Copy with GPU GDI,2026-8-20 19:19:09.827862700,3.9141,3.9141,0.0000,0.2678,4.0837,1.5526,2.5311,21.6676,2.4825,-20.1569,7305.6518,NA,NA,NA
python.exe,29332,0x0,Other,-1,0,0,Composed: Copy with GPU GDI,2026-8-20 19:19:09.831776800,7.6810,7.6810,0.0000,0.4415,7.4926,0.3967,7.0959,NA,NA,NA,NA,NA,NA,NA
python.exe,29332,0x0,Other,-1,0,0,Composed: Copy with GPU GDI,2026-8-20 19:19:09.839457800,9.9707,9.9707,0.0000,0.2562,9.9693,0.4014,9.5679,NA,NA,NA,NA,NA,NA,NA
python.exe,29332,0x0,Other,0,0,1,Hardware: Legacy Flip,2026-8-20 19:19:09.849428500,1.0191,1.0191,0.0000,0.2592,0.8344,0.1480,0.6864,2.5843,9.7387,19.0833,7327.2176,NA,NA,NA
python.exe,29332,0x0,Other,-1,0,0,Composed: Copy with GPU GDI,2026-8-20 19:19:09.850447600,0.2626,0.2626,0.0000,0.0745,0.4117,0.4117,0.0000,NA,NA,NA,NA,NA,NA,NA
python.exe,29332,0x0,Other,-1,0,0,Composed: Copy with GPU GDI,2026-8-20 19:19:09.850710200,8.8239,8.8239,0.0000,0.2236,8.7635,1.3289,7.4346,NA,NA,NA,NA,NA,NA,NA
python.exe,29332,0x0,Other,0,0,1,Hardware: Legacy Flip,2026-8-20 19:19:09.859534100,0.9185,0.9185,0.0000,0.1844,0.7521,0.0762,0.6759,2.2174,18.1337,0.3669,7337.3232,NA,NA,NA
python.exe,29332,0x0,Other,-1,0,0,Composed: Copy with GPU GDI,2026-8-20 19:19:09.860452600,0.7724,0.7724,0.0000,0.0180,1.8183,1.8183,0.0000,19.4326,3.7238,-17.2152,7338.2417,NA,NA,NA
python.exe,29332,0x0,Other,-1,0,0,Composed: Copy with GPU GDI,2026-8-20 19:19:09.861225000,9.9133,9.9133,0.0000,1.0686,9.2219,0.5518,8.6701,NA,NA,NA,NA,NA,NA,NA
python.exe,29332,0x0,Other,-1,0,0,Composed: Copy with GPU GDI,2026-8-20 19:19:09.871138300,2.7331,2.7331,0.0000,0.3808,2.6413,0.4396,2.2017,NA,NA,NA,NA,NA,NA,NA
python.exe,29332,0x0,Other,-1,0,0,Composed: Copy with GPU GDI,2026-8-20 19:19:09.873871400,8.1154,8.1154,0.0000,8.5555,0.0703,0.0703,0.0000,NA,NA,NA,NA,NA,NA,NA
python.exe,29332,0x0,Other,0,0,1,Hardware: Legacy Flip,2026-8-20 19:19:09.881986800,0.3487,0.3487,0.0000,0.0000,8.2615,0.6057,7.6558,1.6222,11.3972,17.8104,7359.7759,NA,NA,NA
python.exe,29332,0x0,Other,-1,0,0,Composed: Copy with GPU GDI,2026-8-20 19:19:09.882335500,3.6634,3.6634,0.0000,0.1617,4.1938,1.8121,2.3817,NA,NA,NA,NA,NA,NA,NA
python.exe,29332,0x0,Other,-1,0,0,Composed: Copy with GPU GDI,2026-8-20 19:19:09.885998900,7.0595,7.0595,0.0000,7.3423,0.5952,0.5952,0.0000,NA,NA,NA,NA,NA,NA,NA
python.exe,29332,0x0,Other,0,0,1,Hardware: Legacy Flip,2026-8-20 19:19:09.893058400,0.2649,0.2649,0.0000,0.0000,6.6437,0.5052,6.1385,1.9478,21.3149,-0.3256,7370.8475,NA,NA,NA
python.exe,29332,0x0,Other,-1,0,0,Composed: Copy with GPU GDI,2026-8-20 19:19:09.893323300,4.4702,4.4702,0.0000,0.6131,4.3775,1.6622,2.7153,22.9978,1.5623,-21.0500,7371.1124,NA,NA,NA
python.exe,29332,0x0,Other,-1,0,0,Composed: Copy with GPU GDI,2026-8-20 19:19:09.897793500,7.5654,7.5654,0.0000,0.5233,7.4617,0.7177,6.7440,NA,NA,NA,NA,NA,NA,NA
python.exe,29332,0x0,Other,-1,0,0,Composed: Copy with GPU GDI,2026-8-20 19:19:09.905358900,10.6208,10.6208,0.0000,0.4235,10.4121,0.4385,9.9736,NA,NA,NA,NA,NA,NA,NA
python.exe,29332,0x0,Other,0,0,1,Hardware: Legacy Flip,2026-8-20 19:19:09.915979700,0.6491,0.6491,0.0000,0.2173,0.5068,0.1556,0.3512,1.9037,10.9773,21.0941,7393.7688,NA,NA,NA
python.exe,29332,0x0,Other,-1,0,0,Composed: Copy with GPU GDI,2026-8-20 19:19:09.916628800,0.3089,0.3089,0.0000,0.0750,1.2271,1.2271,0.0000,NA,NA,NA,NA,NA,NA,NA
python.exe,29332,0x0,Other,-1,0,0,Composed: Copy with GPU GDI,2026-8-20 19:19:09.916937700,9.4521,9.4521,0.0000,0.9974,8.8098,0.5813,8.2285,NA,NA,NA,NA,NA,NA,NA
python.exe,29332,0x0,Other,0,0,1,Hardware: Legacy Flip,2026-8-20 19:19:09.926389800,1.1440,1.1440,0.0000,0.3595,0.8201,0.1012,0.7189,2.4709,17.7581,-0.5672,7404.1789,NA,NA,NA
python.exe,29332,0x0,Other,-1,0,0,Composed: Copy with GPU GDI,2026-8-20 19:19:09.927533800,0.6020,0.6020,0.0000,0.0356,1.6152,1.6152,0.0000,19.0850,4.1186,-16.6141,7405.3229,NA,NA,NA
python.exe,29332,0x0,Other,-1,0,0,Composed: Copy with GPU GDI,2026-8-20 19:19:09.928135800,11.7136,11.7136,0.0000,1.1190,11.1016,0.6892,10.4124,NA,NA,NA,NA,NA,NA,NA
python.exe,29332,0x0,Other,-1,0,0,Composed: Copy with GPU GDI,2026-8-20 19:19:09.939849400,1.9291,1.9291,0.0000,0.5382,1.7753,0.5478,1.2275,NA,NA,NA,NA,NA,NA,NA
python.exe,29332,0x0,Other,0,0,1,Hardware: Legacy Flip,2026-8-20 19:19:09.941778500,7.8414,7.8414,0.0000,0.3924,7.5151,0.1286,7.3865,8.9589,11.7797,10.1261,7419.5676,NA,NA,NA
python.exe,29332,0x0,Other,-1,0,0,Composed: Copy with GPU GDI,2026-8-20 19:19:09.949619900,0.4966,0.4966,0.0000,0.0661,1.3260,1.3260,0.0000,NA,NA,NA,NA,NA,NA,NA
python.exe,29332,0x0,Other,-1,0,0,Composed: Copy with GPU GDI,2026-8-20 19:19:09.950116500,1.4852,1.4852,0.0000,0.8998,1.1435,0.6918,0.4517,NA,NA,NA,NA,NA,NA,NA
python.exe,29332,0x0,Other,-1,0,0,Composed: Copy with GPU GDI,2026-8-20 19:19:09.951601700,9.4439,9.4439,0.0000,9.6828,0.1615,0.1615,0.0000,NA,NA,NA,NA,NA,NA,NA
python.exe,29332,0x0,Other,0,0,1,Hardware: Legacy Flip,2026-8-20 19:19:09.961045600,0.2229,0.2229,0.0000,0.0000,9.1208,0.3689,8.7519,1.4715,20.4992,7.4874,7438.8347,NA,NA,NA
python.exe,29332,0x0,Other,-1,0,0,Composed: Copy with GPU GDI,2026-8-20 19:19:09.961268500,3.9517,3.9517,0.0000,0.1775,4.2798,1.6078,2.6720,21.7478,3.7748,-20.2763,7439.0576,NA,NA,NA
python.exe,29332,0x0,Other,-1,0,0,Composed: Copy with GPU GDI,2026-8-20 19:19:09.965220200,7.2946,7.2946,0.0000,0.5114,7.0026,0.3799,6.6227,NA,NA,NA,NA,NA,NA,NA
python.exe,29332,0x0,Other,-1,0,0,Composed: Copy with GPU GDI,2026-8-20 19:19:09.972514800,11.4357,11.4357,0.0000,0.2238,11.8048,0.7695,11.0353,NA,NA,NA,NA,NA,NA,NA
python.exe,29332,0x0,Other,-1,0,0,Composed: Copy with GPU GDI,2026-8-20 19:19:09.983950500,1.1137,1.1137,0.0000,0.5963,0.6671,0.3286,0.3385,NA,NA,NA,NA,NA,NA,NA
python.exe,29332,0x0,Other,0,0,1,Hardware: Legacy Flip,2026-8-20 19:19:09.985064200,0.2388,0.2388,0.0000,0.1562,0.1800,0.1780,0.0020,1.7269,8.0351,20.0209,7462.8533,NA,NA,NA
python.exe,29332,0x0,Other,-1,0,0,Composed: Copy with GPU GDI,2026-8-20 19:19:09.985303000,7.5235,7.5235,0.0000,0.0974,7.5766,1.6007,5.9759,NA,NA,NA,NA,NA,NA,NA
python.exe,29332,0x0,Other,0,0,1,Hardware: Legacy Flip,2026-8-20 19:19:09.992826500,0.8863,0.8863,0.0000,0.1544,0.7554,0.0790,0.6764,1.9997,18.5489,-0.2728,7470.6156,NA,NA,NA
python.exe,29332,0x0,Other,-1,0,0,Composed: Copy with GPU GDI,2026-8-20 19:19:09.993712800,1.3104,1.3104,0.0000,0.0235,1.6858,1.5243,0.1615,19.6623,5.3958,-17.6626,7471.5019,NA,NA,NA
python.exe,29332,0x0,Other,-1,0,0,Composed: Copy with GPU GDI,2026-8-20 19:19:09.995023200,11.0393,11.0393,0.0000,0.4050,10.8935,0.4002,10.4933,NA,NA,NA,NA,NA,NA,NA
python.exe,29332,0x0,Other,-1,0,0,Composed: Copy with GPU GDI,2026-8-20 19:19:10.006062500,1.6145,1.6145,0.0000,0.2654,1.5875,0.3707,1.2168,NA,NA,NA,NA,NA,NA,NA
python.exe,29332,0x0,Other,0,0,1,Hardware: Legacy Flip,2026-8-20 19:19:10.007677000,9.6879,9.6879,0.0000,0.2437,9.5203,0.1841,9.3362,11.0939,11.8678,8.5684,7485.4661,NA,NA,NA
python.exe,29332,0x0,Other,-1,0,0,Composed: Copy with GPU GDI,2026-8-20 19:19:10.017364900,0.9041,0.9041,0.0000,0.0761,1.6526,1.6526,0.0000,NA,NA,NA,NA,NA,NA,NA
python.exe,29332,0x0,Other,0,0,1,Hardware: Legacy Flip,2026-8-20 19:19:10.018269000,10.9469,10.9469,0.0000,0.8386,10.1411,0.1283,10.0128,12.3697,6.9606,-1.2758,7496.0581,NA,NA,NA
python.exe,29332,0x0,Other,-1,0,0,Composed: Copy with GPU GDI,2026-8-20 19:19:10.029215900,0.9909,0.9909,0.0000,0.0328,1.8131,1.8131,0.0000,NA,NA,NA,NA,NA,NA,NA
python.exe,29332,0x0,Other,-1,0,0,Composed: Copy with GPU GDI,2026-8-20 19:19:10.030206800,1.3870,1.3870,0.0000,0.8931,0.6576,0.3020,0.3556,7.3925,6.1028,4.9772,7507.9959,NA,NA,NA
python.exe,29332,0x0,Other,-1,0,0,Composed: Copy with GPU GDI,2026-8-20 19:19:10.031593800,7.3880,7.3880,0.0000,0.3013,7.4786,0.5599,6.9187,NA,NA,NA,NA,NA,NA,NA
python.exe,29332,0x0,Other,0,0,1,Hardware: Legacy Flip,2026-8-20 19:19:10.038981800,3.2579,3.2579,0.0000,0.3982,2.9176,0.1163,2.8013,4.7203,18.0400,2.6722,7516.7709,NA,NA,NA
python.exe,29332,0x0,Other,-1,0,0,Composed: Copy with GPU GDI,2026-8-20 19:19:10.042239700,6.7445,6.7445,0.0000,0.0579,7.3588,2.0017,5.3571,NA,NA,NA,NA,NA,NA,NA
python.exe,29332,0x0,Other,-1,0,0,Composed: Copy with GPU GDI,2026-8-20 19:19:10.048984200,2.3466,2.3466,0.0000,0.6766,2.3182,0.7824,1.5358,NA,NA,NA,NA,NA,NA,NA
python.exe,29332,0x0,Other,-1,0,0,Composed: Copy with GPU GDI,2026-8-20 19:19:10.051330800,8.5831,8.5831,0.0000,0.6537,8.2045,0.4164,7.7881,NA,NA,NA,NA,NA,NA,NA
python.exe,29332,0x0,Other,0,0,1,Hardware: Legacy Flip,2026-8-20 19:19:10.059913900,0.6161,0.6161,0.0000,0.2792,0.4173,0.1394,0.2779,1.8282,18.3393,2.8921,7537.7030,NA,NA,NA
python.exe,29332,0x0,Other,-1,0,0,Composed: Copy with GPU GDI,2026-8-20 19:19:10.060530000,1.4245,1.4245,0.0000,0.0804,1.6731,1.6731,0.0000,19.5514,4.4853,-17.7232,7538.3191,NA,NA,NA
python.exe,29332,0x0,Other,-1,0,0,Composed: Copy with GPU GDI,2026-8-20 19:19:10.061954500,9.3291,9.3291,0.0000,0.3342,9.2160,0.4480,8.7680,NA,NA,NA,NA,NA,NA,NA
python.exe,29332,0x0,Other,-1,0,0,Composed: Copy with GPU GDI,2026-8-20 19:19:10.071283600,1.9307,1.9307,0.0000,0.2247,1.9043,0.3061,1.5982,NA,NA,NA,NA,NA,NA,NA
python.exe,29332,0x0,Other,0,0,1,Hardware: Legacy Flip,2026-8-20 19:19:10.073214300,10.0944,10.0944,0.0000,0.2024,9.9516,0.1106,9.8410,11.3524,7.6507,8.1990,7551.0034,NA,NA,NA
python.exe,29332,0x0,Other,-1,0,0,Composed: Copy with GPU GDI,2026-8-20 19:19:10.083308700,0.4078,0.4078,0.0000,0.0596,1.5113,1.5113,0.0000,8.9087,5.3596,2.4437,7561.0978,NA,NA,NA
python.exe,29332,0x0,Other,-1,0,0,Composed: Copy with GPU GDI,2026-8-20 19:19:10.083716500,2.3787,2.3787,0.0000,1.1884,1.4955,0.5223,0.9732,NA,NA,NA,NA,NA,NA,NA
python.exe,29332,0x0,Other,-1,0,0,Composed: Copy with GPU GDI,2026-8-20 19:19:10.086095200,9.1059,9.1059,0.0000,0.3074,9.2247,0.5531,8.6716,NA,NA,NA,NA,NA,NA,NA
python.exe,29332,0x0,Other,0,0,1,Hardware: Legacy Flip,2026-8-20 19:19:10.095201100,0.7387,0.7387,0.0000,0.4300,0.3262,0.0816,0.2446,2.3759,12.8545,6.5328,7572.9902,NA,NA,NA
python.exe,29332,0x0,Other,-1,0,0,Composed: Copy with GPU GDI,2026-8-20 19:19:10.095939800,1.5744,1.5744,0.0000,0.0175,1.8846,1.8846,0.0000,14.4917,6.0346,-12.1158,7573.7289,NA,NA,NA
python.exe,29332,0x0,Other,-1,0,0,Composed: Copy with GPU GDI,2026-8-20 19:19:10.097514200,8.3455,8.3455,0.0000,0.3305,8.7171,0.9324,7.7847,18.9519,1.3457,-4.4602,7575.3033,NA,NA,NA
python.exe,29332,0x0,Other,-1,0,0,Composed: Copy with GPU GDI,2026-8-20 19:19:10.105859700,10.0826,10.0826,0.0000,0.7076,9.5492,0.3743,9.1749,NA,NA,NA,NA,NA,NA,NA
python.exe,29332,0x0,Other,0,0,1,Hardware: Legacy Flip,2026-8-20 19:19:10.115942300,0.1752,0.1752,0.0000,0.1742,0.0620,0.0620,0.0000,1.8695,14.0702,17.0824,7593.7314,NA,NA,NA
python.exe,29332,0x0,Other,-1,0,0,Composed: Copy with GPU GDI,2026-8-20 19:19:10.116117500,1.5289,1.5289,0.0000,0.0610,2.4442,2.4442,0.0000,NA,NA,NA,NA,NA,NA,NA
python.exe,29332,0x0,Other,-1,0,0,Composed: Copy with GPU GDI,2026-8-20 19:19:10.117646400,10.2995,10.2995,0.0000,0.9803,9.6397,0.4499,9.1898,NA,NA,NA,NA,NA,NA,NA
python.exe,29332,0x0,Other,0,0,1,Hardware: Legacy Flip,2026-8-20 19:19:10.127945900,2.7018,2.7018,0.0000,0.3252,2.4112,0.2071,2.2041,3.9361,12.4043,-2.0666,7605.7350,NA,NA,NA
python.exe,29332,0x0,Other,-1,0,0,Composed: Copy with GPU GDI,2026-8-20 19:19:10.130647700,0.3272,0.3272,0.0000,0.0346,2.0433,2.0433,0.0000,NA,NA,NA,NA,NA,NA,NA
python.exe,29332,0x0,Other,-1,0,0,Composed: Copy with GPU GDI,2026-8-20 19:19:10.130974900,6.6144,6.6144,0.0000,1.7558,5.2381,0.5504,4.6877,NA,NA,NA,NA,NA,NA,NA
python.exe,29332,0x0,Other,-1,0,0,Composed: Copy with GPU GDI,2026-8-20 19:19:10.137589300,2.8821,2.8821,0.0000,0.3841,3.1656,0.8520,2.3136,NA,NA,NA,NA,NA,NA,NA
python.exe,29332,0x0,Other,0,0,1,Hardware: Legacy Flip,2026-8-20 19:19:10.140471400,2.2459,2.2459,0.0000,0.6713,1.6154,0.1316,1.4838,3.8149,17.9246,0.1212,7618.2605,NA,NA,NA
python.exe,29332,0x0,Other,-1,0,0,Composed: Copy with GPU GDI,2026-8-20 19:19:10.142717300,7.5803,7.5803,0.0000,0.0408,7.7468,1.8779,5.8689,NA,NA,NA,NA,NA,NA,NA
python.exe,29332,0x0,Other,-1,0,0,Composed: Copy with GPU GDI,2026-8-20 19:19:10.150297600,2.9803,2.9803,0.0000,0.2120,3.0417,0.5311,2.5106,NA,NA,NA,NA,NA,NA,NA
python.exe,29332,0x0,Other,-1,0,0,Composed: Copy with GPU GDI,2026-8-20 19:19:10.153277900,7.0209,7.0209,0.0000,7.6245,0.1165,0.1165,0.0000,NA,NA,NA,NA,NA,NA,NA
python.exe,29332,0x0,Other,0,0,1,Hardware: Legacy Flip,2026-8-20 19:19:10.160298800,0.5363,0.5363,0.0000,0.0000,7.3462,0.8280,6.5182,1.9121,14.9388,1.9028,7638.0879,NA,NA,NA
python.exe,29332,0x0,Other,-1,0,0,Composed: Copy with GPU GDI,2026-8-20 19:19:10.160835100,3.6568,3.6568,0.0000,0.1838,3.6068,1.3595,2.2473,16.3146,6.0686,-14.4025,7638.6242,NA,NA,NA
python.exe,29332,0x0,Other,-1,0,0,Composed: Copy with GPU GDI,2026-8-20 19:19:10.164491900,7.3617,7.3617,0.0000,0.1364,7.4587,0.4735,6.9852,18.7264,1.0122,-2.4118,7642.2810,NA,NA,NA
python.exe,29332,0x0,Other,-1,0,0,Composed: Copy with GPU GDI,2026-8-20 19:19:10.171853600,10.8956,10.8956,0.0000,11.1808,0.0346,0.0346,0.0000,NA,NA,NA,NA,NA,NA,NA
python.exe,29332,0x0,Other,0,0,1,Hardware: Legacy Flip,2026-8-20 19:19:10.182749200,0.2091,0.2091,0.0000,0.0000,10.9428,0.5230,10.4198,1.4813,10.8269,17.2451,7660.5383,NA,NA,NA
python.exe,29332,0x0,Other,-1,0,0,Composed: Copy with GPU GDI,2026-8-20 19:19:10.182958300,1.5084,1.5084,0.0000,0.1107,1.6971,1.6971,0.0000,NA,NA,NA,NA,NA,NA,NA
python.exe,29332,0x0,Other,-1,0,0,Composed: Copy with GPU GDI,2026-8-20 19:19:10.184466700,8.2005,8.2005,0.0000,0.3035,8.2316,0.5031,7.7285,NA,NA,NA,NA,NA,NA,NA
python.exe,29332,0x0,Other,0,0,1,Hardware: Legacy Flip,2026-8-20 19:19:10.192667200,1.0004,1.0004,0.0000,0.3380,0.6867,0.2660,0.4207,2.3902,15.9910,-0.9089,7670.4563,NA,NA,NA
python.exe,29332,0x0,Other,-1,0,0,Composed: Copy with GPU GDI,2026-8-20 19:19:10.193667600,2.6592,2.6592,0.0000,0.0243,3.6044,2.3483,1.2561,NA,NA,NA,NA,NA,NA,NA
python.exe,29332,0x0,Other,-1,0,0,Composed: Copy with GPU GDI,2026-8-20 19:19:10.196326800,7.2572,7.2572,0.0000,0.9750,6.3802,0.2591,6.1211,NA,NA,NA,NA,NA,NA,NA
python.exe,29332,0x0,Other,-1,0,0,Composed: Copy with GPU GDI,2026-8-20 19:19:10.203584000,4.6901,4.6901,0.0000,0.1020,4.9233,0.4967,4.4266,NA,NA,NA,NA,NA,NA,NA
python.exe,29332,0x0,Other,0,0,1,Hardware: Legacy Flip,2026-8-20 19:19:10.208274100,1.4805,1.4805,0.0000,0.3420,1.2164,0.1558,1.0606,2.7743,17.8632,-0.3841,7686.0632,NA,NA,NA
python.exe,29332,0x0,Other,-1,0,0,Composed: Copy with GPU GDI,2026-8-20 19:19:10.209754600,6.6120,6.6120,0.0000,0.0779,6.7481,1.4392,5.3089,NA,NA,NA,NA,NA,NA,NA
python.exe,29332,0x0,Other,-1,0,0,Composed: Copy with GPU GDI,2026-8-20 19:19:10.216366600,2.6967,2.6967,0.0000,0.2174,2.5733,0.3062,2.2671,NA,NA,NA,NA,NA,NA,NA
python.exe,29332,0x0,Other,-1,0,0,Composed: Copy with GPU GDI,2026-8-20 19:19:10.219063300,7.8387,7.8387,0.0000,0.0983,7.9630,0.4040,7.5590,NA,NA,NA,NA,NA,NA,NA
python.exe,29332,0x0,Other,0,0,1,Hardware: Legacy Flip,2026-8-20 19:19:10.226902000,0.8294,0.8294,0.0000,0.2254,0.7119,0.2135,0.4984,2.0096,21.0161,0.7647,7704.6911,NA,NA,NA
python.exe,29332,0x0,Other,-1,0,0,Composed: Copy with GPU GDI,2026-8-20 19:19:10.227731400,10.8268,10.8268,0.0000,0.1079,11.3560,1.9156,9.4404,NA,NA,NA,NA,NA,NA,NA
python.exe,29332,0x0,Other,-1,0,0,Composed: Copy with GPU GDI,2026-8-20 19:19:10.238558200,1.0813,1.0813,0.0000,0.6423,0.8420,0.5199,0.3221,11.3695,0.8541,-9.3599,7716.3473,NA,NA,NA
python.exe,29332,0x0,Other,0,0,1,Hardware: Legacy Flip,2026-8-20 19:19:10.239639500,9.6592,9.6592,0.0000,0.4092,9.3303,0.1896,9.1407,11.1423,11.2936,0.2272,7717.4286,NA,NA,NA
python.exe,29332,0x0,Other,-1,0,0,Composed: Copy with GPU GDI,2026-8-20 19:19:10.249298700,0.3330,0.3330,0.0000,0.0803,1.4821,1.4821,0.0000,NA,NA,NA,NA,NA,NA,NA
python.exe,29332,0x0,Other,-1,0,0,Composed: Copy with GPU GDI,2026-8-20 19:19:10.249631700,0.5380,0.5380,0.0000,1.2326,0.0056,0.0056,0.0000,12.4437,1.1497,-1.3014,7727.4208,NA,NA,NA
python.exe,29332,0x0,Other,-1,0,0,Composed: Copy with GPU GDI,2026-8-20 19:19:10.250169700,11.2475,11.2475,0.0000,0.7000,11.3154,0.9351,10.3803,NA,NA,NA,NA,NA,NA,NA
python.exe,29332,0x0,Other,0,0,1,Hardware: Legacy Flip,2026-8-20 19:19:10.261417200,0.7672,0.7672,0.0000,0.7679,0.0267,0.0267,0.0000,1.8079,17.1851,10.6358,7739.2063,NA,NA,NA
python.exe,29332,0x0,Other,-1,0,0,Composed: Copy with GPU GDI,2026-8-20 19:19:10.262184400,0.1984,0.1984,0.0000,0.0274,1.8726,1.8726,0.0000,18.2258,4.6868,-16.4179,7739.9735,NA,NA,NA
python.exe,29332,0x0,Other,-1,0,0,Composed: Copy with GPU GDI,2026-8-20 19:19:10.262382800,9.3804,9.3804,0.0000,1.7045,7.9846,0.5500,7.4346,NA,NA,NA,NA,NA,NA,NA
python.exe,29332,0x0,Other,-1,0,0,Composed: Copy with GPU GDI,2026-8-20 19:19:10.271763200,1.7332,1.7332,0.0000,0.3144,1.8107,0.5178,1.2929,NA,NA,NA,NA,NA,NA,NA
python.exe,29332,0x0,Other,-1,0,0,Composed: Copy with GPU GDI,2026-8-20 19:19:10.273496400,10.0309,10.0309,0.0000,0.3950,9.8272,0.4496,9.3776,NA,NA,NA,NA,NA,NA,NA
python.exe,29332,0x0,Other,0,0,1,Hardware: Legacy Flip,2026-8-20 19:19:10.283527300,0.3553,0.3553,0.0000,0.1984,0.2577,0.1765,0.0812,1.5697,7.3044,16.6561,7761.3164,NA,NA,NA
python.exe,29332,0x0,Other,-1,0,0,Composed: Copy with GPU GDI,2026-8-20 19:19:10.283882600,2.1521,2.1521,0.0000,0.1008,2.4620,1.5139,0.9481,8.5188,3.0428,-6.9491,7761.6717,NA,NA,NA
python.exe,29332,0x0,Other,0,0,1,Hardware: Legacy Flip,2026-8-20 19:19:10.286034700,8.2531,8.2531,0.0000,0.4148,7.8548,0.0712,7.7836,9.4095,15.2546,-0.8907,7763.8238,NA,NA,NA
python.exe,29332,0x0,Other,-1,0,0,Composed: Copy with GPU GDI,2026-8-20 19:19:10.294287800,1.1380,1.1380,0.0000,0.0165,1.6753,1.6753,0.0000,NA,NA,NA,NA,NA,NA,NA
python.exe,29332,0x0,Other,-1,0,0,Composed: Copy with GPU GDI,2026-8-20 19:19:10.295425800,2.0383,2.0383,0.0000,0.5597,1.7992,0.5847,1.2145,15.2730,5.9626,-5.8635,7773.2149,NA,NA,NA
python.exe,29332,0x0,Other,-1,0,0,Composed: Copy with GPU GDI,2026-8-20 19:19:10.297464100,7.8009,7.8009,0.0000,0.3256,8.2245,1.0179,7.2066,19.1973,3.1601,-3.9243,7775.2532,NA,NA,NA
python.exe,29332,0x0,Other,-1,0,0,Composed: Copy with GPU GDI,2026-8-20 19:19:10.305265000,10.8126,10.8126,0.0000,0.7530,10.1515,0.2331,9.9184,NA,NA,NA,NA,NA,NA,NA
python.exe,29332,0x0,Other,-1,0,0,Composed: Copy with GPU GDI,2026-8-20 19:19:10.316077600,2.0498,2.0498,0.0000,2.3984,0.2421,0.2421,0.0000,NA,NA,NA,NA,NA,NA,NA
python.exe,29332,0x0,Other,0,0,1,Hardware: Legacy Flip,2026-8-20 19:19:10.318127400,0.2476,0.2476,0.0000,0.0000,2.2932,0.5863,1.7069,1.6941,9.2924,17.5032,7795.9165,NA,NA,NA
python.exe,29332,0x0,Other,-1,0,0,Composed: Copy with GPU GDI,2026-8-20 19:19:10.318375000,8.7795,8.7795,0.0000,0.3431,8.6069,1.3231,7.2838,NA,NA,NA,NA,NA,NA,NA
python.exe,29332,0x0,Other,0,0,1,Hardware: Legacy Flip,2026-8-20 19:19:10.327154500,0.3716,0.3716,0.0000,0.1758,0.2134,0.0676,0.1458,1.9594,17.9151,-0.2653,7804.9436,NA,NA,NA
python.exe,29332,0x0,Other,-1,0,0,Composed: Copy with GPU GDI,2026-8-20 19:19:10.327526100,1.0610,1.0610,0.0000,0.0176,1.8578,1.8578,0.0000,19.5029,1.3913,-17.5435,7805.3152,NA,NA,NA
python.exe,29332,0x0,Other,-1,0,0,Composed: Copy with GPU GDI,2026-8-20 19:19:10.328587100,9.0575,9.0575,0.0000,0.8173,8.3891,0.2822,8.1069,NA,NA,NA,NA,NA,NA,NA
python.exe,29332,0x0,Other,-1,0,0,Composed: Copy with GPU GDI,2026-8-20 19:19:10.337644600,2.5980,2.5980,0.0000,0.1537,2.7299,0.3928,2.3371,NA,NA,NA,NA,NA,NA,NA
python.exe,29332,0x0,Other,0,0,1,Hardware: Legacy Flip,2026-8-20 19:19:10.340242600,6.9263,6.9263,0.0000,0.2889,6.7655,0.3755,6.3900,8.1777,10.7547,11.3252,7818.0317,NA,NA,NA
python.exe,29332,0x0,Other,-1,0,0,Composed: Copy with GPU GDI,2026-8-20 19:19:10.347168900,2.1145,2.1145,0.0000,0.1281,2.6984,1.9823,0.7161,12.0061,3.0801,-3.8284,7824.9580,NA,NA,NA
python.exe,29332,0x0,Other,-1,0,0,Composed: Copy with GPU GDI,2026-8-20 19:19:10.349283400,4.2303,4.2303,0.0000,0.7175,3.7167,0.3693,3.3474,NA,NA,NA,NA,NA,NA,NA
python.exe,29332,0x0,Other,0,0,1,Hardware: Legacy Flip,2026-8-20 19:19:10.353513700,7.1457,7.1457,0.0000,0.2078,6.9550,0.0693,6.8857,8.7414,15.0719,3.2647,7831.3028,NA,NA,NA
python.exe,29332,0x0,Other,-1,0,0,Composed: Copy with GPU GDI,2026-8-20 19:19:10.360659400,0.1415,0.1415,0.0000,0.0171,0.4591,0.4591,0.0000,NA,NA,NA,NA,NA,NA,NA
python.exe,29332,0x0,Other,-1,0,0,Composed: Copy with GPU GDI,2026-8-20 19:19:10.360800900,4.1571,4.1571,0.0000,0.3347,4.3029,1.6999,2.6030,16.5261,6.0636,-7.7847,7838.5900,NA,NA,NA
python.exe,29332,0x0,Other,-1,0,0,Composed: Copy with GPU GDI,2026-8-20 19:19:10.364958000,7.0437,7.0437,0.0000,0.4873,7.2066,0.7898,6.4168,18.4326,0.7649,-1.9065,7842.7471,NA,NA,NA
python.exe,29332,0x0,Other,-1,0,0,Composed: Copy with GPU GDI,2026-8-20 19:19:10.372001700,10.1461,10.1461,0.0000,0.6578,9.6812,0.3311,9.3501,NA,NA,NA,NA,NA,NA,NA
python.exe,29332,0x0,Other,0,0,1,Hardware: Legacy Flip,2026-8-20 19:19:10.382147800,0.8390,0.8390,0.0000,0.1967,0.7386,0.1728,0.5658,2.0077,11.1732,16.4249,7859.9369,NA,NA,NA
python.exe,29332,0x0,Other,-1,0,0,Composed: Copy with GPU GDI,2026-8-20 19:19:10.382986800,0.8641,0.8641,0.0000,0.0963,1.8965,1.8965,0.0000,NA,NA,NA,NA,NA,NA,NA
python.exe,29332,0x0,Other,-1,0,0,Composed: Copy with GPU GDI,2026-8-20 19:19:10.383850900,9.2368,9.2368,0.0000,1.1323,8.7874,0.8367,7.9507,NA,NA,NA,NA,NA,NA,NA
python.exe,29332,0x0,Other,0,0,1,Hardware: Legacy Flip,2026-8-20 19:19:10.393087700,0.7946,0.7946,0.0000,0.6869,0.1285,0.0644,0.0641,2.2410,18.4794,-0.2333,7870.8768,NA,NA,NA
python.exe,29332,0x0,Other,-1,0,0,Composed: Copy with GPU GDI,2026-8-20 19:19:10.393882300,1.4023,1.4023,0.0000,0.0208,1.8984,1.8984,0.0000,19.9258,3.4353,-17.6848,7871.6714,NA,NA,NA
python.exe,29332,0x0,Other,-1,0,0,Composed: Copy with GPU GDI,2026-8-20 19:19:10.395284600,8.9543,8.9543,0.0000,0.5201,8.6144,0.3210,8.2934,NA,NA,NA,NA,NA,NA,NA
python.exe,29332,0x0,Other,-1,0,0,Composed: Copy with GPU GDI,2026-8-20 19:19:10.404238900,3.9463,3.9463,0.0000,0.1831,4.1360,0.5241,3.6119,NA,NA,NA,NA,NA,NA,NA
python.exe,29332,0x0,Other,0,0,1,Hardware: Legacy Flip,2026-8-20 19:19:10.408185200,7.6150,7.6150,0.0000,0.3887,7.2810,0.1062,7.1748,9.0582,11.2636,10.8676,7885.9743,NA,NA,NA
python.exe,29332,0x0,Other,-1,0,0,Composed: Copy with GPU GDI,2026-8-20 19:19:10.415800200,1.2623,1.2623,0.0000,0.0547,1.6762,1.6762,0.0000,NA,NA,NA,NA,NA,NA,NA
python.exe,29332,0x0,Other,-1,0,0,Composed: Copy with GPU GDI,2026-8-20 19:19:10.417062500,1.8321,1.8321,0.0000,0.4725,1.6780,0.5543,1.1237,NA,NA,NA,NA,NA,NA,NA
python.exe,29332,0x0,Other,-1,0,0,Composed: Copy with GPU GDI,2026-8-20 19:19:10.418894600,7.2808,7.2808,0.0000,0.3225,7.2446,0.5362,6.7084,NA,NA,NA,NA,NA,NA,NA
python.exe,29332,0x0,Other,0,0,1,Hardware: Legacy Flip,2026-8-20 19:19:10.426175400,0.9426,0.9426,0.0000,0.2904,0.6819,0.1178,0.5641,2.3316,14.5734,6.7266,7903.9645,NA,NA,NA
python.exe,29332,0x0,Other,-1,0,0,Composed: Copy with GPU GDI,2026-8-20 19:19:10.427118000,9.6431,9.6431,0.0000,0.0297,9.8619,1.6542,8.2077,NA,NA,NA,NA,NA,NA,NA
python.exe,29332,0x0,Other,-1,0,0,Composed: Copy with GPU GDI,2026-8-20 19:19:10.436761100,1.2392,1.2392,0.0000,0.2522,1.6951,0.8687,0.8264,NA,NA,NA,NA,NA,NA,NA
python.exe,29332,0x0,Other,0,0,1,Hardware: Legacy Flip,2026-8-20 19:19:10.438000300,3.9842,3.9842,0.0000,0.7157,3.3596,0.1901,3.1695,5.0801,13.1905,-2.7485,7915.7894,NA,NA,NA
python.exe,29332,0x0,Other,-1,0,0,Composed: Copy with GPU GDI,2026-8-20 19:19:10.441984500,0.7083,0.7083,0.0000,0.0911,1.5739,1.5739,0.0000,14.2864,6.0412,-9.2063,7919.7736,NA,NA,NA
python.exe,29332,0x0,Other,-1,0,0,Composed: Copy with GPU GDI,2026-8-20 19:19:10.442692800,7.4151,7.4151,0.0000,0.9598,7.0174,0.7185,6.2989,NA,NA,NA,NA,NA,NA,NA
python.exe,29332,0x0,Other,-1,0,0,Composed: Copy with GPU GDI,2026-8-20 19:19:10.450107900,9.9805,9.9805,0.0000,0.6008,9.5552,0.3516,9.2036,NA,NA,NA,NA,NA,NA,NA
python.exe,29332,0x0,Other,0,0,1,Hardware: Legacy Flip,2026-8-20 19:19:10.460088400,1.0074,1.0074,0.0000,0.1803,0.9505,0.1900,0.7605,2.2237,14.2095,12.0627,7937.8775,NA,NA,NA
python.exe,29332,0x0,Other,-1,0,0,Composed: Copy with GPU GDI,2026-8-20 19:19:10.461095800,1.4038,1.4038,0.0000,0.1234,1.6104,1.4333,0.1771,NA,NA,NA,NA,NA,NA,NA
python.exe,29332,0x0,Other,-1,0,0,Composed: Copy with GPU GDI,2026-8-20 19:19:10.462499600,9.1054,9.1054,0.0000,0.3335,8.8698,0.2357,8.6341,NA,NA,NA,NA,NA,NA,NA
python.exe,29332,0x0,Other,-1,0,0,Composed: Copy with GPU GDI,2026-8-20 19:19:10.471605000,2.3956,2.3956,0.0000,0.1074,2.3705,0.2236,2.1469,NA,NA,NA,NA,NA,NA,NA
python.exe,29332,0x0,Other,0,0,1,Hardware: Legacy Flip,2026-8-20 19:19:10.474000600,1.4081,1.4081,0.0000,0.0871,1.4109,0.1627,1.2482,2.5210,16.1887,-0.2973,7951.7897,NA,NA,NA
python.exe,29332,0x0,Other,-1,0,0,Composed: Copy with GPU GDI,2026-8-20 19:19:10.475408700,8.4852,8.4852,0.0000,0.0899,8.7307,1.4446,7.2861,17.3016,5.8918,-14.7806,7953.1978,NA,NA,NA
python.exe,29332,0x0,Other,-1,0,0,Composed: Copy with GPU GDI,2026-8-20 19:19:10.483893900,3.3092,3.3092,0.0000,0.3391,3.3803,0.6278,2.7525,NA,NA,NA,NA,NA,NA,NA
python.exe,29332,0x0,Other,-1,0,0,Composed: Copy with GPU GDI,2026-8-20 19:19:10.487203100,8.4365,8.4365,0.0000,0.4144,8.6975,0.8851,7.8124,NA,NA,NA,NA,NA,NA,NA
python.exe,29332,0x0,Other,0,0,1,Hardware: Legacy Flip,2026-8-20 19:19:10.495639600,1.8292,1.8292,0.0000,0.6812,1.2566,0.2162,1.0404,2.9625,18.3499,14.3391,7973.4287,NA,NA,NA
python.exe,29332,0x0,Other,-1,0,0,Composed: Copy with GPU GDI,2026-8-20 19:19:10.497468800,0.9615,0.9615,0.0000,0.1086,1.5460,1.5460,0.0000,19.4832,1.1586,-16.5207,7975.2579,NA,NA,NA
python.exe,29332,0x0,Other,-1,0,0,Composed: Copy with GPU GDI,2026-8-20 19:19:10.498430300,7.6463,7.6463,0.0000,0.7073,7.9158,1.3102,6.6056,NA,NA,NA,NA,NA,NA,NA
python.exe,29332,0x0,Other,-1,0,0,Composed: Copy with GPU GDI,2026-8-20 19:19:10.506076600,8.7284,8.7284,0.0000,0.9848,8.0977,0.6021,7.4956,NA,NA,NA,NA,NA,NA,NA
python.exe,29332,0x0,Other,-1,0,0,Composed: Copy with GPU GDI,2026-8-20 19:19:10.514805000,1.3964,1.3964,0.0000,0.3595,1.3029,0.3723,0.9306,NA,NA,NA,NA,NA,NA,NA
python.exe,29332,0x0,Other,0,0,1,Hardware: Legacy Flip,2026-8-20 19:19:10.516201400,0.4132,0.4132,0.0000,0.2705,0.3234,0.2632,0.0602,1.9092,11.9230,17.5740,7993.9905,NA,NA,NA
python.exe,29332,0x0,Other,-1,0,0,Composed: Copy with GPU GDI,2026-8-20 19:19:10.516614600,10.5547,10.5547,0.0000,0.1807,10.7105,1.7389,8.9716,NA,NA,NA,NA,NA,NA,NA
python.exe,29332,0x0,Other,0,0,1,Hardware: Legacy Flip,2026-8-20 19:19:10.527169300,1.5009,1.5009,0.0000,0.3400,1.2304,0.2197,1.0107,2.8643,17.1608,-0.9551,8004.9584,NA,NA,NA
python.exe,29332,0x0,Other,-1,0,0,Composed: Copy with GPU GDI,2026-8-20 19:19:10.528670200,0.4539,0.4539,0.0000,0.0695,1.7640,1.7640,0.0000,18.5242,3.9362,-15.6599,8006.4593,NA,NA,NA
python.exe,29332,0x0,Other,-1,0,0,Composed: Copy with GPU GDI,2026-8-20 19:19:10.529124100,9.1429,9.1429,0.0000,1.3825,8.0296,0.4542,7.5754,NA,NA,NA,NA,NA,NA,NA
python.exe,29332,0x0,Other,-1,0,0,Composed: Copy with GPU GDI,2026-8-20 19:19:10.538267000,2.4765,2.4765,0.0000,0.2733,2.8361,0.8034,2.0327,NA,NA,NA,NA,NA,NA,NA
python.exe,29332,0x0,Other,0,0,1,Hardware: Legacy Flip,2026-8-20 19:19:10.540743500,9.2002,9.2002,0.0000,0.6364,8.6359,0.1504,8.4855,10.3871,13.2712,8.1371,8018.5326,NA,NA,NA
python.exe,29332,0x0,Other,-1,0,0,Composed: Copy with GPU GDI,2026-8-20 19:19:10.549943700,0.5070,0.5070,0.0000,0.0721,1.6676,1.6676,0.0000,NA,NA,NA,NA,NA,NA,NA
python.exe,29332,0x0,Other,-1,0,0,Composed: Copy with GPU GDI,2026-8-20 19:19:10.550450700,1.9521,1.9521,0.0000,1.2401,0.8689,0.3285,0.5404,NA,NA,NA,NA,NA,NA,NA
python.exe,29332,0x0,Other,-1,0,0,Composed: Copy with GPU GDI,2026-8-20 19:19:10.552402800,9.7290,9.7290,0.0000,0.1616,9.7612,0.3512,9.4100,NA,NA,NA,NA,NA,NA,NA
python.exe,29332,0x0,Other,0,0,1,Hardware: Legacy Flip,2026-8-20 19:19:10.562131800,0.8450,0.8450,0.0000,0.1982,0.6727,0.0941,0.5786,2.2700,19.2131,8.1171,8039.9209,NA,NA,NA
python.exe,29332,0x0,Other,-1,0,0,Composed: Copy with GPU GDI,2026-8-20 19:19:10.562976800,9.5872,9.5872,0.0000,0.0259,9.8572,1.7763,8.0809,NA,NA,NA,NA,NA,NA,NA
python.exe,29332,0x0,Other,-1,0,0,Composed: Copy with GPU GDI,2026-8-20 19:19:10.572564000,0.7999,0.7999,0.0000,0.3004,0.6589,0.3097,0.3492,11.0509,2.7643,-8.7809,8050.3531,NA,NA,NA
python.exe,29332,0x0,Other,-1,0,0,Composed: Copy with GPU GDI,2026-8-20 19:19:10.573363900,11.3294,11.3294,0.0000,11.6055,0.3240,0.3240,0.0000,NA,NA,NA,NA,NA,NA,NA
python.exe,29332,0x0,Other,0,0,1,Hardware: Legacy Flip,2026-8-20 19:19:10.584693300,0.1984,0.1984,0.0000,0.0000,11.4396,0.4423,10.9973,1.6859,9.4003,9.3650,8062.4824,NA,NA,NA
python.exe,29332,0x0,Other,-1,0,0,Composed: Copy with GPU GDI,2026-8-20 19:19:10.584891700,0.8961,0.8961,0.0000,0.4017,1.2972,1.2972,0.0000,10.8878,1.1044,-9.2019,8062.6808,NA,NA,NA
python.exe,29332,0x0,Other,-1,0,0,Composed: Copy with GPU GDI,2026-8-20 19:19:10.585787800,9.6318,9.6318,0.0000,0.8078,9.1656,0.7178,8.4478,NA,NA,NA,NA,NA,NA,NA
python.exe,29332,0x0,Other,0,0,1,Hardware: Legacy Flip,2026-8-20 19:19:10.595419600,0.3507,0.3507,0.0000,0.3416,0.1376,0.1376,0.0000,1.4643,17.0816,9.4235,8073.2087,NA,NA,NA
python.exe,29332,0x0,Other,-1,0,0,Composed: Copy with GPU GDI,2026-8-20 19:19:10.595770300,1.3702,1.3702,0.0000,0.1285,1.8160,1.8160,0.0000,18.1952,5.8772,-16.7309,8073.5594,NA,NA,NA
python.exe,29332,0x0,Other,-1,0,0,Composed: Copy with GPU GDI,2026-8-20 19:19:10.597140500,10.2044,10.2044,0.0000,0.5795,10.4073,0.9580,9.4493,NA,NA,NA,NA,NA,NA,NA
python.exe,29332,0x0,Other,-1,0,0,Composed: Copy with GPU GDI,2026-8-20 19:19:10.607344900,8.7234,8.7234,0.0000,0.7886,8.3101,0.6002,7.7099,NA,NA,NA,NA,NA,NA,NA
python.exe,29332,0x0,Other,-1,0,0,Composed: Copy with GPU GDI,2026-8-20 19:19:10.616068300,1.6246,1.6246,0.0000,0.3798,1.6443,0.6408,1.0035,NA,NA,NA,NA,NA,NA,NA
python.exe,29332,0x0,Other,0,0,1,Hardware: Legacy Flip,2026-8-20 19:19:10.617692900,0.4290,0.4290,0.0000,0.3995,0.0840,0.0840,0.0000,2.1498,9.3147,16.0454,8095.4820,NA,NA,NA
python.exe,29332,0x0,Other,-1,0,0,Composed: Copy with GPU GDI,2026-8-20 19:19:10.618121900,0.4641,0.4641,0.0000,0.0545,0.5983,0.5983,0.0000,NA,NA,NA,NA,NA,NA,NA
python.exe,29332,0x0,Other,-1,0,0,Composed: Copy with GPU GDI,2026-8-20 19:19:10.618586000,9.4352,9.4352,0.0000,9.6586,0.6632,0.6632,0.0000,NA,NA,NA,NA,NA,NA,NA
python.exe,29332,0x0,Other,0,0,1,Hardware: Legacy Flip,2026-8-20 19:19:10.628021200,0.1806,0.1806,0.0000,0.0000,9.4699,1.6614,7.8085,1.1362,9.0675,1.0136,8105.8103,NA,NA,NA
python.exe,29332,0x0,Other,-1,0,0,Composed: Copy with GPU GDI,2026-8-20 19:19:10.628201800,2.9719,2.9719,0.0000,0.7060,2.5319,0.5696,1.9623,10.0231,12.1122,-8.8869,8105.9909,NA,NA,NA
python.exe,29332,0x0,Other,-1,0,0,Composed: Copy with GPU GDI,2026-8-20 19:19:10.631173700,8.4310,8.4310,0.0000,0.2698,8.4288,0.3760,8.0528,19.1634,0.7960,-9.1403,8108.9628,NA,NA,NA
python.exe,29332,0x0,Other,0,0,1,Hardware: Legacy Flip,2026-8-20 19:19:10.639604700,10.4526,10.4526,0.0000,0.2745,10.2535,0.2322,10.0213,11.5284,11.3951,7.6350,8117.3938,NA,NA,NA
python.exe,29332,0x0,Other,-1,0,0,Composed: Copy with GPU GDI,2026-8-20 19:19:10.650057300,0.3567,0.3567,0.0000,0.0754,1.5581,1.5581,0.0000,NA,NA,NA,NA,NA,NA,NA
python.exe,29332,0x0,Other,-1,0,0,Composed: Copy with GPU GDI,2026-8-20 19:19:10.650414000,0.9697,0.9697,0.0000,1.2825,0.0347,0.0347,0.0000,12.1142,48.7467,-0.5858,8128.2031,NA,NA,NA
python.exe,29332,0x0,Other,-1,0,0,Composed: Copy with GPU GDI,2026-8-20 19:19:10.651383700,56.4696,56.4696,0.0000,0.3489,56.7159,0.7275,55.9884,NA,NA,NA,NA,NA,NA,NA
python.exe,29332,0x0,Other,0,0,1,Hardware: Legacy Flip,2026-8-20 19:19:10.707853300,1.7252,1.7252,0.0000,0.6035,1.2024,0.1608,1.0416,3.4216,3.6066,8.6926,8185.6424,NA,NA,NA
python.exe,29332,0x0,Other,-1,0,0,Composed: Copy with GPU GDI,2026-8-20 19:19:10.709578500,0.2752,0.2752,0.0000,0.0807,0.3852,0.3852,0.0000,NA,NA,NA,NA,NA,NA,NA
python.exe,29332,0x0,Other,-1,0,0,Composed: Copy with GPU GDI,2026-8-20 19:19:10.709853700,3.0929,3.0929,0.0000,0.1907,3.1882,1.4844,1.7038,NA,NA,NA,NA,NA,NA,NA
python.exe,29332,0x0,Other,0,0,1,Hardware: Legacy Flip,2026-8-20 19:19:10.712946600,0.4618,0.4618,0.0000,0.2916,0.2018,0.1149,0.0869,1.9349,14.9715,1.4867,8190.7357,NA,NA,NA
python.exe,29332,0x0,Other,-1,0,0,Composed: Copy with GPU GDI,2026-8-20 19:19:10.713408400,4.1922,4.1922,0.0000,0.0316,4.3746,1.6306,2.7440,NA,NA,NA,NA,NA,NA,NA
python.exe,29332,0x0,Other,-1,0,0,Composed: Copy with GPU GDI,2026-8-20 19:19:10.717600600,9.9704,9.9704,0.0000,0.2179,9.8965,0.3035,9.5930,NA,NA,NA,NA,NA,NA,NA
python.exe,29332,0x0,Other,0,0,1,Hardware: Legacy Flip,2026-8-20 19:19:10.727571000,0.5014,0.5014,0.0000,0.1482,0.4437,0.1557,0.2880,2.2820,11.5175,-0.3471,8205.3601,NA,NA,NA
python.exe,29332,0x0,Other,-1,0,0,Composed: Copy with GPU GDI,2026-8-20 19:19:10.728072400,0.4682,0.4682,0.0000,0.0905,0.5277,0.5277,0.0000,13.2981,6.0143,-11.0161,8205.8615,NA,NA,NA
python.exe,29332,0x0,Other,-1,0,0,Composed: Copy with GPU GDI,2026-8-20 19:19:10.728540600,9.3007,9.3007,0.0000,0.1500,9.7805,1.8748,7.9057,18.8442,4.0553,-5.5461,8206.3297,NA,NA,NA
python.exe,29332,0x0,Other,-1,0,0,Composed: Copy with GPU GDI,2026-8-20 19:19:10.737841300,3.6528,3.6528,0.0000,0.6368,3.2478,0.3769,2.8709,NA,NA,NA,NA,NA,NA,NA
python.exe,29332,0x0,Other,-1,0,0,Composed: Copy with GPU GDI,2026-8-20 19:19:10.741494100,8.4101,8.4101,0.0000,0.2378,8.3775,0.4428,7.9347,NA,NA,NA,NA,NA,NA,NA
python.exe,29332,0x0,Other,0,0,1,Hardware: Legacy Flip,2026-8-20 19:19:10.749904200,0.2582,0.2582,0.0000,0.2052,0.1408,0.1408,0.0000,1.5359,12.1058,17.3083,8227.6933,NA,NA,NA
python.exe,29332,0x0,Other,-1,0,0,Composed: Copy with GPU GDI,2026-8-20 19:19:10.750162400,3.0735,3.0735,0.0000,0.0878,3.4869,1.7960,1.6909,NA,NA,NA,NA,NA,NA,NA
python.exe,29332,0x0,Other,-1,0,0,Composed: Copy with GPU GDI,2026-8-20 19:19:10.753235900,8.2774,8.2774,0.0000,0.5063,7.8941,0.3649,7.5292,NA,NA,NA,NA,NA,NA,NA
python.exe,29332,0x0,Other,0,0,1,Hardware: Legacy Flip,2026-8-20 19:19:10.761513300,0.9313,0.9313,0.0000,0.1287,0.8341,0.1226,0.7115,2.0326,8.1330,-0.4967,8239.3024,NA,NA,NA
python.exe,29332,0x0,Other,-1,0,0,Composed: Copy with GPU GDI,2026-8-20 19:19:10.762444600,2.2224,2.2224,0.0000,0.0315,2.4782,1.5223,0.9559,9.2343,12.1165,-7.2017,8240.2337,NA,NA,NA
python.exe,29332,0x0,Other,-1,0,0,Composed: Copy with GPU GDI,2026-8-20 19:19:10.764667000,8.2899,8.2899,0.0000,0.2952,8.3485,0.5378,7.8107,19.1284,2.7230,-9.8941,8242.4561,NA,NA,NA
python.exe,29332,0x0,Other,-1,0,0,Composed: Copy with GPU GDI,2026-8-20 19:19:10.772956900,10.0407,10.0407,0.0000,0.3847,10.3294,0.9286,9.4008,NA,NA,NA,NA,NA,NA,NA
python.exe,29332,0x0,Other,0,0,1,Hardware: Legacy Flip,2026-8-20 19:19:10.782997600,1.8086,1.8086,0.0000,0.6804,1.2301,0.2273,1.0028,3.5208,10.1604,15.6076,8260.7867,NA,NA,NA
python.exe,29332,0x0,Other,-1,0,0,Composed: Copy with GPU GDI,2026-8-20 19:19:10.784806200,0.3153,0.3153,0.0000,0.1019,0.5395,0.5395,0.0000,NA,NA,NA,NA,NA,NA,NA
python.exe,29332,0x0,Other,-1,0,0,Composed: Copy with GPU GDI,2026-8-20 19:19:10.785121500,8.7874,8.7874,0.0000,0.3261,8.8117,1.5197,7.2920,NA,NA,NA,NA,NA,NA,NA
python.exe,29332,0x0,Other,0,0,1,Hardware: Legacy Flip,2026-8-20 19:19:10.793908900,1.2617,1.2617,0.0000,0.3537,0.9296,0.0827,0.8469,2.7699,11.3828,0.7509,8271.6980,NA,NA,NA
python.exe,29332,0x0,Other,-1,0,0,Composed: Copy with GPU GDI,2026-8-20 19:19:10.795170600,0.2391,0.2391,0.0000,0.0216,0.4237,0.4237,0.0000,12.8910,6.0967,-10.1211,8272.9597,NA,NA,NA
python.exe,29332,0x0,Other,-1,0,0,Composed: Copy with GPU GDI,2026-8-20 19:19:10.795409700,11.0136,11.0136,0.0000,0.2062,10.9742,1.3253,9.6489,NA,NA,NA,NA,NA,NA,NA
python.exe,29332,0x0,Other,-1,0,0,Composed: Copy with GPU GDI,2026-8-20 19:19:10.806423300,0.7788,0.7788,0.0000,0.1787,1.0010,0.5519,0.4491,7.7350,4.7037,5.1560,8284.2124,NA,NA,NA
python.exe,29332,0x0,Other,-1,0,0,Composed: Copy with GPU GDI,2026-8-20 19:19:10.807202100,10.3151,10.3151,0.0000,0.4041,10.1547,0.3916,9.7631,NA,NA,NA,NA,NA,NA,NA
python.exe,29332,0x0,Other,0,0,1,Hardware: Legacy Flip,2026-8-20 19:19:10.817517200,0.2556,0.2556,0.0000,0.2437,0.0953,0.0953,0.0000,1.3448,7.4433,6.3902,8295.3063,NA,NA,NA
python.exe,29332,0x0,Other,-1,0,0,Composed: Copy with GPU GDI,2026-8-20 19:19:10.817772800,2.1594,2.1594,0.0000,0.0834,2.3975,1.3266,1.0709,8.5325,2.8900,-7.1877,8295.5619,NA,NA,NA
python.exe,29332,0x0,Other,-1,0,0,Composed: Copy with GPU GDI,2026-8-20 19:19:10.819932200,7.1866,7.1866,0.0000,0.3286,7.1577,0.4573,6.7004,NA,NA,NA,NA,NA,NA,NA
python.exe,29332,0x0,Other,0,0,1,Hardware: Legacy Flip,2026-8-20 19:19:10.827118800,1.0023,1.0023,0.0000,0.3048,0.7383,0.1310,0.6073,2.0765,9.2539,6.4560,8304.9079,NA,NA,NA
python.exe,29332,0x0,Other,-1,0,0,Composed: Copy with GPU GDI,2026-8-20 19:19:10.828121100,2.8777,2.8777,0.0000,0.0408,3.0307,1.2373,1.7934,10.3281,12.1136,-8.2516,8305.9102,NA,NA,NA
python.exe,29332,0x0,Other,-1,0,0,Composed: Copy with GPU GDI,2026-8-20 19:19:10.830998800,9.3107,9.3107,0.0000,0.2134,9.2769,0.2522,9.0247,19.5640,2.4223,-9.2359,8308.7879,NA,NA,NA
python.exe,29332,0x0,Other,-1,0,0,Composed: Copy with GPU GDI,2026-8-20 19:19:10.840309500,10.1339,10.1339,0.0000,0.1718,10.9613,0.9889,9.9724,NA,NA,NA,NA,NA,NA,NA
python.exe,29332,0x0,Other,0,0,1,Hardware: Legacy Flip,2026-8-20 19:19:10.850443400,1.4240,1.4240,0.0000,1.0065,0.5248,0.2172,0.3076,2.5417,8.6274,17.0223,8328.2325,NA,NA,NA
python.exe,29332,0x0,Other,-1,0,0,Composed: Copy with GPU GDI,2026-8-20 19:19:10.851867400,0.6923,0.6923,0.0000,0.1073,1.4350,1.4350,0.0000,NA,NA,NA,NA,NA,NA,NA
python.exe,29332,0x0,Other,-1,0,0,Composed: Copy with GPU GDI,2026-8-20 19:19:10.852559700,6.9036,6.9036,0.0000,0.8553,6.2543,0.4022,5.8521,NA,NA,NA,NA,NA,NA,NA
python.exe,29332,0x0,Other,0,0,1,Hardware: Legacy Flip,2026-8-20 19:19:10.859463300,0.9437,0.9437,0.0000,0.2108,0.7539,0.0779,0.6760,2.1492,13.1987,0.3925,8337.2524,NA,NA,NA
python.exe,29332,0x0,Other,-1,0,0,Composed: Copy with GPU GDI,2026-8-20 19:19:10.860407000,1.7418,1.7418,0.0000,0.0210,2.1350,1.7141,0.4209,14.4042,6.0427,-12.2550,8338.1961,NA,NA,NA
python.exe,29332,0x0,Other,-1,0,0,Composed: Copy with GPU GDI,2026-8-20 19:19:10.862148800,9.3879,9.3879,0.0000,0.4202,9.3686,0.5853,8.7833,NA,NA,NA,NA,NA,NA,NA
python.exe,29332,0x0,Other,-1,0,0,Composed: Copy with GPU GDI,2026-8-20 19:19:10.871536700,2.9474,2.9474,0.0000,0.4049,2.8976,0.4900,2.4076,9.3172,5.2477,5.0870,8349.3258,NA,NA,NA
python.exe,29332,0x0,Other,-1,0,0,Composed: Copy with GPU GDI,2026-8-20 19:19:10.874484100,9.5602,9.5602,0.0000,0.3586,9.6939,0.7082,8.9857,NA,NA,NA,NA,NA,NA,NA
python.exe,29332,0x0,Other,0,0,1,Hardware: Legacy Flip,2026-8-20 19:19:10.884044300,0.5933,0.5933,0.0000,0.4986,0.1758,0.1724,0.0034,2.0573,6.9158,7.2599,8361.8334,NA,NA,NA
python.exe,29332,0x0,Other,-1,0,0,Composed: Copy with GPU GDI,2026-8-20 19:19:10.884637600,0.9801,0.9801,0.0000,0.0811,1.5888,1.5888,0.0000,8.3798,2.6998,-6.3225,8362.4267,NA,NA,NA
python.exe,29332,0x0,Other,-1,0,0,Composed: Copy with GPU GDI,2026-8-20 19:19:10.885617700,8.3154,8.3154,0.0000,0.6939,7.9873,0.5883,7.3990,NA,NA,NA,NA,NA,NA,NA
python.exe,29332,0x0,Other,0,0,1,Hardware: Legacy Flip,2026-8-20 19:19:10.893933100,0.5799,0.5799,0.0000,0.3707,0.2290,0.0745,0.1545,1.7841,9.4321,6.5957,8371.7222,NA,NA,NA
python.exe,29332,0x0,Other,-1,0,0,Composed: Copy with GPU GDI,2026-8-20 19:19:10.894513000,3.1713,3.1713,0.0000,0.0198,3.4726,1.5326,1.9400,10.6363,12.1301,-8.8522,8372.3021,NA,NA,NA
python.exe,29332,0x0,Other,-1,0,0,Composed: Copy with GPU GDI,2026-8-20 19:19:10.897684300,7.8951,7.8951,0.0000,0.3257,8.2112,0.7909,7.4203,19.5951,0.5540,-8.9588,8375.4734,NA,NA,NA
python.exe,29332,0x0,Other,-1,0,0,Composed: Copy with GPU GDI,2026-8-20 19:19:10.905579400,10.2079,10.2079,0.0000,0.6455,9.7679,0.3619,9.4060,NA,NA,NA,NA,NA,NA,NA
python.exe,29332,0x0,Other,0,0,1,Hardware: Legacy Flip,2026-8-20 19:19:10.915787300,0.8626,0.8626,0.0000,0.2100,0.7631,0.1949,0.5682,2.0461,12.3735,17.5490,8393.5764,NA,NA,NA
python.exe,29332,0x0,Other,-1,0,0,Composed: Copy with GPU GDI,2026-8-20 19:19:10.916649900,0.4286,0.4286,0.0000,0.1105,1.6483,1.6483,0.0000,NA,NA,NA,NA,NA,NA,NA
python.exe,29332,0x0,Other,-1,0,0,Composed: Copy with GPU GDI,2026-8-20 19:19:10.917078500,9.9832,9.9832,0.0000,1.3369,8.8275,0.4179,8.4096,NA,NA,NA,NA,NA,NA,NA
python.exe,29332,0x0,Other,-1,0,0,Composed: Copy with GPU GDI,2026-8-20 19:19:10.927061700,1.5229,1.5229,0.0000,0.1868,1.4354,0.2809,1.1545,NA,NA,NA,NA,NA,NA,NA
python.exe,29332,0x0,Other,0,0,1,Hardware: Legacy Flip,2026-8-20 19:19:10.928584600,0.1275,0.1275,0.0000,0.0993,0.0501,0.0501,0.0000,1.6223,13.5680,0.4238,8406.3737,NA,NA,NA
python.exe,29332,0x0,Other,-1,0,0,Composed: Copy with GPU GDI,2026-8-20 19:19:10.928712100,9.7947,9.7947,0.0000,0.0219,10.0767,1.9126,8.1641,NA,NA,NA,NA,NA,NA,NA
python.exe,29332,0x0,Other,-1,0,0,Composed: Copy with GPU GDI,2026-8-20 19:19:10.938506800,3.3096,3.3096,0.0000,0.3076,3.3460,0.5728,2.7732,NA,NA,NA,NA,NA,NA,NA
python.exe,29332,0x0,Other,0,0,1,Hardware: Legacy Flip,2026-8-20 19:19:10.941816400,0.9095,0.9095,0.0000,0.3490,0.8447,0.3379,0.5068,1.9585,20.6263,-0.3362,8419.6055,NA,NA,NA
python.exe,29332,0x0,Other,-1,0,0,Composed: Copy with GPU GDI,2026-8-20 19:19:10.942725900,6.1291,6.1291,0.0000,0.2842,6.2191,1.2028,5.0163,NA,NA,NA,NA,NA,NA,NA
python.exe,29332,0x0,Other,-1,0,0,Composed: Copy with GPU GDI,2026-8-20 19:19:10.948855000,3.6320,3.6320,0.0000,0.3783,3.6144,0.5251,3.0893,NA,NA,NA,NA,NA,NA,NA
python.exe,29332,0x0,Other,-1,0,0,Composed: Copy with GPU GDI,2026-8-20 19:19:10.952487000,10.1300,10.1300,0.0000,0.3658,10.0630,0.5227,9.5403,NA,NA,NA,NA,NA,NA,NA
python.exe,29332,0x0,Other,0,0,1,Hardware: Legacy Flip,2026-8-20 19:19:10.962617000,0.7618,0.7618,0.0000,0.3022,0.5318,0.1320,0.3998,1.7842,7.4465,0.1743,8440.4061,NA,NA,NA
python.exe,29332,0x0,Other,-1,0,0,Composed: Copy with GPU GDI,2026-8-20 19:19:10.963378800,1.2546,1.2546,0.0000,0.0722,1.4375,1.4375,0.0000,8.4689,12.1531,-6.6847,8441.1679,NA,NA,NA
python.exe,29332,0x0,Other,-1,0,0,Composed: Copy with GPU GDI,2026-8-20 19:19:10.964633400,7.8795,7.8795,0.0000,0.2594,7.9525,0.5182,7.4343,19.3674,1.3253,-10.8985,8442.4225,NA,NA,NA
python.exe,29332,0x0,Other,-1,0,0,Composed: Copy with GPU GDI,2026-8-20 19:19:10.972512900,11.3540,11.3540,0.0000,0.3366,11.3873,0.6859,10.7014,NA,NA,NA,NA,NA,NA,NA
python.exe,29332,0x0,Other,0,0,1,Hardware: Legacy Flip,2026-8-20 19:19:10.983866900,0.4953,0.4953,0.0000,0.3776,0.1927,0.1611,0.0316,1.4592,9.9726,17.9082,8461.6560,NA,NA,NA
python.exe,29332,0x0,Other,-1,0,0,Composed: Copy with GPU GDI,2026-8-20 19:19:10.984362200,0.5338,0.5338,0.0000,0.0750,1.3538,1.3538,0.0000,NA,NA,NA,NA,NA,NA,NA
python.exe,29332,0x0,Other,-1,0,0,Composed: Copy with GPU GDI,2026-8-20 19:19:10.984896000,8.7067,8.7067,0.0000,9.0636,0.3387,0.3387,0.0000,NA,NA,NA,NA,NA,NA,NA
python.exe,29332,0x0,Other,0,0,1,Hardware: Legacy Flip,2026-8-20 19:19:10.993602700,0.2957,0.2957,0.0000,0.0000,8.1642,0.5090,7.6552,1.6960,12.9964,-0.2368,8471.3918,NA,NA,NA
python.exe,29332,0x0,Other,-1,0,0,Composed: Copy with GPU GDI,2026-8-20 19:19:10.993898400,1.0541,1.0541,0.0000,0.3999,1.5260,1.5260,0.0000,14.3967,6.0640,-12.7007,8471.6875,NA,NA,NA
python.exe,29332,0x0,Other,-1,0,0,Composed: Copy with GPU GDI,2026-8-20 19:19:10.994952500,11.3333,11.3333,0.0000,0.8753,11.0559,0.8081,10.2478,NA,NA,NA,NA,NA,NA,NA
python.exe,29332,0x0,Other,-1,0,0,Composed: Copy with GPU GDI,2026-8-20 19:19:11.006285800,1.2618,1.2618,0.0000,0.6041,0.9936,0.4516,0.5420,8.0733,3.0695,6.3234,8484.0749,NA,NA,NA
python.exe,29332,0x0,Other,0,0,1,Hardware: Legacy Flip,2026-8-20 19:19:11.007547600,8.8954,8.8954,0.0000,0.3387,8.6500,0.1985,8.4515,9.8810,9.0289,-1.8077,8485.3367,NA,NA,NA
python.exe,29332,0x0,Other,-1,0,0,Composed: Copy with GPU GDI,2026-8-20 19:19:11.016443000,1.2252,1.2252,0.0000,0.0933,1.4807,1.3540,0.1267,NA,NA,NA,NA,NA,NA,NA
python.exe,29332,0x0,Other,-1,0,0,Composed: Copy with GPU GDI,2026-8-20 19:19:11.017668200,1.6149,1.6149,0.0000,0.3529,1.5098,0.4025,1.1073,8.7893,3.4159,1.0917,8495.4573,NA,NA,NA
python.exe,29332,0x0,Other,-1,0,0,Composed: Copy with GPU GDI,2026-8-20 19:19:11.019283100,8.4124,8.4124,0.0000,0.2503,8.6172,0.6468,7.9704,NA,NA,NA,NA,NA,NA,NA
python.exe,29332,0x0,Other,0,0,1,Hardware: Legacy Flip,2026-8-20 19:19:11.027695500,0.9193,0.9193,0.0000,0.4597,0.4837,0.0827,0.4010,2.1779,8.7447,6.6114,8505.4846,NA,NA,NA
python.exe,29332,0x0,Other,-1,0,0,Composed: Copy with GPU GDI,2026-8-20 19:19:11.028614800,2.6920,2.6920,0.0000,0.0241,2.7373,1.2933,1.4440,10.0033,12.1126,-7.8254,8506.4039,NA,NA,NA
python.exe,29332,0x0,Other,-1,0,0,Composed: Copy with GPU GDI,2026-8-20 19:19:11.031306800,7.8285,7.8285,0.0000,0.0719,8.0178,0.3805,7.6373,NA,NA,NA,NA,NA,NA,NA
python.exe,29332,0x0,Other,-1,0,0,Composed: Copy with GPU GDI,2026-8-20 19:19:11.039135300,3.6454,3.6454,0.0000,0.2673,3.5822,0.3487,3.2335,11.5954,1.3970,-1.5921,8516.9244,NA,NA,NA
python.exe,29332,0x0,Other,0,0,1,Hardware: Legacy Flip,2026-8-20 19:19:11.042780700,8.4170,8.4170,0.0000,0.2096,8.2952,0.1891,8.1061,9.3470,10.2846,2.2484,8520.5698,NA,NA,NA
python.exe,29332,0x0,Other,-1,0,0,Composed: Copy with GPU GDI,2026-8-20 19:19:11.051197700,0.5496,0.5496,0.0000,0.0878,1.4064,1.4064,0.0000,NA,NA,NA,NA,NA,NA,NA
python.exe,29332,0x0,Other,-1,0,0,Composed: Copy with GPU GDI,2026-8-20 19:19:11.051747300,8.4050,8.4050,0.0000,0.9477,7.7978,0.4828,7.3150,NA,NA,NA,NA,NA,NA,NA
python.exe,29332,0x0,Other,0,0,1,Hardware: Legacy Flip,2026-8-20 19:19:11.060152300,1.1838,1.1838,0.0000,0.3434,0.8694,0.0889,0.7805,2.2600,12.5648,7.0870,8537.9414,NA,NA,NA
python.exe,29332,0x0,Other,-1,0,0,Composed: Copy with GPU GDI,2026-8-20 19:19:11.061336100,1.4655,1.4655,0.0000,0.0290,1.7550,1.4058,0.3492,13.6410,8.3484,-11.3810,8539.1252,NA,NA,NA
python.exe,29332,0x0,Other,-1,0,0,Composed: Copy with GPU GDI,2026-8-20 19:19:11.062801600,8.2659,8.2659,0.0000,0.3218,8.2814,0.4910,7.7904,NA,NA,NA,NA,NA,NA,NA
python.exe,29332,0x0,Other,-1,0,0,Composed: Copy with GPU GDI,2026-8-20 19:19:11.071067500,2.6461,2.6461,0.0000,0.3409,2.5917,0.4463,2.1454,NA,NA,NA,NA,NA,NA,NA
python.exe,29332,0x0,Other,0,0,1,Hardware: Legacy Flip,2026-8-20 19:19:11.073713600,8.5472,8.5472,0.0000,0.2893,8.3792,0.1988,8.1804,9.6119,9.8748,4.0291,8551.5027,NA,NA,NA
python.exe,29332,0x0,Other,-1,0,0,Composed: Copy with GPU GDI,2026-8-20 19:19:11.082260800,1.8627,1.8627,0.0000,0.1213,2.0740,1.2868,0.7872,NA,NA,NA,NA,NA,NA,NA
python.exe,29332,0x0,Other,-1,0,0,Composed: Copy with GPU GDI,2026-8-20 19:19:11.084123500,1.3340,1.3340,0.0000,0.3376,1.0983,0.2587,0.8396,9.0768,3.6561,0.5351,8561.9126,NA,NA,NA
python.exe,29332,0x0,Other,-1,0,0,Composed: Copy with GPU GDI,2026-8-20 19:19:11.085457500,9.5921,9.5921,0.0000,0.1063,9.6133,0.2840,9.3293,NA,NA,NA,NA,NA,NA,NA
python.exe,29332,0x0,Other,0,0,1,Hardware: Legacy Flip,2026-8-20 19:19:11.095049600,0.3865,0.3865,0.0000,0.1304,0.3202,0.1149,0.2053,1.8068,8.4660,7.2700,8572.8387,NA,NA,NA
python.exe,29332,0x0,Other,-1,0,0,Composed: Copy with GPU GDI,2026-8-20 19:19:11.095436100,1.8238,1.8238,0.0000,0.0641,1.9330,1.5643,0.3687,9.8863,12.1499,-8.0795,8573.2252,NA,NA,NA
python.exe,29332,0x0,Other,-1,0,0,Composed: Copy with GPU GDI,2026-8-20 19:19:11.097259900,7.7183,7.7183,0.0000,0.1789,8.1043,0.7157,7.3886,20.2124,1.0371,-10.3261,8575.0490,NA,NA,NA
python.exe,29332,0x0,Other,-1,0,0,Composed: Copy with GPU GDI,2026-8-20 19:19:11.104978200,11.8236,11.8236,0.0000,12.3831,0.2291,0.2291,0.0000,NA,NA,NA,NA,NA,NA,NA
python.exe,29332,0x0,Other,0,0,1,Hardware: Legacy Flip,2026-8-20 19:19:11.116801800,0.4858,0.4858,0.0000,0.0000,11.8140,0.7979,11.0161,1.7076,11.3255,18.5048,8594.5909,NA,NA,NA
python.exe,29332,0x0,Other,-1,0,0,Composed: Copy with GPU GDI,2026-8-20 19:19:11.117287600,0.5023,0.5023,0.0000,0.3028,1.3104,1.3104,0.0000,NA,NA,NA,NA,NA,NA,NA
python.exe,29332,0x0,Other,-1,0,0,Composed: Copy with GPU GDI,2026-8-20 19:19:11.117789900,9.6877,9.6877,0.0000,1.1168,9.1536,0.8080,8.3456,NA,NA,NA,NA,NA,NA,NA
python.exe,29332,0x0,Other,0,0,1,Hardware: Legacy Flip,2026-8-20 19:19:11.127477600,0.9216,0.9216,0.0000,0.5870,0.3731,0.1384,0.2347,2.3573,17.9485,-0.6497,8605.2667,NA,NA,NA
python.exe,29332,0x0,Other,-1,0,0,Composed: Copy with GPU GDI,2026-8-20 19:19:11.128399200,0.2838,0.2838,0.0000,0.0385,1.3325,1.3325,0.0000,19.3842,2.5286,-17.0269,8606.1883,NA,NA,NA
python.exe,29332,0x0,Other,-1,0,0,Composed: Copy with GPU GDI,2026-8-20 19:19:11.128683000,10.6322,10.6322,0.0000,1.0872,10.2477,0.9926,9.2551,NA,NA,NA,NA,NA,NA,NA
python.exe,29332,0x0,Other,-1,0,0,Composed: Copy with GPU GDI,2026-8-20 19:19:11.139315200,1.1938,1.1938,0.0000,0.7085,0.9471,0.6723,0.2748,NA,NA,NA,NA,NA,NA,NA
python.exe,29332,0x0,Other,0,0,1,Hardware: Legacy Flip,2026-8-20 19:19:11.140509000,8.5842,8.5842,0.0000,0.4647,8.1949,0.1677,8.0272,9.8030,9.6217,9.5812,8618.2981,NA,NA,NA
python.exe,29332,0x0,Other,-1,0,0,Composed: Copy with GPU GDI,2026-8-20 19:19:11.149093200,0.6405,0.6405,0.0000,0.0754,1.3544,1.3544,0.0000,NA,NA,NA,NA,NA,NA,NA
python.exe,29332,0x0,Other,-1,0,0,Composed: Copy with GPU GDI,2026-8-20 19:19:11.149733700,3.3383,3.3383,0.0000,0.7919,3.0921,0.6906,2.4015,10.2000,2.2015,-0.3970,8627.5228,NA,NA,NA
python.exe,29332,0x0,Other,-1,0,0,Composed: Copy with GPU GDI,2026-8-20 19:19:11.153072000,7.1332,7.1332,0.0000,0.5483,7.3543,0.9262,6.4281,NA,NA,NA,NA,NA,NA,NA
python.exe,29332,0x0,Other,0,0,1,Hardware: Legacy Flip,2026-8-20 19:19:11.160205200,0.7664,0.7664,0.0000,0.7694,0.0213,0.0213,0.0000,1.9300,9.9101,8.2700,8637.9943,NA,NA,NA
python.exe,29332,0x0,Other,-1,0,0,Composed: Copy with GPU GDI,2026-8-20 19:19:11.160971600,3.8012,3.8012,0.0000,0.0243,4.5013,1.9108,2.5905,11.0737,12.1444,-9.1437,8638.7607,NA,NA,NA
python.exe,29332,0x0,Other,-1,0,0,Composed: Copy with GPU GDI,2026-8-20 19:19:11.164772800,8.6635,8.6635,0.0000,0.7297,8.4159,0.6738,7.7421,19.4169,0.5218,-8.3432,8642.5619,NA,NA,NA
python.exe,29332,0x0,Other,-1,0,0,Composed: Copy with GPU GDI,2026-8-20 19:19:11.173436300,8.8704,8.8704,0.0000,0.4860,8.7269,0.5596,8.1673,NA,NA,NA,NA,NA,NA,NA
python.exe,29332,0x0,Other,0,0,1,Hardware: Legacy Flip,2026-8-20 19:19:11.182306700,0.9074,0.9074,0.0000,0.3458,0.6207,0.1105,0.5102,2.4048,11.6420,17.0121,8660.0958,NA,NA,NA
python.exe,29332,0x0,Other,-1,0,0,Composed: Copy with GPU GDI,2026-8-20 19:19:11.183214100,0.3040,0.3040,0.0000,0.0591,0.4191,0.4191,0.0000,13.1394,1.5737,-10.7346,8661.0032,NA,NA,NA
python.exe,29332,0x0,Other,-1,0,0,Composed: Copy with GPU GDI,2026-8-20 19:19:11.183518100,11.4855,11.4855,0.0000,0.1742,11.5724,1.3462,10.2262,NA,NA,NA,NA,NA,NA,NA
python.exe,29332,0x0,Other,-1,0,0,Composed: Copy with GPU GDI,2026-8-20 19:19:11.195003600,1.4876,1.4876,0.0000,1.7096,0.0322,0.0322,0.0000,NA,NA,NA,NA,NA,NA,NA
python.exe,29332,0x0,Other,0,0,1,Hardware: Legacy Flip,2026-8-20 19:19:11.196491200,0.1803,0.1803,0.0000,0.0000,1.4443,0.3548,1.0895,1.4360,18.5741,11.7034,8674.2803,NA,NA,NA
python.exe,29332,0x0,Other,-1,0,0,Composed: Copy with GPU GDI,2026-8-20 19:19:11.196671500,7.6562,7.6562,0.0000,0.0739,7.7830,1.2831,6.4999,NA,NA,NA,NA,NA,NA,NA
python.exe,29332,0x0,Other,-1,0,0,Composed: Copy with GPU GDI,2026-8-20 19:19:11.204327700,3.2130,3.2130,0.0000,0.2046,3.4484,0.5890,2.8594,NA,NA,NA,NA,NA,NA,NA
python.exe,29332,0x0,Other,0,0,1,Hardware: Legacy Flip,2026-8-20 19:19:11.207540700,7.8694,7.8694,0.0000,0.4525,7.4938,0.1433,7.3505,8.9606,10.2868,-7.5246,8685.3298,NA,NA,NA
python.exe,29332,0x0,Other,-1,0,0,Composed: Copy with GPU GDI,2026-8-20 19:19:11.215410100,0.5842,0.5842,0.0000,0.0769,1.1991,1.1991,0.0000,NA,NA,NA,NA,NA,NA,NA
python.exe,29332,0x0,Other,-1,0,0,Composed: Copy with GPU GDI,2026-8-20 19:19:11.215994300,3.8030,3.8030,0.0000,0.6950,3.7786,0.8860,2.8926,10.7938,0.8489,-1.8332,8693.7834,NA,NA,NA
python.exe,29332,0x0,Other,-1,0,0,Composed: Copy with GPU GDI,2026-8-20 19:19:11.219797300,6.0459,6.0459,0.0000,0.6734,5.8229,0.5869,5.2360,NA,NA,NA,NA,NA,NA,NA
python.exe,29332,0x0,Other,0,0,1,Hardware: Legacy Flip,2026-8-20 19:19:11.225843200,0.6591,0.6591,0.0000,0.4562,0.2321,0.1156,0.1165,1.7938,17.2361,9.0000,8703.6323,NA,NA,NA
python.exe,29332,0x0,Other,-1,0,0,Composed: Copy with GPU GDI,2026-8-20 19:19:11.226502300,4.7959,4.7959,0.0000,0.0292,4.8834,1.3109,3.5725,18.3708,5.2568,-16.5770,8704.2914,NA,NA,NA
python.exe,29332,0x0,Other,-1,0,0,Composed: Copy with GPU GDI,2026-8-20 19:19:11.231298200,8.1917,8.1917,0.0000,0.1195,8.4978,0.6173,7.8805,NA,NA,NA,NA,NA,NA,NA
python.exe,29332,0x0,Other,-1,0,0,Composed: Copy with GPU GDI,2026-8-20 19:19:11.239489900,8.8447,8.8447,0.0000,0.4295,8.6167,0.4379,8.1788,NA,NA,NA,NA,NA,NA,NA
python.exe,29332,0x0,Other,0,0,1,Hardware: Legacy Flip,2026-8-20 19:19:11.248334600,0.7839,0.7839,0.0000,0.2054,0.6716,0.2138,0.4578,1.7953,11.2454,16.5755,8726.1237,NA,NA,NA
python.exe,29332,0x0,Other,-1,0,0,Composed: Copy with GPU GDI,2026-8-20 19:19:11.249118500,0.7538,0.7538,0.0000,0.0931,1.0097,1.0097,0.0000,NA,NA,NA,NA,NA,NA,NA
python.exe,29332,0x0,Other,-1,0,0,Composed: Copy with GPU GDI,2026-8-20 19:19:11.249872300,9.0214,9.0214,0.0000,0.3652,8.7693,0.3175,8.4518,NA,NA,NA,NA,NA,NA,NA
python.exe,29332,0x0,Other,0,0,1,Hardware: Legacy Flip,2026-8-20 19:19:11.258893700,1.3218,1.3218,0.0000,0.1169,1.2487,0.1338,1.1149,2.4816,7.7379,-0.6863,8736.6828,NA,NA,NA
python.exe,29332,0x0,Other,-1,0,0,Composed: Copy with GPU GDI,2026-8-20 19:19:11.260215500,1.2798,1.2798,0.0000,0.0438,1.6635,1.5211,0.1424,8.8977,12.2389,-6.4161,8738.0046,NA,NA,NA
python.exe,29332,0x0,Other,-1,0,0,Composed: Copy with GPU GDI,2026-8-20 19:19:11.261495300,11.1452,11.1452,0.0000,0.4312,10.9333,0.4691,10.4642,NA,NA,NA,NA,NA,NA,NA
python.exe,29332,0x0,Other,-1,0,0,Composed: Copy with GPU GDI,2026-8-20 19:19:11.272640500,1.8224,1.8224,0.0000,0.2235,2.1713,0.6949,1.4764,8.7116,2.7066,0.1861,8750.4296,NA,NA,NA
python.exe,29332,0x0,Other,-1,0,0,Composed: Copy with GPU GDI,2026-8-20 19:19:11.274462900,7.8092,7.8092,0.0000,8.4566,0.0565,0.0565,0.0000,NA,NA,NA,NA,NA,NA,NA
python.exe,29332,0x0,Other,0,0,1,Hardware: Legacy Flip,2026-8-20 19:19:11.282272100,0.5566,0.5566,0.0000,0.0000,7.8814,0.9713,6.9101,1.7866,9.5563,6.9250,8760.0612,NA,NA,NA
python.exe,29332,0x0,Other,-1,0,0,Composed: Copy with GPU GDI,2026-8-20 19:19:11.282828700,2.2147,2.2147,0.0000,0.1473,2.4308,1.3934,1.0374,10.7863,1.0449,-8.9997,8760.6178,NA,NA,NA
python.exe,29332,0x0,Other,0,0,1,Hardware: Legacy Flip,2026-8-20 19:19:11.285043400,8.6687,8.6687,0.0000,0.3675,8.3358,0.1706,8.1652,9.6165,10.8620,1.1698,8762.8325,NA,NA,NA
python.exe,29332,0x0,Other,-1,0,0,Composed: Copy with GPU GDI,2026-8-20 19:19:11.293712100,0.3641,0.3641,0.0000,0.0346,1.5164,1.5164,0.0000,NA,NA,NA,NA,NA,NA,NA
python.exe,29332,0x0,Other,-1,0,0,Composed: Copy with GPU GDI,2026-8-20 19:19:11.294076200,3.3722,3.3722,0.0000,1.1928,2.4944,0.4569,2.0375,11.4457,11.9915,-1.8292,8771.8653,NA,NA,NA
python.exe,29332,0x0,Other,-1,0,0,Composed: Copy with GPU GDI,2026-8-20 19:19:11.297448400,7.0180,7.0180,0.0000,0.3261,6.8528,0.4894,6.3634,NA,NA,NA,NA,NA,NA,NA
python.exe,29332,0x0,Other,-1,0,0,Composed: Copy with GPU GDI,2026-8-20 19:19:11.304466400,11.4590,11.4590,0.0000,0.1663,11.4514,0.4753,10.9761,NA,NA,NA,NA,NA,NA,NA
python.exe,29332,0x0,Other,0,0,1,Hardware: Legacy Flip,2026-8-20 19:19:11.315925400,0.1847,0.1847,0.0000,0.1587,0.0879,0.0879,0.0000,1.5880,10.2933,9.8577,8793.7145,NA,NA,NA
python.exe,29332,0x0,Other,-1,0,0,Composed: Copy with GPU GDI,2026-8-20 19:19:11.316110100,0.5367,0.5367,0.0000,0.0619,1.8679,1.8679,0.0000,NA,NA,NA,NA,NA,NA,NA
python.exe,29332,0x0,Other,-1,0,0,Composed: Copy with GPU GDI,2026-8-20 19:19:11.316646800,9.3399,9.3399,0.0000,1.3963,8.2459,0.4575,7.7884,NA,NA,NA,NA,NA,NA,NA
python.exe,29332,0x0,Other,0,0,1,Hardware: Legacy Flip,2026-8-20 19:19:11.325986700,0.6223,0.6223,0.0000,0.3060,0.3316,0.0588,0.2728,1.8200,14.1020,-0.2320,8803.7758,NA,NA,NA
python.exe,29332,0x0,Other,-1,0,0,Composed: Copy with GPU GDI,2026-8-20 19:19:11.326609000,1.7850,1.7850,0.0000,0.0153,2.1803,1.6420,0.5383,15.2997,6.1484,-13.4797,8804.3981,NA,NA,NA
python.exe,29332,0x0,Other,-1,0,0,Composed: Copy with GPU GDI,2026-8-20 19:19:11.328394000,11.5625,11.5625,0.0000,0.4149,11.2490,0.3200,10.9290,19.6631,4.1926,-4.3634,8806.1831,NA,NA,NA
python.exe,29332,0x0,Other,0,0,1,Hardware: Legacy Flip,2026-8-20 19:19:11.339956500,10.9320,10.9320,0.0000,0.1001,10.9114,0.1429,10.7685,12.2932,7.9173,7.3699,8817.7456,NA,NA,NA
python.exe,29332,0x0,Other,-1,0,0,Composed: Copy with GPU GDI,2026-8-20 19:19:11.350888500,0.6249,0.6249,0.0000,0.0795,1.3382,1.3382,0.0000,NA,NA,NA,NA,NA,NA,NA
python.exe,29332,0x0,Other,-1,0,0,Composed: Copy with GPU GDI,2026-8-20 19:19:11.351513400,1.0503,1.0503,0.0000,0.7955,0.3402,0.2838,0.0564,8.6536,3.1735,3.6396,8829.3025,NA,NA,NA
python.exe,29332,0x0,Other,-1,0,0,Composed: Copy with GPU GDI,2026-8-20 19:19:11.352563700,9.1949,9.1949,0.0000,9.4895,0.3302,0.3302,0.0000,NA,NA,NA,NA,NA,NA,NA
python.exe,29332,0x0,Other,0,0,1,Hardware: Legacy Flip,2026-8-20 19:19:11.361758600,0.2549,0.2549,0.0000,0.0000,9.4009,0.4322,8.9687,1.5819,8.9359,7.0717,8839.5477,NA,NA,NA
python.exe,29332,0x0,Other,-1,0,0,Composed: Copy with GPU GDI,2026-8-20 19:19:11.362013500,2.6671,2.6671,0.0000,0.3699,2.5656,1.3025,1.2631,10.2629,12.1048,-8.6810,8839.8026,NA,NA,NA
python.exe,29332,0x0,Other,-1,0,0,Composed: Copy with GPU GDI,2026-8-20 19:19:11.364680600,7.4551,7.4551,0.0000,0.2727,7.5790,0.5986,6.9804,19.7006,1.3670,-9.4377,8842.4697,NA,NA,NA
python.exe,29332,0x0,Other,0,0,1,Hardware: Legacy Flip,2026-8-20 19:19:11.372135700,12.4467,12.4467,0.0000,0.4003,12.1101,0.1820,11.9281,13.6125,9.7058,6.0881,8849.9248,NA,NA,NA
python.exe,29332,0x0,Other,-1,0,0,Composed: Copy with GPU GDI,2026-8-20 19:19:11.384582400,0.4956,0.4956,0.0000,0.0637,1.5263,1.5263,0.0000,NA,NA,NA,NA,NA,NA,NA
python.exe,29332,0x0,Other,-1,0,0,Composed: Copy with GPU GDI,2026-8-20 19:19:11.385078000,0.8089,0.8089,0.0000,1.0982,0.0078,0.0078,0.0000,NA,NA,NA,NA,NA,NA,NA
python.exe,29332,0x0,Other,-1,0,0,Composed: Copy with GPU GDI,2026-8-20 19:19:11.385886900,7.4599,7.4599,0.0000,0.2974,7.6459,0.6796,6.9663,NA,NA,NA,NA,NA,NA,NA
python.exe,29332,0x0,Other,0,0,1,Hardware: Legacy Flip,2026-8-20 19:19:11.393346800,0.6705,0.6705,0.0000,0.4872,0.2012,0.0686,0.1326,2.1072,13.2552,11.5053,8871.1359,NA,NA,NA
python.exe,29332,0x0,Other,-1,0,0,Composed: Copy with GPU GDI,2026-8-20 19:19:11.394017300,0.3776,0.3776,0.0000,0.0179,0.4659,0.4659,0.0000,14.6919,6.0050,-12.5847,8871.8064,NA,NA,NA
python.exe,29332,0x0,Other,-1,0,0,Composed: Copy with GPU GDI,2026-8-20 19:19:11.394394900,9.7070,9.7070,0.0000,0.1062,10.0310,1.5381,8.4929,NA,NA,NA,NA,NA,NA,NA
python.exe,29332,0x0,Other,-1,0,0,Composed: Copy with GPU GDI,2026-8-20 19:19:11.404101900,3.7029,3.7029,0.0000,0.4333,3.7048,0.5929,3.1119,10.6123,3.4142,4.0796,8881.8910,NA,NA,NA
python.exe,29332,0x0,Other,-1,0,0,Composed: Copy with GPU GDI,2026-8-20 19:19:11.407804800,8.6164,8.6164,0.0000,8.8063,0.5372,0.5372,0.0000,NA,NA,NA,NA,NA,NA,NA
python.exe,29332,0x0,Other,0,0,1,Hardware: Legacy Flip,2026-8-20 19:19:11.416421200,0.1338,0.1338,0.0000,0.0000,8.3659,0.3506,8.0153,1.7072,8.7052,8.9051,8894.2103,NA,NA,NA
python.exe,29332,0x0,Other,-1,0,0,Composed: Copy with GPU GDI,2026-8-20 19:19:11.416555000,2.4444,2.4444,0.0000,0.5933,2.1135,1.2507,0.8628,10.2786,1.6337,-8.5714,8894.3441,NA,NA,NA
python.exe,29332,0x0,Other,-1,0,0,Composed: Copy with GPU GDI,2026-8-20 19:19:11.418999400,7.6262,7.6262,0.0000,0.2668,7.8045,0.5667,7.2378,NA,NA,NA,NA,NA,NA,NA
python.exe,29332,0x0,Other,0,0,1,Hardware: Legacy Flip,2026-8-20 19:19:11.426625600,0.5174,0.5174,0.0000,0.4486,0.0876,0.0697,0.0179,1.8417,10.5344,8.4369,8904.4147,NA,NA,NA
python.exe,29332,0x0,Other,-1,0,0,Composed: Copy with GPU GDI,2026-8-20 19:19:11.427143000,3.8119,3.8119,0.0000,0.0188,4.1862,1.7720,2.4142,11.8587,10.1220,-10.0170,8904.9321,NA,NA,NA
python.exe,29332,0x0,Other,-1,0,0,Composed: Copy with GPU GDI,2026-8-20 19:19:11.430954900,6.2877,6.2877,0.0000,0.3979,6.3432,0.5803,5.7629,NA,NA,NA,NA,NA,NA,NA
python.exe,29332,0x0,Other,0,0,1,Hardware: Legacy Flip,2026-8-20 19:19:11.437242600,10.4636,10.4636,0.0000,0.4565,10.0732,0.1246,9.9486,11.8811,8.1233,-0.0224,8915.0317,NA,NA,NA
python.exe,29332,0x0,Other,-1,0,0,Composed: Copy with GPU GDI,2026-8-20 19:19:11.447706200,0.7031,0.7031,0.0000,0.0661,1.7058,1.7058,0.0000,NA,NA,NA,NA,NA,NA,NA
python.exe,29332,0x0,Other,-1,0,0,Composed: Copy with GPU GDI,2026-8-20 19:19:11.448409300,1.7275,1.7275,0.0000,1.0716,1.0444,0.5293,0.5151,8.8377,4.5692,3.0434,8926.1984,NA,NA,NA
python.exe,29332,0x0,Other,-1,0,0,Composed: Copy with GPU GDI,2026-8-20 19:19:11.450136800,8.9284,8.9284,0.0000,0.3938,8.9621,0.5780,8.3841,NA,NA,NA,NA,NA,NA,NA
python.exe,29332,0x0,Other,0,0,1,Hardware: Legacy Flip,2026-8-20 19:19:11.459065200,1.4191,1.4191,0.0000,0.4334,1.0062,0.0724,0.9338,2.7510,7.4905,6.0867,8936.8543,NA,NA,NA
python.exe,29332,0x0,Other,-1,0,0,Composed: Copy with GPU GDI,2026-8-20 19:19:11.460484300,1.4966,1.4966,0.0000,0.0205,1.7640,1.7640,0.0000,8.8224,7.2361,-6.0714,8938.2734,NA,NA,NA
python.exe,29332,0x0,Other,-1,0,0,Composed: Copy with GPU GDI,2026-8-20 19:19:11.461980900,8.6197,8.6197,0.0000,0.2918,8.5523,0.3756,8.1767,NA,NA,NA,NA,NA,NA,NA
python.exe,29332,0x0,Other,-1,0,0,Composed: Copy with GPU GDI,2026-8-20 19:19:11.470600600,3.9177,3.9177,0.0000,0.2283,3.9367,0.4205,3.5162,NA,NA,NA,NA,NA,NA,NA
python.exe,29332,0x0,Other,0,0,1,Hardware: Legacy Flip,2026-8-20 19:19:11.474518300,1.0091,1.0091,0.0000,0.2503,0.8843,0.2574,0.6269,2.0245,17.2630,6.7979,8952.3074,NA,NA,NA
python.exe,29332,0x0,Other,-1,0,0,Composed: Copy with GPU GDI,2026-8-20 19:19:11.475527400,7.3376,7.3376,0.0000,0.1255,7.7468,1.4129,6.3339,NA,NA,NA,NA,NA,NA,NA
python.exe,29332,0x0,Other,-1,0,0,Composed: Copy with GPU GDI,2026-8-20 19:19:11.482865000,3.2636,3.2636,0.0000,0.5402,3.0629,0.5035,2.5594,10.9408,2.2499,-8.9163,8960.6541,NA,NA,NA
python.exe,29332,0x0,Other,-1,0,0,Composed: Copy with GPU GDI,2026-8-20 19:19:11.486128600,7.1096,7.1096,0.0000,0.3420,6.9800,0.3906,6.5894,NA,NA,NA,NA,NA,NA,NA
python.exe,29332,0x0,Other,0,0,1,Hardware: Legacy Flip,2026-8-20 19:19:11.493238200,1.5268,1.5268,0.0000,0.2178,1.4962,0.3035,1.1927,2.8175,14.8600,8.1233,8971.0273,NA,NA,NA
python.exe,29332,0x0,Other,-1,0,0,Composed: Copy with GPU GDI,2026-8-20 19:19:11.494765000,3.3120,3.3120,0.0000,0.1872,3.5284,1.5979,1.9305,NA,NA,NA,NA,NA,NA,NA
python.exe,29332,0x0,Other,-1,0,0,Composed: Copy with GPU GDI,2026-8-20 19:19:11.498077000,6.1079,6.1079,0.0000,0.4086,5.9161,0.3932,5.5229,NA,NA,NA,NA,NA,NA,NA
python.exe,29332,0x0,Other,0,0,1,Hardware: Legacy Flip,2026-8-20 19:19:11.504184900,5.4804,5.4804,0.0000,0.2536,5.3139,0.1645,5.1494,6.7308,12.9975,-3.9133,8981.9740,NA,NA,NA
python.exe,29332,0x0,Other,-1,0,0,Composed: Copy with GPU GDI,2026-8-20 19:19:11.509665300,4.7029,4.7029,0.0000,0.0871,5.2888,1.9864,3.3024,NA,NA,NA,NA,NA,NA,NA
python.exe,29332,0x0,Other,-1,0,0,Composed: Copy with GPU GDI,2026-8-20 19:19:11.514368200,2.4735,2.4735,0.0000,0.6782,2.1560,0.5029,1.6531,9.5450,6.0022,-2.8142,8992.1573,NA,NA,NA
python.exe,29332,0x0,Other,-1,0,0,Composed: Copy with GPU GDI,2026-8-20 19:19:11.516841700,10.7625,10.7625,0.0000,0.3634,11.0984,0.8244,10.2740,NA,NA,NA,NA,NA,NA,NA
python.exe,29332,0x0,Other,0,0,1,Hardware: Legacy Flip,2026-8-20 19:19:11.527604200,0.7280,0.7280,0.0000,0.6993,0.1206,0.1206,0.0000,2.3112,6.1583,7.2338,9005.3933,NA,NA,NA
python.exe,29332,0x0,Other,-1,0,0,Composed: Copy with GPU GDI,2026-8-20 19:19:11.528332200,0.6259,0.6259,0.0000,0.0919,1.5791,1.5791,0.0000,7.7415,12.1545,-5.4303,9006.1213,NA,NA,NA
python.exe,29332,0x0,Other,-1,0,0,Composed: Copy with GPU GDI,2026-8-20 19:19:11.528958100,7.2283,7.2283,0.0000,1.0473,6.6771,0.6877,5.9894,NA,NA,NA,NA,NA,NA,NA
python.exe,29332,0x0,Other,-1,0,0,Composed: Copy with GPU GDI,2026-8-20 19:19:11.536186400,4.8528,4.8528,0.0000,0.5348,4.6660,0.5327,4.1333,12.0418,1.3438,-4.3003,9013.9755,NA,NA,NA
python.exe,29332,0x0,Other,0,0,1,Hardware: Legacy Flip,2026-8-20 19:19:11.541039200,7.5777,7.5777,0.0000,0.3510,7.3426,0.2337,7.1089,8.5328,10.7508,3.5090,9018.8283,NA,NA,NA
python.exe,29332,0x0,Other,-1,0,0,Composed: Copy with GPU GDI,2026-8-20 19:19:11.548616900,1.3660,1.3660,0.0000,0.1159,1.3971,1.0463,0.3508,NA,NA,NA,NA,NA,NA,NA
python.exe,29332,0x0,Other,-1,0,0,Composed: Copy with GPU GDI,2026-8-20 19:19:11.549982900,3.2750,3.2750,0.0000,0.1514,3.2995,0.3190,2.9805,10.3399,5.3622,-1.8071,9027.7720,NA,NA,NA
python.exe,29332,0x0,Other,0,0,1,Hardware: Legacy Flip,2026-8-20 19:19:11.553257900,11.0393,11.0393,0.0000,0.1787,10.9285,0.1392,10.7893,12.4271,6.7599,-2.0872,9031.0470,NA,NA,NA
python.exe,29332,0x0,Other,-1,0,0,Composed: Copy with GPU GDI,2026-8-20 19:19:11.564297200,0.3113,0.3113,0.0000,0.0679,1.3697,1.3697,0.0000,8.1477,4.7204,4.2794,9042.0863,NA,NA,NA
python.exe,29332,0x0,Other,-1,0,0,Composed: Copy with GPU GDI,2026-8-20 19:19:11.564608500,6.5926,6.5926,0.0000,1.1298,5.6242,0.3115,5.3127,NA,NA,NA,NA,NA,NA,NA
python.exe,29332,0x0,Other,0,0,1,Hardware: Legacy Flip,2026-8-20 19:19:11.571201100,4.8795,4.8795,0.0000,0.1670,4.7312,0.0973,4.6339,5.9642,13.6760,2.1835,9048.9902,NA,NA,NA
python.exe,29332,0x0,Other,-1,0,0,Composed: Copy with GPU GDI,2026-8-20 19:19:11.576080600,5.8725,5.8725,0.0000,0.0187,5.9549,1.2810,4.6739,NA,NA,NA,NA,NA,NA,NA
python.exe,29332,0x0,Other,-1,0,0,Composed: Copy with GPU GDI,2026-8-20 19:19:11.581953100,1.9174,1.9174,0.0000,0.1037,2.2395,0.6814,1.5581,8.8882,4.7059,-2.9240,9059.7422,NA,NA,NA
python.exe,29332,0x0,Other,-1,0,0,Composed: Copy with GPU GDI,2026-8-20 19:19:11.583870500,8.6835,8.6835,0.0000,0.4290,8.9229,0.8285,8.0944,NA,NA,NA,NA,NA,NA,NA
python.exe,29332,0x0,Other,0,0,1,Hardware: Legacy Flip,2026-8-20 19:19:11.592554000,1.7141,1.7141,0.0000,0.6718,1.1473,0.1759,0.9714,2.9932,7.2263,5.8950,9070.3431,NA,NA,NA
python.exe,29332,0x0,Other,-1,0,0,Composed: Copy with GPU GDI,2026-8-20 19:19:11.594268100,0.5103,0.5103,0.0000,0.1050,1.6148,1.6148,0.0000,8.5054,7.8261,-5.5122,9072.0572,NA,NA,NA
python.exe,29332,0x0,Other,-1,0,0,Composed: Copy with GPU GDI,2026-8-20 19:19:11.594778400,9.2208,9.2208,0.0000,1.2134,8.1808,0.5209,7.6599,NA,NA,NA,NA,NA,NA,NA
python.exe,29332,0x0,Other,-1,0,0,Composed: Copy with GPU GDI,2026-8-20 19:19:11.603999200,3.7667,3.7667,0.0000,0.1763,4.3399,0.9142,3.4257,NA,NA,NA,NA,NA,NA,NA
python.exe,29332,0x0,Other,0,0,1,Hardware: Legacy Flip,2026-8-20 19:19:11.607765900,1.6975,1.6975,0.0000,0.7553,1.0402,0.1823,0.8579,2.8337,16.4429,5.6717,9085.5550,NA,NA,NA
python.exe,29332,0x0,Other,-1,0,0,Composed: Copy with GPU GDI,2026-8-20 19:19:11.609463400,5.8520,5.8520,0.0000,0.0980,6.0866,1.3965,4.6901,NA,NA,NA,NA,NA,NA,NA
python.exe,29332,0x0,Other,-1,0,0,Composed: Copy with GPU GDI,2026-8-20 19:19:11.615315400,4.3099,4.3099,0.0000,0.3385,4.3890,0.5337,3.8553,11.7271,1.6708,-8.8934,9093.1045,NA,NA,NA
python.exe,29332,0x0,Other,0,0,1,Hardware: Legacy Flip,2026-8-20 19:19:11.619625300,8.0859,8.0859,0.0000,0.4203,7.7534,0.1604,7.5930,9.0880,10.5081,2.6391,9097.4144,NA,NA,NA
python.exe,29332,0x0,Other,-1,0,0,Composed: Copy with GPU GDI,2026-8-20 19:19:11.627711200,0.3032,0.3032,0.0000,0.0878,1.2988,1.2988,0.0000,NA,NA,NA,NA,NA,NA,NA
python.exe,29332,0x0,Other,-1,0,0,Composed: Copy with GPU GDI,2026-8-20 19:19:11.628014400,3.7074,3.7074,0.0000,1.0868,3.0384,0.5630,2.4754,11.2070,5.2408,-2.1190,9105.8035,NA,NA,NA
python.exe,29332,0x0,Other,-1,0,0,Composed: Copy with GPU GDI,2026-8-20 19:19:11.631721800,5.7417,5.7417,0.0000,0.4284,5.4988,0.3009,5.1979,NA,NA,NA,NA,NA,NA,NA
python.exe,29332,0x0,Other,-1,0,0,Composed: Copy with GPU GDI,2026-8-20 19:19:11.637463500,5.4817,5.4817,0.0000,5.6478,0.2898,0.2898,0.0000,NA,NA,NA,NA,NA,NA,NA
python.exe,29332,0x0,Other,0,0,1,Hardware: Legacy Flip,2026-8-20 19:19:11.642945200,0.1116,0.1116,0.0000,0.0000,5.4589,0.2915,5.1674,1.5170,18.5787,9.6900,9120.7343,NA,NA,NA
python.exe,29332,0x0,Other,-1,0,0,Composed: Copy with GPU GDI,2026-8-20 19:19:11.643056800,7.5040,7.5040,0.0000,0.3443,7.8418,1.7597,6.0821,NA,NA,NA,NA,NA,NA,NA
python.exe,29332,0x0,Other,-1,0,0,Composed: Copy with GPU GDI,2026-8-20 19:19:11.650560800,9.8070,9.8070,0.0000,0.6874,9.3032,0.4386,8.8646,NA,NA,NA,NA,NA,NA,NA
python.exe,29332,0x0,Other,-1,0,0,Composed: Copy with GPU GDI,2026-8-20 19:19:11.660367800,1.1118,1.1118,0.0000,0.1883,1.0723,0.2422,0.8301,NA,NA,NA,NA,NA,NA,NA
python.exe,29332,0x0,Other,0,0,1,Hardware: Legacy Flip,2026-8-20 19:19:11.661479600,0.1917,0.1917,0.0000,0.1488,0.1367,0.1367,0.0000,1.5613,18.6105,-0.0443,9139.2687,NA,NA,NA
python.exe,29332,0x0,Other,-1,0,0,Composed: Copy with GPU GDI,2026-8-20 19:19:11.661671300,8.9815,8.9815,0.0000,0.0938,9.0068,1.5626,7.4442,NA,NA,NA,NA,NA,NA,NA
python.exe,29332,0x0,Other,-1,0,0,Composed: Copy with GPU GDI,2026-8-20 19:19:11.670652800,3.2097,3.2097,0.0000,0.1224,3.3946,0.5910,2.8036,10.9986,2.3610,-9.4373,9148.4419,NA,NA,NA
python.exe,29332,0x0,Other,0,0,1,Hardware: Legacy Flip,2026-8-20 19:19:11.673862500,8.9826,8.9826,0.0000,0.3129,8.8913,0.3151,8.5762,10.1499,9.8454,0.8487,9151.6516,NA,NA,NA
python.exe,29332,0x0,Other,-1,0,0,Composed: Copy with GPU GDI,2026-8-20 19:19:11.682845100,0.8296,0.8296,0.0000,0.2216,1.1977,1.1977,0.0000,NA,NA,NA,NA,NA,NA,NA
python.exe,29332,0x0,Other,-1,0,0,Composed: Copy with GPU GDI,2026-8-20 19:19:11.683674700,2.3659,2.3659,0.0000,0.6042,2.4978,0.9738,1.5240,10.1831,1.0941,-0.0332,9161.4638,NA,NA,NA
python.exe,29332,0x0,Other,0,0,1,Hardware: Legacy Flip,2026-8-20 19:19:11.686040600,7.7547,7.7547,0.0000,0.7397,7.1885,0.2844,6.9041,8.9113,11.0156,1.2718,9163.8297,NA,NA,NA
python.exe,29332,0x0,Other,-1,0,0,Composed: Copy with GPU GDI,2026-8-20 19:19:11.693795300,0.8773,0.8773,0.0000,0.1735,1.0785,1.0785,0.0000,NA,NA,NA,NA,NA,NA,NA
python.exe,29332,0x0,Other,-1,0,0,Composed: Copy with GPU GDI,2026-8-20 19:19:11.694672600,3.8695,3.8695,0.0000,0.3791,4.1572,0.8785,3.2787,11.2949,12.1709,-2.3836,9172.4617,NA,NA,NA
python.exe,29332,0x0,Other,-1,0,0,Composed: Copy with GPU GDI,2026-8-20 19:19:11.698542100,5.8367,5.8367,0.0000,0.6703,5.3547,0.4113,4.9434,19.5963,29.0415,-8.3014,9176.3312,NA,NA,NA
python.exe,29332,0x0,Other,-1,0,0,Composed: Copy with GPU GDI,2026-8-20 19:19:11.704378800,40.5855,40.5855,0.0000,0.2309,40.5957,0.4448,40.1509,NA,NA,NA,NA,NA,NA,NA
python.exe,29332,0x0,Other,0,0,1,Hardware: Legacy Flip,2026-8-20 19:19:11.744964300,0.9315,0.9315,0.0000,0.2453,0.8742,0.2609,0.6133,2.2156,5.0093,17.3807,9222.7534,NA,NA,NA
python.exe,29332,0x0,Other,-1,0,0,Composed: Copy with GPU GDI,2026-8-20 19:19:11.745895800,4.3777,4.3777,0.0000,0.1880,4.5564,1.5873,2.9691,NA,NA,NA,NA,NA,NA,NA
python.exe,29332,0x0,Other,0,0,1,Hardware: Legacy Flip,2026-8-20 19:19:11.750273500,0.4986,0.4986,0.0000,0.3705,0.2505,0.2171,0.0334,1.9157,2.1457,0.2999,9228.0626,NA,NA,NA
python.exe,29332,0x0,Other,-1,0,0,Composed: Copy with GPU GDI,2026-8-20 19:19:11.750772100,1.8954,1.8954,0.0000,0.1224,1.9212,1.4154,0.5058,NA,NA,NA,NA,NA,NA,NA
python.exe,29332,0x0,Other,0,0,1,Hardware: Legacy Flip,2026-8-20 19:19:11.752667500,0.2433,0.2433,0.0000,0.1549,0.1107,0.0703,0.0404,1.6674,7.9741,0.2483,9230.4566,NA,NA,NA
python.exe,29332,0x0,Other,-1,0,0,Composed: Copy with GPU GDI,2026-8-20 19:19:11.752910800,7.6290,7.6290,0.0000,0.0223,8.3862,2.2851,6.1011,NA,NA,NA,NA,NA,NA,NA
python.exe,29332,0x0,Other,0,0,1,Hardware: Legacy Flip,2026-8-20 19:19:11.760539800,0.7809,0.7809,0.0000,0.7795,0.0383,0.0383,0.0000,1.7692,20.9523,-0.1018,9238.3289,NA,NA,NA
python.exe,29332,0x0,Other,-1,0,0,Composed: Copy with GPU GDI,2026-8-20 19:19:11.761320700,8.7221,8.7221,0.0000,0.0369,8.9983,1.3174,7.6809,NA,NA,NA,NA,NA,NA,NA
python.exe,29332,0x0,Other,-1,0,0,Composed: Copy with GPU GDI,2026-8-20 19:19:11.770042800,1.7602,1.7602,0.0000,0.3161,2.1154,1.1051,1.0103,NA,NA,NA,NA,NA,NA,NA
python.exe,29332,0x0,Other,-1,0,0,Composed: Copy with GPU GDI,2026-8-20 19:19:11.771803000,9.9888,9.9888,0.0000,0.6763,9.6132,0.5355,9.0777,NA,NA,NA,NA,NA,NA,NA
python.exe,29332,0x0,Other,0,0,1,Hardware: Legacy Flip,2026-8-20 19:19:11.781791800,0.3495,0.3495,0.0000,0.3007,0.1072,0.1072,0.0000,1.4695,7.6055,0.2997,9259.5809,NA,NA,NA
python.exe,29332,0x0,Other,-1,0,0,Composed: Copy with GPU GDI,2026-8-20 19:19:11.782141300,0.7490,0.7490,0.0000,0.0584,1.4956,1.4956,0.0000,8.7255,5.4272,-7.2560,9259.9304,NA,NA,NA
python.exe,29332,0x0,Other,-1,0,0,Composed: Copy with GPU GDI,2026-8-20 19:19:11.782890300,10.9059,10.9059,0.0000,0.8816,10.2955,0.3687,9.9268,NA,NA,NA,NA,NA,NA,NA
python.exe,29332,0x0,Other,0,0,1,Hardware: Legacy Flip,2026-8-20 19:19:11.793796200,1.5477,1.5477,0.0000,0.2795,1.3379,0.1716,1.1663,2.4978,6.6967,6.2277,9271.5853,NA,NA,NA
python.exe,29332,0x0,Other,-1,0,0,Composed: Copy with GPU GDI,2026-8-20 19:19:11.795343900,0.5515,0.5515,0.0000,0.0697,1.3008,1.3008,0.0000,7.6468,12.1171,-5.1490,9273.1330,NA,NA,NA
python.exe,29332,0x0,Other,-1,0,0,Composed: Copy with GPU GDI,2026-8-20 19:19:11.795895400,8.5448,8.5448,0.0000,0.8219,8.0658,0.6484,7.4174,NA,NA,NA,NA,NA,NA,NA
python.exe,29332,0x0,Other,-1,0,0,Composed: Copy with GPU GDI,2026-8-20 19:19:11.804440200,3.4356,3.4356,0.0000,0.3478,3.4781,0.5974,2.8807,10.6676,1.1753,-3.0208,9282.2293,NA,NA,NA
python.exe,29332,0x0,Other,0,0,1,Hardware: Legacy Flip,2026-8-20 19:19:11.807875800,7.0871,7.0871,0.0000,0.3983,6.7602,0.1338,6.6264,8.4073,10.9749,2.2603,9285.6649,NA,NA,NA
python.exe,29332,0x0,Other,-1,0,0,Composed: Copy with GPU GDI,2026-8-20 19:19:11.814962900,0.8451,0.8451,0.0000,0.0714,1.8328,1.8328,0.0000,NA,NA,NA,NA,NA,NA,NA
python.exe,29332,0x0,Other,-1,0,0,Composed: Copy with GPU GDI,2026-8-20 19:19:11.815808000,2.7903,2.7903,0.0000,1.0679,2.1915,0.6427,1.5488,11.4500,0.9043,-3.0427,9293.5971,NA,NA,NA
python.exe,29332,0x0,Other,-1,0,0,Composed: Copy with GPU GDI,2026-8-20 19:19:11.818598300,6.7596,6.7596,0.0000,0.4736,6.6283,0.4623,6.1660,NA,NA,NA,NA,NA,NA,NA
python.exe,29332,0x0,Other,0,0,1,Hardware: Legacy Flip,2026-8-20 19:19:11.825357900,1.2896,1.2896,0.0000,0.3467,0.9599,0.0664,0.8935,2.8044,17.2779,8.6456,9303.1470,NA,NA,NA
python.exe,29332,0x0,Other,-1,0,0,Composed: Copy with GPU GDI,2026-8-20 19:19:11.826647500,4.1445,4.1445,0.0000,0.0170,4.2991,1.7082,2.5909,18.7927,3.6477,-15.9883,9304.4366,NA,NA,NA
python.exe,29332,0x0,Other,-1,0,0,Composed: Copy with GPU GDI,2026-8-20 19:19:11.830792000,6.8515,6.8515,0.0000,0.1762,6.8510,0.4034,6.4476,NA,NA,NA,NA,NA,NA,NA
python.exe,29332,0x0,Other,0,0,1,Hardware: Legacy Flip,2026-8-20 19:19:11.837643500,10.4085,10.4085,0.0000,0.2117,10.2948,0.1840,10.1108,11.4444,8.4989,7.3483,9315.4326,NA,NA,NA
python.exe,29332,0x0,Other,-1,0,0,Composed: Copy with GPU GDI,2026-8-20 19:19:11.848052000,0.4963,0.4963,0.0000,0.0980,1.3603,1.3603,0.0000,NA,NA,NA,NA,NA,NA,NA
python.exe,29332,0x0,Other,-1,0,0,Composed: Copy with GPU GDI,2026-8-20 19:19:11.848548300,1.5247,1.5247,0.0000,1.0031,0.6621,0.2899,0.3722,9.0385,3.5434,2.4059,9326.3374,NA,NA,NA
python.exe,29332,0x0,Other,-1,0,0,Composed: Copy with GPU GDI,2026-8-20 19:19:11.850073000,8.9958,8.9958,0.0000,0.1460,9.3729,0.7069,8.6660,NA,NA,NA,NA,NA,NA,NA
python.exe,29332,0x0,Other,0,0,1,Hardware: Legacy Flip,2026-8-20 19:19:11.859068800,1.1417,1.1417,0.0000,0.5291,0.6515,0.1668,0.4847,2.0614,8.5852,6.9771,9336.8579,NA,NA,NA
python.exe,29332,0x0,Other,-1,0,0,Composed: Copy with GPU GDI,2026-8-20 19:19:11.860210500,0.7495,0.7495,0.0000,0.0389,1.2032,1.2032,0.0000,9.5049,12.1280,-7.4435,9337.9996,NA,NA,NA
python.exe,29332,0x0,Other,-1,0,0,Composed: Copy with GPU GDI,2026-8-20 19:19:11.860960000,10.1091,10.1091,0.0000,0.5015,9.7315,0.3025,9.4290,NA,NA,NA,NA,NA,NA,NA
python.exe,29332,0x0,Other,-1,0,0,Composed: Copy with GPU GDI,2026-8-20 19:19:11.871069100,3.8267,3.8267,0.0000,0.1278,3.8417,0.2843,3.5574,10.7743,0.8194,-1.2694,9348.8582,NA,NA,NA
python.exe,29332,0x0,Other,0,0,1,Hardware: Legacy Flip,2026-8-20 19:19:11.874895800,6.7233,6.7233,0.0000,0.1463,6.6401,0.1332,6.5069,7.7670,11.3495,3.0073,9352.6849,NA,NA,NA
python.exe,29332,0x0,Other,-1,0,0,Composed: Copy with GPU GDI,2026-8-20 19:19:11.881619100,0.7616,0.7616,0.0000,0.0631,1.1875,1.1875,0.0000,NA,NA,NA,NA,NA,NA,NA
python.exe,29332,0x0,Other,-1,0,0,Composed: Copy with GPU GDI,2026-8-20 19:19:11.882380700,3.9978,3.9978,0.0000,0.4930,4.1832,0.8372,3.3460,11.6316,2.2743,-3.8646,9360.1698,NA,NA,NA
python.exe,29332,0x0,Other,0,0,1,Hardware: Legacy Flip,2026-8-20 19:19:11.886378500,8.3532,8.3532,0.0000,0.6814,7.7072,0.1583,7.5489,9.9081,9.8622,1.7235,9364.1676,NA,NA,NA
python.exe,29332,0x0,Other,-1,0,0,Composed: Copy with GPU GDI,2026-8-20 19:19:11.894731700,0.4092,0.4092,0.0000,0.0354,0.4795,0.4795,0.0000,NA,NA,NA,NA,NA,NA,NA
python.exe,29332,0x0,Other,-1,0,0,Composed: Copy with GPU GDI,2026-8-20 19:19:11.895140900,3.0815,3.0815,0.0000,0.1057,3.1031,1.2131,1.8900,11.0079,10.8609,-1.0998,9372.9300,NA,NA,NA
python.exe,29332,0x0,Other,-1,0,0,Composed: Copy with GPU GDI,2026-8-20 19:19:11.898222400,6.1480,6.1480,0.0000,0.1317,6.6225,0.8028,5.8197,NA,NA,NA,NA,NA,NA,NA
python.exe,29332,0x0,Other,-1,0,0,Composed: Copy with GPU GDI,2026-8-20 19:19:11.904370400,11.2453,11.2453,0.0000,11.6514,0.0257,0.0257,0.0000,NA,NA,NA,NA,NA,NA,NA
python.exe,29332,0x0,Other,0,0,1,Hardware: Legacy Flip,2026-8-20 19:19:11.915615700,0.2983,0.2983,0.0000,0.0000,11.0400,0.5564,10.4836,1.3940,7.3035,9.6139,9393.4048,NA,NA,NA
python.exe,29332,0x0,Other,-1,0,0,Composed: Copy with GPU GDI,2026-8-20 19:19:11.915914000,0.9286,0.9286,0.0000,0.1335,1.1698,1.1698,0.0000,8.3992,6.2291,-7.0052,9393.7031,NA,NA,NA
python.exe,29332,0x0,Other,-1,0,0,Composed: Copy with GPU GDI,2026-8-20 19:19:11.916842600,9.9345,9.9345,0.0000,0.3775,10.1026,0.7979,9.3047,NA,NA,NA,NA,NA,NA,NA
python.exe,29332,0x0,Other,-1,0,0,Composed: Copy with GPU GDI,2026-8-20 19:19:11.926777100,1.7465,1.7465,0.0000,0.5541,1.4295,0.3336,1.0959,NA,NA,NA,NA,NA,NA,NA
python.exe,29332,0x0,Other,0,0,1,Hardware: Legacy Flip,2026-8-20 19:19:11.928523600,0.6073,0.6073,0.0000,0.2446,0.3893,0.0917,0.2976,2.0187,18.0506,6.3805,9406.3127,NA,NA,NA
python.exe,29332,0x0,Other,-1,0,0,Composed: Copy with GPU GDI,2026-8-20 19:19:11.929130900,7.2201,7.2201,0.0000,0.0266,7.7339,1.8602,5.8737,NA,NA,NA,NA,NA,NA,NA
python.exe,29332,0x0,Other,-1,0,0,Composed: Copy with GPU GDI,2026-8-20 19:19:11.936351000,4.4898,4.4898,0.0000,0.5846,4.2481,0.4811,3.7670,12.2419,2.0392,-10.2232,9414.1401,NA,NA,NA
python.exe,29332,0x0,Other,0,0,1,Hardware: Legacy Flip,2026-8-20 19:19:11.940840800,8.7858,8.7858,0.0000,0.3461,8.5209,0.1739,8.3470,9.7913,10.1167,2.4506,9418.6299,NA,NA,NA
python.exe,29332,0x0,Other,-1,0,0,Composed: Copy with GPU GDI,2026-8-20 19:19:11.949626600,0.8448,0.8448,0.0000,0.0812,1.4274,1.4274,0.0000,NA,NA,NA,NA,NA,NA,NA
python.exe,29332,0x0,Other,-1,0,0,Composed: Copy with GPU GDI,2026-8-20 19:19:11.950471400,1.4045,1.4045,0.0000,0.6721,1.1477,0.5117,0.6360,10.2774,2.3800,-0.4861,9428.2605,NA,NA,NA
python.exe,29332,0x0,Other,-1,0,0,Composed: Copy with GPU GDI,2026-8-20 19:19:11.951875900,9.5254,9.5254,0.0000,0.4196,9.3386,0.3452,8.9934,NA,NA,NA,NA,NA,NA,NA
python.exe,29332,0x0,Other,0,0,1,Hardware: Legacy Flip,2026-8-20 19:19:11.961401300,0.6338,0.6338,0.0000,0.2413,0.4360,0.1441,0.2919,1.7275,9.7413,8.5499,9439.1904,NA,NA,NA
python.exe,29332,0x0,Other,-1,0,0,Composed: Copy with GPU GDI,2026-8-20 19:19:11.962035100,1.9783,1.9783,0.0000,0.0435,2.3771,1.5507,0.8264,10.8350,12.1111,-9.1075,9439.8242,NA,NA,NA
python.exe,29332,0x0,Other,-1,0,0,Composed: Copy with GPU GDI,2026-8-20 19:19:11.964013400,10.4798,10.4798,0.0000,0.4459,10.3101,0.5466,9.7635,NA,NA,NA,NA,NA,NA,NA
python.exe,29332,0x0,Other,-1,0,0,Composed: Copy with GPU GDI,2026-8-20 19:19:11.974493200,1.2092,1.2092,0.0000,0.2790,1.2052,0.3940,0.8112,10.4880,0.2748,0.3470,9452.2823,NA,NA,NA
python.exe,29332,0x0,Other,-1,0,0,Composed: Copy with GPU GDI,2026-8-20 19:19:11.975702400,7.5091,7.5091,0.0000,0.2785,7.6881,0.6605,7.0276,NA,NA,NA,NA,NA,NA,NA
python.exe,29332,0x0,Other,0,0,1,Hardware: Legacy Flip,2026-8-20 19:19:11.983211500,0.7000,0.7000,0.0000,0.4636,0.2958,0.1167,0.1791,2.0445,12.1213,8.4435,9461.0006,NA,NA,NA
python.exe,29332,0x0,Other,-1,0,0,Composed: Copy with GPU GDI,2026-8-20 19:19:11.983911500,10.4943,10.4943,0.0000,0.0594,11.1082,2.0289,9.0793,NA,NA,NA,NA,NA,NA,NA
python.exe,29332,0x0,Other,-1,0,0,Composed: Copy with GPU GDI,2026-8-20 19:19:11.994405800,1.2077,1.2077,0.0000,0.6804,0.7334,0.3194,0.4140,NA,NA,NA,NA,NA,NA,NA
python.exe,29332,0x0,Other,0,0,1,Hardware: Legacy Flip,2026-8-20 19:19:11.995613500,0.2017,0.2017,0.0000,0.2061,0.0206,0.0206,0.0000,1.7638,17.9452,0.2807,9473.4026,NA,NA,NA
python.exe,29332,0x0,Other,-1,0,0,Composed: Copy with GPU GDI,2026-8-20 19:19:11.995815200,9.1671,9.1671,0.0000,0.0250,9.6540,2.1257,7.5283,NA,NA,NA,NA,NA,NA,NA
python.exe,29332,0x0,Other,-1,0,0,Composed: Copy with GPU GDI,2026-8-20 19:19:12.004982300,2.6189,2.6189,0.0000,0.5181,2.8328,0.8480,1.9848,10.3402,3.6080,-8.5764,9482.7714,NA,NA,NA
python.exe,29332,0x0,Other,-1,0,0,Composed: Copy with GPU GDI,2026-8-20 19:19:12.007601200,9.8839,9.8839,0.0000,0.7363,9.5594,0.5743,8.9851,NA,NA,NA,NA,NA,NA,NA
python.exe,29332,0x0,Other,0,0,1,Hardware: Legacy Flip,2026-8-20 19:19:12.017485100,0.3695,0.3695,0.0000,0.4118,0.0975,0.0975,0.0000,1.4454,8.5023,8.8948,9495.2742,NA,NA,NA
python.exe,29332,0x0,Other,-1,0,0,Composed: Copy with GPU GDI,2026-8-20 19:19:12.017854600,1.6463,1.6463,0.0000,0.1398,1.7860,1.2517,0.5343,9.5782,1.6673,-8.1328,9495.6437,NA,NA,NA
python.exe,29332,0x0,Other,-1,0,0,Composed: Copy with GPU GDI,2026-8-20 19:19:12.019500900,7.7831,7.7831,0.0000,0.2869,7.8221,0.4527,7.3694,NA,NA,NA,NA,NA,NA,NA
python.exe,29332,0x0,Other,0,0,1,Hardware: Legacy Flip,2026-8-20 19:19:12.027284000,0.6740,0.6740,0.0000,0.3299,0.3711,0.0797,0.2914,1.8161,21.7993,7.7621,9505.0731,NA,NA,NA
python.exe,29332,0x0,Other,-1,0,0,Composed: Copy with GPU GDI,2026-8-20 19:19:12.027958000,9.6532,9.6532,0.0000,0.0270,9.9713,1.5276,8.4437,NA,NA,NA,NA,NA,NA,NA
python.exe,29332,0x0,Other,-1,0,0,Composed: Copy with GPU GDI,2026-8-20 19:19:12.037611200,1.5051,1.5051,0.0000,0.3481,1.3902,0.3973,0.9929,NA,NA,NA,NA,NA,NA,NA
python.exe,29332,0x0,Other,-1,0,0,Composed: Copy with GPU GDI,2026-8-20 19:19:12.039116300,8.7674,8.7674,0.0000,0.2364,9.0618,0.6700,8.3918,NA,NA,NA,NA,NA,NA,NA
python.exe,29332,0x0,Other,-1,0,0,Composed: Copy with GPU GDI,2026-8-20 19:19:12.047883700,1.1485,1.1485,0.0000,0.5357,0.8650,0.3594,0.5056,NA,NA,NA,NA,NA,NA,NA
python.exe,29332,0x0,Other,0,0,1,Hardware: Legacy Flip,2026-8-20 19:19:12.049032200,0.2804,0.2804,0.0000,0.2522,0.0996,0.0996,0.0000,1.8672,10.8152,-0.0511,9526.8213,NA,NA,NA
python.exe,29332,0x0,Other,-1,0,0,Composed: Copy with GPU GDI,2026-8-20 19:19:12.049312600,9.7836,9.7836,0.0000,0.0714,9.8753,1.8533,8.0220,NA,NA,NA,NA,NA,NA,NA
python.exe,29332,0x0,Other,0,0,1,Hardware: Legacy Flip,2026-8-20 19:19:12.059096200,1.3151,1.3151,0.0000,0.1679,1.1738,0.0888,1.0850,2.6184,8.2256,-0.7512,9536.8853,NA,NA,NA
python.exe,29332,0x0,Other,-1,0,0,Composed: Copy with GPU GDI,2026-8-20 19:19:12.060411300,1.5039,1.5039,0.0000,0.0266,1.8331,1.6754,0.1577,9.5289,12.1274,-6.9105,9538.2004,NA,NA,NA
python.exe,29332,0x0,Other,-1,0,0,Composed: Copy with GPU GDI,2026-8-20 19:19:12.061915200,9.3167,9.3167,0.0000,0.3605,9.4302,0.6132,8.8170,NA,NA,NA,NA,NA,NA,NA
python.exe,29332,0x0,Other,-1,0,0,Composed: Copy with GPU GDI,2026-8-20 19:19:12.071231900,3.2803,3.2803,0.0000,0.4788,2.9902,0.3557,2.6345,10.8357,1.5711,-1.3068,9549.0210,NA,NA,NA
python.exe,29332,0x0,Other,0,0,1,Hardware: Legacy Flip,2026-8-20 19:19:12.074512200,7.7922,7.7922,0.0000,0.1936,7.6808,0.2025,7.4783,9.1265,10.6947,1.7092,9552.3013,NA,NA,NA
python.exe,29332,0x0,Other,-1,0,0,Composed: Copy with GPU GDI,2026-8-20 19:19:12.082304400,0.6686,0.6686,0.0000,0.0822,1.6856,1.6856,0.0000,NA,NA,NA,NA,NA,NA,NA
python.exe,29332,0x0,Other,-1,0,0,Composed: Copy with GPU GDI,2026-8-20 19:19:12.082973000,3.1560,3.1560,0.0000,1.1054,2.2871,0.3815,1.9056,11.3604,3.7694,-2.2339,9560.7621,NA,NA,NA
python.exe,29332,0x0,Other,0,0,1,Hardware: Legacy Flip,2026-8-20 19:19:12.086129000,10.8969,10.8969,0.0000,0.2390,10.7204,0.1640,10.5564,11.9738,8.3512,-0.6134,9563.9181,NA,NA,NA
python.exe,29332,0x0,Other,-1,0,0,Composed: Copy with GPU GDI,2026-8-20 19:19:12.097025900,0.4738,0.4738,0.0000,0.0625,1.5554,1.5554,0.0000,NA,NA,NA,NA,NA,NA,NA
python.exe,29332,0x0,Other,-1,0,0,Composed: Copy with GPU GDI,2026-8-20 19:19:12.097499700,1.1609,1.1609,0.0000,1.1609,0.6253,0.6231,0.0022,8.9543,10.6860,3.0195,9575.2888,NA,NA,NA
python.exe,29332,0x0,Other,-1,0,0,Composed: Copy with GPU GDI,2026-8-20 19:19:12.098660600,6.4646,6.4646,0.0000,0.6321,6.3688,0.7511,5.6177,NA,NA,NA,NA,NA,NA,NA
python.exe,29332,0x0,Other,-1,0,0,Composed: Copy with GPU GDI,2026-8-20 19:19:12.105125200,10.2471,10.2471,0.0000,10.9748,0.0125,0.0125,0.0000,NA,NA,NA,NA,NA,NA,NA
python.exe,29332,0x0,Other,0,0,1,Hardware: Legacy Flip,2026-8-20 19:19:12.115372300,0.5954,0.5954,0.0000,0.0000,10.4014,1.0058,9.3956,1.7677,7.3726,7.1866,9593.1614,NA,NA,NA
python.exe,29332,0x0,Other,-1,0,0,Composed: Copy with GPU GDI,2026-8-20 19:19:12.115967700,0.8009,0.8009,0.0000,0.1448,1.5888,1.5888,0.0000,8.5449,4.2096,-6.7772,9593.7568,NA,NA,NA
python.exe,29332,0x0,Other,-1,0,0,Composed: Copy with GPU GDI,2026-8-20 19:19:12.116768600,9.8290,9.8290,0.0000,0.9361,9.0427,0.4877,8.5550,NA,NA,NA,NA,NA,NA,NA
python.exe,29332,0x0,Other,0,0,1,Hardware: Legacy Flip,2026-8-20 19:19:12.126597600,1.0581,1.0581,0.0000,0.1548,0.9543,0.1858,0.7685,2.1246,7.9825,6.4203,9604.3867,NA,NA,NA
python.exe,29332,0x0,Other,-1,0,0,Composed: Copy with GPU GDI,2026-8-20 19:19:12.127655700,0.9049,0.9049,0.0000,0.0510,1.5727,1.5727,0.0000,9.0490,12.0831,-6.9244,9605.4448,NA,NA,NA
python.exe,29332,0x0,Other,-1,0,0,Composed: Copy with GPU GDI,2026-8-20 19:19:12.128560600,8.8953,8.8953,0.0000,0.7231,8.4193,0.5582,7.8611,NA,NA,NA,NA,NA,NA,NA
python.exe,29332,0x0,Other,-1,0,0,Composed: Copy with GPU GDI,2026-8-20 19:19:12.137455900,3.9066,3.9066,0.0000,0.2524,4.0021,0.5270,3.4751,11.3319,1.1746,-2.2829,9615.2450,NA,NA,NA
python.exe,29332,0x0,Other,-1,0,0,Composed: Copy with GPU GDI,2026-8-20 19:19:12.141362500,6.7790,6.7790,0.0000,6.9844,0.6715,0.6715,0.0000,NA,NA,NA,NA,NA,NA,NA
python.exe,29332,0x0,Other,0,0,1,Hardware: Legacy Flip,2026-8-20 19:19:12.148141500,0.1516,0.1516,0.0000,0.0000,6.6333,0.3712,6.2621,1.8209,11.0973,9.5110,9625.9306,NA,NA,NA
python.exe,29332,0x0,Other,-1,0,0,Composed: Copy with GPU GDI,2026-8-20 19:19:12.148293100,3.8484,3.8484,0.0000,0.7253,3.7500,1.5669,2.1831,NA,NA,NA,NA,NA,NA,NA
python.exe,29332,0x0,Other,0,0,1,Hardware: Legacy Flip,2026-8-20 19:19:12.152141500,7.3947,7.3947,0.0000,0.6304,6.7874,0.0929,6.6945,8.9182,12.0045,-7.0973,9629.9306,NA,NA,NA
python.exe,29332,0x0,Other,-1,0,0,Composed: Copy with GPU GDI,2026-8-20 19:19:12.159536200,0.3956,0.3956,0.0000,0.0231,1.8092,1.8092,0.0000,NA,NA,NA,NA,NA,NA,NA
python.exe,29332,0x0,Other,-1,0,0,Composed: Copy with GPU GDI,2026-8-20 19:19:12.159931800,4.9255,4.9255,0.0000,1.4983,3.7627,0.4780,3.2847,13.1324,10.5478,-4.2142,9637.7209,NA,NA,NA
python.exe,29332,0x0,Other,-1,0,0,Composed: Copy with GPU GDI,2026-8-20 19:19:12.164857300,8.1206,8.1206,0.0000,0.3388,8.1505,0.4910,7.6595,NA,NA,NA,NA,NA,NA,NA
python.exe,29332,0x0,Other,-1,0,0,Composed: Copy with GPU GDI,2026-8-20 19:19:12.172977900,8.9192,8.9192,0.0000,0.3734,8.9155,0.6152,8.3003,NA,NA,NA,NA,NA,NA,NA
python.exe,29332,0x0,Other,0,0,1,Hardware: Legacy Flip,2026-8-20 19:19:12.181897100,0.4245,0.4245,0.0000,0.3697,0.1613,0.1613,0.0000,1.7149,11.2855,11.4175,9659.6862,NA,NA,NA
python.exe,29332,0x0,Other,-1,0,0,Composed: Copy with GPU GDI,2026-8-20 19:19:12.182321600,1.2288,1.2288,0.0000,0.1065,1.6696,1.6696,0.0000,NA,NA,NA,NA,NA,NA,NA
python.exe,29332,0x0,Other,-1,0,0,Composed: Copy with GPU GDI,2026-8-20 19:19:12.183550400,9.0628,9.0628,0.0000,0.5528,8.7494,0.4101,8.3393,NA,NA,NA,NA,NA,NA,NA
python.exe,29332,0x0,Other,0,0,1,Hardware: Legacy Flip,2026-8-20 19:19:12.192613200,1.0692,1.0692,0.0000,0.2900,0.8616,0.2220,0.6396,2.2843,8.6055,-0.5694,9670.4023,NA,NA,NA
python.exe,29332,0x0,Other,-1,0,0,Composed: Copy with GPU GDI,2026-8-20 19:19:12.193682400,1.4365,1.4365,0.0000,0.0824,1.6885,1.4952,0.1933,9.8206,6.6899,-7.5363,9671.4715,NA,NA,NA
python.exe,29332,0x0,Other,-1,0,0,Composed: Copy with GPU GDI,2026-8-20 19:19:12.195118900,8.8181,8.8181,0.0000,0.3375,9.1804,0.9802,8.2002,NA,NA,NA,NA,NA,NA,NA
python.exe,29332,0x0,Other,-1,0,0,Composed: Copy with GPU GDI,2026-8-20 19:19:12.203937000,2.6149,2.6149,0.0000,0.7057,2.1395,0.4102,1.7293,NA,NA,NA,NA,NA,NA,NA
python.exe,29332,0x0,Other,0,0,1,Hardware: Legacy Flip,2026-8-20 19:19:12.206551900,2.1435,2.1435,0.0000,0.2344,2.0050,0.1889,1.8161,3.6410,17.6123,6.1796,9684.3410,NA,NA,NA
python.exe,29332,0x0,Other,-1,0,0,Composed: Copy with GPU GDI,2026-8-20 19:19:12.208695400,6.2512,6.2512,0.0000,0.0959,6.4147,1.7539,4.6608,19.1098,2.0239,-15.4688,9686.4845,NA,NA,NA
python.exe,29332,0x0,Other,-1,0,0,Composed: Copy with GPU GDI,2026-8-20 19:19:12.214946600,4.7462,4.7462,0.0000,0.2643,4.7016,0.4635,4.2381,NA,NA,NA,NA,NA,NA,NA
python.exe,29332,0x0,Other,-1,0,0,Composed: Copy with GPU GDI,2026-8-20 19:19:12.219692800,7.4918,7.4918,0.0000,0.2288,7.5027,0.3696,7.1331,NA,NA,NA,NA,NA,NA,NA
python.exe,29332,0x0,Other,0,0,1,Hardware: Legacy Flip,2026-8-20 19:19:12.227184600,0.7874,0.7874,0.0000,0.2432,0.7374,0.3938,0.3436,2.6445,14.1645,16.4653,9704.9737,NA,NA,NA
python.exe,29332,0x0,Other,-1,0,0,Composed: Copy with GPU GDI,2026-8-20 19:19:12.227972000,2.6530,2.6530,0.0000,0.1932,2.7883,2.0171,0.7712,NA,NA,NA,NA,NA,NA,NA
python.exe,29332,0x0,Other,-1,0,0,Composed: Copy with GPU GDI,2026-8-20 19:19:12.230625000,8.6171,8.6171,0.0000,0.3333,8.5736,0.5755,7.9981,NA,NA,NA,NA,NA,NA,NA
python.exe,29332,0x0,Other,0,0,1,Hardware: Legacy Flip,2026-8-20 19:19:12.239242100,3.4556,3.4556,0.0000,0.2949,3.2486,0.1622,3.0864,4.7515,13.9928,-2.1070,9717.0312,NA,NA,NA
python.exe,29332,0x0,Other,-1,0,0,Composed: Copy with GPU GDI,2026-8-20 19:19:12.242697700,5.7826,5.7826,0.0000,0.0879,5.9728,1.6340,4.3388,NA,NA,NA,NA,NA,NA,NA
python.exe,29332,0x0,Other,-1,0,0,Composed: Copy with GPU GDI,2026-8-20 19:19:12.248480300,1.2360,1.2360,0.0000,0.2847,1.5175,0.6789,0.8386,9.5061,7.2367,-4.7546,9726.2694,NA,NA,NA
python.exe,29332,0x0,Other,-1,0,0,Composed: Copy with GPU GDI,2026-8-20 19:19:12.249716300,12.7439,12.7439,0.0000,0.5713,12.3674,0.4245,11.9429,NA,NA,NA,NA,NA,NA,NA
python.exe,29332,0x0,Other,-1,0,0,Composed: Copy with GPU GDI,2026-8-20 19:19:12.262460200,1.3539,1.3539,0.0000,1.6119,0.1027,0.1027,0.0000,NA,NA,NA,NA,NA,NA,NA
python.exe,29332,0x0,Other,0,0,1,Hardware: Legacy Flip,2026-8-20 19:19:12.263814100,0.1749,0.1749,0.0000,0.0000,1.4121,0.3821,1.0300,1.4090,12.2274,8.0971,9741.6032,NA,NA,NA
python.exe,29332,0x0,Other,-1,0,0,Composed: Copy with GPU GDI,2026-8-20 19:19:12.263989000,7.0970,7.0970,0.0000,0.1858,7.5180,1.6874,5.8306,NA,NA,NA,NA,NA,NA,NA
python.exe,29332,0x0,Other,-1,0,0,Composed: Copy with GPU GDI,2026-8-20 19:19:12.271086000,2.5234,2.5234,0.0000,0.6111,2.0636,0.2907,1.7729,NA,NA,NA,NA,NA,NA,NA
python.exe,29332,0x0,Other,0,0,1,Hardware: Legacy Flip,2026-8-20 19:19:12.273609400,2.4556,2.4556,0.0000,0.1542,2.3274,0.0723,2.2551,3.8411,16.9419,-2.4321,9751.3985,NA,NA,NA
python.exe,29332,0x0,Other,-1,0,0,Composed: Copy with GPU GDI,2026-8-20 19:19:12.276065000,8.9313,8.9313,0.0000,0.0260,9.5556,2.0557,7.4999,18.3274,2.2014,-14.4863,9753.8541,NA,NA,NA
python.exe,29332,0x0,Other,-1,0,0,Composed: Copy with GPU GDI,2026-8-20 19:19:12.284996300,9.9910,9.9910,0.0000,0.6543,9.5185,0.4050,9.1135,NA,NA,NA,NA,NA,NA,NA
python.exe,29332,0x0,Other,0,0,1,Hardware: Legacy Flip,2026-8-20 19:19:12.294987300,0.4834,0.4834,0.0000,0.1861,0.3686,0.1294,0.2392,1.6065,9.9197,16.7209,9772.7764,NA,NA,NA
python.exe,29332,0x0,Other,-1,0,0,Composed: Copy with GPU GDI,2026-8-20 19:19:12.295470700,1.8967,1.8967,0.0000,0.0713,1.9516,1.2367,0.7149,11.0428,12.1316,-9.4363,9773.2598,NA,NA,NA
python.exe,29332,0x0,Other,-1,0,0,Composed: Copy with GPU GDI,2026-8-20 19:19:12.297367400,9.5071,9.5071,0.0000,0.1293,9.6710,0.4515,9.2195,21.2777,0.4304,-10.2349,9775.1565,NA,NA,NA
python.exe,29332,0x0,Other,-1,0,0,Composed: Copy with GPU GDI,2026-8-20 19:19:12.306874500,8.7240,8.7240,0.0000,0.3204,8.7367,0.5017,8.2350,NA,NA,NA,NA,NA,NA,NA
python.exe,29332,0x0,Other,-1,0,0,Composed: Copy with GPU GDI,2026-8-20 19:19:12.315598500,1.8646,1.8646,0.0000,0.3368,1.6955,0.3076,1.3879,NA,NA,NA,NA,NA,NA,NA
python.exe,29332,0x0,Other,0,0,1,Hardware: Legacy Flip,2026-8-20 19:19:12.317463100,0.3155,0.3155,0.0000,0.1723,0.2050,0.1120,0.0930,1.6124,10.1743,19.6653,9795.2522,NA,NA,NA
python.exe,29332,0x0,Other,-1,0,0,Composed: Copy with GPU GDI,2026-8-20 19:19:12.317778600,9.5586,9.5586,0.0000,0.0618,9.7628,1.5860,8.1768,NA,NA,NA,NA,NA,NA,NA
python.exe,29332,0x0,Other,0,0,1,Hardware: Legacy Flip,2026-8-20 19:19:12.327337200,0.7261,0.7261,0.0000,0.2702,0.4808,0.0784,0.4024,1.9126,7.6739,-0.3002,9805.1263,NA,NA,NA
python.exe,29332,0x0,Other,-1,0,0,Composed: Copy with GPU GDI,2026-8-20 19:19:12.328063300,0.6840,0.6840,0.0000,0.0249,1.3954,1.3954,0.0000,8.8604,7.7713,-6.9478,9805.8524,NA,NA,NA
python.exe,29332,0x0,Other,-1,0,0,Composed: Copy with GPU GDI,2026-8-20 19:19:12.328747300,9.9738,9.9738,0.0000,0.7572,9.8408,0.7590,9.0818,NA,NA,NA,NA,NA,NA,NA
python.exe,29332,0x0,Other,-1,0,0,Composed: Copy with GPU GDI,2026-8-20 19:19:12.338721100,2.3712,2.3712,0.0000,0.6281,2.4227,0.8217,1.6010,NA,NA,NA,NA,NA,NA,NA
python.exe,29332,0x0,Other,0,0,1,Hardware: Legacy Flip,2026-8-20 19:19:12.341092300,2.1845,2.1845,0.0000,0.6837,1.7994,0.3654,1.4340,3.6027,16.4146,5.2577,9818.8814,NA,NA,NA
python.exe,29332,0x0,Other,-1,0,0,Composed: Copy with GPU GDI,2026-8-20 19:19:12.343276800,8.0791,8.0791,0.0000,0.2986,8.1573,1.4665,6.6908,NA,NA,NA,NA,NA,NA,NA
python.exe,29332,0x0,Other,-1,0,0,Composed: Copy with GPU GDI,2026-8-20 19:19:12.351355900,1.3644,1.3644,0.0000,0.3843,1.1570,0.3193,0.8377,9.7537,2.3214,-6.1510,9829.1450,NA,NA,NA
python.exe,29332,0x0,Other,-1,0,0,Composed: Copy with GPU GDI,2026-8-20 19:19:12.352720300,8.8218,8.8218,0.0000,0.1814,8.8682,0.3602,8.5080,NA,NA,NA,NA,NA,NA,NA
python.exe,29332,0x0,Other,0,0,1,Hardware: Legacy Flip,2026-8-20 19:19:12.361542100,0.5428,0.5428,0.0000,0.2340,0.4098,0.2569,0.1529,1.8889,9.7971,7.8648,9839.3312,NA,NA,NA
python.exe,29332,0x0,Other,-1,0,0,Composed: Copy with GPU GDI,2026-8-20 19:19:12.362084900,2.3726,2.3726,0.0000,0.1010,2.8896,1.8579,1.0317,11.1432,10.5271,-9.2543,9839.8740,NA,NA,NA
python.exe,29332,0x0,Other,-1,0,0,Composed: Copy with GPU GDI,2026-8-20 19:19:12.364457500,6.9597,6.9597,0.0000,0.6215,6.5467,0.3329,6.2138,NA,NA,NA,NA,NA,NA,NA
python.exe,29332,0x0,Other,-1,0,0,Composed: Copy with GPU GDI,2026-8-20 19:19:12.371417200,10.9520,10.9520,0.0000,11.1639,0.1354,0.1354,0.0000,NA,NA,NA,NA,NA,NA,NA
python.exe,29332,0x0,Other,0,0,1,Hardware: Legacy Flip,2026-8-20 19:19:12.382369200,0.1503,0.1503,0.0000,0.0000,10.9519,0.3720,10.5799,1.3860,7.7356,9.7572,9860.1583,NA,NA,NA
python.exe,29332,0x0,Other,-1,0,0,Composed: Copy with GPU GDI,2026-8-20 19:19:12.382519500,0.8142,0.8142,0.0000,0.1970,1.3246,1.3246,0.0000,8.9713,4.8387,-7.5853,9860.3086,NA,NA,NA
python.exe,29332,0x0,Other,-1,0,0,Composed: Copy with GPU GDI,2026-8-20 19:19:12.383333700,10.8521,10.8521,0.0000,0.7115,10.3249,0.3347,9.9902,NA,NA,NA,NA,NA,NA,NA
python.exe,29332,0x0,Other,0,0,1,Hardware: Legacy Flip,2026-8-20 19:19:12.394185800,0.7717,0.7717,0.0000,0.1895,0.6056,0.0811,0.5245,2.1437,7.2600,6.8276,9871.9749,NA,NA,NA
python.exe,29332,0x0,Other,-1,0,0,Composed: Copy with GPU GDI,2026-8-20 19:19:12.394957500,0.7720,0.7720,0.0000,0.0234,1.9281,1.9281,0.0000,8.6320,12.1307,-6.4883,9872.7466,NA,NA,NA
python.exe,29332,0x0,Other,-1,0,0,Composed: Copy with GPU GDI,2026-8-20 19:19:12.395729500,8.9435,8.9435,0.0000,1.1849,8.4790,0.8658,7.6132,NA,NA,NA,NA,NA,NA,NA
python.exe,29332,0x0,Other,-1,0,0,Composed: Copy with GPU GDI,2026-8-20 19:19:12.404673000,2.7171,2.7171,0.0000,0.7256,2.3141,0.4279,1.8862,11.0472,3.4153,-2.4152,9882.4621,NA,NA,NA
python.exe,29332,0x0,Other,0,0,1,Hardware: Legacy Flip,2026-8-20 19:19:12.407390100,10.1107,10.1107,0.0000,0.3255,9.8533,0.1763,9.6770,11.7454,8.7134,-0.6982,9885.1792,NA,NA,NA
python.exe,29332,0x0,Other,-1,0,0,Composed: Copy with GPU GDI,2026-8-20 19:19:12.417500800,0.4863,0.4863,0.0000,0.0681,1.6128,1.6128,0.0000,NA,NA,NA,NA,NA,NA,NA
python.exe,29332,0x0,Other,-1,0,0,Composed: Copy with GPU GDI,2026-8-20 19:19:12.417987100,1.1118,1.1118,0.0000,1.1984,0.3290,0.3290,0.0000,9.8618,1.0895,1.8836,9895.7762,NA,NA,NA
python.exe,29332,0x0,Other,0,0,1,Hardware: Legacy Flip,2026-8-20 19:19:12.419098900,8.6944,8.6944,0.0000,0.4154,8.3010,0.1076,8.1934,9.8395,11.0887,0.0223,9896.8880,NA,NA,NA
python.exe,29332,0x0,Other,-1,0,0,Composed: Copy with GPU GDI,2026-8-20 19:19:12.427793300,0.8700,0.8700,0.0000,0.0220,1.4950,1.4950,0.0000,12.2338,10.4651,-2.3943,9905.5824,NA,NA,NA
python.exe,29332,0x0,Other,-1,0,0,Composed: Copy with GPU GDI,2026-8-20 19:19:12.428663300,8.9045,8.9045,0.0000,0.6528,8.9529,0.8644,8.0885,NA,NA,NA,NA,NA,NA,NA
python.exe,29332,0x0,Other,-1,0,0,Composed: Copy with GPU GDI,2026-8-20 19:19:12.437567800,1.3623,1.3623,0.0000,0.7057,1.0799,0.5589,0.5210,NA,NA,NA,NA,NA,NA,NA
python.exe,29332,0x0,Other,0,0,1,Hardware: Legacy Flip,2026-8-20 19:19:12.438930100,10.5691,10.5691,0.0000,0.4283,10.2036,0.2021,10.0015,11.5621,7.7054,0.6717,9916.7192,NA,NA,NA
python.exe,29332,0x0,Other,-1,0,0,Composed: Copy with GPU GDI,2026-8-20 19:19:12.449499200,0.2384,0.2384,0.0000,0.0628,1.4879,1.4879,0.0000,NA,NA,NA,NA,NA,NA,NA
python.exe,29332,0x0,Other,-1,0,0,Composed: Copy with GPU GDI,2026-8-20 19:19:12.449737600,1.1367,1.1367,0.0000,1.3577,0.0506,0.0506,0.0000,8.4600,3.8546,3.1021,9927.5267,NA,NA,NA
python.exe,29332,0x0,Other,-1,0,0,Composed: Copy with GPU GDI,2026-8-20 19:19:12.450874300,8.9947,8.9947,0.0000,0.2294,9.2642,0.6671,8.5971,NA,NA,NA,NA,NA,NA,NA
python.exe,29332,0x0,Other,0,0,1,Hardware: Legacy Flip,2026-8-20 19:19:12.459869000,0.9986,0.9986,0.0000,0.5031,0.5265,0.0896,0.4369,2.1832,8.2405,6.2768,9937.6581,NA,NA,NA
python.exe,29332,0x0,Other,-1,0,0,Composed: Copy with GPU GDI,2026-8-20 19:19:12.460867600,0.8514,0.8514,0.0000,0.0310,1.7157,1.7157,0.0000,9.4251,12.1580,-7.2419,9938.6567,NA,NA,NA
python.exe,29332,0x0,Other,-1,0,0,Composed: Copy with GPU GDI,2026-8-20 19:19:12.461719000,9.7410,9.7410,0.0000,0.9003,9.0419,0.3660,8.6759,NA,NA,NA,NA,NA,NA,NA
python.exe,29332,0x0,Other,-1,0,0,Composed: Copy with GPU GDI,2026-8-20 19:19:12.471460000,2.2414,2.2414,0.0000,0.2054,2.1534,0.2531,1.9003,10.9907,1.4922,-1.5656,9949.2491,NA,NA,NA
python.exe,29332,0x0,Other,0,0,1,Hardware: Legacy Flip,2026-8-20 19:19:12.473701400,9.1818,9.1818,0.0000,0.1209,9.1682,0.2471,8.9211,10.2415,10.6313,0.7492,9951.4905,NA,NA,NA
python.exe,29332,0x0,Other,-1,0,0,Composed: Copy with GPU GDI,2026-8-20 19:19:12.482883200,0.9899,0.9899,0.0000,0.1073,1.5404,1.5404,0.0000,NA,NA,NA,NA,NA,NA,NA
python.exe,29332,0x0,Other,-1,0,0,Composed: Copy with GPU GDI,2026-8-20 19:19:12.483873100,2.1180,2.1180,0.0000,0.6635,1.7144,0.4956,1.2188,10.7011,0.2652,-0.4596,9961.6622,NA,NA,NA
python.exe,29332,0x0,Other,-1,0,0,Composed: Copy with GPU GDI,2026-8-20 19:19:12.485991100,6.8067,6.8067,0.0000,0.2653,6.8881,0.4658,6.4223,NA,NA,NA,NA,NA,NA,NA
python.exe,29332,0x0,Other,0,0,1,Hardware: Legacy Flip,2026-8-20 19:19:12.492797800,0.6764,0.6764,0.0000,0.3494,0.3568,0.0855,0.2713,2.0416,17.9302,8.6595,9970.5869,NA,NA,NA
python.exe,29332,0x0,Other,-1,0,0,Composed: Copy with GPU GDI,2026-8-20 19:19:12.493474200,11.3078,11.3078,0.0000,0.0298,11.5277,1.7160,9.8117,NA,NA,NA,NA,NA,NA,NA
python.exe,29332,0x0,Other,-1,0,0,Composed: Copy with GPU GDI,2026-8-20 19:19:12.504782000,1.2364,1.2364,0.0000,0.2542,1.2069,0.4331,0.7738,7.9876,8.7623,-5.9460,9982.5711,NA,NA,NA
python.exe,29332,0x0,Other,-1,0,0,Composed: Copy with GPU GDI,2026-8-20 19:19:12.506018400,11.8928,11.8928,0.0000,0.2275,12.0524,0.8278,11.2246,NA,NA,NA,NA,NA,NA,NA
python.exe,29332,0x0,Other,-1,0,0,Composed: Copy with GPU GDI,2026-8-20 19:19:12.517911200,1.9649,1.9649,0.0000,2.2648,0.1924,0.1924,0.0000,NA,NA,NA,NA,NA,NA,NA
python.exe,29332,0x0,Other,0,0,1,Hardware: Legacy Flip,2026-8-20 19:19:12.519876100,0.2235,0.2235,0.0000,0.0000,1.8737,0.4665,1.4072,1.6558,6.8047,6.3318,9997.6652,NA,NA,NA
python.exe,29332,0x0,Other,-1,0,0,Composed: Copy with GPU GDI,2026-8-20 19:19:12.520099600,6.3053,6.3053,0.0000,0.2688,6.3253,1.4540,4.8713,NA,NA,NA,NA,NA,NA,NA
python.exe,29332,0x0,Other,0,0,1,Hardware: Legacy Flip,2026-8-20 19:19:12.526404900,0.7707,0.7707,0.0000,0.2920,0.5041,0.1243,0.3798,1.9317,14.7908,-0.2759,10004.1940,NA,NA,NA
python.exe,29332,0x0,Other,-1,0,0,Composed: Copy with GPU GDI,2026-8-20 19:19:12.527175600,1.2775,1.2775,0.0000,0.0254,1.7137,1.5994,0.1143,15.9518,6.0527,-14.0201,10004.9647,NA,NA,NA
python.exe,29332,0x0,Other,-1,0,0,Composed: Copy with GPU GDI,2026-8-20 19:19:12.528453100,10.8683,10.8683,0.0000,0.4697,11.1730,1.0039,10.1691,NA,NA,NA,NA,NA,NA,NA
python.exe,29332,0x0,Other,-1,0,0,Composed: Copy with GPU GDI,2026-8-20 19:19:12.539321400,2.1215,2.1215,0.0000,0.7792,1.9813,0.7653,1.2160,9.8587,2.3552,6.0931,10017.1105,NA,NA,NA
python.exe,29332,0x0,Other,0,0,1,Hardware: Legacy Flip,2026-8-20 19:19:12.541442900,8.7576,8.7576,0.0000,0.6441,8.1934,0.1543,8.0391,10.0924,9.7843,-0.2337,10019.2320,NA,NA,NA
python.exe,29332,0x0,Other,-1,0,0,Composed: Copy with GPU GDI,2026-8-20 19:19:12.550200500,0.6017,0.6017,0.0000,0.0799,1.7538,1.7538,0.0000,NA,NA,NA,NA,NA,NA,NA
python.exe,29332,0x0,Other,-1,0,0,Composed: Copy with GPU GDI,2026-8-20 19:19:12.550802200,1.8046,1.8046,0.0000,1.2359,0.8536,0.4258,0.4278,10.5174,1.9324,-0.4250,10028.5913,NA,NA,NA
python.exe,29332,0x0,Other,-1,0,0,Composed: Copy with GPU GDI,2026-8-20 19:19:12.552606800,8.3827,8.3827,0.0000,0.2915,8.7078,0.7517,7.9561,NA,NA,NA,NA,NA,NA,NA
python.exe,29332,0x0,Other,0,0,1,Hardware: Legacy Flip,2026-8-20 19:19:12.560989500,0.8676,0.8676,0.0000,0.6221,0.2787,0.1184,0.1603,2.2625,10.1961,8.2549,10038.7786,NA,NA,NA
python.exe,29332,0x0,Other,-1,0,0,Composed: Copy with GPU GDI,2026-8-20 19:19:12.561857100,2.5525,2.5525,0.0000,0.0332,3.0462,2.0027,1.0435,11.5910,12.1374,-9.3285,10039.6462,NA,NA,NA
python.exe,29332,0x0,Other,-1,0,0,Composed: Copy with GPU GDI,2026-8-20 19:19:12.564409600,8.2580,8.2580,0.0000,0.5798,7.9737,0.5286,7.4451,21.1759,2.3665,-9.5849,10042.1987,NA,NA,NA
python.exe,29332,0x0,Other,-1,0,0,Composed: Copy with GPU GDI,2026-8-20 19:19:12.572667600,12.2717,12.2717,0.0000,0.2992,12.2161,0.5047,11.7114,NA,NA,NA,NA,NA,NA,NA
python.exe,29332,0x0,Other,-1,0,0,Composed: Copy with GPU GDI,2026-8-20 19:19:12.584939300,1.5289,1.5289,0.0000,0.2489,1.6072,0.5557,1.0515,NA,NA,NA,NA,NA,NA,NA
python.exe,29332,0x0,Other,0,0,1,Hardware: Legacy Flip,2026-8-20 19:19:12.586468200,0.3711,0.3711,0.0000,0.3272,0.1589,0.1589,0.0000,1.4838,9.5029,19.6921,10064.2573,NA,NA,NA
python.exe,29332,0x0,Other,-1,0,0,Composed: Copy with GPU GDI,2026-8-20 19:19:12.586839300,8.0171,8.0171,0.0000,0.1150,8.5915,1.7676,6.8239,NA,NA,NA,NA,NA,NA,NA
python.exe,29332,0x0,Other,-1,0,0,Composed: Copy with GPU GDI,2026-8-20 19:19:12.594856400,0.9248,0.9248,0.0000,1.1961,0.2422,0.2422,0.0000,NA,NA,NA,NA,NA,NA,NA
python.exe,29332,0x0,Other,0,0,1,Hardware: Legacy Flip,2026-8-20 19:19:12.595781200,0.2517,0.2517,0.0000,0.0000,0.5009,0.4256,0.0753,1.6737,18.4695,-0.1899,10073.5703,NA,NA,NA
python.exe,29332,0x0,Other,-1,0,0,Composed: Copy with GPU GDI,2026-8-20 19:19:12.596032900,8.4790,8.4790,0.0000,0.2618,8.4888,1.5298,6.9590,NA,NA,NA,NA,NA,NA,NA
python.exe,29332,0x0,Other,-1,0,0,Composed: Copy with GPU GDI,2026-8-20 19:19:12.604511900,2.4291,2.4291,0.0000,0.2738,2.4513,0.4211,2.0302,11.4125,3.1193,-9.7388,10082.3010,NA,NA,NA
python.exe,29332,0x0,Other,-1,0,0,Composed: Copy with GPU GDI,2026-8-20 19:19:12.606941000,10.4524,10.4524,0.0000,10.7050,0.2434,0.2434,0.0000,NA,NA,NA,NA,NA,NA,NA
python.exe,29332,0x0,Other,0,0,1,Hardware: Legacy Flip,2026-8-20 19:19:12.617393400,0.1808,0.1808,0.0000,0.0000,10.4049,0.4421,9.9628,1.6503,8.7152,9.7622,10095.1825,NA,NA,NA
python.exe,29332,0x0,Other,-1,0,0,Composed: Copy with GPU GDI,2026-8-20 19:19:12.617574200,0.7435,0.7435,0.0000,0.3152,1.7166,1.7166,0.0000,NA,NA,NA,NA,NA,NA,NA
python.exe,29332,0x0,Other,0,0,1,Hardware: Legacy Flip,2026-8-20 19:19:12.618317700,8.0961,8.0961,0.0000,1.2941,6.8176,0.0683,6.7493,9.4412,12.4815,-7.7909,10096.1068,NA,NA,NA
python.exe,29332,0x0,Other,-1,0,0,Composed: Copy with GPU GDI,2026-8-20 19:19:12.626413800,0.9740,0.9740,0.0000,0.0156,1.9010,1.9010,0.0000,13.8266,9.3085,-4.3854,10104.2029,NA,NA,NA
python.exe,29332,0x0,Other,-1,0,0,Composed: Copy with GPU GDI,2026-8-20 19:19:12.627387800,10.1679,10.1679,0.0000,0.9487,9.6236,0.6813,8.9423,NA,NA,NA,NA,NA,NA,NA
python.exe,29332,0x0,Other,-1,0,0,Composed: Copy with GPU GDI,2026-8-20 19:19:12.637555700,1.5614,1.5614,0.0000,0.4096,1.4741,0.4832,0.9909,NA,NA,NA,NA,NA,NA,NA
python.exe,29332,0x0,Other,-1,0,0,Composed: Copy with GPU GDI,2026-8-20 19:19:12.639117100,9.0785,9.0785,0.0000,0.3257,8.9931,0.4729,8.5202,NA,NA,NA,NA,NA,NA,NA
python.exe,29332,0x0,Other,0,0,1,Hardware: Legacy Flip,2026-8-20 19:19:12.648195600,0.2251,0.2251,0.0000,0.2403,0.0846,0.0846,0.0000,1.3533,8.8539,12.4733,10125.9847,NA,NA,NA
python.exe,29332,0x0,Other,-1,0,0,Composed: Copy with GPU GDI,2026-8-20 19:19:12.648420700,0.9996,0.9996,0.0000,0.0998,1.3126,1.3126,0.0000,9.9821,2.8232,-8.6288,10126.2098,NA,NA,NA
python.exe,29332,0x0,Other,-1,0,0,Composed: Copy with GPU GDI,2026-8-20 19:19:12.649420300,9.7100,9.7100,0.0000,0.4164,9.6485,0.5436,9.1049,NA,NA,NA,NA,NA,NA,NA
python.exe,29332,0x0,Other,0,0,1,Hardware: Legacy Flip,2026-8-20 19:19:12.659130300,0.9511,0.9511,0.0000,0.3603,0.6164,0.0814,0.5350,2.0957,9.3137,7.8864,10136.9194,NA,NA,NA
python.exe,29332,0x0,Other,-1,0,0,Composed: Copy with GPU GDI,2026-8-20 19:19:12.660081400,1.3673,1.3673,0.0000,0.0256,1.5948,1.3369,0.2579,10.4583,6.5047,-8.3626,10137.8705,NA,NA,NA
python.exe,29332,0x0,Other,-1,0,0,Composed: Copy with GPU GDI,2026-8-20 19:19:12.661448700,9.0351,9.0351,0.0000,0.2636,9.3570,0.6893,8.6677,NA,NA,NA,NA,NA,NA,NA
python.exe,29332,0x0,Other,-1,0,0,Composed: Copy with GPU GDI,2026-8-20 19:19:12.670483800,4.3184,4.3184,0.0000,0.5894,4.0333,0.5119,3.5214,NA,NA,NA,NA,NA,NA,NA
python.exe,29332,0x0,Other,0,0,1,Hardware: Legacy Flip,2026-8-20 19:19:12.674802200,1.1007,1.1007,0.0000,0.3088,0.9054,0.1797,0.7257,2.2422,17.7204,8.2161,10152.5913,NA,NA,NA
python.exe,29332,0x0,Other,-1,0,0,Composed: Copy with GPU GDI,2026-8-20 19:19:12.675902900,5.6594,5.6594,0.0000,0.1135,5.8185,1.3437,4.4748,18.8619,0.2025,-16.6197,10153.6920,NA,NA,NA
python.exe,29332,0x0,Other,-1,0,0,Composed: Copy with GPU GDI,2026-8-20 19:19:12.681562300,4.5724,4.5724,0.0000,0.2769,4.5867,0.5313,4.0554,NA,NA,NA,NA,NA,NA,NA
python.exe,29332,0x0,Other,-1,0,0,Composed: Copy with GPU GDI,2026-8-20 19:19:12.686134700,7.4212,7.4212,0.0000,0.2948,7.4278,0.4562,6.9716,NA,NA,NA,NA,NA,NA,NA
python.exe,29332,0x0,Other,0,0,1,Hardware: Legacy Flip,2026-8-20 19:19:12.693555900,0.2723,0.2723,0.0000,0.3014,0.1227,0.1227,0.0000,1.4114,15.9413,17.4505,10171.3450,NA,NA,NA
python.exe,29332,0x0,Other,-1,0,0,Composed: Copy with GPU GDI,2026-8-20 19:19:12.693828200,3.7550,3.7550,0.0000,0.1518,3.7001,1.1601,2.5400,NA,NA,NA,NA,NA,NA,NA
python.exe,29332,0x0,Other,-1,0,0,Composed: Copy with GPU GDI,2026-8-20 19:19:12.697583200,6.3063,6.3063,0.0000,0.1022,6.3500,0.2901,6.0599,NA,NA,NA,NA,NA,NA,NA
python.exe,29332,0x0,Other,0,0,1,Hardware: Legacy Flip,2026-8-20 19:19:12.703889500,5.7299,5.7299,0.0000,0.1497,5.6981,0.2331,5.4650,7.0191,14.2049,-5.6077,10181.6786,NA,NA,NA
python.exe,29332,0x0,Other,-1,0,0,Composed: Copy with GPU GDI,2026-8-20 19:19:12.709619400,5.0407,5.0407,0.0000,0.1179,5.2921,1.6154,3.6767,NA,NA,NA,NA,NA,NA,NA
python.exe,29332,0x0,Other,-1,0,0,Composed: Copy with GPU GDI,2026-8-20 19:19:12.714660100,2.0027,2.0027,0.0000,0.3730,2.0618,0.5532,1.5086,10.4534,4.3547,-3.4343,10192.4492,NA,NA,NA
python.exe,29332,0x0,Other,-1,0,0,Composed: Copy with GPU GDI,2026-8-20 19:19:12.716662800,10.5912,10.5912,0.0000,0.4365,10.5847,0.5824,10.0023,NA,NA,NA,NA,NA,NA,NA
python.exe,29332,0x0,Other,0,0,1,Hardware: Legacy Flip,2026-8-20 19:19:12.727254000,0.8788,0.8788,0.0000,0.4863,0.4860,0.1567,0.3293,2.2142,7.7614,8.2392,10205.0431,NA,NA,NA
python.exe,29332,0x0,Other,-1,0,0,Composed: Copy with GPU GDI,2026-8-20 19:19:12.728132800,0.3464,0.3464,0.0000,0.0935,1.2809,1.2809,0.0000,9.0968,12.1258,-6.8826,10205.9219,NA,NA,NA
python.exe,29332,0x0,Other,-1,0,0,Composed: Copy with GPU GDI,2026-8-20 19:19:12.728479200,9.2603,9.2603,0.0000,1.0315,8.5801,0.5155,8.0646,NA,NA,NA,NA,NA,NA,NA
python.exe,29332,0x0,Other,-1,0,0,Composed: Copy with GPU GDI,2026-8-20 19:19:12.737739500,3.0809,3.0809,0.0000,0.3711,2.8488,0.2377,2.6111,11.6159,46.9798,-2.5191,10215.5286,NA,NA,NA
python.exe,29332,0x0,Other,0,0,1,Hardware: Legacy Flip,2026-8-20 19:19:12.740820400,54.0022,54.0022,0.0000,0.1423,53.9269,0.1241,53.8028,55.5148,4.4043,-43.8989,10218.6095,NA,NA,NA
python.exe,29332,0x0,Other,-1,0,0,Composed: Copy with GPU GDI,2026-8-20 19:19:12.794822600,2.2532,2.2532,0.0000,0.0670,2.4342,1.8727,0.5615,NA,NA,NA,NA,NA,NA,NA
python.exe,29332,0x0,Other,-1,0,0,Composed: Copy with GPU GDI,2026-8-20 19:19:12.797075800,1.6475,1.6475,0.0000,0.2543,1.7326,0.8175,0.9151,NA,NA,NA,NA,NA,NA,NA
python.exe,29332,0x0,Other,0,0,1,Hardware: Legacy Flip,2026-8-20 19:19:12.798723300,0.4930,0.4930,0.0000,0.3422,0.2321,0.1710,0.0611,2.0162,9.8556,53.4986,10276.5124,NA,NA,NA
python.exe,29332,0x0,Other,-1,0,0,Composed: Copy with GPU GDI,2026-8-20 19:19:12.799216300,1.5086,1.5086,0.0000,0.0813,1.7987,1.7987,0.0000,NA,NA,NA,NA,NA,NA,NA
python.exe,29332,0x0,Other,-1,0,0,Composed: Copy with GPU GDI,2026-8-20 19:19:12.800724900,6.1261,6.1261,0.0000,0.3791,6.4657,0.8921,5.5736,NA,NA,NA,NA,NA,NA,NA
python.exe,29332,0x0,Other,0,0,1,Hardware: Legacy Flip,2026-8-20 19:19:12.806851000,2.1218,2.1218,0.0000,0.7238,1.4202,0.0807,1.3395,3.7441,17.4651,-1.7279,10284.6401,NA,NA,NA
python.exe,29332,0x0,Other,-1,0,0,Composed: Copy with GPU GDI,2026-8-20 19:19:12.808972800,5.7145,5.7145,0.0000,0.0222,6.1313,2.0431,4.0882,NA,NA,NA,NA,NA,NA,NA
python.exe,29332,0x0,Other,-1,0,0,Composed: Copy with GPU GDI,2026-8-20 19:19:12.814687300,4.0839,4.0839,0.0000,0.4435,4.3708,0.9118,3.4590,NA,NA,NA,NA,NA,NA,NA
python.exe,29332,0x0,Other,-1,0,0,Composed: Copy with GPU GDI,2026-8-20 19:19:12.818771200,7.5481,7.5481,0.0000,0.7355,6.9695,0.3092,6.6603,NA,NA,NA,NA,NA,NA,NA
python.exe,29332,0x0,Other,0,0,1,Hardware: Legacy Flip,2026-8-20 19:19:12.826319300,0.3814,0.3814,0.0000,0.1549,0.2816,0.1130,0.1686,1.7409,16.4623,2.0032,10304.1084,NA,NA,NA
python.exe,29332,0x0,Other,-1,0,0,Composed: Copy with GPU GDI,2026-8-20 19:19:12.826700700,4.8707,4.8707,0.0000,0.0551,5.4370,2.0714,3.3656,NA,NA,NA,NA,NA,NA,NA
python.exe,29332,0x0,Other,-1,0,0,Composed: Copy with GPU GDI,2026-8-20 19:19:12.831571400,5.7174,5.7174,0.0000,0.6333,5.2336,0.2839,4.9497,NA,NA,NA,NA,NA,NA,NA
python.exe,29332,0x0,Other,0,0,1,Hardware: Legacy Flip,2026-8-20 19:19:12.837288800,5.6722,5.6722,0.0000,0.1533,5.5753,0.1044,5.4709,7.2337,14.0449,-5.4928,10315.0779,NA,NA,NA
python.exe,29332,0x0,Other,-1,0,0,Composed: Copy with GPU GDI,2026-8-20 19:19:12.842961000,6.6167,6.6167,0.0000,0.0564,7.0242,2.0314,4.9928,NA,NA,NA,NA,NA,NA,NA
python.exe,29332,0x0,Other,-1,0,0,Composed: Copy with GPU GDI,2026-8-20 19:19:12.849577700,2.2738,2.2738,0.0000,0.4899,1.9901,0.3780,1.6121,8.9897,4.6305,-1.7560,10327.3668,NA,NA,NA
python.exe,29332,0x0,Other,-1,0,0,Composed: Copy with GPU GDI,2026-8-20 19:19:12.851851500,8.4862,8.4862,0.0000,0.2087,8.6151,0.4857,8.1294,NA,NA,NA,NA,NA,NA,NA
python.exe,29332,0x0,Other,0,0,1,Hardware: Legacy Flip,2026-8-20 19:19:12.860337700,1.7100,1.7100,0.0000,0.3745,1.4716,0.2189,1.2527,2.8602,7.5585,6.1295,10338.1268,NA,NA,NA
python.exe,29332,0x0,Other,-1,0,0,Composed: Copy with GPU GDI,2026-8-20 19:19:12.862047700,0.4612,0.4612,0.0000,0.1361,1.6345,1.6345,0.0000,8.7087,12.1349,-5.8485,10339.8368,NA,NA,NA
python.exe,29332,0x0,Other,-1,0,0,Composed: Copy with GPU GDI,2026-8-20 19:19:12.862508900,9.7381,9.7381,0.0000,1.3130,8.6216,0.6159,8.0057,NA,NA,NA,NA,NA,NA,NA
python.exe,29332,0x0,Other,-1,0,0,Composed: Copy with GPU GDI,2026-8-20 19:19:12.872247000,2.9235,2.9235,0.0000,0.2038,3.4178,0.8822,2.5356,10.6443,1.1111,-1.9356,10350.0361,NA,NA,NA
python.exe,29332,0x0,Other,0,0,1,Hardware: Legacy Flip,2026-8-20 19:19:12.875170500,7.5571,7.5571,0.0000,0.7018,6.9591,0.2192,6.7399,8.8319,10.5227,1.8124,10352.9596,NA,NA,NA
python.exe,29332,0x0,Other,-1,0,0,Composed: Copy with GPU GDI,2026-8-20 19:19:12.882727600,0.3897,0.3897,0.0000,0.1038,1.2174,1.2174,0.0000,NA,NA,NA,NA,NA,NA,NA
python.exe,29332,0x0,Other,-1,0,0,Composed: Copy with GPU GDI,2026-8-20 19:19:12.883117300,2.6446,2.6446,0.0000,0.9367,1.9824,0.4591,1.5233,NA,NA,NA,NA,NA,NA,NA
python.exe,29332,0x0,Other,0,0,1,Hardware: Legacy Flip,2026-8-20 19:19:12.885761900,7.4796,7.4796,0.0000,0.2783,7.2413,0.1763,7.0650,8.7632,12.5653,0.0687,10363.5510,NA,NA,NA
python.exe,29332,0x0,Other,-1,0,0,Composed: Copy with GPU GDI,2026-8-20 19:19:12.893241500,0.9368,0.9368,0.0000,0.0400,1.8528,1.8528,0.0000,NA,NA,NA,NA,NA,NA,NA
python.exe,29332,0x0,Other,-1,0,0,Composed: Copy with GPU GDI,2026-8-20 19:19:12.894178300,3.1879,3.1879,0.0000,0.9591,2.6181,0.4989,2.1192,12.9121,3.7197,-4.1489,10371.9674,NA,NA,NA
python.exe,29332,0x0,Other,-1,0,0,Composed: Copy with GPU GDI,2026-8-20 19:19:12.897366200,8.5611,8.5611,0.0000,0.3931,8.4619,0.4701,7.9918,NA,NA,NA,NA,NA,NA,NA
python.exe,29332,0x0,Other,0,0,1,Hardware: Legacy Flip,2026-8-20 19:19:12.905927300,3.7129,3.7129,0.0000,0.2972,3.5037,0.1913,3.3124,4.8828,14.6455,8.0293,10383.7164,NA,NA,NA
python.exe,29332,0x0,Other,-1,0,0,Composed: Copy with GPU GDI,2026-8-20 19:19:12.909640200,6.1403,6.1403,0.0000,0.0880,6.7590,1.9024,4.8566,NA,NA,NA,NA,NA,NA,NA
python.exe,29332,0x0,Other,-1,0,0,Composed: Copy with GPU GDI,2026-8-20 19:19:12.915780500,1.4296,1.4296,0.0000,0.7096,0.8952,0.2986,0.5966,9.6751,4.3080,-4.7923,10393.5696,NA,NA,NA
python.exe,29332,0x0,Other,-1,0,0,Composed: Copy with GPU GDI,2026-8-20 19:19:12.917210100,9.9351,9.9351,0.0000,0.1790,10.1145,0.5924,9.5221,NA,NA,NA,NA,NA,NA,NA
python.exe,29332,0x0,Other,-1,0,0,Composed: Copy with GPU GDI,2026-8-20 19:19:12.927145200,0.8335,0.8335,0.0000,0.3620,0.6463,0.3560,0.2903,NA,NA,NA,NA,NA,NA,NA
python.exe,29332,0x0,Other,0,0,1,Hardware: Legacy Flip,2026-8-20 19:19:12.927978700,0.4916,0.4916,0.0000,0.1793,0.3771,0.1111,0.2660,1.7849,19.8282,7.8902,10405.7678,NA,NA,NA
python.exe,29332,0x0,Other,-1,0,0,Composed: Copy with GPU GDI,2026-8-20 19:19:12.928470300,10.2952,10.2952,0.0000,0.0648,10.9399,1.9764,8.9635,NA,NA,NA,NA,NA,NA,NA
python.exe,29332,0x0,Other,-1,0,0,Composed: Copy with GPU GDI,2026-8-20 19:19:12.938765500,0.5857,0.5857,0.0000,0.7129,0.0129,0.0129,0.0000,10.8263,1.5853,-9.0414,10416.5546,NA,NA,NA
python.exe,29332,0x0,Other,-1,0,0,Composed: Copy with GPU GDI,2026-8-20 19:19:12.939351200,10.0151,10.0151,0.0000,0.1388,10.3037,0.5727,9.7310,NA,NA,NA,NA,NA,NA,NA
python.exe,29332,0x0,Other,0,0,1,Hardware: Legacy Flip,2026-8-20 19:19:12.949366300,0.4953,0.4953,0.0000,0.4274,0.1765,0.1765,0.0000,1.8108,9.7912,9.0155,10427.1554,NA,NA,NA
python.exe,29332,0x0,Other,-1,0,0,Composed: Copy with GPU GDI,2026-8-20 19:19:12.949861600,3.0266,3.0266,0.0000,0.1086,3.4149,1.8498,1.5651,NA,NA,NA,NA,NA,NA,NA
python.exe,29332,0x0,Other,0,0,1,Hardware: Legacy Flip,2026-8-20 19:19:12.952888200,6.8806,6.8806,0.0000,0.5029,6.4028,0.0968,6.3060,8.0801,12.9156,-6.2693,10430.6773,NA,NA,NA
python.exe,29332,0x0,Other,-1,0,0,Composed: Copy with GPU GDI,2026-8-20 19:19:12.959768800,0.7019,0.7019,0.0000,0.0251,1.6268,1.6268,0.0000,14.1151,6.0158,-6.0350,10437.5579,NA,NA,NA
python.exe,29332,0x0,Other,-1,0,0,Composed: Copy with GPU GDI,2026-8-20 19:19:12.960470700,4.3116,4.3116,0.0000,0.9542,3.6423,0.4713,3.1710,19.4290,3.3128,-5.3139,10438.2598,NA,NA,NA
python.exe,29332,0x0,Other,-1,0,0,Composed: Copy with GPU GDI,2026-8-20 19:19:12.964782300,7.6043,7.6043,0.0000,0.2878,7.4416,0.3670,7.0746,NA,NA,NA,NA,NA,NA,NA
python.exe,29332,0x0,Other,-1,0,0,Composed: Copy with GPU GDI,2026-8-20 19:19:12.972386600,9.4409,9.4409,0.0000,9.7584,0.0192,0.0192,0.0000,NA,NA,NA,NA,NA,NA,NA
python.exe,29332,0x0,Other,0,0,1,Hardware: Legacy Flip,2026-8-20 19:19:12.981827500,0.2470,0.2470,0.0000,0.0000,9.6273,0.5133,9.1140,1.3850,8.8223,18.0440,10459.6166,NA,NA,NA
python.exe,29332,0x0,Other,-1,0,0,Composed: Copy with GPU GDI,2026-8-20 19:19:12.982074500,0.6676,0.6676,0.0000,0.0897,1.3549,1.3549,0.0000,9.9603,5.6637,-8.5753,10459.8636,NA,NA,NA
python.exe,29332,0x0,Other,-1,0,0,Composed: Copy with GPU GDI,2026-8-20 19:19:12.982742100,12.5639,12.5639,0.0000,0.7811,12.1006,0.4533,11.6473,NA,NA,NA,NA,NA,NA,NA
python.exe,29332,0x0,Other,0,0,1,Hardware: Legacy Flip,2026-8-20 19:19:12.995306000,1.3614,1.3614,0.0000,0.3250,1.0793,0.1619,0.9174,2.3925,6.4704,7.5678,10473.0951,NA,NA,NA
python.exe,29332,0x0,Other,-1,0,0,Composed: Copy with GPU GDI,2026-8-20 19:19:12.996667400,0.5251,0.5251,0.0000,0.0429,1.6694,1.6694,0.0000,7.5015,14.4095,-5.1090,10474.4565,NA,NA,NA
python.exe,29332,0x0,Other,-1,0,0,Composed: Copy with GPU GDI,2026-8-20 19:19:12.997192500,9.0089,9.0089,0.0000,1.1935,8.5652,0.9919,7.5733,NA,NA,NA,NA,NA,NA,NA
python.exe,29332,0x0,Other,-1,0,0,Composed: Copy with GPU GDI,2026-8-20 19:19:13.006201400,1.5872,1.5872,0.0000,0.7540,1.0645,0.5114,0.5531,NA,NA,NA,NA,NA,NA,NA
python.exe,29332,0x0,Other,-1,0,0,Composed: Copy with GPU GDI,2026-8-20 19:19:13.007788600,8.6576,8.6576,0.0000,0.2349,8.8930,0.7855,8.1075,NA,NA,NA,NA,NA,NA,NA
python.exe,29332,0x0,Other,0,0,1,Hardware: Legacy Flip,2026-8-20 19:19:13.016446200,0.8044,0.8044,0.0000,0.4952,0.4907,0.3327,0.1580,2.1322,9.8688,5.3693,10494.2353,NA,NA,NA
python.exe,29332,0x0,Other,-1,0,0,Composed: Copy with GPU GDI,2026-8-20 19:19:13.017250600,2.8159,2.8159,0.0000,0.1815,2.7686,1.3142,1.4544,11.1966,0.9922,-9.0644,10495.0397,NA,NA,NA
python.exe,29332,0x0,Other,-1,0,0,Composed: Copy with GPU GDI,2026-8-20 19:19:13.020066500,6.4469,6.4469,0.0000,0.1383,6.6654,0.4930,6.1724,NA,NA,NA,NA,NA,NA,NA
python.exe,29332,0x0,Other,0,0,1,Hardware: Legacy Flip,2026-8-20 19:19:13.026513400,1.5335,1.5335,0.0000,0.3606,1.2215,0.1109,1.1106,2.9260,17.2293,8.2706,10504.3025,NA,NA,NA
python.exe,29332,0x0,Other,-1,0,0,Composed: Copy with GPU GDI,2026-8-20 19:19:13.028046900,2.7298,2.7298,0.0000,0.0486,3.2580,1.9210,1.3370,18.6218,4.8274,-15.6958,10505.8360,NA,NA,NA
python.exe,29332,0x0,Other,-1,0,0,Composed: Copy with GPU GDI,2026-8-20 19:19:13.030776700,8.2802,8.2802,0.0000,0.5804,7.8521,0.3390,7.5131,NA,NA,NA,NA,NA,NA,NA
python.exe,29332,0x0,Other,-1,0,0,Composed: Copy with GPU GDI,2026-8-20 19:19:13.039056900,10.7430,10.7430,0.0000,11.0216,0.2276,0.2276,0.0000,NA,NA,NA,NA,NA,NA,NA
python.exe,29332,0x0,Other,0,0,1,Hardware: Legacy Flip,2026-8-20 19:19:13.049799900,0.1828,0.1828,0.0000,0.0000,10.8340,0.4794,10.3546,1.6962,7.2559,16.9256,10527.5890,NA,NA,NA
python.exe,29332,0x0,Other,-1,0,0,Composed: Copy with GPU GDI,2026-8-20 19:19:13.049982700,0.9707,0.9707,0.0000,0.3234,1.3156,1.3156,0.0000,8.7693,3.9177,-7.0731,10527.7718,NA,NA,NA
python.exe,29332,0x0,Other,-1,0,0,Composed: Copy with GPU GDI,2026-8-20 19:19:13.050953400,8.9937,8.9937,0.0000,0.7070,8.5557,0.5049,8.0508,NA,NA,NA,NA,NA,NA,NA
python.exe,29332,0x0,Other,0,0,1,Hardware: Legacy Flip,2026-8-20 19:19:13.059947100,1.5408,1.5408,0.0000,0.2718,1.2969,0.0980,1.1989,2.7226,8.2438,6.0467,10537.7362,NA,NA,NA
python.exe,29332,0x0,Other,-1,0,0,Composed: Copy with GPU GDI,2026-8-20 19:19:13.061487900,0.3727,0.3727,0.0000,0.0279,1.3344,1.3344,0.0000,9.4256,12.1360,-6.7030,10539.2770,NA,NA,NA
python.exe,29332,0x0,Other,-1,0,0,Composed: Copy with GPU GDI,2026-8-20 19:19:13.061860600,10.0713,10.0713,0.0000,0.9935,9.3094,0.4193,8.8901,NA,NA,NA,NA,NA,NA,NA
python.exe,29332,0x0,Other,-1,0,0,Composed: Copy with GPU GDI,2026-8-20 19:19:13.071931900,2.7229,2.7229,0.0000,0.2387,3.1961,0.8984,2.2977,11.1176,0.5379,-1.6920,10549.7210,NA,NA,NA
python.exe,29332,0x0,Other,0,0,1,Hardware: Legacy Flip,2026-8-20 19:19:13.074654800,7.7660,7.7660,0.0000,0.7162,7.1456,0.2025,6.9431,8.9326,11.6086,2.1850,10552.4439,NA,NA,NA
python.exe,29332,0x0,Other,-1,0,0,Composed: Copy with GPU GDI,2026-8-20 19:19:13.082420800,1.0242,1.0242,0.0000,0.0958,1.6283,1.6283,0.0000,NA,NA,NA,NA,NA,NA,NA
python.exe,29332,0x0,Other,-1,0,0,Composed: Copy with GPU GDI,2026-8-20 19:19:13.083445000,4.0812,4.0812,0.0000,0.7076,3.5724,0.5593,3.0131,11.7510,12.3174,-2.8184,10561.2341,NA,NA,NA
python.exe,29332,0x0,Other,-1,0,0,Composed: Copy with GPU GDI,2026-8-20 19:19:13.087526200,16.8197,16.8197,0.0000,0.2033,17.0423,0.6220,16.4203,NA,NA,NA,NA,NA,NA,NA
python.exe,29332,0x0,Other,0,0,1,Hardware: Legacy Flip,2026-8-20 19:19:13.104345900,1.8251,1.8251,0.0000,0.4423,1.4458,0.1261,1.3197,3.1675,3.3506,8.5835,10582.1350,NA,NA,NA
python.exe,29332,0x0,Other,-1,0,0,Composed: Copy with GPU GDI,2026-8-20 19:19:13.106171000,0.1767,0.1767,0.0000,0.0630,1.3510,1.3510,0.0000,NA,NA,NA,NA,NA,NA,NA
python.exe,29332,0x0,Other,0,0,1,Hardware: Legacy Flip,2026-8-20 19:19:13.106347700,3.1822,3.1822,0.0000,1.2416,1.9785,0.1026,1.8759,4.5163,14.6667,-1.3488,10584.1368,NA,NA,NA
python.exe,29332,0x0,Other,-1,0,0,Composed: Copy with GPU GDI,2026-8-20 19:19:13.109529900,5.6936,5.6936,0.0000,0.0379,6.2600,2.0098,4.2502,NA,NA,NA,NA,NA,NA,NA
python.exe,29332,0x0,Other,-1,0,0,Composed: Copy with GPU GDI,2026-8-20 19:19:13.115223500,2.1812,2.1812,0.0000,0.6103,1.9284,0.4643,1.4641,10.3072,3.9682,-5.7909,10593.0126,NA,NA,NA
python.exe,29332,0x0,Other,-1,0,0,Composed: Copy with GPU GDI,2026-8-20 19:19:13.117404700,10.1398,10.1398,0.0000,0.3623,9.9893,0.3914,9.5979,NA,NA,NA,NA,NA,NA,NA
python.exe,29332,0x0,Other,0,0,1,Hardware: Legacy Flip,2026-8-20 19:19:13.127544500,0.7015,0.7015,0.0000,0.2187,0.5615,0.1696,0.3919,1.9544,8.1858,8.3528,10605.3336,NA,NA,NA
python.exe,29332,0x0,Other,-1,0,0,Composed: Copy with GPU GDI,2026-8-20 19:19:13.128246000,0.5054,0.5054,0.0000,0.0787,1.7291,1.7291,0.0000,9.4387,6.0251,-7.4843,10606.0351,NA,NA,NA
python.exe,29332,0x0,Other,-1,0,0,Composed: Copy with GPU GDI,2026-8-20 19:19:13.128751400,10.0061,10.0061,0.0000,1.3066,9.2888,0.7615,8.5273,NA,NA,NA,NA,NA,NA,NA
python.exe,29332,0x0,Other,-1,0,0,Composed: Copy with GPU GDI,2026-8-20 19:19:13.138757500,1.9097,1.9097,0.0000,0.5928,1.5562,0.3998,1.1564,NA,NA,NA,NA,NA,NA,NA
python.exe,29332,0x0,Other,0,0,1,Hardware: Legacy Flip,2026-8-20 19:19:13.140667200,1.6592,1.6592,0.0000,0.2461,1.4862,0.1359,1.3503,3.0426,18.2029,6.3961,10618.4563,NA,NA,NA
python.exe,29332,0x0,Other,-1,0,0,Composed: Copy with GPU GDI,2026-8-20 19:19:13.142326400,7.7326,7.7326,0.0000,0.0731,8.2894,2.0583,6.2311,NA,NA,NA,NA,NA,NA,NA
python.exe,29332,0x0,Other,-1,0,0,Composed: Copy with GPU GDI,2026-8-20 19:19:13.150059000,2.4269,2.4269,0.0000,0.6353,2.3530,1.0953,1.2577,11.8537,1.0381,-8.8111,10627.8481,NA,NA,NA
python.exe,29332,0x0,Other,-1,0,0,Composed: Copy with GPU GDI,2026-8-20 19:19:13.152485900,8.1991,8.1991,0.0000,0.5662,8.0266,0.5791,7.4475,NA,NA,NA,NA,NA,NA,NA
python.exe,29332,0x0,Other,0,0,1,Hardware: Legacy Flip,2026-8-20 19:19:13.160685000,1.0846,1.0846,0.0000,0.3974,0.9969,0.4413,0.5556,2.2658,17.1746,9.5879,10638.4741,NA,NA,NA
python.exe,29332,0x0,Other,-1,0,0,Composed: Copy with GPU GDI,2026-8-20 19:19:13.161769600,2.4292,2.4292,0.0000,0.3097,2.8314,1.5964,1.2350,18.3558,4.4900,-16.0900,10639.5587,NA,NA,NA
python.exe,29332,0x0,Other,-1,0,0,Composed: Copy with GPU GDI,2026-8-20 19:19:13.164198800,7.7099,7.7099,0.0000,0.7174,7.4336,0.5845,6.8491,NA,NA,NA,NA,NA,NA,NA
python.exe,29332,0x0,Other,-1,0,0,Composed: Copy with GPU GDI,2026-8-20 19:19:13.171908700,4.0422,4.0422,0.0000,0.4453,4.1005,0.6410,3.4595,NA,NA,NA,NA,NA,NA,NA
python.exe,29332,0x0,Other,0,0,1,Hardware: Legacy Flip,2026-8-20 19:19:13.175950900,7.4041,7.4041,0.0000,0.5084,7.0595,0.2661,6.7934,8.6645,12.4110,9.6913,10653.7400,NA,NA,NA
python.exe,29332,0x0,Other,-1,0,0,Composed: Copy with GPU GDI,2026-8-20 19:19:13.183355000,1.0140,1.0140,0.0000,0.1638,1.3169,1.3169,0.0000,NA,NA,NA,NA,NA,NA,NA
python.exe,29332,0x0,Other,-1,0,0,Composed: Copy with GPU GDI,2026-8-20 19:19:13.184369000,9.9269,9.9269,0.0000,0.4719,9.7675,0.5368,9.2307,NA,NA,NA,NA,NA,NA,NA
python.exe,29332,0x0,Other,-1,0,0,Composed: Copy with GPU GDI,2026-8-20 19:19:13.194295900,1.2450,1.2450,0.0000,1.4884,0.0895,0.0895,0.0000,NA,NA,NA,NA,NA,NA,NA
python.exe,29332,0x0,Other,0,0,1,Hardware: Legacy Flip,2026-8-20 19:19:13.195540900,0.2188,0.2188,0.0000,0.0000,1.1698,0.3459,0.8239,1.4855,19.4748,7.1790,10673.3300,NA,NA,NA
python.exe,29332,0x0,Other,-1,0,0,Composed: Copy with GPU GDI,2026-8-20 19:19:13.195759700,9.6049,9.6049,0.0000,0.1141,9.6327,1.4604,8.1723,NA,NA,NA,NA,NA,NA,NA
python.exe,29332,0x0,Other,-1,0,0,Composed: Copy with GPU GDI,2026-8-20 19:19:13.205364600,1.9751,1.9751,0.0000,0.1462,2.1018,0.3917,1.7101,11.1366,1.5476,-9.6511,10683.1537,NA,NA,NA
python.exe,29332,0x0,Other,0,0,1,Hardware: Legacy Flip,2026-8-20 19:19:13.207339700,9.3786,9.3786,0.0000,0.2777,9.1920,0.2071,8.9849,10.7091,10.5776,0.4275,10685.1288,NA,NA,NA
python.exe,29332,0x0,Other,-1,0,0,Composed: Copy with GPU GDI,2026-8-20 19:19:13.216718300,0.6274,0.6274,0.0000,0.0911,1.8277,1.8277,0.0000,NA,NA,NA,NA,NA,NA,NA
python.exe,29332,0x0,Other,-1,0,0,Composed: Copy with GPU GDI,2026-8-20 19:19:13.217345700,1.6899,1.6899,0.0000,1.2970,0.5460,0.2742,0.2718,11.2807,1.1772,-0.5716,10695.1348,NA,NA,NA
python.exe,29332,0x0,Other,-1,0,0,Composed: Copy with GPU GDI,2026-8-20 19:19:13.219035600,8.8674,8.8674,0.0000,0.1553,8.8823,0.4317,8.4506,NA,NA,NA,NA,NA,NA,NA
python.exe,29332,0x0,Other,0,0,1,Hardware: Legacy Flip,2026-8-20 19:19:13.227903000,0.2609,0.2609,0.0000,0.1740,0.1160,0.0847,0.0313,1.9006,17.0173,9.3801,10705.6921,NA,NA,NA
python.exe,29332,0x0,Other,-1,0,0,Composed: Copy with GPU GDI,2026-8-20 19:19:13.228163900,2.5047,2.5047,0.0000,0.0291,3.0575,2.2293,0.8282,18.6570,4.6053,-16.7564,10705.9530,NA,NA,NA
python.exe,29332,0x0,Other,-1,0,0,Composed: Copy with GPU GDI,2026-8-20 19:19:13.230668600,7.9595,7.9595,0.0000,0.5845,7.7219,0.4873,7.2346,NA,NA,NA,NA,NA,NA,NA
python.exe,29332,0x0,Other,-1,0,0,Composed: Copy with GPU GDI,2026-8-20 19:19:13.238628100,10.2017,10.2017,0.0000,0.3513,10.4166,0.7751,9.6415,NA,NA,NA,NA,NA,NA,NA
python.exe,29332,0x0,Other,-1,0,0,Composed: Copy with GPU GDI,2026-8-20 19:19:13.248829800,0.7550,0.7550,0.0000,0.5725,0.3183,0.2960,0.0223,NA,NA,NA,NA,NA,NA,NA
python.exe,29332,0x0,Other,0,0,1,Hardware: Legacy Flip,2026-8-20 19:19:13.249584800,0.2208,0.2208,0.0000,0.1390,0.1313,0.0953,0.0360,1.8414,10.6837,16.8156,10727.3739,NA,NA,NA
python.exe,29332,0x0,Other,-1,0,0,Composed: Copy with GPU GDI,2026-8-20 19:19:13.249805600,10.3772,10.3772,0.0000,0.0495,10.4400,1.7776,8.6624,NA,NA,NA,NA,NA,NA,NA
python.exe,29332,0x0,Other,0,0,1,Hardware: Legacy Flip,2026-8-20 19:19:13.260182800,0.3792,0.3792,0.0000,0.1194,0.2760,0.0665,0.2095,1.9271,9.0056,-0.0857,10737.9719,NA,NA,NA
python.exe,29332,0x0,Other,-1,0,0,Composed: Copy with GPU GDI,2026-8-20 19:19:13.260562000,1.1052,1.1052,0.0000,0.0162,2.1309,2.1309,0.0000,10.5535,12.2338,-8.6264,10738.3511,NA,NA,NA
python.exe,29332,0x0,Other,-1,0,0,Composed: Copy with GPU GDI,2026-8-20 19:19:13.261667200,10.0261,10.0261,0.0000,1.0470,9.3230,0.5737,8.7493,NA,NA,NA,NA,NA,NA,NA
python.exe,29332,0x0,Other,-1,0,0,Composed: Copy with GPU GDI,2026-8-20 19:19:13.271693300,1.3488,1.3488,0.0000,0.3484,1.1000,0.1824,0.9176,11.6560,1.0420,-1.1025,10749.4824,NA,NA,NA
python.exe,29332,0x0,Other,0,0,1,Hardware: Legacy Flip,2026-8-20 19:19:13.273042100,9.9526,9.9526,0.0000,0.1522,9.8753,0.1530,9.7223,11.3492,10.6232,0.3068,10750.8312,NA,NA,NA
python.exe,29332,0x0,Other,-1,0,0,Composed: Copy with GPU GDI,2026-8-20 19:19:13.282994700,0.7561,0.7561,0.0000,0.0749,1.8345,1.8345,0.0000,NA,NA,NA,NA,NA,NA,NA
python.exe,29332,0x0,Other,-1,0,0,Composed: Copy with GPU GDI,2026-8-20 19:19:13.283750800,1.6789,1.6789,0.0000,1.1587,0.6292,0.2811,0.3481,NA,NA,NA,NA,NA,NA,NA
python.exe,29332,0x0,Other,-1,0,0,Composed: Copy with GPU GDI,2026-8-20 19:19:13.285429700,7.7394,7.7394,0.0000,0.1122,8.0163,0.5422,7.4741,NA,NA,NA,NA,NA,NA,NA
python.exe,29332,0x0,Other,0,0,1,Hardware: Legacy Flip,2026-8-20 19:19:13.293169100,0.5914,0.5914,0.0000,0.3939,0.2265,0.1152,0.1113,1.8454,18.5461,9.5038,10770.9582,NA,NA,NA
python.exe,29332,0x0,Other,-1,0,0,Composed: Copy with GPU GDI,2026-8-20 19:19:13.293760500,3.7458,3.7458,0.0000,0.0290,4.0910,1.5947,2.4963,19.8001,2.5706,-17.9547,10771.5496,NA,NA,NA
python.exe,29332,0x0,Other,-1,0,0,Composed: Copy with GPU GDI,2026-8-20 19:19:13.297506300,7.9277,7.9277,0.0000,0.3779,8.1657,0.9521,7.2136,NA,NA,NA,NA,NA,NA,NA
python.exe,29332,0x0,Other,0,0,1,Hardware: Legacy Flip,2026-8-20 19:19:13.305434000,9.0181,9.0181,0.0000,0.6220,8.4944,0.1798,8.3146,10.6972,9.5886,9.1029,10783.2231,NA,NA,NA
python.exe,29332,0x0,Other,-1,0,0,Composed: Copy with GPU GDI,2026-8-20 19:19:13.314452100,0.6144,0.6144,0.0000,0.0983,1.7759,1.7759,0.0000,NA,NA,NA,NA,NA,NA,NA
python.exe,29332,0x0,Other,-1,0,0,Composed: Copy with GPU GDI,2026-8-20 19:19:13.315066500,1.9043,1.9043,0.0000,1.2630,0.8205,0.3405,0.4800,10.6533,3.1221,0.0439,10792.8556,NA,NA,NA
python.exe,29332,0x0,Other,-1,0,0,Composed: Copy with GPU GDI,2026-8-20 19:19:13.316970800,9.4319,9.4319,0.0000,0.1825,9.9227,0.8475,9.0752,NA,NA,NA,NA,NA,NA,NA
python.exe,29332,0x0,Other,0,0,1,Hardware: Legacy Flip,2026-8-20 19:19:13.326402700,0.8899,0.8899,0.0000,0.6774,0.2294,0.0659,0.1635,2.4392,9.0306,8.2141,10804.1918,NA,NA,NA
python.exe,29332,0x0,Other,-1,0,0,Composed: Copy with GPU GDI,2026-8-20 19:19:13.327292600,1.2579,1.2579,0.0000,0.0169,1.9236,1.9236,0.0000,10.5799,12.0904,-8.1407,10805.0817,NA,NA,NA
python.exe,29332,0x0,Other,-1,0,0,Composed: Copy with GPU GDI,2026-8-20 19:19:13.328550500,9.9506,9.9506,0.0000,0.7156,9.8833,0.7562,9.1271,NA,NA,NA,NA,NA,NA,NA
python.exe,29332,0x0,Other,-1,0,0,Composed: Copy with GPU GDI,2026-8-20 19:19:13.338501100,2.1768,2.1768,0.0000,0.6537,1.6296,0.2603,1.3693,11.4618,0.9628,-0.8819,10816.2902,NA,NA,NA
python.exe,29332,0x0,Other,0,0,1,Hardware: Legacy Flip,2026-8-20 19:19:13.340677900,8.9643,8.9643,0.0000,0.1121,8.9554,0.1714,8.7840,10.2478,11.2274,1.2140,10818.4670,NA,NA,NA
python.exe,29332,0x0,Other,-1,0,0,Composed: Copy with GPU GDI,2026-8-20 19:19:13.349642200,2.3723,2.3723,0.0000,0.1032,2.9595,2.1734,0.7861,NA,NA,NA,NA,NA,NA,NA
python.exe,29332,0x0,Other,-1,0,0,Composed: Copy with GPU GDI,2026-8-20 19:19:13.352014500,0.9557,0.9557,0.0000,0.6937,0.3916,0.2455,0.1461,10.1386,1.0717,0.1092,10829.8036,NA,NA,NA
python.exe,29332,0x0,Other,-1,0,0,Composed: Copy with GPU GDI,2026-8-20 19:19:13.352970200,8.6390,8.6390,0.0000,9.0001,0.1597,0.1597,0.0000,NA,NA,NA,NA,NA,NA,NA
python.exe,29332,0x0,Other,0,0,1,Hardware: Legacy Flip,2026-8-20 19:19:13.361609200,0.3222,0.3222,0.0000,0.0000,8.8636,0.6837,8.1799,1.6156,17.0908,8.5230,10839.3983,NA,NA,NA
python.exe,29332,0x0,Other,-1,0,0,Composed: Copy with GPU GDI,2026-8-20 19:19:13.361931400,8.8484,8.8484,0.0000,0.1986,9.3756,1.8533,7.5223,NA,NA,NA,NA,NA,NA,NA
python.exe,29332,0x0,Other,-1,0,0,Composed: Copy with GPU GDI,2026-8-20 19:19:13.370779800,1.9983,1.9983,0.0000,0.7291,1.4421,0.2884,1.1537,9.5358,5.6252,-7.9202,10848.5689,NA,NA,NA
python.exe,29332,0x0,Other,-1,0,0,Composed: Copy with GPU GDI,2026-8-20 19:19:13.372778100,9.9426,9.9426,0.0000,0.1769,10.2201,0.5414,9.6787,NA,NA,NA,NA,NA,NA,NA
python.exe,29332,0x0,Other,-1,0,0,Composed: Copy with GPU GDI,2026-8-20 19:19:13.382720700,1.8497,1.8497,0.0000,2.0336,0.1081,0.1081,0.0000,NA,NA,NA,NA,NA,NA,NA
python.exe,29332,0x0,Other,0,0,1,Hardware: Legacy Flip,2026-8-20 19:19:13.384570400,0.1269,0.1269,0.0000,0.0000,1.5745,0.3357,1.2388,1.3704,11.5624,8.1654,10862.3595,NA,NA,NA
python.exe,29332,0x0,Other,-1,0,0,Composed: Copy with GPU GDI,2026-8-20 19:19:13.384697300,10.5723,10.5723,0.0000,0.1651,10.6987,1.4817,9.2170,NA,NA,NA,NA,NA,NA,NA
python.exe,29332,0x0,Other,-1,0,0,Composed: Copy with GPU GDI,2026-8-20 19:19:13.395269600,0.9688,0.9688,0.0000,1.1233,0.0280,0.0280,0.0000,NA,NA,NA,NA,NA,NA,NA
python.exe,29332,0x0,Other,0,0,1,Hardware: Legacy Flip,2026-8-20 19:19:13.396238400,0.1325,0.1325,0.0000,0.0000,0.8287,0.2932,0.5355,1.2648,19.2485,0.1056,10874.0275,NA,NA,NA
python.exe,29332,0x0,Other,-1,0,0,Composed: Copy with GPU GDI,2026-8-20 19:19:13.396370900,9.3985,9.3985,0.0000,0.0500,9.5184,1.4639,8.0545,NA,NA,NA,NA,NA,NA,NA
python.exe,29332,0x0,Other,-1,0,0,Composed: Copy with GPU GDI,2026-8-20 19:19:13.405769400,1.6674,1.6674,0.0000,0.1754,1.6471,0.3216,1.3255,10.9823,1.0254,-9.7175,10883.5585,NA,NA,NA
python.exe,29332,0x0,Other,0,0,1,Hardware: Legacy Flip,2026-8-20 19:19:13.407436800,9.1281,9.1281,0.0000,0.1590,9.0301,0.1206,8.9095,10.3403,10.6605,0.6420,10885.2259,NA,NA,NA
python.exe,29332,0x0,Other,-1,0,0,Composed: Copy with GPU GDI,2026-8-20 19:19:13.416564900,0.8768,0.8768,0.0000,0.0610,1.3086,1.3086,0.0000,NA,NA,NA,NA,NA,NA,NA
python.exe,29332,0x0,Other,-1,0,0,Composed: Copy with GPU GDI,2026-8-20 19:19:13.417441700,2.5057,2.5057,0.0000,0.4977,2.4411,0.5528,1.8883,NA,NA,NA,NA,NA,NA,NA
python.exe,29332,0x0,Other,0,0,1,Hardware: Legacy Flip,2026-8-20 19:19:13.419947400,7.2698,7.2698,0.0000,0.4365,6.8620,0.0850,6.7770,8.4902,12.5199,1.8501,10897.7365,NA,NA,NA
python.exe,29332,0x0,Other,-1,0,0,Composed: Copy with GPU GDI,2026-8-20 19:19:13.427217200,0.5394,0.5394,0.0000,0.0287,1.4532,1.4532,0.0000,13.7403,6.1207,-5.2501,10905.0063,NA,NA,NA
python.exe,29332,0x0,Other,-1,0,0,Composed: Copy with GPU GDI,2026-8-20 19:19:13.427756600,3.5672,3.5672,0.0000,0.9602,2.8146,0.3691,2.4455,19.3216,5.5062,-5.5813,10905.5457,NA,NA,NA
python.exe,29332,0x0,Other,-1,0,0,Composed: Copy with GPU GDI,2026-8-20 19:19:13.431323800,7.8775,7.8775,0.0000,0.2122,8.1027,0.6347,7.4680,NA,NA,NA,NA,NA,NA,NA
python.exe,29332,0x0,Other,-1,0,0,Composed: Copy with GPU GDI,2026-8-20 19:19:13.439201300,10.7192,10.7192,0.0000,0.4406,10.8688,0.7213,10.1475,NA,NA,NA,NA,NA,NA,NA
python.exe,29332,0x0,Other,0,0,1,Hardware: Legacy Flip,2026-8-20 19:19:13.449920500,1.2697,1.2697,0.0000,0.5955,0.7433,0.1259,0.6174,2.6639,6.5824,16.6577,10927.7096,NA,NA,NA
python.exe,29332,0x0,Other,-1,0,0,Composed: Copy with GPU GDI,2026-8-20 19:19:13.451190200,0.2785,0.2785,0.0000,0.0691,1.3719,1.3719,0.0000,7.9766,3.9647,-5.3127,10928.9793,NA,NA,NA
python.exe,29332,0x0,Other,-1,0,0,Composed: Copy with GPU GDI,2026-8-20 19:19:13.451468700,9.1940,9.1940,0.0000,1.1673,8.1277,0.3002,7.8275,NA,NA,NA,NA,NA,NA,NA
python.exe,29332,0x0,Other,0,0,1,Hardware: Legacy Flip,2026-8-20 19:19:13.460662700,1.3575,1.3575,0.0000,0.1049,1.2852,0.1368,1.1484,2.4688,8.1722,5.5078,10938.4518,NA,NA,NA
python.exe,29332,0x0,Other,-1,0,0,Composed: Copy with GPU GDI,2026-8-20 19:19:13.462020200,0.1690,0.1690,0.0000,0.0326,1.1959,1.1959,0.0000,9.2835,12.1481,-6.8147,10939.8093,NA,NA,NA
python.exe,29332,0x0,Other,-1,0,0,Composed: Copy with GPU GDI,2026-8-20 19:19:13.462189200,10.3272,10.3272,0.0000,1.0629,9.4001,0.3173,9.0828,21.2626,1.7196,-11.9791,10939.9783,NA,NA,NA
python.exe,29332,0x0,Other,0,0,1,Hardware: Legacy Flip,2026-8-20 19:19:13.472516400,11.4596,11.4596,0.0000,0.1549,11.3882,0.1673,11.2209,12.6550,10.3778,8.6076,10950.3055,NA,NA,NA
python.exe,29332,0x0,Other,-1,0,0,Composed: Copy with GPU GDI,2026-8-20 19:19:13.483976000,0.6304,0.6304,0.0000,0.0835,1.7329,1.7329,0.0000,11.5732,0.7417,1.0818,10961.7651,NA,NA,NA
python.exe,29332,0x0,Other,-1,0,0,Composed: Copy with GPU GDI,2026-8-20 19:19:13.484606400,9.8936,9.8936,0.0000,1.1930,9.3570,0.7924,8.5646,NA,NA,NA,NA,NA,NA,NA
python.exe,29332,0x0,Other,0,0,1,Hardware: Legacy Flip,2026-8-20 19:19:13.494500000,0.6667,0.6667,0.0000,0.6564,0.0344,0.0344,0.0000,1.7909,17.4760,9.7823,10972.2891,NA,NA,NA
python.exe,29332,0x0,Other,-1,0,0,Composed: Copy with GPU GDI,2026-8-20 19:19:13.495166700,2.6406,2.6406,0.0000,0.0241,2.8970,1.4866,1.4104,18.6002,5.5229,-16.8093,10972.9558,NA,NA,NA
python.exe,29332,0x0,Other,-1,0,0,Composed: Copy with GPU GDI,2026-8-20 19:19:13.497807300,8.3896,8.3896,0.0000,0.2837,8.2514,0.2963,7.9551,NA,NA,NA,NA,NA,NA,NA
python.exe,29332,0x0,Other,-1,0,0,Composed: Copy with GPU GDI,2026-8-20 19:19:13.506196900,10.3442,10.3442,0.0000,0.1500,10.6083,0.5789,10.0294,NA,NA,NA,NA,NA,NA,NA
python.exe,29332,0x0,Other,0,0,1,Hardware: Legacy Flip,2026-8-20 19:19:13.516541100,1.5386,1.5386,0.0000,0.4176,1.2124,0.1719,1.0405,2.7487,6.6240,15.8515,10994.3302,NA,NA,NA
python.exe,29332,0x0,Other,-1,0,0,Composed: Copy with GPU GDI,2026-8-20 19:19:13.518079700,0.6155,0.6155,0.0000,0.0914,1.5472,1.5472,0.0000,7.8341,2.4966,-5.0854,10995.8688,NA,NA,NA
python.exe,29332,0x0,Other,-1,0,0,Composed: Copy with GPU GDI,2026-8-20 19:19:13.518695200,7.6189,7.6189,0.0000,1.0262,6.9173,0.5090,6.4083,NA,NA,NA,NA,NA,NA,NA
python.exe,29332,0x0,Other,0,0,1,Hardware: Legacy Flip,2026-8-20 19:19:13.526314100,0.9750,0.9750,0.0000,0.3293,0.6727,0.0894,0.5833,2.0963,9.6294,5.7378,11004.1032,NA,NA,NA
python.exe,29332,0x0,Other,-1,0,0,Composed: Copy with GPU GDI,2026-8-20 19:19:13.527289100,0.3434,0.3434,0.0000,0.0270,1.3203,1.3203,0.0000,10.7507,12.1198,-8.6544,11005.0782,NA,NA,NA
python.exe,29332,0x0,Other,-1,0,0,Composed: Copy with GPU GDI,2026-8-20 19:19:13.527632500,11.5553,11.5553,0.0000,1.0210,11.3740,1.0278,10.3462,NA,NA,NA,NA,NA,NA,NA
python.exe,29332,0x0,Other,-1,0,0,Composed: Copy with GPU GDI,2026-8-20 19:19:13.539187800,2.5966,2.5966,0.0000,0.8447,2.0294,0.4134,1.6160,10.9718,0.5483,-0.2211,11016.9769,NA,NA,NA
python.exe,29332,0x0,Other,0,0,1,Hardware: Legacy Flip,2026-8-20 19:19:13.541784400,7.6796,7.6796,0.0000,0.2820,7.4868,0.1918,7.2950,8.9235,11.5661,2.0483,11019.5735,NA,NA,NA
python.exe,29332,0x0,Other,-1,0,0,Composed: Copy with GPU GDI,2026-8-20 19:19:13.549464000,2.1145,2.1145,0.0000,0.0892,2.7485,1.9843,0.7642,NA,NA,NA,NA,NA,NA,NA
python.exe,29332,0x0,Other,-1,0,0,Composed: Copy with GPU GDI,2026-8-20 19:19:13.551578500,1.5152,1.5152,0.0000,0.7275,1.4670,1.2856,0.1814,10.6955,1.2612,-1.7720,11029.3676,NA,NA,NA
python.exe,29332,0x0,Other,-1,0,0,Composed: Copy with GPU GDI,2026-8-20 19:19:13.553093700,8.7491,8.7491,0.0000,8.9049,0.1640,0.1640,0.0000,NA,NA,NA,NA,NA,NA,NA
python.exe,29332,0x0,Other,0,0,1,Hardware: Legacy Flip,2026-8-20 19:19:13.561842800,0.1337,0.1337,0.0000,0.0000,8.2200,0.3179,7.9021,1.6924,16.9806,9.0031,11039.6319,NA,NA,NA
python.exe,29332,0x0,Other,-1,0,0,Composed: Copy with GPU GDI,2026-8-20 19:19:13.561976500,3.0107,3.0107,0.0000,0.1861,3.5175,2.1450,1.3725,18.5393,4.2985,-16.8469,11039.7656,NA,NA,NA
python.exe,29332,0x0,Other,-1,0,0,Composed: Copy with GPU GDI,2026-8-20 19:19:13.564987200,8.7799,8.7799,0.0000,0.6990,8.9080,1.0035,7.9045,NA,NA,NA,NA,NA,NA,NA
python.exe,29332,0x0,Other,-1,0,0,Composed: Copy with GPU GDI,2026-8-20 19:19:13.573767100,9.0769,9.0769,0.0000,0.8314,8.5573,0.5339,8.0234,NA,NA,NA,NA,NA,NA,NA
python.exe,29332,0x0,Other,0,0,1,Hardware: Legacy Flip,2026-8-20 19:19:13.582844000,0.7412,0.7412,0.0000,0.3173,0.5325,0.1803,0.3522,1.9703,7.8900,16.5690,11060.6331,NA,NA,NA
python.exe,29332,0x0,Other,-1,0,0,Composed: Copy with GPU GDI,2026-8-20 19:19:13.583585200,0.7242,0.7242,0.0000,0.1086,1.4002,1.4002,0.0000,9.1191,4.0375,-7.1488,11061.3743,NA,NA,NA
python.exe,29332,0x0,Other,-1,0,0,Composed: Copy with GPU GDI,2026-8-20 19:19:13.584309400,10.0349,10.0349,0.0000,0.7884,9.8437,0.7373,9.1064,NA,NA,NA,NA,NA,NA,NA
python.exe,29332,0x0,Other,0,0,1,Hardware: Legacy Flip,2026-8-20 19:19:13.594344300,0.6848,0.6848,0.0000,0.6028,0.1042,0.0839,0.0203,2.3975,8.0190,6.7216,11072.1334,NA,NA,NA
python.exe,29332,0x0,Other,-1,0,0,Composed: Copy with GPU GDI,2026-8-20 19:19:13.595029100,0.1921,0.1921,0.0000,0.0222,0.5424,0.5424,0.0000,9.7317,12.1558,-7.3342,11072.8182,NA,NA,NA
python.exe,29332,0x0,Other,-1,0,0,Composed: Copy with GPU GDI,2026-8-20 19:19:13.595221200,9.6245,9.6245,0.0000,0.3725,9.4525,1.4171,8.0354,NA,NA,NA,NA,NA,NA,NA
python.exe,29332,0x0,Other,-1,0,0,Composed: Copy with GPU GDI,2026-8-20 19:19:13.604845700,2.0663,2.0663,0.0000,0.2043,2.2085,0.4544,1.7541,12.0709,1.1310,-2.3392,11082.6348,NA,NA,NA
python.exe,29332,0x0,Other,-1,0,0,Composed: Copy with GPU GDI,2026-8-20 19:19:13.606912000,9.5257,9.5257,0.0000,9.8423,0.1447,0.1447,0.0000,NA,NA,NA,NA,NA,NA,NA
python.exe,29332,0x0,Other,0,0,1,Hardware: Legacy Flip,2026-8-20 19:19:13.616437700,0.2633,0.2633,0.0000,0.0000,9.4927,0.4600,9.0327,1.6099,10.3200,10.4610,11094.2268,NA,NA,NA
python.exe,29332,0x0,Other,-1,0,0,Composed: Copy with GPU GDI,2026-8-20 19:19:13.616701000,2.6424,2.6424,0.0000,0.1980,2.5697,1.2989,1.2708,NA,NA,NA,NA,NA,NA,NA
python.exe,29332,0x0,Other,0,0,1,Hardware: Legacy Flip,2026-8-20 19:19:13.619343400,7.6194,7.6194,0.0000,0.1307,7.5088,0.0773,7.4315,9.0242,12.8150,-7.4143,11097.1325,NA,NA,NA
python.exe,29332,0x0,Other,-1,0,0,Composed: Copy with GPU GDI,2026-8-20 19:19:13.626962800,0.5557,0.5557,0.0000,0.0201,1.9182,1.9182,0.0000,14.2198,6.0523,-5.1956,11104.7519,NA,NA,NA
python.exe,29332,0x0,Other,-1,0,0,Composed: Copy with GPU GDI,2026-8-20 19:19:13.627518500,4.5027,4.5027,0.0000,1.3875,3.5808,0.6309,2.9499,19.7164,4.4935,-5.4966,11105.3076,NA,NA,NA
python.exe,29332,0x0,Other,-1,0,0,Composed: Copy with GPU GDI,2026-8-20 19:19:13.632021200,6.7569,6.7569,0.0000,0.4728,6.6215,0.4801,6.1414,NA,NA,NA,NA,NA,NA,NA
python.exe,29332,0x0,Other,-1,0,0,Composed: Copy with GPU GDI,2026-8-20 19:19:13.638778100,10.4961,10.4961,0.0000,0.3405,10.5741,0.6592,9.9149,NA,NA,NA,NA,NA,NA,NA
python.exe,29332,0x0,Other,-1,0,0,Composed: Copy with GPU GDI,2026-8-20 19:19:13.649274200,0.8447,0.8447,0.0000,1.0162,0.2852,0.2852,0.0000,NA,NA,NA,NA,NA,NA,NA
python.exe,29332,0x0,Other,0,0,1,Hardware: Legacy Flip,2026-8-20 19:19:13.650118900,0.1160,0.1160,0.0000,0.0000,0.5941,0.2942,0.2999,1.6095,11.9904,18.1069,11127.9080,NA,NA,NA
python.exe,29332,0x0,Other,-1,0,0,Composed: Copy with GPU GDI,2026-8-20 19:19:13.650234900,10.1384,10.1384,0.0000,0.3407,10.1261,1.5758,8.5503,NA,NA,NA,NA,NA,NA,NA
python.exe,29332,0x0,Other,-1,0,0,Composed: Copy with GPU GDI,2026-8-20 19:19:13.660373300,1.4976,1.4976,0.0000,1.6559,0.5094,0.5094,0.0000,NA,NA,NA,NA,NA,NA,NA
python.exe,29332,0x0,Other,0,0,1,Hardware: Legacy Flip,2026-8-20 19:19:13.661870900,0.1338,0.1338,0.0000,0.0000,1.3234,0.2980,1.0254,1.8479,13.7415,-0.2384,11139.6600,NA,NA,NA
python.exe,29332,0x0,Other,-1,0,0,Composed: Copy with GPU GDI,2026-8-20 19:19:13.662004700,8.5337,8.5337,0.0000,0.5339,8.2523,1.4367,6.8156,NA,NA,NA,NA,NA,NA,NA
python.exe,29332,0x0,Other,-1,0,0,Composed: Copy with GPU GDI,2026-8-20 19:19:13.670538400,3.2273,3.2273,0.0000,0.3152,3.1066,0.3783,2.7283,NA,NA,NA,NA,NA,NA,NA
python.exe,29332,0x0,Other,0,0,1,Hardware: Legacy Flip,2026-8-20 19:19:13.673765700,2.5748,2.5748,0.0000,0.1995,2.5071,0.2666,2.2405,3.6946,17.2886,-1.8467,11151.5548,NA,NA,NA
python.exe,29332,0x0,Other,-1,0,0,Composed: Copy with GPU GDI,2026-8-20 19:19:13.676340500,6.5908,6.5908,0.0000,0.1318,6.9616,1.5049,5.4567,NA,NA,NA,NA,NA,NA,NA
python.exe,29332,0x0,Other,-1,0,0,Composed: Copy with GPU GDI,2026-8-20 19:19:13.682931300,4.6871,4.6871,0.0000,0.5082,4.4497,0.4148,4.0349,NA,NA,NA,NA,NA,NA,NA
python.exe,29332,0x0,Other,0,0,1,Hardware: Legacy Flip,2026-8-20 19:19:13.687618400,5.9249,5.9249,0.0000,0.2740,5.7063,0.1408,5.5655,7.1305,13.1438,-3.4359,11165.4075,NA,NA,NA
python.exe,29332,0x0,Other,-1,0,0,Composed: Copy with GPU GDI,2026-8-20 19:19:13.693543300,0.6215,0.6215,0.0000,0.0554,1.7384,1.7384,0.0000,14.3494,6.0694,-7.2189,11171.3324,NA,NA,NA
python.exe,29332,0x0,Other,-1,0,0,Composed: Copy with GPU GDI,2026-8-20 19:19:13.694164800,9.7795,9.7795,0.0000,1.1821,8.9915,0.5487,8.4428,NA,NA,NA,NA,NA,NA,NA
python.exe,29332,0x0,Other,-1,0,0,Composed: Copy with GPU GDI,2026-8-20 19:19:13.703944300,0.7482,0.7482,0.0000,0.3985,0.6724,0.4491,0.2233,10.0178,2.7895,4.3316,11181.7334,NA,NA,NA
python.exe,29332,0x0,Other,0,0,1,Hardware: Legacy Flip,2026-8-20 19:19:13.704692500,10.8416,10.8416,0.0000,0.3276,10.6278,0.1926,10.4352,12.0591,9.3770,-2.0413,11182.4816,NA,NA,NA
python.exe,29332,0x0,Other,-1,0,0,Composed: Copy with GPU GDI,2026-8-20 19:19:13.715534100,0.6482,0.6482,0.0000,0.1138,1.6389,1.6389,0.0000,NA,NA,NA,NA,NA,NA,NA
python.exe,29332,0x0,Other,-1,0,0,Composed: Copy with GPU GDI,2026-8-20 19:19:13.716182300,1.4991,1.4991,0.0000,1.1092,0.9982,0.7317,0.2665,9.9463,2.6441,2.1128,11193.9714,NA,NA,NA
python.exe,29332,0x0,Other,-1,0,0,Composed: Copy with GPU GDI,2026-8-20 19:19:13.717681400,8.5933,8.5933,0.0000,0.6153,8.6361,0.7905,7.8456,NA,NA,NA,NA,NA,NA,NA
python.exe,29332,0x0,Other,0,0,1,Hardware: Legacy Flip,2026-8-20 19:19:13.726274700,1.2906,1.2906,0.0000,0.6636,0.6511,0.1043,0.5468,2.4980,9.4811,7.4483,11204.0638,NA,NA,NA
python.exe,29332,0x0,Other,-1,0,0,Composed: Copy with GPU GDI,2026-8-20 19:19:13.727565300,1.0075,1.0075,0.0000,0.0241,1.7275,1.7275,0.0000,10.6885,4.9704,-8.1905,11205.3544,NA,NA,NA
python.exe,29332,0x0,Other,-1,0,0,Composed: Copy with GPU GDI,2026-8-20 19:19:13.728572800,8.1244,8.1244,0.0000,0.7489,7.6841,0.5346,7.1495,NA,NA,NA,NA,NA,NA,NA
python.exe,29332,0x0,Other,-1,0,0,Composed: Copy with GPU GDI,2026-8-20 19:19:13.736697200,3.7100,3.7100,0.0000,0.3127,3.8159,0.7073,3.1086,NA,NA,NA,NA,NA,NA,NA
python.exe,29332,0x0,Other,0,0,1,Hardware: Legacy Flip,2026-8-20 19:19:13.740407200,1.8013,1.8013,0.0000,0.4224,1.4727,0.1931,1.2796,2.8170,19.3987,7.8715,11218.1963,NA,NA,NA
python.exe,29332,0x0,Other,-1,0,0,Composed: Copy with GPU GDI,2026-8-20 19:19:13.742208500,6.0859,6.0859,0.0000,0.0938,6.2726,1.3228,4.9498,20.4144,0.7147,-17.5974,11219.9976,NA,NA,NA
python.exe,29332,0x0,Other,-1,0,0,Composed: Copy with GPU GDI,2026-8-20 19:19:13.748294400,3.4345,3.4345,0.0000,0.2851,3.7662,0.7598,3.0064,NA,NA,NA,NA,NA,NA,NA
python.exe,29332,0x0,Other,-1,0,0,Composed: Copy with GPU GDI,2026-8-20 19:19:13.751728900,9.2221,9.2221,0.0000,0.6209,9.3283,1.2033,8.1250,NA,NA,NA,NA,NA,NA,NA
python.exe,29332,0x0,Other,0,0,1,Hardware: Legacy Flip,2026-8-20 19:19:13.760951000,0.7847,0.7847,0.0000,0.7271,0.1161,0.1161,0.0000,2.3866,17.3661,18.0278,11238.7401,NA,NA,NA
python.exe,29332,0x0,Other,-1,0,0,Composed: Copy with GPU GDI,2026-8-20 19:19:13.761735700,2.7494,2.7494,0.0000,0.0585,3.1939,2.0585,1.1354,18.9680,2.0068,-16.5814,11239.5248,NA,NA,NA
python.exe,29332,0x0,Other,-1,0,0,Composed: Copy with GPU GDI,2026-8-20 19:19:13.764485100,7.8900,7.8900,0.0000,0.5075,7.7130,0.5474,7.1656,NA,NA,NA,NA,NA,NA,NA
python.exe,29332,0x0,Other,0,0,1,Hardware: Legacy Flip,2026-8-20 19:19:13.772375100,9.2435,9.2435,0.0000,0.3339,9.0561,0.2468,8.8093,10.3354,10.1459,8.6326,11250.1642,NA,NA,NA
python.exe,29332,0x0,Other,-1,0,0,Composed: Copy with GPU GDI,2026-8-20 19:19:13.781618600,0.7922,0.7922,0.0000,0.1465,1.4723,1.4723,0.0000,NA,NA,NA,NA,NA,NA,NA
python.exe,29332,0x0,Other,-1,0,0,Composed: Copy with GPU GDI,2026-8-20 19:19:13.782410800,1.0757,1.0757,0.0000,0.8329,0.7833,0.6774,0.1059,10.4456,49.2547,-0.1102,11260.1999,NA,NA,NA
python.exe,29332,0x0,Other,-1,0,0,Composed: Copy with GPU GDI,2026-8-20 19:19:13.783486500,52.0937,52.0937,0.0000,0.5453,52.4088,1.1051,51.3037,NA,NA,NA,NA,NA,NA,NA
python.exe,29332,0x0,Other,-1,0,0,Composed: Copy with GPU GDI,2026-8-20 19:19:13.835580200,4.7499,4.7499,0.0000,5.2028,0.2122,0.2122,0.0000,NA,NA,NA,NA,NA,NA,NA
python.exe,29332,0x0,Other,0,0,1,Hardware: Legacy Flip,2026-8-20 19:19:13.840330100,0.3679,0.3679,0.0000,0.0000,4.3390,0.6020,3.7370,1.7810,1.6613,8.6646,11318.1192,NA,NA,NA
python.exe,29332,0x0,Other,-1,0,0,Composed: Copy with GPU GDI,2026-8-20 19:19:13.840698000,0.6522,0.6522,0.0000,1.7460,0.2107,0.2107,0.0000,NA,NA,NA,NA,NA,NA,NA
python.exe,29332,0x0,Other,0,0,1,Hardware: Legacy Flip,2026-8-20 19:19:13.841350200,1.0696,1.0696,0.0000,0.0000,1.4488,1.4488,0.0000,2.4222,19.9481,-0.6412,11319.1393,NA,NA,NA
python.exe,29332,0x0,Other,-1,0,0,Composed: Copy with GPU GDI,2026-8-20 19:19:13.842419800,5.9664,5.9664,0.0000,0.2349,6.0471,1.5598,4.4873,NA,NA,NA,NA,NA,NA,NA
python.exe,29332,0x0,Other,-1,0,0,Composed: Copy with GPU GDI,2026-8-20 19:19:13.848386200,1.9975,1.9975,0.0000,0.3219,2.0336,0.4794,1.5542,NA,NA,NA,NA,NA,NA,NA
python.exe,29332,0x0,Other,-1,0,0,Composed: Copy with GPU GDI,2026-8-20 19:19:13.850383700,10.8583,10.8583,0.0000,0.3605,11.0789,0.7438,10.3351,NA,NA,NA,NA,NA,NA,NA
python.exe,29332,0x0,Other,0,0,1,Hardware: Legacy Flip,2026-8-20 19:19:13.861242000,0.9239,0.9239,0.0000,0.5875,0.3981,0.1189,0.2792,2.4785,7.9619,-0.0563,11339.0311,NA,NA,NA
python.exe,29332,0x0,Other,-1,0,0,Composed: Copy with GPU GDI,2026-8-20 19:19:13.862165900,0.4445,0.4445,0.0000,0.0617,1.5459,1.5459,0.0000,9.5165,5.1834,-7.0380,11339.9550,NA,NA,NA
python.exe,29332,0x0,Other,-1,0,0,Composed: Copy with GPU GDI,2026-8-20 19:19:13.862610400,8.0753,8.0753,0.0000,1.1667,7.1483,0.5332,6.6151,NA,NA,NA,NA,NA,NA,NA
python.exe,29332,0x0,Other,-1,0,0,Composed: Copy with GPU GDI,2026-8-20 19:19:13.870685700,3.8820,3.8820,0.0000,0.2445,4.0655,0.5734,3.4921,NA,NA,NA,NA,NA,NA,NA
python.exe,29332,0x0,Other,0,0,1,Hardware: Legacy Flip,2026-8-20 19:19:13.874567700,1.1410,1.1410,0.0000,0.4319,0.8298,0.2182,0.6116,2.2981,19.1217,7.2184,11352.3568,NA,NA,NA
python.exe,29332,0x0,Other,-1,0,0,Composed: Copy with GPU GDI,2026-8-20 19:19:13.875708700,6.5308,6.5308,0.0000,0.1207,6.6550,1.2930,5.3620,20.2788,0.7122,-17.9807,11353.4978,NA,NA,NA
python.exe,29332,0x0,Other,-1,0,0,Composed: Copy with GPU GDI,2026-8-20 19:19:13.882239500,4.1072,4.1072,0.0000,0.2492,4.0224,0.3057,3.7167,NA,NA,NA,NA,NA,NA,NA
python.exe,29332,0x0,Other,-1,0,0,Composed: Copy with GPU GDI,2026-8-20 19:19:13.886346700,8.5321,8.5321,0.0000,0.1682,8.7847,0.5445,8.2402,NA,NA,NA,NA,NA,NA,NA
python.exe,29332,0x0,Other,0,0,1,Hardware: Legacy Flip,2026-8-20 19:19:13.894878800,0.7083,0.7083,0.0000,0.4259,0.3655,0.1395,0.2260,1.8209,12.7005,18.4579,11372.6679,NA,NA,NA
python.exe,29332,0x0,Other,-1,0,0,Composed: Copy with GPU GDI,2026-8-20 19:19:13.895587100,2.6812,2.6812,0.0000,0.0831,2.9081,1.3697,1.5384,NA,NA,NA,NA,NA,NA,NA
python.exe,29332,0x0,Other,-1,0,0,Composed: Copy with GPU GDI,2026-8-20 19:19:13.898268300,6.2494,6.2494,0.0000,0.3142,6.0705,0.3515,5.7190,NA,NA,NA,NA,NA,NA,NA
python.exe,29332,0x0,Other,0,0,1,Hardware: Legacy Flip,2026-8-20 19:19:13.904517700,3.7940,3.7940,0.0000,0.1395,3.7560,0.1840,3.5720,4.8825,16.9186,-3.0616,11382.3068,NA,NA,NA
python.exe,29332,0x0,Other,-1,0,0,Composed: Copy with GPU GDI,2026-8-20 19:19:13.908311700,6.8378,6.8378,0.0000,0.1015,6.9138,1.2981,5.6157,NA,NA,NA,NA,NA,NA,NA
python.exe,29332,0x0,Other,-1,0,0,Composed: Copy with GPU GDI,2026-8-20 19:19:13.915149500,0.9240,0.9240,0.0000,0.1800,1.2443,0.5751,0.6692,11.1693,2.7638,-6.2868,11392.9386,NA,NA,NA
python.exe,29332,0x0,Other,-1,0,0,Composed: Copy with GPU GDI,2026-8-20 19:19:13.916073500,11.2509,11.2509,0.0000,11.8607,0.0122,0.0122,0.0000,NA,NA,NA,NA,NA,NA,NA
python.exe,29332,0x0,Other,0,0,1,Hardware: Legacy Flip,2026-8-20 19:19:13.927324400,0.5324,0.5324,0.0000,0.0000,11.3581,0.7949,10.5632,1.7582,9.3409,9.4111,11405.1135,NA,NA,NA
python.exe,29332,0x0,Other,-1,0,0,Composed: Copy with GPU GDI,2026-8-20 19:19:13.927856800,1.0694,1.0694,0.0000,0.0896,1.5642,1.5642,0.0000,10.5667,11.6698,-8.8085,11405.6459,NA,NA,NA
python.exe,29332,0x0,Other,-1,0,0,Composed: Copy with GPU GDI,2026-8-20 19:19:13.928926200,9.3169,9.3169,0.0000,0.6024,9.1205,0.6630,8.4575,NA,NA,NA,NA,NA,NA,NA
python.exe,29332,0x0,Other,-1,0,0,Composed: Copy with GPU GDI,2026-8-20 19:19:13.938243100,1.8737,1.8737,0.0000,0.4105,1.6747,0.3278,1.3469,NA,NA,NA,NA,NA,NA,NA
python.exe,29332,0x0,Other,0,0,1,Hardware: Legacy Flip,2026-8-20 19:19:13.940116800,8.6506,8.6506,0.0000,0.2156,8.5612,0.2561,8.3051,9.9765,11.1515,0.5902,11417.9059,NA,NA,NA
python.exe,29332,0x0,Other,-1,0,0,Composed: Copy with GPU GDI,2026-8-20 19:19:13.948767400,0.8322,0.8322,0.0000,0.1262,1.8629,1.8629,0.0000,NA,NA,NA,NA,NA,NA,NA
python.exe,29332,0x0,Other,-1,0,0,Composed: Copy with GPU GDI,2026-8-20 19:19:13.949599600,3.5196,3.5196,0.0000,1.1628,2.8562,0.6699,2.1863,NA,NA,NA,NA,NA,NA,NA
python.exe,29332,0x0,Other,0,0,1,Hardware: Legacy Flip,2026-8-20 19:19:13.953119200,6.7946,6.7946,0.0000,0.5361,6.2747,0.0757,6.1990,8.1256,13.6564,1.8509,11430.9083,NA,NA,NA
python.exe,29332,0x0,Other,-1,0,0,Composed: Copy with GPU GDI,2026-8-20 19:19:13.959913800,0.2294,0.2294,0.0000,0.0162,1.4150,1.4150,0.0000,14.9874,5.9811,-6.8618,11437.7029,NA,NA,NA
python.exe,29332,0x0,Other,-1,0,0,Composed: Copy with GPU GDI,2026-8-20 19:19:13.960143200,4.3588,4.3588,0.0000,1.2063,3.3748,0.4405,2.9343,20.7391,3.2096,-5.7517,11437.9323,NA,NA,NA
python.exe,29332,0x0,Other,-1,0,0,Composed: Copy with GPU GDI,2026-8-20 19:19:13.964502000,6.8399,6.8399,0.0000,0.2264,6.9546,0.4522,6.5024,NA,NA,NA,NA,NA,NA,NA
python.exe,29332,0x0,Other,0,0,1,Hardware: Legacy Flip,2026-8-20 19:19:13.971341900,11.2075,11.2075,0.0000,0.3451,10.9249,0.1259,10.7990,12.7500,8.9250,7.9891,11449.1310,NA,NA,NA
python.exe,29332,0x0,Other,-1,0,0,Composed: Copy with GPU GDI,2026-8-20 19:19:13.982549400,0.2273,0.2273,0.0000,0.0625,0.4058,0.4058,0.0000,NA,NA,NA,NA,NA,NA,NA
python.exe,29332,0x0,Other,-1,0,0,Composed: Copy with GPU GDI,2026-8-20 19:19:13.982776700,0.4802,0.4802,0.0000,0.2410,1.6348,1.6348,0.0000,10.2402,0.8479,2.5098,11460.5658,NA,NA,NA
python.exe,29332,0x0,Other,-1,0,0,Composed: Copy with GPU GDI,2026-8-20 19:19:13.983256900,8.5587,8.5587,0.0000,1.4043,7.2989,0.2820,7.0169,NA,NA,NA,NA,NA,NA,NA
python.exe,29332,0x0,Other,0,0,1,Hardware: Legacy Flip,2026-8-20 19:19:13.991815600,0.7974,0.7974,0.0000,0.1473,0.6766,0.0825,0.5941,2.0492,17.3831,8.1910,11469.6047,NA,NA,NA
python.exe,29332,0x0,Other,-1,0,0,Composed: Copy with GPU GDI,2026-8-20 19:19:13.992613000,2.1187,2.1187,0.0000,0.0265,2.2237,1.4292,0.7945,18.6349,0.2767,-16.5857,11470.4021,NA,NA,NA
python.exe,29332,0x0,Other,-1,0,0,Composed: Copy with GPU GDI,2026-8-20 19:19:13.994731700,9.5683,9.5683,0.0000,0.1361,9.7063,0.4566,9.2497,NA,NA,NA,NA,NA,NA,NA
python.exe,29332,0x0,Other,-1,0,0,Composed: Copy with GPU GDI,2026-8-20 19:19:14.004300000,3.0394,3.0394,0.0000,0.2777,2.9209,0.2907,2.6302,NA,NA,NA,NA,NA,NA,NA
python.exe,29332,0x0,Other,0,0,1,Hardware: Legacy Flip,2026-8-20 19:19:14.007339400,2.6095,2.6095,0.0000,0.1621,2.5515,0.2038,2.3477,4.1852,15.6859,14.4497,11485.1285,NA,NA,NA
python.exe,29332,0x0,Other,-1,0,0,Composed: Copy with GPU GDI,2026-8-20 19:19:14.009948900,7.2961,7.2961,0.0000,0.1041,7.4999,1.7887,5.7112,NA,NA,NA,NA,NA,NA,NA
python.exe,29332,0x0,Other,-1,0,0,Composed: Copy with GPU GDI,2026-8-20 19:19:14.017245000,1.1613,1.1613,0.0000,0.3276,1.7830,1.0978,0.6852,NA,NA,NA,NA,NA,NA,NA
python.exe,29332,0x0,Other,0,0,1,Hardware: Legacy Flip,2026-8-20 19:19:14.018406300,7.6187,7.6187,0.0000,0.9547,6.7618,0.2113,6.5505,8.8042,14.3518,-4.6190,11496.1954,NA,NA,NA
python.exe,29332,0x0,Other,-1,0,0,Composed: Copy with GPU GDI,2026-8-20 19:19:14.026025000,0.3414,0.3414,0.0000,0.0978,1.1767,1.1767,0.0000,15.5373,1.5613,-6.7331,11503.8141,NA,NA,NA
python.exe,29332,0x0,Other,-1,0,0,Composed: Copy with GPU GDI,2026-8-20 19:19:14.026366400,4.7600,4.7600,0.0000,0.9360,4.0683,0.3910,3.6773,NA,NA,NA,NA,NA,NA,NA
python.exe,29332,0x0,Other,-1,0,0,Composed: Copy with GPU GDI,2026-8-20 19:19:14.031126400,6.6366,6.6366,0.0000,0.2483,7.0731,0.9592,6.1139,NA,NA,NA,NA,NA,NA,NA
python.exe,29332,0x0,Other,0,0,1,Hardware: Legacy Flip,2026-8-20 19:19:14.037763000,4.0640,4.0640,0.0000,0.6901,3.4524,0.1641,3.2883,5.3606,16.6982,10.1767,11515.5521,NA,NA,NA
python.exe,29332,0x0,Other,-1,0,0,Composed: Copy with GPU GDI,2026-8-20 19:19:14.041827000,6.5104,6.5104,0.0000,0.0785,7.0474,1.9611,5.0863,NA,NA,NA,NA,NA,NA,NA
python.exe,29332,0x0,Other,-1,0,0,Composed: Copy with GPU GDI,2026-8-20 19:19:14.048337400,1.8048,1.8048,0.0000,0.6215,1.3028,0.2342,1.0686,11.4844,4.1780,-6.1238,11526.1265,NA,NA,NA
python.exe,29332,0x0,Other,-1,0,0,Composed: Copy with GPU GDI,2026-8-20 19:19:14.050142200,11.5387,11.5387,0.0000,0.1225,11.6225,0.3808,11.2417,NA,NA,NA,NA,NA,NA,NA
python.exe,29332,0x0,Other,-1,0,0,Composed: Copy with GPU GDI,2026-8-20 19:19:14.061680900,1.0702,1.0702,0.0000,0.2103,1.0612,0.3497,0.7115,NA,NA,NA,NA,NA,NA,NA
python.exe,29332,0x0,Other,0,0,1,Hardware: Legacy Flip,2026-8-20 19:19:14.062751100,0.1596,0.1596,0.0000,0.2013,0.0370,0.0370,0.0000,1.2487,19.8211,10.2357,11540.5402,NA,NA,NA
python.exe,29332,0x0,Other,-1,0,0,Composed: Copy with GPU GDI,2026-8-20 19:19:14.062910700,8.0549,8.0549,0.0000,0.0787,8.4400,1.5256,6.9144,NA,NA,NA,NA,NA,NA,NA
python.exe,29332,0x0,Other,-1,0,0,Composed: Copy with GPU GDI,2026-8-20 19:19:14.070965600,2.4959,2.4959,0.0000,0.4695,2.1447,0.2378,1.9069,NA,NA,NA,NA,NA,NA,NA
python.exe,29332,0x0,Other,0,0,1,Hardware: Legacy Flip,2026-8-20 19:19:14.073461500,9.1053,9.1053,0.0000,0.1246,9.0340,0.1089,8.9251,10.3594,11.5177,-9.1107,11551.2506,NA,NA,NA
python.exe,29332,0x0,Other,-1,0,0,Composed: Copy with GPU GDI,2026-8-20 19:19:14.082566800,0.3571,0.3571,0.0000,0.0533,1.2857,1.2857,0.0000,NA,NA,NA,NA,NA,NA,NA
python.exe,29332,0x0,Other,-1,0,0,Composed: Copy with GPU GDI,2026-8-20 19:19:14.082923900,3.3912,3.3912,0.0000,0.9951,2.8157,0.5413,2.2744,NA,NA,NA,NA,NA,NA,NA
python.exe,29332,0x0,Other,0,0,1,Hardware: Legacy Flip,2026-8-20 19:19:14.086315100,7.4739,7.4739,0.0000,0.4238,7.0701,0.0788,6.9913,9.0235,13.0371,1.3359,11564.1042,NA,NA,NA
python.exe,29332,0x0,Other,-1,0,0,Composed: Copy with GPU GDI,2026-8-20 19:19:14.093789000,0.4144,0.4144,0.0000,0.0200,1.5851,1.5851,0.0000,14.5867,5.9661,-5.5632,11571.5781,NA,NA,NA
python.exe,29332,0x0,Other,-1,0,0,Composed: Copy with GPU GDI,2026-8-20 19:19:14.094203400,10.4978,10.4978,0.0000,1.1942,9.7294,0.5738,9.1556,NA,NA,NA,NA,NA,NA,NA
python.exe,29332,0x0,Other,-1,0,0,Composed: Copy with GPU GDI,2026-8-20 19:19:14.104701200,0.8808,0.8808,0.0000,0.4288,0.6496,0.2895,0.3601,9.6406,2.9834,4.9461,11582.4903,NA,NA,NA
python.exe,29332,0x0,Other,-1,0,0,Composed: Copy with GPU GDI,2026-8-20 19:19:14.105582000,7.8568,7.8568,0.0000,0.2009,8.2898,0.7752,7.5146,NA,NA,NA,NA,NA,NA,NA
python.exe,29332,0x0,Other,0,0,1,Hardware: Legacy Flip,2026-8-20 19:19:14.113438800,2.3245,2.3245,0.0000,0.6373,1.7448,0.1125,1.6323,3.8864,11.4968,5.7542,11591.2279,NA,NA,NA
python.exe,29332,0x0,Other,-1,0,0,Composed: Copy with GPU GDI,2026-8-20 19:19:14.115763300,0.5826,0.5826,0.0000,0.0576,1.5704,1.5704,0.0000,NA,NA,NA,NA,NA,NA,NA
python.exe,29332,0x0,Other,-1,0,0,Composed: Copy with GPU GDI,2026-8-20 19:19:14.116345900,9.9321,9.9321,0.0000,1.0485,8.9817,0.2300,8.7517,NA,NA,NA,NA,NA,NA,NA
python.exe,29332,0x0,Other,0,0,1,Hardware: Legacy Flip,2026-8-20 19:19:14.126278000,1.0698,1.0698,0.0000,0.1014,0.9934,0.1938,0.7996,2.5440,15.8725,1.3424,11604.0671,NA,NA,NA
python.exe,29332,0x0,Other,-1,0,0,Composed: Copy with GPU GDI,2026-8-20 19:19:14.127347800,0.3627,0.3627,0.0000,0.0250,1.2476,1.2476,0.0000,17.3467,3.5493,-14.8027,11605.1369,NA,NA,NA
python.exe,29332,0x0,Other,-1,0,0,Composed: Copy with GPU GDI,2026-8-20 19:19:14.127710500,9.7651,9.7651,0.0000,0.9099,8.9635,0.3595,8.6040,NA,NA,NA,NA,NA,NA,NA
python.exe,29332,0x0,Other,-1,0,0,Composed: Copy with GPU GDI,2026-8-20 19:19:14.137475600,2.3558,2.3558,0.0000,0.1106,2.9139,0.7960,2.1179,NA,NA,NA,NA,NA,NA,NA
python.exe,29332,0x0,Other,0,0,1,Hardware: Legacy Flip,2026-8-20 19:19:14.139831400,7.2598,7.2598,0.0000,0.6718,6.6444,0.1124,6.5320,8.4124,13.0728,8.9343,11617.6205,NA,NA,NA
python.exe,29332,0x0,Other,-1,0,0,Composed: Copy with GPU GDI,2026-8-20 19:19:14.147091200,0.4763,0.4763,0.0000,0.0564,1.6398,1.6398,0.0000,NA,NA,NA,NA,NA,NA,NA
python.exe,29332,0x0,Other,-1,0,0,Composed: Copy with GPU GDI,2026-8-20 19:19:14.147567500,5.1655,5.1655,0.0000,1.2245,4.1571,0.3558,3.8013,NA,NA,NA,NA,NA,NA,NA
python.exe,29332,0x0,Other,0,0,1,Hardware: Legacy Flip,2026-8-20 19:19:14.152733000,7.4953,7.4953,0.0000,0.2195,7.3043,0.1571,7.1472,8.5836,13.7150,-0.1712,11630.5221,NA,NA,NA
python.exe,29332,0x0,Other,-1,0,0,Composed: Copy with GPU GDI,2026-8-20 19:19:14.160228300,0.2862,0.2862,0.0000,0.0285,1.1706,1.1706,0.0000,14.8033,6.2139,-6.2197,11638.0174,NA,NA,NA
python.exe,29332,0x0,Other,-1,0,0,Composed: Copy with GPU GDI,2026-8-20 19:19:14.160514500,3.9158,3.9158,0.0000,0.9179,3.5102,0.7730,2.7372,20.7310,2.3251,-5.9277,11638.3036,NA,NA,NA
python.exe,29332,0x0,Other,-1,0,0,Composed: Copy with GPU GDI,2026-8-20 19:19:14.164430300,7.8541,7.8541,0.0000,0.5161,7.5080,0.4862,7.0218,NA,NA,NA,NA,NA,NA,NA
python.exe,29332,0x0,Other,0,0,1,Hardware: Legacy Flip,2026-8-20 19:19:14.172284400,10.0158,10.0158,0.0000,0.1746,9.9984,0.3033,9.6951,11.2862,9.7228,9.4448,11650.0735,NA,NA,NA
python.exe,29332,0x0,Other,-1,0,0,Composed: Copy with GPU GDI,2026-8-20 19:19:14.182300200,0.6494,0.6494,0.0000,0.1572,1.6656,1.6656,0.0000,NA,NA,NA,NA,NA,NA,NA
python.exe,29332,0x0,Other,-1,0,0,Composed: Copy with GPU GDI,2026-8-20 19:19:14.182949600,0.5024,0.5024,0.0000,1.2037,0.0369,0.0369,0.0000,10.3438,2.7848,0.9424,11660.7387,NA,NA,NA
python.exe,29332,0x0,Other,-1,0,0,Composed: Copy with GPU GDI,2026-8-20 19:19:14.183452000,10.6321,10.6321,0.0000,0.7114,10.2155,0.5736,9.6419,NA,NA,NA,NA,NA,NA,NA
python.exe,29332,0x0,Other,0,0,1,Hardware: Legacy Flip,2026-8-20 19:19:14.194084100,0.8446,0.8446,0.0000,0.2982,0.5909,0.1329,0.4580,1.9941,9.2599,8.3497,11671.8732,NA,NA,NA
python.exe,29332,0x0,Other,-1,0,0,Composed: Copy with GPU GDI,2026-8-20 19:19:14.194928700,0.3876,0.3876,0.0000,0.0445,1.7298,1.7298,0.0000,10.4094,12.1375,-8.4153,11672.7178,NA,NA,NA
python.exe,29332,0x0,Other,-1,0,0,Composed: Copy with GPU GDI,2026-8-20 19:19:14.195316300,9.7143,9.7143,0.0000,1.3931,8.7950,0.6232,8.1718,NA,NA,NA,NA,NA,NA,NA
python.exe,29332,0x0,Other,-1,0,0,Composed: Copy with GPU GDI,2026-8-20 19:19:14.205030600,2.1482,2.1482,0.0000,0.4780,1.9770,0.4348,1.5422,12.4450,1.8890,-2.0356,11682.8197,NA,NA,NA
python.exe,29332,0x0,Other,-1,0,0,Composed: Copy with GPU GDI,2026-8-20 19:19:14.207178800,10.1533,10.1533,0.0000,0.3110,10.2458,0.5548,9.6910,NA,NA,NA,NA,NA,NA,NA
python.exe,29332,0x0,Other,0,0,1,Hardware: Legacy Flip,2026-8-20 19:19:14.217332100,0.7447,0.7447,0.0000,0.4080,0.4396,0.1938,0.2458,2.0325,9.4195,10.4125,11695.1212,NA,NA,NA
python.exe,29332,0x0,Other,-1,0,0,Composed: Copy with GPU GDI,2026-8-20 19:19:14.218076800,2.1371,2.1371,0.0000,0.1029,2.7462,1.9385,0.8077,NA,NA,NA,NA,NA,NA,NA
python.exe,29332,0x0,Other,-1,0,0,Composed: Copy with GPU GDI,2026-8-20 19:19:14.220213900,6.5610,6.5610,0.0000,0.7172,6.2577,0.6181,5.6396,NA,NA,NA,NA,NA,NA,NA
python.exe,29332,0x0,Other,0,0,1,Hardware: Legacy Flip,2026-8-20 19:19:14.226774900,0.9283,0.9283,0.0000,0.4187,0.5317,0.0732,0.4585,2.0092,19.0472,0.0233,11704.5640,NA,NA,NA
python.exe,29332,0x0,Other,-1,0,0,Composed: Copy with GPU GDI,2026-8-20 19:19:14.227703200,3.0822,3.0822,0.0000,0.0221,3.6316,1.6911,1.9405,20.1281,3.6858,-18.1189,11705.4923,NA,NA,NA
python.exe,29332,0x0,Other,-1,0,0,Composed: Copy with GPU GDI,2026-8-20 19:19:14.230785400,10.8343,10.8343,0.0000,0.5753,10.6339,0.5337,10.1002,NA,NA,NA,NA,NA,NA,NA
python.exe,29332,0x0,Other,-1,0,0,Composed: Copy with GPU GDI,2026-8-20 19:19:14.241619700,7.6313,7.6313,0.0000,0.3776,7.6344,0.6716,6.9628,NA,NA,NA,NA,NA,NA,NA
python.exe,29332,0x0,Other,0,0,1,Hardware: Legacy Flip,2026-8-20 19:19:14.249251000,0.9924,0.9924,0.0000,0.3847,0.6642,0.1277,0.5365,2.2661,10.3634,17.8620,11727.0401,NA,NA,NA
python.exe,29332,0x0,Other,-1,0,0,Composed: Copy with GPU GDI,2026-8-20 19:19:14.250243400,0.3299,0.3299,0.0000,0.0565,1.3287,1.3287,0.0000,NA,NA,NA,NA,NA,NA,NA
python.exe,29332,0x0,Other,-1,0,0,Composed: Copy with GPU GDI,2026-8-20 19:19:14.250573300,8.8330,8.8330,0.0000,1.0594,7.9614,0.3160,7.6454,NA,NA,NA,NA,NA,NA,NA
python.exe,29332,0x0,Other,0,0,1,Hardware: Legacy Flip,2026-8-20 19:19:14.259406300,1.1004,1.1004,0.0000,0.1923,0.9327,0.0960,0.8367,2.4742,16.2967,-0.2081,11737.1954,NA,NA,NA
python.exe,29332,0x0,Other,-1,0,0,Composed: Copy with GPU GDI,2026-8-20 19:19:14.260506700,1.3020,1.3020,0.0000,0.0246,2.2059,2.2059,0.0000,17.6705,4.1075,-15.1963,11738.2958,NA,NA,NA
python.exe,29332,0x0,Other,-1,0,0,Composed: Copy with GPU GDI,2026-8-20 19:19:14.261808700,9.0512,9.0512,0.0000,0.9350,8.2750,0.2806,7.9944,NA,NA,NA,NA,NA,NA,NA
python.exe,29332,0x0,Other,-1,0,0,Composed: Copy with GPU GDI,2026-8-20 19:19:14.270859900,3.4513,3.4513,0.0000,0.1614,3.8278,0.6758,3.1520,NA,NA,NA,NA,NA,NA,NA
python.exe,29332,0x0,Other,0,0,1,Hardware: Legacy Flip,2026-8-20 19:19:14.274311200,6.7337,6.7337,0.0000,0.6083,6.1800,0.1219,6.0581,7.9735,13.4033,9.6970,11752.1003,NA,NA,NA
python.exe,29332,0x0,Other,-1,0,0,Composed: Copy with GPU GDI,2026-8-20 19:19:14.281044900,1.4226,1.4226,0.0000,0.0546,1.7884,1.6901,0.0983,NA,NA,NA,NA,NA,NA,NA
python.exe,29332,0x0,Other,-1,0,0,Composed: Copy with GPU GDI,2026-8-20 19:19:14.282467500,3.0085,3.0085,0.0000,0.4236,3.0615,0.6137,2.4478,NA,NA,NA,NA,NA,NA,NA
python.exe,29332,0x0,Other,0,0,1,Hardware: Legacy Flip,2026-8-20 19:19:14.285476000,9.2080,9.2080,0.0000,0.4872,8.7551,0.1251,8.6300,10.2120,12.8282,-2.2385,11763.2651,NA,NA,NA
python.exe,29332,0x0,Other,-1,0,0,Composed: Copy with GPU GDI,2026-8-20 19:19:14.294684000,0.7826,0.7826,0.0000,0.0343,1.5658,1.5658,0.0000,13.8322,2.1701,-3.6202,11772.4731,NA,NA,NA
python.exe,29332,0x0,Other,-1,0,0,Composed: Copy with GPU GDI,2026-8-20 19:19:14.295466600,2.3352,2.3352,0.0000,0.8200,1.9712,0.6115,1.3597,NA,NA,NA,NA,NA,NA,NA
python.exe,29332,0x0,Other,-1,0,0,Composed: Copy with GPU GDI,2026-8-20 19:19:14.297801800,7.6295,7.6295,0.0000,0.4594,7.4056,0.5461,6.8595,NA,NA,NA,NA,NA,NA,NA
python.exe,29332,0x0,Other,0,0,1,Hardware: Legacy Flip,2026-8-20 19:19:14.305431300,4.0767,4.0767,0.0000,0.2393,3.9410,0.2236,3.7174,5.2550,16.0078,8.5772,11783.2204,NA,NA,NA
python.exe,29332,0x0,Other,-1,0,0,Composed: Copy with GPU GDI,2026-8-20 19:19:14.309508000,5.2050,5.2050,0.0000,0.1036,5.2855,1.4205,3.8650,NA,NA,NA,NA,NA,NA,NA
python.exe,29332,0x0,Other,-1,0,0,Composed: Copy with GPU GDI,2026-8-20 19:19:14.314713000,1.2292,1.2292,0.0000,0.1916,1.2866,0.3878,0.8988,11.9811,2.0203,-6.7261,11792.5021,NA,NA,NA
python.exe,29332,0x0,Other,-1,0,0,Composed: Copy with GPU GDI,2026-8-20 19:19:14.315942200,10.4679,10.4679,0.0000,0.2538,10.6881,0.6088,10.0793,NA,NA,NA,NA,NA,NA,NA
python.exe,29332,0x0,Other,0,0,1,Hardware: Legacy Flip,2026-8-20 19:19:14.326410100,1.0587,1.0587,0.0000,0.4793,0.7446,0.2964,0.4482,2.3043,10.2775,9.6768,11804.1992,NA,NA,NA
python.exe,29332,0x0,Other,-1,0,0,Composed: Copy with GPU GDI,2026-8-20 19:19:14.327468800,2.0192,2.0192,0.0000,0.1652,2.3751,1.6805,0.6946,11.5231,4.2487,-9.2188,11805.2579,NA,NA,NA
python.exe,29332,0x0,Other,-1,0,0,Composed: Copy with GPU GDI,2026-8-20 19:19:14.329488000,8.6035,8.6035,0.0000,0.5243,8.9435,1.1763,7.7672,NA,NA,NA,NA,NA,NA,NA
python.exe,29332,0x0,Other,-1,0,0,Composed: Copy with GPU GDI,2026-8-20 19:19:14.338091500,1.8222,1.8222,0.0000,0.8764,1.2789,0.4343,0.8446,NA,NA,NA,NA,NA,NA,NA
python.exe,29332,0x0,Other,0,0,1,Hardware: Legacy Flip,2026-8-20 19:19:14.339913700,2.0446,2.0446,0.0000,0.3374,1.7612,0.0973,1.6639,3.3269,19.9150,8.1962,11817.7028,NA,NA,NA
python.exe,29332,0x0,Other,-1,0,0,Composed: Copy with GPU GDI,2026-8-20 19:19:14.341958300,7.6013,7.6013,0.0000,0.0540,8.2541,2.0202,6.2339,NA,NA,NA,NA,NA,NA,NA
python.exe,29332,0x0,Other,-1,0,0,Composed: Copy with GPU GDI,2026-8-20 19:19:14.349559600,2.5872,2.5872,0.0000,0.7117,2.1637,0.4327,1.7310,NA,NA,NA,NA,NA,NA,NA
python.exe,29332,0x0,Other,-1,0,0,Composed: Copy with GPU GDI,2026-8-20 19:19:14.352146800,8.9066,8.9066,0.0000,0.2918,8.9168,0.4512,8.4656,NA,NA,NA,NA,NA,NA,NA
python.exe,29332,0x0,Other,0,0,1,Hardware: Legacy Flip,2026-8-20 19:19:14.361053400,0.9390,0.9390,0.0000,0.3049,0.6923,0.1141,0.5782,2.1022,18.1308,1.2247,11838.8425,NA,NA,NA
python.exe,29332,0x0,Other,-1,0,0,Composed: Copy with GPU GDI,2026-8-20 19:19:14.361992400,3.1677,3.1677,0.0000,0.0582,3.2548,1.2953,1.9595,19.2940,2.5332,-17.1918,11839.7815,NA,NA,NA
python.exe,29332,0x0,Other,-1,0,0,Composed: Copy with GPU GDI,2026-8-20 19:19:14.365160100,6.1904,6.1904,0.0000,0.1505,6.1979,0.3037,5.8942,NA,NA,NA,NA,NA,NA,NA
python.exe,29332,0x0,Other,-1,0,0,Composed: Copy with GPU GDI,2026-8-20 19:19:14.371350500,11.0446,11.0446,0.0000,0.1626,11.0539,0.3359,10.7180,NA,NA,NA,NA,NA,NA,NA
python.exe,29332,0x0,Other,0,0,1,Hardware: Legacy Flip,2026-8-20 19:19:14.382395100,0.2466,0.2466,0.0000,0.1719,0.2550,0.2550,0.0000,1.4245,9.6213,17.8695,11860.1842,NA,NA,NA
python.exe,29332,0x0,Other,-1,0,0,Composed: Copy with GPU GDI,2026-8-20 19:19:14.382641700,0.5237,0.5237,0.0000,0.1803,1.5090,1.5090,0.0000,10.7992,1.0710,-9.3747,11860.4308,NA,NA,NA
python.exe,29332,0x0,Other,-1,0,0,Composed: Copy with GPU GDI,2026-8-20 19:19:14.383165400,9.3992,9.3992,0.0000,1.1689,8.6073,0.5382,8.0691,NA,NA,NA,NA,NA,NA,NA
python.exe,29332,0x0,Other,0,0,1,Hardware: Legacy Flip,2026-8-20 19:19:14.392564600,0.7326,0.7326,0.0000,0.3802,0.3703,0.0618,0.3085,1.9473,17.0901,8.8519,11870.3537,NA,NA,NA
python.exe,29332,0x0,Other,-1,0,0,Composed: Copy with GPU GDI,2026-8-20 19:19:14.393297200,1.5805,1.5805,0.0000,0.0179,1.9044,1.5887,0.3157,18.3048,6.0700,-16.3575,11871.0863,NA,NA,NA
python.exe,29332,0x0,Other,-1,0,0,Composed: Copy with GPU GDI,2026-8-20 19:19:14.394877700,9.7820,9.7820,0.0000,0.3459,9.5447,0.2889,9.2558,22.7943,0.2769,-4.4895,11872.6668,NA,NA,NA
python.exe,29332,0x0,Other,-1,0,0,Composed: Copy with GPU GDI,2026-8-20 19:19:14.404659700,2.1836,2.1836,0.0000,0.1122,2.3924,0.5260,1.8664,NA,NA,NA,NA,NA,NA,NA
python.exe,29332,0x0,Other,0,0,1,Hardware: Legacy Flip,2026-8-20 19:19:14.406843300,10.0309,10.0309,0.0000,0.3262,9.8079,0.2723,9.5356,11.1056,10.0099,11.6887,11884.6324,NA,NA,NA
python.exe,29332,0x0,Other,-1,0,0,Composed: Copy with GPU GDI,2026-8-20 19:19:14.416874200,1.1728,1.1728,0.0000,0.1032,1.4823,1.4823,0.0000,NA,NA,NA,NA,NA,NA,NA
python.exe,29332,0x0,Other,-1,0,0,Composed: Copy with GPU GDI,2026-8-20 19:19:14.418047000,0.8728,0.8728,0.0000,0.4164,0.6605,0.3735,0.2870,NA,NA,NA,NA,NA,NA,NA
python.exe,29332,0x0,Other,0,0,1,Hardware: Legacy Flip,2026-8-20 19:19:14.418919800,7.7620,7.7620,0.0000,0.2092,7.5817,0.1148,7.4669,9.0390,13.9965,2.0666,11896.7089,NA,NA,NA
python.exe,29332,0x0,Other,-1,0,0,Composed: Copy with GPU GDI,2026-8-20 19:19:14.426681800,0.3905,0.3905,0.0000,0.0289,1.2968,1.2968,0.0000,15.2735,6.0990,-6.2345,11904.4709,NA,NA,NA
python.exe,29332,0x0,Other,-1,0,0,Composed: Copy with GPU GDI,2026-8-20 19:19:14.427072300,4.1753,4.1753,0.0000,0.9376,3.7804,0.7172,3.0632,20.9820,1.6271,-5.7085,11904.8614,NA,NA,NA
python.exe,29332,0x0,Other,-1,0,0,Composed: Copy with GPU GDI,2026-8-20 19:19:14.431247600,6.2976,6.2976,0.0000,0.5472,6.1609,0.5488,5.6121,NA,NA,NA,NA,NA,NA,NA
python.exe,29332,0x0,Other,-1,0,0,Composed: Copy with GPU GDI,2026-8-20 19:19:14.437545200,10.6027,10.6027,0.0000,0.4209,10.6226,0.8129,9.8097,NA,NA,NA,NA,NA,NA,NA
python.exe,29332,0x0,Other,0,0,1,Hardware: Legacy Flip,2026-8-20 19:19:14.448147900,0.4497,0.4497,0.0000,0.4408,0.1666,0.1666,0.0000,1.5335,10.5305,19.4485,11925.9370,NA,NA,NA
python.exe,29332,0x0,Other,-1,0,0,Composed: Copy with GPU GDI,2026-8-20 19:19:14.448597600,1.2539,1.2539,0.0000,0.1577,1.4998,1.3260,0.1738,11.6143,3.6899,-10.0808,11926.3867,NA,NA,NA
python.exe,29332,0x0,Other,-1,0,0,Composed: Copy with GPU GDI,2026-8-20 19:19:14.449851500,12.0952,12.0952,0.0000,0.4122,11.8299,0.3197,11.5102,NA,NA,NA,NA,NA,NA,NA
python.exe,29332,0x0,Other,0,0,1,Hardware: Legacy Flip,2026-8-20 19:19:14.461946700,0.4029,0.4029,0.0000,0.1527,0.3255,0.1376,0.1879,1.9551,20.1989,9.6592,11939.7358,NA,NA,NA
python.exe,29332,0x0,Other,-1,0,0,Composed: Copy with GPU GDI,2026-8-20 19:19:14.462349600,9.6661,9.6661,0.0000,0.0753,10.0112,1.9862,8.0250,NA,NA,NA,NA,NA,NA,NA
python.exe,29332,0x0,Other,-1,0,0,Composed: Copy with GPU GDI,2026-8-20 19:19:14.472015700,2.7035,2.7035,0.0000,0.4245,2.3987,0.2115,2.1872,NA,NA,NA,NA,NA,NA,NA
python.exe,29332,0x0,Other,0,0,1,Hardware: Legacy Flip,2026-8-20 19:19:14.474719200,7.9920,7.9920,0.0000,0.1225,7.9290,0.1132,7.8158,9.3815,10.8481,-7.4264,11952.5083,NA,NA,NA
python.exe,29332,0x0,Other,-1,0,0,Composed: Copy with GPU GDI,2026-8-20 19:19:14.482711200,0.4151,0.4151,0.0000,0.0595,1.3967,1.3967,0.0000,NA,NA,NA,NA,NA,NA,NA
python.exe,29332,0x0,Other,-1,0,0,Composed: Copy with GPU GDI,2026-8-20 19:19:14.483126300,2.1097,2.1097,0.0000,1.0447,1.3477,0.4321,0.9156,NA,NA,NA,NA,NA,NA,NA
python.exe,29332,0x0,Other,-1,0,0,Composed: Copy with GPU GDI,2026-8-20 19:19:14.485236000,8.2672,8.2672,0.0000,0.2874,8.1098,0.2974,7.8124,NA,NA,NA,NA,NA,NA,NA
python.exe,29332,0x0,Other,0,0,1,Hardware: Legacy Flip,2026-8-20 19:19:14.493503200,0.3953,0.3953,0.0000,0.1354,0.2777,0.0722,0.2055,1.4456,16.2691,7.9359,11971.2923,NA,NA,NA
python.exe,29332,0x0,Other,-1,0,0,Composed: Copy with GPU GDI,2026-8-20 19:19:14.493898500,3.6940,3.6940,0.0000,0.0178,4.1139,1.6510,2.4629,NA,NA,NA,NA,NA,NA,NA
python.exe,29332,0x0,Other,-1,0,0,Composed: Copy with GPU GDI,2026-8-20 19:19:14.497592500,6.9889,6.9889,0.0000,0.4432,7.2008,0.8797,6.3211,NA,NA,NA,NA,NA,NA,NA
python.exe,29332,0x0,Other,0,0,1,Hardware: Legacy Flip,2026-8-20 19:19:14.504581400,5.2693,5.2693,0.0000,0.6578,4.7367,0.2651,4.4716,6.6365,15.6636,-5.1909,11982.3705,NA,NA,NA
python.exe,29332,0x0,Other,-1,0,0,Composed: Copy with GPU GDI,2026-8-20 19:19:14.509850700,5.5224,5.5224,0.0000,0.1252,5.5657,1.5238,4.0419,NA,NA,NA,NA,NA,NA,NA
python.exe,29332,0x0,Other,-1,0,0,Composed: Copy with GPU GDI,2026-8-20 19:19:14.515373100,0.7180,0.7180,0.0000,0.1887,0.8526,0.4509,0.4017,11.5084,0.8474,-4.8719,11993.1622,NA,NA,NA
python.exe,29332,0x0,Other,-1,0,0,Composed: Copy with GPU GDI,2026-8-20 19:19:14.516091100,9.7345,9.7345,0.0000,0.3270,9.7493,0.4698,9.2795,NA,NA,NA,NA,NA,NA,NA
python.exe,29332,0x0,Other,0,0,1,Hardware: Legacy Flip,2026-8-20 19:19:14.525825600,0.6419,0.6419,0.0000,0.3464,0.3496,0.1060,0.2436,1.9033,16.3047,9.6051,12003.6147,NA,NA,NA
python.exe,29332,0x0,Other,-1,0,0,Composed: Copy with GPU GDI,2026-8-20 19:19:14.526467500,2.0704,2.0704,0.0000,0.0541,2.1486,1.3677,0.7809,NA,NA,NA,NA,NA,NA,NA
python.exe,29332,0x0,Other,-1,0,0,Composed: Copy with GPU GDI,2026-8-20 19:19:14.528537900,9.1390,9.1390,0.0000,0.1378,9.3226,0.5432,8.7794,NA,NA,NA,NA,NA,NA,NA
python.exe,29332,0x0,Other,-1,0,0,Composed: Copy with GPU GDI,2026-8-20 19:19:14.537676900,4.5307,4.5307,0.0000,0.3261,4.9297,0.8966,4.0331,NA,NA,NA,NA,NA,NA,NA
python.exe,29332,0x0,Other,0,0,1,Hardware: Legacy Flip,2026-8-20 19:19:14.542207600,0.6442,0.6442,0.0000,0.7251,0.0526,0.0526,0.0000,1.8260,18.8448,0.0773,12019.9967,NA,NA,NA
python.exe,29332,0x0,Other,-1,0,0,Composed: Copy with GPU GDI,2026-8-20 19:19:14.542851800,5.9163,5.9163,0.0000,0.1335,6.0018,1.4080,4.5938,NA,NA,NA,NA,NA,NA,NA
python.exe,29332,0x0,Other,-1,0,0,Composed: Copy with GPU GDI,2026-8-20 19:19:14.548768100,5.5621,5.5621,0.0000,0.2219,5.5937,0.3744,5.2193,NA,NA,NA,NA,NA,NA,NA
python.exe,29332,0x0,Other,0,0,1,Hardware: Legacy Flip,2026-8-20 19:19:14.554330200,7.2230,7.2230,0.0000,0.2564,7.0268,0.1162,6.9106,8.5482,12.5460,-6.7222,12032.1193,NA,NA,NA
python.exe,29332,0x0,Other,-1,0,0,Composed: Copy with GPU GDI,2026-8-20 19:19:14.561553200,0.2152,0.2152,0.0000,0.0602,1.3102,1.3102,0.0000,13.8712,6.0638,-5.3230,12039.3423,NA,NA,NA
python.exe,29332,0x0,Other,-1,0,0,Composed: Copy with GPU GDI,2026-8-20 19:19:14.561768400,9.0520,9.0520,0.0000,1.1585,8.0557,0.4236,7.6321,NA,NA,NA,NA,NA,NA,NA
python.exe,29332,0x0,Other,-1,0,0,Composed: Copy with GPU GDI,2026-8-20 19:19:14.570820400,1.4693,1.4693,0.0000,0.1662,1.9356,0.8030,1.1326,10.6678,1.5228,3.2034,12048.6095,NA,NA,NA
python.exe,29332,0x0,Other,-1,0,0,Composed: Copy with GPU GDI,2026-8-20 19:19:14.572289700,9.2247,9.2247,0.0000,9.5213,0.0892,0.0892,0.0000,NA,NA,NA,NA,NA,NA,NA
python.exe,29332,0x0,Other,0,0,1,Hardware: Legacy Flip,2026-8-20 19:19:14.581514400,0.1858,0.1858,0.0000,0.0000,8.8836,0.4539,8.4297,1.4966,10.6372,9.1712,12059.3035,NA,NA,NA
python.exe,29332,0x0,Other,-1,0,0,Composed: Copy with GPU GDI,2026-8-20 19:19:14.581700200,1.2822,1.2822,0.0000,0.2000,1.6931,1.6931,0.0000,11.9480,1.5739,-10.4514,12059.4893,NA,NA,NA
python.exe,29332,0x0,Other,-1,0,0,Composed: Copy with GPU GDI,2026-8-20 19:19:14.582982400,10.1066,10.1066,0.0000,0.6142,9.6045,0.2694,9.3351,NA,NA,NA,NA,NA,NA,NA
python.exe,29332,0x0,Other,0,0,1,Hardware: Legacy Flip,2026-8-20 19:19:14.593089000,0.7452,0.7452,0.0000,0.1144,0.6711,0.1407,0.5304,2.1331,16.5869,9.8149,12070.8781,NA,NA,NA
python.exe,29332,0x0,Other,-1,0,0,Composed: Copy with GPU GDI,2026-8-20 19:19:14.593834200,1.0370,1.0370,0.0000,0.0403,2.1275,2.1275,0.0000,17.9748,4.6341,-15.8417,12071.6233,NA,NA,NA
python.exe,29332,0x0,Other,-1,0,0,Composed: Copy with GPU GDI,2026-8-20 19:19:14.594871200,8.3074,8.3074,0.0000,1.1368,7.8741,0.8751,6.9990,NA,NA,NA,NA,NA,NA,NA
python.exe,29332,0x0,Other,-1,0,0,Composed: Copy with GPU GDI,2026-8-20 19:19:14.603178600,3.9045,3.9045,0.0000,0.7116,3.7052,0.6832,3.0220,NA,NA,NA,NA,NA,NA,NA
python.exe,29332,0x0,Other,-1,0,0,Composed: Copy with GPU GDI,2026-8-20 19:19:14.607083100,8.2956,8.2956,0.0000,8.6116,0.5774,0.5774,0.0000,NA,NA,NA,NA,NA,NA,NA
python.exe,29332,0x0,Other,0,0,1,Hardware: Legacy Flip,2026-8-20 19:19:14.615378700,0.2066,0.2066,0.0000,0.0000,8.0956,0.7654,7.3302,1.0644,13.0746,16.9104,12093.1678,NA,NA,NA
python.exe,29332,0x0,Other,-1,0,0,Composed: Copy with GPU GDI,2026-8-20 19:19:14.615585300,3.6999,3.6999,0.0000,0.6868,3.2864,0.5139,2.7725,NA,NA,NA,NA,NA,NA,NA
python.exe,29332,0x0,Other,-1,0,0,Composed: Copy with GPU GDI,2026-8-20 19:19:14.619285200,8.4491,8.4491,0.0000,0.2773,8.3466,0.4223,7.9243,NA,NA,NA,NA,NA,NA,NA
python.exe,29332,0x0,Other,0,0,1,Hardware: Legacy Flip,2026-8-20 19:19:14.627734300,0.4965,0.4965,0.0000,0.1779,0.3812,0.1928,0.1884,1.7834,18.7637,-0.7190,12105.5234,NA,NA,NA
python.exe,29332,0x0,Other,-1,0,0,Composed: Copy with GPU GDI,2026-8-20 19:19:14.628230800,2.8693,2.8693,0.0000,0.0626,3.5024,1.9485,1.5539,20.0506,3.5708,-18.2672,12106.0199,NA,NA,NA
python.exe,29332,0x0,Other,-1,0,0,Composed: Copy with GPU GDI,2026-8-20 19:19:14.631100100,10.1956,10.1956,0.0000,0.7001,9.9379,0.5924,9.3455,NA,NA,NA,NA,NA,NA,NA
python.exe,29332,0x0,Other,-1,0,0,Composed: Copy with GPU GDI,2026-8-20 19:19:14.641295700,8.1032,8.1032,0.0000,0.4468,7.8744,0.3691,7.5053,NA,NA,NA,NA,NA,NA,NA
python.exe,29332,0x0,Other,-1,0,0,Composed: Copy with GPU GDI,2026-8-20 19:19:14.649398900,1.1220,1.1220,0.0000,0.2252,1.2235,0.4670,0.7565,NA,NA,NA,NA,NA,NA,NA
python.exe,29332,0x0,Other,0,0,1,Hardware: Legacy Flip,2026-8-20 19:19:14.650520900,0.2793,0.2793,0.0000,0.3267,0.0304,0.0304,0.0000,1.3313,9.9106,18.7193,12128.3100,NA,NA,NA
python.exe,29332,0x0,Other,-1,0,0,Composed: Copy with GPU GDI,2026-8-20 19:19:14.650800200,8.9713,8.9713,0.0000,0.0778,9.1533,1.3177,7.8356,NA,NA,NA,NA,NA,NA,NA
python.exe,29332,0x0,Other,0,0,1,Hardware: Legacy Flip,2026-8-20 19:19:14.659771500,0.8076,0.8076,0.0000,0.2642,0.5675,0.0943,0.4732,1.9913,16.8145,-0.6600,12137.5606,NA,NA,NA
python.exe,29332,0x0,Other,-1,0,0,Composed: Copy with GPU GDI,2026-8-20 19:19:14.660579100,0.6463,0.6463,0.0000,0.0241,1.5201,1.5201,0.0000,17.9982,5.4172,-16.0069,12138.3682,NA,NA,NA
python.exe,29332,0x0,Other,-1,0,0,Composed: Copy with GPU GDI,2026-8-20 19:19:14.661225400,10.3193,10.3193,0.0000,0.9020,9.5738,0.2839,9.2899,NA,NA,NA,NA,NA,NA,NA
python.exe,29332,0x0,Other,-1,0,0,Composed: Copy with GPU GDI,2026-8-20 19:19:14.671544700,2.7568,2.7568,0.0000,0.1760,2.8828,0.4240,2.4588,NA,NA,NA,NA,NA,NA,NA
python.exe,29332,0x0,Other,0,0,1,Hardware: Legacy Flip,2026-8-20 19:19:14.674301500,8.2097,8.2097,0.0000,0.3048,7.9617,0.1051,7.8566,9.6930,10.9191,8.3052,12152.0906,NA,NA,NA
python.exe,29332,0x0,Other,-1,0,0,Composed: Copy with GPU GDI,2026-8-20 19:19:14.682511200,0.3295,0.3295,0.0000,0.0568,0.3529,0.3529,0.0000,NA,NA,NA,NA,NA,NA,NA
python.exe,29332,0x0,Other,-1,0,0,Composed: Copy with GPU GDI,2026-8-20 19:19:14.682840700,3.9198,3.9198,0.0000,0.0802,3.9872,1.4117,2.5755,NA,NA,NA,NA,NA,NA,NA
python.exe,29332,0x0,Other,-1,0,0,Composed: Copy with GPU GDI,2026-8-20 19:19:14.686760500,6.3900,6.3900,0.0000,6.6264,0.4755,0.4755,0.0000,NA,NA,NA,NA,NA,NA,NA
python.exe,29332,0x0,Other,0,0,1,Hardware: Legacy Flip,2026-8-20 19:19:14.693150500,0.2222,0.2222,0.0000,0.0000,6.4720,0.3627,6.1093,1.7631,15.0021,7.9299,12170.9396,NA,NA,NA
python.exe,29332,0x0,Other,-1,0,0,Composed: Copy with GPU GDI,2026-8-20 19:19:14.693372700,4.5843,4.5843,0.0000,0.4897,4.6814,1.7732,2.9082,NA,NA,NA,NA,NA,NA,NA
python.exe,29332,0x0,Other,-1,0,0,Composed: Copy with GPU GDI,2026-8-20 19:19:14.697957000,6.1837,6.1837,0.0000,0.5908,6.1528,0.7870,5.3658,NA,NA,NA,NA,NA,NA,NA
python.exe,29332,0x0,Other,0,0,1,Hardware: Legacy Flip,2026-8-20 19:19:14.704140700,4.5780,4.5780,0.0000,0.5647,4.1328,0.2362,3.8966,5.7750,17.1837,-4.0119,12181.9298,NA,NA,NA
python.exe,29332,0x0,Other,-1,0,0,Composed: Copy with GPU GDI,2026-8-20 19:19:14.708718700,5.1833,5.1833,0.0000,0.1195,5.7677,1.8170,3.9507,18.3807,0.5304,-12.6057,12186.5078,NA,NA,NA
python.exe,29332,0x0,Other,-1,0,0,Composed: Copy with GPU GDI,2026-8-20 19:19:14.713902000,2.1114,2.1114,0.0000,0.7086,1.6417,0.3563,1.2854,NA,NA,NA,NA,NA,NA,NA
python.exe,29332,0x0,Other,-1,0,0,Composed: Copy with GPU GDI,2026-8-20 19:19:14.716013400,9.6925,9.6925,0.0000,0.2435,9.7593,0.4414,9.3179,NA,NA,NA,NA,NA,NA,NA
python.exe,29332,0x0,Other,0,0,1,Hardware: Legacy Flip,2026-8-20 19:19:14.725705900,0.8049,0.8049,0.0000,0.3157,0.5638,0.1375,0.4263,1.9239,15.8780,16.4568,12203.4950,NA,NA,NA
python.exe,29332,0x0,Other,-1,0,0,Composed: Copy with GPU GDI,2026-8-20 19:19:14.726510800,2.1877,2.1877,0.0000,0.0746,2.6777,1.6732,1.0045,NA,NA,NA,NA,NA,NA,NA
python.exe,29332,0x0,Other,-1,0,0,Composed: Copy with GPU GDI,2026-8-20 19:19:14.728698500,8.0913,8.0913,0.0000,0.5691,7.8854,0.5442,7.3412,NA,NA,NA,NA,NA,NA,NA
python.exe,29332,0x0,Other,-1,0,0,Composed: Copy with GPU GDI,2026-8-20 19:19:14.736789800,3.7326,3.7326,0.0000,0.3678,3.7327,0.6608,3.0719,NA,NA,NA,NA,NA,NA,NA
python.exe,29332,0x0,Other,0,0,1,Hardware: Legacy Flip,2026-8-20 19:19:14.740522400,1.7891,1.7891,0.0000,0.3744,1.4681,0.1044,1.3637,2.9854,18.5183,-1.0615,12218.3115,NA,NA,NA
python.exe,29332,0x0,Other,-1,0,0,Composed: Copy with GPU GDI,2026-8-20 19:19:14.742311500,7.1187,7.1187,0.0000,0.0534,7.3529,1.5485,5.8044,NA,NA,NA,NA,NA,NA,NA
python.exe,29332,0x0,Other,-1,0,0,Composed: Copy with GPU GDI,2026-8-20 19:19:14.749430200,3.6672,3.6672,0.0000,0.2906,3.6856,0.5587,3.1269,NA,NA,NA,NA,NA,NA,NA
python.exe,29332,0x0,Other,-1,0,0,Composed: Copy with GPU GDI,2026-8-20 19:19:14.753097400,7.7340,7.7340,0.0000,0.3146,7.5786,0.3065,7.2721,NA,NA,NA,NA,NA,NA,NA
python.exe,29332,0x0,Other,0,0,1,Hardware: Legacy Flip,2026-8-20 19:19:14.760831400,0.1256,0.1256,0.0000,0.1592,0.0263,0.0263,0.0000,1.1947,15.6211,1.7907,12238.6205,NA,NA,NA
python.exe,29332,0x0,Other,-1,0,0,Composed: Copy with GPU GDI,2026-8-20 19:19:14.760957000,3.6727,3.6727,0.0000,0.0599,4.1506,1.6633,2.4873,NA,NA,NA,NA,NA,NA,NA
python.exe,29332,0x0,Other,-1,0,0,Composed: Copy with GPU GDI,2026-8-20 19:19:14.764629700,8.3791,8.3791,0.0000,0.5428,8.0585,0.4359,7.6226,NA,NA,NA,NA,NA,NA,NA
python.exe,29332,0x0,Other,0,0,1,Hardware: Legacy Flip,2026-8-20 19:19:14.773008800,3.1833,3.1833,0.0000,0.2267,3.0191,0.1239,2.8952,4.6384,16.2742,-3.4437,12250.7979,NA,NA,NA
python.exe,29332,0x0,Other,-1,0,0,Composed: Copy with GPU GDI,2026-8-20 19:19:14.776192100,6.1156,6.1156,0.0000,0.0625,6.2792,1.6164,4.6628,NA,NA,NA,NA,NA,NA,NA
python.exe,29332,0x0,Other,-1,0,0,Composed: Copy with GPU GDI,2026-8-20 19:19:14.782307700,1.4470,1.4470,0.0000,0.2378,1.3177,0.2586,1.0591,11.6137,3.2589,-6.9753,12260.0968,NA,NA,NA
python.exe,29332,0x0,Other,-1,0,0,Composed: Copy with GPU GDI,2026-8-20 19:19:14.783754700,11.8049,11.8049,0.0000,12.2840,0.0430,0.0430,0.0000,NA,NA,NA,NA,NA,NA,NA
python.exe,29332,0x0,Other,0,0,1,Hardware: Legacy Flip,2026-8-20 19:19:14.795559600,0.4072,0.4072,0.0000,0.0000,12.1653,0.6598,11.5055,1.6207,8.7878,9.9930,12273.3487,NA,NA,NA
python.exe,29332,0x0,Other,-1,0,0,Composed: Copy with GPU GDI,2026-8-20 19:19:14.795966800,1.9124,1.9124,0.0000,0.1149,2.0633,1.3438,0.7195,10.0013,12.1584,-8.3806,12273.7559,NA,NA,NA
python.exe,29332,0x0,Other,-1,0,0,Composed: Copy with GPU GDI,2026-8-20 19:19:14.797879200,9.0180,9.0180,0.0000,0.2705,9.1407,0.7244,8.4163,NA,NA,NA,NA,NA,NA,NA
python.exe,29332,0x0,Other,-1,0,0,Composed: Copy with GPU GDI,2026-8-20 19:19:14.806897200,0.9317,0.9317,0.0000,0.3977,0.7575,0.3668,0.3907,11.2293,0.4396,-1.2280,12284.6863,NA,NA,NA
python.exe,29332,0x0,Other,0,0,1,Hardware: Legacy Flip,2026-8-20 19:19:14.807828900,9.4877,9.4877,0.0000,0.2302,9.4015,0.2264,9.1751,10.7372,11.0975,0.4921,12285.6180,NA,NA,NA
python.exe,29332,0x0,Other,-1,0,0,Composed: Copy with GPU GDI,2026-8-20 19:19:14.817316600,0.7428,0.7428,0.0000,0.1440,1.5988,1.5988,0.0000,NA,NA,NA,NA,NA,NA,NA
python.exe,29332,0x0,Other,-1,0,0,Composed: Copy with GPU GDI,2026-8-20 19:19:14.818059400,2.4775,2.4775,0.0000,1.0043,1.7543,0.5262,1.2281,NA,NA,NA,NA,NA,NA,NA
python.exe,29332,0x0,Other,-1,0,0,Composed: Copy with GPU GDI,2026-8-20 19:19:14.820536900,7.0659,7.0659,0.0000,0.2867,7.4792,0.8640,6.6152,NA,NA,NA,NA,NA,NA,NA
python.exe,29332,0x0,Other,0,0,1,Hardware: Legacy Flip,2026-8-20 19:19:14.827602800,0.9627,0.9627,0.0000,0.7081,0.3906,0.1969,0.1937,2.0608,18.8228,8.6764,12305.3919,NA,NA,NA
python.exe,29332,0x0,Other,-1,0,0,Composed: Copy with GPU GDI,2026-8-20 19:19:14.828565500,3.0929,3.0929,0.0000,0.1360,3.2040,1.3531,1.8509,19.9209,70.9378,-17.8601,12306.3546,NA,NA,NA
python.exe,29332,0x0,Other,-1,0,0,Composed: Copy with GPU GDI,2026-8-20 19:19:14.831658400,84.9000,84.9000,0.0000,0.2531,85.1704,0.6504,84.5200,NA,NA,NA,NA,NA,NA,NA
python.exe,29332,0x0,Other,-1,0,0,Composed: Copy with GPU GDI,2026-8-20 19:19:14.916558400,0.8827,0.8827,0.0000,0.5269,0.6580,0.4531,0.2049,NA,NA,NA,NA,NA,NA,NA
python.exe,29332,0x0,Other,0,0,1,Hardware: Legacy Flip,2026-8-20 19:19:14.917441100,0.4479,0.4479,0.0000,0.3082,0.2092,0.1207,0.0885,1.9831,11.4470,17.9378,12395.2302,NA,NA,NA
python.exe,29332,0x0,Other,-1,0,0,Composed: Copy with GPU GDI,2026-8-20 19:19:14.917889000,10.9253,10.9253,0.0000,0.0695,11.1554,1.9536,9.2018,NA,NA,NA,NA,NA,NA,NA
python.exe,29332,0x0,Other,0,0,1,Hardware: Legacy Flip,2026-8-20 19:19:14.928814300,0.6121,0.6121,0.0000,0.3040,0.3393,0.1036,0.2357,2.0569,8.5435,-0.0738,12406.6034,NA,NA,NA
python.exe,29332,0x0,Other,-1,0,0,Composed: Copy with GPU GDI,2026-8-20 19:19:14.929426400,0.1789,0.1789,0.0000,0.0312,0.3120,0.3120,0.0000,9.9883,12.1669,-7.9314,12407.2155,NA,NA,NA
python.exe,29332,0x0,Other,-1,0,0,Composed: Copy with GPU GDI,2026-8-20 19:19:14.929605300,12.8675,12.8675,0.0000,0.1643,13.1732,1.6125,11.5607,21.9763,1.9938,-11.9880,12407.3944,NA,NA,NA
python.exe,29332,0x0,Other,-1,0,0,Composed: Copy with GPU GDI,2026-8-20 19:19:14.942472800,8.2731,8.2731,0.0000,0.4745,8.0667,0.5122,7.5545,NA,NA,NA,NA,NA,NA,NA
python.exe,29332,0x0,Other,-1,0,0,Composed: Copy with GPU GDI,2026-8-20 19:19:14.950745900,1.4359,1.4359,0.0000,0.2729,1.3738,0.3971,0.9767,NA,NA,NA,NA,NA,NA,NA
python.exe,29332,0x0,Other,0,0,1,Hardware: Legacy Flip,2026-8-20 19:19:14.952181800,0.2709,0.2709,0.0000,0.2108,0.1498,0.1498,0.0000,1.3936,10.6072,20.5827,12429.9709,NA,NA,NA
python.exe,29332,0x0,Other,-1,0,0,Composed: Copy with GPU GDI,2026-8-20 19:19:14.952452700,10.4384,10.4384,0.0000,0.0897,10.6638,1.4714,9.1924,NA,NA,NA,NA,NA,NA,NA
python.exe,29332,0x0,Other,0,0,1,Hardware: Legacy Flip,2026-8-20 19:19:14.962891100,0.2920,0.2920,0.0000,0.3151,0.0178,0.0178,0.0000,1.2915,17.7484,0.1021,12440.6802,NA,NA,NA
python.exe,29332,0x0,Other,-1,0,0,Composed: Copy with GPU GDI,2026-8-20 19:19:14.963183100,1.7481,1.7481,0.0000,0.0409,1.8167,1.1838,0.6329,18.7479,2.2745,-17.4564,12440.9722,NA,NA,NA
python.exe,29332,0x0,Other,-1,0,0,Composed: Copy with GPU GDI,2026-8-20 19:19:14.964931200,7.5478,7.5478,0.0000,0.1162,8.1136,0.8869,7.2267,NA,NA,NA,NA,NA,NA,NA
python.exe,29332,0x0,Other,0,0,1,Hardware: Legacy Flip,2026-8-20 19:19:14.972479000,10.6403,10.6403,0.0000,0.6842,10.0641,0.2873,9.7768,11.7265,9.8328,7.0214,12450.2681,NA,NA,NA
python.exe,29332,0x0,Other,-1,0,0,Composed: Copy with GPU GDI,2026-8-20 19:19:14.983119300,1.3231,1.3231,0.0000,0.1080,1.5261,1.5261,0.0000,NA,NA,NA,NA,NA,NA,NA
python.exe,29332,0x0,Other,-1,0,0,Composed: Copy with GPU GDI,2026-8-20 19:19:14.984442400,0.7274,0.7274,0.0000,0.3160,0.6299,0.3315,0.2984,9.5959,3.1869,2.1306,12462.2315,NA,NA,NA
python.exe,29332,0x0,Other,-1,0,0,Composed: Copy with GPU GDI,2026-8-20 19:19:14.985169800,8.9340,8.9340,0.0000,0.2218,9.0585,0.5156,8.5429,NA,NA,NA,NA,NA,NA,NA
python.exe,29332,0x0,Other,0,0,1,Hardware: Legacy Flip,2026-8-20 19:19:14.994103800,1.9909,1.9909,0.0000,0.3508,1.6923,0.1707,1.5216,3.1214,8.9268,6.4745,12471.8929,NA,NA,NA
python.exe,29332,0x0,Other,-1,0,0,Composed: Copy with GPU GDI,2026-8-20 19:19:14.996094700,0.4332,0.4332,0.0000,0.0522,1.6581,1.6581,0.0000,10.0573,10.2840,-6.9359,12473.8838,NA,NA,NA
python.exe,29332,0x0,Other,-1,0,0,Composed: Copy with GPU GDI,2026-8-20 19:19:14.996527900,7.9592,7.9592,0.0000,1.2808,7.3739,0.9597,6.4142,NA,NA,NA,NA,NA,NA,NA
python.exe,29332,0x0,Other,-1,0,0,Composed: Copy with GPU GDI,2026-8-20 19:19:15.004487100,3.1842,3.1842,0.0000,0.6990,3.1676,0.9120,2.2556,NA,NA,NA,NA,NA,NA,NA
python.exe,29332,0x0,Other,0,0,1,Hardware: Legacy Flip,2026-8-20 19:19:15.007671300,7.1773,7.1773,0.0000,0.6877,7.1555,0.8846,6.2709,8.7647,11.4899,1.2926,12485.4604,NA,NA,NA
python.exe,29332,0x0,Other,-1,0,0,Composed: Copy with GPU GDI,2026-8-20 19:19:15.014848600,0.3225,0.3225,0.0000,0.6659,0.7107,0.7107,0.0000,NA,NA,NA,NA,NA,NA,NA
python.exe,29332,0x0,Other,-1,0,0,Composed: Copy with GPU GDI,2026-8-20 19:19:15.015171100,4.6462,4.6462,0.0000,1.0541,4.0543,0.7908,3.2635,NA,NA,NA,NA,NA,NA,NA
python.exe,29332,0x0,Other,0,0,1,Hardware: Legacy Flip,2026-8-20 19:19:15.019817300,6.7129,6.7129,0.0000,0.4664,6.2786,0.0990,6.1796,8.1086,14.8034,0.6561,12497.6064,NA,NA,NA
python.exe,29332,0x0,Other,-1,0,0,Composed: Copy with GPU GDI,2026-8-20 19:19:15.026530200,0.1868,0.1868,0.0000,0.0321,0.2798,0.2798,0.0000,16.1991,5.8984,-8.0905,12504.3193,NA,NA,NA
python.exe,29332,0x0,Other,-1,0,0,Composed: Copy with GPU GDI,2026-8-20 19:19:15.026717000,4.3961,4.3961,0.0000,0.1251,4.7776,1.6803,3.0973,21.9107,1.6850,-5.7116,12504.5061,NA,NA,NA
python.exe,29332,0x0,Other,-1,0,0,Composed: Copy with GPU GDI,2026-8-20 19:19:15.031113100,6.5904,6.5904,0.0000,0.5116,6.5744,0.6534,5.9210,NA,NA,NA,NA,NA,NA,NA
python.exe,29332,0x0,Other,-1,0,0,Composed: Copy with GPU GDI,2026-8-20 19:19:15.037703500,9.6692,9.6692,0.0000,0.5026,9.4482,0.4557,8.9925,NA,NA,NA,NA,NA,NA,NA
python.exe,29332,0x0,Other,0,0,1,Hardware: Legacy Flip,2026-8-20 19:19:15.047372700,1.9039,1.9039,0.0000,0.2855,1.6938,0.1655,1.5283,2.9400,11.7375,18.9707,12525.1618,NA,NA,NA
python.exe,29332,0x0,Other,-1,0,0,Composed: Copy with GPU GDI,2026-8-20 19:19:15.049276600,0.7845,0.7845,0.0000,0.0754,1.7907,1.7907,0.0000,NA,NA,NA,NA,NA,NA,NA
python.exe,29332,0x0,Other,-1,0,0,Composed: Copy with GPU GDI,2026-8-20 19:19:15.050061100,10.1630,10.1630,0.0000,1.0856,9.3201,0.3991,8.9210,NA,NA,NA,NA,NA,NA,NA
python.exe,29332,0x0,Other,0,0,1,Hardware: Legacy Flip,2026-8-20 19:19:15.060224100,0.4631,0.4631,0.0000,0.2466,0.2323,0.0590,0.1733,1.8261,16.8970,1.1139,12538.0132,NA,NA,NA
python.exe,29332,0x0,Other,-1,0,0,Composed: Copy with GPU GDI,2026-8-20 19:19:15.060687200,0.9647,0.9647,0.0000,0.0158,1.8600,1.8600,0.0000,18.2600,4.3966,-16.4339,12538.4763,NA,NA,NA
python.exe,29332,0x0,Other,-1,0,0,Composed: Copy with GPU GDI,2026-8-20 19:19:15.061651900,9.9511,9.9511,0.0000,0.9152,9.6934,0.7865,8.9069,NA,NA,NA,NA,NA,NA,NA
python.exe,29332,0x0,Other,-1,0,0,Composed: Copy with GPU GDI,2026-8-20 19:19:15.071603000,1.7852,1.7852,0.0000,0.6605,1.2981,0.3247,0.9734,NA,NA,NA,NA,NA,NA,NA
python.exe,29332,0x0,Other,0,0,1,Hardware: Legacy Flip,2026-8-20 19:19:15.073388200,8.5841,8.5841,0.0000,0.1780,8.4774,0.1649,8.3125,9.9556,11.0379,8.3044,12551.1773,NA,NA,NA
python.exe,29332,0x0,Other,-1,0,0,Composed: Copy with GPU GDI,2026-8-20 19:19:15.081972300,1.0848,1.0848,0.0000,0.0713,1.4801,1.4801,0.0000,NA,NA,NA,NA,NA,NA,NA
python.exe,29332,0x0,Other,-1,0,0,Composed: Copy with GPU GDI,2026-8-20 19:19:15.083057100,3.3985,3.3985,0.0000,0.4702,3.1990,0.5016,2.6974,NA,NA,NA,NA,NA,NA,NA
python.exe,29332,0x0,Other,0,0,1,Hardware: Legacy Flip,2026-8-20 19:19:15.086455600,6.8361,6.8361,0.0000,0.2757,6.5840,0.1243,6.4597,7.9261,14.9273,2.0295,12564.2447,NA,NA,NA
python.exe,29332,0x0,Other,-1,0,0,Composed: Copy with GPU GDI,2026-8-20 19:19:15.093291700,0.6816,0.6816,0.0000,0.0236,1.2787,1.2787,0.0000,16.0173,1.8931,-8.0912,12571.0808,NA,NA,NA
python.exe,29332,0x0,Other,-1,0,0,Composed: Copy with GPU GDI,2026-8-20 19:19:15.093973300,3.5910,3.5910,0.0000,0.6250,3.2215,0.5039,2.7176,NA,NA,NA,NA,NA,NA,NA
python.exe,29332,0x0,Other,-1,0,0,Composed: Copy with GPU GDI,2026-8-20 19:19:15.097564300,7.2897,7.2897,0.0000,0.2604,7.3205,0.4704,6.8501,NA,NA,NA,NA,NA,NA,NA
python.exe,29332,0x0,Other,0,0,1,Hardware: Legacy Flip,2026-8-20 19:19:15.104854000,5.0358,5.0358,0.0000,0.2945,4.8555,0.2327,4.6228,6.3481,16.3044,9.6692,12582.6431,NA,NA,NA
python.exe,29332,0x0,Other,-1,0,0,Composed: Copy with GPU GDI,2026-8-20 19:19:15.109889800,6.8822,6.8822,0.0000,0.1142,7.3862,1.8316,5.5546,NA,NA,NA,NA,NA,NA,NA
python.exe,29332,0x0,Other,-1,0,0,Composed: Copy with GPU GDI,2026-8-20 19:19:15.116772000,0.5716,0.5716,0.0000,0.6207,0.2396,0.1940,0.0456,10.7345,3.3405,-4.3864,12594.5611,NA,NA,NA
python.exe,29332,0x0,Other,-1,0,0,Composed: Copy with GPU GDI,2026-8-20 19:19:15.117343600,11.1321,11.1321,0.0000,0.2932,11.4141,0.7555,10.6586,NA,NA,NA,NA,NA,NA,NA
python.exe,29332,0x0,Other,0,0,1,Hardware: Legacy Flip,2026-8-20 19:19:15.128475700,0.8756,0.8756,0.0000,0.5801,0.3937,0.1631,0.2306,2.3713,8.7551,8.3632,12606.2648,NA,NA,NA
python.exe,29332,0x0,Other,-1,0,0,Composed: Copy with GPU GDI,2026-8-20 19:19:15.129351300,0.3145,0.3145,0.0000,0.0982,1.4456,1.4456,0.0000,10.2508,4.3838,-7.8795,12607.1404,NA,NA,NA
python.exe,29332,0x0,Other,-1,0,0,Composed: Copy with GPU GDI,2026-8-20 19:19:15.129665800,7.8199,7.8199,0.0000,1.2328,6.7868,0.3385,6.4483,NA,NA,NA,NA,NA,NA,NA
python.exe,29332,0x0,Other,-1,0,0,Composed: Copy with GPU GDI,2026-8-20 19:19:15.137485700,3.2583,3.2583,0.0000,0.2102,3.4773,0.5521,2.9252,NA,NA,NA,NA,NA,NA,NA
python.exe,29332,0x0,Other,0,0,1,Hardware: Legacy Flip,2026-8-20 19:19:15.140744000,1.8751,1.8751,0.0000,0.4332,1.5354,0.1641,1.3713,3.2419,19.4755,7.0089,12618.5331,NA,NA,NA
python.exe,29332,0x0,Other,-1,0,0,Composed: Copy with GPU GDI,2026-8-20 19:19:15.142619100,6.7915,6.7915,0.0000,0.0935,7.3939,1.9694,5.4245,NA,NA,NA,NA,NA,NA,NA
python.exe,29332,0x0,Other,-1,0,0,Composed: Copy with GPU GDI,2026-8-20 19:19:15.149410600,3.1905,3.1905,0.0000,0.7011,3.1872,0.8278,2.3594,NA,NA,NA,NA,NA,NA,NA
python.exe,29332,0x0,Other,-1,0,0,Composed: Copy with GPU GDI,2026-8-20 19:19:15.152601100,8.9921,8.9921,0.0000,0.7008,8.4705,0.3755,8.0950,NA,NA,NA,NA,NA,NA,NA
python.exe,29332,0x0,Other,0,0,1,Hardware: Legacy Flip,2026-8-20 19:19:15.161593200,0.6433,0.6433,0.0000,0.1839,0.5560,0.1513,0.4047,1.8682,18.6063,1.3737,12639.3823,NA,NA,NA
python.exe,29332,0x0,Other,-1,0,0,Composed: Copy with GPU GDI,2026-8-20 19:19:15.162236500,1.8211,1.8211,0.0000,0.0966,2.1440,1.5985,0.5455,19.8312,2.2970,-17.9630,12640.0256,NA,NA,NA
python.exe,29332,0x0,Other,-1,0,0,Composed: Copy with GPU GDI,2026-8-20 19:19:15.164057600,9.1735,9.1735,0.0000,0.4233,9.4173,0.8023,8.6150,NA,NA,NA,NA,NA,NA,NA
python.exe,29332,0x0,Other,0,0,1,Hardware: Legacy Flip,2026-8-20 19:19:15.173231100,9.8259,9.8259,0.0000,0.6715,9.2567,0.2273,9.0294,11.1336,9.8703,8.6976,12651.0202,NA,NA,NA
python.exe,29332,0x0,Other,-1,0,0,Composed: Copy with GPU GDI,2026-8-20 19:19:15.183057000,0.8484,0.8484,0.0000,0.1023,1.3819,1.3819,0.0000,NA,NA,NA,NA,NA,NA,NA
python.exe,29332,0x0,Other,-1,0,0,Composed: Copy with GPU GDI,2026-8-20 19:19:15.183905400,0.9137,0.9137,0.0000,0.6404,0.6241,0.5638,0.0603,10.3296,2.4342,0.8040,12661.6945,NA,NA,NA
python.exe,29332,0x0,Other,-1,0,0,Composed: Copy with GPU GDI,2026-8-20 19:19:15.184819100,8.5947,8.5947,0.0000,0.3563,8.5993,0.5077,8.0916,NA,NA,NA,NA,NA,NA,NA
python.exe,29332,0x0,Other,-1,0,0,Composed: Copy with GPU GDI,2026-8-20 19:19:15.193413800,1.8103,1.8103,0.0000,0.3647,1.8139,0.5207,1.2932,NA,NA,NA,NA,NA,NA,NA
python.exe,29332,0x0,Other,0,0,1,Hardware: Legacy Flip,2026-8-20 19:19:15.195224100,0.3591,0.3591,0.0000,0.3683,0.0270,0.0270,0.0000,1.4451,20.8578,8.8845,12673.0132,NA,NA,NA
python.exe,29332,0x0,Other,-1,0,0,Composed: Copy with GPU GDI,2026-8-20 19:19:15.195583200,9.6079,9.6079,0.0000,0.0362,10.2031,1.8047,8.3984,NA,NA,NA,NA,NA,NA,NA
python.exe,29332,0x0,Other,-1,0,0,Composed: Copy with GPU GDI,2026-8-20 19:19:15.205191100,2.4932,2.4932,0.0000,0.6374,2.5436,0.8813,1.6623,NA,NA,NA,NA,NA,NA,NA
python.exe,29332,0x0,Other,0,0,1,Hardware: Legacy Flip,2026-8-20 19:19:15.207684300,8.5884,8.5884,0.0000,0.6929,8.0228,0.2442,7.7786,9.8427,11.8907,-8.3976,12685.4734,NA,NA,NA
python.exe,29332,0x0,Other,-1,0,0,Composed: Copy with GPU GDI,2026-8-20 19:19:15.216272700,0.3894,0.3894,0.0000,0.1273,1.6505,1.6505,0.0000,NA,NA,NA,NA,NA,NA,NA
python.exe,29332,0x0,Other,-1,0,0,Composed: Copy with GPU GDI,2026-8-20 19:19:15.216662100,3.3959,3.3959,0.0000,1.3937,2.2505,0.4117,1.8388,NA,NA,NA,NA,NA,NA,NA
python.exe,29332,0x0,Other,-1,0,0,Composed: Copy with GPU GDI,2026-8-20 19:19:15.220058000,6.2671,6.2671,0.0000,0.2521,6.3884,0.6116,5.7768,NA,NA,NA,NA,NA,NA,NA
python.exe,29332,0x0,Other,0,0,1,Hardware: Legacy Flip,2026-8-20 19:19:15.226325100,1.6591,1.6591,0.0000,0.3836,1.3343,0.1524,1.1819,3.0926,19.4357,6.7501,12704.1142,NA,NA,NA
python.exe,29332,0x0,Other,-1,0,0,Composed: Copy with GPU GDI,2026-8-20 19:19:15.227984200,2.9262,2.9262,0.0000,0.0588,3.2000,1.7443,1.4557,20.8692,2.2326,-17.7766,12705.7733,NA,NA,NA
python.exe,29332,0x0,Other,-1,0,0,Composed: Copy with GPU GDI,2026-8-20 19:19:15.230910400,8.2207,8.2207,0.0000,0.3362,8.3266,0.8006,7.5260,NA,NA,NA,NA,NA,NA,NA
python.exe,29332,0x0,Other,-1,0,0,Composed: Copy with GPU GDI,2026-8-20 19:19:15.239131100,9.3432,9.3432,0.0000,0.4571,9.6368,0.9366,8.7002,NA,NA,NA,NA,NA,NA,NA
python.exe,29332,0x0,Other,0,0,1,Hardware: Legacy Flip,2026-8-20 19:19:15.248474300,0.9374,0.9374,0.0000,0.7507,0.3404,0.3404,0.0000,2.6117,12.8786,18.2575,12726.2634,NA,NA,NA
python.exe,29332,0x0,Other,-1,0,0,Composed: Copy with GPU GDI,2026-8-20 19:19:15.249411700,1.0920,1.0920,0.0000,0.1537,1.2397,1.2397,0.0000,NA,NA,NA,NA,NA,NA,NA
python.exe,29332,0x0,Other,-1,0,0,Composed: Copy with GPU GDI,2026-8-20 19:19:15.250503700,10.3311,10.3311,0.0000,0.3014,11.6028,0.9589,10.6439,NA,NA,NA,NA,NA,NA,NA
python.exe,29332,0x0,Other,0,0,1,Hardware: Legacy Flip,2026-8-20 19:19:15.260834800,2.2141,2.2141,0.0000,1.5786,0.6991,0.3147,0.3844,3.1298,9.1147,-0.5181,12738.6239,NA,NA,NA
python.exe,29332,0x0,Other,-1,0,0,Composed: Copy with GPU GDI,2026-8-20 19:19:15.263048900,0.6525,0.6525,0.0000,0.0636,1.4415,1.4415,0.0000,10.0304,10.8466,-6.9006,12740.8380,NA,NA,NA
python.exe,29332,0x0,Other,-1,0,0,Composed: Copy with GPU GDI,2026-8-20 19:19:15.263701400,7.6845,7.6845,0.0000,0.8545,7.0640,0.3867,6.6773,NA,NA,NA,NA,NA,NA,NA
python.exe,29332,0x0,Other,-1,0,0,Composed: Copy with GPU GDI,2026-8-20 19:19:15.271385900,2.3227,2.3227,0.0000,0.2368,2.5500,0.6316,1.9184,NA,NA,NA,NA,NA,NA,NA
python.exe,29332,0x0,Other,-1,0,0,Composed: Copy with GPU GDI,2026-8-20 19:19:15.273708600,8.7724,8.7724,0.0000,0.5001,8.6396,0.5417,8.0979,NA,NA,NA,NA,NA,NA,NA
python.exe,29332,0x0,Other,0,0,1,Hardware: Legacy Flip,2026-8-20 19:19:15.282481000,0.3250,0.3250,0.0000,0.3673,0.0655,0.0655,0.0000,1.4449,10.7324,8.5855,12760.2701,NA,NA,NA
python.exe,29332,0x0,Other,-1,0,0,Composed: Copy with GPU GDI,2026-8-20 19:19:15.282806000,2.3002,2.3002,0.0000,0.1078,2.8902,1.7465,1.1437,NA,NA,NA,NA,NA,NA,NA
python.exe,29332,0x0,Other,0,0,1,Hardware: Legacy Flip,2026-8-20 19:19:15.285106200,8.1575,8.1575,0.0000,0.7033,7.4834,0.0995,7.3839,9.5521,14.8762,-8.1072,12762.8953,NA,NA,NA
python.exe,29332,0x0,Other,-1,0,0,Composed: Copy with GPU GDI,2026-8-20 19:19:15.293263700,0.6411,0.6411,0.0000,0.0292,1.8520,1.8520,0.0000,16.2708,6.0437,-6.7187,12771.0528,NA,NA,NA
python.exe,29332,0x0,Other,-1,0,0,Composed: Copy with GPU GDI,2026-8-20 19:19:15.293904800,10.4674,10.4674,0.0000,1.2463,9.6113,0.6971,8.9142,NA,NA,NA,NA,NA,NA,NA
python.exe,29332,0x0,Other,-1,0,0,Composed: Copy with GPU GDI,2026-8-20 19:19:15.304372200,1.2620,1.2620,0.0000,0.3956,1.2512,0.5881,0.6631,11.2060,5.4803,5.0648,12782.1613,NA,NA,NA
python.exe,29332,0x0,Other,-1,0,0,Composed: Copy with GPU GDI,2026-8-20 19:19:15.305634200,12.4234,12.4234,0.0000,0.3882,12.2362,0.5256,11.7106,NA,NA,NA,NA,NA,NA,NA
python.exe,29332,0x0,Other,-1,0,0,Composed: Copy with GPU GDI,2026-8-20 19:19:15.318057600,1.3933,1.3933,0.0000,1.7646,0.1506,0.1506,0.0000,NA,NA,NA,NA,NA,NA,NA
python.exe,29332,0x0,Other,0,0,1,Hardware: Legacy Flip,2026-8-20 19:19:15.319450900,0.2692,0.2692,0.0000,0.0000,1.5600,0.5443,1.0157,1.6076,8.2931,9.5984,12797.2400,NA,NA,NA
python.exe,29332,0x0,Other,-1,0,0,Composed: Copy with GPU GDI,2026-8-20 19:19:15.319720100,6.9217,6.9217,0.0000,0.2527,7.0963,1.5656,5.5307,NA,NA,NA,NA,NA,NA,NA
python.exe,29332,0x0,Other,-1,0,0,Composed: Copy with GPU GDI,2026-8-20 19:19:15.326641800,0.9226,0.9226,0.0000,0.4308,0.9566,0.5784,0.3782,NA,NA,NA,NA,NA,NA,NA
python.exe,29332,0x0,Other,0,0,1,Hardware: Legacy Flip,2026-8-20 19:19:15.327564400,0.4434,0.4434,0.0000,0.4648,0.1307,0.1307,0.0000,1.7872,16.5117,-0.1796,12805.3535,0.0076,NA,NA
python.exe,29332,0x0,Other,-1,0,0,Composed: Copy with GPU GDI,2026-8-20 19:19:15.328007800,11.4664,11.4664,0.0000,0.1521,11.4430,1.5490,9.8940,17.8555,6.4299,-16.0683,12805.7969,NA,NA,NA
python.exe,29332,0x0,Other,0,0,1,Hardware: Legacy Flip,2026-8-20 19:19:15.339474200,11.2426,11.2426,0.0000,0.1315,11.2016,0.1600,11.0416,12.8190,11.7807,5.0365,12817.2633,NA,NA,NA
python.exe,29332,0x0,Other,-1,0,0,Composed: Copy with GPU GDI,2026-8-20 19:19:15.350716800,0.5040,0.5040,0.0000,0.0905,1.3365,1.3365,0.0000,NA,NA,NA,NA,NA,NA,NA
python.exe,29332,0x0,Other,-1,0,0,Composed: Copy with GPU GDI,2026-8-20 19:19:15.351220800,0.9817,0.9817,0.0000,0.9230,0.3363,0.3363,0.0000,12.8531,0.8220,-0.0341,12829.0099,NA,NA,NA
python.exe,29332,0x0,Other,0,0,1,Hardware: Legacy Flip,2026-8-20 19:19:15.352202500,11.6164,11.6164,0.0000,0.2857,11.3597,0.1019,11.2578,12.6934,11.3169,0.1597,12829.9916,NA,NA,NA
python.exe,29332,0x0,Other,-1,0,0,Composed: Copy with GPU GDI,2026-8-20 19:19:15.363818900,0.8298,0.8298,0.0000,0.0290,1.2137,1.2137,0.0000,12.3939,0.9724,0.2995,12841.6080,NA,NA,NA
python.exe,29332,0x0,Other,-1,0,0,Composed: Copy with GPU GDI,2026-8-20 19:19:15.364648700,6.3941,6.3941,0.0000,0.4159,6.4765,0.6597,5.8168,NA,NA,NA,NA,NA,NA,NA
python.exe,29332,0x0,Other,0,0,1,Hardware: Legacy Flip,2026-8-20 19:19:15.371042800,4.7864,4.7864,0.0000,0.5013,4.3124,0.1590,4.1534,6.1424,17.2278,6.2515,12848.8319,NA,NA,NA
python.exe,29332,0x0,Other,-1,0,0,Composed: Copy with GPU GDI,2026-8-20 19:19:15.375829200,6.3518,6.3518,0.0000,0.0273,6.9599,1.7455,5.2144,NA,NA,NA,NA,NA,NA,NA
python.exe,29332,0x0,Other,-1,0,0,Composed: Copy with GPU GDI,2026-8-20 19:19:15.382181000,1.9346,1.9346,0.0000,0.6335,1.4643,0.2867,1.1776,12.2320,1.7216,-6.0896,12859.9701,NA,NA,NA
python.exe,29332,0x0,Other,-1,0,0,Composed: Copy with GPU GDI,2026-8-20 19:19:15.384115600,10.2087,10.2087,0.0000,0.1669,10.4335,0.5733,9.8602,NA,NA,NA,NA,NA,NA,NA
python.exe,29332,0x0,Other,0,0,1,Hardware: Legacy Flip,2026-8-20 19:19:15.394324300,0.4005,0.4005,0.0000,0.3917,0.2083,0.2083,0.0000,1.8103,10.3889,10.4217,12872.1134,NA,NA,NA
python.exe,29332,0x0,Other,-1,0,0,Composed: Copy with GPU GDI,2026-8-20 19:19:15.394724800,1.2567,1.2567,0.0000,0.1995,1.4649,1.4649,0.0000,11.7987,7.1772,-9.9884,12872.5139,NA,NA,NA
python.exe,29332,0x0,Other,-1,0,0,Composed: Copy with GPU GDI,2026-8-20 19:19:15.395981500,7.5573,7.5573,0.0000,0.4123,7.4256,0.4479,6.9777,NA,NA,NA,NA,NA,NA,NA
python.exe,29332,0x0,Other,-1,0,0,Composed: Copy with GPU GDI,2026-8-20 19:19:15.403538800,5.6027,5.6027,0.0000,0.2844,5.5185,0.4177,5.1008,NA,NA,NA,NA,NA,NA,NA
python.exe,29332,0x0,Other,0,0,1,Hardware: Legacy Flip,2026-8-20 19:19:15.409141500,3.4132,3.4132,0.0000,0.2056,3.4150,0.3371,3.0779,4.5592,15.0692,7.2395,12886.9306,NA,NA,NA
python.exe,29332,0x0,Other,-1,0,0,Composed: Copy with GPU GDI,2026-8-20 19:19:15.412554700,4.8901,4.8901,0.0000,0.2074,5.1421,1.6154,3.5267,NA,NA,NA,NA,NA,NA,NA
python.exe,29332,0x0,Other,-1,0,0,Composed: Copy with GPU GDI,2026-8-20 19:19:15.417444800,1.6813,1.6813,0.0000,0.4668,1.4649,0.4115,1.0534,NA,NA,NA,NA,NA,NA,NA
python.exe,29332,0x0,Other,0,0,1,Hardware: Legacy Flip,2026-8-20 19:19:15.419126100,8.6534,8.6534,0.0000,0.2545,8.5552,0.3529,8.2023,9.6438,14.2559,-5.0846,12896.9152,NA,NA,NA
python.exe,29332,0x0,Other,-1,0,0,Composed: Copy with GPU GDI,2026-8-20 19:19:15.427779500,0.5112,0.5112,0.0000,0.1563,1.3503,1.3503,0.0000,15.2463,2.2301,-5.6025,12905.5686,NA,NA,NA
python.exe,29332,0x0,Other,-1,0,0,Composed: Copy with GPU GDI,2026-8-20 19:19:15.428290700,2.5651,2.5651,0.0000,0.9998,1.9751,0.5429,1.4322,NA,NA,NA,NA,NA,NA,NA
python.exe,29332,0x0,Other,-1,0,0,Composed: Copy with GPU GDI,2026-8-20 19:19:15.430855800,7.0553,7.0553,0.0000,0.4128,6.7428,0.2953,6.4475,NA,NA,NA,NA,NA,NA,NA
python.exe,29332,0x0,Other,0,0,1,Hardware: Legacy Flip,2026-8-20 19:19:15.437911100,5.8111,5.8111,0.0000,0.1063,5.8177,0.2186,5.5991,7.3448,15.9531,7.9015,12915.7002,NA,NA,NA
python.exe,29332,0x0,Other,-1,0,0,Composed: Copy with GPU GDI,2026-8-20 19:19:15.443722200,6.8622,6.8622,0.0000,0.1129,7.0682,1.9181,5.1501,NA,NA,NA,NA,NA,NA,NA
python.exe,29332,0x0,Other,-1,0,0,Composed: Copy with GPU GDI,2026-8-20 19:19:15.450584400,1.2804,1.2804,0.0000,0.3257,1.1485,0.3452,0.8033,10.6246,0.6038,-3.2798,12928.3735,NA,NA,NA
python.exe,29332,0x0,Other,-1,0,0,Composed: Copy with GPU GDI,2026-8-20 19:19:15.451864800,7.0670,7.0670,0.0000,0.1965,7.2769,0.5932,6.6837,NA,NA,NA,NA,NA,NA,NA
python.exe,29332,0x0,Other,0,0,1,Hardware: Legacy Flip,2026-8-20 19:19:15.458931800,1.4854,1.4854,0.0000,0.4102,1.1621,0.1446,1.0175,2.8810,17.5494,7.7436,12936.7209,NA,NA,NA
python.exe,29332,0x0,Other,-1,0,0,Composed: Copy with GPU GDI,2026-8-20 19:19:15.460417200,2.7092,2.7092,0.0000,0.0869,2.9824,1.7732,1.2092,18.9450,5.7557,-16.0640,12938.2063,NA,NA,NA
python.exe,29332,0x0,Other,-1,0,0,Composed: Copy with GPU GDI,2026-8-20 19:19:15.463126400,7.8825,7.8825,0.0000,0.3650,7.6538,0.3337,7.3201,NA,NA,NA,NA,NA,NA,NA
python.exe,29332,0x0,Other,-1,0,0,Composed: Copy with GPU GDI,2026-8-20 19:19:15.471008900,2.5820,2.5820,0.0000,0.1395,2.7930,0.6140,2.1790,NA,NA,NA,NA,NA,NA,NA
python.exe,29332,0x0,Other,-1,0,0,Composed: Copy with GPU GDI,2026-8-20 19:19:15.473590900,9.6176,9.6176,0.0000,0.3594,9.5224,0.4940,9.0284,NA,NA,NA,NA,NA,NA,NA
python.exe,29332,0x0,Other,0,0,1,Hardware: Legacy Flip,2026-8-20 19:19:15.483208500,0.7262,0.7262,0.0000,0.2687,0.5238,0.1237,0.4001,1.9094,10.5735,17.0356,12960.9976,NA,NA,NA
python.exe,29332,0x0,Other,-1,0,0,Composed: Copy with GPU GDI,2026-8-20 19:19:15.483934700,3.3238,3.3238,0.0000,0.0663,3.5722,1.6105,1.9617,NA,NA,NA,NA,NA,NA,NA
python.exe,29332,0x0,Other,0,0,1,Hardware: Legacy Flip,2026-8-20 19:19:15.487258500,7.1026,7.1026,0.0000,0.3203,6.8082,0.1170,6.6912,8.4329,13.9777,-6.5235,12965.0476,NA,NA,NA
python.exe,29332,0x0,Other,-1,0,0,Composed: Copy with GPU GDI,2026-8-20 19:19:15.494361100,0.5413,0.5413,0.0000,0.0259,1.9457,1.9457,0.0000,15.3080,6.0813,-6.8751,12972.1502,NA,NA,NA
python.exe,29332,0x0,Other,-1,0,0,Composed: Copy with GPU GDI,2026-8-20 19:19:15.494902400,3.0380,3.0380,0.0000,1.4360,2.0224,0.5719,1.4505,20.8480,4.5524,-5.5400,12972.6915,NA,NA,NA
python.exe,29332,0x0,Other,-1,0,0,Composed: Copy with GPU GDI,2026-8-20 19:19:15.497940400,8.5430,8.5430,0.0000,0.4610,8.4043,0.5011,7.9032,NA,NA,NA,NA,NA,NA,NA
python.exe,29332,0x0,Other,-1,0,0,Composed: Copy with GPU GDI,2026-8-20 19:19:15.506483400,10.3210,10.3210,0.0000,0.3275,10.2067,0.4844,9.7223,NA,NA,NA,NA,NA,NA,NA
python.exe,29332,0x0,Other,-1,0,0,Composed: Copy with GPU GDI,2026-8-20 19:19:15.516804400,1.5085,1.5085,0.0000,2.0848,0.2356,0.2356,0.0000,NA,NA,NA,NA,NA,NA,NA
python.exe,29332,0x0,Other,0,0,1,Hardware: Legacy Flip,2026-8-20 19:19:15.518312900,0.4833,0.4833,0.0000,0.0000,1.8668,0.7084,1.1584,1.9899,10.1793,18.8581,12996.1020,NA,NA,NA
python.exe,29332,0x0,Other,-1,0,0,Composed: Copy with GPU GDI,2026-8-20 19:19:15.518796200,9.6387,9.6387,0.0000,0.3286,10.1009,1.9736,8.1273,NA,NA,NA,NA,NA,NA,NA
python.exe,29332,0x0,Other,0,0,1,Hardware: Legacy Flip,2026-8-20 19:19:15.528434900,0.8894,0.8894,0.0000,0.7976,0.1272,0.1248,0.0024,2.0472,9.5602,-0.0573,13006.2240,NA,NA,NA
python.exe,29332,0x0,Other,-1,0,0,Composed: Copy with GPU GDI,2026-8-20 19:19:15.529324300,0.5863,0.5863,0.0000,0.0354,1.2865,1.2865,0.0000,10.7180,12.1305,-8.6708,13007.1134,NA,NA,NA
python.exe,29332,0x0,Other,-1,0,0,Composed: Copy with GPU GDI,2026-8-20 19:19:15.529910600,9.3217,9.3217,0.0000,0.7559,9.1655,0.8561,8.3094,22.2622,2.3691,-11.5442,13007.6997,NA,NA,NA
python.exe,29332,0x0,Other,-1,0,0,Composed: Copy with GPU GDI,2026-8-20 19:19:15.539232300,1.0815,1.0815,0.0000,0.6048,0.6415,0.3261,0.3154,NA,NA,NA,NA,NA,NA,NA
python.exe,29332,0x0,Other,0,0,1,Hardware: Legacy Flip,2026-8-20 19:19:15.540313800,12.8406,12.8406,0.0000,0.1696,12.7854,0.2186,12.5668,14.2281,9.3225,8.0341,13018.1029,NA,NA,NA
python.exe,29332,0x0,Other,-1,0,0,Composed: Copy with GPU GDI,2026-8-20 19:19:15.553154400,0.6788,0.6788,0.0000,0.1144,1.5095,1.5095,0.0000,NA,NA,NA,NA,NA,NA,NA
python.exe,29332,0x0,Other,0,0,1,Hardware: Legacy Flip,2026-8-20 19:19:15.553833200,8.9156,8.9156,0.0000,0.9546,8.0400,0.1512,7.8888,10.0312,12.6209,4.1969,13031.6223,NA,NA,NA
python.exe,29332,0x0,Other,-1,0,0,Composed: Copy with GPU GDI,2026-8-20 19:19:15.562748800,0.3402,0.3402,0.0000,0.0790,1.2314,1.2314,0.0000,13.7365,6.0461,-3.7053,13040.5379,NA,NA,NA
python.exe,29332,0x0,Other,-1,0,0,Composed: Copy with GPU GDI,2026-8-20 19:19:15.563089000,2.2894,2.2894,0.0000,0.9739,2.0452,1.0326,1.0126,19.4424,2.7891,-5.7059,13040.8781,NA,NA,NA
python.exe,29332,0x0,Other,-1,0,0,Composed: Copy with GPU GDI,2026-8-20 19:19:15.565378400,6.2941,6.2941,0.0000,0.7358,5.8000,0.4055,5.3945,NA,NA,NA,NA,NA,NA,NA
python.exe,29332,0x0,Other,-1,0,0,Composed: Copy with GPU GDI,2026-8-20 19:19:15.571672500,10.6481,10.6481,0.0000,0.2466,10.8017,0.5209,10.2808,NA,NA,NA,NA,NA,NA,NA
python.exe,29332,0x0,Other,0,0,1,Hardware: Legacy Flip,2026-8-20 19:19:15.582320600,1.5721,1.5721,0.0000,0.4181,1.3513,0.2810,1.0703,2.9999,9.2980,16.4425,13060.1097,NA,NA,NA
python.exe,29332,0x0,Other,-1,0,0,Composed: Copy with GPU GDI,2026-8-20 19:19:15.583892700,0.8837,0.8837,0.0000,0.1973,1.7697,1.7697,0.0000,10.7258,0.2178,-7.7259,13061.6818,NA,NA,NA
python.exe,29332,0x0,Other,-1,0,0,Composed: Copy with GPU GDI,2026-8-20 19:19:15.584776400,8.0018,8.0018,0.0000,8.7086,0.0820,0.0820,0.0000,NA,NA,NA,NA,NA,NA,NA
python.exe,29332,0x0,Other,0,0,1,Hardware: Legacy Flip,2026-8-20 19:19:15.592778200,0.6852,0.6852,0.0000,0.0000,7.6207,0.9449,6.6758,2.0581,18.0126,8.6677,13070.5673,NA,NA,NA
python.exe,29332,0x0,Other,-1,0,0,Composed: Copy with GPU GDI,2026-8-20 19:19:15.593463400,4.5240,4.5240,0.0000,0.1036,4.7140,1.8140,2.9000,19.3855,5.4252,-17.3274,13071.2525,NA,NA,NA
python.exe,29332,0x0,Other,-1,0,0,Composed: Copy with GPU GDI,2026-8-20 19:19:15.597987400,7.4459,7.4459,0.0000,0.2967,7.5090,0.6231,6.8859,NA,NA,NA,NA,NA,NA,NA
python.exe,29332,0x0,Other,-1,0,0,Composed: Copy with GPU GDI,2026-8-20 19:19:15.605433300,0.7119,0.7119,0.0000,0.3624,0.6569,0.4422,0.2147,NA,NA,NA,NA,NA,NA,NA
python.exe,29332,0x0,Other,-1,0,0,Composed: Copy with GPU GDI,2026-8-20 19:19:15.606145200,10.3267,10.3267,0.0000,0.3116,10.6728,0.8280,9.8448,NA,NA,NA,NA,NA,NA,NA
python.exe,29332,0x0,Other,0,0,1,Hardware: Legacy Flip,2026-8-20 19:19:15.616471900,0.6696,0.6696,0.0000,0.6577,0.1014,0.1014,0.0000,1.8022,10.5893,17.5833,13094.2610,NA,NA,NA
python.exe,29332,0x0,Other,-1,0,0,Composed: Copy with GPU GDI,2026-8-20 19:19:15.617141500,2.4422,2.4422,0.0000,0.0895,2.5420,1.2399,1.3021,NA,NA,NA,NA,NA,NA,NA
python.exe,29332,0x0,Other,0,0,1,Hardware: Legacy Flip,2026-8-20 19:19:15.619583700,8.1345,8.1345,0.0000,0.1911,7.9708,0.1077,7.8631,9.2797,14.2788,-7.4775,13097.3728,NA,NA,NA
python.exe,29332,0x0,Other,-1,0,0,Composed: Copy with GPU GDI,2026-8-20 19:19:15.627718200,0.3004,0.3004,0.0000,0.0274,1.1615,1.1615,0.0000,15.4240,6.1551,-6.1443,13105.5073,NA,NA,NA
python.exe,29332,0x0,Other,-1,0,0,Composed: Copy with GPU GDI,2026-8-20 19:19:15.628018600,3.4625,3.4625,0.0000,0.8916,2.7177,0.3166,2.4011,21.2787,4.5144,-5.8547,13105.8077,NA,NA,NA
python.exe,29332,0x0,Other,-1,0,0,Composed: Copy with GPU GDI,2026-8-20 19:19:15.631481100,9.3809,9.3809,0.0000,0.1504,9.5306,0.4786,9.0520,NA,NA,NA,NA,NA,NA,NA
python.exe,29332,0x0,Other,-1,0,0,Composed: Copy with GPU GDI,2026-8-20 19:19:15.640862000,10.4507,10.4507,0.0000,0.3035,10.7963,0.8172,9.9791,NA,NA,NA,NA,NA,NA,NA
python.exe,29332,0x0,Other,-1,0,0,Composed: Copy with GPU GDI,2026-8-20 19:19:15.651312700,1.0444,1.0444,0.0000,1.3043,0.0273,0.0273,0.0000,NA,NA,NA,NA,NA,NA,NA
python.exe,29332,0x0,Other,0,0,1,Hardware: Legacy Flip,2026-8-20 19:19:15.652357100,0.1889,0.1889,0.0000,0.0000,0.6521,0.4004,0.2517,1.4546,8.7299,19.8241,13130.1462,NA,NA,NA
python.exe,29332,0x0,Other,-1,0,0,Composed: Copy with GPU GDI,2026-8-20 19:19:15.652546000,7.4196,7.4196,0.0000,0.0983,7.4487,1.2843,6.1644,NA,NA,NA,NA,NA,NA,NA
python.exe,29332,0x0,Other,0,0,1,Hardware: Legacy Flip,2026-8-20 19:19:15.659965600,1.3028,1.3028,0.0000,0.1303,1.1947,0.0719,1.1228,2.5760,17.2641,-1.1214,13137.7547,NA,NA,NA
python.exe,29332,0x0,Other,-1,0,0,Composed: Copy with GPU GDI,2026-8-20 19:19:15.661268400,0.3074,0.3074,0.0000,0.0222,1.3150,1.3150,0.0000,18.5373,5.8376,-15.9613,13139.0575,NA,NA,NA
python.exe,29332,0x0,Other,-1,0,0,Composed: Copy with GPU GDI,2026-8-20 19:19:15.661575800,10.1340,10.1340,0.0000,1.0331,9.4921,0.5747,8.9174,24.0675,0.5964,-5.5302,13139.3649,NA,NA,NA
python.exe,29332,0x0,Other,-1,0,0,Composed: Copy with GPU GDI,2026-8-20 19:19:15.671709800,2.1210,2.1210,0.0000,0.3966,1.9285,0.5688,1.3597,NA,NA,NA,NA,NA,NA,NA
python.exe,29332,0x0,Other,-1,0,0,Composed: Copy with GPU GDI,2026-8-20 19:19:15.673830800,10.4795,10.4795,0.0000,0.2086,10.8418,0.6484,10.1934,NA,NA,NA,NA,NA,NA,NA
python.exe,29332,0x0,Other,0,0,1,Hardware: Legacy Flip,2026-8-20 19:19:15.684310300,0.7936,0.7936,0.0000,0.5752,0.3625,0.2626,0.0999,1.9294,10.2602,22.1381,13162.0994,NA,NA,NA
python.exe,29332,0x0,Other,-1,0,0,Composed: Copy with GPU GDI,2026-8-20 19:19:15.685103900,1.2861,1.2861,0.0000,0.1441,1.4316,1.4316,0.0000,NA,NA,NA,NA,NA,NA,NA
python.exe,29332,0x0,Other,-1,0,0,Composed: Copy with GPU GDI,2026-8-20 19:19:15.686390000,8.2661,8.2661,0.0000,0.2933,8.1306,0.5216,7.6090,NA,NA,NA,NA,NA,NA,NA
python.exe,29332,0x0,Other,0,0,1,Hardware: Legacy Flip,2026-8-20 19:19:15.694656100,0.5569,0.5569,0.0000,0.1613,0.4157,0.0751,0.3406,1.8438,13.4950,0.0856,13172.4452,NA,NA,NA
python.exe,29332,0x0,Other,-1,0,0,Composed: Copy with GPU GDI,2026-8-20 19:19:15.695213000,2.3356,2.3356,0.0000,0.0201,2.6787,1.5455,1.1332,14.7819,10.7224,-12.9381,13173.0021,NA,NA,NA
python.exe,29332,0x0,Other,-1,0,0,Composed: Copy with GPU GDI,2026-8-20 19:19:15.697548600,7.5214,7.5214,0.0000,0.3660,7.4904,0.4994,6.9910,NA,NA,NA,NA,NA,NA,NA
python.exe,29332,0x0,Other,-1,0,0,Composed: Copy with GPU GDI,2026-8-20 19:19:15.705070000,11.7420,11.7420,0.0000,0.3396,12.1230,1.2143,10.9087,NA,NA,NA,NA,NA,NA,NA
python.exe,29332,0x0,Other,-1,0,0,Composed: Copy with GPU GDI,2026-8-20 19:19:15.716812000,2.1244,2.1244,0.0000,2.4465,0.4208,0.4208,0.0000,NA,NA,NA,NA,NA,NA,NA
python.exe,29332,0x0,Other,0,0,1,Hardware: Legacy Flip,2026-8-20 19:19:15.718936400,0.2504,0.2504,0.0000,0.0000,1.7204,0.5781,1.1423,1.7809,7.9579,13.0010,13196.7255,NA,NA,NA
python.exe,29332,0x0,Other,-1,0,0,Composed: Copy with GPU GDI,2026-8-20 19:19:15.719186800,7.2336,7.2336,0.0000,0.4925,6.8963,1.3395,5.5568,NA,NA,NA,NA,NA,NA,NA
python.exe,29332,0x0,Other,0,0,1,Hardware: Legacy Flip,2026-8-20 19:19:15.726420400,0.8885,0.8885,0.0000,0.1586,0.7598,0.0888,0.6710,2.2548,17.5915,-0.4739,13204.2095,NA,NA,NA
python.exe,29332,0x0,Other,-1,0,0,Composed: Copy with GPU GDI,2026-8-20 19:19:15.727308900,0.6430,0.6430,0.0000,0.0299,1.8404,1.8404,0.0000,18.9578,4.8763,-16.7030,13205.0980,NA,NA,NA
python.exe,29332,0x0,Other,-1,0,0,Composed: Copy with GPU GDI,2026-8-20 19:19:15.727951900,9.4114,9.4114,0.0000,1.2324,8.6132,0.5559,8.0573,NA,NA,NA,NA,NA,NA,NA
python.exe,29332,0x0,Other,-1,0,0,Composed: Copy with GPU GDI,2026-8-20 19:19:15.737363300,3.5913,3.5913,0.0000,0.4379,3.3945,0.4438,2.9507,NA,NA,NA,NA,NA,NA,NA
python.exe,29332,0x0,Other,0,0,1,Hardware: Legacy Flip,2026-8-20 19:19:15.740954600,8.8519,8.8519,0.0000,0.2458,8.6944,0.1894,8.5050,10.1884,10.9701,8.7694,13218.7437,NA,NA,NA
python.exe,29332,0x0,Other,-1,0,0,Composed: Copy with GPU GDI,2026-8-20 19:19:15.749806500,0.5806,0.5806,0.0000,0.0883,1.7518,1.7518,0.0000,NA,NA,NA,NA,NA,NA,NA
python.exe,29332,0x0,Other,-1,0,0,Composed: Copy with GPU GDI,2026-8-20 19:19:15.750387100,1.5023,1.5023,0.0000,1.2659,0.5340,0.4940,0.0400,NA,NA,NA,NA,NA,NA,NA
python.exe,29332,0x0,Other,0,0,1,Hardware: Legacy Flip,2026-8-20 19:19:15.751889400,8.8366,8.8366,0.0000,0.3044,8.5592,0.1071,8.4521,10.2237,8.4165,-0.0353,13229.6785,NA,NA,NA
python.exe,29332,0x0,Other,-1,0,0,Composed: Copy with GPU GDI,2026-8-20 19:19:15.760726000,0.6448,0.6448,0.0000,0.0270,1.4371,1.4371,0.0000,NA,NA,NA,NA,NA,NA,NA
python.exe,29332,0x0,Other,-1,0,0,Composed: Copy with GPU GDI,2026-8-20 19:19:15.761370800,2.5286,2.5286,0.0000,0.8230,2.4103,0.9137,1.4966,9.1588,13.0123,1.0649,13239.1599,NA,NA,NA
python.exe,29332,0x0,Other,-1,0,0,Composed: Copy with GPU GDI,2026-8-20 19:19:15.763899400,7.8048,7.8048,0.0000,0.7099,7.7369,0.7727,6.9642,NA,NA,NA,NA,NA,NA,NA
python.exe,29332,0x0,Other,-1,0,0,Composed: Copy with GPU GDI,2026-8-20 19:19:15.771704200,10.4681,10.4681,0.0000,0.6450,10.1227,0.4502,9.6725,NA,NA,NA,NA,NA,NA,NA
python.exe,29332,0x0,Other,0,0,1,Hardware: Legacy Flip,2026-8-20 19:19:15.782172300,0.2785,0.2785,0.0000,0.2996,0.0713,0.0713,0.0000,1.3696,11.0982,7.7892,13259.9614,NA,NA,NA
python.exe,29332,0x0,Other,-1,0,0,Composed: Copy with GPU GDI,2026-8-20 19:19:15.782450800,0.4697,0.4697,0.0000,0.0924,1.5923,1.5923,0.0000,NA,NA,NA,NA,NA,NA,NA
python.exe,29332,0x0,Other,-1,0,0,Composed: Copy with GPU GDI,2026-8-20 19:19:15.782920500,10.1189,10.1189,0.0000,10.5850,0.0133,0.0133,0.0000,NA,NA,NA,NA,NA,NA,NA
python.exe,29332,0x0,Other,0,0,1,Hardware: Legacy Flip,2026-8-20 19:19:15.793039400,0.4468,0.4468,0.0000,0.0000,9.3645,0.6223,8.7422,1.6007,18.3544,-0.2311,13270.8285,NA,NA,NA
python.exe,29332,0x0,Other,-1,0,0,Composed: Copy with GPU GDI,2026-8-20 19:19:15.793486200,1.8898,1.8898,0.0000,0.0326,2.0722,1.3845,0.6877,19.5083,3.7067,-17.9076,13271.2753,NA,NA,NA
python.exe,29332,0x0,Other,-1,0,0,Composed: Copy with GPU GDI,2026-8-20 19:19:15.795376000,10.5272,10.5272,0.0000,0.2192,11.0206,0.8776,10.1430,NA,NA,NA,NA,NA,NA,NA
python.exe,29332,0x0,Other,-1,0,0,Composed: Copy with GPU GDI,2026-8-20 19:19:15.805903200,2.1988,2.1988,0.0000,0.7172,1.7164,0.3970,1.3194,NA,NA,NA,NA,NA,NA,NA
python.exe,29332,0x0,Other,0,0,1,Hardware: Legacy Flip,2026-8-20 19:19:15.808102000,7.2050,7.2050,0.0000,0.2378,7.0386,0.1271,6.9115,8.5992,10.9283,10.9091,13285.8911,NA,NA,NA
python.exe,29332,0x0,Other,-1,0,0,Composed: Copy with GPU GDI,2026-8-20 19:19:15.815307000,0.8114,0.8114,0.0000,0.0714,1.7792,1.7792,0.0000,NA,NA,NA,NA,NA,NA,NA
python.exe,29332,0x0,Other,-1,0,0,Composed: Copy with GPU GDI,2026-8-20 19:19:15.816118400,4.2194,4.2194,0.0000,1.0435,3.4240,0.4331,2.9909,NA,NA,NA,NA,NA,NA,NA
python.exe,29332,0x0,Other,0,0,1,Hardware: Legacy Flip,2026-8-20 19:19:15.820337800,5.6551,5.6551,0.0000,0.2511,5.4329,0.0878,5.3451,7.2917,15.7078,1.3075,13298.1269,NA,NA,NA
python.exe,29332,0x0,Other,-1,0,0,Composed: Copy with GPU GDI,2026-8-20 19:19:15.825992900,0.7946,0.7946,0.0000,0.0289,1.6826,1.6826,0.0000,17.3444,5.6500,-10.0527,13303.7820,NA,NA,NA
python.exe,29332,0x0,Other,-1,0,0,Composed: Copy with GPU GDI,2026-8-20 19:19:15.826787500,10.3479,10.3479,0.0000,0.9203,9.7952,0.5838,9.2114,NA,NA,NA,NA,NA,NA,NA
python.exe,29332,0x0,Other,-1,0,0,Composed: Copy with GPU GDI,2026-8-20 19:19:15.837135400,1.1076,1.1076,0.0000,0.3711,1.0648,0.4993,0.5655,NA,NA,NA,NA,NA,NA,NA
python.exe,29332,0x0,Other,0,0,1,Hardware: Legacy Flip,2026-8-20 19:19:15.838243000,9.6437,9.6437,0.0000,0.3338,9.3877,0.1620,9.2257,10.7443,11.7050,6.6001,13316.0321,NA,NA,NA
python.exe,29332,0x0,Other,-1,0,0,Composed: Copy with GPU GDI,2026-8-20 19:19:15.847886700,0.5932,0.5932,0.0000,0.0778,1.3195,1.3195,0.0000,NA,NA,NA,NA,NA,NA,NA
python.exe,29332,0x0,Other,-1,0,0,Composed: Copy with GPU GDI,2026-8-20 19:19:15.848479900,0.7295,0.7295,0.0000,0.8135,0.6352,0.6352,0.0000,NA,NA,NA,NA,NA,NA,NA
python.exe,29332,0x0,Other,-1,0,0,Composed: Copy with GPU GDI,2026-8-20 19:19:15.849209400,9.5910,9.5910,0.0000,0.7137,9.1730,0.4799,8.6931,NA,NA,NA,NA,NA,NA,NA
python.exe,29332,0x0,Other,0,0,1,Hardware: Legacy Flip,2026-8-20 19:19:15.858800400,0.8392,0.8392,0.0000,0.3000,0.6311,0.1723,0.4588,1.8919,12.9699,8.8524,13336.5895,NA,NA,NA
python.exe,29332,0x0,Other,-1,0,0,Composed: Copy with GPU GDI,2026-8-20 19:19:15.859639600,1.3570,1.3570,0.0000,0.0919,2.0701,1.7935,0.2766,14.0226,3.3789,-12.1307,13337.4287,NA,NA,NA
python.exe,29332,0x0,Other,-1,0,0,Composed: Copy with GPU GDI,2026-8-20 19:19:15.860996600,10.4914,10.4914,0.0000,0.8095,10.3697,0.9063,9.4634,NA,NA,NA,NA,NA,NA,NA
python.exe,29332,0x0,Other,-1,0,0,Composed: Copy with GPU GDI,2026-8-20 19:19:15.871488000,3.0744,3.0744,0.0000,0.6927,2.5710,0.3786,2.1924,NA,NA,NA,NA,NA,NA,NA
python.exe,29332,0x0,Other,0,0,1,Hardware: Legacy Flip,2026-8-20 19:19:15.874562400,1.4058,1.4058,0.0000,0.1932,1.2608,0.0972,1.1636,2.4787,19.3738,11.5439,13352.3515,NA,NA,NA
python.exe,29332,0x0,Other,-1,0,0,Composed: Copy with GPU GDI,2026-8-20 19:19:15.875968200,5.4932,5.4932,0.0000,0.0482,5.9304,1.5845,4.3459,NA,NA,NA,NA,NA,NA,NA
python.exe,29332,0x0,Other,-1,0,0,Composed: Copy with GPU GDI,2026-8-20 19:19:15.881461400,4.3178,4.3178,0.0000,0.4897,4.4851,0.8050,3.6801,NA,NA,NA,NA,NA,NA,NA
python.exe,29332,0x0,Other,-1,0,0,Composed: Copy with GPU GDI,2026-8-20 19:19:15.885779200,8.8792,8.8792,0.0000,0.6604,8.4417,0.4236,8.0181,NA,NA,NA,NA,NA,NA,NA
python.exe,29332,0x0,Other,0,0,1,Hardware: Legacy Flip,2026-8-20 19:19:15.894658400,0.3279,0.3279,0.0000,0.2268,0.1700,0.1193,0.0507,1.7565,19.7160,0.7222,13372.4475,NA,NA,NA
python.exe,29332,0x0,Other,-1,0,0,Composed: Copy with GPU GDI,2026-8-20 19:19:15.894986300,9.7409,9.7409,0.0000,0.0689,9.8496,1.8331,8.0165,NA,NA,NA,NA,NA,NA,NA
python.exe,29332,0x0,Other,-1,0,0,Composed: Copy with GPU GDI,2026-8-20 19:19:15.904727200,0.7530,0.7530,0.0000,0.1820,0.6569,0.1799,0.4770,11.4037,0.6049,-9.6472,13382.5163,NA,NA,NA
python.exe,29332,0x0,Other,0,0,1,Hardware: Legacy Flip,2026-8-20 19:19:15.905480200,9.8297,9.8297,0.0000,0.0904,9.8062,0.1381,9.6681,11.2556,11.5251,0.1481,13383.2693,NA,NA,NA
python.exe,29332,0x0,Other,-1,0,0,Composed: Copy with GPU GDI,2026-8-20 19:19:15.915309900,0.2417,0.2417,0.0000,0.0669,0.3184,0.3184,0.0000,12.9510,33.4791,-1.6954,13393.0990,NA,NA,NA
python.exe,29332,0x0,Other,-1,0,0,Composed: Copy with GPU GDI,2026-8-20 19:19:15.915551600,43.5193,43.5193,0.0000,0.1436,43.6861,1.5779,42.1082,NA,NA,NA,NA,NA,NA,NA
python.exe,29332,0x0,Other,0,0,1,Hardware: Legacy Flip,2026-8-20 19:19:15.959070900,1.3296,1.3296,0.0000,0.3148,1.1067,0.2116,0.8951,2.6691,3.3948,10.2819,13436.8600,NA,NA,NA
python.exe,29332,0x0,Other,-1,0,0,Composed: Copy with GPU GDI,2026-8-20 19:19:15.960400500,2.4481,2.4481,0.0000,0.0919,2.5418,1.4132,1.1286,NA,NA,NA,NA,NA,NA,NA
python.exe,29332,0x0,Other,0,0,1,Hardware: Legacy Flip,2026-8-20 19:19:15.962848600,0.8489,0.8489,0.0000,0.1900,0.6759,0.0682,0.6077,2.2862,5.5841,0.3829,13440.6377,NA,NA,NA
python.exe,29332,0x0,Other,-1,0,0,Composed: Copy with GPU GDI,2026-8-20 19:19:15.963697500,0.1608,0.1608,0.0000,0.0170,0.3832,0.3832,0.0000,7.0214,1.3741,-4.7352,13441.4866,NA,NA,NA
python.exe,29332,0x0,Other,0,0,1,Hardware: Legacy Flip,2026-8-20 19:19:15.963858300,7.1105,7.1105,0.0000,0.2394,6.8948,1.1050,5.7898,8.2347,4.9480,-1.2133,13441.6474,NA,NA,NA
python.exe,29332,0x0,Other,-1,0,0,Composed: Copy with GPU GDI,2026-8-20 19:19:15.970968800,0.7547,0.7547,0.0000,0.0237,1.6288,1.6288,0.0000,NA,NA,NA,NA,NA,NA,NA
python.exe,29332,0x0,Other,0,0,1,Hardware: Legacy Flip,2026-8-20 19:19:15.971723500,4.1510,4.1510,0.0000,0.9013,3.2655,0.0889,3.1766,5.3175,17.9806,2.9172,13449.5126,NA,NA,NA
python.exe,29332,0x0,Other,-1,0,0,Composed: Copy with GPU GDI,2026-8-20 19:19:15.975874500,0.3679,0.3679,0.0000,0.0158,1.7010,1.7010,0.0000,NA,NA,NA,NA,NA,NA,NA
python.exe,29332,0x0,Other,-1,0,0,Composed: Copy with GPU GDI,2026-8-20 19:19:15.976242400,6.3755,6.3755,0.0000,1.3521,5.3917,0.5982,4.7935,18.7792,0.6074,-13.4617,13454.0315,NA,NA,NA
python.exe,29332,0x0,Other,-1,0,0,Composed: Copy with GPU GDI,2026-8-20 19:19:15.982617900,10.5052,10.5052,0.0000,0.3746,10.3633,0.3773,9.9860,NA,NA,NA,NA,NA,NA,NA
python.exe,29332,0x0,Other,0,0,1,Hardware: Legacy Flip,2026-8-20 19:19:15.993123100,1.4684,1.4684,0.0000,0.2370,1.3304,0.2025,1.1279,2.5059,14.5389,16.2733,13470.9122,NA,NA,NA
python.exe,29332,0x0,Other,-1,0,0,Composed: Copy with GPU GDI,2026-8-20 19:19:15.994591500,0.9233,0.9233,0.0000,0.0990,1.6275,1.6275,0.0000,NA,NA,NA,NA,NA,NA,NA
python.exe,29332,0x0,Other,-1,0,0,Composed: Copy with GPU GDI,2026-8-20 19:19:15.995514800,8.2631,8.2631,0.0000,0.8059,7.5575,0.2331,7.3244,NA,NA,NA,NA,NA,NA,NA
python.exe,29332,0x0,Other,-1,0,0,Composed: Copy with GPU GDI,2026-8-20 19:19:16.003777900,3.1400,3.1400,0.0000,0.1026,3.4363,0.5379,2.8984,NA,NA,NA,NA,NA,NA,NA
python.exe,29332,0x0,Other,0,0,1,Hardware: Legacy Flip,2026-8-20 19:19:16.006917900,2.1074,2.1074,0.0000,0.4031,1.7566,0.1031,1.6535,3.2500,15.1738,-0.7441,13484.7070,NA,NA,NA
python.exe,29332,0x0,Other,-1,0,0,Composed: Copy with GPU GDI,2026-8-20 19:19:16.009025300,6.7109,6.7109,0.0000,0.0523,7.3129,1.8240,5.4889,NA,NA,NA,NA,NA,NA,NA
python.exe,29332,0x0,Other,-1,0,0,Composed: Copy with GPU GDI,2026-8-20 19:19:16.015736200,2.9055,2.9055,0.0000,0.6583,2.9383,0.8623,2.0760,9.6055,3.4501,-6.3555,13493.5253,NA,NA,NA
python.exe,29332,0x0,Other,0,0,1,Hardware: Legacy Flip,2026-8-20 19:19:16.018641700,8.5584,8.5584,0.0000,0.6940,7.9429,0.1425,7.8004,10.1501,8.6578,-0.5446,13496.4308,NA,NA,NA
python.exe,29332,0x0,Other,-1,0,0,Composed: Copy with GPU GDI,2026-8-20 19:19:16.027200100,0.3680,0.3680,0.0000,0.0785,0.4415,0.4415,0.0000,10.2495,11.8483,-0.0994,13504.9892,NA,NA,NA
python.exe,29332,0x0,Other,-1,0,0,Composed: Copy with GPU GDI,2026-8-20 19:19:16.027568100,9.6704,9.6704,0.0000,0.1520,9.8972,1.4905,8.4067,NA,NA,NA,NA,NA,NA,NA
python.exe,29332,0x0,Other,-1,0,0,Composed: Copy with GPU GDI,2026-8-20 19:19:16.037238500,0.8212,0.8212,0.0000,0.3817,0.6078,0.3022,0.3056,NA,NA,NA,NA,NA,NA,NA
python.exe,29332,0x0,Other,-1,0,0,Composed: Copy with GPU GDI,2026-8-20 19:19:16.038059700,5.7451,5.7451,0.0000,0.1717,5.7545,0.3797,5.3748,NA,NA,NA,NA,NA,NA,NA
python.exe,29332,0x0,Other,0,0,1,Hardware: Legacy Flip,2026-8-20 19:19:16.043804800,4.4196,4.4196,0.0000,0.1844,4.2931,0.1091,4.1840,5.4931,12.9058,4.7564,13521.5939,NA,NA,NA
python.exe,29332,0x0,Other,-1,0,0,Composed: Copy with GPU GDI,2026-8-20 19:19:16.048224400,1.7066,1.7066,0.0000,0.0579,1.9027,1.4839,0.4188,NA,NA,NA,NA,NA,NA,NA
python.exe,29332,0x0,Other,-1,0,0,Composed: Copy with GPU GDI,2026-8-20 19:19:16.049931000,9.8333,9.8333,0.0000,0.2586,10.2886,0.9494,9.3392,NA,NA,NA,NA,NA,NA,NA
python.exe,29332,0x0,Other,0,0,1,Hardware: Legacy Flip,2026-8-20 19:19:16.059764300,0.9309,0.9309,0.0000,0.7175,0.2375,0.0866,0.1509,2.4394,17.7145,3.0537,13537.5534,NA,NA,NA
python.exe,29332,0x0,Other,-1,0,0,Composed: Copy with GPU GDI,2026-8-20 19:19:16.060695200,0.5176,0.5176,0.0000,0.0241,1.5329,1.5329,0.0000,19.2230,3.0514,-16.7836,13538.4843,NA,NA,NA
python.exe,29332,0x0,Other,-1,0,0,Composed: Copy with GPU GDI,2026-8-20 19:19:16.061212800,9.5684,9.5684,0.0000,1.0436,8.7577,0.3991,8.3586,NA,NA,NA,NA,NA,NA,NA
python.exe,29332,0x0,Other,-1,0,0,Composed: Copy with GPU GDI,2026-8-20 19:19:16.070781200,3.0870,3.0870,0.0000,0.2368,3.1116,0.3936,2.7180,NA,NA,NA,NA,NA,NA,NA
python.exe,29332,0x0,Other,0,0,1,Hardware: Legacy Flip,2026-8-20 19:19:16.073868200,7.8674,7.8674,0.0000,0.2645,7.6855,0.1566,7.5289,9.1014,12.4299,10.1216,13551.6573,NA,NA,NA
python.exe,29332,0x0,Other,-1,0,0,Composed: Copy with GPU GDI,2026-8-20 19:19:16.081735600,0.6173,0.6173,0.0000,0.0826,1.2293,1.2293,0.0000,NA,NA,NA,NA,NA,NA,NA
python.exe,29332,0x0,Other,-1,0,0,Composed: Copy with GPU GDI,2026-8-20 19:19:16.082352900,2.9280,2.9280,0.0000,0.7002,2.3720,0.2729,2.0991,NA,NA,NA,NA,NA,NA,NA
python.exe,29332,0x0,Other,-1,0,0,Composed: Copy with GPU GDI,2026-8-20 19:19:16.085280900,7.6467,7.6467,0.0000,0.1478,7.7643,0.5304,7.2339,NA,NA,NA,NA,NA,NA,NA
python.exe,29332,0x0,Other,0,0,1,Hardware: Legacy Flip,2026-8-20 19:19:16.092927600,1.0343,1.0343,0.0000,0.2696,0.8107,0.1777,0.6330,2.4719,9.0467,6.6295,13570.7167,NA,NA,NA
python.exe,29332,0x0,Other,-1,0,0,Composed: Copy with GPU GDI,2026-8-20 19:19:16.093961900,4.1317,4.1317,0.0000,0.0460,4.4131,1.8293,2.5838,10.4843,11.8787,-8.0124,13571.7510,NA,NA,NA
python.exe,29332,0x0,Other,-1,0,0,Composed: Copy with GPU GDI,2026-8-20 19:19:16.098093600,6.9389,6.9389,0.0000,0.3300,7.1336,0.6573,6.4763,18.2313,0.8596,-7.7470,13575.8827,NA,NA,NA
python.exe,29332,0x0,Other,0,0,1,Hardware: Legacy Flip,2026-8-20 19:19:16.105032500,11.0239,11.0239,0.0000,0.5308,10.5446,0.1160,10.4286,12.1520,11.2879,6.0793,13582.8216,NA,NA,NA
python.exe,29332,0x0,Other,-1,0,0,Composed: Copy with GPU GDI,2026-8-20 19:19:16.116056400,0.2094,0.2094,0.0000,0.0515,1.1328,1.1328,0.0000,NA,NA,NA,NA,NA,NA,NA
python.exe,29332,0x0,Other,-1,0,0,Composed: Copy with GPU GDI,2026-8-20 19:19:16.116265800,0.7774,0.7774,0.0000,0.9789,0.6272,0.6272,0.0000,NA,NA,NA,NA,NA,NA,NA
python.exe,29332,0x0,Other,-1,0,0,Composed: Copy with GPU GDI,2026-8-20 19:19:16.117043200,9.1185,9.1185,0.0000,0.8283,8.4330,0.2640,8.1690,NA,NA,NA,NA,NA,NA,NA
python.exe,29332,0x0,Other,0,0,1,Hardware: Legacy Flip,2026-8-20 19:19:16.126161700,0.9291,0.9291,0.0000,0.1453,0.8772,0.3251,0.5521,2.3107,18.1720,9.8413,13603.9508,NA,NA,NA
python.exe,29332,0x0,Other,-1,0,0,Composed: Copy with GPU GDI,2026-8-20 19:19:16.127090800,1.6971,1.6971,0.0000,0.0934,1.8504,1.5803,0.2701,19.5536,4.2607,-17.2429,13604.8799,NA,NA,NA
python.exe,29332,0x0,Other,-1,0,0,Composed: Copy with GPU GDI,2026-8-20 19:19:16.128787900,10.7798,10.7798,0.0000,0.2516,10.9615,0.5917,10.3698,NA,NA,NA,NA,NA,NA,NA
python.exe,29332,0x0,Other,-1,0,0,Composed: Copy with GPU GDI,2026-8-20 19:19:16.139567700,0.6630,0.6630,0.0000,0.4408,0.3318,0.2571,0.0747,NA,NA,NA,NA,NA,NA,NA
python.exe,29332,0x0,Other,-1,0,0,Composed: Copy with GPU GDI,2026-8-20 19:19:16.140230700,9.2080,9.2080,0.0000,9.4915,0.1327,0.1327,0.0000,NA,NA,NA,NA,NA,NA,NA
python.exe,29332,0x0,Other,0,0,1,Hardware: Legacy Flip,2026-8-20 19:19:16.149438700,0.1905,0.1905,0.0000,0.0000,9.3773,0.4356,8.9417,1.4664,7.9934,18.0872,13627.2278,NA,NA,NA
python.exe,29332,0x0,Other,-1,0,0,Composed: Copy with GPU GDI,2026-8-20 19:19:16.149629200,2.1406,2.1406,0.0000,0.2257,2.0746,1.2634,0.8112,9.2693,3.3230,-7.8029,13627.4183,NA,NA,NA
python.exe,29332,0x0,Other,-1,0,0,Composed: Copy with GPU GDI,2026-8-20 19:19:16.151769800,8.0554,8.0554,0.0000,0.1635,8.5671,0.8615,7.7056,NA,NA,NA,NA,NA,NA,NA
python.exe,29332,0x0,Other,0,0,1,Hardware: Legacy Flip,2026-8-20 19:19:16.159825200,0.9060,0.9060,0.0000,0.6780,0.2516,0.0806,0.1710,2.3963,20.8501,6.8730,13637.6143,NA,NA,NA
python.exe,29332,0x0,Other,-1,0,0,Composed: Copy with GPU GDI,2026-8-20 19:19:16.160731200,10.5318,10.5318,0.0000,0.0236,10.7478,1.7717,8.9761,NA,NA,NA,NA,NA,NA,NA
python.exe,29332,0x0,Other,-1,0,0,Composed: Copy with GPU GDI,2026-8-20 19:19:16.171263000,0.8712,0.8712,0.0000,0.2471,1.0742,0.5670,0.5072,11.8086,3.4476,-9.4123,13649.0521,NA,NA,NA
python.exe,29332,0x0,Other,-1,0,0,Composed: Copy with GPU GDI,2026-8-20 19:19:16.172134200,11.7988,11.7988,0.0000,0.4536,11.6814,0.5768,11.1046,NA,NA,NA,NA,NA,NA,NA
python.exe,29332,0x0,Other,-1,0,0,Composed: Copy with GPU GDI,2026-8-20 19:19:16.183933000,1.2188,1.2188,0.0000,0.3394,1.0732,0.3782,0.6950,NA,NA,NA,NA,NA,NA,NA
python.exe,29332,0x0,Other,0,0,1,Hardware: Legacy Flip,2026-8-20 19:19:16.185151800,0.2023,0.2023,0.0000,0.1938,0.1051,0.1051,0.0000,1.3674,8.1522,10.4412,13662.9409,NA,NA,NA
python.exe,29332,0x0,Other,-1,0,0,Composed: Copy with GPU GDI,2026-8-20 19:19:16.185354100,7.0237,7.0237,0.0000,0.0966,7.6234,1.7454,5.8780,NA,NA,NA,NA,NA,NA,NA
python.exe,29332,0x0,Other,0,0,1,Hardware: Legacy Flip,2026-8-20 19:19:16.192377800,0.7546,0.7546,0.0000,0.7000,0.0703,0.0612,0.0091,2.2936,12.6812,-0.9262,13670.1669,NA,NA,NA
python.exe,29332,0x0,Other,-1,0,0,Composed: Copy with GPU GDI,2026-8-20 19:19:16.193132400,1.7358,1.7358,0.0000,0.0157,2.2482,2.1106,0.1376,14.2202,9.3807,-11.9266,13670.9215,NA,NA,NA
python.exe,29332,0x0,Other,-1,0,0,Composed: Copy with GPU GDI,2026-8-20 19:19:16.194868200,9.6002,9.6002,0.0000,0.5340,9.4559,0.5430,8.9129,NA,NA,NA,NA,NA,NA,NA
python.exe,29332,0x0,Other,-1,0,0,Composed: Copy with GPU GDI,2026-8-20 19:19:16.204468400,2.6303,2.6303,0.0000,0.3942,2.3601,0.2436,2.1165,NA,NA,NA,NA,NA,NA,NA
python.exe,29332,0x0,Other,-1,0,0,Composed: Copy with GPU GDI,2026-8-20 19:19:16.207098700,8.2373,8.2373,0.0000,0.1582,8.4179,0.6083,7.8096,NA,NA,NA,NA,NA,NA,NA
python.exe,29332,0x0,Other,0,0,1,Hardware: Legacy Flip,2026-8-20 19:19:16.215336000,0.2446,0.2446,0.0000,0.3388,0.0679,0.0679,0.0000,1.3973,8.7985,12.8229,13693.1251,NA,NA,NA
python.exe,29332,0x0,Other,-1,0,0,Composed: Copy with GPU GDI,2026-8-20 19:19:16.215580600,3.1527,3.1527,0.0000,0.1621,3.1556,1.2545,1.9011,9.9512,1.8865,-8.5539,13693.3697,NA,NA,NA
python.exe,29332,0x0,Other,0,0,1,Hardware: Legacy Flip,2026-8-20 19:19:16.218733300,7.4919,7.4919,0.0000,0.1715,7.3566,0.1159,7.2407,8.6850,10.2366,1.2662,13696.5224,NA,NA,NA
python.exe,29332,0x0,Other,-1,0,0,Composed: Copy with GPU GDI,2026-8-20 19:19:16.226225200,0.5398,0.5398,0.0000,0.0362,1.3539,1.3539,0.0000,11.4297,6.6142,-2.7447,13704.0143,NA,NA,NA
python.exe,29332,0x0,Other,-1,0,0,Composed: Copy with GPU GDI,2026-8-20 19:19:16.226765000,5.0193,5.0193,0.0000,0.8533,4.4320,0.5888,3.8432,NA,NA,NA,NA,NA,NA,NA
python.exe,29332,0x0,Other,-1,0,0,Composed: Copy with GPU GDI,2026-8-20 19:19:16.231784300,5.6753,5.6753,0.0000,0.2694,5.9682,0.6836,5.2846,NA,NA,NA,NA,NA,NA,NA
python.exe,29332,0x0,Other,0,0,1,Hardware: Legacy Flip,2026-8-20 19:19:16.237459600,5.4253,5.4253,0.0000,0.5661,4.9796,0.2583,4.7213,6.8095,17.7071,4.6202,13715.2487,NA,NA,NA
python.exe,29332,0x0,Other,-1,0,0,Composed: Copy with GPU GDI,2026-8-20 19:19:16.242884900,5.2767,5.2767,0.0000,0.1204,5.3298,1.5362,3.7936,NA,NA,NA,NA,NA,NA,NA
python.exe,29332,0x0,Other,-1,0,0,Composed: Copy with GPU GDI,2026-8-20 19:19:16.248161600,1.2593,1.2593,0.0000,0.1769,1.5733,0.6445,0.9288,13.8146,2.8413,-7.0051,13725.9507,NA,NA,NA
python.exe,29332,0x0,Other,-1,0,0,Composed: Copy with GPU GDI,2026-8-20 19:19:16.249420900,11.4816,11.4816,0.0000,0.4951,11.2785,0.5499,10.7286,NA,NA,NA,NA,NA,NA,NA
python.exe,29332,0x0,Other,-1,0,0,Composed: Copy with GPU GDI,2026-8-20 19:19:16.260902500,2.2113,2.2113,0.0000,0.2964,2.2270,0.5133,1.7137,NA,NA,NA,NA,NA,NA,NA
python.exe,29332,0x0,Other,0,0,1,Hardware: Legacy Flip,2026-8-20 19:19:16.263113800,0.4190,0.4190,0.0000,0.3158,0.1806,0.1751,0.0055,1.7037,18.9276,12.1109,13740.9029,NA,NA,NA
python.exe,29332,0x0,Other,-1,0,0,Composed: Copy with GPU GDI,2026-8-20 19:19:16.263532800,6.8916,6.8916,0.0000,0.0774,7.0194,1.3260,5.6934,NA,NA,NA,NA,NA,NA,NA
python.exe,29332,0x0,Other,-1,0,0,Composed: Copy with GPU GDI,2026-8-20 19:19:16.270424400,3.3275,3.3275,0.0000,0.2100,3.3490,0.3926,2.9564,NA,NA,NA,NA,NA,NA,NA
python.exe,29332,0x0,Other,0,0,1,Hardware: Legacy Flip,2026-8-20 19:19:16.273751900,8.7108,8.7108,0.0000,0.2354,8.5533,0.1892,8.3641,9.9932,8.5804,-8.2895,13751.5410,NA,NA,NA
python.exe,29332,0x0,Other,-1,0,0,Composed: Copy with GPU GDI,2026-8-20 19:19:16.282462700,0.5967,0.5967,0.0000,0.0779,1.7287,1.7287,0.0000,9.8628,2.8163,0.1304,13760.2518,NA,NA,NA
python.exe,29332,0x0,Other,-1,0,0,Composed: Copy with GPU GDI,2026-8-20 19:19:16.283059400,3.5408,3.5408,0.0000,1.2139,2.4476,0.2412,2.2064,NA,NA,NA,NA,NA,NA,NA
python.exe,29332,0x0,Other,-1,0,0,Composed: Copy with GPU GDI,2026-8-20 19:19:16.286600200,7.1292,7.1292,0.0000,0.1388,7.2380,0.3920,6.8460,NA,NA,NA,NA,NA,NA,NA
python.exe,29332,0x0,Other,0,0,1,Hardware: Legacy Flip,2026-8-20 19:19:16.293729400,0.3725,0.3725,0.0000,0.2534,0.1615,0.1448,0.0167,1.4124,21.3802,8.4504,13771.5185,NA,NA,NA
python.exe,29332,0x0,Other,-1,0,0,Composed: Copy with GPU GDI,2026-8-20 19:19:16.294101900,10.9441,10.9441,0.0000,0.0424,11.0919,1.4275,9.6644,NA,NA,NA,NA,NA,NA,NA
python.exe,29332,0x0,Other,-1,0,0,Composed: Copy with GPU GDI,2026-8-20 19:19:16.305046000,0.9972,0.9972,0.0000,0.1942,1.0763,0.4333,0.6430,11.4760,1.2140,-10.0636,13782.8351,NA,NA,NA
python.exe,29332,0x0,Other,-1,0,0,Composed: Copy with GPU GDI,2026-8-20 19:19:16.306043200,9.1242,9.1242,0.0000,0.2771,9.2613,0.5897,8.6716,NA,NA,NA,NA,NA,NA,NA
python.exe,29332,0x0,Other,-1,0,0,Composed: Copy with GPU GDI,2026-8-20 19:19:16.315167400,1.1934,1.1934,0.0000,1.4778,0.0542,0.0542,0.0000,NA,NA,NA,NA,NA,NA,NA
python.exe,29332,0x0,Other,0,0,1,Hardware: Legacy Flip,2026-8-20 19:19:16.316360800,0.1522,0.1522,0.0000,0.0000,1.0600,0.3734,0.6866,1.3752,12.0675,10.1008,13794.1499,NA,NA,NA
python.exe,29332,0x0,Other,-1,0,0,Composed: Copy with GPU GDI,2026-8-20 19:19:16.316513000,10.7854,10.7854,0.0000,0.1864,10.9246,1.5022,9.4224,NA,NA,NA,NA,NA,NA,NA
python.exe,29332,0x0,Other,-1,0,0,Composed: Copy with GPU GDI,2026-8-20 19:19:16.327298400,0.7301,0.7301,0.0000,0.3285,0.6468,0.3935,0.2533,NA,NA,NA,NA,NA,NA,NA
python.exe,29332,0x0,Other,0,0,1,Hardware: Legacy Flip,2026-8-20 19:19:16.328028500,0.2969,0.2969,0.0000,0.2495,0.0645,0.0626,0.0019,1.7750,17.0468,-0.3998,13805.8176,NA,NA,NA
python.exe,29332,0x0,Other,-1,0,0,Composed: Copy with GPU GDI,2026-8-20 19:19:16.328325400,10.1504,10.1504,0.0000,0.0171,10.4002,1.8280,8.5722,18.5249,3.5556,-16.7499,13806.1145,NA,NA,NA
python.exe,29332,0x0,Other,-1,0,0,Composed: Copy with GPU GDI,2026-8-20 19:19:16.338475800,2.2113,2.2113,0.0000,0.2716,2.2727,0.4511,1.8216,NA,NA,NA,NA,NA,NA,NA
python.exe,29332,0x0,Other,0,0,1,Hardware: Legacy Flip,2026-8-20 19:19:16.340687100,8.5691,8.5691,0.0000,0.3372,8.2921,0.1254,8.1667,9.7188,10.9403,8.8061,13818.4762,NA,NA,NA
python.exe,29332,0x0,Other,-1,0,0,Composed: Copy with GPU GDI,2026-8-20 19:19:16.349256200,0.6872,0.6872,0.0000,0.0602,1.4933,1.4933,0.0000,NA,NA,NA,NA,NA,NA,NA
python.exe,29332,0x0,Other,-1,0,0,Composed: Copy with GPU GDI,2026-8-20 19:19:16.349943400,3.6353,3.6353,0.0000,0.8697,3.3735,0.8025,2.5710,NA,NA,NA,NA,NA,NA,NA
python.exe,29332,0x0,Other,-1,0,0,Composed: Copy with GPU GDI,2026-8-20 19:19:16.353578700,5.8163,5.8163,0.0000,0.6139,5.3329,0.2671,5.0658,NA,NA,NA,NA,NA,NA,NA
python.exe,29332,0x0,Other,0,0,1,Hardware: Legacy Flip,2026-8-20 19:19:16.359395000,0.1544,0.1544,0.0000,0.1305,0.0447,0.0447,0.0000,1.9512,15.0913,7.7676,13837.1841,NA,NA,NA
python.exe,29332,0x0,Other,-1,0,0,Composed: Copy with GPU GDI,2026-8-20 19:19:16.359549400,5.1058,5.1058,0.0000,0.0208,5.3417,2.0772,3.2645,NA,NA,NA,NA,NA,NA,NA
python.exe,29332,0x0,Other,-1,0,0,Composed: Copy with GPU GDI,2026-8-20 19:19:16.364655200,6.3241,6.3241,0.0000,0.2591,6.4601,0.6009,5.8592,NA,NA,NA,NA,NA,NA,NA
python.exe,29332,0x0,Other,0,0,1,Hardware: Legacy Flip,2026-8-20 19:19:16.370979300,4.4354,4.4354,0.0000,0.3988,4.1506,0.2121,3.9385,5.4582,18.9490,-3.5070,13848.7684,NA,NA,NA
python.exe,29332,0x0,Other,-1,0,0,Composed: Copy with GPU GDI,2026-8-20 19:19:16.375414700,5.4343,5.4343,0.0000,0.1140,5.5975,1.2567,4.3408,NA,NA,NA,NA,NA,NA,NA
python.exe,29332,0x0,Other,-1,0,0,Composed: Copy with GPU GDI,2026-8-20 19:19:16.380849000,1.5077,1.5077,0.0000,0.2794,1.4983,0.4385,1.0598,14.5375,0.4621,-9.0793,13858.6381,NA,NA,NA
python.exe,29332,0x0,Other,-1,0,0,Composed: Copy with GPU GDI,2026-8-20 19:19:16.382356700,10.5096,10.5096,0.0000,0.2734,10.4911,0.4572,10.0339,NA,NA,NA,NA,NA,NA,NA
python.exe,29332,0x0,Other,0,0,1,Hardware: Legacy Flip,2026-8-20 19:19:16.392866300,2.0041,2.0041,0.0000,0.2624,1.8473,0.2196,1.6277,2.9823,17.7535,11.5552,13870.6554,NA,NA,NA
python.exe,29332,0x0,Other,-1,0,0,Composed: Copy with GPU GDI,2026-8-20 19:19:16.394870400,0.3102,0.3102,0.0000,0.1056,1.5828,1.5828,0.0000,18.7317,4.3999,-15.7494,13872.6595,NA,NA,NA
python.exe,29332,0x0,Other,-1,0,0,Composed: Copy with GPU GDI,2026-8-20 19:19:16.395180600,10.6071,10.6071,0.0000,1.3825,9.4915,0.3943,9.0972,NA,NA,NA,NA,NA,NA,NA
python.exe,29332,0x0,Other,-1,0,0,Composed: Copy with GPU GDI,2026-8-20 19:19:16.405787700,1.7422,1.7422,0.0000,0.2694,1.9116,0.5727,1.3389,NA,NA,NA,NA,NA,NA,NA
python.exe,29332,0x0,Other,-1,0,0,Composed: Copy with GPU GDI,2026-8-20 19:19:16.407529900,9.0094,9.0094,0.0000,9.2636,0.1976,0.1976,0.0000,NA,NA,NA,NA,NA,NA,NA
python.exe,29332,0x0,Other,0,0,1,Hardware: Legacy Flip,2026-8-20 19:19:16.416539300,0.1885,0.1885,0.0000,0.0000,8.8209,0.3712,8.4497,1.4627,10.6085,17.2690,13894.3284,NA,NA,NA
python.exe,29332,0x0,Other,-1,0,0,Composed: Copy with GPU GDI,2026-8-20 19:19:16.416727800,2.4956,2.4956,0.0000,0.2633,2.4625,1.3348,1.1277,NA,NA,NA,NA,NA,NA,NA
python.exe,29332,0x0,Other,-1,0,0,Composed: Copy with GPU GDI,2026-8-20 19:19:16.419223400,7.5321,7.5321,0.0000,0.2335,7.5231,0.4913,7.0318,NA,NA,NA,NA,NA,NA,NA
python.exe,29332,0x0,Other,0,0,1,Hardware: Legacy Flip,2026-8-20 19:19:16.426755500,0.3341,0.3341,0.0000,0.2283,0.1248,0.0758,0.0490,1.8550,9.2340,-0.3923,13904.5446,NA,NA,NA
python.exe,29332,0x0,Other,-1,0,0,Composed: Copy with GPU GDI,2026-8-20 19:19:16.427089600,4.2616,4.2616,0.0000,0.0190,4.4606,1.7175,2.7431,10.7549,5.4884,-8.8999,13904.8787,NA,NA,NA
python.exe,29332,0x0,Other,-1,0,0,Composed: Copy with GPU GDI,2026-8-20 19:19:16.431351200,5.8969,5.8969,0.0000,0.2206,5.7804,0.2107,5.5697,NA,NA,NA,NA,NA,NA,NA
python.exe,29332,0x0,Other,0,0,1,Hardware: Legacy Flip,2026-8-20 19:19:16.437248100,4.7713,4.7713,0.0000,0.1067,4.7168,0.1161,4.6007,6.0848,12.8751,4.6701,13915.0372,NA,NA,NA
python.exe,29332,0x0,Other,-1,0,0,Composed: Copy with GPU GDI,2026-8-20 19:19:16.442019400,5.9266,5.9266,0.0000,0.0522,6.1398,1.6052,4.5346,14.1886,6.1636,-8.1038,13919.8085,NA,NA,NA
python.exe,29332,0x0,Other,-1,0,0,Composed: Copy with GPU GDI,2026-8-20 19:19:16.447946000,2.9233,2.9233,0.0000,0.2691,2.8804,0.3508,2.5296,NA,NA,NA,NA,NA,NA,NA
python.exe,29332,0x0,Other,-1,0,0,Composed: Copy with GPU GDI,2026-8-20 19:19:16.450869300,8.9375,8.9375,0.0000,0.2288,8.9095,0.3850,8.5245,NA,NA,NA,NA,NA,NA,NA
python.exe,29332,0x0,Other,0,0,1,Hardware: Legacy Flip,2026-8-20 19:19:16.459806800,1.2203,1.2203,0.0000,0.2058,1.0784,0.1237,0.9547,2.5648,17.9704,11.6238,13937.5959,NA,NA,NA
python.exe,29332,0x0,Other,-1,0,0,Composed: Copy with GPU GDI,2026-8-20 19:19:16.461027100,0.4664,0.4664,0.0000,0.0639,1.3461,1.3461,0.0000,19.3149,2.5666,-16.7501,13938.8162,NA,NA,NA
python.exe,29332,0x0,Other,-1,0,0,Composed: Copy with GPU GDI,2026-8-20 19:19:16.461493500,9.7131,9.7131,0.0000,0.9470,9.0824,0.4735,8.6089,NA,NA,NA,NA,NA,NA,NA
python.exe,29332,0x0,Other,-1,0,0,Composed: Copy with GPU GDI,2026-8-20 19:19:16.471206600,2.2548,2.2548,0.0000,0.3190,2.0070,0.1668,1.8402,NA,NA,NA,NA,NA,NA,NA
python.exe,29332,0x0,Other,0,0,1,Hardware: Legacy Flip,2026-8-20 19:19:16.473461400,8.4546,8.4546,0.0000,0.0744,8.4699,0.2293,8.2406,9.4472,9.5354,9.8677,13951.2505,NA,NA,NA
python.exe,29332,0x0,Other,-1,0,0,Composed: Copy with GPU GDI,2026-8-20 19:19:16.481916000,0.5081,0.5081,0.0000,0.0897,1.1280,1.1280,0.0000,10.5280,2.7390,-1.0808,13959.7051,NA,NA,NA
python.exe,29332,0x0,Other,-1,0,0,Composed: Copy with GPU GDI,2026-8-20 19:19:16.482424100,5.0362,5.0362,0.0000,0.7138,4.9596,0.8137,4.1459,NA,NA,NA,NA,NA,NA,NA
python.exe,29332,0x0,Other,-1,0,0,Composed: Copy with GPU GDI,2026-8-20 19:19:16.487460300,6.1480,6.1480,0.0000,6.3900,0.2834,0.2834,0.0000,NA,NA,NA,NA,NA,NA,NA
python.exe,29332,0x0,Other,0,0,1,Hardware: Legacy Flip,2026-8-20 19:19:16.493608300,0.2258,0.2258,0.0000,0.0000,5.7472,0.3950,5.3522,1.5747,15.4948,8.9533,13971.3974,NA,NA,NA
python.exe,29332,0x0,Other,-1,0,0,Composed: Copy with GPU GDI,2026-8-20 19:19:16.493834100,3.4804,3.4804,0.0000,0.2996,3.3626,1.3476,2.0150,16.8437,6.0682,-15.2690,13971.6232,NA,NA,NA
python.exe,29332,0x0,Other,-1,0,0,Composed: Copy with GPU GDI,2026-8-20 19:19:16.497314500,6.1738,6.1738,0.0000,0.1905,6.3920,0.5310,5.8610,19.4315,0.7520,-2.5878,13975.1036,NA,NA,NA
python.exe,29332,0x0,Other,0,0,1,Hardware: Legacy Flip,2026-8-20 19:19:16.503488300,12.6695,12.6695,0.0000,0.4119,12.4097,0.2860,12.1237,14.0097,10.8032,5.4218,13981.2774,NA,NA,NA
python.exe,29332,0x0,Other,-1,0,0,Composed: Copy with GPU GDI,2026-8-20 19:19:16.516157800,0.5685,0.5685,0.0000,0.1521,1.2456,1.2456,0.0000,NA,NA,NA,NA,NA,NA,NA
python.exe,29332,0x0,Other,-1,0,0,Composed: Copy with GPU GDI,2026-8-20 19:19:16.516726300,1.0339,1.0339,0.0000,1.0854,0.9007,0.9007,0.0000,NA,NA,NA,NA,NA,NA,NA
python.exe,29332,0x0,Other,-1,0,0,Composed: Copy with GPU GDI,2026-8-20 19:19:16.517760200,8.2490,8.2490,0.0000,0.7010,7.6937,0.3419,7.3518,NA,NA,NA,NA,NA,NA,NA
python.exe,29332,0x0,Other,0,0,1,Hardware: Legacy Flip,2026-8-20 19:19:16.526009200,1.1766,1.1766,0.0000,0.1824,1.0216,0.1464,0.8752,2.2920,12.7418,11.7177,14003.7983,NA,NA,NA
python.exe,29332,0x0,Other,-1,0,0,Composed: Copy with GPU GDI,2026-8-20 19:19:16.527185800,0.6958,0.6958,0.0000,0.0274,1.7571,1.7571,0.0000,13.8572,6.1218,-11.5652,14004.9749,NA,NA,NA
python.exe,29332,0x0,Other,-1,0,0,Composed: Copy with GPU GDI,2026-8-20 19:19:16.527881600,9.6836,9.6836,0.0000,1.0924,8.7706,0.4292,8.3414,NA,NA,NA,NA,NA,NA,NA
python.exe,29332,0x0,Other,-1,0,0,Composed: Copy with GPU GDI,2026-8-20 19:19:16.537565200,1.9772,1.9772,0.0000,0.1830,1.9065,0.2157,1.6908,9.5996,2.0122,4.2576,14015.3543,NA,NA,NA
python.exe,29332,0x0,Other,0,0,1,Hardware: Legacy Flip,2026-8-20 19:19:16.539542400,8.3477,8.3477,0.0000,0.1152,8.3518,0.2768,8.0750,9.6346,10.1670,-0.0350,14017.3315,NA,NA,NA
python.exe,29332,0x0,Other,-1,0,0,Composed: Copy with GPU GDI,2026-8-20 19:19:16.547890100,2.0588,2.0588,0.0000,0.1193,2.4764,1.8081,0.6683,NA,NA,NA,NA,NA,NA,NA
python.exe,29332,0x0,Other,-1,0,0,Composed: Copy with GPU GDI,2026-8-20 19:19:16.549948900,2.7199,2.7199,0.0000,0.5403,2.4396,0.3922,2.0474,9.3951,5.0337,0.2395,14027.7380,NA,NA,NA
python.exe,29332,0x0,Other,-1,0,0,Composed: Copy with GPU GDI,2026-8-20 19:19:16.552668800,9.9498,9.9498,0.0000,10.1712,0.4622,0.4622,0.0000,NA,NA,NA,NA,NA,NA,NA
python.exe,29332,0x0,Other,0,0,1,Hardware: Legacy Flip,2026-8-20 19:19:16.562618600,0.1957,0.1957,0.0000,0.0000,9.9077,0.3929,9.5148,1.7591,6.9485,7.6360,14040.4077,NA,NA,NA
python.exe,29332,0x0,Other,-1,0,0,Composed: Copy with GPU GDI,2026-8-20 19:19:16.562814300,1.3089,1.3089,0.0000,0.4879,1.5801,1.5801,0.0000,8.5119,12.1537,-6.7528,14040.6034,NA,NA,NA
python.exe,29332,0x0,Other,-1,0,0,Composed: Copy with GPU GDI,2026-8-20 19:19:16.564123200,7.6771,7.6771,0.0000,0.7741,7.0028,0.2699,6.7329,19.3567,2.5372,-10.8448,14041.9123,NA,NA,NA
python.exe,29332,0x0,Other,-1,0,0,Composed: Copy with GPU GDI,2026-8-20 19:19:16.571800300,10.8854,10.8854,0.0000,0.1049,11.0231,0.4352,10.5879,NA,NA,NA,NA,NA,NA,NA
python.exe,29332,0x0,Other,-1,0,0,Composed: Copy with GPU GDI,2026-8-20 19:19:16.582685700,1.4109,1.4109,0.0000,0.2395,1.4530,0.4788,0.9742,NA,NA,NA,NA,NA,NA,NA
python.exe,29332,0x0,Other,0,0,1,Hardware: Legacy Flip,2026-8-20 19:19:16.584096600,0.3238,0.3238,0.0000,0.2816,0.1249,0.1249,0.0000,1.9205,9.2245,17.4362,14061.8857,NA,NA,NA
python.exe,29332,0x0,Other,-1,0,0,Composed: Copy with GPU GDI,2026-8-20 19:19:16.584420400,8.5622,8.5622,0.0000,0.0827,8.6789,1.7830,6.8959,NA,NA,NA,NA,NA,NA,NA
python.exe,29332,0x0,Other,0,0,1,Hardware: Legacy Flip,2026-8-20 19:19:16.592982600,1.0436,1.0436,0.0000,0.2041,0.8592,0.0737,0.7855,2.2590,18.6862,-0.3385,14070.7717,NA,NA,NA
python.exe,29332,0x0,Other,-1,0,0,Composed: Copy with GPU GDI,2026-8-20 19:19:16.594026200,0.7645,0.7645,0.0000,0.0197,1.8007,1.8007,0.0000,19.9016,3.8338,-17.6426,14071.8153,NA,NA,NA
python.exe,29332,0x0,Other,-1,0,0,Composed: Copy with GPU GDI,2026-8-20 19:19:16.594790700,9.7873,9.7873,0.0000,1.0626,9.1377,0.6205,8.5172,NA,NA,NA,NA,NA,NA,NA
python.exe,29332,0x0,Other,-1,0,0,Composed: Copy with GPU GDI,2026-8-20 19:19:16.604578000,1.8186,1.8186,0.0000,0.4185,1.6780,0.3677,1.3103,NA,NA,NA,NA,NA,NA,NA
python.exe,29332,0x0,Other,0,0,1,Hardware: Legacy Flip,2026-8-20 19:19:16.606396600,9.7197,9.7197,0.0000,0.2813,9.5095,0.1338,9.3757,11.3650,8.1810,8.5366,14084.1857,NA,NA,NA
python.exe,29332,0x0,Other,-1,0,0,Composed: Copy with GPU GDI,2026-8-20 19:19:16.616116300,0.2802,0.2802,0.0000,0.0711,0.4281,0.4281,0.0000,NA,NA,NA,NA,NA,NA,NA
python.exe,29332,0x0,Other,-1,0,0,Composed: Copy with GPU GDI,2026-8-20 19:19:16.616396500,2.3435,2.3435,0.0000,0.2190,2.4612,1.4702,0.9910,9.5461,2.4488,1.8189,14094.1856,NA,NA,NA
python.exe,29332,0x0,Other,-1,0,0,Composed: Copy with GPU GDI,2026-8-20 19:19:16.618740000,7.5723,7.5723,0.0000,0.3393,7.5783,0.5850,6.9933,NA,NA,NA,NA,NA,NA,NA
python.exe,29332,0x0,Other,0,0,1,Hardware: Legacy Flip,2026-8-20 19:19:16.626312300,0.5118,0.5118,0.0000,0.3494,0.1818,0.0927,0.0891,2.0791,21.8441,7.4670,14104.1014,NA,NA,NA
python.exe,29332,0x0,Other,-1,0,0,Composed: Copy with GPU GDI,2026-8-20 19:19:16.626824100,5.2041,5.2041,0.0000,0.0194,5.5330,1.9202,3.6128,NA,NA,NA,NA,NA,NA,NA
python.exe,29332,0x0,Other,-1,0,0,Composed: Copy with GPU GDI,2026-8-20 19:19:16.632028200,5.5943,5.5943,0.0000,0.3514,5.8071,0.6848,5.1223,18.2073,0.5095,-16.1282,14109.8173,NA,NA,NA
python.exe,29332,0x0,Other,0,0,1,Hardware: Legacy Flip,2026-8-20 19:19:16.637622500,11.7608,11.7608,0.0000,0.5681,11.2556,0.1182,11.1374,13.1225,11.5863,5.0848,14115.4116,NA,NA,NA
python.exe,29332,0x0,Other,-1,0,0,Composed: Copy with GPU GDI,2026-8-20 19:19:16.649383300,0.2557,0.2557,0.0000,0.0629,1.3558,1.3558,0.0000,NA,NA,NA,NA,NA,NA,NA
python.exe,29332,0x0,Other,-1,0,0,Composed: Copy with GPU GDI,2026-8-20 19:19:16.649639000,1.8087,1.8087,0.0000,1.1673,0.8125,0.3227,0.4898,12.6923,0.5351,0.4302,14127.4281,NA,NA,NA
python.exe,29332,0x0,Other,-1,0,0,Composed: Copy with GPU GDI,2026-8-20 19:19:16.651447700,9.6546,9.6546,0.0000,10.1685,0.1031,0.1031,0.0000,NA,NA,NA,NA,NA,NA,NA
python.exe,29332,0x0,Other,0,0,1,Hardware: Legacy Flip,2026-8-20 19:19:16.661102300,0.4860,0.4860,0.0000,0.0000,9.9939,0.8201,9.1738,1.7641,17.7208,10.9282,14138.8914,NA,NA,NA
python.exe,29332,0x0,Other,-1,0,0,Composed: Copy with GPU GDI,2026-8-20 19:19:16.661588300,0.6781,0.6781,0.0000,0.1310,1.7284,1.7284,0.0000,18.9989,5.9947,-17.2348,14139.3774,NA,NA,NA
python.exe,29332,0x0,Other,-1,0,0,Composed: Copy with GPU GDI,2026-8-20 19:19:16.662266400,11.5748,11.5748,0.0000,1.1857,10.5793,0.5103,10.0690,24.3155,0.8074,-5.3166,14140.0555,NA,NA,NA
python.exe,29332,0x0,Other,-1,0,0,Composed: Copy with GPU GDI,2026-8-20 19:19:16.673841200,1.2623,1.2623,0.0000,0.1947,1.6033,0.8643,0.7390,NA,NA,NA,NA,NA,NA,NA
python.exe,29332,0x0,Other,0,0,1,Hardware: Legacy Flip,2026-8-20 19:19:16.675103500,10.6014,10.6014,0.0000,0.5424,10.1252,0.1490,9.9762,12.2858,8.5636,12.0297,14152.8926,NA,NA,NA
python.exe,29332,0x0,Other,-1,0,0,Composed: Copy with GPU GDI,2026-8-20 19:19:16.685704900,0.4568,0.4568,0.0000,0.0662,1.6624,1.6624,0.0000,NA,NA,NA,NA,NA,NA,NA
python.exe,29332,0x0,Other,-1,0,0,Composed: Copy with GPU GDI,2026-8-20 19:19:16.686161700,8.1202,8.1202,0.0000,8.2980,0.3696,0.3696,0.0000,NA,NA,NA,NA,NA,NA,NA
python.exe,29332,0x0,Other,0,0,1,Hardware: Legacy Flip,2026-8-20 19:19:16.694281900,0.1576,0.1576,0.0000,0.0000,7.0214,0.3376,6.6838,1.6710,14.9687,10.6148,14172.0710,NA,NA,NA
python.exe,29332,0x0,Other,-1,0,0,Composed: Copy with GPU GDI,2026-8-20 19:19:16.694439500,3.5456,3.5456,0.0000,0.3898,3.4996,1.6437,1.8559,16.4821,6.0270,-14.8111,14172.2286,NA,NA,NA
python.exe,29332,0x0,Other,-1,0,0,Composed: Copy with GPU GDI,2026-8-20 19:19:16.697985100,9.5331,9.5331,0.0000,0.3487,9.9205,0.9384,8.9821,18.9635,1.2811,-2.4814,14175.7742,NA,NA,NA
python.exe,29332,0x0,Other,-1,0,0,Composed: Copy with GPU GDI,2026-8-20 19:19:16.707518200,8.7865,8.7865,0.0000,0.7408,8.4192,0.5295,7.8897,NA,NA,NA,NA,NA,NA,NA
python.exe,29332,0x0,Other,0,0,1,Hardware: Legacy Flip,2026-8-20 19:19:16.716304700,0.5270,0.5270,0.0000,0.3803,0.4086,0.3534,0.0552,1.9250,10.1043,17.0385,14194.0938,NA,NA,NA
python.exe,29332,0x0,Other,-1,0,0,Composed: Copy with GPU GDI,2026-8-20 19:19:16.716831700,0.8357,0.8357,0.0000,0.2619,1.9597,1.9597,0.0000,NA,NA,NA,NA,NA,NA,NA
python.exe,29332,0x0,Other,-1,0,0,Composed: Copy with GPU GDI,2026-8-20 19:19:16.717667400,8.6346,8.6346,0.0000,1.3914,7.5038,0.3905,7.1133,NA,NA,NA,NA,NA,NA,NA
python.exe,29332,0x0,Other,0,0,1,Hardware: Legacy Flip,2026-8-20 19:19:16.726302000,0.8062,0.8062,0.0000,0.2788,0.5517,0.0785,0.4732,2.0320,12.8999,-0.1070,14204.0911,NA,NA,NA
python.exe,29332,0x0,Other,-1,0,0,Composed: Copy with GPU GDI,2026-8-20 19:19:16.727108200,0.4567,0.4567,0.0000,0.0243,1.7519,1.7519,0.0000,14.1257,6.0143,-12.0937,14204.8973,NA,NA,NA
python.exe,29332,0x0,Other,-1,0,0,Composed: Copy with GPU GDI,2026-8-20 19:19:16.727564900,9.2087,9.2087,0.0000,1.3255,8.1761,0.4391,7.7370,NA,NA,NA,NA,NA,NA,NA
python.exe,29332,0x0,Other,-1,0,0,Composed: Copy with GPU GDI,2026-8-20 19:19:16.736773600,3.3310,3.3310,0.0000,0.2975,3.3362,0.4623,2.8739,10.4746,0.5388,3.6511,14214.5627,NA,NA,NA
python.exe,29332,0x0,Other,0,0,1,Hardware: Legacy Flip,2026-8-20 19:19:16.740104600,6.4267,6.4267,0.0000,0.3070,6.2080,0.1681,6.0399,7.6824,11.6338,2.7922,14217.8937,NA,NA,NA
python.exe,29332,0x0,Other,-1,0,0,Composed: Copy with GPU GDI,2026-8-20 19:19:16.746531300,2.1930,2.1930,0.0000,0.0883,2.3069,1.4128,0.8941,NA,NA,NA,NA,NA,NA,NA
python.exe,29332,0x0,Other,-1,0,0,Composed: Copy with GPU GDI,2026-8-20 19:19:16.748724300,4.0983,4.0983,0.0000,0.2079,4.2606,0.5356,3.7250,10.6965,3.4453,-3.0141,14226.5134,NA,NA,NA
python.exe,29332,0x0,Other,0,0,1,Hardware: Legacy Flip,2026-8-20 19:19:16.752822600,8.5018,8.5018,0.0000,0.3741,8.2530,0.2670,7.9860,10.0435,8.6650,0.6530,14230.6117,NA,NA,NA
python.exe,29332,0x0,Other,-1,0,0,Composed: Copy with GPU GDI,2026-8-20 19:19:16.761324400,0.3647,0.3647,0.0000,0.1253,1.4658,1.4658,0.0000,10.2067,12.1519,-0.1632,14239.1135,NA,NA,NA
python.exe,29332,0x0,Other,-1,0,0,Composed: Copy with GPU GDI,2026-8-20 19:19:16.761689100,3.9661,3.9661,0.0000,1.2305,3.2496,0.7436,2.5060,21.9939,0.6272,-11.7872,14239.4782,NA,NA,NA
python.exe,29332,0x0,Other,-1,0,0,Composed: Copy with GPU GDI,2026-8-20 19:19:16.765655200,7.0481,7.0481,0.0000,0.5185,6.7007,0.3313,6.3694,NA,NA,NA,NA,NA,NA,NA
python.exe,29332,0x0,Other,-1,0,0,Composed: Copy with GPU GDI,2026-8-20 19:19:16.772703300,9.6639,9.6639,0.0000,10.3436,0.1107,0.1107,0.0000,NA,NA,NA,NA,NA,NA,NA
python.exe,29332,0x0,Other,0,0,1,Hardware: Legacy Flip,2026-8-20 19:19:16.782367200,0.6198,0.6198,0.0000,0.0000,10.1690,0.8242,9.3448,1.9430,10.8816,20.0509,14260.1563,NA,NA,NA
python.exe,29332,0x0,Other,-1,0,0,Composed: Copy with GPU GDI,2026-8-20 19:19:16.782987000,0.5269,0.5269,0.0000,0.1706,1.9663,1.9663,0.0000,NA,NA,NA,NA,NA,NA,NA
python.exe,29332,0x0,Other,-1,0,0,Composed: Copy with GPU GDI,2026-8-20 19:19:16.783513900,9.3905,9.3905,0.0000,1.6147,8.0137,0.3685,7.6452,NA,NA,NA,NA,NA,NA,NA
python.exe,29332,0x0,Other,0,0,1,Hardware: Legacy Flip,2026-8-20 19:19:16.792904400,1.0577,1.0577,0.0000,0.2408,0.8449,0.1226,0.7223,2.2874,12.7974,-0.3444,14270.6935,NA,NA,NA
python.exe,29332,0x0,Other,-1,0,0,Composed: Copy with GPU GDI,2026-8-20 19:19:16.793962100,1.0670,1.0670,0.0000,0.0280,1.9271,1.9271,0.0000,14.0271,6.0205,-11.7397,14271.7512,NA,NA,NA
python.exe,29332,0x0,Other,-1,0,0,Composed: Copy with GPU GDI,2026-8-20 19:19:16.795029100,9.3843,9.3843,0.0000,0.8925,8.6742,0.3329,8.3413,NA,NA,NA,NA,NA,NA,NA
python.exe,29332,0x0,Other,-1,0,0,Composed: Copy with GPU GDI,2026-8-20 19:19:16.804413400,2.9889,2.9889,0.0000,0.1893,3.5512,0.9622,2.5890,9.5963,3.3178,4.4308,14282.2025,NA,NA,NA
python.exe,29332,0x0,Other,0,0,1,Hardware: Legacy Flip,2026-8-20 19:19:16.807402300,8.8412,8.8412,0.0000,0.7582,8.1609,0.1636,7.9973,9.9252,10.0225,-0.3289,14285.1914,NA,NA,NA
python.exe,29332,0x0,Other,-1,0,0,Composed: Copy with GPU GDI,2026-8-20 19:19:16.816243500,0.6439,0.6439,0.0000,0.0779,1.4717,1.4717,0.0000,NA,NA,NA,NA,NA,NA,NA
python.exe,29332,0x0,Other,-1,0,0,Composed: Copy with GPU GDI,2026-8-20 19:19:16.816887400,1.6931,1.6931,0.0000,0.9092,1.0911,0.4485,0.6426,NA,NA,NA,NA,NA,NA,NA
python.exe,29332,0x0,Other,0,0,1,Hardware: Legacy Flip,2026-8-20 19:19:16.818580500,7.7304,7.7304,0.0000,0.3121,7.4518,0.1518,7.3000,8.7695,10.8957,1.1557,14296.3696,NA,NA,NA
python.exe,29332,0x0,Other,-1,0,0,Composed: Copy with GPU GDI,2026-8-20 19:19:16.826310900,0.8913,0.8913,0.0000,0.0335,1.4773,1.4773,0.0000,NA,NA,NA,NA,NA,NA,NA
python.exe,29332,0x0,Other,-1,0,0,Composed: Copy with GPU GDI,2026-8-20 19:19:16.827202200,4.6583,4.6583,0.0000,0.6230,4.3974,0.4840,3.9134,11.0435,12.1641,-2.2740,14304.9913,NA,NA,NA
python.exe,29332,0x0,Other,-1,0,0,Composed: Copy with GPU GDI,2026-8-20 19:19:16.831860500,5.6734,5.6734,0.0000,0.3662,6.0063,0.8495,5.1568,18.5493,0.7280,-7.5058,14309.6496,NA,NA,NA
python.exe,29332,0x0,Other,-1,0,0,Composed: Copy with GPU GDI,2026-8-20 19:19:16.837533900,10.5221,10.5221,0.0000,0.7034,10.3211,0.6833,9.6378,NA,NA,NA,NA,NA,NA,NA
python.exe,29332,0x0,Other,0,0,1,Hardware: Legacy Flip,2026-8-20 19:19:16.848056000,1.5220,1.5220,0.0000,0.5051,1.0852,0.1407,0.9445,3.0818,12.6378,15.4675,14325.8451,NA,NA,NA
python.exe,29332,0x0,Other,-1,0,0,Composed: Copy with GPU GDI,2026-8-20 19:19:16.849578000,0.3849,0.3849,0.0000,0.0683,1.5502,1.5502,0.0000,NA,NA,NA,NA,NA,NA,NA
python.exe,29332,0x0,Other,-1,0,0,Composed: Copy with GPU GDI,2026-8-20 19:19:16.849962900,10.9914,10.9914,0.0000,1.2382,9.9989,0.4609,9.5380,NA,NA,NA,NA,NA,NA,NA
python.exe,29332,0x0,Other,-1,0,0,Composed: Copy with GPU GDI,2026-8-20 19:19:16.860954300,1.2248,1.2248,0.0000,1.4248,0.2591,0.2591,0.0000,NA,NA,NA,NA,NA,NA,NA
python.exe,29332,0x0,Other,0,0,1,Hardware: Legacy Flip,2026-8-20 19:19:16.862179100,0.1769,0.1769,0.0000,0.0000,1.1748,0.4157,0.7591,1.5965,16.9421,1.4853,14339.9682,NA,NA,NA
python.exe,29332,0x0,Other,-1,0,0,Composed: Copy with GPU GDI,2026-8-20 19:19:16.862356000,8.2142,8.2142,0.0000,0.2822,8.4296,1.6766,6.7530,18.3617,2.6365,-16.7652,14340.1451,NA,NA,NA
python.exe,29332,0x0,Other,-1,0,0,Composed: Copy with GPU GDI,2026-8-20 19:19:16.870570200,4.6996,4.6996,0.0000,0.5015,4.6466,0.7285,3.9181,NA,NA,NA,NA,NA,NA,NA
python.exe,29332,0x0,Other,0,0,1,Hardware: Legacy Flip,2026-8-20 19:19:16.875269800,6.8674,6.8674,0.0000,0.4531,6.4956,0.1697,6.3259,8.0844,12.3220,10.2773,14353.0589,NA,NA,NA
python.exe,29332,0x0,Other,-1,0,0,Composed: Copy with GPU GDI,2026-8-20 19:19:16.882137200,0.3192,0.3192,0.0000,0.0813,1.1942,1.1942,0.0000,NA,NA,NA,NA,NA,NA,NA
python.exe,29332,0x0,Other,-1,0,0,Composed: Copy with GPU GDI,2026-8-20 19:19:16.882456400,2.7700,2.7700,0.0000,0.9601,2.0171,0.3445,1.6726,NA,NA,NA,NA,NA,NA,NA
python.exe,29332,0x0,Other,-1,0,0,Composed: Copy with GPU GDI,2026-8-20 19:19:16.885226400,8.9730,8.9730,0.0000,9.2710,0.0057,0.0057,0.0000,NA,NA,NA,NA,NA,NA,NA
python.exe,29332,0x0,Other,0,0,1,Hardware: Legacy Flip,2026-8-20 19:19:16.894199400,0.2797,0.2797,0.0000,0.0000,9.0594,0.5162,8.5432,1.4768,9.3242,6.6076,14371.9885,NA,NA,NA
python.exe,29332,0x0,Other,-1,0,0,Composed: Copy with GPU GDI,2026-8-20 19:19:16.894479100,3.6386,3.6386,0.0000,0.0240,3.7410,1.2898,2.4512,10.5213,5.6527,-9.0445,14372.2682,NA,NA,NA
python.exe,29332,0x0,Other,-1,0,0,Composed: Copy with GPU GDI,2026-8-20 19:19:16.898117700,6.0141,6.0141,0.0000,0.1292,6.0411,0.3223,5.7188,NA,NA,NA,NA,NA,NA,NA
python.exe,29332,0x0,Other,0,0,1,Hardware: Legacy Flip,2026-8-20 19:19:16.904131800,5.0459,5.0459,0.0000,0.1602,4.9980,0.2754,4.7226,6.5213,12.5167,4.0000,14381.9209,NA,NA,NA
python.exe,29332,0x0,Other,-1,0,0,Composed: Copy with GPU GDI,2026-8-20 19:19:16.909177700,5.0660,5.0660,0.0000,0.1123,5.2667,1.7575,3.5092,13.9921,6.2976,-7.4708,14386.9668,NA,NA,NA
python.exe,29332,0x0,Other,-1,0,0,Composed: Copy with GPU GDI,2026-8-20 19:19:16.914243700,2.6333,2.6333,0.0000,0.3165,2.9408,0.8042,2.1366,NA,NA,NA,NA,NA,NA,NA
python.exe,29332,0x0,Other,-1,0,0,Composed: Copy with GPU GDI,2026-8-20 19:19:16.916877000,9.1302,9.1302,0.0000,0.6322,8.7642,0.5566,8.2076,NA,NA,NA,NA,NA,NA,NA
python.exe,29332,0x0,Other,-1,0,0,Composed: Copy with GPU GDI,2026-8-20 19:19:16.926007200,1.9022,1.9022,0.0000,0.2717,1.8559,0.3724,1.4835,NA,NA,NA,NA,NA,NA,NA
python.exe,29332,0x0,Other,0,0,1,Hardware: Legacy Flip,2026-8-20 19:19:16.927909400,0.1715,0.1715,0.0000,0.2254,0.0348,0.0348,0.0000,1.5580,13.7561,12.4341,14405.6985,NA,NA,NA
python.exe,29332,0x0,Other,-1,0,0,Composed: Copy with GPU GDI,2026-8-20 19:19:16.928080900,9.1526,9.1526,0.0000,0.0887,9.4128,1.7112,7.7016,NA,NA,NA,NA,NA,NA,NA
python.exe,29332,0x0,Other,-1,0,0,Composed: Copy with GPU GDI,2026-8-20 19:19:16.937233500,3.6776,3.6776,0.0000,0.3520,4.0289,0.8630,3.1659,NA,NA,NA,NA,NA,NA,NA
python.exe,29332,0x0,Other,0,0,1,Hardware: Legacy Flip,2026-8-20 19:19:16.940911100,1.1180,1.1180,0.0000,0.7078,0.4779,0.1318,0.3461,2.3124,22.4752,-0.7544,14418.7002,NA,NA,NA
python.exe,29332,0x0,Other,-1,0,0,Composed: Copy with GPU GDI,2026-8-20 19:19:16.942029100,6.2396,6.2396,0.0000,0.0677,6.6178,1.7552,4.8626,NA,NA,NA,NA,NA,NA,NA
python.exe,29332,0x0,Other,-1,0,0,Composed: Copy with GPU GDI,2026-8-20 19:19:16.948268700,3.8797,3.8797,0.0000,0.4498,3.5568,0.2946,3.2622,17.4300,52.5381,-15.1176,14426.0578,NA,NA,NA
python.exe,29332,0x0,Other,-1,0,0,Composed: Copy with GPU GDI,2026-8-20 19:19:16.952148400,61.0674,61.0674,0.0000,0.1293,61.1518,0.5626,60.5892,NA,NA,NA,NA,NA,NA,NA
python.exe,29332,0x0,Other,-1,0,0,Composed: Copy with GPU GDI,2026-8-20 19:19:17.013215800,3.2526,3.2526,0.0000,3.6071,0.2606,0.2606,0.0000,NA,NA,NA,NA,NA,NA,NA
python.exe,29332,0x0,Other,0,0,1,Hardware: Legacy Flip,2026-8-20 19:19:17.016468400,0.2686,0.2686,0.0000,0.0000,3.3896,0.6462,2.7434,1.7684,1.6597,15.6616,14494.2575,NA,NA,NA
python.exe,29332,0x0,Other,-1,0,0,Composed: Copy with GPU GDI,2026-8-20 19:19:17.016737000,1.0753,1.0753,0.0000,1.8887,0.1558,0.1558,0.0000,NA,NA,NA,NA,NA,NA,NA
python.exe,29332,0x0,Other,0,0,1,Hardware: Legacy Flip,2026-8-20 19:19:17.017812300,0.7705,0.7705,0.0000,0.0000,1.5422,1.5422,0.0000,2.0842,9.2053,-0.3158,14495.6014,NA,NA,NA
python.exe,29332,0x0,Other,0,0,1,Hardware: Legacy Flip,2026-8-20 19:19:17.018582800,8.9614,8.9614,0.0000,0.1987,8.7874,1.0965,7.6909,10.5190,9.3469,-8.4348,14496.3719,NA,NA,NA
python.exe,29332,0x0,Other,-1,0,0,Composed: Copy with GPU GDI,2026-8-20 19:19:17.027544200,0.1814,0.1814,0.0000,0.0247,0.4130,0.4130,0.0000,NA,NA,NA,NA,NA,NA,NA
python.exe,29332,0x0,Other,-1,0,0,Composed: Copy with GPU GDI,2026-8-20 19:19:17.027725600,4.1351,4.1351,0.0000,0.2563,4.5068,1.9136,2.5932,10.7231,12.9517,-0.2041,14505.5147,NA,NA,NA
python.exe,29332,0x0,Other,-1,0,0,Composed: Copy with GPU GDI,2026-8-20 19:19:17.031860700,7.9073,7.9073,0.0000,0.6318,7.8605,0.8598,7.0007,NA,NA,NA,NA,NA,NA,NA
python.exe,29332,0x0,Other,-1,0,0,Composed: Copy with GPU GDI,2026-8-20 19:19:17.039768000,9.7874,9.7874,0.0000,0.5906,9.3699,0.3139,9.0560,NA,NA,NA,NA,NA,NA,NA
python.exe,29332,0x0,Other,0,0,1,Hardware: Legacy Flip,2026-8-20 19:19:17.049555400,0.5659,0.5659,0.0000,0.1782,0.4581,0.1401,0.3180,1.8450,11.3694,8.8781,14527.3445,NA,NA,NA
python.exe,29332,0x0,Other,-1,0,0,Composed: Copy with GPU GDI,2026-8-20 19:19:17.050121300,0.8001,0.8001,0.0000,0.0704,2.0224,2.0224,0.0000,NA,NA,NA,NA,NA,NA,NA
python.exe,29332,0x0,Other,-1,0,0,Composed: Copy with GPU GDI,2026-8-20 19:19:17.050921400,9.2974,9.2974,0.0000,1.2991,8.4263,0.6394,7.7869,NA,NA,NA,NA,NA,NA,NA
python.exe,29332,0x0,Other,0,0,1,Hardware: Legacy Flip,2026-8-20 19:19:17.060218800,1.0614,1.0614,0.0000,0.4315,0.6682,0.1127,0.5555,2.5510,18.1676,-0.7060,14538.0079,NA,NA,NA
python.exe,29332,0x0,Other,-1,0,0,Composed: Copy with GPU GDI,2026-8-20 19:19:17.061280200,0.8299,0.8299,0.0000,0.0383,1.9553,1.9553,0.0000,19.6572,4.7043,-17.1062,14539.0693,NA,NA,NA
python.exe,29332,0x0,Other,-1,0,0,Composed: Copy with GPU GDI,2026-8-20 19:19:17.062110100,10.2523,10.2523,0.0000,1.1697,9.2484,0.3616,8.8868,NA,NA,NA,NA,NA,NA,NA
python.exe,29332,0x0,Other,-1,0,0,Composed: Copy with GPU GDI,2026-8-20 19:19:17.072362400,1.0580,1.0580,0.0000,0.1714,1.0555,0.2932,0.7623,NA,NA,NA,NA,NA,NA,NA
python.exe,29332,0x0,Other,0,0,1,Hardware: Legacy Flip,2026-8-20 19:19:17.073420400,11.0816,11.0816,0.0000,0.1730,11.0472,0.1991,10.8481,12.2213,7.3953,7.4359,14551.2095,NA,NA,NA
python.exe,29332,0x0,Other,-1,0,0,Composed: Copy with GPU GDI,2026-8-20 19:19:17.084502000,0.3574,0.3574,0.0000,0.1386,1.4320,1.4320,0.0000,NA,NA,NA,NA,NA,NA,NA
python.exe,29332,0x0,Other,-1,0,0,Composed: Copy with GPU GDI,2026-8-20 19:19:17.084859400,1.2663,1.2663,0.0000,1.2204,0.7221,0.7068,0.0153,8.1776,1.8330,4.0437,14562.6485,NA,NA,NA
python.exe,29332,0x0,Other,0,0,1,Hardware: Legacy Flip,2026-8-20 19:19:17.086125700,7.5850,7.5850,0.0000,0.6810,6.9341,0.1061,6.8280,8.7443,10.3211,-0.5667,14563.9148,NA,NA,NA
python.exe,29332,0x0,Other,-1,0,0,Composed: Copy with GPU GDI,2026-8-20 19:19:17.093710700,0.8903,0.8903,0.0000,0.0301,1.6957,1.6957,0.0000,11.4804,12.1261,-2.7361,14571.4998,NA,NA,NA
python.exe,29332,0x0,Other,-1,0,0,Composed: Copy with GPU GDI,2026-8-20 19:19:17.094601000,9.9597,9.9597,0.0000,0.8409,9.2416,0.3906,8.8510,22.7162,0.7686,-11.2358,14572.3901,NA,NA,NA
python.exe,29332,0x0,Other,-1,0,0,Composed: Copy with GPU GDI,2026-8-20 19:19:17.104560700,1.2892,1.2892,0.0000,0.1891,1.4330,0.4606,0.9724,NA,NA,NA,NA,NA,NA,NA
python.exe,29332,0x0,Other,-1,0,0,Composed: Copy with GPU GDI,2026-8-20 19:19:17.105849900,10.1166,10.1166,0.0000,0.3366,10.1467,0.5733,9.5734,NA,NA,NA,NA,NA,NA,NA
python.exe,29332,0x0,Other,0,0,1,Hardware: Legacy Flip,2026-8-20 19:19:17.115966500,0.9352,0.9352,0.0000,0.3696,0.7072,0.2401,0.4671,2.1193,11.2476,20.5969,14593.7556,NA,NA,NA
python.exe,29332,0x0,Other,-1,0,0,Composed: Copy with GPU GDI,2026-8-20 19:19:17.116901700,0.3504,0.3504,0.0000,0.1416,1.3312,1.3312,0.0000,NA,NA,NA,NA,NA,NA,NA
python.exe,29332,0x0,Other,-1,0,0,Composed: Copy with GPU GDI,2026-8-20 19:19:17.117252100,10.1036,10.1036,0.0000,1.1656,9.2610,0.4823,8.7787,NA,NA,NA,NA,NA,NA,NA
python.exe,29332,0x0,Other,0,0,1,Hardware: Legacy Flip,2026-8-20 19:19:17.127355700,0.7284,0.7284,0.0000,0.3272,0.5824,0.3000,0.2824,1.9777,12.2658,0.1416,14605.1448,NA,NA,NA
python.exe,29332,0x0,Other,-1,0,0,Composed: Copy with GPU GDI,2026-8-20 19:19:17.128084100,1.2470,1.2470,0.0000,0.1812,1.5437,1.5437,0.0000,13.5151,9.7012,-11.5374,14605.8732,NA,NA,NA
python.exe,29332,0x0,Other,-1,0,0,Composed: Copy with GPU GDI,2026-8-20 19:19:17.129331100,9.4816,9.4816,0.0000,0.4825,9.2826,0.6798,8.6028,NA,NA,NA,NA,NA,NA,NA
python.exe,29332,0x0,Other,-1,0,0,Composed: Copy with GPU GDI,2026-8-20 19:19:17.138812700,3.0528,3.0528,0.0000,0.2936,3.0808,0.4965,2.5843,NA,NA,NA,NA,NA,NA,NA
python.exe,29332,0x0,Other,0,0,1,Hardware: Legacy Flip,2026-8-20 19:19:17.141865500,8.2380,8.2380,0.0000,0.3268,8.0020,0.3168,7.6852,9.4349,10.9490,4.0802,14619.6546,NA,NA,NA
python.exe,29332,0x0,Other,-1,0,0,Composed: Copy with GPU GDI,2026-8-20 19:19:17.150103500,0.4124,0.4124,0.0000,0.0908,1.5646,1.5646,0.0000,NA,NA,NA,NA,NA,NA,NA
python.exe,29332,0x0,Other,-1,0,0,Composed: Copy with GPU GDI,2026-8-20 19:19:17.150515900,3.5886,3.5886,0.0000,1.2490,2.4689,0.3061,2.1628,NA,NA,NA,NA,NA,NA,NA
python.exe,29332,0x0,Other,0,0,1,Hardware: Legacy Flip,2026-8-20 19:19:17.154104500,7.0648,7.0648,0.0000,0.1332,6.9877,0.1806,6.8071,8.1449,15.7646,1.2900,14631.8936,NA,NA,NA
python.exe,29332,0x0,Other,-1,0,0,Composed: Copy with GPU GDI,2026-8-20 19:19:17.161169300,0.9406,0.9406,0.0000,0.0561,1.8680,1.8680,0.0000,NA,NA,NA,NA,NA,NA,NA
python.exe,29332,0x0,Other,-1,0,0,Composed: Copy with GPU GDI,2026-8-20 19:19:17.162109900,2.5234,2.5234,0.0000,0.9870,1.7036,0.3572,1.3464,15.9041,6.0887,-7.7592,14639.8990,NA,NA,NA
python.exe,29332,0x0,Other,-1,0,0,Composed: Copy with GPU GDI,2026-8-20 19:19:17.164633300,6.4047,6.4047,0.0000,0.1710,6.6983,0.6989,5.9994,19.4694,0.5343,-3.5653,14642.4224,NA,NA,NA
python.exe,29332,0x0,Other,-1,0,0,Composed: Copy with GPU GDI,2026-8-20 19:19:17.171038000,11.4941,11.4941,0.0000,0.4765,11.4271,0.6194,10.8077,NA,NA,NA,NA,NA,NA,NA
python.exe,29332,0x0,Other,0,0,1,Hardware: Legacy Flip,2026-8-20 19:19:17.182532100,0.5496,0.5496,0.0000,0.4179,0.2117,0.1701,0.0416,2.1049,12.3125,17.3645,14660.3212,NA,NA,NA
python.exe,29332,0x0,Other,-1,0,0,Composed: Copy with GPU GDI,2026-8-20 19:19:17.183081700,0.4387,0.4387,0.0000,0.0800,1.5296,1.5296,0.0000,NA,NA,NA,NA,NA,NA,NA
python.exe,29332,0x0,Other,-1,0,0,Composed: Copy with GPU GDI,2026-8-20 19:19:17.183520400,10.3972,10.3972,0.0000,1.1744,9.5341,0.4603,9.0738,NA,NA,NA,NA,NA,NA,NA
python.exe,29332,0x0,Other,-1,0,0,Composed: Copy with GPU GDI,2026-8-20 19:19:17.193917600,1.6726,1.6726,0.0000,1.7933,0.0702,0.0702,0.0000,NA,NA,NA,NA,NA,NA,NA
python.exe,29332,0x0,Other,0,0,1,Hardware: Legacy Flip,2026-8-20 19:19:17.195590200,0.0949,0.0949,0.0000,0.0000,1.4796,0.4182,1.0614,1.3593,17.4256,0.7456,14673.3793,NA,NA,NA
python.exe,29332,0x0,Other,-1,0,0,Composed: Copy with GPU GDI,2026-8-20 19:19:17.195685100,8.9029,8.9029,0.0000,0.0960,8.9029,1.2991,7.6038,NA,NA,NA,NA,NA,NA,NA
python.exe,29332,0x0,Other,-1,0,0,Composed: Copy with GPU GDI,2026-8-20 19:19:17.204588000,2.8768,2.8768,0.0000,0.0980,2.9101,0.2578,2.6523,9.7871,5.1582,-8.4278,14682.3771,NA,NA,NA
python.exe,29332,0x0,Other,-1,0,0,Composed: Copy with GPU GDI,2026-8-20 19:19:17.207464800,10.3273,10.3273,0.0000,10.6822,0.2904,0.2904,0.0000,NA,NA,NA,NA,NA,NA,NA
python.exe,29332,0x0,Other,0,0,1,Hardware: Legacy Flip,2026-8-20 19:19:17.217792100,0.2532,0.2532,0.0000,0.0000,10.5327,0.4927,10.0400,1.7412,7.0338,8.0459,14695.5812,NA,NA,NA
python.exe,29332,0x0,Other,-1,0,0,Composed: Copy with GPU GDI,2026-8-20 19:19:17.218045300,0.7620,0.7620,0.0000,0.3921,1.5093,1.5093,0.0000,8.5218,3.5128,-6.7806,14695.8344,NA,NA,NA
python.exe,29332,0x0,Other,-1,0,0,Composed: Copy with GPU GDI,2026-8-20 19:19:17.218807300,9.1311,9.1311,0.0000,1.1537,8.5281,0.7356,7.7925,NA,NA,NA,NA,NA,NA,NA
python.exe,29332,0x0,Other,0,0,1,Hardware: Legacy Flip,2026-8-20 19:19:17.227938400,0.8932,0.8932,0.0000,0.5549,0.3635,0.0867,0.2768,2.1415,8.5775,6.3803,14705.7275,NA,NA,NA
python.exe,29332,0x0,Other,-1,0,0,Composed: Copy with GPU GDI,2026-8-20 19:19:17.228831600,1.9068,1.9068,0.0000,0.0252,2.2306,1.6030,0.6276,9.8258,12.1371,-7.6843,14706.6207,NA,NA,NA
python.exe,29332,0x0,Other,-1,0,0,Composed: Copy with GPU GDI,2026-8-20 19:19:17.230738400,8.7137,8.7137,0.0000,0.3529,8.7233,0.5951,8.1282,20.0561,2.2122,-10.2303,14708.5275,NA,NA,NA
python.exe,29332,0x0,Other,-1,0,0,Composed: Copy with GPU GDI,2026-8-20 19:19:17.239452100,10.4295,10.4295,0.0000,0.3653,10.2194,0.4320,9.7874,NA,NA,NA,NA,NA,NA,NA
python.exe,29332,0x0,Other,-1,0,0,Composed: Copy with GPU GDI,2026-8-20 19:19:17.249881600,1.4045,1.4045,0.0000,0.1600,1.3424,0.2779,1.0645,NA,NA,NA,NA,NA,NA,NA
python.exe,29332,0x0,Other,0,0,1,Hardware: Legacy Flip,2026-8-20 19:19:17.251286100,0.3321,0.3321,0.0000,0.1038,0.3478,0.2080,0.1398,1.7206,11.5844,18.3355,14729.0752,NA,NA,NA
python.exe,29332,0x0,Other,-1,0,0,Composed: Copy with GPU GDI,2026-8-20 19:19:17.251618200,10.2666,10.2666,0.0000,0.1195,10.6502,1.9609,8.6893,NA,NA,NA,NA,NA,NA,NA
python.exe,29332,0x0,Other,-1,0,0,Composed: Copy with GPU GDI,2026-8-20 19:19:17.261884800,1.3197,1.3197,0.0000,1.5645,0.0120,0.0120,0.0000,NA,NA,NA,NA,NA,NA,NA
python.exe,29332,0x0,Other,0,0,1,Hardware: Legacy Flip,2026-8-20 19:19:17.263204500,0.2130,0.2130,0.0000,0.0000,1.0417,0.4101,0.6316,1.3866,19.7353,0.3340,14740.9936,NA,NA,NA
python.exe,29332,0x0,Other,-1,0,0,Composed: Copy with GPU GDI,2026-8-20 19:19:17.263417500,7.9150,7.9150,0.0000,0.0438,8.1220,1.4116,6.7104,NA,NA,NA,NA,NA,NA,NA
python.exe,29332,0x0,Other,-1,0,0,Composed: Copy with GPU GDI,2026-8-20 19:19:17.271332500,2.8710,2.8710,0.0000,0.2560,2.8713,0.3954,2.4759,NA,NA,NA,NA,NA,NA,NA
python.exe,29332,0x0,Other,0,0,1,Hardware: Legacy Flip,2026-8-20 19:19:17.274203500,8.7583,8.7583,0.0000,0.2599,8.5883,0.2180,8.3703,10.1229,8.9262,-8.7363,14751.9926,NA,NA,NA
python.exe,29332,0x0,Other,-1,0,0,Composed: Copy with GPU GDI,2026-8-20 19:19:17.282961800,0.6072,0.6072,0.0000,0.0899,1.8817,1.8817,0.0000,NA,NA,NA,NA,NA,NA,NA
python.exe,29332,0x0,Other,-1,0,0,Composed: Copy with GPU GDI,2026-8-20 19:19:17.283569000,2.3923,2.3923,0.0000,1.3675,1.4419,0.5280,0.9139,9.6836,3.4115,0.4393,14761.3581,NA,NA,NA
python.exe,29332,0x0,Other,-1,0,0,Composed: Copy with GPU GDI,2026-8-20 19:19:17.285961300,8.7154,8.7154,0.0000,0.4200,8.5216,0.3765,8.1451,NA,NA,NA,NA,NA,NA,NA
python.exe,29332,0x0,Other,0,0,1,Hardware: Legacy Flip,2026-8-20 19:19:17.294676700,0.3953,0.3953,0.0000,0.2300,0.1846,0.0790,0.1056,1.9874,8.7111,7.6962,14772.4658,NA,NA,NA
python.exe,29332,0x0,Other,-1,0,0,Composed: Copy with GPU GDI,2026-8-20 19:19:17.295072000,2.6860,2.6860,0.0000,0.0193,3.0224,2.0405,0.9819,10.3032,12.1519,-8.3158,14772.8611,NA,NA,NA
python.exe,29332,0x0,Other,-1,0,0,Composed: Copy with GPU GDI,2026-8-20 19:19:17.297758000,8.8795,8.8795,0.0000,0.3651,9.0521,0.6977,8.3544,19.7691,0.3459,-9.4659,14775.5471,NA,NA,NA
python.exe,29332,0x0,Other,-1,0,0,Composed: Copy with GPU GDI,2026-8-20 19:19:17.306637500,9.2592,9.2592,0.0000,0.5426,8.8804,0.3153,8.5651,NA,NA,NA,NA,NA,NA,NA
python.exe,29332,0x0,Other,0,0,1,Hardware: Legacy Flip,2026-8-20 19:19:17.315896700,0.2575,0.2575,0.0000,0.1690,0.1545,0.1178,0.0367,1.9763,10.3213,17.7928,14793.6858,NA,NA,NA
python.exe,29332,0x0,Other,-1,0,0,Composed: Copy with GPU GDI,2026-8-20 19:19:17.316154200,1.0936,1.0936,0.0000,0.0660,1.9195,1.9195,0.0000,NA,NA,NA,NA,NA,NA,NA
python.exe,29332,0x0,Other,-1,0,0,Composed: Copy with GPU GDI,2026-8-20 19:19:17.317247800,9.0591,9.0591,0.0000,0.8959,8.3994,0.3760,8.0234,NA,NA,NA,NA,NA,NA,NA
python.exe,29332,0x0,Other,0,0,1,Hardware: Legacy Flip,2026-8-20 19:19:17.326306900,0.7628,0.7628,0.0000,0.2404,0.5383,0.0591,0.4792,1.8874,13.6753,0.0889,14804.0960,NA,NA,NA
python.exe,29332,0x0,Other,-1,0,0,Composed: Copy with GPU GDI,2026-8-20 19:19:17.327069700,1.7794,1.7794,0.0000,0.0159,2.0419,1.4451,0.5968,14.7999,5.9699,-12.9125,14804.8588,NA,NA,NA
python.exe,29332,0x0,Other,-1,0,0,Composed: Copy with GPU GDI,2026-8-20 19:19:17.328849100,8.2626,8.2626,0.0000,0.2829,8.1153,0.2913,7.8240,NA,NA,NA,NA,NA,NA,NA
python.exe,29332,0x0,Other,-1,0,0,Composed: Copy with GPU GDI,2026-8-20 19:19:17.337111700,3.2844,3.2844,0.0000,0.1383,3.3832,0.3645,3.0187,10.7278,3.2888,4.0721,14814.9008,NA,NA,NA
python.exe,29332,0x0,Other,0,0,1,Hardware: Legacy Flip,2026-8-20 19:19:17.340396100,9.3505,9.3505,0.0000,0.2445,9.1687,0.1318,9.0369,10.7322,8.8560,-0.0044,14818.1852,NA,NA,NA
python.exe,29332,0x0,Other,-1,0,0,Composed: Copy with GPU GDI,2026-8-20 19:19:17.349746600,0.7306,0.7306,0.0000,0.0627,1.8943,1.8943,0.0000,NA,NA,NA,NA,NA,NA,NA
python.exe,29332,0x0,Other,-1,0,0,Composed: Copy with GPU GDI,2026-8-20 19:19:17.350477200,1.3271,1.3271,0.0000,1.8910,0.6716,0.6716,0.0000,9.5071,1.8132,1.2251,14828.2663,NA,NA,NA
python.exe,29332,0x0,Other,-1,0,0,Composed: Copy with GPU GDI,2026-8-20 19:19:17.351804300,7.9569,7.9569,0.0000,0.5757,7.7971,0.5653,7.2318,NA,NA,NA,NA,NA,NA,NA
python.exe,29332,0x0,Other,0,0,1,Hardware: Legacy Flip,2026-8-20 19:19:17.359761200,0.8390,0.8390,0.0000,0.4193,0.4507,0.1133,0.3374,2.0363,10.3387,7.4708,14837.5503,NA,NA,NA
python.exe,29332,0x0,Other,-1,0,0,Composed: Copy with GPU GDI,2026-8-20 19:19:17.360600200,3.9627,3.9627,0.0000,0.0310,4.6378,2.0225,2.6153,11.5360,12.1322,-9.4997,14838.3893,NA,NA,NA
python.exe,29332,0x0,Other,-1,0,0,Composed: Copy with GPU GDI,2026-8-20 19:19:17.364562900,7.0587,7.0587,0.0000,0.7097,6.5484,0.3667,6.1817,19.7055,1.5960,-8.1695,14842.3520,NA,NA,NA
python.exe,29332,0x0,Other,-1,0,0,Composed: Copy with GPU GDI,2026-8-20 19:19:17.371621600,12.5249,12.5249,0.0000,0.2022,12.9053,0.8256,12.0797,NA,NA,NA,NA,NA,NA,NA
python.exe,29332,0x0,Other,0,0,1,Hardware: Legacy Flip,2026-8-20 19:19:17.384146500,0.5934,0.5934,0.0000,0.5826,0.0963,0.0963,0.0000,1.7179,8.8691,17.9876,14861.9356,NA,NA,NA
python.exe,29332,0x0,Other,-1,0,0,Composed: Copy with GPU GDI,2026-8-20 19:19:17.384739900,0.7779,0.7779,0.0000,0.0855,1.5663,1.5663,0.0000,NA,NA,NA,NA,NA,NA,NA
python.exe,29332,0x0,Other,-1,0,0,Composed: Copy with GPU GDI,2026-8-20 19:19:17.385517800,7.1638,7.1638,0.0000,0.8763,6.7158,0.5729,6.1429,NA,NA,NA,NA,NA,NA,NA
python.exe,29332,0x0,Other,0,0,1,Hardware: Legacy Flip,2026-8-20 19:19:17.392681600,0.6406,0.6406,0.0000,0.4324,0.2227,0.0567,0.1660,2.0519,13.7872,-0.3340,14870.4707,NA,NA,NA
python.exe,29332,0x0,Other,-1,0,0,Composed: Copy with GPU GDI,2026-8-20 19:19:17.393322200,1.2073,1.2073,0.0000,0.0145,1.9543,1.9543,0.0000,15.1985,6.0860,-13.1466,14871.1113,NA,NA,NA
python.exe,29332,0x0,Other,-1,0,0,Composed: Copy with GPU GDI,2026-8-20 19:19:17.394529500,9.7505,9.7505,0.0000,0.7659,9.4879,0.6446,8.8433,20.0772,2.5881,-4.8787,14872.3186,NA,NA,NA
python.exe,29332,0x0,Other,-1,0,0,Composed: Copy with GPU GDI,2026-8-20 19:19:17.404280000,4.3250,4.3250,0.0000,0.5076,4.1842,0.5467,3.6375,NA,NA,NA,NA,NA,NA,NA
python.exe,29332,0x0,Other,0,0,1,Hardware: Legacy Flip,2026-8-20 19:19:17.408605000,7.0889,7.0889,0.0000,0.3698,6.7880,0.1435,6.6445,8.5898,11.2588,11.4874,14886.3941,NA,NA,NA
python.exe,29332,0x0,Other,-1,0,0,Composed: Copy with GPU GDI,2026-8-20 19:19:17.415693900,2.5863,2.5863,0.0000,0.0689,2.8426,1.8228,1.0198,NA,NA,NA,NA,NA,NA,NA
python.exe,29332,0x0,Other,-1,0,0,Composed: Copy with GPU GDI,2026-8-20 19:19:17.418280200,0.6682,0.6682,0.0000,0.3281,0.6848,0.5005,0.1843,NA,NA,NA,NA,NA,NA,NA
python.exe,29332,0x0,Other,-1,0,0,Composed: Copy with GPU GDI,2026-8-20 19:19:17.418948400,7.9353,7.9353,0.0000,0.3606,7.9902,0.5543,7.4359,NA,NA,NA,NA,NA,NA,NA
python.exe,29332,0x0,Other,0,0,1,Hardware: Legacy Flip,2026-8-20 19:19:17.426883700,0.4238,0.4238,0.0000,0.4155,0.0589,0.0589,0.0000,1.5699,10.4647,7.0199,14904.6728,NA,NA,NA
python.exe,29332,0x0,Other,-1,0,0,Composed: Copy with GPU GDI,2026-8-20 19:19:17.427307500,4.1754,4.1754,0.0000,0.0506,4.4021,1.4404,2.9617,11.6108,12.0945,-10.0409,14905.0966,NA,NA,NA
python.exe,29332,0x0,Other,-1,0,0,Composed: Copy with GPU GDI,2026-8-20 19:19:17.431482900,8.5202,8.5202,0.0000,0.2861,8.4352,0.5598,7.8754,19.5299,1.2783,-7.9191,14909.2720,NA,NA,NA
python.exe,29332,0x0,Other,-1,0,0,Composed: Copy with GPU GDI,2026-8-20 19:19:17.440003100,9.7930,9.7930,0.0000,0.2061,9.9833,0.5330,9.4503,NA,NA,NA,NA,NA,NA,NA
python.exe,29332,0x0,Other,0,0,1,Hardware: Legacy Flip,2026-8-20 19:19:17.449796100,1.4983,1.4983,0.0000,0.4014,1.2058,0.2251,0.9807,2.4950,11.3161,17.0349,14927.5852,NA,NA,NA
python.exe,29332,0x0,Other,-1,0,0,Composed: Copy with GPU GDI,2026-8-20 19:19:17.451294400,0.5589,0.5589,0.0000,0.1089,1.7813,1.7813,0.0000,NA,NA,NA,NA,NA,NA,NA
python.exe,29332,0x0,Other,-1,0,0,Composed: Copy with GPU GDI,2026-8-20 19:19:17.451853300,7.2377,7.2377,0.0000,1.3356,6.2011,0.4604,5.7407,NA,NA,NA,NA,NA,NA,NA
python.exe,29332,0x0,Other,-1,0,0,Composed: Copy with GPU GDI,2026-8-20 19:19:17.459091000,2.9301,2.9301,0.0000,3.0477,0.0854,0.0854,0.0000,NA,NA,NA,NA,NA,NA,NA
python.exe,29332,0x0,Other,0,0,1,Hardware: Legacy Flip,2026-8-20 19:19:17.462021100,0.1015,0.1015,0.0000,0.0000,2.7202,0.2320,2.4882,1.5861,17.8671,0.9089,14939.8102,NA,NA,NA
python.exe,29332,0x0,Other,-1,0,0,Composed: Copy with GPU GDI,2026-8-20 19:19:17.462122600,10.6029,10.6029,0.0000,0.1015,10.9565,1.8759,9.0806,NA,NA,NA,NA,NA,NA,NA
python.exe,29332,0x0,Other,-1,0,0,Composed: Copy with GPU GDI,2026-8-20 19:19:17.472725500,0.7480,0.7480,0.0000,0.4630,0.7887,0.6280,0.1607,8.7488,5.3151,-7.1627,14950.5146,NA,NA,NA
python.exe,29332,0x0,Other,-1,0,0,Composed: Copy with GPU GDI,2026-8-20 19:19:17.473473500,11.1230,11.1230,0.0000,0.5080,11.2298,0.7571,10.4727,NA,NA,NA,NA,NA,NA,NA
python.exe,29332,0x0,Other,0,0,1,Hardware: Legacy Flip,2026-8-20 19:19:17.484596500,1.0781,1.0781,0.0000,0.6193,0.5779,0.2121,0.3658,2.1929,6.6983,6.5559,14962.3856,NA,NA,NA
python.exe,29332,0x0,Other,-1,0,0,Composed: Copy with GPU GDI,2026-8-20 19:19:17.485674600,1.5374,1.5374,0.0000,0.1191,1.6072,1.3593,0.2479,7.8131,4.2536,-5.6202,14963.4637,NA,NA,NA
python.exe,29332,0x0,Other,-1,0,0,Composed: Copy with GPU GDI,2026-8-20 19:19:17.487212000,7.9319,7.9319,0.0000,0.1911,8.0561,0.4954,7.5607,NA,NA,NA,NA,NA,NA,NA
python.exe,29332,0x0,Other,0,0,1,Hardware: Legacy Flip,2026-8-20 19:19:17.495143900,1.2765,1.2765,0.0000,0.3219,1.0156,0.1949,0.8207,2.5974,19.1875,5.2157,14972.9330,NA,NA,NA
python.exe,29332,0x0,Other,-1,0,0,Composed: Copy with GPU GDI,2026-8-20 19:19:17.496420400,7.5924,7.5924,0.0000,0.0610,8.1601,2.0871,6.0730,NA,NA,NA,NA,NA,NA,NA
python.exe,29332,0x0,Other,-1,0,0,Composed: Copy with GPU GDI,2026-8-20 19:19:17.504012800,1.1300,1.1300,0.0000,0.6337,0.6683,0.2995,0.3688,NA,NA,NA,NA,NA,NA,NA
python.exe,29332,0x0,Other,0,0,1,Hardware: Legacy Flip,2026-8-20 19:19:17.505142800,10.4629,10.4629,0.0000,0.1760,10.3771,0.2006,10.1765,11.7860,6.8649,-9.1886,14982.9319,NA,NA,NA
python.exe,29332,0x0,Other,-1,0,0,Composed: Copy with GPU GDI,2026-8-20 19:19:17.515605700,0.4475,0.4475,0.0000,0.0902,1.2834,1.2834,0.0000,NA,NA,NA,NA,NA,NA,NA
python.exe,29332,0x0,Other,-1,0,0,Composed: Copy with GPU GDI,2026-8-20 19:19:17.516053200,1.3076,1.3076,0.0000,0.9307,0.5792,0.3560,0.2232,7.7405,5.9677,4.0455,14993.8423,NA,NA,NA
python.exe,29332,0x0,Other,-1,0,0,Composed: Copy with GPU GDI,2026-8-20 19:19:17.517360800,9.9386,9.9386,0.0000,0.2048,10.3971,1.0237,9.3734,NA,NA,NA,NA,NA,NA,NA
python.exe,29332,0x0,Other,0,0,1,Hardware: Legacy Flip,2026-8-20 19:19:17.527299400,0.6872,0.6872,0.0000,0.6633,0.0451,0.0451,0.0000,2.4620,6.2372,5.2785,15005.0885,NA,NA,NA
python.exe,29332,0x0,Other,-1,0,0,Composed: Copy with GPU GDI,2026-8-20 19:19:17.527986600,0.2253,0.2253,0.0000,0.0212,0.6013,0.6013,0.0000,8.0120,12.1369,-5.5500,15005.7757,NA,NA,NA
python.exe,29332,0x0,Other,-1,0,0,Composed: Copy with GPU GDI,2026-8-20 19:19:17.528211900,12.0983,12.0983,0.0000,0.3972,11.9016,1.3753,10.5263,NA,NA,NA,NA,NA,NA,NA
python.exe,29332,0x0,Other,-1,0,0,Composed: Copy with GPU GDI,2026-8-20 19:19:17.540310200,1.0153,1.0153,0.0000,0.2077,1.5438,0.9760,0.5678,7.8253,3.7899,0.1867,15018.0993,NA,NA,NA
python.exe,29332,0x0,Other,0,0,1,Hardware: Legacy Flip,2026-8-20 19:19:17.541325500,9.4925,9.4925,0.0000,0.7513,8.8329,0.2168,8.6161,10.5999,8.4119,-2.7746,15019.1146,NA,NA,NA
python.exe,29332,0x0,Other,-1,0,0,Composed: Copy with GPU GDI,2026-8-20 19:19:17.550818000,0.3606,0.3606,0.0000,0.0917,1.5368,1.5368,0.0000,NA,NA,NA,NA,NA,NA,NA
python.exe,29332,0x0,Other,-1,0,0,Composed: Copy with GPU GDI,2026-8-20 19:19:17.551178600,2.2141,2.2141,0.0000,1.2731,1.1064,0.2566,0.8498,9.1587,2.9386,1.4412,15028.9677,NA,NA,NA
python.exe,29332,0x0,Other,-1,0,0,Composed: Copy with GPU GDI,2026-8-20 19:19:17.553392700,8.4700,8.4700,0.0000,8.7168,0.0900,0.0900,0.0000,NA,NA,NA,NA,NA,NA,NA
python.exe,29332,0x0,Other,0,0,1,Hardware: Legacy Flip,2026-8-20 19:19:17.561862700,0.2246,0.2246,0.0000,0.0000,8.5471,0.4976,8.0495,1.4132,9.0231,7.7455,15039.6518,NA,NA,NA
python.exe,29332,0x0,Other,-1,0,0,Composed: Copy with GPU GDI,2026-8-20 19:19:17.562087300,2.9036,2.9036,0.0000,0.1122,2.9575,1.3823,1.5752,10.2117,11.1406,-8.7985,15039.8764,NA,NA,NA
python.exe,29332,0x0,Other,-1,0,0,Composed: Copy with GPU GDI,2026-8-20 19:19:17.564990900,7.7164,7.7164,0.0000,0.1691,7.8966,0.6664,7.2302,NA,NA,NA,NA,NA,NA,NA
python.exe,29332,0x0,Other,0,0,1,Hardware: Legacy Flip,2026-8-20 19:19:17.572707300,9.3700,9.3700,0.0000,0.3657,9.1268,0.3106,8.8162,10.7323,13.1856,-0.5206,15050.4964,NA,NA,NA
python.exe,29332,0x0,Other,-1,0,0,Composed: Copy with GPU GDI,2026-8-20 19:19:17.582077300,0.4004,0.4004,0.0000,0.1225,1.2864,1.2864,0.0000,NA,NA,NA,NA,NA,NA,NA
python.exe,29332,0x0,Other,-1,0,0,Composed: Copy with GPU GDI,2026-8-20 19:19:17.582477700,1.4687,1.4687,0.0000,1.0126,0.5920,0.2747,0.3173,14.1475,2.0368,-3.4152,15060.2668,NA,NA,NA
python.exe,29332,0x0,Other,-1,0,0,Composed: Copy with GPU GDI,2026-8-20 19:19:17.583946400,12.2158,12.2158,0.0000,0.1424,12.4080,0.5437,11.8643,NA,NA,NA,NA,NA,NA,NA
python.exe,29332,0x0,Other,-1,0,0,Composed: Copy with GPU GDI,2026-8-20 19:19:17.596162200,1.0647,1.0647,0.0000,1.2677,0.1646,0.1646,0.0000,NA,NA,NA,NA,NA,NA,NA
python.exe,29332,0x0,Other,0,0,1,Hardware: Legacy Flip,2026-8-20 19:19:17.597226900,0.1756,0.1756,0.0000,0.0000,0.9306,0.3890,0.5416,1.4351,19.9969,12.7124,15075.0160,NA,NA,NA
python.exe,29332,0x0,Other,-1,0,0,Composed: Copy with GPU GDI,2026-8-20 19:19:17.597402500,7.6140,7.6140,0.0000,0.1920,7.6918,1.3637,6.3281,NA,NA,NA,NA,NA,NA,NA
python.exe,29332,0x0,Other,-1,0,0,Composed: Copy with GPU GDI,2026-8-20 19:19:17.605016500,1.6972,1.6972,0.0000,0.2743,1.9523,0.6097,1.3426,NA,NA,NA,NA,NA,NA,NA
python.exe,29332,0x0,Other,0,0,1,Hardware: Legacy Flip,2026-8-20 19:19:17.606713700,10.7356,10.7356,0.0000,0.5317,10.2709,0.1363,10.1346,11.9452,8.2483,-10.5101,15084.5028,NA,NA,NA
python.exe,29332,0x0,Other,-1,0,0,Composed: Copy with GPU GDI,2026-8-20 19:19:17.617449300,0.2297,0.2297,0.0000,0.0670,1.2247,1.2247,0.0000,NA,NA,NA,NA,NA,NA,NA
python.exe,29332,0x0,Other,-1,0,0,Composed: Copy with GPU GDI,2026-8-20 19:19:17.617679000,1.1628,1.1628,0.0000,1.0649,0.4157,0.4157,0.0000,9.2282,3.4686,2.7170,15095.4681,NA,NA,NA
python.exe,29332,0x0,Other,-1,0,0,Composed: Copy with GPU GDI,2026-8-20 19:19:17.618841800,9.2548,9.2548,0.0000,0.3314,9.2517,0.5124,8.7393,NA,NA,NA,NA,NA,NA,NA
python.exe,29332,0x0,Other,0,0,1,Hardware: Legacy Flip,2026-8-20 19:19:17.628096600,1.2599,1.2599,0.0000,0.3586,0.9218,0.0835,0.8383,2.2792,8.7032,6.9490,15105.8857,NA,NA,NA
python.exe,29332,0x0,Other,-1,0,0,Composed: Copy with GPU GDI,2026-8-20 19:19:17.629356500,2.3296,2.3296,0.0000,0.0205,3.0021,1.7750,1.2271,9.7225,12.0952,-7.4433,15107.1456,NA,NA,NA
python.exe,29332,0x0,Other,-1,0,0,Composed: Copy with GPU GDI,2026-8-20 19:19:17.631686100,8.6215,8.6215,0.0000,0.6994,8.0418,0.3859,7.6559,19.4881,0.4219,-9.7656,15109.4752,NA,NA,NA
python.exe,29332,0x0,Other,-1,0,0,Composed: Copy with GPU GDI,2026-8-20 19:19:17.640307600,9.1348,9.1348,0.0000,0.1237,9.1866,0.3464,8.8402,NA,NA,NA,NA,NA,NA,NA
python.exe,29332,0x0,Other,0,0,1,Hardware: Legacy Flip,2026-8-20 19:19:17.649442400,0.9746,0.9746,0.0000,0.1803,0.8638,0.1323,0.7315,2.1537,11.3830,17.3344,15127.2315,NA,NA,NA
python.exe,29332,0x0,Other,-1,0,0,Composed: Copy with GPU GDI,2026-8-20 19:19:17.650417000,0.6862,0.6862,0.0000,0.0695,1.5933,1.5933,0.0000,NA,NA,NA,NA,NA,NA,NA
python.exe,29332,0x0,Other,-1,0,0,Composed: Copy with GPU GDI,2026-8-20 19:19:17.651103200,9.3329,9.3329,0.0000,0.9803,8.5053,0.3876,8.1177,NA,NA,NA,NA,NA,NA,NA
python.exe,29332,0x0,Other,-1,0,0,Composed: Copy with GPU GDI,2026-8-20 19:19:17.660436100,1.1531,1.1531,0.0000,1.2961,0.2259,0.2259,0.0000,NA,NA,NA,NA,NA,NA,NA
python.exe,29332,0x0,Other,0,0,1,Hardware: Legacy Flip,2026-8-20 19:19:17.661589200,0.1125,0.1125,0.0000,0.0000,1.1368,0.2844,0.8524,1.3899,18.5400,0.7638,15139.3783,NA,NA,NA
python.exe,29332,0x0,Other,-1,0,0,Composed: Copy with GPU GDI,2026-8-20 19:19:17.661701700,10.9660,10.9660,0.0000,0.2564,11.1133,1.5887,9.5246,19.8174,4.3292,-18.4275,15139.4908,NA,NA,NA
python.exe,29332,0x0,Other,-1,0,0,Composed: Copy with GPU GDI,2026-8-20 19:19:17.672667700,11.4957,11.4957,0.0000,0.4099,11.3281,0.5003,10.8278,NA,NA,NA,NA,NA,NA,NA
python.exe,29332,0x0,Other,0,0,1,Hardware: Legacy Flip,2026-8-20 19:19:17.684163400,0.5281,0.5281,0.0000,0.2464,0.3951,0.1750,0.2201,1.6849,7.8101,18.1325,15161.9525,NA,NA,NA
python.exe,29332,0x0,Other,-1,0,0,Composed: Copy with GPU GDI,2026-8-20 19:19:17.684691500,1.5872,1.5872,0.0000,0.1134,1.7034,1.2580,0.4454,8.9669,0.5814,-7.2820,15162.4806,NA,NA,NA
python.exe,29332,0x0,Other,0,0,1,Hardware: Legacy Flip,2026-8-20 19:19:17.686278700,6.7161,6.7161,0.0000,0.2445,6.4913,0.0775,6.4138,7.9611,11.5750,1.0058,15164.0678,NA,NA,NA
python.exe,29332,0x0,Other,-1,0,0,Composed: Copy with GPU GDI,2026-8-20 19:19:17.692994800,0.6395,0.6395,0.0000,0.0197,1.8182,1.8182,0.0000,NA,NA,NA,NA,NA,NA,NA
python.exe,29332,0x0,Other,-1,0,0,Composed: Copy with GPU GDI,2026-8-20 19:19:17.693634300,4.0017,4.0017,0.0000,1.2027,2.8990,0.2208,2.6782,12.1805,11.5565,-4.2194,15171.4234,NA,NA,NA
python.exe,29332,0x0,Other,-1,0,0,Composed: Copy with GPU GDI,2026-8-20 19:19:17.697636000,9.0451,9.0451,0.0000,0.1034,9.6246,1.1091,8.5155,NA,NA,NA,NA,NA,NA,NA
python.exe,29332,0x0,Other,-1,0,0,Composed: Copy with GPU GDI,2026-8-20 19:19:17.706681100,8.4904,8.4904,0.0000,0.6960,8.0166,0.3653,7.6513,NA,NA,NA,NA,NA,NA,NA
python.exe,29332,0x0,Other,0,0,1,Hardware: Legacy Flip,2026-8-20 19:19:17.715171500,1.1300,1.1300,0.0000,0.2261,1.0221,0.2139,0.8082,2.1998,11.7265,9.9807,15192.9606,NA,NA,NA
python.exe,29332,0x0,Other,-1,0,0,Composed: Copy with GPU GDI,2026-8-20 19:19:17.716301500,0.5975,0.5975,0.0000,0.1182,1.6765,1.6765,0.0000,NA,NA,NA,NA,NA,NA,NA
python.exe,29332,0x0,Other,-1,0,0,Composed: Copy with GPU GDI,2026-8-20 19:19:17.716899000,9.5969,9.5969,0.0000,1.2364,8.9407,0.8043,8.1364,NA,NA,NA,NA,NA,NA,NA
python.exe,29332,0x0,Other,0,0,1,Hardware: Legacy Flip,2026-8-20 19:19:17.726495900,1.3299,1.3299,0.0000,0.5915,0.7712,0.0883,0.6829,2.6019,7.0702,-0.4021,15204.2850,NA,NA,NA
python.exe,29332,0x0,Other,-1,0,0,Composed: Copy with GPU GDI,2026-8-20 19:19:17.727825800,0.8284,0.8284,0.0000,0.0328,1.7556,1.7556,0.0000,8.3422,8.5377,-5.7403,15205.6149,NA,NA,NA
python.exe,29332,0x0,Other,-1,0,0,Composed: Copy with GPU GDI,2026-8-20 19:19:17.728654200,9.2093,9.2093,0.0000,0.9635,8.3937,0.3221,8.0716,NA,NA,NA,NA,NA,NA,NA
python.exe,29332,0x0,Other,-1,0,0,Composed: Copy with GPU GDI,2026-8-20 19:19:17.737863500,1.9955,1.9955,0.0000,0.1602,2.5297,0.8457,1.6840,NA,NA,NA,NA,NA,NA,NA
python.exe,29332,0x0,Other,0,0,1,Hardware: Legacy Flip,2026-8-20 19:19:17.739859000,3.4478,3.4478,0.0000,0.6978,2.8233,0.1907,2.6326,4.8467,15.6722,3.4955,15217.6481,NA,NA,NA
python.exe,29332,0x0,Other,-1,0,0,Composed: Copy with GPU GDI,2026-8-20 19:19:17.743306800,6.7300,6.7300,0.0000,0.0733,6.9221,1.7937,5.1284,NA,NA,NA,NA,NA,NA,NA
python.exe,29332,0x0,Other,-1,0,0,Composed: Copy with GPU GDI,2026-8-20 19:19:17.750036800,2.5338,2.5338,0.0000,0.2693,2.5987,0.4210,2.1777,10.3411,2.7477,-5.4944,15227.8259,NA,NA,NA
python.exe,29332,0x0,Other,-1,0,0,Composed: Copy with GPU GDI,2026-8-20 19:19:17.752570600,8.4371,8.4371,0.0000,0.3375,8.2089,0.2502,7.9587,NA,NA,NA,NA,NA,NA,NA
python.exe,29332,0x0,Other,0,0,1,Hardware: Legacy Flip,2026-8-20 19:19:17.761007700,0.9424,0.9424,0.0000,0.1129,0.9157,0.1499,0.7658,2.1179,9.3739,8.2232,15238.7968,NA,NA,NA
python.exe,29332,0x0,Other,-1,0,0,Composed: Copy with GPU GDI,2026-8-20 19:19:17.761950100,2.1814,2.1814,0.0000,0.0862,2.8225,1.8854,0.9371,10.5494,11.9686,-8.4315,15239.7392,NA,NA,NA
python.exe,29332,0x0,Other,-1,0,0,Composed: Copy with GPU GDI,2026-8-20 19:19:17.764131500,8.2579,8.2579,0.0000,0.7324,7.9790,0.5843,7.3947,NA,NA,NA,NA,NA,NA,NA
python.exe,29332,0x0,Other,-1,0,0,Composed: Copy with GPU GDI,2026-8-20 19:19:17.772389400,10.0556,10.0556,0.0000,0.4584,10.1142,0.6852,9.4290,NA,NA,NA,NA,NA,NA,NA
python.exe,29332,0x0,Other,0,0,1,Hardware: Legacy Flip,2026-8-20 19:19:17.782445000,0.8827,0.8827,0.0000,0.5317,0.4765,0.1951,0.2814,2.0231,11.3755,8.5263,15260.2341,NA,NA,NA
python.exe,29332,0x0,Other,-1,0,0,Composed: Copy with GPU GDI,2026-8-20 19:19:17.783327700,0.2874,0.2874,0.0000,0.1255,1.0797,1.0797,0.0000,NA,NA,NA,NA,NA,NA,NA
python.exe,29332,0x0,Other,-1,0,0,Composed: Copy with GPU GDI,2026-8-20 19:19:17.783615100,10.5306,10.5306,0.0000,0.9211,9.8948,0.4121,9.4827,NA,NA,NA,NA,NA,NA,NA
python.exe,29332,0x0,Other,0,0,1,Hardware: Legacy Flip,2026-8-20 19:19:17.794145700,0.6748,0.6748,0.0000,0.2880,0.5481,0.2172,0.3309,1.6979,6.9851,0.3252,15271.9348,NA,NA,NA
python.exe,29332,0x0,Other,-1,0,0,Composed: Copy with GPU GDI,2026-8-20 19:19:17.794820500,0.5945,0.5945,0.0000,0.1613,1.4295,1.4295,0.0000,8.0082,12.1383,-6.3103,15272.6096,NA,NA,NA
python.exe,29332,0x0,Other,-1,0,0,Composed: Copy with GPU GDI,2026-8-20 19:19:17.795415000,9.1402,9.1402,0.0000,0.9988,8.3209,0.3531,7.9678,NA,NA,NA,NA,NA,NA,NA
python.exe,29332,0x0,Other,-1,0,0,Composed: Copy with GPU GDI,2026-8-20 19:19:17.804555200,2.1012,2.1012,0.0000,0.1822,2.3039,0.5258,1.7781,10.4118,0.9974,-2.4036,15282.3443,NA,NA,NA
python.exe,29332,0x0,Other,0,0,1,Hardware: Legacy Flip,2026-8-20 19:19:17.806656400,8.2183,8.2183,0.0000,0.3879,8.0704,0.2909,7.7795,9.3080,11.1460,1.1038,15284.4455,NA,NA,NA
python.exe,29332,0x0,Other,-1,0,0,Composed: Copy with GPU GDI,2026-8-20 19:19:17.814874700,0.8313,0.8313,0.0000,0.2400,1.3987,1.3987,0.0000,NA,NA,NA,NA,NA,NA,NA
python.exe,29332,0x0,Other,-1,0,0,Composed: Copy with GPU GDI,2026-8-20 19:19:17.815706000,3.7095,3.7095,0.0000,0.8135,3.2871,0.6209,2.6662,11.4044,0.2940,-2.0964,15293.4951,NA,NA,NA
python.exe,29332,0x0,Other,0,0,1,Hardware: Legacy Flip,2026-8-20 19:19:17.819415500,6.6181,6.6181,0.0000,0.4009,6.2468,0.0969,6.1499,7.9889,11.9345,3.4155,15297.2046,NA,NA,NA
python.exe,29332,0x0,Other,-1,0,0,Composed: Copy with GPU GDI,2026-8-20 19:19:17.826033600,0.7468,0.7468,0.0000,0.0296,1.8575,1.8575,0.0000,NA,NA,NA,NA,NA,NA,NA
python.exe,29332,0x0,Other,-1,0,0,Composed: Copy with GPU GDI,2026-8-20 19:19:17.826780400,3.8114,3.8114,0.0000,1.1460,3.0703,0.5077,2.5626,12.5585,9.9866,-4.5696,15304.5695,NA,NA,NA
python.exe,29332,0x0,Other,-1,0,0,Composed: Copy with GPU GDI,2026-8-20 19:19:17.830591800,6.9811,6.9811,0.0000,0.4100,6.7337,0.3038,6.4299,NA,NA,NA,NA,NA,NA,NA
python.exe,29332,0x0,Other,0,0,1,Hardware: Legacy Flip,2026-8-20 19:19:17.837572900,10.6106,10.6106,0.0000,0.1654,10.7766,0.4438,10.3328,11.7526,8.1134,0.8059,15315.3620,NA,NA,NA
python.exe,29332,0x0,Other,-1,0,0,Composed: Copy with GPU GDI,2026-8-20 19:19:17.848183500,0.8180,0.8180,0.0000,0.3314,1.3111,1.3111,0.0000,NA,NA,NA,NA,NA,NA,NA
python.exe,29332,0x0,Other,-1,0,0,Composed: Copy with GPU GDI,2026-8-20 19:19:17.849001500,1.3034,1.3034,0.0000,0.8290,0.8972,0.5441,0.3531,8.4374,4.4163,3.3152,15326.7906,NA,NA,NA
python.exe,29332,0x0,Other,-1,0,0,Composed: Copy with GPU GDI,2026-8-20 19:19:17.850304900,9.4289,9.4289,0.0000,0.4277,9.6612,1.0640,8.5972,NA,NA,NA,NA,NA,NA,NA
python.exe,29332,0x0,Other,0,0,1,Hardware: Legacy Flip,2026-8-20 19:19:17.859733800,1.1046,1.1046,0.0000,0.6632,0.4616,0.0715,0.3901,2.1214,7.8380,6.3160,15337.5229,NA,NA,NA
python.exe,29332,0x0,Other,-1,0,0,Composed: Copy with GPU GDI,2026-8-20 19:19:17.860838400,0.4283,0.4283,0.0000,0.0202,1.5854,1.5854,0.0000,8.8548,12.0871,-6.7334,15338.6275,NA,NA,NA
python.exe,29332,0x0,Other,-1,0,0,Composed: Copy with GPU GDI,2026-8-20 19:19:17.861266700,9.9503,9.9503,0.0000,1.1812,9.4007,0.7647,8.6360,NA,NA,NA,NA,NA,NA,NA
python.exe,29332,0x0,Other,-1,0,0,Composed: Copy with GPU GDI,2026-8-20 19:19:17.871217000,2.7034,2.7034,0.0000,0.6358,2.1961,0.3048,1.8913,10.5633,1.9296,-1.7085,15349.0061,NA,NA,NA
python.exe,29332,0x0,Other,0,0,1,Hardware: Legacy Flip,2026-8-20 19:19:17.873920400,8.7117,8.7117,0.0000,0.1311,8.7153,0.3144,8.4009,9.7895,10.1429,0.7738,15351.7095,NA,NA,NA
python.exe,29332,0x0,Other,-1,0,0,Composed: Copy with GPU GDI,2026-8-20 19:19:17.882632100,0.8365,0.8365,0.0000,0.1347,1.5340,1.5340,0.0000,NA,NA,NA,NA,NA,NA,NA
python.exe,29332,0x0,Other,-1,0,0,Composed: Copy with GPU GDI,2026-8-20 19:19:17.883468600,2.8430,2.8430,0.0000,0.8355,2.2883,0.4557,1.8326,10.3842,2.1763,-0.5947,15361.2577,NA,NA,NA
python.exe,29332,0x0,Other,-1,0,0,Composed: Copy with GPU GDI,2026-8-20 19:19:17.886311600,7.9360,7.9360,0.0000,0.2837,7.8312,0.3957,7.4355,NA,NA,NA,NA,NA,NA,NA
python.exe,29332,0x0,Other,0,0,1,Hardware: Legacy Flip,2026-8-20 19:19:17.894247600,0.8322,0.8322,0.0000,0.1973,0.6750,0.1754,0.4996,1.7815,9.9271,8.6027,15372.0367,NA,NA,NA
python.exe,29332,0x0,Other,-1,0,0,Composed: Copy with GPU GDI,2026-8-20 19:19:17.895079800,2.6185,2.6185,0.0000,0.0401,2.8127,1.2259,1.5868,10.8764,11.5537,-9.0949,15372.8689,NA,NA,NA
python.exe,29332,0x0,Other,-1,0,0,Composed: Copy with GPU GDI,2026-8-20 19:19:17.897698300,7.5093,7.5093,0.0000,0.2381,7.3582,0.2154,7.1428,NA,NA,NA,NA,NA,NA,NA
python.exe,29332,0x0,Other,-1,0,0,Composed: Copy with GPU GDI,2026-8-20 19:19:17.905207600,4.8174,4.8174,0.0000,0.0899,5.6013,1.1689,4.4324,NA,NA,NA,NA,NA,NA,NA
python.exe,29332,0x0,Other,0,0,1,Hardware: Legacy Flip,2026-8-20 19:19:17.910025000,6.3387,6.3387,0.0000,0.8773,5.5304,0.1319,5.3985,7.4849,10.7021,3.3915,15387.8141,NA,NA,NA
python.exe,29332,0x0,Other,-1,0,0,Composed: Copy with GPU GDI,2026-8-20 19:19:17.916363700,1.2998,1.2998,0.0000,0.0690,1.4107,1.2580,0.1527,NA,NA,NA,NA,NA,NA,NA
python.exe,29332,0x0,Other,-1,0,0,Composed: Copy with GPU GDI,2026-8-20 19:19:17.917663500,8.5986,8.5986,0.0000,0.1829,8.7931,0.5201,8.2730,NA,NA,NA,NA,NA,NA,NA
python.exe,29332,0x0,Other,0,0,1,Hardware: Legacy Flip,2026-8-20 19:19:17.926262100,0.8618,0.8618,0.0000,0.3813,0.4999,0.0672,0.4327,1.9499,8.0834,5.5350,15404.0512,NA,NA,NA
python.exe,29332,0x0,Other,-1,0,0,Composed: Copy with GPU GDI,2026-8-20 19:19:17.927123900,1.8643,1.8643,0.0000,0.0194,2.5673,1.7852,0.7821,9.1715,7.7433,-7.2216,15404.9130,NA,NA,NA
python.exe,29332,0x0,Other,-1,0,0,Composed: Copy with GPU GDI,2026-8-20 19:19:17.928988200,9.0926,9.0926,0.0000,0.7272,8.7136,0.5338,8.1798,NA,NA,NA,NA,NA,NA,NA
python.exe,29332,0x0,Other,-1,0,0,Composed: Copy with GPU GDI,2026-8-20 19:19:17.938080800,2.5907,2.5907,0.0000,0.3729,2.4118,0.4075,2.0043,NA,NA,NA,NA,NA,NA,NA
python.exe,29332,0x0,Other,0,0,1,Hardware: Legacy Flip,2026-8-20 19:19:17.940671500,1.9312,1.9312,0.0000,0.2005,1.8732,0.2032,1.6700,3.3672,16.5606,5.8043,15418.4606,NA,NA,NA
python.exe,29332,0x0,Other,-1,0,0,Composed: Copy with GPU GDI,2026-8-20 19:19:17.942602700,7.3398,7.3398,0.0000,0.1425,7.3014,1.4160,5.8854,NA,NA,NA,NA,NA,NA,NA
python.exe,29332,0x0,Other,-1,0,0,Composed: Copy with GPU GDI,2026-8-20 19:19:17.949942500,2.9846,2.9846,0.0000,0.1094,3.2815,0.5921,2.6894,10.6568,1.6814,-7.2896,15427.7316,NA,NA,NA
python.exe,29332,0x0,Other,-1,0,0,Composed: Copy with GPU GDI,2026-8-20 19:19:17.952927100,7.1630,7.1630,0.0000,0.4101,7.0348,0.4256,6.6092,NA,NA,NA,NA,NA,NA,NA
python.exe,29332,0x0,Other,0,0,1,Hardware: Legacy Flip,2026-8-20 19:19:17.960090100,1.1661,1.1661,0.0000,0.2887,0.9863,0.2554,0.7309,2.1906,16.5078,8.4662,15437.8792,NA,NA,NA
python.exe,29332,0x0,Other,-1,0,0,Composed: Copy with GPU GDI,2026-8-20 19:19:17.961256200,3.3536,3.3536,0.0000,0.1089,3.6561,1.3770,2.2791,17.5323,5.4847,-15.3417,15439.0453,NA,NA,NA
python.exe,29332,0x0,Other,-1,0,0,Composed: Copy with GPU GDI,2026-8-20 19:19:17.964609800,7.9708,7.9708,0.0000,0.4146,7.9335,0.5638,7.3697,NA,NA,NA,NA,NA,NA,NA
python.exe,29332,0x0,Other,0,0,1,Hardware: Legacy Flip,2026-8-20 19:19:17.972580600,10.3696,10.3696,0.0000,0.3804,10.1041,0.2271,9.8770,11.6926,12.2908,5.8397,15450.3697,NA,NA,NA
python.exe,29332,0x0,Other,-1,0,0,Composed: Copy with GPU GDI,2026-8-20 19:19:17.982950200,0.4333,0.4333,0.0000,0.1149,1.2722,1.2722,0.0000,NA,NA,NA,NA,NA,NA,NA
python.exe,29332,0x0,Other,-1,0,0,Composed: Copy with GPU GDI,2026-8-20 19:19:17.983383500,0.5761,0.5761,0.0000,0.9584,0.0097,0.0097,0.0000,NA,NA,NA,NA,NA,NA,NA
python.exe,29332,0x0,Other,-1,0,0,Composed: Copy with GPU GDI,2026-8-20 19:19:17.983959600,9.9182,9.9182,0.0000,0.3902,9.6604,0.2818,9.3786,NA,NA,NA,NA,NA,NA,NA
python.exe,29332,0x0,Other,0,0,1,Hardware: Legacy Flip,2026-8-20 19:19:17.993877800,1.6428,1.6428,0.0000,0.1352,1.5296,0.0730,1.4566,2.6862,6.4624,9.0064,15471.6669,NA,NA,NA
python.exe,29332,0x0,Other,-1,0,0,Composed: Copy with GPU GDI,2026-8-20 19:19:17.995520600,0.1703,0.1703,0.0000,0.0220,1.1190,1.1190,0.0000,7.5058,7.8679,-4.8196,15473.3097,NA,NA,NA
python.exe,29332,0x0,Other,-1,0,0,Composed: Copy with GPU GDI,2026-8-20 19:19:17.995690900,10.0204,10.0204,0.0000,0.9732,9.2354,0.4541,8.7813,NA,NA,NA,NA,NA,NA,NA
python.exe,29332,0x0,Other,-1,0,0,Composed: Copy with GPU GDI,2026-8-20 19:19:18.005711300,1.6640,1.6640,0.0000,0.1926,1.8548,0.4706,1.3842,NA,NA,NA,NA,NA,NA,NA
python.exe,29332,0x0,Other,0,0,1,Hardware: Legacy Flip,2026-8-20 19:19:18.007375300,2.2387,2.2387,0.0000,0.4041,1.9285,0.1841,1.7444,3.5190,61.5895,3.9868,15485.1644,NA,NA,NA
python.exe,29332,0x0,Other,-1,0,0,Composed: Copy with GPU GDI,2026-8-20 19:19:18.009614000,57.6466,57.6466,0.0000,0.0939,58.0250,1.6585,56.3665,NA,NA,NA,NA,NA,NA,NA
python.exe,29332,0x0,Other,-1,0,0,Composed: Copy with GPU GDI,2026-8-20 19:19:18.067260600,1.1197,1.1197,0.0000,0.4772,0.9526,0.4812,0.4714,NA,NA,NA,NA,NA,NA,NA
python.exe,29332,0x0,Other,-1,0,0,Composed: Copy with GPU GDI,2026-8-20 19:19:18.068380300,2.4695,2.4695,0.0000,0.3130,2.6992,0.7017,1.9975,NA,NA,NA,NA,NA,NA,NA
python.exe,29332,0x0,Other,0,0,1,Hardware: Legacy Flip,2026-8-20 19:19:18.070849800,0.5190,0.5190,0.0000,0.5427,0.0761,0.0761,0.0000,1.6340,4.6065,1.8850,15548.6389,NA,NA,NA
python.exe,29332,0x0,Other,-1,0,0,Composed: Copy with GPU GDI,2026-8-20 19:19:18.071368800,2.2740,2.2740,0.0000,0.0998,2.4637,1.2300,1.2337,NA,NA,NA,NA,NA,NA,NA
python.exe,29332,0x0,Other,0,0,1,Hardware: Legacy Flip,2026-8-20 19:19:18.073642800,2.4094,2.4094,0.0000,0.2928,2.1443,0.1166,2.0277,3.4475,17.0160,-1.8135,15551.4319,NA,NA,NA
python.exe,29332,0x0,Other,-1,0,0,Composed: Copy with GPU GDI,2026-8-20 19:19:18.076052200,6.7778,6.7778,0.0000,0.0277,7.0351,1.4325,5.6026,NA,NA,NA,NA,NA,NA,NA
python.exe,29332,0x0,Other,-1,0,0,Composed: Copy with GPU GDI,2026-8-20 19:19:18.082830000,3.1231,3.1231,0.0000,0.3031,3.5200,0.8400,2.6800,11.2763,5.1030,-7.8288,15560.6191,NA,NA,NA
python.exe,29332,0x0,Other,-1,0,0,Composed: Copy with GPU GDI,2026-8-20 19:19:18.085953100,11.6868,11.6868,0.0000,11.9531,0.3365,0.3365,0.0000,NA,NA,NA,NA,NA,NA,NA
python.exe,29332,0x0,Other,0,0,1,Hardware: Legacy Flip,2026-8-20 19:19:18.097639900,0.1576,0.1576,0.0000,0.0000,11.2478,0.5917,10.6561,1.5694,19.1263,9.7069,15575.4290,NA,NA,NA
python.exe,29332,0x0,Other,-1,0,0,Composed: Copy with GPU GDI,2026-8-20 19:19:18.097797500,8.0021,8.0021,0.0000,0.4452,7.7617,1.2254,6.5363,20.5381,0.1492,-18.9687,15575.5866,NA,NA,NA
python.exe,29332,0x0,Other,-1,0,0,Composed: Copy with GPU GDI,2026-8-20 19:19:18.105799600,10.3507,10.3507,0.0000,0.2077,10.4828,0.4835,9.9993,NA,NA,NA,NA,NA,NA,NA
python.exe,29332,0x0,Other,-1,0,0,Composed: Copy with GPU GDI,2026-8-20 19:19:18.116150300,1.0620,1.0620,0.0000,1.2482,0.0432,0.0432,0.0000,NA,NA,NA,NA,NA,NA,NA
python.exe,29332,0x0,Other,0,0,1,Hardware: Legacy Flip,2026-8-20 19:19:18.117212300,0.1414,0.1414,0.0000,0.0000,0.9036,0.3414,0.5622,1.2725,10.2834,19.2656,15595.0014,NA,NA,NA
python.exe,29332,0x0,Other,-1,0,0,Composed: Copy with GPU GDI,2026-8-20 19:19:18.117353700,9.4040,9.4040,0.0000,0.0880,9.4307,1.1590,8.2717,NA,NA,NA,NA,NA,NA,NA
python.exe,29332,0x0,Other,0,0,1,Hardware: Legacy Flip,2026-8-20 19:19:18.126757700,1.0152,1.0152,0.0000,0.1179,0.9179,0.0768,0.8411,2.0105,7.7636,-0.7380,15604.5468,NA,NA,NA
python.exe,29332,0x0,Other,-1,0,0,Composed: Copy with GPU GDI,2026-8-20 19:19:18.127772900,0.1325,0.1325,0.0000,0.0206,1.0424,1.0424,0.0000,8.7589,12.0975,-6.7484,15605.5620,NA,NA,NA
python.exe,29332,0x0,Other,-1,0,0,Composed: Copy with GPU GDI,2026-8-20 19:19:18.127905400,10.8774,10.8774,0.0000,0.9340,10.5175,0.7937,9.7238,NA,NA,NA,NA,NA,NA,NA
python.exe,29332,0x0,Other,-1,0,0,Composed: Copy with GPU GDI,2026-8-20 19:19:18.138782800,2.0408,2.0408,0.0000,0.5834,1.6874,0.4000,1.2874,9.8465,3.3913,-1.0876,15616.5719,NA,NA,NA
python.exe,29332,0x0,Other,-1,0,0,Composed: Copy with GPU GDI,2026-8-20 19:19:18.140823600,9.5942,9.5942,0.0000,10.0576,0.1852,0.1852,0.0000,NA,NA,NA,NA,NA,NA,NA
python.exe,29332,0x0,Other,0,0,1,Hardware: Legacy Flip,2026-8-20 19:19:18.150417800,0.3521,0.3521,0.0000,0.0000,9.8249,0.6302,9.1947,1.6028,8.7678,8.2437,15628.2069,NA,NA,NA
python.exe,29332,0x0,Other,-1,0,0,Composed: Copy with GPU GDI,2026-8-20 19:19:18.150769900,1.9092,1.9092,0.0000,0.2965,1.9313,1.2980,0.6333,10.0185,4.8257,-8.4157,15628.5590,NA,NA,NA
python.exe,29332,0x0,Other,-1,0,0,Composed: Copy with GPU GDI,2026-8-20 19:19:18.152679100,11.3160,11.3160,0.0000,0.3237,11.1489,0.3884,10.7605,NA,NA,NA,NA,NA,NA,NA
python.exe,29332,0x0,Other,0,0,1,Hardware: Legacy Flip,2026-8-20 19:19:18.163995100,0.2265,0.2265,0.0000,0.1611,0.0940,0.0905,0.0035,1.6190,7.2864,8.3995,15641.7842,NA,NA,NA
python.exe,29332,0x0,Other,-1,0,0,Composed: Copy with GPU GDI,2026-8-20 19:19:18.164221600,0.6809,0.6809,0.0000,0.0286,1.4188,1.4188,0.0000,8.6789,10.7461,-7.0599,15642.0107,NA,NA,NA
python.exe,29332,0x0,Other,-1,0,0,Composed: Copy with GPU GDI,2026-8-20 19:19:18.164902500,6.1477,6.1477,0.0000,0.7700,5.8212,0.5938,5.2274,NA,NA,NA,NA,NA,NA,NA
python.exe,29332,0x0,Other,-1,0,0,Composed: Copy with GPU GDI,2026-8-20 19:19:18.171050200,11.1950,11.1950,0.0000,11.5509,0.0931,0.0931,0.0000,NA,NA,NA,NA,NA,NA,NA
python.exe,29332,0x0,Other,0,0,1,Hardware: Legacy Flip,2026-8-20 19:19:18.182245200,0.2612,0.2612,0.0000,0.0000,11.1038,0.5010,10.6028,1.4014,7.4614,7.2775,15660.0343,NA,NA,NA
python.exe,29332,0x0,Other,-1,0,0,Composed: Copy with GPU GDI,2026-8-20 19:19:18.182506400,0.8999,0.8999,0.0000,0.1878,1.5206,1.5206,0.0000,8.6016,3.4004,-7.2002,15660.2955,NA,NA,NA
python.exe,29332,0x0,Other,-1,0,0,Composed: Copy with GPU GDI,2026-8-20 19:19:18.183406300,9.4506,9.4506,0.0000,0.8117,8.7838,0.3221,8.4617,NA,NA,NA,NA,NA,NA,NA
python.exe,29332,0x0,Other,0,0,1,Hardware: Legacy Flip,2026-8-20 19:19:18.192856900,0.6612,0.6612,0.0000,0.1473,0.5300,0.0626,0.4674,1.6515,8.7328,6.9501,15670.6460,NA,NA,NA
python.exe,29332,0x0,Other,-1,0,0,Composed: Copy with GPU GDI,2026-8-20 19:19:18.193518100,2.2724,2.2724,0.0000,0.0161,2.4503,1.2132,1.2371,9.7231,12.2010,-8.0716,15671.3072,NA,NA,NA
python.exe,29332,0x0,Other,-1,0,0,Composed: Copy with GPU GDI,2026-8-20 19:19:18.195790500,8.5418,8.5418,0.0000,0.1992,8.5693,0.3827,8.1866,NA,NA,NA,NA,NA,NA,NA
python.exe,29332,0x0,Other,-1,0,0,Composed: Copy with GPU GDI,2026-8-20 19:19:18.204332300,2.4577,2.4577,0.0000,0.2308,2.3441,0.2952,2.0489,11.1099,1.0763,-1.3868,15682.1214,NA,NA,NA
python.exe,29332,0x0,Other,0,0,1,Hardware: Legacy Flip,2026-8-20 19:19:18.206790000,8.7873,8.7873,0.0000,0.1228,8.7775,0.2891,8.4884,9.7285,10.7933,1.3814,15684.5791,NA,NA,NA
python.exe,29332,0x0,Other,-1,0,0,Composed: Copy with GPU GDI,2026-8-20 19:19:18.215577300,0.6697,0.6697,0.0000,0.1130,1.0094,1.0094,0.0000,NA,NA,NA,NA,NA,NA,NA
python.exe,29332,0x0,Other,-1,0,0,Composed: Copy with GPU GDI,2026-8-20 19:19:18.216247000,2.4728,2.4728,0.0000,0.4566,2.4661,0.5731,1.8930,NA,NA,NA,NA,NA,NA,NA
python.exe,29332,0x0,Other,0,0,1,Hardware: Legacy Flip,2026-8-20 19:19:18.218719800,7.5145,7.5145,0.0000,0.4551,7.0827,0.1026,6.9801,8.5920,12.3445,1.1365,15696.5089,NA,NA,NA
python.exe,29332,0x0,Other,-1,0,0,Composed: Copy with GPU GDI,2026-8-20 19:19:18.226234300,0.7533,0.7533,0.0000,0.0233,1.1613,1.1613,0.0000,13.4220,4.2726,-4.8300,15704.0234,NA,NA,NA
python.exe,29332,0x0,Other,-1,0,0,Composed: Copy with GPU GDI,2026-8-20 19:19:18.226987600,4.5119,4.5119,0.0000,0.4355,4.7932,0.8648,3.9284,NA,NA,NA,NA,NA,NA,NA
python.exe,29332,0x0,Other,-1,0,0,Composed: Copy with GPU GDI,2026-8-20 19:19:18.231499500,5.9437,5.9437,0.0000,0.7206,5.7884,0.7667,5.0217,NA,NA,NA,NA,NA,NA,NA
python.exe,29332,0x0,Other,0,0,1,Hardware: Legacy Flip,2026-8-20 19:19:18.237443200,5.2665,5.2665,0.0000,0.6340,4.7105,0.1560,4.5545,6.4857,13.9290,6.9363,15715.2323,NA,NA,NA
python.exe,29332,0x0,Other,-1,0,0,Composed: Copy with GPU GDI,2026-8-20 19:19:18.242709700,5.5760,5.5760,0.0000,0.0780,5.8971,1.6043,4.2928,NA,NA,NA,NA,NA,NA,NA
python.exe,29332,0x0,Other,-1,0,0,Composed: Copy with GPU GDI,2026-8-20 19:19:18.248285700,1.3969,1.3969,0.0000,0.4056,1.3540,0.6128,0.7412,9.5722,5.9022,-3.0865,15726.0748,NA,NA,NA
python.exe,29332,0x0,Other,-1,0,0,Composed: Copy with GPU GDI,2026-8-20 19:19:18.249682600,12.3995,12.3995,0.0000,0.3661,12.1317,0.2285,11.9032,NA,NA,NA,NA,NA,NA,NA
python.exe,29332,0x0,Other,0,0,1,Hardware: Legacy Flip,2026-8-20 19:19:18.262082100,0.5631,0.5631,0.0000,0.1026,0.5811,0.2222,0.3589,1.6780,18.3617,7.8942,15739.8712,NA,NA,NA
python.exe,29332,0x0,Other,-1,0,0,Composed: Copy with GPU GDI,2026-8-20 19:19:18.262645200,1.4289,1.4289,0.0000,0.1206,1.5393,1.5393,0.0000,19.4766,1.3619,-17.7986,15740.4343,NA,NA,NA
python.exe,29332,0x0,Other,-1,0,0,Composed: Copy with GPU GDI,2026-8-20 19:19:18.264074100,9.0622,9.0622,0.0000,0.2339,9.0145,0.3634,8.6511,NA,NA,NA,NA,NA,NA,NA
python.exe,29332,0x0,Other,-1,0,0,Composed: Copy with GPU GDI,2026-8-20 19:19:18.273136300,0.9082,0.9082,0.0000,0.1924,0.8416,0.2817,0.5599,NA,NA,NA,NA,NA,NA,NA
python.exe,29332,0x0,Other,0,0,1,Hardware: Legacy Flip,2026-8-20 19:19:18.274044500,8.0320,8.0320,0.0000,0.1288,8.0473,0.2252,7.8221,9.4392,10.7956,10.0374,15751.8336,NA,NA,NA
python.exe,29332,0x0,Other,-1,0,0,Composed: Copy with GPU GDI,2026-8-20 19:19:18.282076500,1.3185,1.3185,0.0000,0.1441,1.7675,1.7675,0.0000,NA,NA,NA,NA,NA,NA,NA
python.exe,29332,0x0,Other,-1,0,0,Composed: Copy with GPU GDI,2026-8-20 19:19:18.283395000,1.8840,1.8840,0.0000,0.5999,1.6132,0.4820,1.1312,10.8843,1.7548,-1.4451,15761.1841,NA,NA,NA
python.exe,29332,0x0,Other,-1,0,0,Composed: Copy with GPU GDI,2026-8-20 19:19:18.285279000,8.7092,8.7092,0.0000,0.3350,8.7889,0.5708,8.2181,NA,NA,NA,NA,NA,NA,NA
python.exe,29332,0x0,Other,0,0,1,Hardware: Legacy Flip,2026-8-20 19:19:18.293988200,1.0876,1.0876,0.0000,0.4209,0.7320,0.1822,0.5498,2.0459,16.4279,8.8384,15771.7773,NA,NA,NA
python.exe,29332,0x0,Other,-1,0,0,Composed: Copy with GPU GDI,2026-8-20 19:19:18.295075800,2.3934,2.3934,0.0000,0.0653,2.7689,1.3302,1.4387,17.3862,6.0380,-15.3403,15772.8649,NA,NA,NA
python.exe,29332,0x0,Other,-1,0,0,Composed: Copy with GPU GDI,2026-8-20 19:19:18.297469200,8.7238,8.7238,0.0000,0.4462,8.5697,0.6077,7.9620,21.0308,0.2826,-3.6446,15775.2583,NA,NA,NA
python.exe,29332,0x0,Other,-1,0,0,Composed: Copy with GPU GDI,2026-8-20 19:19:18.306193000,9.2193,9.2193,0.0000,0.2949,9.5638,0.7989,8.7649,NA,NA,NA,NA,NA,NA,NA
python.exe,29332,0x0,Other,-1,0,0,Composed: Copy with GPU GDI,2026-8-20 19:19:18.315412300,2.1074,2.1074,0.0000,0.6438,1.7373,0.4592,1.2781,NA,NA,NA,NA,NA,NA,NA
python.exe,29332,0x0,Other,0,0,1,Hardware: Legacy Flip,2026-8-20 19:19:18.317519700,0.2153,0.2153,0.0000,0.2737,0.0584,0.0584,0.0000,1.2629,12.4041,19.7679,15795.3088,NA,NA,NA
python.exe,29332,0x0,Other,-1,0,0,Composed: Copy with GPU GDI,2026-8-20 19:19:18.317735000,10.2837,10.2837,0.0000,0.1168,10.3135,1.0623,9.2512,NA,NA,NA,NA,NA,NA,NA
python.exe,29332,0x0,Other,-1,0,0,Composed: Copy with GPU GDI,2026-8-20 19:19:18.328018700,1.4527,1.4527,0.0000,0.1551,1.5164,0.4033,1.1131,NA,NA,NA,NA,NA,NA,NA
python.exe,29332,0x0,Other,0,0,1,Hardware: Legacy Flip,2026-8-20 19:19:18.329471400,0.3097,0.3097,0.0000,0.2391,0.0950,0.0918,0.0032,1.7153,17.6754,-0.4524,15807.2605,NA,NA,NA
python.exe,29332,0x0,Other,-1,0,0,Composed: Copy with GPU GDI,2026-8-20 19:19:18.329781100,10.1520,10.1520,0.0000,0.0244,10.8794,2.3161,8.5633,NA,NA,NA,NA,NA,NA,NA
python.exe,29332,0x0,Other,-1,0,0,Composed: Copy with GPU GDI,2026-8-20 19:19:18.339933100,1.5949,1.5949,0.0000,0.7579,1.1934,0.5572,0.6362,8.9290,3.9440,-7.2137,15817.7222,NA,NA,NA
python.exe,29332,0x0,Other,0,0,1,Hardware: Legacy Flip,2026-8-20 19:19:18.341528000,10.3077,10.3077,0.0000,0.3652,10.0088,0.1423,9.8665,11.2781,8.1671,-2.3491,15819.3171,NA,NA,NA
python.exe,29332,0x0,Other,-1,0,0,Composed: Copy with GPU GDI,2026-8-20 19:19:18.351835700,0.5062,0.5062,0.0000,0.0663,1.4543,1.4543,0.0000,NA,NA,NA,NA,NA,NA,NA
python.exe,29332,0x0,Other,-1,0,0,Composed: Copy with GPU GDI,2026-8-20 19:19:18.352341900,0.7102,0.7102,0.0000,1.0387,0.0295,0.0295,0.0000,8.6313,1.9077,2.6468,15830.1310,NA,NA,NA
python.exe,29332,0x0,Other,-1,0,0,Composed: Copy with GPU GDI,2026-8-20 19:19:18.353052100,8.1381,8.1381,0.0000,0.3366,8.0080,0.4359,7.5721,NA,NA,NA,NA,NA,NA,NA
python.exe,29332,0x0,Other,0,0,1,Hardware: Legacy Flip,2026-8-20 19:19:18.361190200,0.6413,0.6413,0.0000,0.2347,0.4458,0.1395,0.3063,1.6907,10.2476,6.9406,15838.9793,NA,NA,NA
python.exe,29332,0x0,Other,-1,0,0,Composed: Copy with GPU GDI,2026-8-20 19:19:18.361831500,2.6357,2.6357,0.0000,0.0392,2.7368,1.3981,1.3387,11.2970,12.1230,-9.6063,15839.6206,NA,NA,NA
python.exe,29332,0x0,Other,-1,0,0,Composed: Copy with GPU GDI,2026-8-20 19:19:18.364467200,8.9739,8.9739,0.0000,0.1431,9.4287,0.7491,8.6796,20.7843,0.3027,-9.4873,15842.2563,NA,NA,NA
python.exe,29332,0x0,Other,-1,0,0,Composed: Copy with GPU GDI,2026-8-20 19:19:18.373441100,8.9894,8.9894,0.0000,0.6053,9.1300,0.9510,8.1790,NA,NA,NA,NA,NA,NA,NA
python.exe,29332,0x0,Other,-1,0,0,Composed: Copy with GPU GDI,2026-8-20 19:19:18.382430500,1.8631,1.8631,0.0000,0.7518,1.2540,0.3196,0.9344,NA,NA,NA,NA,NA,NA,NA
python.exe,29332,0x0,Other,0,0,1,Hardware: Legacy Flip,2026-8-20 19:19:18.384293600,0.2780,0.2780,0.0000,0.1636,0.1864,0.1264,0.0600,1.2606,11.2266,19.5237,15862.0827,NA,NA,NA
python.exe,29332,0x0,Other,-1,0,0,Composed: Copy with GPU GDI,2026-8-20 19:19:18.384571600,9.5798,9.5798,0.0000,0.0720,9.7450,1.4939,8.2511,NA,NA,NA,NA,NA,NA,NA
python.exe,29332,0x0,Other,-1,0,0,Composed: Copy with GPU GDI,2026-8-20 19:19:18.394151400,1.1854,1.1854,0.0000,0.2417,1.0702,0.2302,0.8400,NA,NA,NA,NA,NA,NA,NA
python.exe,29332,0x0,Other,0,0,1,Hardware: Legacy Flip,2026-8-20 19:19:18.395336800,0.4414,0.4414,0.0000,0.1324,0.3425,0.0968,0.2457,1.4440,18.7927,-0.1834,15873.1259,NA,NA,NA
python.exe,29332,0x0,Other,-1,0,0,Composed: Copy with GPU GDI,2026-8-20 19:19:18.395778200,9.4657,9.4657,0.0000,0.0335,10.1225,1.7807,8.3418,NA,NA,NA,NA,NA,NA,NA
python.exe,29332,0x0,Other,-1,0,0,Composed: Copy with GPU GDI,2026-8-20 19:19:18.405243900,2.3497,2.3497,0.0000,0.6972,2.0107,0.4622,1.5485,10.3296,2.2326,-8.8856,15883.0330,NA,NA,NA
python.exe,29332,0x0,Other,-1,0,0,Composed: Copy with GPU GDI,2026-8-20 19:19:18.407593600,8.7697,8.7697,0.0000,0.3614,8.7383,0.5406,8.1977,NA,NA,NA,NA,NA,NA,NA
python.exe,29332,0x0,Other,0,0,1,Hardware: Legacy Flip,2026-8-20 19:19:18.416363300,0.3984,0.3984,0.0000,0.3328,0.1259,0.1143,0.0116,1.4428,9.9595,8.8868,15894.1524,NA,NA,NA
python.exe,29332,0x0,Other,-1,0,0,Composed: Copy with GPU GDI,2026-8-20 19:19:18.416761700,1.9163,1.9163,0.0000,0.0603,1.9416,1.1161,0.8255,11.0039,1.5765,-9.5611,15894.5508,NA,NA,NA
python.exe,29332,0x0,Other,-1,0,0,Composed: Copy with GPU GDI,2026-8-20 19:19:18.418678000,8.8547,8.8547,0.0000,9.3372,0.0150,0.0150,0.0000,NA,NA,NA,NA,NA,NA,NA
python.exe,29332,0x0,Other,0,0,1,Hardware: Legacy Flip,2026-8-20 19:19:18.427532700,0.4545,0.4545,0.0000,0.0000,9.2489,0.7465,8.5024,1.8094,10.5200,9.1945,15905.3218,NA,NA,NA
python.exe,29332,0x0,Other,-1,0,0,Composed: Copy with GPU GDI,2026-8-20 19:19:18.427987200,3.9290,3.9290,0.0000,0.0430,4.3399,1.8306,2.5093,11.8749,10.4312,-10.0655,15905.7763,NA,NA,NA
python.exe,29332,0x0,Other,-1,0,0,Composed: Copy with GPU GDI,2026-8-20 19:19:18.431916200,6.4560,6.4560,0.0000,0.4642,6.1159,0.2579,5.8580,NA,NA,NA,NA,NA,NA,NA
python.exe,29332,0x0,Other,0,0,1,Hardware: Legacy Flip,2026-8-20 19:19:18.438372200,10.5016,10.5016,0.0000,0.1269,10.4438,0.1608,10.2830,11.9211,7.7532,-0.0462,15916.1613,NA,NA,NA
python.exe,29332,0x0,Other,-1,0,0,Composed: Copy with GPU GDI,2026-8-20 19:19:18.448873800,0.2337,0.2337,0.0000,0.0691,0.3940,0.3940,0.0000,NA,NA,NA,NA,NA,NA,NA
python.exe,29332,0x0,Other,-1,0,0,Composed: Copy with GPU GDI,2026-8-20 19:19:18.449107500,0.7725,0.7725,0.0000,0.2294,1.3828,1.3828,0.0000,8.9390,3.6923,2.9821,15926.8966,NA,NA,NA
python.exe,29332,0x0,Other,-1,0,0,Composed: Copy with GPU GDI,2026-8-20 19:19:18.449880000,9.5683,9.5683,0.0000,0.8440,9.1348,0.5569,8.5779,NA,NA,NA,NA,NA,NA,NA
python.exe,29332,0x0,Other,0,0,1,Hardware: Legacy Flip,2026-8-20 19:19:18.459448300,0.9981,0.9981,0.0000,0.4174,0.6111,0.0838,0.5273,2.2905,8.4272,6.6485,15937.2374,NA,NA,NA
python.exe,29332,0x0,Other,-1,0,0,Composed: Copy with GPU GDI,2026-8-20 19:19:18.460446400,1.2469,1.2469,0.0000,0.0304,1.8688,1.8688,0.0000,9.7196,12.1485,-7.4291,15938.2355,NA,NA,NA
python.exe,29332,0x0,Other,-1,0,0,Composed: Copy with GPU GDI,2026-8-20 19:19:18.461693300,9.4692,9.4692,0.0000,0.6589,9.0562,0.4223,8.6339,NA,NA,NA,NA,NA,NA,NA
python.exe,29332,0x0,Other,-1,0,0,Composed: Copy with GPU GDI,2026-8-20 19:19:18.471162500,2.5461,2.5461,0.0000,0.2490,2.7137,0.5703,2.1434,11.1520,1.6601,-1.4324,15948.9516,NA,NA,NA
python.exe,29332,0x0,Other,0,0,1,Hardware: Legacy Flip,2026-8-20 19:19:18.473708600,9.3215,9.3215,0.0000,0.4211,8.9917,0.1623,8.8294,10.2660,10.4654,0.8860,15951.4977,NA,NA,NA
python.exe,29332,0x0,Other,-1,0,0,Composed: Copy with GPU GDI,2026-8-20 19:19:18.483030100,1.1535,1.1535,0.0000,0.0913,1.4503,1.3465,0.1038,NA,NA,NA,NA,NA,NA,NA
python.exe,29332,0x0,Other,-1,0,0,Composed: Copy with GPU GDI,2026-8-20 19:19:18.484183600,1.9024,1.9024,0.0000,0.3930,1.7455,0.3999,1.3456,10.2564,2.1580,0.0096,15961.9727,NA,NA,NA
python.exe,29332,0x0,Other,0,0,1,Hardware: Legacy Flip,2026-8-20 19:19:18.486086000,9.2589,9.2589,0.0000,0.2423,9.0637,0.2326,8.8311,10.5120,9.9895,-0.2556,15963.8751,NA,NA,NA
python.exe,29332,0x0,Other,-1,0,0,Composed: Copy with GPU GDI,2026-8-20 19:19:18.495344900,1.0672,1.0672,0.0000,0.0471,1.4059,1.4059,0.0000,NA,NA,NA,NA,NA,NA,NA
python.exe,29332,0x0,Other,-1,0,0,Composed: Copy with GPU GDI,2026-8-20 19:19:18.496412100,2.8080,2.8080,0.0000,0.3882,2.9594,0.8557,2.1037,10.1754,12.1416,0.3366,15974.2012,NA,NA,NA
python.exe,29332,0x0,Other,-1,0,0,Composed: Copy with GPU GDI,2026-8-20 19:19:18.499220100,7.2162,7.2162,0.0000,0.5426,7.0294,0.5235,6.5059,19.5090,0.7490,-9.3336,15977.0092,NA,NA,NA
python.exe,29332,0x0,Other,-1,0,0,Composed: Copy with GPU GDI,2026-8-20 19:19:18.506436300,10.0887,10.0887,0.0000,0.3586,10.0773,0.5555,9.5218,NA,NA,NA,NA,NA,NA,NA
python.exe,29332,0x0,Other,-1,0,0,Composed: Copy with GPU GDI,2026-8-20 19:19:18.516525000,1.2154,1.2154,0.0000,0.3523,1.0811,0.3336,0.7475,NA,NA,NA,NA,NA,NA,NA
python.exe,29332,0x0,Other,0,0,1,Hardware: Legacy Flip,2026-8-20 19:19:18.517740400,0.3256,0.3256,0.0000,0.2237,0.1829,0.1802,0.0027,1.7377,8.3553,17.7713,15995.5295,NA,NA,NA
python.exe,29332,0x0,Other,-1,0,0,Composed: Copy with GPU GDI,2026-8-20 19:19:18.518066000,7.8917,7.8917,0.0000,0.0810,8.2091,1.7542,6.4549,NA,NA,NA,NA,NA,NA,NA
python.exe,29332,0x0,Other,0,0,1,Hardware: Legacy Flip,2026-8-20 19:19:18.525957700,0.8844,0.8844,0.0000,0.4062,0.5034,0.0884,0.4150,1.8757,9.0649,-0.1380,16003.7468,NA,NA,NA
python.exe,29332,0x0,Other,-1,0,0,Composed: Copy with GPU GDI,2026-8-20 19:19:18.526842100,1.2606,1.2606,0.0000,0.0252,1.5347,1.2968,0.2379,10.0562,12.1563,-8.1805,16004.6312,NA,NA,NA
python.exe,29332,0x0,Other,-1,0,0,Composed: Copy with GPU GDI,2026-8-20 19:19:18.528102700,10.6221,10.6221,0.0000,0.3024,10.5467,0.4276,10.1191,NA,NA,NA,NA,NA,NA,NA
python.exe,29332,0x0,Other,-1,0,0,Composed: Copy with GPU GDI,2026-8-20 19:19:18.538724800,1.6386,1.6386,0.0000,0.2324,1.6862,0.4010,1.2852,10.3298,1.7128,-0.2736,16016.5139,NA,NA,NA
python.exe,29332,0x0,Other,0,0,1,Hardware: Legacy Flip,2026-8-20 19:19:18.540363400,9.4216,9.4216,0.0000,0.2849,9.2290,0.2147,9.0143,10.4040,10.3950,-0.0742,16018.1525,NA,NA,NA
python.exe,29332,0x0,Other,-1,0,0,Composed: Copy with GPU GDI,2026-8-20 19:19:18.549785000,0.3883,0.3883,0.0000,0.0923,1.4415,1.4415,0.0000,NA,NA,NA,NA,NA,NA,NA
python.exe,29332,0x0,Other,-1,0,0,Composed: Copy with GPU GDI,2026-8-20 19:19:18.550173300,2.5868,2.5868,0.0000,1.1499,1.7128,0.4722,1.2406,10.9891,0.9391,-0.5851,16027.9624,NA,NA,NA
python.exe,29332,0x0,Other,-1,0,0,Composed: Copy with GPU GDI,2026-8-20 19:19:18.552760100,7.1095,7.1095,0.0000,0.2816,7.5962,0.8990,6.6972,NA,NA,NA,NA,NA,NA,NA
python.exe,29332,0x0,Other,0,0,1,Hardware: Legacy Flip,2026-8-20 19:19:18.559869600,0.8283,0.8283,0.0000,0.7683,0.0966,0.0966,0.0000,2.2319,17.2999,8.7572,16037.6587,NA,NA,NA
python.exe,29332,0x0,Other,-1,0,0,Composed: Copy with GPU GDI,2026-8-20 19:19:18.560697900,4.0163,4.0163,0.0000,0.0366,4.1582,1.6176,2.5406,18.7035,5.7862,-16.4716,16038.4870,NA,NA,NA
python.exe,29332,0x0,Other,-1,0,0,Composed: Copy with GPU GDI,2026-8-20 19:19:18.564714200,7.0913,7.0913,0.0000,0.1825,7.1588,0.4478,6.7110,NA,NA,NA,NA,NA,NA,NA
python.exe,29332,0x0,Other,-1,0,0,Composed: Copy with GPU GDI,2026-8-20 19:19:18.571805500,11.5489,11.5489,0.0000,0.2540,11.5821,0.4143,11.1678,NA,NA,NA,NA,NA,NA,NA
python.exe,29332,0x0,Other,0,0,1,Hardware: Legacy Flip,2026-8-20 19:19:18.583354400,0.3370,0.3370,0.0000,0.2872,0.1277,0.1277,0.0000,1.8332,6.3213,16.8703,16061.1435,NA,NA,NA
python.exe,29332,0x0,Other,-1,0,0,Composed: Copy with GPU GDI,2026-8-20 19:19:18.583691400,0.8909,0.8909,0.0000,0.0779,1.9320,1.9320,0.0000,7.8175,6.4670,-5.9843,16061.4805,NA,NA,NA
python.exe,29332,0x0,Other,-1,0,0,Composed: Copy with GPU GDI,2026-8-20 19:19:18.584582300,9.7948,9.7948,0.0000,1.1225,9.0857,0.5502,8.5355,NA,NA,NA,NA,NA,NA,NA
python.exe,29332,0x0,Other,0,0,1,Hardware: Legacy Flip,2026-8-20 19:19:18.594377100,2.2793,2.2793,0.0000,0.4178,1.9229,0.1947,1.7282,3.5988,17.8117,4.2187,16072.1662,NA,NA,NA
python.exe,29332,0x0,Other,-1,0,0,Composed: Copy with GPU GDI,2026-8-20 19:19:18.596656400,2.1972,2.1972,0.0000,0.0614,2.4452,1.8920,0.5532,19.1312,3.5211,-15.5324,16074.4455,NA,NA,NA
python.exe,29332,0x0,Other,-1,0,0,Composed: Copy with GPU GDI,2026-8-20 19:19:18.598853600,6.4659,6.4659,0.0000,0.3128,6.3551,0.5799,5.7752,NA,NA,NA,NA,NA,NA,NA
python.exe,29332,0x0,Other,-1,0,0,Composed: Copy with GPU GDI,2026-8-20 19:19:18.605319500,2.6387,2.6387,0.0000,0.2070,2.7820,0.4719,2.3101,NA,NA,NA,NA,NA,NA,NA
python.exe,29332,0x0,Other,-1,0,0,Composed: Copy with GPU GDI,2026-8-20 19:19:18.607958200,9.0411,9.0411,0.0000,0.3532,9.3967,1.0108,8.3859,NA,NA,NA,NA,NA,NA,NA
python.exe,29332,0x0,Other,0,0,1,Hardware: Legacy Flip,2026-8-20 19:19:18.616999300,1.1023,1.1023,0.0000,0.7165,0.4791,0.1851,0.2940,2.3094,8.6989,16.8218,16094.7884,NA,NA,NA
python.exe,29332,0x0,Other,-1,0,0,Composed: Copy with GPU GDI,2026-8-20 19:19:18.618101600,0.9856,0.9856,0.0000,0.0933,1.6955,1.6955,0.0000,9.9060,0.4097,-7.5966,16095.8907,NA,NA,NA
python.exe,29332,0x0,Other,0,0,1,Hardware: Legacy Flip,2026-8-20 19:19:18.619087200,7.9584,7.9584,0.0000,0.8071,7.1845,0.1666,7.0179,9.3301,11.6509,0.5759,16096.8763,NA,NA,NA
python.exe,29332,0x0,Other,-1,0,0,Composed: Copy with GPU GDI,2026-8-20 19:19:18.627045600,1.7018,1.7018,0.0000,0.0332,2.0840,2.0840,0.0000,13.0226,12.1255,-3.6925,16104.8347,NA,NA,NA
python.exe,29332,0x0,Other,-1,0,0,Composed: Copy with GPU GDI,2026-8-20 19:19:18.628747400,9.3867,9.3867,0.0000,0.4196,9.1533,0.5036,8.6497,NA,NA,NA,NA,NA,NA,NA
python.exe,29332,0x0,Other,-1,0,0,Composed: Copy with GPU GDI,2026-8-20 19:19:18.638134100,1.4383,1.4383,0.0000,0.1890,1.4578,0.3802,1.0776,14.0596,0.2410,-1.0370,16115.9232,NA,NA,NA
python.exe,29332,0x0,Other,-1,0,0,Composed: Copy with GPU GDI,2026-8-20 19:19:18.639572400,9.3062,9.3062,0.0000,0.2139,9.4463,0.5831,8.8632,NA,NA,NA,NA,NA,NA,NA
python.exe,29332,0x0,Other,-1,0,0,Composed: Copy with GPU GDI,2026-8-20 19:19:18.648878600,1.9335,1.9335,0.0000,2.2057,0.3399,0.3399,0.0000,NA,NA,NA,NA,NA,NA,NA
python.exe,29332,0x0,Other,0,0,1,Hardware: Legacy Flip,2026-8-20 19:19:18.650812100,0.1993,0.1993,0.0000,0.0000,1.8411,0.4745,1.3666,1.6226,11.3254,12.4370,16128.6012,NA,NA,NA
python.exe,29332,0x0,Other,-1,0,0,Composed: Copy with GPU GDI,2026-8-20 19:19:18.651011400,9.8133,9.8133,0.0000,0.4128,9.7444,1.5363,8.2081,NA,NA,NA,NA,NA,NA,NA
python.exe,29332,0x0,Other,0,0,1,Hardware: Legacy Flip,2026-8-20 19:19:18.660824700,1.9221,1.9221,0.0000,0.3505,1.5961,0.0977,1.4984,2.9354,6.7429,-1.3128,16138.6138,NA,NA,NA
python.exe,29332,0x0,Other,-1,0,0,Composed: Copy with GPU GDI,2026-8-20 19:19:18.662746800,0.1799,0.1799,0.0000,0.0245,1.0395,1.0395,0.0000,7.7562,6.6127,-4.8208,16140.5359,NA,NA,NA
python.exe,29332,0x0,Other,-1,0,0,Composed: Copy with GPU GDI,2026-8-20 19:19:18.662926700,8.2599,8.2599,0.0000,0.8878,7.6161,0.5236,7.0925,NA,NA,NA,NA,NA,NA,NA
python.exe,29332,0x0,Other,-1,0,0,Composed: Copy with GPU GDI,2026-8-20 19:19:18.671186600,3.7074,3.7074,0.0000,0.2493,3.9419,0.7135,3.2284,NA,NA,NA,NA,NA,NA,NA
python.exe,29332,0x0,Other,0,0,1,Hardware: Legacy Flip,2026-8-20 19:19:18.674894000,1.1499,1.1499,0.0000,0.4876,0.7276,0.1266,0.6010,2.2217,17.5378,5.5345,16152.6831,NA,NA,NA
python.exe,29332,0x0,Other,-1,0,0,Composed: Copy with GPU GDI,2026-8-20 19:19:18.676043900,6.4412,6.4412,0.0000,0.0653,6.6555,1.2967,5.3588,NA,NA,NA,NA,NA,NA,NA
python.exe,29332,0x0,Other,-1,0,0,Composed: Copy with GPU GDI,2026-8-20 19:19:18.682485100,2.9317,2.9317,0.0000,0.3113,2.9323,0.5000,2.4323,12.1684,0.3469,-9.9467,16160.2742,NA,NA,NA
python.exe,29332,0x0,Other,-1,0,0,Composed: Copy with GPU GDI,2026-8-20 19:19:18.685416800,8.2582,8.2582,0.0000,8.5752,0.0331,0.0331,0.0000,NA,NA,NA,NA,NA,NA,NA
python.exe,29332,0x0,Other,0,0,1,Hardware: Legacy Flip,2026-8-20 19:19:18.693675000,0.2575,0.2575,0.0000,0.0000,8.2376,0.4686,7.7690,1.3254,17.8857,10.8430,16171.4641,NA,NA,NA
python.exe,29332,0x0,Other,-1,0,0,Composed: Copy with GPU GDI,2026-8-20 19:19:18.693932500,3.8523,3.8523,0.0000,0.0926,4.1423,1.6918,2.4505,18.9536,5.4335,-17.6282,16171.7216,NA,NA,NA
python.exe,29332,0x0,Other,-1,0,0,Composed: Copy with GPU GDI,2026-8-20 19:19:18.697784800,8.5724,8.5724,0.0000,0.4147,8.7073,0.7717,7.9356,NA,NA,NA,NA,NA,NA,NA
python.exe,29332,0x0,Other,-1,0,0,Composed: Copy with GPU GDI,2026-8-20 19:19:18.706357200,9.8520,9.8520,0.0000,0.5544,9.8330,0.6340,9.1990,NA,NA,NA,NA,NA,NA,NA
python.exe,29332,0x0,Other,0,0,1,Hardware: Legacy Flip,2026-8-20 19:19:18.716209200,1.0096,1.0096,0.0000,0.5412,0.5657,0.1713,0.3944,2.1104,6.7954,16.8432,16193.9983,NA,NA,NA
python.exe,29332,0x0,Other,-1,0,0,Composed: Copy with GPU GDI,2026-8-20 19:19:18.717218800,0.4477,0.4477,0.0000,0.0973,1.5699,1.5699,0.0000,7.8962,4.8725,-5.7858,16195.0079,NA,NA,NA
python.exe,29332,0x0,Other,-1,0,0,Composed: Copy with GPU GDI,2026-8-20 19:19:18.717666500,10.1237,10.1237,0.0000,1.2242,9.4897,0.7535,8.7362,NA,NA,NA,NA,NA,NA,NA
python.exe,29332,0x0,Other,0,0,1,Hardware: Legacy Flip,2026-8-20 19:19:18.727790200,0.6235,0.6235,0.0000,0.5902,0.0568,0.0568,0.0000,2.1973,7.0974,5.6989,16205.5793,NA,NA,NA
python.exe,29332,0x0,Other,-1,0,0,Composed: Copy with GPU GDI,2026-8-20 19:19:18.728413700,0.4367,0.4367,0.0000,0.0235,0.6051,0.6051,0.0000,8.6712,12.1654,-6.4739,16206.2028,NA,NA,NA
python.exe,29332,0x0,Other,-1,0,0,Composed: Copy with GPU GDI,2026-8-20 19:19:18.728850400,10.5523,10.5523,0.0000,0.1919,10.4841,1.1987,9.2854,NA,NA,NA,NA,NA,NA,NA
python.exe,29332,0x0,Other,-1,0,0,Composed: Copy with GPU GDI,2026-8-20 19:19:18.739402700,1.2991,1.2991,0.0000,0.1286,1.4765,0.4793,0.9972,9.8476,3.4225,-1.1764,16217.1918,NA,NA,NA
python.exe,29332,0x0,Other,-1,0,0,Composed: Copy with GPU GDI,2026-8-20 19:19:18.740701800,10.4002,10.4002,0.0000,0.3090,10.3726,0.4580,9.9146,NA,NA,NA,NA,NA,NA,NA
python.exe,29332,0x0,Other,0,0,1,Hardware: Legacy Flip,2026-8-20 19:19:18.751102000,0.3568,0.3568,0.0000,0.2885,0.1463,0.1445,0.0018,1.5708,8.6863,8.2768,16228.8911,NA,NA,NA
python.exe,29332,0x0,Other,-1,0,0,Composed: Copy with GPU GDI,2026-8-20 19:19:18.751458800,0.8911,0.8911,0.0000,0.0780,1.7306,1.7306,0.0000,9.9003,1.1302,-8.3295,16229.2479,NA,NA,NA
python.exe,29332,0x0,Other,-1,0,0,Composed: Copy with GPU GDI,2026-8-20 19:19:18.752349900,8.8379,8.8379,0.0000,9.1323,0.1081,0.1081,0.0000,NA,NA,NA,NA,NA,NA,NA
python.exe,29332,0x0,Other,0,0,1,Hardware: Legacy Flip,2026-8-20 19:19:18.761187800,0.2655,0.2655,0.0000,0.0000,8.2092,0.4532,7.7560,1.3015,11.0077,8.5988,16238.9769,NA,NA,NA
python.exe,29332,0x0,Other,-1,0,0,Composed: Copy with GPU GDI,2026-8-20 19:19:18.761453300,3.6515,3.6515,0.0000,0.1370,3.6786,1.1381,2.5405,12.0437,11.4182,-10.7422,16239.2424,NA,NA,NA
python.exe,29332,0x0,Other,-1,0,0,Composed: Copy with GPU GDI,2026-8-20 19:19:18.765104800,8.8634,8.8634,0.0000,0.1684,9.1849,0.6953,8.4896,NA,NA,NA,NA,NA,NA,NA
python.exe,29332,0x0,Other,-1,0,0,Composed: Copy with GPU GDI,2026-8-20 19:19:18.773968200,8.5975,8.5975,0.0000,0.4940,8.4658,0.6030,7.8628,NA,NA,NA,NA,NA,NA,NA
python.exe,29332,0x0,Other,-1,0,0,Composed: Copy with GPU GDI,2026-8-20 19:19:18.782565700,1.0788,1.0788,0.0000,1.2996,0.1282,0.1282,0.0000,NA,NA,NA,NA,NA,NA,NA
python.exe,29332,0x0,Other,0,0,1,Hardware: Legacy Flip,2026-8-20 19:19:18.783644500,0.1500,0.1500,0.0000,0.0000,0.9207,0.3656,0.5551,1.2707,11.2572,10.7730,16261.4336,NA,NA,NA
python.exe,29332,0x0,Other,-1,0,0,Composed: Copy with GPU GDI,2026-8-20 19:19:18.783794500,10.4524,10.4524,0.0000,0.1990,10.3690,1.1224,9.2466,NA,NA,NA,NA,NA,NA,NA
python.exe,29332,0x0,Other,0,0,1,Hardware: Legacy Flip,2026-8-20 19:19:18.794246900,0.7804,0.7804,0.0000,0.1187,0.6861,0.0785,0.6076,1.9255,7.6674,-0.6548,16272.0360,NA,NA,NA
python.exe,29332,0x0,Other,-1,0,0,Composed: Copy with GPU GDI,2026-8-20 19:19:18.795027300,0.8727,0.8727,0.0000,0.0244,1.6924,1.6924,0.0000,8.8125,12.1160,-6.8870,16272.8164,NA,NA,NA
python.exe,29332,0x0,Other,-1,0,0,Composed: Copy with GPU GDI,2026-8-20 19:19:18.795900000,10.0575,10.0575,0.0000,0.8500,9.4429,0.4129,9.0300,NA,NA,NA,NA,NA,NA,NA
python.exe,29332,0x0,Other,-1,0,0,Composed: Copy with GPU GDI,2026-8-20 19:19:18.805957500,1.6002,1.6002,0.0000,0.2376,2.0837,0.8900,1.1937,9.9983,1.5168,-1.1858,16283.7466,NA,NA,NA
python.exe,29332,0x0,Other,0,0,1,Hardware: Legacy Flip,2026-8-20 19:19:18.807557700,8.6339,8.6339,0.0000,0.7261,7.9785,0.1688,7.8097,9.9149,10.7084,0.0834,16285.3468,NA,NA,NA
python.exe,29332,0x0,Other,-1,0,0,Composed: Copy with GPU GDI,2026-8-20 19:19:18.816191600,0.6323,0.6323,0.0000,0.0707,1.7160,1.7160,0.0000,NA,NA,NA,NA,NA,NA,NA
python.exe,29332,0x0,Other,-1,0,0,Composed: Copy with GPU GDI,2026-8-20 19:19:18.816823900,2.1724,2.1724,0.0000,1.1579,1.2071,0.3232,0.8839,11.3571,1.4817,-1.4422,16294.6130,NA,NA,NA
python.exe,29332,0x0,Other,-1,0,0,Composed: Copy with GPU GDI,2026-8-20 19:19:18.818996300,9.0140,9.0140,0.0000,9.4100,0.3053,0.3053,0.0000,NA,NA,NA,NA,NA,NA,NA
python.exe,29332,0x0,Other,0,0,1,Hardware: Legacy Flip,2026-8-20 19:19:18.828010300,0.3708,0.3708,0.0000,0.0000,9.2136,0.5684,8.6452,1.6524,10.5741,9.7047,16305.7994,NA,NA,NA
python.exe,29332,0x0,Other,-1,0,0,Composed: Copy with GPU GDI,2026-8-20 19:19:18.828381100,2.6936,2.6936,0.0000,0.3305,2.6192,1.2384,1.3808,11.8557,11.5471,-10.2033,16306.1702,NA,NA,NA
python.exe,29332,0x0,Other,-1,0,0,Composed: Copy with GPU GDI,2026-8-20 19:19:18.831074700,8.7193,8.7193,0.0000,0.2605,8.5976,0.2792,8.3184,NA,NA,NA,NA,NA,NA,NA
python.exe,29332,0x0,Other,-1,0,0,Composed: Copy with GPU GDI,2026-8-20 19:19:18.839794000,10.0414,10.0414,0.0000,0.1437,10.2123,0.5418,9.6705,NA,NA,NA,NA,NA,NA,NA
python.exe,29332,0x0,Other,-1,0,0,Composed: Copy with GPU GDI,2026-8-20 19:19:18.849835400,0.6905,0.6905,0.0000,0.9278,0.0546,0.0546,0.0000,NA,NA,NA,NA,NA,NA,NA
python.exe,29332,0x0,Other,0,0,1,Hardware: Legacy Flip,2026-8-20 19:19:18.850525900,0.1609,0.1609,0.0000,0.0000,0.6100,0.3740,0.2360,1.2580,10.5541,10.5977,16328.3150,NA,NA,NA
python.exe,29332,0x0,Other,-1,0,0,Composed: Copy with GPU GDI,2026-8-20 19:19:18.850686800,9.9120,9.9120,0.0000,0.1310,10.1400,1.3680,8.7720,NA,NA,NA,NA,NA,NA,NA
python.exe,29332,0x0,Other,0,0,1,Hardware: Legacy Flip,2026-8-20 19:19:18.860598800,0.6747,0.6747,0.0000,0.3626,0.3359,0.0792,0.2567,1.7392,8.2334,-0.4812,16338.3879,NA,NA,NA
python.exe,29332,0x0,Other,-1,0,0,Composed: Copy with GPU GDI,2026-8-20 19:19:18.861273500,0.5539,0.5539,0.0000,0.0238,1.5972,1.5972,0.0000,9.2979,12.2044,-7.5587,16339.0626,NA,NA,NA
python.exe,29332,0x0,Other,-1,0,0,Composed: Copy with GPU GDI,2026-8-20 19:19:18.861827400,10.0179,10.0179,0.0000,1.0712,9.6117,0.8708,8.7409,NA,NA,NA,NA,NA,NA,NA
python.exe,29332,0x0,Other,-1,0,0,Composed: Copy with GPU GDI,2026-8-20 19:19:18.871845300,1.6839,1.6839,0.0000,0.6710,1.3209,0.4392,0.8817,10.9305,1.3187,-1.6326,16349.6344,NA,NA,NA
python.exe,29332,0x0,Other,0,0,1,Hardware: Legacy Flip,2026-8-20 19:19:18.873529200,9.4704,9.4704,0.0000,0.3128,9.2503,0.2007,9.0496,10.5653,10.8684,0.3652,16351.3183,NA,NA,NA
python.exe,29332,0x0,Other,-1,0,0,Composed: Copy with GPU GDI,2026-8-20 19:19:18.882999600,0.5309,0.5309,0.0000,0.0927,1.5878,1.5878,0.0000,NA,NA,NA,NA,NA,NA,NA
python.exe,29332,0x0,Other,-1,0,0,Composed: Copy with GPU GDI,2026-8-20 19:19:18.883530500,2.1210,2.1210,0.0000,1.1562,1.2127,0.3887,0.8240,11.4324,0.8558,-0.8671,16361.3196,NA,NA,NA
python.exe,29332,0x0,Other,-1,0,0,Composed: Copy with GPU GDI,2026-8-20 19:19:18.885651500,8.6886,8.6886,0.0000,9.1833,0.1117,0.1117,0.0000,NA,NA,NA,NA,NA,NA,NA
python.exe,29332,0x0,Other,0,0,1,Hardware: Legacy Flip,2026-8-20 19:19:18.894340100,0.3941,0.3941,0.0000,0.0000,8.9316,0.6597,8.2719,1.4786,17.3385,9.9538,16372.1292,NA,NA,NA
python.exe,29332,0x0,Other,-1,0,0,Composed: Copy with GPU GDI,2026-8-20 19:19:18.894734200,2.5872,2.5872,0.0000,0.2123,2.8159,1.3806,1.4353,18.4230,4.9827,-16.9444,16372.5233,NA,NA,NA
python.exe,29332,0x0,Other,-1,0,0,Composed: Copy with GPU GDI,2026-8-20 19:19:18.897321400,7.9786,7.9786,0.0000,0.4472,8.2494,0.8949,7.3545,NA,NA,NA,NA,NA,NA,NA
python.exe,29332,0x0,Other,-1,0,0,Composed: Copy with GPU GDI,2026-8-20 19:19:18.905300000,11.1290,11.1290,0.0000,11.5187,0.3422,0.3422,0.0000,NA,NA,NA,NA,NA,NA,NA
python.exe,29332,0x0,Other,0,0,1,Hardware: Legacy Flip,2026-8-20 19:19:18.916429000,0.3340,0.3340,0.0000,0.0000,10.7963,0.5639,10.2324,1.7109,7.0349,16.7121,16394.2181,NA,NA,NA
python.exe,29332,0x0,Other,-1,0,0,Composed: Copy with GPU GDI,2026-8-20 19:19:18.916763000,1.1103,1.1103,0.0000,0.3979,1.4962,1.4962,0.0000,8.4118,3.7824,-6.7009,16394.5521,NA,NA,NA
python.exe,29332,0x0,Other,-1,0,0,Composed: Copy with GPU GDI,2026-8-20 19:19:18.917873300,8.9690,8.9690,0.0000,0.7875,8.3913,0.3858,8.0055,NA,NA,NA,NA,NA,NA,NA
python.exe,29332,0x0,Other,0,0,1,Hardware: Legacy Flip,2026-8-20 19:19:18.926842300,1.0687,1.0687,0.0000,0.2120,0.8934,0.1661,0.7273,2.1149,8.3323,6.2969,16404.6314,NA,NA,NA
python.exe,29332,0x0,Other,-1,0,0,Composed: Copy with GPU GDI,2026-8-20 19:19:18.927911000,1.2175,1.2175,0.0000,0.0367,1.3330,1.1898,0.1432,9.3785,12.1511,-7.2636,16405.7001,NA,NA,NA
python.exe,29332,0x0,Other,-1,0,0,Composed: Copy with GPU GDI,2026-8-20 19:19:18.929128500,8.9588,8.9588,0.0000,0.1585,8.9419,0.5539,8.3880,NA,NA,NA,NA,NA,NA,NA
python.exe,29332,0x0,Other,-1,0,0,Composed: Copy with GPU GDI,2026-8-20 19:19:18.938087300,2.5432,2.5432,0.0000,0.1449,2.9292,0.6248,2.3044,11.3533,2.5547,-1.9748,16415.8764,NA,NA,NA
python.exe,29332,0x0,Other,-1,0,0,Composed: Copy with GPU GDI,2026-8-20 19:19:18.940630500,8.6935,8.6935,0.0000,0.5348,8.4657,0.5368,7.9289,NA,NA,NA,NA,NA,NA,NA
python.exe,29332,0x0,Other,0,0,1,Hardware: Legacy Flip,2026-8-20 19:19:18.949324000,1.3765,1.3765,0.0000,0.3119,1.1358,0.1297,1.0061,2.6713,8.7218,8.6820,16427.1131,NA,NA,NA
python.exe,29332,0x0,Other,-1,0,0,Composed: Copy with GPU GDI,2026-8-20 19:19:18.950700500,1.7034,1.7034,0.0000,0.0712,1.8259,1.5178,0.3081,NA,NA,NA,NA,NA,NA,NA
python.exe,29332,0x0,Other,0,0,1,Hardware: Legacy Flip,2026-8-20 19:19:18.952403900,7.0957,7.0957,0.0000,0.1986,6.9188,0.0684,6.8504,8.3132,13.0343,-5.6419,16430.1930,NA,NA,NA
python.exe,29332,0x0,Other,-1,0,0,Composed: Copy with GPU GDI,2026-8-20 19:19:18.959499600,0.2351,0.2351,0.0000,0.0217,1.2432,1.2432,0.0000,14.2518,6.0100,-5.9386,16437.2887,NA,NA,NA
python.exe,29332,0x0,Other,-1,0,0,Composed: Copy with GPU GDI,2026-8-20 19:19:18.959734700,12.4565,12.4565,0.0000,1.0333,11.6733,0.5455,11.1278,NA,NA,NA,NA,NA,NA,NA
python.exe,29332,0x0,Other,-1,0,0,Composed: Copy with GPU GDI,2026-8-20 19:19:18.972191200,1.2255,1.2255,0.0000,0.2547,1.0642,0.2763,0.7879,7.5702,4.5818,6.6816,16449.9803,NA,NA,NA
python.exe,29332,0x0,Other,-1,0,0,Composed: Copy with GPU GDI,2026-8-20 19:19:18.973416700,9.0680,9.0680,0.0000,0.0961,9.3501,0.5869,8.7632,NA,NA,NA,NA,NA,NA,NA
python.exe,29332,0x0,Other,0,0,1,Hardware: Legacy Flip,2026-8-20 19:19:18.982484700,0.8991,0.8991,0.0000,0.3838,0.6088,0.1817,0.4271,1.8585,7.5420,5.7117,16460.2738,NA,NA,NA
python.exe,29332,0x0,Other,-1,0,0,Composed: Copy with GPU GDI,2026-8-20 19:19:18.983383800,0.4814,0.4814,0.0000,0.0935,1.4383,1.4383,0.0000,8.5014,5.4708,-6.6429,16461.1729,NA,NA,NA
python.exe,29332,0x0,Other,-1,0,0,Composed: Copy with GPU GDI,2026-8-20 19:19:18.983865200,9.7668,9.7668,0.0000,1.0549,9.3485,0.8676,8.4809,NA,NA,NA,NA,NA,NA,NA
python.exe,29332,0x0,Other,-1,0,0,Composed: Copy with GPU GDI,2026-8-20 19:19:18.993632000,2.1770,2.1770,0.0000,2.4541,0.1699,0.1699,0.0000,NA,NA,NA,NA,NA,NA,NA
python.exe,29332,0x0,Other,0,0,1,Hardware: Legacy Flip,2026-8-20 19:19:18.995809000,0.2470,0.2470,0.0000,0.0000,1.8118,0.5140,1.2978,1.5470,13.6438,6.9544,16473.5981,NA,NA,NA
python.exe,29332,0x0,Other,-1,0,0,Composed: Copy with GPU GDI,2026-8-20 19:19:18.996056000,7.7384,7.7384,0.0000,0.2000,7.9245,1.4077,6.5168,NA,NA,NA,NA,NA,NA,NA
python.exe,29332,0x0,Other,-1,0,0,Composed: Copy with GPU GDI,2026-8-20 19:19:19.003794400,4.5106,4.5106,0.0000,0.3890,4.3679,0.4300,3.9379,NA,NA,NA,NA,NA,NA,NA
python.exe,29332,0x0,Other,0,0,1,Hardware: Legacy Flip,2026-8-20 19:19:19.008305000,1.3422,1.3422,0.0000,0.2502,1.2037,0.2005,1.0032,2.6948,16.9216,-1.1478,16486.0941,NA,NA,NA
python.exe,29332,0x0,Other,-1,0,0,Composed: Copy with GPU GDI,2026-8-20 19:19:19.009647200,6.8697,6.8697,0.0000,0.1117,7.1805,1.7122,5.4683,NA,NA,NA,NA,NA,NA,NA
python.exe,29332,0x0,Other,-1,0,0,Composed: Copy with GPU GDI,2026-8-20 19:19:19.016516900,2.8132,2.8132,0.0000,0.4297,3.0775,0.9979,2.0796,NA,NA,NA,NA,NA,NA,NA
python.exe,29332,0x0,Other,-1,0,0,Composed: Copy with GPU GDI,2026-8-20 19:19:19.019330100,7.1023,7.1023,0.0000,0.6978,6.7744,0.4879,6.2865,NA,NA,NA,NA,NA,NA,NA
python.exe,29332,0x0,Other,0,0,1,Hardware: Legacy Flip,2026-8-20 19:19:19.026432400,0.2957,0.2957,0.0000,0.3699,0.0282,0.0282,0.0000,1.4890,16.5068,1.2058,16504.2215,NA,NA,NA
python.exe,29332,0x0,Other,-1,0,0,Composed: Copy with GPU GDI,2026-8-20 19:19:19.026728100,5.0363,5.0363,0.0000,0.1024,5.1792,1.2940,3.8852,NA,NA,NA,NA,NA,NA,NA
python.exe,29332,0x0,Other,-1,0,0,Composed: Copy with GPU GDI,2026-8-20 19:19:19.031764400,6.3966,6.3966,0.0000,0.2496,6.3179,0.3878,5.9301,NA,NA,NA,NA,NA,NA,NA
python.exe,29332,0x0,Other,0,0,1,Hardware: Legacy Flip,2026-8-20 19:19:19.038161000,5.1495,5.1495,0.0000,0.1759,5.0580,0.1589,4.8991,6.2672,14.2318,-4.7782,16515.9501,NA,NA,NA
python.exe,29332,0x0,Other,-1,0,0,Composed: Copy with GPU GDI,2026-8-20 19:19:19.043310500,5.0749,5.0749,0.0000,0.0844,5.2762,1.5060,3.7702,NA,NA,NA,NA,NA,NA,NA
python.exe,29332,0x0,Other,-1,0,0,Composed: Copy with GPU GDI,2026-8-20 19:19:19.048385400,1.0174,1.0174,0.0000,0.2931,1.1862,0.6266,0.5596,10.2746,3.9052,-4.0074,16526.1745,NA,NA,NA
python.exe,29332,0x0,Other,-1,0,0,Composed: Copy with GPU GDI,2026-8-20 19:19:19.049402800,10.1695,10.1695,0.0000,0.5062,9.9640,0.4767,9.4873,NA,NA,NA,NA,NA,NA,NA
python.exe,29332,0x0,Other,0,0,1,Hardware: Legacy Flip,2026-8-20 19:19:19.059572300,1.7845,1.7845,0.0000,0.3056,1.6828,0.3675,1.3153,2.9929,8.2855,7.2817,16537.3614,NA,NA,NA
python.exe,29332,0x0,Other,-1,0,0,Composed: Copy with GPU GDI,2026-8-20 19:19:19.061356800,0.5402,0.5402,0.0000,0.2039,1.6159,1.6159,0.0000,9.4939,53.4598,-6.5010,16539.1459,NA,NA,NA
python.exe,29332,0x0,Other,-1,0,0,Composed: Copy with GPU GDI,2026-8-20 19:19:19.061897000,57.7466,57.7466,0.0000,1.2831,57.0394,0.8303,56.2091,NA,NA,NA,NA,NA,NA,NA
python.exe,29332,0x0,Other,-1,0,0,Composed: Copy with GPU GDI,2026-8-20 19:19:19.119643600,0.9053,0.9053,0.0000,0.5799,0.6454,0.4053,0.2401,NA,NA,NA,NA,NA,NA,NA
python.exe,29332,0x0,Other,-1,0,0,Composed: Copy with GPU GDI,2026-8-20 19:19:19.120548900,1.2957,1.2957,0.0000,0.3224,1.3155,0.4935,0.8220,NA,NA,NA,NA,NA,NA,NA
python.exe,29332,0x0,Other,0,0,1,Hardware: Legacy Flip,2026-8-20 19:19:19.121844600,1.4185,1.4185,0.0000,0.3482,1.1333,0.1256,1.0077,2.4659,19.0714,7.0280,16599.6337,NA,NA,NA
python.exe,29332,0x0,Other,-1,0,0,Composed: Copy with GPU GDI,2026-8-20 19:19:19.123263100,6.1787,6.1787,0.0000,0.0630,6.3329,1.3429,4.9900,NA,NA,NA,NA,NA,NA,NA
python.exe,29332,0x0,Other,-1,0,0,Composed: Copy with GPU GDI,2026-8-20 19:19:19.129441800,8.4305,8.4305,0.0000,0.2202,8.3604,0.4248,7.9356,NA,NA,NA,NA,NA,NA,NA
python.exe,29332,0x0,Other,-1,0,0,Composed: Copy with GPU GDI,2026-8-20 19:19:19.137872300,2.4126,2.4126,0.0000,0.1542,2.7336,0.6531,2.0805,NA,NA,NA,NA,NA,NA,NA
python.exe,29332,0x0,Other,0,0,1,Hardware: Legacy Flip,2026-8-20 19:19:19.140284900,2.0428,2.0428,0.0000,0.4800,1.6151,0.1093,1.5058,3.0970,18.5272,-0.6311,16618.0740,NA,NA,NA
python.exe,29332,0x0,Other,-1,0,0,Composed: Copy with GPU GDI,2026-8-20 19:19:19.142327700,6.3369,6.3369,0.0000,0.0523,6.6288,1.4382,5.1906,NA,NA,NA,NA,NA,NA,NA
python.exe,29332,0x0,Other,-1,0,0,Composed: Copy with GPU GDI,2026-8-20 19:19:19.148664600,4.4724,4.4724,0.0000,0.3490,4.4450,0.5411,3.9039,NA,NA,NA,NA,NA,NA,NA
python.exe,29332,0x0,Other,0,0,1,Hardware: Legacy Flip,2026-8-20 19:19:19.153137000,7.4517,7.4517,0.0000,0.3255,7.1840,0.1304,7.0536,8.7721,12.0224,-5.6751,16630.9261,NA,NA,NA
python.exe,29332,0x0,Other,-1,0,0,Composed: Copy with GPU GDI,2026-8-20 19:19:19.160588700,0.3581,0.3581,0.0000,0.0578,1.5488,1.5488,0.0000,13.3428,6.0599,-4.5707,16638.3778,NA,NA,NA
python.exe,29332,0x0,Other,-1,0,0,Composed: Copy with GPU GDI,2026-8-20 19:19:19.160946800,8.2761,8.2761,0.0000,1.3239,7.4392,0.6569,6.7823,NA,NA,NA,NA,NA,NA,NA
python.exe,29332,0x0,Other,-1,0,0,Composed: Copy with GPU GDI,2026-8-20 19:19:19.169222900,2.1281,2.1281,0.0000,0.4904,1.8057,0.3719,1.4338,10.7685,3.5786,2.5743,16647.0120,NA,NA,NA
python.exe,29332,0x0,Other,-1,0,0,Composed: Copy with GPU GDI,2026-8-20 19:19:19.171351000,10.5667,10.5667,0.0000,10.8972,0.2292,0.2292,0.0000,NA,NA,NA,NA,NA,NA,NA
python.exe,29332,0x0,Other,0,0,1,Hardware: Legacy Flip,2026-8-20 19:19:19.181917700,0.1503,0.1503,0.0000,0.0000,10.7251,0.5308,10.1943,1.6523,8.5762,9.1162,16659.7068,NA,NA,NA
python.exe,29332,0x0,Other,-1,0,0,Composed: Copy with GPU GDI,2026-8-20 19:19:19.182068000,1.0309,1.0309,0.0000,0.4094,1.1783,1.1783,0.0000,10.0782,2.4176,-8.4259,16659.8571,NA,NA,NA
python.exe,29332,0x0,Other,-1,0,0,Composed: Copy with GPU GDI,2026-8-20 19:19:19.183098900,8.8097,8.8097,0.0000,0.5591,8.8584,0.7534,8.1050,NA,NA,NA,NA,NA,NA,NA
python.exe,29332,0x0,Other,0,0,1,Hardware: Legacy Flip,2026-8-20 19:19:19.191908600,1.6371,1.6371,0.0000,0.6117,1.0727,0.1531,0.9196,2.6552,9.7415,7.4230,16669.6977,NA,NA,NA
python.exe,29332,0x0,Other,-1,0,0,Composed: Copy with GPU GDI,2026-8-20 19:19:19.193545700,1.6632,1.6632,0.0000,0.0473,2.3352,1.8829,0.4523,10.7596,11.4062,-8.1044,16671.3348,NA,NA,NA
python.exe,29332,0x0,Other,-1,0,0,Composed: Copy with GPU GDI,2026-8-20 19:19:19.195208900,8.8283,8.8283,0.0000,0.7234,8.4851,0.5624,7.9227,NA,NA,NA,NA,NA,NA,NA
python.exe,29332,0x0,Other,-1,0,0,Composed: Copy with GPU GDI,2026-8-20 19:19:19.204037200,3.2865,3.2865,0.0000,0.3978,3.1431,0.3621,2.7810,NA,NA,NA,NA,NA,NA,NA
python.exe,29332,0x0,Other,0,0,1,Hardware: Legacy Flip,2026-8-20 19:19:19.207323700,7.0489,7.0489,0.0000,0.2574,6.9424,0.2950,6.6474,8.3878,12.5577,2.3718,16685.1128,NA,NA,NA
python.exe,29332,0x0,Other,-1,0,0,Composed: Copy with GPU GDI,2026-8-20 19:19:19.214372600,1.2798,1.2798,0.0000,0.1509,1.7472,1.7472,0.0000,NA,NA,NA,NA,NA,NA,NA
python.exe,29332,0x0,Other,-1,0,0,Composed: Copy with GPU GDI,2026-8-20 19:19:19.215652400,3.9490,3.9490,0.0000,0.6209,3.5061,0.3191,3.1870,NA,NA,NA,NA,NA,NA,NA
python.exe,29332,0x0,Other,-1,0,0,Composed: Copy with GPU GDI,2026-8-20 19:19:19.219601400,7.3588,7.3588,0.0000,0.1844,7.4573,0.4019,7.0554,NA,NA,NA,NA,NA,NA,NA
python.exe,29332,0x0,Other,0,0,1,Hardware: Legacy Flip,2026-8-20 19:19:19.226960200,0.2656,0.2656,0.0000,0.2829,0.0388,0.0388,0.0000,1.3090,18.5099,7.0788,16704.7493,NA,NA,NA
python.exe,29332,0x0,Other,-1,0,0,Composed: Copy with GPU GDI,2026-8-20 19:19:19.227225800,3.6998,3.6998,0.0000,0.0561,3.9643,1.3667,2.5976,19.5533,2.9105,-18.2443,16705.0149,NA,NA,NA
python.exe,29332,0x0,Other,-1,0,0,Composed: Copy with GPU GDI,2026-8-20 19:19:19.230925600,6.6721,6.6721,0.0000,0.3232,6.5299,0.3096,6.2203,NA,NA,NA,NA,NA,NA,NA
python.exe,29332,0x0,Other,0,0,1,Hardware: Legacy Flip,2026-8-20 19:19:19.237597700,11.0743,11.0743,0.0000,0.1875,11.0072,0.2947,10.7125,12.0919,9.1318,7.4614,16715.3868,NA,NA,NA
python.exe,29332,0x0,Other,-1,0,0,Composed: Copy with GPU GDI,2026-8-20 19:19:19.248672000,0.6182,0.6182,0.0000,0.1204,1.5344,1.5344,0.0000,NA,NA,NA,NA,NA,NA,NA
python.exe,29332,0x0,Other,-1,0,0,Composed: Copy with GPU GDI,2026-8-20 19:19:19.249290200,1.6589,1.6589,0.0000,1.0476,0.9889,0.5182,0.4707,9.5312,3.8707,2.5607,16727.0793,NA,NA,NA
python.exe,29332,0x0,Other,-1,0,0,Composed: Copy with GPU GDI,2026-8-20 19:19:19.250949100,9.5492,9.5492,0.0000,0.3805,9.8000,0.8968,8.9032,NA,NA,NA,NA,NA,NA,NA
python.exe,29332,0x0,Other,0,0,1,Hardware: Legacy Flip,2026-8-20 19:19:19.260498300,0.9889,0.9889,0.0000,0.6380,0.3713,0.0820,0.2893,2.1938,8.2935,7.3374,16738.2874,NA,NA,NA
python.exe,29332,0x0,Other,-1,0,0,Composed: Copy with GPU GDI,2026-8-20 19:19:19.261487200,0.3684,0.3684,0.0000,0.0204,1.2603,1.2603,0.0000,9.4984,12.1405,-7.3046,16739.2763,NA,NA,NA
python.exe,29332,0x0,Other,-1,0,0,Composed: Copy with GPU GDI,2026-8-20 19:19:19.261855600,9.9861,9.9861,0.0000,0.9165,9.2726,0.4196,8.8530,NA,NA,NA,NA,NA,NA,NA
python.exe,29332,0x0,Other,-1,0,0,Composed: Copy with GPU GDI,2026-8-20 19:19:19.271841700,2.9039,2.9039,0.0000,0.2088,3.2759,0.8643,2.4116,11.2844,1.5069,-1.7860,16749.6308,NA,NA,NA
python.exe,29332,0x0,Other,-1,0,0,Composed: Copy with GPU GDI,2026-8-20 19:19:19.274745600,8.2898,8.2898,0.0000,0.5850,7.9346,0.4490,7.4856,NA,NA,NA,NA,NA,NA,NA
python.exe,29332,0x0,Other,0,0,1,Hardware: Legacy Flip,2026-8-20 19:19:19.283035400,0.4359,0.4359,0.0000,0.2390,0.2906,0.1983,0.0923,1.5976,10.9788,9.6868,16760.8245,NA,NA,NA
python.exe,29332,0x0,Other,-1,0,0,Composed: Copy with GPU GDI,2026-8-20 19:19:19.283471300,1.3234,1.3234,0.0000,0.0937,1.4868,1.3724,0.1144,NA,NA,NA,NA,NA,NA,NA
python.exe,29332,0x0,Other,0,0,1,Hardware: Legacy Flip,2026-8-20 19:19:19.284794700,9.3910,9.3910,0.0000,0.2599,9.1933,0.1583,9.0350,10.8171,11.7471,-9.2195,16762.5838,NA,NA,NA
python.exe,29332,0x0,Other,-1,0,0,Composed: Copy with GPU GDI,2026-8-20 19:19:19.294185700,0.5251,0.5251,0.0000,0.0622,1.8880,1.8880,0.0000,NA,NA,NA,NA,NA,NA,NA
python.exe,29332,0x0,Other,-1,0,0,Composed: Copy with GPU GDI,2026-8-20 19:19:19.294710800,3.4561,3.4561,0.0000,1.4309,2.6830,0.8380,1.8450,12.6481,10.2261,-1.8310,16772.4999,NA,NA,NA
python.exe,29332,0x0,Other,-1,0,0,Composed: Copy with GPU GDI,2026-8-20 19:19:19.298166900,7.1619,7.1619,0.0000,0.6662,6.7626,0.4132,6.3494,NA,NA,NA,NA,NA,NA,NA
python.exe,29332,0x0,Other,-1,0,0,Composed: Copy with GPU GDI,2026-8-20 19:19:19.305328800,9.8350,9.8350,0.0000,0.2711,9.8550,0.4684,9.3866,NA,NA,NA,NA,NA,NA,NA
python.exe,29332,0x0,Other,-1,0,0,Composed: Copy with GPU GDI,2026-8-20 19:19:19.315163800,1.0491,1.0491,0.0000,1.2105,0.1401,0.1401,0.0000,NA,NA,NA,NA,NA,NA,NA
python.exe,29332,0x0,Other,0,0,1,Hardware: Legacy Flip,2026-8-20 19:19:19.316212900,0.0995,0.0995,0.0000,0.0000,0.9163,0.2869,0.6294,1.3721,11.4750,11.2760,16794.0020,NA,NA,NA
python.exe,29332,0x0,Other,-1,0,0,Composed: Copy with GPU GDI,2026-8-20 19:19:19.316312400,10.6891,10.6891,0.0000,0.2020,11.0516,1.6668,9.3848,NA,NA,NA,NA,NA,NA,NA
python.exe,29332,0x0,Other,0,0,1,Hardware: Legacy Flip,2026-8-20 19:19:19.327001500,0.6598,0.6598,0.0000,0.5685,0.1346,0.1072,0.0274,2.0585,8.6446,-0.6864,16804.7906,NA,NA,NA
python.exe,29332,0x0,Other,-1,0,0,Composed: Copy with GPU GDI,2026-8-20 19:19:19.327661300,0.8104,0.8104,0.0000,0.0433,1.9116,1.9116,0.0000,10.0433,12.1216,-7.9848,16805.4504,NA,NA,NA
python.exe,29332,0x0,Other,-1,0,0,Composed: Copy with GPU GDI,2026-8-20 19:19:19.328471700,11.2053,11.2053,0.0000,1.1519,10.2905,0.3980,9.8925,21.3545,0.4265,-11.3112,16806.2608,NA,NA,NA
python.exe,29332,0x0,Other,-1,0,0,Composed: Copy with GPU GDI,2026-8-20 19:19:19.339677000,8.9172,8.9172,0.0000,0.2426,8.9920,0.5880,8.4040,NA,NA,NA,NA,NA,NA,NA
python.exe,29332,0x0,Other,0,0,1,Hardware: Legacy Flip,2026-8-20 19:19:19.348594200,0.4273,0.4273,0.0000,0.3213,0.2152,0.1996,0.0156,1.6585,11.6225,19.6960,16826.3833,NA,NA,NA
python.exe,29332,0x0,Other,-1,0,0,Composed: Copy with GPU GDI,2026-8-20 19:19:19.349021500,3.8129,3.8129,0.0000,0.1092,3.8689,1.2844,2.5845,NA,NA,NA,NA,NA,NA,NA
python.exe,29332,0x0,Other,-1,0,0,Composed: Copy with GPU GDI,2026-8-20 19:19:19.352834400,7.1866,7.1866,0.0000,0.1678,7.3671,0.4784,6.8887,NA,NA,NA,NA,NA,NA,NA
python.exe,29332,0x0,Other,0,0,1,Hardware: Legacy Flip,2026-8-20 19:19:19.360021000,0.3265,0.3265,0.0000,0.3483,0.0185,0.0185,0.0000,1.8542,15.3050,-0.1957,16837.8101,NA,NA,NA
python.exe,29332,0x0,Other,-1,0,0,Composed: Copy with GPU GDI,2026-8-20 19:19:19.360347500,4.9420,4.9420,0.0000,0.0403,5.3812,2.1636,3.2176,NA,NA,NA,NA,NA,NA,NA
python.exe,29332,0x0,Other,-1,0,0,Composed: Copy with GPU GDI,2026-8-20 19:19:19.365289500,5.6896,5.6896,0.0000,0.4838,5.4056,0.3669,5.0387,NA,NA,NA,NA,NA,NA,NA
python.exe,29332,0x0,Other,0,0,1,Hardware: Legacy Flip,2026-8-20 19:19:19.370979100,4.9828,4.9828,0.0000,0.2026,4.8664,0.1603,4.7061,6.2011,15.2609,-4.3469,16848.7682,NA,NA,NA
python.exe,29332,0x0,Other,-1,0,0,Composed: Copy with GPU GDI,2026-8-20 19:19:19.375961900,5.6210,5.6210,0.0000,0.0862,5.6851,1.5567,4.1284,NA,NA,NA,NA,NA,NA,NA
python.exe,29332,0x0,Other,-1,0,0,Composed: Copy with GPU GDI,2026-8-20 19:19:19.381582900,1.9628,1.9628,0.0000,0.1544,2.0108,0.3964,1.6144,10.8582,3.1250,-4.6571,16859.3720,NA,NA,NA
python.exe,29332,0x0,Other,-1,0,0,Composed: Copy with GPU GDI,2026-8-20 19:19:19.383545700,10.6804,10.6804,0.0000,10.9199,0.1178,0.1178,0.0000,NA,NA,NA,NA,NA,NA,NA
python.exe,29332,0x0,Other,0,0,1,Hardware: Legacy Flip,2026-8-20 19:19:19.394226100,0.1526,0.1526,0.0000,0.0000,10.7145,0.3940,10.3205,1.3400,8.8513,9.5182,16872.0152,NA,NA,NA
python.exe,29332,0x0,Other,-1,0,0,Composed: Copy with GPU GDI,2026-8-20 19:19:19.394378700,0.5677,0.5677,0.0000,0.2047,1.2178,1.2178,0.0000,10.0387,5.9880,-8.6987,16872.1678,NA,NA,NA
python.exe,29332,0x0,Other,-1,0,0,Composed: Copy with GPU GDI,2026-8-20 19:19:19.394946400,9.1883,9.1883,0.0000,0.8583,8.4746,0.3116,8.1630,NA,NA,NA,NA,NA,NA,NA
python.exe,29332,0x0,Other,-1,0,0,Composed: Copy with GPU GDI,2026-8-20 19:19:19.404134700,2.9725,2.9725,0.0000,0.1472,2.9340,0.2757,2.6583,NA,NA,NA,NA,NA,NA,NA
python.exe,29332,0x0,Other,0,0,1,Hardware: Legacy Flip,2026-8-20 19:19:19.407107200,2.0357,2.0357,0.0000,0.1123,1.9841,0.1155,1.8686,3.2982,18.2860,6.7405,16884.8963,NA,NA,NA
python.exe,29332,0x0,Other,-1,0,0,Composed: Copy with GPU GDI,2026-8-20 19:19:19.409142900,6.3832,6.3832,0.0000,0.0607,6.9755,1.9365,5.0390,19.5485,0.6888,-16.2503,16886.9320,NA,NA,NA
python.exe,29332,0x0,Other,-1,0,0,Composed: Copy with GPU GDI,2026-8-20 19:19:19.415526100,3.7064,3.7064,0.0000,0.6561,3.4453,0.5850,2.8603,NA,NA,NA,NA,NA,NA,NA
python.exe,29332,0x0,Other,-1,0,0,Composed: Copy with GPU GDI,2026-8-20 19:19:19.419232500,8.3687,8.3687,0.0000,0.3993,8.3443,0.5382,7.8061,NA,NA,NA,NA,NA,NA,NA
python.exe,29332,0x0,Other,0,0,1,Hardware: Legacy Flip,2026-8-20 19:19:19.427601200,0.3775,0.3775,0.0000,0.3749,0.0966,0.0966,0.0000,1.7790,17.6446,17.7695,16905.3903,NA,NA,NA
python.exe,29332,0x0,Other,-1,0,0,Composed: Copy with GPU GDI,2026-8-20 19:19:19.427978700,2.5300,2.5300,0.0000,0.0940,2.9061,1.8270,1.0791,19.0461,4.1737,-17.2671,16905.7678,NA,NA,NA
python.exe,29332,0x0,Other,-1,0,0,Composed: Copy with GPU GDI,2026-8-20 19:19:19.430508700,8.7799,8.7799,0.0000,0.4743,8.4027,0.2719,8.1308,NA,NA,NA,NA,NA,NA,NA
python.exe,29332,0x0,Other,-1,0,0,Composed: Copy with GPU GDI,2026-8-20 19:19:19.439288600,10.2712,10.2712,0.0000,0.1005,10.3541,0.4719,9.8822,NA,NA,NA,NA,NA,NA,NA
python.exe,29332,0x0,Other,0,0,1,Hardware: Legacy Flip,2026-8-20 19:19:19.449559800,0.6428,0.6428,0.0000,0.1890,0.6163,0.2908,0.3255,1.6387,7.8146,17.4074,16927.3489,NA,NA,NA
python.exe,29332,0x0,Other,-1,0,0,Composed: Copy with GPU GDI,2026-8-20 19:19:19.450202600,0.5173,0.5173,0.0000,0.1625,1.0062,1.0062,0.0000,8.8105,2.6310,-7.1718,16927.9917,NA,NA,NA
python.exe,29332,0x0,Other,-1,0,0,Composed: Copy with GPU GDI,2026-8-20 19:19:19.450719900,8.6353,8.6353,0.0000,0.6548,8.5831,0.7674,7.8157,NA,NA,NA,NA,NA,NA,NA
python.exe,29332,0x0,Other,0,0,1,Hardware: Legacy Flip,2026-8-20 19:19:19.459355200,1.2395,1.2395,0.0000,0.6076,0.6523,0.0816,0.5707,2.2889,9.4988,6.5216,16937.1443,NA,NA,NA
python.exe,29332,0x0,Other,-1,0,0,Composed: Copy with GPU GDI,2026-8-20 19:19:19.460594700,0.7025,0.7025,0.0000,0.0204,1.6449,1.6449,0.0000,10.5482,12.1370,-8.2593,16938.3838,NA,NA,NA
python.exe,29332,0x0,Other,-1,0,0,Composed: Copy with GPU GDI,2026-8-20 19:19:19.461297200,11.6616,11.6616,0.0000,0.9687,11.1762,0.6590,10.5172,NA,NA,NA,NA,NA,NA,NA
python.exe,29332,0x0,Other,-1,0,0,Composed: Copy with GPU GDI,2026-8-20 19:19:19.472958800,1.1653,1.1653,0.0000,0.4872,0.8840,0.3990,0.4850,10.3211,1.1855,0.2271,16950.7479,NA,NA,NA
python.exe,29332,0x0,Other,0,0,1,Hardware: Legacy Flip,2026-8-20 19:19:19.474124100,8.9769,8.9769,0.0000,0.2100,8.8233,0.1275,8.6958,10.3413,10.9472,-0.0202,16951.9132,NA,NA,NA
python.exe,29332,0x0,Other,-1,0,0,Composed: Copy with GPU GDI,2026-8-20 19:19:19.483101000,0.2453,0.2453,0.0000,0.0564,1.3600,1.3600,0.0000,NA,NA,NA,NA,NA,NA,NA
python.exe,29332,0x0,Other,-1,0,0,Composed: Copy with GPU GDI,2026-8-20 19:19:19.483346300,2.2771,2.2771,0.0000,1.1742,1.1904,0.1957,0.9947,12.0663,0.7772,-1.7250,16961.1354,NA,NA,NA
python.exe,29332,0x0,Other,-1,0,0,Composed: Copy with GPU GDI,2026-8-20 19:19:19.485623400,8.7832,8.7832,0.0000,0.0904,8.9337,0.4432,8.4905,NA,NA,NA,NA,NA,NA,NA
python.exe,29332,0x0,Other,0,0,1,Hardware: Legacy Flip,2026-8-20 19:19:19.494406600,0.2768,0.2768,0.0000,0.2409,0.0573,0.0573,0.0000,1.7832,17.4280,10.2831,16972.1957,NA,NA,NA
python.exe,29332,0x0,Other,-1,0,0,Composed: Copy with GPU GDI,2026-8-20 19:19:19.494683400,10.1588,10.1588,0.0000,0.0214,10.3155,1.7816,8.5339,NA,NA,NA,NA,NA,NA,NA
python.exe,29332,0x0,Other,-1,0,0,Composed: Copy with GPU GDI,2026-8-20 19:19:19.504842200,0.9551,0.9551,0.0000,0.1821,0.9916,0.4406,0.5510,8.7756,4.2675,-6.9924,16982.6313,NA,NA,NA
python.exe,29332,0x0,Other,-1,0,0,Composed: Copy with GPU GDI,2026-8-20 19:19:19.505797300,9.7985,9.7985,0.0000,0.2219,9.8561,0.4735,9.3826,NA,NA,NA,NA,NA,NA,NA
python.exe,29332,0x0,Other,0,0,1,Hardware: Legacy Flip,2026-8-20 19:19:19.515595800,1.1371,1.1371,0.0000,0.2837,0.9075,0.1049,0.8026,2.2895,7.8579,6.4861,16993.3849,NA,NA,NA
python.exe,29332,0x0,Other,-1,0,0,Composed: Copy with GPU GDI,2026-8-20 19:19:19.516732900,0.3202,0.3202,0.0000,0.0541,1.6515,1.6515,0.0000,9.0103,1.8944,-6.7208,16994.5220,NA,NA,NA
python.exe,29332,0x0,Other,-1,0,0,Composed: Copy with GPU GDI,2026-8-20 19:19:19.517053100,8.1165,8.1165,0.0000,1.3903,6.8659,0.2448,6.6211,NA,NA,NA,NA,NA,NA,NA
python.exe,29332,0x0,Other,0,0,1,Hardware: Legacy Flip,2026-8-20 19:19:19.525169600,1.1595,1.1595,0.0000,0.1429,1.0525,0.1408,0.9117,2.4680,16.3630,6.5423,17002.9587,NA,NA,NA
python.exe,29332,0x0,Other,-1,0,0,Composed: Copy with GPU GDI,2026-8-20 19:19:19.526329100,2.3834,2.3834,0.0000,0.0359,2.7240,1.7790,0.9450,17.6715,5.1313,-15.2035,17004.1182,NA,NA,NA
python.exe,29332,0x0,Other,-1,0,0,Composed: Copy with GPU GDI,2026-8-20 19:19:19.528712500,9.7265,9.7265,0.0000,0.3878,9.8927,0.9517,8.9410,NA,NA,NA,NA,NA,NA,NA
python.exe,29332,0x0,Other,-1,0,0,Composed: Copy with GPU GDI,2026-8-20 19:19:19.538439000,2.3239,2.3239,0.0000,0.5921,1.9272,0.5098,1.4174,NA,NA,NA,NA,NA,NA,NA
python.exe,29332,0x0,Other,0,0,1,Hardware: Legacy Flip,2026-8-20 19:19:19.540762900,7.1933,7.1933,0.0000,0.2005,7.0575,0.1384,6.9191,8.3690,13.0294,9.3025,17018.5520,NA,NA,NA
python.exe,29332,0x0,Other,-1,0,0,Composed: Copy with GPU GDI,2026-8-20 19:19:19.547956200,0.6886,0.6886,0.0000,0.0647,1.6657,1.6657,0.0000,14.2051,0.8456,-5.8361,17025.7453,NA,NA,NA
python.exe,29332,0x0,Other,-1,0,0,Composed: Copy with GPU GDI,2026-8-20 19:19:19.548644800,5.0022,5.0022,0.0000,1.0459,4.3103,0.7343,3.5760,NA,NA,NA,NA,NA,NA,NA
python.exe,29332,0x0,Other,-1,0,0,Composed: Copy with GPU GDI,2026-8-20 19:19:19.553647000,6.9371,6.9371,0.0000,0.3583,7.0037,0.5885,6.4152,NA,NA,NA,NA,NA,NA,NA
python.exe,29332,0x0,Other,0,0,1,Hardware: Legacy Flip,2026-8-20 19:19:19.560584100,1.0614,1.0614,0.0000,0.4276,0.6536,0.1932,0.4604,2.4228,17.4410,11.7823,17038.3732,NA,NA,NA
python.exe,29332,0x0,Other,-1,0,0,Composed: Copy with GPU GDI,2026-8-20 19:19:19.561645500,3.0427,3.0427,0.0000,0.0198,3.3898,1.7525,1.6373,18.8024,3.6065,-16.3796,17039.4346,NA,NA,NA
python.exe,29332,0x0,Other,-1,0,0,Composed: Copy with GPU GDI,2026-8-20 19:19:19.564688200,5.8128,5.8128,0.0000,0.3693,6.1513,0.8417,5.3096,NA,NA,NA,NA,NA,NA,NA
python.exe,29332,0x0,Other,0,0,1,Hardware: Legacy Flip,2026-8-20 19:19:19.570501000,12.0563,12.0563,0.0000,0.7121,11.4157,0.1605,11.2552,13.5534,8.4509,5.2490,17048.2901,NA,NA,NA
python.exe,29332,0x0,Other,-1,0,0,Composed: Copy with GPU GDI,2026-8-20 19:19:19.582557300,0.3018,0.3018,0.0000,0.0715,0.3508,0.3343,0.0165,NA,NA,NA,NA,NA,NA,NA
python.exe,29332,0x0,Other,-1,0,0,Composed: Copy with GPU GDI,2026-8-20 19:19:19.582859100,1.5914,1.5914,0.0000,0.1040,1.6414,1.3163,0.3251,9.6462,1.0278,3.9072,17060.6482,NA,NA,NA
python.exe,29332,0x0,Other,-1,0,0,Composed: Copy with GPU GDI,2026-8-20 19:19:19.584450500,7.2910,7.2910,0.0000,0.1604,7.5133,0.5183,6.9950,NA,NA,NA,NA,NA,NA,NA
python.exe,29332,0x0,Other,0,0,1,Hardware: Legacy Flip,2026-8-20 19:19:19.591741500,0.6807,0.6807,0.0000,0.3858,0.3273,0.1052,0.2221,1.7916,16.4441,7.8546,17069.5306,NA,NA,NA
python.exe,29332,0x0,Other,-1,0,0,Composed: Copy with GPU GDI,2026-8-20 19:19:19.592422200,1.6677,1.6677,0.0000,0.0324,1.9163,1.4002,0.5161,NA,NA,NA,NA,NA,NA,NA
python.exe,29332,0x0,Other,-1,0,0,Composed: Copy with GPU GDI,2026-8-20 19:19:19.594089900,8.8338,8.8338,0.0000,0.2856,8.7413,0.3072,8.4341,NA,NA,NA,NA,NA,NA,NA
python.exe,29332,0x0,Other,-1,0,0,Composed: Copy with GPU GDI,2026-8-20 19:19:19.602923700,4.5036,4.5036,0.0000,0.1957,4.4419,0.3503,4.0916,NA,NA,NA,NA,NA,NA,NA
python.exe,29332,0x0,Other,0,0,1,Hardware: Legacy Flip,2026-8-20 19:19:19.607427300,1.0386,1.0386,0.0000,0.1388,0.9602,0.1261,0.8341,2.5499,18.9496,-0.7583,17085.2164,NA,NA,NA
python.exe,29332,0x0,Other,-1,0,0,Composed: Copy with GPU GDI,2026-8-20 19:19:19.608465900,5.3365,5.3365,0.0000,0.0604,5.5031,1.7881,3.7150,20.4609,0.3929,-17.9110,17086.2550,NA,NA,NA
python.exe,29332,0x0,Other,-1,0,0,Composed: Copy with GPU GDI,2026-8-20 19:19:19.613802400,5.4329,5.4329,0.0000,0.2339,5.5652,0.5155,5.0497,NA,NA,NA,NA,NA,NA,NA
python.exe,29332,0x0,Other,0,0,1,Hardware: Legacy Flip,2026-8-20 19:19:19.619235300,8.7819,8.7819,0.0000,0.3700,8.4821,0.1513,8.3308,10.0844,11.6947,10.3765,17097.0244,NA,NA,NA
python.exe,29332,0x0,Other,-1,0,0,Composed: Copy with GPU GDI,2026-8-20 19:19:19.628017200,0.4001,0.4001,0.0000,0.0702,1.3026,1.3026,0.0000,NA,NA,NA,NA,NA,NA,NA
python.exe,29332,0x0,Other,-1,0,0,Composed: Copy with GPU GDI,2026-8-20 19:19:19.628417300,2.9344,2.9344,0.0000,0.9775,2.2467,0.4987,1.7480,12.5971,2.0158,-2.5127,17106.2064,NA,NA,NA
python.exe,29332,0x0,Other,-1,0,0,Composed: Copy with GPU GDI,2026-8-20 19:19:19.631351700,6.5739,6.5739,0.0000,0.2939,7.0196,0.9402,6.0794,NA,NA,NA,NA,NA,NA,NA
python.exe,29332,0x0,Other,0,0,1,Hardware: Legacy Flip,2026-8-20 19:19:19.637925600,4.1121,4.1121,0.0000,0.7435,3.4502,0.1610,3.2892,5.1046,16.2109,7.4925,17115.7147,NA,NA,NA
python.exe,29332,0x0,Other,-1,0,0,Composed: Copy with GPU GDI,2026-8-20 19:19:19.642037700,6.2223,6.2223,0.0000,0.0816,6.8608,1.9963,4.8645,NA,NA,NA,NA,NA,NA,NA
python.exe,29332,0x0,Other,-1,0,0,Composed: Copy with GPU GDI,2026-8-20 19:19:19.648260000,1.7305,1.7305,0.0000,0.7267,1.2103,0.4984,0.7119,10.9811,4.2183,-5.8765,17126.0491,NA,NA,NA
python.exe,29332,0x0,Other,-1,0,0,Composed: Copy with GPU GDI,2026-8-20 19:19:19.649990500,10.9239,10.9239,0.0000,0.2107,11.0444,0.6852,10.3592,NA,NA,NA,NA,NA,NA,NA
python.exe,29332,0x0,Other,-1,0,0,Composed: Copy with GPU GDI,2026-8-20 19:19:19.660914400,1.0073,1.0073,0.0000,1.2739,0.2017,0.2017,0.0000,NA,NA,NA,NA,NA,NA,NA
python.exe,29332,0x0,Other,0,0,1,Hardware: Legacy Flip,2026-8-20 19:19:19.661921700,0.1991,0.1991,0.0000,0.0000,0.9398,0.3890,0.5508,1.5377,20.0385,9.4434,17139.7108,NA,NA,NA
python.exe,29332,0x0,Other,-1,0,0,Composed: Copy with GPU GDI,2026-8-20 19:19:19.662120800,9.5708,9.5708,0.0000,0.2692,9.4539,1.4285,8.0254,NA,NA,NA,NA,NA,NA,NA
python.exe,29332,0x0,Other,-1,0,0,Composed: Copy with GPU GDI,2026-8-20 19:19:19.671691600,1.8838,1.8838,0.0000,0.1566,1.9434,0.3110,1.6324,11.8063,2.1649,-10.2686,17149.4807,NA,NA,NA
python.exe,29332,0x0,Other,0,0,1,Hardware: Legacy Flip,2026-8-20 19:19:19.673575400,10.7707,10.7707,0.0000,0.2191,10.6518,0.2144,10.4374,12.0874,9.9608,-0.2811,17151.3645,NA,NA,NA
python.exe,29332,0x0,Other,-1,0,0,Composed: Copy with GPU GDI,2026-8-20 19:19:19.684346100,0.7819,0.7819,0.0000,0.1002,1.5180,1.5180,0.0000,NA,NA,NA,NA,NA,NA,NA
python.exe,29332,0x0,Other,-1,0,0,Composed: Copy with GPU GDI,2026-8-20 19:19:19.685128000,0.8613,0.8613,0.0000,0.8441,0.5392,0.5144,0.0248,10.4956,0.7273,1.5918,17162.9171,NA,NA,NA
python.exe,29332,0x0,Other,0,0,1,Hardware: Legacy Flip,2026-8-20 19:19:19.685989300,9.2205,9.2205,0.0000,0.5266,8.7322,0.1485,8.5837,10.3616,11.4318,0.1340,17163.7784,NA,NA,NA
python.exe,29332,0x0,Other,-1,0,0,Composed: Copy with GPU GDI,2026-8-20 19:19:19.695209800,0.2086,0.2086,0.0000,0.0383,1.1820,1.1820,0.0000,NA,NA,NA,NA,NA,NA,NA
python.exe,29332,0x0,Other,-1,0,0,Composed: Copy with GPU GDI,2026-8-20 19:19:19.695418400,2.7292,2.7292,0.0000,1.0158,1.9018,0.4943,1.4075,12.3643,8.4705,-2.0027,17173.2075,NA,NA,NA
python.exe,29332,0x0,Other,-1,0,0,Composed: Copy with GPU GDI,2026-8-20 19:19:19.698147600,7.1106,7.1106,0.0000,0.2158,7.4839,0.7470,6.7369,NA,NA,NA,NA,NA,NA,NA
python.exe,29332,0x0,Other,0,0,1,Hardware: Legacy Flip,2026-8-20 19:19:19.705258200,9.7713,9.7713,0.0000,0.5951,9.3155,0.3279,8.9876,10.9950,9.7030,1.3693,17183.0473,NA,NA,NA
python.exe,29332,0x0,Other,-1,0,0,Composed: Copy with GPU GDI,2026-8-20 19:19:19.715029500,0.7410,0.7410,0.0000,0.1393,1.7259,1.7259,0.0000,NA,NA,NA,NA,NA,NA,NA
python.exe,29332,0x0,Other,-1,0,0,Composed: Copy with GPU GDI,2026-8-20 19:19:19.715770500,0.6669,0.6669,0.0000,1.1290,0.0113,0.0113,0.0000,10.1857,3.0725,0.8093,17193.5596,NA,NA,NA
python.exe,29332,0x0,Other,-1,0,0,Composed: Copy with GPU GDI,2026-8-20 19:19:19.716437400,9.8971,9.8971,0.0000,0.4728,10.1171,0.9757,9.1414,NA,NA,NA,NA,NA,NA,NA
python.exe,29332,0x0,Other,0,0,1,Hardware: Legacy Flip,2026-8-20 19:19:19.726334500,1.5944,1.5944,0.0000,0.6991,0.9502,0.1856,0.7646,2.6942,9.1319,7.4915,17204.1236,NA,NA,NA
python.exe,29332,0x0,Other,-1,0,0,Composed: Copy with GPU GDI,2026-8-20 19:19:19.727928900,0.4766,0.4766,0.0000,0.0549,1.5308,1.5308,0.0000,10.2317,4.6606,-7.5375,17205.7180,NA,NA,NA
python.exe,29332,0x0,Other,-1,0,0,Composed: Copy with GPU GDI,2026-8-20 19:19:19.728405500,9.2833,9.2833,0.0000,1.1128,8.4389,0.3918,8.0471,NA,NA,NA,NA,NA,NA,NA
python.exe,29332,0x0,Other,-1,0,0,Composed: Copy with GPU GDI,2026-8-20 19:19:19.737688800,2.5436,2.5436,0.0000,0.2750,2.6319,0.4875,2.1444,NA,NA,NA,NA,NA,NA,NA
python.exe,29332,0x0,Other,0,0,1,Hardware: Legacy Flip,2026-8-20 19:19:19.740232400,1.3669,1.3669,0.0000,0.3683,1.0467,0.0890,0.9577,2.5888,19.1690,7.6429,17218.0215,NA,NA,NA
python.exe,29332,0x0,Other,-1,0,0,Composed: Copy with GPU GDI,2026-8-20 19:19:19.741599300,6.6729,6.6729,0.0000,0.0481,6.8767,1.5467,5.3300,NA,NA,NA,NA,NA,NA,NA
python.exe,29332,0x0,Other,-1,0,0,Composed: Copy with GPU GDI,2026-8-20 19:19:19.748272200,4.2101,4.2101,0.0000,0.2553,4.5646,0.8289,3.7357,NA,NA,NA,NA,NA,NA,NA
python.exe,29332,0x0,Other,0,0,1,Hardware: Legacy Flip,2026-8-20 19:19:19.752482300,8.3474,8.3474,0.0000,0.6162,7.8888,0.2327,7.6561,9.5079,12.4975,-6.9191,17230.2714,NA,NA,NA
python.exe,29332,0x0,Other,-1,0,0,Composed: Copy with GPU GDI,2026-8-20 19:19:19.760829700,0.5522,0.5522,0.0000,0.1576,1.5849,1.5849,0.0000,13.6580,3.4052,-4.1501,17238.6188,NA,NA,NA
python.exe,29332,0x0,Other,-1,0,0,Composed: Copy with GPU GDI,2026-8-20 19:19:19.761381900,9.6074,9.6074,0.0000,1.1937,8.6340,0.4140,8.2200,NA,NA,NA,NA,NA,NA,NA
python.exe,29332,0x0,Other,-1,0,0,Composed: Copy with GPU GDI,2026-8-20 19:19:19.770989300,1.8041,1.8041,0.0000,0.2232,2.0115,0.5801,1.4314,NA,NA,NA,NA,NA,NA,NA
python.exe,29332,0x0,Other,0,0,1,Hardware: Legacy Flip,2026-8-20 19:19:19.772793400,4.0221,4.0221,0.0000,0.4342,3.6869,0.2044,3.4825,5.0995,14.7958,8.5585,17250.5825,NA,NA,NA
python.exe,29332,0x0,Other,-1,0,0,Composed: Copy with GPU GDI,2026-8-20 19:19:19.776815500,4.7789,4.7789,0.0000,0.0990,4.8454,1.2795,3.5659,NA,NA,NA,NA,NA,NA,NA
python.exe,29332,0x0,Other,-1,0,0,Composed: Copy with GPU GDI,2026-8-20 19:19:19.781594400,1.1327,1.1327,0.0000,0.1692,1.2549,0.4304,0.8245,11.0943,4.1226,-5.9948,17259.3835,NA,NA,NA
python.exe,29332,0x0,Other,-1,0,0,Composed: Copy with GPU GDI,2026-8-20 19:19:19.782727100,11.3050,11.3050,0.0000,0.2941,11.5399,0.6508,10.8891,NA,NA,NA,NA,NA,NA,NA
python.exe,29332,0x0,Other,-1,0,0,Composed: Copy with GPU GDI,2026-8-20 19:19:19.794032100,0.7535,0.7535,0.0000,0.5325,0.6255,0.5001,0.1254,NA,NA,NA,NA,NA,NA,NA
python.exe,29332,0x0,Other,0,0,1,Hardware: Legacy Flip,2026-8-20 19:19:19.794785600,0.4540,0.4540,0.0000,0.4045,0.1303,0.1303,0.0000,2.0257,19.7382,9.0686,17272.5747,NA,NA,NA
python.exe,29332,0x0,Other,-1,0,0,Composed: Copy with GPU GDI,2026-8-20 19:19:19.795239600,10.3047,10.3047,0.0000,0.0808,10.3482,1.8032,8.5450,NA,NA,NA,NA,NA,NA,NA
python.exe,29332,0x0,Other,-1,0,0,Composed: Copy with GPU GDI,2026-8-20 19:19:19.805544300,2.4867,2.4867,0.0000,0.1282,2.8515,0.6727,2.1788,NA,NA,NA,NA,NA,NA,NA
python.exe,29332,0x0,Other,0,0,1,Hardware: Legacy Flip,2026-8-20 19:19:19.808031000,7.3091,7.3091,0.0000,0.5030,6.8984,0.1683,6.7301,8.5185,11.6954,-6.4928,17285.8201,NA,NA,NA
python.exe,29332,0x0,Other,-1,0,0,Composed: Copy with GPU GDI,2026-8-20 19:19:19.815340100,0.4812,0.4812,0.0000,0.0923,1.6963,1.6963,0.0000,NA,NA,NA,NA,NA,NA,NA
python.exe,29332,0x0,Other,-1,0,0,Composed: Copy with GPU GDI,2026-8-20 19:19:19.815821300,4.3887,4.3887,0.0000,1.3129,3.1793,0.2748,2.9045,NA,NA,NA,NA,NA,NA,NA
python.exe,29332,0x0,Other,0,0,1,Hardware: Legacy Flip,2026-8-20 19:19:19.820210000,6.3875,6.3875,0.0000,0.1063,6.3024,0.1260,6.1764,8.0349,12.9840,0.4836,17297.9991,NA,NA,NA
python.exe,29332,0x0,Other,-1,0,0,Composed: Copy with GPU GDI,2026-8-20 19:19:19.826597500,0.2021,0.2021,0.0000,0.0212,0.4563,0.4563,0.0000,14.6314,6.0509,-6.5965,17304.3866,NA,NA,NA
python.exe,29332,0x0,Other,-1,0,0,Composed: Copy with GPU GDI,2026-8-20 19:19:19.826799600,4.7074,4.7074,0.0000,0.2754,4.8153,1.4947,3.3206,20.4802,4.1278,-5.8488,17304.5887,NA,NA,NA
python.exe,29332,0x0,Other,-1,0,0,Composed: Copy with GPU GDI,2026-8-20 19:19:19.831507000,6.3434,6.3434,0.0000,0.3866,6.4422,0.6506,5.7916,NA,NA,NA,NA,NA,NA,NA
python.exe,29332,0x0,Other,-1,0,0,Composed: Copy with GPU GDI,2026-8-20 19:19:19.837850400,11.5745,11.5745,0.0000,0.4903,11.2841,0.4201,10.8640,NA,NA,NA,NA,NA,NA,NA
python.exe,29332,0x0,Other,0,0,1,Hardware: Legacy Flip,2026-8-20 19:19:19.849424900,0.6456,0.6456,0.0000,0.2053,0.8284,0.4989,0.3295,1.9827,8.1183,18.4975,17327.2140,NA,NA,NA
python.exe,29332,0x0,Other,-1,0,0,Composed: Copy with GPU GDI,2026-8-20 19:19:19.850070500,1.4367,1.4367,0.0000,0.3881,1.5262,1.5262,0.0000,9.4554,2.2185,-7.4727,17327.8596,NA,NA,NA
python.exe,29332,0x0,Other,-1,0,0,Composed: Copy with GPU GDI,2026-8-20 19:19:19.851507200,7.8488,7.8488,0.0000,0.4803,7.8601,0.6600,7.2001,NA,NA,NA,NA,NA,NA,NA
python.exe,29332,0x0,Other,0,0,1,Hardware: Legacy Flip,2026-8-20 19:19:19.859356000,1.0624,1.0624,0.0000,0.5391,0.5586,0.1041,0.4545,2.3884,9.8313,7.0670,17337.1451,NA,NA,NA
python.exe,29332,0x0,Other,-1,0,0,Composed: Copy with GPU GDI,2026-8-20 19:19:19.860418400,1.2579,1.2579,0.0000,0.0353,1.4755,1.4755,0.0000,11.1573,12.1595,-8.7689,17338.2075,NA,NA,NA
python.exe,29332,0x0,Other,-1,0,0,Composed: Copy with GPU GDI,2026-8-20 19:19:19.861676300,11.4008,11.4008,0.0000,0.2570,11.5880,0.5918,10.9962,NA,NA,NA,NA,NA,NA,NA
python.exe,29332,0x0,Other,-1,0,0,Composed: Copy with GPU GDI,2026-8-20 19:19:19.873077100,1.0069,1.0069,0.0000,0.4519,1.2255,0.8427,0.3828,10.6581,0.2188,0.4992,17350.8662,NA,NA,NA
python.exe,29332,0x0,Other,0,0,1,Hardware: Legacy Flip,2026-8-20 19:19:19.874084000,8.5107,8.5107,0.0000,0.6743,7.9561,0.2321,7.7240,9.8700,11.8641,0.7881,17351.8731,NA,NA,NA
python.exe,29332,0x0,Other,-1,0,0,Composed: Copy with GPU GDI,2026-8-20 19:19:19.882594700,0.7383,0.7383,0.0000,0.1197,1.6139,1.6139,0.0000,NA,NA,NA,NA,NA,NA,NA
python.exe,29332,0x0,Other,-1,0,0,Composed: Copy with GPU GDI,2026-8-20 19:19:19.883333000,2.6814,2.6814,0.0000,0.9991,1.9144,0.4953,1.4191,12.4851,1.9009,-2.6151,17361.1221,NA,NA,NA
python.exe,29332,0x0,Other,-1,0,0,Composed: Copy with GPU GDI,2026-8-20 19:19:19.886014400,9.4916,9.4916,0.0000,0.2368,9.8987,0.7755,9.1232,NA,NA,NA,NA,NA,NA,NA
python.exe,29332,0x0,Other,0,0,1,Hardware: Legacy Flip,2026-8-20 19:19:19.895506000,0.7535,0.7535,0.0000,0.6515,0.1905,0.1596,0.0309,2.2130,10.3233,10.2721,17373.2951,NA,NA,NA
python.exe,29332,0x0,Other,-1,0,0,Composed: Copy with GPU GDI,2026-8-20 19:19:19.896259500,2.2038,2.2038,0.0000,0.0885,2.7857,2.0653,0.7204,11.7828,3.4020,-9.5698,17374.0486,NA,NA,NA
python.exe,29332,0x0,Other,-1,0,0,Composed: Copy with GPU GDI,2026-8-20 19:19:19.898463300,6.0864,6.0864,0.0000,0.6730,5.5902,0.3620,5.2282,NA,NA,NA,NA,NA,NA,NA
python.exe,29332,0x0,Other,0,0,1,Hardware: Legacy Flip,2026-8-20 19:19:19.904549700,5.8047,5.8047,0.0000,0.2151,5.7473,0.2815,5.4658,6.8946,14.7234,4.8882,17382.3388,NA,NA,NA
python.exe,29332,0x0,Other,-1,0,0,Composed: Copy with GPU GDI,2026-8-20 19:19:19.910354400,4.7840,4.7840,0.0000,0.1577,4.8967,1.4275,3.4692,NA,NA,NA,NA,NA,NA,NA
python.exe,29332,0x0,Other,-1,0,0,Composed: Copy with GPU GDI,2026-8-20 19:19:19.915138400,1.1941,1.1941,0.0000,0.2614,1.2467,0.4329,0.8138,11.0293,3.0411,-4.1347,17392.9275,NA,NA,NA
python.exe,29332,0x0,Other,-1,0,0,Composed: Copy with GPU GDI,2026-8-20 19:19:19.916332500,10.4029,10.4029,0.0000,0.3169,10.2088,0.3139,9.8949,NA,NA,NA,NA,NA,NA,NA
python.exe,29332,0x0,Other,0,0,1,Hardware: Legacy Flip,2026-8-20 19:19:19.926735400,1.1565,1.1565,0.0000,0.1272,1.1549,0.2970,0.8579,2.4734,9.1669,8.5559,17404.5245,NA,NA,NA
python.exe,29332,0x0,Other,-1,0,0,Composed: Copy with GPU GDI,2026-8-20 19:19:19.927891900,1.7614,1.7614,0.0000,0.1256,2.2281,1.7927,0.4354,10.4838,11.9664,-8.0104,17405.6810,NA,NA,NA
python.exe,29332,0x0,Other,-1,0,0,Composed: Copy with GPU GDI,2026-8-20 19:19:19.929653300,8.7799,8.7799,0.0000,0.5963,8.8765,0.9267,7.9498,NA,NA,NA,NA,NA,NA,NA
python.exe,29332,0x0,Other,-1,0,0,Composed: Copy with GPU GDI,2026-8-20 19:19:19.938433200,2.2227,2.2227,0.0000,0.6965,1.7324,0.3550,1.3774,NA,NA,NA,NA,NA,NA,NA
python.exe,29332,0x0,Other,0,0,1,Hardware: Legacy Flip,2026-8-20 19:19:19.940655900,8.3636,8.3636,0.0000,0.2114,8.2855,0.3060,7.9795,9.6862,12.2096,0.7976,17418.4450,NA,NA,NA
python.exe,29332,0x0,Other,-1,0,0,Composed: Copy with GPU GDI,2026-8-20 19:19:19.949019500,0.8008,0.8008,0.0000,0.1333,1.8397,1.8397,0.0000,NA,NA,NA,NA,NA,NA,NA
python.exe,29332,0x0,Other,-1,0,0,Composed: Copy with GPU GDI,2026-8-20 19:19:19.949820300,2.4346,2.4346,0.0000,1.1756,1.6408,0.4850,1.1558,12.7314,0.6109,-3.0452,17427.6094,NA,NA,NA
python.exe,29332,0x0,Other,-1,0,0,Composed: Copy with GPU GDI,2026-8-20 19:19:19.952254900,9.3468,9.3468,0.0000,9.7697,0.0464,0.0464,0.0000,NA,NA,NA,NA,NA,NA,NA
python.exe,29332,0x0,Other,0,0,1,Hardware: Legacy Flip,2026-8-20 19:19:19.961601700,0.3978,0.3978,0.0000,0.0000,9.3849,0.5840,8.8009,1.5609,17.7586,11.1705,17439.3908,NA,NA,NA
python.exe,29332,0x0,Other,-1,0,0,Composed: Copy with GPU GDI,2026-8-20 19:19:19.961999500,3.0821,3.0821,0.0000,0.0715,3.5326,1.8048,1.7278,18.9217,3.1439,-17.3608,17439.7886,NA,NA,NA
python.exe,29332,0x0,Other,-1,0,0,Composed: Copy with GPU GDI,2026-8-20 19:19:19.965081600,6.5693,6.5693,0.0000,0.5280,6.6619,0.8551,5.8068,NA,NA,NA,NA,NA,NA,NA
python.exe,29332,0x0,Other,-1,0,0,Composed: Copy with GPU GDI,2026-8-20 19:19:19.971650900,11.0289,11.0289,0.0000,11.3553,0.0165,0.0165,0.0000,NA,NA,NA,NA,NA,NA,NA
python.exe,29332,0x0,Other,0,0,1,Hardware: Legacy Flip,2026-8-20 19:19:19.982679800,0.2608,0.2608,0.0000,0.0000,10.7297,0.5023,10.2274,1.3853,8.8201,17.5364,17460.4689,NA,NA,NA
python.exe,29332,0x0,Other,-1,0,0,Composed: Copy with GPU GDI,2026-8-20 19:19:19.982940600,0.6764,0.6764,0.0000,0.0821,1.5909,1.5909,0.0000,9.9446,3.1085,-8.5593,17460.7297,NA,NA,NA
python.exe,29332,0x0,Other,-1,0,0,Composed: Copy with GPU GDI,2026-8-20 19:19:19.983617000,10.4279,10.4279,0.0000,0.9993,9.6626,0.4676,9.1950,NA,NA,NA,NA,NA,NA,NA
python.exe,29332,0x0,Other,0,0,1,Hardware: Legacy Flip,2026-8-20 19:19:19.994044900,0.7864,0.7864,0.0000,0.2394,0.5658,0.0757,0.4901,1.9488,9.0198,7.9958,17471.8340,NA,NA,NA
python.exe,29332,0x0,Other,-1,0,0,Composed: Copy with GPU GDI,2026-8-20 19:19:19.994831300,0.3371,0.3371,0.0000,0.0188,1.6787,1.6787,0.0000,10.1822,12.1637,-8.2334,17472.6204,NA,NA,NA
python.exe,29332,0x0,Other,-1,0,0,Composed: Copy with GPU GDI,2026-8-20 19:19:19.995168400,9.0887,9.0887,0.0000,1.3645,7.9237,0.3518,7.5719,22.0088,1.0332,-11.8266,17472.9575,NA,NA,NA
python.exe,29332,0x0,Other,-1,0,0,Composed: Copy with GPU GDI,2026-8-20 19:19:20.004257100,2.2084,2.2084,0.0000,0.2023,2.3160,0.4524,1.8636,NA,NA,NA,NA,NA,NA,NA
python.exe,29332,0x0,Other,0,0,1,Hardware: Legacy Flip,2026-8-20 19:19:20.006465500,10.4842,10.4842,0.0000,0.3181,10.2270,0.1268,10.1002,11.7449,10.3083,10.2639,17484.2546,NA,NA,NA
python.exe,29332,0x0,Other,-1,0,0,Composed: Copy with GPU GDI,2026-8-20 19:19:20.016949700,0.8707,0.8707,0.0000,0.0609,1.7697,1.7697,0.0000,NA,NA,NA,NA,NA,NA,NA
python.exe,29332,0x0,Other,-1,0,0,Composed: Copy with GPU GDI,2026-8-20 19:19:20.017820400,1.3011,1.3011,0.0000,0.9646,0.8020,0.5914,0.2106,NA,NA,NA,NA,NA,NA,NA
python.exe,29332,0x0,Other,-1,0,0,Composed: Copy with GPU GDI,2026-8-20 19:19:20.019121500,7.4444,7.4444,0.0000,0.4717,7.3435,0.5055,6.8380,NA,NA,NA,NA,NA,NA,NA
python.exe,29332,0x0,Other,0,0,1,Hardware: Legacy Flip,2026-8-20 19:19:20.026565900,0.5875,0.5875,0.0000,0.3739,0.2297,0.0577,0.1720,1.9528,15.8162,9.7921,17504.3550,NA,NA,NA
python.exe,29332,0x0,Other,-1,0,0,Composed: Copy with GPU GDI,2026-8-20 19:19:20.027153400,3.8097,3.8097,0.0000,0.0161,4.3820,2.0791,2.3029,NA,NA,NA,NA,NA,NA,NA
python.exe,29332,0x0,Other,-1,0,0,Composed: Copy with GPU GDI,2026-8-20 19:19:20.030963100,6.3422,6.3422,0.0000,0.6153,6.0704,0.4814,5.5890,NA,NA,NA,NA,NA,NA,NA
python.exe,29332,0x0,Other,0,0,1,Hardware: Legacy Flip,2026-8-20 19:19:20.037305300,5.6417,5.6417,0.0000,0.3465,5.3721,0.1470,5.2251,7.0296,15.3154,-5.0768,17515.0944,NA,NA,NA
python.exe,29332,0x0,Other,-1,0,0,Composed: Copy with GPU GDI,2026-8-20 19:19:20.042947000,5.4491,5.4491,0.0000,0.0769,6.0713,2.0329,4.0384,NA,NA,NA,NA,NA,NA,NA
python.exe,29332,0x0,Other,-1,0,0,Composed: Copy with GPU GDI,2026-8-20 19:19:20.048396100,1.0741,1.0741,0.0000,0.7028,0.8000,0.6030,0.1970,11.2542,4.5913,-4.2246,17526.1852,NA,NA,NA
python.exe,29332,0x0,Other,-1,0,0,Composed: Copy with GPU GDI,2026-8-20 19:19:20.049470200,11.4238,11.4238,0.0000,0.4326,11.1356,0.3152,10.8204,NA,NA,NA,NA,NA,NA,NA
python.exe,29332,0x0,Other,0,0,1,Hardware: Legacy Flip,2026-8-20 19:19:20.060894000,2.0897,2.0897,0.0000,0.1491,2.0782,0.2650,1.8132,3.3476,7.5016,7.9066,17538.6831,NA,NA,NA
python.exe,29332,0x0,Other,-1,0,0,Composed: Copy with GPU GDI,2026-8-20 19:19:20.062983700,0.8161,0.8161,0.0000,0.1376,1.7389,1.7389,0.0000,8.7595,5.5926,-5.4119,17540.7728,NA,NA,NA
python.exe,29332,0x0,Other,-1,0,0,Composed: Copy with GPU GDI,2026-8-20 19:19:20.063799800,6.3348,6.3348,0.0000,1.0643,6.0252,0.9352,5.0900,NA,NA,NA,NA,NA,NA,NA
python.exe,29332,0x0,Other,-1,0,0,Composed: Copy with GPU GDI,2026-8-20 19:19:20.070134600,3.8332,3.8332,0.0000,0.7595,3.6123,0.6469,2.9654,NA,NA,NA,NA,NA,NA,NA
python.exe,29332,0x0,Other,0,0,1,Hardware: Legacy Flip,2026-8-20 19:19:20.073967800,2.0043,2.0043,0.0000,0.5471,1.5940,0.1910,1.4030,3.3680,17.7448,5.3915,17551.7569,NA,NA,NA
python.exe,29332,0x0,Other,-1,0,0,Composed: Copy with GPU GDI,2026-8-20 19:19:20.075972100,5.8040,5.8040,0.0000,0.1368,5.9372,1.6501,4.2871,NA,NA,NA,NA,NA,NA,NA
python.exe,29332,0x0,Other,-1,0,0,Composed: Copy with GPU GDI,2026-8-20 19:19:20.081776100,4.2944,4.2944,0.0000,0.2729,4.2392,0.3304,3.9088,NA,NA,NA,NA,NA,NA,NA
python.exe,29332,0x0,Other,0,0,1,Hardware: Legacy Flip,2026-8-20 19:19:20.086070500,7.5512,7.5512,0.0000,0.2210,7.4471,0.1891,7.2580,9.0101,13.1198,-5.6421,17563.8596,NA,NA,NA
python.exe,29332,0x0,Other,-1,0,0,Composed: Copy with GPU GDI,2026-8-20 19:19:20.093621700,0.5709,0.5709,0.0000,0.1169,1.9134,1.9134,0.0000,14.5787,6.0179,-5.5686,17571.4108,NA,NA,NA
python.exe,29332,0x0,Other,-1,0,0,Composed: Copy with GPU GDI,2026-8-20 19:19:20.094192600,3.5180,3.5180,0.0000,1.4627,2.1735,0.3100,1.8635,20.0257,0.9416,-5.4470,17571.9817,NA,NA,NA
python.exe,29332,0x0,Other,-1,0,0,Composed: Copy with GPU GDI,2026-8-20 19:19:20.097710600,7.1028,7.1028,0.0000,0.1232,7.2482,0.4692,6.7790,NA,NA,NA,NA,NA,NA,NA
python.exe,29332,0x0,Other,0,0,1,Hardware: Legacy Flip,2026-8-20 19:19:20.104813400,8.9602,8.9602,0.0000,0.2938,8.8374,0.2312,8.6062,10.3465,11.1833,9.6792,17582.6025,NA,NA,NA
python.exe,29332,0x0,Other,-1,0,0,Composed: Copy with GPU GDI,2026-8-20 19:19:20.113773600,0.8527,0.8527,0.0000,0.1710,1.6493,1.6493,0.0000,NA,NA,NA,NA,NA,NA,NA
python.exe,29332,0x0,Other,-1,0,0,Composed: Copy with GPU GDI,2026-8-20 19:19:20.114626300,1.7775,1.7775,0.0000,1.0532,0.8901,0.2907,0.5994,11.7169,34.2076,-1.3704,17592.4154,NA,NA,NA
python.exe,29332,0x0,Other,-1,0,0,Composed: Copy with GPU GDI,2026-8-20 19:19:20.116403800,42.2817,42.2817,0.0000,0.1701,42.4043,0.5285,41.8758,NA,NA,NA,NA,NA,NA,NA
python.exe,29332,0x0,Other,0,0,1,Hardware: Legacy Flip,2026-8-20 19:19:20.158685500,0.3713,0.3713,0.0000,0.2962,0.1458,0.1378,0.0080,1.8653,1.6646,9.8516,17636.4746,NA,NA,NA
python.exe,29332,0x0,Other,-1,0,0,Composed: Copy with GPU GDI,2026-8-20 19:19:20.159056800,0.7361,0.7361,0.0000,1.6946,0.3727,0.3727,0.0000,NA,NA,NA,NA,NA,NA,NA
python.exe,29332,0x0,Other,0,0,1,Hardware: Legacy Flip,2026-8-20 19:19:20.159792900,0.9405,0.9405,0.0000,0.0000,1.6239,1.6239,0.0000,2.4225,14.6767,-0.5572,17637.5820,NA,NA,NA
python.exe,29332,0x0,Other,-1,0,0,Composed: Copy with GPU GDI,2026-8-20 19:19:20.160733400,3.8695,3.8695,0.0000,0.3907,3.7012,1.3382,2.3630,NA,NA,NA,NA,NA,NA,NA
python.exe,29332,0x0,Other,-1,0,0,Composed: Copy with GPU GDI,2026-8-20 19:19:20.164602900,6.1553,6.1553,0.0000,0.2259,6.5348,0.7446,5.7902,NA,NA,NA,NA,NA,NA,NA
python.exe,29332,0x0,Other,0,0,1,Hardware: Legacy Flip,2026-8-20 19:19:20.170758200,4.8318,4.8318,0.0000,0.6109,4.3713,0.2555,4.1158,6.1339,16.2281,-3.7114,17648.5473,NA,NA,NA
python.exe,29332,0x0,Other,-1,0,0,Composed: Copy with GPU GDI,2026-8-20 19:19:20.175590000,6.6627,6.6627,0.0000,0.1504,7.2428,1.9747,5.2681,NA,NA,NA,NA,NA,NA,NA
python.exe,29332,0x0,Other,-1,0,0,Composed: Copy with GPU GDI,2026-8-20 19:19:20.182252700,1.2233,1.2233,0.0000,0.7351,0.6589,0.3112,0.3477,10.8675,2.1935,-4.7336,17660.0418,NA,NA,NA
python.exe,29332,0x0,Other,-1,0,0,Composed: Copy with GPU GDI,2026-8-20 19:19:20.183476000,9.7369,9.7369,0.0000,0.1763,10.0646,0.6723,9.3923,NA,NA,NA,NA,NA,NA,NA
python.exe,29332,0x0,Other,0,0,1,Hardware: Legacy Flip,2026-8-20 19:19:20.193212900,0.8880,0.8880,0.0000,0.5071,0.5308,0.3032,0.2276,2.1008,9.9299,8.7667,17671.0020,NA,NA,NA
python.exe,29332,0x0,Other,-1,0,0,Composed: Copy with GPU GDI,2026-8-20 19:19:20.194100900,1.4265,1.4265,0.0000,0.1499,1.5877,1.4402,0.1475,11.1427,10.7399,-9.0419,17671.8900,NA,NA,NA
python.exe,29332,0x0,Other,-1,0,0,Composed: Copy with GPU GDI,2026-8-20 19:19:20.195527400,7.9686,7.9686,0.0000,0.3153,8.2108,0.6961,7.5147,NA,NA,NA,NA,NA,NA,NA
python.exe,29332,0x0,Other,-1,0,0,Composed: Copy with GPU GDI,2026-8-20 19:19:20.203496000,3.2020,3.2020,0.0000,0.5923,2.9975,0.5419,2.4556,NA,NA,NA,NA,NA,NA,NA
python.exe,29332,0x0,Other,0,0,1,Hardware: Legacy Flip,2026-8-20 19:19:20.206698000,8.0672,8.0672,0.0000,0.3914,7.7629,0.1754,7.5875,9.2855,12.8216,1.8572,17684.4871,NA,NA,NA
python.exe,29332,0x0,Other,-1,0,0,Composed: Copy with GPU GDI,2026-8-20 19:19:20.214765200,0.8673,0.8673,0.0000,0.0871,1.6456,1.6456,0.0000,NA,NA,NA,NA,NA,NA,NA
python.exe,29332,0x0,Other,-1,0,0,Composed: Copy with GPU GDI,2026-8-20 19:19:20.215632500,4.3293,4.3293,0.0000,0.8704,3.8635,0.5419,3.3216,NA,NA,NA,NA,NA,NA,NA
python.exe,29332,0x0,Other,0,0,1,Hardware: Legacy Flip,2026-8-20 19:19:20.219961800,7.8222,7.8222,0.0000,0.4209,7.4320,0.1320,7.3000,8.8433,12.8197,0.4422,17697.7509,NA,NA,NA
python.exe,29332,0x0,Other,-1,0,0,Composed: Copy with GPU GDI,2026-8-20 19:19:20.227784000,0.2435,0.2435,0.0000,0.0307,1.6015,1.6015,0.0000,13.8408,1.8210,-4.9975,17705.5731,NA,NA,NA
python.exe,29332,0x0,Other,-1,0,0,Composed: Copy with GPU GDI,2026-8-20 19:19:20.228027500,3.1574,3.1574,0.0000,1.3924,2.1489,0.5002,1.6487,NA,NA,NA,NA,NA,NA,NA
python.exe,29332,0x0,Other,-1,0,0,Composed: Copy with GPU GDI,2026-8-20 19:19:20.231184900,7.2232,7.2232,0.0000,0.3869,7.5253,0.8687,6.6566,NA,NA,NA,NA,NA,NA,NA
python.exe,29332,0x0,Other,0,0,1,Hardware: Legacy Flip,2026-8-20 19:19:20.238408100,4.0102,4.0102,0.0000,0.6923,3.4062,0.1797,3.2265,5.0377,16.4414,8.8031,17716.1972,NA,NA,NA
python.exe,29332,0x0,Other,-1,0,0,Composed: Copy with GPU GDI,2026-8-20 19:19:20.242418300,0.3820,0.3820,0.0000,0.0883,1.7740,1.7740,0.0000,17.4689,3.8778,-12.4312,17720.2074,NA,NA,NA
python.exe,29332,0x0,Other,-1,0,0,Composed: Copy with GPU GDI,2026-8-20 19:19:20.242800300,6.6132,6.6132,0.0000,1.4835,5.3920,0.5217,4.8703,NA,NA,NA,NA,NA,NA,NA
python.exe,29332,0x0,Other,-1,0,0,Composed: Copy with GPU GDI,2026-8-20 19:19:20.249413500,12.1766,12.1766,0.0000,0.2696,12.5065,0.7566,11.7499,NA,NA,NA,NA,NA,NA,NA
python.exe,29332,0x0,Other,0,0,1,Hardware: Legacy Flip,2026-8-20 19:19:20.261590100,1.0534,1.0534,0.0000,0.6047,0.5252,0.1354,0.3898,2.1749,8.2045,15.2940,17739.3792,NA,NA,NA
python.exe,29332,0x0,Other,-1,0,0,Composed: Copy with GPU GDI,2026-8-20 19:19:20.262643500,0.2292,0.2292,0.0000,0.0765,1.1068,1.1068,0.0000,9.3260,12.1310,-7.1511,17740.4326,NA,NA,NA
python.exe,29332,0x0,Other,-1,0,0,Composed: Copy with GPU GDI,2026-8-20 19:19:20.262872700,9.0174,9.0174,0.0000,0.9570,8.2569,0.4736,7.7833,21.2278,1.7293,-11.9018,17740.6618,NA,NA,NA
python.exe,29332,0x0,Other,-1,0,0,Composed: Copy with GPU GDI,2026-8-20 19:19:20.271890100,2.0812,2.0812,0.0000,0.2059,2.0548,0.3206,1.7342,NA,NA,NA,NA,NA,NA,NA
python.exe,29332,0x0,Other,-1,0,0,Composed: Copy with GPU GDI,2026-8-20 19:19:20.273971300,10.1190,10.1190,0.0000,10.4938,1.1751,1.1751,0.0000,NA,NA,NA,NA,NA,NA,NA
python.exe,29332,0x0,Other,0,0,1,Hardware: Legacy Flip,2026-8-20 19:19:20.284090300,0.2945,0.2945,0.0000,0.0000,10.3103,0.6954,9.6149,1.7395,10.1410,19.4883,17761.8794,NA,NA,NA
python.exe,29332,0x0,Other,-1,0,0,Composed: Copy with GPU GDI,2026-8-20 19:19:20.284384800,1.0479,1.0479,0.0000,1.2554,0.0074,0.0074,0.0000,NA,NA,NA,NA,NA,NA,NA
python.exe,29332,0x0,Other,0,0,1,Hardware: Legacy Flip,2026-8-20 19:19:20.285432700,9.4658,9.4658,0.0000,0.2149,9.2786,0.1950,9.0836,10.5381,12.3974,-8.7986,17763.2218,NA,NA,NA
python.exe,29332,0x0,Other,-1,0,0,Composed: Copy with GPU GDI,2026-8-20 19:19:20.294898500,0.2726,0.2726,0.0000,0.0277,1.6156,1.6156,0.0000,13.4697,11.8108,-2.9316,17772.6876,NA,NA,NA
python.exe,29332,0x0,Other,-1,0,0,Composed: Copy with GPU GDI,2026-8-20 19:19:20.295171100,9.8530,9.8530,0.0000,1.3753,8.8281,0.5498,8.2783,NA,NA,NA,NA,NA,NA,NA
python.exe,29332,0x0,Other,-1,0,0,Composed: Copy with GPU GDI,2026-8-20 19:19:20.305024100,1.2188,1.2188,0.0000,0.3925,1.1296,0.4112,0.7184,NA,NA,NA,NA,NA,NA,NA
python.exe,29332,0x0,Other,-1,0,0,Composed: Copy with GPU GDI,2026-8-20 19:19:20.306242900,11.0370,11.0370,0.0000,0.3071,11.3044,0.8472,10.4572,NA,NA,NA,NA,NA,NA,NA
python.exe,29332,0x0,Other,-1,0,0,Composed: Copy with GPU GDI,2026-8-20 19:19:20.317279900,1.0771,1.0771,0.0000,0.5796,0.6483,0.2962,0.3521,NA,NA,NA,NA,NA,NA,NA
python.exe,29332,0x0,Other,0,0,1,Hardware: Legacy Flip,2026-8-20 19:19:20.318357000,0.2133,0.2133,0.0000,0.1508,0.1607,0.1607,0.0000,1.8220,9.4786,11.6477,17796.1461,NA,NA,NA
python.exe,29332,0x0,Other,-1,0,0,Composed: Copy with GPU GDI,2026-8-20 19:19:20.318570300,8.9058,8.9058,0.0000,0.0982,9.2825,1.9633,7.3192,NA,NA,NA,NA,NA,NA,NA
python.exe,29332,0x0,Other,0,0,1,Hardware: Legacy Flip,2026-8-20 19:19:20.327476100,0.9057,0.9057,0.0000,0.4786,0.4643,0.0915,0.3728,2.1815,9.0139,-0.3595,17805.2652,NA,NA,NA
python.exe,29332,0x0,Other,-1,0,0,Composed: Copy with GPU GDI,2026-8-20 19:19:20.328381800,0.3679,0.3679,0.0000,0.0372,1.3072,1.3072,0.0000,10.2897,12.1195,-8.1082,17806.1709,NA,NA,NA
python.exe,29332,0x0,Other,-1,0,0,Composed: Copy with GPU GDI,2026-8-20 19:19:20.328749700,8.7610,8.7610,0.0000,0.9812,8.1223,0.4723,7.6500,NA,NA,NA,NA,NA,NA,NA
python.exe,29332,0x0,Other,-1,0,0,Composed: Copy with GPU GDI,2026-8-20 19:19:20.337510700,3.4830,3.4830,0.0000,0.3457,3.3825,0.3719,3.0106,NA,NA,NA,NA,NA,NA,NA
python.exe,29332,0x0,Other,0,0,1,Hardware: Legacy Flip,2026-8-20 19:19:20.340993700,8.6857,8.6857,0.0000,0.2508,8.5708,0.1877,8.3831,9.7973,10.9044,0.4924,17818.7828,NA,NA,NA
python.exe,29332,0x0,Other,-1,0,0,Composed: Copy with GPU GDI,2026-8-20 19:19:20.349679400,1.4351,1.4351,0.0000,0.1359,1.5394,1.4041,0.1353,NA,NA,NA,NA,NA,NA,NA
python.exe,29332,0x0,Other,-1,0,0,Composed: Copy with GPU GDI,2026-8-20 19:19:20.351114500,2.9630,2.9630,0.0000,0.2455,3.0448,0.5241,2.5207,NA,NA,NA,NA,NA,NA,NA
python.exe,29332,0x0,Other,0,0,1,Hardware: Legacy Flip,2026-8-20 19:19:20.354077500,6.5695,6.5695,0.0000,0.3301,6.2586,0.0740,6.1846,7.6179,13.3949,2.1794,17831.8666,NA,NA,NA
python.exe,29332,0x0,Other,-1,0,0,Composed: Copy with GPU GDI,2026-8-20 19:19:20.360647000,0.3528,0.3528,0.0000,0.0192,1.6268,1.6268,0.0000,14.4433,6.0557,-6.8254,17838.4361,NA,NA,NA
python.exe,29332,0x0,Other,-1,0,0,Composed: Copy with GPU GDI,2026-8-20 19:19:20.360999800,9.1847,9.1847,0.0000,1.2987,8.6145,0.9030,7.7115,NA,NA,NA,NA,NA,NA,NA
python.exe,29332,0x0,Other,-1,0,0,Composed: Copy with GPU GDI,2026-8-20 19:19:20.370184500,0.8221,0.8221,0.0000,0.9949,0.2702,0.2702,0.0000,10.9615,2.0305,3.4818,17847.9736,NA,NA,NA
python.exe,29332,0x0,Other,-1,0,0,Composed: Copy with GPU GDI,2026-8-20 19:19:20.371006600,10.5796,10.5796,0.0000,11.0762,0.0400,0.0400,0.0000,NA,NA,NA,NA,NA,NA,NA
python.exe,29332,0x0,Other,0,0,1,Hardware: Legacy Flip,2026-8-20 19:19:20.381586200,0.4007,0.4007,0.0000,0.0000,10.8954,0.6295,10.2659,1.5903,10.0981,9.3712,17859.3753,NA,NA,NA
python.exe,29332,0x0,Other,-1,0,0,Composed: Copy with GPU GDI,2026-8-20 19:19:20.381986900,1.1011,1.1011,0.0000,0.1359,1.4129,1.2582,0.1547,11.2877,5.1753,-9.6974,17859.7760,NA,NA,NA
python.exe,29332,0x0,Other,-1,0,0,Composed: Copy with GPU GDI,2026-8-20 19:19:20.383088000,11.8228,11.8228,0.0000,0.4417,11.6090,0.4230,11.1860,NA,NA,NA,NA,NA,NA,NA
python.exe,29332,0x0,Other,-1,0,0,Composed: Copy with GPU GDI,2026-8-20 19:19:20.394910800,1.2889,1.2889,0.0000,0.2327,1.6191,0.6606,0.9585,NA,NA,NA,NA,NA,NA,NA
python.exe,29332,0x0,Other,0,0,1,Hardware: Legacy Flip,2026-8-20 19:19:20.396199700,0.6191,0.6191,0.0000,0.5629,0.0982,0.0982,0.0000,2.2502,12.6079,9.0375,17873.9888,NA,NA,NA
python.exe,29332,0x0,Other,-1,0,0,Composed: Copy with GPU GDI,2026-8-20 19:19:20.396818800,7.6008,7.6008,0.0000,0.0420,7.7082,1.7512,5.9570,NA,NA,NA,NA,NA,NA,NA
python.exe,29332,0x0,Other,-1,0,0,Composed: Copy with GPU GDI,2026-8-20 19:19:20.404419600,2.2324,2.2324,0.0000,0.1546,2.5257,0.6792,1.8465,NA,NA,NA,NA,NA,NA,NA
python.exe,29332,0x0,Other,0,0,1,Hardware: Legacy Flip,2026-8-20 19:19:20.406652000,2.8105,2.8105,0.0000,0.4511,2.3785,0.0724,2.3061,4.4058,17.5313,-2.1556,17884.4411,NA,NA,NA
python.exe,29332,0x0,Other,-1,0,0,Composed: Copy with GPU GDI,2026-8-20 19:19:20.409462500,6.2477,6.2477,0.0000,0.0191,6.3600,1.7689,4.5911,NA,NA,NA,NA,NA,NA,NA
python.exe,29332,0x0,Other,-1,0,0,Composed: Copy with GPU GDI,2026-8-20 19:19:20.415710200,3.5781,3.5781,0.0000,0.1355,3.6668,0.4537,3.2131,NA,NA,NA,NA,NA,NA,NA
python.exe,29332,0x0,Other,-1,0,0,Composed: Copy with GPU GDI,2026-8-20 19:19:20.419288300,7.1138,7.1138,0.0000,0.2287,7.1452,0.4558,6.6894,NA,NA,NA,NA,NA,NA,NA
python.exe,29332,0x0,Other,0,0,1,Hardware: Legacy Flip,2026-8-20 19:19:20.426402100,0.9384,0.9384,0.0000,0.2633,0.8502,0.2288,0.6214,2.1870,19.3026,2.2188,17904.1912,NA,NA,NA
python.exe,29332,0x0,Other,-1,0,0,Composed: Copy with GPU GDI,2026-8-20 19:19:20.427340500,10.1217,10.1217,0.0000,0.1751,10.3770,1.5177,8.8593,NA,NA,NA,NA,NA,NA,NA
python.exe,29332,0x0,Other,-1,0,0,Composed: Copy with GPU GDI,2026-8-20 19:19:20.437462200,1.0362,1.0362,0.0000,0.4648,0.9901,0.6424,0.3477,10.4295,4.1469,-8.2425,17915.2513,NA,NA,NA
python.exe,29332,0x0,Other,-1,0,0,Composed: Copy with GPU GDI,2026-8-20 19:19:20.438498400,11.1238,11.1238,0.0000,0.4325,11.0109,0.4072,10.6037,NA,NA,NA,NA,NA,NA,NA
python.exe,29332,0x0,Other,0,0,1,Hardware: Legacy Flip,2026-8-20 19:19:20.449622200,0.8677,0.8677,0.0000,0.3305,0.6540,0.1914,0.4626,2.4164,8.1712,8.0131,17927.4113,NA,NA,NA
python.exe,29332,0x0,Other,-1,0,0,Composed: Copy with GPU GDI,2026-8-20 19:19:20.450489900,0.5164,0.5164,0.0000,0.1168,1.4690,1.4690,0.0000,9.7199,3.7265,-7.3035,17928.2790,NA,NA,NA
python.exe,29332,0x0,Other,-1,0,0,Composed: Copy with GPU GDI,2026-8-20 19:19:20.451006300,9.4533,9.4533,0.0000,1.0720,8.5862,0.5401,8.0461,NA,NA,NA,NA,NA,NA,NA
python.exe,29332,0x0,Other,-1,0,0,Composed: Copy with GPU GDI,2026-8-20 19:19:20.460459600,2.1587,2.1587,0.0000,2.3172,0.0575,0.0575,0.0000,NA,NA,NA,NA,NA,NA,NA
python.exe,29332,0x0,Other,0,0,1,Hardware: Legacy Flip,2026-8-20 19:19:20.462618300,0.1326,0.1326,0.0000,0.0000,2.1046,0.3162,1.7884,1.3180,19.7094,8.4019,17940.4074,NA,NA,NA
python.exe,29332,0x0,Other,-1,0,0,Composed: Copy with GPU GDI,2026-8-20 19:19:20.462750900,9.2672,9.2672,0.0000,0.0834,9.8956,2.0430,7.8526,NA,NA,NA,NA,NA,NA,NA
python.exe,29332,0x0,Other,-1,0,0,Composed: Copy with GPU GDI,2026-8-20 19:19:20.472018100,1.4011,1.4011,0.0000,0.7210,1.0292,0.5016,0.5276,NA,NA,NA,NA,NA,NA,NA
python.exe,29332,0x0,Other,0,0,1,Hardware: Legacy Flip,2026-8-20 19:19:20.473419200,8.9465,8.9465,0.0000,0.3513,8.7362,0.2488,8.4874,10.2265,12.3679,-8.9085,17951.2083,NA,NA,NA
python.exe,29332,0x0,Other,-1,0,0,Composed: Copy with GPU GDI,2026-8-20 19:19:20.482365700,0.8428,0.8428,0.0000,0.1410,1.7991,1.7991,0.0000,NA,NA,NA,NA,NA,NA,NA
python.exe,29332,0x0,Other,-1,0,0,Composed: Copy with GPU GDI,2026-8-20 19:19:20.483208500,3.0651,3.0651,0.0000,1.1021,2.1171,0.2679,1.8492,NA,NA,NA,NA,NA,NA,NA
python.exe,29332,0x0,Other,0,0,1,Hardware: Legacy Flip,2026-8-20 19:19:20.486273600,8.2257,8.2257,0.0000,0.1586,8.1077,0.1778,7.9299,9.7400,12.5392,0.4865,17964.0627,NA,NA,NA
python.exe,29332,0x0,Other,-1,0,0,Composed: Copy with GPU GDI,2026-8-20 19:19:20.494499300,0.2425,0.2425,0.0000,0.0406,0.3402,0.3402,0.0000,14.0535,6.0705,-4.3135,17972.2884,NA,NA,NA
python.exe,29332,0x0,Other,-1,0,0,Composed: Copy with GPU GDI,2026-8-20 19:19:20.494741800,2.9121,2.9121,0.0000,0.1383,3.0817,1.4521,1.6296,19.8815,2.8489,-5.8280,17972.5309,NA,NA,NA
python.exe,29332,0x0,Other,-1,0,0,Composed: Copy with GPU GDI,2026-8-20 19:19:20.497653900,7.5795,7.5795,0.0000,0.3118,7.8196,0.6946,7.1250,NA,NA,NA,NA,NA,NA,NA
python.exe,29332,0x0,Other,-1,0,0,Composed: Copy with GPU GDI,2026-8-20 19:19:20.505233400,10.8109,10.8109,0.0000,11.1295,0.0111,0.0111,0.0000,NA,NA,NA,NA,NA,NA,NA
python.exe,29332,0x0,Other,0,0,1,Hardware: Legacy Flip,2026-8-20 19:19:20.516044300,0.2008,0.2008,0.0000,0.0000,10.5744,0.4968,10.0776,1.4279,9.3130,18.4536,17993.8334,NA,NA,NA
python.exe,29332,0x0,Other,-1,0,0,Composed: Copy with GPU GDI,2026-8-20 19:19:20.516245100,0.9253,0.9253,0.0000,0.1289,1.6250,1.6250,0.0000,10.5401,3.4918,-9.1122,17994.0342,NA,NA,NA
python.exe,29332,0x0,Other,-1,0,0,Composed: Copy with GPU GDI,2026-8-20 19:19:20.517170400,11.3347,11.3347,0.0000,0.8316,10.8469,0.5779,10.2690,NA,NA,NA,NA,NA,NA,NA
python.exe,29332,0x0,Other,0,0,1,Hardware: Legacy Flip,2026-8-20 19:19:20.528505100,0.5650,0.5650,0.0000,0.3518,0.2441,0.1034,0.1407,1.7719,8.6803,8.7682,18006.2942,NA,NA,NA
python.exe,29332,0x0,Other,-1,0,0,Composed: Copy with GPU GDI,2026-8-20 19:19:20.529070100,0.4927,0.4927,0.0000,0.0309,1.3357,1.3357,0.0000,9.8872,6.2148,-8.1153,18006.8592,NA,NA,NA
python.exe,29332,0x0,Other,-1,0,0,Composed: Copy with GPU GDI,2026-8-20 19:19:20.529562800,9.3983,9.3983,0.0000,0.8779,8.8227,0.4655,8.3572,NA,NA,NA,NA,NA,NA,NA
python.exe,29332,0x0,Other,-1,0,0,Composed: Copy with GPU GDI,2026-8-20 19:19:20.538961100,2.4115,2.4115,0.0000,0.3091,2.7993,0.8737,1.9256,NA,NA,NA,NA,NA,NA,NA
python.exe,29332,0x0,Other,0,0,1,Hardware: Legacy Flip,2026-8-20 19:19:20.541372600,2.3196,2.3196,0.0000,0.7030,1.6814,0.1302,1.5512,3.7995,18.0096,6.0877,18019.1617,NA,NA,NA
python.exe,29332,0x0,Other,-1,0,0,Composed: Copy with GPU GDI,2026-8-20 19:19:20.543692200,6.9624,6.9624,0.0000,0.0648,7.1148,1.6821,5.4327,19.4895,2.8322,-15.6900,18021.4813,NA,NA,NA
python.exe,29332,0x0,Other,-1,0,0,Composed: Copy with GPU GDI,2026-8-20 19:19:20.550654600,1.4774,1.4774,0.0000,0.2231,2.1181,1.0109,1.1072,NA,NA,NA,NA,NA,NA,NA
python.exe,29332,0x0,Other,-1,0,0,Composed: Copy with GPU GDI,2026-8-20 19:19:20.552132000,9.5513,9.5513,0.0000,0.8865,9.1289,0.6015,8.5274,NA,NA,NA,NA,NA,NA,NA
python.exe,29332,0x0,Other,0,0,1,Hardware: Legacy Flip,2026-8-20 19:19:20.561683300,2.6149,2.6149,0.0000,0.4680,2.2340,0.1663,2.0677,4.3306,15.3764,15.1589,18039.4724,NA,NA,NA
python.exe,29332,0x0,Other,-1,0,0,Composed: Copy with GPU GDI,2026-8-20 19:19:20.564298200,0.5423,0.5423,0.0000,0.0871,0.5721,0.5721,0.0000,17.0921,3.4944,-12.7615,18042.0873,NA,NA,NA
python.exe,29332,0x0,Other,-1,0,0,Composed: Copy with GPU GDI,2026-8-20 19:19:20.564840500,7.1025,7.1025,0.0000,0.1169,7.6062,1.7509,5.8553,NA,NA,NA,NA,NA,NA,NA
python.exe,29332,0x0,Other,-1,0,0,Composed: Copy with GPU GDI,2026-8-20 19:19:20.571943000,11.0946,11.0946,0.0000,0.6237,11.0774,0.7779,10.2995,NA,NA,NA,NA,NA,NA,NA
python.exe,29332,0x0,Other,0,0,1,Hardware: Legacy Flip,2026-8-20 19:19:20.583037600,0.6438,0.6438,0.0000,0.6065,0.1231,0.1231,0.0000,1.8471,8.6197,15.2450,18060.8267,NA,NA,NA
python.exe,29332,0x0,Other,-1,0,0,Composed: Copy with GPU GDI,2026-8-20 19:19:20.583681400,1.1594,1.1594,0.0000,0.0858,1.6302,1.6302,0.0000,9.8230,2.8242,-7.9759,18061.4705,NA,NA,NA
python.exe,29332,0x0,Other,-1,0,0,Composed: Copy with GPU GDI,2026-8-20 19:19:20.584840800,8.0959,8.0959,0.0000,0.5609,7.6691,0.4008,7.2683,NA,NA,NA,NA,NA,NA,NA
python.exe,29332,0x0,Other,0,0,1,Hardware: Legacy Flip,2026-8-20 19:19:20.592936700,1.9851,1.9851,0.0000,0.1386,1.8747,0.0833,1.7914,3.3919,15.3796,6.4311,18070.7258,NA,NA,NA
python.exe,29332,0x0,Other,-1,0,0,Composed: Copy with GPU GDI,2026-8-20 19:19:20.594921800,1.0172,1.0172,0.0000,0.0282,1.7923,1.7923,0.0000,16.7864,5.8349,-13.3945,18072.7109,NA,NA,NA
python.exe,29332,0x0,Other,-1,0,0,Composed: Copy with GPU GDI,2026-8-20 19:19:20.595939000,8.6551,8.6551,0.0000,0.8072,8.0943,0.4072,7.6871,NA,NA,NA,NA,NA,NA,NA
python.exe,29332,0x0,Other,-1,0,0,Composed: Copy with GPU GDI,2026-8-20 19:19:20.604594100,2.5784,2.5784,0.0000,0.2495,2.7356,0.5551,2.1805,NA,NA,NA,NA,NA,NA,NA
python.exe,29332,0x0,Other,0,0,1,Hardware: Legacy Flip,2026-8-20 19:19:20.607172500,9.3923,9.3923,0.0000,0.4105,9.1058,0.2568,8.8490,10.3706,12.2621,6.4158,18084.9616,NA,NA,NA
python.exe,29332,0x0,Other,-1,0,0,Composed: Copy with GPU GDI,2026-8-20 19:19:20.616564800,0.8724,0.8724,0.0000,0.1240,1.4296,1.4296,0.0000,NA,NA,NA,NA,NA,NA,NA
python.exe,29332,0x0,Other,-1,0,0,Composed: Copy with GPU GDI,2026-8-20 19:19:20.617437200,9.8851,9.8851,0.0000,0.6855,9.9623,0.9698,8.9925,NA,NA,NA,NA,NA,NA,NA
python.exe,29332,0x0,Other,-1,0,0,Composed: Copy with GPU GDI,2026-8-20 19:19:20.627322300,1.1314,1.1314,0.0000,1.3654,0.0560,0.0560,0.0000,NA,NA,NA,NA,NA,NA,NA
python.exe,29332,0x0,Other,0,0,1,Hardware: Legacy Flip,2026-8-20 19:19:20.628453700,0.2100,0.2100,0.0000,0.0000,0.5976,0.3771,0.2205,1.3515,18.2876,9.0191,18106.2428,NA,NA,NA
python.exe,29332,0x0,Other,-1,0,0,Composed: Copy with GPU GDI,2026-8-20 19:19:20.628663700,2.1798,2.1798,0.0000,0.0800,2.7777,1.7973,0.9804,19.4291,4.1114,-18.0776,18106.4528,NA,NA,NA
python.exe,29332,0x0,Other,-1,0,0,Composed: Copy with GPU GDI,2026-8-20 19:19:20.630843500,9.0210,9.0210,0.0000,0.6828,8.6067,0.5168,8.0899,NA,NA,NA,NA,NA,NA,NA
python.exe,29332,0x0,Other,-1,0,0,Composed: Copy with GPU GDI,2026-8-20 19:19:20.639864500,10.3215,10.3215,0.0000,0.2717,10.3087,0.4766,9.8321,NA,NA,NA,NA,NA,NA,NA
python.exe,29332,0x0,Other,0,0,1,Hardware: Legacy Flip,2026-8-20 19:19:20.650186000,1.0294,1.0294,0.0000,0.2637,0.8730,0.2041,0.6689,2.0182,8.0307,17.4109,18127.9751,NA,NA,NA
python.exe,29332,0x0,Other,-1,0,0,Composed: Copy with GPU GDI,2026-8-20 19:19:20.651215400,0.5198,0.5198,0.0000,0.1073,1.4969,1.4969,0.0000,9.0195,1.6715,-7.0013,18129.0045,NA,NA,NA
python.exe,29332,0x0,Other,-1,0,0,Composed: Copy with GPU GDI,2026-8-20 19:19:20.651735200,8.1580,8.1580,0.0000,1.0897,7.5785,0.6462,6.9323,NA,NA,NA,NA,NA,NA,NA
python.exe,29332,0x0,Other,0,0,1,Hardware: Legacy Flip,2026-8-20 19:19:20.659893200,0.9867,0.9867,0.0000,0.5152,0.5146,0.1730,0.3416,2.0132,10.4374,7.0063,18137.6823,NA,NA,NA
python.exe,29332,0x0,Other,-1,0,0,Composed: Copy with GPU GDI,2026-8-20 19:19:20.660879900,0.8486,0.8486,0.0000,0.0431,1.5292,1.5292,0.0000,11.4639,12.1509,-9.4507,18138.6690,NA,NA,NA
python.exe,29332,0x0,Other,-1,0,0,Composed: Copy with GPU GDI,2026-8-20 19:19:20.661728500,10.5008,10.5008,0.0000,0.7273,10.0941,0.5127,9.5814,NA,NA,NA,NA,NA,NA,NA
python.exe,29332,0x0,Other,-1,0,0,Composed: Copy with GPU GDI,2026-8-20 19:19:20.672229300,0.9758,0.9758,0.0000,0.3252,0.9476,0.4670,0.4806,12.2654,2.9687,-0.8015,18150.0184,NA,NA,NA
python.exe,29332,0x0,Other,-1,0,0,Composed: Copy with GPU GDI,2026-8-20 19:19:20.673205100,11.5818,11.5818,0.0000,0.3002,11.7836,0.7309,11.0527,NA,NA,NA,NA,NA,NA,NA
python.exe,29332,0x0,Other,0,0,1,Hardware: Legacy Flip,2026-8-20 19:19:20.684786900,1.5202,1.5202,0.0000,0.5064,1.0938,0.1475,0.9463,2.6765,8.1222,9.5889,18162.5760,NA,NA,NA
python.exe,29332,0x0,Other,-1,0,0,Composed: Copy with GPU GDI,2026-8-20 19:19:20.686307100,0.3322,0.3322,0.0000,0.0800,1.1383,1.1383,0.0000,NA,NA,NA,NA,NA,NA,NA
python.exe,29332,0x0,Other,-1,0,0,Composed: Copy with GPU GDI,2026-8-20 19:19:20.686639300,6.6495,6.6495,0.0000,0.8892,6.1289,0.6662,5.4627,NA,NA,NA,NA,NA,NA,NA
python.exe,29332,0x0,Other,0,0,1,Hardware: Legacy Flip,2026-8-20 19:19:20.693288800,0.9435,0.9435,0.0000,0.3711,0.6197,0.0995,0.5202,2.2968,19.2620,0.3797,18171.0779,NA,NA,NA
python.exe,29332,0x0,Other,-1,0,0,Composed: Copy with GPU GDI,2026-8-20 19:19:20.694232300,3.3352,3.3352,0.0000,0.0473,3.8201,1.9249,1.8952,20.6153,2.8560,-18.3185,18172.0214,NA,NA,NA
python.exe,29332,0x0,Other,-1,0,0,Composed: Copy with GPU GDI,2026-8-20 19:19:20.697567500,8.1886,8.1886,0.0000,0.5720,7.9256,0.4663,7.4593,NA,NA,NA,NA,NA,NA,NA
python.exe,29332,0x0,Other,-1,0,0,Composed: Copy with GPU GDI,2026-8-20 19:19:20.705756100,10.6206,10.6206,0.0000,0.3137,10.4212,0.3326,10.0886,NA,NA,NA,NA,NA,NA,NA
python.exe,29332,0x0,Other,0,0,1,Hardware: Legacy Flip,2026-8-20 19:19:20.716376700,0.2627,0.2627,0.0000,0.1192,0.2246,0.1473,0.0773,1.3269,9.2405,19.2884,18194.1658,NA,NA,NA
python.exe,29332,0x0,Other,-1,0,0,Composed: Copy with GPU GDI,2026-8-20 19:19:20.716639400,0.7180,0.7180,0.0000,0.0811,1.0994,1.0994,0.0000,10.3047,3.5638,-8.9778,18194.4285,NA,NA,NA
python.exe,29332,0x0,Other,-1,0,0,Composed: Copy with GPU GDI,2026-8-20 19:19:20.717357400,9.9702,9.9702,0.0000,0.4653,9.7180,0.5137,9.2043,NA,NA,NA,NA,NA,NA,NA
python.exe,29332,0x0,Other,-1,0,0,Composed: Copy with GPU GDI,2026-8-20 19:19:20.727327600,1.4817,1.4817,0.0000,0.2185,1.3579,0.2246,1.1333,NA,NA,NA,NA,NA,NA,NA
python.exe,29332,0x0,Other,0,0,1,Hardware: Legacy Flip,2026-8-20 19:19:20.728809300,0.2290,0.2290,0.0000,0.0984,0.1574,0.0881,0.0693,1.6986,13.4496,8.6061,18206.5984,NA,NA,NA
python.exe,29332,0x0,Other,-1,0,0,Composed: Copy with GPU GDI,2026-8-20 19:19:20.729038300,8.7683,8.7683,0.0000,0.0268,8.8941,1.6372,7.2569,NA,NA,NA,NA,NA,NA,NA
python.exe,29332,0x0,Other,-1,0,0,Composed: Copy with GPU GDI,2026-8-20 19:19:20.737806600,1.5939,1.5939,0.0000,0.1552,1.6814,0.3529,1.3285,NA,NA,NA,NA,NA,NA,NA
python.exe,29332,0x0,Other,0,0,1,Hardware: Legacy Flip,2026-8-20 19:19:20.739400500,3.0908,3.0908,0.0000,0.2465,2.9018,0.1149,2.7869,4.5570,18.6226,-2.8584,18217.1896,NA,NA,NA
python.exe,29332,0x0,Other,-1,0,0,Composed: Copy with GPU GDI,2026-8-20 19:19:20.742491300,6.5198,6.5198,0.0000,0.0575,6.8123,1.8037,5.0086,NA,NA,NA,NA,NA,NA,NA
python.exe,29332,0x0,Other,-1,0,0,Composed: Copy with GPU GDI,2026-8-20 19:19:20.749011100,3.8247,3.8247,0.0000,0.3539,3.5910,0.2667,3.3243,NA,NA,NA,NA,NA,NA,NA
python.exe,29332,0x0,Other,-1,0,0,Composed: Copy with GPU GDI,2026-8-20 19:19:20.752835800,8.0312,8.0312,0.0000,0.1244,8.0432,0.2700,7.7732,NA,NA,NA,NA,NA,NA,NA
python.exe,29332,0x0,Other,0,0,1,Hardware: Legacy Flip,2026-8-20 19:19:20.760867000,0.1573,0.1573,0.0000,0.1364,0.0810,0.0810,0.0000,1.7131,18.9581,2.8439,18238.6561,NA,NA,NA
python.exe,29332,0x0,Other,-1,0,0,Composed: Copy with GPU GDI,2026-8-20 19:19:20.761024300,4.0911,4.0911,0.0000,0.0601,4.3362,2.0640,2.2722,20.5139,2.9813,-18.8008,18238.8134,NA,NA,NA
python.exe,29332,0x0,Other,-1,0,0,Composed: Copy with GPU GDI,2026-8-20 19:19:20.765115400,7.5132,7.5132,0.0000,0.3096,7.6762,0.5952,7.0810,NA,NA,NA,NA,NA,NA,NA
python.exe,29332,0x0,Other,-1,0,0,Composed: Copy with GPU GDI,2026-8-20 19:19:20.772628600,8.9253,8.9253,0.0000,0.4757,8.6012,0.3013,8.2999,NA,NA,NA,NA,NA,NA,NA
python.exe,29332,0x0,Other,-1,0,0,Composed: Copy with GPU GDI,2026-8-20 19:19:20.781553900,1.3207,1.3207,0.0000,1.6849,0.1798,0.1798,0.0000,NA,NA,NA,NA,NA,NA,NA
python.exe,29332,0x0,Other,0,0,1,Hardware: Legacy Flip,2026-8-20 19:19:20.782874600,0.2865,0.2865,0.0000,0.0000,1.5294,0.4620,1.0674,1.6449,9.6927,18.8690,18260.6637,NA,NA,NA
python.exe,29332,0x0,Other,-1,0,0,Composed: Copy with GPU GDI,2026-8-20 19:19:20.783161100,8.6997,8.6997,0.0000,0.2575,8.7519,1.4359,7.3160,NA,NA,NA,NA,NA,NA,NA
python.exe,29332,0x0,Other,0,0,1,Hardware: Legacy Flip,2026-8-20 19:19:20.791860800,0.8722,0.8722,0.0000,0.3136,0.5768,0.0642,0.5126,2.3514,17.6504,-0.7065,18269.6499,NA,NA,NA
python.exe,29332,0x0,Other,-1,0,0,Composed: Copy with GPU GDI,2026-8-20 19:19:20.792733000,2.7035,2.7035,0.0000,0.0182,3.0118,1.8338,1.1780,19.1296,3.6744,-16.7782,18270.5221,NA,NA,NA
python.exe,29332,0x0,Other,-1,0,0,Composed: Copy with GPU GDI,2026-8-20 19:19:20.795436500,8.2841,8.2841,0.0000,0.3305,8.0636,0.2287,7.8349,NA,NA,NA,NA,NA,NA,NA
python.exe,29332,0x0,Other,-1,0,0,Composed: Copy with GPU GDI,2026-8-20 19:19:20.803720600,3.9837,3.9837,0.0000,0.1134,4.5943,0.8907,3.7036,NA,NA,NA,NA,NA,NA,NA
python.exe,29332,0x0,Other,0,0,1,Hardware: Legacy Flip,2026-8-20 19:19:20.807704300,6.6881,6.6881,0.0000,0.7297,6.0158,0.1238,5.8920,7.8327,12.9329,11.2969,18285.4934,NA,NA,NA
python.exe,29332,0x0,Other,-1,0,0,Composed: Copy with GPU GDI,2026-8-20 19:19:20.814392400,1.4727,1.4727,0.0000,0.0574,1.5820,1.1993,0.3827,NA,NA,NA,NA,NA,NA,NA
python.exe,29332,0x0,Other,-1,0,0,Composed: Copy with GPU GDI,2026-8-20 19:19:20.815865100,3.4621,3.4621,0.0000,0.1694,3.7345,0.5933,3.1412,NA,NA,NA,NA,NA,NA,NA
python.exe,29332,0x0,Other,-1,0,0,Composed: Copy with GPU GDI,2026-8-20 19:19:20.819327200,7.3705,7.3705,0.0000,0.4471,7.1470,0.3968,6.7502,NA,NA,NA,NA,NA,NA,NA
python.exe,29332,0x0,Other,0,0,1,Hardware: Legacy Flip,2026-8-20 19:19:20.826697700,0.3681,0.3681,0.0000,0.2269,0.1592,0.0591,0.1001,1.7722,15.5967,6.0605,18304.4868,NA,NA,NA
python.exe,29332,0x0,Other,-1,0,0,Composed: Copy with GPU GDI,2026-8-20 19:19:20.827065800,4.3307,4.3307,0.0000,0.0180,4.6398,1.8151,2.8247,NA,NA,NA,NA,NA,NA,NA
python.exe,29332,0x0,Other,-1,0,0,Composed: Copy with GPU GDI,2026-8-20 19:19:20.831396500,6.2073,6.2073,0.0000,0.3299,6.0481,0.2961,5.7520,NA,NA,NA,NA,NA,NA,NA
python.exe,29332,0x0,Other,0,0,1,Hardware: Legacy Flip,2026-8-20 19:19:20.837603800,5.1984,5.1984,0.0000,0.1730,5.1062,0.1582,4.9480,6.4628,16.3524,-4.6906,18315.3929,NA,NA,NA
python.exe,29332,0x0,Other,-1,0,0,Composed: Copy with GPU GDI,2026-8-20 19:19:20.842802200,6.0328,6.0328,0.0000,0.0808,6.6991,2.1681,4.5310,NA,NA,NA,NA,NA,NA,NA
python.exe,29332,0x0,Other,-1,0,0,Composed: Copy with GPU GDI,2026-8-20 19:19:20.848835000,1.5409,1.5409,0.0000,0.7502,1.4407,0.8169,0.6238,11.5840,2.5702,-5.1212,18326.6241,NA,NA,NA
python.exe,29332,0x0,Other,-1,0,0,Composed: Copy with GPU GDI,2026-8-20 19:19:20.850375900,10.4151,10.4151,0.0000,0.6534,9.9018,0.4044,9.4974,NA,NA,NA,NA,NA,NA,NA
python.exe,29332,0x0,Other,0,0,1,Hardware: Legacy Flip,2026-8-20 19:19:20.860791000,1.1066,1.1066,0.0000,0.1453,1.0400,0.1390,0.9010,2.1982,9.5306,9.3858,18338.5801,NA,NA,NA
python.exe,29332,0x0,Other,-1,0,0,Composed: Copy with GPU GDI,2026-8-20 19:19:20.861897600,0.5469,0.5469,0.0000,0.0787,1.5948,1.5948,0.0000,10.6222,10.9422,-8.4240,18339.6867,NA,NA,NA
python.exe,29332,0x0,Other,-1,0,0,Composed: Copy with GPU GDI,2026-8-20 19:19:20.862444500,8.4998,8.4998,0.0000,1.1314,7.5872,0.3811,7.2061,NA,NA,NA,NA,NA,NA,NA
python.exe,29332,0x0,Other,-1,0,0,Composed: Copy with GPU GDI,2026-8-20 19:19:20.870944300,3.4034,3.4034,0.0000,0.2216,3.8637,0.8247,3.0390,NA,NA,NA,NA,NA,NA,NA
python.exe,29332,0x0,Other,0,0,1,Hardware: Legacy Flip,2026-8-20 19:19:20.874347700,7.6527,7.6527,0.0000,0.6871,7.0405,0.1430,6.8975,9.1143,11.9638,1.5079,18352.1368,NA,NA,NA
python.exe,29332,0x0,Other,-1,0,0,Composed: Copy with GPU GDI,2026-8-20 19:19:20.882000400,1.0505,1.0505,0.0000,0.0749,1.9642,1.9642,0.0000,NA,NA,NA,NA,NA,NA,NA
python.exe,29332,0x0,Other,-1,0,0,Composed: Copy with GPU GDI,2026-8-20 19:19:20.883050900,3.1737,3.1737,0.0000,0.9940,2.6142,0.5759,2.0383,NA,NA,NA,NA,NA,NA,NA
python.exe,29332,0x0,Other,-1,0,0,Composed: Copy with GPU GDI,2026-8-20 19:19:20.886224600,7.9748,7.9748,0.0000,8.0698,0.0705,0.0705,0.0000,NA,NA,NA,NA,NA,NA,NA
python.exe,29332,0x0,Other,0,0,1,Hardware: Legacy Flip,2026-8-20 19:19:20.894199400,0.0788,0.0788,0.0000,0.0000,7.6311,0.2358,7.3953,1.2264,19.6302,7.8879,18371.9885,NA,NA,NA
python.exe,29332,0x0,Other,-1,0,0,Composed: Copy with GPU GDI,2026-8-20 19:19:20.894278200,3.1917,3.1917,0.0000,0.0867,3.8621,1.9455,1.9166,20.7778,1.7086,-19.5514,18372.0673,NA,NA,NA
python.exe,29332,0x0,Other,-1,0,0,Composed: Copy with GPU GDI,2026-8-20 19:19:20.897469900,6.3462,6.3462,0.0000,0.7623,5.9628,0.5167,5.4461,NA,NA,NA,NA,NA,NA,NA
python.exe,29332,0x0,Other,-1,0,0,Composed: Copy with GPU GDI,2026-8-20 19:19:20.903816100,11.3875,11.3875,0.0000,0.3827,11.4762,0.7900,10.6862,NA,NA,NA,NA,NA,NA,NA
python.exe,29332,0x0,Other,0,0,1,Hardware: Legacy Flip,2026-8-20 19:19:20.915203600,0.3626,0.3626,0.0000,0.4714,0.0428,0.0428,0.0000,1.5610,10.3696,19.2168,18392.9927,NA,NA,NA
python.exe,29332,0x0,Other,-1,0,0,Composed: Copy with GPU GDI,2026-8-20 19:19:20.915566200,1.8951,1.8951,0.0000,0.1516,2.3711,1.7907,0.5804,11.5680,0.9252,-10.0070,18393.3553,NA,NA,NA
python.exe,29332,0x0,Other,-1,0,0,Composed: Copy with GPU GDI,2026-8-20 19:19:20.917461300,8.2426,8.2426,0.0000,0.6359,7.9128,0.5436,7.3692,NA,NA,NA,NA,NA,NA,NA
python.exe,29332,0x0,Other,0,0,1,Hardware: Legacy Flip,2026-8-20 19:19:20.925703900,1.2113,1.2113,0.0000,0.3103,0.9210,0.0770,0.8440,2.3555,15.9134,9.2125,18403.4930,NA,NA,NA
python.exe,29332,0x0,Other,-1,0,0,Composed: Copy with GPU GDI,2026-8-20 19:19:20.926915200,2.8880,2.8880,0.0000,0.0200,3.4389,1.8551,1.5838,NA,NA,NA,NA,NA,NA,NA
python.exe,29332,0x0,Other,-1,0,0,Composed: Copy with GPU GDI,2026-8-20 19:19:20.929803200,7.1443,7.1443,0.0000,0.5739,7.1225,0.9021,6.2204,NA,NA,NA,NA,NA,NA,NA
python.exe,29332,0x0,Other,-1,0,0,Composed: Copy with GPU GDI,2026-8-20 19:19:20.936947500,4.2542,4.2542,0.0000,0.5561,3.9345,0.3775,3.5570,NA,NA,NA,NA,NA,NA,NA
python.exe,29332,0x0,Other,0,0,1,Hardware: Legacy Flip,2026-8-20 19:19:20.941201700,1.7051,1.7051,0.0000,0.2398,1.5548,0.1956,1.3592,2.7711,18.0797,-0.4156,18418.9908,NA,NA,NA
python.exe,29332,0x0,Other,-1,0,0,Composed: Copy with GPU GDI,2026-8-20 19:19:20.942906800,6.4531,6.4531,0.0000,0.0895,6.9410,1.7991,5.1419,NA,NA,NA,NA,NA,NA,NA
python.exe,29332,0x0,Other,-1,0,0,Composed: Copy with GPU GDI,2026-8-20 19:19:20.949359900,3.6817,3.6817,0.0000,0.6050,3.2317,0.2797,2.9520,NA,NA,NA,NA,NA,NA,NA
python.exe,29332,0x0,Other,-1,0,0,Composed: Copy with GPU GDI,2026-8-20 19:19:20.953041600,7.1465,7.1465,0.0000,7.7316,0.0950,0.0950,0.0000,NA,NA,NA,NA,NA,NA,NA
python.exe,29332,0x0,Other,0,0,1,Hardware: Legacy Flip,2026-8-20 19:19:20.960188100,0.3811,0.3811,0.0000,0.0000,7.5736,0.8467,6.7269,1.8644,19.6867,0.9067,18437.9772,NA,NA,NA
python.exe,29332,0x0,Other,-1,0,0,Composed: Copy with GPU GDI,2026-8-20 19:19:20.960569200,4.3522,4.3522,0.0000,0.2990,4.6612,1.7138,2.9474,21.1700,0.5220,-19.3056,18438.3583,NA,NA,NA
python.exe,29332,0x0,Other,-1,0,0,Composed: Copy with GPU GDI,2026-8-20 19:19:20.964921400,7.3379,7.3379,0.0000,0.6130,6.8648,0.3616,6.5032,NA,NA,NA,NA,NA,NA,NA
