Application,ProcessID,SwapChainAddress,PresentRuntime,SyncInterval,PresentFlags,AllowsTearing,PresentMode,CPUStartDateTime,FrameTime,CPUBusy,CPUWait,GPULatency,GPUTime,GPUBusy,GPUWait,DisplayLatency,DisplayedTime,AnimationError,AnimationTime,MsFlipDelay,AllInputToPhotonLatency,ClickToPhotonLatency
python.exe,22256,0x0,Other,-1,0,0,Composed: Copy with GPU GDI,2026-8-20 19:20:20.958776200,1.2965,1.2965,0.0000,1.0747,1.1177,0.8915,0.2262,15.2187,18.3520,NA,2498.3656,NA,NA,NA
python.exe,22256,0x0,Other,-1,0,0,Composed: Copy with GPU GDI,2026-8-20 19:20:20.960072700,14.4603,14.4603,0.0000,0.8947,14.2808,1.3037,12.9771,NA,NA,NA,NA,NA,NA,NA
python.exe,22256,0x0,Other,-1,0,0,Composed: Copy with GPU GDI,2026-8-20 19:20:20.974533000,0.8140,0.8140,0.0000,0.7127,2.1009,1.9803,0.1206,NA,NA,NA,NA,NA,NA,NA
python.exe,22256,0x0,Other,-1,0,0,Composed: Copy with GPU GDI,2026-8-20 19:20:20.975347000,2.1138,2.1138,0.0000,1.9984,0.6218,0.5013,0.1205,NA,NA,NA,NA,NA,NA,NA
python.exe,22256,0x0,Other,-1,0,0,Composed: Copy with GPU GDI,2026-8-20 19:20:20.977460800,0.6023,0.6023,0.0000,0.5054,1.3405,1.2164,0.1241,14.8861,5.9369,0.3326,2517.0502,NA,NA,NA
python.exe,22256,0x0,Other,-1,0,0,Composed: Copy with GPU GDI,2026-8-20 19:20:20.978063100,1.3494,1.3494,0.0000,1.2422,0.9897,0.8680,0.1217,NA,NA,NA,NA,NA,NA,NA
python.exe,22256,0x0,Other,-1,0,0,Composed: Copy with GPU GDI,2026-8-20 19:20:20.979412500,0.9853,0.9853,0.0000,0.8812,0.8342,0.7185,0.1157,NA,NA,NA,NA,NA,NA,NA
python.exe,22256,0x0,Other,-1,0,0,Composed: Copy with GPU GDI,2026-8-20 19:20:20.980397800,0.8608,0.8608,0.0000,0.7287,1.2765,1.1346,0.1419,NA,NA,NA,NA,NA,NA,NA
python.exe,22256,0x0,Other,-1,0,0,Composed: Copy with GPU GDI,2026-8-20 19:20:20.981258600,1.5819,1.5819,0.0000,1.1434,0.8917,0.4423,0.4494,17.0252,418.5712,-2.1391,2520.8480,NA,NA,NA
python.exe,22256,0x0,Other,-1,0,0,Composed: Copy with GPU GDI,2026-8-20 19:20:20.982840500,416.2182,416.2182,0.0000,0.4522,416.6953,11.7707,404.9246,434.0145,30.0707,-416.9893,2522.4299,NA,NA,NA
python.exe,22256,0x0,Other,-1,0,0,Composed: Copy with GPU GDI,2026-8-20 19:20:21.399058700,33.5743,33.5743,0.0000,0.9275,33.2432,1.1605,32.0827,47.8670,416.7274,386.1475,2938.6481,NA,NA,NA
python.exe,22256,0x0,Other,-1,0,0,Composed: Copy with GPU GDI,2026-8-20 19:20:21.432633000,416.5493,416.5493,0.0000,0.6044,416.2551,16.4058,399.8493,431.0201,33.2700,-383.1531,2972.2224,NA,NA,NA
python.exe,22256,0x0,Other,-1,0,0,Composed: Copy with GPU GDI,2026-8-20 19:20:21.849182300,38.7687,38.7687,0.0000,0.3476,38.8736,0.5362,38.3374,NA,NA,383.2793,3388.7717,NA,NA,NA
python.exe,22256,0x0,Other,-1,0,0,Composed: Copy with GPU GDI,2026-8-20 19:20:21.887951000,0.5837,0.5837,0.0000,0.4525,0.8791,0.8791,0.0000,8.9721,188.4160,NA,3427.5404,NA,NA,NA
python.exe,22256,0x0,Other,0,0,1,Hardware: Legacy Flip,2026-8-20 19:20:21.888534700,195.9639,195.9639,0.0000,0.7547,196.0497,0.7413,195.3084,196.8044,5.1855,-187.8323,3428.1241,NA,NA,NA
python.exe,22256,0x0,Other,-1,0,0,Composed: Copy with GPU GDI,2026-8-20 19:20:22.084498600,2.4295,2.4295,0.0000,0.8405,1.8690,0.7064,1.1626,NA,NA,NA,NA,NA,NA,NA
python.exe,22256,0x0,Other,-1,0,0,Composed: Copy with GPU GDI,2026-8-20 19:20:22.086928100,2.4775,2.4775,0.0000,0.3197,2.3402,0.3086,2.0316,NA,NA,NA,NA,NA,NA,NA
python.exe,22256,0x0,Other,0,0,1,Hardware: Legacy Flip,2026-8-20 19:20:22.089405600,0.2180,0.2180,0.0000,0.1824,0.0541,0.0541,0.0000,1.1190,4.3230,195.6854,3628.9950,NA,NA,NA
python.exe,22256,0x0,Other,-1,0,0,Composed: Copy with GPU GDI,2026-8-20 19:20:22.089623600,1.1588,1.1588,0.0000,0.0185,1.3606,1.3606,0.0000,NA,NA,NA,NA,NA,NA,NA
python.exe,22256,0x0,Other,0,0,1,Hardware: Legacy Flip,2026-8-20 19:20:22.090782400,3.7989,3.7989,0.0000,0.2251,3.6081,0.1231,3.4850,4.0652,12.8406,-2.9462,3630.3718,NA,NA,NA
python.exe,22256,0x0,Other,-1,0,0,Composed: Copy with GPU GDI,2026-8-20 19:20:22.094581300,0.5189,0.5189,0.0000,0.0343,0.7945,0.5962,0.1983,NA,NA,NA,NA,NA,NA,NA
python.exe,22256,0x0,Other,-1,0,0,Composed: Copy with GPU GDI,2026-8-20 19:20:22.095100200,6.6637,6.6637,0.0000,0.3139,6.5264,0.3984,6.1280,NA,NA,NA,NA,NA,NA,NA
python.exe,22256,0x0,Other,0,0,1,Hardware: Legacy Flip,2026-8-20 19:20:22.101763900,5.4477,5.4477,0.0000,0.1931,5.2910,0.1549,5.1361,5.9243,12.9380,-1.8591,3641.3533,NA,NA,NA
python.exe,22256,0x0,Other,-1,0,0,Composed: Copy with GPU GDI,2026-8-20 19:20:22.107211600,1.3876,1.3876,0.0000,0.0364,1.6533,0.8426,0.8107,13.4146,4.8059,-7.4903,3646.8010,NA,NA,NA
python.exe,22256,0x0,Other,-1,0,0,Composed: Copy with GPU GDI,2026-8-20 19:20:22.108599200,5.9349,5.9349,0.0000,0.3056,5.8391,0.3924,5.4467,NA,NA,NA,NA,NA,NA,NA
python.exe,22256,0x0,Other,-1,0,0,Composed: Copy with GPU GDI,2026-8-20 19:20:22.114534100,6.6270,6.6270,0.0000,0.2132,6.6578,0.6122,6.0456,NA,NA,NA,NA,NA,NA,NA
python.exe,22256,0x0,Other,0,0,1,Hardware: Legacy Flip,2026-8-20 19:20:22.121161100,3.9894,3.9894,0.0000,0.2478,3.8226,0.1547,3.6679,4.2710,13.3533,9.1436,3660.7505,NA,NA,NA
python.exe,22256,0x0,Other,-1,0,0,Composed: Copy with GPU GDI,2026-8-20 19:20:22.125150500,1.0812,1.0812,0.0000,0.0810,1.5200,0.7728,0.7472,13.6349,2.6888,-9.3639,3664.7399,NA,NA,NA
python.exe,22256,0x0,Other,-1,0,0,Composed: Copy with GPU GDI,2026-8-20 19:20:22.126231700,7.9865,7.9865,0.0000,0.5243,7.6953,0.3748,7.3205,NA,NA,NA,NA,NA,NA,NA
python.exe,22256,0x0,Other,-1,0,0,Composed: Copy with GPU GDI,2026-8-20 19:20:22.134218200,5.7921,5.7921,0.0000,0.2383,5.9019,0.6770,5.2249,NA,NA,NA,NA,NA,NA,NA
python.exe,22256,0x0,Other,0,0,1,Hardware: Legacy Flip,2026-8-20 19:20:22.140010300,0.9127,0.9127,0.0000,0.3518,0.6490,0.1618,0.4872,1.4639,15.5203,12.1710,3679.5997,NA,NA,NA
python.exe,22256,0x0,Other,-1,0,0,Composed: Copy with GPU GDI,2026-8-20 19:20:22.140923000,3.4049,3.4049,0.0000,0.0881,3.5452,0.7927,2.7525,16.0715,0.3159,-14.6076,3680.5124,NA,NA,NA
python.exe,22256,0x0,Other,-1,0,0,Composed: Copy with GPU GDI,2026-8-20 19:20:22.144327900,5.1884,5.1884,0.0000,0.2329,5.3479,0.5769,4.7710,NA,NA,NA,NA,NA,NA,NA
python.exe,22256,0x0,Other,-1,0,0,Composed: Copy with GPU GDI,2026-8-20 19:20:22.149516300,6.4809,6.4809,0.0000,0.3963,6.4557,0.5399,5.9158,NA,NA,NA,NA,NA,NA,NA
python.exe,22256,0x0,Other,0,0,1,Hardware: Legacy Flip,2026-8-20 19:20:22.155997200,0.4371,0.4371,0.0000,0.3760,0.1349,0.1300,0.0049,1.3132,17.8927,14.7583,3695.5866,NA,NA,NA
python.exe,22256,0x0,Other,-1,0,0,Composed: Copy with GPU GDI,2026-8-20 19:20:22.156434300,5.0210,5.0210,0.0000,0.0738,5.3582,1.2348,4.1234,18.7688,0.2489,-17.4556,3696.0237,NA,NA,NA
python.exe,22256,0x0,Other,-1,0,0,Composed: Copy with GPU GDI,2026-8-20 19:20:22.161455300,7.3601,7.3601,0.0000,0.4175,7.2798,0.6901,6.5897,NA,NA,NA,NA,NA,NA,NA
python.exe,22256,0x0,Other,-1,0,0,Composed: Copy with GPU GDI,2026-8-20 19:20:22.168815400,4.9277,4.9277,0.0000,0.3414,4.9297,0.5320,4.3977,NA,NA,NA,NA,NA,NA,NA
python.exe,22256,0x0,Other,0,0,1,Hardware: Legacy Flip,2026-8-20 19:20:22.173743100,0.9579,0.9579,0.0000,0.3472,0.6798,0.1345,0.5453,1.7089,15.7853,17.0599,3713.3325,NA,NA,NA
python.exe,22256,0x0,Other,-1,0,0,Composed: Copy with GPU GDI,2026-8-20 19:20:22.174701000,5.4361,5.4361,0.0000,0.0691,5.5370,0.8980,4.6390,NA,NA,NA,NA,NA,NA,NA
python.exe,22256,0x0,Other,-1,0,0,Composed: Copy with GPU GDI,2026-8-20 19:20:22.180137100,6.3467,6.3467,0.0000,0.1749,6.8256,0.8193,6.0063,NA,NA,NA,NA,NA,NA,NA
python.exe,22256,0x0,Other,0,0,1,Hardware: Legacy Flip,2026-8-20 19:20:22.186483800,4.1344,4.1344,0.0000,0.6586,3.5971,0.2052,3.3919,4.7535,14.2829,-3.0446,3726.0732,NA,NA,NA
python.exe,22256,0x0,Other,-1,0,0,Composed: Copy with GPU GDI,2026-8-20 19:20:22.190618200,2.4242,2.4242,0.0000,0.1213,2.4428,0.6650,1.7778,14.9020,2.5720,-10.1485,3730.2076,NA,NA,NA
python.exe,22256,0x0,Other,-1,0,0,Composed: Copy with GPU GDI,2026-8-20 19:20:22.193042400,6.0882,6.0882,0.0000,0.1445,7.3567,0.8895,6.4672,NA,NA,NA,NA,NA,NA,NA
python.exe,22256,0x0,Other,-1,0,0,Composed: Copy with GPU GDI,2026-8-20 19:20:22.199130600,5.1164,5.1164,0.0000,1.4173,4.0187,0.4759,3.5428,NA,NA,NA,NA,NA,NA,NA
python.exe,22256,0x0,Other,0,0,1,Hardware: Legacy Flip,2026-8-20 19:20:22.204247000,3.4181,3.4181,0.0000,0.3249,3.2770,0.2611,3.0159,3.8452,15.6382,11.0568,3743.8364,NA,NA,NA
python.exe,22256,0x0,Other,-1,0,0,Composed: Copy with GPU GDI,2026-8-20 19:20:22.207665100,2.9934,2.9934,0.0000,0.1838,3.3691,0.9436,2.4255,16.0653,2.1309,-12.2201,3747.2545,NA,NA,NA
python.exe,22256,0x0,Other,-1,0,0,Composed: Copy with GPU GDI,2026-8-20 19:20:22.210658500,6.4886,6.4886,0.0000,0.5637,6.1241,0.3482,5.7759,NA,NA,NA,NA,NA,NA,NA
python.exe,22256,0x0,Other,-1,0,0,Composed: Copy with GPU GDI,2026-8-20 19:20:22.217147100,6.1577,6.1577,0.0000,0.2037,6.2153,0.5306,5.6847,NA,NA,NA,NA,NA,NA,NA
python.exe,22256,0x0,Other,0,0,1,Hardware: Legacy Flip,2026-8-20 19:20:22.223304800,2.3104,2.3104,0.0000,0.2664,2.1456,0.1899,1.9557,2.5565,15.0657,13.5088,3762.8942,NA,NA,NA
python.exe,22256,0x0,Other,-1,0,0,Composed: Copy with GPU GDI,2026-8-20 19:20:22.225615200,2.8110,2.8110,0.0000,0.1016,3.2914,0.6195,2.6719,NA,NA,NA,NA,NA,NA,NA
python.exe,22256,0x0,Other,-1,0,0,Composed: Copy with GPU GDI,2026-8-20 19:20:22.228426200,8.3709,8.3709,0.0000,0.5790,7.9892,0.4993,7.4899,NA,NA,NA,NA,NA,NA,NA
python.exe,22256,0x0,Other,0,0,1,Hardware: Legacy Flip,2026-8-20 19:20:22.236797100,3.7326,3.7326,0.0000,0.2014,3.6124,0.1930,3.4194,4.1299,17.5515,-1.5734,3776.3865,NA,NA,NA
python.exe,22256,0x0,Other,-1,0,0,Composed: Copy with GPU GDI,2026-8-20 19:20:22.240529700,1.4750,1.4750,0.0000,0.0812,11.5147,1.0149,10.4998,NA,NA,NA,NA,NA,NA,NA
python.exe,22256,0x0,Other,-1,0,0,Composed: Copy with GPU GDI,2026-8-20 19:20:22.242004700,12.4762,12.4762,0.0000,10.1264,2.6203,0.4055,2.2148,NA,NA,NA,NA,NA,NA,NA
python.exe,22256,0x0,Other,0,0,1,Hardware: Legacy Flip,2026-8-20 19:20:22.254480900,3.6439,3.6439,0.0000,0.2747,3.4802,0.2411,3.2391,3.9976,13.7764,0.1323,3794.0703,NA,NA,NA
python.exe,22256,0x0,Other,-1,0,0,Composed: Copy with GPU GDI,2026-8-20 19:20:22.258124800,1.3095,1.3095,0.0000,0.1110,1.8909,0.8880,1.0029,14.1301,1.4967,-10.1325,3797.7142,NA,NA,NA
python.exe,22256,0x0,Other,-1,0,0,Composed: Copy with GPU GDI,2026-8-20 19:20:22.259434300,5.6406,5.6406,0.0000,0.6977,5.6390,0.8632,4.7758,NA,NA,NA,NA,NA,NA,NA
python.exe,22256,0x0,Other,-1,0,0,Composed: Copy with GPU GDI,2026-8-20 19:20:22.265074900,6.5679,6.5679,0.0000,0.7010,6.6116,0.8866,5.7250,NA,NA,NA,NA,NA,NA,NA
python.exe,22256,0x0,Other,0,0,1,Hardware: Legacy Flip,2026-8-20 19:20:22.271642800,1.7509,1.7509,0.0000,0.7495,1.0785,0.1818,0.8967,2.1088,16.7901,12.0213,3811.2322,NA,NA,NA
python.exe,22256,0x0,Other,-1,0,0,Composed: Copy with GPU GDI,2026-8-20 19:20:22.273393700,4.2204,4.2204,0.0000,0.0771,4.4524,0.5196,3.9328,NA,NA,NA,NA,NA,NA,NA
python.exe,22256,0x0,Other,-1,0,0,Composed: Copy with GPU GDI,2026-8-20 19:20:22.277614100,6.8781,6.8781,0.0000,0.3228,6.9460,0.5547,6.3913,NA,NA,NA,NA,NA,NA,NA
python.exe,22256,0x0,Other,-1,0,0,Composed: Copy with GPU GDI,2026-8-20 19:20:22.284492200,5.2050,5.2050,0.0000,0.3953,5.1982,0.5299,4.6683,NA,NA,NA,NA,NA,NA,NA
python.exe,22256,0x0,Other,0,0,1,Hardware: Legacy Flip,2026-8-20 19:20:22.289697200,0.4159,0.4159,0.0000,0.3885,0.1062,0.1062,0.0000,0.8445,17.8584,1.2643,3829.2866,NA,NA,NA
python.exe,22256,0x0,Other,-1,0,0,Composed: Copy with GPU GDI,2026-8-20 19:20:22.290113100,4.9790,4.9790,0.0000,0.0788,5.2007,0.5710,4.6297,NA,NA,NA,NA,NA,NA,NA
python.exe,22256,0x0,Other,-1,0,0,Composed: Copy with GPU GDI,2026-8-20 19:20:22.295092100,6.8602,6.8602,0.0000,0.3069,6.8216,0.5082,6.3134,NA,NA,NA,NA,NA,NA,NA
python.exe,22256,0x0,Other,-1,0,0,Composed: Copy with GPU GDI,2026-8-20 19:20:22.301952300,5.1444,5.1444,0.0000,0.2713,5.5870,0.8379,4.7491,NA,NA,NA,NA,NA,NA,NA
python.exe,22256,0x0,Other,0,0,1,Hardware: Legacy Flip,2026-8-20 19:20:22.307096700,0.8182,0.8182,0.0000,0.7198,0.1807,0.1525,0.0282,1.3034,17.0909,-0.4589,3846.6861,NA,NA,NA
python.exe,22256,0x0,Other,-1,0,0,Composed: Copy with GPU GDI,2026-8-20 19:20:22.307914900,5.8334,5.8334,0.0000,0.0823,5.9013,0.6880,5.2133,NA,NA,NA,NA,NA,NA,NA
python.exe,22256,0x0,Other,-1,0,0,Composed: Copy with GPU GDI,2026-8-20 19:20:22.313748300,6.1340,6.1340,0.0000,0.1532,6.0943,0.2378,5.8565,NA,NA,NA,NA,NA,NA,NA
python.exe,22256,0x0,Other,0,0,1,Hardware: Legacy Flip,2026-8-20 19:20:22.319882300,4.9086,4.9086,0.0000,0.1167,4.8495,0.1102,4.7393,5.6087,13.4890,-4.3053,3859.4717,NA,NA,NA
python.exe,22256,0x0,Other,-1,0,0,Composed: Copy with GPU GDI,2026-8-20 19:20:22.324790900,2.4077,2.4077,0.0000,0.0576,2.7513,1.0536,1.6977,NA,NA,NA,NA,NA,NA,NA
python.exe,22256,0x0,Other,-1,0,0,Composed: Copy with GPU GDI,2026-8-20 19:20:22.327198600,5.5454,5.5454,0.0000,0.4067,5.4156,0.4343,4.9813,11.7814,2.4934,-6.1727,3866.7880,NA,NA,NA
python.exe,22256,0x0,Other,-1,0,0,Composed: Copy with GPU GDI,2026-8-20 19:20:22.332744000,5.9222,5.9222,0.0000,0.3053,6.1800,0.7383,5.4417,NA,NA,NA,NA,NA,NA,NA
python.exe,22256,0x0,Other,0,0,1,Hardware: Legacy Flip,2026-8-20 19:20:22.338666200,2.4270,2.4270,0.0000,0.5698,1.9068,0.1084,1.7984,2.8072,9.6631,8.9742,3878.2556,NA,NA,NA
python.exe,22256,0x0,Other,-1,0,0,Composed: Copy with GPU GDI,2026-8-20 19:20:22.341093200,2.6939,2.6939,0.0000,0.0496,2.8656,0.6262,2.2394,10.0433,7.7925,-7.2361,3880.6826,NA,NA,NA
python.exe,22256,0x0,Other,-1,0,0,Composed: Copy with GPU GDI,2026-8-20 19:20:22.343787100,6.2122,6.2122,0.0000,0.2278,6.3964,0.5737,5.8227,NA,NA,NA,NA,NA,NA,NA
python.exe,22256,0x0,Other,-1,0,0,Composed: Copy with GPU GDI,2026-8-20 19:20:22.349999300,7.4346,7.4346,0.0000,0.4159,7.5502,0.6790,6.8712,NA,NA,NA,NA,NA,NA,NA
python.exe,22256,0x0,Other,0,0,1,Hardware: Legacy Flip,2026-8-20 19:20:22.357433900,1.1751,1.1751,0.0000,0.5357,0.7456,0.1908,0.5548,1.4951,10.3971,8.5482,3897.0233,NA,NA,NA
python.exe,22256,0x0,Other,-1,0,0,Composed: Copy with GPU GDI,2026-8-20 19:20:22.358609000,3.2690,3.2690,0.0000,0.1062,3.3654,0.4183,2.9471,10.7171,5.3705,-9.2220,3898.1984,NA,NA,NA
python.exe,22256,0x0,Other,-1,0,0,Composed: Copy with GPU GDI,2026-8-20 19:20:22.361878000,7.3529,7.3529,0.0000,0.2052,7.4690,0.5694,6.8996,NA,NA,NA,NA,NA,NA,NA
python.exe,22256,0x0,Other,0,0,1,Hardware: Legacy Flip,2026-8-20 19:20:22.369230900,4.9867,4.9867,0.0000,0.3265,4.8779,0.2880,4.5899,5.4657,16.6664,5.2514,3908.8203,NA,NA,NA
python.exe,22256,0x0,Other,-1,0,0,Composed: Copy with GPU GDI,2026-8-20 19:20:22.374217600,0.8225,0.8225,0.0000,0.2177,1.2578,0.8878,0.3700,NA,NA,NA,NA,NA,NA,NA
python.exe,22256,0x0,Other,-1,0,0,Composed: Copy with GPU GDI,2026-8-20 19:20:22.375040100,4.9241,4.9241,0.0000,0.6586,5.0413,0.9433,4.0980,NA,NA,NA,NA,NA,NA,NA
python.exe,22256,0x0,Other,-1,0,0,Composed: Copy with GPU GDI,2026-8-20 19:20:22.379964200,6.7996,6.7996,0.0000,0.7829,6.1902,0.4296,5.7606,NA,NA,NA,NA,NA,NA,NA
python.exe,22256,0x0,Other,0,0,1,Hardware: Legacy Flip,2026-8-20 19:20:22.386763800,4.3267,4.3267,0.0000,0.1788,4.2229,0.1660,4.0569,4.5992,14.4125,0.8665,3926.3532,NA,NA,NA
python.exe,22256,0x0,Other,-1,0,0,Composed: Copy with GPU GDI,2026-8-20 19:20:22.391090500,1.4664,1.4664,0.0000,0.0750,1.6243,0.4825,1.1418,14.6850,2.7998,-10.0858,3930.6799,NA,NA,NA
python.exe,22256,0x0,Other,-1,0,0,Composed: Copy with GPU GDI,2026-8-20 19:20:22.392556900,6.3085,6.3085,0.0000,0.2354,6.7085,0.8284,5.8801,NA,NA,NA,NA,NA,NA,NA
python.exe,22256,0x0,Other,-1,0,0,Composed: Copy with GPU GDI,2026-8-20 19:20:22.398865400,6.0578,6.0578,0.0000,0.6412,5.6432,0.3886,5.2546,NA,NA,NA,NA,NA,NA,NA
python.exe,22256,0x0,Other,0,0,1,Hardware: Legacy Flip,2026-8-20 19:20:22.404923200,3.2412,3.2412,0.0000,0.2305,3.1212,0.2193,2.9019,3.6521,15.3357,11.0329,3944.5126,NA,NA,NA
python.exe,22256,0x0,Other,-1,0,0,Composed: Copy with GPU GDI,2026-8-20 19:20:22.408164400,2.5353,2.5353,0.0000,0.1105,2.6118,0.5742,2.0376,NA,NA,NA,NA,NA,NA,NA
python.exe,22256,0x0,Other,-1,0,0,Composed: Copy with GPU GDI,2026-8-20 19:20:22.410699700,7.6724,7.6724,0.0000,0.1920,8.0506,1.0842,6.9664,NA,NA,NA,NA,NA,NA,NA
python.exe,22256,0x0,Other,0,0,1,Hardware: Legacy Flip,2026-8-20 19:20:22.418372100,5.1554,5.1554,0.0000,0.5766,4.6446,0.1320,4.5126,5.5389,18.2229,-1.8868,3957.9615,NA,NA,NA
python.exe,22256,0x0,Other,-1,0,0,Composed: Copy with GPU GDI,2026-8-20 19:20:22.423527500,0.2936,0.2936,0.0000,0.0658,0.9915,0.9915,0.0000,NA,NA,NA,NA,NA,NA,NA
python.exe,22256,0x0,Other,-1,0,0,Composed: Copy with GPU GDI,2026-8-20 19:20:22.423821100,5.0900,5.0900,0.0000,0.7700,4.6175,0.5918,4.0257,18.3128,0.2088,-12.7739,3963.4105,NA,NA,NA
python.exe,22256,0x0,Other,-1,0,0,Composed: Copy with GPU GDI,2026-8-20 19:20:22.428911100,6.3536,6.3536,0.0000,0.3002,6.7592,0.8601,5.8991,NA,NA,NA,NA,NA,NA,NA
python.exe,22256,0x0,Other,-1,0,0,Composed: Copy with GPU GDI,2026-8-20 19:20:22.435264700,5.9837,5.9837,0.0000,6.3584,0.2938,0.2938,0.0000,NA,NA,NA,NA,NA,NA,NA
python.exe,22256,0x0,Other,0,0,1,Hardware: Legacy Flip,2026-8-20 19:20:22.441248400,0.2917,0.2917,0.0000,0.0000,5.6479,0.5206,5.1273,1.0943,15.3706,17.2185,3980.8378,NA,NA,NA
python.exe,22256,0x0,Other,-1,0,0,Composed: Copy with GPU GDI,2026-8-20 19:20:22.441540100,6.1208,6.1208,0.0000,0.3768,6.0030,0.8670,5.1360,NA,NA,NA,NA,NA,NA,NA
python.exe,22256,0x0,Other,-1,0,0,Composed: Copy with GPU GDI,2026-8-20 19:20:22.447660900,5.0140,5.0140,0.0000,0.2571,4.9994,0.4192,4.5802,NA,NA,NA,NA,NA,NA,NA
python.exe,22256,0x0,Other,0,0,1,Hardware: Legacy Flip,2026-8-20 19:20:22.452674900,4.4559,4.4559,0.0000,0.2485,4.2764,0.1331,4.1433,5.0384,14.7904,-3.9441,3992.2643,NA,NA,NA
python.exe,22256,0x0,Other,-1,0,0,Composed: Copy with GPU GDI,2026-8-20 19:20:22.457130800,2.1701,2.1701,0.0000,0.0690,2.4610,1.3086,1.1524,15.3729,3.4430,-10.3345,3996.7202,NA,NA,NA
python.exe,22256,0x0,Other,-1,0,0,Composed: Copy with GPU GDI,2026-8-20 19:20:22.459300900,5.2730,5.2730,0.0000,0.3641,5.0334,0.2706,4.7628,NA,NA,NA,NA,NA,NA,NA
python.exe,22256,0x0,Other,-1,0,0,Composed: Copy with GPU GDI,2026-8-20 19:20:22.464573900,6.5099,6.5099,0.0000,0.1414,6.5097,0.2898,6.2199,NA,NA,NA,NA,NA,NA,NA
python.exe,22256,0x0,Other,0,0,1,Hardware: Legacy Flip,2026-8-20 19:20:22.471083800,4.4125,4.4125,0.0000,0.1443,4.3182,0.1014,4.2168,4.8629,14.7419,10.5100,4010.6732,NA,NA,NA
python.exe,22256,0x0,Other,-1,0,0,Composed: Copy with GPU GDI,2026-8-20 19:20:22.475496300,1.8198,1.8198,0.0000,0.0500,2.1058,0.7891,1.3167,15.1923,1.0867,-10.3294,4015.0857,NA,NA,NA
python.exe,22256,0x0,Other,-1,0,0,Composed: Copy with GPU GDI,2026-8-20 19:20:22.477316100,5.9207,5.9207,0.0000,0.3398,5.9262,0.4881,5.4381,NA,NA,NA,NA,NA,NA,NA
python.exe,22256,0x0,Other,-1,0,0,Composed: Copy with GPU GDI,2026-8-20 19:20:22.483236800,6.2203,6.2203,0.0000,0.3476,6.7078,1.2687,5.4391,NA,NA,NA,NA,NA,NA,NA
python.exe,22256,0x0,Other,0,0,1,Hardware: Legacy Flip,2026-8-20 19:20:22.489457100,1.8996,1.8996,0.0000,0.8407,1.1648,0.2117,0.9531,2.3182,17.1313,12.8741,4029.0465,NA,NA,NA
python.exe,22256,0x0,Other,-1,0,0,Composed: Copy with GPU GDI,2026-8-20 19:20:22.491356700,4.5912,4.5912,0.0000,0.1059,4.9966,0.8954,4.1012,17.5499,0.5465,-15.2317,4030.9461,NA,NA,NA
python.exe,22256,0x0,Other,-1,0,0,Composed: Copy with GPU GDI,2026-8-20 19:20:22.495947900,5.8300,5.8300,0.0000,0.5179,5.7892,0.6846,5.1046,NA,NA,NA,NA,NA,NA,NA
python.exe,22256,0x0,Other,-1,0,0,Composed: Copy with GPU GDI,2026-8-20 19:20:22.501777900,6.9114,6.9114,0.0000,0.5159,6.8588,0.6332,6.2256,NA,NA,NA,NA,NA,NA,NA
python.exe,22256,0x0,Other,0,0,1,Hardware: Legacy Flip,2026-8-20 19:20:22.508689300,0.4358,0.4358,0.0000,0.4633,0.1050,0.1050,0.0000,0.7638,11.5828,16.7861,4048.2787,NA,NA,NA
python.exe,22256,0x0,Other,-1,0,0,Composed: Copy with GPU GDI,2026-8-20 19:20:22.509125100,5.2923,5.2923,0.0000,0.1325,5.5165,0.6132,4.9033,11.9108,4.1660,-11.1470,4048.7145,NA,NA,NA
python.exe,22256,0x0,Other,-1,0,0,Composed: Copy with GPU GDI,2026-8-20 19:20:22.514417400,7.0261,7.0261,0.0000,0.3661,6.8697,0.4585,6.4112,NA,NA,NA,NA,NA,NA,NA
python.exe,22256,0x0,Other,0,0,1,Hardware: Legacy Flip,2026-8-20 19:20:22.521443500,2.9389,2.9389,0.0000,0.2147,2.7991,0.2354,2.5637,3.7584,7.9344,8.1524,4061.0329,NA,NA,NA
python.exe,22256,0x0,Other,-1,0,0,Composed: Copy with GPU GDI,2026-8-20 19:20:22.524382400,1.1139,1.1139,0.0000,0.0749,1.2938,1.0455,0.2483,8.7539,9.1848,-4.9955,4063.9718,NA,NA,NA
python.exe,22256,0x0,Other,-1,0,0,Composed: Copy with GPU GDI,2026-8-20 19:20:22.525496300,7.1455,7.1455,0.0000,0.2600,6.9754,0.2644,6.7110,NA,NA,NA,NA,NA,NA,NA
python.exe,22256,0x0,Other,-1,0,0,Composed: Copy with GPU GDI,2026-8-20 19:20:22.532641800,5.4554,5.4554,0.0000,0.0964,5.9422,0.8476,5.0946,NA,NA,NA,NA,NA,NA,NA
python.exe,22256,0x0,Other,0,0,1,Hardware: Legacy Flip,2026-8-20 19:20:22.538097200,3.9678,3.9678,0.0000,0.6244,3.4710,0.2266,3.2444,4.2239,15.0704,4.5300,4077.6866,NA,NA,NA
python.exe,22256,0x0,Other,-1,0,0,Composed: Copy with GPU GDI,2026-8-20 19:20:22.542065000,2.7650,2.7650,0.0000,0.1276,3.3158,0.8465,2.4693,NA,NA,NA,NA,NA,NA,NA
python.exe,22256,0x0,Other,-1,0,0,Composed: Copy with GPU GDI,2026-8-20 19:20:22.544830000,5.1848,5.1848,0.0000,0.6844,5.0714,0.7854,4.2860,12.5615,1.0602,-8.3376,4084.4194,NA,NA,NA
python.exe,22256,0x0,Other,-1,0,0,Composed: Copy with GPU GDI,2026-8-20 19:20:22.550014800,7.1318,7.1318,0.0000,0.6149,7.1350,0.7630,6.3720,NA,NA,NA,NA,NA,NA,NA
python.exe,22256,0x0,Other,0,0,1,Hardware: Legacy Flip,2026-8-20 19:20:22.557146600,0.6926,0.6926,0.0000,0.6181,0.1833,0.1833,0.0000,1.3051,11.1379,11.2564,4096.7360,NA,NA,NA
python.exe,22256,0x0,Other,-1,0,0,Composed: Copy with GPU GDI,2026-8-20 19:20:22.557839200,4.3504,4.3504,0.0000,0.1088,4.7137,1.0061,3.7076,11.7504,5.3705,-10.4453,4097.4286,NA,NA,NA
python.exe,22256,0x0,Other,-1,0,0,Composed: Copy with GPU GDI,2026-8-20 19:20:22.562189600,6.6526,6.6526,0.0000,0.4999,6.3125,0.3587,5.9538,NA,NA,NA,NA,NA,NA,NA
python.exe,22256,0x0,Other,0,0,1,Hardware: Legacy Flip,2026-8-20 19:20:22.568842200,5.4549,5.4549,0.0000,0.1637,5.3767,0.1591,5.2176,6.1179,12.8720,5.6325,4108.4316,NA,NA,NA
python.exe,22256,0x0,Other,-1,0,0,Composed: Copy with GPU GDI,2026-8-20 19:20:22.574297100,0.6716,0.6716,0.0000,0.0855,1.0766,1.0766,0.0000,13.5350,3.1579,-7.4171,4113.8865,NA,NA,NA
python.exe,22256,0x0,Other,-1,0,0,Composed: Copy with GPU GDI,2026-8-20 19:20:22.574968700,6.2623,6.2623,0.0000,0.4983,6.4222,0.7970,5.6252,NA,NA,NA,NA,NA,NA,NA
python.exe,22256,0x0,Other,-1,0,0,Composed: Copy with GPU GDI,2026-8-20 19:20:22.581231000,4.2413,4.2413,0.0000,0.6626,3.8201,0.4122,3.4079,NA,NA,NA,NA,NA,NA,NA
python.exe,22256,0x0,Other,0,0,1,Hardware: Legacy Flip,2026-8-20 19:20:22.585472300,5.1006,5.1006,0.0000,0.2441,4.9103,0.1054,4.8049,5.5177,14.9296,8.0173,4125.0617,NA,NA,NA
python.exe,22256,0x0,Other,-1,0,0,Composed: Copy with GPU GDI,2026-8-20 19:20:22.590572900,2.4537,2.4537,0.0000,0.0538,2.6249,0.6908,1.9341,15.3467,2.0294,-9.8290,4130.1623,NA,NA,NA
python.exe,22256,0x0,Other,-1,0,0,Composed: Copy with GPU GDI,2026-8-20 19:20:22.593026600,7.5140,7.5140,0.0000,0.2298,7.5894,0.5454,7.0440,NA,NA,NA,NA,NA,NA,NA
python.exe,22256,0x0,Other,-1,0,0,Composed: Copy with GPU GDI,2026-8-20 19:20:22.600540600,4.1583,4.1583,0.0000,0.3105,4.5345,0.8701,3.6644,NA,NA,NA,NA,NA,NA,NA
python.exe,22256,0x0,Other,0,0,1,Hardware: Legacy Flip,2026-8-20 19:20:22.604698900,2.8228,2.8228,0.0000,0.6903,2.2254,0.1632,2.0622,3.2501,16.2261,12.0966,4144.2883,NA,NA,NA
python.exe,22256,0x0,Other,-1,0,0,Composed: Copy with GPU GDI,2026-8-20 19:20:22.607521700,3.8206,3.8206,0.0000,0.0929,3.9044,0.5250,3.3794,16.6534,0.2855,-13.4033,4147.1111,NA,NA,NA
python.exe,22256,0x0,Other,-1,0,0,Composed: Copy with GPU GDI,2026-8-20 19:20:22.611342300,4.8873,4.8873,0.0000,0.1814,4.8082,0.2586,4.5496,NA,NA,NA,NA,NA,NA,NA
python.exe,22256,0x0,Other,-1,0,0,Composed: Copy with GPU GDI,2026-8-20 19:20:22.616229600,6.7107,6.7107,0.0000,0.1070,6.7356,0.2980,6.4376,NA,NA,NA,NA,NA,NA,NA
python.exe,22256,0x0,Other,0,0,1,Hardware: Legacy Flip,2026-8-20 19:20:22.622940300,1.0072,1.0072,0.0000,0.1358,0.9908,0.2074,0.7834,1.5203,16.2555,15.1331,4162.5297,NA,NA,NA
python.exe,22256,0x0,Other,-1,0,0,Composed: Copy with GPU GDI,2026-8-20 19:20:22.623947500,4.6023,4.6023,0.0000,0.1194,4.6994,0.7393,3.9601,NA,NA,NA,NA,NA,NA,NA
python.exe,22256,0x0,Other,-1,0,0,Composed: Copy with GPU GDI,2026-8-20 19:20:22.628549800,6.6390,6.6390,0.0000,0.2200,6.6667,0.3021,6.3646,NA,NA,NA,NA,NA,NA,NA
python.exe,22256,0x0,Other,0,0,1,Hardware: Legacy Flip,2026-8-20 19:20:22.635188800,5.3449,5.3449,0.0000,0.2444,5.1813,0.2165,4.9648,5.5273,13.8016,-4.0070,4174.7782,NA,NA,NA
python.exe,22256,0x0,Other,-1,0,0,Composed: Copy with GPU GDI,2026-8-20 19:20:22.640533700,1.0709,1.0709,0.0000,0.0808,1.1092,0.3992,0.7100,13.9840,3.7693,-8.4567,4180.1231,NA,NA,NA
python.exe,22256,0x0,Other,-1,0,0,Composed: Copy with GPU GDI,2026-8-20 19:20:22.641604600,6.1581,6.1581,0.0000,0.1228,6.8621,0.9706,5.8915,NA,NA,NA,NA,NA,NA,NA
python.exe,22256,0x0,Other,-1,0,0,Composed: Copy with GPU GDI,2026-8-20 19:20:22.647762700,4.7694,4.7694,0.0000,0.8319,4.3526,0.5759,3.7767,NA,NA,NA,NA,NA,NA,NA
python.exe,22256,0x0,Other,0,0,1,Hardware: Legacy Flip,2026-8-20 19:20:22.652532100,5.4010,5.4010,0.0000,0.4212,5.0816,0.1875,4.8941,5.7549,14.3604,8.2291,4192.1215,NA,NA,NA
python.exe,22256,0x0,Other,-1,0,0,Composed: Copy with GPU GDI,2026-8-20 19:20:22.657933100,1.4482,1.4482,0.0000,0.1018,1.5019,0.4565,1.0454,14.7143,2.0684,-8.9594,4197.5225,NA,NA,NA
python.exe,22256,0x0,Other,-1,0,0,Composed: Copy with GPU GDI,2026-8-20 19:20:22.659381300,5.6273,5.6273,0.0000,0.1586,6.0750,0.8082,5.2668,NA,NA,NA,NA,NA,NA,NA
python.exe,22256,0x0,Other,-1,0,0,Composed: Copy with GPU GDI,2026-8-20 19:20:22.665008600,6.3891,6.3891,0.0000,0.6164,6.0705,0.4228,5.6477,NA,NA,NA,NA,NA,NA,NA
python.exe,22256,0x0,Other,0,0,1,Hardware: Legacy Flip,2026-8-20 19:20:22.671397700,2.5691,2.5691,0.0000,0.3040,2.3697,0.2262,2.1435,3.3181,16.1389,11.3962,4210.9871,NA,NA,NA
python.exe,22256,0x0,Other,-1,0,0,Composed: Copy with GPU GDI,2026-8-20 19:20:22.673966800,4.0903,4.0903,0.0000,0.1046,4.2812,1.0719,3.2093,16.8879,0.4235,-13.5698,4213.5562,NA,NA,NA
python.exe,22256,0x0,Other,-1,0,0,Composed: Copy with GPU GDI,2026-8-20 19:20:22.678057100,5.4478,5.4478,0.0000,0.2984,5.6839,0.8214,4.8625,NA,NA,NA,NA,NA,NA,NA
python.exe,22256,0x0,Other,0,0,1,Hardware: Legacy Flip,2026-8-20 19:20:22.683504900,7.0620,7.0620,0.0000,0.5379,6.5862,0.1215,6.4647,7.7733,11.7248,9.1146,4223.0943,NA,NA,NA
python.exe,22256,0x0,Other,-1,0,0,Composed: Copy with GPU GDI,2026-8-20 19:20:22.690566900,0.2454,0.2454,0.0000,0.0621,0.4306,0.4306,0.0000,12.4361,5.7843,-4.6628,4230.1563,NA,NA,NA
python.exe,22256,0x0,Other,-1,0,0,Composed: Copy with GPU GDI,2026-8-20 19:20:22.690812300,5.8705,5.8705,0.0000,0.2473,6.2587,1.1110,5.1477,NA,NA,NA,NA,NA,NA,NA
python.exe,22256,0x0,Other,-1,0,0,Composed: Copy with GPU GDI,2026-8-20 19:20:22.696682800,4.7927,4.7927,0.0000,0.6399,4.2280,0.2268,4.0012,NA,NA,NA,NA,NA,NA,NA
python.exe,22256,0x0,Other,0,0,1,Hardware: Legacy Flip,2026-8-20 19:20:22.701475500,6.8229,6.8229,0.0000,0.0784,6.8876,0.2289,6.6587,7.3118,12.4410,5.1243,4241.0649,NA,NA,NA
python.exe,22256,0x0,Other,-1,0,0,Composed: Copy with GPU GDI,2026-8-20 19:20:22.708298400,0.4617,0.4617,0.0000,0.1431,0.9851,0.9851,0.0000,NA,NA,NA,NA,NA,NA,NA
python.exe,22256,0x0,Other,-1,0,0,Composed: Copy with GPU GDI,2026-8-20 19:20:22.708760100,4.4779,4.4779,0.0000,0.6717,4.4848,0.8349,3.6499,12.4682,3.0419,-5.1564,4248.3495,NA,NA,NA
python.exe,22256,0x0,Other,-1,0,0,Composed: Copy with GPU GDI,2026-8-20 19:20:22.713238000,7.2698,7.2698,0.0000,0.6824,6.8242,0.5417,6.2825,NA,NA,NA,NA,NA,NA,NA
python.exe,22256,0x0,Other,0,0,1,Hardware: Legacy Flip,2026-8-20 19:20:22.720507800,3.4967,3.4967,0.0000,0.2949,3.3105,0.2155,3.0950,3.7624,15.1192,8.7058,4260.0972,NA,NA,NA
python.exe,22256,0x0,Other,-1,0,0,Composed: Copy with GPU GDI,2026-8-20 19:20:22.724004500,1.8946,1.8946,0.0000,0.1087,1.9007,0.2700,1.6307,15.3849,2.0832,-11.6225,4263.5939,NA,NA,NA
python.exe,22256,0x0,Other,-1,0,0,Composed: Copy with GPU GDI,2026-8-20 19:20:22.725899100,6.2254,6.2254,0.0000,0.1174,6.4651,0.5011,5.9640,NA,NA,NA,NA,NA,NA,NA
python.exe,22256,0x0,Other,-1,0,0,Composed: Copy with GPU GDI,2026-8-20 19:20:22.732124500,5.2696,5.2696,0.0000,0.3611,5.1016,0.3335,4.7681,NA,NA,NA,NA,NA,NA,NA
python.exe,22256,0x0,Other,0,0,1,Hardware: Legacy Flip,2026-8-20 19:20:22.737394100,3.4890,3.4890,0.0000,0.1959,3.4340,0.3121,3.1219,4.0785,16.1627,11.3064,4276.9835,NA,NA,NA
python.exe,22256,0x0,Other,-1,0,0,Composed: Copy with GPU GDI,2026-8-20 19:20:22.740883100,2.9683,2.9683,0.0000,0.1409,3.4049,1.3001,2.1048,16.7522,0.5558,-12.6737,4280.4725,NA,NA,NA
python.exe,22256,0x0,Other,-1,0,0,Composed: Copy with GPU GDI,2026-8-20 19:20:22.743851400,6.6174,6.6174,0.0000,0.5796,6.1785,0.2745,5.9040,NA,NA,NA,NA,NA,NA,NA
python.exe,22256,0x0,Other,0,0,1,Hardware: Legacy Flip,2026-8-20 19:20:22.750468800,6.9327,6.9327,0.0000,0.1445,6.8487,0.1524,6.6963,7.7223,11.5101,9.0299,4290.0582,NA,NA,NA
python.exe,22256,0x0,Other,-1,0,0,Composed: Copy with GPU GDI,2026-8-20 19:20:22.757401500,0.2361,0.2361,0.0000,0.0605,0.4719,0.4719,0.0000,NA,NA,NA,NA,NA,NA,NA
python.exe,22256,0x0,Other,-1,0,0,Composed: Copy with GPU GDI,2026-8-20 19:20:22.757637600,4.5528,4.5528,0.0000,0.2963,4.9069,1.0504,3.8565,12.0636,5.1682,-4.3413,4297.2270,NA,NA,NA
python.exe,22256,0x0,Other,-1,0,0,Composed: Copy with GPU GDI,2026-8-20 19:20:22.762190400,6.1482,6.1482,0.0000,0.6557,5.7354,0.3804,5.3550,NA,NA,NA,NA,NA,NA,NA
python.exe,22256,0x0,Other,0,0,1,Hardware: Legacy Flip,2026-8-20 19:20:22.768338600,5.9391,5.9391,0.0000,0.2462,5.7598,0.1176,5.6422,6.5308,13.0761,5.5328,4307.9280,NA,NA,NA
python.exe,22256,0x0,Other,-1,0,0,Composed: Copy with GPU GDI,2026-8-20 19:20:22.774277700,1.3354,1.3354,0.0000,0.0669,1.8836,1.1684,0.7152,NA,NA,NA,NA,NA,NA,NA
python.exe,22256,0x0,Other,-1,0,0,Composed: Copy with GPU GDI,2026-8-20 19:20:22.775613100,5.2922,5.2922,0.0000,0.6284,5.0693,0.6415,4.4278,12.3324,2.4227,-5.8016,4315.2025,NA,NA,NA
python.exe,22256,0x0,Other,-1,0,0,Composed: Copy with GPU GDI,2026-8-20 19:20:22.780905300,5.5857,5.5857,0.0000,0.4366,5.5380,0.6386,4.8994,NA,NA,NA,NA,NA,NA,NA
python.exe,22256,0x0,Other,0,0,1,Hardware: Legacy Flip,2026-8-20 19:20:22.786491000,3.3543,3.3543,0.0000,0.3939,3.0330,0.1216,2.9114,3.8772,15.7711,8.4552,4326.0804,NA,NA,NA
python.exe,22256,0x0,Other,-1,0,0,Composed: Copy with GPU GDI,2026-8-20 19:20:22.789845300,2.0488,2.0488,0.0000,0.0726,2.1984,0.7123,1.4861,16.2940,2.1572,-12.4168,4329.4347,NA,NA,NA
python.exe,22256,0x0,Other,-1,0,0,Composed: Copy with GPU GDI,2026-8-20 19:20:22.791894100,5.8780,5.8780,0.0000,0.2246,5.9182,0.4501,5.4681,NA,NA,NA,NA,NA,NA,NA
python.exe,22256,0x0,Other,-1,0,0,Composed: Copy with GPU GDI,2026-8-20 19:20:22.797772100,6.3555,6.3555,0.0000,0.2687,6.2466,0.5488,5.6978,NA,NA,NA,NA,NA,NA,NA
python.exe,22256,0x0,Other,0,0,1,Hardware: Legacy Flip,2026-8-20 19:20:22.804127600,3.3933,3.3933,0.0000,0.1638,3.3189,0.1782,3.1407,4.1689,16.0900,12.1251,4343.7170,NA,NA,NA
python.exe,22256,0x0,Other,-1,0,0,Composed: Copy with GPU GDI,2026-8-20 19:20:22.807520900,4.1227,4.1227,0.0000,0.0894,4.3075,0.9797,3.3278,16.8656,0.6067,-12.6967,4347.1103,NA,NA,NA
python.exe,22256,0x0,Other,-1,0,0,Composed: Copy with GPU GDI,2026-8-20 19:20:22.811643600,5.6927,5.6927,0.0000,0.2780,5.5280,0.2723,5.2557,NA,NA,NA,NA,NA,NA,NA
python.exe,22256,0x0,Other,-1,0,0,Composed: Copy with GPU GDI,2026-8-20 19:20:22.817336300,5.8957,5.8957,0.0000,0.1173,6.2437,0.6975,5.5462,NA,NA,NA,NA,NA,NA,NA
python.exe,22256,0x0,Other,0,0,1,Hardware: Legacy Flip,2026-8-20 19:20:22.823232000,1.3883,1.3883,0.0000,0.4806,1.0180,0.4175,0.6005,1.7612,16.5799,15.1044,4362.8214,NA,NA,NA
python.exe,22256,0x0,Other,-1,0,0,Composed: Copy with GPU GDI,2026-8-20 19:20:22.824620300,4.4472,4.4472,0.0000,0.1103,4.6828,0.6207,4.0621,NA,NA,NA,NA,NA,NA,NA
python.exe,22256,0x0,Other,-1,0,0,Composed: Copy with GPU GDI,2026-8-20 19:20:22.829067500,6.3931,6.3931,0.0000,0.3484,6.4297,0.5744,5.8553,NA,NA,NA,NA,NA,NA,NA
python.exe,22256,0x0,Other,0,0,1,Hardware: Legacy Flip,2026-8-20 19:20:22.835460600,5.6513,5.6513,0.0000,0.3890,5.3291,0.1291,5.2000,6.1125,13.1137,-4.3513,4375.0500,NA,NA,NA
python.exe,22256,0x0,Other,-1,0,0,Composed: Copy with GPU GDI,2026-8-20 19:20:22.841111900,0.7358,0.7358,0.0000,0.0668,0.9838,0.8927,0.0911,13.5749,3.8336,-7.4624,4380.7013,NA,NA,NA
python.exe,22256,0x0,Other,-1,0,0,Composed: Copy with GPU GDI,2026-8-20 19:20:22.841847700,6.3367,6.3367,0.0000,0.3207,6.6139,0.7377,5.8762,NA,NA,NA,NA,NA,NA,NA
python.exe,22256,0x0,Other,-1,0,0,Composed: Copy with GPU GDI,2026-8-20 19:20:22.848184400,4.9026,4.9026,0.0000,0.6030,4.5033,0.3465,4.1568,NA,NA,NA,NA,NA,NA,NA
python.exe,22256,0x0,Other,0,0,1,Hardware: Legacy Flip,2026-8-20 19:20:22.853087000,5.2082,5.2082,0.0000,0.2068,5.1016,0.1962,4.9054,5.4334,14.3635,8.1415,4392.6764,NA,NA,NA
python.exe,22256,0x0,Other,-1,0,0,Composed: Copy with GPU GDI,2026-8-20 19:20:22.858295200,1.3579,1.3579,0.0000,0.1002,1.5199,0.4155,1.1044,14.5887,2.4080,-9.1553,4397.8846,NA,NA,NA
python.exe,22256,0x0,Other,-1,0,0,Composed: Copy with GPU GDI,2026-8-20 19:20:22.859653100,6.6398,6.6398,0.0000,0.2784,6.5524,0.3517,6.2007,NA,NA,NA,NA,NA,NA,NA
python.exe,22256,0x0,Other,-1,0,0,Composed: Copy with GPU GDI,2026-8-20 19:20:22.866292900,4.8167,4.8167,0.0000,0.1942,4.8809,0.4940,4.3869,NA,NA,NA,NA,NA,NA,NA
python.exe,22256,0x0,Other,0,0,1,Hardware: Legacy Flip,2026-8-20 19:20:22.871109600,3.6917,3.6917,0.0000,0.2615,3.4991,0.1454,3.3537,4.1823,27.8888,10.4064,4410.6990,NA,NA,NA
python.exe,22256,0x0,Other,-1,0,0,Composed: Copy with GPU GDI,2026-8-20 19:20:22.874801300,18.3337,18.3337,0.0000,0.0689,18.6234,0.8795,17.7439,NA,NA,NA,NA,NA,NA,NA
python.exe,22256,0x0,Other,-1,0,0,Composed: Copy with GPU GDI,2026-8-20 19:20:22.893135000,1.6993,1.6993,0.0000,0.3607,1.4540,0.3238,1.1302,NA,NA,NA,NA,NA,NA,NA
python.exe,22256,0x0,Other,-1,0,0,Composed: Copy with GPU GDI,2026-8-20 19:20:22.894834300,2.0270,2.0270,0.0000,0.1190,2.1817,0.3789,1.8028,8.3464,5.8979,-4.1641,4434.4237,NA,NA,NA
python.exe,22256,0x0,Other,-1,0,0,Composed: Copy with GPU GDI,2026-8-20 19:20:22.896861300,9.1573,9.1573,0.0000,0.2966,9.2820,0.8695,8.4125,NA,NA,NA,NA,NA,NA,NA
python.exe,22256,0x0,Other,-1,0,0,Composed: Copy with GPU GDI,2026-8-20 19:20:22.906018600,2.3514,2.3514,0.0000,2.6070,0.0092,0.0092,0.0000,NA,NA,NA,NA,NA,NA,NA
python.exe,22256,0x0,Other,0,0,1,Hardware: Legacy Flip,2026-8-20 19:20:22.908370000,0.1659,0.1659,0.0000,0.0000,2.1795,0.4365,1.7430,0.7086,10.0084,7.6378,4447.9594,NA,NA,NA
python.exe,22256,0x0,Other,-1,0,0,Composed: Copy with GPU GDI,2026-8-20 19:20:22.908535900,9.1933,9.1933,0.0000,0.0989,9.2983,0.6594,8.6389,NA,NA,NA,NA,NA,NA,NA
python.exe,22256,0x0,Other,0,0,1,Hardware: Legacy Flip,2026-8-20 19:20:22.917729200,0.4050,0.4050,0.0000,0.2095,0.2912,0.1786,0.1126,1.3578,10.9443,-0.6492,4457.3186,NA,NA,NA
python.exe,22256,0x0,Other,-1,0,0,Composed: Copy with GPU GDI,2026-8-20 19:20:22.918134200,2.7845,2.7845,0.0000,0.0957,3.2784,1.5964,1.6820,NA,NA,NA,NA,NA,NA,NA
python.exe,22256,0x0,Other,-1,0,0,Composed: Copy with GPU GDI,2026-8-20 19:20:22.920918700,7.1777,7.1777,0.0000,7.6311,0.5478,0.5478,0.0000,NA,NA,NA,NA,NA,NA,NA
python.exe,22256,0x0,Other,0,0,1,Hardware: Legacy Flip,2026-8-20 19:20:22.928096400,0.4197,0.4197,0.0000,0.0000,7.0024,0.6773,6.3251,1.9349,14.3312,-0.5771,4467.6858,NA,NA,NA
python.exe,22256,0x0,Other,-1,0,0,Composed: Copy with GPU GDI,2026-8-20 19:20:22.928516100,2.6692,2.6692,0.0000,0.5815,2.3704,1.2453,1.1251,NA,NA,NA,NA,NA,NA,NA
python.exe,22256,0x0,Other,-1,0,0,Composed: Copy with GPU GDI,2026-8-20 19:20:22.931185300,10.7420,10.7420,0.0000,0.2886,10.8199,0.4937,10.3262,NA,NA,NA,NA,NA,NA,NA
python.exe,22256,0x0,Other,0,0,1,Hardware: Legacy Flip,2026-8-20 19:20:22.941927300,1.4096,1.4096,0.0000,0.3719,1.1046,0.1299,0.9747,2.4352,7.3497,-0.5003,4481.5167,NA,NA,NA
python.exe,22256,0x0,Other,-1,0,0,Composed: Copy with GPU GDI,2026-8-20 19:20:22.943336900,0.3879,0.3879,0.0000,0.0669,1.3727,1.3727,0.0000,8.3753,12.1142,-5.9401,4482.9263,NA,NA,NA
python.exe,22256,0x0,Other,-1,0,0,Composed: Copy with GPU GDI,2026-8-20 19:20:22.943724800,9.0976,9.0976,0.0000,1.0548,8.5234,0.6532,7.8702,NA,NA,NA,NA,NA,NA,NA
python.exe,22256,0x0,Other,-1,0,0,Composed: Copy with GPU GDI,2026-8-20 19:20:22.952822400,8.4714,8.4714,0.0000,0.4925,8.4897,0.6744,7.8153,NA,NA,NA,NA,NA,NA,NA
python.exe,22256,0x0,Other,0,0,1,Hardware: Legacy Flip,2026-8-20 19:20:22.961293800,1.1793,1.1793,0.0000,0.5151,0.7468,0.1673,0.5795,2.5326,12.4128,5.8427,4500.8832,NA,NA,NA
python.exe,22256,0x0,Other,-1,0,0,Composed: Copy with GPU GDI,2026-8-20 19:20:22.962473100,0.3530,0.3530,0.0000,0.0826,1.6836,1.6836,0.0000,13.7661,5.8132,-11.2335,4502.0625,NA,NA,NA
python.exe,22256,0x0,Other,-1,0,0,Composed: Copy with GPU GDI,2026-8-20 19:20:22.962826100,9.5322,9.5322,0.0000,1.4190,8.7356,0.7791,7.9565,NA,NA,NA,NA,NA,NA,NA
python.exe,22256,0x0,Other,-1,0,0,Composed: Copy with GPU GDI,2026-8-20 19:20:22.972358300,1.6428,1.6428,0.0000,0.6279,1.4189,0.5169,0.9020,9.6941,2.2183,4.0720,4511.9477,NA,NA,NA
python.exe,22256,0x0,Other,0,0,1,Hardware: Legacy Flip,2026-8-20 19:20:22.974001100,9.1318,9.1318,0.0000,0.4076,8.8037,0.1438,8.6599,10.2696,9.9198,-0.5755,4513.5905,NA,NA,NA
python.exe,22256,0x0,Other,-1,0,0,Composed: Copy with GPU GDI,2026-8-20 19:20:22.983132900,0.4076,0.4076,0.0000,0.0795,1.6060,1.6060,0.0000,NA,NA,NA,NA,NA,NA,NA
python.exe,22256,0x0,Other,-1,0,0,Composed: Copy with GPU GDI,2026-8-20 19:20:22.983540500,2.7070,2.7070,0.0000,1.2847,1.5595,0.3557,1.2038,10.6500,3.9420,-0.3804,4523.1299,NA,NA,NA
python.exe,22256,0x0,Other,-1,0,0,Composed: Copy with GPU GDI,2026-8-20 19:20:22.986247500,9.7690,9.7690,0.0000,0.1420,9.9462,0.5947,9.3515,NA,NA,NA,NA,NA,NA,NA
python.exe,22256,0x0,Other,0,0,1,Hardware: Legacy Flip,2026-8-20 19:20:22.996016500,1.0223,1.0223,0.0000,0.3250,0.7435,0.1163,0.6272,2.1160,8.1882,8.5340,4535.6059,NA,NA,NA
python.exe,22256,0x0,Other,-1,0,0,Composed: Copy with GPU GDI,2026-8-20 19:20:22.997038800,0.3387,0.3387,0.0000,0.0462,1.1622,1.1622,0.0000,9.2819,11.0629,-7.1659,4536.6282,NA,NA,NA
python.exe,22256,0x0,Other,-1,0,0,Composed: Copy with GPU GDI,2026-8-20 19:20:22.997377500,9.8981,9.8981,0.0000,0.8746,9.3108,0.5451,8.7657,NA,NA,NA,NA,NA,NA,NA
python.exe,22256,0x0,Other,-1,0,0,Composed: Copy with GPU GDI,2026-8-20 19:20:23.007275600,8.3854,8.3854,0.0000,0.2912,8.3312,0.3782,7.9530,NA,NA,NA,NA,NA,NA,NA
python.exe,22256,0x0,Other,0,0,1,Hardware: Legacy Flip,2026-8-20 19:20:23.015661000,0.7066,0.7066,0.0000,0.2409,0.5119,0.1000,0.4119,1.7226,13.1948,7.5593,4555.2504,NA,NA,NA
python.exe,22256,0x0,Other,-1,0,0,Composed: Copy with GPU GDI,2026-8-20 19:20:23.016367600,0.6074,0.6074,0.0000,0.0462,1.4711,1.4711,0.0000,14.2108,0.1893,-12.4882,4555.9570,NA,NA,NA
python.exe,22256,0x0,Other,-1,0,0,Composed: Copy with GPU GDI,2026-8-20 19:20:23.016975000,10.8887,10.8887,0.0000,0.9145,10.3261,0.5457,9.7804,NA,NA,NA,NA,NA,NA,NA
python.exe,22256,0x0,Other,-1,0,0,Composed: Copy with GPU GDI,2026-8-20 19:20:23.027863700,1.2944,1.2944,0.0000,1.6679,0.1555,0.1555,0.0000,NA,NA,NA,NA,NA,NA,NA
python.exe,22256,0x0,Other,0,0,1,Hardware: Legacy Flip,2026-8-20 19:20:23.029158100,0.3473,0.3473,0.0000,0.0000,1.3117,0.5401,0.7716,1.6096,18.0061,12.6012,4568.7475,NA,NA,NA
python.exe,22256,0x0,Other,-1,0,0,Composed: Copy with GPU GDI,2026-8-20 19:20:23.029505400,9.7339,9.7339,0.0000,0.1817,9.9383,1.5421,8.3962,NA,NA,NA,NA,NA,NA,NA
python.exe,22256,0x0,Other,-1,0,0,Composed: Copy with GPU GDI,2026-8-20 19:20:23.039239300,1.8421,1.8421,0.0000,0.3906,1.5747,0.4108,1.1639,9.5345,3.2759,-7.9249,4578.8287,NA,NA,NA
python.exe,22256,0x0,Other,-1,0,0,Composed: Copy with GPU GDI,2026-8-20 19:20:23.041081400,9.3169,9.3169,0.0000,0.1280,9.3220,0.2987,9.0233,NA,NA,NA,NA,NA,NA,NA
python.exe,22256,0x0,Other,0,0,1,Hardware: Legacy Flip,2026-8-20 19:20:23.050398300,0.3749,0.3749,0.0000,0.1385,0.3071,0.1405,0.1666,1.6514,8.8461,7.8831,4589.9877,NA,NA,NA
python.exe,22256,0x0,Other,-1,0,0,Composed: Copy with GPU GDI,2026-8-20 19:20:23.050773200,1.9716,1.9716,0.0000,0.0707,2.3077,1.6028,0.7049,10.1226,3.0744,-8.4712,4590.3626,NA,NA,NA
python.exe,22256,0x0,Other,-1,0,0,Composed: Copy with GPU GDI,2026-8-20 19:20:23.052744800,9.3715,9.3715,0.0000,0.4107,9.2190,0.4422,8.7768,NA,NA,NA,NA,NA,NA,NA
python.exe,22256,0x0,Other,0,0,1,Hardware: Legacy Flip,2026-8-20 19:20:23.062116300,0.8565,0.8565,0.0000,0.2624,0.6294,0.1158,0.5136,1.8539,9.0748,8.2687,4601.7057,NA,NA,NA
python.exe,22256,0x0,Other,-1,0,0,Composed: Copy with GPU GDI,2026-8-20 19:20:23.062972800,2.7400,2.7400,0.0000,0.0353,2.9615,1.3861,1.5754,10.0722,12.1192,-8.2183,4602.5622,NA,NA,NA
python.exe,22256,0x0,Other,-1,0,0,Composed: Copy with GPU GDI,2026-8-20 19:20:23.065712800,7.7342,7.7342,0.0000,0.2628,8.0904,0.7586,7.3318,NA,NA,NA,NA,NA,NA,NA
python.exe,22256,0x0,Other,-1,0,0,Composed: Copy with GPU GDI,2026-8-20 19:20:23.073447000,4.2274,4.2274,0.0000,0.6266,3.8195,0.3596,3.4599,11.7172,0.6177,-1.6450,4613.0364,NA,NA,NA
python.exe,22256,0x0,Other,0,0,1,Hardware: Legacy Flip,2026-8-20 19:20:23.077674400,7.0920,7.0920,0.0000,0.2263,6.9293,0.1517,6.7776,8.1075,11.5324,3.6097,4617.2638,NA,NA,NA
python.exe,22256,0x0,Other,-1,0,0,Composed: Copy with GPU GDI,2026-8-20 19:20:23.084766400,0.2806,0.2806,0.0000,0.0636,1.0189,1.0189,0.0000,12.5479,2.2605,-4.4404,4624.3558,NA,NA,NA
python.exe,22256,0x0,Other,-1,0,0,Composed: Copy with GPU GDI,2026-8-20 19:20:23.085047000,11.1146,11.1146,0.0000,0.8046,10.4717,0.3313,10.1404,NA,NA,NA,NA,NA,NA,NA
python.exe,22256,0x0,Other,-1,0,0,Composed: Copy with GPU GDI,2026-8-20 19:20:23.096161600,2.2004,2.2004,0.0000,2.4080,0.0183,0.0183,0.0000,NA,NA,NA,NA,NA,NA,NA
python.exe,22256,0x0,Other,0,0,1,Hardware: Legacy Flip,2026-8-20 19:20:23.098362000,0.1458,0.1458,0.0000,0.0000,2.2426,0.3500,1.8926,1.2128,10.7432,11.3351,4637.9514,NA,NA,NA
python.exe,22256,0x0,Other,-1,0,0,Composed: Copy with GPU GDI,2026-8-20 19:20:23.098507800,8.7710,8.7710,0.0000,0.0801,9.0864,1.4410,7.6454,NA,NA,NA,NA,NA,NA,NA
python.exe,22256,0x0,Other,-1,0,0,Composed: Copy with GPU GDI,2026-8-20 19:20:23.107278800,1.3369,1.3369,0.0000,0.4001,1.1652,0.3654,0.7998,NA,NA,NA,NA,NA,NA,NA
python.exe,22256,0x0,Other,0,0,1,Hardware: Legacy Flip,2026-8-20 19:20:23.108615700,0.7176,0.7176,0.0000,0.2329,0.5067,0.0798,0.4269,1.7023,17.3457,-0.4895,4648.2051,NA,NA,NA
python.exe,22256,0x0,Other,-1,0,0,Composed: Copy with GPU GDI,2026-8-20 19:20:23.109333300,7.1343,7.1343,0.0000,0.0220,7.4693,1.4851,5.9842,18.3304,3.5461,-16.6281,4648.9227,NA,NA,NA
python.exe,22256,0x0,Other,-1,0,0,Composed: Copy with GPU GDI,2026-8-20 19:20:23.116467600,5.6983,5.6983,0.0000,0.3638,6.0499,1.1475,4.9024,NA,NA,NA,NA,NA,NA,NA
python.exe,22256,0x0,Other,0,0,1,Hardware: Legacy Flip,2026-8-20 19:20:23.122165900,7.9233,7.9233,0.0000,0.7200,7.2600,0.1200,7.1400,9.0439,13.5029,9.2865,4661.7553,NA,NA,NA
python.exe,22256,0x0,Other,-1,0,0,Composed: Copy with GPU GDI,2026-8-20 19:20:23.130089200,2.4304,2.4304,0.0000,0.0567,3.0398,1.9071,1.1327,NA,NA,NA,NA,NA,NA,NA
python.exe,22256,0x0,Other,-1,0,0,Composed: Copy with GPU GDI,2026-8-20 19:20:23.132519600,8.9130,8.9130,0.0000,0.6712,9.0805,0.9879,8.0926,NA,NA,NA,NA,NA,NA,NA
python.exe,22256,0x0,Other,0,0,1,Hardware: Legacy Flip,2026-8-20 19:20:23.141432600,1.9851,1.9851,0.0000,0.8445,1.1618,0.0761,1.0857,3.2801,7.2183,5.7638,4681.0220,NA,NA,NA
python.exe,22256,0x0,Other,-1,0,0,Composed: Copy with GPU GDI,2026-8-20 19:20:23.143417700,0.2014,0.2014,0.0000,0.0212,0.3015,0.3015,0.0000,8.5133,11.5352,-5.2332,4683.0071,NA,NA,NA
python.exe,22256,0x0,Other,-1,0,0,Composed: Copy with GPU GDI,2026-8-20 19:20:23.143619100,8.5579,8.5579,0.0000,0.1213,9.1532,1.8700,7.2832,NA,NA,NA,NA,NA,NA,NA
python.exe,22256,0x0,Other,-1,0,0,Composed: Copy with GPU GDI,2026-8-20 19:20:23.152177000,9.2705,9.2705,0.0000,0.7214,8.7098,0.3499,8.3599,NA,NA,NA,NA,NA,NA,NA
python.exe,22256,0x0,Other,0,0,1,Hardware: Legacy Flip,2026-8-20 19:20:23.161447500,0.9258,0.9258,0.0000,0.1633,0.8262,0.1492,0.6770,2.0187,12.8628,6.4946,4701.0369,NA,NA,NA
python.exe,22256,0x0,Other,-1,0,0,Composed: Copy with GPU GDI,2026-8-20 19:20:23.162373300,0.3815,0.3815,0.0000,0.0637,1.7000,1.7000,0.0000,13.9557,5.9238,-11.9370,4701.9627,NA,NA,NA
python.exe,22256,0x0,Other,-1,0,0,Composed: Copy with GPU GDI,2026-8-20 19:20:23.162754800,8.8642,8.8642,0.0000,1.3867,8.1553,0.8168,7.3385,NA,NA,NA,NA,NA,NA,NA
python.exe,22256,0x0,Other,-1,0,0,Composed: Copy with GPU GDI,2026-8-20 19:20:23.171619000,2.9914,2.9914,0.0000,0.6811,2.6055,0.4260,2.1795,10.6338,3.0838,3.3219,4711.2084,NA,NA,NA
python.exe,22256,0x0,Other,0,0,1,Hardware: Legacy Flip,2026-8-20 19:20:23.174610400,9.4312,9.4312,0.0000,0.2988,9.2129,0.1497,9.0632,10.7262,9.0505,-0.0924,4714.1998,NA,NA,NA
python.exe,22256,0x0,Other,-1,0,0,Composed: Copy with GPU GDI,2026-8-20 19:20:23.184041600,0.7586,0.7586,0.0000,0.0805,1.7920,1.7920,0.0000,NA,NA,NA,NA,NA,NA,NA
python.exe,22256,0x0,Other,-1,0,0,Composed: Copy with GPU GDI,2026-8-20 19:20:23.184800200,1.5328,1.5328,0.0000,1.1188,0.6714,0.5736,0.0978,9.5869,1.3229,1.1393,4724.3896,NA,NA,NA
python.exe,22256,0x0,Other,-1,0,0,Composed: Copy with GPU GDI,2026-8-20 19:20:23.186333000,7.4361,7.4361,0.0000,0.2622,7.3310,0.2858,7.0452,NA,NA,NA,NA,NA,NA,NA
python.exe,22256,0x0,Other,0,0,1,Hardware: Legacy Flip,2026-8-20 19:20:23.193769100,0.7713,0.7713,0.0000,0.1627,0.6353,0.0880,0.5473,1.9409,15.3214,7.6460,4733.3585,NA,NA,NA
python.exe,22256,0x0,Other,-1,0,0,Composed: Copy with GPU GDI,2026-8-20 19:20:23.194540400,3.6133,3.6133,0.0000,0.0267,3.7048,1.4194,2.2854,NA,NA,NA,NA,NA,NA,NA
python.exe,22256,0x0,Other,-1,0,0,Composed: Copy with GPU GDI,2026-8-20 19:20:23.198153700,7.6203,7.6203,0.0000,0.1559,7.7706,0.4858,7.2848,NA,NA,NA,NA,NA,NA,NA
python.exe,22256,0x0,Other,0,0,1,Hardware: Legacy Flip,2026-8-20 19:20:23.205774000,4.2224,4.2224,0.0000,0.3101,3.9928,0.1506,3.8422,5.2574,13.7117,-3.3165,4745.3634,NA,NA,NA
python.exe,22256,0x0,Other,-1,0,0,Composed: Copy with GPU GDI,2026-8-20 19:20:23.209996400,0.6524,0.6524,0.0000,0.0805,1.4412,1.4412,0.0000,14.7467,6.0515,-9.4893,4749.5858,NA,NA,NA
python.exe,22256,0x0,Other,-1,0,0,Composed: Copy with GPU GDI,2026-8-20 19:20:23.210648800,7.3214,7.3214,0.0000,0.8721,6.7722,0.5370,6.2352,20.1458,2.9189,-5.3991,4750.2382,NA,NA,NA
python.exe,22256,0x0,Other,-1,0,0,Composed: Copy with GPU GDI,2026-8-20 19:20:23.217970200,12.3438,12.3438,0.0000,0.3267,12.6338,0.9022,11.7316,NA,NA,NA,NA,NA,NA,NA
python.exe,22256,0x0,Other,-1,0,0,Composed: Copy with GPU GDI,2026-8-20 19:20:23.230314000,1.7991,1.7991,0.0000,0.6208,1.4873,0.6363,0.8510,NA,NA,NA,NA,NA,NA,NA
python.exe,22256,0x0,Other,0,0,1,Hardware: Legacy Flip,2026-8-20 19:20:23.232113100,0.5106,0.5106,0.0000,0.3152,0.3240,0.2238,0.1002,1.6004,9.2727,18.5454,4771.7025,NA,NA,NA
python.exe,22256,0x0,Other,-1,0,0,Composed: Copy with GPU GDI,2026-8-20 19:20:23.232623700,6.7496,6.7496,0.0000,0.1286,6.7885,1.1581,5.6304,NA,NA,NA,NA,NA,NA,NA
python.exe,22256,0x0,Other,-1,0,0,Composed: Copy with GPU GDI,2026-8-20 19:20:23.239373300,1.4451,1.4451,0.0000,0.1727,1.5005,0.3507,1.1498,NA,NA,NA,NA,NA,NA,NA
python.exe,22256,0x0,Other,0,0,1,Hardware: Legacy Flip,2026-8-20 19:20:23.240818400,0.8078,0.8078,0.0000,0.2370,0.5851,0.0538,0.5313,2.1678,18.1594,-0.5674,4780.4078,NA,NA,NA
python.exe,22256,0x0,Other,-1,0,0,Composed: Copy with GPU GDI,2026-8-20 19:20:23.241626200,7.7297,7.7297,0.0000,0.0143,7.8189,1.7727,6.0462,NA,NA,NA,NA,NA,NA,NA
python.exe,22256,0x0,Other,-1,0,0,Composed: Copy with GPU GDI,2026-8-20 19:20:23.249355900,4.3243,4.3243,0.0000,0.1070,4.4938,0.4457,4.0481,11.7897,2.7368,-9.6219,4788.9453,NA,NA,NA
python.exe,22256,0x0,Other,0,0,1,Hardware: Legacy Flip,2026-8-20 19:20:23.253680200,8.7386,8.7386,0.0000,0.2805,8.5667,0.2282,8.3385,10.2022,9.3620,1.5875,4793.2696,NA,NA,NA
python.exe,22256,0x0,Other,-1,0,0,Composed: Copy with GPU GDI,2026-8-20 19:20:23.262418800,0.9272,0.9272,0.0000,0.1086,1.6506,1.6506,0.0000,NA,NA,NA,NA,NA,NA,NA
python.exe,22256,0x0,Other,-1,0,0,Composed: Copy with GPU GDI,2026-8-20 19:20:23.263346000,1.4897,1.4897,0.0000,0.8371,0.7384,0.1971,0.5413,9.8984,4.8099,0.3038,4802.9354,NA,NA,NA
python.exe,22256,0x0,Other,-1,0,0,Composed: Copy with GPU GDI,2026-8-20 19:20:23.264835700,8.1405,8.1405,0.0000,0.0890,8.1449,0.2347,7.9102,NA,NA,NA,NA,NA,NA,NA
python.exe,22256,0x0,Other,0,0,1,Hardware: Legacy Flip,2026-8-20 19:20:23.272976200,3.6941,3.6941,0.0000,0.0983,3.6405,0.1629,3.4776,5.0781,13.3916,4.8203,4812.5656,NA,NA,NA
python.exe,22256,0x0,Other,-1,0,0,Composed: Copy with GPU GDI,2026-8-20 19:20:23.276670300,0.8661,0.8661,0.0000,0.0447,1.7304,1.7304,0.0000,14.7756,6.1091,-9.6975,4816.2597,NA,NA,NA
python.exe,22256,0x0,Other,-1,0,0,Composed: Copy with GPU GDI,2026-8-20 19:20:23.277536400,5.8970,5.8970,0.0000,0.9142,5.6881,0.8353,4.8528,20.0186,80.3131,-5.2430,4817.1258,NA,NA,NA
python.exe,22256,0x0,Other,-1,0,0,Composed: Copy with GPU GDI,2026-8-20 19:20:23.283433400,90.6617,90.6617,0.0000,0.7103,90.0696,0.2235,89.8461,NA,NA,NA,NA,NA,NA,NA
python.exe,22256,0x0,Other,-1,0,0,Composed: Copy with GPU GDI,2026-8-20 19:20:23.374095100,1.6082,1.6082,0.0000,0.1144,2.0847,0.7201,1.3646,NA,NA,NA,NA,NA,NA,NA
python.exe,22256,0x0,Other,0,0,1,Hardware: Legacy Flip,2026-8-20 19:20:23.375703300,0.8611,0.8611,0.0000,0.5936,0.3908,0.3061,0.0847,2.1648,9.0435,17.8538,4915.2927,NA,NA,NA
python.exe,22256,0x0,Other,-1,0,0,Composed: Copy with GPU GDI,2026-8-20 19:20:23.376564400,7.9987,7.9987,0.0000,0.1233,8.6375,2.1099,6.5276,NA,NA,NA,NA,NA,NA,NA
python.exe,22256,0x0,Other,0,0,1,Hardware: Legacy Flip,2026-8-20 19:20:23.384563100,1.3342,1.3342,0.0000,0.7649,0.6525,0.1613,0.4912,2.3485,7.7628,-0.1837,4924.1525,NA,NA,NA
python.exe,22256,0x0,Other,-1,0,0,Composed: Copy with GPU GDI,2026-8-20 19:20:23.385897300,0.7072,0.7072,0.0000,0.0832,1.1510,1.1510,0.0000,8.7771,1.8071,-6.4286,4925.4867,NA,NA,NA
python.exe,22256,0x0,Other,-1,0,0,Composed: Copy with GPU GDI,2026-8-20 19:20:23.386604500,2.0207,2.0207,0.0000,0.5309,1.7093,0.6071,1.1022,NA,NA,NA,NA,NA,NA,NA
python.exe,22256,0x0,Other,0,0,1,Hardware: Legacy Flip,2026-8-20 19:20:23.388625200,6.8110,6.8110,0.0000,0.2239,6.6303,0.1570,6.4733,7.8563,1.8455,0.9208,4928.2146,NA,NA,NA
python.exe,22256,0x0,Other,0,0,1,Hardware: Legacy Flip,2026-8-20 19:20:23.395436200,1.3006,1.3006,0.0000,0.0432,1.2740,0.9833,0.2907,2.8908,14.4312,4.9655,4935.0256,NA,NA,NA
python.exe,22256,0x0,Other,-1,0,0,Composed: Copy with GPU GDI,2026-8-20 19:20:23.396736800,0.4551,0.4551,0.0000,0.0166,0.5865,0.5865,0.0000,16.0214,4.6714,-13.1306,4936.3262,NA,NA,NA
python.exe,22256,0x0,Other,-1,0,0,Composed: Copy with GPU GDI,2026-8-20 19:20:23.397191900,8.2506,8.2506,0.0000,0.1480,8.5235,1.4788,7.0447,NA,NA,NA,NA,NA,NA,NA
python.exe,22256,0x0,Other,-1,0,0,Composed: Copy with GPU GDI,2026-8-20 19:20:23.405442500,10.2129,10.2129,0.0000,0.4291,10.0911,0.4803,9.6108,NA,NA,NA,NA,NA,NA,NA
python.exe,22256,0x0,Other,0,0,1,Hardware: Legacy Flip,2026-8-20 19:20:23.415655400,0.4077,0.4077,0.0000,0.3130,0.1658,0.1443,0.0215,1.7742,7.4787,14.2472,4955.2448,NA,NA,NA
python.exe,22256,0x0,Other,-1,0,0,Composed: Copy with GPU GDI,2026-8-20 19:20:23.416063100,0.5692,0.5692,0.0000,0.0711,1.3978,1.3978,0.0000,8.8452,4.3762,-7.0710,4955.6525,NA,NA,NA
python.exe,22256,0x0,Other,-1,0,0,Composed: Copy with GPU GDI,2026-8-20 19:20:23.416632300,10.1870,10.1870,0.0000,0.9053,9.7873,0.6805,9.1068,NA,NA,NA,NA,NA,NA,NA
python.exe,22256,0x0,Other,0,0,1,Hardware: Legacy Flip,2026-8-20 19:20:23.426819300,1.4507,1.4507,0.0000,0.5119,0.9856,0.3597,0.6259,2.4652,7.7511,6.3800,4966.4087,NA,NA,NA
python.exe,22256,0x0,Other,-1,0,0,Composed: Copy with GPU GDI,2026-8-20 19:20:23.428270000,1.2195,1.2195,0.0000,0.0468,1.4496,1.4496,0.0000,8.7656,12.1463,-6.3004,4967.8594,NA,NA,NA
python.exe,22256,0x0,Other,-1,0,0,Composed: Copy with GPU GDI,2026-8-20 19:20:23.429489500,11.9279,11.9279,0.0000,0.2823,11.9329,0.3603,11.5726,NA,NA,NA,NA,NA,NA,NA
python.exe,22256,0x0,Other,-1,0,0,Composed: Copy with GPU GDI,2026-8-20 19:20:23.441417400,1.0698,1.0698,0.0000,0.2861,1.1331,0.5079,0.6252,7.7645,3.5613,1.0011,4981.0068,NA,NA,NA
python.exe,22256,0x0,Other,-1,0,0,Composed: Copy with GPU GDI,2026-8-20 19:20:23.442487200,8.6546,8.6546,0.0000,0.3536,8.7190,0.6773,8.0417,NA,NA,NA,NA,NA,NA,NA
python.exe,22256,0x0,Other,0,0,1,Hardware: Legacy Flip,2026-8-20 19:20:23.451141800,0.6286,0.6286,0.0000,0.4257,0.3568,0.2499,0.1069,1.6014,8.5684,6.1631,4990.7312,NA,NA,NA
python.exe,22256,0x0,Other,-1,0,0,Composed: Copy with GPU GDI,2026-8-20 19:20:23.451770400,1.4944,1.4944,0.0000,0.1539,1.6815,1.1726,0.5089,9.5412,2.6000,-7.9398,4991.3598,NA,NA,NA
python.exe,22256,0x0,Other,-1,0,0,Composed: Copy with GPU GDI,2026-8-20 19:20:23.453264800,9.0191,9.0191,0.0000,0.3451,8.9240,0.5256,8.3984,NA,NA,NA,NA,NA,NA,NA
python.exe,22256,0x0,Other,0,0,1,Hardware: Legacy Flip,2026-8-20 19:20:23.462283900,0.4108,0.4108,0.0000,0.2541,0.1903,0.1131,0.0772,1.6277,9.7957,7.9135,5001.8733,NA,NA,NA
python.exe,22256,0x0,Other,-1,0,0,Composed: Copy with GPU GDI,2026-8-20 19:20:23.462694700,2.2101,2.2101,0.0000,0.0336,2.5161,1.5468,0.9693,11.0126,11.0713,-9.3849,5002.2841,NA,NA,NA
python.exe,22256,0x0,Other,-1,0,0,Composed: Copy with GPU GDI,2026-8-20 19:20:23.464904800,8.2524,8.2524,0.0000,0.3454,8.3741,0.6452,7.7289,NA,NA,NA,NA,NA,NA,NA
python.exe,22256,0x0,Other,-1,0,0,Composed: Copy with GPU GDI,2026-8-20 19:20:23.473157200,4.9325,4.9325,0.0000,0.5037,5.0209,0.8075,4.2134,NA,NA,NA,NA,NA,NA,NA
python.exe,22256,0x0,Other,0,0,1,Hardware: Legacy Flip,2026-8-20 19:20:23.478089700,5.2832,5.2832,0.0000,0.6140,4.7471,0.1682,4.5789,6.6889,12.9718,4.3237,5017.6791,NA,NA,NA
python.exe,22256,0x0,Other,-1,0,0,Composed: Copy with GPU GDI,2026-8-20 19:20:23.483372900,0.6577,0.6577,0.0000,0.0779,1.8259,1.8259,0.0000,14.3775,0.8140,-7.6886,5022.9623,NA,NA,NA
python.exe,22256,0x0,Other,-1,0,0,Composed: Copy with GPU GDI,2026-8-20 19:20:23.484030600,12.3494,12.3494,0.0000,1.2498,11.3554,0.5383,10.8171,NA,NA,NA,NA,NA,NA,NA
python.exe,22256,0x0,Other,0,0,1,Hardware: Legacy Flip,2026-8-20 19:20:23.496380000,0.8920,0.8920,0.0000,0.2586,0.7298,0.2271,0.5027,2.1844,13.3511,12.1931,5035.9694,NA,NA,NA
python.exe,22256,0x0,Other,-1,0,0,Composed: Copy with GPU GDI,2026-8-20 19:20:23.497272000,0.7746,0.7746,0.0000,0.0964,1.8973,1.8973,0.0000,NA,NA,NA,NA,NA,NA,NA
python.exe,22256,0x0,Other,-1,0,0,Composed: Copy with GPU GDI,2026-8-20 19:20:23.498046600,7.5977,7.5977,0.0000,1.2233,6.6626,0.5160,6.1466,NA,NA,NA,NA,NA,NA,NA
python.exe,22256,0x0,Other,-1,0,0,Composed: Copy with GPU GDI,2026-8-20 19:20:23.505644300,3.1431,3.1431,0.0000,0.2917,3.4637,0.7593,2.7044,NA,NA,NA,NA,NA,NA,NA
python.exe,22256,0x0,Other,0,0,1,Hardware: Legacy Flip,2026-8-20 19:20:23.508787400,1.9922,1.9922,0.0000,0.6186,1.4104,0.1331,1.2773,3.1281,16.1900,-0.9437,5048.3768,NA,NA,NA
python.exe,22256,0x0,Other,-1,0,0,Composed: Copy with GPU GDI,2026-8-20 19:20:23.510779600,5.1132,5.1132,0.0000,0.0368,5.8081,1.8119,3.9962,NA,NA,NA,NA,NA,NA,NA
python.exe,22256,0x0,Other,-1,0,0,Composed: Copy with GPU GDI,2026-8-20 19:20:23.515892800,4.5115,4.5115,0.0000,0.7360,3.9695,0.3354,3.6341,12.2127,4.1822,-9.0846,5055.4822,NA,NA,NA
python.exe,22256,0x0,Other,-1,0,0,Composed: Copy with GPU GDI,2026-8-20 19:20:23.520404300,10.1980,10.1980,0.0000,0.1966,10.7024,1.1646,9.5378,NA,NA,NA,NA,NA,NA,NA
python.exe,22256,0x0,Other,0,0,1,Hardware: Legacy Flip,2026-8-20 19:20:23.530602300,0.7154,0.7154,0.0000,0.7010,0.1039,0.1039,0.0000,1.6854,7.8834,10.5273,5070.1917,NA,NA,NA
python.exe,22256,0x0,Other,-1,0,0,Composed: Copy with GPU GDI,2026-8-20 19:20:23.531317700,0.7640,0.7640,0.0000,0.0895,1.4713,1.4713,0.0000,8.8534,4.4951,-7.1680,5070.9071,NA,NA,NA
python.exe,22256,0x0,Other,-1,0,0,Composed: Copy with GPU GDI,2026-8-20 19:20:23.532081700,7.0082,7.0082,0.0000,0.8004,6.3793,0.3406,6.0387,NA,NA,NA,NA,NA,NA,NA
python.exe,22256,0x0,Other,0,0,1,Hardware: Legacy Flip,2026-8-20 19:20:23.539089900,4.3548,4.3548,0.0000,0.1757,4.2145,0.1694,4.0451,5.5763,13.7124,3.2771,5078.6793,NA,NA,NA
python.exe,22256,0x0,Other,-1,0,0,Composed: Copy with GPU GDI,2026-8-20 19:20:23.543444700,0.8209,0.8209,0.0000,0.0354,1.6903,1.6903,0.0000,14.9339,4.2605,-9.3576,5083.0341,NA,NA,NA
python.exe,22256,0x0,Other,-1,0,0,Composed: Copy with GPU GDI,2026-8-20 19:20:23.544265600,6.4056,6.4056,0.0000,0.9115,5.8223,0.5233,5.2990,NA,NA,NA,NA,NA,NA,NA
python.exe,22256,0x0,Other,-1,0,0,Composed: Copy with GPU GDI,2026-8-20 19:20:23.550671200,10.0235,10.0235,0.0000,0.3318,9.9750,0.4293,9.5457,NA,NA,NA,NA,NA,NA,NA
python.exe,22256,0x0,Other,0,0,1,Hardware: Legacy Flip,2026-8-20 19:20:23.560694700,0.2879,0.2879,0.0000,0.2833,0.0776,0.0776,0.0000,1.9444,7.8614,12.9895,5100.2841,NA,NA,NA
python.exe,22256,0x0,Other,-1,0,0,Composed: Copy with GPU GDI,2026-8-20 19:20:23.560982600,0.6642,0.6642,0.0000,0.0730,1.6153,1.6153,0.0000,9.5179,7.8162,-7.5735,5100.5720,NA,NA,NA
python.exe,22256,0x0,Other,-1,0,0,Composed: Copy with GPU GDI,2026-8-20 19:20:23.561646800,11.1514,11.1514,0.0000,1.0272,10.2949,0.4616,9.8333,NA,NA,NA,NA,NA,NA,NA
python.exe,22256,0x0,Other,-1,0,0,Composed: Copy with GPU GDI,2026-8-20 19:20:23.572798200,2.4412,2.4412,0.0000,0.1739,2.8706,0.7671,2.1035,NA,NA,NA,NA,NA,NA,NA
python.exe,22256,0x0,Other,0,0,1,Hardware: Legacy Flip,2026-8-20 19:20:23.575239400,1.6417,1.6417,0.0000,0.6075,1.1179,0.1542,0.9637,3.0773,16.4646,6.4406,5114.8288,NA,NA,NA
python.exe,22256,0x0,Other,-1,0,0,Composed: Copy with GPU GDI,2026-8-20 19:20:23.576881100,6.0182,6.0182,0.0000,0.0837,6.6756,2.0613,4.6143,NA,NA,NA,NA,NA,NA,NA
python.exe,22256,0x0,Other,-1,0,0,Composed: Copy with GPU GDI,2026-8-20 19:20:23.582899300,4.9652,4.9652,0.0000,0.7451,4.8438,0.8825,3.9613,11.8820,1.7125,-8.8047,5122.4887,NA,NA,NA
python.exe,22256,0x0,Other,-1,0,0,Composed: Copy with GPU GDI,2026-8-20 19:20:23.587864500,6.3691,6.3691,0.0000,0.6279,6.5507,0.9687,5.5820,NA,NA,NA,NA,NA,NA,NA
python.exe,22256,0x0,Other,0,0,1,Hardware: Legacy Flip,2026-8-20 19:20:23.594233600,0.9218,0.9218,0.0000,0.8147,0.1965,0.1931,0.0034,2.2602,10.3994,9.6218,5133.8230,NA,NA,NA
python.exe,22256,0x0,Other,-1,0,0,Composed: Copy with GPU GDI,2026-8-20 19:20:23.595155400,4.0058,4.0058,0.0000,0.0894,4.2899,1.6486,2.6413,11.7378,4.7754,-9.4776,5134.7448,NA,NA,NA
python.exe,22256,0x0,Other,-1,0,0,Composed: Copy with GPU GDI,2026-8-20 19:20:23.599161200,6.0856,6.0856,0.0000,0.3773,5.9179,0.3546,5.5633,NA,NA,NA,NA,NA,NA,NA
python.exe,22256,0x0,Other,0,0,1,Hardware: Legacy Flip,2026-8-20 19:20:23.605246800,5.0376,5.0376,0.0000,0.2132,4.9385,0.1643,4.7742,6.4218,13.4382,5.3160,5144.8362,NA,NA,NA
python.exe,22256,0x0,Other,-1,0,0,Composed: Copy with GPU GDI,2026-8-20 19:20:23.610284400,0.3425,0.3425,0.0000,0.1141,1.3240,1.3240,0.0000,14.8224,5.1127,-8.4006,5149.8738,NA,NA,NA
python.exe,22256,0x0,Other,-1,0,0,Composed: Copy with GPU GDI,2026-8-20 19:20:23.610626900,6.9078,6.9078,0.0000,1.0990,6.2553,0.6025,5.6528,NA,NA,NA,NA,NA,NA,NA
python.exe,22256,0x0,Other,-1,0,0,Composed: Copy with GPU GDI,2026-8-20 19:20:23.617534700,4.9893,4.9893,0.0000,0.4515,4.7379,0.4388,4.2991,NA,NA,NA,NA,NA,NA,NA
python.exe,22256,0x0,Other,0,0,1,Hardware: Legacy Flip,2026-8-20 19:20:23.622524000,6.3638,6.3638,0.0000,0.2043,6.3209,0.2813,6.0396,7.6955,13.0735,7.1269,5162.1134,NA,NA,NA
python.exe,22256,0x0,Other,-1,0,0,Composed: Copy with GPU GDI,2026-8-20 19:20:23.628887800,0.4903,0.4903,0.0000,0.1614,1.2968,1.2968,0.0000,14.4052,0.5798,-6.7097,5168.4772,NA,NA,NA
python.exe,22256,0x0,Other,-1,0,0,Composed: Copy with GPU GDI,2026-8-20 19:20:23.629378100,10.1443,10.1443,0.0000,0.9872,9.3146,0.4322,8.8824,NA,NA,NA,NA,NA,NA,NA
python.exe,22256,0x0,Other,-1,0,0,Composed: Copy with GPU GDI,2026-8-20 19:20:23.639522400,2.2076,2.2076,0.0000,0.1612,2.2199,0.3438,1.8761,NA,NA,NA,NA,NA,NA,NA
python.exe,22256,0x0,Other,0,0,1,Hardware: Legacy Flip,2026-8-20 19:20:23.641730000,0.9392,0.9392,0.0000,0.1769,0.8250,0.1124,0.7126,2.1428,17.6427,12.2624,5181.3194,NA,NA,NA
python.exe,22256,0x0,Other,-1,0,0,Composed: Copy with GPU GDI,2026-8-20 19:20:23.642669200,8.0828,8.0828,0.0000,0.0627,8.3119,1.5028,6.8091,NA,NA,NA,NA,NA,NA,NA
python.exe,22256,0x0,Other,-1,0,0,Composed: Copy with GPU GDI,2026-8-20 19:20:23.650752000,2.8933,2.8933,0.0000,0.2950,3.0647,0.6342,2.4305,10.7635,0.9997,-8.6207,5190.3414,NA,NA,NA
python.exe,22256,0x0,Other,0,0,1,Hardware: Legacy Flip,2026-8-20 19:20:23.653645300,7.5778,7.5778,0.0000,0.4748,7.2219,0.1900,7.0319,8.8699,11.2017,1.8936,5193.2347,NA,NA,NA
python.exe,22256,0x0,Other,-1,0,0,Composed: Copy with GPU GDI,2026-8-20 19:20:23.661223100,0.8084,0.8084,0.0000,0.1189,1.5046,1.5046,0.0000,NA,NA,NA,NA,NA,NA,NA
python.exe,22256,0x0,Other,-1,0,0,Composed: Copy with GPU GDI,2026-8-20 19:20:23.662031500,2.5447,2.5447,0.0000,0.8543,2.2039,0.6748,1.5291,11.6854,4.5782,-2.8155,5201.6209,NA,NA,NA
python.exe,22256,0x0,Other,-1,0,0,Composed: Copy with GPU GDI,2026-8-20 19:20:23.664576200,8.2278,8.2278,0.0000,0.5169,7.9237,0.4086,7.5151,NA,NA,NA,NA,NA,NA,NA
python.exe,22256,0x0,Other,0,0,1,Hardware: Legacy Flip,2026-8-20 19:20:23.672804000,4.3369,4.3369,0.0000,0.2412,4.1591,0.1271,4.0320,5.4911,13.5452,6.1943,5212.3934,NA,NA,NA
python.exe,22256,0x0,Other,-1,0,0,Composed: Copy with GPU GDI,2026-8-20 19:20:23.677140900,0.5443,0.5443,0.0000,0.0634,1.5364,1.5364,0.0000,14.6994,5.1054,-9.2083,5216.7303,NA,NA,NA
python.exe,22256,0x0,Other,-1,0,0,Composed: Copy with GPU GDI,2026-8-20 19:20:23.677685200,6.1184,6.1184,0.0000,1.0599,5.7256,0.8428,4.8828,NA,NA,NA,NA,NA,NA,NA
python.exe,22256,0x0,Other,-1,0,0,Composed: Copy with GPU GDI,2026-8-20 19:20:23.683803600,10.5780,10.5780,0.0000,0.6707,10.6418,0.9812,9.6606,NA,NA,NA,NA,NA,NA,NA
python.exe,22256,0x0,Other,-1,0,0,Composed: Copy with GPU GDI,2026-8-20 19:20:23.694381600,1.0652,1.0652,0.0000,1.3062,0.0703,0.0703,0.0000,NA,NA,NA,NA,NA,NA,NA
python.exe,22256,0x0,Other,0,0,1,Hardware: Legacy Flip,2026-8-20 19:20:23.695446800,0.1866,0.1866,0.0000,0.0000,0.5671,0.3737,0.1934,1.4989,14.4388,13.2005,5235.0362,NA,NA,NA
python.exe,22256,0x0,Other,-1,0,0,Composed: Copy with GPU GDI,2026-8-20 19:20:23.695633400,9.4478,9.4478,0.0000,0.1247,9.8382,1.6080,8.2302,NA,NA,NA,NA,NA,NA,NA
python.exe,22256,0x0,Other,-1,0,0,Composed: Copy with GPU GDI,2026-8-20 19:20:23.705081200,3.0723,3.0723,0.0000,0.5192,2.7845,0.5103,2.2742,NA,NA,NA,NA,NA,NA,NA
python.exe,22256,0x0,Other,0,0,1,Hardware: Legacy Flip,2026-8-20 19:20:23.708153500,2.1356,2.1356,0.0000,0.2360,2.0357,0.2040,1.8317,3.2310,16.8744,-1.7321,5247.7429,NA,NA,NA
python.exe,22256,0x0,Other,-1,0,0,Composed: Copy with GPU GDI,2026-8-20 19:20:23.710289100,6.8865,6.8865,0.0000,0.1361,6.8773,1.0848,5.7925,NA,NA,NA,NA,NA,NA,NA
python.exe,22256,0x0,Other,-1,0,0,Composed: Copy with GPU GDI,2026-8-20 19:20:23.717175600,2.3385,2.3385,0.0000,0.1309,2.6384,0.6074,2.0310,11.0833,2.4924,-7.8523,5256.7650,NA,NA,NA
python.exe,22256,0x0,Other,-1,0,0,Composed: Copy with GPU GDI,2026-8-20 19:20:23.719514100,9.6839,9.6839,0.0000,10.0768,0.9626,0.9626,0.0000,NA,NA,NA,NA,NA,NA,NA
python.exe,22256,0x0,Other,0,0,1,Hardware: Legacy Flip,2026-8-20 19:20:23.729198000,0.2849,0.2849,0.0000,0.0000,9.6392,0.9692,8.6700,1.5533,9.6915,9.5300,5268.7874,NA,NA,NA
python.exe,22256,0x0,Other,-1,0,0,Composed: Copy with GPU GDI,2026-8-20 19:20:23.729482900,2.0571,2.0571,0.0000,1.0706,1.1697,0.4533,0.7164,10.9599,11.6675,-9.4066,5269.0723,NA,NA,NA
python.exe,22256,0x0,Other,-1,0,0,Composed: Copy with GPU GDI,2026-8-20 19:20:23.731540000,8.9354,8.9354,0.0000,0.1867,8.9667,0.5715,8.3952,NA,NA,NA,NA,NA,NA,NA
python.exe,22256,0x0,Other,-1,0,0,Composed: Copy with GPU GDI,2026-8-20 19:20:23.740475400,3.5387,3.5387,0.0000,0.2226,3.4304,0.2351,3.1953,NA,NA,NA,NA,NA,NA,NA
python.exe,22256,0x0,Other,0,0,1,Hardware: Legacy Flip,2026-8-20 19:20:23.744014100,6.5469,6.5469,0.0000,0.1196,6.4959,0.1372,6.3587,8.0962,10.3316,2.8637,5283.6035,NA,NA,NA
python.exe,22256,0x0,Other,-1,0,0,Composed: Copy with GPU GDI,2026-8-20 19:20:23.750561000,0.4017,0.4017,0.0000,0.0686,0.4412,0.4412,0.0000,NA,NA,NA,NA,NA,NA,NA
python.exe,22256,0x0,Other,-1,0,0,Composed: Copy with GPU GDI,2026-8-20 19:20:23.750962700,9.3762,9.3762,0.0000,0.1081,9.8103,1.6246,8.1857,NA,NA,NA,NA,NA,NA,NA
python.exe,22256,0x0,Other,0,0,1,Hardware: Legacy Flip,2026-8-20 19:20:23.760338900,1.0456,1.0456,0.0000,0.5474,0.5286,0.1320,0.3966,2.1030,8.2614,5.9932,5299.9283,NA,NA,NA
python.exe,22256,0x0,Other,-1,0,0,Composed: Copy with GPU GDI,2026-8-20 19:20:23.761384500,0.7578,0.7578,0.0000,0.0304,1.3494,1.3494,0.0000,9.3188,7.4336,-7.2158,5300.9739,NA,NA,NA
python.exe,22256,0x0,Other,-1,0,0,Composed: Copy with GPU GDI,2026-8-20 19:20:23.762142300,9.6194,9.6194,0.0000,0.6694,9.4026,0.6303,8.7723,NA,NA,NA,NA,NA,NA,NA
python.exe,22256,0x0,Other,-1,0,0,Composed: Copy with GPU GDI,2026-8-20 19:20:23.771761700,2.5691,2.5691,0.0000,0.4596,2.5569,0.5600,1.9969,NA,NA,NA,NA,NA,NA,NA
python.exe,22256,0x0,Other,0,0,1,Hardware: Legacy Flip,2026-8-20 19:20:23.774330800,2.5518,2.5518,0.0000,0.4516,2.1834,0.1815,2.0019,3.8061,16.9472,5.5127,5313.9202,NA,NA,NA
python.exe,22256,0x0,Other,-1,0,0,Composed: Copy with GPU GDI,2026-8-20 19:20:23.776882600,5.4882,5.4882,0.0000,0.0832,5.6656,1.4911,4.1745,18.2015,3.2105,-14.3954,5316.4720,NA,NA,NA
python.exe,22256,0x0,Other,-1,0,0,Composed: Copy with GPU GDI,2026-8-20 19:20:23.782370800,4.2174,4.2174,0.0000,0.2667,4.1092,0.3347,3.7745,NA,NA,NA,NA,NA,NA,NA
python.exe,22256,0x0,Other,0,0,1,Hardware: Legacy Flip,2026-8-20 19:20:23.786588200,10.5498,10.5498,0.0000,0.1619,10.4789,0.2487,10.2302,11.7064,8.8848,6.4951,5326.1776,NA,NA,NA
python.exe,22256,0x0,Other,-1,0,0,Composed: Copy with GPU GDI,2026-8-20 19:20:23.797138000,1.1516,1.1516,0.0000,0.0910,1.6416,1.6416,0.0000,10.0414,5.0168,1.6650,5336.7274,NA,NA,NA
python.exe,22256,0x0,Other,-1,0,0,Composed: Copy with GPU GDI,2026-8-20 19:20:23.798289600,7.9478,7.9478,0.0000,0.5840,7.7130,0.4733,7.2397,NA,NA,NA,NA,NA,NA,NA
python.exe,22256,0x0,Other,-1,0,0,Composed: Copy with GPU GDI,2026-8-20 19:20:23.806237400,3.7881,3.7881,0.0000,0.3539,3.7067,0.4322,3.2745,NA,NA,NA,NA,NA,NA,NA
python.exe,22256,0x0,Other,0,0,1,Hardware: Legacy Flip,2026-8-20 19:20:23.810025500,0.7568,0.7568,0.0000,0.2770,0.5096,0.0881,0.4215,2.1707,18.4165,7.8707,5349.6149,NA,NA,NA
python.exe,22256,0x0,Other,-1,0,0,Composed: Copy with GPU GDI,2026-8-20 19:20:23.810782300,6.5606,6.5606,0.0000,0.0298,6.8951,1.6906,5.2045,NA,NA,NA,NA,NA,NA,NA
python.exe,22256,0x0,Other,-1,0,0,Composed: Copy with GPU GDI,2026-8-20 19:20:23.817342900,10.9774,10.9774,0.0000,0.3695,11.0085,0.7055,10.3030,NA,NA,NA,NA,NA,NA,NA
python.exe,22256,0x0,Other,0,0,1,Hardware: Legacy Flip,2026-8-20 19:20:23.828320300,0.9488,0.9488,0.0000,0.4188,0.6126,0.1625,0.4501,2.2924,6.8326,-0.1217,5367.9097,NA,NA,NA
python.exe,22256,0x0,Other,-1,0,0,Composed: Copy with GPU GDI,2026-8-20 19:20:23.829269100,0.5430,0.5430,0.0000,0.0826,1.3269,1.3269,0.0000,8.1762,8.0749,-5.8838,5368.8585,NA,NA,NA
python.exe,22256,0x0,Other,-1,0,0,Composed: Copy with GPU GDI,2026-8-20 19:20:23.829812100,8.6393,8.6393,0.0000,0.8698,7.8615,0.3087,7.5528,NA,NA,NA,NA,NA,NA,NA
python.exe,22256,0x0,Other,-1,0,0,Composed: Copy with GPU GDI,2026-8-20 19:20:23.838451400,2.6601,2.6601,0.0000,0.0962,3.0228,0.5529,2.4699,NA,NA,NA,NA,NA,NA,NA
python.exe,22256,0x0,Other,0,0,1,Hardware: Legacy Flip,2026-8-20 19:20:23.841111500,3.1302,3.1302,0.0000,0.4625,2.7217,0.1754,2.5463,4.4087,16.1901,3.7675,5380.7009,NA,NA,NA
python.exe,22256,0x0,Other,-1,0,0,Composed: Copy with GPU GDI,2026-8-20 19:20:23.844241700,5.7647,5.7647,0.0000,0.0540,5.8431,1.6037,4.2394,NA,NA,NA,NA,NA,NA,NA
python.exe,22256,0x0,Other,-1,0,0,Composed: Copy with GPU GDI,2026-8-20 19:20:23.850006400,3.2722,3.2722,0.0000,0.1365,3.4221,0.4258,2.9963,11.7039,0.3418,-7.2952,5389.5958,NA,NA,NA
python.exe,22256,0x0,Other,0,0,1,Hardware: Legacy Flip,2026-8-20 19:20:23.853278600,7.5795,7.5795,0.0000,0.2899,7.4072,0.1799,7.2273,8.7735,11.7874,2.9304,5392.8680,NA,NA,NA
python.exe,22256,0x0,Other,-1,0,0,Composed: Copy with GPU GDI,2026-8-20 19:20:23.860858100,0.5705,0.5705,0.0000,0.1176,1.6361,1.6361,0.0000,NA,NA,NA,NA,NA,NA,NA
python.exe,22256,0x0,Other,-1,0,0,Composed: Copy with GPU GDI,2026-8-20 19:20:23.861428600,4.2861,4.2861,0.0000,1.1885,3.5220,0.6000,2.9220,12.4109,9.9955,-3.6374,5401.0180,NA,NA,NA
python.exe,22256,0x0,Other,-1,0,0,Composed: Copy with GPU GDI,2026-8-20 19:20:23.865714700,6.6836,6.6836,0.0000,0.4312,6.6220,0.5071,6.1149,NA,NA,NA,NA,NA,NA,NA
python.exe,22256,0x0,Other,-1,0,0,Composed: Copy with GPU GDI,2026-8-20 19:20:23.872398300,5.1918,5.1918,0.0000,0.3745,5.1368,0.5076,4.6292,NA,NA,NA,NA,NA,NA,NA
python.exe,22256,0x0,Other,0,0,1,Hardware: Legacy Flip,2026-8-20 19:20:23.877590100,5.2119,5.2119,0.0000,0.3242,4.9523,0.1330,4.8193,6.2449,13.6850,6.1660,5417.1795,NA,NA,NA
python.exe,22256,0x0,Other,-1,0,0,Composed: Copy with GPU GDI,2026-8-20 19:20:23.882802000,0.9749,0.9749,0.0000,0.0646,1.5590,1.5590,0.0000,NA,NA,NA,NA,NA,NA,NA
python.exe,22256,0x0,Other,-1,0,0,Composed: Copy with GPU GDI,2026-8-20 19:20:23.883776900,10.9500,10.9500,0.0000,0.6533,10.5322,0.4105,10.1217,NA,NA,NA,NA,NA,NA,NA
python.exe,22256,0x0,Other,0,0,1,Hardware: Legacy Flip,2026-8-20 19:20:23.894726900,1.4280,1.4280,0.0000,0.2421,1.2196,0.1439,1.0757,2.7931,6.6508,3.4518,5434.3163,NA,NA,NA
python.exe,22256,0x0,Other,-1,0,0,Composed: Copy with GPU GDI,2026-8-20 19:20:23.896154900,0.4363,0.4363,0.0000,0.0337,1.7920,1.7920,0.0000,8.0159,7.9388,-5.2228,5435.7443,NA,NA,NA
python.exe,22256,0x0,Other,-1,0,0,Composed: Copy with GPU GDI,2026-8-20 19:20:23.896591200,8.0735,8.0735,0.0000,1.3929,6.8943,0.4905,6.4038,NA,NA,NA,NA,NA,NA,NA
python.exe,22256,0x0,Other,-1,0,0,Composed: Copy with GPU GDI,2026-8-20 19:20:23.904664700,2.9236,2.9236,0.0000,0.2179,2.8120,0.2468,2.5652,NA,NA,NA,NA,NA,NA,NA
python.exe,22256,0x0,Other,0,0,1,Hardware: Legacy Flip,2026-8-20 19:20:23.907588300,3.2893,3.2893,0.0000,0.1110,3.2141,0.1353,3.0788,4.5213,16.3739,3.4946,5447.1777,NA,NA,NA
python.exe,22256,0x0,Other,-1,0,0,Composed: Copy with GPU GDI,2026-8-20 19:20:23.910877600,5.0414,5.0414,0.0000,0.0358,5.2413,1.4868,3.7545,17.6059,0.2584,-13.0846,5450.4670,NA,NA,NA
python.exe,22256,0x0,Other,-1,0,0,Composed: Copy with GPU GDI,2026-8-20 19:20:23.915919000,3.6236,3.6236,0.0000,0.2406,3.5750,0.3037,3.2713,NA,NA,NA,NA,NA,NA,NA
python.exe,22256,0x0,Other,0,0,1,Hardware: Legacy Flip,2026-8-20 19:20:23.919542600,7.9653,7.9653,0.0000,0.1964,7.8976,0.2400,7.6576,9.1993,11.9114,8.4066,5459.1320,NA,NA,NA
python.exe,22256,0x0,Other,-1,0,0,Composed: Copy with GPU GDI,2026-8-20 19:20:23.927507900,0.4484,0.4484,0.0000,0.1287,1.5194,1.5194,0.0000,NA,NA,NA,NA,NA,NA,NA
python.exe,22256,0x0,Other,-1,0,0,Composed: Copy with GPU GDI,2026-8-20 19:20:23.927956300,3.9873,3.9873,0.0000,1.2034,3.0080,0.3247,2.6833,12.6970,11.0968,-3.4977,5467.5457,NA,NA,NA
python.exe,22256,0x0,Other,-1,0,0,Composed: Copy with GPU GDI,2026-8-20 19:20:23.931943600,7.5083,7.5083,0.0000,0.2276,7.4670,0.3051,7.1619,NA,NA,NA,NA,NA,NA,NA
python.exe,22256,0x0,Other,-1,0,0,Composed: Copy with GPU GDI,2026-8-20 19:20:23.939451900,4.3060,4.3060,0.0000,0.1906,4.2183,0.2623,3.9560,NA,NA,NA,NA,NA,NA,NA
python.exe,22256,0x0,Other,0,0,1,Hardware: Legacy Flip,2026-8-20 19:20:23.943757900,6.8531,6.8531,0.0000,0.1064,6.8840,0.2686,6.6154,7.9922,12.2461,4.7048,5483.3473,NA,NA,NA
python.exe,22256,0x0,Other,-1,0,0,Composed: Copy with GPU GDI,2026-8-20 19:20:23.950611000,1.3293,1.3293,0.0000,0.1373,1.9448,1.8293,0.1155,NA,NA,NA,NA,NA,NA,NA
python.exe,22256,0x0,Other,-1,0,0,Composed: Copy with GPU GDI,2026-8-20 19:20:23.951940300,10.1714,10.1714,0.0000,0.7568,9.7355,0.5086,9.2269,NA,NA,NA,NA,NA,NA,NA
python.exe,22256,0x0,Other,0,0,1,Hardware: Legacy Flip,2026-8-20 19:20:23.962111700,0.4101,0.4101,0.0000,0.3247,0.1090,0.0791,0.0299,1.8845,6.9693,6.1077,5501.7011,NA,NA,NA
python.exe,22256,0x0,Other,-1,0,0,Composed: Copy with GPU GDI,2026-8-20 19:20:23.962521800,0.7601,0.7601,0.0000,0.0236,1.8708,1.8708,0.0000,8.4437,6.2988,-6.5592,5502.1112,NA,NA,NA
python.exe,22256,0x0,Other,-1,0,0,Composed: Copy with GPU GDI,2026-8-20 19:20:23.963281900,9.3888,9.3888,0.0000,1.1381,8.6114,0.4980,8.1134,NA,NA,NA,NA,NA,NA,NA
python.exe,22256,0x0,Other,-1,0,0,Composed: Copy with GPU GDI,2026-8-20 19:20:23.972670700,1.7140,1.7140,0.0000,0.3647,1.4893,0.2621,1.2272,NA,NA,NA,NA,NA,NA,NA
python.exe,22256,0x0,Other,0,0,1,Hardware: Legacy Flip,2026-8-20 19:20:23.974384700,1.6427,1.6427,0.0000,0.1438,1.5213,0.0739,1.4474,2.8796,17.9020,5.5641,5513.9741,NA,NA,NA
python.exe,22256,0x0,Other,-1,0,0,Composed: Copy with GPU GDI,2026-8-20 19:20:23.976027400,7.9934,7.9934,0.0000,0.0224,8.3054,1.5740,6.7314,NA,NA,NA,NA,NA,NA,NA
python.exe,22256,0x0,Other,-1,0,0,Composed: Copy with GPU GDI,2026-8-20 19:20:23.984020800,2.1536,2.1536,0.0000,0.3380,2.2930,0.6074,1.6856,11.1455,0.4683,-8.2659,5523.6102,NA,NA,NA
python.exe,22256,0x0,Other,0,0,1,Hardware: Legacy Flip,2026-8-20 19:20:23.986174400,8.4077,8.4077,0.0000,0.4847,7.9710,0.1001,7.8709,9.4602,11.7039,1.6853,5525.7638,NA,NA,NA
python.exe,22256,0x0,Other,-1,0,0,Composed: Copy with GPU GDI,2026-8-20 19:20:23.994582100,1.4317,1.4317,0.0000,0.0480,1.6847,1.4017,0.2830,NA,NA,NA,NA,NA,NA,NA
python.exe,22256,0x0,Other,-1,0,0,Composed: Copy with GPU GDI,2026-8-20 19:20:23.996013800,2.6551,2.6551,0.0000,0.3058,2.7536,0.5511,2.2025,11.3247,10.0678,-1.8645,5535.6032,NA,NA,NA
python.exe,22256,0x0,Other,-1,0,0,Composed: Copy with GPU GDI,2026-8-20 19:20:23.998668900,7.2480,7.2480,0.0000,0.4138,7.0445,0.3666,6.6779,NA,NA,NA,NA,NA,NA,NA
python.exe,22256,0x0,Other,-1,0,0,Composed: Copy with GPU GDI,2026-8-20 19:20:24.005916900,4.4044,4.4044,0.0000,0.2135,4.6218,0.6026,4.0192,NA,NA,NA,NA,NA,NA,NA
python.exe,22256,0x0,Other,0,0,1,Hardware: Legacy Flip,2026-8-20 19:20:24.010321300,5.7503,5.7503,0.0000,0.4358,5.3962,0.1646,5.2316,7.0850,12.6879,4.2397,5549.9107,NA,NA,NA
python.exe,22256,0x0,Other,-1,0,0,Composed: Copy with GPU GDI,2026-8-20 19:20:24.016071600,1.1767,1.1767,0.0000,0.0817,1.4397,1.4397,0.0000,NA,NA,NA,NA,NA,NA,NA
python.exe,22256,0x0,Other,-1,0,0,Composed: Copy with GPU GDI,2026-8-20 19:20:24.017248300,4.6131,4.6131,0.0000,0.3501,4.4237,0.2834,4.1403,NA,NA,NA,NA,NA,NA,NA
python.exe,22256,0x0,Other,0,0,1,Hardware: Legacy Flip,2026-8-20 19:20:24.021861400,7.2003,7.2003,0.0000,0.1643,7.0881,0.2107,6.8774,8.2328,13.5983,-1.1478,5561.4508,NA,NA,NA
python.exe,22256,0x0,Other,-1,0,0,Composed: Copy with GPU GDI,2026-8-20 19:20:24.029061700,0.6761,0.6761,0.0000,0.0521,1.5839,1.5839,0.0000,14.6308,1.1153,-6.3980,5568.6511,NA,NA,NA
python.exe,22256,0x0,Other,-1,0,0,Composed: Copy with GPU GDI,2026-8-20 19:20:24.029737800,8.9231,8.9231,0.0000,0.9635,8.3207,0.6952,7.6255,NA,NA,NA,NA,NA,NA,NA
python.exe,22256,0x0,Other,-1,0,0,Composed: Copy with GPU GDI,2026-8-20 19:20:24.038660900,1.8580,1.8580,0.0000,0.3666,1.6607,0.2972,1.3635,NA,NA,NA,NA,NA,NA,NA
python.exe,22256,0x0,Other,0,0,1,Hardware: Legacy Flip,2026-8-20 19:20:24.040518900,2.8225,2.8225,0.0000,0.1721,2.7054,0.1042,2.6012,4.2889,17.1487,10.3419,5580.1083,NA,NA,NA
python.exe,22256,0x0,Other,-1,0,0,Composed: Copy with GPU GDI,2026-8-20 19:20:24.043341400,8.8243,8.8243,0.0000,0.0550,9.4364,2.1301,7.3063,NA,NA,NA,NA,NA,NA,NA
python.exe,22256,0x0,Other,-1,0,0,Composed: Copy with GPU GDI,2026-8-20 19:20:24.052165700,0.7609,0.7609,0.0000,1.3227,0.6585,0.6585,0.0000,9.7908,1.7291,-5.5019,5591.7551,NA,NA,NA
python.exe,22256,0x0,Other,0,0,1,Hardware: Legacy Flip,2026-8-20 19:20:24.052926600,9.4581,9.4581,0.0000,0.5678,8.9920,0.2385,8.7535,10.7590,10.3389,-0.9682,5592.5160,NA,NA,NA
python.exe,22256,0x0,Other,-1,0,0,Composed: Copy with GPU GDI,2026-8-20 19:20:24.062384700,0.8953,0.8953,0.0000,0.1017,1.7238,1.7238,0.0000,NA,NA,NA,NA,NA,NA,NA
python.exe,22256,0x0,Other,-1,0,0,Composed: Copy with GPU GDI,2026-8-20 19:20:24.063280000,1.8574,1.8574,0.0000,0.9331,1.5917,0.8204,0.7713,10.7445,12.1365,0.0145,5602.8694,NA,NA,NA
python.exe,22256,0x0,Other,-1,0,0,Composed: Copy with GPU GDI,2026-8-20 19:20:24.065137400,8.3012,8.3012,0.0000,0.6710,7.9164,0.4465,7.4699,21.0236,1.3528,-10.2791,5604.7268,NA,NA,NA
python.exe,22256,0x0,Other,-1,0,0,Composed: Copy with GPU GDI,2026-8-20 19:20:24.073438600,4.3085,4.3085,0.0000,0.2891,4.6851,0.9025,3.7826,NA,NA,NA,NA,NA,NA,NA
python.exe,22256,0x0,Other,0,0,1,Hardware: Legacy Flip,2026-8-20 19:20:24.077747100,8.6027,8.6027,0.0000,0.6718,8.0812,0.2547,7.8265,9.7667,8.5050,11.2569,5617.3365,NA,NA,NA
python.exe,22256,0x0,Other,-1,0,0,Composed: Copy with GPU GDI,2026-8-20 19:20:24.086349800,0.9693,0.9693,0.0000,0.1503,1.6080,1.6080,0.0000,NA,NA,NA,NA,NA,NA,NA
python.exe,22256,0x0,Other,-1,0,0,Composed: Copy with GPU GDI,2026-8-20 19:20:24.087319100,6.7169,6.7169,0.0000,0.7932,6.7246,0.9436,5.7810,NA,NA,NA,NA,NA,NA,NA
python.exe,22256,0x0,Other,0,0,1,Hardware: Legacy Flip,2026-8-20 19:20:24.094036000,0.8901,0.8901,0.0000,0.8070,0.1003,0.0821,0.0182,1.9828,14.4213,7.7839,5633.6254,NA,NA,NA
python.exe,22256,0x0,Other,-1,0,0,Composed: Copy with GPU GDI,2026-8-20 19:20:24.094926100,0.7992,0.7992,0.0000,0.0172,1.6798,1.6798,0.0000,15.5140,0.6975,-13.5312,5634.5155,NA,NA,NA
python.exe,22256,0x0,Other,-1,0,0,Composed: Copy with GPU GDI,2026-8-20 19:20:24.095725300,10.0793,10.0793,0.0000,0.9037,9.4296,0.3797,9.0499,NA,NA,NA,NA,NA,NA,NA
python.exe,22256,0x0,Other,-1,0,0,Composed: Copy with GPU GDI,2026-8-20 19:20:24.105804600,2.5811,2.5811,0.0000,0.2740,2.9009,0.7413,2.1596,NA,NA,NA,NA,NA,NA,NA
python.exe,22256,0x0,Other,0,0,1,Hardware: Legacy Flip,2026-8-20 19:20:24.108385700,1.4778,1.4778,0.0000,0.5989,0.9550,0.1406,0.8144,2.7519,17.5171,12.7621,5647.9751,NA,NA,NA
python.exe,22256,0x0,Other,-1,0,0,Composed: Copy with GPU GDI,2026-8-20 19:20:24.109863500,8.6366,8.6366,0.0000,0.0761,8.9312,1.6218,7.3094,NA,NA,NA,NA,NA,NA,NA
python.exe,22256,0x0,Other,-1,0,0,Composed: Copy with GPU GDI,2026-8-20 19:20:24.118500100,0.8554,0.8554,0.0000,0.3764,1.2209,0.8939,0.3270,10.1546,3.1663,-7.4027,5658.0895,NA,NA,NA
python.exe,22256,0x0,Other,0,0,1,Hardware: Legacy Flip,2026-8-20 19:20:24.119355500,11.2796,11.2796,0.0000,0.7466,10.5967,0.1260,10.4707,12.4655,8.9704,-2.3109,5658.9449,NA,NA,NA
python.exe,22256,0x0,Other,-1,0,0,Composed: Copy with GPU GDI,2026-8-20 19:20:24.130635100,0.2389,0.2389,0.0000,0.0637,1.1559,1.1559,0.0000,10.1563,2.3617,2.3092,5670.2245,NA,NA,NA
python.exe,22256,0x0,Other,-1,0,0,Composed: Copy with GPU GDI,2026-8-20 19:20:24.130874000,8.6312,8.6312,0.0000,0.9840,8.1995,0.8773,7.3222,NA,NA,NA,NA,NA,NA,NA
python.exe,22256,0x0,Other,0,0,1,Hardware: Legacy Flip,2026-8-20 19:20:24.139505200,2.5636,2.5636,0.0000,0.5575,2.0349,0.1016,1.9333,3.6479,15.8618,6.5084,5679.0946,NA,NA,NA
python.exe,22256,0x0,Other,-1,0,0,Composed: Copy with GPU GDI,2026-8-20 19:20:24.142068800,1.5279,1.5279,0.0000,0.0288,1.7690,1.3833,0.3857,16.9461,4.6028,-13.2982,5681.6582,NA,NA,NA
python.exe,22256,0x0,Other,-1,0,0,Composed: Copy with GPU GDI,2026-8-20 19:20:24.143596700,8.2069,8.2069,0.0000,0.2746,8.1802,0.4008,7.7794,NA,NA,NA,NA,NA,NA,NA
python.exe,22256,0x0,Other,-1,0,0,Composed: Copy with GPU GDI,2026-8-20 19:20:24.151803600,9.8375,9.8375,0.0000,0.2511,9.8881,0.5756,9.3125,NA,NA,NA,NA,NA,NA,NA
python.exe,22256,0x0,Other,0,0,1,Hardware: Legacy Flip,2026-8-20 19:20:24.161641100,0.5264,0.5264,0.0000,0.3049,0.2960,0.1428,0.1532,1.9766,7.5005,14.9695,5701.2305,NA,NA,NA
python.exe,22256,0x0,Other,-1,0,0,Composed: Copy with GPU GDI,2026-8-20 19:20:24.162167500,0.2683,0.2683,0.0000,0.0745,1.4429,1.4429,0.0000,8.9507,7.4536,-6.9741,5701.7569,NA,NA,NA
python.exe,22256,0x0,Other,-1,0,0,Composed: Copy with GPU GDI,2026-8-20 19:20:24.162435800,12.4218,12.4218,0.0000,1.2520,11.2901,0.3430,10.9471,NA,NA,NA,NA,NA,NA,NA
python.exe,22256,0x0,Other,-1,0,0,Composed: Copy with GPU GDI,2026-8-20 19:20:24.174857600,1.0939,1.0939,0.0000,0.1247,1.0671,0.2109,0.8562,NA,NA,NA,NA,NA,NA,NA
python.exe,22256,0x0,Other,0,0,1,Hardware: Legacy Flip,2026-8-20 19:20:24.175951500,1.0796,1.0796,0.0000,0.1015,1.1590,0.2685,0.8905,2.6203,16.8653,6.3304,5715.5409,NA,NA,NA
python.exe,22256,0x0,Other,-1,0,0,Composed: Copy with GPU GDI,2026-8-20 19:20:24.177031100,6.8922,6.8922,0.0000,0.1809,7.3736,2.0813,5.2923,NA,NA,NA,NA,NA,NA,NA
python.exe,22256,0x0,Other,-1,0,0,Composed: Copy with GPU GDI,2026-8-20 19:20:24.183923300,2.5614,2.5614,0.0000,0.6673,2.0429,0.3742,1.6687,11.5138,1.5397,-8.8935,5723.5127,NA,NA,NA
python.exe,22256,0x0,Other,-1,0,0,Composed: Copy with GPU GDI,2026-8-20 19:20:24.186484700,8.5171,8.5171,0.0000,0.1526,8.7810,0.5657,8.2153,NA,NA,NA,NA,NA,NA,NA
python.exe,22256,0x0,Other,0,0,1,Hardware: Legacy Flip,2026-8-20 19:20:24.195001800,0.5890,0.5890,0.0000,0.4165,0.2597,0.2597,0.0000,1.9750,16.7402,9.5388,5734.5912,NA,NA,NA
python.exe,22256,0x0,Other,-1,0,0,Composed: Copy with GPU GDI,2026-8-20 19:20:24.195590800,3.8320,3.8320,0.0000,0.0872,4.0611,1.7830,2.2781,18.1262,4.5400,-16.1512,5735.1802,NA,NA,NA
python.exe,22256,0x0,Other,-1,0,0,Composed: Copy with GPU GDI,2026-8-20 19:20:24.199422800,7.2287,7.2287,0.0000,0.3208,7.1950,0.4425,6.7525,NA,NA,NA,NA,NA,NA,NA
python.exe,22256,0x0,Other,-1,0,0,Composed: Copy with GPU GDI,2026-8-20 19:20:24.206651500,4.6716,4.6716,0.0000,0.2899,4.8769,0.8669,4.0100,NA,NA,NA,NA,NA,NA,NA
python.exe,22256,0x0,Other,0,0,1,Hardware: Legacy Flip,2026-8-20 19:20:24.211323100,5.3786,5.3786,0.0000,0.4983,4.9459,0.1264,4.8195,6.9339,13.2841,11.1923,5750.9125,NA,NA,NA
python.exe,22256,0x0,Other,-1,0,0,Composed: Copy with GPU GDI,2026-8-20 19:20:24.216701700,0.6999,0.6999,0.0000,0.0656,1.8969,1.8969,0.0000,NA,NA,NA,NA,NA,NA,NA
python.exe,22256,0x0,Other,-1,0,0,Composed: Copy with GPU GDI,2026-8-20 19:20:24.217401600,11.6741,11.6741,0.0000,1.2657,11.0862,0.9068,10.1794,NA,NA,NA,NA,NA,NA,NA
python.exe,22256,0x0,Other,0,0,1,Hardware: Legacy Flip,2026-8-20 19:20:24.229075700,1.1179,1.1179,0.0000,0.6823,0.6684,0.2949,0.3735,2.4654,6.3026,4.4685,5768.6651,NA,NA,NA
python.exe,22256,0x0,Other,-1,0,0,Composed: Copy with GPU GDI,2026-8-20 19:20:24.230193600,0.5986,0.5986,0.0000,0.2328,1.1666,1.1666,0.0000,7.6501,7.0593,-5.1847,5769.7830,NA,NA,NA
python.exe,22256,0x0,Other,-1,0,0,Composed: Copy with GPU GDI,2026-8-20 19:20:24.230792200,8.5219,8.5219,0.0000,0.8036,8.1885,0.6208,7.5677,NA,NA,NA,NA,NA,NA,NA
python.exe,22256,0x0,Other,-1,0,0,Composed: Copy with GPU GDI,2026-8-20 19:20:24.239314100,2.8158,2.8158,0.0000,0.4751,2.7473,0.5627,2.1846,NA,NA,NA,NA,NA,NA,NA
python.exe,22256,0x0,Other,0,0,1,Hardware: Legacy Flip,2026-8-20 19:20:24.242129900,1.5051,1.5051,0.0000,0.4097,1.1188,0.0763,1.0425,2.7731,17.2428,4.8770,5781.7193,NA,NA,NA
python.exe,22256,0x0,Other,-1,0,0,Composed: Copy with GPU GDI,2026-8-20 19:20:24.243635000,7.0062,7.0062,0.0000,0.0234,7.1837,1.8175,5.3662,NA,NA,NA,NA,NA,NA,NA
python.exe,22256,0x0,Other,-1,0,0,Composed: Copy with GPU GDI,2026-8-20 19:20:24.250641200,1.3141,1.3141,0.0000,0.2056,1.3579,0.3995,0.9584,11.5046,2.3609,-8.7315,5790.2306,NA,NA,NA
python.exe,22256,0x0,Other,-1,0,0,Composed: Copy with GPU GDI,2026-8-20 19:20:24.251955300,10.0405,10.0405,0.0000,0.2566,10.6958,0.5446,10.1512,NA,NA,NA,NA,NA,NA,NA
python.exe,22256,0x0,Other,0,0,1,Hardware: Legacy Flip,2026-8-20 19:20:24.261995800,1.3735,1.3735,0.0000,0.8881,0.5946,0.2677,0.3269,2.5109,9.7376,8.9937,5801.5852,NA,NA,NA
python.exe,22256,0x0,Other,-1,0,0,Composed: Copy with GPU GDI,2026-8-20 19:20:24.263369300,1.5493,1.5493,0.0000,0.1092,1.6888,1.2948,0.3940,10.8750,4.0549,-8.3641,5802.9587,NA,NA,NA
python.exe,22256,0x0,Other,-1,0,0,Composed: Copy with GPU GDI,2026-8-20 19:20:24.264918600,8.3831,8.3831,0.0000,0.2613,8.2824,0.3270,7.9554,NA,NA,NA,NA,NA,NA,NA
python.exe,22256,0x0,Other,0,0,1,Hardware: Legacy Flip,2026-8-20 19:20:24.273301700,3.8211,3.8211,0.0000,0.1642,3.6839,0.0965,3.5874,4.9975,14.1323,5.8775,5812.8911,NA,NA,NA
python.exe,22256,0x0,Other,-1,0,0,Composed: Copy with GPU GDI,2026-8-20 19:20:24.277122800,0.3579,0.3579,0.0000,0.0270,1.6533,1.6533,0.0000,15.3087,4.5519,-10.3112,5816.7122,NA,NA,NA
python.exe,22256,0x0,Other,-1,0,0,Composed: Copy with GPU GDI,2026-8-20 19:20:24.277480700,6.7503,6.7503,0.0000,1.3260,5.6709,0.4001,5.2708,NA,NA,NA,NA,NA,NA,NA
python.exe,22256,0x0,Other,-1,0,0,Composed: Copy with GPU GDI,2026-8-20 19:20:24.284231000,5.0027,5.0027,0.0000,0.2498,5.4723,1.0304,4.4419,NA,NA,NA,NA,NA,NA,NA
python.exe,22256,0x0,Other,-1,0,0,Composed: Copy with GPU GDI,2026-8-20 19:20:24.289233700,6.1398,6.1398,0.0000,6.5421,0.0358,0.0358,0.0000,NA,NA,NA,NA,NA,NA,NA
python.exe,22256,0x0,Other,0,0,1,Hardware: Legacy Flip,2026-8-20 19:20:24.295373500,0.1886,0.1886,0.0000,0.0000,5.8110,0.6305,5.1805,1.6099,13.0660,13.6988,5834.9629,NA,NA,NA
python.exe,22256,0x0,Other,-1,0,0,Composed: Copy with GPU GDI,2026-8-20 19:20:24.295562100,9.3941,9.3941,0.0000,0.2495,9.3553,1.3503,8.0050,NA,NA,NA,NA,NA,NA,NA
python.exe,22256,0x0,Other,-1,0,0,Composed: Copy with GPU GDI,2026-8-20 19:20:24.304956200,2.7702,2.7702,0.0000,0.2161,2.9954,0.6008,2.3946,NA,NA,NA,NA,NA,NA,NA
python.exe,22256,0x0,Other,0,0,1,Hardware: Legacy Flip,2026-8-20 19:20:24.307726400,1.1847,1.1847,0.0000,0.4470,0.8365,0.2164,0.6201,2.3230,18.8358,-0.7131,5847.3158,NA,NA,NA
python.exe,22256,0x0,Other,-1,0,0,Composed: Copy with GPU GDI,2026-8-20 19:20:24.308911100,9.4932,9.4932,0.0000,0.0988,10.0081,1.6124,8.3957,NA,NA,NA,NA,NA,NA,NA
python.exe,22256,0x0,Other,-1,0,0,Composed: Copy with GPU GDI,2026-8-20 19:20:24.318404300,0.9923,0.9923,0.0000,0.6210,0.7823,0.5152,0.2671,10.4809,2.8691,-8.1579,5857.9937,NA,NA,NA
python.exe,22256,0x0,Other,-1,0,0,Composed: Copy with GPU GDI,2026-8-20 19:20:24.319396600,9.1224,9.1224,0.0000,0.4147,9.2523,0.6522,8.6001,NA,NA,NA,NA,NA,NA,NA
python.exe,22256,0x0,Other,0,0,1,Hardware: Legacy Flip,2026-8-20 19:20:24.328519000,1.9073,1.9073,0.0000,0.5502,1.4456,0.1839,1.2617,3.2353,13.8243,7.2456,5868.1084,NA,NA,NA
python.exe,22256,0x0,Other,-1,0,0,Composed: Copy with GPU GDI,2026-8-20 19:20:24.330426300,1.5091,1.5091,0.0000,0.0885,2.0731,2.0515,0.0216,NA,NA,NA,NA,NA,NA,NA
python.exe,22256,0x0,Other,-1,0,0,Composed: Copy with GPU GDI,2026-8-20 19:20:24.331935400,7.4409,7.4409,0.0000,0.6568,7.1795,0.5196,6.6599,NA,NA,NA,NA,NA,NA,NA
python.exe,22256,0x0,Other,-1,0,0,Composed: Copy with GPU GDI,2026-8-20 19:20:24.339376300,4.1641,4.1641,0.0000,0.4001,4.1713,0.5381,3.6332,NA,NA,NA,NA,NA,NA,NA
python.exe,22256,0x0,Other,0,0,1,Hardware: Legacy Flip,2026-8-20 19:20:24.343540400,0.6717,0.6717,0.0000,0.4107,0.2792,0.0661,0.2131,2.0382,19.6442,1.1971,5883.1298,NA,NA,NA
python.exe,22256,0x0,Other,-1,0,0,Composed: Copy with GPU GDI,2026-8-20 19:20:24.344212100,8.7821,8.7821,0.0000,0.0182,8.9520,1.6001,7.3519,21.0107,0.3448,-18.9725,5883.8015,NA,NA,NA
python.exe,22256,0x0,Other,-1,0,0,Composed: Copy with GPU GDI,2026-8-20 19:20:24.352994200,10.4721,10.4721,0.0000,0.1911,10.6083,0.5213,10.0870,NA,NA,NA,NA,NA,NA,NA
python.exe,22256,0x0,Other,-1,0,0,Composed: Copy with GPU GDI,2026-8-20 19:20:24.363466300,0.8266,0.8266,0.0000,1.0155,0.0123,0.0123,0.0000,NA,NA,NA,NA,NA,NA,NA
python.exe,22256,0x0,Other,0,0,1,Hardware: Legacy Flip,2026-8-20 19:20:24.364292900,0.1148,0.1148,0.0000,0.0000,0.6835,0.3378,0.3457,1.2747,17.8527,19.7360,5903.8823,NA,NA,NA
python.exe,22256,0x0,Other,-1,0,0,Composed: Copy with GPU GDI,2026-8-20 19:20:24.364407700,7.9020,7.9020,0.0000,0.0864,8.0837,1.5916,6.4921,NA,NA,NA,NA,NA,NA,NA
python.exe,22256,0x0,Other,-1,0,0,Composed: Copy with GPU GDI,2026-8-20 19:20:24.372309700,1.1786,1.1786,0.0000,0.2724,1.2397,0.4805,0.7592,11.1106,35.9631,-9.8359,5911.8991,NA,NA,NA
python.exe,22256,0x0,Other,-1,0,0,Composed: Copy with GPU GDI,2026-8-20 19:20:24.373488300,43.6927,43.6927,0.0000,0.3378,43.8043,0.5384,43.2659,NA,NA,NA,NA,NA,NA,NA
python.exe,22256,0x0,Other,0,0,1,Hardware: Legacy Flip,2026-8-20 19:20:24.417181000,0.6561,0.6561,0.0000,0.4558,0.3164,0.1835,0.1329,2.2024,3.2476,8.9082,5956.7704,NA,NA,NA
python.exe,22256,0x0,Other,-1,0,0,Composed: Copy with GPU GDI,2026-8-20 19:20:24.417837100,2.8700,2.8700,0.0000,3.1663,0.4989,0.4989,0.0000,NA,NA,NA,NA,NA,NA,NA
python.exe,22256,0x0,Other,0,0,1,Hardware: Legacy Flip,2026-8-20 19:20:24.420707100,0.2777,0.2777,0.0000,0.0000,3.0502,1.6185,1.4317,1.9239,7.2944,0.2785,5960.2965,NA,NA,NA
python.exe,22256,0x0,Other,-1,0,0,Composed: Copy with GPU GDI,2026-8-20 19:20:24.420984800,6.0149,6.0149,0.0000,0.5175,5.6466,1.3941,4.2525,NA,NA,NA,NA,NA,NA,NA
python.exe,22256,0x0,Other,0,0,1,Hardware: Legacy Flip,2026-8-20 19:20:24.426999700,1.6227,1.6227,0.0000,0.1533,1.5143,0.1762,1.3381,2.9257,14.1957,-1.0018,5966.5891,NA,NA,NA
python.exe,22256,0x0,Other,-1,0,0,Composed: Copy with GPU GDI,2026-8-20 19:20:24.428622400,0.5801,0.5801,0.0000,0.0449,1.3715,1.3715,0.0000,15.4987,6.1646,-12.5730,5968.2118,NA,NA,NA
python.exe,22256,0x0,Other,-1,0,0,Composed: Copy with GPU GDI,2026-8-20 19:20:24.429202500,9.1821,9.1821,0.0000,0.8395,8.5864,0.5723,8.0141,NA,NA,NA,NA,NA,NA,NA
python.exe,22256,0x0,Other,-1,0,0,Composed: Copy with GPU GDI,2026-8-20 19:20:24.438384600,2.4909,2.4909,0.0000,0.2483,2.3982,0.3190,2.0792,11.9011,4.4389,3.5976,5977.9740,NA,NA,NA
python.exe,22256,0x0,Other,0,0,1,Hardware: Legacy Flip,2026-8-20 19:20:24.440875500,12.1947,12.1947,0.0000,0.1589,12.1673,0.2143,11.9530,13.8491,7.5667,-1.9480,5980.4649,NA,NA,NA
python.exe,22256,0x0,Other,-1,0,0,Composed: Copy with GPU GDI,2026-8-20 19:20:24.453070200,0.4633,0.4633,0.0000,0.1315,1.5762,1.5762,0.0000,NA,NA,NA,NA,NA,NA,NA
python.exe,22256,0x0,Other,-1,0,0,Composed: Copy with GPU GDI,2026-8-20 19:20:24.453533500,0.8788,0.8788,0.0000,1.2479,0.0063,0.0063,0.0000,8.7578,0.4014,5.0913,5993.1229,NA,NA,NA
python.exe,22256,0x0,Other,0,0,1,Hardware: Legacy Flip,2026-8-20 19:20:24.454412300,6.9207,6.9207,0.0000,0.3750,6.5765,0.1427,6.4338,8.2804,11.7303,0.4774,5994.0017,NA,NA,NA
python.exe,22256,0x0,Other,-1,0,0,Composed: Copy with GPU GDI,2026-8-20 19:20:24.461333000,1.6522,1.6522,0.0000,0.0308,1.9353,1.6568,0.2785,NA,NA,NA,NA,NA,NA,NA
python.exe,22256,0x0,Other,-1,0,0,Composed: Copy with GPU GDI,2026-8-20 19:20:24.462985200,1.3370,1.3370,0.0000,0.3365,1.3019,0.4663,0.8356,11.4378,11.4215,-3.1574,6002.5746,NA,NA,NA
python.exe,22256,0x0,Other,-1,0,0,Composed: Copy with GPU GDI,2026-8-20 19:20:24.464322200,7.7931,7.7931,0.0000,0.3155,7.6380,0.3018,7.3362,NA,NA,NA,NA,NA,NA,NA
python.exe,22256,0x0,Other,-1,0,0,Composed: Copy with GPU GDI,2026-8-20 19:20:24.472115300,12.0179,12.0179,0.0000,12.5209,0.0110,0.0110,0.0000,NA,NA,NA,NA,NA,NA,NA
python.exe,22256,0x0,Other,0,0,1,Hardware: Legacy Flip,2026-8-20 19:20:24.484133200,0.4416,0.4416,0.0000,0.0000,12.3570,0.7325,11.6245,1.7113,6.8386,9.7265,6023.7226,NA,NA,NA
python.exe,22256,0x0,Other,-1,0,0,Composed: Copy with GPU GDI,2026-8-20 19:20:24.484574800,0.3885,0.3885,0.0000,0.0724,1.3922,1.3922,0.0000,8.1083,4.7187,-6.3970,6024.1642,NA,NA,NA
python.exe,22256,0x0,Other,-1,0,0,Composed: Copy with GPU GDI,2026-8-20 19:20:24.484963300,9.5872,9.5872,0.0000,1.0826,8.8145,0.5889,8.2256,NA,NA,NA,NA,NA,NA,NA
python.exe,22256,0x0,Other,0,0,1,Hardware: Legacy Flip,2026-8-20 19:20:24.494550500,1.7701,1.7701,0.0000,0.3132,1.4991,0.1370,1.3621,2.8513,7.5557,5.2570,6034.1399,NA,NA,NA
python.exe,22256,0x0,Other,-1,0,0,Composed: Copy with GPU GDI,2026-8-20 19:20:24.496320600,0.4578,0.4578,0.0000,0.0422,1.0911,1.0911,0.0000,8.6369,5.7136,-5.7856,6035.9100,NA,NA,NA
python.exe,22256,0x0,Other,-1,0,0,Composed: Copy with GPU GDI,2026-8-20 19:20:24.496778400,9.9441,9.9441,0.0000,0.6846,9.6558,0.5860,9.0698,NA,NA,NA,NA,NA,NA,NA
python.exe,22256,0x0,Other,-1,0,0,Composed: Copy with GPU GDI,2026-8-20 19:20:24.506722500,0.7541,0.7541,0.0000,0.4002,0.9352,0.7711,0.1641,NA,NA,NA,NA,NA,NA,NA
python.exe,22256,0x0,Other,0,0,1,Hardware: Legacy Flip,2026-8-20 19:20:24.507476600,2.1536,2.1536,0.0000,0.5852,1.5948,0.0987,1.4961,3.1945,18.3974,5.4424,6047.0660,NA,NA,NA
python.exe,22256,0x0,Other,-1,0,0,Composed: Copy with GPU GDI,2026-8-20 19:20:24.509630200,7.6697,7.6697,0.0000,0.0264,8.0161,1.4810,6.5351,NA,NA,NA,NA,NA,NA,NA
python.exe,22256,0x0,Other,-1,0,0,Composed: Copy with GPU GDI,2026-8-20 19:20:24.517299900,2.9473,2.9473,0.0000,0.3770,3.0506,0.6437,2.4069,11.7686,1.2991,-8.5741,6056.8893,NA,NA,NA
python.exe,22256,0x0,Other,0,0,1,Hardware: Legacy Flip,2026-8-20 19:20:24.520247200,9.0887,9.0887,0.0000,0.4939,8.6804,0.2171,8.4633,10.1204,10.8015,1.6482,6059.8366,NA,NA,NA
python.exe,22256,0x0,Other,-1,0,0,Composed: Copy with GPU GDI,2026-8-20 19:20:24.529335900,0.3469,0.3469,0.0000,0.0856,1.4850,1.4850,0.0000,NA,NA,NA,NA,NA,NA,NA
python.exe,22256,0x0,Other,-1,0,0,Composed: Copy with GPU GDI,2026-8-20 19:20:24.529682800,2.7381,2.7381,0.0000,1.2293,1.7165,0.3410,1.3755,11.4863,3.4051,-1.3659,6069.2722,NA,NA,NA
python.exe,22256,0x0,Other,-1,0,0,Composed: Copy with GPU GDI,2026-8-20 19:20:24.532420900,8.4778,8.4778,0.0000,0.2112,8.5227,0.4503,8.0724,NA,NA,NA,NA,NA,NA,NA
python.exe,22256,0x0,Other,0,0,1,Hardware: Legacy Flip,2026-8-20 19:20:24.540898700,2.0894,2.0894,0.0000,0.2602,1.8559,0.0851,1.7708,3.6755,14.8373,7.8108,6080.4881,NA,NA,NA
python.exe,22256,0x0,Other,-1,0,0,Composed: Copy with GPU GDI,2026-8-20 19:20:24.542988100,0.2012,0.2012,0.0000,0.0267,0.4733,0.4733,0.0000,16.4234,4.6317,-12.7479,6082.5775,NA,NA,NA
python.exe,22256,0x0,Other,-1,0,0,Composed: Copy with GPU GDI,2026-8-20 19:20:24.543189300,8.2566,8.2566,0.0000,0.2988,8.6530,2.0945,6.5585,NA,NA,NA,NA,NA,NA,NA
python.exe,22256,0x0,Other,-1,0,0,Composed: Copy with GPU GDI,2026-8-20 19:20:24.551445900,4.1335,4.1335,0.0000,0.6991,4.0331,0.9009,3.1322,NA,NA,NA,NA,NA,NA,NA
python.exe,22256,0x0,Other,0,0,1,Hardware: Legacy Flip,2026-8-20 19:20:24.555579400,7.1286,7.1286,0.0000,0.6040,6.6049,0.1474,6.4575,8.4638,11.5953,7.9596,6095.1688,NA,NA,NA
python.exe,22256,0x0,Other,-1,0,0,Composed: Copy with GPU GDI,2026-8-20 19:20:24.562708000,1.2989,1.2989,0.0000,0.0803,1.6032,1.6032,0.0000,NA,NA,NA,NA,NA,NA,NA
python.exe,22256,0x0,Other,-1,0,0,Composed: Copy with GPU GDI,2026-8-20 19:20:24.564006900,9.0454,9.0454,0.0000,0.3983,9.0232,0.4918,8.5314,NA,NA,NA,NA,NA,NA,NA
python.exe,22256,0x0,Other,0,0,1,Hardware: Legacy Flip,2026-8-20 19:20:24.573052300,1.1349,1.1349,0.0000,0.3817,0.7790,0.0897,0.6893,2.5862,8.0326,5.8776,6112.6417,NA,NA,NA
python.exe,22256,0x0,Other,-1,0,0,Composed: Copy with GPU GDI,2026-8-20 19:20:24.574187200,0.7316,0.7316,0.0000,0.0258,1.6179,1.6179,0.0000,9.4839,12.0976,-6.8977,6113.7766,NA,NA,NA
python.exe,22256,0x0,Other,-1,0,0,Composed: Copy with GPU GDI,2026-8-20 19:20:24.574918800,8.6111,8.6111,0.0000,0.9305,8.5474,0.7010,7.8464,NA,NA,NA,NA,NA,NA,NA
python.exe,22256,0x0,Other,-1,0,0,Composed: Copy with GPU GDI,2026-8-20 19:20:24.583529900,2.6640,2.6640,0.0000,0.8706,1.9880,0.3216,1.6664,12.2388,1.8494,-2.7549,6123.1193,NA,NA,NA
python.exe,22256,0x0,Other,-1,0,0,Composed: Copy with GPU GDI,2026-8-20 19:20:24.586193900,9.2145,9.2145,0.0000,0.1978,9.3614,0.4885,8.8729,NA,NA,NA,NA,NA,NA,NA
python.exe,22256,0x0,Other,0,0,1,Hardware: Legacy Flip,2026-8-20 19:20:24.595408400,0.8756,0.8756,0.0000,0.3473,0.6556,0.1873,0.4683,2.2097,16.3981,10.0291,6134.9978,NA,NA,NA
python.exe,22256,0x0,Other,-1,0,0,Composed: Copy with GPU GDI,2026-8-20 19:20:24.596284000,2.2937,2.2937,0.0000,0.1273,2.6249,1.7353,0.8896,17.7322,5.6296,-15.5225,6135.8734,NA,NA,NA
python.exe,22256,0x0,Other,-1,0,0,Composed: Copy with GPU GDI,2026-8-20 19:20:24.598577700,8.9419,8.9419,0.0000,0.4627,8.8752,0.5429,8.3323,NA,NA,NA,NA,NA,NA,NA
python.exe,22256,0x0,Other,-1,0,0,Composed: Copy with GPU GDI,2026-8-20 19:20:24.607519600,3.1621,3.1621,0.0000,0.3999,2.9228,0.3131,2.6097,NA,NA,NA,NA,NA,NA,NA
python.exe,22256,0x0,Other,0,0,1,Hardware: Legacy Flip,2026-8-20 19:20:24.610681700,7.7509,7.7509,0.0000,0.1860,7.6363,0.1294,7.5069,8.9641,10.9852,8.7681,6150.2711,NA,NA,NA
python.exe,22256,0x0,Other,-1,0,0,Composed: Copy with GPU GDI,2026-8-20 19:20:24.618432600,1.4254,1.4254,0.0000,0.0714,1.6650,1.6650,0.0000,NA,NA,NA,NA,NA,NA,NA
python.exe,22256,0x0,Other,-1,0,0,Composed: Copy with GPU GDI,2026-8-20 19:20:24.619858000,8.2479,8.2479,0.0000,0.3179,8.1774,0.5073,7.6701,NA,NA,NA,NA,NA,NA,NA
python.exe,22256,0x0,Other,-1,0,0,Composed: Copy with GPU GDI,2026-8-20 19:20:24.628105900,0.9843,0.9843,0.0000,1.2500,0.1698,0.1698,0.0000,NA,NA,NA,NA,NA,NA,NA
python.exe,22256,0x0,Other,0,0,1,Hardware: Legacy Flip,2026-8-20 19:20:24.629090200,0.2460,0.2460,0.0000,0.0000,0.9995,0.4237,0.5758,1.5408,19.7222,7.4233,6168.6796,NA,NA,NA
python.exe,22256,0x0,Other,-1,0,0,Composed: Copy with GPU GDI,2026-8-20 19:20:24.629336200,10.9659,10.9659,0.0000,0.1895,11.0712,1.4643,9.6069,NA,NA,NA,NA,NA,NA,NA
python.exe,22256,0x0,Other,-1,0,0,Composed: Copy with GPU GDI,2026-8-20 19:20:24.640302100,0.5466,0.5466,0.0000,0.2978,0.6785,0.5092,0.1693,10.0511,2.0528,-8.5103,6179.8915,NA,NA,NA
python.exe,22256,0x0,Other,0,0,1,Hardware: Legacy Flip,2026-8-20 19:20:24.640848700,10.1948,10.1948,0.0000,0.4352,9.8408,0.1601,9.6807,11.5573,10.0896,-1.5062,6180.4381,NA,NA,NA
python.exe,22256,0x0,Other,-1,0,0,Composed: Copy with GPU GDI,2026-8-20 19:20:24.651043500,0.4672,0.4672,0.0000,0.0812,1.3381,1.3381,0.0000,NA,NA,NA,NA,NA,NA,NA
python.exe,22256,0x0,Other,-1,0,0,Composed: Copy with GPU GDI,2026-8-20 19:20:24.651510700,2.0292,2.0292,0.0000,0.9559,1.2155,0.2436,0.9719,10.9849,1.1657,0.5724,6191.1001,NA,NA,NA
python.exe,22256,0x0,Other,0,0,1,Hardware: Legacy Flip,2026-8-20 19:20:24.653539900,8.5130,8.5130,0.0000,0.1467,8.3910,0.0878,8.3032,10.1214,10.9546,0.8635,6193.1293,NA,NA,NA
python.exe,22256,0x0,Other,-1,0,0,Composed: Copy with GPU GDI,2026-8-20 19:20:24.662052900,0.4412,0.4412,0.0000,0.0247,1.6096,1.6096,0.0000,NA,NA,NA,NA,NA,NA,NA
python.exe,22256,0x0,Other,-1,0,0,Composed: Copy with GPU GDI,2026-8-20 19:20:24.662494100,2.3428,2.3428,0.0000,1.1969,1.5843,0.5686,1.0157,12.1218,3.9511,-2.0004,6202.0835,NA,NA,NA
python.exe,22256,0x0,Other,-1,0,0,Composed: Copy with GPU GDI,2026-8-20 19:20:24.664836900,8.0267,8.0267,0.0000,0.4432,8.1137,0.6646,7.4491,NA,NA,NA,NA,NA,NA,NA
python.exe,22256,0x0,Other,0,0,1,Hardware: Legacy Flip,2026-8-20 19:20:24.672863600,4.5569,4.5569,0.0000,0.5339,4.0553,0.1456,3.9097,5.7034,14.2594,6.4184,6212.4530,NA,NA,NA
python.exe,22256,0x0,Other,-1,0,0,Composed: Copy with GPU GDI,2026-8-20 19:20:24.677420500,0.3537,0.3537,0.0000,0.0323,1.1907,1.1907,0.0000,15.4059,4.0658,-9.7025,6217.0099,NA,NA,NA
python.exe,22256,0x0,Other,-1,0,0,Composed: Copy with GPU GDI,2026-8-20 19:20:24.677774200,7.7296,7.7296,0.0000,0.8717,7.4346,0.7279,6.7067,NA,NA,NA,NA,NA,NA,NA
python.exe,22256,0x0,Other,-1,0,0,Composed: Copy with GPU GDI,2026-8-20 19:20:24.685503800,8.8636,8.8636,0.0000,0.5803,8.4389,0.3225,8.1164,NA,NA,NA,NA,NA,NA,NA
python.exe,22256,0x0,Other,0,0,1,Hardware: Legacy Flip,2026-8-20 19:20:24.694367400,0.9548,0.9548,0.0000,0.1596,0.8756,0.1911,0.6845,2.5248,8.0885,12.8811,6233.9568,NA,NA,NA
python.exe,22256,0x0,Other,-1,0,0,Composed: Copy with GPU GDI,2026-8-20 19:20:24.695322200,0.2761,0.2761,0.0000,0.0804,0.3373,0.3373,0.0000,9.6585,6.6713,-7.1337,6234.9116,NA,NA,NA
python.exe,22256,0x0,Other,-1,0,0,Composed: Copy with GPU GDI,2026-8-20 19:20:24.695598300,11.6706,11.6706,0.0000,0.1416,11.6871,1.3372,10.3499,NA,NA,NA,NA,NA,NA,NA
python.exe,22256,0x0,Other,-1,0,0,Composed: Copy with GPU GDI,2026-8-20 19:20:24.707268900,0.5421,0.5421,0.0000,0.1637,0.6615,0.3895,0.2720,NA,NA,NA,NA,NA,NA,NA
python.exe,22256,0x0,Other,0,0,1,Hardware: Legacy Flip,2026-8-20 19:20:24.707811000,2.6927,2.6927,0.0000,0.2874,2.5243,0.2374,2.2869,3.8410,17.6038,5.8175,6247.4004,NA,NA,NA
python.exe,22256,0x0,Other,-1,0,0,Composed: Copy with GPU GDI,2026-8-20 19:20:24.710503700,5.9599,5.9599,0.0000,0.1190,6.0626,1.3197,4.7429,18.7521,0.6970,-14.9111,6250.0931,NA,NA,NA
python.exe,22256,0x0,Other,-1,0,0,Composed: Copy with GPU GDI,2026-8-20 19:20:24.716463600,2.6772,2.6772,0.0000,0.2246,2.7849,0.4704,2.3145,NA,NA,NA,NA,NA,NA,NA
python.exe,22256,0x0,Other,-1,0,0,Composed: Copy with GPU GDI,2026-8-20 19:20:24.719140800,9.0704,9.0704,0.0000,0.3364,8.8814,0.4178,8.4636,NA,NA,NA,NA,NA,NA,NA
python.exe,22256,0x0,Other,0,0,1,Hardware: Legacy Flip,2026-8-20 19:20:24.728211200,0.3017,0.3017,0.0000,0.1515,0.2478,0.1639,0.0839,1.7416,17.4632,17.0105,6267.8006,NA,NA,NA
python.exe,22256,0x0,Other,-1,0,0,Composed: Copy with GPU GDI,2026-8-20 19:20:24.728512900,2.8847,2.8847,0.0000,0.0976,3.2452,1.8373,1.4079,18.9031,4.2548,-17.1615,6268.1023,NA,NA,NA
python.exe,22256,0x0,Other,-1,0,0,Composed: Copy with GPU GDI,2026-8-20 19:20:24.731397600,8.6943,8.6943,0.0000,0.4836,8.5055,0.4773,8.0282,NA,NA,NA,NA,NA,NA,NA
python.exe,22256,0x0,Other,-1,0,0,Composed: Copy with GPU GDI,2026-8-20 19:20:24.740091900,4.6436,4.6436,0.0000,0.2984,4.5651,0.4605,4.1046,NA,NA,NA,NA,NA,NA,NA
python.exe,22256,0x0,Other,0,0,1,Hardware: Legacy Flip,2026-8-20 19:20:24.744735500,5.7035,5.7035,0.0000,0.2254,5.5341,0.1132,5.4209,6.9353,10.3934,11.9678,6284.3249,NA,NA,NA
python.exe,22256,0x0,Other,-1,0,0,Composed: Copy with GPU GDI,2026-8-20 19:20:24.750439000,0.4640,0.4640,0.0000,0.0560,1.3338,1.3338,0.0000,NA,NA,NA,NA,NA,NA,NA
python.exe,22256,0x0,Other,-1,0,0,Composed: Copy with GPU GDI,2026-8-20 19:20:24.750903000,9.1169,9.1169,0.0000,0.9305,8.6633,0.6731,7.9902,NA,NA,NA,NA,NA,NA,NA
python.exe,22256,0x0,Other,0,0,1,Hardware: Legacy Flip,2026-8-20 19:20:24.760019900,0.8590,0.8590,0.0000,0.4819,0.4250,0.1529,0.2721,2.0443,9.6284,4.8910,6299.6093,NA,NA,NA
python.exe,22256,0x0,Other,-1,0,0,Composed: Copy with GPU GDI,2026-8-20 19:20:24.760878900,1.9737,1.9737,0.0000,0.0479,2.3102,1.5897,0.7205,10.8137,5.5251,-8.7694,6300.4683,NA,NA,NA
python.exe,22256,0x0,Other,-1,0,0,Composed: Copy with GPU GDI,2026-8-20 19:20:24.762852600,9.6216,9.6216,0.0000,0.3914,9.9751,0.9714,9.0037,NA,NA,NA,NA,NA,NA,NA
python.exe,22256,0x0,Other,-1,0,0,Composed: Copy with GPU GDI,2026-8-20 19:20:24.772474200,1.6301,1.6301,0.0000,0.7498,1.1885,0.3907,0.7978,NA,NA,NA,NA,NA,NA,NA
python.exe,22256,0x0,Other,0,0,1,Hardware: Legacy Flip,2026-8-20 19:20:24.774104300,2.0057,2.0057,0.0000,0.3069,1.7503,0.0988,1.6515,3.1134,18.7391,7.7003,6313.6937,NA,NA,NA
python.exe,22256,0x0,Other,-1,0,0,Composed: Copy with GPU GDI,2026-8-20 19:20:24.776110000,7.4798,7.4798,0.0000,0.0515,7.8753,1.5684,6.3069,NA,NA,NA,NA,NA,NA,NA
python.exe,22256,0x0,Other,-1,0,0,Composed: Copy with GPU GDI,2026-8-20 19:20:24.783589800,3.3461,3.3461,0.0000,0.4520,3.1333,0.4840,2.6493,12.3670,0.5778,-9.2536,6323.1792,NA,NA,NA
python.exe,22256,0x0,Other,0,0,1,Hardware: Legacy Flip,2026-8-20 19:20:24.786935900,8.4350,8.4350,0.0000,0.2441,8.2735,0.1554,8.1181,9.5987,11.6145,2.7683,6326.5253,NA,NA,NA
python.exe,22256,0x0,Other,-1,0,0,Composed: Copy with GPU GDI,2026-8-20 19:20:24.795370900,0.4149,0.4149,0.0000,0.0826,1.5035,1.5035,0.0000,NA,NA,NA,NA,NA,NA,NA
python.exe,22256,0x0,Other,-1,0,0,Composed: Copy with GPU GDI,2026-8-20 19:20:24.795785800,3.1639,3.1639,0.0000,1.2096,2.2708,0.4278,1.8430,12.3633,2.8434,-2.7646,6335.3752,NA,NA,NA
python.exe,22256,0x0,Other,-1,0,0,Composed: Copy with GPU GDI,2026-8-20 19:20:24.798949700,8.3295,8.3295,0.0000,0.3205,8.2432,0.5773,7.6659,NA,NA,NA,NA,NA,NA,NA
python.exe,22256,0x0,Other,0,0,1,Hardware: Legacy Flip,2026-8-20 19:20:24.807279200,2.0043,2.0043,0.0000,0.2391,1.8604,0.1619,1.6985,3.7133,15.2957,8.6500,6346.8686,NA,NA,NA
python.exe,22256,0x0,Other,-1,0,0,Composed: Copy with GPU GDI,2026-8-20 19:20:24.809283500,6.6836,6.6836,0.0000,0.0952,7.1519,2.2822,4.8697,NA,NA,NA,NA,NA,NA,NA
python.exe,22256,0x0,Other,-1,0,0,Composed: Copy with GPU GDI,2026-8-20 19:20:24.815967100,1.5390,1.5390,0.0000,0.5969,1.1668,0.5134,0.6534,10.3211,5.9982,-6.6078,6355.5565,NA,NA,NA
python.exe,22256,0x0,Other,-1,0,0,Composed: Copy with GPU GDI,2026-8-20 19:20:24.817506100,4.5129,4.5129,0.0000,0.2284,4.4092,0.2980,4.1112,NA,NA,NA,NA,NA,NA,NA
python.exe,22256,0x0,Other,0,0,1,Hardware: Legacy Flip,2026-8-20 19:20:24.822019000,9.0572,9.0572,0.0000,0.1289,9.0139,0.1919,8.8220,10.2674,12.1996,0.0537,6361.6084,NA,NA,NA
python.exe,22256,0x0,Other,-1,0,0,Composed: Copy with GPU GDI,2026-8-20 19:20:24.831076200,0.7631,0.7631,0.0000,0.0856,1.5946,1.5946,0.0000,13.4098,1.0673,-3.1424,6370.6656,NA,NA,NA
python.exe,22256,0x0,Other,-1,0,0,Composed: Copy with GPU GDI,2026-8-20 19:20:24.831839300,7.0282,7.0282,0.0000,0.9204,6.2882,0.5709,5.7173,NA,NA,NA,NA,NA,NA,NA
python.exe,22256,0x0,Other,-1,0,0,Composed: Copy with GPU GDI,2026-8-20 19:20:24.838867500,2.8165,2.8165,0.0000,0.1846,3.2068,0.7602,2.4466,NA,NA,NA,NA,NA,NA,NA
python.exe,22256,0x0,Other,0,0,1,Hardware: Legacy Flip,2026-8-20 19:20:24.841684000,2.5259,2.5259,0.0000,0.5792,1.9646,0.0795,1.8851,3.8693,17.1625,9.5405,6381.2734,NA,NA,NA
python.exe,22256,0x0,Other,-1,0,0,Composed: Copy with GPU GDI,2026-8-20 19:20:24.844209900,7.3889,7.3889,0.0000,0.0179,7.6576,1.7145,5.9431,NA,NA,NA,NA,NA,NA,NA
python.exe,22256,0x0,Other,-1,0,0,Composed: Copy with GPU GDI,2026-8-20 19:20:24.851598800,1.7325,1.7325,0.0000,0.2889,1.7511,0.4696,1.2815,11.1170,4.0146,-7.2477,6391.1882,NA,NA,NA
python.exe,22256,0x0,Other,-1,0,0,Composed: Copy with GPU GDI,2026-8-20 19:20:24.853331300,11.9253,11.9253,0.0000,12.1171,0.1516,0.1516,0.0000,NA,NA,NA,NA,NA,NA,NA
python.exe,22256,0x0,Other,0,0,1,Hardware: Legacy Flip,2026-8-20 19:20:24.865256600,0.1358,0.1358,0.0000,0.0000,11.8053,0.3462,11.4591,1.4738,12.1290,9.6432,6404.8460,NA,NA,NA
python.exe,22256,0x0,Other,-1,0,0,Composed: Copy with GPU GDI,2026-8-20 19:20:24.865392400,7.7729,7.7729,0.0000,0.2076,7.8525,1.3866,6.4659,NA,NA,NA,NA,NA,NA,NA
python.exe,22256,0x0,Other,0,0,1,Hardware: Legacy Flip,2026-8-20 19:20:24.873165300,4.1162,4.1162,0.0000,0.2916,3.8409,0.0616,3.7793,5.6941,14.1822,-4.2203,6412.7547,NA,NA,NA
python.exe,22256,0x0,Other,-1,0,0,Composed: Copy with GPU GDI,2026-8-20 19:20:24.877281500,0.2191,0.2191,0.0000,0.0163,0.4370,0.4370,0.0000,15.7601,5.6246,-10.0660,6416.8709,NA,NA,NA
python.exe,22256,0x0,Other,-1,0,0,Composed: Copy with GPU GDI,2026-8-20 19:20:24.877500600,7.2550,7.2550,0.0000,0.2342,7.2362,1.3749,5.8613,NA,NA,NA,NA,NA,NA,NA
python.exe,22256,0x0,Other,-1,0,0,Composed: Copy with GPU GDI,2026-8-20 19:20:24.884755600,10.6145,10.6145,0.0000,0.2190,10.7887,0.5186,10.2701,NA,NA,NA,NA,NA,NA,NA
python.exe,22256,0x0,Other,-1,0,0,Composed: Copy with GPU GDI,2026-8-20 19:20:24.895370100,1.7448,1.7448,0.0000,2.2132,0.0092,0.0092,0.0000,NA,NA,NA,NA,NA,NA,NA
python.exe,22256,0x0,Other,0,0,1,Hardware: Legacy Flip,2026-8-20 19:20:24.897114900,0.4099,0.4099,0.0000,0.0000,1.8161,0.6189,1.1972,1.5513,11.9936,14.2088,6436.7043,NA,NA,NA
python.exe,22256,0x0,Other,-1,0,0,Composed: Copy with GPU GDI,2026-8-20 19:20:24.897524800,8.4485,8.4485,0.0000,0.0677,9.0626,1.9076,7.1550,NA,NA,NA,NA,NA,NA,NA
python.exe,22256,0x0,Other,-1,0,0,Composed: Copy with GPU GDI,2026-8-20 19:20:24.905973300,2.6168,2.6168,0.0000,0.6861,2.1315,0.3415,1.7900,NA,NA,NA,NA,NA,NA,NA
python.exe,22256,0x0,Other,0,0,1,Hardware: Legacy Flip,2026-8-20 19:20:24.908590100,0.6997,0.6997,0.0000,0.2053,0.5326,0.0984,0.4342,2.0697,18.8211,-0.5184,6448.1795,NA,NA,NA
python.exe,22256,0x0,Other,-1,0,0,Composed: Copy with GPU GDI,2026-8-20 19:20:24.909289800,10.4454,10.4454,0.0000,0.0382,10.7277,1.7574,8.9703,NA,NA,NA,NA,NA,NA,NA
python.exe,22256,0x0,Other,-1,0,0,Composed: Copy with GPU GDI,2026-8-20 19:20:24.919735200,0.6526,0.6526,0.0000,0.3246,0.5653,0.3619,0.2034,9.7457,3.0018,-7.6760,6459.3246,NA,NA,NA
python.exe,22256,0x0,Other,-1,0,0,Composed: Copy with GPU GDI,2026-8-20 19:20:24.920387800,10.0428,10.0428,0.0000,0.2584,10.3936,0.7381,9.6555,NA,NA,NA,NA,NA,NA,NA
python.exe,22256,0x0,Other,0,0,1,Hardware: Legacy Flip,2026-8-20 19:20:24.930430600,0.6865,0.6865,0.0000,0.6155,0.1632,0.1608,0.0024,2.0521,9.0723,7.6936,6470.0200,NA,NA,NA
python.exe,22256,0x0,Other,-1,0,0,Composed: Copy with GPU GDI,2026-8-20 19:20:24.931117100,0.5122,0.5122,0.0000,0.0922,1.4636,1.4636,0.0000,10.4379,12.1241,-8.3858,6470.7065,NA,NA,NA
python.exe,22256,0x0,Other,-1,0,0,Composed: Copy with GPU GDI,2026-8-20 19:20:24.931629300,9.5118,9.5118,0.0000,1.0611,9.1437,0.8600,8.2837,NA,NA,NA,NA,NA,NA,NA
python.exe,22256,0x0,Other,-1,0,0,Composed: Copy with GPU GDI,2026-8-20 19:20:24.941141100,2.8505,2.8505,0.0000,0.6991,2.3240,0.3176,2.0064,12.5380,0.2460,-2.1001,6480.7305,NA,NA,NA
python.exe,22256,0x0,Other,-1,0,0,Composed: Copy with GPU GDI,2026-8-20 19:20:24.943991600,8.3044,8.3044,0.0000,0.1753,8.3122,0.3997,7.9125,NA,NA,NA,NA,NA,NA,NA
python.exe,22256,0x0,Other,0,0,1,Hardware: Legacy Flip,2026-8-20 19:20:24.952296000,0.4736,0.4736,0.0000,0.1858,0.3532,0.1375,0.2157,1.6291,11.6037,10.9089,6491.8854,NA,NA,NA
python.exe,22256,0x0,Other,-1,0,0,Composed: Copy with GPU GDI,2026-8-20 19:20:24.952769600,10.1481,10.1481,0.0000,0.0654,10.1779,1.4589,8.7190,NA,NA,NA,NA,NA,NA,NA
python.exe,22256,0x0,Other,-1,0,0,Composed: Copy with GPU GDI,2026-8-20 19:20:24.962917700,1.0089,1.0089,0.0000,1.2781,0.2028,0.2028,0.0000,NA,NA,NA,NA,NA,NA,NA
python.exe,22256,0x0,Other,0,0,1,Hardware: Legacy Flip,2026-8-20 19:20:24.963926600,0.1891,0.1891,0.0000,0.0000,1.1789,0.3916,0.7873,1.6022,11.5854,0.0269,6503.5160,NA,NA,NA
python.exe,22256,0x0,Other,-1,0,0,Composed: Copy with GPU GDI,2026-8-20 19:20:24.964115700,9.2793,9.2793,0.0000,0.2829,9.1951,1.4634,7.7317,NA,NA,NA,NA,NA,NA,NA
python.exe,22256,0x0,Other,-1,0,0,Composed: Copy with GPU GDI,2026-8-20 19:20:24.973395000,1.2736,1.2736,0.0000,0.2025,1.4635,0.5188,0.9447,NA,NA,NA,NA,NA,NA,NA
python.exe,22256,0x0,Other,0,0,1,Hardware: Legacy Flip,2026-8-20 19:20:24.974668600,1.2651,1.2651,0.0000,0.3955,0.8898,0.0688,0.8210,2.4456,19.0197,-0.8434,6514.2580,NA,NA,NA
python.exe,22256,0x0,Other,-1,0,0,Composed: Copy with GPU GDI,2026-8-20 19:20:24.975933700,8.1301,8.1301,0.0000,0.0202,8.8443,2.0777,6.7666,NA,NA,NA,NA,NA,NA,NA
python.exe,22256,0x0,Other,-1,0,0,Composed: Copy with GPU GDI,2026-8-20 19:20:24.984063800,2.5513,2.5513,0.0000,0.7379,1.9331,0.2182,1.7149,12.0701,0.9257,-9.6245,6523.6532,NA,NA,NA
python.exe,22256,0x0,Other,-1,0,0,Composed: Copy with GPU GDI,2026-8-20 19:20:24.986615100,8.7857,8.7857,0.0000,9.2709,0.0247,0.0247,0.0000,NA,NA,NA,NA,NA,NA,NA
python.exe,22256,0x0,Other,0,0,1,Hardware: Legacy Flip,2026-8-20 19:20:24.995400800,0.4076,0.4076,0.0000,0.0000,9.1489,0.6551,8.4938,1.6588,17.4248,10.4113,6534.9902,NA,NA,NA
python.exe,22256,0x0,Other,-1,0,0,Composed: Copy with GPU GDI,2026-8-20 19:20:24.995808400,2.8102,2.8102,0.0000,0.1023,3.4088,1.9616,1.4472,18.6760,4.3674,-17.0172,6535.3978,NA,NA,NA
python.exe,22256,0x0,Other,-1,0,0,Composed: Copy with GPU GDI,2026-8-20 19:20:24.998618600,8.2051,8.2051,0.0000,0.7064,7.6603,0.3293,7.3310,NA,NA,NA,NA,NA,NA,NA
python.exe,22256,0x0,Other,-1,0,0,Composed: Copy with GPU GDI,2026-8-20 19:20:25.006823700,4.4277,4.4277,0.0000,0.1665,4.3689,0.2658,4.1031,NA,NA,NA,NA,NA,NA,NA
python.exe,22256,0x0,Other,0,0,1,Hardware: Legacy Flip,2026-8-20 19:20:25.011251400,5.9799,5.9799,0.0000,0.1350,5.8947,0.1438,5.7509,7.6004,11.6190,11.0756,6550.8408,NA,NA,NA
python.exe,22256,0x0,Other,-1,0,0,Composed: Copy with GPU GDI,2026-8-20 19:20:25.017231300,0.3549,0.3549,0.0000,0.0498,0.4122,0.4122,0.0000,NA,NA,NA,NA,NA,NA,NA
python.exe,22256,0x0,Other,-1,0,0,Composed: Copy with GPU GDI,2026-8-20 19:20:25.017586200,10.5221,10.5221,0.0000,0.1071,10.6361,1.4738,9.1623,NA,NA,NA,NA,NA,NA,NA
python.exe,22256,0x0,Other,0,0,1,Hardware: Legacy Flip,2026-8-20 19:20:25.028108300,1.0971,1.0971,0.0000,0.2267,0.9930,0.2020,0.7910,2.3625,8.1314,5.2379,6567.6977,NA,NA,NA
python.exe,22256,0x0,Other,-1,0,0,Composed: Copy with GPU GDI,2026-8-20 19:20:25.029205400,0.3252,0.3252,0.0000,0.1226,1.5964,1.5964,0.0000,9.3968,5.0839,-7.0343,6568.7948,NA,NA,NA
python.exe,22256,0x0,Other,-1,0,0,Composed: Copy with GPU GDI,2026-8-20 19:20:25.029530600,9.7717,9.7717,0.0000,1.3983,8.5501,0.4064,8.1437,NA,NA,NA,NA,NA,NA,NA
python.exe,22256,0x0,Other,-1,0,0,Composed: Copy with GPU GDI,2026-8-20 19:20:25.039302300,2.3467,2.3467,0.0000,0.1812,2.5155,0.4492,2.0663,NA,NA,NA,NA,NA,NA,NA
python.exe,22256,0x0,Other,0,0,1,Hardware: Legacy Flip,2026-8-20 19:20:25.041649000,0.6447,0.6447,0.0000,0.3528,0.3258,0.1543,0.1715,2.0371,18.6946,7.3597,6581.2384,NA,NA,NA
python.exe,22256,0x0,Other,-1,0,0,Composed: Copy with GPU GDI,2026-8-20 19:20:25.042293700,7.7906,7.7906,0.0000,0.0339,8.0787,1.6982,6.3805,NA,NA,NA,NA,NA,NA,NA
python.exe,22256,0x0,Other,-1,0,0,Composed: Copy with GPU GDI,2026-8-20 19:20:25.050084300,2.7664,2.7664,0.0000,0.3248,2.7919,0.4866,2.3053,NA,NA,NA,NA,NA,NA,NA
python.exe,22256,0x0,Other,0,0,1,Hardware: Legacy Flip,2026-8-20 19:20:25.052850700,8.3028,8.3028,0.0000,0.3538,7.9961,0.0899,7.9062,9.5300,12.7598,-7.4929,6592.4401,NA,NA,NA
python.exe,22256,0x0,Other,-1,0,0,Composed: Copy with GPU GDI,2026-8-20 19:20:25.061153500,1.4231,1.4231,0.0000,0.0471,1.8574,1.7602,0.0972,NA,NA,NA,NA,NA,NA,NA
python.exe,22256,0x0,Other,-1,0,0,Composed: Copy with GPU GDI,2026-8-20 19:20:25.062576600,3.1472,3.1472,0.0000,0.4862,2.8099,0.3963,2.4136,12.5639,9.9456,-3.0339,6602.1660,NA,NA,NA
python.exe,22256,0x0,Other,-1,0,0,Composed: Copy with GPU GDI,2026-8-20 19:20:25.065723800,7.3477,7.3477,0.0000,0.1593,7.7532,0.7561,6.9971,NA,NA,NA,NA,NA,NA,NA
python.exe,22256,0x0,Other,-1,0,0,Composed: Copy with GPU GDI,2026-8-20 19:20:25.073071500,6.0571,6.0571,0.0000,0.5983,5.5797,0.4223,5.1574,NA,NA,NA,NA,NA,NA,NA
python.exe,22256,0x0,Other,0,0,1,Hardware: Legacy Flip,2026-8-20 19:20:25.079128600,4.7751,4.7751,0.0000,0.1257,4.7016,0.1526,4.5490,5.9575,11.9937,6.6064,6618.7180,NA,NA,NA
python.exe,22256,0x0,Other,-1,0,0,Composed: Copy with GPU GDI,2026-8-20 19:20:25.083903700,1.1642,1.1642,0.0000,0.0522,1.5941,1.5941,0.0000,NA,NA,NA,NA,NA,NA,NA
python.exe,22256,0x0,Other,-1,0,0,Composed: Copy with GPU GDI,2026-8-20 19:20:25.085067900,9.1023,9.1023,0.0000,0.4933,8.9236,0.5634,8.3602,NA,NA,NA,NA,NA,NA,NA
python.exe,22256,0x0,Other,0,0,1,Hardware: Legacy Flip,2026-8-20 19:20:25.094170200,1.6319,1.6319,0.0000,0.3186,1.3519,0.1416,1.2103,2.9096,8.3105,3.0479,6633.7596,NA,NA,NA
python.exe,22256,0x0,Other,-1,0,0,Composed: Copy with GPU GDI,2026-8-20 19:20:25.095802100,0.5483,0.5483,0.0000,0.0386,1.8636,1.8636,0.0000,9.5882,6.5594,-6.6786,6635.3915,NA,NA,NA
python.exe,22256,0x0,Other,-1,0,0,Composed: Copy with GPU GDI,2026-8-20 19:20:25.096350400,10.2125,10.2125,0.0000,1.3571,9.5865,1.0810,8.5055,NA,NA,NA,NA,NA,NA,NA
python.exe,22256,0x0,Other,-1,0,0,Composed: Copy with GPU GDI,2026-8-20 19:20:25.106562900,0.8055,0.8055,0.0000,1.0247,0.3012,0.3012,0.0000,NA,NA,NA,NA,NA,NA,NA
python.exe,22256,0x0,Other,0,0,1,Hardware: Legacy Flip,2026-8-20 19:20:25.107368400,3.2514,3.2514,0.0000,0.2650,3.0048,0.0726,2.9322,4.5813,17.0270,5.0069,6646.9578,NA,NA,NA
python.exe,22256,0x0,Other,-1,0,0,Composed: Copy with GPU GDI,2026-8-20 19:20:25.110619800,6.5432,6.5432,0.0000,0.0184,7.2534,2.0902,5.1632,NA,NA,NA,NA,NA,NA,NA
python.exe,22256,0x0,Other,-1,0,0,Composed: Copy with GPU GDI,2026-8-20 19:20:25.117163000,2.8331,2.8331,0.0000,0.7701,2.2130,0.5535,1.6595,NA,NA,NA,NA,NA,NA,NA
python.exe,22256,0x0,Other,0,0,1,Hardware: Legacy Flip,2026-8-20 19:20:25.119996100,7.6639,7.6639,0.0000,0.1538,7.5602,0.0975,7.4627,8.9806,12.7785,-4.3993,6659.5855,NA,NA,NA
python.exe,22256,0x0,Other,-1,0,0,Composed: Copy with GPU GDI,2026-8-20 19:20:25.127660000,0.9837,0.9837,0.0000,0.0501,1.8970,1.8970,0.0000,14.0952,6.1525,-5.1146,6667.2494,NA,NA,NA
python.exe,22256,0x0,Other,-1,0,0,Composed: Copy with GPU GDI,2026-8-20 19:20:25.128643700,2.7485,2.7485,0.0000,0.9667,1.8997,0.3197,1.5800,19.2640,4.4109,-5.1688,6668.2331,NA,NA,NA
python.exe,22256,0x0,Other,-1,0,0,Composed: Copy with GPU GDI,2026-8-20 19:20:25.131392200,9.0265,9.0265,0.0000,0.1222,9.6156,0.8869,8.7287,NA,NA,NA,NA,NA,NA,NA
python.exe,22256,0x0,Other,-1,0,0,Composed: Copy with GPU GDI,2026-8-20 19:20:25.140418700,2.8944,2.8944,0.0000,0.7195,2.8878,0.9316,1.9562,NA,NA,NA,NA,NA,NA,NA
python.exe,22256,0x0,Other,0,0,1,Hardware: Legacy Flip,2026-8-20 19:20:25.143313100,7.4051,7.4051,0.0000,0.7170,6.7567,0.1390,6.6177,9.0055,11.8989,10.2585,6682.9025,NA,NA,NA
python.exe,22256,0x0,Other,-1,0,0,Composed: Copy with GPU GDI,2026-8-20 19:20:25.150718200,0.3473,0.3473,0.0000,0.0686,0.4262,0.4262,0.0000,NA,NA,NA,NA,NA,NA,NA
python.exe,22256,0x0,Other,-1,0,0,Composed: Copy with GPU GDI,2026-8-20 19:20:25.151065500,10.4836,10.4836,0.0000,0.1475,10.8933,1.7883,9.1050,NA,NA,NA,NA,NA,NA,NA
python.exe,22256,0x0,Other,0,0,1,Hardware: Legacy Flip,2026-8-20 19:20:25.161549100,1.1952,1.1952,0.0000,0.5628,0.6561,0.0808,0.5753,2.6684,7.8666,6.3371,6701.1385,NA,NA,NA
python.exe,22256,0x0,Other,-1,0,0,Composed: Copy with GPU GDI,2026-8-20 19:20:25.162744300,0.2375,0.2375,0.0000,0.0237,0.3328,0.3328,0.0000,9.3398,5.1943,-6.6714,6702.3337,NA,NA,NA
python.exe,22256,0x0,Other,-1,0,0,Composed: Copy with GPU GDI,2026-8-20 19:20:25.162981800,9.6057,9.6057,0.0000,0.1190,9.8213,1.5821,8.2392,NA,NA,NA,NA,NA,NA,NA
python.exe,22256,0x0,Other,-1,0,0,Composed: Copy with GPU GDI,2026-8-20 19:20:25.172587500,1.4817,1.4817,0.0000,0.3372,1.6052,0.5775,1.0277,NA,NA,NA,NA,NA,NA,NA
python.exe,22256,0x0,Other,0,0,1,Hardware: Legacy Flip,2026-8-20 19:20:25.174069200,1.9977,1.9977,0.0000,0.4647,1.5605,0.1106,1.4499,3.2092,18.1227,6.1306,6713.6586,NA,NA,NA
python.exe,22256,0x0,Other,-1,0,0,Composed: Copy with GPU GDI,2026-8-20 19:20:25.176066900,6.9588,6.9588,0.0000,0.0275,7.1385,1.4654,5.6731,NA,NA,NA,NA,NA,NA,NA
python.exe,22256,0x0,Other,-1,0,0,Composed: Copy with GPU GDI,2026-8-20 19:20:25.183025700,4.1774,4.1774,0.0000,0.2124,4.3036,0.5002,3.8034,NA,NA,NA,NA,NA,NA,NA
python.exe,22256,0x0,Other,-1,0,0,Composed: Copy with GPU GDI,2026-8-20 19:20:25.187203100,6.3330,6.3330,0.0000,0.3413,6.1765,0.3097,5.8668,NA,NA,NA,NA,NA,NA,NA
python.exe,22256,0x0,Other,0,0,1,Hardware: Legacy Flip,2026-8-20 19:20:25.193536100,0.6129,0.6129,0.0000,0.1884,0.5062,0.1512,0.3550,1.8650,15.6425,1.3442,6733.1255,NA,NA,NA
python.exe,22256,0x0,Other,-1,0,0,Composed: Copy with GPU GDI,2026-8-20 19:20:25.194149000,5.1338,5.1338,0.0000,0.0817,5.2251,1.3369,3.8882,NA,NA,NA,NA,NA,NA,NA
python.exe,22256,0x0,Other,-1,0,0,Composed: Copy with GPU GDI,2026-8-20 19:20:25.199282800,6.0518,6.0518,0.0000,0.1756,6.2675,0.5137,5.7538,NA,NA,NA,NA,NA,NA,NA
python.exe,22256,0x0,Other,0,0,1,Hardware: Legacy Flip,2026-8-20 19:20:25.205334600,4.2010,4.2010,0.0000,0.3944,4.0636,0.4637,3.5999,5.7090,15.7733,-3.8440,6744.9240,NA,NA,NA
python.exe,22256,0x0,Other,-1,0,0,Composed: Copy with GPU GDI,2026-8-20 19:20:25.209535600,1.1343,1.1343,0.0000,0.2570,1.4531,1.4531,0.0000,17.2813,5.9372,-11.5723,6749.1250,NA,NA,NA
python.exe,22256,0x0,Other,-1,0,0,Composed: Copy with GPU GDI,2026-8-20 19:20:25.210669900,5.4586,5.4586,0.0000,0.5798,5.3758,0.6520,4.7238,22.0842,0.1178,-4.8029,6750.2593,NA,NA,NA
python.exe,22256,0x0,Other,-1,0,0,Composed: Copy with GPU GDI,2026-8-20 19:20:25.216128500,12.9377,12.9377,0.0000,0.5007,12.7770,0.5922,12.1848,NA,NA,NA,NA,NA,NA,NA
python.exe,22256,0x0,Other,-1,0,0,Composed: Copy with GPU GDI,2026-8-20 19:20:25.229066200,1.9028,1.9028,0.0000,2.3093,0.3048,0.3048,0.0000,NA,NA,NA,NA,NA,NA,NA
python.exe,22256,0x0,Other,0,0,1,Hardware: Legacy Flip,2026-8-20 19:20:25.230969000,0.3447,0.3447,0.0000,0.0000,1.9650,0.6596,1.3054,1.9029,12.2253,20.1813,6770.5584,NA,NA,NA
python.exe,22256,0x0,Other,-1,0,0,Composed: Copy with GPU GDI,2026-8-20 19:20:25.231313700,7.3937,7.3937,0.0000,0.3666,7.7201,2.0174,5.7027,NA,NA,NA,NA,NA,NA,NA
python.exe,22256,0x0,Other,-1,0,0,Composed: Copy with GPU GDI,2026-8-20 19:20:25.238707400,2.8970,2.8970,0.0000,0.6972,2.4273,0.3728,2.0545,NA,NA,NA,NA,NA,NA,NA
python.exe,22256,0x0,Other,0,0,1,Hardware: Legacy Flip,2026-8-20 19:20:25.241604400,2.2230,2.2230,0.0000,0.2430,1.9977,0.0790,1.9187,3.4928,18.0502,-1.5899,6781.1938,NA,NA,NA
python.exe,22256,0x0,Other,-1,0,0,Composed: Copy with GPU GDI,2026-8-20 19:20:25.243827400,6.7939,6.7939,0.0000,0.0177,7.2102,1.6681,5.5421,19.3200,2.2188,-15.8272,6783.4168,NA,NA,NA
python.exe,22256,0x0,Other,-1,0,0,Composed: Copy with GPU GDI,2026-8-20 19:20:25.250621300,2.4385,2.4385,0.0000,0.4366,2.4507,0.5681,1.8826,NA,NA,NA,NA,NA,NA,NA
python.exe,22256,0x0,Other,-1,0,0,Composed: Copy with GPU GDI,2026-8-20 19:20:25.253059800,10.4793,10.4793,0.0000,0.4534,10.2341,0.4089,9.8252,NA,NA,NA,NA,NA,NA,NA
python.exe,22256,0x0,Other,0,0,1,Hardware: Legacy Flip,2026-8-20 19:20:25.263539100,0.3548,0.3548,0.0000,0.2124,0.2153,0.1382,0.0771,1.8271,9.8719,17.4929,6803.1285,NA,NA,NA
python.exe,22256,0x0,Other,-1,0,0,Composed: Copy with GPU GDI,2026-8-20 19:20:25.263893900,0.7778,0.7778,0.0000,0.0729,1.5854,1.5854,0.0000,11.3442,11.7788,-9.5171,6803.4833,NA,NA,NA
python.exe,22256,0x0,Other,-1,0,0,Composed: Copy with GPU GDI,2026-8-20 19:20:25.264671700,9.9907,9.9907,0.0000,0.8841,9.3079,0.3335,8.9744,NA,NA,NA,NA,NA,NA,NA
python.exe,22256,0x0,Other,-1,0,0,Composed: Copy with GPU GDI,2026-8-20 19:20:25.274662400,2.7426,2.7426,0.0000,0.2049,2.8349,0.4551,2.3798,NA,NA,NA,NA,NA,NA,NA
python.exe,22256,0x0,Other,0,0,1,Hardware: Legacy Flip,2026-8-20 19:20:25.277405000,8.4047,8.4047,0.0000,0.3019,8.1638,0.1543,8.0095,9.6119,8.9955,1.7323,6816.9944,NA,NA,NA
python.exe,22256,0x0,Other,-1,0,0,Composed: Copy with GPU GDI,2026-8-20 19:20:25.285809700,0.6538,0.6538,0.0000,0.0610,1.7179,1.7179,0.0000,NA,NA,NA,NA,NA,NA,NA
python.exe,22256,0x0,Other,-1,0,0,Composed: Copy with GPU GDI,2026-8-20 19:20:25.286463500,7.6667,7.6667,0.0000,1.1301,7.0062,0.6875,6.3187,NA,NA,NA,NA,NA,NA,NA
python.exe,22256,0x0,Other,0,0,1,Hardware: Legacy Flip,2026-8-20 19:20:25.294130200,0.7198,0.7198,0.0000,0.4734,0.2643,0.0786,0.1857,1.8822,15.4410,7.7297,6833.7196,NA,NA,NA
python.exe,22256,0x0,Other,-1,0,0,Composed: Copy with GPU GDI,2026-8-20 19:20:25.294850000,0.4602,0.4602,0.0000,0.0179,1.2854,1.2854,0.0000,NA,NA,NA,NA,NA,NA,NA
python.exe,22256,0x0,Other,-1,0,0,Composed: Copy with GPU GDI,2026-8-20 19:20:25.295310200,10.1641,10.1641,0.0000,0.8504,10.0959,0.9130,9.1829,NA,NA,NA,NA,NA,NA,NA
python.exe,22256,0x0,Other,-1,0,0,Composed: Copy with GPU GDI,2026-8-20 19:20:25.305474300,3.1447,3.1447,0.0000,0.7869,3.1999,1.0145,2.1854,NA,NA,NA,NA,NA,NA,NA
python.exe,22256,0x0,Other,0,0,1,Hardware: Legacy Flip,2026-8-20 19:20:25.308619000,1.4188,1.4188,0.0000,0.8461,0.6870,0.1729,0.5141,2.8344,18.2546,-0.9522,6848.2084,NA,NA,NA
python.exe,22256,0x0,Other,-1,0,0,Composed: Copy with GPU GDI,2026-8-20 19:20:25.310037800,6.9165,6.9165,0.0000,0.1143,7.1366,1.7166,5.4200,NA,NA,NA,NA,NA,NA,NA
python.exe,22256,0x0,Other,-1,0,0,Composed: Copy with GPU GDI,2026-8-20 19:20:25.316954300,3.8100,3.8100,0.0000,0.3373,3.8897,0.5743,3.3154,NA,NA,NA,NA,NA,NA,NA
python.exe,22256,0x0,Other,-1,0,0,Composed: Copy with GPU GDI,2026-8-20 19:20:25.320764300,6.6646,6.6646,0.0000,0.4202,6.3873,0.3214,6.0659,NA,NA,NA,NA,NA,NA,NA
python.exe,22256,0x0,Other,0,0,1,Hardware: Legacy Flip,2026-8-20 19:20:25.327428900,1.0099,1.0099,0.0000,0.1465,0.9228,0.1191,0.8037,2.2791,18.3420,0.5553,6867.0183,NA,NA,NA
python.exe,22256,0x0,Other,-1,0,0,Composed: Copy with GPU GDI,2026-8-20 19:20:25.328438800,5.0710,5.0710,0.0000,0.0594,5.2008,1.6408,3.5600,19.6112,3.3147,-17.3321,6868.0282,NA,NA,NA
python.exe,22256,0x0,Other,-1,0,0,Composed: Copy with GPU GDI,2026-8-20 19:20:25.333509800,5.3384,5.3384,0.0000,0.1940,5.4278,0.4203,5.0075,NA,NA,NA,NA,NA,NA,NA
python.exe,22256,0x0,Other,0,0,1,Hardware: Legacy Flip,2026-8-20 19:20:25.338848200,10.9642,10.9642,0.0000,0.2861,10.7754,0.1914,10.5840,12.5165,8.7819,7.0947,6878.4376,NA,NA,NA
python.exe,22256,0x0,Other,-1,0,0,Composed: Copy with GPU GDI,2026-8-20 19:20:25.349812400,0.4105,0.4105,0.0000,0.0973,1.5042,1.5042,0.0000,NA,NA,NA,NA,NA,NA,NA
python.exe,22256,0x0,Other,-1,0,0,Composed: Copy with GPU GDI,2026-8-20 19:20:25.350222900,1.3984,1.3984,0.0000,1.1937,0.3453,0.2733,0.0720,9.9237,3.7423,2.5928,6889.8123,NA,NA,NA
python.exe,22256,0x0,Other,-1,0,0,Composed: Copy with GPU GDI,2026-8-20 19:20:25.351621300,3.6986,3.6986,0.0000,0.1439,3.6853,0.2612,3.4241,NA,NA,NA,NA,NA,NA,NA
python.exe,22256,0x0,Other,0,0,1,Hardware: Legacy Flip,2026-8-20 19:20:25.355319900,7.2341,7.2341,0.0000,0.1342,7.1354,0.1460,6.9894,8.5690,12.7002,1.3547,6894.9093,NA,NA,NA
python.exe,22256,0x0,Other,-1,0,0,Composed: Copy with GPU GDI,2026-8-20 19:20:25.362554000,0.9828,0.9828,0.0000,0.0355,1.8868,1.8868,0.0000,NA,NA,NA,NA,NA,NA,NA
python.exe,22256,0x0,Other,-1,0,0,Composed: Copy with GPU GDI,2026-8-20 19:20:25.363536800,8.7297,8.7297,0.0000,0.9437,8.0890,0.5298,7.5592,NA,NA,NA,NA,NA,NA,NA
python.exe,22256,0x0,Other,-1,0,0,Composed: Copy with GPU GDI,2026-8-20 19:20:25.372266500,1.7216,1.7216,0.0000,0.3076,1.9375,0.6678,1.2697,NA,NA,NA,NA,NA,NA,NA
python.exe,22256,0x0,Other,0,0,1,Hardware: Legacy Flip,2026-8-20 19:20:25.373988100,1.3137,1.3137,0.0000,0.5271,0.8046,0.0664,0.7382,2.6010,19.9586,5.9680,6913.5775,NA,NA,NA
python.exe,22256,0x0,Other,-1,0,0,Composed: Copy with GPU GDI,2026-8-20 19:20:25.375301800,8.2362,8.2362,0.0000,0.0180,8.3863,1.4360,6.9503,21.2459,0.4709,-18.6449,6914.8912,NA,NA,NA
python.exe,22256,0x0,Other,-1,0,0,Composed: Copy with GPU GDI,2026-8-20 19:20:25.383538000,2.6721,2.6721,0.0000,0.1709,2.8362,0.4324,2.4038,NA,NA,NA,NA,NA,NA,NA
python.exe,22256,0x0,Other,0,0,1,Hardware: Legacy Flip,2026-8-20 19:20:25.386210100,9.3459,9.3459,0.0000,0.3381,9.0633,0.1280,8.9353,10.8085,11.6636,10.4374,6925.7995,NA,NA,NA
python.exe,22256,0x0,Other,-1,0,0,Composed: Copy with GPU GDI,2026-8-20 19:20:25.395556000,0.9207,0.9207,0.0000,0.0555,2.0093,2.0093,0.0000,NA,NA,NA,NA,NA,NA,NA
python.exe,22256,0x0,Other,-1,0,0,Composed: Copy with GPU GDI,2026-8-20 19:20:25.396476700,1.3010,1.3010,0.0000,1.1510,0.2807,0.2385,0.0422,12.2055,12.3791,-1.3970,6936.0661,NA,NA,NA
python.exe,22256,0x0,Other,-1,0,0,Composed: Copy with GPU GDI,2026-8-20 19:20:25.397777700,9.4753,9.4753,0.0000,0.1346,9.4737,0.4160,9.0577,23.2836,5.8165,-11.0781,6937.3671,NA,NA,NA
python.exe,22256,0x0,Other,-1,0,0,Composed: Copy with GPU GDI,2026-8-20 19:20:25.407253000,3.6207,3.6207,0.0000,0.1362,3.7784,0.5359,3.2425,19.6248,36.0747,3.6588,6946.8424,NA,NA,NA
python.exe,22256,0x0,Other,-1,0,0,Composed: Copy with GPU GDI,2026-8-20 19:20:25.410873700,48.6054,48.6054,0.0000,0.2979,48.9378,0.7550,48.1828,NA,NA,NA,NA,NA,NA,NA
python.exe,22256,0x0,Other,-1,0,0,Composed: Copy with GPU GDI,2026-8-20 19:20:25.459479100,1.5476,1.5476,0.0000,0.6355,1.0910,0.3284,0.7626,NA,NA,NA,NA,NA,NA,NA
python.exe,22256,0x0,Other,0,0,1,Hardware: Legacy Flip,2026-8-20 19:20:25.461026700,0.2548,0.2548,0.0000,0.1814,0.2113,0.1819,0.0294,1.9258,1.6709,17.6990,7000.6161,NA,NA,NA
python.exe,22256,0x0,Other,-1,0,0,Composed: Copy with GPU GDI,2026-8-20 19:20:25.461281500,0.8083,0.8083,0.0000,2.0853,0.0633,0.0633,0.0000,NA,NA,NA,NA,NA,NA,NA
python.exe,22256,0x0,Other,0,0,1,Hardware: Legacy Flip,2026-8-20 19:20:25.462089800,1.2406,1.2406,0.0000,0.0000,1.9474,1.9474,0.0000,2.5336,16.8708,-0.6078,7001.6792,NA,NA,NA
python.exe,22256,0x0,Other,-1,0,0,Composed: Copy with GPU GDI,2026-8-20 19:20:25.463330400,2.1029,2.1029,0.0000,0.0997,2.0989,1.3156,0.7833,18.1638,3.9146,-15.6302,7002.9198,NA,NA,NA
python.exe,22256,0x0,Other,-1,0,0,Composed: Copy with GPU GDI,2026-8-20 19:20:25.465433300,7.8257,7.8257,0.0000,0.0990,8.0044,0.5902,7.4142,NA,NA,NA,NA,NA,NA,NA
python.exe,22256,0x0,Other,-1,0,0,Composed: Copy with GPU GDI,2026-8-20 19:20:25.473259000,4.4923,4.4923,0.0000,0.2977,4.8158,0.7763,4.0395,NA,NA,NA,NA,NA,NA,NA
python.exe,22256,0x0,Other,0,0,1,Hardware: Legacy Flip,2026-8-20 19:20:25.477751300,6.4356,6.4356,0.0000,0.6301,5.8710,0.1346,5.7364,7.6575,11.9418,10.5063,7017.3407,NA,NA,NA
python.exe,22256,0x0,Other,-1,0,0,Composed: Copy with GPU GDI,2026-8-20 19:20:25.484186900,0.2198,0.2198,0.0000,0.0655,1.2390,1.2390,0.0000,NA,NA,NA,NA,NA,NA,NA
python.exe,22256,0x0,Other,-1,0,0,Composed: Copy with GPU GDI,2026-8-20 19:20:25.484406700,10.8278,10.8278,0.0000,1.0878,10.2588,0.6833,9.5755,NA,NA,NA,NA,NA,NA,NA
python.exe,22256,0x0,Other,0,0,1,Hardware: Legacy Flip,2026-8-20 19:20:25.495234500,0.6453,0.6453,0.0000,0.5214,0.1490,0.0785,0.0705,2.1161,8.3884,5.5414,7034.8239,NA,NA,NA
python.exe,22256,0x0,Other,-1,0,0,Composed: Copy with GPU GDI,2026-8-20 19:20:25.495879800,0.4703,0.4703,0.0000,0.0251,1.5274,1.5274,0.0000,9.8592,5.4978,-7.7431,7035.4692,NA,NA,NA
python.exe,22256,0x0,Other,-1,0,0,Composed: Copy with GPU GDI,2026-8-20 19:20:25.496350100,10.1621,10.1621,0.0000,1.0856,9.3149,0.4095,8.9054,NA,NA,NA,NA,NA,NA,NA
python.exe,22256,0x0,Other,-1,0,0,Composed: Copy with GPU GDI,2026-8-20 19:20:25.506512200,2.6029,2.6029,0.0000,0.2414,2.7726,0.5556,2.2170,NA,NA,NA,NA,NA,NA,NA
python.exe,22256,0x0,Other,0,0,1,Hardware: Legacy Flip,2026-8-20 19:20:25.509115100,0.4490,0.4490,0.0000,0.4111,0.0606,0.0606,0.0000,2.1217,18.4958,7.7375,7048.7045,NA,NA,NA
python.exe,22256,0x0,Other,-1,0,0,Composed: Copy with GPU GDI,2026-8-20 19:20:25.509564100,6.7809,6.7809,0.0000,0.0227,6.9989,1.8657,5.1332,NA,NA,NA,NA,NA,NA,NA
python.exe,22256,0x0,Other,-1,0,0,Composed: Copy with GPU GDI,2026-8-20 19:20:25.516345000,2.6048,2.6048,0.0000,0.2430,3.0817,0.8331,2.2486,NA,NA,NA,NA,NA,NA,NA
python.exe,22256,0x0,Other,0,0,1,Hardware: Legacy Flip,2026-8-20 19:20:25.518949800,9.3721,9.3721,0.0000,0.7240,8.7416,0.1955,8.5461,10.7828,12.4651,-8.6611,7058.5392,NA,NA,NA
python.exe,22256,0x0,Other,-1,0,0,Composed: Copy with GPU GDI,2026-8-20 19:20:25.528321900,0.7733,0.7733,0.0000,0.0935,1.8908,1.8908,0.0000,NA,NA,NA,NA,NA,NA,NA
python.exe,22256,0x0,Other,-1,0,0,Composed: Copy with GPU GDI,2026-8-20 19:20:25.529095200,1.9334,1.9334,0.0000,1.2141,1.3305,0.7849,0.5456,13.1025,0.7440,-2.3197,7068.6846,NA,NA,NA
python.exe,22256,0x0,Other,-1,0,0,Composed: Copy with GPU GDI,2026-8-20 19:20:25.531028600,8.8905,8.8905,0.0000,0.6157,8.5010,0.4281,8.0729,NA,NA,NA,NA,NA,NA,NA
python.exe,22256,0x0,Other,0,0,1,Hardware: Legacy Flip,2026-8-20 19:20:25.539919100,1.8526,1.8526,0.0000,0.2303,1.7192,0.1732,1.5460,3.0226,17.4024,10.0799,7079.5085,NA,NA,NA
python.exe,22256,0x0,Other,-1,0,0,Composed: Copy with GPU GDI,2026-8-20 19:20:25.541771700,2.1560,2.1560,0.0000,0.0969,2.6987,1.7929,0.9058,18.5724,3.2224,-15.5498,7081.3611,NA,NA,NA
python.exe,22256,0x0,Other,-1,0,0,Composed: Copy with GPU GDI,2026-8-20 19:20:25.543927700,7.8936,7.8936,0.0000,0.6442,7.3704,0.3240,7.0464,NA,NA,NA,NA,NA,NA,NA
python.exe,22256,0x0,Other,-1,0,0,Composed: Copy with GPU GDI,2026-8-20 19:20:25.551821300,8.9664,8.9664,0.0000,0.1246,9.3735,0.6905,8.6830,NA,NA,NA,NA,NA,NA,NA
python.exe,22256,0x0,Other,0,0,1,Hardware: Legacy Flip,2026-8-20 19:20:25.560787700,1.2812,1.2812,0.0000,0.5388,0.8297,0.1509,0.6788,2.7788,8.9777,15.7936,7100.3771,NA,NA,NA
python.exe,22256,0x0,Other,-1,0,0,Composed: Copy with GPU GDI,2026-8-20 19:20:25.562068900,0.4564,0.4564,0.0000,0.0873,1.5512,1.5512,0.0000,10.4753,5.8644,-7.6965,7101.6583,NA,NA,NA
python.exe,22256,0x0,Other,-1,0,0,Composed: Copy with GPU GDI,2026-8-20 19:20:25.562525300,12.7785,12.7785,0.0000,1.1864,11.8892,0.5569,11.3323,NA,NA,NA,NA,NA,NA,NA
python.exe,22256,0x0,Other,-1,0,0,Composed: Copy with GPU GDI,2026-8-20 19:20:25.575303800,1.3080,1.3080,0.0000,0.3011,1.6908,0.8840,0.8068,NA,NA,NA,NA,NA,NA,NA
python.exe,22256,0x0,Other,0,0,1,Hardware: Legacy Flip,2026-8-20 19:20:25.576611800,0.6664,0.6664,0.0000,0.6839,0.0604,0.0604,0.0000,1.7968,17.7164,8.6785,7116.2012,NA,NA,NA
python.exe,22256,0x0,Other,-1,0,0,Composed: Copy with GPU GDI,2026-8-20 19:20:25.577278200,6.7925,6.7925,0.0000,0.0779,6.9475,1.5304,5.4171,NA,NA,NA,NA,NA,NA,NA
python.exe,22256,0x0,Other,-1,0,0,Composed: Copy with GPU GDI,2026-8-20 19:20:25.584070700,3.2749,3.2749,0.0000,0.2387,3.1740,0.2569,2.9171,NA,NA,NA,NA,NA,NA,NA
python.exe,22256,0x0,Other,-1,0,0,Composed: Copy with GPU GDI,2026-8-20 19:20:25.587345600,6.6860,6.6860,0.0000,0.1411,6.6860,0.2608,6.4252,NA,NA,NA,NA,NA,NA,NA
python.exe,22256,0x0,Other,0,0,1,Hardware: Legacy Flip,2026-8-20 19:20:25.594031600,0.5791,0.5791,0.0000,0.1445,0.5179,0.1471,0.3708,2.0934,15.9425,-0.2966,7133.6210,NA,NA,NA
python.exe,22256,0x0,Other,-1,0,0,Composed: Copy with GPU GDI,2026-8-20 19:20:25.594610700,4.1358,4.1358,0.0000,0.0833,4.1943,1.7450,2.4493,NA,NA,NA,NA,NA,NA,NA
python.exe,22256,0x0,Other,-1,0,0,Composed: Copy with GPU GDI,2026-8-20 19:20:25.598746500,7.8761,7.8761,0.0000,0.1455,8.1583,0.5564,7.6019,NA,NA,NA,NA,NA,NA,NA
python.exe,22256,0x0,Other,0,0,1,Hardware: Legacy Flip,2026-8-20 19:20:25.606622600,4.2584,4.2584,0.0000,0.4308,3.8783,0.1104,3.7679,5.4449,15.0670,-3.3515,7146.2120,NA,NA,NA
python.exe,22256,0x0,Other,-1,0,0,Composed: Copy with GPU GDI,2026-8-20 19:20:25.610881000,0.4597,0.4597,0.0000,0.0507,1.6701,1.6701,0.0000,16.2535,4.4270,-10.8086,7150.4704,NA,NA,NA
python.exe,22256,0x0,Other,-1,0,0,Composed: Copy with GPU GDI,2026-8-20 19:20:25.611340700,6.2839,6.2839,0.0000,1.2656,5.4600,0.5764,4.8836,NA,NA,NA,NA,NA,NA,NA
python.exe,22256,0x0,Other,-1,0,0,Composed: Copy with GPU GDI,2026-8-20 19:20:25.617624600,11.2577,11.2577,0.0000,0.4451,11.2505,0.6735,10.5770,NA,NA,NA,NA,NA,NA,NA
python.exe,22256,0x0,Other,-1,0,0,Composed: Copy with GPU GDI,2026-8-20 19:20:25.628882300,1.2305,1.2305,0.0000,0.4420,0.9786,0.3417,0.6369,NA,NA,NA,NA,NA,NA,NA
python.exe,22256,0x0,Other,0,0,1,Hardware: Legacy Flip,2026-8-20 19:20:25.630112800,0.2660,0.2660,0.0000,0.2101,0.1128,0.1098,0.0030,1.4487,12.4565,14.8048,7169.7022,NA,NA,NA
python.exe,22256,0x0,Other,-1,0,0,Composed: Copy with GPU GDI,2026-8-20 19:20:25.630378800,8.5361,8.5361,0.0000,0.0569,8.6420,1.5790,7.0630,NA,NA,NA,NA,NA,NA,NA
python.exe,22256,0x0,Other,-1,0,0,Composed: Copy with GPU GDI,2026-8-20 19:20:25.638914900,2.6440,2.6440,0.0000,0.1659,2.6574,0.3253,2.3321,NA,NA,NA,NA,NA,NA,NA
python.exe,22256,0x0,Other,0,0,1,Hardware: Legacy Flip,2026-8-20 19:20:25.641558900,1.1631,1.1631,0.0000,0.1827,0.9978,0.0709,0.9269,2.4591,19.5715,-1.0104,7181.1483,NA,NA,NA
python.exe,22256,0x0,Other,-1,0,0,Composed: Copy with GPU GDI,2026-8-20 19:20:25.642722000,7.3511,7.3511,0.0000,0.0174,7.4563,1.5531,5.9032,20.8675,1.3875,-18.4084,7182.3114,NA,NA,NA
python.exe,22256,0x0,Other,-1,0,0,Composed: Copy with GPU GDI,2026-8-20 19:20:25.650073100,2.4619,2.4619,0.0000,0.1264,2.7919,0.5892,2.2027,NA,NA,NA,NA,NA,NA,NA
python.exe,22256,0x0,Other,-1,0,0,Composed: Copy with GPU GDI,2026-8-20 19:20:25.652535000,10.4138,10.4138,0.0000,0.4597,10.3777,0.5749,9.8028,NA,NA,NA,NA,NA,NA,NA
python.exe,22256,0x0,Other,0,0,1,Hardware: Legacy Flip,2026-8-20 19:20:25.662948800,0.4535,0.4535,0.0000,0.4236,0.0896,0.0896,0.0000,2.0282,16.6848,18.8393,7202.5382,NA,NA,NA
python.exe,22256,0x0,Other,-1,0,0,Composed: Copy with GPU GDI,2026-8-20 19:20:25.663402300,1.5525,1.5525,0.0000,0.0597,2.3897,2.3897,0.0000,18.2595,3.0622,-16.2313,7202.9917,NA,NA,NA
python.exe,22256,0x0,Other,-1,0,0,Composed: Copy with GPU GDI,2026-8-20 19:20:25.664954800,8.7849,8.7849,0.0000,0.9013,8.6578,1.0267,7.6311,NA,NA,NA,NA,NA,NA,NA
python.exe,22256,0x0,Other,-1,0,0,Composed: Copy with GPU GDI,2026-8-20 19:20:25.673739700,8.9687,8.9687,0.0000,0.7799,8.4629,0.4623,8.0006,NA,NA,NA,NA,NA,NA,NA
python.exe,22256,0x0,Other,0,0,1,Hardware: Legacy Flip,2026-8-20 19:20:25.682708400,0.9364,0.9364,0.0000,0.2784,0.7037,0.1077,0.5960,2.0156,9.0861,16.2439,7222.2978,NA,NA,NA
python.exe,22256,0x0,Other,-1,0,0,Composed: Copy with GPU GDI,2026-8-20 19:20:25.683644800,0.2805,0.2805,0.0000,0.0457,1.3419,1.3419,0.0000,10.1653,2.5804,-8.1497,7223.2342,NA,NA,NA
python.exe,22256,0x0,Other,-1,0,0,Composed: Copy with GPU GDI,2026-8-20 19:20:25.683925300,10.2124,10.2124,0.0000,1.1128,9.2628,0.4038,8.8590,NA,NA,NA,NA,NA,NA,NA
python.exe,22256,0x0,Other,0,0,1,Hardware: Legacy Flip,2026-8-20 19:20:25.694137700,1.0360,1.0360,0.0000,0.1671,0.9031,0.1131,0.7900,2.2528,9.6184,7.9125,7233.7271,NA,NA,NA
python.exe,22256,0x0,Other,-1,0,0,Composed: Copy with GPU GDI,2026-8-20 19:20:25.695173700,0.4738,0.4738,0.0000,0.0342,1.3445,1.3445,0.0000,10.8352,4.0067,-8.5824,7234.7631,NA,NA,NA
python.exe,22256,0x0,Other,-1,0,0,Composed: Copy with GPU GDI,2026-8-20 19:20:25.695647500,9.2417,9.2417,0.0000,0.9073,8.7690,0.5874,8.1816,NA,NA,NA,NA,NA,NA,NA
python.exe,22256,0x0,Other,0,0,1,Hardware: Legacy Flip,2026-8-20 19:20:25.704889200,4.0163,4.0163,0.0000,0.4378,3.6762,0.1636,3.5126,5.1264,14.1226,5.7088,7244.4786,NA,NA,NA
python.exe,22256,0x0,Other,-1,0,0,Composed: Copy with GPU GDI,2026-8-20 19:20:25.708905500,0.7954,0.7954,0.0000,0.0977,1.5431,1.5431,0.0000,15.2327,6.1482,-10.1063,7248.4949,NA,NA,NA
python.exe,22256,0x0,Other,-1,0,0,Composed: Copy with GPU GDI,2026-8-20 19:20:25.709700900,6.8421,6.8421,0.0000,0.8492,6.6919,0.8682,5.8237,NA,NA,NA,NA,NA,NA,NA
python.exe,22256,0x0,Other,-1,0,0,Composed: Copy with GPU GDI,2026-8-20 19:20:25.716543000,3.0173,3.0173,0.0000,0.7061,2.4517,0.3004,2.1513,NA,NA,NA,NA,NA,NA,NA
python.exe,22256,0x0,Other,0,0,1,Hardware: Legacy Flip,2026-8-20 19:20:25.719560300,9.4715,9.4715,0.0000,0.1441,9.3986,0.1495,9.2491,10.7261,12.0542,4.5066,7259.1497,NA,NA,NA
python.exe,22256,0x0,Other,-1,0,0,Composed: Copy with GPU GDI,2026-8-20 19:20:25.729031800,0.2882,0.2882,0.0000,0.0712,1.2784,1.2784,0.0000,13.3088,6.1550,-2.5827,7268.6212,NA,NA,NA
python.exe,22256,0x0,Other,-1,0,0,Composed: Copy with GPU GDI,2026-8-20 19:20:25.729320000,2.8841,2.8841,0.0000,1.0642,2.0173,0.3125,1.7048,19.1756,4.6066,-5.8668,7268.9094,NA,NA,NA
python.exe,22256,0x0,Other,-1,0,0,Composed: Copy with GPU GDI,2026-8-20 19:20:25.732204100,9.7495,9.7495,0.0000,0.2009,9.8380,0.4925,9.3455,NA,NA,NA,NA,NA,NA,NA
python.exe,22256,0x0,Other,-1,0,0,Composed: Copy with GPU GDI,2026-8-20 19:20:25.741953600,1.9148,1.9148,0.0000,0.2930,1.9467,0.4647,1.4820,NA,NA,NA,NA,NA,NA,NA
python.exe,22256,0x0,Other,0,0,1,Hardware: Legacy Flip,2026-8-20 19:20:25.743868400,8.2653,8.2653,0.0000,0.3294,8.0411,0.2313,7.8098,9.2338,11.5197,9.9418,7283.4578,NA,NA,NA
python.exe,22256,0x0,Other,-1,0,0,Composed: Copy with GPU GDI,2026-8-20 19:20:25.752133700,0.4778,0.4778,0.0000,0.1052,1.4724,1.4724,0.0000,NA,NA,NA,NA,NA,NA,NA
python.exe,22256,0x0,Other,-1,0,0,Composed: Copy with GPU GDI,2026-8-20 19:20:25.752611500,3.1324,3.1324,0.0000,1.1026,2.2826,0.4065,1.8761,NA,NA,NA,NA,NA,NA,NA
python.exe,22256,0x0,Other,-1,0,0,Composed: Copy with GPU GDI,2026-8-20 19:20:25.755743900,7.2176,7.2176,0.0000,7.4241,0.4355,0.4355,0.0000,NA,NA,NA,NA,NA,NA,NA
python.exe,22256,0x0,Other,0,0,1,Hardware: Legacy Flip,2026-8-20 19:20:25.762961500,0.1870,0.1870,0.0000,0.0000,7.1668,0.4400,6.7268,1.6604,12.1639,7.5734,7302.5509,NA,NA,NA
python.exe,22256,0x0,Other,-1,0,0,Composed: Copy with GPU GDI,2026-8-20 19:20:25.763148500,10.8045,10.8045,0.0000,0.4550,10.5908,1.3965,9.1943,NA,NA,NA,NA,NA,NA,NA
python.exe,22256,0x0,Other,-1,0,0,Composed: Copy with GPU GDI,2026-8-20 19:20:25.773953000,0.7701,0.7701,0.0000,0.2477,0.6327,0.2109,0.4218,NA,NA,NA,NA,NA,NA,NA
python.exe,22256,0x0,Other,0,0,1,Hardware: Legacy Flip,2026-8-20 19:20:25.774723100,0.7975,0.7975,0.0000,0.1125,0.7024,0.0581,0.6443,2.0627,20.1809,-0.4023,7314.3125,NA,NA,NA
python.exe,22256,0x0,Other,-1,0,0,Composed: Copy with GPU GDI,2026-8-20 19:20:25.775520600,8.4428,8.4428,0.0000,0.0174,8.7934,1.7626,7.0308,21.4461,3.7695,-19.3834,7315.1100,NA,NA,NA
python.exe,22256,0x0,Other,-1,0,0,Composed: Copy with GPU GDI,2026-8-20 19:20:25.783963400,2.3667,2.3667,0.0000,0.3722,2.1964,0.3087,1.8877,NA,NA,NA,NA,NA,NA,NA
python.exe,22256,0x0,Other,-1,0,0,Composed: Copy with GPU GDI,2026-8-20 19:20:25.786330100,11.6294,11.6294,0.0000,0.2057,11.9511,0.6969,11.2542,NA,NA,NA,NA,NA,NA,NA
python.exe,22256,0x0,Other,0,0,1,Hardware: Legacy Flip,2026-8-20 19:20:25.797959500,1.2319,1.2319,0.0000,0.5332,0.8557,0.2525,0.6032,2.7767,8.3685,18.6694,7337.5489,NA,NA,NA
python.exe,22256,0x0,Other,-1,0,0,Composed: Copy with GPU GDI,2026-8-20 19:20:25.799191400,0.3984,0.3984,0.0000,0.1570,1.4494,1.4494,0.0000,9.9133,8.8334,-7.1366,7338.7808,NA,NA,NA
python.exe,22256,0x0,Other,-1,0,0,Composed: Copy with GPU GDI,2026-8-20 19:20:25.799589800,7.6485,7.6485,0.0000,1.2479,7.2678,0.9899,6.2779,NA,NA,NA,NA,NA,NA,NA
python.exe,22256,0x0,Other,-1,0,0,Composed: Copy with GPU GDI,2026-8-20 19:20:25.807238300,8.2174,8.2174,0.0000,0.8714,7.6601,0.5322,7.1279,NA,NA,NA,NA,NA,NA,NA
python.exe,22256,0x0,Other,0,0,1,Hardware: Legacy Flip,2026-8-20 19:20:25.815455700,1.0376,1.0376,0.0000,0.3187,0.7743,0.1100,0.6643,2.4824,9.3721,7.4309,7355.0451,NA,NA,NA
python.exe,22256,0x0,Other,-1,0,0,Composed: Copy with GPU GDI,2026-8-20 19:20:25.816493300,0.5036,0.5036,0.0000,0.0554,1.4290,1.4290,0.0000,10.8169,2.6573,-8.3345,7356.0827,NA,NA,NA
python.exe,22256,0x0,Other,-1,0,0,Composed: Copy with GPU GDI,2026-8-20 19:20:25.816996900,11.1537,11.1537,0.0000,0.9837,10.4063,0.5130,9.8933,NA,NA,NA,NA,NA,NA,NA
python.exe,22256,0x0,Other,0,0,1,Hardware: Legacy Flip,2026-8-20 19:20:25.828150600,0.4845,0.4845,0.0000,0.2406,0.2749,0.0999,0.1750,1.8169,9.4538,9.0000,7367.7400,NA,NA,NA
python.exe,22256,0x0,Other,-1,0,0,Composed: Copy with GPU GDI,2026-8-20 19:20:25.828635100,0.3991,0.3991,0.0000,0.0310,1.3501,1.3501,0.0000,10.7862,4.4587,-8.9693,7368.2245,NA,NA,NA
python.exe,22256,0x0,Other,-1,0,0,Composed: Copy with GPU GDI,2026-8-20 19:20:25.829034200,9.0453,9.0453,0.0000,0.9849,8.3882,0.5292,7.8590,NA,NA,NA,NA,NA,NA,NA
python.exe,22256,0x0,Other,-1,0,0,Composed: Copy with GPU GDI,2026-8-20 19:20:25.838079500,3.5628,3.5628,0.0000,0.3307,3.5077,0.5528,2.9549,NA,NA,NA,NA,NA,NA,NA
python.exe,22256,0x0,Other,0,0,1,Hardware: Legacy Flip,2026-8-20 19:20:25.841642300,1.0204,1.0204,0.0000,0.2808,0.8360,0.1844,0.6516,2.2377,19.7741,8.5485,7381.2317,NA,NA,NA
python.exe,22256,0x0,Other,-1,0,0,Composed: Copy with GPU GDI,2026-8-20 19:20:25.842662700,6.1483,6.1483,0.0000,0.0964,6.7414,1.9448,4.7966,20.9914,0.1988,-18.7537,7382.2521,NA,NA,NA
python.exe,22256,0x0,Other,-1,0,0,Composed: Copy with GPU GDI,2026-8-20 19:20:25.848811000,5.9011,5.9011,0.0000,0.6940,5.5193,0.3695,5.1498,NA,NA,NA,NA,NA,NA,NA
python.exe,22256,0x0,Other,0,0,1,Hardware: Legacy Flip,2026-8-20 19:20:25.854712100,7.8766,7.8766,0.0000,0.3166,7.6670,0.2263,7.4407,9.1408,11.9593,11.8506,7394.3015,NA,NA,NA
python.exe,22256,0x0,Other,-1,0,0,Composed: Copy with GPU GDI,2026-8-20 19:20:25.862588700,0.7104,0.7104,0.0000,0.1070,1.7817,1.7817,0.0000,NA,NA,NA,NA,NA,NA,NA
python.exe,22256,0x0,Other,-1,0,0,Composed: Copy with GPU GDI,2026-8-20 19:20:25.863299100,0.7991,0.7991,0.0000,1.1813,0.0067,0.0067,0.0000,12.5131,8.6369,-3.3723,7402.8885,NA,NA,NA
python.exe,22256,0x0,Other,-1,0,0,Composed: Copy with GPU GDI,2026-8-20 19:20:25.864098200,9.8654,9.8654,0.0000,0.3882,9.8592,0.5619,9.2973,NA,NA,NA,NA,NA,NA,NA
python.exe,22256,0x0,Other,-1,0,0,Composed: Copy with GPU GDI,2026-8-20 19:20:25.873963600,3.7566,3.7566,0.0000,0.3846,3.5089,0.2786,3.2303,NA,NA,NA,NA,NA,NA,NA
python.exe,22256,0x0,Other,0,0,1,Hardware: Legacy Flip,2026-8-20 19:20:25.877720200,5.4325,5.4325,0.0000,0.1408,5.4164,0.2362,5.1802,6.7289,12.8715,5.7842,7417.3096,NA,NA,NA
python.exe,22256,0x0,Other,-1,0,0,Composed: Copy with GPU GDI,2026-8-20 19:20:25.883152700,1.4546,1.4546,0.0000,0.1247,1.9717,1.9717,0.0000,NA,NA,NA,NA,NA,NA,NA
python.exe,22256,0x0,Other,-1,0,0,Composed: Copy with GPU GDI,2026-8-20 19:20:25.884607300,10.0730,10.0730,0.0000,0.6488,9.7524,0.5106,9.2418,NA,NA,NA,NA,NA,NA,NA
python.exe,22256,0x0,Other,0,0,1,Hardware: Legacy Flip,2026-8-20 19:20:25.894680300,1.1637,1.1637,0.0000,0.3347,0.8726,0.1599,0.7127,2.6403,8.8312,4.0886,7434.2697,NA,NA,NA
python.exe,22256,0x0,Other,-1,0,0,Composed: Copy with GPU GDI,2026-8-20 19:20:25.895844000,0.6367,0.6367,0.0000,0.0436,2.0281,2.0281,0.0000,10.3078,12.1412,-7.6675,7435.4334,NA,NA,NA
python.exe,22256,0x0,Other,-1,0,0,Composed: Copy with GPU GDI,2026-8-20 19:20:25.896480700,9.6057,9.6057,0.0000,1.4384,8.8332,0.8649,7.9683,NA,NA,NA,NA,NA,NA,NA
python.exe,22256,0x0,Other,-1,0,0,Composed: Copy with GPU GDI,2026-8-20 19:20:25.906086400,1.2220,1.2220,0.0000,0.6791,0.6386,0.2104,0.4282,12.2066,2.0062,-1.8988,7445.6758,NA,NA,NA
python.exe,22256,0x0,Other,0,0,1,Hardware: Legacy Flip,2026-8-20 19:20:25.907308400,11.9980,11.9980,0.0000,0.1000,12.0062,0.2450,11.7612,12.9908,10.0910,-0.7842,7446.8978,NA,NA,NA
python.exe,22256,0x0,Other,-1,0,0,Composed: Copy with GPU GDI,2026-8-20 19:20:25.919306400,0.3777,0.3777,0.0000,0.1082,1.0548,1.0548,0.0000,NA,NA,NA,NA,NA,NA,NA
python.exe,22256,0x0,Other,-1,0,0,Composed: Copy with GPU GDI,2026-8-20 19:20:25.919684100,0.7340,0.7340,0.0000,0.7886,0.2460,0.2460,0.0000,10.7061,0.2377,2.2847,7459.2735,NA,NA,NA
python.exe,22256,0x0,Other,-1,0,0,Composed: Copy with GPU GDI,2026-8-20 19:20:25.920418100,8.1680,8.1680,0.0000,0.2998,8.2281,0.5470,7.6811,NA,NA,NA,NA,NA,NA,NA
python.exe,22256,0x0,Other,0,0,1,Hardware: Legacy Flip,2026-8-20 19:20:25.928586100,0.3932,0.3932,0.0000,0.3599,0.0571,0.0571,0.0000,2.0418,17.9911,8.6643,7468.1755,NA,NA,NA
python.exe,22256,0x0,Other,-1,0,0,Composed: Copy with GPU GDI,2026-8-20 19:20:25.928979300,3.2785,3.2785,0.0000,0.0238,3.6184,2.0067,1.6117,19.6397,4.4148,-17.5979,7468.5687,NA,NA,NA
python.exe,22256,0x0,Other,-1,0,0,Composed: Copy with GPU GDI,2026-8-20 19:20:25.932257800,7.9249,7.9249,0.0000,0.3681,7.8387,0.4585,7.3802,NA,NA,NA,NA,NA,NA,NA
python.exe,22256,0x0,Other,-1,0,0,Composed: Copy with GPU GDI,2026-8-20 19:20:25.940182700,4.3246,4.3246,0.0000,0.2849,4.2164,0.3555,3.8609,NA,NA,NA,NA,NA,NA,NA
python.exe,22256,0x0,Other,0,0,1,Hardware: Legacy Flip,2026-8-20 19:20:25.944507300,7.1839,7.1839,0.0000,0.1833,7.0659,0.1496,6.9163,8.5265,11.1533,11.1132,7484.0967,NA,NA,NA
python.exe,22256,0x0,Other,-1,0,0,Composed: Copy with GPU GDI,2026-8-20 19:20:25.951691200,0.5946,0.5946,0.0000,0.0653,1.8381,1.8381,0.0000,NA,NA,NA,NA,NA,NA,NA
python.exe,22256,0x0,Other,-1,0,0,Composed: Copy with GPU GDI,2026-8-20 19:20:25.952285800,3.4216,3.4216,0.0000,1.3129,3.0355,1.1166,1.9189,NA,NA,NA,NA,NA,NA,NA
python.exe,22256,0x0,Other,0,0,1,Hardware: Legacy Flip,2026-8-20 19:20:25.955707400,7.3882,7.3882,0.0000,0.9314,6.5012,0.1248,6.3764,8.4797,12.6330,0.0468,7495.2968,NA,NA,NA
python.exe,22256,0x0,Other,-1,0,0,Composed: Copy with GPU GDI,2026-8-20 19:20:25.963095600,0.7818,0.7818,0.0000,0.0444,1.6666,1.6666,0.0000,NA,NA,NA,NA,NA,NA,NA
python.exe,22256,0x0,Other,-1,0,0,Composed: Copy with GPU GDI,2026-8-20 19:20:25.963877400,9.1049,9.1049,0.0000,0.9337,8.3354,0.3511,7.9843,NA,NA,NA,NA,NA,NA,NA
python.exe,22256,0x0,Other,-1,0,0,Composed: Copy with GPU GDI,2026-8-20 19:20:25.972982300,0.7602,0.7602,0.0000,0.1693,0.6775,0.2172,0.4603,NA,NA,NA,NA,NA,NA,NA
python.exe,22256,0x0,Other,0,0,1,Hardware: Legacy Flip,2026-8-20 19:20:25.973742500,1.8757,1.8757,0.0000,0.0926,1.8012,0.0730,1.7282,3.0776,20.0555,5.4021,7513.3319,NA,NA,NA
python.exe,22256,0x0,Other,-1,0,0,Composed: Copy with GPU GDI,2026-8-20 19:20:25.975618200,9.1697,9.1697,0.0000,0.0181,9.8242,1.9814,7.8428,NA,NA,NA,NA,NA,NA,NA
python.exe,22256,0x0,Other,-1,0,0,Composed: Copy with GPU GDI,2026-8-20 19:20:25.984787900,1.1577,1.1577,0.0000,0.6761,0.6511,0.3208,0.3303,NA,NA,NA,NA,NA,NA,NA
python.exe,22256,0x0,Other,0,0,1,Hardware: Legacy Flip,2026-8-20 19:20:25.985945600,9.6730,9.6730,0.0000,0.1729,9.5544,0.1061,9.4483,10.9300,12.4133,-7.8524,7525.5350,NA,NA,NA
python.exe,22256,0x0,Other,-1,0,0,Composed: Copy with GPU GDI,2026-8-20 19:20:25.995618600,0.4223,0.4223,0.0000,0.0543,1.7526,1.7526,0.0000,NA,NA,NA,NA,NA,NA,NA
python.exe,22256,0x0,Other,-1,0,0,Composed: Copy with GPU GDI,2026-8-20 19:20:25.996040900,2.2419,2.2419,0.0000,1.3899,1.2109,0.5026,0.7083,13.2480,2.6630,-2.3180,7535.6303,NA,NA,NA
python.exe,22256,0x0,Other,-1,0,0,Composed: Copy with GPU GDI,2026-8-20 19:20:25.998282800,7.8292,7.8292,0.0000,0.3634,7.7728,0.4377,7.3351,NA,NA,NA,NA,NA,NA,NA
python.exe,22256,0x0,Other,0,0,1,Hardware: Legacy Flip,2026-8-20 19:20:26.006112000,4.2888,4.2888,0.0000,0.3095,4.1738,0.3248,3.8490,5.8399,15.5493,7.4081,7545.7014,NA,NA,NA
python.exe,22256,0x0,Other,-1,0,0,Composed: Copy with GPU GDI,2026-8-20 19:20:26.010400800,0.7469,0.7469,0.0000,0.1945,1.5077,1.5077,0.0000,17.1004,4.7033,-11.2605,7549.9902,NA,NA,NA
python.exe,22256,0x0,Other,-1,0,0,Composed: Copy with GPU GDI,2026-8-20 19:20:26.011147700,7.1614,7.1614,0.0000,0.9582,6.9542,0.9381,6.0161,NA,NA,NA,NA,NA,NA,NA
python.exe,22256,0x0,Other,-1,0,0,Composed: Copy with GPU GDI,2026-8-20 19:20:26.018309100,10.2781,10.2781,0.0000,0.7556,9.8584,0.5652,9.2932,NA,NA,NA,NA,NA,NA,NA
python.exe,22256,0x0,Other,-1,0,0,Composed: Copy with GPU GDI,2026-8-20 19:20:26.028587200,1.8644,1.8644,0.0000,0.3402,1.7340,0.3592,1.3748,NA,NA,NA,NA,NA,NA,NA
python.exe,22256,0x0,Other,0,0,1,Hardware: Legacy Flip,2026-8-20 19:20:26.030451600,0.2058,0.2058,0.0000,0.2098,0.0628,0.0628,0.0000,1.7529,12.8113,15.3475,7570.0410,NA,NA,NA
python.exe,22256,0x0,Other,-1,0,0,Composed: Copy with GPU GDI,2026-8-20 19:20:26.030657400,9.9261,9.9261,0.0000,0.0668,10.1555,1.8003,8.3552,NA,NA,NA,NA,NA,NA,NA
python.exe,22256,0x0,Other,-1,0,0,Composed: Copy with GPU GDI,2026-8-20 19:20:26.040583500,1.2437,1.2437,0.0000,0.3010,1.1698,0.4344,0.7354,NA,NA,NA,NA,NA,NA,NA
python.exe,22256,0x0,Other,0,0,1,Hardware: Legacy Flip,2026-8-20 19:20:26.041827200,1.9581,1.9581,0.0000,0.2317,1.7436,0.0689,1.6747,3.1886,18.5086,-1.4357,7581.4166,NA,NA,NA
python.exe,22256,0x0,Other,-1,0,0,Composed: Copy with GPU GDI,2026-8-20 19:20:26.043785300,5.9913,5.9913,0.0000,0.0172,6.2623,1.4642,4.7981,NA,NA,NA,NA,NA,NA,NA
python.exe,22256,0x0,Other,-1,0,0,Composed: Copy with GPU GDI,2026-8-20 19:20:26.049776600,3.8301,3.8301,0.0000,0.2924,3.7880,0.4815,3.3065,NA,NA,NA,NA,NA,NA,NA
python.exe,22256,0x0,Other,-1,0,0,Composed: Copy with GPU GDI,2026-8-20 19:20:26.053606700,8.1430,8.1430,0.0000,0.2555,8.0961,0.4191,7.6770,NA,NA,NA,NA,NA,NA,NA
python.exe,22256,0x0,Other,0,0,1,Hardware: Legacy Flip,2026-8-20 19:20:26.061749700,0.3272,0.3272,0.0000,0.2126,0.2008,0.1547,0.0461,1.7747,18.6010,1.4139,7601.3391,NA,NA,NA
python.exe,22256,0x0,Other,-1,0,0,Composed: Copy with GPU GDI,2026-8-20 19:20:26.062076900,2.9536,2.9536,0.0000,0.0862,3.0438,1.4349,1.6089,20.0485,4.4842,-18.2738,7601.6663,NA,NA,NA
python.exe,22256,0x0,Other,-1,0,0,Composed: Copy with GPU GDI,2026-8-20 19:20:26.065030500,8.2618,8.2618,0.0000,0.1793,8.3856,0.4304,7.9552,NA,NA,NA,NA,NA,NA,NA
python.exe,22256,0x0,Other,-1,0,0,Composed: Copy with GPU GDI,2026-8-20 19:20:26.073292300,9.2885,9.2885,0.0000,0.3221,9.4059,0.8047,8.6012,NA,NA,NA,NA,NA,NA,NA
python.exe,22256,0x0,Other,0,0,1,Hardware: Legacy Flip,2026-8-20 19:20:26.082580800,2.8467,2.8467,0.0000,0.4433,2.5252,0.1904,2.3348,4.0288,7.5802,16.0197,7622.1702,NA,NA,NA
python.exe,22256,0x0,Other,-1,0,0,Composed: Copy with GPU GDI,2026-8-20 19:20:26.085427500,0.4355,0.4355,0.0000,0.1218,1.3062,1.3062,0.0000,8.7623,3.8905,-4.7335,7625.0169,NA,NA,NA
python.exe,22256,0x0,Other,-1,0,0,Composed: Copy with GPU GDI,2026-8-20 19:20:26.085863000,9.8609,9.8609,0.0000,1.0051,9.2119,0.5604,8.6515,NA,NA,NA,NA,NA,NA,NA
python.exe,22256,0x0,Other,0,0,1,Hardware: Legacy Flip,2026-8-20 19:20:26.095723900,1.1382,1.1382,0.0000,0.3608,0.8849,0.2546,0.6303,2.3564,8.2714,6.4059,7635.3133,NA,NA,NA
python.exe,22256,0x0,Other,-1,0,0,Composed: Copy with GPU GDI,2026-8-20 19:20:26.096862100,0.5452,0.5452,0.0000,0.1075,1.2249,1.2249,0.0000,9.4896,5.3319,-7.1332,7636.4515,NA,NA,NA
python.exe,22256,0x0,Other,-1,0,0,Composed: Copy with GPU GDI,2026-8-20 19:20:26.097407300,7.6313,7.6313,0.0000,0.7911,7.0517,0.3515,6.7002,NA,NA,NA,NA,NA,NA,NA
python.exe,22256,0x0,Other,-1,0,0,Composed: Copy with GPU GDI,2026-8-20 19:20:26.105038600,3.5938,3.5938,0.0000,0.2143,4.0120,0.9209,3.0911,NA,NA,NA,NA,NA,NA,NA
python.exe,22256,0x0,Other,0,0,1,Hardware: Legacy Flip,2026-8-20 19:20:26.108632400,1.9035,1.9035,0.0000,0.6369,1.2819,0.0680,1.2139,3.0512,18.9790,6.4384,7648.2218,NA,NA,NA
python.exe,22256,0x0,Other,-1,0,0,Composed: Copy with GPU GDI,2026-8-20 19:20:26.110535900,5.9342,5.9342,0.0000,0.0153,6.0592,1.3892,4.6700,20.1267,1.1918,-17.0755,7650.1253,NA,NA,NA
python.exe,22256,0x0,Other,-1,0,0,Composed: Copy with GPU GDI,2026-8-20 19:20:26.116470100,5.4508,5.4508,0.0000,0.1427,5.5083,0.3523,5.1560,NA,NA,NA,NA,NA,NA,NA
python.exe,22256,0x0,Other,-1,0,0,Composed: Copy with GPU GDI,2026-8-20 19:20:26.121920900,7.6862,7.6862,0.0000,0.2065,7.7365,0.4443,7.2922,NA,NA,NA,NA,NA,NA,NA
python.exe,22256,0x0,Other,0,0,1,Hardware: Legacy Flip,2026-8-20 19:20:26.129607100,0.9419,0.9419,0.0000,0.2629,0.9003,0.2898,0.6105,2.2473,12.3715,17.8794,7669.1965,NA,NA,NA
python.exe,22256,0x0,Other,-1,0,0,Composed: Copy with GPU GDI,2026-8-20 19:20:26.130549000,2.3565,2.3565,0.0000,0.2213,2.2798,1.2231,1.0567,NA,NA,NA,NA,NA,NA,NA
python.exe,22256,0x0,Other,-1,0,0,Composed: Copy with GPU GDI,2026-8-20 19:20:26.132905500,5.2203,5.2203,0.0000,0.1502,5.3817,0.5202,4.8615,NA,NA,NA,NA,NA,NA,NA
python.exe,22256,0x0,Other,0,0,1,Hardware: Legacy Flip,2026-8-20 19:20:26.138125800,4.9644,4.9644,0.0000,0.3148,4.6707,0.0810,4.5897,6.1001,16.7534,-3.8528,7677.7152,NA,NA,NA
python.exe,22256,0x0,Other,-1,0,0,Composed: Copy with GPU GDI,2026-8-20 19:20:26.143090200,0.8510,0.8510,0.0000,0.0211,1.9380,1.9380,0.0000,17.8891,3.6839,-11.7890,7682.6796,NA,NA,NA
python.exe,22256,0x0,Other,-1,0,0,Composed: Copy with GPU GDI,2026-8-20 19:20:26.143941200,6.4862,6.4862,0.0000,1.1145,5.5257,0.4180,5.1077,NA,NA,NA,NA,NA,NA,NA
python.exe,22256,0x0,Other,-1,0,0,Composed: Copy with GPU GDI,2026-8-20 19:20:26.150427400,4.8835,4.8835,0.0000,0.1988,5.0391,0.5966,4.4425,NA,NA,NA,NA,NA,NA,NA
python.exe,22256,0x0,Other,-1,0,0,Composed: Copy with GPU GDI,2026-8-20 19:20:26.155310900,7.3097,7.3097,0.0000,0.3598,7.3795,0.7030,6.6765,NA,NA,NA,NA,NA,NA,NA
python.exe,22256,0x0,Other,0,0,1,Hardware: Legacy Flip,2026-8-20 19:20:26.162620600,0.5060,0.5060,0.0000,0.4369,0.1367,0.1339,0.0028,2.0426,12.8921,15.8465,7702.2100,NA,NA,NA
python.exe,22256,0x0,Other,-1,0,0,Composed: Copy with GPU GDI,2026-8-20 19:20:26.163126600,9.4896,9.4896,0.0000,0.0676,9.5143,1.5583,7.9560,NA,NA,NA,NA,NA,NA,NA
python.exe,22256,0x0,Other,-1,0,0,Composed: Copy with GPU GDI,2026-8-20 19:20:26.172616200,2.1286,2.1286,0.0000,0.0947,2.3215,0.4310,1.8905,NA,NA,NA,NA,NA,NA,NA
python.exe,22256,0x0,Other,0,0,1,Hardware: Legacy Flip,2026-8-20 19:20:26.174744800,1.7378,1.7378,0.0000,0.2907,1.4653,0.0592,1.4061,2.8105,19.4807,-0.7679,7714.3342,NA,NA,NA
python.exe,22256,0x0,Other,-1,0,0,Composed: Copy with GPU GDI,2026-8-20 19:20:26.176482600,6.5943,6.5943,0.0000,0.0182,6.8247,1.3628,5.4619,NA,NA,NA,NA,NA,NA,NA
python.exe,22256,0x0,Other,-1,0,0,Composed: Copy with GPU GDI,2026-8-20 19:20:26.183076900,2.5000,2.5000,0.0000,0.2525,2.6693,0.5469,2.1224,NA,NA,NA,NA,NA,NA,NA
python.exe,22256,0x0,Other,-1,0,0,Composed: Copy with GPU GDI,2026-8-20 19:20:26.185576900,10.0141,10.0141,0.0000,10.4118,0.0216,0.0216,0.0000,NA,NA,NA,NA,NA,NA,NA
python.exe,22256,0x0,Other,0,0,1,Hardware: Legacy Flip,2026-8-20 19:20:26.195591000,0.3319,0.3319,0.0000,0.0000,9.9864,0.5803,9.4061,1.4450,15.1654,1.3655,7735.1804,NA,NA,NA
python.exe,22256,0x0,Other,-1,0,0,Composed: Copy with GPU GDI,2026-8-20 19:20:26.195922900,2.3473,2.3473,0.0000,0.0874,2.8083,1.6272,1.1811,NA,NA,NA,NA,NA,NA,NA
python.exe,22256,0x0,Other,-1,0,0,Composed: Copy with GPU GDI,2026-8-20 19:20:26.198270200,7.8686,7.8686,0.0000,0.5516,7.5419,0.3783,7.1636,NA,NA,NA,NA,NA,NA,NA
python.exe,22256,0x0,Other,0,0,1,Hardware: Legacy Flip,2026-8-20 19:20:26.206138800,4.6985,4.6985,0.0000,0.2279,4.4979,0.1894,4.3085,6.0626,15.4799,-4.6176,7745.7282,NA,NA,NA
python.exe,22256,0x0,Other,-1,0,0,Composed: Copy with GPU GDI,2026-8-20 19:20:26.210837300,0.2901,0.2901,0.0000,0.0273,1.3889,1.3889,0.0000,16.8440,1.5334,-10.7814,7750.4267,NA,NA,NA
python.exe,22256,0x0,Other,-1,0,0,Composed: Copy with GPU GDI,2026-8-20 19:20:26.211127400,6.1973,6.1973,0.0000,1.1307,5.2508,0.3100,4.9408,NA,NA,NA,NA,NA,NA,NA
python.exe,22256,0x0,Other,-1,0,0,Composed: Copy with GPU GDI,2026-8-20 19:20:26.217324700,5.3140,5.3140,0.0000,0.1815,5.3658,0.4574,4.9084,NA,NA,NA,NA,NA,NA,NA
python.exe,22256,0x0,Other,0,0,1,Hardware: Legacy Flip,2026-8-20 19:20:26.222638700,5.2994,5.2994,0.0000,0.2373,5.1655,0.2466,4.9189,6.5760,14.9625,10.2680,7762.2281,NA,NA,NA
python.exe,22256,0x0,Other,-1,0,0,Composed: Copy with GPU GDI,2026-8-20 19:20:26.227938100,1.0062,1.0062,0.0000,0.1034,1.9332,1.9332,0.0000,NA,NA,NA,NA,NA,NA,NA
python.exe,22256,0x0,Other,-1,0,0,Composed: Copy with GPU GDI,2026-8-20 19:20:26.228944300,10.7045,10.7045,0.0000,1.0357,9.9584,0.4615,9.4969,NA,NA,NA,NA,NA,NA,NA
python.exe,22256,0x0,Other,-1,0,0,Composed: Copy with GPU GDI,2026-8-20 19:20:26.239648800,1.9261,1.9261,0.0000,0.2926,1.8945,0.4355,1.4590,NA,NA,NA,NA,NA,NA,NA
python.exe,22256,0x0,Other,0,0,1,Hardware: Legacy Flip,2026-8-20 19:20:26.241574900,1.0980,1.0980,0.0000,0.2657,0.9321,0.1871,0.7450,2.6023,19.7112,3.9737,7781.1643,NA,NA,NA
python.exe,22256,0x0,Other,-1,0,0,Composed: Copy with GPU GDI,2026-8-20 19:20:26.242672900,8.0735,8.0735,0.0000,0.0998,8.1916,1.6567,6.5349,NA,NA,NA,NA,NA,NA,NA
python.exe,22256,0x0,Other,-1,0,0,Composed: Copy with GPU GDI,2026-8-20 19:20:26.250746400,2.6735,2.6735,0.0000,0.2220,2.6885,0.4719,2.2166,NA,NA,NA,NA,NA,NA,NA
python.exe,22256,0x0,Other,0,0,1,Hardware: Legacy Flip,2026-8-20 19:20:26.253419900,9.1874,9.1874,0.0000,0.2483,9.1301,0.2526,8.8775,10.4685,12.3856,-7.8662,7793.0093,NA,NA,NA
python.exe,22256,0x0,Other,-1,0,0,Composed: Copy with GPU GDI,2026-8-20 19:20:26.262607300,0.6793,0.6793,0.0000,0.1910,1.6004,1.6004,0.0000,NA,NA,NA,NA,NA,NA,NA
python.exe,22256,0x0,Other,-1,0,0,Composed: Copy with GPU GDI,2026-8-20 19:20:26.263286600,2.3010,2.3010,0.0000,1.1166,1.4920,0.4190,1.0730,12.9874,2.0855,-2.5189,7802.8760,NA,NA,NA
python.exe,22256,0x0,Other,-1,0,0,Composed: Copy with GPU GDI,2026-8-20 19:20:26.265587600,5.9519,5.9519,0.0000,0.3103,6.1209,0.6298,5.4911,NA,NA,NA,NA,NA,NA,NA
python.exe,22256,0x0,Other,-1,0,0,Composed: Copy with GPU GDI,2026-8-20 19:20:26.271539500,5.4876,5.4876,0.0000,0.4841,5.2022,0.3505,4.8517,NA,NA,NA,NA,NA,NA,NA
python.exe,22256,0x0,Other,0,0,1,Hardware: Legacy Flip,2026-8-20 19:20:26.277027100,0.2386,0.2386,0.0000,0.1987,0.0721,0.0721,0.0000,1.3324,19.0156,11.6550,7816.6165,NA,NA,NA
python.exe,22256,0x0,Other,-1,0,0,Composed: Copy with GPU GDI,2026-8-20 19:20:26.277265700,7.6002,7.6002,0.0000,0.0322,7.7187,1.2159,6.5028,NA,NA,NA,NA,NA,NA,NA
python.exe,22256,0x0,Other,-1,0,0,Composed: Copy with GPU GDI,2026-8-20 19:20:26.284865900,9.1405,9.1405,0.0000,0.1542,9.1846,0.3583,8.8263,NA,NA,NA,NA,NA,NA,NA
python.exe,22256,0x0,Other,-1,0,0,Composed: Copy with GPU GDI,2026-8-20 19:20:26.294006400,1.7014,1.7014,0.0000,2.2274,0.0650,0.0650,0.0000,NA,NA,NA,NA,NA,NA,NA
python.exe,22256,0x0,Other,0,0,1,Hardware: Legacy Flip,2026-8-20 19:20:26.295707800,0.4238,0.4238,0.0000,0.0000,2.0250,0.7121,1.3129,1.6673,19.8899,-0.3349,7835.2972,NA,NA,NA
python.exe,22256,0x0,Other,-1,0,0,Composed: Copy with GPU GDI,2026-8-20 19:20:26.296131600,9.3594,9.3594,0.0000,0.1672,9.3830,1.3212,8.0618,NA,NA,NA,NA,NA,NA,NA
python.exe,22256,0x0,Other,-1,0,0,Composed: Copy with GPU GDI,2026-8-20 19:20:26.305491000,2.0018,2.0018,0.0000,0.1940,1.9392,0.2726,1.6666,NA,NA,NA,NA,NA,NA,NA
python.exe,22256,0x0,Other,0,0,1,Hardware: Legacy Flip,2026-8-20 19:20:26.307492800,8.4776,8.4776,0.0000,0.1367,8.5642,0.3368,8.2274,9.7722,13.5675,-8.1049,7847.0822,NA,NA,NA
python.exe,22256,0x0,Other,-1,0,0,Composed: Copy with GPU GDI,2026-8-20 19:20:26.315970400,0.7637,0.7637,0.0000,0.2233,1.5362,1.5362,0.0000,14.8621,1.7755,-5.0899,7855.5598,NA,NA,NA
python.exe,22256,0x0,Other,-1,0,0,Composed: Copy with GPU GDI,2026-8-20 19:20:26.316734100,3.0850,3.0850,0.0000,1.0008,2.3235,0.4236,1.8999,NA,NA,NA,NA,NA,NA,NA
python.exe,22256,0x0,Other,0,0,1,Hardware: Legacy Flip,2026-8-20 19:20:26.319819100,11.6420,11.6420,0.0000,0.2430,11.4811,0.1810,11.3001,12.7889,10.3300,2.0732,7859.4085,NA,NA,NA
python.exe,22256,0x0,Other,-1,0,0,Composed: Copy with GPU GDI,2026-8-20 19:20:26.331461100,0.4539,0.4539,0.0000,0.0821,1.4463,1.4463,0.0000,11.4769,0.7949,1.3120,7871.0505,NA,NA,NA
python.exe,22256,0x0,Other,-1,0,0,Composed: Copy with GPU GDI,2026-8-20 19:20:26.331915000,7.7924,7.7924,0.0000,1.0788,7.2241,0.7106,6.5135,NA,NA,NA,NA,NA,NA,NA
python.exe,22256,0x0,Other,0,0,1,Hardware: Legacy Flip,2026-8-20 19:20:26.339707400,2.8792,2.8792,0.0000,0.5149,2.3866,0.0755,2.3111,4.0255,17.5203,7.4514,7879.2968,NA,NA,NA
python.exe,22256,0x0,Other,-1,0,0,Composed: Copy with GPU GDI,2026-8-20 19:20:26.342586600,1.0340,1.0340,0.0000,0.0223,1.2998,1.2998,0.0000,18.6666,4.3254,-14.6411,7882.1760,NA,NA,NA
python.exe,22256,0x0,Other,-1,0,0,Composed: Copy with GPU GDI,2026-8-20 19:20:26.343620600,7.5988,7.5988,0.0000,0.2914,7.7124,0.7340,6.9784,NA,NA,NA,NA,NA,NA,NA
python.exe,22256,0x0,Other,-1,0,0,Composed: Copy with GPU GDI,2026-8-20 19:20:26.351219400,12.2876,12.2876,0.0000,0.4101,12.5478,0.8723,11.6755,NA,NA,NA,NA,NA,NA,NA
python.exe,22256,0x0,Other,0,0,1,Hardware: Legacy Flip,2026-8-20 19:20:26.363507000,0.9841,0.9841,0.0000,0.6780,0.3668,0.1245,0.2423,2.0716,7.6727,16.5950,7903.0964,NA,NA,NA
python.exe,22256,0x0,Other,-1,0,0,Composed: Copy with GPU GDI,2026-8-20 19:20:26.364491100,0.2690,0.2690,0.0000,0.0607,1.2316,1.2316,0.0000,8.7602,4.6076,-6.6886,7904.0805,NA,NA,NA
python.exe,22256,0x0,Other,-1,0,0,Composed: Copy with GPU GDI,2026-8-20 19:20:26.364760100,7.7048,7.7048,0.0000,1.0267,7.4032,1.0812,6.3220,NA,NA,NA,NA,NA,NA,NA
python.exe,22256,0x0,Other,-1,0,0,Composed: Copy with GPU GDI,2026-8-20 19:20:26.372464900,1.3009,1.3009,0.0000,0.7285,1.1118,0.6811,0.4307,NA,NA,NA,NA,NA,NA,NA
python.exe,22256,0x0,Other,0,0,1,Hardware: Legacy Flip,2026-8-20 19:20:26.373765800,2.8839,2.8839,0.0000,0.5490,2.3710,0.0955,2.2755,4.0931,19.7199,4.6671,7913.3552,NA,NA,NA
python.exe,22256,0x0,Other,-1,0,0,Composed: Copy with GPU GDI,2026-8-20 19:20:26.376649700,8.2251,8.2251,0.0000,0.0361,8.3649,1.6153,6.7496,20.9291,1.3163,-16.8360,7916.2391,NA,NA,NA
python.exe,22256,0x0,Other,-1,0,0,Composed: Copy with GPU GDI,2026-8-20 19:20:26.384874800,1.5575,1.5575,0.0000,0.1798,1.5225,0.3225,1.2000,NA,NA,NA,NA,NA,NA,NA
python.exe,22256,0x0,Other,-1,0,0,Composed: Copy with GPU GDI,2026-8-20 19:20:26.386432300,10.9852,10.9852,0.0000,11.3931,0.0362,0.0362,0.0000,NA,NA,NA,NA,NA,NA,NA
python.exe,22256,0x0,Other,0,0,1,Hardware: Legacy Flip,2026-8-20 19:20:26.397417500,0.3009,0.3009,0.0000,0.0000,11.2452,0.5731,10.6721,1.4776,12.0390,19.4515,7937.0069,NA,NA,NA
python.exe,22256,0x0,Other,-1,0,0,Composed: Copy with GPU GDI,2026-8-20 19:20:26.397718400,10.2375,10.2375,0.0000,0.1432,10.3176,1.4103,8.9073,NA,NA,NA,NA,NA,NA,NA
python.exe,22256,0x0,Other,0,0,1,Hardware: Legacy Flip,2026-8-20 19:20:26.407955900,1.5805,1.5805,0.0000,0.2265,1.3818,0.0866,1.2952,2.9782,16.9494,-1.5006,7947.5453,NA,NA,NA
python.exe,22256,0x0,Other,-1,0,0,Composed: Copy with GPU GDI,2026-8-20 19:20:26.409536400,1.2741,1.2741,0.0000,0.0278,2.1858,2.1858,0.0000,18.3471,3.9992,-15.3689,7949.1258,NA,NA,NA
python.exe,22256,0x0,Other,-1,0,0,Composed: Copy with GPU GDI,2026-8-20 19:20:26.410810500,8.2840,8.2840,0.0000,0.9446,7.6306,0.4650,7.1656,NA,NA,NA,NA,NA,NA,NA
python.exe,22256,0x0,Other,-1,0,0,Composed: Copy with GPU GDI,2026-8-20 19:20:26.419094500,9.8994,9.8994,0.0000,0.2940,10.1121,0.7768,9.3353,NA,NA,NA,NA,NA,NA,NA
python.exe,22256,0x0,Other,-1,0,0,Composed: Copy with GPU GDI,2026-8-20 19:20:26.428993900,1.2414,1.2414,0.0000,1.4674,0.3366,0.3366,0.0000,NA,NA,NA,NA,NA,NA,NA
python.exe,22256,0x0,Other,0,0,1,Hardware: Legacy Flip,2026-8-20 19:20:26.430235300,0.1638,0.1638,0.0000,0.0000,0.9544,0.4018,0.5526,1.6474,12.8177,16.6997,7969.8247,NA,NA,NA
python.exe,22256,0x0,Other,-1,0,0,Composed: Copy with GPU GDI,2026-8-20 19:20:26.430399100,10.7347,10.7347,0.0000,0.3988,10.5176,1.3227,9.1949,NA,NA,NA,NA,NA,NA,NA
python.exe,22256,0x0,Other,-1,0,0,Composed: Copy with GPU GDI,2026-8-20 19:20:26.441133800,1.3321,1.3321,0.0000,0.1862,1.8344,0.8485,0.9859,NA,NA,NA,NA,NA,NA,NA
python.exe,22256,0x0,Other,0,0,1,Hardware: Legacy Flip,2026-8-20 19:20:26.442465900,0.9047,0.9047,0.0000,0.6932,0.2439,0.1320,0.1119,2.2345,19.6829,-0.5871,7982.0553,NA,NA,NA
python.exe,22256,0x0,Other,-1,0,0,Composed: Copy with GPU GDI,2026-8-20 19:20:26.443370600,6.4762,6.4762,0.0000,0.0324,7.1379,1.9772,5.1607,21.0127,5.9540,-18.7782,7982.9600,NA,NA,NA
python.exe,22256,0x0,Other,-1,0,0,Composed: Copy with GPU GDI,2026-8-20 19:20:26.449846800,3.9208,3.9208,0.0000,0.6985,3.5174,0.8124,2.7050,20.4905,47.3299,0.5222,7989.4362,NA,NA,NA
python.exe,22256,0x0,Other,-1,0,0,Composed: Copy with GPU GDI,2026-8-20 19:20:26.453767600,61.5757,61.5757,0.0000,0.3004,61.7070,0.6312,61.0758,NA,NA,NA,NA,NA,NA,NA
python.exe,22256,0x0,Other,0,0,1,Hardware: Legacy Flip,2026-8-20 19:20:26.515343300,0.8487,0.8487,0.0000,0.4362,0.4946,0.1578,0.3368,2.3239,4.4108,18.1666,8054.9327,NA,NA,NA
python.exe,22256,0x0,Other,-1,0,0,Composed: Copy with GPU GDI,2026-8-20 19:20:26.516192000,3.4796,3.4796,0.0000,0.0821,4.2031,2.2373,1.9658,NA,NA,NA,NA,NA,NA,NA
python.exe,22256,0x0,Other,-1,0,0,Composed: Copy with GPU GDI,2026-8-20 19:20:26.519671600,1.0600,1.0600,0.0000,0.8091,0.3881,0.2907,0.0974,NA,NA,NA,NA,NA,NA,NA
python.exe,22256,0x0,Other,0,0,1,Hardware: Legacy Flip,2026-8-20 19:20:26.520731600,0.1991,0.1991,0.0000,0.1414,0.0761,0.0738,0.0023,1.3464,7.6730,0.9775,8060.3210,NA,NA,NA
python.exe,22256,0x0,Other,-1,0,0,Composed: Copy with GPU GDI,2026-8-20 19:20:26.520930700,6.9391,6.9391,0.0000,0.0184,7.2997,1.6296,5.6701,NA,NA,NA,NA,NA,NA,NA
python.exe,22256,0x0,Other,0,0,1,Hardware: Legacy Flip,2026-8-20 19:20:26.527869800,0.5491,0.5491,0.0000,0.3832,0.1873,0.0919,0.0954,1.8812,13.6822,-0.5348,8067.4592,NA,NA,NA
python.exe,22256,0x0,Other,-1,0,0,Composed: Copy with GPU GDI,2026-8-20 19:20:26.528418900,4.9306,4.9306,0.0000,0.0214,5.2460,1.6461,3.5999,NA,NA,NA,NA,NA,NA,NA
python.exe,22256,0x0,Other,-1,0,0,Composed: Copy with GPU GDI,2026-8-20 19:20:26.533349500,5.8855,5.8855,0.0000,0.3407,5.8324,0.4258,5.4066,NA,NA,NA,NA,NA,NA,NA
python.exe,22256,0x0,Other,0,0,1,Hardware: Legacy Flip,2026-8-20 19:20:26.539235000,2.6058,2.6058,0.0000,0.2933,2.3639,0.1218,2.2421,4.1982,17.9023,-2.3170,8078.8244,NA,NA,NA
python.exe,22256,0x0,Other,-1,0,0,Composed: Copy with GPU GDI,2026-8-20 19:20:26.541840800,2.3430,2.3430,0.0000,0.0514,2.5894,1.9261,0.6633,19.4947,4.0145,-15.2965,8081.4302,NA,NA,NA
python.exe,22256,0x0,Other,-1,0,0,Composed: Copy with GPU GDI,2026-8-20 19:20:26.544183800,5.2188,5.2188,0.0000,0.3039,5.0442,0.3454,4.6988,NA,NA,NA,NA,NA,NA,NA
python.exe,22256,0x0,Other,-1,0,0,Composed: Copy with GPU GDI,2026-8-20 19:20:26.549402600,12.5171,12.5171,0.0000,0.1346,12.7524,0.4530,12.2994,NA,NA,NA,NA,NA,NA,NA
python.exe,22256,0x0,Other,-1,0,0,Composed: Copy with GPU GDI,2026-8-20 19:20:26.561919700,2.0638,2.0638,0.0000,0.3740,1.9428,0.3912,1.5516,NA,NA,NA,NA,NA,NA,NA
python.exe,22256,0x0,Other,0,0,1,Hardware: Legacy Flip,2026-8-20 19:20:26.563983500,0.2818,0.2818,0.0000,0.2530,0.1076,0.1076,0.0000,1.3665,13.9497,18.1282,8103.5729,NA,NA,NA
python.exe,22256,0x0,Other,-1,0,0,Composed: Copy with GPU GDI,2026-8-20 19:20:26.564265300,8.4982,8.4982,0.0000,0.0788,8.5994,1.3515,7.2479,NA,NA,NA,NA,NA,NA,NA
python.exe,22256,0x0,Other,-1,0,0,Composed: Copy with GPU GDI,2026-8-20 19:20:26.572763500,0.6507,0.6507,0.0000,0.1826,0.7248,0.3550,0.3698,NA,NA,NA,NA,NA,NA,NA
python.exe,22256,0x0,Other,0,0,1,Hardware: Legacy Flip,2026-8-20 19:20:26.573414200,4.7078,4.7078,0.0000,0.2604,4.4736,0.0994,4.3742,5.8855,18.4611,-4.5190,8113.0036,NA,NA,NA
python.exe,22256,0x0,Other,-1,0,0,Composed: Copy with GPU GDI,2026-8-20 19:20:26.578122000,6.8567,6.8567,0.0000,0.0262,7.1893,1.6567,5.5326,19.6388,1.9437,-13.7533,8117.7114,NA,NA,NA
python.exe,22256,0x0,Other,-1,0,0,Composed: Copy with GPU GDI,2026-8-20 19:20:26.584978700,2.2880,2.2880,0.0000,0.3621,2.3213,0.5254,1.7959,NA,NA,NA,NA,NA,NA,NA
python.exe,22256,0x0,Other,0,0,1,Hardware: Legacy Flip,2026-8-20 19:20:26.587266700,11.3006,11.3006,0.0000,0.3989,10.9949,0.2174,10.7775,12.4378,10.1629,7.2010,8126.8561,NA,NA,NA
python.exe,22256,0x0,Other,-1,0,0,Composed: Copy with GPU GDI,2026-8-20 19:20:26.598567300,0.6109,0.6109,0.0000,0.0932,1.5979,1.5979,0.0000,11.3001,1.1087,1.1377,8138.1567,NA,NA,NA
python.exe,22256,0x0,Other,-1,0,0,Composed: Copy with GPU GDI,2026-8-20 19:20:26.599178200,9.8968,9.8968,0.0000,1.0854,9.0781,0.5509,8.5272,NA,NA,NA,NA,NA,NA,NA
python.exe,22256,0x0,Other,0,0,1,Hardware: Legacy Flip,2026-8-20 19:20:26.609075000,0.3277,0.3277,0.0000,0.2721,0.0734,0.0706,0.0028,1.9011,17.1209,9.3990,8148.6644,NA,NA,NA
python.exe,22256,0x0,Other,-1,0,0,Composed: Copy with GPU GDI,2026-8-20 19:20:26.609402700,1.5652,1.5652,0.0000,0.0178,2.2119,2.2119,0.0000,18.6943,4.9544,-16.7932,8148.9921,NA,NA,NA
python.exe,22256,0x0,Other,-1,0,0,Composed: Copy with GPU GDI,2026-8-20 19:20:26.610967900,8.4284,8.4284,0.0000,0.6698,8.3816,0.7500,7.6316,NA,NA,NA,NA,NA,NA,NA
python.exe,22256,0x0,Other,-1,0,0,Composed: Copy with GPU GDI,2026-8-20 19:20:26.619396300,10.8966,10.8966,0.0000,0.6286,10.8823,0.7439,10.1384,NA,NA,NA,NA,NA,NA,NA
python.exe,22256,0x0,Other,-1,0,0,Composed: Copy with GPU GDI,2026-8-20 19:20:26.630292900,1.2803,1.2803,0.0000,1.6293,0.0542,0.0542,0.0000,NA,NA,NA,NA,NA,NA,NA
python.exe,22256,0x0,Other,0,0,1,Hardware: Legacy Flip,2026-8-20 19:20:26.631573200,0.2836,0.2836,0.0000,0.0000,1.0106,0.5089,0.5017,1.4782,10.3325,17.2161,8171.1626,NA,NA,NA
python.exe,22256,0x0,Other,-1,0,0,Composed: Copy with GPU GDI,2026-8-20 19:20:26.631856800,7.4389,7.4389,0.0000,0.1196,8.0505,2.0335,6.0170,NA,NA,NA,NA,NA,NA,NA
python.exe,22256,0x0,Other,-1,0,0,Composed: Copy with GPU GDI,2026-8-20 19:20:26.639295700,1.7019,1.7019,0.0000,0.7347,1.1121,0.2995,0.8126,NA,NA,NA,NA,NA,NA,NA
python.exe,22256,0x0,Other,0,0,1,Hardware: Legacy Flip,2026-8-20 19:20:26.640997600,1.1954,1.1954,0.0000,0.1498,1.0824,0.1531,0.9293,2.3863,21.1135,-0.9081,8180.5870,NA,NA,NA
python.exe,22256,0x0,Other,-1,0,0,Composed: Copy with GPU GDI,2026-8-20 19:20:26.642193000,9.6955,9.6955,0.0000,0.0368,9.8470,1.4572,8.3898,22.3044,1.3513,-19.9181,8181.7824,NA,NA,NA
python.exe,22256,0x0,Other,-1,0,0,Composed: Copy with GPU GDI,2026-8-20 19:20:26.651888500,0.7715,0.7715,0.0000,0.1937,1.1795,0.7333,0.4462,NA,NA,NA,NA,NA,NA,NA
python.exe,22256,0x0,Other,-1,0,0,Composed: Copy with GPU GDI,2026-8-20 19:20:26.652660000,11.6205,11.6205,0.0000,0.6050,11.2115,0.3487,10.8628,NA,NA,NA,NA,NA,NA,NA
python.exe,22256,0x0,Other,0,0,1,Hardware: Legacy Flip,2026-8-20 19:20:26.664280500,0.1517,0.1517,0.0000,0.1960,0.1184,0.1184,0.0000,1.5682,11.0179,20.7362,8203.8699,NA,NA,NA
python.exe,22256,0x0,Other,-1,0,0,Composed: Copy with GPU GDI,2026-8-20 19:20:26.664432200,8.5722,8.5722,0.0000,0.1627,8.6857,1.6377,7.0480,NA,NA,NA,NA,NA,NA,NA
python.exe,22256,0x0,Other,0,0,1,Hardware: Legacy Flip,2026-8-20 19:20:26.673004400,2.6846,2.6846,0.0000,0.2802,2.4252,0.0860,2.3392,3.8622,17.9435,-2.2940,8212.5938,NA,NA,NA
python.exe,22256,0x0,Other,-1,0,0,Composed: Copy with GPU GDI,2026-8-20 19:20:26.675689000,1.3967,1.3967,0.0000,0.0208,1.7188,1.5690,0.1498,19.1211,2.7461,-15.2589,8215.2784,NA,NA,NA
python.exe,22256,0x0,Other,-1,0,0,Composed: Copy with GPU GDI,2026-8-20 19:20:26.677085700,7.7075,7.7075,0.0000,0.3471,7.4809,0.3189,7.1620,NA,NA,NA,NA,NA,NA,NA
python.exe,22256,0x0,Other,-1,0,0,Composed: Copy with GPU GDI,2026-8-20 19:20:26.684793200,10.0115,10.0115,0.0000,0.1248,10.1576,0.4223,9.7353,NA,NA,NA,NA,NA,NA,NA
python.exe,22256,0x0,Other,-1,0,0,Composed: Copy with GPU GDI,2026-8-20 19:20:26.694804700,1.3345,1.3345,0.0000,1.5263,0.1082,0.1082,0.0000,NA,NA,NA,NA,NA,NA,NA
python.exe,22256,0x0,Other,0,0,1,Hardware: Legacy Flip,2026-8-20 19:20:26.696139200,0.1310,0.1310,0.0000,0.0000,1.2521,0.3377,0.9144,1.4170,14.1559,17.7041,8235.7286,NA,NA,NA
python.exe,22256,0x0,Other,-1,0,0,Composed: Copy with GPU GDI,2026-8-20 19:20:26.696270200,9.8750,9.8750,0.0000,0.1690,10.0117,1.4610,8.5507,NA,NA,NA,NA,NA,NA,NA
python.exe,22256,0x0,Other,-1,0,0,Composed: Copy with GPU GDI,2026-8-20 19:20:26.706145200,2.8445,2.8445,0.0000,0.3104,2.7693,0.4158,2.3535,NA,NA,NA,NA,NA,NA,NA
python.exe,22256,0x0,Other,0,0,1,Hardware: Legacy Flip,2026-8-20 19:20:26.708989700,1.3581,1.3581,0.0000,0.2394,1.1516,0.1241,1.0275,2.7224,17.6456,-1.3054,8248.5791,NA,NA,NA
python.exe,22256,0x0,Other,-1,0,0,Composed: Copy with GPU GDI,2026-8-20 19:20:26.710347800,6.6498,6.6498,0.0000,0.0329,6.9741,1.7024,5.2717,NA,NA,NA,NA,NA,NA,NA
python.exe,22256,0x0,Other,-1,0,0,Composed: Copy with GPU GDI,2026-8-20 19:20:26.716997600,3.5506,3.5506,0.0000,0.3609,3.3376,0.3551,2.9825,NA,NA,NA,NA,NA,NA,NA
python.exe,22256,0x0,Other,0,0,1,Hardware: Legacy Flip,2026-8-20 19:20:26.720548200,7.6443,7.6443,0.0000,0.1869,7.6602,0.2621,7.3981,8.8095,14.0083,-6.0871,8260.1376,NA,NA,NA
python.exe,22256,0x0,Other,-1,0,0,Composed: Copy with GPU GDI,2026-8-20 19:20:26.728192500,0.6563,0.6563,0.0000,0.2028,1.4924,1.4924,0.0000,15.1735,6.0633,-6.3640,8267.7819,NA,NA,NA
python.exe,22256,0x0,Other,-1,0,0,Composed: Copy with GPU GDI,2026-8-20 19:20:26.728848800,2.9706,2.9706,0.0000,1.0434,2.3967,0.7375,1.6592,20.5805,3.1869,-5.4070,8268.4382,NA,NA,NA
python.exe,22256,0x0,Other,-1,0,0,Composed: Copy with GPU GDI,2026-8-20 19:20:26.731819400,7.9500,7.9500,0.0000,0.5136,7.7836,0.4872,7.2964,NA,NA,NA,NA,NA,NA,NA
python.exe,22256,0x0,Other,-1,0,0,Composed: Copy with GPU GDI,2026-8-20 19:20:26.739769400,4.4037,4.4037,0.0000,0.3499,4.2507,0.3469,3.9038,NA,NA,NA,NA,NA,NA,NA
python.exe,22256,0x0,Other,0,0,1,Hardware: Legacy Flip,2026-8-20 19:20:26.744173100,7.2862,7.2862,0.0000,0.2019,7.1544,0.1766,6.9778,8.4431,12.3481,12.1374,8283.7625,NA,NA,NA
python.exe,22256,0x0,Other,-1,0,0,Composed: Copy with GPU GDI,2026-8-20 19:20:26.751459300,0.3931,0.3931,0.0000,0.0701,1.5538,1.5538,0.0000,NA,NA,NA,NA,NA,NA,NA
python.exe,22256,0x0,Other,-1,0,0,Composed: Copy with GPU GDI,2026-8-20 19:20:26.751852400,10.4098,10.4098,0.0000,1.2345,9.3137,0.3720,8.9417,NA,NA,NA,NA,NA,NA,NA
python.exe,22256,0x0,Other,-1,0,0,Composed: Copy with GPU GDI,2026-8-20 19:20:26.762262200,1.2610,1.2610,0.0000,1.5257,0.0912,0.0912,0.0000,NA,NA,NA,NA,NA,NA,NA
python.exe,22256,0x0,Other,0,0,1,Hardware: Legacy Flip,2026-8-20 19:20:26.763523200,0.1865,0.1865,0.0000,0.0000,1.3821,0.4405,0.9416,1.4411,12.5253,7.0020,8303.1126,NA,NA,NA
python.exe,22256,0x0,Other,-1,0,0,Composed: Copy with GPU GDI,2026-8-20 19:20:26.763709700,9.3262,9.3262,0.0000,0.1694,9.3327,1.5407,7.7920,NA,NA,NA,NA,NA,NA,NA
python.exe,22256,0x0,Other,-1,0,0,Composed: Copy with GPU GDI,2026-8-20 19:20:26.773035900,1.2774,1.2774,0.0000,0.1791,1.3101,0.3751,0.9350,NA,NA,NA,NA,NA,NA,NA
python.exe,22256,0x0,Other,0,0,1,Hardware: Legacy Flip,2026-8-20 19:20:26.774313300,1.9049,1.9049,0.0000,0.2138,1.7191,0.0900,1.6291,3.1763,19.6582,-1.7352,8313.9027,NA,NA,NA
python.exe,22256,0x0,Other,-1,0,0,Composed: Copy with GPU GDI,2026-8-20 19:20:26.776218200,8.4196,8.4196,0.0000,0.0280,8.7254,1.6071,7.1183,NA,NA,NA,NA,NA,NA,NA
python.exe,22256,0x0,Other,-1,0,0,Composed: Copy with GPU GDI,2026-8-20 19:20:26.784637800,2.3262,2.3262,0.0000,0.3398,2.5438,0.8054,1.7384,NA,NA,NA,NA,NA,NA,NA
python.exe,22256,0x0,Other,0,0,1,Hardware: Legacy Flip,2026-8-20 19:20:26.786964000,8.8770,8.8770,0.0000,0.5630,8.3765,0.1200,8.2565,10.1838,12.9826,-7.0075,8326.5534,NA,NA,NA
python.exe,22256,0x0,Other,-1,0,0,Composed: Copy with GPU GDI,2026-8-20 19:20:26.795841000,0.7198,0.7198,0.0000,0.0625,1.8225,1.8225,0.0000,14.2894,5.9960,-4.1056,8335.4304,NA,NA,NA
python.exe,22256,0x0,Other,-1,0,0,Composed: Copy with GPU GDI,2026-8-20 19:20:26.796560800,3.7555,3.7555,0.0000,1.1698,2.8814,0.4696,2.4118,19.5656,4.2785,-5.2762,8336.1502,NA,NA,NA
python.exe,22256,0x0,Other,-1,0,0,Composed: Copy with GPU GDI,2026-8-20 19:20:26.800316300,7.1794,7.1794,0.0000,0.3088,7.0426,0.3308,6.7118,NA,NA,NA,NA,NA,NA,NA
python.exe,22256,0x0,Other,-1,0,0,Composed: Copy with GPU GDI,2026-8-20 19:20:26.807495700,2.3812,2.3812,0.0000,0.1765,2.6204,0.6238,1.9966,NA,NA,NA,NA,NA,NA,NA
python.exe,22256,0x0,Other,-1,0,0,Composed: Copy with GPU GDI,2026-8-20 19:20:26.809876900,8.7576,8.7576,0.0000,8.9554,0.5361,0.5361,0.0000,NA,NA,NA,NA,NA,NA,NA
python.exe,22256,0x0,Other,0,0,1,Hardware: Legacy Flip,2026-8-20 19:20:26.818634500,0.1363,0.1363,0.0000,0.0000,8.5356,0.3743,8.1613,1.7704,10.0282,17.7952,8358.2239,NA,NA,NA
python.exe,22256,0x0,Other,-1,0,0,Composed: Copy with GPU GDI,2026-8-20 19:20:26.818770800,9.5420,9.5420,0.0000,0.5976,9.0971,1.2608,7.8363,NA,NA,NA,NA,NA,NA,NA
python.exe,22256,0x0,Other,0,0,1,Hardware: Legacy Flip,2026-8-20 19:20:26.828312800,0.8228,0.8228,0.0000,0.1563,0.6931,0.0817,0.6114,2.1203,9.9629,-0.3499,8367.9022,NA,NA,NA
python.exe,22256,0x0,Other,-1,0,0,Composed: Copy with GPU GDI,2026-8-20 19:20:26.829135600,0.5790,0.5790,0.0000,0.0266,1.7892,1.7892,0.0000,11.2604,3.7135,-9.1401,8368.7250,NA,NA,NA
python.exe,22256,0x0,Other,-1,0,0,Composed: Copy with GPU GDI,2026-8-20 19:20:26.829714600,8.5749,8.5749,0.0000,1.2395,7.7616,0.5778,7.1838,NA,NA,NA,NA,NA,NA,NA
python.exe,22256,0x0,Other,-1,0,0,Composed: Copy with GPU GDI,2026-8-20 19:20:26.838289500,3.2219,3.2219,0.0000,0.4292,3.7017,1.0795,2.6222,NA,NA,NA,NA,NA,NA,NA
python.exe,22256,0x0,Other,0,0,1,Hardware: Legacy Flip,2026-8-20 19:20:26.841511400,1.1758,1.1758,0.0000,0.9138,0.2846,0.1040,0.1806,2.5981,19.5343,8.6623,8381.1008,NA,NA,NA
python.exe,22256,0x0,Other,-1,0,0,Composed: Copy with GPU GDI,2026-8-20 19:20:26.842687200,6.5020,6.5020,0.0000,0.0226,6.8025,1.8131,4.9894,NA,NA,NA,NA,NA,NA,NA
python.exe,22256,0x0,Other,-1,0,0,Composed: Copy with GPU GDI,2026-8-20 19:20:26.849189200,3.1358,3.1358,0.0000,0.3281,3.4362,0.7777,2.6585,NA,NA,NA,NA,NA,NA,NA
python.exe,22256,0x0,Other,0,0,1,Hardware: Legacy Flip,2026-8-20 19:20:26.852325000,9.8752,9.8752,0.0000,0.6334,9.3116,0.1467,9.1649,11.3188,13.1685,-8.7207,8391.9144,NA,NA,NA
python.exe,22256,0x0,Other,-1,0,0,Composed: Copy with GPU GDI,2026-8-20 19:20:26.862200200,0.5189,0.5189,0.0000,0.0698,1.4874,1.4874,0.0000,14.6121,0.8997,-3.2933,8401.7896,NA,NA,NA
python.exe,22256,0x0,Other,-1,0,0,Composed: Copy with GPU GDI,2026-8-20 19:20:26.862719100,3.0626,3.0626,0.0000,1.0416,2.3679,0.5305,1.8374,NA,NA,NA,NA,NA,NA,NA
python.exe,22256,0x0,Other,-1,0,0,Composed: Copy with GPU GDI,2026-8-20 19:20:26.865781700,7.1147,7.1147,0.0000,0.3526,6.8745,0.2597,6.6148,NA,NA,NA,NA,NA,NA,NA
python.exe,22256,0x0,Other,0,0,1,Hardware: Legacy Flip,2026-8-20 19:20:26.872896400,3.5098,3.5098,0.0000,0.1156,3.4152,0.1050,3.3102,4.8156,17.2895,9.7965,8412.4858,NA,NA,NA
python.exe,22256,0x0,Other,-1,0,0,Composed: Copy with GPU GDI,2026-8-20 19:20:26.876406200,1.5996,1.5996,0.0000,0.0210,1.8042,1.5286,0.2756,18.5953,2.0125,-13.7797,8415.9956,NA,NA,NA
python.exe,22256,0x0,Other,-1,0,0,Composed: Copy with GPU GDI,2026-8-20 19:20:26.878005800,7.2383,7.2383,0.0000,0.2619,7.5044,0.6725,6.8319,NA,NA,NA,NA,NA,NA,NA
python.exe,22256,0x0,Other,-1,0,0,Composed: Copy with GPU GDI,2026-8-20 19:20:26.885244100,10.1286,10.1286,0.0000,0.5315,10.0090,0.6400,9.3690,NA,NA,NA,NA,NA,NA,NA
python.exe,22256,0x0,Other,0,0,1,Hardware: Legacy Flip,2026-8-20 19:20:26.895372700,0.4964,0.4964,0.0000,0.4175,0.1469,0.1289,0.0180,1.6413,10.1302,16.9540,8434.9621,NA,NA,NA
python.exe,22256,0x0,Other,-1,0,0,Composed: Copy with GPU GDI,2026-8-20 19:20:26.895869100,0.4513,0.4513,0.0000,0.0680,1.2967,1.2967,0.0000,11.2751,12.1237,-9.6338,8435.4585,NA,NA,NA
python.exe,22256,0x0,Other,-1,0,0,Composed: Copy with GPU GDI,2026-8-20 19:20:26.896320400,11.2476,11.2476,0.0000,0.9183,10.7588,0.7721,9.9867,NA,NA,NA,NA,NA,NA,NA
python.exe,22256,0x0,Other,-1,0,0,Composed: Copy with GPU GDI,2026-8-20 19:20:26.907568000,0.8919,0.8919,0.0000,0.4338,0.6451,0.3162,0.3289,11.6999,3.5784,-0.4248,8447.1574,NA,NA,NA
python.exe,22256,0x0,Other,-1,0,0,Composed: Copy with GPU GDI,2026-8-20 19:20:26.908459900,12.6193,12.6193,0.0000,12.9508,0.3402,0.3402,0.0000,NA,NA,NA,NA,NA,NA,NA
python.exe,22256,0x0,Other,0,0,1,Hardware: Legacy Flip,2026-8-20 19:20:26.921079200,0.2351,0.2351,0.0000,0.0000,12.7597,0.5837,12.1760,1.7671,8.5376,9.9328,8460.6686,NA,NA,NA
python.exe,22256,0x0,Other,-1,0,0,Composed: Copy with GPU GDI,2026-8-20 19:20:26.921314300,0.8896,0.8896,0.0000,0.4366,1.6260,1.6260,0.0000,10.0696,0.5593,-8.3025,8460.9037,NA,NA,NA
python.exe,22256,0x0,Other,-1,0,0,Composed: Copy with GPU GDI,2026-8-20 19:20:26.922203900,7.7101,7.7101,0.0000,1.1781,6.8883,0.5785,6.3098,NA,NA,NA,NA,NA,NA,NA
python.exe,22256,0x0,Other,0,0,1,Hardware: Legacy Flip,2026-8-20 19:20:26.929914000,0.6741,0.6741,0.0000,0.3762,0.3835,0.1561,0.2274,2.0292,11.4197,8.0404,8469.5034,NA,NA,NA
python.exe,22256,0x0,Other,-1,0,0,Composed: Copy with GPU GDI,2026-8-20 19:20:26.930588100,1.1374,1.1374,0.0000,0.0856,1.8185,1.8185,0.0000,NA,NA,NA,NA,NA,NA,NA
python.exe,22256,0x0,Other,-1,0,0,Composed: Copy with GPU GDI,2026-8-20 19:20:26.931725500,9.1909,9.1909,0.0000,0.7708,8.6388,0.6003,8.0385,NA,NA,NA,NA,NA,NA,NA
python.exe,22256,0x0,Other,0,0,1,Hardware: Legacy Flip,2026-8-20 19:20:26.940916400,1.2044,1.2044,0.0000,0.2221,1.0086,0.1045,0.9041,2.4465,12.3004,-0.4173,8480.5058,NA,NA,NA
python.exe,22256,0x0,Other,-1,0,0,Composed: Copy with GPU GDI,2026-8-20 19:20:26.942120800,1.4265,1.4265,0.0000,0.0263,1.5820,1.4317,0.1503,13.5425,10.1662,-11.0960,8481.7102,NA,NA,NA
python.exe,22256,0x0,Other,-1,0,0,Composed: Copy with GPU GDI,2026-8-20 19:20:26.943547300,8.9949,8.9949,0.0000,0.1967,9.0104,0.5240,8.4864,NA,NA,NA,NA,NA,NA,NA
python.exe,22256,0x0,Other,-1,0,0,Composed: Copy with GPU GDI,2026-8-20 19:20:26.952542200,10.5710,10.5710,0.0000,0.2155,10.6285,0.8900,9.7385,NA,NA,NA,NA,NA,NA,NA
python.exe,22256,0x0,Other,-1,0,0,Composed: Copy with GPU GDI,2026-8-20 19:20:26.963113200,1.2871,1.2871,0.0000,1.5955,0.0979,0.0979,0.0000,NA,NA,NA,NA,NA,NA,NA
python.exe,22256,0x0,Other,0,0,1,Hardware: Legacy Flip,2026-8-20 19:20:26.964400300,0.2459,0.2459,0.0000,0.0000,1.3181,0.4579,0.8602,1.4292,18.6624,12.1133,8503.9897,NA,NA,NA
python.exe,22256,0x0,Other,-1,0,0,Composed: Copy with GPU GDI,2026-8-20 19:20:26.964646200,7.8543,7.8543,0.0000,0.1604,8.4070,1.9635,6.4435,NA,NA,NA,NA,NA,NA,NA
python.exe,22256,0x0,Other,-1,0,0,Composed: Copy with GPU GDI,2026-8-20 19:20:26.972500500,1.0235,1.0235,0.0000,0.7167,0.7194,0.5479,0.1715,NA,NA,NA,NA,NA,NA,NA
python.exe,22256,0x0,Other,0,0,1,Hardware: Legacy Flip,2026-8-20 19:20:26.973524000,9.6138,9.6138,0.0000,0.4158,9.3366,0.2918,9.0448,10.9679,7.5750,-9.5387,8513.1134,NA,NA,NA
python.exe,22256,0x0,Other,-1,0,0,Composed: Copy with GPU GDI,2026-8-20 19:20:26.983137800,2.3225,2.3225,0.0000,0.1386,2.4462,1.4078,1.0384,8.9291,5.5289,2.0388,8522.7272,NA,NA,NA
python.exe,22256,0x0,Other,-1,0,0,Composed: Copy with GPU GDI,2026-8-20 19:20:26.985460300,1.6057,1.6057,0.0000,0.2649,2.1453,1.0039,1.1414,NA,NA,NA,NA,NA,NA,NA
python.exe,22256,0x0,Other,-1,0,0,Composed: Copy with GPU GDI,2026-8-20 19:20:26.987066000,9.1547,9.1547,0.0000,0.8091,8.5934,0.4198,8.1736,NA,NA,NA,NA,NA,NA,NA
python.exe,22256,0x0,Other,0,0,1,Hardware: Legacy Flip,2026-8-20 19:20:26.996220700,0.3265,0.3265,0.0000,0.2518,0.0911,0.0601,0.0310,1.3751,18.7940,7.5540,8535.8101,NA,NA,NA
python.exe,22256,0x0,Other,-1,0,0,Composed: Copy with GPU GDI,2026-8-20 19:20:26.996547200,2.3684,2.3684,0.0000,0.0164,3.0486,1.9257,1.1229,19.8426,2.6194,-18.4675,8536.1366,NA,NA,NA
python.exe,22256,0x0,Other,-1,0,0,Composed: Copy with GPU GDI,2026-8-20 19:20:26.998915600,9.5168,9.5168,0.0000,0.7018,9.0782,0.4364,8.6418,NA,NA,NA,NA,NA,NA,NA
python.exe,22256,0x0,Other,-1,0,0,Composed: Copy with GPU GDI,2026-8-20 19:20:27.008432400,1.8980,1.8980,0.0000,0.2652,2.3273,0.8385,1.4888,NA,NA,NA,NA,NA,NA,NA
python.exe,22256,0x0,Other,-1,0,0,Composed: Copy with GPU GDI,2026-8-20 19:20:27.010330400,6.7733,6.7733,0.0000,0.6996,6.2035,0.4083,5.7952,NA,NA,NA,NA,NA,NA,NA
python.exe,22256,0x0,Other,0,0,1,Hardware: Legacy Flip,2026-8-20 19:20:27.017103700,0.7500,0.7500,0.0000,0.1336,0.7451,0.2451,0.5000,1.9055,10.5725,17.9371,8556.6931,NA,NA,NA
python.exe,22256,0x0,Other,-1,0,0,Composed: Copy with GPU GDI,2026-8-20 19:20:27.017853700,9.2196,9.2196,0.0000,0.1287,9.1982,1.1925,8.0057,NA,NA,NA,NA,NA,NA,NA
python.exe,22256,0x0,Other,0,0,1,Hardware: Legacy Flip,2026-8-20 19:20:27.027073300,1.4556,1.4556,0.0000,0.1115,1.7275,0.5262,1.2013,2.5084,17.0838,-0.6029,8566.6627,NA,NA,NA
python.exe,22256,0x0,Other,-1,0,0,Composed: Copy with GPU GDI,2026-8-20 19:20:27.028528900,1.4979,1.4979,0.0000,0.3834,1.4930,1.4650,0.0280,18.1366,4.7967,-15.6282,8568.1183,NA,NA,NA
python.exe,22256,0x0,Other,-1,0,0,Composed: Copy with GPU GDI,2026-8-20 19:20:27.030026800,9.3688,9.3688,0.0000,0.3828,9.1510,0.3133,8.8377,NA,NA,NA,NA,NA,NA,NA
python.exe,22256,0x0,Other,-1,0,0,Composed: Copy with GPU GDI,2026-8-20 19:20:27.039395600,1.0802,1.0802,0.0000,0.1677,1.3055,0.5359,0.7696,NA,NA,NA,NA,NA,NA,NA
python.exe,22256,0x0,Other,-1,0,0,Composed: Copy with GPU GDI,2026-8-20 19:20:27.040475800,9.7217,9.7217,0.0000,0.3972,9.4848,0.3205,9.1643,NA,NA,NA,NA,NA,NA,NA
python.exe,22256,0x0,Other,0,0,1,Hardware: Legacy Flip,2026-8-20 19:20:27.050197500,0.2624,0.2624,0.0000,0.1886,0.1395,0.1153,0.0242,1.2647,11.7369,16.8719,8589.7869,NA,NA,NA
python.exe,22256,0x0,Other,-1,0,0,Composed: Copy with GPU GDI,2026-8-20 19:20:27.050459900,2.5378,2.5378,0.0000,0.0657,2.7260,1.3001,1.4259,NA,NA,NA,NA,NA,NA,NA
python.exe,22256,0x0,Other,-1,0,0,Composed: Copy with GPU GDI,2026-8-20 19:20:27.052997700,8.7978,8.7978,0.0000,9.0136,0.0837,0.0837,0.0000,NA,NA,NA,NA,NA,NA,NA
python.exe,22256,0x0,Other,0,0,1,Hardware: Legacy Flip,2026-8-20 19:20:27.061795500,0.1887,0.1887,0.0000,0.0000,8.7548,0.3697,8.3851,1.4036,14.1131,-0.1389,8601.3849,NA,NA,NA
python.exe,22256,0x0,Other,-1,0,0,Composed: Copy with GPU GDI,2026-8-20 19:20:27.061984200,4.0684,4.0684,0.0000,0.1108,4.6395,1.7257,2.9138,NA,NA,NA,NA,NA,NA,NA
python.exe,22256,0x0,Other,-1,0,0,Composed: Copy with GPU GDI,2026-8-20 19:20:27.066052600,6.6025,6.6025,0.0000,0.6873,6.1710,0.4309,5.7401,NA,NA,NA,NA,NA,NA,NA
python.exe,22256,0x0,Other,0,0,1,Hardware: Legacy Flip,2026-8-20 19:20:27.072655100,3.5037,3.5037,0.0000,0.2606,3.2971,0.1070,3.1901,4.6571,17.8886,-3.2535,8612.2445,NA,NA,NA
python.exe,22256,0x0,Other,-1,0,0,Composed: Copy with GPU GDI,2026-8-20 19:20:27.076158800,1.5478,1.5478,0.0000,0.0540,2.2128,1.8835,0.3293,19.0420,1.5549,-14.3849,8615.7482,NA,NA,NA
python.exe,22256,0x0,Other,-1,0,0,Composed: Copy with GPU GDI,2026-8-20 19:20:27.077706600,7.0700,7.0700,0.0000,0.7243,6.7331,0.5953,6.1378,NA,NA,NA,NA,NA,NA,NA
python.exe,22256,0x0,Other,-1,0,0,Composed: Copy with GPU GDI,2026-8-20 19:20:27.084776600,9.4260,9.4260,0.0000,0.3916,9.3856,0.4872,8.8984,NA,NA,NA,NA,NA,NA,NA
python.exe,22256,0x0,Other,0,0,1,Hardware: Legacy Flip,2026-8-20 19:20:27.094202600,1.5544,1.5544,0.0000,0.3561,1.2723,0.2114,1.0609,2.5531,15.0455,16.4889,8633.7920,NA,NA,NA
python.exe,22256,0x0,Other,-1,0,0,Composed: Copy with GPU GDI,2026-8-20 19:20:27.095757000,0.2158,0.2158,0.0000,0.0740,1.6158,1.6158,0.0000,NA,NA,NA,NA,NA,NA,NA
python.exe,22256,0x0,Other,-1,0,0,Composed: Copy with GPU GDI,2026-8-20 19:20:27.095972800,8.8862,8.8862,0.0000,1.5562,7.6521,0.4562,7.1959,NA,NA,NA,NA,NA,NA,NA
python.exe,22256,0x0,Other,-1,0,0,Composed: Copy with GPU GDI,2026-8-20 19:20:27.104859000,2.7540,2.7540,0.0000,0.3258,2.6602,0.4855,2.1747,NA,NA,NA,NA,NA,NA,NA
python.exe,22256,0x0,Other,0,0,1,Hardware: Legacy Flip,2026-8-20 19:20:27.107613000,2.9172,2.9172,0.0000,0.2362,2.7366,0.1093,2.6273,4.1882,17.3517,-1.6351,8647.2024,NA,NA,NA
python.exe,22256,0x0,Other,-1,0,0,Composed: Copy with GPU GDI,2026-8-20 19:20:27.110530200,5.9023,5.9023,0.0000,0.0556,6.2092,1.6593,4.5499,NA,NA,NA,NA,NA,NA,NA
python.exe,22256,0x0,Other,-1,0,0,Composed: Copy with GPU GDI,2026-8-20 19:20:27.116432500,2.7404,2.7404,0.0000,0.3664,2.8950,0.8027,2.0923,NA,NA,NA,NA,NA,NA,NA
python.exe,22256,0x0,Other,0,0,1,Hardware: Legacy Flip,2026-8-20 19:20:27.119172900,9.0280,9.0280,0.0000,0.5949,8.4896,0.1841,8.3055,9.9800,8.4936,-5.7918,8658.7623,NA,NA,NA
python.exe,22256,0x0,Other,-1,0,0,Composed: Copy with GPU GDI,2026-8-20 19:20:27.128200900,0.3703,0.3703,0.0000,0.0565,1.4958,1.4958,0.0000,9.4456,6.2389,0.5344,8667.7903,NA,NA,NA
python.exe,22256,0x0,Other,-1,0,0,Composed: Copy with GPU GDI,2026-8-20 19:20:27.128571200,2.9879,2.9879,0.0000,1.1864,2.2450,0.6062,1.6388,NA,NA,NA,NA,NA,NA,NA
python.exe,22256,0x0,Other,-1,0,0,Composed: Copy with GPU GDI,2026-8-20 19:20:27.131559100,6.8059,6.8059,0.0000,0.4469,6.6636,0.4537,6.2099,NA,NA,NA,NA,NA,NA,NA
python.exe,22256,0x0,Other,0,0,1,Hardware: Legacy Flip,2026-8-20 19:20:27.138365000,4.4129,4.4129,0.0000,0.3077,4.3942,0.5384,3.8558,5.5204,11.9686,3.9252,8677.9544,NA,NA,NA
python.exe,22256,0x0,Other,-1,0,0,Composed: Copy with GPU GDI,2026-8-20 19:20:27.142777900,1.0027,1.0027,0.0000,0.2890,1.3249,1.3249,0.0000,13.0761,8.7644,-7.5557,8682.3673,NA,NA,NA
python.exe,22256,0x0,Other,-1,0,0,Composed: Copy with GPU GDI,2026-8-20 19:20:27.143780600,6.8524,6.8524,0.0000,0.6167,6.7375,0.6405,6.0970,NA,NA,NA,NA,NA,NA,NA
python.exe,22256,0x0,Other,-1,0,0,Composed: Copy with GPU GDI,2026-8-20 19:20:27.150633000,10.7040,10.7040,0.0000,0.5052,10.3531,0.2973,10.0558,NA,NA,NA,NA,NA,NA,NA
python.exe,22256,0x0,Other,0,0,1,Hardware: Legacy Flip,2026-8-20 19:20:27.161337000,1.6075,1.6075,0.0000,0.1597,1.5306,0.1589,1.3717,3.2814,15.5479,9.7947,8700.9264,NA,NA,NA
python.exe,22256,0x0,Other,-1,0,0,Composed: Copy with GPU GDI,2026-8-20 19:20:27.162944500,0.4256,0.4256,0.0000,0.0828,0.5258,0.5258,0.0000,17.2218,4.9089,-13.9404,8702.5339,NA,NA,NA
python.exe,22256,0x0,Other,-1,0,0,Composed: Copy with GPU GDI,2026-8-20 19:20:27.163370100,8.8922,8.8922,0.0000,0.1830,9.3748,1.7508,7.6240,NA,NA,NA,NA,NA,NA,NA
python.exe,22256,0x0,Other,-1,0,0,Composed: Copy with GPU GDI,2026-8-20 19:20:27.172262300,2.3809,2.3809,0.0000,0.6709,2.1012,0.6005,1.5007,NA,NA,NA,NA,NA,NA,NA
python.exe,22256,0x0,Other,0,0,1,Hardware: Legacy Flip,2026-8-20 19:20:27.174643200,9.2700,9.2700,0.0000,0.3953,8.9634,0.1716,8.7918,10.4320,11.4954,6.7898,8714.2326,NA,NA,NA
python.exe,22256,0x0,Other,-1,0,0,Composed: Copy with GPU GDI,2026-8-20 19:20:27.183913200,0.4595,0.4595,0.0000,0.0887,1.4803,1.4803,0.0000,NA,NA,NA,NA,NA,NA,NA
python.exe,22256,0x0,Other,-1,0,0,Composed: Copy with GPU GDI,2026-8-20 19:20:27.184372700,4.0180,4.0180,0.0000,1.1134,3.1196,0.5497,2.5699,NA,NA,NA,NA,NA,NA,NA
python.exe,22256,0x0,Other,-1,0,0,Composed: Copy with GPU GDI,2026-8-20 19:20:27.188390700,6.5544,6.5544,0.0000,0.2114,6.4505,0.2613,6.1892,NA,NA,NA,NA,NA,NA,NA
python.exe,22256,0x0,Other,0,0,1,Hardware: Legacy Flip,2026-8-20 19:20:27.194945100,0.1874,0.1874,0.0000,0.1133,0.0944,0.0778,0.0166,1.6255,15.0825,8.8065,8734.5345,NA,NA,NA
python.exe,22256,0x0,Other,-1,0,0,Composed: Copy with GPU GDI,2026-8-20 19:20:27.195132500,4.3231,4.3231,0.0000,0.0203,4.8002,1.8699,2.9303,NA,NA,NA,NA,NA,NA,NA
python.exe,22256,0x0,Other,-1,0,0,Composed: Copy with GPU GDI,2026-8-20 19:20:27.199455600,6.3956,6.3956,0.0000,0.5082,6.1798,0.5668,5.6130,NA,NA,NA,NA,NA,NA,NA
python.exe,22256,0x0,Other,-1,0,0,Composed: Copy with GPU GDI,2026-8-20 19:20:27.205851200,4.4863,4.4863,0.0000,5.0187,0.5633,0.5633,0.0000,NA,NA,NA,NA,NA,NA,NA
python.exe,22256,0x0,Other,0,0,1,Hardware: Legacy Flip,2026-8-20 19:20:27.210337500,0.4021,0.4021,0.0000,0.0000,4.7219,0.8080,3.9139,1.3156,20.0135,0.3099,8749.9269,NA,NA,NA
python.exe,22256,0x0,Other,-1,0,0,Composed: Copy with GPU GDI,2026-8-20 19:20:27.210739600,7.0526,7.0526,0.0000,0.6936,6.7007,0.6480,6.0527,NA,NA,NA,NA,NA,NA,NA
python.exe,22256,0x0,Other,-1,0,0,Composed: Copy with GPU GDI,2026-8-20 19:20:27.217792200,11.6650,11.6650,0.0000,0.3452,11.7805,0.6560,11.1245,NA,NA,NA,NA,NA,NA,NA
python.exe,22256,0x0,Other,0,0,1,Hardware: Legacy Flip,2026-8-20 19:20:27.229457200,1.1460,1.1460,0.0000,0.4667,0.7736,0.1801,0.5935,2.2094,9.1393,-0.8938,8769.0466,NA,NA,NA
python.exe,22256,0x0,Other,-1,0,0,Composed: Copy with GPU GDI,2026-8-20 19:20:27.230603200,0.6420,0.6420,0.0000,0.0943,1.5047,1.5047,0.0000,10.2027,10.7073,-7.9933,8770.1926,NA,NA,NA
python.exe,22256,0x0,Other,-1,0,0,Composed: Copy with GPU GDI,2026-8-20 19:20:27.231245200,7.5916,7.5916,0.0000,0.9631,7.0016,0.5454,6.4562,NA,NA,NA,NA,NA,NA,NA
python.exe,22256,0x0,Other,-1,0,0,Composed: Copy with GPU GDI,2026-8-20 19:20:27.238836800,1.4651,1.4651,0.0000,0.3775,1.3325,0.4207,0.9118,NA,NA,NA,NA,NA,NA,NA
python.exe,22256,0x0,Other,0,0,1,Hardware: Legacy Flip,2026-8-20 19:20:27.240301900,9.8203,9.8203,0.0000,0.2480,9.6318,0.1250,9.5068,11.2113,7.4956,-1.0086,8779.8913,NA,NA,NA
python.exe,22256,0x0,Other,-1,0,0,Composed: Copy with GPU GDI,2026-8-20 19:20:27.250122200,0.4822,0.4822,0.0000,0.0595,1.3720,1.3720,0.0000,8.8866,3.9504,2.3247,8789.7116,NA,NA,NA
python.exe,22256,0x0,Other,-1,0,0,Composed: Copy with GPU GDI,2026-8-20 19:20:27.250604400,3.4212,3.4212,0.0000,0.9523,2.8630,0.5365,2.3265,NA,NA,NA,NA,NA,NA,NA
python.exe,22256,0x0,Other,-1,0,0,Composed: Copy with GPU GDI,2026-8-20 19:20:27.254025600,7.4213,7.4213,0.0000,7.6801,0.2327,0.2327,0.0000,NA,NA,NA,NA,NA,NA,NA
python.exe,22256,0x0,Other,0,0,1,Hardware: Legacy Flip,2026-8-20 19:20:27.261446900,0.2414,0.2414,0.0000,0.0000,7.2811,0.4668,6.8143,1.5123,15.1979,7.3743,8801.0363,NA,NA,NA
python.exe,22256,0x0,Other,-1,0,0,Composed: Copy with GPU GDI,2026-8-20 19:20:27.261688300,4.3753,4.3753,0.0000,0.2501,4.2897,1.2400,3.0497,NA,NA,NA,NA,NA,NA,NA
python.exe,22256,0x0,Other,-1,0,0,Composed: Copy with GPU GDI,2026-8-20 19:20:27.266063600,7.3242,7.3242,0.0000,0.1679,7.4407,0.4835,6.9572,NA,NA,NA,NA,NA,NA,NA
python.exe,22256,0x0,Other,0,0,1,Hardware: Legacy Flip,2026-8-20 19:20:27.273387800,3.6709,3.6709,0.0000,0.2891,3.4340,0.1284,3.3056,4.7693,17.2518,-3.2570,8812.9772,NA,NA,NA
python.exe,22256,0x0,Other,-1,0,0,Composed: Copy with GPU GDI,2026-8-20 19:20:27.277058700,0.1707,0.1707,0.0000,0.0522,1.0990,1.0990,0.0000,18.3502,1.7713,-13.5809,8816.6481,NA,NA,NA
python.exe,22256,0x0,Other,-1,0,0,Composed: Copy with GPU GDI,2026-8-20 19:20:27.277229400,6.5154,6.5154,0.0000,0.9833,5.6686,0.3063,5.3623,NA,NA,NA,NA,NA,NA,NA
python.exe,22256,0x0,Other,-1,0,0,Composed: Copy with GPU GDI,2026-8-20 19:20:27.283744800,10.8342,10.8342,0.0000,0.1389,10.8074,0.4289,10.3785,NA,NA,NA,NA,NA,NA,NA
python.exe,22256,0x0,Other,0,0,1,Hardware: Legacy Flip,2026-8-20 19:20:27.294579000,1.1383,1.1383,0.0000,0.1162,1.0930,0.1642,0.9288,2.6012,16.4879,15.7490,8834.1684,NA,NA,NA
python.exe,22256,0x0,Other,-1,0,0,Composed: Copy with GPU GDI,2026-8-20 19:20:27.295717300,0.5021,0.5021,0.0000,0.0709,1.4376,1.4376,0.0000,17.9508,3.7111,-15.3496,8835.3067,NA,NA,NA
python.exe,22256,0x0,Other,-1,0,0,Composed: Copy with GPU GDI,2026-8-20 19:20:27.296219400,8.8277,8.8277,0.0000,1.0104,8.2455,0.5665,7.6790,NA,NA,NA,NA,NA,NA,NA
python.exe,22256,0x0,Other,-1,0,0,Composed: Copy with GPU GDI,2026-8-20 19:20:27.305047100,2.0400,2.0400,0.0000,0.4310,1.8213,0.3545,1.4668,NA,NA,NA,NA,NA,NA,NA
python.exe,22256,0x0,Other,0,0,1,Hardware: Legacy Flip,2026-8-20 19:20:27.307087100,9.2275,9.2275,0.0000,0.2162,9.0565,0.1118,8.9447,10.2921,8.3434,7.6587,8846.6765,NA,NA,NA
python.exe,22256,0x0,Other,-1,0,0,Composed: Copy with GPU GDI,2026-8-20 19:20:27.316314600,0.1764,0.1764,0.0000,0.0452,1.0535,1.0535,0.0000,9.4080,3.3213,0.8841,8855.9040,NA,NA,NA
python.exe,22256,0x0,Other,-1,0,0,Composed: Copy with GPU GDI,2026-8-20 19:20:27.316491000,3.3473,3.3473,0.0000,0.9253,2.6865,0.4257,2.2608,NA,NA,NA,NA,NA,NA,NA
python.exe,22256,0x0,Other,-1,0,0,Composed: Copy with GPU GDI,2026-8-20 19:20:27.319838300,7.6429,7.6429,0.0000,7.8991,0.3099,0.3099,0.0000,NA,NA,NA,NA,NA,NA,NA
python.exe,22256,0x0,Other,0,0,1,Hardware: Legacy Flip,2026-8-20 19:20:27.327481200,0.2382,0.2382,0.0000,0.0000,7.6304,0.3944,7.2360,1.5627,15.0201,7.8453,8867.0706,NA,NA,NA
python.exe,22256,0x0,Other,-1,0,0,Composed: Copy with GPU GDI,2026-8-20 19:20:27.327719400,3.8810,3.8810,0.0000,0.3279,3.6570,1.1933,2.4637,16.3446,1.6927,-14.7819,8867.3088,NA,NA,NA
python.exe,22256,0x0,Other,-1,0,0,Composed: Copy with GPU GDI,2026-8-20 19:20:27.331600400,7.1799,7.1799,0.0000,0.1067,7.5596,0.6773,6.8823,NA,NA,NA,NA,NA,NA,NA
python.exe,22256,0x0,Other,0,0,1,Hardware: Legacy Flip,2026-8-20 19:20:27.338780300,5.5127,5.5127,0.0000,0.4936,5.1120,0.2086,4.9034,6.9764,16.3639,9.3682,8878.3697,NA,NA,NA
python.exe,22256,0x0,Other,-1,0,0,Composed: Copy with GPU GDI,2026-8-20 19:20:27.344293000,0.3243,0.3243,0.0000,0.0929,1.4305,1.4305,0.0000,17.8276,2.5407,-10.8512,8883.8824,NA,NA,NA
python.exe,22256,0x0,Other,-1,0,0,Composed: Copy with GPU GDI,2026-8-20 19:20:27.344617300,5.3600,5.3600,0.0000,1.2182,4.8151,0.9148,3.9003,NA,NA,NA,NA,NA,NA,NA
python.exe,22256,0x0,Other,-1,0,0,Composed: Copy with GPU GDI,2026-8-20 19:20:27.349977300,11.7400,11.7400,0.0000,0.6785,11.6502,0.8632,10.7870,NA,NA,NA,NA,NA,NA,NA
python.exe,22256,0x0,Other,-1,0,0,Composed: Copy with GPU GDI,2026-8-20 19:20:27.361717300,1.6075,1.6075,0.0000,1.9239,0.0151,0.0151,0.0000,NA,NA,NA,NA,NA,NA,NA
python.exe,22256,0x0,Other,0,0,1,Hardware: Legacy Flip,2026-8-20 19:20:27.363324800,0.2338,0.2338,0.0000,0.0000,1.3258,0.4729,0.8529,1.3365,14.4155,16.4911,8902.9142,NA,NA,NA
python.exe,22256,0x0,Other,-1,0,0,Composed: Copy with GPU GDI,2026-8-20 19:20:27.363558600,8.7517,8.7517,0.0000,0.0977,9.0229,1.4796,7.5433,NA,NA,NA,NA,NA,NA,NA
python.exe,22256,0x0,Other,-1,0,0,Composed: Copy with GPU GDI,2026-8-20 19:20:27.372310300,0.9079,0.9079,0.0000,0.3743,0.7219,0.2915,0.4304,NA,NA,NA,NA,NA,NA,NA
python.exe,22256,0x0,Other,0,0,1,Hardware: Legacy Flip,2026-8-20 19:20:27.373218200,4.3788,4.3788,0.0000,0.1925,4.2107,0.0819,4.1288,5.8586,13.3769,-4.5221,8912.8076,NA,NA,NA
python.exe,22256,0x0,Other,-1,0,0,Composed: Copy with GPU GDI,2026-8-20 19:20:27.377597000,5.0312,5.0312,0.0000,0.0244,5.2644,1.7117,3.5527,14.8567,3.9082,-8.9981,8917.1864,NA,NA,NA
python.exe,22256,0x0,Other,-1,0,0,Composed: Copy with GPU GDI,2026-8-20 19:20:27.382628200,5.8197,5.8197,0.0000,0.2783,6.4094,1.1756,5.2338,NA,NA,NA,NA,NA,NA,NA
python.exe,22256,0x0,Other,-1,0,0,Composed: Copy with GPU GDI,2026-8-20 19:20:27.388447900,6.2654,6.2654,0.0000,0.8734,5.4988,0.2369,5.2619,NA,NA,NA,NA,NA,NA,NA
python.exe,22256,0x0,Other,0,0,1,Hardware: Legacy Flip,2026-8-20 19:20:27.394713300,0.4154,0.4154,0.0000,0.1104,0.3959,0.1856,0.2103,1.6486,14.3655,13.2081,8934.3027,NA,NA,NA
python.exe,22256,0x0,Other,-1,0,0,Composed: Copy with GPU GDI,2026-8-20 19:20:27.395128700,2.9617,2.9617,0.0000,0.0909,3.0990,1.5626,1.5364,15.5987,5.9897,-13.9501,8934.7181,NA,NA,NA
python.exe,22256,0x0,Other,-1,0,0,Composed: Copy with GPU GDI,2026-8-20 19:20:27.398090400,7.5317,7.5317,0.0000,0.2336,7.4657,0.3055,7.1602,18.6267,2.7522,-3.0280,8937.6798,NA,NA,NA
python.exe,22256,0x0,Other,-1,0,0,Composed: Copy with GPU GDI,2026-8-20 19:20:27.405622100,11.1829,11.1829,0.0000,0.1707,11.5723,0.7643,10.8080,NA,NA,NA,NA,NA,NA,NA
python.exe,22256,0x0,Other,-1,0,0,Composed: Copy with GPU GDI,2026-8-20 19:20:27.416805000,1.3440,1.3440,0.0000,0.5633,1.0869,0.4648,0.6221,NA,NA,NA,NA,NA,NA,NA
python.exe,22256,0x0,Other,0,0,1,Hardware: Legacy Flip,2026-8-20 19:20:27.418149000,0.2637,0.2637,0.0000,0.3062,0.0453,0.0453,0.0000,1.3203,10.3645,17.3064,8957.7384,NA,NA,NA
python.exe,22256,0x0,Other,-1,0,0,Composed: Copy with GPU GDI,2026-8-20 19:20:27.418412700,8.7994,8.7994,0.0000,0.0878,8.8719,1.1888,7.6831,NA,NA,NA,NA,NA,NA,NA
python.exe,22256,0x0,Other,0,0,1,Hardware: Legacy Flip,2026-8-20 19:20:27.427212100,1.1297,1.1297,0.0000,0.1631,0.9887,0.0743,0.9144,2.6217,14.1131,-1.3014,8966.8015,NA,NA,NA
python.exe,22256,0x0,Other,-1,0,0,Composed: Copy with GPU GDI,2026-8-20 19:20:27.428341800,0.3098,0.3098,0.0000,0.0221,1.5033,1.5033,0.0000,NA,NA,NA,NA,NA,NA,NA
python.exe,22256,0x0,Other,-1,0,0,Composed: Copy with GPU GDI,2026-8-20 19:20:27.428651600,9.3381,9.3381,0.0000,1.2198,8.2437,0.3270,7.9167,NA,NA,NA,NA,NA,NA,NA
python.exe,22256,0x0,Other,-1,0,0,Composed: Copy with GPU GDI,2026-8-20 19:20:27.437989700,2.8797,2.8797,0.0000,0.1295,3.1606,0.5119,2.6487,NA,NA,NA,NA,NA,NA,NA
python.exe,22256,0x0,Other,0,0,1,Hardware: Legacy Flip,2026-8-20 19:20:27.440869400,1.6484,1.6484,0.0000,0.4086,1.3194,0.1575,1.1619,3.0775,19.9220,-0.4558,8980.4588,NA,NA,NA
python.exe,22256,0x0,Other,-1,0,0,Composed: Copy with GPU GDI,2026-8-20 19:20:27.442517800,8.5101,8.5101,0.0000,0.0796,8.6926,1.7135,6.9791,NA,NA,NA,NA,NA,NA,NA
python.exe,22256,0x0,Other,-1,0,0,Composed: Copy with GPU GDI,2026-8-20 19:20:27.451027900,1.5160,1.5160,0.0000,0.2662,1.5340,0.4439,1.0901,NA,NA,NA,NA,NA,NA,NA
python.exe,22256,0x0,Other,0,0,1,Hardware: Legacy Flip,2026-8-20 19:20:27.452543900,9.9141,9.9141,0.0000,0.2873,9.6834,0.1222,9.5612,11.3250,7.4577,-8.2475,8992.1333,NA,NA,NA
python.exe,22256,0x0,Other,-1,0,0,Composed: Copy with GPU GDI,2026-8-20 19:20:27.462458000,0.6712,0.6712,0.0000,0.0566,1.9188,1.9188,0.0000,8.8686,12.1241,2.4564,9002.0474,NA,NA,NA
python.exe,22256,0x0,Other,-1,0,0,Composed: Copy with GPU GDI,2026-8-20 19:20:27.463129200,1.7602,1.7602,0.0000,1.3100,1.1673,0.8518,0.3155,20.3215,2.2884,-11.4529,9002.7186,NA,NA,NA
python.exe,22256,0x0,Other,-1,0,0,Composed: Copy with GPU GDI,2026-8-20 19:20:27.464889400,8.4965,8.4965,0.0000,0.7215,7.9638,0.3437,7.6201,NA,NA,NA,NA,NA,NA,NA
python.exe,22256,0x0,Other,-1,0,0,Composed: Copy with GPU GDI,2026-8-20 19:20:27.473385900,10.6383,10.6383,0.0000,0.1937,10.6113,0.3354,10.2759,NA,NA,NA,NA,NA,NA,NA
python.exe,22256,0x0,Other,0,0,1,Hardware: Legacy Flip,2026-8-20 19:20:27.484024200,0.4742,0.4742,0.0000,0.1717,0.3713,0.1806,0.1907,1.7149,9.9029,18.6066,9023.6136,NA,NA,NA
python.exe,22256,0x0,Other,-1,0,0,Composed: Copy with GPU GDI,2026-8-20 19:20:27.484498400,0.4827,0.4827,0.0000,0.0688,1.3755,1.3755,0.0000,11.1436,3.0784,-9.4287,9024.0878,NA,NA,NA
python.exe,22256,0x0,Other,-1,0,0,Composed: Copy with GPU GDI,2026-8-20 19:20:27.484981100,11.4195,11.4195,0.0000,0.9643,10.6909,0.3764,10.3145,NA,NA,NA,NA,NA,NA,NA
python.exe,22256,0x0,Other,-1,0,0,Composed: Copy with GPU GDI,2026-8-20 19:20:27.496400600,0.9679,0.9679,0.0000,1.1636,0.1392,0.1392,0.0000,NA,NA,NA,NA,NA,NA,NA
python.exe,22256,0x0,Other,0,0,1,Hardware: Legacy Flip,2026-8-20 19:20:27.497368500,0.1421,0.1421,0.0000,0.0000,0.9253,0.2950,0.6303,1.3519,11.1364,9.7917,9036.9579,NA,NA,NA
python.exe,22256,0x0,Other,-1,0,0,Composed: Copy with GPU GDI,2026-8-20 19:20:27.497510600,7.3856,7.3856,0.0000,0.1928,7.6505,1.4953,6.1552,NA,NA,NA,NA,NA,NA,NA
python.exe,22256,0x0,Other,-1,0,0,Composed: Copy with GPU GDI,2026-8-20 19:20:27.504896200,1.9688,1.9688,0.0000,0.4624,1.8322,0.4209,1.4113,NA,NA,NA,NA,NA,NA,NA
python.exe,22256,0x0,Other,0,0,1,Hardware: Legacy Flip,2026-8-20 19:20:27.506865000,1.6874,1.6874,0.0000,0.3398,1.3730,0.0974,1.2756,2.9918,62.8662,-1.6399,9046.4544,NA,NA,NA
python.exe,22256,0x0,Other,-1,0,0,Composed: Copy with GPU GDI,2026-8-20 19:20:27.508552400,61.9521,61.9521,0.0000,0.0254,62.1748,1.6487,60.5261,NA,NA,NA,NA,NA,NA,NA
python.exe,22256,0x0,Other,0,0,1,Hardware: Legacy Flip,2026-8-20 19:20:27.570504500,1.0534,1.0534,0.0000,0.2728,0.8898,0.2201,0.6697,2.2185,1.6465,0.7733,9110.0939,NA,NA,NA
python.exe,22256,0x0,Other,-1,0,0,Composed: Copy with GPU GDI,2026-8-20 19:20:27.571557900,0.6229,0.6229,0.0000,0.1092,1.1766,1.1766,0.0000,NA,NA,NA,NA,NA,NA,NA
python.exe,22256,0x0,Other,0,0,1,Hardware: Legacy Flip,2026-8-20 19:20:27.572180800,0.9421,0.9421,0.0000,0.6669,0.2949,0.0745,0.2204,2.1887,18.2875,0.0298,9111.7702,NA,NA,NA
python.exe,22256,0x0,Other,-1,0,0,Composed: Copy with GPU GDI,2026-8-20 19:20:27.573122900,0.9596,0.9596,0.0000,0.0197,1.7421,1.7421,0.0000,19.5341,4.4548,-17.3454,9112.7123,NA,NA,NA
python.exe,22256,0x0,Other,-1,0,0,Composed: Copy with GPU GDI,2026-8-20 19:20:27.574082500,10.6625,10.6625,0.0000,0.8060,10.0623,0.4123,9.6500,NA,NA,NA,NA,NA,NA,NA
python.exe,22256,0x0,Other,-1,0,0,Composed: Copy with GPU GDI,2026-8-20 19:20:27.584745000,1.2381,1.2381,0.0000,0.2087,1.4208,0.5308,0.8900,NA,NA,NA,NA,NA,NA,NA
python.exe,22256,0x0,Other,-1,0,0,Composed: Copy with GPU GDI,2026-8-20 19:20:27.585983100,9.3825,9.3825,0.0000,0.3959,9.1888,0.3702,8.8186,NA,NA,NA,NA,NA,NA,NA
python.exe,22256,0x0,Other,0,0,1,Hardware: Legacy Flip,2026-8-20 19:20:27.595365600,0.3608,0.3608,0.0000,0.2057,0.2199,0.1451,0.0748,1.7462,7.6818,17.7879,9134.9550,NA,NA,NA
python.exe,22256,0x0,Other,-1,0,0,Composed: Copy with GPU GDI,2026-8-20 19:20:27.595726400,2.9152,2.9152,0.0000,0.0648,3.1658,1.7644,1.4014,9.0672,6.4853,-7.3210,9135.3158,NA,NA,NA
python.exe,22256,0x0,Other,-1,0,0,Composed: Copy with GPU GDI,2026-8-20 19:20:27.598641600,10.0984,10.0984,0.0000,0.3212,9.9236,0.3434,9.5802,NA,NA,NA,NA,NA,NA,NA
python.exe,22256,0x0,Other,0,0,1,Hardware: Legacy Flip,2026-8-20 19:20:27.608740000,1.2238,1.2238,0.0000,0.1505,1.0981,0.1070,0.9911,2.5389,17.7851,6.5283,9148.3294,NA,NA,NA
python.exe,22256,0x0,Other,-1,0,0,Composed: Copy with GPU GDI,2026-8-20 19:20:27.609963800,0.5183,0.5183,0.0000,0.0248,1.7235,1.7235,0.0000,19.1002,1.5203,-16.5613,9149.5532,NA,NA,NA
python.exe,22256,0x0,Other,-1,0,0,Composed: Copy with GPU GDI,2026-8-20 19:20:27.610482100,7.0168,7.0168,0.0000,1.2357,5.9034,0.3122,5.5912,NA,NA,NA,NA,NA,NA,NA
python.exe,22256,0x0,Other,-1,0,0,Composed: Copy with GPU GDI,2026-8-20 19:20:27.617498900,10.8566,10.8566,0.0000,0.1397,11.6581,1.1430,10.5151,NA,NA,NA,NA,NA,NA,NA
python.exe,22256,0x0,Other,0,0,1,Hardware: Legacy Flip,2026-8-20 19:20:27.628355500,1.2245,1.2245,0.0000,0.9447,0.4547,0.2718,0.1829,2.2288,10.6163,16.8714,9167.9449,NA,NA,NA
python.exe,22256,0x0,Other,-1,0,0,Composed: Copy with GPU GDI,2026-8-20 19:20:27.629580000,0.4759,0.4759,0.0000,0.1749,1.0912,1.0912,0.0000,11.6206,3.2274,-9.3918,9169.1694,NA,NA,NA
python.exe,22256,0x0,Other,-1,0,0,Composed: Copy with GPU GDI,2026-8-20 19:20:27.630055900,9.4719,9.4719,0.0000,0.7929,8.8339,0.4321,8.4018,NA,NA,NA,NA,NA,NA,NA
python.exe,22256,0x0,Other,-1,0,0,Composed: Copy with GPU GDI,2026-8-20 19:20:27.639527800,0.7406,0.7406,0.0000,0.1587,0.9016,0.4647,0.4369,NA,NA,NA,NA,NA,NA,NA
python.exe,22256,0x0,Other,0,0,1,Hardware: Legacy Flip,2026-8-20 19:20:27.640268400,2.7157,2.7157,0.0000,0.3240,2.4158,0.0888,2.3270,4.1596,14.9914,7.4610,9179.8578,NA,NA,NA
python.exe,22256,0x0,Other,-1,0,0,Composed: Copy with GPU GDI,2026-8-20 19:20:27.642984100,7.6583,7.6583,0.0000,0.0241,7.8542,1.7026,6.1516,NA,NA,NA,NA,NA,NA,NA
python.exe,22256,0x0,Other,-1,0,0,Composed: Copy with GPU GDI,2026-8-20 19:20:27.650642400,1.8475,1.8475,0.0000,0.2237,1.9122,0.4263,1.4859,8.7770,6.6815,-4.6174,9190.2318,NA,NA,NA
python.exe,22256,0x0,Other,-1,0,0,Composed: Copy with GPU GDI,2026-8-20 19:20:27.652489900,11.9730,11.9730,0.0000,12.2011,0.3489,0.3489,0.0000,NA,NA,NA,NA,NA,NA,NA
python.exe,22256,0x0,Other,0,0,1,Hardware: Legacy Flip,2026-8-20 19:20:27.664462900,0.1485,0.1485,0.0000,0.0000,11.9069,0.4137,11.4932,1.6380,10.9481,7.1390,9204.0523,NA,NA,NA
python.exe,22256,0x0,Other,-1,0,0,Composed: Copy with GPU GDI,2026-8-20 19:20:27.664611400,8.9099,8.9099,0.0000,0.4285,8.8167,1.4572,7.3595,NA,NA,NA,NA,NA,NA,NA
python.exe,22256,0x0,Other,0,0,1,Hardware: Legacy Flip,2026-8-20 19:20:27.673521300,2.3551,2.3551,0.0000,0.3392,2.0375,0.0704,1.9671,3.5277,6.6616,-1.8897,9213.1107,NA,NA,NA
python.exe,22256,0x0,Other,-1,0,0,Composed: Copy with GPU GDI,2026-8-20 19:20:27.675876400,1.3163,1.3163,0.0000,0.0216,1.8480,1.7559,0.0921,7.8342,13.6532,-4.3065,9215.4658,NA,NA,NA
python.exe,22256,0x0,Other,-1,0,0,Composed: Copy with GPU GDI,2026-8-20 19:20:27.677192700,7.3805,7.3805,0.0000,0.5593,7.1571,0.5254,6.6317,NA,NA,NA,NA,NA,NA,NA
python.exe,22256,0x0,Other,-1,0,0,Composed: Copy with GPU GDI,2026-8-20 19:20:27.684573200,10.4474,10.4474,0.0000,0.3395,10.7539,0.8022,9.9517,NA,NA,NA,NA,NA,NA,NA
python.exe,22256,0x0,Other,0,0,1,Hardware: Legacy Flip,2026-8-20 19:20:27.695020600,1.1750,1.1750,0.0000,0.6582,0.6102,0.1833,0.4269,2.3432,16.6423,5.4910,9234.6100,NA,NA,NA
python.exe,22256,0x0,Other,-1,0,0,Composed: Copy with GPU GDI,2026-8-20 19:20:27.696195600,0.2870,0.2870,0.0000,0.0934,1.1499,1.1499,0.0000,17.8105,6.0997,-15.4673,9235.7850,NA,NA,NA
python.exe,22256,0x0,Other,-1,0,0,Composed: Copy with GPU GDI,2026-8-20 19:20:27.696482600,10.8205,10.8205,0.0000,0.9608,10.3731,0.6878,9.6853,23.6232,0.2206,-5.8127,9236.0720,NA,NA,NA
python.exe,22256,0x0,Other,-1,0,0,Composed: Copy with GPU GDI,2026-8-20 19:20:27.707303100,0.9663,0.9663,0.0000,0.5209,1.1350,1.0749,0.0601,NA,NA,NA,NA,NA,NA,NA
python.exe,22256,0x0,Other,-1,0,0,Composed: Copy with GPU GDI,2026-8-20 19:20:27.708269400,9.7509,9.7509,0.0000,0.6975,9.2864,0.4033,8.8831,NA,NA,NA,NA,NA,NA,NA
python.exe,22256,0x0,Other,0,0,1,Hardware: Legacy Flip,2026-8-20 19:20:27.718020300,1.1424,1.1424,0.0000,0.2375,0.9743,0.1395,0.8348,2.3061,10.4649,21.3171,9257.6097,NA,NA,NA
python.exe,22256,0x0,Other,-1,0,0,Composed: Copy with GPU GDI,2026-8-20 19:20:27.719162700,0.3405,0.3405,0.0000,0.0694,1.4706,1.4706,0.0000,NA,NA,NA,NA,NA,NA,NA
python.exe,22256,0x0,Other,-1,0,0,Composed: Copy with GPU GDI,2026-8-20 19:20:27.719503200,9.1335,9.1335,0.0000,1.2034,8.4578,0.6502,7.8076,NA,NA,NA,NA,NA,NA,NA
python.exe,22256,0x0,Other,0,0,1,Hardware: Legacy Flip,2026-8-20 19:20:27.728636700,1.0708,1.0708,0.0000,0.5317,0.5863,0.1626,0.4237,2.1546,13.5268,0.1515,9268.2261,NA,NA,NA
python.exe,22256,0x0,Other,-1,0,0,Composed: Copy with GPU GDI,2026-8-20 19:20:27.729707500,2.1911,2.1911,0.0000,0.0472,2.6853,1.6851,1.0002,14.6106,5.8947,-12.4560,9269.2969,NA,NA,NA
python.exe,22256,0x0,Other,-1,0,0,Composed: Copy with GPU GDI,2026-8-20 19:20:27.731898600,10.2051,10.2051,0.0000,0.5457,9.9501,0.5910,9.3591,NA,NA,NA,NA,NA,NA,NA
python.exe,22256,0x0,Other,-1,0,0,Composed: Copy with GPU GDI,2026-8-20 19:20:27.742103700,6.6988,6.6988,0.0000,0.2959,6.7322,0.5640,6.1682,NA,NA,NA,NA,NA,NA,NA
python.exe,22256,0x0,Other,0,0,1,Hardware: Legacy Flip,2026-8-20 19:20:27.748802500,0.3465,0.3465,0.0000,0.3293,0.1000,0.1000,0.0000,1.4103,15.8266,13.2003,9288.3919,NA,NA,NA
python.exe,22256,0x0,Other,-1,0,0,Composed: Copy with GPU GDI,2026-8-20 19:20:27.749149000,3.6127,3.6127,0.0000,0.0828,3.6792,1.1312,2.5480,NA,NA,NA,NA,NA,NA,NA
python.exe,22256,0x0,Other,-1,0,0,Composed: Copy with GPU GDI,2026-8-20 19:20:27.752761700,2.4656,2.4656,0.0000,0.1544,2.7321,0.6347,2.0974,NA,NA,NA,NA,NA,NA,NA
python.exe,22256,0x0,Other,-1,0,0,Composed: Copy with GPU GDI,2026-8-20 19:20:27.755227300,8.7833,8.7833,0.0000,0.4254,8.5830,0.4826,8.1004,NA,NA,NA,NA,NA,NA,NA
python.exe,22256,0x0,Other,0,0,1,Hardware: Legacy Flip,2026-8-20 19:20:27.764010600,0.9659,0.9659,0.0000,0.2234,0.8527,0.2283,0.6244,2.0288,12.8814,-0.6185,9303.6000,NA,NA,NA
python.exe,22256,0x0,Other,-1,0,0,Composed: Copy with GPU GDI,2026-8-20 19:20:27.764976500,6.9182,6.9182,0.0000,0.1102,7.2605,1.3973,5.8632,NA,NA,NA,NA,NA,NA,NA
python.exe,22256,0x0,Other,-1,0,0,Composed: Copy with GPU GDI,2026-8-20 19:20:27.771894700,2.3345,2.3345,0.0000,0.4557,1.9958,0.2342,1.7616,NA,NA,NA,NA,NA,NA,NA
python.exe,22256,0x0,Other,0,0,1,Hardware: Legacy Flip,2026-8-20 19:20:27.774229200,3.7128,3.7128,0.0000,0.1198,3.6295,0.1197,3.5098,4.6916,13.9485,-2.6628,9313.8186,NA,NA,NA
python.exe,22256,0x0,Other,-1,0,0,Composed: Copy with GPU GDI,2026-8-20 19:20:27.777942000,4.7633,4.7633,0.0000,0.0365,4.8524,1.2469,3.6055,NA,NA,NA,NA,NA,NA,NA
python.exe,22256,0x0,Other,-1,0,0,Composed: Copy with GPU GDI,2026-8-20 19:20:27.782705300,4.1126,4.1126,0.0000,0.1318,4.1442,0.3436,3.8006,10.1640,4.9876,-5.4724,9322.2947,NA,NA,NA
python.exe,22256,0x0,Other,-1,0,0,Composed: Copy with GPU GDI,2026-8-20 19:20:27.786817900,9.3917,9.3917,0.0000,0.1681,9.3057,0.2115,9.0942,NA,NA,NA,NA,NA,NA,NA
python.exe,22256,0x0,Other,0,0,1,Hardware: Legacy Flip,2026-8-20 19:20:27.796209600,0.3558,0.3558,0.0000,0.0870,0.3254,0.1094,0.2160,1.6473,12.7927,8.5167,9335.7990,NA,NA,NA
python.exe,22256,0x0,Other,-1,0,0,Composed: Copy with GPU GDI,2026-8-20 19:20:27.796565400,2.0758,2.0758,0.0000,0.0566,2.2236,1.7053,0.5183,NA,NA,NA,NA,NA,NA,NA
python.exe,22256,0x0,Other,-1,0,0,Composed: Copy with GPU GDI,2026-8-20 19:20:27.798641200,9.6700,9.6700,0.0000,0.3002,10.0534,0.8749,9.1785,NA,NA,NA,NA,NA,NA,NA
python.exe,22256,0x0,Other,0,0,1,Hardware: Legacy Flip,2026-8-20 19:20:27.808311200,1.1989,1.1989,0.0000,0.6865,0.5660,0.1985,0.3675,2.3384,6.5021,-0.6911,9347.9006,NA,NA,NA
python.exe,22256,0x0,Other,-1,0,0,Composed: Copy with GPU GDI,2026-8-20 19:20:27.809510100,0.9203,0.9203,0.0000,0.0536,1.6120,1.6120,0.0000,7.6416,12.1842,-5.3032,9349.0995,NA,NA,NA
python.exe,22256,0x0,Other,-1,0,0,Composed: Copy with GPU GDI,2026-8-20 19:20:27.810430400,5.9262,5.9262,0.0000,0.7490,5.2905,0.2706,5.0199,18.9055,1.2911,-11.2639,9350.0198,NA,NA,NA
python.exe,22256,0x0,Other,-1,0,0,Composed: Copy with GPU GDI,2026-8-20 19:20:27.816356600,11.1687,11.1687,0.0000,0.1173,11.3055,0.4381,10.8674,NA,NA,NA,NA,NA,NA,NA
python.exe,22256,0x0,Other,0,0,1,Hardware: Legacy Flip,2026-8-20 19:20:27.827525300,2.0365,2.0365,0.0000,0.2590,1.8857,0.1926,1.6931,3.1017,14.4018,15.8038,9367.1147,NA,NA,NA
python.exe,22256,0x0,Other,-1,0,0,Composed: Copy with GPU GDI,2026-8-20 19:20:27.829561800,0.5854,0.5854,0.0000,0.1082,1.4600,1.4600,0.0000,NA,NA,NA,NA,NA,NA,NA
python.exe,22256,0x0,Other,-1,0,0,Composed: Copy with GPU GDI,2026-8-20 19:20:27.830147200,11.1697,11.1697,0.0000,0.9858,10.4130,0.4396,9.9734,NA,NA,NA,NA,NA,NA,NA
python.exe,22256,0x0,Other,-1,0,0,Composed: Copy with GPU GDI,2026-8-20 19:20:27.841316900,1.1248,1.1248,0.0000,0.2323,1.3226,0.5447,0.7779,NA,NA,NA,NA,NA,NA,NA
python.exe,22256,0x0,Other,0,0,1,Hardware: Legacy Flip,2026-8-20 19:20:27.842441700,1.2396,1.2396,0.0000,0.4344,0.8806,0.1454,0.7352,2.5871,20.6886,0.5146,9382.0311,NA,NA,NA
python.exe,22256,0x0,Other,-1,0,0,Composed: Copy with GPU GDI,2026-8-20 19:20:27.843681300,6.7932,6.7932,0.0000,0.0754,7.0332,1.7653,5.2679,22.0361,6.0150,-19.4490,9383.2707,NA,NA,NA
python.exe,22256,0x0,Other,-1,0,0,Composed: Copy with GPU GDI,2026-8-20 19:20:27.850474500,3.2774,3.2774,0.0000,0.4183,3.1648,0.4770,2.6878,21.2579,2.3361,0.7782,9390.0639,NA,NA,NA
python.exe,22256,0x0,Other,-1,0,0,Composed: Copy with GPU GDI,2026-8-20 19:20:27.853751900,13.7539,13.7539,0.0000,0.3083,13.7171,0.4350,13.2821,NA,NA,NA,NA,NA,NA,NA
python.exe,22256,0x0,Other,0,0,1,Hardware: Legacy Flip,2026-8-20 19:20:27.867505800,5.4830,5.4830,0.0000,0.2790,5.3149,0.2015,5.1134,6.5627,15.7710,14.6952,9407.0952,NA,NA,NA
python.exe,22256,0x0,Other,-1,0,0,Composed: Copy with GPU GDI,2026-8-20 19:20:27.872988800,2.1744,2.1744,0.0000,0.1109,2.3728,1.3853,0.9875,NA,NA,NA,NA,NA,NA,NA
python.exe,22256,0x0,Other,-1,0,0,Composed: Copy with GPU GDI,2026-8-20 19:20:27.875163200,10.4718,10.4718,0.0000,0.3142,10.4585,0.5884,9.8701,NA,NA,NA,NA,NA,NA,NA
python.exe,22256,0x0,Other,-1,0,0,Composed: Copy with GPU GDI,2026-8-20 19:20:27.885635000,1.7251,1.7251,0.0000,0.3041,1.7289,0.4716,1.2573,NA,NA,NA,NA,NA,NA,NA
python.exe,22256,0x0,Other,0,0,1,Hardware: Legacy Flip,2026-8-20 19:20:27.887360100,1.1810,1.1810,0.0000,0.3148,0.9596,0.1696,0.7900,2.4794,6.8385,4.0833,9426.9495,NA,NA,NA
python.exe,22256,0x0,Other,-1,0,0,Composed: Copy with GPU GDI,2026-8-20 19:20:27.888541100,5.2105,5.2105,0.0000,0.0934,5.2323,1.5558,3.6765,NA,NA,NA,NA,NA,NA,NA
python.exe,22256,0x0,Other,0,0,1,Hardware: Legacy Flip,2026-8-20 19:20:27.893751600,1.5477,1.5477,0.0000,0.1180,1.4575,0.0919,1.3656,2.9264,17.5145,-0.4470,9433.3410,NA,NA,NA
python.exe,22256,0x0,Other,-1,0,0,Composed: Copy with GPU GDI,2026-8-20 19:20:27.895299300,0.5262,0.5262,0.0000,0.0278,1.8899,1.8899,0.0000,18.8932,5.0488,-15.9668,9434.8887,NA,NA,NA
python.exe,22256,0x0,Other,-1,0,0,Composed: Copy with GPU GDI,2026-8-20 19:20:27.895825500,8.8960,8.8960,0.0000,1.3958,7.8015,0.4553,7.3462,NA,NA,NA,NA,NA,NA,NA
python.exe,22256,0x0,Other,-1,0,0,Composed: Copy with GPU GDI,2026-8-20 19:20:27.904721500,3.9236,3.9236,0.0000,0.3061,4.2830,0.8998,3.3832,NA,NA,NA,NA,NA,NA,NA
python.exe,22256,0x0,Other,0,0,1,Hardware: Legacy Flip,2026-8-20 19:20:27.908645100,9.1460,9.1460,0.0000,0.6698,8.5897,0.1979,8.3918,10.5962,10.5616,8.2970,9448.2345,NA,NA,NA
python.exe,22256,0x0,Other,-1,0,0,Composed: Copy with GPU GDI,2026-8-20 19:20:27.917791100,0.5839,0.5839,0.0000,0.1135,1.8324,1.8324,0.0000,NA,NA,NA,NA,NA,NA,NA
python.exe,22256,0x0,Other,-1,0,0,Composed: Copy with GPU GDI,2026-8-20 19:20:27.918375000,2.0923,2.0923,0.0000,1.3672,1.0655,0.5086,0.5569,NA,NA,NA,NA,NA,NA,NA
python.exe,22256,0x0,Other,-1,0,0,Composed: Copy with GPU GDI,2026-8-20 19:20:27.920467300,7.3473,7.3473,0.0000,0.3455,7.3608,0.5146,6.8462,NA,NA,NA,NA,NA,NA,NA
python.exe,22256,0x0,Other,0,0,1,Hardware: Legacy Flip,2026-8-20 19:20:27.927814600,0.8215,0.8215,0.0000,0.3736,0.4721,0.1114,0.3607,1.9883,14.5574,8.6079,9467.4040,NA,NA,NA
python.exe,22256,0x0,Other,-1,0,0,Composed: Copy with GPU GDI,2026-8-20 19:20:27.928636100,3.5454,3.5454,0.0000,0.0242,3.8595,1.4768,2.3827,NA,NA,NA,NA,NA,NA,NA
python.exe,22256,0x0,Other,-1,0,0,Composed: Copy with GPU GDI,2026-8-20 19:20:27.932181500,9.5053,9.5053,0.0000,0.3548,9.8559,0.8638,8.9921,NA,NA,NA,NA,NA,NA,NA
python.exe,22256,0x0,Other,0,0,1,Hardware: Legacy Flip,2026-8-20 19:20:27.941686800,1.1598,1.1598,0.0000,0.7128,0.5204,0.1336,0.3868,2.6735,18.3827,-0.6852,9481.2762,NA,NA,NA
python.exe,22256,0x0,Other,-1,0,0,Composed: Copy with GPU GDI,2026-8-20 19:20:27.942846600,1.3117,1.3117,0.0000,0.0734,2.0221,2.0221,0.0000,NA,NA,NA,NA,NA,NA,NA
python.exe,22256,0x0,Other,-1,0,0,Composed: Copy with GPU GDI,2026-8-20 19:20:27.944158300,6.3694,6.3694,0.0000,0.7883,5.8140,0.3578,5.4562,18.5847,3.7329,-15.9112,9483.7477,NA,NA,NA
python.exe,22256,0x0,Other,-1,0,0,Composed: Copy with GPU GDI,2026-8-20 19:20:27.950527700,4.9057,4.9057,0.0000,0.2366,4.7694,0.2120,4.5574,NA,NA,NA,NA,NA,NA,NA
python.exe,22256,0x0,Other,0,0,1,Hardware: Legacy Flip,2026-8-20 19:20:27.955433400,9.5172,9.5172,0.0000,0.1037,9.4953,0.1655,9.3298,11.0425,8.3553,7.5422,9495.0228,NA,NA,NA
python.exe,22256,0x0,Other,-1,0,0,Composed: Copy with GPU GDI,2026-8-20 19:20:27.964950600,0.2768,0.2768,0.0000,0.0818,0.3547,0.3547,0.0000,9.8806,12.1575,1.1619,9504.5400,NA,NA,NA
python.exe,22256,0x0,Other,-1,0,0,Composed: Copy with GPU GDI,2026-8-20 19:20:27.965227400,6.6849,6.6849,0.0000,0.1597,6.7851,1.4177,5.3674,NA,NA,NA,NA,NA,NA,NA
python.exe,22256,0x0,Other,-1,0,0,Composed: Copy with GPU GDI,2026-8-20 19:20:27.971912300,2.2954,2.2954,0.0000,0.2632,2.7881,0.8829,1.9052,15.0764,0.6582,-5.1958,9511.5017,NA,NA,NA
python.exe,22256,0x0,Other,0,0,1,Hardware: Legacy Flip,2026-8-20 19:20:27.974207700,11.8157,11.8157,0.0000,0.7592,11.1208,0.1281,10.9927,13.4392,8.1567,1.6372,9513.7971,NA,NA,NA
python.exe,22256,0x0,Other,-1,0,0,Composed: Copy with GPU GDI,2026-8-20 19:20:27.986023400,0.2733,0.2733,0.0000,0.0643,0.4397,0.4397,0.0000,NA,NA,NA,NA,NA,NA,NA
python.exe,22256,0x0,Other,-1,0,0,Composed: Copy with GPU GDI,2026-8-20 19:20:27.986296700,1.0449,1.0449,0.0000,0.2307,1.6902,1.6902,0.0000,NA,NA,NA,NA,NA,NA,NA
python.exe,22256,0x0,Other,-1,0,0,Composed: Copy with GPU GDI,2026-8-20 19:20:27.987341600,6.8974,6.8974,0.0000,7.2799,0.1659,0.1659,0.0000,NA,NA,NA,NA,NA,NA,NA
python.exe,22256,0x0,Other,0,0,1,Hardware: Legacy Flip,2026-8-20 19:20:27.994239000,0.3572,0.3572,0.0000,0.0000,6.3979,0.5857,5.8122,1.5646,15.4515,11.8746,9533.8284,NA,NA,NA
python.exe,22256,0x0,Other,-1,0,0,Composed: Copy with GPU GDI,2026-8-20 19:20:27.994596200,3.7204,3.7204,0.0000,0.1912,3.6408,1.2013,2.4395,16.6589,6.0616,-15.0943,9534.1856,NA,NA,NA
python.exe,22256,0x0,Other,-1,0,0,Composed: Copy with GPU GDI,2026-8-20 19:20:27.998316600,7.8056,7.8056,0.0000,0.1153,7.8161,0.2618,7.5543,NA,NA,NA,NA,NA,NA,NA
python.exe,22256,0x0,Other,-1,0,0,Composed: Copy with GPU GDI,2026-8-20 19:20:28.006122200,4.3502,4.3502,0.0000,0.1283,4.3360,0.3130,4.0230,11.1945,0.3000,5.4644,9545.7116,NA,NA,NA
python.exe,22256,0x0,Other,0,0,1,Hardware: Legacy Flip,2026-8-20 19:20:28.010472400,5.5074,5.5074,0.0000,0.1173,5.4425,0.1020,5.3405,7.1443,11.8460,4.0502,9550.0618,NA,NA,NA
python.exe,22256,0x0,Other,-1,0,0,Composed: Copy with GPU GDI,2026-8-20 19:20:28.015979800,0.5447,0.5447,0.0000,0.0524,1.6460,1.6460,0.0000,13.4829,0.4043,-6.3386,9555.5692,NA,NA,NA
python.exe,22256,0x0,Other,-1,0,0,Composed: Copy with GPU GDI,2026-8-20 19:20:28.016524500,10.4271,10.4271,0.0000,1.1573,10.1032,0.9808,9.1224,NA,NA,NA,NA,NA,NA,NA
python.exe,22256,0x0,Other,0,0,1,Hardware: Legacy Flip,2026-8-20 19:20:28.026951600,1.6928,1.6928,0.0000,0.8384,0.8872,0.1280,0.7592,2.9154,15.3258,10.5675,9566.5410,NA,NA,NA
python.exe,22256,0x0,Other,-1,0,0,Composed: Copy with GPU GDI,2026-8-20 19:20:28.028644400,0.2097,0.2097,0.0000,0.0328,1.2432,1.2432,0.0000,NA,NA,NA,NA,NA,NA,NA
python.exe,22256,0x0,Other,-1,0,0,Composed: Copy with GPU GDI,2026-8-20 19:20:28.028854100,10.8592,10.8592,0.0000,1.0703,10.2274,0.5987,9.6287,NA,NA,NA,NA,NA,NA,NA
python.exe,22256,0x0,Other,-1,0,0,Composed: Copy with GPU GDI,2026-8-20 19:20:28.039713300,1.2330,1.2330,0.0000,0.4435,0.9521,0.3042,0.6479,NA,NA,NA,NA,NA,NA,NA
python.exe,22256,0x0,Other,0,0,1,Hardware: Legacy Flip,2026-8-20 19:20:28.040946300,3.0879,3.0879,0.0000,0.1674,2.9943,0.1386,2.8557,4.2465,14.5978,-1.3311,9580.5357,NA,NA,NA
python.exe,22256,0x0,Other,-1,0,0,Composed: Copy with GPU GDI,2026-8-20 19:20:28.044034200,8.4884,8.4884,0.0000,0.0738,8.5811,1.5183,7.0628,15.7564,3.2854,-11.5099,9583.6236,NA,NA,NA
python.exe,22256,0x0,Other,-1,0,0,Composed: Copy with GPU GDI,2026-8-20 19:20:28.052522600,1.7946,1.7946,0.0000,0.1700,1.9177,0.4885,1.4292,NA,NA,NA,NA,NA,NA,NA
python.exe,22256,0x0,Other,-1,0,0,Composed: Copy with GPU GDI,2026-8-20 19:20:28.054317200,7.0263,7.0263,0.0000,0.2951,7.0733,0.5177,6.5556,NA,NA,NA,NA,NA,NA,NA
python.exe,22256,0x0,Other,0,0,1,Hardware: Legacy Flip,2026-8-20 19:20:28.061343500,0.4835,0.4835,0.0000,0.3954,0.1659,0.1636,0.0023,1.7325,14.9315,14.0239,9600.9329,NA,NA,NA
python.exe,22256,0x0,Other,-1,0,0,Composed: Copy with GPU GDI,2026-8-20 19:20:28.061827000,3.3311,3.3311,0.0000,0.0778,4.1521,2.0521,2.1000,16.1805,6.2965,-14.4480,9601.4164,NA,NA,NA
python.exe,22256,0x0,Other,-1,0,0,Composed: Copy with GPU GDI,2026-8-20 19:20:28.065158100,8.8151,8.8151,0.0000,0.9404,8.5048,0.8866,7.6182,19.1459,4.0302,-2.9654,9604.7475,NA,NA,NA
python.exe,22256,0x0,Other,-1,0,0,Composed: Copy with GPU GDI,2026-8-20 19:20:28.073973200,11.9552,11.9552,0.0000,0.6344,11.6469,0.5599,11.0870,NA,NA,NA,NA,NA,NA,NA
python.exe,22256,0x0,Other,0,0,1,Hardware: Legacy Flip,2026-8-20 19:20:28.085928400,1.0605,1.0605,0.0000,0.3303,0.8229,0.1838,0.6391,2.4058,7.8622,16.7401,9625.5178,NA,NA,NA
python.exe,22256,0x0,Other,-1,0,0,Composed: Copy with GPU GDI,2026-8-20 19:20:28.086988900,0.8382,0.8382,0.0000,0.0927,1.7798,1.7798,0.0000,9.2075,3.6983,-6.8017,9626.5783,NA,NA,NA
python.exe,22256,0x0,Other,-1,0,0,Composed: Copy with GPU GDI,2026-8-20 19:20:28.087827100,8.9738,8.9738,0.0000,1.0383,8.2068,0.4675,7.7393,NA,NA,NA,NA,NA,NA,NA
python.exe,22256,0x0,Other,-1,0,0,Composed: Copy with GPU GDI,2026-8-20 19:20:28.096800900,1.6961,1.6961,0.0000,0.2759,1.6438,0.5477,1.0961,NA,NA,NA,NA,NA,NA,NA
python.exe,22256,0x0,Other,0,0,1,Hardware: Legacy Flip,2026-8-20 19:20:28.098497000,0.2659,0.2659,0.0000,0.2236,0.1433,0.1433,0.0000,1.3977,12.2213,7.8098,9638.0864,NA,NA,NA
python.exe,22256,0x0,Other,-1,0,0,Composed: Copy with GPU GDI,2026-8-20 19:20:28.098762900,7.6309,7.6309,0.0000,0.1010,7.9948,1.7259,6.2689,NA,NA,NA,NA,NA,NA,NA
python.exe,22256,0x0,Other,-1,0,0,Composed: Copy with GPU GDI,2026-8-20 19:20:28.106393800,2.3992,2.3992,0.0000,0.4685,2.0426,0.4091,1.6335,NA,NA,NA,NA,NA,NA,NA
python.exe,22256,0x0,Other,0,0,1,Hardware: Legacy Flip,2026-8-20 19:20:28.108793000,1.9699,1.9699,0.0000,0.1223,1.8755,0.0913,1.7842,3.3230,20.5062,-1.9253,9648.3824,NA,NA,NA
python.exe,22256,0x0,Other,-1,0,0,Composed: Copy with GPU GDI,2026-8-20 19:20:28.110762900,5.2403,5.2403,0.0000,0.0279,5.4936,1.6670,3.8266,21.8593,1.3008,-18.5363,9650.3523,NA,NA,NA
python.exe,22256,0x0,Other,-1,0,0,Composed: Copy with GPU GDI,2026-8-20 19:20:28.116003200,5.9359,5.9359,0.0000,0.3244,5.9580,0.5644,5.3936,NA,NA,NA,NA,NA,NA,NA
python.exe,22256,0x0,Other,0,0,1,Hardware: Legacy Flip,2026-8-20 19:20:28.121939100,10.9600,10.9600,0.0000,0.3585,10.6956,0.2200,10.4756,11.9839,8.8200,9.8754,9661.5285,NA,NA,NA
python.exe,22256,0x0,Other,-1,0,0,Composed: Copy with GPU GDI,2026-8-20 19:20:28.132899100,0.4985,0.4985,0.0000,0.0941,1.5310,1.5310,0.0000,NA,NA,NA,NA,NA,NA,NA
python.exe,22256,0x0,Other,-1,0,0,Composed: Copy with GPU GDI,2026-8-20 19:20:28.133397600,5.3933,5.3933,0.0000,1.1336,4.4527,0.4510,4.0017,NA,NA,NA,NA,NA,NA,NA
python.exe,22256,0x0,Other,-1,0,0,Composed: Copy with GPU GDI,2026-8-20 19:20:28.138790900,2.2018,2.2018,0.0000,0.1962,2.1144,0.2581,1.8563,NA,NA,NA,NA,NA,NA,NA
python.exe,22256,0x0,Other,0,0,1,Hardware: Legacy Flip,2026-8-20 19:20:28.140992700,0.5105,0.5105,0.0000,0.1121,0.4177,0.0716,0.3461,1.7503,20.2260,10.2336,9680.5821,NA,NA,NA
python.exe,22256,0x0,Other,-1,0,0,Composed: Copy with GPU GDI,2026-8-20 19:20:28.141503200,7.6540,7.6540,0.0000,0.0193,7.7861,1.4437,6.3424,NA,NA,NA,NA,NA,NA,NA
python.exe,22256,0x0,Other,-1,0,0,Composed: Copy with GPU GDI,2026-8-20 19:20:28.149157200,1.0770,1.0770,0.0000,0.1557,1.1586,0.3716,0.7870,13.8118,3.1145,-12.0615,9688.7466,NA,NA,NA
python.exe,22256,0x0,Other,-1,0,0,Composed: Copy with GPU GDI,2026-8-20 19:20:28.150234200,11.9900,11.9900,0.0000,0.2413,12.2412,0.7153,11.5259,NA,NA,NA,NA,NA,NA,NA
python.exe,22256,0x0,Other,-1,0,0,Composed: Copy with GPU GDI,2026-8-20 19:20:28.162224200,2.1223,2.1223,0.0000,2.5979,0.1986,0.1986,0.0000,NA,NA,NA,NA,NA,NA,NA
python.exe,22256,0x0,Other,0,0,1,Hardware: Legacy Flip,2026-8-20 19:20:28.164346500,0.3175,0.3175,0.0000,0.0000,2.1008,0.6796,1.4212,1.7370,12.6697,12.0748,9703.9359,NA,NA,NA
python.exe,22256,0x0,Other,-1,0,0,Composed: Copy with GPU GDI,2026-8-20 19:20:28.164664000,6.7089,6.7089,0.0000,0.3567,6.4361,1.1621,5.2740,NA,NA,NA,NA,NA,NA,NA
python.exe,22256,0x0,Other,-1,0,0,Composed: Copy with GPU GDI,2026-8-20 19:20:28.171372900,3.2279,3.2279,0.0000,0.0896,3.5089,0.4658,3.0431,NA,NA,NA,NA,NA,NA,NA
python.exe,22256,0x0,Other,0,0,1,Hardware: Legacy Flip,2026-8-20 19:20:28.174600800,2.9366,2.9366,0.0000,0.3737,2.5932,0.1103,2.4829,4.1524,14.5232,-2.4154,9714.1902,NA,NA,NA
python.exe,22256,0x0,Other,-1,0,0,Composed: Copy with GPU GDI,2026-8-20 19:20:28.177537400,5.0749,5.0749,0.0000,0.0303,5.4217,1.6741,3.7476,NA,NA,NA,NA,NA,NA,NA
python.exe,22256,0x0,Other,-1,0,0,Composed: Copy with GPU GDI,2026-8-20 19:20:28.182612300,3.1135,3.1135,0.0000,0.4145,2.8138,0.4131,2.4007,10.6641,4.8762,-6.5117,9722.2017,NA,NA,NA
python.exe,22256,0x0,Other,-1,0,0,Composed: Copy with GPU GDI,2026-8-20 19:20:28.185725800,10.7414,10.7414,0.0000,0.1191,10.7183,0.2330,10.4853,NA,NA,NA,NA,NA,NA,NA
python.exe,22256,0x0,Other,0,0,1,Hardware: Legacy Flip,2026-8-20 19:20:28.196467200,0.5283,0.5283,0.0000,0.1003,0.5501,0.2171,0.3330,1.6854,7.2957,8.9787,9736.0566,NA,NA,NA
python.exe,22256,0x0,Other,-1,0,0,Composed: Copy with GPU GDI,2026-8-20 19:20:28.196995500,1.7151,1.7151,0.0000,0.1221,1.9553,1.3888,0.5665,8.4528,5.5262,-6.7674,9736.5849,NA,NA,NA
python.exe,22256,0x0,Other,-1,0,0,Composed: Copy with GPU GDI,2026-8-20 19:20:28.198710600,7.4708,7.4708,0.0000,0.3665,7.4486,0.5666,6.8820,NA,NA,NA,NA,NA,NA,NA
python.exe,22256,0x0,Other,0,0,1,Hardware: Legacy Flip,2026-8-20 19:20:28.206181400,3.6742,3.6742,0.0000,0.3482,3.3464,0.0851,3.2613,4.7931,18.6777,3.6597,9745.7708,NA,NA,NA
python.exe,22256,0x0,Other,-1,0,0,Composed: Copy with GPU GDI,2026-8-20 19:20:28.209855600,6.3585,6.3585,0.0000,0.0204,6.5318,1.4699,5.0619,19.7966,1.4479,-15.0035,9749.4450,NA,NA,NA
python.exe,22256,0x0,Other,-1,0,0,Composed: Copy with GPU GDI,2026-8-20 19:20:28.216214100,1.2580,1.2580,0.0000,0.1992,1.5000,0.5462,0.9538,NA,NA,NA,NA,NA,NA,NA
python.exe,22256,0x0,Other,-1,0,0,Composed: Copy with GPU GDI,2026-8-20 19:20:28.217472100,10.7611,10.7611,0.0000,0.4456,10.7097,0.6168,10.0929,NA,NA,NA,NA,NA,NA,NA
python.exe,22256,0x0,Other,-1,0,0,Composed: Copy with GPU GDI,2026-8-20 19:20:28.228233200,1.5186,1.5186,0.0000,0.4009,1.2260,0.3173,0.9087,NA,NA,NA,NA,NA,NA,NA
python.exe,22256,0x0,Other,0,0,1,Hardware: Legacy Flip,2026-8-20 19:20:28.229751800,0.3366,0.3366,0.0000,0.1254,0.2941,0.1544,0.1397,1.3483,13.2456,18.4483,9769.3412,NA,NA,NA
python.exe,22256,0x0,Other,-1,0,0,Composed: Copy with GPU GDI,2026-8-20 19:20:28.230088400,10.2485,10.2485,0.0000,0.0829,10.5212,1.4265,9.0947,NA,NA,NA,NA,NA,NA,NA
python.exe,22256,0x0,Other,-1,0,0,Composed: Copy with GPU GDI,2026-8-20 19:20:28.240336900,0.7568,0.7568,0.0000,0.3591,0.6430,0.3551,0.2879,NA,NA,NA,NA,NA,NA,NA
python.exe,22256,0x0,Other,0,0,1,Hardware: Legacy Flip,2026-8-20 19:20:28.241093700,1.7926,1.7926,0.0000,0.2478,1.5759,0.0841,1.4918,3.2520,15.7197,-1.9037,9780.6831,NA,NA,NA
python.exe,22256,0x0,Other,-1,0,0,Composed: Copy with GPU GDI,2026-8-20 19:20:28.242886300,9.4474,9.4474,0.0000,0.0311,9.7115,1.7965,7.9150,NA,NA,NA,NA,NA,NA,NA
python.exe,22256,0x0,Other,-1,0,0,Composed: Copy with GPU GDI,2026-8-20 19:20:28.252333700,0.6829,0.6829,0.0000,0.2998,0.6126,0.3461,0.2665,7.7317,4.5764,-4.4797,9791.9231,NA,NA,NA
python.exe,22256,0x0,Other,-1,0,0,Composed: Copy with GPU GDI,2026-8-20 19:20:28.253016600,9.9915,9.9915,0.0000,10.2645,0.3225,0.3225,0.0000,NA,NA,NA,NA,NA,NA,NA
python.exe,22256,0x0,Other,0,0,1,Hardware: Legacy Flip,2026-8-20 19:20:28.263008100,0.1888,0.1888,0.0000,0.0000,10.0310,0.4422,9.5888,1.6337,7.4788,6.0980,9802.5975,NA,NA,NA
python.exe,22256,0x0,Other,-1,0,0,Composed: Copy with GPU GDI,2026-8-20 19:20:28.263196900,1.0605,1.0605,0.0000,0.4067,1.6179,1.6179,0.0000,8.9237,12.1258,-7.2900,9802.7863,NA,NA,NA
python.exe,22256,0x0,Other,-1,0,0,Composed: Copy with GPU GDI,2026-8-20 19:20:28.264257400,9.0920,9.0920,0.0000,0.9688,8.3373,0.4906,7.8467,NA,NA,NA,NA,NA,NA,NA
python.exe,22256,0x0,Other,-1,0,0,Composed: Copy with GPU GDI,2026-8-20 19:20:28.273349400,4.0576,4.0576,0.0000,0.2172,4.0420,0.3403,3.7017,10.8970,1.6015,-1.9733,9812.9388,NA,NA,NA
python.exe,22256,0x0,Other,0,0,1,Hardware: Legacy Flip,2026-8-20 19:20:28.277407000,7.0671,7.0671,0.0000,0.2061,6.9401,0.1792,6.7609,8.4409,10.5305,2.4561,9816.9964,NA,NA,NA
python.exe,22256,0x0,Other,-1,0,0,Composed: Copy with GPU GDI,2026-8-20 19:20:28.284474100,0.9842,0.9842,0.0000,0.0791,1.6673,1.6673,0.0000,11.9043,0.4728,-3.4634,9824.0635,NA,NA,NA
python.exe,22256,0x0,Other,-1,0,0,Composed: Copy with GPU GDI,2026-8-20 19:20:28.285458300,9.1442,9.1442,0.0000,0.7658,8.7732,0.5517,8.2215,NA,NA,NA,NA,NA,NA,NA
python.exe,22256,0x0,Other,0,0,1,Hardware: Legacy Flip,2026-8-20 19:20:28.294602500,0.8886,0.8886,0.0000,0.3992,0.5077,0.0795,0.4282,2.2487,14.2206,9.6556,9834.1919,NA,NA,NA
python.exe,22256,0x0,Other,-1,0,0,Composed: Copy with GPU GDI,2026-8-20 19:20:28.295491100,0.3225,0.3225,0.0000,0.0183,1.4203,1.4203,0.0000,NA,NA,NA,NA,NA,NA,NA
python.exe,22256,0x0,Other,-1,0,0,Composed: Copy with GPU GDI,2026-8-20 19:20:28.295813600,9.7464,9.7464,0.0000,1.1196,8.8297,0.4903,8.3394,NA,NA,NA,NA,NA,NA,NA
python.exe,22256,0x0,Other,-1,0,0,Composed: Copy with GPU GDI,2026-8-20 19:20:28.305560000,3.3340,3.3340,0.0000,0.2066,3.5792,0.8525,2.7267,NA,NA,NA,NA,NA,NA,NA
python.exe,22256,0x0,Other,0,0,1,Hardware: Legacy Flip,2026-8-20 19:20:28.308894000,0.8656,0.8656,0.0000,0.5033,0.4532,0.2266,0.2266,2.1778,20.5503,0.0709,9848.4834,NA,NA,NA
python.exe,22256,0x0,Other,-1,0,0,Composed: Copy with GPU GDI,2026-8-20 19:20:28.309759600,7.8760,7.8760,0.0000,0.0909,8.1752,1.6396,6.5356,NA,NA,NA,NA,NA,NA,NA
python.exe,22256,0x0,Other,-1,0,0,Composed: Copy with GPU GDI,2026-8-20 19:20:28.317635600,1.3871,1.3871,0.0000,0.3950,1.3694,0.4838,0.8856,NA,NA,NA,NA,NA,NA,NA
python.exe,22256,0x0,Other,-1,0,0,Composed: Copy with GPU GDI,2026-8-20 19:20:28.319022700,10.8272,10.8272,0.0000,11.4731,0.0744,0.0744,0.0000,NA,NA,NA,NA,NA,NA,NA
python.exe,22256,0x0,Other,0,0,1,Hardware: Legacy Flip,2026-8-20 19:20:28.329849900,0.5663,0.5663,0.0000,0.0000,11.0930,0.8509,10.2421,1.7722,7.2119,0.4056,9869.4393,NA,NA,NA
python.exe,22256,0x0,Other,-1,0,0,Composed: Copy with GPU GDI,2026-8-20 19:20:28.330416200,1.1289,1.1289,0.0000,0.1540,1.4483,1.4483,0.0000,8.4178,12.1319,-6.6456,9870.0056,NA,NA,NA
python.exe,22256,0x0,Other,-1,0,0,Composed: Copy with GPU GDI,2026-8-20 19:20:28.331545100,9.3019,9.3019,0.0000,0.4769,9.1227,0.5676,8.5551,NA,NA,NA,NA,NA,NA,NA
python.exe,22256,0x0,Other,-1,0,0,Composed: Copy with GPU GDI,2026-8-20 19:20:28.340847000,3.1941,3.1941,0.0000,0.3028,3.0325,0.2590,2.7735,10.1189,0.4024,-1.7011,9880.4364,NA,NA,NA
python.exe,22256,0x0,Other,0,0,1,Hardware: Legacy Flip,2026-8-20 19:20:28.344041100,6.0246,6.0246,0.0000,0.1447,5.9302,0.1093,5.8209,7.3272,11.7483,2.7917,9883.6305,NA,NA,NA
python.exe,22256,0x0,Other,-1,0,0,Composed: Copy with GPU GDI,2026-8-20 19:20:28.350065700,0.4462,0.4462,0.0000,0.0503,1.8208,1.8208,0.0000,13.0509,0.6165,-5.7237,9889.6551,NA,NA,NA
python.exe,22256,0x0,Other,-1,0,0,Composed: Copy with GPU GDI,2026-8-20 19:20:28.350511900,10.9926,10.9926,0.0000,1.4300,9.8835,0.5119,9.3716,NA,NA,NA,NA,NA,NA,NA
python.exe,22256,0x0,Other,0,0,1,Hardware: Legacy Flip,2026-8-20 19:20:28.361504500,1.1067,1.1067,0.0000,0.3249,0.8082,0.1241,0.6841,2.2286,13.1718,10.8223,9901.0939,NA,NA,NA
python.exe,22256,0x0,Other,-1,0,0,Composed: Copy with GPU GDI,2026-8-20 19:20:28.362611200,0.1530,0.1530,0.0000,0.0264,1.1760,1.1760,0.0000,NA,NA,NA,NA,NA,NA,NA
python.exe,22256,0x0,Other,-1,0,0,Composed: Copy with GPU GDI,2026-8-20 19:20:28.362764200,10.7658,10.7658,0.0000,1.1238,10.2382,0.8762,9.3620,NA,NA,NA,NA,NA,NA,NA
python.exe,22256,0x0,Other,-1,0,0,Composed: Copy with GPU GDI,2026-8-20 19:20:28.373530000,1.0775,1.0775,0.0000,0.6291,0.7894,0.5537,0.2357,NA,NA,NA,NA,NA,NA,NA
python.exe,22256,0x0,Other,0,0,1,Hardware: Legacy Flip,2026-8-20 19:20:28.374607500,1.1062,1.1062,0.0000,0.3389,0.8230,0.3554,0.4676,2.2974,16.5218,-0.0688,9914.1969,NA,NA,NA
python.exe,22256,0x0,Other,-1,0,0,Composed: Copy with GPU GDI,2026-8-20 19:20:28.375713700,7.7083,7.7083,0.0000,0.0557,7.9181,1.4395,6.4786,17.7130,3.4166,-15.4156,9915.3031,NA,NA,NA
python.exe,22256,0x0,Other,-1,0,0,Composed: Copy with GPU GDI,2026-8-20 19:20:28.383422000,4.1977,4.1977,0.0000,0.2699,4.3169,0.5323,3.7846,NA,NA,NA,NA,NA,NA,NA
python.exe,22256,0x0,Other,-1,0,0,Composed: Copy with GPU GDI,2026-8-20 19:20:28.387619700,7.5932,7.5932,0.0000,0.4027,7.3079,0.2789,7.0290,NA,NA,NA,NA,NA,NA,NA
python.exe,22256,0x0,Other,0,0,1,Hardware: Legacy Flip,2026-8-20 19:20:28.395212900,0.4673,0.4673,0.0000,0.1212,0.4280,0.1445,0.2835,1.6304,14.8359,16.0826,9934.8023,NA,NA,NA
python.exe,22256,0x0,Other,-1,0,0,Composed: Copy with GPU GDI,2026-8-20 19:20:28.395680200,2.8932,2.8932,0.0000,0.0819,3.4234,1.6765,1.7469,15.9990,5.5435,-14.3686,9935.2696,NA,NA,NA
python.exe,22256,0x0,Other,-1,0,0,Composed: Copy with GPU GDI,2026-8-20 19:20:28.398573400,7.4279,7.4279,0.0000,0.6161,6.9341,0.4435,6.4906,NA,NA,NA,NA,NA,NA,NA
python.exe,22256,0x0,Other,-1,0,0,Composed: Copy with GPU GDI,2026-8-20 19:20:28.406001300,8.4583,8.4583,0.0000,0.1262,8.6742,0.4869,8.1873,NA,NA,NA,NA,NA,NA,NA
python.exe,22256,0x0,Other,0,0,1,Hardware: Legacy Flip,2026-8-20 19:20:28.414459600,1.5708,1.5708,0.0000,0.3568,1.3248,0.1890,1.1358,2.7631,12.6408,13.2359,9954.0490,NA,NA,NA
python.exe,22256,0x0,Other,-1,0,0,Composed: Copy with GPU GDI,2026-8-20 19:20:28.416030400,1.3244,1.3244,0.0000,0.1108,1.6095,1.4912,0.1183,13.8331,1.1573,-11.0700,9955.6198,NA,NA,NA
python.exe,22256,0x0,Other,-1,0,0,Composed: Copy with GPU GDI,2026-8-20 19:20:28.417354800,10.3517,10.3517,0.0000,0.4005,10.1670,0.4483,9.7187,NA,NA,NA,NA,NA,NA,NA
python.exe,22256,0x0,Other,-1,0,0,Composed: Copy with GPU GDI,2026-8-20 19:20:28.427706500,1.4718,1.4718,0.0000,0.2195,1.4115,0.3541,1.0574,NA,NA,NA,NA,NA,NA,NA
python.exe,22256,0x0,Other,0,0,1,Hardware: Legacy Flip,2026-8-20 19:20:28.429178300,0.3268,0.3268,0.0000,0.1792,0.1849,0.1219,0.0630,1.8425,17.0181,11.9906,9968.7677,NA,NA,NA
python.exe,22256,0x0,Other,-1,0,0,Composed: Copy with GPU GDI,2026-8-20 19:20:28.429505100,10.2926,10.2926,0.0000,0.0373,10.6002,1.9049,8.6953,NA,NA,NA,NA,NA,NA,NA
python.exe,22256,0x0,Other,-1,0,0,Composed: Copy with GPU GDI,2026-8-20 19:20:28.439797700,1.1356,1.1356,0.0000,0.3487,1.4716,0.8889,0.5827,8.2412,6.9964,-6.3987,9979.3871,NA,NA,NA
python.exe,22256,0x0,Other,-1,0,0,Composed: Copy with GPU GDI,2026-8-20 19:20:28.440933300,12.4193,12.4193,0.0000,0.6886,12.0318,0.6052,11.4266,NA,NA,NA,NA,NA,NA,NA
python.exe,22256,0x0,Other,0,0,1,Hardware: Legacy Flip,2026-8-20 19:20:28.453352600,0.3731,0.3731,0.0000,0.3065,0.1218,0.1043,0.0175,1.6827,7.6747,6.5585,9992.9420,NA,NA,NA
python.exe,22256,0x0,Other,-1,0,0,Composed: Copy with GPU GDI,2026-8-20 19:20:28.453725700,0.3054,0.3054,0.0000,0.0552,1.8772,1.8772,0.0000,NA,NA,NA,NA,NA,NA,NA
python.exe,22256,0x0,Other,0,0,1,Hardware: Legacy Flip,2026-8-20 19:20:28.454031100,7.4002,7.4002,0.0000,1.6312,5.7966,0.1006,5.6960,8.6789,15.7994,-6.9962,9993.6205,NA,NA,NA
python.exe,22256,0x0,Other,-1,0,0,Composed: Copy with GPU GDI,2026-8-20 19:20:28.461431300,0.7399,0.7399,0.0000,0.0276,1.6106,1.6106,0.0000,NA,NA,NA,NA,NA,NA,NA
python.exe,22256,0x0,Other,-1,0,0,Composed: Copy with GPU GDI,2026-8-20 19:20:28.462171200,2.4107,2.4107,0.0000,0.9427,2.1603,0.8340,1.3263,NA,NA,NA,NA,NA,NA,NA
python.exe,22256,0x0,Other,-1,0,0,Composed: Copy with GPU GDI,2026-8-20 19:20:28.464581900,8.4122,8.4122,0.0000,0.6968,8.2766,0.8203,7.4563,NA,NA,NA,NA,NA,NA,NA
python.exe,22256,0x0,Other,0,0,1,Hardware: Legacy Flip,2026-8-20 19:20:28.472994100,4.4136,4.4136,0.0000,0.5676,3.9553,0.2510,3.7043,5.5153,6.1119,3.1636,10012.5835,NA,NA,NA
python.exe,22256,0x0,Other,-1,0,0,Composed: Copy with GPU GDI,2026-8-20 19:20:28.477407700,0.4215,0.4215,0.0000,0.1093,1.0781,1.0781,0.0000,7.2136,11.9562,-1.6983,10016.9971,NA,NA,NA
python.exe,22256,0x0,Other,-1,0,0,Composed: Copy with GPU GDI,2026-8-20 19:20:28.477829200,7.4432,7.4432,0.0000,0.7715,6.9120,0.5908,6.3212,18.7483,0.4456,-11.5347,10017.4186,NA,NA,NA
python.exe,22256,0x0,Other,-1,0,0,Composed: Copy with GPU GDI,2026-8-20 19:20:28.485272400,9.1791,9.1791,0.0000,0.2453,9.1796,0.4569,8.7227,NA,NA,NA,NA,NA,NA,NA
python.exe,22256,0x0,Other,0,0,1,Hardware: Legacy Flip,2026-8-20 19:20:28.494451500,1.3560,1.3560,0.0000,0.2501,1.1688,0.1295,1.0393,2.5716,14.4511,16.1767,10034.0409,NA,NA,NA
python.exe,22256,0x0,Other,-1,0,0,Composed: Copy with GPU GDI,2026-8-20 19:20:28.495807500,0.2366,0.2366,0.0000,0.0629,1.2851,1.2851,0.0000,NA,NA,NA,NA,NA,NA,NA
python.exe,22256,0x0,Other,-1,0,0,Composed: Copy with GPU GDI,2026-8-20 19:20:28.496044100,10.3537,10.3537,0.0000,1.1164,9.3227,0.2348,9.0879,NA,NA,NA,NA,NA,NA,NA
python.exe,22256,0x0,Other,-1,0,0,Composed: Copy with GPU GDI,2026-8-20 19:20:28.506397800,2.2389,2.2389,0.0000,0.0883,2.7198,0.7206,1.9992,NA,NA,NA,NA,NA,NA,NA
python.exe,22256,0x0,Other,0,0,1,Hardware: Legacy Flip,2026-8-20 19:20:28.508636700,1.2742,1.2742,0.0000,0.5820,0.7226,0.1043,0.6183,2.8375,18.7294,-0.2659,10048.2261,NA,NA,NA
python.exe,22256,0x0,Other,-1,0,0,Composed: Copy with GPU GDI,2026-8-20 19:20:28.509910900,9.6916,9.6916,0.0000,0.0304,9.9752,1.9800,7.9952,NA,NA,NA,NA,NA,NA,NA
python.exe,22256,0x0,Other,0,0,1,Hardware: Legacy Flip,2026-8-20 19:20:28.519602500,9.2275,9.2275,0.0000,0.3164,9.0164,0.2774,8.7390,10.6011,8.8629,-7.7636,10059.1919,NA,NA,NA
python.exe,22256,0x0,Other,-1,0,0,Composed: Copy with GPU GDI,2026-8-20 19:20:28.528830000,0.4575,0.4575,0.0000,0.1053,1.3200,1.3200,0.0000,NA,NA,NA,NA,NA,NA,NA
python.exe,22256,0x0,Other,-1,0,0,Composed: Copy with GPU GDI,2026-8-20 19:20:28.529287500,2.4457,2.4457,0.0000,0.9707,2.1615,0.8649,1.2966,9.7790,4.4313,0.8221,10068.8769,NA,NA,NA
python.exe,22256,0x0,Other,-1,0,0,Composed: Copy with GPU GDI,2026-8-20 19:20:28.531733200,8.8680,8.8680,0.0000,0.6904,8.8181,0.8313,7.9868,NA,NA,NA,NA,NA,NA,NA
python.exe,22256,0x0,Other,0,0,1,Hardware: Legacy Flip,2026-8-20 19:20:28.540601200,1.7443,1.7443,0.0000,0.6451,1.2031,0.2041,0.9990,2.8966,7.7724,6.8824,10080.1906,NA,NA,NA
python.exe,22256,0x0,Other,-1,0,0,Composed: Copy with GPU GDI,2026-8-20 19:20:28.542345500,0.8030,0.8030,0.0000,0.1039,1.5153,1.5153,0.0000,8.9247,12.1063,-6.0281,10081.9349,NA,NA,NA
python.exe,22256,0x0,Other,-1,0,0,Composed: Copy with GPU GDI,2026-8-20 19:20:28.543148500,8.7008,8.7008,0.0000,0.8196,8.0526,0.3890,7.6636,20.2280,3.0426,-11.3033,10082.7379,NA,NA,NA
python.exe,22256,0x0,Other,-1,0,0,Composed: Copy with GPU GDI,2026-8-20 19:20:28.551849300,10.7426,10.7426,0.0000,0.1737,10.7374,0.4189,10.3185,NA,NA,NA,NA,NA,NA,NA
python.exe,22256,0x0,Other,-1,0,0,Composed: Copy with GPU GDI,2026-8-20 19:20:28.562591900,1.7193,1.7193,0.0000,0.1729,2.0456,0.6122,1.4334,NA,NA,NA,NA,NA,NA,NA
python.exe,22256,0x0,Other,0,0,1,Hardware: Legacy Flip,2026-8-20 19:20:28.564311200,0.7827,0.7827,0.0000,0.5033,0.4028,0.2084,0.1944,2.1079,51.4983,18.1201,10103.9006,NA,NA,NA
python.exe,22256,0x0,Other,-1,0,0,Composed: Copy with GPU GDI,2026-8-20 19:20:28.565093900,49.9237,49.9237,0.0000,0.1234,50.5236,2.1714,48.3522,NA,NA,NA,NA,NA,NA,NA
python.exe,22256,0x0,Other,-1,0,0,Composed: Copy with GPU GDI,2026-8-20 19:20:28.615017600,1.5495,1.5495,0.0000,0.7275,1.0624,0.4952,0.5672,NA,NA,NA,NA,NA,NA,NA
python.exe,22256,0x0,Other,0,0,1,Hardware: Legacy Flip,2026-8-20 19:20:28.616567100,0.2402,0.2402,0.0000,0.2404,0.0851,0.0851,0.0000,1.3503,13.7413,0.7576,10156.1565,NA,NA,NA
python.exe,22256,0x0,Other,-1,0,0,Composed: Copy with GPU GDI,2026-8-20 19:20:28.616807300,0.5749,0.5749,0.0000,0.0853,1.5518,1.5518,0.0000,NA,NA,NA,NA,NA,NA,NA
python.exe,22256,0x0,Other,-1,0,0,Composed: Copy with GPU GDI,2026-8-20 19:20:28.617382200,4.6149,4.6149,0.0000,1.0658,3.6902,0.2581,3.4321,NA,NA,NA,NA,NA,NA,NA
python.exe,22256,0x0,Other,0,0,1,Hardware: Legacy Flip,2026-8-20 19:20:28.621997100,8.6167,8.6167,0.0000,0.1455,8.5242,0.1282,8.3960,9.6616,10.5066,-8.3113,10161.5865,NA,NA,NA
python.exe,22256,0x0,Other,-1,0,0,Composed: Copy with GPU GDI,2026-8-20 19:20:28.630613800,0.9992,0.9992,0.0000,0.0530,1.5463,1.5463,0.0000,11.5515,10.0209,-1.8899,10170.2032,NA,NA,NA
python.exe,22256,0x0,Other,-1,0,0,Composed: Copy with GPU GDI,2026-8-20 19:20:28.631613000,7.9581,7.9581,0.0000,0.6040,7.5025,0.2936,7.2089,NA,NA,NA,NA,NA,NA,NA
python.exe,22256,0x0,Other,-1,0,0,Composed: Copy with GPU GDI,2026-8-20 19:20:28.639571100,0.7316,0.7316,0.0000,0.1516,1.2866,0.8483,0.4383,NA,NA,NA,NA,NA,NA,NA
python.exe,22256,0x0,Other,-1,0,0,Composed: Copy with GPU GDI,2026-8-20 19:20:28.640302700,9.8667,9.8667,0.0000,0.7122,9.2320,0.2940,8.9380,NA,NA,NA,NA,NA,NA,NA
python.exe,22256,0x0,Other,0,0,1,Hardware: Legacy Flip,2026-8-20 19:20:28.650169400,0.9018,0.9018,0.0000,0.0849,0.8900,0.1411,0.7489,2.0168,8.2117,9.5347,10189.7588,NA,NA,NA
python.exe,22256,0x0,Other,-1,0,0,Composed: Copy with GPU GDI,2026-8-20 19:20:28.651071200,2.3155,2.3155,0.0000,0.0731,2.4969,1.3341,1.1628,9.3267,3.7318,-7.3099,10190.6606,NA,NA,NA
python.exe,22256,0x0,Other,-1,0,0,Composed: Copy with GPU GDI,2026-8-20 19:20:28.653386700,8.9321,8.9321,0.0000,0.2587,8.9448,0.5082,8.4366,NA,NA,NA,NA,NA,NA,NA
python.exe,22256,0x0,Other,0,0,1,Hardware: Legacy Flip,2026-8-20 19:20:28.662318800,0.3512,0.3512,0.0000,0.2778,0.0926,0.0904,0.0022,1.8109,8.3904,7.5158,10201.9082,NA,NA,NA
python.exe,22256,0x0,Other,-1,0,0,Composed: Copy with GPU GDI,2026-8-20 19:20:28.662670000,2.4481,2.4481,0.0000,0.0192,2.8673,1.8648,1.0025,9.8501,4.8179,-8.0392,10202.2594,NA,NA,NA
python.exe,22256,0x0,Other,-1,0,0,Composed: Copy with GPU GDI,2026-8-20 19:20:28.665118100,8.8217,8.8217,0.0000,0.4433,8.8915,0.6611,8.2304,NA,NA,NA,NA,NA,NA,NA
python.exe,22256,0x0,Other,0,0,1,Hardware: Legacy Flip,2026-8-20 19:20:28.673939800,2.0135,2.0135,0.0000,0.5184,1.5176,0.0851,1.4325,3.3982,7.3101,6.4519,10213.5292,NA,NA,NA
python.exe,22256,0x0,Other,-1,0,0,Composed: Copy with GPU GDI,2026-8-20 19:20:28.675953300,1.1799,1.1799,0.0000,0.0225,1.6671,1.6671,0.0000,8.6948,12.0567,-5.2966,10215.5427,NA,NA,NA
python.exe,22256,0x0,Other,-1,0,0,Composed: Copy with GPU GDI,2026-8-20 19:20:28.677133200,6.8405,6.8405,0.0000,0.5541,6.5458,0.3952,6.1506,NA,NA,NA,NA,NA,NA,NA
python.exe,22256,0x0,Other,-1,0,0,Composed: Copy with GPU GDI,2026-8-20 19:20:28.683973700,10.3403,10.3403,0.0000,0.2635,10.2817,0.3561,9.9256,NA,NA,NA,NA,NA,NA,NA
python.exe,22256,0x0,Other,-1,0,0,Composed: Copy with GPU GDI,2026-8-20 19:20:28.694314000,1.1047,1.1047,0.0000,0.2075,1.0753,0.2775,0.7978,NA,NA,NA,NA,NA,NA,NA
python.exe,22256,0x0,Other,0,0,1,Hardware: Legacy Flip,2026-8-20 19:20:28.695418700,0.1430,0.1430,0.0000,0.1781,0.0409,0.0409,0.0000,1.2861,18.2658,7.4087,10235.0081,NA,NA,NA
python.exe,22256,0x0,Other,-1,0,0,Composed: Copy with GPU GDI,2026-8-20 19:20:28.695561700,10.0154,10.0154,0.0000,0.0760,10.0576,1.2924,8.7652,NA,NA,NA,NA,NA,NA,NA
python.exe,22256,0x0,Other,-1,0,0,Composed: Copy with GPU GDI,2026-8-20 19:20:28.705577100,1.6649,1.6649,0.0000,0.1171,1.7983,0.4066,1.3917,9.3935,2.9821,-8.1074,10245.1665,NA,NA,NA
python.exe,22256,0x0,Other,0,0,1,Hardware: Legacy Flip,2026-8-20 19:20:28.707242000,9.4533,9.4533,0.0000,0.2691,9.2441,0.1262,9.1179,10.7107,9.1763,-1.3172,10246.8314,NA,NA,NA
python.exe,22256,0x0,Other,-1,0,0,Composed: Copy with GPU GDI,2026-8-20 19:20:28.716695300,0.3503,0.3503,0.0000,0.0599,1.2630,1.2630,0.0000,10.4337,4.7825,0.2770,10256.2847,NA,NA,NA
python.exe,22256,0x0,Other,-1,0,0,Composed: Copy with GPU GDI,2026-8-20 19:20:28.717045600,3.6603,3.6603,0.0000,0.9756,3.2800,0.7607,2.5193,NA,NA,NA,NA,NA,NA,NA
python.exe,22256,0x0,Other,-1,0,0,Composed: Copy with GPU GDI,2026-8-20 19:20:28.720705900,9.4820,9.4820,0.0000,0.6005,9.0684,0.4096,8.6588,NA,NA,NA,NA,NA,NA,NA
python.exe,22256,0x0,Other,0,0,1,Hardware: Legacy Flip,2026-8-20 19:20:28.730187900,0.1729,0.1729,0.0000,0.1869,0.0718,0.0718,0.0000,1.7236,13.4173,8.7101,10269.7773,NA,NA,NA
python.exe,22256,0x0,Other,-1,0,0,Composed: Copy with GPU GDI,2026-8-20 19:20:28.730360800,1.6034,1.6034,0.0000,0.0858,2.0524,2.0524,0.0000,NA,NA,NA,NA,NA,NA,NA
python.exe,22256,0x0,Other,-1,0,0,Composed: Copy with GPU GDI,2026-8-20 19:20:28.731964200,6.3494,6.3494,0.0000,0.5389,5.9248,0.3295,5.5953,NA,NA,NA,NA,NA,NA,NA
python.exe,22256,0x0,Other,-1,0,0,Composed: Copy with GPU GDI,2026-8-20 19:20:28.738313600,5.4872,5.4872,0.0000,0.1372,5.5235,0.5331,4.9904,NA,NA,NA,NA,NA,NA,NA
python.exe,22256,0x0,Other,0,0,1,Hardware: Legacy Flip,2026-8-20 19:20:28.743800800,0.3955,0.3955,0.0000,0.1783,0.2536,0.1113,0.1423,1.5280,18.2422,0.1956,10283.3902,NA,NA,NA
python.exe,22256,0x0,Other,-1,0,0,Composed: Copy with GPU GDI,2026-8-20 19:20:28.744196300,7.5891,7.5891,0.0000,0.0364,7.8176,1.4614,6.3562,19.3747,0.9525,-17.8467,10283.7857,NA,NA,NA
python.exe,22256,0x0,Other,-1,0,0,Composed: Copy with GPU GDI,2026-8-20 19:20:28.751785400,9.8989,9.8989,0.0000,0.2686,9.7853,0.3021,9.4832,NA,NA,NA,NA,NA,NA,NA
python.exe,22256,0x0,Other,-1,0,0,Composed: Copy with GPU GDI,2026-8-20 19:20:28.761684300,1.0304,1.0304,0.0000,0.1598,1.0507,0.3366,0.7141,NA,NA,NA,NA,NA,NA,NA
python.exe,22256,0x0,Other,0,0,1,Hardware: Legacy Flip,2026-8-20 19:20:28.762714700,0.2174,0.2174,0.0000,0.1801,0.1531,0.1531,0.0000,1.8088,17.1916,17.5659,10302.3041,NA,NA,NA
python.exe,22256,0x0,Other,-1,0,0,Composed: Copy with GPU GDI,2026-8-20 19:20:28.762932100,10.7011,10.7011,0.0000,0.1158,10.8667,1.8748,8.9919,NA,NA,NA,NA,NA,NA,NA
python.exe,22256,0x0,Other,-1,0,0,Composed: Copy with GPU GDI,2026-8-20 19:20:28.773633200,0.7700,0.7700,0.0000,0.2846,0.6699,0.3062,0.3637,8.0819,5.8553,-6.2731,10313.2226,NA,NA,NA
python.exe,22256,0x0,Other,-1,0,0,Composed: Copy with GPU GDI,2026-8-20 19:20:28.774403200,11.7437,11.7437,0.0000,11.9738,0.1123,0.1123,0.0000,NA,NA,NA,NA,NA,NA,NA
python.exe,22256,0x0,Other,0,0,1,Hardware: Legacy Flip,2026-8-20 19:20:28.786146900,0.1697,0.1697,0.0000,0.0000,11.7866,0.4237,11.3629,1.4235,11.2032,6.6584,10325.7363,NA,NA,NA
python.exe,22256,0x0,Other,-1,0,0,Composed: Copy with GPU GDI,2026-8-20 19:20:28.786316600,10.5878,10.5878,0.0000,0.1727,10.7066,1.4717,9.2349,NA,NA,NA,NA,NA,NA,NA
python.exe,22256,0x0,Other,0,0,1,Hardware: Legacy Flip,2026-8-20 19:20:28.796904400,0.2930,0.2930,0.0000,0.2915,0.0519,0.0519,0.0000,1.8692,7.2054,-0.4457,10336.4938,NA,NA,NA
python.exe,22256,0x0,Other,-1,0,0,Composed: Copy with GPU GDI,2026-8-20 19:20:28.797197400,0.7551,0.7551,0.0000,0.0504,2.0607,2.0607,0.0000,8.7816,2.7205,-6.9124,10336.7868,NA,NA,NA
python.exe,22256,0x0,Other,-1,0,0,Composed: Copy with GPU GDI,2026-8-20 19:20:28.797952500,8.0612,8.0612,0.0000,1.3616,6.9730,0.4259,6.5471,NA,NA,NA,NA,NA,NA,NA
python.exe,22256,0x0,Other,0,0,1,Hardware: Legacy Flip,2026-8-20 19:20:28.806013700,1.4747,1.4747,0.0000,0.2777,1.2249,0.0961,1.1288,2.6858,9.4208,6.0958,10345.6031,NA,NA,NA
python.exe,22256,0x0,Other,-1,0,0,Composed: Copy with GPU GDI,2026-8-20 19:20:28.807488400,3.3423,3.3423,0.0000,0.0279,3.5217,1.4827,2.0390,10.6319,12.1243,-7.9461,10347.0778,NA,NA,NA
python.exe,22256,0x0,Other,-1,0,0,Composed: Copy with GPU GDI,2026-8-20 19:20:28.810830700,6.5650,6.5650,0.0000,0.2110,7.1769,0.9633,6.2136,19.4139,0.1591,-8.7820,10350.4201,NA,NA,NA
python.exe,22256,0x0,Other,-1,0,0,Composed: Copy with GPU GDI,2026-8-20 19:20:28.817395700,11.3200,11.3200,0.0000,0.8280,10.7404,0.4437,10.2967,NA,NA,NA,NA,NA,NA,NA
python.exe,22256,0x0,Other,0,0,1,Hardware: Legacy Flip,2026-8-20 19:20:28.828715700,0.5688,0.5688,0.0000,0.2522,0.4564,0.2090,0.2474,1.6880,12.4829,17.7259,10368.3051,NA,NA,NA
python.exe,22256,0x0,Other,-1,0,0,Composed: Copy with GPU GDI,2026-8-20 19:20:28.829284500,0.3565,0.3565,0.0000,0.1398,1.5285,1.5285,0.0000,NA,NA,NA,NA,NA,NA,NA
python.exe,22256,0x0,Other,-1,0,0,Composed: Copy with GPU GDI,2026-8-20 19:20:28.829641000,9.2595,9.2595,0.0000,1.3160,8.0443,0.2626,7.7817,NA,NA,NA,NA,NA,NA,NA
python.exe,22256,0x0,Other,-1,0,0,Composed: Copy with GPU GDI,2026-8-20 19:20:28.838900500,1.2013,1.2013,0.0000,0.1046,1.4590,0.4831,0.9759,NA,NA,NA,NA,NA,NA,NA
python.exe,22256,0x0,Other,0,0,1,Hardware: Legacy Flip,2026-8-20 19:20:28.840101800,1.6686,1.6686,0.0000,0.3665,1.3206,0.0676,1.2530,2.7848,17.6761,-1.0968,10379.6912,NA,NA,NA
python.exe,22256,0x0,Other,-1,0,0,Composed: Copy with GPU GDI,2026-8-20 19:20:28.841770400,7.6465,7.6465,0.0000,0.0185,8.0504,1.5643,6.4861,NA,NA,NA,NA,NA,NA,NA
python.exe,22256,0x0,Other,-1,0,0,Composed: Copy with GPU GDI,2026-8-20 19:20:28.849416900,3.1679,3.1679,0.0000,0.4276,2.9221,0.2977,2.6244,11.1458,2.0883,-8.3610,10389.0063,NA,NA,NA
python.exe,22256,0x0,Other,0,0,1,Hardware: Legacy Flip,2026-8-20 19:20:28.852584800,8.7478,8.7478,0.0000,0.2085,8.6111,0.1540,8.4571,10.0662,10.0581,1.0796,10392.1742,NA,NA,NA
python.exe,22256,0x0,Other,-1,0,0,Composed: Copy with GPU GDI,2026-8-20 19:20:28.861332600,0.5596,0.5596,0.0000,0.0718,1.3510,1.3510,0.0000,NA,NA,NA,NA,NA,NA,NA
python.exe,22256,0x0,Other,-1,0,0,Composed: Copy with GPU GDI,2026-8-20 19:20:28.861892200,2.9592,2.9592,0.0000,0.8700,2.4562,0.5499,1.9063,10.8169,3.9369,-0.7507,10401.4816,NA,NA,NA
python.exe,22256,0x0,Other,-1,0,0,Composed: Copy with GPU GDI,2026-8-20 19:20:28.864851400,8.2079,8.2079,0.0000,0.3695,8.2706,0.8476,7.4230,NA,NA,NA,NA,NA,NA,NA
python.exe,22256,0x0,Other,0,0,1,Hardware: Legacy Flip,2026-8-20 19:20:28.873059300,2.3956,2.3956,0.0000,0.4390,2.1002,0.2621,1.8381,3.5867,8.2298,7.2302,10412.6487,NA,NA,NA
python.exe,22256,0x0,Other,-1,0,0,Composed: Copy with GPU GDI,2026-8-20 19:20:28.875454900,1.4177,1.4177,0.0000,0.1436,1.8871,1.6939,0.1932,9.4209,12.0745,-5.8342,10415.0443,NA,NA,NA
python.exe,22256,0x0,Other,-1,0,0,Composed: Copy with GPU GDI,2026-8-20 19:20:28.876872600,7.0741,7.0741,0.0000,0.6177,6.7002,0.3758,6.3244,20.0777,0.6098,-10.6568,10416.4620,NA,NA,NA
python.exe,22256,0x0,Other,-1,0,0,Composed: Copy with GPU GDI,2026-8-20 19:20:28.883946700,10.3529,10.3529,0.0000,0.2465,10.3209,0.3883,9.9326,NA,NA,NA,NA,NA,NA,NA
python.exe,22256,0x0,Other,0,0,1,Hardware: Legacy Flip,2026-8-20 19:20:28.894299600,1.6457,1.6457,0.0000,0.2193,1.5530,0.2620,1.2910,3.2605,5.4764,16.8172,10433.8890,NA,NA,NA
python.exe,22256,0x0,Other,-1,0,0,Composed: Copy with GPU GDI,2026-8-20 19:20:28.895945300,0.3316,0.3316,0.0000,0.1266,0.2995,0.2995,0.0000,7.0912,12.3692,-3.8307,10435.5347,NA,NA,NA
python.exe,22256,0x0,Other,-1,0,0,Composed: Copy with GPU GDI,2026-8-20 19:20:28.896276900,11.0759,11.0759,0.0000,0.0945,11.6815,2.1477,9.5338,NA,NA,NA,NA,NA,NA,NA
python.exe,22256,0x0,Other,-1,0,0,Composed: Copy with GPU GDI,2026-8-20 19:20:28.907352800,1.4578,1.4578,0.0000,0.7041,1.1780,0.5975,0.5805,8.0529,3.5327,-0.9617,10446.9422,NA,NA,NA
python.exe,22256,0x0,Other,-1,0,0,Composed: Copy with GPU GDI,2026-8-20 19:20:28.908810600,8.4332,8.4332,0.0000,8.9809,0.0209,0.0209,0.0000,NA,NA,NA,NA,NA,NA,NA
python.exe,22256,0x0,Other,0,0,1,Hardware: Legacy Flip,2026-8-20 19:20:28.917243800,0.4899,0.4899,0.0000,0.0000,8.5493,0.7238,7.8255,1.6946,13.1539,6.3583,10456.8332,NA,NA,NA
python.exe,22256,0x0,Other,-1,0,0,Composed: Copy with GPU GDI,2026-8-20 19:20:28.917733700,1.3472,1.3472,0.0000,0.0787,1.8017,1.6497,0.1520,NA,NA,NA,NA,NA,NA,NA
python.exe,22256,0x0,Other,-1,0,0,Composed: Copy with GPU GDI,2026-8-20 19:20:28.919080900,11.6068,11.6068,0.0000,11.9366,0.0304,0.0304,0.0000,NA,NA,NA,NA,NA,NA,NA
python.exe,22256,0x0,Other,0,0,1,Hardware: Legacy Flip,2026-8-20 19:20:28.930687700,0.2703,0.2703,0.0000,0.0000,11.3996,0.4492,10.9504,1.4046,7.3743,0.2900,10470.2771,NA,NA,NA
python.exe,22256,0x0,Other,-1,0,0,Composed: Copy with GPU GDI,2026-8-20 19:20:28.930958000,1.1500,1.1500,0.0000,0.0899,1.6594,1.6594,0.0000,8.5086,5.8161,-7.1040,10470.5474,NA,NA,NA
python.exe,22256,0x0,Other,-1,0,0,Composed: Copy with GPU GDI,2026-8-20 19:20:28.932108000,8.2831,8.2831,0.0000,0.6044,7.8990,0.5753,7.3237,NA,NA,NA,NA,NA,NA,NA
python.exe,22256,0x0,Other,0,0,1,Hardware: Legacy Flip,2026-8-20 19:20:28.940391100,3.6562,3.6562,0.0000,0.2240,3.4541,0.0803,3.3738,4.8916,18.4131,3.6170,10479.9805,NA,NA,NA
python.exe,22256,0x0,Other,-1,0,0,Composed: Copy with GPU GDI,2026-8-20 19:20:28.944047300,8.8312,8.8312,0.0000,0.0219,9.1993,1.6702,7.5291,NA,NA,NA,NA,NA,NA,NA
python.exe,22256,0x0,Other,-1,0,0,Composed: Copy with GPU GDI,2026-8-20 19:20:28.952878500,0.7966,0.7966,0.0000,0.3933,0.6469,0.3652,0.2817,10.8173,0.6341,-5.9257,10492.4679,NA,NA,NA
python.exe,22256,0x0,Other,-1,0,0,Composed: Copy with GPU GDI,2026-8-20 19:20:28.953675100,8.3959,8.3959,0.0000,0.2478,8.3648,0.3999,7.9649,NA,NA,NA,NA,NA,NA,NA
python.exe,22256,0x0,Other,0,0,1,Hardware: Legacy Flip,2026-8-20 19:20:28.962071000,1.0612,1.0612,0.0000,0.2200,0.9103,0.1299,0.7804,2.2589,12.6054,8.5584,10501.6604,NA,NA,NA
python.exe,22256,0x0,Other,-1,0,0,Composed: Copy with GPU GDI,2026-8-20 19:20:28.963132200,0.5341,0.5341,0.0000,0.0691,1.9285,1.9285,0.0000,NA,NA,NA,NA,NA,NA,NA
python.exe,22256,0x0,Other,-1,0,0,Composed: Copy with GPU GDI,2026-8-20 19:20:28.963666300,9.9404,9.9404,0.0000,1.4667,8.8222,0.5524,8.2698,NA,NA,NA,NA,NA,NA,NA
python.exe,22256,0x0,Other,-1,0,0,Composed: Copy with GPU GDI,2026-8-20 19:20:28.973606700,0.7626,0.7626,0.0000,0.3530,0.6518,0.4648,0.1870,NA,NA,NA,NA,NA,NA,NA
python.exe,22256,0x0,Other,0,0,1,Hardware: Legacy Flip,2026-8-20 19:20:28.974369300,1.3890,1.3890,0.0000,0.2468,1.1648,0.0727,1.0921,2.5660,17.1328,-0.3071,10513.9587,NA,NA,NA
python.exe,22256,0x0,Other,-1,0,0,Composed: Copy with GPU GDI,2026-8-20 19:20:28.975758300,8.3905,8.3905,0.0000,0.0226,8.5686,1.4123,7.1563,NA,NA,NA,NA,NA,NA,NA
python.exe,22256,0x0,Other,-1,0,0,Composed: Copy with GPU GDI,2026-8-20 19:20:28.984148800,1.6710,1.6710,0.0000,0.2046,1.6920,0.3039,1.3881,9.9193,3.9414,-7.3533,10523.7382,NA,NA,NA
python.exe,22256,0x0,Other,-1,0,0,Composed: Copy with GPU GDI,2026-8-20 19:20:28.985819800,10.5198,10.5198,0.0000,10.7844,0.2871,0.2871,0.0000,NA,NA,NA,NA,NA,NA,NA
python.exe,22256,0x0,Other,0,0,1,Hardware: Legacy Flip,2026-8-20 19:20:28.996339600,0.2103,0.2103,0.0000,0.0000,10.5550,0.4268,10.1282,1.6699,8.1496,8.2494,10535.9290,NA,NA,NA
python.exe,22256,0x0,Other,-1,0,0,Composed: Copy with GPU GDI,2026-8-20 19:20:28.996549900,0.9568,0.9568,0.0000,0.3414,1.6229,1.6229,0.0000,9.6092,4.8611,-7.9393,10536.1393,NA,NA,NA
python.exe,22256,0x0,Other,-1,0,0,Composed: Copy with GPU GDI,2026-8-20 19:20:28.997506700,8.0408,8.0408,0.0000,1.0104,7.3128,0.4482,6.8646,NA,NA,NA,NA,NA,NA,NA
python.exe,22256,0x0,Other,0,0,1,Hardware: Legacy Flip,2026-8-20 19:20:29.005547500,4.2186,4.2186,0.0000,0.2863,3.9584,0.0893,3.8691,5.4727,13.3639,4.1365,10545.1369,NA,NA,NA
python.exe,22256,0x0,Other,-1,0,0,Composed: Copy with GPU GDI,2026-8-20 19:20:29.009766100,0.5019,0.5019,0.0000,0.0261,1.7693,1.7693,0.0000,14.6180,6.1074,-9.1453,10549.3555,NA,NA,NA
python.exe,22256,0x0,Other,-1,0,0,Composed: Copy with GPU GDI,2026-8-20 19:20:29.010268000,7.8859,7.8859,0.0000,1.2989,6.9023,0.4554,6.4469,20.2235,1.1488,-5.6055,10549.8574,NA,NA,NA
python.exe,22256,0x0,Other,-1,0,0,Composed: Copy with GPU GDI,2026-8-20 19:20:29.018153900,10.9391,10.9391,0.0000,0.3191,11.3826,0.9565,10.4261,NA,NA,NA,NA,NA,NA,NA
python.exe,22256,0x0,Other,-1,0,0,Composed: Copy with GPU GDI,2026-8-20 19:20:29.029093000,1.0287,1.0287,0.0000,0.7714,0.6518,0.5872,0.0646,NA,NA,NA,NA,NA,NA,NA
python.exe,22256,0x0,Other,0,0,1,Hardware: Legacy Flip,2026-8-20 19:20:29.030121700,0.3637,0.3637,0.0000,0.3945,0.0426,0.0426,0.0000,1.5186,16.9948,18.7049,10569.7111,NA,NA,NA
python.exe,22256,0x0,Other,-1,0,0,Composed: Copy with GPU GDI,2026-8-20 19:20:29.030485400,8.6025,8.6025,0.0000,0.0734,8.9582,1.5252,7.4330,NA,NA,NA,NA,NA,NA,NA
python.exe,22256,0x0,Other,-1,0,0,Composed: Copy with GPU GDI,2026-8-20 19:20:29.039087900,3.2641,3.2641,0.0000,0.4436,3.0947,0.4963,2.5984,9.5472,3.9579,-8.0286,10578.6773,NA,NA,NA
python.exe,22256,0x0,Other,-1,0,0,Composed: Copy with GPU GDI,2026-8-20 19:20:29.042352000,8.8487,8.8487,0.0000,9.1161,0.0526,0.0526,0.0000,NA,NA,NA,NA,NA,NA,NA
python.exe,22256,0x0,Other,0,0,1,Hardware: Legacy Flip,2026-8-20 19:20:29.051200700,0.2017,0.2017,0.0000,0.0000,8.8394,0.4636,8.3758,1.3923,8.1736,8.1549,10590.7901,NA,NA,NA
python.exe,22256,0x0,Other,-1,0,0,Composed: Copy with GPU GDI,2026-8-20 19:20:29.051402400,1.7239,1.7239,0.0000,0.1183,2.1649,1.6532,0.5117,9.3642,2.3159,-7.9719,10590.9918,NA,NA,NA
python.exe,22256,0x0,Other,-1,0,0,Composed: Copy with GPU GDI,2026-8-20 19:20:29.053126300,8.0924,8.0924,0.0000,0.5650,7.7815,0.4462,7.3353,NA,NA,NA,NA,NA,NA,NA
python.exe,22256,0x0,Other,0,0,1,Hardware: Legacy Flip,2026-8-20 19:20:29.061218700,0.3810,0.3810,0.0000,0.2563,0.1482,0.0852,0.0630,1.8638,9.8445,7.5004,10600.8081,NA,NA,NA
python.exe,22256,0x0,Other,-1,0,0,Composed: Copy with GPU GDI,2026-8-20 19:20:29.061599700,2.8956,2.8956,0.0000,0.0235,3.0199,1.7538,1.2661,11.3273,12.1104,-9.4635,10601.1891,NA,NA,NA
python.exe,22256,0x0,Other,-1,0,0,Composed: Copy with GPU GDI,2026-8-20 19:20:29.064495300,9.5657,9.5657,0.0000,0.1450,9.7315,0.5232,9.2083,NA,NA,NA,NA,NA,NA,NA
python.exe,22256,0x0,Other,-1,0,0,Composed: Copy with GPU GDI,2026-8-20 19:20:29.074061000,3.2895,3.2895,0.0000,0.3168,3.4193,0.6119,2.8074,10.9764,0.4553,0.3509,10613.6504,NA,NA,NA
python.exe,22256,0x0,Other,0,0,1,Hardware: Legacy Flip,2026-8-20 19:20:29.077350500,6.6044,6.6044,0.0000,0.4509,6.2156,0.1475,6.0681,8.1422,11.3122,2.8342,10616.9399,NA,NA,NA
python.exe,22256,0x0,Other,-1,0,0,Composed: Copy with GPU GDI,2026-8-20 19:20:29.083954900,0.6318,0.6318,0.0000,0.0621,1.5147,1.5147,0.0000,NA,NA,NA,NA,NA,NA,NA
python.exe,22256,0x0,Other,-1,0,0,Composed: Copy with GPU GDI,2026-8-20 19:20:29.084586700,9.9678,9.9678,0.0000,0.9481,9.2208,0.3451,8.8757,NA,NA,NA,NA,NA,NA,NA
python.exe,22256,0x0,Other,0,0,1,Hardware: Legacy Flip,2026-8-20 19:20:29.094554500,0.7712,0.7712,0.0000,0.2044,0.5839,0.0598,0.5241,2.2504,12.5319,5.8918,10634.1439,NA,NA,NA
python.exe,22256,0x0,Other,-1,0,0,Composed: Copy with GPU GDI,2026-8-20 19:20:29.095325700,1.0310,1.0310,0.0000,0.0171,2.0347,2.0347,0.0000,14.0111,2.5630,-11.7607,10634.9151,NA,NA,NA
python.exe,22256,0x0,Other,-1,0,0,Composed: Copy with GPU GDI,2026-8-20 19:20:29.096356700,9.6924,9.6924,0.0000,1.0255,8.8100,0.3749,8.4351,NA,NA,NA,NA,NA,NA,NA
python.exe,22256,0x0,Other,-1,0,0,Composed: Copy with GPU GDI,2026-8-20 19:20:29.106049100,1.8723,1.8723,0.0000,0.1478,1.8858,0.3066,1.5792,NA,NA,NA,NA,NA,NA,NA
python.exe,22256,0x0,Other,0,0,1,Hardware: Legacy Flip,2026-8-20 19:20:29.107921400,2.7154,2.7154,0.0000,0.1778,2.6025,0.1300,2.4725,3.9784,15.6206,10.0327,10647.5108,NA,NA,NA
python.exe,22256,0x0,Other,-1,0,0,Composed: Copy with GPU GDI,2026-8-20 19:20:29.110636800,5.6285,5.6285,0.0000,0.0649,6.3008,2.0245,4.2763,16.8836,4.1830,-12.9052,10650.2262,NA,NA,NA
python.exe,22256,0x0,Other,-1,0,0,Composed: Copy with GPU GDI,2026-8-20 19:20:29.116265300,5.6284,5.6284,0.0000,0.7429,5.2588,0.5446,4.7142,NA,NA,NA,NA,NA,NA,NA
python.exe,22256,0x0,Other,-1,0,0,Composed: Copy with GPU GDI,2026-8-20 19:20:29.121893700,7.9462,7.9462,0.0000,8.5990,0.0600,0.0600,0.0000,NA,NA,NA,NA,NA,NA,NA
python.exe,22256,0x0,Other,0,0,1,Hardware: Legacy Flip,2026-8-20 19:20:29.129839900,0.5790,0.5790,0.0000,0.0000,8.2189,0.8682,7.3507,1.8635,12.1016,15.0201,10669.4293,NA,NA,NA
python.exe,22256,0x0,Other,-1,0,0,Composed: Copy with GPU GDI,2026-8-20 19:20:29.130418900,2.4061,2.4061,0.0000,0.1338,2.4983,1.3833,1.1150,NA,NA,NA,NA,NA,NA,NA
python.exe,22256,0x0,Other,-1,0,0,Composed: Copy with GPU GDI,2026-8-20 19:20:29.132825000,6.8450,6.8450,0.0000,0.2308,6.8859,0.4172,6.4687,NA,NA,NA,NA,NA,NA,NA
python.exe,22256,0x0,Other,0,0,1,Hardware: Legacy Flip,2026-8-20 19:20:29.139670000,2.8123,2.8123,0.0000,0.3048,2.5574,0.1602,2.3972,4.1350,8.1595,-2.2715,10679.2594,NA,NA,NA
python.exe,22256,0x0,Other,-1,0,0,Composed: Copy with GPU GDI,2026-8-20 19:20:29.142482300,1.9206,1.9206,0.0000,0.0499,2.0423,1.4537,0.5886,9.4822,11.9683,-5.3472,10682.0717,NA,NA,NA
python.exe,22256,0x0,Other,-1,0,0,Composed: Copy with GPU GDI,2026-8-20 19:20:29.144402900,5.7052,5.7052,0.0000,0.1753,5.6955,0.2774,5.4181,19.5299,0.6157,-10.0477,10683.9923,NA,NA,NA
python.exe,22256,0x0,Other,-1,0,0,Composed: Copy with GPU GDI,2026-8-20 19:20:29.150108100,11.2125,11.2125,0.0000,0.1690,11.6585,0.7480,10.9105,NA,NA,NA,NA,NA,NA,NA
python.exe,22256,0x0,Other,-1,0,0,Composed: Copy with GPU GDI,2026-8-20 19:20:29.161320600,1.6614,1.6614,0.0000,1.9644,0.0868,0.0868,0.0000,NA,NA,NA,NA,NA,NA,NA
python.exe,22256,0x0,Other,0,0,1,Hardware: Legacy Flip,2026-8-20 19:20:29.162982000,0.2532,0.2532,0.0000,0.0000,1.3427,0.4519,0.8908,1.5665,12.2386,17.9634,10702.5714,NA,NA,NA
python.exe,22256,0x0,Other,-1,0,0,Composed: Copy with GPU GDI,2026-8-20 19:20:29.163235200,8.8239,8.8239,0.0000,0.1366,9.4463,2.1766,7.2697,NA,NA,NA,NA,NA,NA,NA
python.exe,22256,0x0,Other,-1,0,0,Composed: Copy with GPU GDI,2026-8-20 19:20:29.172059100,1.6197,1.6197,0.0000,0.7639,1.0761,0.3640,0.7121,NA,NA,NA,NA,NA,NA,NA
python.exe,22256,0x0,Other,0,0,1,Hardware: Legacy Flip,2026-8-20 19:20:29.173678800,1.8620,1.8620,0.0000,0.2244,1.6666,0.0858,1.5808,3.1083,17.4860,-1.5418,10713.2682,NA,NA,NA
python.exe,22256,0x0,Other,-1,0,0,Composed: Copy with GPU GDI,2026-8-20 19:20:29.175540800,9.6121,9.6121,0.0000,0.0290,9.7542,1.4648,8.2894,NA,NA,NA,NA,NA,NA,NA
python.exe,22256,0x0,Other,-1,0,0,Composed: Copy with GPU GDI,2026-8-20 19:20:29.185152900,1.1411,1.1411,0.0000,0.1749,1.0626,0.2146,0.8480,9.1202,3.1200,-6.0119,10724.7423,NA,NA,NA
python.exe,22256,0x0,Other,-1,0,0,Composed: Copy with GPU GDI,2026-8-20 19:20:29.186294000,9.2386,9.2386,0.0000,0.1042,9.3770,0.4437,8.9333,NA,NA,NA,NA,NA,NA,NA
python.exe,22256,0x0,Other,0,0,1,Hardware: Legacy Flip,2026-8-20 19:20:29.195532600,0.4862,0.4862,0.0000,0.2479,0.3069,0.1288,0.1781,1.8605,9.0043,7.2597,10735.1220,NA,NA,NA
python.exe,22256,0x0,Other,-1,0,0,Composed: Copy with GPU GDI,2026-8-20 19:20:29.196018800,2.3888,2.3888,0.0000,0.0686,2.7314,1.7849,0.9465,10.3786,11.9877,-8.5181,10735.6082,NA,NA,NA
python.exe,22256,0x0,Other,-1,0,0,Composed: Copy with GPU GDI,2026-8-20 19:20:29.198407600,9.0593,9.0593,0.0000,0.4145,9.0447,0.5740,8.4707,NA,NA,NA,NA,NA,NA,NA
python.exe,22256,0x0,Other,-1,0,0,Composed: Copy with GPU GDI,2026-8-20 19:20:29.207466900,2.2747,2.2747,0.0000,0.4028,2.0135,0.2408,1.7727,NA,NA,NA,NA,NA,NA,NA
python.exe,22256,0x0,Other,0,0,1,Hardware: Legacy Flip,2026-8-20 19:20:29.209741600,7.4448,7.4448,0.0000,0.1446,7.3653,0.1264,7.2389,8.6435,11.7605,1.7351,10749.3310,NA,NA,NA
python.exe,22256,0x0,Other,-1,0,0,Composed: Copy with GPU GDI,2026-8-20 19:20:29.217186400,0.3709,0.3709,0.0000,0.0651,1.4732,1.4732,0.0000,NA,NA,NA,NA,NA,NA,NA
python.exe,22256,0x0,Other,-1,0,0,Composed: Copy with GPU GDI,2026-8-20 19:20:29.217557300,9.7997,9.7997,0.0000,1.1963,8.7180,0.2589,8.4591,NA,NA,NA,NA,NA,NA,NA
python.exe,22256,0x0,Other,-1,0,0,Composed: Copy with GPU GDI,2026-8-20 19:20:29.227357000,1.0914,1.0914,0.0000,0.1283,1.0360,0.2237,0.8123,NA,NA,NA,NA,NA,NA,NA
python.exe,22256,0x0,Other,0,0,1,Hardware: Legacy Flip,2026-8-20 19:20:29.228448400,0.1421,0.1421,0.0000,0.0757,0.0835,0.0640,0.0195,1.6972,18.7146,6.9463,10768.0378,NA,NA,NA
python.exe,22256,0x0,Other,-1,0,0,Composed: Copy with GPU GDI,2026-8-20 19:20:29.228590500,10.3068,10.3068,0.0000,0.0171,10.9966,2.3125,8.6841,NA,NA,NA,NA,NA,NA,NA
python.exe,22256,0x0,Other,-1,0,0,Composed: Copy with GPU GDI,2026-8-20 19:20:29.238897300,2.1359,2.1359,0.0000,0.7107,1.7520,0.4622,1.2898,9.9629,2.8573,-8.2657,10778.4867,NA,NA,NA
python.exe,22256,0x0,Other,0,0,1,Hardware: Legacy Flip,2026-8-20 19:20:29.241033200,9.4259,9.4259,0.0000,0.3298,9.2166,0.2061,9.0105,10.6843,9.2595,-0.7214,10780.6226,NA,NA,NA
python.exe,22256,0x0,Other,-1,0,0,Composed: Copy with GPU GDI,2026-8-20 19:20:29.250459100,1.5716,1.5716,0.0000,0.1205,1.6916,1.4486,0.2430,NA,NA,NA,NA,NA,NA,NA
python.exe,22256,0x0,Other,-1,0,0,Composed: Copy with GPU GDI,2026-8-20 19:20:29.252030700,0.6559,0.6559,0.0000,0.2435,0.6725,0.3872,0.2853,8.9463,1.2320,1.7380,10791.6201,NA,NA,NA
python.exe,22256,0x0,Other,0,0,1,Hardware: Legacy Flip,2026-8-20 19:20:29.252686600,8.5166,8.5166,0.0000,0.2638,8.3009,0.1879,8.1130,9.5224,10.8946,-0.5761,10792.2760,NA,NA,NA
python.exe,22256,0x0,Other,-1,0,0,Composed: Copy with GPU GDI,2026-8-20 19:20:29.261203200,0.8329,0.8329,0.0000,0.0481,1.5127,1.5127,0.0000,NA,NA,NA,NA,NA,NA,NA
python.exe,22256,0x0,Other,-1,0,0,Composed: Copy with GPU GDI,2026-8-20 19:20:29.262036100,3.2279,3.2279,0.0000,0.7330,3.0325,0.8467,2.1858,11.0675,12.1411,-1.5451,10801.6255,NA,NA,NA
python.exe,22256,0x0,Other,-1,0,0,Composed: Copy with GPU GDI,2026-8-20 19:20:29.265264000,8.7750,8.7750,0.0000,0.5413,8.7167,0.6648,8.0519,NA,NA,NA,NA,NA,NA,NA
python.exe,22256,0x0,Other,-1,0,0,Composed: Copy with GPU GDI,2026-8-20 19:20:29.274039000,2.9076,2.9076,0.0000,0.4875,2.5198,0.2319,2.2879,11.2057,0.4046,-0.1382,10813.6284,NA,NA,NA
python.exe,22256,0x0,Other,0,0,1,Hardware: Legacy Flip,2026-8-20 19:20:29.276946600,7.4132,7.4132,0.0000,0.1028,7.3752,0.1639,7.2113,8.7027,10.8968,2.5030,10816.5360,NA,NA,NA
python.exe,22256,0x0,Other,-1,0,0,Composed: Copy with GPU GDI,2026-8-20 19:20:29.284359800,0.2637,0.2637,0.0000,0.0648,1.3783,1.3783,0.0000,NA,NA,NA,NA,NA,NA,NA
python.exe,22256,0x0,Other,-1,0,0,Composed: Copy with GPU GDI,2026-8-20 19:20:29.284623500,9.5809,9.5809,0.0000,1.1963,8.7072,0.4889,8.2183,NA,NA,NA,NA,NA,NA,NA
python.exe,22256,0x0,Other,0,0,1,Hardware: Legacy Flip,2026-8-20 19:20:29.294204400,1.2199,1.2199,0.0000,0.3258,0.9133,0.0717,0.8416,2.3417,12.9487,6.3610,10833.7938,NA,NA,NA
python.exe,22256,0x0,Other,-1,0,0,Composed: Copy with GPU GDI,2026-8-20 19:20:29.295424300,0.5702,0.5702,0.0000,0.0192,1.6588,1.6588,0.0000,14.0705,6.0820,-11.7288,10835.0137,NA,NA,NA
python.exe,22256,0x0,Other,-1,0,0,Composed: Copy with GPU GDI,2026-8-20 19:20:29.295994500,10.3469,10.3469,0.0000,1.1133,9.3691,0.3904,8.9787,NA,NA,NA,NA,NA,NA,NA
python.exe,22256,0x0,Other,-1,0,0,Composed: Copy with GPU GDI,2026-8-20 19:20:29.306341400,1.7606,1.7606,0.0000,0.1758,2.1730,0.7510,1.4220,9.2354,4.0350,4.8351,10845.9308,NA,NA,NA
python.exe,22256,0x0,Other,-1,0,0,Composed: Copy with GPU GDI,2026-8-20 19:20:29.308102000,8.7702,8.7702,0.0000,0.5917,8.3313,0.3622,7.9691,NA,NA,NA,NA,NA,NA,NA
python.exe,22256,0x0,Other,0,0,1,Hardware: Legacy Flip,2026-8-20 19:20:29.316872200,1.4970,1.4970,0.0000,0.1576,1.4713,0.2239,1.2474,2.7396,8.2238,6.4958,10856.4616,NA,NA,NA
python.exe,22256,0x0,Other,-1,0,0,Composed: Copy with GPU GDI,2026-8-20 19:20:29.318369200,1.0735,1.0735,0.0000,0.1319,1.6725,1.6725,0.0000,9.4664,1.6518,-6.7268,10857.9586,NA,NA,NA
python.exe,22256,0x0,Other,0,0,1,Hardware: Legacy Flip,2026-8-20 19:20:29.319442700,8.8774,8.8774,0.0000,0.7360,8.1903,0.1777,8.0126,10.0447,10.4995,-0.5783,10859.0321,NA,NA,NA
python.exe,22256,0x0,Other,-1,0,0,Composed: Copy with GPU GDI,2026-8-20 19:20:29.328320100,0.3781,0.3781,0.0000,0.0489,1.1622,1.1622,0.0000,NA,NA,NA,NA,NA,NA,NA
python.exe,22256,0x0,Other,-1,0,0,Composed: Copy with GPU GDI,2026-8-20 19:20:29.328698200,4.2628,4.2628,0.0000,0.8365,3.5215,0.2276,3.2939,11.2887,4.1617,-1.2440,10868.2876,NA,NA,NA
python.exe,22256,0x0,Other,-1,0,0,Composed: Copy with GPU GDI,2026-8-20 19:20:29.332961000,8.0388,8.0388,0.0000,0.0935,8.4544,0.7519,7.7025,NA,NA,NA,NA,NA,NA,NA
python.exe,22256,0x0,Other,0,0,1,Hardware: Legacy Flip,2026-8-20 19:20:29.340999800,1.7920,1.7920,0.0000,0.5153,1.3735,0.1956,1.1779,3.1488,7.8607,8.1399,10880.5892,NA,NA,NA
python.exe,22256,0x0,Other,-1,0,0,Composed: Copy with GPU GDI,2026-8-20 19:20:29.342791800,0.6532,0.6532,0.0000,0.0968,1.4888,1.4888,0.0000,9.2175,12.2667,-6.0687,10882.3812,NA,NA,NA
python.exe,22256,0x0,Other,-1,0,0,Composed: Copy with GPU GDI,2026-8-20 19:20:29.343445000,7.6955,7.6955,0.0000,0.9366,7.4049,0.7929,6.6120,20.8310,0.8739,-11.6135,10883.0344,NA,NA,NA
python.exe,22256,0x0,Other,-1,0,0,Composed: Copy with GPU GDI,2026-8-20 19:20:29.351140500,10.4600,10.4600,0.0000,0.6508,10.3447,0.7088,9.6359,NA,NA,NA,NA,NA,NA,NA
python.exe,22256,0x0,Other,-1,0,0,Composed: Copy with GPU GDI,2026-8-20 19:20:29.361600500,2.1326,2.1326,0.0000,2.3705,0.0560,0.0560,0.0000,NA,NA,NA,NA,NA,NA,NA
python.exe,22256,0x0,Other,0,0,1,Hardware: Legacy Flip,2026-8-20 19:20:29.363733100,0.1848,0.1848,0.0000,0.0000,1.8288,0.3317,1.4971,1.4168,12.7896,19.4142,10903.3225,NA,NA,NA
python.exe,22256,0x0,Other,-1,0,0,Composed: Copy with GPU GDI,2026-8-20 19:20:29.363917900,9.9580,9.9580,0.0000,0.1091,10.5280,2.1309,8.3971,NA,NA,NA,NA,NA,NA,NA
python.exe,22256,0x0,Other,-1,0,0,Composed: Copy with GPU GDI,2026-8-20 19:20:29.373875900,1.1302,1.1302,0.0000,0.6820,0.6551,0.3172,0.3379,NA,NA,NA,NA,NA,NA,NA
python.exe,22256,0x0,Other,0,0,1,Hardware: Legacy Flip,2026-8-20 19:20:29.375006100,1.3048,1.3048,0.0000,0.2098,1.1400,0.1110,1.0290,2.9334,16.5323,-1.5166,10914.5955,NA,NA,NA
python.exe,22256,0x0,Other,-1,0,0,Composed: Copy with GPU GDI,2026-8-20 19:20:29.376310900,7.1167,7.1167,0.0000,0.0450,7.3082,1.8737,5.4345,NA,NA,NA,NA,NA,NA,NA
python.exe,22256,0x0,Other,-1,0,0,Composed: Copy with GPU GDI,2026-8-20 19:20:29.383427600,3.5397,3.5397,0.0000,0.2411,3.8929,0.7303,3.1626,11.0442,4.8604,-8.1108,10923.0170,NA,NA,NA
python.exe,22256,0x0,Other,-1,0,0,Composed: Copy with GPU GDI,2026-8-20 19:20:29.386967300,9.0839,9.0839,0.0000,0.5982,8.6425,0.4035,8.2390,NA,NA,NA,NA,NA,NA,NA
python.exe,22256,0x0,Other,0,0,1,Hardware: Legacy Flip,2026-8-20 19:20:29.396051200,2.1929,2.1929,0.0000,0.1600,2.1231,0.1906,1.9325,3.2810,7.2353,7.7632,10935.6406,NA,NA,NA
python.exe,22256,0x0,Other,-1,0,0,Composed: Copy with GPU GDI,2026-8-20 19:20:29.398244100,0.7890,0.7890,0.0000,0.0902,1.5758,1.5758,0.0000,8.3234,12.1187,-5.0424,10937.8335,NA,NA,NA
python.exe,22256,0x0,Other,-1,0,0,Composed: Copy with GPU GDI,2026-8-20 19:20:29.399033100,8.8099,8.8099,0.0000,0.8798,8.2085,0.5683,7.6402,NA,NA,NA,NA,NA,NA,NA
python.exe,22256,0x0,Other,-1,0,0,Composed: Copy with GPU GDI,2026-8-20 19:20:29.407843000,2.7220,2.7220,0.0000,0.2835,3.1236,0.8685,2.2551,10.8432,0.4864,-2.5198,10947.4324,NA,NA,NA
python.exe,22256,0x0,Other,0,0,1,Hardware: Legacy Flip,2026-8-20 19:20:29.410565000,7.4233,7.4233,0.0000,0.6902,6.8130,0.2186,6.5944,8.6076,11.6684,2.2356,10950.1544,NA,NA,NA
python.exe,22256,0x0,Other,-1,0,0,Composed: Copy with GPU GDI,2026-8-20 19:20:29.417988300,0.4989,0.4989,0.0000,0.0799,1.6758,1.6758,0.0000,12.8527,1.0080,-4.2451,10957.5777,NA,NA,NA
python.exe,22256,0x0,Other,-1,0,0,Composed: Copy with GPU GDI,2026-8-20 19:20:29.418487200,10.4008,10.4008,0.0000,1.2616,9.7648,0.8538,8.9110,NA,NA,NA,NA,NA,NA,NA
python.exe,22256,0x0,Other,-1,0,0,Composed: Copy with GPU GDI,2026-8-20 19:20:29.428888000,0.8408,0.8408,0.0000,0.6295,0.7274,0.6289,0.0985,NA,NA,NA,NA,NA,NA,NA
python.exe,22256,0x0,Other,0,0,1,Hardware: Legacy Flip,2026-8-20 19:20:29.429728800,0.5757,0.5757,0.0000,0.5161,0.1278,0.1278,0.0000,2.1202,12.5492,10.7325,10969.3182,NA,NA,NA
python.exe,22256,0x0,Other,-1,0,0,Composed: Copy with GPU GDI,2026-8-20 19:20:29.430304500,11.3575,11.3575,0.0000,0.0682,11.8959,2.1178,9.7781,NA,NA,NA,NA,NA,NA,NA
python.exe,22256,0x0,Other,-1,0,0,Composed: Copy with GPU GDI,2026-8-20 19:20:29.441662000,1.1326,1.1326,0.0000,0.6115,0.9475,0.5708,0.3767,NA,NA,NA,NA,NA,NA,NA
python.exe,22256,0x0,Other,0,0,1,Hardware: Legacy Flip,2026-8-20 19:20:29.442794600,0.4679,0.4679,0.0000,0.4264,0.0724,0.0724,0.0000,1.6036,22.5412,0.5166,10982.3840,NA,NA,NA
python.exe,22256,0x0,Other,-1,0,0,Composed: Copy with GPU GDI,2026-8-20 19:20:29.443262500,7.6141,7.6141,0.0000,0.0309,7.7636,1.3354,6.4282,NA,NA,NA,NA,NA,NA,NA
python.exe,22256,0x0,Other,-1,0,0,Composed: Copy with GPU GDI,2026-8-20 19:20:29.450876600,2.3475,2.3475,0.0000,0.1850,2.3408,0.3332,2.0076,NA,NA,NA,NA,NA,NA,NA
python.exe,22256,0x0,Other,-1,0,0,Composed: Copy with GPU GDI,2026-8-20 19:20:29.453224100,11.4827,11.4827,0.0000,0.1820,12.0122,0.9286,11.0836,NA,NA,NA,NA,NA,NA,NA
python.exe,22256,0x0,Other,0,0,1,Hardware: Legacy Flip,2026-8-20 19:20:29.464706800,0.9848,0.9848,0.0000,0.7198,0.3332,0.1869,0.1463,2.2326,18.4987,-0.6290,11004.2962,NA,NA,NA
python.exe,22256,0x0,Other,-1,0,0,Composed: Copy with GPU GDI,2026-8-20 19:20:29.465691600,7.4675,7.4675,0.0000,0.0682,8.0881,1.9062,6.1819,NA,NA,NA,NA,NA,NA,NA
python.exe,22256,0x0,Other,-1,0,0,Composed: Copy with GPU GDI,2026-8-20 19:20:29.473159100,4.2694,4.2694,0.0000,0.6935,3.8031,0.4187,3.3844,NA,NA,NA,NA,NA,NA,NA
python.exe,22256,0x0,Other,0,0,1,Hardware: Legacy Flip,2026-8-20 19:20:29.477428500,6.5507,6.5507,0.0000,0.2310,6.3820,0.1147,6.2673,8.0096,12.1394,-5.7770,11017.0179,NA,NA,NA
python.exe,22256,0x0,Other,-1,0,0,Composed: Copy with GPU GDI,2026-8-20 19:20:29.483979200,1.2353,1.2353,0.0000,0.0623,1.9303,1.9303,0.0000,13.5983,1.3651,-5.5887,11023.5686,NA,NA,NA
python.exe,22256,0x0,Other,-1,0,0,Composed: Copy with GPU GDI,2026-8-20 19:20:29.485214500,9.9589,9.9589,0.0000,0.7637,9.7257,0.6367,9.0890,NA,NA,NA,NA,NA,NA,NA
python.exe,22256,0x0,Other,-1,0,0,Composed: Copy with GPU GDI,2026-8-20 19:20:29.495173400,1.6875,1.6875,0.0000,0.5367,1.4777,0.6690,0.8087,NA,NA,NA,NA,NA,NA,NA
python.exe,22256,0x0,Other,0,0,1,Hardware: Legacy Flip,2026-8-20 19:20:29.496860900,0.9708,0.9708,0.0000,0.3301,0.7115,0.1761,0.5354,2.0817,16.9049,11.5166,11036.4503,NA,NA,NA
python.exe,22256,0x0,Other,-1,0,0,Composed: Copy with GPU GDI,2026-8-20 19:20:29.497831700,9.4121,9.4121,0.0000,0.0708,10.0194,1.8294,8.1900,NA,NA,NA,NA,NA,NA,NA
python.exe,22256,0x0,Other,-1,0,0,Composed: Copy with GPU GDI,2026-8-20 19:20:29.507243800,1.3293,1.3293,0.0000,0.6819,1.0620,0.5709,0.4911,8.6037,6.0173,-6.5220,11046.8332,NA,NA,NA
python.exe,22256,0x0,Other,-1,0,0,Composed: Copy with GPU GDI,2026-8-20 19:20:29.508573100,9.2174,9.2174,0.0000,0.4189,9.0028,0.3156,8.6872,NA,NA,NA,NA,NA,NA,NA
python.exe,22256,0x0,Other,-1,0,0,Composed: Copy with GPU GDI,2026-8-20 19:20:29.517790500,2.1589,2.1589,0.0000,0.2102,2.0383,0.2457,1.7926,NA,NA,NA,NA,NA,NA,NA
python.exe,22256,0x0,Other,0,0,1,Hardware: Legacy Flip,2026-8-20 19:20:29.519949400,0.4210,0.4210,0.0000,0.1082,0.3808,0.1269,0.2539,1.9154,9.3872,6.6883,11059.5388,NA,NA,NA
python.exe,22256,0x0,Other,-1,0,0,Composed: Copy with GPU GDI,2026-8-20 19:20:29.520370400,8.4703,8.4703,0.0000,0.0680,9.0093,2.0427,6.9666,NA,NA,NA,NA,NA,NA,NA
python.exe,22256,0x0,Other,0,0,1,Hardware: Legacy Flip,2026-8-20 19:20:29.528840700,0.7626,0.7626,0.0000,0.6107,0.1729,0.0833,0.0896,2.4113,8.7732,-0.4959,11068.4301,NA,NA,NA
python.exe,22256,0x0,Other,-1,0,0,Composed: Copy with GPU GDI,2026-8-20 19:20:29.529603300,2.1078,2.1078,0.0000,0.0210,2.2294,1.8074,0.4220,10.4219,12.1673,-8.0106,11069.1927,NA,NA,NA
python.exe,22256,0x0,Other,-1,0,0,Composed: Copy with GPU GDI,2026-8-20 19:20:29.531711100,11.1406,11.1406,0.0000,0.1474,11.5146,0.6820,10.8326,20.4814,0.5257,-10.0595,11071.3005,NA,NA,NA
python.exe,22256,0x0,Other,0,0,1,Hardware: Legacy Flip,2026-8-20 19:20:29.542851700,8.7517,8.7517,0.0000,0.5358,8.3095,0.1964,8.1131,9.8665,11.5808,10.6149,11082.4411,NA,NA,NA
python.exe,22256,0x0,Other,-1,0,0,Composed: Copy with GPU GDI,2026-8-20 19:20:29.551603400,1.4673,1.4673,0.0000,0.0936,1.6946,1.6946,0.0000,12.6956,1.3511,-2.8291,11091.1928,NA,NA,NA
python.exe,22256,0x0,Other,-1,0,0,Composed: Copy with GPU GDI,2026-8-20 19:20:29.553070700,10.3478,10.3478,0.0000,0.3241,10.2506,0.4631,9.7875,NA,NA,NA,NA,NA,NA,NA
python.exe,22256,0x0,Other,0,0,1,Hardware: Legacy Flip,2026-8-20 19:20:29.563418500,1.1496,1.1496,0.0000,0.2301,0.9829,0.1476,0.8353,2.2316,16.8731,10.4640,11103.0079,NA,NA,NA
python.exe,22256,0x0,Other,-1,0,0,Composed: Copy with GPU GDI,2026-8-20 19:20:29.564568100,0.6879,0.6879,0.0000,0.0634,1.8807,1.8807,0.0000,17.9551,5.2015,-15.7235,11104.1575,NA,NA,NA
python.exe,22256,0x0,Other,-1,0,0,Composed: Copy with GPU GDI,2026-8-20 19:20:29.565256000,9.3962,9.3962,0.0000,1.2595,8.5954,0.6183,7.9771,NA,NA,NA,NA,NA,NA,NA
python.exe,22256,0x0,Other,-1,0,0,Composed: Copy with GPU GDI,2026-8-20 19:20:29.574652200,0.7603,0.7603,0.0000,0.4616,0.4517,0.2570,0.1947,NA,NA,NA,NA,NA,NA,NA
python.exe,22256,0x0,Other,-1,0,0,Composed: Copy with GPU GDI,2026-8-20 19:20:29.575412500,10.5038,10.5038,0.0000,11.1320,0.0734,0.0734,0.0000,NA,NA,NA,NA,NA,NA,NA
python.exe,22256,0x0,Other,0,0,1,Hardware: Legacy Flip,2026-8-20 19:20:29.585916300,0.5715,0.5715,0.0000,0.0000,10.9658,0.8460,10.1198,1.8084,6.9067,16.1467,11125.5057,NA,NA,NA
python.exe,22256,0x0,Other,-1,0,0,Composed: Copy with GPU GDI,2026-8-20 19:20:29.586487800,0.6018,0.6018,0.0000,0.1301,1.5937,1.5937,0.0000,8.1436,5.3467,-6.3352,11126.0772,NA,NA,NA
python.exe,22256,0x0,Other,-1,0,0,Composed: Copy with GPU GDI,2026-8-20 19:20:29.587089600,10.3558,10.3558,0.0000,1.1405,9.5619,0.5235,9.0384,NA,NA,NA,NA,NA,NA,NA
python.exe,22256,0x0,Other,-1,0,0,Composed: Copy with GPU GDI,2026-8-20 19:20:29.597445400,0.7965,0.7965,0.0000,1.2014,0.2053,0.2053,0.0000,NA,NA,NA,NA,NA,NA,NA
python.exe,22256,0x0,Other,0,0,1,Hardware: Legacy Flip,2026-8-20 19:20:29.598241900,0.2900,0.2900,0.0000,0.0000,0.8494,0.5592,0.2902,1.7362,10.6923,6.4074,11137.8313,NA,NA,NA
python.exe,22256,0x0,Other,-1,0,0,Composed: Copy with GPU GDI,2026-8-20 19:20:29.598531900,7.8617,7.8617,0.0000,0.3202,7.8446,1.4868,6.3578,NA,NA,NA,NA,NA,NA,NA
python.exe,22256,0x0,Other,0,0,1,Hardware: Legacy Flip,2026-8-20 19:20:29.606393600,2.8027,2.8027,0.0000,0.3066,2.5200,0.0896,2.4304,4.2768,14.3223,-2.5406,11145.9830,NA,NA,NA
python.exe,22256,0x0,Other,-1,0,0,Composed: Copy with GPU GDI,2026-8-20 19:20:29.609196300,1.6031,1.6031,0.0000,0.0239,1.7488,1.7488,0.0000,15.7964,35.4867,-11.5196,11148.7857,NA,NA,NA
python.exe,22256,0x0,Other,-1,0,0,Composed: Copy with GPU GDI,2026-8-20 19:20:29.610799400,43.2723,43.2723,0.0000,0.1742,43.3747,0.4471,42.9276,NA,NA,NA,NA,NA,NA,NA
python.exe,22256,0x0,Other,-1,0,0,Composed: Copy with GPU GDI,2026-8-20 19:20:29.654071700,1.0671,1.0671,0.0000,0.2801,1.0836,0.5122,0.5714,NA,NA,NA,NA,NA,NA,NA
python.exe,22256,0x0,Other,0,0,1,Hardware: Legacy Flip,2026-8-20 19:20:29.655138800,3.8636,3.8636,0.0000,0.3024,3.6736,0.2586,3.4150,5.3406,3.7444,10.4558,11194.7282,NA,NA,NA
python.exe,22256,0x0,Other,-1,0,0,Composed: Copy with GPU GDI,2026-8-20 19:20:29.659002400,2.7760,2.7760,0.0000,0.1124,3.3962,2.2377,1.1585,NA,NA,NA,NA,NA,NA,NA
python.exe,22256,0x0,Other,-1,0,0,Composed: Copy with GPU GDI,2026-8-20 19:20:29.661778400,1.0455,1.0455,0.0000,1.2101,0.1666,0.1666,0.0000,NA,NA,NA,NA,NA,NA,NA
python.exe,22256,0x0,Other,0,0,1,Hardware: Legacy Flip,2026-8-20 19:20:29.662823900,0.1487,0.1487,0.0000,0.0000,0.4725,0.3094,0.1631,1.3999,12.4439,3.9407,11202.4133,NA,NA,NA
python.exe,22256,0x0,Other,-1,0,0,Composed: Copy with GPU GDI,2026-8-20 19:20:29.662972600,1.3724,1.3724,0.0000,0.1825,1.6913,1.6115,0.0798,NA,NA,NA,NA,NA,NA,NA
python.exe,22256,0x0,Other,-1,0,0,Composed: Copy with GPU GDI,2026-8-20 19:20:29.664345000,9.1915,9.1915,0.0000,0.5062,8.9746,0.4362,8.5384,NA,NA,NA,NA,NA,NA,NA
python.exe,22256,0x0,Other,0,0,1,Hardware: Legacy Flip,2026-8-20 19:20:29.673536500,1.9118,1.9118,0.0000,0.2936,1.6367,0.0688,1.5679,3.1312,8.9566,-1.7313,11213.1259,NA,NA,NA
python.exe,22256,0x0,Other,-1,0,0,Composed: Copy with GPU GDI,2026-8-20 19:20:29.675448300,2.0730,2.0730,0.0000,0.0185,2.4094,1.6033,0.8061,10.1760,12.1523,-7.0448,11215.0377,NA,NA,NA
python.exe,22256,0x0,Other,-1,0,0,Composed: Copy with GPU GDI,2026-8-20 19:20:29.677521300,6.9941,6.9941,0.0000,0.3595,6.9676,0.4952,6.4724,20.2553,0.5204,-10.0793,11217.1107,NA,NA,NA
python.exe,22256,0x0,Other,-1,0,0,Composed: Copy with GPU GDI,2026-8-20 19:20:29.684515400,11.4634,11.4634,0.0000,0.3510,11.3909,0.4367,10.9542,NA,NA,NA,NA,NA,NA,NA
python.exe,22256,0x0,Other,0,0,1,Hardware: Legacy Flip,2026-8-20 19:20:29.695978800,1.1927,1.1927,0.0000,0.2829,0.9740,0.2231,0.7509,2.3182,17.6651,17.9371,11235.5682,NA,NA,NA
python.exe,22256,0x0,Other,-1,0,0,Composed: Copy with GPU GDI,2026-8-20 19:20:29.697171500,0.2334,0.2334,0.0000,0.0642,1.5406,1.5406,0.0000,18.7906,4.8744,-16.4724,11236.7609,NA,NA,NA
python.exe,22256,0x0,Other,-1,0,0,Composed: Copy with GPU GDI,2026-8-20 19:20:29.697404900,9.5129,9.5129,0.0000,1.3754,8.4942,0.5746,7.9196,NA,NA,NA,NA,NA,NA,NA
python.exe,22256,0x0,Other,-1,0,0,Composed: Copy with GPU GDI,2026-8-20 19:20:29.706917800,0.8410,0.8410,0.0000,0.3605,0.6635,0.3197,0.3438,NA,NA,NA,NA,NA,NA,NA
python.exe,22256,0x0,Other,-1,0,0,Composed: Copy with GPU GDI,2026-8-20 19:20:29.707758800,11.0588,11.0588,0.0000,0.1882,11.1142,0.5167,10.5975,NA,NA,NA,NA,NA,NA,NA
python.exe,22256,0x0,Other,0,0,1,Hardware: Legacy Flip,2026-8-20 19:20:29.718817600,0.4898,0.4898,0.0000,0.2489,0.2982,0.1053,0.1929,2.0189,7.2755,16.7717,11258.4070,NA,NA,NA
python.exe,22256,0x0,Other,-1,0,0,Composed: Copy with GPU GDI,2026-8-20 19:20:29.719307400,0.3151,0.3151,0.0000,0.0573,0.3394,0.3394,0.0000,8.8046,2.9237,-6.7857,11258.8968,NA,NA,NA
python.exe,22256,0x0,Other,0,0,1,Hardware: Legacy Flip,2026-8-20 19:20:29.719622500,9.9320,9.9320,0.0000,0.0816,9.8728,1.1125,8.7603,11.4132,9.1863,-2.6086,11259.2119,NA,NA,NA
python.exe,22256,0x0,Other,-1,0,0,Composed: Copy with GPU GDI,2026-8-20 19:20:29.729554500,0.2095,0.2095,0.0000,0.0224,0.3258,0.3258,0.0000,NA,NA,NA,NA,NA,NA,NA
python.exe,22256,0x0,Other,-1,0,0,Composed: Copy with GPU GDI,2026-8-20 19:20:29.729764000,2.5971,2.5971,0.0000,0.1387,2.5837,1.3044,1.2793,10.4580,12.1382,0.9552,11269.3534,NA,NA,NA
python.exe,22256,0x0,Other,-1,0,0,Composed: Copy with GPU GDI,2026-8-20 19:20:29.732361100,10.7077,10.7077,0.0000,0.1294,10.8705,0.4821,10.3884,19.9991,0.6657,-9.5411,11271.9505,NA,NA,NA
python.exe,22256,0x0,Other,-1,0,0,Composed: Copy with GPU GDI,2026-8-20 19:20:29.743068800,8.0648,8.0648,0.0000,0.2968,8.0025,0.4337,7.5688,NA,NA,NA,NA,NA,NA,NA
python.exe,22256,0x0,Other,0,0,1,Hardware: Legacy Flip,2026-8-20 19:20:29.751133600,0.4277,0.4277,0.0000,0.2374,0.2543,0.1169,0.1374,1.8923,13.6120,18.1068,11290.7230,NA,NA,NA
python.exe,22256,0x0,Other,-1,0,0,Composed: Copy with GPU GDI,2026-8-20 19:20:29.751561300,11.9033,11.9033,0.0000,0.0640,12.2458,1.9398,10.3060,NA,NA,NA,NA,NA,NA,NA
python.exe,22256,0x0,Other,-1,0,0,Composed: Copy with GPU GDI,2026-8-20 19:20:29.763464600,1.3632,1.3632,0.0000,0.4164,1.1451,0.4936,0.6515,NA,NA,NA,NA,NA,NA,NA
python.exe,22256,0x0,Other,0,0,1,Hardware: Legacy Flip,2026-8-20 19:20:29.764827800,0.2707,0.2707,0.0000,0.1983,0.2237,0.2237,0.0000,1.8101,11.0746,0.0822,11304.4172,NA,NA,NA
python.exe,22256,0x0,Other,-1,0,0,Composed: Copy with GPU GDI,2026-8-20 19:20:29.765098500,6.7823,6.7823,0.0000,0.1513,6.7522,1.6960,5.0562,NA,NA,NA,NA,NA,NA,NA
python.exe,22256,0x0,Other,-1,0,0,Composed: Copy with GPU GDI,2026-8-20 19:20:29.771880800,1.5853,1.5853,0.0000,0.1249,1.6217,0.2762,1.3455,NA,NA,NA,NA,NA,NA,NA
python.exe,22256,0x0,Other,0,0,1,Hardware: Legacy Flip,2026-8-20 19:20:29.773466100,2.7696,2.7696,0.0000,0.1647,2.6230,0.0704,2.5526,4.2464,17.1248,-2.4363,11313.0555,NA,NA,NA
python.exe,22256,0x0,Other,-1,0,0,Composed: Copy with GPU GDI,2026-8-20 19:20:29.776235700,6.8450,6.8450,0.0000,0.0181,6.9822,1.7303,5.2519,NA,NA,NA,NA,NA,NA,NA
python.exe,22256,0x0,Other,-1,0,0,Composed: Copy with GPU GDI,2026-8-20 19:20:29.783080700,3.1655,3.1655,0.0000,0.1589,3.5769,0.6823,2.8946,11.7566,3.1071,-7.5102,11322.6701,NA,NA,NA
python.exe,22256,0x0,Other,-1,0,0,Composed: Copy with GPU GDI,2026-8-20 19:20:29.786246200,9.6558,9.6558,0.0000,0.5766,9.4348,0.6171,8.8177,NA,NA,NA,NA,NA,NA,NA
python.exe,22256,0x0,Other,0,0,1,Hardware: Legacy Flip,2026-8-20 19:20:29.795902000,0.3815,0.3815,0.0000,0.3556,0.0984,0.0984,0.0000,2.0424,9.1515,9.7142,11335.4914,NA,NA,NA
python.exe,22256,0x0,Other,-1,0,0,Composed: Copy with GPU GDI,2026-8-20 19:20:29.796283500,2.7668,2.7668,0.0000,0.0725,3.0155,1.8277,1.1878,10.8124,10.9256,-8.7700,11335.8729,NA,NA,NA
python.exe,22256,0x0,Other,-1,0,0,Composed: Copy with GPU GDI,2026-8-20 19:20:29.799050300,7.1645,7.1645,0.0000,0.3238,7.0456,0.3682,6.6774,NA,NA,NA,NA,NA,NA,NA
python.exe,22256,0x0,Other,-1,0,0,Composed: Copy with GPU GDI,2026-8-20 19:20:29.806214800,5.2317,5.2317,0.0000,0.2566,5.1461,0.6152,4.5309,NA,NA,NA,NA,NA,NA,NA
python.exe,22256,0x0,Other,-1,0,0,Composed: Copy with GPU GDI,2026-8-20 19:20:29.811446500,5.0820,5.0820,0.0000,0.1738,5.0458,0.2582,4.7876,NA,NA,NA,NA,NA,NA,NA
python.exe,22256,0x0,Other,0,0,1,Hardware: Legacy Flip,2026-8-20 19:20:29.816528500,0.1919,0.1919,0.0000,0.1376,0.1695,0.1695,0.0000,1.4930,14.0610,9.3194,11356.1179,NA,NA,NA
python.exe,22256,0x0,Other,-1,0,0,Composed: Copy with GPU GDI,2026-8-20 19:20:29.816720400,12.4406,12.4406,0.0000,0.1152,12.4900,1.3879,11.1021,NA,NA,NA,NA,NA,NA,NA
python.exe,22256,0x0,Other,-1,0,0,Composed: Copy with GPU GDI,2026-8-20 19:20:29.829161000,1.4410,1.4410,0.0000,0.1680,1.4849,0.3370,1.1479,NA,NA,NA,NA,NA,NA,NA
python.exe,22256,0x0,Other,0,0,1,Hardware: Legacy Flip,2026-8-20 19:20:29.830602000,0.2376,0.2376,0.0000,0.2119,0.0904,0.0904,0.0000,1.4805,13.3105,0.0125,11370.1914,NA,NA,NA
python.exe,22256,0x0,Other,-1,0,0,Composed: Copy with GPU GDI,2026-8-20 19:20:29.830839600,8.1938,8.1938,0.0000,0.0647,8.2339,1.3494,6.8845,NA,NA,NA,NA,NA,NA,NA
python.exe,22256,0x0,Other,-1,0,0,Composed: Copy with GPU GDI,2026-8-20 19:20:29.839033400,1.9974,1.9974,0.0000,0.1164,2.5038,0.8518,1.6520,NA,NA,NA,NA,NA,NA,NA
python.exe,22256,0x0,Other,0,0,1,Hardware: Legacy Flip,2026-8-20 19:20:29.841030800,3.2933,3.2933,0.0000,0.6292,2.7415,0.2099,2.5316,4.3622,16.1678,-2.8817,11380.6202,NA,NA,NA
python.exe,22256,0x0,Other,-1,0,0,Composed: Copy with GPU GDI,2026-8-20 19:20:29.844324100,7.8386,7.8386,0.0000,0.0774,8.0564,1.3782,6.6782,17.2367,3.1608,-12.8745,11383.9135,NA,NA,NA
python.exe,22256,0x0,Other,0,0,1,Hardware: Legacy Flip,2026-8-20 19:20:29.852162700,11.3181,11.3181,0.0000,0.2995,11.0826,0.1291,10.9535,12.5589,8.9797,4.6778,11391.7521,NA,NA,NA
python.exe,22256,0x0,Other,-1,0,0,Composed: Copy with GPU GDI,2026-8-20 19:20:29.863480800,0.2569,0.2569,0.0000,0.0640,1.2233,1.2233,0.0000,10.2205,4.6997,2.3384,11403.0702,NA,NA,NA
python.exe,22256,0x0,Other,-1,0,0,Composed: Copy with GPU GDI,2026-8-20 19:20:29.863737700,9.5238,9.5238,0.0000,1.0339,8.7767,0.4542,8.3225,NA,NA,NA,NA,NA,NA,NA
python.exe,22256,0x0,Other,0,0,1,Hardware: Legacy Flip,2026-8-20 19:20:29.873261500,3.3760,3.3760,0.0000,0.2929,3.1100,0.0976,3.0124,5.1395,13.5151,5.0810,11412.8509,NA,NA,NA
python.exe,22256,0x0,Other,-1,0,0,Composed: Copy with GPU GDI,2026-8-20 19:20:29.876637500,0.4203,0.4203,0.0000,0.0269,0.5550,0.5550,0.0000,15.2786,4.7317,-10.1391,11416.2269,NA,NA,NA
python.exe,22256,0x0,Other,-1,0,0,Composed: Copy with GPU GDI,2026-8-20 19:20:29.877057800,6.7078,6.7078,0.0000,0.1616,6.7193,1.4178,5.3015,NA,NA,NA,NA,NA,NA,NA
python.exe,22256,0x0,Other,-1,0,0,Composed: Copy with GPU GDI,2026-8-20 19:20:29.883765600,5.5157,5.5157,0.0000,0.1764,5.8888,0.8076,5.0812,NA,NA,NA,NA,NA,NA,NA
python.exe,22256,0x0,Other,0,0,1,Hardware: Legacy Flip,2026-8-20 19:20:29.889281300,6.0579,6.0579,0.0000,0.5546,5.5639,0.1277,5.4362,7.3665,13.6322,7.9121,11428.8707,NA,NA,NA
python.exe,22256,0x0,Other,-1,0,0,Composed: Copy with GPU GDI,2026-8-20 19:20:29.895339200,1.0367,1.0367,0.0000,0.0606,1.8197,1.8197,0.0000,14.9408,5.8920,-7.5743,11434.9286,NA,NA,NA
python.exe,22256,0x0,Other,-1,0,0,Composed: Copy with GPU GDI,2026-8-20 19:20:29.896375900,8.9227,8.9227,0.0000,0.8469,8.1853,0.2726,7.9127,NA,NA,NA,NA,NA,NA,NA
python.exe,22256,0x0,Other,-1,0,0,Composed: Copy with GPU GDI,2026-8-20 19:20:29.905298600,1.5204,1.5204,0.0000,0.1136,1.5933,0.3458,1.2475,10.8734,3.0048,4.0674,11444.8880,NA,NA,NA
python.exe,22256,0x0,Other,-1,0,0,Composed: Copy with GPU GDI,2026-8-20 19:20:29.906819000,11.0029,11.0029,0.0000,11.2685,0.9025,0.9025,0.0000,NA,NA,NA,NA,NA,NA,NA
python.exe,22256,0x0,Other,0,0,1,Hardware: Legacy Flip,2026-8-20 19:20:29.917821900,0.1825,0.1825,0.0000,0.0000,11.0781,0.5653,10.5128,1.3549,9.1390,9.5185,11457.4113,NA,NA,NA
python.exe,22256,0x0,Other,-1,0,0,Composed: Copy with GPU GDI,2026-8-20 19:20:29.918004400,1.6763,1.6763,0.0000,0.9856,0.9395,0.5307,0.4088,10.3114,0.6108,-8.9565,11457.5938,NA,NA,NA
python.exe,22256,0x0,Other,0,0,1,Hardware: Legacy Flip,2026-8-20 19:20:29.919680700,7.8880,7.8880,0.0000,0.2542,7.6522,0.0689,7.5833,9.2459,11.5356,1.0655,11459.2701,NA,NA,NA
python.exe,22256,0x0,Other,-1,0,0,Composed: Copy with GPU GDI,2026-8-20 19:20:29.927568700,1.7663,1.7663,0.0000,0.0184,1.9095,1.6653,0.2442,NA,NA,NA,NA,NA,NA,NA
python.exe,22256,0x0,Other,-1,0,0,Composed: Copy with GPU GDI,2026-8-20 19:20:29.929335000,3.4015,3.4015,0.0000,0.1678,3.4394,0.3254,3.1140,11.1272,4.7970,-1.8813,11468.9244,NA,NA,NA
python.exe,22256,0x0,Other,-1,0,0,Composed: Copy with GPU GDI,2026-8-20 19:20:29.932736500,7.1622,7.1622,0.0000,0.2094,7.9374,1.1274,6.8100,NA,NA,NA,NA,NA,NA,NA
python.exe,22256,0x0,Other,0,0,1,Hardware: Legacy Flip,2026-8-20 19:20:29.939898700,3.8304,3.8304,0.0000,0.9913,2.9515,0.2347,2.7168,5.3605,7.6598,5.7667,11479.4881,NA,NA,NA
python.exe,22256,0x0,Other,-1,0,0,Composed: Copy with GPU GDI,2026-8-20 19:20:29.943729100,0.6596,0.6596,0.0000,0.1124,1.6876,1.6876,0.0000,9.1899,10.3725,-3.8294,11483.3185,NA,NA,NA
python.exe,22256,0x0,Other,-1,0,0,Composed: Copy with GPU GDI,2026-8-20 19:20:29.944388700,6.9628,6.9628,0.0000,1.1431,6.2332,0.5829,5.6503,NA,NA,NA,NA,NA,NA,NA
python.exe,22256,0x0,Other,-1,0,0,Composed: Copy with GPU GDI,2026-8-20 19:20:29.951351500,9.9624,9.9624,0.0000,0.4170,9.9294,0.5651,9.3643,NA,NA,NA,NA,NA,NA,NA
python.exe,22256,0x0,Other,0,0,1,Hardware: Legacy Flip,2026-8-20 19:20:29.961313900,0.4525,0.4525,0.0000,0.3876,0.1201,0.0959,0.0242,1.9776,7.4688,7.2123,11500.9033,NA,NA,NA
python.exe,22256,0x0,Other,-1,0,0,Composed: Copy with GPU GDI,2026-8-20 19:20:29.961766400,0.3786,0.3786,0.0000,0.0552,1.5270,1.5270,0.0000,8.9939,6.2399,-7.0163,11501.3558,NA,NA,NA
python.exe,22256,0x0,Other,-1,0,0,Composed: Copy with GPU GDI,2026-8-20 19:20:29.962145000,11.3391,11.3391,0.0000,1.2432,10.3463,0.4182,9.9281,NA,NA,NA,NA,NA,NA,NA
python.exe,22256,0x0,Other,-1,0,0,Composed: Copy with GPU GDI,2026-8-20 19:20:29.973484100,0.9367,0.9367,0.0000,0.2534,1.0971,0.5251,0.5720,NA,NA,NA,NA,NA,NA,NA
python.exe,22256,0x0,Other,0,0,1,Hardware: Legacy Flip,2026-8-20 19:20:29.974420800,1.1064,1.1064,0.0000,0.4180,0.7610,0.1194,0.6416,2.5794,18.0365,6.4145,11514.0102,NA,NA,NA
python.exe,22256,0x0,Other,-1,0,0,Composed: Copy with GPU GDI,2026-8-20 19:20:29.975527200,9.7339,9.7339,0.0000,0.0726,9.8708,1.8487,8.0221,NA,NA,NA,NA,NA,NA,NA
python.exe,22256,0x0,Other,-1,0,0,Composed: Copy with GPU GDI,2026-8-20 19:20:29.985261100,0.7576,0.7576,0.0000,0.2135,0.6516,0.2032,0.4484,9.7756,5.2394,-7.1962,11524.8505,NA,NA,NA
python.exe,22256,0x0,Other,0,0,1,Hardware: Legacy Flip,2026-8-20 19:20:29.986018700,12.6615,12.6615,0.0000,0.1110,12.6129,0.1280,12.4849,14.2574,6.8754,-4.4818,11525.6081,NA,NA,NA
python.exe,22256,0x0,Other,-1,0,0,Composed: Copy with GPU GDI,2026-8-20 19:20:29.998680200,0.3262,0.3262,0.0000,0.0624,0.4212,0.4212,0.0000,8.4713,10.6781,5.7861,11538.2696,NA,NA,NA
python.exe,22256,0x0,Other,-1,0,0,Composed: Copy with GPU GDI,2026-8-20 19:20:29.999006400,7.7373,7.7373,0.0000,0.1574,7.7094,1.4315,6.2779,NA,NA,NA,NA,NA,NA,NA
python.exe,22256,0x0,Other,-1,0,0,Composed: Copy with GPU GDI,2026-8-20 19:20:30.006743700,4.0017,4.0017,0.0000,0.1320,4.0249,0.3239,3.7010,NA,NA,NA,NA,NA,NA,NA
python.exe,22256,0x0,Other,0,0,1,Hardware: Legacy Flip,2026-8-20 19:20:30.010745400,5.7575,5.7575,0.0000,0.1596,5.6602,0.1158,5.5444,7.0842,12.8975,1.3871,11550.3348,NA,NA,NA
python.exe,22256,0x0,Other,-1,0,0,Composed: Copy with GPU GDI,2026-8-20 19:20:30.016502900,0.6835,0.6835,0.0000,0.0623,1.4561,1.4561,0.0000,NA,NA,NA,NA,NA,NA,NA
python.exe,22256,0x0,Other,-1,0,0,Composed: Copy with GPU GDI,2026-8-20 19:20:30.017186400,8.8784,8.8784,0.0000,0.8651,8.7607,1.0054,7.7553,NA,NA,NA,NA,NA,NA,NA
python.exe,22256,0x0,Other,0,0,1,Hardware: Legacy Flip,2026-8-20 19:20:30.026064800,3.2229,3.2229,0.0000,0.7553,2.4993,0.1101,2.3892,4.6623,6.7967,2.4219,11565.6542,NA,NA,NA
python.exe,22256,0x0,Other,-1,0,0,Composed: Copy with GPU GDI,2026-8-20 19:20:30.029287700,1.6180,1.6180,0.0000,0.0317,1.9987,1.9162,0.0825,8.2361,12.0933,-3.5738,11568.8771,NA,NA,NA
python.exe,22256,0x0,Other,-1,0,0,Composed: Copy with GPU GDI,2026-8-20 19:20:30.030905700,8.9794,8.9794,0.0000,0.4163,8.9477,0.5625,8.3852,NA,NA,NA,NA,NA,NA,NA
python.exe,22256,0x0,Other,-1,0,0,Composed: Copy with GPU GDI,2026-8-20 19:20:30.039885100,1.2680,1.2680,0.0000,0.3904,0.9816,0.2628,0.7188,9.7320,3.8886,-1.4959,11579.4745,NA,NA,NA
python.exe,22256,0x0,Other,0,0,1,Hardware: Legacy Flip,2026-8-20 19:20:30.041153100,11.2195,11.2195,0.0000,0.1069,11.2526,0.1911,11.0615,12.3526,8.2467,-2.6206,11580.7425,NA,NA,NA
python.exe,22256,0x0,Other,-1,0,0,Composed: Copy with GPU GDI,2026-8-20 19:20:30.052372600,0.5098,0.5098,0.0000,0.1400,1.5964,1.5964,0.0000,9.3798,1.8440,2.9728,11591.9620,NA,NA,NA
python.exe,22256,0x0,Other,-1,0,0,Composed: Copy with GPU GDI,2026-8-20 19:20:30.052882400,8.7806,8.7806,0.0000,1.2300,7.8639,0.5058,7.3581,NA,NA,NA,NA,NA,NA,NA
python.exe,22256,0x0,Other,0,0,1,Hardware: Legacy Flip,2026-8-20 19:20:30.061663000,0.3359,0.3359,0.0000,0.3133,0.0415,0.0415,0.0000,1.9334,10.3284,7.4464,11601.2524,NA,NA,NA
python.exe,22256,0x0,Other,-1,0,0,Composed: Copy with GPU GDI,2026-8-20 19:20:30.061998900,2.5516,2.5516,0.0000,0.0189,2.7260,1.8288,0.8972,11.9259,11.1420,-9.9925,11601.5883,NA,NA,NA
python.exe,22256,0x0,Other,-1,0,0,Composed: Copy with GPU GDI,2026-8-20 19:20:30.064550500,9.3038,9.3038,0.0000,0.1998,9.8384,0.9142,8.9242,NA,NA,NA,NA,NA,NA,NA
python.exe,22256,0x0,Other,-1,0,0,Composed: Copy with GPU GDI,2026-8-20 19:20:30.073854300,3.9839,3.9839,0.0000,0.7404,3.3673,0.2796,3.0877,NA,NA,NA,NA,NA,NA,NA
python.exe,22256,0x0,Other,0,0,1,Hardware: Legacy Flip,2026-8-20 19:20:30.077838200,6.0319,6.0319,0.0000,0.1289,5.9784,0.1403,5.8381,7.2286,11.6242,4.6973,11617.4276,NA,NA,NA
python.exe,22256,0x0,Other,-1,0,0,Composed: Copy with GPU GDI,2026-8-20 19:20:30.083870100,1.2402,1.2402,0.0000,0.0754,1.5846,1.5846,0.0000,NA,NA,NA,NA,NA,NA,NA
python.exe,22256,0x0,Other,-1,0,0,Composed: Copy with GPU GDI,2026-8-20 19:20:30.085110300,9.2811,9.2811,0.0000,0.4247,9.0825,0.3492,8.7333,NA,NA,NA,NA,NA,NA,NA
python.exe,22256,0x0,Other,0,0,1,Hardware: Legacy Flip,2026-8-20 19:20:30.094391400,0.9911,0.9911,0.0000,0.2291,0.7922,0.1129,0.6793,2.2996,7.5169,4.9290,11633.9808,NA,NA,NA
python.exe,22256,0x0,Other,-1,0,0,Composed: Copy with GPU GDI,2026-8-20 19:20:30.095382500,0.7243,0.7243,0.0000,0.0302,1.8470,1.8470,0.0000,8.8254,6.7576,-6.5258,11634.9719,NA,NA,NA
python.exe,22256,0x0,Other,-1,0,0,Composed: Copy with GPU GDI,2026-8-20 19:20:30.096106800,8.8084,8.8084,0.0000,1.1579,7.8248,0.3656,7.4592,NA,NA,NA,NA,NA,NA,NA
python.exe,22256,0x0,Other,-1,0,0,Composed: Copy with GPU GDI,2026-8-20 19:20:30.104915200,2.5921,2.5921,0.0000,0.1781,2.5121,0.2850,2.2271,NA,NA,NA,NA,NA,NA,NA
python.exe,22256,0x0,Other,0,0,1,Hardware: Legacy Flip,2026-8-20 19:20:30.107507300,1.9011,1.9011,0.0000,0.1028,1.8864,0.1829,1.7035,3.4582,17.5153,5.3672,11647.0967,NA,NA,NA
python.exe,22256,0x0,Other,-1,0,0,Composed: Copy with GPU GDI,2026-8-20 19:20:30.109408400,8.2195,8.2195,0.0000,0.0881,8.3324,1.7104,6.6220,NA,NA,NA,NA,NA,NA,NA
python.exe,22256,0x0,Other,-1,0,0,Composed: Copy with GPU GDI,2026-8-20 19:20:30.117627900,3.2830,3.2830,0.0000,0.2051,3.3491,0.4905,2.8586,10.8529,3.4403,-7.3947,11657.2173,NA,NA,NA
python.exe,22256,0x0,Other,-1,0,0,Composed: Copy with GPU GDI,2026-8-20 19:20:30.120910900,8.4944,8.4944,0.0000,0.2740,8.4063,0.5476,7.8587,NA,NA,NA,NA,NA,NA,NA
python.exe,22256,0x0,Other,0,0,1,Hardware: Legacy Flip,2026-8-20 19:20:30.129405300,1.1986,1.1986,0.0000,0.1904,1.1274,0.1929,0.9345,2.5158,8.7012,8.3371,11668.9947,NA,NA,NA
python.exe,22256,0x0,Other,-1,0,0,Composed: Copy with GPU GDI,2026-8-20 19:20:30.130603900,0.9102,0.9102,0.0000,0.1192,1.3423,1.3423,0.0000,10.0184,4.7321,-7.5026,11670.1933,NA,NA,NA
python.exe,22256,0x0,Other,-1,0,0,Composed: Copy with GPU GDI,2026-8-20 19:20:30.131514100,7.0837,7.0837,0.0000,0.5552,6.7836,0.5360,6.2476,NA,NA,NA,NA,NA,NA,NA
python.exe,22256,0x0,Other,-1,0,0,Composed: Copy with GPU GDI,2026-8-20 19:20:30.138597800,5.2664,5.2664,0.0000,5.4048,0.2531,0.2531,0.0000,NA,NA,NA,NA,NA,NA,NA
python.exe,22256,0x0,Other,0,0,1,Hardware: Legacy Flip,2026-8-20 19:20:30.143864200,0.1196,0.1196,0.0000,0.0000,5.1471,0.2927,4.8544,1.4902,17.8318,8.5282,11683.4536,NA,NA,NA
python.exe,22256,0x0,Other,-1,0,0,Composed: Copy with GPU GDI,2026-8-20 19:20:30.143983800,8.0997,8.0997,0.0000,0.2719,8.1436,1.4847,6.6589,NA,NA,NA,NA,NA,NA,NA
python.exe,22256,0x0,Other,-1,0,0,Composed: Copy with GPU GDI,2026-8-20 19:20:30.152083500,3.6810,3.6810,0.0000,0.3201,4.0165,0.8116,3.2049,NA,NA,NA,NA,NA,NA,NA
python.exe,22256,0x0,Other,0,0,1,Hardware: Legacy Flip,2026-8-20 19:20:30.155764500,6.2998,6.2998,0.0000,0.6592,5.7153,0.1323,5.5830,7.4217,13.8420,-5.9315,11695.3539,NA,NA,NA
python.exe,22256,0x0,Other,-1,0,0,Composed: Copy with GPU GDI,2026-8-20 19:20:30.162064300,1.3034,1.3034,0.0000,0.0747,1.5992,1.4356,0.1636,14.9639,1.1937,-7.5422,11701.6537,NA,NA,NA
python.exe,22256,0x0,Other,-1,0,0,Composed: Copy with GPU GDI,2026-8-20 19:20:30.163367700,9.0493,9.0493,0.0000,0.3732,8.9227,0.4089,8.5138,NA,NA,NA,NA,NA,NA,NA
python.exe,22256,0x0,Other,-1,0,0,Composed: Copy with GPU GDI,2026-8-20 19:20:30.172417000,2.0748,2.0748,0.0000,0.2493,2.0733,0.4135,1.6598,NA,NA,NA,NA,NA,NA,NA
python.exe,22256,0x0,Other,0,0,1,Hardware: Legacy Flip,2026-8-20 19:20:30.174491800,2.5535,2.5535,0.0000,0.2506,2.4321,0.1803,2.2518,3.7301,17.0598,11.2338,11714.0812,NA,NA,NA
python.exe,22256,0x0,Other,-1,0,0,Composed: Copy with GPU GDI,2026-8-20 19:20:30.177045300,8.7179,8.7179,0.0000,0.1292,8.8067,1.2691,7.5376,18.2364,2.0772,-14.5063,11716.6347,NA,NA,NA
python.exe,22256,0x0,Other,-1,0,0,Composed: Copy with GPU GDI,2026-8-20 19:20:30.185763200,9.8950,9.8950,0.0000,10.3525,0.1090,0.1090,0.0000,NA,NA,NA,NA,NA,NA,NA
python.exe,22256,0x0,Other,0,0,1,Hardware: Legacy Flip,2026-8-20 19:20:30.195658200,0.3959,0.3959,0.0000,0.0000,10.1167,0.5984,9.5183,1.7007,9.9914,16.5357,11735.2476,NA,NA,NA
python.exe,22256,0x0,Other,-1,0,0,Composed: Copy with GPU GDI,2026-8-20 19:20:30.196054100,2.5564,2.5564,0.0000,0.1706,2.7659,1.5540,1.2119,11.2962,10.6537,-9.5955,11735.6435,NA,NA,NA
python.exe,22256,0x0,Other,-1,0,0,Composed: Copy with GPU GDI,2026-8-20 19:20:30.198610500,7.8242,7.8242,0.0000,0.3840,8.1177,0.8107,7.3070,NA,NA,NA,NA,NA,NA,NA
python.exe,22256,0x0,Other,-1,0,0,Composed: Copy with GPU GDI,2026-8-20 19:20:30.206434700,5.0496,5.0496,0.0000,0.6809,4.6528,0.4369,4.2159,NA,NA,NA,NA,NA,NA,NA
python.exe,22256,0x0,Other,0,0,1,Hardware: Legacy Flip,2026-8-20 19:20:30.211484300,5.3733,5.3733,0.0000,0.2918,5.1251,0.0904,5.0347,6.5197,13.1562,4.7765,11751.0737,NA,NA,NA
python.exe,22256,0x0,Other,-1,0,0,Composed: Copy with GPU GDI,2026-8-20 19:20:30.216857600,0.1982,0.1982,0.0000,0.0436,1.1416,1.1416,0.0000,NA,NA,NA,NA,NA,NA,NA
python.exe,22256,0x0,Other,-1,0,0,Composed: Copy with GPU GDI,2026-8-20 19:20:30.217055800,4.7424,4.7424,0.0000,0.9908,3.9176,0.2865,3.6311,NA,NA,NA,NA,NA,NA,NA
python.exe,22256,0x0,Other,0,0,1,Hardware: Legacy Flip,2026-8-20 19:20:30.221798200,8.1662,8.1662,0.0000,0.1683,8.0267,0.1199,7.9068,9.3620,12.6533,-2.8423,11761.3876,NA,NA,NA
python.exe,22256,0x0,Other,-1,0,0,Composed: Copy with GPU GDI,2026-8-20 19:20:30.229964400,0.2548,0.2548,0.0000,0.0288,1.2407,1.2407,0.0000,13.8491,1.8206,-4.4871,11769.5538,NA,NA,NA
python.exe,22256,0x0,Other,-1,0,0,Composed: Copy with GPU GDI,2026-8-20 19:20:30.230219200,7.9589,7.9589,0.0000,1.0187,7.2729,0.5124,6.7605,NA,NA,NA,NA,NA,NA,NA
python.exe,22256,0x0,Other,-1,0,0,Composed: Copy with GPU GDI,2026-8-20 19:20:30.238178100,2.9784,2.9784,0.0000,0.3373,2.9594,0.5308,2.4286,NA,NA,NA,NA,NA,NA,NA
python.exe,22256,0x0,Other,0,0,1,Hardware: Legacy Flip,2026-8-20 19:20:30.241156500,3.3843,3.3843,0.0000,0.3222,3.1006,0.1342,2.9664,4.4776,16.3570,9.3715,11780.7459,NA,NA,NA
python.exe,22256,0x0,Other,-1,0,0,Composed: Copy with GPU GDI,2026-8-20 19:20:30.244540800,5.1960,5.1960,0.0000,0.0385,5.6582,1.7503,3.9079,NA,NA,NA,NA,NA,NA,NA
python.exe,22256,0x0,Other,-1,0,0,Composed: Copy with GPU GDI,2026-8-20 19:20:30.249736800,3.7887,3.7887,0.0000,0.5047,3.4430,0.2777,3.1653,12.2543,0.7014,-7.7767,11789.3262,NA,NA,NA
python.exe,22256,0x0,Other,0,0,1,Hardware: Legacy Flip,2026-8-20 19:20:30.253525500,8.0661,8.0661,0.0000,0.1612,7.9878,0.4043,7.5835,9.1670,11.4589,3.0873,11793.1149,NA,NA,NA
python.exe,22256,0x0,Other,-1,0,0,Composed: Copy with GPU GDI,2026-8-20 19:20:30.261591600,1.8008,1.8008,0.0000,0.0829,1.9256,1.2907,0.6349,NA,NA,NA,NA,NA,NA,NA
python.exe,22256,0x0,Other,-1,0,0,Composed: Copy with GPU GDI,2026-8-20 19:20:30.263392400,1.3182,1.3182,0.0000,0.2116,1.2217,0.3196,0.9021,10.7590,3.4314,-1.5920,11802.9818,NA,NA,NA
python.exe,22256,0x0,Other,-1,0,0,Composed: Copy with GPU GDI,2026-8-20 19:20:30.264710600,8.7542,8.7542,0.0000,0.1184,8.8103,0.2864,8.5239,NA,NA,NA,NA,NA,NA,NA
python.exe,22256,0x0,Other,0,0,1,Hardware: Legacy Flip,2026-8-20 19:20:30.273464800,2.9263,2.9263,0.0000,0.1773,2.8062,0.1156,2.6906,4.1180,14.8610,6.6410,11813.0542,NA,NA,NA
python.exe,22256,0x0,Other,-1,0,0,Composed: Copy with GPU GDI,2026-8-20 19:20:30.276391100,0.7948,0.7948,0.0000,0.0572,1.7142,1.7142,0.0000,16.0527,4.7557,-11.9347,11815.9805,NA,NA,NA
python.exe,22256,0x0,Other,-1,0,0,Composed: Copy with GPU GDI,2026-8-20 19:20:30.277185900,8.1924,8.1924,0.0000,0.9851,7.2887,0.2079,7.0808,NA,NA,NA,NA,NA,NA,NA
python.exe,22256,0x0,Other,-1,0,0,Composed: Copy with GPU GDI,2026-8-20 19:20:30.285378300,9.1454,9.1454,0.0000,0.0849,9.4189,0.5460,8.8729,NA,NA,NA,NA,NA,NA,NA
python.exe,22256,0x0,Other,0,0,1,Hardware: Legacy Flip,2026-8-20 19:20:30.294523700,1.6699,1.6699,0.0000,0.3685,1.4128,0.2272,1.1856,2.6758,7.2684,13.3769,11834.1131,NA,NA,NA
python.exe,22256,0x0,Other,-1,0,0,Composed: Copy with GPU GDI,2026-8-20 19:20:30.296193600,0.2843,0.2843,0.0000,0.1114,1.4814,1.4814,0.0000,8.2743,12.0896,-5.5985,11835.7830,NA,NA,NA
python.exe,22256,0x0,Other,-1,0,0,Composed: Copy with GPU GDI,2026-8-20 19:20:30.296477900,12.2691,12.2691,0.0000,1.3111,11.1085,0.3587,10.7498,NA,NA,NA,NA,NA,NA,NA
python.exe,22256,0x0,Other,-1,0,0,Composed: Copy with GPU GDI,2026-8-20 19:20:30.308747000,0.6563,0.6563,0.0000,0.1530,0.6779,0.3051,0.3728,7.8105,2.3689,0.4638,11848.3364,NA,NA,NA
python.exe,22256,0x0,Other,-1,0,0,Composed: Copy with GPU GDI,2026-8-20 19:20:30.309403300,7.1592,7.1592,0.0000,0.1792,7.3267,0.4901,6.8366,NA,NA,NA,NA,NA,NA,NA
python.exe,22256,0x0,Other,0,0,1,Hardware: Legacy Flip,2026-8-20 19:20:30.316562500,1.0991,1.0991,0.0000,0.3541,0.8033,0.1289,0.6744,2.3639,9.7634,5.4466,11856.1519,NA,NA,NA
python.exe,22256,0x0,Other,-1,0,0,Composed: Copy with GPU GDI,2026-8-20 19:20:30.317661600,1.2021,1.2021,0.0000,0.0583,1.4854,1.4854,0.0000,11.0282,1.6997,-8.6643,11857.2510,NA,NA,NA
python.exe,22256,0x0,Other,-1,0,0,Composed: Copy with GPU GDI,2026-8-20 19:20:30.318863700,9.5343,9.5343,0.0000,10.0442,0.0370,0.0370,0.0000,NA,NA,NA,NA,NA,NA,NA
python.exe,22256,0x0,Other,0,0,1,Hardware: Legacy Flip,2026-8-20 19:20:30.328398000,0.4731,0.4731,0.0000,0.0000,9.6979,0.6764,9.0215,1.9915,10.4479,9.0367,11867.9874,NA,NA,NA
python.exe,22256,0x0,Other,-1,0,0,Composed: Copy with GPU GDI,2026-8-20 19:20:30.328871100,2.8471,2.8471,0.0000,0.0738,3.1960,2.1229,1.0731,11.9663,10.7251,-9.9748,11868.4605,NA,NA,NA
python.exe,22256,0x0,Other,-1,0,0,Composed: Copy with GPU GDI,2026-8-20 19:20:30.331718200,8.0724,8.0724,0.0000,0.4260,7.7220,0.2021,7.5199,NA,NA,NA,NA,NA,NA,NA
python.exe,22256,0x0,Other,-1,0,0,Composed: Copy with GPU GDI,2026-8-20 19:20:30.339790600,9.9988,9.9988,0.0000,0.0790,10.1100,0.3614,9.7486,NA,NA,NA,NA,NA,NA,NA
python.exe,22256,0x0,Other,0,0,1,Hardware: Legacy Flip,2026-8-20 19:20:30.349789400,0.5942,0.5942,0.0000,0.1924,0.4515,0.1198,0.3317,1.7731,7.4389,10.1932,11889.3788,NA,NA,NA
python.exe,22256,0x0,Other,-1,0,0,Composed: Copy with GPU GDI,2026-8-20 19:20:30.350383600,0.4402,0.4402,0.0000,0.0497,1.7085,1.7085,0.0000,8.6178,4.9471,-6.8447,11889.9730,NA,NA,NA
python.exe,22256,0x0,Other,-1,0,0,Composed: Copy with GPU GDI,2026-8-20 19:20:30.350823800,10.3174,10.3174,0.0000,1.3241,9.6495,0.8258,8.8237,NA,NA,NA,NA,NA,NA,NA
python.exe,22256,0x0,Other,-1,0,0,Composed: Copy with GPU GDI,2026-8-20 19:20:30.361141200,1.1972,1.1972,0.0000,0.6624,0.6639,0.2261,0.4378,NA,NA,NA,NA,NA,NA,NA
python.exe,22256,0x0,Other,0,0,1,Hardware: Legacy Flip,2026-8-20 19:20:30.362338400,0.1569,0.1569,0.0000,0.1291,0.0468,0.0468,0.0000,1.6101,19.3792,7.0077,11901.9278,NA,NA,NA
python.exe,22256,0x0,Other,-1,0,0,Composed: Copy with GPU GDI,2026-8-20 19:20:30.362495300,9.8234,9.8234,0.0000,0.0190,10.1023,1.7984,8.3039,NA,NA,NA,NA,NA,NA,NA
python.exe,22256,0x0,Other,-1,0,0,Composed: Copy with GPU GDI,2026-8-20 19:20:30.372318700,2.9432,2.9432,0.0000,0.3028,3.0912,0.5621,2.5291,11.0090,1.1474,-9.3989,11911.9081,NA,NA,NA
python.exe,22256,0x0,Other,0,0,1,Hardware: Legacy Flip,2026-8-20 19:20:30.375261900,7.9834,7.9834,0.0000,0.4541,7.7105,0.2824,7.4281,9.2132,10.9283,1.7958,11914.8513,NA,NA,NA
python.exe,22256,0x0,Other,-1,0,0,Composed: Copy with GPU GDI,2026-8-20 19:20:30.383245300,0.7380,0.7380,0.0000,0.1812,1.2026,1.2026,0.0000,NA,NA,NA,NA,NA,NA,NA
python.exe,22256,0x0,Other,-1,0,0,Composed: Copy with GPU GDI,2026-8-20 19:20:30.383983300,3.0926,3.0926,0.0000,0.6498,2.6180,0.2700,2.3480,11.4201,1.1844,-2.2069,11923.5727,NA,NA,NA
python.exe,22256,0x0,Other,-1,0,0,Composed: Copy with GPU GDI,2026-8-20 19:20:30.387075900,7.7048,7.7048,0.0000,7.9479,0.5200,0.5200,0.0000,NA,NA,NA,NA,NA,NA,NA
python.exe,22256,0x0,Other,0,0,1,Hardware: Legacy Flip,2026-8-20 19:20:30.394780700,0.2270,0.2270,0.0000,0.0000,7.7691,0.3730,7.3961,1.8071,10.9623,9.6130,11934.3701,NA,NA,NA
python.exe,22256,0x0,Other,-1,0,0,Composed: Copy with GPU GDI,2026-8-20 19:20:30.395007700,3.4766,3.4766,0.0000,0.5361,3.1455,1.3132,1.8323,12.5424,11.5575,-10.7353,11934.5971,NA,NA,NA
python.exe,22256,0x0,Other,-1,0,0,Composed: Copy with GPU GDI,2026-8-20 19:20:30.398484300,8.8939,8.8939,0.0000,0.2079,9.4845,0.9624,8.5221,NA,NA,NA,NA,NA,NA,NA
python.exe,22256,0x0,Other,-1,0,0,Composed: Copy with GPU GDI,2026-8-20 19:20:30.407378200,10.0993,10.0993,0.0000,10.5059,0.1076,0.1076,0.0000,NA,NA,NA,NA,NA,NA,NA
python.exe,22256,0x0,Other,0,0,1,Hardware: Legacy Flip,2026-8-20 19:20:30.417477500,0.3439,0.3439,0.0000,0.0000,9.7017,0.5646,9.1371,1.6301,11.5931,10.9123,11957.0669,NA,NA,NA
python.exe,22256,0x0,Other,-1,0,0,Composed: Copy with GPU GDI,2026-8-20 19:20:30.417821400,0.7104,0.7104,0.0000,0.1703,1.4619,1.4619,0.0000,NA,NA,NA,NA,NA,NA,NA
python.exe,22256,0x0,Other,-1,0,0,Composed: Copy with GPU GDI,2026-8-20 19:20:30.418531800,9.1710,9.1710,0.0000,0.9245,8.9611,0.8619,8.0992,NA,NA,NA,NA,NA,NA,NA
python.exe,22256,0x0,Other,0,0,1,Hardware: Legacy Flip,2026-8-20 19:20:30.427702800,1.4620,1.4620,0.0000,0.7192,0.7638,0.0835,0.6803,2.9979,7.1958,-1.3678,11967.2922,NA,NA,NA
python.exe,22256,0x0,Other,-1,0,0,Composed: Copy with GPU GDI,2026-8-20 19:20:30.429164800,0.1870,0.1870,0.0000,0.0210,0.4107,0.4107,0.0000,8.7317,12.1197,-5.7338,11968.7542,NA,NA,NA
python.exe,22256,0x0,Other,-1,0,0,Composed: Copy with GPU GDI,2026-8-20 19:20:30.429351800,9.8878,9.8878,0.0000,0.2447,10.0635,1.6341,8.4294,NA,NA,NA,NA,NA,NA,NA
python.exe,22256,0x0,Other,-1,0,0,Composed: Copy with GPU GDI,2026-8-20 19:20:30.439239600,0.6505,0.6505,0.0000,0.4236,0.7987,0.6677,0.1310,10.7766,2.7363,-2.0449,11978.8290,NA,NA,NA
python.exe,22256,0x0,Other,0,0,1,Hardware: Legacy Flip,2026-8-20 19:20:30.439890100,11.2682,11.2682,0.0000,0.5749,10.7630,0.1299,10.6331,12.8624,9.4178,-2.0858,11979.4795,NA,NA,NA
python.exe,22256,0x0,Other,-1,0,0,Composed: Copy with GPU GDI,2026-8-20 19:20:30.451158300,0.5828,0.5828,0.0000,0.0697,1.5880,1.5880,0.0000,11.0120,2.6789,1.8504,11990.7477,NA,NA,NA
python.exe,22256,0x0,Other,-1,0,0,Composed: Copy with GPU GDI,2026-8-20 19:20:30.451741100,11.4475,11.4475,0.0000,1.0796,10.6938,0.5354,10.1584,NA,NA,NA,NA,NA,NA,NA
python.exe,22256,0x0,Other,0,0,1,Hardware: Legacy Flip,2026-8-20 19:20:30.463188600,0.5285,0.5285,0.0000,0.3288,0.2730,0.1755,0.0975,1.6606,9.5022,9.3514,12002.7780,NA,NA,NA
python.exe,22256,0x0,Other,-1,0,0,Composed: Copy with GPU GDI,2026-8-20 19:20:30.463717100,1.5437,1.5437,0.0000,0.0733,1.7315,1.3439,0.3876,10.6343,4.4250,-8.9737,12003.3065,NA,NA,NA
python.exe,22256,0x0,Other,-1,0,0,Composed: Copy with GPU GDI,2026-8-20 19:20:30.465260800,6.5613,6.5613,0.0000,0.2652,6.5398,0.3749,6.1649,NA,NA,NA,NA,NA,NA,NA
python.exe,22256,0x0,Other,0,0,1,Hardware: Legacy Flip,2026-8-20 19:20:30.471822100,5.6662,5.6662,0.0000,0.2506,5.4491,0.1353,5.3138,6.9543,13.7098,3.6800,12011.4115,NA,NA,NA
python.exe,22256,0x0,Other,-1,0,0,Composed: Copy with GPU GDI,2026-8-20 19:20:30.477488300,5.2427,5.2427,0.0000,0.0335,5.4526,1.5552,3.8974,NA,NA,NA,NA,NA,NA,NA
python.exe,22256,0x0,Other,-1,0,0,Composed: Copy with GPU GDI,2026-8-20 19:20:30.482731000,1.0099,1.0099,0.0000,0.2463,1.0639,0.4154,0.6485,9.7552,4.7058,-2.8009,12022.3204,NA,NA,NA
python.exe,22256,0x0,Other,-1,0,0,Composed: Copy with GPU GDI,2026-8-20 19:20:30.483740900,10.6160,10.6160,0.0000,0.3029,10.7923,0.6814,10.1109,NA,NA,NA,NA,NA,NA,NA
python.exe,22256,0x0,Other,-1,0,0,Composed: Copy with GPU GDI,2026-8-20 19:20:30.494356900,1.3319,1.3319,0.0000,0.4829,1.2589,0.5495,0.7094,NA,NA,NA,NA,NA,NA,NA
python.exe,22256,0x0,Other,0,0,1,Hardware: Legacy Flip,2026-8-20 19:20:30.495688800,0.3975,0.3975,0.0000,0.4099,0.1075,0.1075,0.0000,1.5032,14.8998,8.2520,12035.2782,NA,NA,NA
python.exe,22256,0x0,Other,-1,0,0,Composed: Copy with GPU GDI,2026-8-20 19:20:30.496086300,9.7292,9.7292,0.0000,0.1199,9.7660,1.2896,8.4764,NA,NA,NA,NA,NA,NA,NA
python.exe,22256,0x0,Other,-1,0,0,Composed: Copy with GPU GDI,2026-8-20 19:20:30.505815500,1.9072,1.9072,0.0000,0.1604,2.0375,0.4042,1.6333,NA,NA,NA,NA,NA,NA,NA
python.exe,22256,0x0,Other,0,0,1,Hardware: Legacy Flip,2026-8-20 19:20:30.507722700,3.1992,3.1992,0.0000,0.2929,2.9345,0.0957,2.8388,4.3691,16.8061,-2.8659,12047.3121,NA,NA,NA
python.exe,22256,0x0,Other,-1,0,0,Composed: Copy with GPU GDI,2026-8-20 19:20:30.510921900,7.8464,7.8464,0.0000,0.0282,7.9892,1.5040,6.4852,NA,NA,NA,NA,NA,NA,NA
python.exe,22256,0x0,Other,-1,0,0,Composed: Copy with GPU GDI,2026-8-20 19:20:30.518768300,2.0012,2.0012,0.0000,0.1762,1.9145,0.3170,1.5975,10.1296,0.3380,-5.7605,12058.3577,NA,NA,NA
python.exe,22256,0x0,Other,0,0,1,Hardware: Legacy Flip,2026-8-20 19:20:30.520769500,6.9952,6.9952,0.0000,0.0921,7.0188,0.2498,6.7690,8.4664,11.7863,1.6632,12060.3589,NA,NA,NA
python.exe,22256,0x0,Other,-1,0,0,Composed: Copy with GPU GDI,2026-8-20 19:20:30.527764700,1.7584,1.7584,0.0000,0.1157,1.8420,1.8420,0.0000,NA,NA,NA,NA,NA,NA,NA
python.exe,22256,0x0,Other,-1,0,0,Composed: Copy with GPU GDI,2026-8-20 19:20:30.529523100,1.6125,1.6125,0.0000,0.2053,1.7165,0.4596,1.2569,11.4991,2.0316,-3.0327,12069.1125,NA,NA,NA
python.exe,22256,0x0,Other,-1,0,0,Composed: Copy with GPU GDI,2026-8-20 19:20:30.531135600,8.7853,8.7853,0.0000,0.3124,9.1640,0.8756,8.2884,NA,NA,NA,NA,NA,NA,NA
python.exe,22256,0x0,Other,0,0,1,Hardware: Legacy Flip,2026-8-20 19:20:30.539920900,1.8170,1.8170,0.0000,0.6961,1.1940,0.1551,1.0389,3.1329,16.2412,8.3662,12079.5103,NA,NA,NA
python.exe,22256,0x0,Other,-1,0,0,Composed: Copy with GPU GDI,2026-8-20 19:20:30.541737900,1.6575,1.6575,0.0000,0.0731,2.2757,1.9693,0.3064,17.5571,6.0200,-14.4242,12081.3273,NA,NA,NA
python.exe,22256,0x0,Other,-1,0,0,Composed: Copy with GPU GDI,2026-8-20 19:20:30.543395400,7.5107,7.5107,0.0000,0.6962,7.6047,0.9818,6.6229,21.9196,0.8883,-4.3625,12082.9848,NA,NA,NA
python.exe,22256,0x0,Other,-1,0,0,Composed: Copy with GPU GDI,2026-8-20 19:20:30.550906100,12.2900,12.2900,0.0000,0.7957,11.7658,0.4604,11.3054,NA,NA,NA,NA,NA,NA,NA
python.exe,22256,0x0,Other,-1,0,0,Composed: Copy with GPU GDI,2026-8-20 19:20:30.563196100,1.3153,1.3153,0.0000,1.6779,0.0750,0.0750,0.0000,NA,NA,NA,NA,NA,NA,NA
python.exe,22256,0x0,Other,0,0,1,Hardware: Legacy Flip,2026-8-20 19:20:30.564511400,0.2940,0.2940,0.0000,0.0000,1.4029,0.5029,0.9000,1.6919,17.2754,20.2277,12104.1008,NA,NA,NA
python.exe,22256,0x0,Other,-1,0,0,Composed: Copy with GPU GDI,2026-8-20 19:20:30.564805400,7.1336,7.1336,0.0000,0.1436,7.3752,1.6367,5.7385,NA,NA,NA,NA,NA,NA,NA
python.exe,22256,0x0,Other,-1,0,0,Composed: Copy with GPU GDI,2026-8-20 19:20:30.571939000,1.7955,1.7955,0.0000,0.3899,1.5310,0.2199,1.3111,11.5397,1.3238,-9.8478,12111.5284,NA,NA,NA
python.exe,22256,0x0,Other,0,0,1,Hardware: Legacy Flip,2026-8-20 19:20:30.573734500,9.8385,9.8385,0.0000,0.1289,9.7956,0.2198,9.5758,11.0680,10.8249,0.4717,12113.3239,NA,NA,NA
python.exe,22256,0x0,Other,-1,0,0,Composed: Copy with GPU GDI,2026-8-20 19:20:30.583573000,0.5912,0.5912,0.0000,0.0860,1.7297,1.7297,0.0000,NA,NA,NA,NA,NA,NA,NA
python.exe,22256,0x0,Other,-1,0,0,Composed: Copy with GPU GDI,2026-8-20 19:20:30.584164200,1.8847,1.8847,0.0000,1.2301,0.8135,0.3205,0.4930,11.4632,1.4293,-0.3952,12123.7536,NA,NA,NA
python.exe,22256,0x0,Other,-1,0,0,Composed: Copy with GPU GDI,2026-8-20 19:20:30.586048900,9.1435,9.1435,0.0000,9.4311,0.4003,0.4003,0.0000,NA,NA,NA,NA,NA,NA,NA
python.exe,22256,0x0,Other,0,0,1,Hardware: Legacy Flip,2026-8-20 19:20:30.595192400,0.2706,0.2706,0.0000,0.0000,9.2651,0.4359,8.8292,1.8643,10.9036,9.5989,12134.7818,NA,NA,NA
python.exe,22256,0x0,Other,-1,0,0,Composed: Copy with GPU GDI,2026-8-20 19:20:30.595463000,2.6491,2.6491,0.0000,0.4173,2.4683,1.4009,1.0674,12.4973,2.2975,-10.6330,12135.0524,NA,NA,NA
python.exe,22256,0x0,Other,-1,0,0,Composed: Copy with GPU GDI,2026-8-20 19:20:30.598112100,6.6985,6.6985,0.0000,0.2404,6.5958,0.3539,6.2419,NA,NA,NA,NA,NA,NA,NA
python.exe,22256,0x0,Other,0,0,1,Hardware: Legacy Flip,2026-8-20 19:20:30.604810600,4.1296,4.1296,0.0000,0.1416,4.0309,0.1398,3.8911,5.4472,15.6883,7.0501,12144.4000,NA,NA,NA
python.exe,22256,0x0,Other,-1,0,0,Composed: Copy with GPU GDI,2026-8-20 19:20:30.608940200,1.5155,1.5155,0.0000,0.0429,1.5859,1.4132,0.1727,17.0059,4.7306,-11.5587,12148.5296,NA,NA,NA
python.exe,22256,0x0,Other,-1,0,0,Composed: Copy with GPU GDI,2026-8-20 19:20:30.610455700,6.1470,6.1470,0.0000,0.1177,6.4201,0.5782,5.8419,NA,NA,NA,NA,NA,NA,NA
python.exe,22256,0x0,Other,-1,0,0,Composed: Copy with GPU GDI,2026-8-20 19:20:30.616602700,10.6137,10.6137,0.0000,0.3946,10.3667,0.3212,10.0455,NA,NA,NA,NA,NA,NA,NA
python.exe,22256,0x0,Other,-1,0,0,Composed: Copy with GPU GDI,2026-8-20 19:20:30.627216400,1.7187,1.7187,0.0000,0.1789,2.2408,0.9961,1.2447,NA,NA,NA,NA,NA,NA,NA
python.exe,22256,0x0,Other,0,0,1,Hardware: Legacy Flip,2026-8-20 19:20:30.628935100,0.5716,0.5716,0.0000,0.7010,0.0176,0.0176,0.0000,1.7416,14.5512,15.2643,12168.5245,NA,NA,NA
python.exe,22256,0x0,Other,-1,0,0,Composed: Copy with GPU GDI,2026-8-20 19:20:30.629506700,10.5033,10.5033,0.0000,0.1470,11.1022,1.8461,9.2561,NA,NA,NA,NA,NA,NA,NA
python.exe,22256,0x0,Other,-1,0,0,Composed: Copy with GPU GDI,2026-8-20 19:20:30.640010000,0.3887,0.3887,0.0000,0.7489,0.0059,0.0059,0.0000,NA,NA,NA,NA,NA,NA,NA
python.exe,22256,0x0,Other,0,0,1,Hardware: Legacy Flip,2026-8-20 19:20:30.640398700,3.3393,3.3393,0.0000,0.3663,2.9894,0.0635,2.9259,4.8292,17.1244,-3.0876,12179.9881,NA,NA,NA
python.exe,22256,0x0,Other,-1,0,0,Composed: Copy with GPU GDI,2026-8-20 19:20:30.643738000,9.0213,9.0213,0.0000,0.0164,9.1902,1.7066,7.4836,18.6143,35.9150,-13.7851,12183.3274,NA,NA,NA
python.exe,22256,0x0,Other,-1,0,0,Composed: Copy with GPU GDI,2026-8-20 19:20:30.652759300,40.9788,40.9788,0.0000,0.1921,40.9027,0.3533,40.5494,NA,NA,NA,NA,NA,NA,NA
python.exe,22256,0x0,Other,-1,0,0,Composed: Copy with GPU GDI,2026-8-20 19:20:30.693738100,2.6878,2.6878,0.0000,0.1184,2.7406,0.3916,2.3490,NA,NA,NA,NA,NA,NA,NA
python.exe,22256,0x0,Other,0,0,1,Hardware: Legacy Flip,2026-8-20 19:20:30.696425900,0.5571,0.5571,0.0000,0.1761,0.4971,0.1892,0.3079,1.8414,1.6499,16.7729,12236.0153,NA,NA,NA
python.exe,22256,0x0,Other,-1,0,0,Composed: Copy with GPU GDI,2026-8-20 19:20:30.696983000,0.6023,0.6023,0.0000,1.5892,0.2404,0.2404,0.0000,NA,NA,NA,NA,NA,NA,NA
python.exe,22256,0x0,Other,0,0,1,Hardware: Legacy Flip,2026-8-20 19:20:30.697585300,0.9679,0.9679,0.0000,0.0000,1.4731,1.4731,0.0000,2.3319,11.1154,-0.4905,12237.1747,NA,NA,NA
python.exe,22256,0x0,Other,-1,0,0,Composed: Copy with GPU GDI,2026-8-20 19:20:30.698553200,7.2867,7.2867,0.0000,0.2594,7.7831,2.2009,5.5822,NA,NA,NA,NA,NA,NA,NA
python.exe,22256,0x0,Other,-1,0,0,Composed: Copy with GPU GDI,2026-8-20 19:20:30.705839900,2.6152,2.6152,0.0000,0.7627,2.6719,1.0086,1.6633,NA,NA,NA,NA,NA,NA,NA
python.exe,22256,0x0,Other,0,0,1,Hardware: Legacy Flip,2026-8-20 19:20:30.708455100,1.2040,1.2040,0.0000,0.8229,0.4318,0.1218,0.3100,2.5775,18.0853,-0.2456,12248.0445,NA,NA,NA
python.exe,22256,0x0,Other,-1,0,0,Composed: Copy with GPU GDI,2026-8-20 19:20:30.709659100,10.6919,10.6919,0.0000,0.0507,11.0064,1.8063,9.2001,NA,NA,NA,NA,NA,NA,NA
python.exe,22256,0x0,Other,-1,0,0,Composed: Copy with GPU GDI,2026-8-20 19:20:30.720351000,0.8976,0.8976,0.0000,0.3934,1.1686,0.8240,0.3446,8.7669,3.3522,-6.1894,12259.9404,NA,NA,NA
python.exe,22256,0x0,Other,-1,0,0,Composed: Copy with GPU GDI,2026-8-20 19:20:30.721248600,9.5713,9.5713,0.0000,0.6683,9.0281,0.2297,8.7984,NA,NA,NA,NA,NA,NA,NA
python.exe,22256,0x0,Other,0,0,1,Hardware: Legacy Flip,2026-8-20 19:20:30.730819900,0.5766,0.5766,0.0000,0.1239,0.5240,0.1407,0.3833,1.6502,8.8751,7.1167,12270.4093,NA,NA,NA
python.exe,22256,0x0,Other,-1,0,0,Composed: Copy with GPU GDI,2026-8-20 19:20:30.731396500,0.4714,0.4714,0.0000,0.0713,1.5510,1.5510,0.0000,9.9487,4.0450,-8.2985,12270.9859,NA,NA,NA
python.exe,22256,0x0,Other,-1,0,0,Composed: Copy with GPU GDI,2026-8-20 19:20:30.731867900,8.3511,8.3511,0.0000,1.1554,7.9039,1.0050,6.8989,NA,NA,NA,NA,NA,NA,NA
python.exe,22256,0x0,Other,0,0,1,Hardware: Legacy Flip,2026-8-20 19:20:30.740219000,3.6313,3.6313,0.0000,0.7141,2.9883,0.1403,2.8480,5.1712,14.0322,4.7775,12279.8084,NA,NA,NA
python.exe,22256,0x0,Other,-1,0,0,Composed: Copy with GPU GDI,2026-8-20 19:20:30.743850300,0.3224,0.3224,0.0000,0.0711,0.4149,0.4149,0.0000,15.5721,5.0137,-10.4009,12283.4397,NA,NA,NA
python.exe,22256,0x0,Other,-1,0,0,Composed: Copy with GPU GDI,2026-8-20 19:20:30.744172700,8.1324,8.1324,0.0000,0.1636,8.3796,1.6689,6.7107,NA,NA,NA,NA,NA,NA,NA
python.exe,22256,0x0,Other,-1,0,0,Composed: Copy with GPU GDI,2026-8-20 19:20:30.752305100,9.4791,9.4791,0.0000,0.4145,9.2947,0.4855,8.8092,NA,NA,NA,NA,NA,NA,NA
python.exe,22256,0x0,Other,0,0,1,Hardware: Legacy Flip,2026-8-20 19:20:30.761784200,1.2834,1.2834,0.0000,0.2288,1.1359,0.1581,0.9778,2.6519,7.1504,12.9202,12301.3736,NA,NA,NA
python.exe,22256,0x0,Other,-1,0,0,Composed: Copy with GPU GDI,2026-8-20 19:20:30.763067600,0.3401,0.3401,0.0000,0.0813,1.3402,1.3402,0.0000,8.5189,11.9189,-5.8670,12302.6570,NA,NA,NA
python.exe,22256,0x0,Other,-1,0,0,Composed: Copy with GPU GDI,2026-8-20 19:20:30.763407700,9.8274,9.8274,0.0000,1.0856,9.4508,0.8855,8.5653,NA,NA,NA,NA,NA,NA,NA
python.exe,22256,0x0,Other,-1,0,0,Composed: Copy with GPU GDI,2026-8-20 19:20:30.773235100,1.0345,1.0345,0.0000,0.7124,0.7860,0.5969,0.1891,NA,NA,NA,NA,NA,NA,NA
python.exe,22256,0x0,Other,0,0,1,Hardware: Legacy Flip,2026-8-20 19:20:30.774269600,8.0822,8.0822,0.0000,0.4664,7.6689,0.1636,7.5053,9.2358,12.3418,-0.7169,12313.8590,NA,NA,NA
python.exe,22256,0x0,Other,-1,0,0,Composed: Copy with GPU GDI,2026-8-20 19:20:30.782351800,0.7946,0.7946,0.0000,0.0531,1.5948,1.5948,0.0000,NA,NA,NA,NA,NA,NA,NA
python.exe,22256,0x0,Other,-1,0,0,Composed: Copy with GPU GDI,2026-8-20 19:20:30.783146400,2.9595,2.9595,0.0000,0.8583,2.3271,0.4729,1.8542,12.7008,0.3183,-3.4650,12322.7358,NA,NA,NA
python.exe,22256,0x0,Other,0,0,1,Hardware: Legacy Flip,2026-8-20 19:20:30.786105900,8.8980,8.8980,0.0000,0.2291,8.7089,0.1479,8.5610,10.0596,11.8086,2.6412,12325.6953,NA,NA,NA
python.exe,22256,0x0,Other,-1,0,0,Composed: Copy with GPU GDI,2026-8-20 19:20:30.795003900,0.6719,0.6719,0.0000,0.0400,1.7371,1.7371,0.0000,NA,NA,NA,NA,NA,NA,NA
python.exe,22256,0x0,Other,-1,0,0,Composed: Copy with GPU GDI,2026-8-20 19:20:30.795675800,3.4647,3.4647,0.0000,1.1088,2.6254,0.4688,2.1566,12.2983,10.4386,-2.2387,12335.2652,NA,NA,NA
python.exe,22256,0x0,Other,-1,0,0,Composed: Copy with GPU GDI,2026-8-20 19:20:30.799140500,8.0847,8.0847,0.0000,0.2755,8.5453,0.9122,7.6331,NA,NA,NA,NA,NA,NA,NA
python.exe,22256,0x0,Other,-1,0,0,Composed: Copy with GPU GDI,2026-8-20 19:20:30.807225200,9.5939,9.5939,0.0000,9.9039,0.1371,0.1371,0.0000,NA,NA,NA,NA,NA,NA,NA
python.exe,22256,0x0,Other,0,0,1,Hardware: Legacy Flip,2026-8-20 19:20:30.816819100,0.2274,0.2274,0.0000,0.0000,9.1647,0.5267,8.6380,1.5936,7.7424,10.7047,12356.4085,NA,NA,NA
python.exe,22256,0x0,Other,-1,0,0,Composed: Copy with GPU GDI,2026-8-20 19:20:30.817046500,1.3746,1.3746,0.0000,0.2197,1.6208,1.6208,0.0000,9.1086,6.0852,-7.5150,12356.6359,NA,NA,NA
python.exe,22256,0x0,Other,-1,0,0,Composed: Copy with GPU GDI,2026-8-20 19:20:30.818421100,9.3333,9.3333,0.0000,0.4693,9.0571,0.5444,8.5127,NA,NA,NA,NA,NA,NA,NA
python.exe,22256,0x0,Other,-1,0,0,Composed: Copy with GPU GDI,2026-8-20 19:20:30.827754400,2.9710,2.9710,0.0000,0.2010,2.9737,0.5914,2.3823,NA,NA,NA,NA,NA,NA,NA
python.exe,22256,0x0,Other,0,0,1,Hardware: Legacy Flip,2026-8-20 19:20:30.830725400,0.3649,0.3649,0.0000,0.2210,0.2309,0.1866,0.0443,1.5149,18.1760,7.5937,12370.3148,NA,NA,NA
python.exe,22256,0x0,Other,-1,0,0,Composed: Copy with GPU GDI,2026-8-20 19:20:30.831090300,9.6290,9.6290,0.0000,0.0870,10.2952,2.0440,8.2512,NA,NA,NA,NA,NA,NA,NA
python.exe,22256,0x0,Other,-1,0,0,Composed: Copy with GPU GDI,2026-8-20 19:20:30.840719300,1.4835,1.4835,0.0000,0.7668,1.0450,0.5525,0.4925,9.6970,2.9190,-8.1821,12380.3087,NA,NA,NA
python.exe,22256,0x0,Other,-1,0,0,Composed: Copy with GPU GDI,2026-8-20 19:20:30.842202800,8.9973,8.9973,0.0000,0.3328,9.0741,0.6210,8.4531,NA,NA,NA,NA,NA,NA,NA
python.exe,22256,0x0,Other,0,0,1,Hardware: Legacy Flip,2026-8-20 19:20:30.851200100,0.6197,0.6197,0.0000,0.4188,0.3340,0.2740,0.0600,2.1352,9.2958,7.5618,12390.7895,NA,NA,NA
python.exe,22256,0x0,Other,-1,0,0,Composed: Copy with GPU GDI,2026-8-20 19:20:30.851819800,1.0567,1.0567,0.0000,0.1331,1.9136,1.9136,0.0000,10.8113,1.1776,-8.6761,12391.4092,NA,NA,NA
python.exe,22256,0x0,Other,-1,0,0,Composed: Copy with GPU GDI,2026-8-20 19:20:30.852876500,9.0752,9.0752,0.0000,0.9944,8.4577,0.5691,7.8886,NA,NA,NA,NA,NA,NA,NA
python.exe,22256,0x0,Other,0,0,1,Hardware: Legacy Flip,2026-8-20 19:20:30.861951700,0.4035,0.4035,0.0000,0.3769,0.0461,0.0461,0.0000,1.8570,16.9546,8.9543,12401.5411,NA,NA,NA
python.exe,22256,0x0,Other,-1,0,0,Composed: Copy with GPU GDI,2026-8-20 19:20:30.862355200,2.7576,2.7576,0.0000,0.0195,3.0860,1.7943,1.2917,18.4081,5.7622,-16.5511,12401.9446,NA,NA,NA
python.exe,22256,0x0,Other,-1,0,0,Composed: Copy with GPU GDI,2026-8-20 19:20:30.865112800,7.5179,7.5179,0.0000,0.3522,7.8769,0.9415,6.9354,NA,NA,NA,NA,NA,NA,NA
python.exe,22256,0x0,Other,-1,0,0,Composed: Copy with GPU GDI,2026-8-20 19:20:30.872630700,9.4253,9.4253,0.0000,0.7159,8.8951,0.5430,8.3521,NA,NA,NA,NA,NA,NA,NA
python.exe,22256,0x0,Other,-1,0,0,Composed: Copy with GPU GDI,2026-8-20 19:20:30.882056000,2.7258,2.7258,0.0000,0.1896,2.6460,0.2762,2.3698,NA,NA,NA,NA,NA,NA,NA
python.exe,22256,0x0,Other,0,0,1,Hardware: Legacy Flip,2026-8-20 19:20:30.884781800,0.1355,0.1355,0.0000,0.1098,0.1187,0.1187,0.0000,1.7437,11.5591,16.6644,12424.3712,NA,NA,NA
python.exe,22256,0x0,Other,-1,0,0,Composed: Copy with GPU GDI,2026-8-20 19:20:30.884917300,10.8664,10.8664,0.0000,0.0930,10.9498,1.8416,9.1082,NA,NA,NA,NA,NA,NA,NA
python.exe,22256,0x0,Other,0,0,1,Hardware: Legacy Flip,2026-8-20 19:20:30.895783700,0.7388,0.7388,0.0000,0.1821,0.5986,0.1037,0.4949,2.3009,6.9221,-0.5572,12435.3731,NA,NA,NA
python.exe,22256,0x0,Other,-1,0,0,Composed: Copy with GPU GDI,2026-8-20 19:20:30.896522500,1.1955,1.1955,0.0000,0.0419,1.9202,1.9202,0.0000,8.4842,6.4296,-6.1833,12436.1119,NA,NA,NA
python.exe,22256,0x0,Other,-1,0,0,Composed: Copy with GPU GDI,2026-8-20 19:20:30.897718000,9.1669,9.1669,0.0000,0.7706,8.4931,0.2339,8.2592,NA,NA,NA,NA,NA,NA,NA
python.exe,22256,0x0,Other,-1,0,0,Composed: Copy with GPU GDI,2026-8-20 19:20:30.906884900,0.7685,0.7685,0.0000,0.1000,1.0889,0.5919,0.4970,NA,NA,NA,NA,NA,NA,NA
python.exe,22256,0x0,Other,0,0,1,Hardware: Legacy Flip,2026-8-20 19:20:30.907653400,2.5667,2.5667,0.0000,0.4279,2.1968,0.1437,2.0531,3.7829,17.8549,4.7013,12447.2428,NA,NA,NA
python.exe,22256,0x0,Other,-1,0,0,Composed: Copy with GPU GDI,2026-8-20 19:20:30.910220100,7.7176,7.7176,0.0000,0.0580,7.8080,1.4008,6.4072,NA,NA,NA,NA,NA,NA,NA
python.exe,22256,0x0,Other,-1,0,0,Composed: Copy with GPU GDI,2026-8-20 19:20:30.917937700,2.1313,2.1313,0.0000,0.1526,2.0706,0.2735,1.7971,11.3535,1.5711,-7.5706,12457.5271,NA,NA,NA
python.exe,22256,0x0,Other,0,0,1,Hardware: Legacy Flip,2026-8-20 19:20:30.920069000,9.4376,9.4376,0.0000,0.1029,9.4030,0.1909,9.2121,10.7933,10.5954,0.5602,12459.6584,NA,NA,NA
python.exe,22256,0x0,Other,-1,0,0,Composed: Copy with GPU GDI,2026-8-20 19:20:30.929506600,0.5774,0.5774,0.0000,0.0683,1.7292,1.7292,0.0000,NA,NA,NA,NA,NA,NA,NA
python.exe,22256,0x0,Other,-1,0,0,Composed: Copy with GPU GDI,2026-8-20 19:20:30.930084000,2.2107,2.2107,0.0000,1.2271,1.4833,0.8518,0.6315,11.3737,10.2194,-0.5804,12469.6734,NA,NA,NA
python.exe,22256,0x0,Other,-1,0,0,Composed: Copy with GPU GDI,2026-8-20 19:20:30.932294700,8.1509,8.1509,0.0000,0.5038,7.9819,0.4912,7.4907,NA,NA,NA,NA,NA,NA,NA
python.exe,22256,0x0,Other,-1,0,0,Composed: Copy with GPU GDI,2026-8-20 19:20:30.940445600,3.8697,3.8697,0.0000,0.3408,3.7832,0.3809,3.4023,NA,NA,NA,NA,NA,NA,NA
python.exe,22256,0x0,Other,0,0,1,Hardware: Legacy Flip,2026-8-20 19:20:30.944315300,6.1175,6.1175,0.0000,0.2575,5.9669,0.2032,5.7637,7.3618,12.9058,4.0119,12483.9047,NA,NA,NA
python.exe,22256,0x0,Other,-1,0,0,Composed: Copy with GPU GDI,2026-8-20 19:20:30.950432800,1.1381,1.1381,0.0000,0.1069,1.6957,1.6957,0.0000,NA,NA,NA,NA,NA,NA,NA
python.exe,22256,0x0,Other,-1,0,0,Composed: Copy with GPU GDI,2026-8-20 19:20:30.951570900,10.2798,10.2798,0.0000,0.6712,9.7709,0.3576,9.4133,NA,NA,NA,NA,NA,NA,NA
python.exe,22256,0x0,Other,-1,0,0,Composed: Copy with GPU GDI,2026-8-20 19:20:30.961850700,1.2007,1.2007,0.0000,1.5877,0.1381,0.1381,0.0000,NA,NA,NA,NA,NA,NA,NA
python.exe,22256,0x0,Other,0,0,1,Hardware: Legacy Flip,2026-8-20 19:20:30.963051400,0.3466,0.3466,0.0000,0.0000,1.4215,0.5780,0.8435,1.5315,13.6511,5.8303,12502.6408,NA,NA,NA
python.exe,22256,0x0,Other,-1,0,0,Composed: Copy with GPU GDI,2026-8-20 19:20:30.963398000,7.6214,7.6214,0.0000,0.1785,7.6362,1.2546,6.3816,NA,NA,NA,NA,NA,NA,NA
python.exe,22256,0x0,Other,-1,0,0,Composed: Copy with GPU GDI,2026-8-20 19:20:30.971019400,3.3099,3.3099,0.0000,0.1956,3.6948,0.8691,2.8257,NA,NA,NA,NA,NA,NA,NA
python.exe,22256,0x0,Other,0,0,1,Hardware: Legacy Flip,2026-8-20 19:20:30.974329300,2.5431,2.5431,0.0000,0.5864,1.9971,0.1585,1.8386,3.9047,17.8001,-2.3732,12513.9187,NA,NA,NA
python.exe,22256,0x0,Other,-1,0,0,Composed: Copy with GPU GDI,2026-8-20 19:20:30.976872400,6.3507,6.3507,0.0000,0.0404,6.5619,1.5938,4.9681,19.1617,0.3873,-15.2570,12516.4618,NA,NA,NA
python.exe,22256,0x0,Other,-1,0,0,Composed: Copy with GPU GDI,2026-8-20 19:20:30.983223100,3.0239,3.0239,0.0000,0.2555,3.4975,0.8897,2.6078,NA,NA,NA,NA,NA,NA,NA
python.exe,22256,0x0,Other,0,0,1,Hardware: Legacy Flip,2026-8-20 19:20:30.986247000,9.0275,9.0275,0.0000,0.7348,8.4341,0.2290,8.2051,10.1744,11.7388,8.9873,12525.8364,NA,NA,NA
python.exe,22256,0x0,Other,-1,0,0,Composed: Copy with GPU GDI,2026-8-20 19:20:30.995274500,0.4616,0.4616,0.0000,0.1414,1.4846,1.4846,0.0000,NA,NA,NA,NA,NA,NA,NA
python.exe,22256,0x0,Other,-1,0,0,Composed: Copy with GPU GDI,2026-8-20 19:20:30.995736100,2.5671,2.5671,0.0000,1.1839,1.8189,0.5901,1.2288,12.4241,3.3033,-2.2497,12535.3255,NA,NA,NA
python.exe,22256,0x0,Other,-1,0,0,Composed: Copy with GPU GDI,2026-8-20 19:20:30.998303200,6.4080,6.4080,0.0000,0.4389,6.4064,0.5603,5.8461,NA,NA,NA,NA,NA,NA,NA
python.exe,22256,0x0,Other,0,0,1,Hardware: Legacy Flip,2026-8-20 19:20:31.004711200,5.5322,5.5322,0.0000,0.4417,5.2033,0.2137,4.9896,6.7523,14.8797,5.6718,12544.3006,NA,NA,NA
python.exe,22256,0x0,Other,-1,0,0,Composed: Copy with GPU GDI,2026-8-20 19:20:31.010243400,0.7759,0.7759,0.0000,0.1128,1.5769,1.5769,0.0000,16.0998,4.7150,-9.3475,12549.8328,NA,NA,NA
python.exe,22256,0x0,Other,-1,0,0,Composed: Copy with GPU GDI,2026-8-20 19:20:31.011019300,6.0752,6.0752,0.0000,0.9166,5.3243,0.2944,5.0299,NA,NA,NA,NA,NA,NA,NA
python.exe,22256,0x0,Other,-1,0,0,Composed: Copy with GPU GDI,2026-8-20 19:20:31.017094500,10.3330,10.3330,0.0000,0.1709,10.3078,0.3362,9.9716,NA,NA,NA,NA,NA,NA,NA
python.exe,22256,0x0,Other,-1,0,0,Composed: Copy with GPU GDI,2026-8-20 19:20:31.027427500,1.8676,1.8676,0.0000,2.2880,0.2535,0.2535,0.0000,NA,NA,NA,NA,NA,NA,NA
python.exe,22256,0x0,Other,0,0,1,Hardware: Legacy Flip,2026-8-20 19:20:31.029295100,0.2503,0.2503,0.0000,0.0000,2.1001,0.6292,1.4709,1.7631,13.7834,14.3367,12568.8845,NA,NA,NA
python.exe,22256,0x0,Other,-1,0,0,Composed: Copy with GPU GDI,2026-8-20 19:20:31.029545400,11.4748,11.4748,0.0000,0.4236,11.1391,1.1738,9.9653,NA,NA,NA,NA,NA,NA,NA
python.exe,22256,0x0,Other,-1,0,0,Composed: Copy with GPU GDI,2026-8-20 19:20:31.041020200,0.6922,0.6922,0.0000,0.0905,1.3092,1.0028,0.3064,NA,NA,NA,NA,NA,NA,NA
python.exe,22256,0x0,Other,0,0,1,Hardware: Legacy Flip,2026-8-20 19:20:31.041712400,1.8058,1.8058,0.0000,0.7144,1.1145,0.0772,1.0373,3.1292,17.9370,-1.3661,12581.3018,NA,NA,NA
python.exe,22256,0x0,Other,-1,0,0,Composed: Copy with GPU GDI,2026-8-20 19:20:31.043518200,9.2215,9.2215,0.0000,0.0231,9.7612,1.8863,7.8749,19.2604,0.5426,-16.1312,12583.1076,NA,NA,NA
python.exe,22256,0x0,Other,-1,0,0,Composed: Copy with GPU GDI,2026-8-20 19:20:31.052739700,8.8055,8.8055,0.0000,0.5660,8.4690,0.4397,8.0293,NA,NA,NA,NA,NA,NA,NA
python.exe,22256,0x0,Other,0,0,1,Hardware: Legacy Flip,2026-8-20 19:20:31.061545200,0.4208,0.4208,0.0000,0.2335,0.2472,0.1221,0.1251,1.7760,17.6236,17.4844,12601.1346,NA,NA,NA
python.exe,22256,0x0,Other,-1,0,0,Composed: Copy with GPU GDI,2026-8-20 19:20:31.061966000,2.3140,2.3140,0.0000,0.0599,2.5164,1.5891,0.9273,18.9788,6.0928,-17.2028,12601.5554,NA,NA,NA
python.exe,22256,0x0,Other,-1,0,0,Composed: Copy with GPU GDI,2026-8-20 19:20:31.064280000,9.1788,9.1788,0.0000,0.2654,9.2173,0.5105,8.7068,22.7576,0.6536,-3.7788,12603.8694,NA,NA,NA
python.exe,22256,0x0,Other,-1,0,0,Composed: Copy with GPU GDI,2026-8-20 19:20:31.073458800,11.2921,11.2921,0.0000,0.3106,11.3550,0.4922,10.8628,NA,NA,NA,NA,NA,NA,NA
python.exe,22256,0x0,Other,-1,0,0,Composed: Copy with GPU GDI,2026-8-20 19:20:31.084750900,1.5128,1.5128,0.0000,0.3781,1.3884,0.5637,0.8247,NA,NA,NA,NA,NA,NA,NA
python.exe,22256,0x0,Other,0,0,1,Hardware: Legacy Flip,2026-8-20 19:20:31.086263700,0.2133,0.2133,0.0000,0.2537,0.0342,0.0342,0.0000,1.4275,10.3368,21.3301,12625.8531,NA,NA,NA
python.exe,22256,0x0,Other,-1,0,0,Composed: Copy with GPU GDI,2026-8-20 19:20:31.086477000,8.7439,8.7439,0.0000,0.0746,8.8420,1.3000,7.5420,NA,NA,NA,NA,NA,NA,NA
python.exe,22256,0x0,Other,-1,0,0,Composed: Copy with GPU GDI,2026-8-20 19:20:31.095220900,1.3396,1.3396,0.0000,0.1762,1.5340,0.5003,1.0337,NA,NA,NA,NA,NA,NA,NA
python.exe,22256,0x0,Other,0,0,1,Hardware: Legacy Flip,2026-8-20 19:20:31.096560500,0.2420,0.2420,0.0000,0.3706,0.0197,0.0197,0.0000,1.4675,19.3255,-0.0400,12636.1499,NA,NA,NA
python.exe,22256,0x0,Other,-1,0,0,Composed: Copy with GPU GDI,2026-8-20 19:20:31.096802500,8.8870,8.8870,0.0000,0.1483,9.3028,1.7139,7.5889,NA,NA,NA,NA,NA,NA,NA
python.exe,22256,0x0,Other,-1,0,0,Composed: Copy with GPU GDI,2026-8-20 19:20:31.105689500,2.0791,2.0791,0.0000,0.5684,1.7021,0.3658,1.3363,11.6640,0.5826,-10.1965,12645.2789,NA,NA,NA
python.exe,22256,0x0,Other,0,0,1,Hardware: Legacy Flip,2026-8-20 19:20:31.107768600,8.9435,8.9435,0.0000,0.1960,8.8201,0.1522,8.6679,10.1675,11.5293,1.4965,12647.3580,NA,NA,NA
python.exe,22256,0x0,Other,-1,0,0,Composed: Copy with GPU GDI,2026-8-20 19:20:31.116712100,0.8677,0.8677,0.0000,0.0726,1.5610,1.5610,0.0000,12.7533,1.1236,-2.5858,12656.3015,NA,NA,NA
python.exe,22256,0x0,Other,-1,0,0,Composed: Copy with GPU GDI,2026-8-20 19:20:31.117579800,8.8577,8.8577,0.0000,0.7699,8.3511,0.5076,7.8435,NA,NA,NA,NA,NA,NA,NA
python.exe,22256,0x0,Other,-1,0,0,Composed: Copy with GPU GDI,2026-8-20 19:20:31.126437500,2.5821,2.5821,0.0000,0.2682,2.4663,0.2614,2.2049,NA,NA,NA,NA,NA,NA,NA
python.exe,22256,0x0,Other,0,0,1,Hardware: Legacy Flip,2026-8-20 19:20:31.129019600,0.2494,0.2494,0.0000,0.1557,0.1097,0.0639,0.0458,1.5694,12.5775,11.1839,12668.6090,NA,NA,NA
python.exe,22256,0x0,Other,-1,0,0,Composed: Copy with GPU GDI,2026-8-20 19:20:31.129269000,2.9487,2.9487,0.0000,0.0160,3.2672,1.6794,1.5878,NA,NA,NA,NA,NA,NA,NA
python.exe,22256,0x0,Other,-1,0,0,Composed: Copy with GPU GDI,2026-8-20 19:20:31.132217700,7.6113,7.6113,0.0000,0.3391,7.4692,0.3134,7.1558,NA,NA,NA,NA,NA,NA,NA
python.exe,22256,0x0,Other,0,0,1,Hardware: Legacy Flip,2026-8-20 19:20:31.139829000,2.1277,2.1277,0.0000,0.2003,1.9833,0.1488,1.8345,3.3375,16.6558,-1.7681,12679.4184,NA,NA,NA
python.exe,22256,0x0,Other,-1,0,0,Composed: Copy with GPU GDI,2026-8-20 19:20:31.141956700,8.0168,8.0168,0.0000,0.0559,8.3104,1.5889,6.7215,NA,NA,NA,NA,NA,NA,NA
python.exe,22256,0x0,Other,-1,0,0,Composed: Copy with GPU GDI,2026-8-20 19:20:31.149973500,0.6312,0.6312,0.0000,0.3542,0.6444,0.4906,0.1538,9.8488,3.3745,-6.5113,12689.5629,NA,NA,NA
python.exe,22256,0x0,Other,-1,0,0,Composed: Copy with GPU GDI,2026-8-20 19:20:31.150604700,11.2096,11.2096,0.0000,0.3710,11.0761,0.4317,10.6444,NA,NA,NA,NA,NA,NA,NA
python.exe,22256,0x0,Other,0,0,1,Hardware: Legacy Flip,2026-8-20 19:20:31.161814300,0.3136,0.3136,0.0000,0.2417,0.1513,0.1265,0.0248,1.3825,8.7321,8.4663,12701.4037,NA,NA,NA
python.exe,22256,0x0,Other,-1,0,0,Composed: Copy with GPU GDI,2026-8-20 19:20:31.162127900,1.3738,1.3738,0.0000,0.0794,1.5427,1.2796,0.2631,9.8010,5.8235,-8.4185,12701.7173,NA,NA,NA
python.exe,22256,0x0,Other,-1,0,0,Composed: Copy with GPU GDI,2026-8-20 19:20:31.163501700,9.4173,9.4173,0.0000,0.2518,9.4954,0.5373,8.9581,NA,NA,NA,NA,NA,NA,NA
python.exe,22256,0x0,Other,-1,0,0,Composed: Copy with GPU GDI,2026-8-20 19:20:31.172919000,1.6106,1.6106,0.0000,0.3340,1.4860,0.4293,1.0567,NA,NA,NA,NA,NA,NA,NA
python.exe,22256,0x0,Other,0,0,1,Hardware: Legacy Flip,2026-8-20 19:20:31.174529600,1.7115,1.7115,0.0000,0.2136,1.6129,0.1703,1.4426,3.2228,18.5604,6.5782,12714.1190,NA,NA,NA
python.exe,22256,0x0,Other,-1,0,0,Composed: Copy with GPU GDI,2026-8-20 19:20:31.176241100,7.5256,7.5256,0.0000,0.1150,8.2193,2.1868,6.0325,NA,NA,NA,NA,NA,NA,NA
python.exe,22256,0x0,Other,-1,0,0,Composed: Copy with GPU GDI,2026-8-20 19:20:31.183766700,2.7933,2.7933,0.0000,0.8132,2.0901,0.4052,1.6849,NA,NA,NA,NA,NA,NA,NA
python.exe,22256,0x0,Other,0,0,1,Hardware: Legacy Flip,2026-8-20 19:20:31.186560000,8.6394,8.6394,0.0000,0.1144,8.5895,0.1382,8.4513,9.7528,12.2219,-6.5300,12726.1494,NA,NA,NA
python.exe,22256,0x0,Other,-1,0,0,Composed: Copy with GPU GDI,2026-8-20 19:20:31.195199400,0.4698,0.4698,0.0000,0.0645,1.5709,1.5709,0.0000,NA,NA,NA,NA,NA,NA,NA
python.exe,22256,0x0,Other,-1,0,0,Composed: Copy with GPU GDI,2026-8-20 19:20:31.195669200,3.1558,3.1558,0.0000,1.1694,2.2252,0.4406,1.7846,12.8655,8.8797,-3.1127,12735.2586,NA,NA,NA
python.exe,22256,0x0,Other,-1,0,0,Composed: Copy with GPU GDI,2026-8-20 19:20:31.198825000,6.6501,6.6501,0.0000,0.2421,6.7277,0.4671,6.2606,NA,NA,NA,NA,NA,NA,NA
python.exe,22256,0x0,Other,-1,0,0,Composed: Copy with GPU GDI,2026-8-20 19:20:31.205475100,5.1017,5.1017,0.0000,0.3240,4.9998,0.4014,4.5984,NA,NA,NA,NA,NA,NA,NA
python.exe,22256,0x0,Other,0,0,1,Hardware: Legacy Flip,2026-8-20 19:20:31.210576800,5.8145,5.8145,0.0000,0.2263,5.7728,0.2683,5.5045,6.8376,13.9293,6.0279,12750.1662,NA,NA,NA
python.exe,22256,0x0,Other,-1,0,0,Composed: Copy with GPU GDI,2026-8-20 19:20:31.216391300,0.9037,0.9037,0.0000,0.1846,1.4176,1.4176,0.0000,NA,NA,NA,NA,NA,NA,NA
python.exe,22256,0x0,Other,-1,0,0,Composed: Copy with GPU GDI,2026-8-20 19:20:31.217295000,10.7082,10.7082,0.0000,0.7026,10.5730,0.8347,9.7383,NA,NA,NA,NA,NA,NA,NA
python.exe,22256,0x0,Other,-1,0,0,Composed: Copy with GPU GDI,2026-8-20 19:20:31.228003200,1.5689,1.5689,0.0000,0.6119,1.1253,0.3619,0.7634,NA,NA,NA,NA,NA,NA,NA
python.exe,22256,0x0,Other,0,0,1,Hardware: Legacy Flip,2026-8-20 19:20:31.229572100,0.5185,0.5185,0.0000,0.1744,0.3929,0.1566,0.2363,1.7716,12.3437,5.0660,12769.1615,NA,NA,NA
python.exe,22256,0x0,Other,-1,0,0,Composed: Copy with GPU GDI,2026-8-20 19:20:31.230090600,8.5711,8.5711,0.0000,0.0488,8.8460,1.5906,7.2554,NA,NA,NA,NA,NA,NA,NA
python.exe,22256,0x0,Other,-1,0,0,Composed: Copy with GPU GDI,2026-8-20 19:20:31.238661700,1.7345,1.7345,0.0000,0.3274,1.5496,0.3159,1.2337,NA,NA,NA,NA,NA,NA,NA
python.exe,22256,0x0,Other,0,0,1,Hardware: Legacy Flip,2026-8-20 19:20:31.240396200,2.2445,2.2445,0.0000,0.1455,2.1195,0.0700,2.0495,3.2912,18.8592,-1.5196,12779.9856,NA,NA,NA
python.exe,22256,0x0,Other,-1,0,0,Composed: Copy with GPU GDI,2026-8-20 19:20:31.242640700,6.7978,6.7978,0.0000,0.0205,7.4753,1.7801,5.6952,NA,NA,NA,NA,NA,NA,NA
python.exe,22256,0x0,Other,-1,0,0,Composed: Copy with GPU GDI,2026-8-20 19:20:31.249438500,4.0837,4.0837,0.0000,0.7026,3.7982,0.5330,3.2652,NA,NA,NA,NA,NA,NA,NA
python.exe,22256,0x0,Other,0,0,1,Hardware: Legacy Flip,2026-8-20 19:20:31.253522200,7.9985,7.9985,0.0000,0.4206,7.6314,0.1550,7.4764,9.0244,12.5726,-5.7332,12793.1116,NA,NA,NA
python.exe,22256,0x0,Other,-1,0,0,Composed: Copy with GPU GDI,2026-8-20 19:20:31.261520700,0.5579,0.5579,0.0000,0.0535,1.2883,1.2883,0.0000,13.5985,1.0189,-4.5741,12801.1101,NA,NA,NA
python.exe,22256,0x0,Other,-1,0,0,Composed: Copy with GPU GDI,2026-8-20 19:20:31.262078600,3.5455,3.5455,0.0000,0.9078,3.0539,0.5490,2.5049,NA,NA,NA,NA,NA,NA,NA
python.exe,22256,0x0,Other,-1,0,0,Composed: Copy with GPU GDI,2026-8-20 19:20:31.265624100,5.9791,5.9791,0.0000,0.4190,5.8338,0.4382,5.3956,NA,NA,NA,NA,NA,NA,NA
python.exe,22256,0x0,Other,0,0,1,Hardware: Legacy Flip,2026-8-20 19:20:31.271603200,3.2753,3.2753,0.0000,0.2800,3.0957,0.2183,2.8774,4.5349,17.1559,9.0636,12811.1926,NA,NA,NA
python.exe,22256,0x0,Other,-1,0,0,Composed: Copy with GPU GDI,2026-8-20 19:20:31.274878500,2.1230,2.1230,0.0000,0.1004,2.1315,1.3074,0.8241,18.4155,4.0730,-13.8806,12814.4679,NA,NA,NA
python.exe,22256,0x0,Other,-1,0,0,Composed: Copy with GPU GDI,2026-8-20 19:20:31.277001500,6.0045,6.0045,0.0000,0.1131,6.4445,0.7132,5.7313,NA,NA,NA,NA,NA,NA,NA
python.exe,22256,0x0,Other,-1,0,0,Composed: Copy with GPU GDI,2026-8-20 19:20:31.283006000,11.2799,11.2799,0.0000,0.6163,11.1016,0.6524,10.4492,NA,NA,NA,NA,NA,NA,NA
python.exe,22256,0x0,Other,-1,0,0,Composed: Copy with GPU GDI,2026-8-20 19:20:31.294285900,1.3339,1.3339,0.0000,0.4424,1.1040,0.4126,0.6914,NA,NA,NA,NA,NA,NA,NA
python.exe,22256,0x0,Other,0,0,1,Hardware: Legacy Flip,2026-8-20 19:20:31.295619800,0.7363,0.7363,0.0000,0.2189,0.6278,0.1988,0.4290,1.7472,12.3865,16.6683,12835.2092,NA,NA,NA
python.exe,22256,0x0,Other,-1,0,0,Composed: Copy with GPU GDI,2026-8-20 19:20:31.296356100,8.5867,8.5867,0.0000,0.1104,8.6263,1.0934,7.5329,NA,NA,NA,NA,NA,NA,NA
python.exe,22256,0x0,Other,-1,0,0,Composed: Copy with GPU GDI,2026-8-20 19:20:31.304942800,2.7446,2.7446,0.0000,0.1553,2.9332,0.5332,2.4000,NA,NA,NA,NA,NA,NA,NA
python.exe,22256,0x0,Other,0,0,1,Hardware: Legacy Flip,2026-8-20 19:20:31.307687400,0.9005,0.9005,0.0000,0.3498,0.6244,0.1322,0.4922,2.0661,19.9584,-0.3189,12847.2768,NA,NA,NA
python.exe,22256,0x0,Other,-1,0,0,Composed: Copy with GPU GDI,2026-8-20 19:20:31.308587900,7.8555,7.8555,0.0000,0.0737,8.1261,1.5041,6.6220,21.1240,0.6896,-19.0579,12848.1773,NA,NA,NA
python.exe,22256,0x0,Other,-1,0,0,Composed: Copy with GPU GDI,2026-8-20 19:20:31.316443400,2.6337,2.6337,0.0000,0.3580,2.3827,0.2563,2.1264,NA,NA,NA,NA,NA,NA,NA
python.exe,22256,0x0,Other,-1,0,0,Composed: Copy with GPU GDI,2026-8-20 19:20:31.319077100,9.0966,9.0966,0.0000,0.1103,9.2586,0.5501,8.7085,NA,NA,NA,NA,NA,NA,NA
python.exe,22256,0x0,Other,0,0,1,Hardware: Legacy Flip,2026-8-20 19:20:31.328173700,0.9755,0.9755,0.0000,0.2711,0.8183,0.2793,0.5390,2.2278,13.3154,18.8962,12867.7631,NA,NA,NA
python.exe,22256,0x0,Other,-1,0,0,Composed: Copy with GPU GDI,2026-8-20 19:20:31.329149200,4.0095,4.0095,0.0000,0.1139,3.9823,1.2357,2.7466,NA,NA,NA,NA,NA,NA,NA
python.exe,22256,0x0,Other,-1,0,0,Composed: Copy with GPU GDI,2026-8-20 19:20:31.333158700,5.8310,5.8310,0.0000,0.0965,5.9948,0.4428,5.5520,NA,NA,NA,NA,NA,NA,NA
python.exe,22256,0x0,Other,0,0,1,Hardware: Legacy Flip,2026-8-20 19:20:31.338989700,3.6107,3.6107,0.0000,0.2654,3.3936,0.1683,3.2253,4.7272,16.4014,-2.4994,12878.5791,NA,NA,NA
python.exe,22256,0x0,Other,-1,0,0,Composed: Copy with GPU GDI,2026-8-20 19:20:31.342600400,0.9170,0.9170,0.0000,0.0483,1.9068,1.9068,0.0000,17.5179,4.6718,-12.7907,12882.1898,NA,NA,NA
python.exe,22256,0x0,Other,-1,0,0,Composed: Copy with GPU GDI,2026-8-20 19:20:31.343517400,7.5837,7.5837,0.0000,1.0433,6.8193,0.4218,6.3975,NA,NA,NA,NA,NA,NA,NA
python.exe,22256,0x0,Other,-1,0,0,Composed: Copy with GPU GDI,2026-8-20 19:20:31.351101100,11.1782,11.1782,0.0000,0.2819,11.2251,0.5537,10.6714,NA,NA,NA,NA,NA,NA,NA
python.exe,22256,0x0,Other,-1,0,0,Composed: Copy with GPU GDI,2026-8-20 19:20:31.362279300,1.2359,1.2359,0.0000,0.3333,1.0055,0.2665,0.7390,NA,NA,NA,NA,NA,NA,NA
python.exe,22256,0x0,Other,0,0,1,Hardware: Legacy Flip,2026-8-20 19:20:31.363515200,0.2218,0.2218,0.0000,0.1070,0.2184,0.1544,0.0640,1.2749,12.9706,16.2430,12903.1046,NA,NA,NA
python.exe,22256,0x0,Other,-1,0,0,Composed: Copy with GPU GDI,2026-8-20 19:20:31.363737000,10.5332,10.5332,0.0000,0.1036,11.0879,1.7213,9.3666,NA,NA,NA,NA,NA,NA,NA
python.exe,22256,0x0,Other,-1,0,0,Composed: Copy with GPU GDI,2026-8-20 19:20:31.374270200,1.4406,1.4406,0.0000,0.6637,0.9361,0.3012,0.6349,NA,NA,NA,NA,NA,NA,NA
python.exe,22256,0x0,Other,0,0,1,Hardware: Legacy Flip,2026-8-20 19:20:31.375710800,0.9709,0.9709,0.0000,0.1616,0.8413,0.1135,0.7278,2.0499,18.3949,-0.7750,12915.3002,NA,NA,NA
python.exe,22256,0x0,Other,-1,0,0,Composed: Copy with GPU GDI,2026-8-20 19:20:31.376681700,6.8594,6.8594,0.0000,0.0320,7.0546,1.2811,5.7735,NA,NA,NA,NA,NA,NA,NA
python.exe,22256,0x0,Other,-1,0,0,Composed: Copy with GPU GDI,2026-8-20 19:20:31.383541100,2.8774,2.8774,0.0000,0.2297,2.8481,0.3035,2.5446,NA,NA,NA,NA,NA,NA,NA
python.exe,22256,0x0,Other,-1,0,0,Composed: Copy with GPU GDI,2026-8-20 19:20:31.386418500,8.0390,8.0390,0.0000,0.2042,8.1185,0.4536,7.6649,NA,NA,NA,NA,NA,NA,NA
python.exe,22256,0x0,Other,0,0,1,Hardware: Legacy Flip,2026-8-20 19:20:31.394457500,0.6643,0.6643,0.0000,0.2864,0.4831,0.2171,0.2660,1.6981,13.4916,0.3518,12934.0469,NA,NA,NA
python.exe,22256,0x0,Other,-1,0,0,Composed: Copy with GPU GDI,2026-8-20 19:20:31.395121800,3.5458,3.5458,0.0000,0.1052,4.1781,1.7078,2.4703,NA,NA,NA,NA,NA,NA,NA
python.exe,22256,0x0,Other,-1,0,0,Composed: Copy with GPU GDI,2026-8-20 19:20:31.398667600,7.5347,7.5347,0.0000,0.7414,6.9882,0.4581,6.5301,NA,NA,NA,NA,NA,NA,NA
python.exe,22256,0x0,Other,0,0,1,Hardware: Legacy Flip,2026-8-20 19:20:31.406202300,2.4255,2.4255,0.0000,0.1986,2.4777,0.3295,2.1482,3.4449,17.2344,-1.7468,12945.7917,NA,NA,NA
python.exe,22256,0x0,Other,-1,0,0,Composed: Copy with GPU GDI,2026-8-20 19:20:31.408627800,1.8026,1.8026,0.0000,0.2508,1.7117,0.9902,0.7215,18.2538,5.9858,-14.8089,12948.2172,NA,NA,NA
python.exe,22256,0x0,Other,-1,0,0,Composed: Copy with GPU GDI,2026-8-20 19:20:31.410430400,8.3854,8.3854,0.0000,0.1630,8.9291,0.9297,7.9994,NA,NA,NA,NA,NA,NA,NA
python.exe,22256,0x0,Other,-1,0,0,Composed: Copy with GPU GDI,2026-8-20 19:20:31.418815800,11.9778,11.9778,0.0000,0.7109,11.3985,0.3106,11.0879,NA,NA,NA,NA,NA,NA,NA
python.exe,22256,0x0,Other,0,0,1,Hardware: Legacy Flip,2026-8-20 19:20:31.430793600,0.8352,0.8352,0.0000,0.1347,0.7566,0.1124,0.6442,2.0738,10.6222,16.1800,12970.3830,NA,NA,NA
python.exe,22256,0x0,Other,-1,0,0,Composed: Copy with GPU GDI,2026-8-20 19:20:31.431628800,0.4934,0.4934,0.0000,0.0561,1.5945,1.5945,0.0000,NA,NA,NA,NA,NA,NA,NA
python.exe,22256,0x0,Other,-1,0,0,Composed: Copy with GPU GDI,2026-8-20 19:20:31.432122200,8.6891,8.6891,0.0000,1.1604,7.6616,0.3409,7.3207,NA,NA,NA,NA,NA,NA,NA
python.exe,22256,0x0,Other,-1,0,0,Composed: Copy with GPU GDI,2026-8-20 19:20:31.440811300,0.8707,0.8707,0.0000,0.1362,1.0680,0.4416,0.6264,NA,NA,NA,NA,NA,NA,NA
python.exe,22256,0x0,Other,0,0,1,Hardware: Legacy Flip,2026-8-20 19:20:31.441682000,0.6135,0.6135,0.0000,0.3488,0.2839,0.0771,0.2068,1.8076,19.7185,0.2662,12981.2714,NA,NA,NA
python.exe,22256,0x0,Other,-1,0,0,Composed: Copy with GPU GDI,2026-8-20 19:20:31.442295500,11.4072,11.4072,0.0000,0.0192,11.7365,1.6756,10.0609,NA,NA,NA,NA,NA,NA,NA
python.exe,22256,0x0,Other,-1,0,0,Composed: Copy with GPU GDI,2026-8-20 19:20:31.453702700,0.7040,0.7040,0.0000,0.3520,0.5335,0.2928,0.2407,9.5054,2.7167,-7.6978,12993.2921,NA,NA,NA
python.exe,22256,0x0,Other,-1,0,0,Composed: Copy with GPU GDI,2026-8-20 19:20:31.454406700,9.9784,9.9784,0.0000,10.4014,0.1343,0.1343,0.0000,NA,NA,NA,NA,NA,NA,NA
python.exe,22256,0x0,Other,0,0,1,Hardware: Legacy Flip,2026-8-20 19:20:31.464385100,0.3570,0.3570,0.0000,0.0000,10.2156,0.5458,9.6698,1.5397,9.3476,7.9657,13003.9745,NA,NA,NA
python.exe,22256,0x0,Other,-1,0,0,Composed: Copy with GPU GDI,2026-8-20 19:20:31.464742100,1.0363,1.0363,0.0000,0.2003,1.1956,1.1956,0.0000,10.5303,9.9037,-8.9906,13004.3315,NA,NA,NA
python.exe,22256,0x0,Other,-1,0,0,Composed: Copy with GPU GDI,2026-8-20 19:20:31.465778400,7.7959,7.7959,0.0000,0.3631,8.1135,0.8172,7.2963,NA,NA,NA,NA,NA,NA,NA
python.exe,22256,0x0,Other,-1,0,0,Composed: Copy with GPU GDI,2026-8-20 19:20:31.473574300,3.9794,3.9794,0.0000,0.6867,3.5983,0.5182,3.0801,NA,NA,NA,NA,NA,NA,NA
python.exe,22256,0x0,Other,0,0,1,Hardware: Legacy Flip,2026-8-20 19:20:31.477553700,6.2287,6.2287,0.0000,0.3089,5.9858,0.1548,5.8310,7.6224,13.9971,2.9079,13017.1431,NA,NA,NA
python.exe,22256,0x0,Other,-1,0,0,Composed: Copy with GPU GDI,2026-8-20 19:20:31.483782400,0.5994,0.5994,0.0000,0.0660,1.3598,1.3598,0.0000,NA,NA,NA,NA,NA,NA,NA
python.exe,22256,0x0,Other,-1,0,0,Composed: Copy with GPU GDI,2026-8-20 19:20:31.484381800,10.8397,10.8397,0.0000,0.8291,10.2758,0.3461,9.9297,NA,NA,NA,NA,NA,NA,NA
python.exe,22256,0x0,Other,-1,0,0,Composed: Copy with GPU GDI,2026-8-20 19:20:31.495221500,1.3594,1.3594,0.0000,0.2695,1.1871,0.2341,0.9530,NA,NA,NA,NA,NA,NA,NA
python.exe,22256,0x0,Other,0,0,1,Hardware: Legacy Flip,2026-8-20 19:20:31.496580900,1.1422,1.1422,0.0000,0.1027,1.1220,0.1452,0.9768,2.5923,10.0920,5.0301,13036.1703,NA,NA,NA
python.exe,22256,0x0,Other,-1,0,0,Composed: Copy with GPU GDI,2026-8-20 19:20:31.497723100,7.5615,7.5615,0.0000,0.0825,7.7021,1.6549,6.0472,NA,NA,NA,NA,NA,NA,NA
python.exe,22256,0x0,Other,-1,0,0,Composed: Copy with GPU GDI,2026-8-20 19:20:31.505284600,2.0493,2.0493,0.0000,0.2259,2.2693,0.6010,1.6683,NA,NA,NA,NA,NA,NA,NA
python.exe,22256,0x0,Other,0,0,1,Hardware: Legacy Flip,2026-8-20 19:20:31.507333900,0.9300,0.9300,0.0000,0.4500,0.4976,0.0665,0.4311,1.9313,20.4130,0.6610,13046.9233,NA,NA,NA
python.exe,22256,0x0,Other,-1,0,0,Composed: Copy with GPU GDI,2026-8-20 19:20:31.508263900,7.3465,7.3465,0.0000,0.0176,7.6662,1.4784,6.1878,NA,NA,NA,NA,NA,NA,NA
python.exe,22256,0x0,Other,-1,0,0,Composed: Copy with GPU GDI,2026-8-20 19:20:31.515610400,4.7174,4.7174,0.0000,0.3404,4.7093,0.5412,4.1681,NA,NA,NA,NA,NA,NA,NA
python.exe,22256,0x0,Other,0,0,1,Hardware: Legacy Flip,2026-8-20 19:20:31.520327800,8.2648,8.2648,0.0000,0.3361,8.0217,0.2134,7.8083,9.3504,12.3395,-7.4191,13059.9172,NA,NA,NA
python.exe,22256,0x0,Other,-1,0,0,Composed: Copy with GPU GDI,2026-8-20 19:20:31.528592600,0.7265,0.7265,0.0000,0.0930,1.5533,1.5533,0.0000,NA,NA,NA,NA,NA,NA,NA
python.exe,22256,0x0,Other,-1,0,0,Composed: Copy with GPU GDI,2026-8-20 19:20:31.529319100,2.5962,2.5962,0.0000,0.9239,2.0604,0.6018,1.4586,12.6986,0.9263,-3.3482,13068.9085,NA,NA,NA
python.exe,22256,0x0,Other,-1,0,0,Composed: Copy with GPU GDI,2026-8-20 19:20:31.531915300,6.5627,6.5627,0.0000,0.3938,6.5781,0.6237,5.9544,NA,NA,NA,NA,NA,NA,NA
python.exe,22256,0x0,Other,0,0,1,Hardware: Legacy Flip,2026-8-20 19:20:31.538478000,3.1915,3.1915,0.0000,0.4251,2.8732,0.1910,2.6822,4.4660,17.3342,8.2326,13078.0674,NA,NA,NA
python.exe,22256,0x0,Other,-1,0,0,Composed: Copy with GPU GDI,2026-8-20 19:20:31.541669500,1.8272,1.8272,0.0000,0.1068,2.2610,1.8522,0.4088,18.6087,6.0267,-14.1427,13081.2589,NA,NA,NA
python.exe,22256,0x0,Other,-1,0,0,Composed: Copy with GPU GDI,2026-8-20 19:20:31.543496700,8.0504,8.0504,0.0000,0.5467,7.6058,0.3537,7.2521,22.8082,0.8136,-4.1995,13083.0861,NA,NA,NA
python.exe,22256,0x0,Other,-1,0,0,Composed: Copy with GPU GDI,2026-8-20 19:20:31.551547100,12.9103,12.9103,0.0000,0.1056,13.2225,0.5683,12.6542,NA,NA,NA,NA,NA,NA,NA
python.exe,22256,0x0,Other,-1,0,0,Composed: Copy with GPU GDI,2026-8-20 19:20:31.564457400,1.3206,1.3206,0.0000,0.4211,0.9806,0.2686,0.7120,NA,NA,NA,NA,NA,NA,NA
python.exe,22256,0x0,Other,0,0,1,Hardware: Legacy Flip,2026-8-20 19:20:31.565778000,0.3997,0.3997,0.0000,0.0854,0.3860,0.1401,0.2459,1.3405,11.1218,21.4677,13105.3674,NA,NA,NA
python.exe,22256,0x0,Other,-1,0,0,Composed: Copy with GPU GDI,2026-8-20 19:20:31.566177700,5.0409,5.0409,0.0000,0.0717,5.1382,1.1668,3.9714,NA,NA,NA,NA,NA,NA,NA
python.exe,22256,0x0,Other,-1,0,0,Composed: Copy with GPU GDI,2026-8-20 19:20:31.571218600,2.8142,2.8142,0.0000,0.1958,2.9293,0.4757,2.4536,NA,NA,NA,NA,NA,NA,NA
python.exe,22256,0x0,Other,0,0,1,Hardware: Legacy Flip,2026-8-20 19:20:31.574032800,2.9632,2.9632,0.0000,0.3153,2.6898,0.1057,2.5841,4.2075,18.3738,-2.8670,13113.6222,NA,NA,NA
python.exe,22256,0x0,Other,-1,0,0,Composed: Copy with GPU GDI,2026-8-20 19:20:31.576996000,7.4960,7.4960,0.0000,0.0419,8.1692,1.9244,6.2448,NA,NA,NA,NA,NA,NA,NA
python.exe,22256,0x0,Other,-1,0,0,Composed: Copy with GPU GDI,2026-8-20 19:20:31.584492000,1.9993,1.9993,0.0000,0.7204,1.7288,0.6033,1.1255,12.1221,0.6090,-7.9146,13124.0814,NA,NA,NA
python.exe,22256,0x0,Other,0,0,1,Hardware: Legacy Flip,2026-8-20 19:20:31.586491300,9.3571,9.3571,0.0000,0.4541,8.9562,0.1080,8.8482,10.7318,11.5320,1.3903,13126.0807,NA,NA,NA
python.exe,22256,0x0,Other,-1,0,0,Composed: Copy with GPU GDI,2026-8-20 19:20:31.595848400,0.3424,0.3424,0.0000,0.0532,1.3654,1.3654,0.0000,NA,NA,NA,NA,NA,NA,NA
python.exe,22256,0x0,Other,-1,0,0,Composed: Copy with GPU GDI,2026-8-20 19:20:31.596190800,2.3412,2.3412,0.0000,1.0812,1.7195,0.6582,1.0613,12.5643,10.4280,-1.8325,13135.7802,NA,NA,NA
python.exe,22256,0x0,Other,-1,0,0,Composed: Copy with GPU GDI,2026-8-20 19:20:31.598532000,9.9338,9.9338,0.0000,0.4622,9.9772,0.6807,9.2965,NA,NA,NA,NA,NA,NA,NA
python.exe,22256,0x0,Other,-1,0,0,Composed: Copy with GPU GDI,2026-8-20 19:20:31.608465800,7.9514,7.9514,0.0000,0.5117,8.2887,1.1081,7.1806,NA,NA,NA,NA,NA,NA,NA
python.exe,22256,0x0,Other,-1,0,0,Composed: Copy with GPU GDI,2026-8-20 19:20:31.616417200,1.0371,1.0371,0.0000,1.2334,0.5166,0.5166,0.0000,NA,NA,NA,NA,NA,NA,NA
python.exe,22256,0x0,Other,0,0,1,Hardware: Legacy Flip,2026-8-20 19:20:31.617454300,0.1396,0.1396,0.0000,0.0000,0.3792,0.3419,0.0373,1.7288,13.3909,10.8355,13157.0437,NA,NA,NA
python.exe,22256,0x0,Other,-1,0,0,Composed: Copy with GPU GDI,2026-8-20 19:20:31.617593900,11.1150,11.1150,0.0000,0.5733,11.2794,1.7801,9.4993,NA,NA,NA,NA,NA,NA,NA
python.exe,22256,0x0,Other,-1,0,0,Composed: Copy with GPU GDI,2026-8-20 19:20:31.628708900,2.2481,2.2481,0.0000,2.6627,0.2172,0.2172,0.0000,NA,NA,NA,NA,NA,NA,NA
python.exe,22256,0x0,Other,0,0,1,Hardware: Legacy Flip,2026-8-20 19:20:31.630957000,0.3637,0.3637,0.0000,0.0000,1.9157,0.6358,1.2799,1.6170,11.0835,0.1118,13170.5464,NA,NA,NA
python.exe,22256,0x0,Other,-1,0,0,Composed: Copy with GPU GDI,2026-8-20 19:20:31.631320700,9.6603,9.6603,0.0000,0.2681,9.9782,1.6322,8.3460,NA,NA,NA,NA,NA,NA,NA
python.exe,22256,0x0,Other,-1,0,0,Composed: Copy with GPU GDI,2026-8-20 19:20:31.640981000,0.9626,0.9626,0.0000,0.5885,0.5431,0.3059,0.2372,NA,NA,NA,NA,NA,NA,NA
python.exe,22256,0x0,Other,0,0,1,Hardware: Legacy Flip,2026-8-20 19:20:31.641943600,0.3119,0.3119,0.0000,0.1712,0.1643,0.0805,0.0838,1.7139,19.6747,-0.0969,13181.5330,NA,NA,NA
python.exe,22256,0x0,Other,-1,0,0,Composed: Copy with GPU GDI,2026-8-20 19:20:31.642255500,8.7148,8.7148,0.0000,0.0236,8.9153,1.7109,7.2044,21.0767,0.8696,-19.3628,13181.8449,NA,NA,NA
python.exe,22256,0x0,Other,-1,0,0,Composed: Copy with GPU GDI,2026-8-20 19:20:31.650970300,1.5409,1.5409,0.0000,0.2273,1.4625,0.3238,1.1387,NA,NA,NA,NA,NA,NA,NA
python.exe,22256,0x0,Other,0,0,1,Hardware: Legacy Flip,2026-8-20 19:20:31.652511200,10.6831,10.6831,0.0000,0.1526,10.5885,0.1208,10.4677,11.6906,11.2713,9.3861,13192.1006,NA,NA,NA
python.exe,22256,0x0,Other,-1,0,0,Composed: Copy with GPU GDI,2026-8-20 19:20:31.663194300,0.4320,0.4320,0.0000,0.0580,1.3766,1.3766,0.0000,NA,NA,NA,NA,NA,NA,NA
python.exe,22256,0x0,Other,-1,0,0,Composed: Copy with GPU GDI,2026-8-20 19:20:31.663626300,1.3999,1.3999,0.0000,1.0065,0.8041,0.5545,0.2496,11.8468,11.2068,-0.1562,13203.2157,NA,NA,NA
python.exe,22256,0x0,Other,-1,0,0,Composed: Copy with GPU GDI,2026-8-20 19:20:31.665026200,8.5696,8.5696,0.0000,0.4137,8.4502,0.4489,8.0013,NA,NA,NA,NA,NA,NA,NA
python.exe,22256,0x0,Other,-1,0,0,Composed: Copy with GPU GDI,2026-8-20 19:20:31.673595800,3.7985,3.7985,0.0000,0.2976,3.7392,0.3798,3.3594,NA,NA,NA,NA,NA,NA,NA
python.exe,22256,0x0,Other,0,0,1,Hardware: Legacy Flip,2026-8-20 19:20:31.677394300,8.2580,8.2580,0.0000,0.2421,8.0667,0.1085,7.9582,9.2856,13.0987,2.5612,13216.9837,NA,NA,NA
python.exe,22256,0x0,Other,-1,0,0,Composed: Copy with GPU GDI,2026-8-20 19:20:31.685652300,0.3992,0.3992,0.0000,0.0508,1.5299,1.5299,0.0000,14.1263,39.4872,-4.8407,13225.2417,NA,NA,NA
python.exe,22256,0x0,Other,-1,0,0,Composed: Copy with GPU GDI,2026-8-20 19:20:31.686051500,50.9617,50.9617,0.0000,1.1853,50.0656,0.4769,49.5887,NA,NA,NA,NA,NA,NA,NA
python.exe,22256,0x0,Other,-1,0,0,Composed: Copy with GPU GDI,2026-8-20 19:20:31.737013200,0.9189,0.9189,0.0000,1.2015,0.0351,0.0351,0.0000,NA,NA,NA,NA,NA,NA,NA
python.exe,22256,0x0,Other,0,0,1,Hardware: Legacy Flip,2026-8-20 19:20:31.737932100,0.2020,0.2020,0.0000,0.0000,0.9087,0.4668,0.4419,1.3337,2.5700,12.7926,13277.5215,NA,NA,NA
python.exe,22256,0x0,Other,0,0,1,Hardware: Legacy Flip,2026-8-20 19:20:31.738134100,2.6398,2.6398,0.0000,0.1157,2.5783,1.0640,1.5143,3.7017,18.5980,-2.3680,13277.7235,NA,NA,NA
python.exe,22256,0x0,Other,-1,0,0,Composed: Copy with GPU GDI,2026-8-20 19:20:31.740773900,3.3268,3.3268,0.0000,0.0542,3.9856,1.8173,2.1683,19.6599,2.9027,-15.9582,13280.3633,NA,NA,NA
python.exe,22256,0x0,Other,-1,0,0,Composed: Copy with GPU GDI,2026-8-20 19:20:31.744100700,5.4505,5.4505,0.0000,0.7186,4.8690,0.2598,4.6092,NA,NA,NA,NA,NA,NA,NA
python.exe,22256,0x0,Other,-1,0,0,Composed: Copy with GPU GDI,2026-8-20 19:20:31.749551200,11.4019,11.4019,0.0000,0.1413,11.5805,0.5008,11.0797,NA,NA,NA,NA,NA,NA,NA
python.exe,22256,0x0,Other,0,0,1,Hardware: Legacy Flip,2026-8-20 19:20:31.760953100,1.3325,1.3325,0.0000,0.3273,1.1140,0.2034,0.9106,2.3834,9.3019,17.2765,13300.5425,NA,NA,NA
python.exe,22256,0x0,Other,-1,0,0,Composed: Copy with GPU GDI,2026-8-20 19:20:31.762285600,0.6340,0.6340,0.0000,0.1088,1.4944,1.4944,0.0000,10.3528,4.5858,-7.9694,13301.8750,NA,NA,NA
python.exe,22256,0x0,Other,-1,0,0,Composed: Copy with GPU GDI,2026-8-20 19:20:31.762919600,10.4141,10.4141,0.0000,0.9720,9.6256,0.3540,9.2716,NA,NA,NA,NA,NA,NA,NA
python.exe,22256,0x0,Other,-1,0,0,Composed: Copy with GPU GDI,2026-8-20 19:20:31.773333700,1.1450,1.1450,0.0000,0.1918,1.3418,0.6361,0.7057,NA,NA,NA,NA,NA,NA,NA
python.exe,22256,0x0,Other,0,0,1,Hardware: Legacy Flip,2026-8-20 19:20:31.774478700,1.5177,1.5177,0.0000,0.3917,1.1979,0.1235,1.0744,2.7455,19.6256,7.6073,13314.0681,NA,NA,NA
python.exe,22256,0x0,Other,-1,0,0,Composed: Copy with GPU GDI,2026-8-20 19:20:31.775996400,8.3480,8.3480,0.0000,0.0719,8.5066,1.4702,7.0364,20.8534,0.9483,-18.1079,13315.5858,NA,NA,NA
python.exe,22256,0x0,Other,-1,0,0,Composed: Copy with GPU GDI,2026-8-20 19:20:31.784344400,1.8344,1.8344,0.0000,0.2344,1.7540,0.3038,1.4502,NA,NA,NA,NA,NA,NA,NA
python.exe,22256,0x0,Other,-1,0,0,Composed: Copy with GPU GDI,2026-8-20 19:20:31.786178800,9.6083,9.6083,0.0000,0.1581,10.1567,0.9772,9.1795,NA,NA,NA,NA,NA,NA,NA
python.exe,22256,0x0,Other,0,0,1,Hardware: Legacy Flip,2026-8-20 19:20:31.795787100,0.8290,0.8290,0.0000,0.7092,0.1897,0.1274,0.0623,2.0110,17.2294,18.8424,13335.3765,NA,NA,NA
python.exe,22256,0x0,Other,-1,0,0,Composed: Copy with GPU GDI,2026-8-20 19:20:31.796616100,2.1962,2.1962,0.0000,0.0699,2.2464,1.2656,0.9808,18.4114,3.0457,-16.4004,13336.2055,NA,NA,NA
python.exe,22256,0x0,Other,-1,0,0,Composed: Copy with GPU GDI,2026-8-20 19:20:31.798812300,7.1319,7.1319,0.0000,0.1237,7.2289,0.3297,6.8992,NA,NA,NA,NA,NA,NA,NA
python.exe,22256,0x0,Other,-1,0,0,Composed: Copy with GPU GDI,2026-8-20 19:20:31.805944200,4.0878,4.0878,0.0000,0.2262,4.4038,0.6933,3.7105,NA,NA,NA,NA,NA,NA,NA
python.exe,22256,0x0,Other,0,0,1,Hardware: Legacy Flip,2026-8-20 19:20:31.810032000,6.6828,6.6828,0.0000,0.5460,6.3268,0.2877,6.0391,8.0412,12.5447,10.3702,13349.6214,NA,NA,NA
python.exe,22256,0x0,Other,-1,0,0,Composed: Copy with GPU GDI,2026-8-20 19:20:31.816714800,0.9824,0.9824,0.0000,0.1900,1.2417,1.2417,0.0000,NA,NA,NA,NA,NA,NA,NA
python.exe,22256,0x0,Other,-1,0,0,Composed: Copy with GPU GDI,2026-8-20 19:20:31.817697200,10.2273,10.2273,0.0000,0.4595,10.0159,0.4274,9.5885,NA,NA,NA,NA,NA,NA,NA
python.exe,22256,0x0,Other,-1,0,0,Composed: Copy with GPU GDI,2026-8-20 19:20:31.827924500,1.3155,1.3155,0.0000,1.6281,0.0393,0.0393,0.0000,NA,NA,NA,NA,NA,NA,NA
python.exe,22256,0x0,Other,0,0,1,Hardware: Legacy Flip,2026-8-20 19:20:31.829240000,0.2946,0.2946,0.0000,0.0000,1.3563,0.4971,0.8592,1.3779,13.9248,6.6633,13368.8294,NA,NA,NA
python.exe,22256,0x0,Other,-1,0,0,Composed: Copy with GPU GDI,2026-8-20 19:20:31.829534600,11.2394,11.2394,0.0000,0.0573,11.8555,1.8071,10.0484,NA,NA,NA,NA,NA,NA,NA
python.exe,22256,0x0,Other,-1,0,0,Composed: Copy with GPU GDI,2026-8-20 19:20:31.840774000,0.7834,0.7834,0.0000,0.6766,0.6513,0.6513,0.0000,NA,NA,NA,NA,NA,NA,NA
python.exe,22256,0x0,Other,0,0,1,Hardware: Legacy Flip,2026-8-20 19:20:31.841557400,1.6096,1.6096,0.0000,0.5459,1.0840,0.0702,1.0138,2.9853,19.0106,-1.6074,13381.1468,NA,NA,NA
python.exe,22256,0x0,Other,-1,0,0,Composed: Copy with GPU GDI,2026-8-20 19:20:31.843167000,7.9299,7.9299,0.0000,0.0203,8.3164,1.7746,6.5418,NA,NA,NA,NA,NA,NA,NA
python.exe,22256,0x0,Other,-1,0,0,Composed: Copy with GPU GDI,2026-8-20 19:20:31.851096900,1.8790,1.8790,0.0000,0.4102,1.8085,0.4958,1.3127,NA,NA,NA,NA,NA,NA,NA
python.exe,22256,0x0,Other,-1,0,0,Composed: Copy with GPU GDI,2026-8-20 19:20:31.852975900,8.8435,8.8435,0.0000,9.1673,0.2677,0.2677,0.0000,NA,NA,NA,NA,NA,NA,NA
python.exe,22256,0x0,Other,0,0,1,Hardware: Legacy Flip,2026-8-20 19:20:31.861819400,0.2667,0.2667,0.0000,0.0000,8.8191,0.4997,8.3194,1.7339,18.2265,1.2514,13401.4088,NA,NA,NA
python.exe,22256,0x0,Other,-1,0,0,Composed: Copy with GPU GDI,2026-8-20 19:20:31.862086100,3.8215,3.8215,0.0000,0.3248,3.8618,1.4269,2.4349,19.6937,3.0457,-17.9598,13401.6755,NA,NA,NA
python.exe,22256,0x0,Other,-1,0,0,Composed: Copy with GPU GDI,2026-8-20 19:20:31.865907600,7.6734,7.6734,0.0000,0.3770,7.4046,0.2296,7.1750,NA,NA,NA,NA,NA,NA,NA
python.exe,22256,0x0,Other,-1,0,0,Composed: Copy with GPU GDI,2026-8-20 19:20:31.873581000,4.1401,4.1401,0.0000,0.1100,4.5251,0.8652,3.6599,NA,NA,NA,NA,NA,NA,NA
python.exe,22256,0x0,Other,0,0,1,Hardware: Legacy Flip,2026-8-20 19:20:31.877721100,6.0423,6.0423,0.0000,0.4996,5.6318,0.1600,5.4718,7.1044,12.4243,12.5893,13417.3105,NA,NA,NA
python.exe,22256,0x0,Other,-1,0,0,Composed: Copy with GPU GDI,2026-8-20 19:20:31.883763400,0.5374,0.5374,0.0000,0.0891,1.5436,1.5436,0.0000,NA,NA,NA,NA,NA,NA,NA
python.exe,22256,0x0,Other,-1,0,0,Composed: Copy with GPU GDI,2026-8-20 19:20:31.884300800,9.9323,9.9323,0.0000,1.0993,9.0120,0.3773,8.6347,NA,NA,NA,NA,NA,NA,NA
python.exe,22256,0x0,Other,-1,0,0,Composed: Copy with GPU GDI,2026-8-20 19:20:31.894233100,1.4930,1.4930,0.0000,0.1847,1.5331,0.3915,1.1416,NA,NA,NA,NA,NA,NA,NA
python.exe,22256,0x0,Other,0,0,1,Hardware: Legacy Flip,2026-8-20 19:20:31.895726100,0.3155,0.3155,0.0000,0.2553,0.0824,0.0803,0.0021,1.5237,14.2367,5.5807,13435.3155,NA,NA,NA
python.exe,22256,0x0,Other,-1,0,0,Composed: Copy with GPU GDI,2026-8-20 19:20:31.896041600,9.6794,9.6794,0.0000,0.0222,10.2583,1.7755,8.4828,NA,NA,NA,NA,NA,NA,NA
python.exe,22256,0x0,Other,-1,0,0,Composed: Copy with GPU GDI,2026-8-20 19:20:31.905721000,3.5596,3.5596,0.0000,0.6045,3.1375,0.4014,2.7361,NA,NA,NA,NA,NA,NA,NA
python.exe,22256,0x0,Other,0,0,1,Hardware: Legacy Flip,2026-8-20 19:20:31.909280600,0.9261,0.9261,0.0000,0.1864,0.7810,0.1687,0.6123,2.2059,17.3335,-0.6822,13448.8700,NA,NA,NA
python.exe,22256,0x0,Other,-1,0,0,Composed: Copy with GPU GDI,2026-8-20 19:20:31.910206700,7.2125,7.2125,0.0000,0.0413,7.4385,1.6575,5.7810,NA,NA,NA,NA,NA,NA,NA
python.exe,22256,0x0,Other,-1,0,0,Composed: Copy with GPU GDI,2026-8-20 19:20:31.917419200,2.2599,2.2599,0.0000,0.2706,2.3279,0.4289,1.8990,NA,NA,NA,NA,NA,NA,NA
python.exe,22256,0x0,Other,0,0,1,Hardware: Legacy Flip,2026-8-20 19:20:31.919679100,8.0483,8.0483,0.0000,0.3418,7.8081,0.2693,7.5388,9.1409,13.5749,-6.9350,13459.2685,NA,NA,NA
python.exe,22256,0x0,Other,-1,0,0,Composed: Copy with GPU GDI,2026-8-20 19:20:31.927727400,1.9135,1.9135,0.0000,0.1016,2.5887,1.9045,0.6842,14.6675,3.0672,-5.5266,13467.3168,NA,NA,NA
python.exe,22256,0x0,Other,-1,0,0,Composed: Copy with GPU GDI,2026-8-20 19:20:31.929640900,1.7385,1.7385,0.0000,0.8164,1.4368,0.6658,0.7710,NA,NA,NA,NA,NA,NA,NA
python.exe,22256,0x0,Other,-1,0,0,Composed: Copy with GPU GDI,2026-8-20 19:20:31.931379400,8.0152,8.0152,0.0000,0.5195,7.8003,0.4207,7.3796,NA,NA,NA,NA,NA,NA,NA
python.exe,22256,0x0,Other,0,0,1,Hardware: Legacy Flip,2026-8-20 19:20:31.939394600,4.8363,4.8363,0.0000,0.3078,4.5892,0.1167,4.4725,6.0675,15.1325,8.6000,13478.9840,NA,NA,NA
python.exe,22256,0x0,Other,-1,0,0,Composed: Copy with GPU GDI,2026-8-20 19:20:31.944230900,5.6534,5.6534,0.0000,0.0607,5.8140,1.5770,4.2370,NA,NA,NA,NA,NA,NA,NA
python.exe,22256,0x0,Other,-1,0,0,Composed: Copy with GPU GDI,2026-8-20 19:20:31.949884300,1.6788,1.6788,0.0000,0.2240,1.8920,0.5584,1.3336,10.7103,5.3558,-4.6428,13489.4737,NA,NA,NA
python.exe,22256,0x0,Other,-1,0,0,Composed: Copy with GPU GDI,2026-8-20 19:20:31.951563100,12.0966,12.0966,0.0000,0.4414,11.7701,0.3617,11.4084,NA,NA,NA,NA,NA,NA,NA
python.exe,22256,0x0,Other,-1,0,0,Composed: Copy with GPU GDI,2026-8-20 19:20:31.963659700,0.7183,0.7183,0.0000,0.9304,0.2521,0.2521,0.0000,NA,NA,NA,NA,NA,NA,NA
python.exe,22256,0x0,Other,0,0,1,Hardware: Legacy Flip,2026-8-20 19:20:31.964378000,0.1577,0.1577,0.0000,0.0000,0.8127,0.3340,0.4787,1.5724,18.4680,9.1379,13503.9674,NA,NA,NA
python.exe,22256,0x0,Other,-1,0,0,Composed: Copy with GPU GDI,2026-8-20 19:20:31.964535700,8.1050,8.1050,0.0000,0.3065,8.0852,1.4628,6.6224,NA,NA,NA,NA,NA,NA,NA
python.exe,22256,0x0,Other,-1,0,0,Composed: Copy with GPU GDI,2026-8-20 19:20:31.972640700,1.2909,1.2909,0.0000,0.2906,1.1685,0.2666,0.9019,NA,NA,NA,NA,NA,NA,NA
python.exe,22256,0x0,Other,0,0,1,Hardware: Legacy Flip,2026-8-20 19:20:31.973931600,9.3509,9.3509,0.0000,0.1711,9.2369,0.1422,9.0947,10.4868,12.3852,-8.9144,13513.5210,NA,NA,NA
python.exe,22256,0x0,Other,-1,0,0,Composed: Copy with GPU GDI,2026-8-20 19:20:31.983282500,1.4577,1.4577,0.0000,0.0571,1.7379,1.4189,0.3190,NA,NA,NA,NA,NA,NA,NA
python.exe,22256,0x0,Other,-1,0,0,Composed: Copy with GPU GDI,2026-8-20 19:20:31.984740200,10.2335,10.2335,0.0000,10.5565,0.3702,0.3702,0.0000,NA,NA,NA,NA,NA,NA,NA
python.exe,22256,0x0,Other,0,0,1,Hardware: Legacy Flip,2026-8-20 19:20:31.994973700,0.3047,0.3047,0.0000,0.0000,10.1946,0.4748,9.7198,1.8299,18.4182,8.6569,13534.5631,NA,NA,NA
python.exe,22256,0x0,Other,-1,0,0,Composed: Copy with GPU GDI,2026-8-20 19:20:31.995278400,4.2761,4.2761,0.0000,0.3885,4.6652,2.0211,2.6441,19.9434,1.9319,-18.1135,13534.8678,NA,NA,NA
python.exe,22256,0x0,Other,-1,0,0,Composed: Copy with GPU GDI,2026-8-20 19:20:31.999554500,5.9889,5.9889,0.0000,0.7814,5.3298,0.2604,5.0694,NA,NA,NA,NA,NA,NA,NA
python.exe,22256,0x0,Other,0,0,1,Hardware: Legacy Flip,2026-8-20 19:20:32.005543400,10.4673,10.4673,0.0000,0.1256,10.4134,0.1436,10.2698,11.6103,10.2034,8.3331,13545.1328,NA,NA,NA
python.exe,22256,0x0,Other,-1,0,0,Composed: Copy with GPU GDI,2026-8-20 19:20:32.016010700,0.2794,0.2794,0.0000,0.0717,1.1495,1.1495,0.0000,NA,NA,NA,NA,NA,NA,NA
python.exe,22256,0x0,Other,-1,0,0,Composed: Copy with GPU GDI,2026-8-20 19:20:32.016290100,0.6116,0.6116,0.0000,0.9784,0.0398,0.0398,0.0000,11.0670,3.0165,0.5433,13555.8795,NA,NA,NA
python.exe,22256,0x0,Other,-1,0,0,Composed: Copy with GPU GDI,2026-8-20 19:20:32.016901700,10.9207,10.9207,0.0000,0.3720,10.8841,0.5623,10.3218,NA,NA,NA,NA,NA,NA,NA
python.exe,22256,0x0,Other,0,0,1,Hardware: Legacy Flip,2026-8-20 19:20:32.027822400,1.3222,1.3222,0.0000,0.3408,1.0116,0.1021,0.9095,2.5512,9.1852,8.5158,13567.4118,NA,NA,NA
python.exe,22256,0x0,Other,-1,0,0,Composed: Copy with GPU GDI,2026-8-20 19:20:32.029144600,0.3474,0.3474,0.0000,0.0302,1.2917,1.2917,0.0000,10.4142,5.2028,-7.8630,13568.7340,NA,NA,NA
python.exe,22256,0x0,Other,-1,0,0,Composed: Copy with GPU GDI,2026-8-20 19:20:32.029492000,9.1326,9.1326,0.0000,1.0572,8.7688,0.9068,7.8620,NA,NA,NA,NA,NA,NA,NA
python.exe,22256,0x0,Other,-1,0,0,Composed: Copy with GPU GDI,2026-8-20 19:20:32.038624600,2.2439,2.2439,0.0000,0.7009,1.9925,0.6950,1.2975,NA,NA,NA,NA,NA,NA,NA
python.exe,22256,0x0,Other,0,0,1,Hardware: Legacy Flip,2026-8-20 19:20:32.040868500,2.7651,2.7651,0.0000,0.4532,2.3321,0.0890,2.2431,3.8931,18.7537,6.5211,13580.4579,NA,NA,NA
python.exe,22256,0x0,Other,-1,0,0,Composed: Copy with GPU GDI,2026-8-20 19:20:32.043633600,6.9041,6.9041,0.0000,0.0202,7.0312,1.3273,5.7039,NA,NA,NA,NA,NA,NA,NA
python.exe,22256,0x0,Other,-1,0,0,Composed: Copy with GPU GDI,2026-8-20 19:20:32.050537700,2.0661,2.0661,0.0000,0.1578,2.5958,0.8328,1.7630,NA,NA,NA,NA,NA,NA,NA
python.exe,22256,0x0,Other,0,0,1,Hardware: Legacy Flip,2026-8-20 19:20:32.052603800,9.4896,9.4896,0.0000,0.6950,8.8780,0.2021,8.6759,10.9115,12.3675,-7.0184,13592.1932,NA,NA,NA
python.exe,22256,0x0,Other,-1,0,0,Composed: Copy with GPU GDI,2026-8-20 19:20:32.062093400,0.8022,0.8022,0.0000,0.0834,1.7602,1.7602,0.0000,13.7894,6.0430,-2.8779,13601.6828,NA,NA,NA
python.exe,22256,0x0,Other,-1,0,0,Composed: Copy with GPU GDI,2026-8-20 19:20:32.062895600,2.1471,2.1471,0.0000,1.0695,1.7319,0.8353,0.8966,19.0302,5.0919,-5.2408,13602.4850,NA,NA,NA
python.exe,22256,0x0,Other,-1,0,0,Composed: Copy with GPU GDI,2026-8-20 19:20:32.065042700,8.6351,8.6351,0.0000,0.6588,8.6522,1.0071,7.6451,NA,NA,NA,NA,NA,NA,NA
python.exe,22256,0x0,Other,-1,0,0,Composed: Copy with GPU GDI,2026-8-20 19:20:32.073677800,3.8327,3.8327,0.0000,0.6802,3.3813,0.3746,3.0067,NA,NA,NA,NA,NA,NA,NA
python.exe,22256,0x0,Other,0,0,1,Hardware: Legacy Flip,2026-8-20 19:20:32.077510500,8.1943,8.1943,0.0000,0.2334,8.0215,0.1370,7.8845,9.5072,11.5756,9.5230,13617.0999,NA,NA,NA
python.exe,22256,0x0,Other,-1,0,0,Composed: Copy with GPU GDI,2026-8-20 19:20:32.085704800,0.5604,0.5604,0.0000,0.0606,1.3655,1.3655,0.0000,NA,NA,NA,NA,NA,NA,NA
python.exe,22256,0x0,Other,-1,0,0,Composed: Copy with GPU GDI,2026-8-20 19:20:32.086265200,9.4731,9.4731,0.0000,0.8681,9.3636,0.9678,8.3958,NA,NA,NA,NA,NA,NA,NA
python.exe,22256,0x0,Other,-1,0,0,Composed: Copy with GPU GDI,2026-8-20 19:20:32.095738300,1.1751,1.1751,0.0000,0.7634,0.7692,0.5468,0.2224,NA,NA,NA,NA,NA,NA,NA
python.exe,22256,0x0,Other,0,0,1,Hardware: Legacy Flip,2026-8-20 19:20:32.096913400,0.4326,0.4326,0.0000,0.3625,0.1338,0.1317,0.0021,1.6799,13.0219,7.8273,13636.5028,NA,NA,NA
python.exe,22256,0x0,Other,-1,0,0,Composed: Copy with GPU GDI,2026-8-20 19:20:32.097346000,10.8009,10.8009,0.0000,0.0637,11.2247,1.7760,9.4487,NA,NA,NA,NA,NA,NA,NA
python.exe,22256,0x0,Other,-1,0,0,Composed: Copy with GPU GDI,2026-8-20 19:20:32.108146900,1.3853,1.3853,0.0000,0.4913,1.4711,0.7068,0.7643,NA,NA,NA,NA,NA,NA,NA
python.exe,22256,0x0,Other,0,0,1,Hardware: Legacy Flip,2026-8-20 19:20:32.109532200,0.9391,0.9391,0.0000,0.5831,0.3800,0.0992,0.2808,2.0830,18.8878,-0.4031,13649.1216,NA,NA,NA
python.exe,22256,0x0,Other,-1,0,0,Composed: Copy with GPU GDI,2026-8-20 19:20:32.110471300,8.8465,8.8465,0.0000,0.0240,9.1817,1.5591,7.6226,20.0317,1.3824,-17.9487,13650.0607,NA,NA,NA
python.exe,22256,0x0,Other,0,0,1,Hardware: Legacy Flip,2026-8-20 19:20:32.119317800,11.5326,11.5326,0.0000,0.3755,11.2594,0.2259,11.0335,12.5676,10.7099,7.4641,13658.9072,NA,NA,NA
python.exe,22256,0x0,Other,-1,0,0,Composed: Copy with GPU GDI,2026-8-20 19:20:32.130850400,0.7946,0.7946,0.0000,0.1023,1.5349,1.5349,0.0000,11.7449,10.7220,0.8227,13670.4398,NA,NA,NA
python.exe,22256,0x0,Other,-1,0,0,Composed: Copy with GPU GDI,2026-8-20 19:20:32.131645000,8.3591,8.3591,0.0000,0.8468,7.8642,0.6356,7.2286,NA,NA,NA,NA,NA,NA,NA
python.exe,22256,0x0,Other,-1,0,0,Composed: Copy with GPU GDI,2026-8-20 19:20:32.140004100,4.1264,4.1264,0.0000,0.3705,4.3955,0.8062,3.5893,NA,NA,NA,NA,NA,NA,NA
python.exe,22256,0x0,Other,0,0,1,Hardware: Legacy Flip,2026-8-20 19:20:32.144130500,7.6347,7.6347,0.0000,0.6425,7.0753,0.1915,6.8838,9.1868,11.4392,2.5581,13683.7199,NA,NA,NA
python.exe,22256,0x0,Other,-1,0,0,Composed: Copy with GPU GDI,2026-8-20 19:20:32.151765200,1.0008,1.0008,0.0000,0.0831,1.8003,1.8003,0.0000,NA,NA,NA,NA,NA,NA,NA
python.exe,22256,0x0,Other,-1,0,0,Composed: Copy with GPU GDI,2026-8-20 19:20:32.152766000,8.6237,8.6237,0.0000,0.8925,8.3132,0.7369,7.5763,NA,NA,NA,NA,NA,NA,NA
python.exe,22256,0x0,Other,-1,0,0,Composed: Copy with GPU GDI,2026-8-20 19:20:32.161389700,1.4910,1.4910,0.0000,0.5873,1.2612,0.5241,0.7371,NA,NA,NA,NA,NA,NA,NA
python.exe,22256,0x0,Other,0,0,1,Hardware: Legacy Flip,2026-8-20 19:20:32.162880700,0.5124,0.5124,0.0000,0.3630,0.2178,0.2143,0.0035,1.8758,12.1333,7.3110,13702.4701,NA,NA,NA
python.exe,22256,0x0,Other,-1,0,0,Composed: Copy with GPU GDI,2026-8-20 19:20:32.163393100,11.1814,11.1814,0.0000,0.0684,11.5856,1.8591,9.7265,NA,NA,NA,NA,NA,NA,NA
python.exe,22256,0x0,Other,-1,0,0,Composed: Copy with GPU GDI,2026-8-20 19:20:32.174574500,0.7031,0.7031,0.0000,1.0258,0.1289,0.1289,0.0000,NA,NA,NA,NA,NA,NA,NA
python.exe,22256,0x0,Other,0,0,1,Hardware: Legacy Flip,2026-8-20 19:20:32.175277600,0.2943,0.2943,0.0000,0.0000,0.5492,0.4519,0.0973,1.6122,20.3011,0.2636,13714.8670,NA,NA,NA
python.exe,22256,0x0,Other,-1,0,0,Composed: Copy with GPU GDI,2026-8-20 19:20:32.175571900,7.4108,7.4108,0.0000,0.1573,7.4853,1.5103,5.9750,21.6190,0.5969,-20.0068,13715.1613,NA,NA,NA
python.exe,22256,0x0,Other,-1,0,0,Composed: Copy with GPU GDI,2026-8-20 19:20:32.182982700,3.8296,3.8296,0.0000,0.2350,4.0656,0.6649,3.4007,NA,NA,NA,NA,NA,NA,NA
python.exe,22256,0x0,Other,-1,0,0,Composed: Copy with GPU GDI,2026-8-20 19:20:32.186812300,9.1871,9.1871,0.0000,9.4008,0.4777,0.4777,0.0000,NA,NA,NA,NA,NA,NA,NA
python.exe,22256,0x0,Other,0,0,1,Hardware: Legacy Flip,2026-8-20 19:20:32.195999400,0.1405,0.1405,0.0000,0.0000,8.9272,0.4491,8.4781,1.7884,12.9525,19.8306,13735.5888,NA,NA,NA
python.exe,22256,0x0,Other,-1,0,0,Composed: Copy with GPU GDI,2026-8-20 19:20:32.196139900,2.0142,2.0142,0.0000,0.5509,1.6657,1.4332,0.2325,NA,NA,NA,NA,NA,NA,NA
python.exe,22256,0x0,Other,-1,0,0,Composed: Copy with GPU GDI,2026-8-20 19:20:32.198154100,8.2149,8.2149,0.0000,0.2062,8.6100,0.7770,7.8330,NA,NA,NA,NA,NA,NA,NA
python.exe,22256,0x0,Other,0,0,1,Hardware: Legacy Flip,2026-8-20 19:20:32.206369000,3.2214,3.2214,0.0000,0.6064,2.6484,0.1312,2.5172,4.3713,16.8023,-2.5829,13745.9584,NA,NA,NA
python.exe,22256,0x0,Other,-1,0,0,Composed: Copy with GPU GDI,2026-8-20 19:20:32.209590400,0.8558,0.8558,0.0000,0.0334,1.9346,1.9346,0.0000,17.9522,2.7633,-13.5809,13749.1798,NA,NA,NA
python.exe,22256,0x0,Other,-1,0,0,Composed: Copy with GPU GDI,2026-8-20 19:20:32.210446200,8.5522,8.5522,0.0000,1.1171,7.6839,0.3998,7.2841,NA,NA,NA,NA,NA,NA,NA
python.exe,22256,0x0,Other,-1,0,0,Composed: Copy with GPU GDI,2026-8-20 19:20:32.218998400,8.6395,8.6395,0.0000,0.2518,8.5868,0.3425,8.2443,NA,NA,NA,NA,NA,NA,NA
python.exe,22256,0x0,Other,0,0,1,Hardware: Legacy Flip,2026-8-20 19:20:32.227637900,1.1089,1.1089,0.0000,0.2037,0.9820,0.1533,0.8287,2.6680,9.3723,15.2842,13767.2273,NA,NA,NA
python.exe,22256,0x0,Other,-1,0,0,Composed: Copy with GPU GDI,2026-8-20 19:20:32.228746800,0.2519,0.2519,0.0000,0.0768,0.3502,0.3502,0.0000,10.9314,4.3268,-8.2634,13768.3362,NA,NA,NA
python.exe,22256,0x0,Other,-1,0,0,Composed: Copy with GPU GDI,2026-8-20 19:20:32.228998700,9.0575,9.0575,0.0000,0.1751,9.2945,1.5796,7.7149,NA,NA,NA,NA,NA,NA,NA
python.exe,22256,0x0,Other,-1,0,0,Composed: Copy with GPU GDI,2026-8-20 19:20:32.238056200,2.9837,2.9837,0.0000,0.4164,2.9104,0.4947,2.4157,NA,NA,NA,NA,NA,NA,NA
python.exe,22256,0x0,Other,0,0,1,Hardware: Legacy Flip,2026-8-20 19:20:32.241039900,1.6509,1.6509,0.0000,0.3488,1.3179,0.0607,1.2572,2.9651,18.8028,7.9663,13780.6293,NA,NA,NA
python.exe,22256,0x0,Other,-1,0,0,Composed: Copy with GPU GDI,2026-8-20 19:20:32.242690800,6.1426,6.1426,0.0000,0.0158,6.3706,1.6188,4.7518,NA,NA,NA,NA,NA,NA,NA
python.exe,22256,0x0,Other,-1,0,0,Composed: Copy with GPU GDI,2026-8-20 19:20:32.248833400,5.0717,5.0717,0.0000,0.2478,5.1938,0.4921,4.7017,NA,NA,NA,NA,NA,NA,NA
python.exe,22256,0x0,Other,-1,0,0,Composed: Copy with GPU GDI,2026-8-20 19:20:32.253905100,6.9394,6.9394,0.0000,0.3724,6.8192,0.3964,6.4228,NA,NA,NA,NA,NA,NA,NA
python.exe,22256,0x0,Other,0,0,1,Hardware: Legacy Flip,2026-8-20 19:20:32.260844500,0.4911,0.4911,0.0000,0.2554,0.2856,0.0969,0.1887,1.9633,19.3987,1.0018,13800.4339,NA,NA,NA
python.exe,22256,0x0,Other,-1,0,0,Composed: Copy with GPU GDI,2026-8-20 19:20:32.261335600,3.9865,3.9865,0.0000,0.0499,4.5958,2.1027,2.4931,20.8709,3.2199,-18.9076,13800.9250,NA,NA,NA
python.exe,22256,0x0,Other,-1,0,0,Composed: Copy with GPU GDI,2026-8-20 19:20:32.265322100,9.0925,9.0925,0.0000,0.6623,8.7476,0.4348,8.3128,NA,NA,NA,NA,NA,NA,NA
python.exe,22256,0x0,Other,-1,0,0,Composed: Copy with GPU GDI,2026-8-20 19:20:32.274414600,1.8792,1.8792,0.0000,0.3206,1.9230,0.4887,1.4343,NA,NA,NA,NA,NA,NA,NA
python.exe,22256,0x0,Other,0,0,1,Hardware: Legacy Flip,2026-8-20 19:20:32.276293800,7.9144,7.9144,0.0000,0.3676,7.6972,0.2780,7.4192,9.1326,11.8336,11.7383,13815.8832,NA,NA,NA
python.exe,22256,0x0,Other,-1,0,0,Composed: Copy with GPU GDI,2026-8-20 19:20:32.284208200,0.9566,0.9566,0.0000,0.1504,1.6629,1.6629,0.0000,NA,NA,NA,NA,NA,NA,NA
python.exe,22256,0x0,Other,-1,0,0,Composed: Copy with GPU GDI,2026-8-20 19:20:32.285164800,3.2897,3.2897,0.0000,0.8606,2.5823,0.3410,2.2413,NA,NA,NA,NA,NA,NA,NA
python.exe,22256,0x0,Other,0,0,1,Hardware: Legacy Flip,2026-8-20 19:20:32.288454500,7.3765,7.3765,0.0000,0.1556,7.2569,0.1089,7.1480,8.8055,15.4690,0.3271,13828.0439,NA,NA,NA
python.exe,22256,0x0,Other,-1,0,0,Composed: Copy with GPU GDI,2026-8-20 19:20:32.295831000,0.4659,0.4659,0.0000,0.0360,1.4431,1.4431,0.0000,16.8980,5.1812,-8.0925,13835.4204,NA,NA,NA
python.exe,22256,0x0,Other,-1,0,0,Composed: Copy with GPU GDI,2026-8-20 19:20:32.296296900,9.6347,9.6347,0.0000,1.0169,8.8131,0.3998,8.4133,NA,NA,NA,NA,NA,NA,NA
python.exe,22256,0x0,Other,-1,0,0,Composed: Copy with GPU GDI,2026-8-20 19:20:32.305931600,1.4633,1.4633,0.0000,0.1982,1.9526,0.8348,1.1178,NA,NA,NA,NA,NA,NA,NA
python.exe,22256,0x0,Other,0,0,1,Hardware: Legacy Flip,2026-8-20 19:20:32.307394900,9.4629,9.4629,0.0000,0.6909,8.8269,0.1181,8.7088,10.5153,11.7576,6.3827,13846.9843,NA,NA,NA
python.exe,22256,0x0,Other,-1,0,0,Composed: Copy with GPU GDI,2026-8-20 19:20:32.316857800,1.2659,1.2659,0.0000,0.0549,1.7978,1.6957,0.1021,NA,NA,NA,NA,NA,NA,NA
python.exe,22256,0x0,Other,-1,0,0,Composed: Copy with GPU GDI,2026-8-20 19:20:32.318123700,9.5757,9.5757,0.0000,0.5924,9.3624,0.5313,8.8311,NA,NA,NA,NA,NA,NA,NA
python.exe,22256,0x0,Other,0,0,1,Hardware: Legacy Flip,2026-8-20 19:20:32.327699400,0.4068,0.4068,0.0000,0.3791,0.0471,0.0471,0.0000,1.9684,19.2255,8.5469,13867.2888,NA,NA,NA
python.exe,22256,0x0,Other,-1,0,0,Composed: Copy with GPU GDI,2026-8-20 19:20:32.328106200,3.6353,3.6353,0.0000,0.0194,4.0802,2.2229,1.8573,20.7871,3.7782,-18.8187,13867.6956,NA,NA,NA
python.exe,22256,0x0,Other,-1,0,0,Composed: Copy with GPU GDI,2026-8-20 19:20:32.331741500,8.8407,8.8407,0.0000,0.4715,8.6669,0.4555,8.2114,NA,NA,NA,NA,NA,NA,NA
python.exe,22256,0x0,Other,-1,0,0,Composed: Copy with GPU GDI,2026-8-20 19:20:32.340582200,2.5890,2.5890,0.0000,0.3007,2.7432,0.5842,2.1590,NA,NA,NA,NA,NA,NA,NA
python.exe,22256,0x0,Other,-1,0,0,Composed: Copy with GPU GDI,2026-8-20 19:20:32.343171200,8.2049,8.2049,0.0000,8.5572,0.7860,0.7860,0.0000,NA,NA,NA,NA,NA,NA,NA
python.exe,22256,0x0,Other,0,0,1,Hardware: Legacy Flip,2026-8-20 19:20:32.351376100,0.2292,0.2292,0.0000,0.0000,8.0990,0.6894,7.4096,1.2954,10.2515,19.4917,13890.9655,NA,NA,NA
python.exe,22256,0x0,Other,-1,0,0,Composed: Copy with GPU GDI,2026-8-20 19:20:32.351605300,9.0651,9.0651,0.0000,0.9091,8.3203,0.4172,7.9031,NA,NA,NA,NA,NA,NA,NA
python.exe,22256,0x0,Other,0,0,1,Hardware: Legacy Flip,2026-8-20 19:20:32.360670400,1.1655,1.1655,0.0000,0.1670,1.0892,0.2002,0.8890,2.2526,16.3164,-0.9572,13900.2598,NA,NA,NA
python.exe,22256,0x0,Other,-1,0,0,Composed: Copy with GPU GDI,2026-8-20 19:20:32.361835900,0.9372,0.9372,0.0000,0.0907,1.7118,1.7118,0.0000,17.4035,0.2594,-15.1509,13901.4253,NA,NA,NA
python.exe,22256,0x0,Other,-1,0,0,Composed: Copy with GPU GDI,2026-8-20 19:20:32.362773100,9.0021,9.0021,0.0000,0.8827,8.4785,0.5005,7.9780,NA,NA,NA,NA,NA,NA,NA
python.exe,22256,0x0,Other,-1,0,0,Composed: Copy with GPU GDI,2026-8-20 19:20:32.371775200,2.6050,2.6050,0.0000,0.3639,2.9514,0.9053,2.0461,NA,NA,NA,NA,NA,NA,NA
python.exe,22256,0x0,Other,0,0,1,Hardware: Legacy Flip,2026-8-20 19:20:32.374380200,3.6676,3.6676,0.0000,0.7160,3.0283,0.1932,2.8351,5.1186,16.7518,12.2849,13913.9696,NA,NA,NA
python.exe,22256,0x0,Other,-1,0,0,Composed: Copy with GPU GDI,2026-8-20 19:20:32.378047800,6.1129,6.1129,0.0000,0.0767,6.3767,1.8166,4.5601,NA,NA,NA,NA,NA,NA,NA
python.exe,22256,0x0,Other,-1,0,0,Composed: Copy with GPU GDI,2026-8-20 19:20:32.384160700,1.8236,1.8236,0.0000,0.3441,2.1632,0.7931,1.3701,NA,NA,NA,NA,NA,NA,NA
python.exe,22256,0x0,Other,0,0,1,Hardware: Legacy Flip,2026-8-20 19:20:32.385984300,9.1732,9.1732,0.0000,0.6875,8.5348,0.1639,8.3709,10.2663,13.2693,-5.1477,13925.5737,NA,NA,NA
python.exe,22256,0x0,Other,-1,0,0,Composed: Copy with GPU GDI,2026-8-20 19:20:32.395157500,0.1787,0.1787,0.0000,0.0491,1.1076,1.1076,0.0000,14.3624,0.3522,-4.0961,13934.7469,NA,NA,NA
python.exe,22256,0x0,Other,-1,0,0,Composed: Copy with GPU GDI,2026-8-20 19:20:32.395336200,2.9488,2.9488,0.0000,0.9802,2.9107,1.0289,1.8818,NA,NA,NA,NA,NA,NA,NA
python.exe,22256,0x0,Other,-1,0,0,Composed: Copy with GPU GDI,2026-8-20 19:20:32.398285000,8.7489,8.7489,0.0000,0.9472,7.9642,0.3336,7.6306,NA,NA,NA,NA,NA,NA,NA
python.exe,22256,0x0,Other,0,0,1,Hardware: Legacy Flip,2026-8-20 19:20:32.407033900,1.5492,1.5492,0.0000,0.1661,1.4744,0.1768,1.2976,2.8382,17.8508,11.5242,13946.6233,NA,NA,NA
python.exe,22256,0x0,Other,-1,0,0,Composed: Copy with GPU GDI,2026-8-20 19:20:32.408583100,7.7864,7.7864,0.0000,0.0913,7.8414,1.3975,6.4439,NA,NA,NA,NA,NA,NA,NA
python.exe,22256,0x0,Other,-1,0,0,Composed: Copy with GPU GDI,2026-8-20 19:20:32.416369500,0.6015,0.6015,0.0000,0.1496,0.8120,0.4567,0.3553,11.3534,2.7050,-8.5152,13955.9589,NA,NA,NA
python.exe,22256,0x0,Other,-1,0,0,Composed: Copy with GPU GDI,2026-8-20 19:20:32.416971000,10.7506,10.7506,0.0000,0.3640,10.8285,0.6086,10.2199,NA,NA,NA,NA,NA,NA,NA
python.exe,22256,0x0,Other,-1,0,0,Composed: Copy with GPU GDI,2026-8-20 19:20:32.427721600,1.3987,1.3987,0.0000,0.4657,1.0228,0.2134,0.8094,NA,NA,NA,NA,NA,NA,NA
python.exe,22256,0x0,Other,0,0,1,Hardware: Legacy Flip,2026-8-20 19:20:32.429120300,0.1227,0.1227,0.0000,0.0898,0.0836,0.0836,0.0000,1.3076,14.8000,10.0458,13968.7097,NA,NA,NA
python.exe,22256,0x0,Other,-1,0,0,Composed: Copy with GPU GDI,2026-8-20 19:20:32.429243000,8.9499,8.9499,0.0000,0.0507,9.0272,1.3427,7.6845,NA,NA,NA,NA,NA,NA,NA
python.exe,22256,0x0,Other,-1,0,0,Composed: Copy with GPU GDI,2026-8-20 19:20:32.438192900,2.9244,2.9244,0.0000,0.1341,3.0438,0.4084,2.6354,NA,NA,NA,NA,NA,NA,NA
python.exe,22256,0x0,Other,0,0,1,Hardware: Legacy Flip,2026-8-20 19:20:32.441117300,2.8475,2.8475,0.0000,0.2568,2.6058,0.0542,2.5516,4.1106,16.9486,-2.8030,13980.7067,NA,NA,NA
python.exe,22256,0x0,Other,-1,0,0,Composed: Copy with GPU GDI,2026-8-20 19:20:32.443964800,7.1977,7.1977,0.0000,0.0151,7.4550,1.6302,5.8248,NA,NA,NA,NA,NA,NA,NA
python.exe,22256,0x0,Other,-1,0,0,Composed: Copy with GPU GDI,2026-8-20 19:20:32.451162500,1.0532,1.0532,0.0000,0.2760,1.0683,0.5161,0.5522,NA,NA,NA,NA,NA,NA,NA
python.exe,22256,0x0,Other,0,0,1,Hardware: Legacy Flip,2026-8-20 19:20:32.452215700,8.7063,8.7063,0.0000,0.2997,8.4541,0.0927,8.3614,9.9608,14.1775,-5.8502,13991.8051,NA,NA,NA
python.exe,22256,0x0,Other,-1,0,0,Composed: Copy with GPU GDI,2026-8-20 19:20:32.460922000,0.8154,0.8154,0.0000,0.0475,1.8111,1.8111,0.0000,15.4320,5.9916,-5.4712,14000.5114,NA,NA,NA
python.exe,22256,0x0,Other,-1,0,0,Composed: Copy with GPU GDI,2026-8-20 19:20:32.461737400,3.9101,3.9101,0.0000,1.0466,3.3921,0.8127,2.5794,20.6082,4.6057,-5.1762,14001.3268,NA,NA,NA
python.exe,22256,0x0,Other,-1,0,0,Composed: Copy with GPU GDI,2026-8-20 19:20:32.465647500,7.3434,7.3434,0.0000,0.5330,7.1854,0.5131,6.6723,NA,NA,NA,NA,NA,NA,NA
python.exe,22256,0x0,Other,-1,0,0,Composed: Copy with GPU GDI,2026-8-20 19:20:32.472990900,12.0829,12.0829,0.0000,0.3791,11.8587,0.3441,11.5146,NA,NA,NA,NA,NA,NA,NA
python.exe,22256,0x0,Other,0,0,1,Hardware: Legacy Flip,2026-8-20 19:20:32.485073800,0.1879,0.1879,0.0000,0.1549,0.0837,0.0837,0.0000,1.8775,7.6360,18.7307,14024.6632,NA,NA,NA
python.exe,22256,0x0,Other,-1,0,0,Composed: Copy with GPU GDI,2026-8-20 19:20:32.485261700,0.3407,0.3407,0.0000,0.0507,0.5757,0.5757,0.0000,9.3256,3.1252,-7.4481,14024.8511,NA,NA,NA
python.exe,22256,0x0,Other,-1,0,0,Composed: Copy with GPU GDI,2026-8-20 19:20:32.485602400,9.6275,9.6275,0.0000,0.2857,10.0742,2.0021,8.0721,NA,NA,NA,NA,NA,NA,NA
python.exe,22256,0x0,Other,-1,0,0,Composed: Copy with GPU GDI,2026-8-20 19:20:32.495229900,1.0039,1.0039,0.0000,0.7366,0.6186,0.4842,0.1344,NA,NA,NA,NA,NA,NA,NA
python.exe,22256,0x0,Other,0,0,1,Hardware: Legacy Flip,2026-8-20 19:20:32.496233800,0.3678,0.3678,0.0000,0.3513,0.0638,0.0638,0.0000,1.4787,14.1470,7.8469,14035.8232,NA,NA,NA
python.exe,22256,0x0,Other,-1,0,0,Composed: Copy with GPU GDI,2026-8-20 19:20:32.496601600,8.6326,8.6326,0.0000,0.0473,8.7416,1.2187,7.5229,NA,NA,NA,NA,NA,NA,NA
python.exe,22256,0x0,Other,-1,0,0,Composed: Copy with GPU GDI,2026-8-20 19:20:32.505234200,1.5984,1.5984,0.0000,0.1589,1.9046,0.5787,1.3259,NA,NA,NA,NA,NA,NA,NA
python.exe,22256,0x0,Other,0,0,1,Hardware: Legacy Flip,2026-8-20 19:20:32.506832600,3.7465,3.7465,0.0000,0.4704,3.2918,0.0590,3.2328,5.0269,18.9901,-3.5482,14046.4220,NA,NA,NA
python.exe,22256,0x0,Other,-1,0,0,Composed: Copy with GPU GDI,2026-8-20 19:20:32.510579100,6.6176,6.6176,0.0000,0.0157,6.9295,1.6363,5.2932,20.2705,0.7204,-15.2436,14050.1685,NA,NA,NA
python.exe,22256,0x0,Other,-1,0,0,Composed: Copy with GPU GDI,2026-8-20 19:20:32.517196700,2.8511,2.8511,0.0000,0.3316,2.7556,0.3860,2.3696,NA,NA,NA,NA,NA,NA,NA
python.exe,22256,0x0,Other,0,0,1,Hardware: Legacy Flip,2026-8-20 19:20:32.520047800,10.5354,10.5354,0.0000,0.2408,10.3463,0.1067,10.2396,11.5222,11.4747,8.7483,14059.6372,NA,NA,NA
python.exe,22256,0x0,Other,-1,0,0,Composed: Copy with GPU GDI,2026-8-20 19:20:32.530583200,0.2251,0.2251,0.0000,0.0517,1.0053,1.0053,0.0000,NA,NA,NA,NA,NA,NA,NA
python.exe,22256,0x0,Other,-1,0,0,Composed: Copy with GPU GDI,2026-8-20 19:20:32.530808300,9.1526,9.1526,0.0000,0.8343,8.7724,0.6539,8.1185,NA,NA,NA,NA,NA,NA,NA
python.exe,22256,0x0,Other,0,0,1,Hardware: Legacy Flip,2026-8-20 19:20:32.539960900,1.9214,1.9214,0.0000,0.4577,1.4896,0.0942,1.3954,3.0838,18.1565,8.4384,14079.5503,NA,NA,NA
python.exe,22256,0x0,Other,-1,0,0,Composed: Copy with GPU GDI,2026-8-20 19:20:32.541882300,1.7170,1.7170,0.0000,0.0259,2.0449,1.4826,0.5623,19.3189,2.3737,-16.2351,14081.4717,NA,NA,NA
python.exe,22256,0x0,Other,-1,0,0,Composed: Copy with GPU GDI,2026-8-20 19:20:32.543599300,9.2147,9.2147,0.0000,0.3575,9.1427,0.4202,8.7225,NA,NA,NA,NA,NA,NA,NA
python.exe,22256,0x0,Other,-1,0,0,Composed: Copy with GPU GDI,2026-8-20 19:20:32.552814000,2.9891,2.9891,0.0000,0.2897,3.1573,0.6213,2.5360,NA,NA,NA,NA,NA,NA,NA
python.exe,22256,0x0,Other,0,0,1,Hardware: Legacy Flip,2026-8-20 19:20:32.555803100,6.8086,6.8086,0.0000,0.4714,6.4045,0.1448,6.2597,7.7718,14.1825,11.5471,14095.3925,NA,NA,NA
python.exe,22256,0x0,Other,-1,0,0,Composed: Copy with GPU GDI,2026-8-20 19:20:32.562611700,0.4302,0.4302,0.0000,0.0673,1.1120,1.1120,0.0000,NA,NA,NA,NA,NA,NA,NA
python.exe,22256,0x0,Other,-1,0,0,Composed: Copy with GPU GDI,2026-8-20 19:20:32.563041900,11.5435,11.5435,0.0000,0.7522,11.0582,0.5326,10.5256,NA,NA,NA,NA,NA,NA,NA
python.exe,22256,0x0,Other,-1,0,0,Composed: Copy with GPU GDI,2026-8-20 19:20:32.574585400,1.0627,1.0627,0.0000,0.2706,1.3382,0.6727,0.6655,NA,NA,NA,NA,NA,NA,NA
python.exe,22256,0x0,Other,0,0,1,Hardware: Legacy Flip,2026-8-20 19:20:32.575648100,0.7228,0.7228,0.0000,0.5490,0.1954,0.0759,0.1195,2.1093,19.4677,5.6625,14115.2375,NA,NA,NA
python.exe,22256,0x0,Other,-1,0,0,Composed: Copy with GPU GDI,2026-8-20 19:20:32.576370900,9.6687,9.6687,0.0000,0.0216,10.3329,2.1825,8.1504,NA,NA,NA,NA,NA,NA,NA
python.exe,22256,0x0,Other,-1,0,0,Composed: Copy with GPU GDI,2026-8-20 19:20:32.586039600,1.0253,1.0253,0.0000,0.6913,0.5096,0.3492,0.1604,NA,NA,NA,NA,NA,NA,NA
python.exe,22256,0x0,Other,-1,0,0,Composed: Copy with GPU GDI,2026-8-20 19:20:32.587064900,8.4639,8.4639,0.0000,0.1799,8.5286,0.5263,8.0023,NA,NA,NA,NA,NA,NA,NA
python.exe,22256,0x0,Other,0,0,1,Hardware: Legacy Flip,2026-8-20 19:20:32.595528800,0.4206,0.4206,0.0000,0.2485,0.2314,0.1164,0.1150,1.6963,15.7442,0.4130,14135.1182,NA,NA,NA
python.exe,22256,0x0,Other,-1,0,0,Composed: Copy with GPU GDI,2026-8-20 19:20:32.595949400,2.5575,2.5575,0.0000,0.0593,2.8042,1.5614,1.2428,NA,NA,NA,NA,NA,NA,NA
python.exe,22256,0x0,Other,-1,0,0,Composed: Copy with GPU GDI,2026-8-20 19:20:32.598506900,6.7515,6.7515,0.0000,0.3108,6.6960,0.4077,6.2883,NA,NA,NA,NA,NA,NA,NA
python.exe,22256,0x0,Other,-1,0,0,Composed: Copy with GPU GDI,2026-8-20 19:20:32.605258400,5.5014,5.5014,0.0000,0.2603,5.5927,0.4877,5.1050,NA,NA,NA,NA,NA,NA,NA
python.exe,22256,0x0,Other,0,0,1,Hardware: Legacy Flip,2026-8-20 19:20:32.610759800,0.6087,0.6087,0.0000,0.3616,0.3028,0.1976,0.1052,2.2095,18.1948,-0.5132,14150.3492,NA,NA,NA
python.exe,22256,0x0,Other,-1,0,0,Composed: Copy with GPU GDI,2026-8-20 19:20:32.611368500,6.2928,6.2928,0.0000,0.0557,6.4347,1.7485,4.6862,NA,NA,NA,NA,NA,NA,NA
python.exe,22256,0x0,Other,-1,0,0,Composed: Copy with GPU GDI,2026-8-20 19:20:32.617661300,11.3023,11.3023,0.0000,0.2004,11.6362,0.7628,10.8734,NA,NA,NA,NA,NA,NA,NA
python.exe,22256,0x0,Other,0,0,1,Hardware: Legacy Flip,2026-8-20 19:20:32.628963600,0.9624,0.9624,0.0000,0.5413,0.4820,0.1144,0.3676,2.2005,8.9103,0.0090,14168.5530,NA,NA,NA
python.exe,22256,0x0,Other,-1,0,0,Composed: Copy with GPU GDI,2026-8-20 19:20:32.629926000,0.3857,0.3857,0.0000,0.0609,1.2455,1.2455,0.0000,10.1484,11.3455,-7.9479,14169.5154,NA,NA,NA
python.exe,22256,0x0,Other,-1,0,0,Composed: Copy with GPU GDI,2026-8-20 19:20:32.630311700,8.9898,8.9898,0.0000,0.9240,8.5129,0.6922,7.8207,NA,NA,NA,NA,NA,NA,NA
python.exe,22256,0x0,Other,-1,0,0,Composed: Copy with GPU GDI,2026-8-20 19:20:32.639301500,1.8470,1.8470,0.0000,0.4514,1.8102,0.5317,1.2785,NA,NA,NA,NA,NA,NA,NA
python.exe,22256,0x0,Other,0,0,1,Hardware: Legacy Flip,2026-8-20 19:20:32.641148500,9.0444,9.0444,0.0000,0.4177,8.7000,0.1364,8.5636,10.2714,12.1527,-0.1230,14180.7379,NA,NA,NA
python.exe,22256,0x0,Other,-1,0,0,Composed: Copy with GPU GDI,2026-8-20 19:20:32.650192900,1.3797,1.3797,0.0000,0.0733,1.6338,1.5542,0.0796,NA,NA,NA,NA,NA,NA,NA
python.exe,22256,0x0,Other,0,0,1,Hardware: Legacy Flip,2026-8-20 19:20:32.651572600,10.7567,10.7567,0.0000,0.3262,10.4640,0.1373,10.3267,12.0000,6.8100,-1.7286,14191.1620,NA,NA,NA
python.exe,22256,0x0,Other,-1,0,0,Composed: Copy with GPU GDI,2026-8-20 19:20:32.662329300,0.4394,0.4394,0.0000,0.0335,1.5554,1.5554,0.0000,8.0533,12.1439,3.9467,14201.9187,NA,NA,NA
python.exe,22256,0x0,Other,-1,0,0,Composed: Copy with GPU GDI,2026-8-20 19:20:32.662768700,2.4121,2.4121,0.0000,1.1951,1.5625,0.4833,1.0792,19.7578,1.7527,-11.7045,14202.3581,NA,NA,NA
python.exe,22256,0x0,Other,-1,0,0,Composed: Copy with GPU GDI,2026-8-20 19:20:32.665180800,7.7659,7.7659,0.0000,0.3473,8.0980,0.8223,7.2757,NA,NA,NA,NA,NA,NA,NA
python.exe,22256,0x0,Other,-1,0,0,Composed: Copy with GPU GDI,2026-8-20 19:20:32.672946700,4.9619,4.9619,0.0000,0.6840,5.1162,1.1013,4.0149,NA,NA,NA,NA,NA,NA,NA
python.exe,22256,0x0,Other,0,0,1,Hardware: Legacy Flip,2026-8-20 19:20:32.677908600,5.2126,5.2126,0.0000,0.8421,4.4387,0.1418,4.2969,6.3706,12.8317,13.3872,14217.4980,NA,NA,NA
python.exe,22256,0x0,Other,-1,0,0,Composed: Copy with GPU GDI,2026-8-20 19:20:32.683121200,0.5606,0.5606,0.0000,0.0682,1.7860,1.7860,0.0000,NA,NA,NA,NA,NA,NA,NA
python.exe,22256,0x0,Other,-1,0,0,Composed: Copy with GPU GDI,2026-8-20 19:20:32.683681800,10.4166,10.4166,0.0000,1.2997,9.3807,0.3901,8.9906,NA,NA,NA,NA,NA,NA,NA
python.exe,22256,0x0,Other,-1,0,0,Composed: Copy with GPU GDI,2026-8-20 19:20:32.694098400,1.3341,1.3341,0.0000,0.2682,1.2247,0.3653,0.8594,NA,NA,NA,NA,NA,NA,NA
python.exe,22256,0x0,Other,0,0,1,Hardware: Legacy Flip,2026-8-20 19:20:32.695432500,0.6462,0.6462,0.0000,0.1635,0.5289,0.1354,0.3935,1.6784,14.7488,4.6922,14235.0219,NA,NA,NA
python.exe,22256,0x0,Other,-1,0,0,Composed: Copy with GPU GDI,2026-8-20 19:20:32.696078700,9.5033,9.5033,0.0000,0.0462,9.7752,1.4004,8.3748,NA,NA,NA,NA,NA,NA,NA
python.exe,22256,0x0,Other,-1,0,0,Composed: Copy with GPU GDI,2026-8-20 19:20:32.705582000,1.7213,1.7213,0.0000,0.3215,2.0156,0.8853,1.1303,NA,NA,NA,NA,NA,NA,NA
python.exe,22256,0x0,Other,0,0,1,Hardware: Legacy Flip,2026-8-20 19:20:32.707303300,3.5879,3.5879,0.0000,0.6210,3.0001,0.1156,2.8845,4.5564,19.2648,-2.8780,14246.8927,NA,NA,NA
python.exe,22256,0x0,Other,-1,0,0,Composed: Copy with GPU GDI,2026-8-20 19:20:32.710891200,5.3253,5.3253,0.0000,0.0332,5.6659,1.3751,4.2908,NA,NA,NA,NA,NA,NA,NA
python.exe,22256,0x0,Other,-1,0,0,Composed: Copy with GPU GDI,2026-8-20 19:20:32.716216500,5.4014,5.4014,0.0000,0.3770,5.2570,0.5131,4.7439,NA,NA,NA,NA,NA,NA,NA
python.exe,22256,0x0,Other,-1,0,0,Composed: Copy with GPU GDI,2026-8-20 19:20:32.721617900,7.8741,7.8741,0.0000,0.2361,7.9293,0.5490,7.3803,NA,NA,NA,NA,NA,NA,NA
python.exe,22256,0x0,Other,0,0,1,Hardware: Legacy Flip,2026-8-20 19:20:32.729492000,0.4219,0.4219,0.0000,0.2933,0.2522,0.1743,0.0779,1.6325,18.1771,2.9239,14269.0814,NA,NA,NA
python.exe,22256,0x0,Other,-1,0,0,Composed: Copy with GPU GDI,2026-8-20 19:20:32.729913900,2.2043,2.2043,0.0000,0.1236,3.0390,2.0355,1.0035,19.3877,35.0024,-17.7552,14269.5033,NA,NA,NA
python.exe,22256,0x0,Other,-1,0,0,Composed: Copy with GPU GDI,2026-8-20 19:20:32.732118200,50.4570,50.4570,0.0000,50.8998,0.2805,0.2805,0.0000,NA,NA,NA,NA,NA,NA,NA
python.exe,22256,0x0,Other,0,0,1,Hardware: Legacy Flip,2026-8-20 19:20:32.782575200,0.3796,0.3796,0.0000,0.0000,49.9378,0.6356,49.3022,1.7288,2.3061,17.6589,14322.1646,NA,NA,NA
python.exe,22256,0x0,Other,0,0,1,Hardware: Legacy Flip,2026-8-20 19:20:32.782954800,2.5358,2.5358,0.0000,0.3437,2.2133,0.9763,1.2370,3.6553,9.4859,-1.9265,14322.5442,NA,NA,NA
python.exe,22256,0x0,Other,-1,0,0,Composed: Copy with GPU GDI,2026-8-20 19:20:32.785490600,0.8166,0.8166,0.0000,0.0212,1.4316,1.4316,0.0000,NA,NA,NA,NA,NA,NA,NA
python.exe,22256,0x0,Other,-1,0,0,Composed: Copy with GPU GDI,2026-8-20 19:20:32.786307200,8.3013,8.3013,0.0000,0.6396,8.1681,0.6386,7.5295,NA,NA,NA,NA,NA,NA,NA
python.exe,22256,0x0,Other,0,0,1,Hardware: Legacy Flip,2026-8-20 19:20:32.794608500,0.3729,0.3729,0.0000,0.5064,0.0177,0.0177,0.0000,1.4875,19.8938,2.1678,14334.1979,NA,NA,NA
python.exe,22256,0x0,Other,-1,0,0,Composed: Copy with GPU GDI,2026-8-20 19:20:32.794981400,4.2009,4.2009,0.0000,0.1512,4.3124,1.3253,2.9871,21.0084,0.9339,-19.5209,14334.5708,NA,NA,NA
python.exe,22256,0x0,Other,-1,0,0,Composed: Copy with GPU GDI,2026-8-20 19:20:32.799182300,7.0841,7.0841,0.0000,0.2701,7.1685,0.5123,6.6562,NA,NA,NA,NA,NA,NA,NA
python.exe,22256,0x0,Other,-1,0,0,Composed: Copy with GPU GDI,2026-8-20 19:20:32.806266400,3.5926,3.5926,0.0000,0.3574,3.6210,0.5078,3.1132,NA,NA,NA,NA,NA,NA,NA
python.exe,22256,0x0,Other,0,0,1,Hardware: Legacy Flip,2026-8-20 19:20:32.809859000,5.7069,5.7069,0.0000,0.4101,5.3689,0.1398,5.2291,7.0647,11.2195,13.9437,14349.4484,NA,NA,NA
python.exe,22256,0x0,Other,-1,0,0,Composed: Copy with GPU GDI,2026-8-20 19:20:32.815565900,0.7053,0.7053,0.0000,0.0721,1.8334,1.8334,0.0000,12.5773,3.6116,-5.5126,14355.1553,NA,NA,NA
python.exe,22256,0x0,Other,-1,0,0,Composed: Copy with GPU GDI,2026-8-20 19:20:32.816271200,11.7218,11.7218,0.0000,1.2053,11.0753,0.9256,10.1497,NA,NA,NA,NA,NA,NA,NA
python.exe,22256,0x0,Other,-1,0,0,Composed: Copy with GPU GDI,2026-8-20 19:20:32.827993000,1.8427,1.8427,0.0000,0.5630,1.6401,0.5629,1.0772,NA,NA,NA,NA,NA,NA,NA
python.exe,22256,0x0,Other,0,0,1,Hardware: Legacy Flip,2026-8-20 19:20:32.829835700,0.7361,0.7361,0.0000,0.3647,0.4951,0.3072,0.1879,1.9191,13.0569,10.6582,14369.4251,NA,NA,NA
python.exe,22256,0x0,Other,-1,0,0,Composed: Copy with GPU GDI,2026-8-20 19:20:32.830571800,8.0301,8.0301,0.0000,0.1237,8.2574,1.5339,6.7235,NA,NA,NA,NA,NA,NA,NA
python.exe,22256,0x0,Other,-1,0,0,Composed: Copy with GPU GDI,2026-8-20 19:20:32.838601900,2.2661,2.2661,0.0000,0.3538,2.8243,1.0705,1.7538,NA,NA,NA,NA,NA,NA,NA
python.exe,22256,0x0,Other,0,0,1,Hardware: Legacy Flip,2026-8-20 19:20:32.840868000,2.9156,2.9156,0.0000,0.9172,2.0172,0.0737,1.9435,3.9437,19.7206,-2.0246,14380.4574,NA,NA,NA
python.exe,22256,0x0,Other,-1,0,0,Composed: Copy with GPU GDI,2026-8-20 19:20:32.843783600,8.0119,8.0119,0.0000,0.0188,8.6918,1.7813,6.9105,20.7487,0.5178,-16.8050,14383.3730,NA,NA,NA
python.exe,22256,0x0,Other,-1,0,0,Composed: Copy with GPU GDI,2026-8-20 19:20:32.851795500,1.4841,1.4841,0.0000,0.7022,1.1853,0.5370,0.6483,NA,NA,NA,NA,NA,NA,NA
python.exe,22256,0x0,Other,-1,0,0,Composed: Copy with GPU GDI,2026-8-20 19:20:32.853279600,9.8694,9.8694,0.0000,0.4111,9.8203,0.5663,9.2540,NA,NA,NA,NA,NA,NA,NA
python.exe,22256,0x0,Other,0,0,1,Hardware: Legacy Flip,2026-8-20 19:20:32.863149000,0.6264,0.6264,0.0000,0.3663,0.3161,0.1117,0.2044,1.9011,13.3255,18.8476,14402.7384,NA,NA,NA
python.exe,22256,0x0,Other,-1,0,0,Composed: Copy with GPU GDI,2026-8-20 19:20:32.863775400,0.3502,0.3502,0.0000,0.0560,1.2779,1.2779,0.0000,NA,NA,NA,NA,NA,NA,NA
python.exe,22256,0x0,Other,-1,0,0,Composed: Copy with GPU GDI,2026-8-20 19:20:32.864125600,9.6573,9.6573,0.0000,0.9865,9.2792,0.7766,8.5026,NA,NA,NA,NA,NA,NA,NA
python.exe,22256,0x0,Other,0,0,1,Hardware: Legacy Flip,2026-8-20 19:20:32.873782900,3.1473,3.1473,0.0000,0.6226,2.5568,0.1172,2.4396,4.5927,16.5335,-2.6916,14413.3723,NA,NA,NA
python.exe,22256,0x0,Other,-1,0,0,Composed: Copy with GPU GDI,2026-8-20 19:20:32.876930200,0.5951,0.5951,0.0000,0.0321,1.4497,1.4497,0.0000,17.9789,3.3727,-13.3862,14416.5196,NA,NA,NA
python.exe,22256,0x0,Other,-1,0,0,Composed: Copy with GPU GDI,2026-8-20 19:20:32.877525300,8.2363,8.2363,0.0000,0.8930,7.6138,0.5022,7.1116,NA,NA,NA,NA,NA,NA,NA
python.exe,22256,0x0,Other,-1,0,0,Composed: Copy with GPU GDI,2026-8-20 19:20:32.885761600,10.1627,10.1627,0.0000,0.2748,10.0083,0.3377,9.6706,NA,NA,NA,NA,NA,NA,NA
python.exe,22256,0x0,Other,0,0,1,Hardware: Legacy Flip,2026-8-20 19:20:32.895924300,0.9830,0.9830,0.0000,0.1223,0.9244,0.1266,0.7978,2.3575,8.7244,15.6214,14435.5137,NA,NA,NA
python.exe,22256,0x0,Other,-1,0,0,Composed: Copy with GPU GDI,2026-8-20 19:20:32.896907300,0.4985,0.4985,0.0000,0.0637,1.3918,1.3918,0.0000,10.0989,4.4344,-7.7414,14436.4967,NA,NA,NA
python.exe,22256,0x0,Other,-1,0,0,Composed: Copy with GPU GDI,2026-8-20 19:20:32.897405800,9.1518,9.1518,0.0000,0.9602,8.9245,0.8794,8.0451,NA,NA,NA,NA,NA,NA,NA
python.exe,22256,0x0,Other,-1,0,0,Composed: Copy with GPU GDI,2026-8-20 19:20:32.906557600,0.8182,0.8182,0.0000,0.7383,0.6318,0.6318,0.0000,NA,NA,NA,NA,NA,NA,NA
python.exe,22256,0x0,Other,0,0,1,Hardware: Legacy Flip,2026-8-20 19:20:32.907375800,2.7548,2.7548,0.0000,0.5505,2.2383,0.1198,2.1185,4.0648,19.8244,6.0341,14446.9652,NA,NA,NA
python.exe,22256,0x0,Other,-1,0,0,Composed: Copy with GPU GDI,2026-8-20 19:20:32.910130600,9.2302,9.2302,0.0000,0.0340,9.7248,1.8948,7.8300,NA,NA,NA,NA,NA,NA,NA
python.exe,22256,0x0,Other,-1,0,0,Composed: Copy with GPU GDI,2026-8-20 19:20:32.919360800,1.7584,1.7584,0.0000,0.5318,1.9441,0.8494,1.0947,11.9042,1.0614,-7.8394,14458.9502,NA,NA,NA
python.exe,22256,0x0,Other,-1,0,0,Composed: Copy with GPU GDI,2026-8-20 19:20:32.921119200,8.8932,8.8932,0.0000,0.7231,8.8953,1.0155,7.8798,NA,NA,NA,NA,NA,NA,NA
python.exe,22256,0x0,Other,0,0,1,Hardware: Legacy Flip,2026-8-20 19:20:32.930012400,0.7536,0.7536,0.0000,0.7252,0.0942,0.0942,0.0000,2.3140,17.1147,9.5902,14469.6018,NA,NA,NA
python.exe,22256,0x0,Other,-1,0,0,Composed: Copy with GPU GDI,2026-8-20 19:20:32.930766000,1.8326,1.8326,0.0000,0.0658,2.3261,2.1856,0.1405,18.6751,3.1774,-16.3611,14470.3554,NA,NA,NA
python.exe,22256,0x0,Other,-1,0,0,Composed: Copy with GPU GDI,2026-8-20 19:20:32.932598600,6.6501,6.6501,0.0000,0.5636,6.3304,0.4619,5.8685,NA,NA,NA,NA,NA,NA,NA
python.exe,22256,0x0,Other,-1,0,0,Composed: Copy with GPU GDI,2026-8-20 19:20:32.939248700,5.1869,5.1869,0.0000,0.2465,5.1044,0.2994,4.8050,NA,NA,NA,NA,NA,NA,NA
python.exe,22256,0x0,Other,0,0,1,Hardware: Legacy Flip,2026-8-20 19:20:32.944435600,6.5534,6.5534,0.0000,0.1680,6.4654,0.1638,6.3016,8.1829,12.2812,10.4922,14484.0250,NA,NA,NA
python.exe,22256,0x0,Other,-1,0,0,Composed: Copy with GPU GDI,2026-8-20 19:20:32.950989000,0.4358,0.4358,0.0000,0.0800,0.4656,0.4656,0.0000,NA,NA,NA,NA,NA,NA,NA
python.exe,22256,0x0,Other,-1,0,0,Composed: Copy with GPU GDI,2026-8-20 19:20:32.951424800,11.6321,11.6321,0.0000,0.1098,11.7055,1.3578,10.3477,NA,NA,NA,NA,NA,NA,NA
python.exe,22256,0x0,Other,0,0,1,Hardware: Legacy Flip,2026-8-20 19:20:32.963056900,0.6135,0.6135,0.0000,0.1891,0.5012,0.1769,0.3243,1.8428,8.9686,6.3401,14502.6463,NA,NA,NA
python.exe,22256,0x0,Other,-1,0,0,Composed: Copy with GPU GDI,2026-8-20 19:20:32.963670400,1.3676,1.3676,0.0000,0.0768,1.7239,1.6211,0.1028,10.1979,3.9382,-8.3551,14503.2598,NA,NA,NA
python.exe,22256,0x0,Other,-1,0,0,Composed: Copy with GPU GDI,2026-8-20 19:20:32.965038000,7.6285,7.6285,0.0000,0.4361,7.3776,0.3262,7.0514,NA,NA,NA,NA,NA,NA,NA
python.exe,22256,0x0,Other,-1,0,0,Composed: Copy with GPU GDI,2026-8-20 19:20:32.972666500,1.5646,1.5646,0.0000,0.1876,2.0707,1.1648,0.9059,NA,NA,NA,NA,NA,NA,NA
python.exe,22256,0x0,Other,0,0,1,Hardware: Legacy Flip,2026-8-20 19:20:32.974231100,2.2541,2.2541,0.0000,0.6993,1.5759,0.0769,1.4990,3.5754,19.6891,6.6225,14513.8205,NA,NA,NA
python.exe,22256,0x0,Other,-1,0,0,Composed: Copy with GPU GDI,2026-8-20 19:20:32.976485200,6.8946,6.8946,0.0000,0.0211,7.2799,1.7835,5.4964,NA,NA,NA,NA,NA,NA,NA
python.exe,22256,0x0,Other,-1,0,0,Composed: Copy with GPU GDI,2026-8-20 19:20:32.983379800,5.1266,5.1266,0.0000,0.4095,5.1353,0.5852,4.5501,NA,NA,NA,NA,NA,NA,NA
python.exe,22256,0x0,Other,0,0,1,Hardware: Legacy Flip,2026-8-20 19:20:32.988506400,7.7918,7.7918,0.0000,0.4226,7.4700,0.2303,7.2397,8.9892,12.6372,-5.4138,14528.0958,NA,NA,NA
python.exe,22256,0x0,Other,-1,0,0,Composed: Copy with GPU GDI,2026-8-20 19:20:32.996298200,0.8599,0.8599,0.0000,0.1008,1.7570,1.7570,0.0000,NA,NA,NA,NA,NA,NA,NA
python.exe,22256,0x0,Other,-1,0,0,Composed: Copy with GPU GDI,2026-8-20 19:20:32.997158100,2.0642,2.0642,0.0000,1.0041,1.7711,0.8817,0.8894,12.9747,8.0070,-3.9855,14536.7475,NA,NA,NA
python.exe,22256,0x0,Other,-1,0,0,Composed: Copy with GPU GDI,2026-8-20 19:20:32.999222300,7.5087,7.5087,0.0000,0.7156,7.2750,0.8378,6.4372,NA,NA,NA,NA,NA,NA,NA
python.exe,22256,0x0,Other,-1,0,0,Composed: Copy with GPU GDI,2026-8-20 19:20:33.006731000,4.3079,4.3079,0.0000,0.4849,4.0774,0.4314,3.6460,NA,NA,NA,NA,NA,NA,NA
python.exe,22256,0x0,Other,0,0,1,Hardware: Legacy Flip,2026-8-20 19:20:33.011038900,5.7833,5.7833,0.0000,0.2573,5.6491,0.2436,5.4055,7.1009,14.1716,5.8738,14550.6283,NA,NA,NA
python.exe,22256,0x0,Other,-1,0,0,Composed: Copy with GPU GDI,2026-8-20 19:20:33.016822200,1.8129,1.8129,0.0000,0.1231,1.9470,1.5018,0.4452,NA,NA,NA,NA,NA,NA,NA
python.exe,22256,0x0,Other,-1,0,0,Composed: Copy with GPU GDI,2026-8-20 19:20:33.018635100,11.8586,11.8586,0.0000,0.2615,11.8481,0.4548,11.3933,NA,NA,NA,NA,NA,NA,NA
python.exe,22256,0x0,Other,0,0,1,Hardware: Legacy Flip,2026-8-20 19:20:33.030493700,0.8317,0.8317,0.0000,0.2586,0.6463,0.1397,0.5066,1.8177,8.2081,5.2832,14570.0831,NA,NA,NA
python.exe,22256,0x0,Other,-1,0,0,Composed: Copy with GPU GDI,2026-8-20 19:20:33.031325400,0.3405,0.3405,0.0000,0.0732,1.4882,1.4882,0.0000,9.1941,3.6431,-7.3764,14570.9148,NA,NA,NA
python.exe,22256,0x0,Other,-1,0,0,Composed: Copy with GPU GDI,2026-8-20 19:20:33.031665900,8.2825,8.2825,0.0000,1.2236,7.3455,0.4277,6.9178,NA,NA,NA,NA,NA,NA,NA
python.exe,22256,0x0,Other,-1,0,0,Composed: Copy with GPU GDI,2026-8-20 19:20:33.039948400,2.0933,2.0933,0.0000,0.2898,2.2643,0.5686,1.6957,NA,NA,NA,NA,NA,NA,NA
python.exe,22256,0x0,Other,0,0,1,Hardware: Legacy Flip,2026-8-20 19:20:33.042041700,0.8907,0.8907,0.0000,0.4665,0.4456,0.0755,0.3701,2.1209,20.4187,7.0732,14581.6311,NA,NA,NA
python.exe,22256,0x0,Other,-1,0,0,Composed: Copy with GPU GDI,2026-8-20 19:20:33.042932400,9.7411,9.7411,0.0000,0.0214,9.9410,1.5597,8.3813,NA,NA,NA,NA,NA,NA,NA
python.exe,22256,0x0,Other,-1,0,0,Composed: Copy with GPU GDI,2026-8-20 19:20:33.052673500,9.7939,9.7939,0.0000,0.2260,10.2316,0.8060,9.4256,NA,NA,NA,NA,NA,NA,NA
python.exe,22256,0x0,Other,0,0,1,Hardware: Legacy Flip,2026-8-20 19:20:33.062467400,0.9536,0.9536,0.0000,0.6696,0.3378,0.1112,0.2266,2.1139,12.2853,0.0070,14602.0568,NA,NA,NA
python.exe,22256,0x0,Other,-1,0,0,Composed: Copy with GPU GDI,2026-8-20 19:20:33.063421000,1.1144,1.1144,0.0000,0.0538,1.3334,1.3334,0.0000,13.4456,0.3926,-11.3317,14603.0104,NA,NA,NA
python.exe,22256,0x0,Other,-1,0,0,Composed: Copy with GPU GDI,2026-8-20 19:20:33.064535400,8.8669,8.8669,0.0000,0.2767,9.1161,0.8212,8.2949,NA,NA,NA,NA,NA,NA,NA
python.exe,22256,0x0,Other,0,0,1,Hardware: Legacy Flip,2026-8-20 19:20:33.073402300,2.6478,2.6478,0.0000,0.5333,2.1435,0.1022,2.0413,3.8569,17.8385,9.5887,14612.9917,NA,NA,NA
python.exe,22256,0x0,Other,-1,0,0,Composed: Copy with GPU GDI,2026-8-20 19:20:33.076050100,1.3836,1.3836,0.0000,0.0290,1.7093,1.5467,0.1626,19.0476,4.6533,-15.1907,14615.6395,NA,NA,NA
python.exe,22256,0x0,Other,-1,0,0,Composed: Copy with GPU GDI,2026-8-20 19:20:33.077433700,7.8295,7.8295,0.0000,0.3583,7.9169,0.5954,7.3215,NA,NA,NA,NA,NA,NA,NA
python.exe,22256,0x0,Other,-1,0,0,Composed: Copy with GPU GDI,2026-8-20 19:20:33.085263200,11.9268,11.9268,0.0000,0.4517,12.0745,0.7338,11.3407,NA,NA,NA,NA,NA,NA,NA
python.exe,22256,0x0,Other,-1,0,0,Composed: Copy with GPU GDI,2026-8-20 19:20:33.097190000,1.2339,1.2339,0.0000,1.4718,0.0788,0.0788,0.0000,NA,NA,NA,NA,NA,NA,NA
python.exe,22256,0x0,Other,0,0,1,Hardware: Legacy Flip,2026-8-20 19:20:33.098423900,0.1703,0.1703,0.0000,0.0000,0.8544,0.3919,0.4625,1.3271,18.9045,17.7205,14638.0133,NA,NA,NA
python.exe,22256,0x0,Other,-1,0,0,Composed: Copy with GPU GDI,2026-8-20 19:20:33.098594200,11.7208,11.7208,0.0000,0.1464,11.8851,1.4645,10.4206,NA,NA,NA,NA,NA,NA,NA
python.exe,22256,0x0,Other,-1,0,0,Composed: Copy with GPU GDI,2026-8-20 19:20:33.110315000,6.8020,6.8020,0.0000,7.2673,0.0499,0.0499,0.0000,NA,NA,NA,NA,NA,NA,NA
python.exe,22256,0x0,Other,0,0,1,Hardware: Legacy Flip,2026-8-20 19:20:33.117117000,0.3795,0.3795,0.0000,0.0000,6.9520,0.5694,6.3826,1.5385,12.8213,-0.2114,14656.7064,NA,NA,NA
python.exe,22256,0x0,Other,-1,0,0,Composed: Copy with GPU GDI,2026-8-20 19:20:33.117496500,1.0247,1.0247,0.0000,0.1357,1.2893,1.2893,0.0000,13.9803,0.8641,-12.4418,14657.0859,NA,NA,NA
python.exe,22256,0x0,Other,-1,0,0,Composed: Copy with GPU GDI,2026-8-20 19:20:33.118521200,1.8459,1.8459,0.0000,0.4118,2.0211,0.7936,1.2275,NA,NA,NA,NA,NA,NA,NA
python.exe,22256,0x0,Other,-1,0,0,Composed: Copy with GPU GDI,2026-8-20 19:20:33.120367100,10.4426,10.4426,0.0000,0.5919,10.0271,0.3973,9.6298,NA,NA,NA,NA,NA,NA,NA
python.exe,22256,0x0,Other,0,0,1,Hardware: Legacy Flip,2026-8-20 19:20:33.130809700,0.2112,0.2112,0.0000,0.1764,0.0952,0.0952,0.0000,1.5312,17.4303,12.4491,14670.3991,NA,NA,NA
python.exe,22256,0x0,Other,-1,0,0,Composed: Copy with GPU GDI,2026-8-20 19:20:33.131020900,0.7133,0.7133,0.0000,0.0604,1.9556,1.9556,0.0000,18.7503,3.0228,-17.2191,14670.6103,NA,NA,NA
python.exe,22256,0x0,Other,-1,0,0,Composed: Copy with GPU GDI,2026-8-20 19:20:33.131734200,12.4523,12.4523,0.0000,1.3200,11.4602,0.5872,10.8730,NA,NA,NA,NA,NA,NA,NA
python.exe,22256,0x0,Other,0,0,1,Hardware: Legacy Flip,2026-8-20 19:20:33.144186500,7.4179,7.4179,0.0000,0.3315,7.2077,0.1978,7.0099,8.6075,10.1598,10.1428,14683.7759,NA,NA,NA
python.exe,22256,0x0,Other,-1,0,0,Composed: Copy with GPU GDI,2026-8-20 19:20:33.151604400,0.6992,0.6992,0.0000,0.1213,1.2137,1.2137,0.0000,NA,NA,NA,NA,NA,NA,NA
python.exe,22256,0x0,Other,-1,0,0,Composed: Copy with GPU GDI,2026-8-20 19:20:33.152303600,8.9409,8.9409,0.0000,9.2943,0.4587,0.4587,0.0000,NA,NA,NA,NA,NA,NA,NA
python.exe,22256,0x0,Other,0,0,1,Hardware: Legacy Flip,2026-8-20 19:20:33.161244500,0.3281,0.3281,0.0000,0.0000,8.6534,0.5997,8.0537,1.7093,10.9923,6.8982,14700.8339,NA,NA,NA
python.exe,22256,0x0,Other,-1,0,0,Composed: Copy with GPU GDI,2026-8-20 19:20:33.161572600,1.5778,1.5778,0.0000,0.4840,1.4816,1.3415,0.1401,12.3735,10.0089,-10.6642,14701.1620,NA,NA,NA
python.exe,22256,0x0,Other,-1,0,0,Composed: Copy with GPU GDI,2026-8-20 19:20:33.163150400,9.0220,9.0220,0.0000,0.3915,8.8371,0.3838,8.4533,NA,NA,NA,NA,NA,NA,NA
python.exe,22256,0x0,Other,-1,0,0,Composed: Copy with GPU GDI,2026-8-20 19:20:33.172172400,2.3308,2.3308,0.0000,0.2107,2.3334,0.3021,2.0313,NA,NA,NA,NA,NA,NA,NA
python.exe,22256,0x0,Other,0,0,1,Hardware: Legacy Flip,2026-8-20 19:20:33.174503200,8.4353,8.4353,0.0000,0.2365,8.2603,0.1240,8.1363,9.4518,13.2878,2.9217,14714.0926,NA,NA,NA
python.exe,22256,0x0,Other,-1,0,0,Composed: Copy with GPU GDI,2026-8-20 19:20:33.182938500,0.3423,0.3423,0.0000,0.0615,1.2495,1.2495,0.0000,NA,NA,NA,NA,NA,NA,NA
python.exe,22256,0x0,Other,-1,0,0,Composed: Copy with GPU GDI,2026-8-20 19:20:33.183280800,3.0257,3.0257,0.0000,0.9750,2.1949,0.4379,1.7570,NA,NA,NA,NA,NA,NA,NA
python.exe,22256,0x0,Other,-1,0,0,Composed: Copy with GPU GDI,2026-8-20 19:20:33.186306500,9.1505,9.1505,0.0000,0.1485,9.2502,0.5042,8.7460,NA,NA,NA,NA,NA,NA,NA
python.exe,22256,0x0,Other,0,0,1,Hardware: Legacy Flip,2026-8-20 19:20:33.195457000,0.6227,0.6227,0.0000,0.2532,0.3894,0.0842,0.3052,1.7858,19.1683,7.6660,14735.0464,NA,NA,NA
python.exe,22256,0x0,Other,-1,0,0,Composed: Copy with GPU GDI,2026-8-20 19:20:33.196079700,4.4792,4.4792,0.0000,0.0199,5.1758,1.9965,3.1793,20.3314,3.2754,-18.5456,14735.6691,NA,NA,NA
python.exe,22256,0x0,Other,-1,0,0,Composed: Copy with GPU GDI,2026-8-20 19:20:33.200558900,5.4822,5.4822,0.0000,0.7209,5.1316,0.4927,4.6389,NA,NA,NA,NA,NA,NA,NA
python.exe,22256,0x0,Other,-1,0,0,Composed: Copy with GPU GDI,2026-8-20 19:20:33.206041100,11.1235,11.1235,0.0000,0.3730,11.4337,0.8525,10.5812,NA,NA,NA,NA,NA,NA,NA
python.exe,22256,0x0,Other,0,0,1,Hardware: Legacy Flip,2026-8-20 19:20:33.217164600,0.9567,0.9567,0.0000,0.6887,0.3447,0.1601,0.1846,2.5219,8.8394,17.8095,14756.7540,NA,NA,NA
python.exe,22256,0x0,Other,-1,0,0,Composed: Copy with GPU GDI,2026-8-20 19:20:33.218121300,0.4034,0.4034,0.0000,0.0767,0.4377,0.4377,0.0000,10.4046,0.7772,-7.8827,14757.7107,NA,NA,NA
python.exe,22256,0x0,Other,-1,0,0,Composed: Copy with GPU GDI,2026-8-20 19:20:33.218524700,8.9714,8.9714,0.0000,0.1110,9.1295,1.3882,7.7413,NA,NA,NA,NA,NA,NA,NA
python.exe,22256,0x0,Other,0,0,1,Hardware: Legacy Flip,2026-8-20 19:20:33.227496100,0.5703,0.5703,0.0000,0.2743,0.3208,0.0970,0.2238,1.8070,17.4449,8.5976,14767.0855,NA,NA,NA
python.exe,22256,0x0,Other,-1,0,0,Composed: Copy with GPU GDI,2026-8-20 19:20:33.228066400,0.9017,0.9017,0.0000,0.0248,2.1309,2.1309,0.0000,18.6816,4.2444,-16.8746,14767.6558,NA,NA,NA
python.exe,22256,0x0,Other,-1,0,0,Composed: Copy with GPU GDI,2026-8-20 19:20:33.228968100,9.9552,9.9552,0.0000,1.2953,9.3565,0.8530,8.5035,NA,NA,NA,NA,NA,NA,NA
python.exe,22256,0x0,Other,-1,0,0,Composed: Copy with GPU GDI,2026-8-20 19:20:33.238923300,2.8074,2.8074,0.0000,0.7022,2.3155,0.4240,1.8915,NA,NA,NA,NA,NA,NA,NA
python.exe,22256,0x0,Other,0,0,1,Hardware: Legacy Flip,2026-8-20 19:20:33.241730700,7.8015,7.8015,0.0000,0.2147,7.6550,0.1752,7.4798,9.2617,12.1424,9.4199,14781.3201,NA,NA,NA
python.exe,22256,0x0,Other,-1,0,0,Composed: Copy with GPU GDI,2026-8-20 19:20:33.249532200,0.2993,0.2993,0.0000,0.0682,0.3732,0.3732,0.0000,NA,NA,NA,NA,NA,NA,NA
python.exe,22256,0x0,Other,-1,0,0,Composed: Copy with GPU GDI,2026-8-20 19:20:33.249831500,3.5489,3.5489,0.0000,0.1421,3.6412,1.4444,2.1968,NA,NA,NA,NA,NA,NA,NA
python.exe,22256,0x0,Other,-1,0,0,Composed: Copy with GPU GDI,2026-8-20 19:20:33.253380400,8.0361,8.0361,0.0000,0.2388,8.1721,0.5467,7.6254,NA,NA,NA,NA,NA,NA,NA
python.exe,22256,0x0,Other,0,0,1,Hardware: Legacy Flip,2026-8-20 19:20:33.261416500,0.3765,0.3765,0.0000,0.3748,0.0345,0.0345,0.0000,1.7183,14.7675,7.5434,14801.0059,NA,NA,NA
python.exe,22256,0x0,Other,-1,0,0,Composed: Copy with GPU GDI,2026-8-20 19:20:33.261793000,3.6891,3.6891,0.0000,0.0328,4.0948,1.7971,2.2977,NA,NA,NA,NA,NA,NA,NA
python.exe,22256,0x0,Other,-1,0,0,Composed: Copy with GPU GDI,2026-8-20 19:20:33.265482100,6.6083,6.6083,0.0000,0.4433,6.3602,0.3910,5.9692,NA,NA,NA,NA,NA,NA,NA
python.exe,22256,0x0,Other,0,0,1,Hardware: Legacy Flip,2026-8-20 19:20:33.272090400,4.4949,4.4949,0.0000,0.1990,4.3662,0.1285,4.2377,5.8119,17.4630,-4.0936,14811.6798,NA,NA,NA
python.exe,22256,0x0,Other,-1,0,0,Composed: Copy with GPU GDI,2026-8-20 19:20:33.276585300,0.5014,0.5014,0.0000,0.0703,1.7840,1.7840,0.0000,18.7800,2.0699,-12.9681,14816.1747,NA,NA,NA
python.exe,22256,0x0,Other,-1,0,0,Composed: Copy with GPU GDI,2026-8-20 19:20:33.277086700,7.2561,7.2561,0.0000,1.3567,6.0991,0.4135,5.6856,NA,NA,NA,NA,NA,NA,NA
python.exe,22256,0x0,Other,-1,0,0,Composed: Copy with GPU GDI,2026-8-20 19:20:33.284342800,10.1187,10.1187,0.0000,0.2037,10.1671,0.4305,9.7366,NA,NA,NA,NA,NA,NA,NA
python.exe,22256,0x0,Other,-1,0,0,Composed: Copy with GPU GDI,2026-8-20 19:20:33.294461500,1.2619,1.2619,0.0000,1.8108,0.1690,0.1690,0.0000,NA,NA,NA,NA,NA,NA,NA
python.exe,22256,0x0,Other,0,0,1,Hardware: Legacy Flip,2026-8-20 19:20:33.295723400,0.3792,0.3792,0.0000,0.0000,1.5556,0.7561,0.7995,1.7118,22.0768,17.0682,14835.3128,NA,NA,NA
python.exe,22256,0x0,Other,-1,0,0,Composed: Copy with GPU GDI,2026-8-20 19:20:33.296102600,11.1613,11.1613,0.0000,0.3387,11.6011,1.8580,9.7431,NA,NA,NA,NA,NA,NA,NA
python.exe,22256,0x0,Other,-1,0,0,Composed: Copy with GPU GDI,2026-8-20 19:20:33.307263900,0.9789,0.9789,0.0000,0.8079,0.4717,0.4284,0.0433,12.2481,1.3020,-10.5363,14846.8533,NA,NA,NA
python.exe,22256,0x0,Other,-1,0,0,Composed: Copy with GPU GDI,2026-8-20 19:20:33.308242800,10.9033,10.9033,0.0000,0.3051,10.8935,0.5732,10.3203,NA,NA,NA,NA,NA,NA,NA
python.exe,22256,0x0,Other,0,0,1,Hardware: Legacy Flip,2026-8-20 19:20:33.319146100,0.6579,0.6579,0.0000,0.2988,0.4413,0.1982,0.2431,1.6679,11.9884,10.5802,14858.7355,NA,NA,NA
python.exe,22256,0x0,Other,-1,0,0,Composed: Copy with GPU GDI,2026-8-20 19:20:33.319804000,0.9746,0.9746,0.0000,0.0822,1.1918,1.1918,0.0000,NA,NA,NA,NA,NA,NA,NA
python.exe,22256,0x0,Other,-1,0,0,Composed: Copy with GPU GDI,2026-8-20 19:20:33.320778600,10.7383,10.7383,0.0000,11.0559,0.0676,0.0676,0.0000,NA,NA,NA,NA,NA,NA,NA
python.exe,22256,0x0,Other,0,0,1,Hardware: Legacy Flip,2026-8-20 19:20:33.331516900,0.1248,0.1248,0.0000,0.0000,10.7498,0.4590,10.2908,1.2855,21.2991,0.3824,14871.1063,NA,NA,NA
python.exe,22256,0x0,Other,-1,0,0,Composed: Copy with GPU GDI,2026-8-20 19:20:33.331641700,9.2721,9.2721,0.0000,0.2604,9.3847,1.3412,8.0435,NA,NA,NA,NA,NA,NA,NA
python.exe,22256,0x0,Other,-1,0,0,Composed: Copy with GPU GDI,2026-8-20 19:20:33.340913800,10.3429,10.3429,0.0000,0.3924,10.2666,0.5200,9.7466,NA,NA,NA,NA,NA,NA,NA
python.exe,22256,0x0,Other,0,0,1,Hardware: Legacy Flip,2026-8-20 19:20:33.351256700,1.2966,1.2966,0.0000,0.3374,1.0090,0.1060,0.9030,2.8448,7.8828,-1.5593,14890.8461,NA,NA,NA
python.exe,22256,0x0,Other,-1,0,0,Composed: Copy with GPU GDI,2026-8-20 19:20:33.352553300,0.2044,0.2044,0.0000,0.0498,0.4425,0.4425,0.0000,9.4310,1.7715,-6.5862,14892.1427,NA,NA,NA
python.exe,22256,0x0,Other,-1,0,0,Composed: Copy with GPU GDI,2026-8-20 19:20:33.352757700,9.0146,9.0146,0.0000,0.2879,9.1855,1.5674,7.6181,NA,NA,NA,NA,NA,NA,NA
python.exe,22256,0x0,Other,0,0,1,Hardware: Legacy Flip,2026-8-20 19:20:33.361772300,0.8971,0.8971,0.0000,0.4798,0.4424,0.0879,0.3545,1.9835,10.3656,7.4475,14901.3617,NA,NA,NA
python.exe,22256,0x0,Other,-1,0,0,Composed: Copy with GPU GDI,2026-8-20 19:20:33.362669400,0.3454,0.3454,0.0000,0.0251,1.6477,1.6477,0.0000,11.4520,12.1574,-9.4685,14902.2588,NA,NA,NA
python.exe,22256,0x0,Other,-1,0,0,Composed: Copy with GPU GDI,2026-8-20 19:20:33.363014800,10.1439,10.1439,0.0000,1.3330,9.0982,0.4744,8.6238,NA,NA,NA,NA,NA,NA,NA
python.exe,22256,0x0,Other,-1,0,0,Composed: Copy with GPU GDI,2026-8-20 19:20:33.373158700,0.8229,0.8229,0.0000,0.2925,0.7764,0.3919,0.3845,13.1201,1.1061,-1.6681,14912.7481,NA,NA,NA
python.exe,22256,0x0,Other,-1,0,0,Composed: Copy with GPU GDI,2026-8-20 19:20:33.373981600,11.5744,11.5744,0.0000,11.7363,0.5851,0.5851,0.0000,NA,NA,NA,NA,NA,NA,NA
python.exe,22256,0x0,Other,0,0,1,Hardware: Legacy Flip,2026-8-20 19:20:33.385556000,0.1130,0.1130,0.0000,0.0000,11.4858,0.2926,11.1932,1.8289,10.8771,11.2912,14925.1454,NA,NA,NA
python.exe,22256,0x0,Other,-1,0,0,Composed: Copy with GPU GDI,2026-8-20 19:20:33.385669000,0.6665,0.6665,0.0000,0.6340,1.6873,1.6873,0.0000,NA,NA,NA,NA,NA,NA,NA
python.exe,22256,0x0,Other,-1,0,0,Composed: Copy with GPU GDI,2026-8-20 19:20:33.386335500,10.2508,10.2508,0.0000,10.7131,0.1551,0.1551,0.0000,NA,NA,NA,NA,NA,NA,NA
python.exe,22256,0x0,Other,0,0,1,Hardware: Legacy Flip,2026-8-20 19:20:33.396586300,0.4060,0.4060,0.0000,0.0000,9.0511,0.6247,8.4264,1.6757,18.3546,0.1532,14936.1757,NA,NA,NA
python.exe,22256,0x0,Other,-1,0,0,Composed: Copy with GPU GDI,2026-8-20 19:20:33.396992300,1.7004,1.7004,0.0000,0.2114,2.1753,1.8372,0.3381,19.6243,0.7768,-17.9486,14936.5817,NA,NA,NA
python.exe,22256,0x0,Other,-1,0,0,Composed: Copy with GPU GDI,2026-8-20 19:20:33.398692700,11.0215,11.0215,0.0000,0.6920,10.5737,0.5628,10.0109,NA,NA,NA,NA,NA,NA,NA
python.exe,22256,0x0,Other,-1,0,0,Composed: Copy with GPU GDI,2026-8-20 19:20:33.409714200,1.5899,1.5899,0.0000,0.2478,1.7253,0.5781,1.1472,NA,NA,NA,NA,NA,NA,NA
python.exe,22256,0x0,Other,0,0,1,Hardware: Legacy Flip,2026-8-20 19:20:33.411304100,5.0511,5.0511,0.0000,0.3870,4.7461,0.2474,4.4987,6.0893,12.5835,13.5350,14950.8935,NA,NA,NA
python.exe,22256,0x0,Other,-1,0,0,Composed: Copy with GPU GDI,2026-8-20 19:20:33.416355200,5.6043,5.6043,0.0000,0.0820,5.6324,1.1387,4.4937,NA,NA,NA,NA,NA,NA,NA
python.exe,22256,0x0,Other,0,0,1,Hardware: Legacy Flip,2026-8-20 19:20:33.421959500,7.0868,7.0868,0.0000,0.1136,7.0118,0.1815,6.8303,8.0174,10.8747,-1.9281,14961.5489,NA,NA,NA
python.exe,22256,0x0,Other,-1,0,0,Composed: Copy with GPU GDI,2026-8-20 19:20:33.429046300,0.8170,0.8170,0.0000,0.0386,1.4603,1.4603,0.0000,11.8053,11.5979,-3.7879,14968.6357,NA,NA,NA
python.exe,22256,0x0,Other,-1,0,0,Composed: Copy with GPU GDI,2026-8-20 19:20:33.429863300,9.3370,9.3370,0.0000,0.6858,8.9188,0.4369,8.4819,NA,NA,NA,NA,NA,NA,NA
python.exe,22256,0x0,Other,-1,0,0,Composed: Copy with GPU GDI,2026-8-20 19:20:33.439200300,2.0293,2.0293,0.0000,0.2722,2.3716,1.0179,1.3537,NA,NA,NA,NA,NA,NA,NA
python.exe,22256,0x0,Other,0,0,1,Hardware: Legacy Flip,2026-8-20 19:20:33.441229600,9.8598,9.8598,0.0000,0.6204,9.3157,0.1622,9.1535,11.2199,10.8183,0.5854,14980.8190,NA,NA,NA
python.exe,22256,0x0,Other,-1,0,0,Composed: Copy with GPU GDI,2026-8-20 19:20:33.451089400,0.9545,0.9545,0.0000,0.0763,1.9875,1.9875,0.0000,NA,NA,NA,NA,NA,NA,NA
python.exe,22256,0x0,Other,-1,0,0,Composed: Copy with GPU GDI,2026-8-20 19:20:33.452043900,0.7502,0.7502,0.0000,1.1136,0.0108,0.0108,0.0000,NA,NA,NA,NA,NA,NA,NA
python.exe,22256,0x0,Other,0,0,1,Hardware: Legacy Flip,2026-8-20 19:20:33.452794100,9.2967,9.2967,0.0000,0.3931,8.9303,0.1022,8.8281,10.4737,7.9329,0.7462,14992.3835,NA,NA,NA
python.exe,22256,0x0,Other,-1,0,0,Composed: Copy with GPU GDI,2026-8-20 19:20:33.462090800,0.2972,0.2972,0.0000,0.0267,1.2106,1.2106,0.0000,NA,NA,NA,NA,NA,NA,NA
python.exe,22256,0x0,Other,-1,0,0,Composed: Copy with GPU GDI,2026-8-20 19:20:33.462388000,2.6681,2.6681,0.0000,0.9437,1.8953,0.2944,1.6009,8.8127,13.2974,1.6610,15001.9774,NA,NA,NA
python.exe,22256,0x0,Other,-1,0,0,Composed: Copy with GPU GDI,2026-8-20 19:20:33.465056100,7.6889,7.6889,0.0000,0.1738,7.7849,0.4326,7.3523,NA,NA,NA,NA,NA,NA,NA
python.exe,22256,0x0,Other,-1,0,0,Composed: Copy with GPU GDI,2026-8-20 19:20:33.472745000,5.2429,5.2429,0.0000,0.2739,5.3110,0.7847,4.5263,NA,NA,NA,NA,NA,NA,NA
python.exe,22256,0x0,Other,0,0,1,Hardware: Legacy Flip,2026-8-20 19:20:33.477987900,5.3429,5.3429,0.0000,0.3510,5.1757,0.2623,4.9134,6.5102,14.2367,2.3025,15017.5773,NA,NA,NA
python.exe,22256,0x0,Other,-1,0,0,Composed: Copy with GPU GDI,2026-8-20 19:20:33.483330800,1.1228,1.1228,0.0000,0.1838,1.6565,1.6565,0.0000,NA,NA,NA,NA,NA,NA,NA
python.exe,22256,0x0,Other,-1,0,0,Composed: Copy with GPU GDI,2026-8-20 19:20:33.484453600,10.7519,10.7519,0.0000,0.7229,10.5841,0.8700,9.7141,NA,NA,NA,NA,NA,NA,NA
python.exe,22256,0x0,Other,-1,0,0,Composed: Copy with GPU GDI,2026-8-20 19:20:33.495205500,2.2630,2.2630,0.0000,2.4343,0.0501,0.0501,0.0000,NA,NA,NA,NA,NA,NA,NA
python.exe,22256,0x0,Other,0,0,1,Hardware: Legacy Flip,2026-8-20 19:20:33.497468500,0.1113,0.1113,0.0000,0.0000,1.8735,0.3153,1.5582,1.2663,16.1825,5.2439,15037.0579,NA,NA,NA
python.exe,22256,0x0,Other,-1,0,0,Composed: Copy with GPU GDI,2026-8-20 19:20:33.497579800,7.8778,7.8778,0.0000,0.1101,8.5329,1.9335,6.5994,NA,NA,NA,NA,NA,NA,NA
python.exe,22256,0x0,Other,-1,0,0,Composed: Copy with GPU GDI,2026-8-20 19:20:33.505457600,2.6992,2.6992,0.0000,0.7720,2.5275,0.8950,1.6325,NA,NA,NA,NA,NA,NA,NA
python.exe,22256,0x0,Other,0,0,1,Hardware: Legacy Flip,2026-8-20 19:20:33.508156800,5.7271,5.7271,0.0000,0.6039,5.1864,0.1583,5.0281,6.7605,14.9553,-5.4942,15047.7462,NA,NA,NA
python.exe,22256,0x0,Other,-1,0,0,Composed: Copy with GPU GDI,2026-8-20 19:20:33.513883900,5.8425,5.8425,0.0000,0.0632,6.4289,1.7204,4.7085,NA,NA,NA,NA,NA,NA,NA
python.exe,22256,0x0,Other,-1,0,0,Composed: Copy with GPU GDI,2026-8-20 19:20:33.519726400,1.0071,1.0071,0.0000,0.6609,0.6493,0.4741,0.1752,NA,NA,NA,NA,NA,NA,NA
python.exe,22256,0x0,Other,0,0,1,Hardware: Legacy Flip,2026-8-20 19:20:33.520733500,7.8726,7.8726,0.0000,0.3075,7.6188,0.1764,7.4424,9.1391,14.1080,-2.3786,15060.3229,NA,NA,NA
python.exe,22256,0x0,Other,-1,0,0,Composed: Copy with GPU GDI,2026-8-20 19:20:33.528606100,1.0780,1.0780,0.0000,0.0537,1.8088,1.8088,0.0000,NA,NA,NA,NA,NA,NA,NA
python.exe,22256,0x0,Other,-1,0,0,Composed: Copy with GPU GDI,2026-8-20 19:20:33.529684100,1.3269,1.3269,0.0000,0.7880,0.6809,0.2670,0.4139,14.2965,9.5589,-5.1574,15069.2735,NA,NA,NA
python.exe,22256,0x0,Other,-1,0,0,Composed: Copy with GPU GDI,2026-8-20 19:20:33.531011000,12.3919,12.3919,0.0000,0.1467,12.9938,0.8953,12.0985,NA,NA,NA,NA,NA,NA,NA
python.exe,22256,0x0,Other,0,0,1,Hardware: Legacy Flip,2026-8-20 19:20:33.543402900,8.5204,8.5204,0.0000,0.7527,7.8575,0.1828,7.6747,10.1366,11.0390,4.1599,15082.9923,NA,NA,NA
python.exe,22256,0x0,Other,-1,0,0,Composed: Copy with GPU GDI,2026-8-20 19:20:33.551923300,0.3611,0.3611,0.0000,0.0898,0.5184,0.5184,0.0000,NA,NA,NA,NA,NA,NA,NA
python.exe,22256,0x0,Other,-1,0,0,Composed: Copy with GPU GDI,2026-8-20 19:20:33.552284400,9.5928,9.5928,0.0000,0.2471,9.9208,1.6725,8.2483,NA,NA,NA,NA,NA,NA,NA
python.exe,22256,0x0,Other,0,0,1,Hardware: Legacy Flip,2026-8-20 19:20:33.561877200,1.0212,1.0212,0.0000,0.5785,0.4677,0.1043,0.3634,2.7013,15.9373,7.4353,15101.4666,NA,NA,NA
python.exe,22256,0x0,Other,-1,0,0,Composed: Copy with GPU GDI,2026-8-20 19:20:33.562898400,0.1900,0.1900,0.0000,0.0250,0.6217,0.6217,0.0000,17.6174,5.9323,-14.9161,15102.4878,NA,NA,NA
python.exe,22256,0x0,Other,-1,0,0,Composed: Copy with GPU GDI,2026-8-20 19:20:33.563088400,9.9406,9.9406,0.0000,0.4567,9.8930,1.4911,8.4019,23.3597,0.4810,-5.7423,15102.6778,NA,NA,NA
python.exe,22256,0x0,Other,-1,0,0,Composed: Copy with GPU GDI,2026-8-20 19:20:33.573029000,1.5044,1.5044,0.0000,0.4122,1.3644,0.3941,0.9703,NA,NA,NA,NA,NA,NA,NA
python.exe,22256,0x0,Other,-1,0,0,Composed: Copy with GPU GDI,2026-8-20 19:20:33.574533400,10.5011,10.5011,0.0000,0.2753,10.5286,0.4985,10.0301,NA,NA,NA,NA,NA,NA,NA
python.exe,22256,0x0,Other,0,0,1,Hardware: Legacy Flip,2026-8-20 19:20:33.585034500,0.3710,0.3710,0.0000,0.3064,0.1311,0.1293,0.0018,1.8946,9.2983,21.4651,15124.6239,NA,NA,NA
python.exe,22256,0x0,Other,-1,0,0,Composed: Copy with GPU GDI,2026-8-20 19:20:33.585405500,0.7296,0.7296,0.0000,0.0665,2.0253,2.0253,0.0000,NA,NA,NA,NA,NA,NA,NA
python.exe,22256,0x0,Other,-1,0,0,Composed: Copy with GPU GDI,2026-8-20 19:20:33.586135100,8.4693,8.4693,0.0000,1.3676,7.1908,0.2088,6.9820,NA,NA,NA,NA,NA,NA,NA
python.exe,22256,0x0,Other,0,0,1,Hardware: Legacy Flip,2026-8-20 19:20:33.594604400,0.2617,0.2617,0.0000,0.0932,0.1898,0.0782,0.1116,1.6230,14.8637,0.2716,15134.1938,NA,NA,NA
python.exe,22256,0x0,Other,-1,0,0,Composed: Copy with GPU GDI,2026-8-20 19:20:33.594866100,4.0133,4.0133,0.0000,0.0213,4.2095,1.6144,2.5951,NA,NA,NA,NA,NA,NA,NA
python.exe,22256,0x0,Other,-1,0,0,Composed: Copy with GPU GDI,2026-8-20 19:20:33.598879400,6.9894,6.9894,0.0000,0.2224,7.2639,0.6553,6.6086,NA,NA,NA,NA,NA,NA,NA
python.exe,22256,0x0,Other,0,0,1,Hardware: Legacy Flip,2026-8-20 19:20:33.605868800,3.7094,3.7094,0.0000,0.5003,3.2730,0.1325,3.1405,5.2223,17.8382,-3.5993,15145.4582,NA,NA,NA
python.exe,22256,0x0,Other,-1,0,0,Composed: Copy with GPU GDI,2026-8-20 19:20:33.609578200,0.6822,0.6822,0.0000,0.0639,1.7792,1.7792,0.0000,19.3511,1.6676,-14.1288,15149.1676,NA,NA,NA
python.exe,22256,0x0,Other,-1,0,0,Composed: Copy with GPU GDI,2026-8-20 19:20:33.610260400,7.7920,7.7920,0.0000,1.1658,6.8314,0.3926,6.4388,NA,NA,NA,NA,NA,NA,NA
python.exe,22256,0x0,Other,-1,0,0,Composed: Copy with GPU GDI,2026-8-20 19:20:33.618052400,10.1490,10.1490,0.0000,0.2024,10.2094,0.4828,9.7266,NA,NA,NA,NA,NA,NA,NA
python.exe,22256,0x0,Other,-1,0,0,Composed: Copy with GPU GDI,2026-8-20 19:20:33.628201400,1.1147,1.1147,0.0000,0.2682,1.0721,0.4731,0.5990,NA,NA,NA,NA,NA,NA,NA
python.exe,22256,0x0,Other,0,0,1,Hardware: Legacy Flip,2026-8-20 19:20:33.629316100,0.1672,0.1672,0.0000,0.2256,0.0566,0.0566,0.0000,1.2808,14.7387,18.0703,15168.9055,NA,NA,NA
python.exe,22256,0x0,Other,-1,0,0,Composed: Copy with GPU GDI,2026-8-20 19:20:33.629483300,9.4094,9.4094,0.0000,0.1150,9.5948,1.3842,8.2106,NA,NA,NA,NA,NA,NA,NA
python.exe,22256,0x0,Other,-1,0,0,Composed: Copy with GPU GDI,2026-8-20 19:20:33.638892700,2.6454,2.6454,0.0000,0.3052,3.0009,0.8251,2.1758,NA,NA,NA,NA,NA,NA,NA
python.exe,22256,0x0,Other,0,0,1,Hardware: Legacy Flip,2026-8-20 19:20:33.641538100,2.8150,2.8150,0.0000,0.6651,2.1749,0.0768,2.0981,3.7975,19.2700,-2.5167,15181.1275,NA,NA,NA
python.exe,22256,0x0,Other,-1,0,0,Composed: Copy with GPU GDI,2026-8-20 19:20:33.644353100,5.7740,5.7740,0.0000,0.0250,6.5049,1.8179,4.6870,NA,NA,NA,NA,NA,NA,NA
python.exe,22256,0x0,Other,-1,0,0,Composed: Copy with GPU GDI,2026-8-20 19:20:33.650127100,3.1170,3.1170,0.0000,0.7612,2.7673,0.5264,2.2409,NA,NA,NA,NA,NA,NA,NA
python.exe,22256,0x0,Other,0,0,1,Hardware: Legacy Flip,2026-8-20 19:20:33.653244100,9.8319,9.8319,0.0000,0.4148,9.5064,0.1551,9.3513,11.3615,12.8488,-7.5640,15192.8335,NA,NA,NA
python.exe,22256,0x0,Other,-1,0,0,Composed: Copy with GPU GDI,2026-8-20 19:20:33.663076000,0.4621,0.4621,0.0000,0.0893,1.4861,1.4861,0.0000,NA,NA,NA,NA,NA,NA,NA
python.exe,22256,0x0,Other,-1,0,0,Composed: Copy with GPU GDI,2026-8-20 19:20:33.663538100,1.4189,1.4189,0.0000,1.1180,0.9080,0.7310,0.1770,13.9163,7.6471,-2.5548,15203.1275,NA,NA,NA
python.exe,22256,0x0,Other,-1,0,0,Composed: Copy with GPU GDI,2026-8-20 19:20:33.664957000,9.3325,9.3325,0.0000,0.6114,9.4127,0.8221,8.5906,NA,NA,NA,NA,NA,NA,NA
python.exe,22256,0x0,Other,-1,0,0,Composed: Copy with GPU GDI,2026-8-20 19:20:33.674289500,3.0200,3.0200,0.0000,0.6955,2.8072,0.5802,2.2270,NA,NA,NA,NA,NA,NA,NA
python.exe,22256,0x0,Other,0,0,1,Hardware: Legacy Flip,2026-8-20 19:20:33.677309500,6.5246,6.5246,0.0000,0.4865,6.1316,0.2123,5.9193,7.7920,11.7393,6.1243,15216.8989,NA,NA,NA
python.exe,22256,0x0,Other,-1,0,0,Composed: Copy with GPU GDI,2026-8-20 19:20:33.683834100,1.1875,1.1875,0.0000,0.0935,2.0007,2.0007,0.0000,NA,NA,NA,NA,NA,NA,NA
python.exe,22256,0x0,Other,-1,0,0,Composed: Copy with GPU GDI,2026-8-20 19:20:33.685021600,3.6730,3.6730,0.0000,0.9112,2.9698,0.4271,2.5427,NA,NA,NA,NA,NA,NA,NA
python.exe,22256,0x0,Other,0,0,1,Hardware: Legacy Flip,2026-8-20 19:20:33.688694600,6.8459,6.8459,0.0000,0.2125,6.6577,0.0936,6.5641,8.1462,10.9496,-0.3542,15228.2840,NA,NA,NA
python.exe,22256,0x0,Other,-1,0,0,Composed: Copy with GPU GDI,2026-8-20 19:20:33.695540500,0.7215,0.7215,0.0000,0.0243,1.8113,1.8113,0.0000,12.2499,11.0694,-4.1037,15235.1299,NA,NA,NA
python.exe,22256,0x0,Other,-1,0,0,Composed: Copy with GPU GDI,2026-8-20 19:20:33.696262000,10.2013,10.2013,0.0000,1.1205,9.8504,0.9267,8.9237,NA,NA,NA,NA,NA,NA,NA
python.exe,22256,0x0,Other,-1,0,0,Composed: Copy with GPU GDI,2026-8-20 19:20:33.706463300,0.6646,0.6646,0.0000,0.7749,0.0090,0.0090,0.0000,NA,NA,NA,NA,NA,NA,NA
python.exe,22256,0x0,Other,0,0,1,Hardware: Legacy Flip,2026-8-20 19:20:33.707127900,10.6395,10.6395,0.0000,0.1181,10.5989,0.1520,10.4469,11.7319,7.1410,0.5180,15246.7173,NA,NA,NA
python.exe,22256,0x0,Other,-1,0,0,Composed: Copy with GPU GDI,2026-8-20 19:20:33.717767400,0.6840,0.6840,0.0000,0.0775,1.2562,1.2562,0.0000,8.2334,6.1669,3.4985,15257.3568,NA,NA,NA
python.exe,22256,0x0,Other,-1,0,0,Composed: Copy with GPU GDI,2026-8-20 19:20:33.718451400,11.3323,11.3323,0.0000,0.6547,11.3983,0.9246,10.4737,NA,NA,NA,NA,NA,NA,NA
python.exe,22256,0x0,Other,0,0,1,Hardware: Legacy Flip,2026-8-20 19:20:33.729783700,0.7826,0.7826,0.0000,0.7254,0.1163,0.1145,0.0018,2.3840,18.0807,5.8494,15269.3731,NA,NA,NA
python.exe,22256,0x0,Other,-1,0,0,Composed: Copy with GPU GDI,2026-8-20 19:20:33.730566300,1.2608,1.2608,0.0000,0.0591,1.9895,1.9895,0.0000,19.6821,2.2312,-17.2981,15270.1557,NA,NA,NA
python.exe,22256,0x0,Other,-1,0,0,Composed: Copy with GPU GDI,2026-8-20 19:20:33.731827100,7.4100,7.4100,0.0000,0.7927,6.9302,0.4501,6.4801,NA,NA,NA,NA,NA,NA,NA
python.exe,22256,0x0,Other,0,0,1,Hardware: Legacy Flip,2026-8-20 19:20:33.739237100,11.8614,11.8614,0.0000,0.3167,11.6057,0.1449,11.4608,13.2425,9.9195,6.4396,15278.8265,NA,NA,NA
python.exe,22256,0x0,Other,-1,0,0,Composed: Copy with GPU GDI,2026-8-20 19:20:33.751098500,0.2444,0.2444,0.0000,0.0610,0.3073,0.3073,0.0000,NA,NA,NA,NA,NA,NA,NA
python.exe,22256,0x0,Other,-1,0,0,Composed: Copy with GPU GDI,2026-8-20 19:20:33.751342900,1.3524,1.3524,0.0000,0.1239,1.8213,1.7513,0.0700,11.0562,1.8788,2.1863,15290.9323,NA,NA,NA
python.exe,22256,0x0,Other,-1,0,0,Composed: Copy with GPU GDI,2026-8-20 19:20:33.752695300,8.8046,8.8046,0.0000,0.5958,8.3357,0.2640,8.0717,NA,NA,NA,NA,NA,NA,NA
python.exe,22256,0x0,Other,-1,0,0,Composed: Copy with GPU GDI,2026-8-20 19:20:33.761499900,0.9592,0.9592,0.0000,1.3465,0.3882,0.3882,0.0000,NA,NA,NA,NA,NA,NA,NA
python.exe,22256,0x0,Other,0,0,1,Hardware: Legacy Flip,2026-8-20 19:20:33.762459100,0.3595,0.3595,0.0000,0.0000,1.2163,0.4337,0.7826,1.8188,22.3906,9.2374,15302.0485,NA,NA,NA
python.exe,22256,0x0,Other,-1,0,0,Composed: Copy with GPU GDI,2026-8-20 19:20:33.762818600,9.4437,9.4437,0.0000,0.4160,9.7280,1.7224,8.0056,NA,NA,NA,NA,NA,NA,NA
python.exe,22256,0x0,Other,-1,0,0,Composed: Copy with GPU GDI,2026-8-20 19:20:33.772262300,1.5547,1.5547,0.0000,0.7053,1.0336,0.3563,0.6773,14.4062,41.0227,-12.5874,15311.8517,NA,NA,NA
python.exe,22256,0x0,Other,0,0,1,Hardware: Legacy Flip,2026-8-20 19:20:33.773817000,52.9101,52.9101,0.0000,0.1870,52.8563,0.2668,52.5895,53.8742,3.2822,-39.4680,15313.4064,NA,NA,NA
python.exe,22256,0x0,Other,-1,0,0,Composed: Copy with GPU GDI,2026-8-20 19:20:33.826727100,0.4159,0.4159,0.0000,0.1332,0.8604,0.8604,0.0000,NA,NA,NA,NA,NA,NA,NA
python.exe,22256,0x0,Other,-1,0,0,Composed: Copy with GPU GDI,2026-8-20 19:20:33.827143000,1.2124,1.2124,0.0000,0.5797,1.0066,0.5175,0.4891,NA,NA,NA,NA,NA,NA,NA
python.exe,22256,0x0,Other,-1,0,0,Composed: Copy with GPU GDI,2026-8-20 19:20:33.828355400,1.1177,1.1177,0.0000,1.4731,0.2668,0.2668,0.0000,NA,NA,NA,NA,NA,NA,NA
python.exe,22256,0x0,Other,0,0,1,Hardware: Legacy Flip,2026-8-20 19:20:33.829473100,0.3242,0.3242,0.0000,0.0000,1.0932,0.7297,0.3635,1.5003,21.3851,52.3739,15369.0625,NA,NA,NA
python.exe,22256,0x0,Other,-1,0,0,Composed: Copy with GPU GDI,2026-8-20 19:20:33.829797300,9.8416,9.8416,0.0000,0.2980,10.1858,1.8849,8.3009,NA,NA,NA,NA,NA,NA,NA
python.exe,22256,0x0,Other,-1,0,0,Composed: Copy with GPU GDI,2026-8-20 19:20:33.839638900,0.9905,0.9905,0.0000,0.6475,0.6424,0.4468,0.1956,NA,NA,NA,NA,NA,NA,NA
python.exe,22256,0x0,Other,0,0,1,Hardware: Legacy Flip,2026-8-20 19:20:33.840629400,10.3331,10.3331,0.0000,0.3019,10.1046,0.1668,9.9378,11.7291,7.0732,-10.2288,15380.2188,NA,NA,NA
python.exe,22256,0x0,Other,-1,0,0,Composed: Copy with GPU GDI,2026-8-20 19:20:33.850962500,0.6983,0.6983,0.0000,0.0734,1.3866,1.3866,0.0000,NA,NA,NA,NA,NA,NA,NA
python.exe,22256,0x0,Other,-1,0,0,Composed: Copy with GPU GDI,2026-8-20 19:20:33.851660800,0.9262,0.9262,0.0000,1.1216,0.3638,0.3638,0.0000,7.7709,4.3650,3.9582,15391.2502,NA,NA,NA
python.exe,22256,0x0,Other,0,0,1,Hardware: Legacy Flip,2026-8-20 19:20:33.852587000,9.7737,9.7737,0.0000,0.2031,9.5948,0.0955,9.4993,11.2097,7.8105,-3.4388,15392.1764,NA,NA,NA
python.exe,22256,0x0,Other,-1,0,0,Composed: Copy with GPU GDI,2026-8-20 19:20:33.862360700,0.2427,0.2427,0.0000,0.0242,0.4001,0.4001,0.0000,9.2465,6.4211,1.9632,15401.9501,NA,NA,NA
python.exe,22256,0x0,Other,-1,0,0,Composed: Copy with GPU GDI,2026-8-20 19:20:33.862603400,2.9651,2.9651,0.0000,0.1816,3.1468,1.4118,1.7350,NA,NA,NA,NA,NA,NA,NA
python.exe,22256,0x0,Other,0,0,1,Hardware: Legacy Flip,2026-8-20 19:20:33.865568500,11.2032,11.2032,0.0000,0.3662,10.8623,0.0970,10.7653,12.4598,11.7808,-3.2133,15405.1579,NA,NA,NA
python.exe,22256,0x0,Other,-1,0,0,Composed: Copy with GPU GDI,2026-8-20 19:20:33.876771700,0.3563,0.3563,0.0000,0.0253,1.2774,1.2774,0.0000,13.0374,7.8278,-0.5776,15416.3611,NA,NA,NA
python.exe,22256,0x0,Other,-1,0,0,Composed: Copy with GPU GDI,2026-8-20 19:20:33.877128000,7.1279,7.1279,0.0000,0.9500,6.4213,0.3813,6.0400,NA,NA,NA,NA,NA,NA,NA
python.exe,22256,0x0,Other,-1,0,0,Composed: Copy with GPU GDI,2026-8-20 19:20:33.884255900,11.4111,11.4111,0.0000,0.2474,11.2752,0.2673,11.0079,NA,NA,NA,NA,NA,NA,NA
python.exe,22256,0x0,Other,0,0,1,Hardware: Legacy Flip,2026-8-20 19:20:33.895667000,0.7218,0.7218,0.0000,0.1139,0.6820,0.1384,0.5436,1.9699,16.4610,11.0675,15435.2564,NA,NA,NA
python.exe,22256,0x0,Other,-1,0,0,Composed: Copy with GPU GDI,2026-8-20 19:20:33.896388800,0.9424,0.9424,0.0000,0.0741,1.9875,1.9875,0.0000,17.7091,6.0192,-15.7392,15435.9782,NA,NA,NA
python.exe,22256,0x0,Other,-1,0,0,Composed: Copy with GPU GDI,2026-8-20 19:20:33.897331200,8.3255,8.3255,0.0000,1.1219,7.4746,0.4264,7.0482,22.7859,0.3473,-5.0768,15436.9206,NA,NA,NA
python.exe,22256,0x0,Other,-1,0,0,Composed: Copy with GPU GDI,2026-8-20 19:20:33.905656700,2.9488,2.9488,0.0000,0.2771,3.1744,0.8101,2.3643,NA,NA,NA,NA,NA,NA,NA
python.exe,22256,0x0,Other,0,0,1,Hardware: Legacy Flip,2026-8-20 19:20:33.908605500,10.8392,10.8392,0.0000,0.5422,10.3605,0.1403,10.2202,11.8589,9.9219,10.9270,15448.1949,NA,NA,NA
python.exe,22256,0x0,Other,-1,0,0,Composed: Copy with GPU GDI,2026-8-20 19:20:33.919444700,0.5149,0.5149,0.0000,0.0635,1.5723,1.5723,0.0000,NA,NA,NA,NA,NA,NA,NA
python.exe,22256,0x0,Other,-1,0,0,Composed: Copy with GPU GDI,2026-8-20 19:20:33.919959600,0.8461,0.8461,0.0000,1.1256,0.0112,0.0112,0.0000,NA,NA,NA,NA,NA,NA,NA
python.exe,22256,0x0,Other,-1,0,0,Composed: Copy with GPU GDI,2026-8-20 19:20:33.920805700,7.8002,7.8002,0.0000,8.1749,0.4197,0.4197,0.0000,NA,NA,NA,NA,NA,NA,NA
python.exe,22256,0x0,Other,0,0,1,Hardware: Legacy Flip,2026-8-20 19:20:33.928605900,0.3570,0.3570,0.0000,0.0000,7.8845,0.5372,7.3473,1.7804,13.9996,10.0785,15468.1953,NA,NA,NA
python.exe,22256,0x0,Other,-1,0,0,Composed: Copy with GPU GDI,2026-8-20 19:20:33.928962900,1.9301,1.9301,0.0000,0.4374,1.9547,1.4816,0.4731,15.4230,6.0674,-13.6426,15468.5523,NA,NA,NA
python.exe,22256,0x0,Other,-1,0,0,Composed: Copy with GPU GDI,2026-8-20 19:20:33.930893000,9.3328,9.3328,0.0000,0.4670,9.2031,0.4730,8.7301,NA,NA,NA,NA,NA,NA,NA
python.exe,22256,0x0,Other,-1,0,0,Composed: Copy with GPU GDI,2026-8-20 19:20:33.940225800,3.6759,3.6759,0.0000,0.3416,3.6310,0.4864,3.1446,10.2275,1.6605,5.1955,15479.8152,NA,NA,NA
python.exe,22256,0x0,Other,0,0,1,Hardware: Legacy Flip,2026-8-20 19:20:33.943901700,6.9213,6.9213,0.0000,0.3008,6.6991,0.1873,6.5118,8.2121,10.5052,2.0154,15483.4911,NA,NA,NA
python.exe,22256,0x0,Other,-1,0,0,Composed: Copy with GPU GDI,2026-8-20 19:20:33.950823000,0.6624,0.6624,0.0000,0.0786,1.7708,1.7708,0.0000,11.7960,3.0405,-3.5839,15490.4124,NA,NA,NA
python.exe,22256,0x0,Other,-1,0,0,Composed: Copy with GPU GDI,2026-8-20 19:20:33.951485400,12.1759,12.1759,0.0000,1.1963,11.2960,0.4591,10.8369,NA,NA,NA,NA,NA,NA,NA
python.exe,22256,0x0,Other,0,0,1,Hardware: Legacy Flip,2026-8-20 19:20:33.963661300,0.7517,0.7517,0.0000,0.3223,0.4988,0.1670,0.3318,1.9982,9.0501,9.7978,15503.2507,NA,NA,NA
python.exe,22256,0x0,Other,-1,0,0,Composed: Copy with GPU GDI,2026-8-20 19:20:33.964413000,0.4858,0.4858,0.0000,0.0694,1.2299,1.2299,0.0000,10.2966,10.1969,-8.2984,15504.0024,NA,NA,NA
python.exe,22256,0x0,Other,-1,0,0,Composed: Copy with GPU GDI,2026-8-20 19:20:33.964898800,6.9344,6.9344,0.0000,0.8184,6.3500,0.3651,5.9849,NA,NA,NA,NA,NA,NA,NA
python.exe,22256,0x0,Other,-1,0,0,Composed: Copy with GPU GDI,2026-8-20 19:20:33.971833200,1.8443,1.8443,0.0000,0.2382,1.7415,0.2376,1.5039,NA,NA,NA,NA,NA,NA,NA
python.exe,22256,0x0,Other,0,0,1,Hardware: Legacy Flip,2026-8-20 19:20:33.973677500,9.9339,9.9339,0.0000,0.1394,9.8706,0.1445,9.7261,11.2290,7.9990,-0.9324,15513.2669,NA,NA,NA
python.exe,22256,0x0,Other,-1,0,0,Composed: Copy with GPU GDI,2026-8-20 19:20:33.983611400,0.6377,0.6377,0.0000,0.0761,1.4156,1.4156,0.0000,9.2941,3.5731,1.9349,15523.2008,NA,NA,NA
python.exe,22256,0x0,Other,-1,0,0,Composed: Copy with GPU GDI,2026-8-20 19:20:33.984249100,3.1224,3.1224,0.0000,0.8587,2.3946,0.3716,2.0230,NA,NA,NA,NA,NA,NA,NA
python.exe,22256,0x0,Other,0,0,1,Hardware: Legacy Flip,2026-8-20 19:20:33.987371500,8.0317,8.0317,0.0000,0.1331,7.9839,0.1583,7.8256,9.1071,14.6692,0.1870,15526.9609,NA,NA,NA
python.exe,22256,0x0,Other,-1,0,0,Composed: Copy with GPU GDI,2026-8-20 19:20:33.995403200,0.5233,0.5233,0.0000,0.0853,1.3408,1.3408,0.0000,15.7446,6.0359,-6.6375,15534.9926,NA,NA,NA
python.exe,22256,0x0,Other,-1,0,0,Composed: Copy with GPU GDI,2026-8-20 19:20:33.995926500,3.2479,3.2479,0.0000,0.9321,3.2688,0.5620,2.7068,21.2572,2.3866,-5.5126,15535.5159,NA,NA,NA
python.exe,22256,0x0,Other,-1,0,0,Composed: Copy with GPU GDI,2026-8-20 19:20:33.999174400,7.6945,7.6945,0.0000,0.9500,6.9583,0.3505,6.6078,NA,NA,NA,NA,NA,NA,NA
python.exe,22256,0x0,Other,-1,0,0,Composed: Copy with GPU GDI,2026-8-20 19:20:34.006868900,9.3736,9.3736,0.0000,0.2237,9.2643,0.2862,8.9781,NA,NA,NA,NA,NA,NA,NA
python.exe,22256,0x0,Other,0,0,1,Hardware: Legacy Flip,2026-8-20 19:20:34.016242500,2.0533,2.0533,0.0000,0.1194,2.0900,0.2819,1.8081,3.3278,13.0695,17.9294,15555.8319,NA,NA,NA
python.exe,22256,0x0,Other,-1,0,0,Composed: Copy with GPU GDI,2026-8-20 19:20:34.018295800,0.5695,0.5695,0.0000,0.1561,1.9026,1.9026,0.0000,NA,NA,NA,NA,NA,NA,NA
python.exe,22256,0x0,Other,-1,0,0,Composed: Copy with GPU GDI,2026-8-20 19:20:34.018865300,10.0367,10.0367,0.0000,1.4923,8.7942,0.6056,8.1886,NA,NA,NA,NA,NA,NA,NA
python.exe,22256,0x0,Other,-1,0,0,Composed: Copy with GPU GDI,2026-8-20 19:20:34.028902000,1.3948,1.3948,0.0000,0.2543,1.8860,0.9226,0.9634,NA,NA,NA,NA,NA,NA,NA
python.exe,22256,0x0,Other,0,0,1,Hardware: Legacy Flip,2026-8-20 19:20:34.030296800,1.4073,1.4073,0.0000,0.7519,0.7231,0.1609,0.5622,2.3430,18.6256,0.9848,15569.8862,NA,NA,NA
python.exe,22256,0x0,Other,-1,0,0,Composed: Copy with GPU GDI,2026-8-20 19:20:34.031704100,8.7769,8.7769,0.0000,0.0677,9.3973,1.6658,7.7315,NA,NA,NA,NA,NA,NA,NA
python.exe,22256,0x0,Other,-1,0,0,Composed: Copy with GPU GDI,2026-8-20 19:20:34.040481000,1.3586,1.3586,0.0000,0.6936,1.1942,0.6503,0.5439,NA,NA,NA,NA,NA,NA,NA
python.exe,22256,0x0,Other,0,0,1,Hardware: Legacy Flip,2026-8-20 19:20:34.041839600,8.3514,8.3514,0.0000,0.5342,7.9119,0.2077,7.7042,9.4258,11.3524,-7.0828,15581.4290,NA,NA,NA
python.exe,22256,0x0,Other,-1,0,0,Composed: Copy with GPU GDI,2026-8-20 19:20:34.050191000,0.7720,0.7720,0.0000,0.0947,1.5505,1.5505,0.0000,NA,NA,NA,NA,NA,NA,NA
python.exe,22256,0x0,Other,-1,0,0,Composed: Copy with GPU GDI,2026-8-20 19:20:34.050963000,2.3261,2.3261,0.0000,0.8777,2.2186,1.0124,1.2062,NA,NA,NA,NA,NA,NA,NA
python.exe,22256,0x0,Other,0,0,1,Hardware: Legacy Flip,2026-8-20 19:20:34.053289100,8.1423,8.1423,0.0000,0.7754,7.4000,0.1122,7.2878,9.3287,12.9642,0.0971,15592.8785,NA,NA,NA
python.exe,22256,0x0,Other,-1,0,0,Composed: Copy with GPU GDI,2026-8-20 19:20:34.061431400,0.9149,0.9149,0.0000,0.0331,1.7367,1.7367,0.0000,NA,NA,NA,NA,NA,NA,NA
python.exe,22256,0x0,Other,-1,0,0,Composed: Copy with GPU GDI,2026-8-20 19:20:34.062346300,2.9912,2.9912,0.0000,0.8594,2.3237,0.3274,1.9963,NA,NA,NA,NA,NA,NA,NA
python.exe,22256,0x0,Other,0,0,1,Hardware: Legacy Flip,2026-8-20 19:20:34.065337500,9.2042,9.2042,0.0000,0.1963,9.1113,0.2141,8.8972,10.2445,8.3398,-0.9158,15604.9269,NA,NA,NA
python.exe,22256,0x0,Other,-1,0,0,Composed: Copy with GPU GDI,2026-8-20 19:20:34.074541700,1.2298,1.2298,0.0000,0.1034,1.4827,1.4827,0.0000,9.3801,12.1436,0.8644,15614.1311,NA,NA,NA
python.exe,22256,0x0,Other,-1,0,0,Composed: Copy with GPU GDI,2026-8-20 19:20:34.075771500,3.8180,3.8180,0.0000,0.3591,3.7594,0.6037,3.1557,20.2939,2.6422,-10.9138,15615.3609,NA,NA,NA
python.exe,22256,0x0,Other,-1,0,0,Composed: Copy with GPU GDI,2026-8-20 19:20:34.079589500,4.6731,4.6731,0.0000,0.3068,4.6519,0.5348,4.1171,NA,NA,NA,NA,NA,NA,NA
python.exe,22256,0x0,Other,-1,0,0,Composed: Copy with GPU GDI,2026-8-20 19:20:34.084262600,10.7127,10.7127,0.0000,0.2898,10.7454,0.4978,10.2476,NA,NA,NA,NA,NA,NA,NA
python.exe,22256,0x0,Other,-1,0,0,Composed: Copy with GPU GDI,2026-8-20 19:20:34.094975300,0.9030,0.9030,0.0000,0.3278,0.6665,0.2021,0.4644,NA,NA,NA,NA,NA,NA,NA
python.exe,22256,0x0,Other,0,0,1,Hardware: Legacy Flip,2026-8-20 19:20:34.095878300,1.6632,1.6632,0.0000,0.5468,1.2212,0.2037,1.0175,2.8293,20.0860,17.4646,15635.4677,NA,NA,NA
python.exe,22256,0x0,Other,-1,0,0,Composed: Copy with GPU GDI,2026-8-20 19:20:34.097541500,8.1595,8.1595,0.0000,0.1048,8.7912,1.8442,6.9470,NA,NA,NA,NA,NA,NA,NA
python.exe,22256,0x0,Other,-1,0,0,Composed: Copy with GPU GDI,2026-8-20 19:20:34.105701000,1.6891,1.6891,0.0000,0.7432,1.3843,0.5753,0.8090,NA,NA,NA,NA,NA,NA,NA
python.exe,22256,0x0,Other,0,0,1,Hardware: Legacy Flip,2026-8-20 19:20:34.107390100,10.0911,10.0911,0.0000,0.4529,9.7067,0.1541,9.5526,11.4035,7.6050,-8.5742,15646.9795,NA,NA,NA
python.exe,22256,0x0,Other,-1,0,0,Composed: Copy with GPU GDI,2026-8-20 19:20:34.117481200,0.9225,0.9225,0.0000,0.0685,1.8093,1.8093,0.0000,NA,NA,NA,NA,NA,NA,NA
python.exe,22256,0x0,Other,-1,0,0,Composed: Copy with GPU GDI,2026-8-20 19:20:34.118403700,1.0362,1.0362,0.0000,1.4419,0.4927,0.4927,0.0000,7.9949,3.6680,3.4086,15657.9931,NA,NA,NA
python.exe,22256,0x0,Other,0,0,1,Hardware: Legacy Flip,2026-8-20 19:20:34.119439900,9.4456,9.4456,0.0000,0.4493,9.0207,0.0948,8.9259,10.6267,8.4424,-2.6318,15659.0293,NA,NA,NA
python.exe,22256,0x0,Other,-1,0,0,Composed: Copy with GPU GDI,2026-8-20 19:20:34.128885500,0.7793,0.7793,0.0000,0.0244,1.6147,1.6147,0.0000,NA,NA,NA,NA,NA,NA,NA
python.exe,22256,0x0,Other,-1,0,0,Composed: Copy with GPU GDI,2026-8-20 19:20:34.129664800,1.8747,1.8747,0.0000,0.8631,1.5747,0.6864,0.8883,8.8442,12.1345,1.7825,15669.2542,NA,NA,NA
python.exe,22256,0x0,Other,-1,0,0,Composed: Copy with GPU GDI,2026-8-20 19:20:34.131539500,9.7085,9.7085,0.0000,0.6155,9.5421,0.7521,8.7900,19.1040,3.7062,-10.2598,15671.1289,NA,NA,NA
python.exe,22256,0x0,Other,-1,0,0,Composed: Copy with GPU GDI,2026-8-20 19:20:34.141248000,10.2591,10.2591,0.0000,0.4852,10.4064,0.7982,9.6082,NA,NA,NA,NA,NA,NA,NA
python.exe,22256,0x0,Other,-1,0,0,Composed: Copy with GPU GDI,2026-8-20 19:20:34.151507100,1.1911,1.1911,0.0000,0.6378,0.8019,0.3779,0.4240,NA,NA,NA,NA,NA,NA,NA
python.exe,22256,0x0,Other,0,0,1,Hardware: Legacy Flip,2026-8-20 19:20:34.152698200,0.2853,0.2853,0.0000,0.2486,0.1122,0.1122,0.0000,1.6515,8.0975,17.4525,15692.2876,NA,NA,NA
python.exe,22256,0x0,Other,-1,0,0,Composed: Copy with GPU GDI,2026-8-20 19:20:34.152983500,7.8781,7.8781,0.0000,8.4556,0.0588,0.0588,0.0000,NA,NA,NA,NA,NA,NA,NA
python.exe,22256,0x0,Other,0,0,1,Hardware: Legacy Flip,2026-8-20 19:20:34.160861600,0.5622,0.5622,0.0000,0.0000,8.3801,1.8889,6.4912,1.5856,13.8871,0.0659,15700.4510,NA,NA,NA
python.exe,22256,0x0,Other,-1,0,0,Composed: Copy with GPU GDI,2026-8-20 19:20:34.161423800,1.5628,1.5628,0.0000,0.0741,1.6271,1.1585,0.4686,NA,NA,NA,NA,NA,NA,NA
python.exe,22256,0x0,Other,-1,0,0,Composed: Copy with GPU GDI,2026-8-20 19:20:34.162986600,8.7089,8.7089,0.0000,0.1421,8.9080,0.4843,8.4237,NA,NA,NA,NA,NA,NA,NA
python.exe,22256,0x0,Other,-1,0,0,Composed: Copy with GPU GDI,2026-8-20 19:20:34.171695500,2.6706,2.6706,0.0000,0.3446,2.6365,0.4561,2.1804,NA,NA,NA,NA,NA,NA,NA
python.exe,22256,0x0,Other,0,0,1,Hardware: Legacy Flip,2026-8-20 19:20:34.174366100,0.9413,0.9413,0.0000,0.3157,0.7881,0.2535,0.5346,1.9682,16.7917,-0.3826,15713.9555,NA,NA,NA
python.exe,22256,0x0,Other,-1,0,0,Composed: Copy with GPU GDI,2026-8-20 19:20:34.175307400,7.9322,7.9322,0.0000,0.1625,8.1194,1.2036,6.9158,17.8186,3.4989,-15.8504,15714.8968,NA,NA,NA
python.exe,22256,0x0,Other,-1,0,0,Composed: Copy with GPU GDI,2026-8-20 19:20:34.183239600,4.1597,4.1597,0.0000,0.3543,3.9605,0.3145,3.6460,NA,NA,NA,NA,NA,NA,NA
python.exe,22256,0x0,Other,-1,0,0,Composed: Copy with GPU GDI,2026-8-20 19:20:34.187399300,7.3638,7.3638,0.0000,0.1583,7.4334,0.4528,6.9806,NA,NA,NA,NA,NA,NA,NA
python.exe,22256,0x0,Other,0,0,1,Hardware: Legacy Flip,2026-8-20 19:20:34.194763100,0.8692,0.8692,0.0000,0.2318,0.7073,0.1496,0.5577,1.8618,14.7160,15.9568,15734.3525,NA,NA,NA
python.exe,22256,0x0,Other,-1,0,0,Composed: Copy with GPU GDI,2026-8-20 19:20:34.195632300,3.1889,3.1889,0.0000,0.0699,3.2291,1.2080,2.0211,15.7086,5.3277,-13.8468,15735.2217,NA,NA,NA
python.exe,22256,0x0,Other,-1,0,0,Composed: Copy with GPU GDI,2026-8-20 19:20:34.198821200,7.2002,7.2002,0.0000,0.1140,7.3297,0.4262,6.9035,NA,NA,NA,NA,NA,NA,NA
python.exe,22256,0x0,Other,-1,0,0,Composed: Copy with GPU GDI,2026-8-20 19:20:34.206021400,4.8480,4.8480,0.0000,0.2478,5.1005,0.7186,4.3819,NA,NA,NA,NA,NA,NA,NA
python.exe,22256,0x0,Other,0,0,1,Hardware: Legacy Flip,2026-8-20 19:20:34.210869400,4.8259,4.8259,0.0000,0.5053,4.3873,0.1374,4.2499,5.7992,12.8418,9.9094,15750.4588,NA,NA,NA
python.exe,22256,0x0,Other,-1,0,0,Composed: Copy with GPU GDI,2026-8-20 19:20:34.215695300,0.7646,0.7646,0.0000,0.0667,1.5162,1.5162,0.0000,13.8151,1.9867,-8.0159,15755.2847,NA,NA,NA
python.exe,22256,0x0,Other,-1,0,0,Composed: Copy with GPU GDI,2026-8-20 19:20:34.216459900,11.2775,11.2775,0.0000,0.8227,11.1799,0.9651,10.2148,NA,NA,NA,NA,NA,NA,NA
python.exe,22256,0x0,Other,-1,0,0,Composed: Copy with GPU GDI,2026-8-20 19:20:34.227737400,1.9902,1.9902,0.0000,0.7293,1.4770,0.3569,1.1201,NA,NA,NA,NA,NA,NA,NA
python.exe,22256,0x0,Other,0,0,1,Hardware: Legacy Flip,2026-8-20 19:20:34.229727600,0.2616,0.2616,0.0000,0.2161,0.0753,0.0753,0.0000,1.7695,13.7666,12.0456,15769.3170,NA,NA,NA
python.exe,22256,0x0,Other,-1,0,0,Composed: Copy with GPU GDI,2026-8-20 19:20:34.229989200,10.4511,10.4511,0.0000,0.0298,10.6339,1.9602,8.6737,NA,NA,NA,NA,NA,NA,NA
python.exe,22256,0x0,Other,-1,0,0,Composed: Copy with GPU GDI,2026-8-20 19:20:34.240440300,1.1619,1.1619,0.0000,0.2162,1.5448,0.7617,0.7831,NA,NA,NA,NA,NA,NA,NA
python.exe,22256,0x0,Other,0,0,1,Hardware: Legacy Flip,2026-8-20 19:20:34.241602200,2.7010,2.7010,0.0000,0.6050,2.1241,0.1089,2.0152,3.6615,19.0016,-1.8920,15781.1916,NA,NA,NA
python.exe,22256,0x0,Other,-1,0,0,Composed: Copy with GPU GDI,2026-8-20 19:20:34.244303200,6.0823,6.0823,0.0000,0.0281,6.2570,1.3496,4.9074,NA,NA,NA,NA,NA,NA,NA
python.exe,22256,0x0,Other,-1,0,0,Composed: Copy with GPU GDI,2026-8-20 19:20:34.250385500,4.0020,4.0020,0.0000,0.2065,4.3797,0.7624,3.6173,NA,NA,NA,NA,NA,NA,NA
python.exe,22256,0x0,Other,-1,0,0,Composed: Copy with GPU GDI,2026-8-20 19:20:34.254387500,8.7597,8.7597,0.0000,0.5889,8.2988,0.2679,8.0309,NA,NA,NA,NA,NA,NA,NA
python.exe,22256,0x0,Other,0,0,1,Hardware: Legacy Flip,2026-8-20 19:20:34.263147200,0.1128,0.1128,0.0000,0.1280,0.0561,0.0561,0.0000,1.1181,13.8067,2.5434,15802.7366,NA,NA,NA
python.exe,22256,0x0,Other,-1,0,0,Composed: Copy with GPU GDI,2026-8-20 19:20:34.263260000,1.9046,1.9046,0.0000,0.0713,1.9355,1.0697,0.8658,14.8120,6.0650,-13.6939,15802.8494,NA,NA,NA
python.exe,22256,0x0,Other,-1,0,0,Composed: Copy with GPU GDI,2026-8-20 19:20:34.265164600,10.2545,10.2545,0.0000,0.1067,10.5335,0.5767,9.9568,NA,NA,NA,NA,NA,NA,NA
python.exe,22256,0x0,Other,-1,0,0,Composed: Copy with GPU GDI,2026-8-20 19:20:34.275419100,1.7273,1.7273,0.0000,0.3907,2.0186,0.9270,1.0916,8.7179,4.1545,6.0941,15815.0085,NA,NA,NA
python.exe,22256,0x0,Other,-1,0,0,Composed: Copy with GPU GDI,2026-8-20 19:20:34.277146400,9.5464,9.5464,0.0000,0.6869,8.9997,0.3728,8.6269,NA,NA,NA,NA,NA,NA,NA
python.exe,22256,0x0,Other,0,0,1,Hardware: Legacy Flip,2026-8-20 19:20:34.286692800,0.2333,0.2333,0.0000,0.1454,0.1642,0.1608,0.0034,1.5987,8.3096,7.1192,15826.2822,NA,NA,NA
python.exe,22256,0x0,Other,-1,0,0,Composed: Copy with GPU GDI,2026-8-20 19:20:34.286926100,7.4084,7.4084,0.0000,0.0763,7.5064,1.5020,6.0044,NA,NA,NA,NA,NA,NA,NA
python.exe,22256,0x0,Other,0,0,1,Hardware: Legacy Flip,2026-8-20 19:20:34.294334500,0.9121,0.9121,0.0000,0.1778,0.7719,0.1124,0.6595,2.2666,17.8788,-0.6679,15833.9239,NA,NA,NA
python.exe,22256,0x0,Other,-1,0,0,Composed: Copy with GPU GDI,2026-8-20 19:20:34.295246600,0.9248,0.9248,0.0000,0.0376,1.7535,1.7535,0.0000,19.2333,6.0305,-16.9667,15834.8360,NA,NA,NA
python.exe,22256,0x0,Other,-1,0,0,Composed: Copy with GPU GDI,2026-8-20 19:20:34.296171400,10.9661,10.9661,0.0000,0.8705,10.2637,0.2455,10.0182,NA,NA,NA,NA,NA,NA,NA
python.exe,22256,0x0,Other,-1,0,0,Composed: Copy with GPU GDI,2026-8-20 19:20:34.307137500,0.9269,0.9269,0.0000,0.1656,1.2770,0.7089,0.5681,13.3729,0.4558,5.8604,15846.7269,NA,NA,NA
python.exe,22256,0x0,Other,0,0,1,Hardware: Legacy Flip,2026-8-20 19:20:34.308064400,11.5835,11.5835,0.0000,0.5214,11.1285,0.1226,11.0059,12.9018,9.1924,0.4711,15847.6538,NA,NA,NA
python.exe,22256,0x0,Other,-1,0,0,Composed: Copy with GPU GDI,2026-8-20 19:20:34.319647900,0.4715,0.4715,0.0000,0.0664,1.2995,1.2995,0.0000,NA,NA,NA,NA,NA,NA,NA
python.exe,22256,0x0,Other,-1,0,0,Composed: Copy with GPU GDI,2026-8-20 19:20:34.320119400,8.8615,8.8615,0.0000,9.0390,0.0159,0.0159,0.0000,NA,NA,NA,NA,NA,NA,NA
python.exe,22256,0x0,Other,0,0,1,Hardware: Legacy Flip,2026-8-20 19:20:34.328980900,0.1547,0.1547,0.0000,0.0000,8.1406,0.3331,7.8075,1.1777,14.0559,11.7241,15868.5703,NA,NA,NA
python.exe,22256,0x0,Other,-1,0,0,Composed: Copy with GPU GDI,2026-8-20 19:20:34.329135600,2.0260,2.0260,0.0000,0.0387,2.3367,1.3878,0.9489,NA,NA,NA,NA,NA,NA,NA
python.exe,22256,0x0,Other,-1,0,0,Composed: Copy with GPU GDI,2026-8-20 19:20:34.331161600,9.3047,9.3047,0.0000,0.3553,9.2197,0.4329,8.7868,NA,NA,NA,NA,NA,NA,NA
python.exe,22256,0x0,Other,0,0,1,Hardware: Legacy Flip,2026-8-20 19:20:34.340466300,2.7316,2.7316,0.0000,0.2753,2.5524,0.1867,2.3657,3.7482,6.6078,-2.5705,15880.0557,NA,NA,NA
python.exe,22256,0x0,Other,-1,0,0,Composed: Copy with GPU GDI,2026-8-20 19:20:34.343197900,0.7590,0.7590,0.0000,0.0961,1.2572,1.2572,0.0000,7.6244,12.1517,-3.8762,15882.7873,NA,NA,NA
python.exe,22256,0x0,Other,-1,0,0,Composed: Copy with GPU GDI,2026-8-20 19:20:34.343956900,9.4246,9.4246,0.0000,0.6259,9.2507,0.6868,8.5639,19.0171,2.6361,-11.3927,15883.5463,NA,NA,NA
python.exe,22256,0x0,Other,-1,0,0,Composed: Copy with GPU GDI,2026-8-20 19:20:34.353381500,8.7646,8.7646,0.0000,0.4575,8.7574,0.5976,8.1598,NA,NA,NA,NA,NA,NA,NA
python.exe,22256,0x0,Other,-1,0,0,Composed: Copy with GPU GDI,2026-8-20 19:20:34.362146100,1.4034,1.4034,0.0000,0.4550,1.2378,0.5515,0.6863,NA,NA,NA,NA,NA,NA,NA
python.exe,22256,0x0,Other,0,0,1,Hardware: Legacy Flip,2026-8-20 19:20:34.363549500,0.5184,0.5184,0.0000,0.2939,0.3025,0.1868,0.1157,2.0606,12.6259,16.9565,15903.1389,NA,NA,NA
python.exe,22256,0x0,Other,-1,0,0,Composed: Copy with GPU GDI,2026-8-20 19:20:34.364067900,9.7213,9.7213,0.0000,0.0780,10.1491,1.9961,8.1530,NA,NA,NA,NA,NA,NA,NA
python.exe,22256,0x0,Other,-1,0,0,Composed: Copy with GPU GDI,2026-8-20 19:20:34.373789200,0.7676,0.7676,0.0000,0.5082,0.4653,0.3525,0.1128,NA,NA,NA,NA,NA,NA,NA
python.exe,22256,0x0,Other,0,0,1,Hardware: Legacy Flip,2026-8-20 19:20:34.374556800,2.5868,2.5868,0.0000,0.2226,2.3896,0.0952,2.2944,3.6792,15.2050,-1.6186,15914.1462,NA,NA,NA
python.exe,22256,0x0,Other,-1,0,0,Composed: Copy with GPU GDI,2026-8-20 19:20:34.377143600,6.8885,6.8885,0.0000,0.0254,7.0636,1.3654,5.6982,16.2974,4.8840,-12.6182,15916.7330,NA,NA,NA
python.exe,22256,0x0,Other,-1,0,0,Composed: Copy with GPU GDI,2026-8-20 19:20:34.384032100,3.3857,3.3857,0.0000,0.2032,3.5050,0.4849,3.0201,NA,NA,NA,NA,NA,NA,NA
python.exe,22256,0x0,Other,0,0,1,Hardware: Legacy Flip,2026-8-20 19:20:34.387417800,9.8465,9.8465,0.0000,0.3257,9.5802,0.1205,9.4597,10.9072,13.1871,5.3902,15927.0072,NA,NA,NA
python.exe,22256,0x0,Other,-1,0,0,Composed: Copy with GPU GDI,2026-8-20 19:20:34.397264300,1.2442,1.2442,0.0000,0.0594,1.5860,1.5860,0.0000,14.2478,6.1117,-3.3406,15936.8537,NA,NA,NA
python.exe,22256,0x0,Other,-1,0,0,Composed: Copy with GPU GDI,2026-8-20 19:20:34.398508500,10.1557,10.1557,0.0000,0.4043,10.0595,0.5098,9.5497,19.1153,1.6131,-4.8675,15938.0979,NA,NA,NA
python.exe,22256,0x0,Other,-1,0,0,Composed: Copy with GPU GDI,2026-8-20 19:20:34.408664200,7.9899,7.9899,0.0000,0.3131,7.9349,0.4774,7.4575,NA,NA,NA,NA,NA,NA,NA
python.exe,22256,0x0,Other,-1,0,0,Composed: Copy with GPU GDI,2026-8-20 19:20:34.416654100,0.7888,0.7888,0.0000,0.2626,0.8793,0.5003,0.3790,NA,NA,NA,NA,NA,NA,NA
python.exe,22256,0x0,Other,0,0,1,Hardware: Legacy Flip,2026-8-20 19:20:34.417442900,0.5051,0.5051,0.0000,0.3577,0.2290,0.1616,0.0674,1.7940,11.1075,17.3213,15957.0323,NA,NA,NA
python.exe,22256,0x0,Other,-1,0,0,Composed: Copy with GPU GDI,2026-8-20 19:20:34.417948000,10.7878,10.7878,0.0000,0.0816,10.9844,1.6107,9.3737,NA,NA,NA,NA,NA,NA,NA
python.exe,22256,0x0,Other,0,0,1,Hardware: Legacy Flip,2026-8-20 19:20:34.428735800,0.4495,0.4495,0.0000,0.2842,0.1889,0.0924,0.0965,1.6086,14.5690,0.1854,15968.3252,NA,NA,NA
python.exe,22256,0x0,Other,-1,0,0,Composed: Copy with GPU GDI,2026-8-20 19:20:34.429185300,1.3236,1.3236,0.0000,0.0236,1.9442,1.8116,0.1326,NA,NA,NA,NA,NA,NA,NA
python.exe,22256,0x0,Other,-1,0,0,Composed: Copy with GPU GDI,2026-8-20 19:20:34.430508900,8.9453,8.9453,0.0000,0.6513,8.3985,0.2394,8.1591,NA,NA,NA,NA,NA,NA,NA
python.exe,22256,0x0,Other,-1,0,0,Composed: Copy with GPU GDI,2026-8-20 19:20:34.439454200,1.1267,1.1267,0.0000,0.1089,1.7243,0.9049,0.8194,NA,NA,NA,NA,NA,NA,NA
python.exe,22256,0x0,Other,0,0,1,Hardware: Legacy Flip,2026-8-20 19:20:34.440580900,3.4333,3.4333,0.0000,0.7117,2.7591,0.1437,2.6154,4.3325,15.1650,-2.7239,15980.1703,NA,NA,NA
python.exe,22256,0x0,Other,-1,0,0,Composed: Copy with GPU GDI,2026-8-20 19:20:34.444014200,6.2630,6.2630,0.0000,0.0375,6.5226,1.2563,5.2663,NA,NA,NA,NA,NA,NA,NA
python.exe,22256,0x0,Other,-1,0,0,Composed: Copy with GPU GDI,2026-8-20 19:20:34.450277200,3.0025,3.0025,0.0000,0.3005,2.8993,0.3431,2.5562,9.8012,4.4834,-5.4687,15989.8666,NA,NA,NA
python.exe,22256,0x0,Other,-1,0,0,Composed: Copy with GPU GDI,2026-8-20 19:20:34.453279700,9.1239,9.1239,0.0000,0.2032,9.6310,0.8815,8.7495,NA,NA,NA,NA,NA,NA,NA
python.exe,22256,0x0,Other,0,0,1,Hardware: Legacy Flip,2026-8-20 19:20:34.462403600,0.8432,0.8432,0.0000,0.7145,0.1989,0.1236,0.0753,2.1582,7.5971,7.6430,16001.9930,NA,NA,NA
python.exe,22256,0x0,Other,-1,0,0,Composed: Copy with GPU GDI,2026-8-20 19:20:34.463246800,1.6530,1.6530,0.0000,0.0702,1.7895,1.5189,0.2706,8.9121,12.1487,-6.7539,16002.8362,NA,NA,NA
python.exe,22256,0x0,Other,-1,0,0,Composed: Copy with GPU GDI,2026-8-20 19:20:34.464899800,7.7396,7.7396,0.0000,0.2125,8.2833,0.9401,7.3432,NA,NA,NA,NA,NA,NA,NA
python.exe,22256,0x0,Other,-1,0,0,Composed: Copy with GPU GDI,2026-8-20 19:20:34.472639400,4.8198,4.8198,0.0000,0.7616,4.2940,0.5022,3.7918,11.6682,1.3005,-2.7561,16012.2288,NA,NA,NA
python.exe,22256,0x0,Other,0,0,1,Hardware: Legacy Flip,2026-8-20 19:20:34.477459200,7.2278,7.2278,0.0000,0.2389,7.0619,0.1669,6.8950,8.1489,10.8627,3.5193,16017.0486,NA,NA,NA
python.exe,22256,0x0,Other,-1,0,0,Composed: Copy with GPU GDI,2026-8-20 19:20:34.484687000,0.3114,0.3114,0.0000,0.0730,1.4387,1.4387,0.0000,11.7838,1.6127,-3.6349,16024.2764,NA,NA,NA
python.exe,22256,0x0,Other,-1,0,0,Composed: Copy with GPU GDI,2026-8-20 19:20:34.484998400,10.5995,10.5995,0.0000,1.2052,9.6028,0.3780,9.2248,NA,NA,NA,NA,NA,NA,NA
python.exe,22256,0x0,Other,0,0,1,Hardware: Legacy Flip,2026-8-20 19:20:34.495597900,1.3562,1.3562,0.0000,0.2129,1.3578,0.2821,1.0757,2.4856,16.5554,9.2982,16035.1873,NA,NA,NA
python.exe,22256,0x0,Other,-1,0,0,Composed: Copy with GPU GDI,2026-8-20 19:20:34.496954100,0.4116,0.4116,0.0000,0.2145,1.6975,1.6975,0.0000,17.6848,5.5812,-15.1992,16036.5435,NA,NA,NA
python.exe,22256,0x0,Other,-1,0,0,Composed: Copy with GPU GDI,2026-8-20 19:20:34.497365700,7.9889,7.9889,0.0000,1.5044,6.6075,0.2698,6.3377,NA,NA,NA,NA,NA,NA,NA
python.exe,22256,0x0,Other,-1,0,0,Composed: Copy with GPU GDI,2026-8-20 19:20:34.505354600,2.7625,2.7625,0.0000,0.1270,3.4105,0.9488,2.4617,NA,NA,NA,NA,NA,NA,NA
python.exe,22256,0x0,Other,-1,0,0,Composed: Copy with GPU GDI,2026-8-20 19:20:34.508117100,10.5385,10.5385,0.0000,0.7813,10.1609,0.6286,9.5323,NA,NA,NA,NA,NA,NA,NA
python.exe,22256,0x0,Other,0,0,1,Hardware: Legacy Flip,2026-8-20 19:20:34.518655600,0.5627,0.5627,0.0000,0.4172,0.2466,0.1959,0.0507,1.5645,8.9544,16.1203,16058.2450,NA,NA,NA
python.exe,22256,0x0,Other,-1,0,0,Composed: Copy with GPU GDI,2026-8-20 19:20:34.519218300,1.2189,1.2189,0.0000,0.1011,1.6131,1.4326,0.1805,NA,NA,NA,NA,NA,NA,NA
python.exe,22256,0x0,Other,0,0,1,Hardware: Legacy Flip,2026-8-20 19:20:34.520437200,7.4592,7.4592,0.0000,0.5012,6.9887,0.1118,6.8769,8.7373,9.7290,-7.1728,16060.0266,NA,NA,NA
python.exe,22256,0x0,Other,-1,0,0,Composed: Copy with GPU GDI,2026-8-20 19:20:34.527896400,0.5329,0.5329,0.0000,0.0307,1.3081,1.3081,0.0000,NA,NA,NA,NA,NA,NA,NA
python.exe,22256,0x0,Other,-1,0,0,Composed: Copy with GPU GDI,2026-8-20 19:20:34.528429300,3.6625,3.6625,0.0000,0.8103,3.4431,0.9878,2.4553,10.4742,12.1409,-1.7369,16068.0187,NA,NA,NA
python.exe,22256,0x0,Other,-1,0,0,Composed: Copy with GPU GDI,2026-8-20 19:20:34.532091800,8.5922,8.5922,0.0000,0.5959,8.2932,0.4626,7.8306,NA,NA,NA,NA,NA,NA,NA
python.exe,22256,0x0,Other,-1,0,0,Composed: Copy with GPU GDI,2026-8-20 19:20:34.540684000,2.9540,2.9540,0.0000,0.3011,2.7697,0.2056,2.5641,10.3604,0.4404,0.1138,16080.2734,NA,NA,NA
python.exe,22256,0x0,Other,0,0,1,Hardware: Legacy Flip,2026-8-20 19:20:34.543638000,6.6256,6.6256,0.0000,0.1196,6.6130,0.1592,6.4538,7.8468,11.7060,2.5136,16083.2274,NA,NA,NA
python.exe,22256,0x0,Other,-1,0,0,Composed: Copy with GPU GDI,2026-8-20 19:20:34.550263600,0.5351,0.5351,0.0000,0.1070,1.6765,1.6765,0.0000,12.9272,2.0461,-5.0804,16089.8530,NA,NA,NA
python.exe,22256,0x0,Other,-1,0,0,Composed: Copy with GPU GDI,2026-8-20 19:20:34.550798700,11.8781,11.8781,0.0000,1.2541,11.3592,0.8921,10.4671,NA,NA,NA,NA,NA,NA,NA
python.exe,22256,0x0,Other,0,0,1,Hardware: Legacy Flip,2026-8-20 19:20:34.562676800,1.6523,1.6523,0.0000,0.7401,1.0056,0.1874,0.8182,2.5601,10.0856,10.3671,16102.2662,NA,NA,NA
python.exe,22256,0x0,Other,-1,0,0,Composed: Copy with GPU GDI,2026-8-20 19:20:34.564329100,0.3234,0.3234,0.0000,0.0934,1.3479,1.3479,0.0000,10.9934,3.3509,-8.4333,16103.9185,NA,NA,NA
python.exe,22256,0x0,Other,-1,0,0,Composed: Copy with GPU GDI,2026-8-20 19:20:34.564652500,7.7446,7.7446,0.0000,1.1230,6.8661,0.4633,6.4028,NA,NA,NA,NA,NA,NA,NA
python.exe,22256,0x0,Other,-1,0,0,Composed: Copy with GPU GDI,2026-8-20 19:20:34.572397100,1.1653,1.1653,0.0000,0.2487,1.5151,0.8511,0.6640,NA,NA,NA,NA,NA,NA,NA
python.exe,22256,0x0,Other,0,0,1,Hardware: Legacy Flip,2026-8-20 19:20:34.573562400,4.1910,4.1910,0.0000,0.6032,3.6118,0.0919,3.5199,5.1110,14.8512,5.8824,16113.1518,NA,NA,NA
python.exe,22256,0x0,Other,-1,0,0,Composed: Copy with GPU GDI,2026-8-20 19:20:34.577753400,5.9088,5.9088,0.0000,0.0240,6.5492,1.6924,4.8568,NA,NA,NA,NA,NA,NA,NA
python.exe,22256,0x0,Other,-1,0,0,Composed: Copy with GPU GDI,2026-8-20 19:20:34.583662200,3.3121,3.3121,0.0000,0.6705,3.2653,0.7238,2.5415,9.8624,3.5059,-4.7514,16123.2516,NA,NA,NA
python.exe,22256,0x0,Other,-1,0,0,Composed: Copy with GPU GDI,2026-8-20 19:20:34.586974300,8.3656,8.3656,0.0000,0.6263,7.9844,0.4512,7.5332,NA,NA,NA,NA,NA,NA,NA
python.exe,22256,0x0,Other,0,0,1,Hardware: Legacy Flip,2026-8-20 19:20:34.595339900,0.3874,0.3874,0.0000,0.2479,0.2338,0.1574,0.0764,1.6906,12.9648,8.1718,16134.9293,NA,NA,NA
python.exe,22256,0x0,Other,-1,0,0,Composed: Copy with GPU GDI,2026-8-20 19:20:34.595727300,4.1407,4.1407,0.0000,0.0943,4.4340,1.6780,2.7560,NA,NA,NA,NA,NA,NA,NA
python.exe,22256,0x0,Other,-1,0,0,Composed: Copy with GPU GDI,2026-8-20 19:20:34.599868000,6.6741,6.6741,0.0000,0.3917,7.2320,1.1568,6.0752,NA,NA,NA,NA,NA,NA,NA
python.exe,22256,0x0,Other,0,0,1,Hardware: Legacy Flip,2026-8-20 19:20:34.606542100,2.5037,2.5037,0.0000,0.9529,1.5810,0.1029,1.4781,3.4532,13.8395,-1.7626,16146.1315,NA,NA,NA
python.exe,22256,0x0,Other,-1,0,0,Composed: Copy with GPU GDI,2026-8-20 19:20:34.609045800,1.3065,1.3065,0.0000,0.0302,1.3834,1.0483,0.3351,14.7890,6.0978,-11.3358,16148.6352,NA,NA,NA
python.exe,22256,0x0,Other,-1,0,0,Composed: Copy with GPU GDI,2026-8-20 19:20:34.610352300,8.4014,8.4014,0.0000,0.1250,8.6098,0.6003,8.0095,NA,NA,NA,NA,NA,NA,NA
python.exe,22256,0x0,Other,-1,0,0,Composed: Copy with GPU GDI,2026-8-20 19:20:34.618753700,8.6035,8.6035,0.0000,0.3373,8.9749,0.8975,8.0774,NA,NA,NA,NA,NA,NA,NA
python.exe,22256,0x0,Other,0,0,1,Hardware: Legacy Flip,2026-8-20 19:20:34.627357200,1.5664,1.5664,0.0000,0.7142,0.9566,0.2450,0.7116,2.5754,18.2211,12.2136,16166.9466,NA,NA,NA
python.exe,22256,0x0,Other,-1,0,0,Composed: Copy with GPU GDI,2026-8-20 19:20:34.628923600,0.4062,0.4062,0.0000,0.1044,1.4381,1.4381,0.0000,19.2301,4.5734,-16.6547,16168.5130,NA,NA,NA
python.exe,22256,0x0,Other,-1,0,0,Composed: Copy with GPU GDI,2026-8-20 19:20:34.629329800,13.6298,13.6298,0.0000,1.1415,13.0267,0.8051,12.2216,NA,NA,NA,NA,NA,NA,NA
python.exe,22256,0x0,Other,-1,0,0,Composed: Copy with GPU GDI,2026-8-20 19:20:34.642959600,1.6869,1.6869,0.0000,0.5446,1.7812,0.8076,0.9736,NA,NA,NA,NA,NA,NA,NA
python.exe,22256,0x0,Other,0,0,1,Hardware: Legacy Flip,2026-8-20 19:20:34.644646500,7.2686,7.2686,0.0000,0.6446,6.7582,0.2999,6.4583,8.0806,10.9735,11.1495,16184.2359,NA,NA,NA
python.exe,22256,0x0,Other,-1,0,0,Composed: Copy with GPU GDI,2026-8-20 19:20:34.651915100,0.4840,0.4840,0.0000,0.1342,1.2481,1.2481,0.0000,NA,NA,NA,NA,NA,NA,NA
python.exe,22256,0x0,Other,-1,0,0,Composed: Copy with GPU GDI,2026-8-20 19:20:34.652399100,2.5610,2.5610,0.0000,0.9034,2.3796,0.8739,1.5057,NA,NA,NA,NA,NA,NA,NA
python.exe,22256,0x0,Other,0,0,1,Hardware: Legacy Flip,2026-8-20 19:20:34.654960100,7.5006,7.5006,0.0000,0.7275,6.7981,0.1008,6.6973,8.7405,13.0408,-0.6599,16194.5495,NA,NA,NA
python.exe,22256,0x0,Other,-1,0,0,Composed: Copy with GPU GDI,2026-8-20 19:20:34.662460700,0.5056,0.5056,0.0000,0.0250,1.2915,1.2915,0.0000,NA,NA,NA,NA,NA,NA,NA
python.exe,22256,0x0,Other,-1,0,0,Composed: Copy with GPU GDI,2026-8-20 19:20:34.662966300,2.6973,2.6973,0.0000,0.8138,2.2991,0.6181,1.6810,NA,NA,NA,NA,NA,NA,NA
python.exe,22256,0x0,Other,-1,0,0,Composed: Copy with GPU GDI,2026-8-20 19:20:34.665663600,6.3525,6.3525,0.0000,0.4224,6.6191,0.8315,5.7876,NA,NA,NA,NA,NA,NA,NA
python.exe,22256,0x0,Other,0,0,1,Hardware: Legacy Flip,2026-8-20 19:20:34.672016100,3.7609,3.7609,0.0000,0.6922,3.0956,0.1024,2.9932,4.7253,7.7623,4.0152,16211.6055,NA,NA,NA
python.exe,22256,0x0,Other,-1,0,0,Composed: Copy with GPU GDI,2026-8-20 19:20:34.675777000,1.5867,1.5867,0.0000,0.0269,1.8940,1.2718,0.6222,8.7267,12.0454,-4.0014,16215.3664,NA,NA,NA
python.exe,22256,0x0,Other,-1,0,0,Composed: Copy with GPU GDI,2026-8-20 19:20:34.677363700,7.5366,7.5366,0.0000,0.3366,7.3665,0.4159,6.9506,NA,NA,NA,NA,NA,NA,NA
python.exe,22256,0x0,Other,-1,0,0,Composed: Copy with GPU GDI,2026-8-20 19:20:34.684900300,8.6179,8.6179,0.0000,0.1815,8.7217,0.4437,8.2780,NA,NA,NA,NA,NA,NA,NA
python.exe,22256,0x0,Other,0,0,1,Hardware: Legacy Flip,2026-8-20 19:20:34.693518200,1.7536,1.7536,0.0000,0.2920,1.5229,0.1487,1.3742,3.0309,12.2444,5.6958,16233.1076,NA,NA,NA
python.exe,22256,0x0,Other,-1,0,0,Composed: Copy with GPU GDI,2026-8-20 19:20:34.695271800,0.1878,0.1878,0.0000,0.0613,0.2353,0.2353,0.0000,13.5217,6.0311,-10.4908,16234.8612,NA,NA,NA
python.exe,22256,0x0,Other,-1,0,0,Composed: Copy with GPU GDI,2026-8-20 19:20:34.695459600,9.9603,9.9603,0.0000,0.1088,10.5658,1.7234,8.8424,19.3650,3.4348,-5.8433,16235.0490,NA,NA,NA
python.exe,22256,0x0,Other,-1,0,0,Composed: Copy with GPU GDI,2026-8-20 19:20:34.705419900,4.9971,4.9971,0.0000,0.7169,4.8199,0.8301,3.9898,NA,NA,NA,NA,NA,NA,NA
python.exe,22256,0x0,Other,0,0,1,Hardware: Legacy Flip,2026-8-20 19:20:34.710417000,6.8725,6.8725,0.0000,0.5477,6.3820,0.1379,6.2441,7.8424,11.7401,11.5226,16250.0064,NA,NA,NA
python.exe,22256,0x0,Other,-1,0,0,Composed: Copy with GPU GDI,2026-8-20 19:20:34.717289500,0.2633,0.2633,0.0000,0.0572,0.9689,0.9689,0.0000,NA,NA,NA,NA,NA,NA,NA
python.exe,22256,0x0,Other,-1,0,0,Composed: Copy with GPU GDI,2026-8-20 19:20:34.717552800,1.8223,1.8223,0.0000,0.7656,1.3269,0.4338,0.8931,NA,NA,NA,NA,NA,NA,NA
python.exe,22256,0x0,Other,-1,0,0,Composed: Copy with GPU GDI,2026-8-20 19:20:34.719375100,8.6002,8.6002,0.0000,0.2749,8.9667,0.8353,8.1314,NA,NA,NA,NA,NA,NA,NA
python.exe,22256,0x0,Other,0,0,1,Hardware: Legacy Flip,2026-8-20 19:20:34.727975300,0.9065,0.9065,0.0000,0.6474,0.3016,0.2041,0.0975,2.0242,9.1084,5.8182,16267.5647,NA,NA,NA
python.exe,22256,0x0,Other,-1,0,0,Composed: Copy with GPU GDI,2026-8-20 19:20:34.728881800,3.2465,3.2465,0.0000,0.0425,3.8854,1.7635,2.1219,10.2261,12.1567,-8.2019,16268.4712,NA,NA,NA
python.exe,22256,0x0,Other,-1,0,0,Composed: Copy with GPU GDI,2026-8-20 19:20:34.732128300,9.0743,9.0743,0.0000,0.6848,9.2790,1.1022,8.1768,NA,NA,NA,NA,NA,NA,NA
python.exe,22256,0x0,Other,-1,0,0,Composed: Copy with GPU GDI,2026-8-20 19:20:34.741202600,2.8856,2.8856,0.0000,0.9056,2.3283,0.4856,1.8427,10.0620,0.3566,0.1641,16280.7920,NA,NA,NA
python.exe,22256,0x0,Other,0,0,1,Hardware: Legacy Flip,2026-8-20 19:20:34.744088200,6.5020,6.5020,0.0000,0.3523,6.2189,0.1404,6.0785,7.5330,11.8081,2.5290,16283.6776,NA,NA,NA
python.exe,22256,0x0,Other,-1,0,0,Composed: Copy with GPU GDI,2026-8-20 19:20:34.750590200,0.6453,0.6453,0.0000,0.0692,1.5356,1.5356,0.0000,12.8391,3.2048,-5.3061,16290.1796,NA,NA,NA
python.exe,22256,0x0,Other,-1,0,0,Composed: Copy with GPU GDI,2026-8-20 19:20:34.751235500,11.4305,11.4305,0.0000,0.9668,11.0111,0.7116,10.2995,NA,NA,NA,NA,NA,NA,NA
python.exe,22256,0x0,Other,-1,0,0,Composed: Copy with GPU GDI,2026-8-20 19:20:34.762666000,2.1466,2.1466,0.0000,0.5516,1.7473,0.2815,1.4658,NA,NA,NA,NA,NA,NA,NA
python.exe,22256,0x0,Other,0,0,1,Hardware: Legacy Flip,2026-8-20 19:20:34.764812600,0.3439,0.3439,0.0000,0.1595,0.2548,0.1339,0.1209,1.8215,20.9983,11.0176,16304.4020,NA,NA,NA
python.exe,22256,0x0,Other,-1,0,0,Composed: Copy with GPU GDI,2026-8-20 19:20:34.765156500,7.5090,7.5090,0.0000,0.0704,8.0402,2.0305,6.0097,NA,NA,NA,NA,NA,NA,NA
python.exe,22256,0x0,Other,-1,0,0,Composed: Copy with GPU GDI,2026-8-20 19:20:34.772665500,1.2815,1.2815,0.0000,0.6084,0.9250,0.4110,0.5140,14.9669,0.8827,-13.1454,16312.2549,NA,NA,NA
python.exe,22256,0x0,Other,-1,0,0,Composed: Copy with GPU GDI,2026-8-20 19:20:34.773947000,12.9784,12.9784,0.0000,13.3421,0.2269,0.2269,0.0000,NA,NA,NA,NA,NA,NA,NA
python.exe,22256,0x0,Other,0,0,1,Hardware: Legacy Flip,2026-8-20 19:20:34.786925400,0.2151,0.2151,0.0000,0.0000,13.0872,0.5848,12.5024,1.5897,9.9213,13.3772,16326.5148,NA,NA,NA
python.exe,22256,0x0,Other,-1,0,0,Composed: Copy with GPU GDI,2026-8-20 19:20:34.787140500,0.8479,0.8479,0.0000,0.3755,1.5828,1.5828,0.0000,NA,NA,NA,NA,NA,NA,NA
python.exe,22256,0x0,Other,-1,0,0,Composed: Copy with GPU GDI,2026-8-20 19:20:34.787988400,8.2015,8.2015,0.0000,1.1153,7.2096,0.2701,6.9395,NA,NA,NA,NA,NA,NA,NA
python.exe,22256,0x0,Other,0,0,1,Hardware: Legacy Flip,2026-8-20 19:20:34.796189900,1.3408,1.3408,0.0000,0.1339,1.2872,0.2051,1.0821,2.2465,11.7422,-0.6568,16335.7793,NA,NA,NA
python.exe,22256,0x0,Other,-1,0,0,Composed: Copy with GPU GDI,2026-8-20 19:20:34.797530700,2.1076,2.1076,0.0000,0.0803,2.3633,1.2195,1.1438,NA,NA,NA,NA,NA,NA,NA
python.exe,22256,0x0,Other,-1,0,0,Composed: Copy with GPU GDI,2026-8-20 19:20:34.799638300,8.4727,8.4727,0.0000,0.3423,8.2989,0.4372,7.8617,NA,NA,NA,NA,NA,NA,NA
python.exe,22256,0x0,Other,0,0,1,Hardware: Legacy Flip,2026-8-20 19:20:34.808111000,1.1459,1.1459,0.0000,0.1733,1.0173,0.1512,0.8661,2.0676,13.8945,0.1789,16347.7004,NA,NA,NA
python.exe,22256,0x0,Other,-1,0,0,Composed: Copy with GPU GDI,2026-8-20 19:20:34.809256900,0.4654,0.4654,0.0000,0.0447,1.4638,1.4638,0.0000,14.8162,6.1427,-12.7486,16348.8463,NA,NA,NA
python.exe,22256,0x0,Other,-1,0,0,Composed: Copy with GPU GDI,2026-8-20 19:20:34.809722300,9.5623,9.5623,0.0000,1.0470,9.0706,0.7557,8.3149,20.4935,41.3779,-5.6773,16349.3117,NA,NA,NA
python.exe,22256,0x0,Other,-1,0,0,Composed: Copy with GPU GDI,2026-8-20 19:20:34.819284600,49.7334,49.7334,0.0000,0.5596,49.6842,0.6225,49.0617,NA,NA,NA,NA,NA,NA,NA
python.exe,22256,0x0,Other,-1,0,0,Composed: Copy with GPU GDI,2026-8-20 19:20:34.869018000,1.1858,1.1858,0.0000,1.4857,0.0767,0.0767,0.0000,NA,NA,NA,NA,NA,NA,NA
python.exe,22256,0x0,Other,0,0,1,Hardware: Legacy Flip,2026-8-20 19:20:34.870203800,0.2179,0.2179,0.0000,0.0000,0.9700,0.4406,0.5294,1.3899,3.2841,19.1036,16409.7932,NA,NA,NA
python.exe,22256,0x0,Other,-1,0,0,Composed: Copy with GPU GDI,2026-8-20 19:20:34.870421700,3.1619,3.1619,0.0000,0.1587,3.3997,1.3789,2.0208,NA,NA,NA,NA,NA,NA,NA
python.exe,22256,0x0,Other,0,0,1,Hardware: Legacy Flip,2026-8-20 19:20:34.873583600,0.3956,0.3956,0.0000,0.3965,0.0240,0.0240,0.0000,1.2942,10.3078,0.0957,16413.1730,NA,NA,NA
python.exe,22256,0x0,Other,-1,0,0,Composed: Copy with GPU GDI,2026-8-20 19:20:34.873979200,3.5061,3.5061,0.0000,0.0249,3.9399,1.4772,2.4627,NA,NA,NA,NA,NA,NA,NA
python.exe,22256,0x0,Other,0,0,1,Hardware: Legacy Flip,2026-8-20 19:20:34.877485300,6.5211,6.5211,0.0000,0.4707,6.1271,0.1949,5.9322,7.7003,11.6439,-6.4061,16417.0747,NA,NA,NA
python.exe,22256,0x0,Other,-1,0,0,Composed: Copy with GPU GDI,2026-8-20 19:20:34.884006400,0.5216,0.5216,0.0000,0.0767,1.1651,1.1651,0.0000,12.8231,1.0860,-5.1228,16423.5958,NA,NA,NA
python.exe,22256,0x0,Other,-1,0,0,Composed: Copy with GPU GDI,2026-8-20 19:20:34.884528000,11.2635,11.2635,0.0000,0.7233,10.7777,0.4319,10.3458,NA,NA,NA,NA,NA,NA,NA
python.exe,22256,0x0,Other,0,0,1,Hardware: Legacy Flip,2026-8-20 19:20:34.895791500,1.0193,1.0193,0.0000,0.2406,0.8944,0.1671,0.7273,2.1240,17.1107,10.6991,16435.3809,NA,NA,NA
python.exe,22256,0x0,Other,-1,0,0,Composed: Copy with GPU GDI,2026-8-20 19:20:34.896810800,0.3895,0.3895,0.0000,0.1157,1.8427,1.8427,0.0000,18.2154,5.5901,-16.0914,16436.4002,NA,NA,NA
python.exe,22256,0x0,Other,-1,0,0,Composed: Copy with GPU GDI,2026-8-20 19:20:34.897200300,9.9077,9.9077,0.0000,1.5739,8.6720,0.5628,8.1092,NA,NA,NA,NA,NA,NA,NA
python.exe,22256,0x0,Other,-1,0,0,Composed: Copy with GPU GDI,2026-8-20 19:20:34.907108000,0.7182,0.7182,0.0000,0.3432,0.7639,0.5761,0.1878,NA,NA,NA,NA,NA,NA,NA
python.exe,22256,0x0,Other,-1,0,0,Composed: Copy with GPU GDI,2026-8-20 19:20:34.907826200,11.4127,11.4127,0.0000,11.7416,0.0081,0.0081,0.0000,NA,NA,NA,NA,NA,NA,NA
python.exe,22256,0x0,Other,0,0,1,Hardware: Legacy Flip,2026-8-20 19:20:34.919238900,0.2487,0.2487,0.0000,0.0000,11.3474,0.5471,10.8003,1.3774,6.7476,16.8380,16458.8283,NA,NA,NA
python.exe,22256,0x0,Other,-1,0,0,Composed: Copy with GPU GDI,2026-8-20 19:20:34.919487600,0.7949,0.7949,0.0000,0.0883,1.6352,1.6352,0.0000,7.8763,6.6216,-6.4989,16459.0770,NA,NA,NA
python.exe,22256,0x0,Other,-1,0,0,Composed: Copy with GPU GDI,2026-8-20 19:20:34.920282500,10.0426,10.0426,0.0000,0.9329,9.4205,0.6159,8.8046,NA,NA,NA,NA,NA,NA,NA
python.exe,22256,0x0,Other,-1,0,0,Composed: Copy with GPU GDI,2026-8-20 19:20:34.930325100,2.0426,2.0426,0.0000,2.4462,0.1204,0.1204,0.0000,NA,NA,NA,NA,NA,NA,NA
python.exe,22256,0x0,Other,0,0,1,Hardware: Legacy Flip,2026-8-20 19:20:34.932367700,0.3467,0.3467,0.0000,0.0000,2.1320,0.5420,1.5900,1.6178,11.3131,6.2585,16471.9571,NA,NA,NA
python.exe,22256,0x0,Other,-1,0,0,Composed: Copy with GPU GDI,2026-8-20 19:20:34.932714400,6.6523,6.6523,0.0000,0.1773,6.7101,1.3956,5.3145,NA,NA,NA,NA,NA,NA,NA
python.exe,22256,0x0,Other,0,0,1,Hardware: Legacy Flip,2026-8-20 19:20:34.939366700,4.8097,4.8097,0.0000,0.2660,4.5970,0.1812,4.4158,5.9319,6.1484,-4.3141,16478.9561,NA,NA,NA
python.exe,22256,0x0,Other,-1,0,0,Composed: Copy with GPU GDI,2026-8-20 19:20:34.944176400,0.3346,0.3346,0.0000,0.0533,1.4917,1.4917,0.0000,7.2706,14.9419,-1.3387,16483.7658,NA,NA,NA
python.exe,22256,0x0,Other,-1,0,0,Composed: Copy with GPU GDI,2026-8-20 19:20:34.944511000,7.6483,7.6483,0.0000,1.2174,6.7928,0.5750,6.2178,NA,NA,NA,NA,NA,NA,NA
python.exe,22256,0x0,Other,-1,0,0,Composed: Copy with GPU GDI,2026-8-20 19:20:34.952159300,12.1681,12.1681,0.0000,0.4007,12.1596,0.5345,11.6251,NA,NA,NA,NA,NA,NA,NA
python.exe,22256,0x0,Other,0,0,1,Hardware: Legacy Flip,2026-8-20 19:20:34.964327400,0.8938,0.8938,0.0000,0.3974,0.7014,0.3284,0.3730,2.0615,9.3221,5.2091,16503.9168,NA,NA,NA
python.exe,22256,0x0,Other,-1,0,0,Composed: Copy with GPU GDI,2026-8-20 19:20:34.965221200,0.6671,0.6671,0.0000,0.2050,1.1190,1.1190,0.0000,10.4898,1.6220,-8.4283,16504.8106,NA,NA,NA
python.exe,22256,0x0,Other,-1,0,0,Composed: Copy with GPU GDI,2026-8-20 19:20:34.965888300,7.6598,7.6598,0.0000,0.6611,7.7664,1.1009,6.6655,NA,NA,NA,NA,NA,NA,NA
python.exe,22256,0x0,Other,-1,0,0,Composed: Copy with GPU GDI,2026-8-20 19:20:34.973548100,2.2740,2.2740,0.0000,2.6138,0.1640,0.1640,0.0000,NA,NA,NA,NA,NA,NA,NA
python.exe,22256,0x0,Other,0,0,1,Hardware: Legacy Flip,2026-8-20 19:20:34.975822100,0.3049,0.3049,0.0000,0.0000,1.8398,0.5428,1.2970,1.5109,21.9981,8.9789,16515.4115,NA,NA,NA
python.exe,22256,0x0,Other,-1,0,0,Composed: Copy with GPU GDI,2026-8-20 19:20:34.976127000,8.4913,8.4913,0.0000,0.1989,8.7272,1.6301,7.0971,NA,NA,NA,NA,NA,NA,NA
python.exe,22256,0x0,Other,-1,0,0,Composed: Copy with GPU GDI,2026-8-20 19:20:34.984618300,1.4097,1.4097,0.0000,0.4384,1.1501,0.3809,0.7692,NA,NA,NA,NA,NA,NA,NA
python.exe,22256,0x0,Other,-1,0,0,Composed: Copy with GPU GDI,2026-8-20 19:20:34.986028000,10.9481,10.9481,0.0000,0.1848,11.4413,0.9646,10.4767,NA,NA,NA,NA,NA,NA,NA
python.exe,22256,0x0,Other,0,0,1,Hardware: Legacy Flip,2026-8-20 19:20:34.996976100,1.3394,1.3394,0.0000,0.6822,0.7750,0.2137,0.5613,2.3550,12.8148,-0.8441,16536.5655,NA,NA,NA
python.exe,22256,0x0,Other,-1,0,0,Composed: Copy with GPU GDI,2026-8-20 19:20:34.998315500,0.6030,0.6030,0.0000,0.1178,1.4000,1.4000,0.0000,13.8304,7.8633,-11.4754,16537.9049,NA,NA,NA
python.exe,22256,0x0,Other,-1,0,0,Composed: Copy with GPU GDI,2026-8-20 19:20:34.998918500,7.4692,7.4692,0.0000,0.9181,6.8775,0.5384,6.3391,NA,NA,NA,NA,NA,NA,NA
python.exe,22256,0x0,Other,-1,0,0,Composed: Copy with GPU GDI,2026-8-20 19:20:35.006387700,9.1042,9.1042,0.0000,0.3332,9.4361,0.8650,8.5711,NA,NA,NA,NA,NA,NA,NA
python.exe,22256,0x0,Other,-1,0,0,Composed: Copy with GPU GDI,2026-8-20 19:20:35.015491900,3.0107,3.0107,0.0000,3.3868,0.0797,0.0797,0.0000,NA,NA,NA,NA,NA,NA,NA
python.exe,22256,0x0,Other,0,0,1,Hardware: Legacy Flip,2026-8-20 19:20:35.018502600,0.2698,0.2698,0.0000,0.0000,2.7163,0.6099,2.1064,1.5066,12.1724,12.3238,16558.0920,NA,NA,NA
python.exe,22256,0x0,Other,-1,0,0,Composed: Copy with GPU GDI,2026-8-20 19:20:35.018772400,11.1707,11.1707,0.0000,0.1860,11.3172,1.4342,9.8830,NA,NA,NA,NA,NA,NA,NA
python.exe,22256,0x0,Other,0,0,1,Hardware: Legacy Flip,2026-8-20 19:20:35.029943100,1.2139,1.2139,0.0000,0.3366,0.9294,0.1385,0.7909,2.2385,11.7178,-0.7319,16569.5325,NA,NA,NA
python.exe,22256,0x0,Other,-1,0,0,Composed: Copy with GPU GDI,2026-8-20 19:20:35.031157000,0.3388,0.3388,0.0000,0.0521,1.7876,1.7876,0.0000,NA,NA,NA,NA,NA,NA,NA
python.exe,22256,0x0,Other,-1,0,0,Composed: Copy with GPU GDI,2026-8-20 19:20:35.031495800,8.0157,8.0157,0.0000,1.5058,6.7638,0.3828,6.3810,NA,NA,NA,NA,NA,NA,NA
python.exe,22256,0x0,Other,-1,0,0,Composed: Copy with GPU GDI,2026-8-20 19:20:35.039511500,1.1562,1.1562,0.0000,0.2566,1.0254,0.2297,0.7957,NA,NA,NA,NA,NA,NA,NA
python.exe,22256,0x0,Other,0,0,1,Hardware: Legacy Flip,2026-8-20 19:20:35.040667700,2.0123,2.0123,0.0000,0.1304,1.9185,0.1547,1.7638,3.2317,21.3021,-0.9932,16580.2571,NA,NA,NA
python.exe,22256,0x0,Other,-1,0,0,Composed: Copy with GPU GDI,2026-8-20 19:20:35.042680000,10.5137,10.5137,0.0000,0.0366,10.7489,1.5485,9.2004,NA,NA,NA,NA,NA,NA,NA
python.exe,22256,0x0,Other,-1,0,0,Composed: Copy with GPU GDI,2026-8-20 19:20:35.053193700,9.4140,9.4140,0.0000,0.2750,9.9250,1.0490,8.8760,NA,NA,NA,NA,NA,NA,NA
python.exe,22256,0x0,Other,0,0,1,Hardware: Legacy Flip,2026-8-20 19:20:35.062607700,1.4200,1.4200,0.0000,0.7898,0.6998,0.1320,0.5678,2.5938,13.6590,0.6379,16602.1971,NA,NA,NA
python.exe,22256,0x0,Other,-1,0,0,Composed: Copy with GPU GDI,2026-8-20 19:20:35.064027700,0.7127,0.7127,0.0000,0.0696,1.2399,1.2399,0.0000,14.8328,5.5129,-12.2390,16603.6171,NA,NA,NA
python.exe,22256,0x0,Other,-1,0,0,Composed: Copy with GPU GDI,2026-8-20 19:20:35.064740400,10.4567,10.4567,0.0000,0.5994,10.5360,0.8687,9.6673,NA,NA,NA,NA,NA,NA,NA
python.exe,22256,0x0,Other,-1,0,0,Composed: Copy with GPU GDI,2026-8-20 19:20:35.075197100,1.9818,1.9818,0.0000,0.6827,1.3787,0.1872,1.1915,NA,NA,NA,NA,NA,NA,NA
python.exe,22256,0x0,Other,0,0,1,Hardware: Legacy Flip,2026-8-20 19:20:35.077178900,5.9619,5.9619,0.0000,0.0822,5.9465,0.1344,5.8121,7.1945,14.8968,7.6383,16616.7683,NA,NA,NA
python.exe,22256,0x0,Other,-1,0,0,Composed: Copy with GPU GDI,2026-8-20 19:20:35.083140800,1.7522,1.7522,0.0000,0.0668,2.1178,1.6163,0.5015,NA,NA,NA,NA,NA,NA,NA
python.exe,22256,0x0,Other,-1,0,0,Composed: Copy with GPU GDI,2026-8-20 19:20:35.084893000,10.8329,10.8329,0.0000,0.4362,10.4884,0.2667,10.2217,NA,NA,NA,NA,NA,NA,NA
python.exe,22256,0x0,Other,-1,0,0,Composed: Copy with GPU GDI,2026-8-20 19:20:35.095725900,1.6450,1.6450,0.0000,0.0951,1.7963,0.3909,1.4054,NA,NA,NA,NA,NA,NA,NA
python.exe,22256,0x0,Other,0,0,1,Hardware: Legacy Flip,2026-8-20 19:20:35.097370900,0.4115,0.4115,0.0000,0.2548,0.2861,0.2253,0.0608,1.8993,18.7402,5.2952,16636.9603,NA,NA,NA
python.exe,22256,0x0,Other,-1,0,0,Composed: Copy with GPU GDI,2026-8-20 19:20:35.097782400,7.3998,7.3998,0.0000,0.1294,7.5578,1.6326,5.9252,NA,NA,NA,NA,NA,NA,NA
python.exe,22256,0x0,Other,-1,0,0,Composed: Copy with GPU GDI,2026-8-20 19:20:35.105182200,2.3257,2.3257,0.0000,0.3192,2.6696,0.7996,1.8700,NA,NA,NA,NA,NA,NA,NA
python.exe,22256,0x0,Other,0,0,1,Hardware: Legacy Flip,2026-8-20 19:20:35.107507900,9.2431,9.2431,0.0000,0.6674,8.7583,0.2653,8.4930,10.5025,12.7355,-8.6032,16647.0973,NA,NA,NA
python.exe,22256,0x0,Other,-1,0,0,Composed: Copy with GPU GDI,2026-8-20 19:20:35.116751000,1.5255,1.5255,0.0000,0.1826,1.6757,1.6757,0.0000,NA,NA,NA,NA,NA,NA,NA
python.exe,22256,0x0,Other,-1,0,0,Composed: Copy with GPU GDI,2026-8-20 19:20:35.118276500,4.1742,4.1742,0.0000,0.3391,4.1071,0.5971,3.5100,NA,NA,NA,NA,NA,NA,NA
python.exe,22256,0x0,Other,-1,0,0,Composed: Copy with GPU GDI,2026-8-20 19:20:35.122450700,6.1969,6.1969,0.0000,0.2749,6.0739,0.4378,5.6361,NA,NA,NA,NA,NA,NA,NA
python.exe,22256,0x0,Other,0,0,1,Hardware: Legacy Flip,2026-8-20 19:20:35.128647600,0.7344,0.7344,0.0000,0.1560,0.6189,0.1597,0.4592,2.0983,13.1401,8.4042,16668.2370,NA,NA,NA
python.exe,22256,0x0,Other,-1,0,0,Composed: Copy with GPU GDI,2026-8-20 19:20:35.129382000,2.7255,2.7255,0.0000,0.0405,3.0510,1.6545,1.3965,NA,NA,NA,NA,NA,NA,NA
python.exe,22256,0x0,Other,-1,0,0,Composed: Copy with GPU GDI,2026-8-20 19:20:35.132107500,6.7113,6.7113,0.0000,0.3699,6.6762,0.5632,6.1130,NA,NA,NA,NA,NA,NA,NA
python.exe,22256,0x0,Other,0,0,1,Hardware: Legacy Flip,2026-8-20 19:20:35.138818800,3.8241,3.8241,0.0000,0.3382,3.5322,0.1680,3.3642,5.0672,13.8007,-2.9689,16678.4082,NA,NA,NA
python.exe,22256,0x0,Other,-1,0,0,Composed: Copy with GPU GDI,2026-8-20 19:20:35.142642900,0.9509,0.9509,0.0000,0.0463,1.2957,1.2957,0.0000,15.0438,5.9445,-9.9766,16682.2323,NA,NA,NA
python.exe,22256,0x0,Other,-1,0,0,Composed: Copy with GPU GDI,2026-8-20 19:20:35.143593800,7.5379,7.5379,0.0000,0.3952,7.3848,0.4669,6.9179,NA,NA,NA,NA,NA,NA,NA
python.exe,22256,0x0,Other,-1,0,0,Composed: Copy with GPU GDI,2026-8-20 19:20:35.151131700,10.0014,10.0014,0.0000,0.2457,10.4945,0.9239,9.5706,NA,NA,NA,NA,NA,NA,NA
python.exe,22256,0x0,Other,0,0,1,Hardware: Legacy Flip,2026-8-20 19:20:35.161133100,1.3459,1.3459,0.0000,0.7442,0.6676,0.1304,0.5372,2.4981,12.2865,12.5457,16700.7225,NA,NA,NA
python.exe,22256,0x0,Other,-1,0,0,Composed: Copy with GPU GDI,2026-8-20 19:20:35.162479000,0.2316,0.2316,0.0000,0.0659,1.1335,1.1335,0.0000,13.4387,0.8514,-10.9406,16702.0684,NA,NA,NA
python.exe,22256,0x0,Other,-1,0,0,Composed: Copy with GPU GDI,2026-8-20 19:20:35.162710600,9.4069,9.4069,0.0000,0.9702,8.5506,0.2826,8.2680,NA,NA,NA,NA,NA,NA,NA
python.exe,22256,0x0,Other,-1,0,0,Composed: Copy with GPU GDI,2026-8-20 19:20:35.172117500,2.3385,2.3385,0.0000,0.1167,2.3659,0.2947,2.0712,NA,NA,NA,NA,NA,NA,NA
python.exe,22256,0x0,Other,0,0,1,Hardware: Legacy Flip,2026-8-20 19:20:35.174456000,1.1188,1.1188,0.0000,0.1478,0.9909,0.0786,0.9123,2.3131,20.1724,11.1256,16714.0454,NA,NA,NA
python.exe,22256,0x0,Other,-1,0,0,Composed: Copy with GPU GDI,2026-8-20 19:20:35.175574800,7.5610,7.5610,0.0000,0.0199,7.7680,1.4285,6.3395,NA,NA,NA,NA,NA,NA,NA
python.exe,22256,0x0,Other,-1,0,0,Composed: Copy with GPU GDI,2026-8-20 19:20:35.183135800,3.0245,3.0245,0.0000,0.2298,3.2436,0.5748,2.6688,NA,NA,NA,NA,NA,NA,NA
python.exe,22256,0x0,Other,-1,0,0,Composed: Copy with GPU GDI,2026-8-20 19:20:35.186160300,9.1387,9.1387,0.0000,0.4521,8.9997,0.5485,8.4512,NA,NA,NA,NA,NA,NA,NA
python.exe,22256,0x0,Other,0,0,1,Hardware: Legacy Flip,2026-8-20 19:20:35.195299000,0.4122,0.4122,0.0000,0.3183,0.1550,0.1143,0.0407,1.6425,15.3566,0.6706,16734.8884,NA,NA,NA
python.exe,22256,0x0,Other,-1,0,0,Composed: Copy with GPU GDI,2026-8-20 19:20:35.195711200,2.6284,2.6284,0.0000,0.0611,2.8027,1.4941,1.3086,16.5869,6.4721,-14.9444,16735.3006,NA,NA,NA
python.exe,22256,0x0,Other,-1,0,0,Composed: Copy with GPU GDI,2026-8-20 19:20:35.198339600,9.2624,9.2624,0.0000,0.2392,9.3860,0.6669,8.7191,NA,NA,NA,NA,NA,NA,NA
python.exe,22256,0x0,Other,-1,0,0,Composed: Copy with GPU GDI,2026-8-20 19:20:35.207602000,2.1793,2.1793,0.0000,0.3693,2.0301,0.5101,1.5200,NA,NA,NA,NA,NA,NA,NA
python.exe,22256,0x0,Other,0,0,1,Hardware: Legacy Flip,2026-8-20 19:20:35.209781300,7.5262,7.5262,0.0000,0.2243,7.3558,0.1114,7.2444,8.9889,12.0201,7.5980,16749.3707,NA,NA,NA
python.exe,22256,0x0,Other,-1,0,0,Composed: Copy with GPU GDI,2026-8-20 19:20:35.217307500,1.0155,1.0155,0.0000,0.0539,1.7329,1.7329,0.0000,NA,NA,NA,NA,NA,NA,NA
python.exe,22256,0x0,Other,-1,0,0,Composed: Copy with GPU GDI,2026-8-20 19:20:35.218323000,10.1522,10.1522,0.0000,0.7743,10.0556,0.8701,9.1855,NA,NA,NA,NA,NA,NA,NA
python.exe,22256,0x0,Other,0,0,1,Hardware: Legacy Flip,2026-8-20 19:20:35.228475200,0.8618,0.8618,0.0000,0.6852,0.2096,0.1387,0.0709,2.3151,17.9708,6.6738,16768.0646,NA,NA,NA
python.exe,22256,0x0,Other,-1,0,0,Composed: Copy with GPU GDI,2026-8-20 19:20:35.229337000,0.5840,0.5840,0.0000,0.0330,1.8126,1.8126,0.0000,19.4241,4.4290,-17.1090,16768.9264,NA,NA,NA
python.exe,22256,0x0,Other,-1,0,0,Composed: Copy with GPU GDI,2026-8-20 19:20:35.229921000,9.5112,9.5112,0.0000,1.2660,8.5107,0.4792,8.0315,NA,NA,NA,NA,NA,NA,NA
python.exe,22256,0x0,Other,-1,0,0,Composed: Copy with GPU GDI,2026-8-20 19:20:35.239432200,1.1901,1.1901,0.0000,0.2712,1.2646,0.4792,0.7854,NA,NA,NA,NA,NA,NA,NA
python.exe,22256,0x0,Other,0,0,1,Hardware: Legacy Flip,2026-8-20 19:20:35.240622300,10.9948,10.9948,0.0000,0.3495,10.7053,0.1263,10.5790,12.5678,10.3729,6.8563,16780.2117,NA,NA,NA
python.exe,22256,0x0,Other,-1,0,0,Composed: Copy with GPU GDI,2026-8-20 19:20:35.251617100,0.3122,0.3122,0.0000,0.0600,0.3491,0.3491,0.0000,NA,NA,NA,NA,NA,NA,NA
python.exe,22256,0x0,Other,-1,0,0,Composed: Copy with GPU GDI,2026-8-20 19:20:35.251929300,2.1361,2.1361,0.0000,0.0969,2.6405,1.8339,0.8066,NA,NA,NA,NA,NA,NA,NA
python.exe,22256,0x0,Other,0,0,1,Hardware: Legacy Flip,2026-8-20 19:20:35.254065400,8.4630,8.4630,0.0000,0.6057,7.8920,0.1284,7.7636,9.4976,13.4262,3.0702,16793.6548,NA,NA,NA
python.exe,22256,0x0,Other,-1,0,0,Composed: Copy with GPU GDI,2026-8-20 19:20:35.262528400,0.6347,0.6347,0.0000,0.0347,1.3202,1.3202,0.0000,NA,NA,NA,NA,NA,NA,NA
python.exe,22256,0x0,Other,-1,0,0,Composed: Copy with GPU GDI,2026-8-20 19:20:35.263163100,1.2385,1.2385,0.0000,0.7243,0.6618,0.2418,0.4200,NA,NA,NA,NA,NA,NA,NA
python.exe,22256,0x0,Other,-1,0,0,Composed: Copy with GPU GDI,2026-8-20 19:20:35.264401600,8.0536,8.0536,0.0000,0.1506,8.1798,0.4270,7.7528,NA,NA,NA,NA,NA,NA,NA
python.exe,22256,0x0,Other,0,0,1,Hardware: Legacy Flip,2026-8-20 19:20:35.272455200,3.0713,3.0713,0.0000,0.2889,2.8020,0.0772,2.7248,4.5340,14.2048,4.9636,16812.0446,NA,NA,NA
python.exe,22256,0x0,Other,-1,0,0,Composed: Copy with GPU GDI,2026-8-20 19:20:35.275526500,1.7111,1.7111,0.0000,0.0196,2.0316,1.8354,0.1962,15.6675,8.1826,-11.1335,16815.1159,NA,NA,NA
python.exe,22256,0x0,Other,-1,0,0,Composed: Copy with GPU GDI,2026-8-20 19:20:35.277237600,9.0674,9.0674,0.0000,0.3458,9.0832,0.5449,8.5383,NA,NA,NA,NA,NA,NA,NA
python.exe,22256,0x0,Other,-1,0,0,Composed: Copy with GPU GDI,2026-8-20 19:20:35.286305000,9.5222,9.5222,0.0000,0.3675,9.4246,0.5443,8.8803,NA,NA,NA,NA,NA,NA,NA
python.exe,22256,0x0,Other,-1,0,0,Composed: Copy with GPU GDI,2026-8-20 19:20:35.295827200,1.8646,1.8646,0.0000,0.2743,1.9497,0.6227,1.3270,NA,NA,NA,NA,NA,NA,NA
python.exe,22256,0x0,Other,0,0,1,Hardware: Legacy Flip,2026-8-20 19:20:35.297691800,0.6474,0.6474,0.0000,0.3639,0.4063,0.2660,0.1403,1.6848,19.6563,13.9827,16837.2812,NA,NA,NA
python.exe,22256,0x0,Other,-1,0,0,Composed: Copy with GPU GDI,2026-8-20 19:20:35.298339200,8.4388,8.4388,0.0000,0.1228,8.7440,1.4228,7.3212,NA,NA,NA,NA,NA,NA,NA
python.exe,22256,0x0,Other,-1,0,0,Composed: Copy with GPU GDI,2026-8-20 19:20:35.306778000,2.3211,2.3211,0.0000,0.4343,2.3322,0.5630,1.7692,NA,NA,NA,NA,NA,NA,NA
python.exe,22256,0x0,Other,0,0,1,Hardware: Legacy Flip,2026-8-20 19:20:35.309099100,8.7552,8.7552,0.0000,0.4518,8.4204,0.2265,8.1939,9.9338,11.5336,-8.2490,16848.6885,NA,NA,NA
python.exe,22256,0x0,Other,-1,0,0,Composed: Copy with GPU GDI,2026-8-20 19:20:35.317854300,0.4704,0.4704,0.0000,0.1170,1.6346,1.6346,0.0000,NA,NA,NA,NA,NA,NA,NA
python.exe,22256,0x0,Other,-1,0,0,Composed: Copy with GPU GDI,2026-8-20 19:20:35.318324700,1.0468,1.0468,0.0000,1.2840,0.0096,0.0096,0.0000,NA,NA,NA,NA,NA,NA,NA
python.exe,22256,0x0,Other,-1,0,0,Composed: Copy with GPU GDI,2026-8-20 19:20:35.319371500,9.5356,9.5356,0.0000,0.2476,9.7094,0.6758,9.0336,NA,NA,NA,NA,NA,NA,NA
python.exe,22256,0x0,Other,0,0,1,Hardware: Legacy Flip,2026-8-20 19:20:35.328907100,0.4712,0.4712,0.0000,0.4214,0.1131,0.1131,0.0000,1.6594,15.2015,8.2744,16868.4965,NA,NA,NA
python.exe,22256,0x0,Other,-1,0,0,Composed: Copy with GPU GDI,2026-8-20 19:20:35.329378300,3.1079,3.1079,0.0000,0.0633,3.4566,1.5808,1.8758,16.3897,5.4734,-14.7303,16868.9677,NA,NA,NA
python.exe,22256,0x0,Other,-1,0,0,Composed: Copy with GPU GDI,2026-8-20 19:20:35.332486200,7.7506,7.7506,0.0000,0.4149,7.6777,0.5504,7.1273,NA,NA,NA,NA,NA,NA,NA
python.exe,22256,0x0,Other,-1,0,0,Composed: Copy with GPU GDI,2026-8-20 19:20:35.340236800,3.8294,3.8294,0.0000,0.3446,3.8376,0.5162,3.3214,NA,NA,NA,NA,NA,NA,NA
python.exe,22256,0x0,Other,0,0,1,Hardware: Legacy Flip,2026-8-20 19:20:35.344066200,5.8596,5.8596,0.0000,0.3591,5.6719,0.3371,5.3348,7.1752,12.7550,9.2145,16883.6556,NA,NA,NA
python.exe,22256,0x0,Other,-1,0,0,Composed: Copy with GPU GDI,2026-8-20 19:20:35.349925800,1.7237,1.7237,0.0000,0.1714,1.8057,1.4876,0.3181,14.0706,1.7033,-6.8954,16889.5152,NA,NA,NA
python.exe,22256,0x0,Other,-1,0,0,Composed: Copy with GPU GDI,2026-8-20 19:20:35.351649500,10.3048,10.3048,0.0000,0.2562,10.4611,0.5905,9.8706,NA,NA,NA,NA,NA,NA,NA
python.exe,22256,0x0,Other,-1,0,0,Composed: Copy with GPU GDI,2026-8-20 19:20:35.361954300,1.9018,1.9018,0.0000,0.4171,1.8486,0.5263,1.3223,NA,NA,NA,NA,NA,NA,NA
python.exe,22256,0x0,Other,0,0,1,Hardware: Legacy Flip,2026-8-20 19:20:35.363856100,0.6202,0.6202,0.0000,0.3797,0.3267,0.2110,0.1157,1.8436,19.9323,12.2270,16903.4455,NA,NA,NA
python.exe,22256,0x0,Other,-1,0,0,Composed: Copy with GPU GDI,2026-8-20 19:20:35.364476300,8.5897,8.5897,0.0000,0.0862,9.1211,2.0141,7.1070,NA,NA,NA,NA,NA,NA,NA
python.exe,22256,0x0,Other,-1,0,0,Composed: Copy with GPU GDI,2026-8-20 19:20:35.373066000,1.0346,1.0346,0.0000,0.6428,0.6054,0.3520,0.2534,NA,NA,NA,NA,NA,NA,NA
python.exe,22256,0x0,Other,0,0,1,Hardware: Legacy Flip,2026-8-20 19:20:35.374100600,10.2188,10.2188,0.0000,0.2246,10.0898,0.2259,9.8639,11.5314,11.3419,-9.6878,16913.6900,NA,NA,NA
python.exe,22256,0x0,Other,-1,0,0,Composed: Copy with GPU GDI,2026-8-20 19:20:35.384319400,1.6612,1.6612,0.0000,0.0956,1.7237,1.7237,0.0000,NA,NA,NA,NA,NA,NA,NA
python.exe,22256,0x0,Other,-1,0,0,Composed: Copy with GPU GDI,2026-8-20 19:20:35.385980600,0.6187,0.6187,0.0000,0.1609,0.6557,0.3081,0.3476,NA,NA,NA,NA,NA,NA,NA
python.exe,22256,0x0,Other,0,0,1,Hardware: Legacy Flip,2026-8-20 19:20:35.386599300,8.5160,8.5160,0.0000,0.2094,8.3404,0.1361,8.2043,10.3746,13.5876,1.1568,16926.1887,NA,NA,NA
python.exe,22256,0x0,Other,-1,0,0,Composed: Copy with GPU GDI,2026-8-20 19:20:35.395115300,0.5470,0.5470,0.0000,0.0338,1.6766,1.6766,0.0000,NA,NA,NA,NA,NA,NA,NA
python.exe,22256,0x0,Other,-1,0,0,Composed: Copy with GPU GDI,2026-8-20 19:20:35.395662300,3.1466,3.1466,0.0000,1.1634,2.3976,0.5341,1.8635,NA,NA,NA,NA,NA,NA,NA
python.exe,22256,0x0,Other,-1,0,0,Composed: Copy with GPU GDI,2026-8-20 19:20:35.398808900,6.7626,6.7626,0.0000,0.4181,6.4859,0.3167,6.1692,NA,NA,NA,NA,NA,NA,NA
python.exe,22256,0x0,Other,0,0,1,Hardware: Legacy Flip,2026-8-20 19:20:35.405571500,3.8016,3.8016,0.0000,0.1444,3.7215,0.1792,3.5423,4.9900,20.1615,5.3846,16945.1609,NA,NA,NA
python.exe,22256,0x0,Other,-1,0,0,Composed: Copy with GPU GDI,2026-8-20 19:20:35.409373100,6.6324,6.6324,0.0000,0.0643,7.3344,1.9309,5.4035,NA,NA,NA,NA,NA,NA,NA
python.exe,22256,0x0,Other,-1,0,0,Composed: Copy with GPU GDI,2026-8-20 19:20:35.416005500,1.5028,1.5028,0.0000,0.7711,1.0732,0.5010,0.5722,14.7175,2.2476,-9.7275,16955.5949,NA,NA,NA
python.exe,22256,0x0,Other,-1,0,0,Composed: Copy with GPU GDI,2026-8-20 19:20:35.417508300,11.9042,11.9042,0.0000,0.3483,11.8643,0.4396,11.4247,NA,NA,NA,NA,NA,NA,NA
python.exe,22256,0x0,Other,-1,0,0,Composed: Copy with GPU GDI,2026-8-20 19:20:35.429412500,2.0577,2.0577,0.0000,0.3183,1.8835,0.3341,1.5494,NA,NA,NA,NA,NA,NA,NA
python.exe,22256,0x0,Other,0,0,1,Hardware: Legacy Flip,2026-8-20 19:20:35.431470200,0.2006,0.2006,0.0000,0.1441,0.1538,0.1538,0.0000,1.5004,20.6783,13.2171,16971.0596,NA,NA,NA
python.exe,22256,0x0,Other,-1,0,0,Composed: Copy with GPU GDI,2026-8-20 19:20:35.431670800,7.8480,7.8480,0.0000,0.0973,7.9014,1.4321,6.4693,NA,NA,NA,NA,NA,NA,NA
python.exe,22256,0x0,Other,-1,0,0,Composed: Copy with GPU GDI,2026-8-20 19:20:35.439518800,1.6643,1.6643,0.0000,0.1562,1.8149,0.6117,1.2032,NA,NA,NA,NA,NA,NA,NA
python.exe,22256,0x0,Other,0,0,1,Hardware: Legacy Flip,2026-8-20 19:20:35.441183100,11.2029,11.2029,0.0000,0.3114,11.0072,0.1779,10.8293,12.4658,11.6903,-10.9654,16980.7725,NA,NA,NA
python.exe,22256,0x0,Other,-1,0,0,Composed: Copy with GPU GDI,2026-8-20 19:20:35.452386000,0.4683,0.4683,0.0000,0.1157,1.6283,1.6283,0.0000,NA,NA,NA,NA,NA,NA,NA
python.exe,22256,0x0,Other,-1,0,0,Composed: Copy with GPU GDI,2026-8-20 19:20:35.452854300,1.0770,1.0770,0.0000,1.3074,0.0377,0.0377,0.0000,NA,NA,NA,NA,NA,NA,NA
python.exe,22256,0x0,Other,-1,0,0,Composed: Copy with GPU GDI,2026-8-20 19:20:35.453931300,8.7693,8.7693,0.0000,0.2397,8.7982,0.4776,8.3206,NA,NA,NA,NA,NA,NA,NA
python.exe,22256,0x0,Other,0,0,1,Hardware: Legacy Flip,2026-8-20 19:20:35.462700600,1.1928,1.1928,0.0000,0.2748,1.0675,0.2715,0.7960,2.6386,12.1168,9.8272,17002.2900,NA,NA,NA
python.exe,22256,0x0,Other,-1,0,0,Composed: Copy with GPU GDI,2026-8-20 19:20:35.463893400,1.2561,1.2561,0.0000,0.1495,1.7928,1.7928,0.0000,NA,NA,NA,NA,NA,NA,NA
python.exe,22256,0x0,Other,-1,0,0,Composed: Copy with GPU GDI,2026-8-20 19:20:35.465149500,7.9120,7.9120,0.0000,0.6897,7.5482,0.5030,7.0452,NA,NA,NA,NA,NA,NA,NA
python.exe,22256,0x0,Other,0,0,1,Hardware: Legacy Flip,2026-8-20 19:20:35.473061500,3.1581,3.1581,0.0000,0.3295,2.8493,0.0848,2.7645,4.3945,13.9257,-1.7559,17012.6509,NA,NA,NA
python.exe,22256,0x0,Other,-1,0,0,Composed: Copy with GPU GDI,2026-8-20 19:20:35.476219600,0.8189,0.8189,0.0000,0.0207,1.8118,1.8118,0.0000,15.1621,6.0405,-10.7676,17015.8090,NA,NA,NA
python.exe,22256,0x0,Other,-1,0,0,Composed: Copy with GPU GDI,2026-8-20 19:20:35.477038500,7.7545,7.7545,0.0000,1.0175,6.8882,0.4326,6.4556,20.3837,0.3572,-5.2216,17016.6279,NA,NA,NA
python.exe,22256,0x0,Other,-1,0,0,Composed: Copy with GPU GDI,2026-8-20 19:20:35.484793000,9.9481,9.9481,0.0000,0.1547,10.6354,1.0056,9.6298,NA,NA,NA,NA,NA,NA,NA
python.exe,22256,0x0,Other,0,0,1,Hardware: Legacy Flip,2026-8-20 19:20:35.494741100,1.4118,1.4118,0.0000,0.8477,0.6260,0.1192,0.5068,3.0383,11.8113,17.3454,17034.3305,NA,NA,NA
python.exe,22256,0x0,Other,-1,0,0,Composed: Copy with GPU GDI,2026-8-20 19:20:35.496152900,0.2249,0.2249,0.0000,0.0619,0.4062,0.4062,0.0000,13.4378,0.9541,-10.3995,17035.7423,NA,NA,NA
python.exe,22256,0x0,Other,-1,0,0,Composed: Copy with GPU GDI,2026-8-20 19:20:35.496377800,9.4727,9.4727,0.0000,0.2432,9.4458,1.6575,7.7883,NA,NA,NA,NA,NA,NA,NA
python.exe,22256,0x0,Other,-1,0,0,Composed: Copy with GPU GDI,2026-8-20 19:20:35.505850500,1.3249,1.3249,0.0000,0.2196,1.3626,0.3705,0.9921,NA,NA,NA,NA,NA,NA,NA
python.exe,22256,0x0,Other,0,0,1,Hardware: Legacy Flip,2026-8-20 19:20:35.507175400,2.1209,2.1209,0.0000,0.2607,1.8858,0.1118,1.7740,3.3694,20.7762,10.0684,17046.7648,NA,NA,NA
python.exe,22256,0x0,Other,-1,0,0,Composed: Copy with GPU GDI,2026-8-20 19:20:35.509296300,7.7600,7.7600,0.0000,0.0256,7.9383,1.4976,6.4407,NA,NA,NA,NA,NA,NA,NA
python.exe,22256,0x0,Other,-1,0,0,Composed: Copy with GPU GDI,2026-8-20 19:20:35.517056300,2.4399,2.4399,0.0000,0.2094,2.9671,0.8924,2.0747,NA,NA,NA,NA,NA,NA,NA
python.exe,22256,0x0,Other,0,0,1,Hardware: Legacy Flip,2026-8-20 19:20:35.519496200,10.2430,10.2430,0.0000,0.7420,9.5577,0.1175,9.4402,11.8248,14.6353,-8.4554,17059.0856,NA,NA,NA
python.exe,22256,0x0,Other,-1,0,0,Composed: Copy with GPU GDI,2026-8-20 19:20:35.529739200,1.3689,1.3689,0.0000,0.0567,1.9555,1.9555,0.0000,16.2171,7.1194,-4.3923,17069.3286,NA,NA,NA
python.exe,22256,0x0,Other,-1,0,0,Composed: Copy with GPU GDI,2026-8-20 19:20:35.531108100,9.9708,9.9708,0.0000,0.6484,9.4769,0.3409,9.1360,NA,NA,NA,NA,NA,NA,NA
python.exe,22256,0x0,Other,-1,0,0,Composed: Copy with GPU GDI,2026-8-20 19:20:35.541078900,2.1795,2.1795,0.0000,0.1590,2.3042,0.4201,1.8841,NA,NA,NA,NA,NA,NA,NA
python.exe,22256,0x0,Other,-1,0,0,Composed: Copy with GPU GDI,2026-8-20 19:20:35.543258400,8.0016,8.0016,0.0000,8.2265,0.5238,0.5238,0.0000,NA,NA,NA,NA,NA,NA,NA
python.exe,22256,0x0,Other,0,0,1,Hardware: Legacy Flip,2026-8-20 19:20:35.551260000,0.1630,0.1630,0.0000,0.0000,7.9391,0.4167,7.5224,1.8157,11.3405,14.4014,17090.8494,NA,NA,NA
python.exe,22256,0x0,Other,-1,0,0,Composed: Copy with GPU GDI,2026-8-20 19:20:35.551423000,10.2692,10.2692,0.0000,0.5857,9.9209,1.4141,8.5068,NA,NA,NA,NA,NA,NA,NA
python.exe,22256,0x0,Other,0,0,1,Hardware: Legacy Flip,2026-8-20 19:20:35.561692200,1.0934,1.0934,0.0000,0.2404,0.8759,0.1223,0.7536,2.7240,12.3064,-0.9083,17101.2816,NA,NA,NA
python.exe,22256,0x0,Other,-1,0,0,Composed: Copy with GPU GDI,2026-8-20 19:20:35.562785600,0.6235,0.6235,0.0000,0.0229,1.9854,1.9854,0.0000,NA,NA,NA,NA,NA,NA,NA
python.exe,22256,0x0,Other,-1,0,0,Composed: Copy with GPU GDI,2026-8-20 19:20:35.563409100,10.0649,10.0649,0.0000,1.3896,8.7876,0.3123,8.4753,NA,NA,NA,NA,NA,NA,NA
python.exe,22256,0x0,Other,-1,0,0,Composed: Copy with GPU GDI,2026-8-20 19:20:35.573474000,0.9848,0.9848,0.0000,0.1431,1.0721,0.3956,0.6765,NA,NA,NA,NA,NA,NA,NA
python.exe,22256,0x0,Other,0,0,1,Hardware: Legacy Flip,2026-8-20 19:20:35.574458800,1.0576,1.0576,0.0000,0.2355,0.8451,0.0757,0.7694,2.2638,20.5072,0.4602,17114.0482,NA,NA,NA
python.exe,22256,0x0,Other,-1,0,0,Composed: Copy with GPU GDI,2026-8-20 19:20:35.575516400,9.3107,9.3107,0.0000,0.0230,9.6544,1.6876,7.9668,NA,NA,NA,NA,NA,NA,NA
python.exe,22256,0x0,Other,-1,0,0,Composed: Copy with GPU GDI,2026-8-20 19:20:35.584827100,1.7693,1.7693,0.0000,0.3695,1.7002,0.4448,1.2554,NA,NA,NA,NA,NA,NA,NA
python.exe,22256,0x0,Other,0,0,1,Hardware: Legacy Flip,2026-8-20 19:20:35.586596400,9.5044,9.5044,0.0000,0.3051,9.2878,0.1730,9.1148,10.6334,13.8917,-8.3696,17126.1858,NA,NA,NA
python.exe,22256,0x0,Other,-1,0,0,Composed: Copy with GPU GDI,2026-8-20 19:20:35.596100800,0.3120,0.3120,0.0000,0.0885,1.9189,1.9189,0.0000,NA,NA,NA,NA,NA,NA,NA
python.exe,22256,0x0,Other,-1,0,0,Composed: Copy with GPU GDI,2026-8-20 19:20:35.596412800,2.1694,2.1694,0.0000,1.6989,0.8795,0.5964,0.2831,NA,NA,NA,NA,NA,NA,NA
python.exe,22256,0x0,Other,-1,0,0,Composed: Copy with GPU GDI,2026-8-20 19:20:35.598582200,8.9768,8.9768,0.0000,0.4123,9.1415,0.8224,8.3191,NA,NA,NA,NA,NA,NA,NA
python.exe,22256,0x0,Other,0,0,1,Hardware: Legacy Flip,2026-8-20 19:20:35.607559000,2.3596,2.3596,0.0000,0.5947,1.7831,0.0793,1.7038,3.5625,21.2916,7.0709,17147.1484,NA,NA,NA
python.exe,22256,0x0,Other,-1,0,0,Composed: Copy with GPU GDI,2026-8-20 19:20:35.609918600,12.1373,12.1373,0.0000,0.0182,12.8598,2.2105,10.6493,NA,NA,NA,NA,NA,NA,NA
python.exe,22256,0x0,Other,-1,0,0,Composed: Copy with GPU GDI,2026-8-20 19:20:35.622055900,6.6544,6.6544,0.0000,0.7454,6.3302,0.6124,5.7178,NA,NA,NA,NA,NA,NA,NA
python.exe,22256,0x0,Other,-1,0,0,Composed: Copy with GPU GDI,2026-8-20 19:20:35.628710300,1.9016,1.9016,0.0000,0.4282,2.0868,0.8082,1.2786,NA,NA,NA,NA,NA,NA,NA
python.exe,22256,0x0,Other,0,0,1,Hardware: Legacy Flip,2026-8-20 19:20:35.630611900,0.6058,0.6058,0.0000,0.6134,0.0885,0.0885,0.0000,1.8012,11.3489,1.7613,17170.2013,NA,NA,NA
python.exe,22256,0x0,Other,-1,0,0,Composed: Copy with GPU GDI,2026-8-20 19:20:35.631217700,8.5621,8.5621,0.0000,0.0961,8.6730,1.4508,7.2222,NA,NA,NA,NA,NA,NA,NA
python.exe,22256,0x0,Other,-1,0,0,Composed: Copy with GPU GDI,2026-8-20 19:20:35.639779800,1.6650,1.6650,0.0000,0.2103,1.7421,0.4568,1.2853,NA,NA,NA,NA,NA,NA,NA
python.exe,22256,0x0,Other,0,0,1,Hardware: Legacy Flip,2026-8-20 19:20:35.641444800,1.1869,1.1869,0.0000,0.2920,0.9141,0.0701,0.8440,2.3172,23.1319,-0.5160,17181.0342,NA,NA,NA
python.exe,22256,0x0,Other,-1,0,0,Composed: Copy with GPU GDI,2026-8-20 19:20:35.642631700,12.0958,12.0958,0.0000,0.0192,12.3128,1.5202,10.7926,NA,NA,NA,NA,NA,NA,NA
python.exe,22256,0x0,Other,-1,0,0,Composed: Copy with GPU GDI,2026-8-20 19:20:35.654727500,10.0727,10.0727,0.0000,0.2404,10.5415,1.0788,9.4627,NA,NA,NA,NA,NA,NA,NA
python.exe,22256,0x0,Other,0,0,1,Hardware: Legacy Flip,2026-8-20 19:20:35.664800200,0.9745,0.9745,0.0000,0.7147,0.3341,0.1560,0.1781,2.0937,12.5684,0.2235,17204.3896,NA,NA,NA
python.exe,22256,0x0,Other,-1,0,0,Composed: Copy with GPU GDI,2026-8-20 19:20:35.665774700,0.3745,0.3745,0.0000,0.0743,1.6542,1.6542,0.0000,13.6876,6.0907,-11.5939,17205.3641,NA,NA,NA
python.exe,22256,0x0,Other,-1,0,0,Composed: Copy with GPU GDI,2026-8-20 19:20:35.666149200,6.8963,6.8963,0.0000,1.3579,5.6990,0.3585,5.3405,19.4038,0.3036,-5.7162,17205.7386,NA,NA,NA
python.exe,22256,0x0,Other,-1,0,0,Composed: Copy with GPU GDI,2026-8-20 19:20:35.673045500,5.0238,5.0238,0.0000,0.1899,5.5438,0.9284,4.6154,NA,NA,NA,NA,NA,NA,NA
python.exe,22256,0x0,Other,0,0,1,Hardware: Legacy Flip,2026-8-20 19:20:35.678069300,6.4779,6.4779,0.0000,0.7171,5.8311,0.1491,5.6820,7.7873,11.6874,11.6165,17217.6587,NA,NA,NA
python.exe,22256,0x0,Other,-1,0,0,Composed: Copy with GPU GDI,2026-8-20 19:20:35.684547200,1.1439,1.1439,0.0000,0.0703,1.5514,1.5514,0.0000,NA,NA,NA,NA,NA,NA,NA
python.exe,22256,0x0,Other,-1,0,0,Composed: Copy with GPU GDI,2026-8-20 19:20:35.685691100,8.9773,8.9773,0.0000,0.4814,8.7453,0.4655,8.2798,NA,NA,NA,NA,NA,NA,NA
python.exe,22256,0x0,Other,-1,0,0,Composed: Copy with GPU GDI,2026-8-20 19:20:35.694668400,1.3480,1.3480,0.0000,1.5023,0.2080,0.2080,0.0000,NA,NA,NA,NA,NA,NA,NA
python.exe,22256,0x0,Other,0,0,1,Hardware: Legacy Flip,2026-8-20 19:20:35.696016400,0.1283,0.1283,0.0000,0.0000,1.2460,0.3013,0.9447,1.5276,21.4660,6.2597,17235.6058,NA,NA,NA
python.exe,22256,0x0,Other,-1,0,0,Composed: Copy with GPU GDI,2026-8-20 19:20:35.696144700,10.0935,10.0935,0.0000,0.2340,10.0448,1.4120,8.6328,NA,NA,NA,NA,NA,NA,NA
python.exe,22256,0x0,Other,-1,0,0,Composed: Copy with GPU GDI,2026-8-20 19:20:35.706238200,1.2501,1.2501,0.0000,0.1902,1.4320,0.5304,0.9016,NA,NA,NA,NA,NA,NA,NA
python.exe,22256,0x0,Other,0,0,1,Hardware: Legacy Flip,2026-8-20 19:20:35.707488300,10.0562,10.0562,0.0000,0.3775,9.7656,0.1751,9.5905,11.5217,11.7774,-9.9941,17247.0777,NA,NA,NA
python.exe,22256,0x0,Other,-1,0,0,Composed: Copy with GPU GDI,2026-8-20 19:20:35.717544500,1.0449,1.0449,0.0000,0.0869,1.5109,1.5109,0.0000,NA,NA,NA,NA,NA,NA,NA
python.exe,22256,0x0,Other,-1,0,0,Composed: Copy with GPU GDI,2026-8-20 19:20:35.718589400,0.9039,0.9039,0.0000,0.5574,0.6483,0.4555,0.1928,NA,NA,NA,NA,NA,NA,NA
python.exe,22256,0x0,Other,-1,0,0,Composed: Copy with GPU GDI,2026-8-20 19:20:35.719493300,9.4273,9.4273,0.0000,9.9622,0.2309,0.2309,0.0000,NA,NA,NA,NA,NA,NA,NA
python.exe,22256,0x0,Other,0,0,1,Hardware: Legacy Flip,2026-8-20 19:20:35.728920600,0.4947,0.4947,0.0000,0.0000,9.6550,0.6288,9.0262,1.8668,15.4236,9.6549,17268.5100,NA,NA,NA
python.exe,22256,0x0,Other,-1,0,0,Composed: Copy with GPU GDI,2026-8-20 19:20:35.729415300,2.1474,2.1474,0.0000,0.2711,2.1960,1.3949,0.8011,16.7957,3.4074,-14.9289,17269.0047,NA,NA,NA
python.exe,22256,0x0,Other,-1,0,0,Composed: Copy with GPU GDI,2026-8-20 19:20:35.731562700,11.4835,11.4835,0.0000,0.3241,11.3210,0.3615,10.9595,NA,NA,NA,NA,NA,NA,NA
python.exe,22256,0x0,Other,0,0,1,Hardware: Legacy Flip,2026-8-20 19:20:35.743046200,5.4555,5.4555,0.0000,0.1657,5.4100,0.2269,5.1831,6.5722,14.7436,10.2235,17282.6356,NA,NA,NA
python.exe,22256,0x0,Other,-1,0,0,Composed: Copy with GPU GDI,2026-8-20 19:20:35.748501700,2.7761,2.7761,0.0000,0.1202,2.9967,1.3136,1.6831,15.8603,0.9606,-9.2881,17288.0911,NA,NA,NA
python.exe,22256,0x0,Other,-1,0,0,Composed: Copy with GPU GDI,2026-8-20 19:20:35.751277800,9.9594,9.9594,0.0000,0.3576,9.9618,0.6602,9.3016,NA,NA,NA,NA,NA,NA,NA
python.exe,22256,0x0,Other,-1,0,0,Composed: Copy with GPU GDI,2026-8-20 19:20:35.761237200,2.4353,2.4353,0.0000,0.3637,2.1961,0.2188,1.9773,NA,NA,NA,NA,NA,NA,NA
python.exe,22256,0x0,Other,0,0,1,Hardware: Legacy Flip,2026-8-20 19:20:35.763672500,0.1249,0.1249,0.0000,0.1245,0.0491,0.0491,0.0000,1.6501,12.2082,14.2102,17303.2619,NA,NA,NA
python.exe,22256,0x0,Other,-1,0,0,Composed: Copy with GPU GDI,2026-8-20 19:20:35.763797400,9.5123,9.5123,0.0000,0.0487,9.7468,1.7880,7.9588,NA,NA,NA,NA,NA,NA,NA
python.exe,22256,0x0,Other,-1,0,0,Composed: Copy with GPU GDI,2026-8-20 19:20:35.773309700,0.8198,0.8198,0.0000,0.2881,0.6420,0.2274,0.4146,NA,NA,NA,NA,NA,NA,NA
python.exe,22256,0x0,Other,0,0,1,Hardware: Legacy Flip,2026-8-20 19:20:35.774129500,1.9840,1.9840,0.0000,0.1299,1.8821,0.1162,1.7659,3.4013,21.6794,-1.7512,17313.7189,NA,NA,NA
python.exe,22256,0x0,Other,-1,0,0,Composed: Copy with GPU GDI,2026-8-20 19:20:35.776113500,8.4161,8.4161,0.0000,0.0280,8.9738,2.0487,6.9251,NA,NA,NA,NA,NA,NA,NA
python.exe,22256,0x0,Other,-1,0,0,Composed: Copy with GPU GDI,2026-8-20 19:20:35.784529600,2.9204,2.9204,0.0000,0.5916,2.4145,0.2173,2.1972,NA,NA,NA,NA,NA,NA,NA
python.exe,22256,0x0,Other,0,0,1,Hardware: Legacy Flip,2026-8-20 19:20:35.787450000,10.3987,10.3987,0.0000,0.0883,10.3869,0.1491,10.2378,11.7602,10.9885,-8.3589,17327.0394,NA,NA,NA
python.exe,22256,0x0,Other,-1,0,0,Composed: Copy with GPU GDI,2026-8-20 19:20:35.797848700,0.3233,0.3233,0.0000,0.0765,1.3411,1.3411,0.0000,NA,NA,NA,NA,NA,NA,NA
python.exe,22256,0x0,Other,-1,0,0,Composed: Copy with GPU GDI,2026-8-20 19:20:35.798172000,8.3134,8.3134,0.0000,1.1104,7.4450,0.5171,6.9279,NA,NA,NA,NA,NA,NA,NA
python.exe,22256,0x0,Other,0,0,1,Hardware: Legacy Flip,2026-8-20 19:20:35.806485400,2.2653,2.2653,0.0000,0.2461,2.0519,0.0979,1.9540,3.7133,14.8267,8.0469,17346.0748,NA,NA,NA
python.exe,22256,0x0,Other,-1,0,0,Composed: Copy with GPU GDI,2026-8-20 19:20:35.808750700,1.9237,1.9237,0.0000,0.0327,2.4125,2.0366,0.3759,16.2747,6.1044,-12.5614,17348.3401,NA,NA,NA
python.exe,22256,0x0,Other,-1,0,0,Composed: Copy with GPU GDI,2026-8-20 19:20:35.810674400,6.6850,6.6850,0.0000,0.5361,6.3650,0.3724,5.9926,20.4554,1.2445,-4.1807,17350.2638,NA,NA,NA
python.exe,22256,0x0,Other,-1,0,0,Composed: Copy with GPU GDI,2026-8-20 19:20:35.817359400,11.3570,11.3570,0.0000,0.2244,11.4893,0.5885,10.9008,NA,NA,NA,NA,NA,NA,NA
python.exe,22256,0x0,Other,-1,0,0,Composed: Copy with GPU GDI,2026-8-20 19:20:35.828716400,1.7287,1.7287,0.0000,0.3600,1.6842,0.4884,1.1958,NA,NA,NA,NA,NA,NA,NA
python.exe,22256,0x0,Other,0,0,1,Hardware: Legacy Flip,2026-8-20 19:20:35.830445100,0.4912,0.4912,0.0000,0.3194,0.2893,0.1980,0.0913,1.9292,21.7885,18.5262,17370.0345,NA,NA,NA
python.exe,22256,0x0,Other,-1,0,0,Composed: Copy with GPU GDI,2026-8-20 19:20:35.830936300,10.7619,10.7619,0.0000,0.1175,10.8820,1.7265,9.1555,NA,NA,NA,NA,NA,NA,NA
python.exe,22256,0x0,Other,-1,0,0,Composed: Copy with GPU GDI,2026-8-20 19:20:35.841698200,0.9640,0.9640,0.0000,0.2419,1.4284,0.8939,0.5345,NA,NA,NA,NA,NA,NA,NA
python.exe,22256,0x0,Other,-1,0,0,Composed: Copy with GPU GDI,2026-8-20 19:20:35.842662200,9.4738,9.4738,0.0000,0.7096,8.8634,0.5696,8.2938,NA,NA,NA,NA,NA,NA,NA
python.exe,22256,0x0,Other,0,0,1,Hardware: Legacy Flip,2026-8-20 19:20:35.852136000,0.4652,0.4652,0.0000,0.1394,0.4535,0.2050,0.2485,2.0268,11.3260,-0.0976,17391.7254,NA,NA,NA
python.exe,22256,0x0,Other,-1,0,0,Composed: Copy with GPU GDI,2026-8-20 19:20:35.852601200,1.1112,1.1112,0.0000,0.1277,1.9052,1.9052,0.0000,NA,NA,NA,NA,NA,NA,NA
python.exe,22256,0x0,Other,0,0,1,Hardware: Legacy Flip,2026-8-20 19:20:35.853712400,10.0625,10.0625,0.0000,0.9256,9.2435,0.2611,8.9824,11.7764,14.1343,-9.7496,17393.3018,NA,NA,NA
python.exe,22256,0x0,Other,-1,0,0,Composed: Copy with GPU GDI,2026-8-20 19:20:35.863774900,0.5167,0.5167,0.0000,0.1066,1.6443,1.6443,0.0000,NA,NA,NA,NA,NA,NA,NA
python.exe,22256,0x0,Other,-1,0,0,Composed: Copy with GPU GDI,2026-8-20 19:20:35.864291600,1.4784,1.4784,0.0000,1.2376,0.6432,0.5461,0.0971,15.3315,70.7872,-3.5551,17403.8810,NA,NA,NA
python.exe,22256,0x0,Other,-1,0,0,Composed: Copy with GPU GDI,2026-8-20 19:20:35.865770000,74.4859,74.4859,0.0000,0.4055,74.3460,0.5762,73.7698,NA,NA,NA,NA,NA,NA,NA
python.exe,22256,0x0,Other,-1,0,0,Composed: Copy with GPU GDI,2026-8-20 19:20:35.940255900,4.0545,4.0545,0.0000,0.2689,4.2581,0.6268,3.6313,NA,NA,NA,NA,NA,NA,NA
python.exe,22256,0x0,Other,0,0,1,Hardware: Legacy Flip,2026-8-20 19:20:35.944310400,4.8762,4.8762,0.0000,0.4886,4.4508,0.1695,4.2813,6.0999,13.7924,9.2316,17483.8998,NA,NA,NA
python.exe,22256,0x0,Other,-1,0,0,Composed: Copy with GPU GDI,2026-8-20 19:20:35.949186600,1.0162,1.0162,0.0000,0.0632,1.5082,1.5082,0.0000,NA,NA,NA,NA,NA,NA,NA
python.exe,22256,0x0,Other,-1,0,0,Composed: Copy with GPU GDI,2026-8-20 19:20:35.950202800,5.8597,5.8597,0.0000,0.5600,5.9679,0.8288,5.1391,NA,NA,NA,NA,NA,NA,NA
python.exe,22256,0x0,Other,0,0,1,Hardware: Legacy Flip,2026-8-20 19:20:35.956062500,6.9845,6.9845,0.0000,0.6718,6.3475,0.1451,6.2024,8.1402,12.4850,-2.0403,17495.6519,NA,NA,NA
python.exe,22256,0x0,Other,-1,0,0,Composed: Copy with GPU GDI,2026-8-20 19:20:35.963047000,0.6290,0.6290,0.0000,0.0348,1.7611,1.7611,0.0000,13.6407,7.6748,-5.5005,17502.6364,NA,NA,NA
python.exe,22256,0x0,Other,-1,0,0,Composed: Copy with GPU GDI,2026-8-20 19:20:35.963676000,8.6441,8.6441,0.0000,1.1703,8.1744,0.8193,7.3551,NA,NA,NA,NA,NA,NA,NA
python.exe,22256,0x0,Other,-1,0,0,Composed: Copy with GPU GDI,2026-8-20 19:20:35.972320100,1.7508,1.7508,0.0000,0.7104,1.2913,0.3410,0.9503,NA,NA,NA,NA,NA,NA,NA
python.exe,22256,0x0,Other,0,0,1,Hardware: Legacy Flip,2026-8-20 19:20:35.974070900,8.8240,8.8240,0.0000,0.2568,8.6338,0.1400,8.4938,10.2916,12.7645,3.3491,17513.6603,NA,NA,NA
python.exe,22256,0x0,Other,-1,0,0,Composed: Copy with GPU GDI,2026-8-20 19:20:35.982894900,1.7279,1.7279,0.0000,0.0666,2.2042,1.9736,0.2306,NA,NA,NA,NA,NA,NA,NA
python.exe,22256,0x0,Other,-1,0,0,Composed: Copy with GPU GDI,2026-8-20 19:20:35.984622800,1.8619,1.8619,0.0000,0.5465,1.4507,0.2337,1.2170,NA,NA,NA,NA,NA,NA,NA
python.exe,22256,0x0,Other,0,0,1,Hardware: Legacy Flip,2026-8-20 19:20:35.986484700,9.6035,9.6035,0.0000,0.1384,9.5165,0.1910,9.3255,10.6423,16.0016,-0.3507,17526.0741,NA,NA,NA
python.exe,22256,0x0,Other,-1,0,0,Composed: Copy with GPU GDI,2026-8-20 19:20:35.996088200,0.6238,0.6238,0.0000,0.0514,1.8336,1.8336,0.0000,NA,NA,NA,NA,NA,NA,NA
python.exe,22256,0x0,Other,-1,0,0,Composed: Copy with GPU GDI,2026-8-20 19:20:35.996712000,1.6889,1.6889,0.0000,1.2663,0.8541,0.5726,0.2815,16.4166,5.8955,-5.7743,17536.3014,NA,NA,NA
python.exe,22256,0x0,Other,-1,0,0,Composed: Copy with GPU GDI,2026-8-20 19:20:35.998400900,10.2778,10.2778,0.0000,0.4353,10.2241,0.5601,9.6640,NA,NA,NA,NA,NA,NA,NA
python.exe,22256,0x0,Other,-1,0,0,Composed: Copy with GPU GDI,2026-8-20 19:20:36.008678700,1.9605,1.9605,0.0000,0.3876,2.3117,0.9420,1.3697,NA,NA,NA,NA,NA,NA,NA
python.exe,22256,0x0,Other,-1,0,0,Composed: Copy with GPU GDI,2026-8-20 19:20:36.010639200,6.8099,6.8099,0.0000,7.1178,0.1683,0.1683,0.0000,NA,NA,NA,NA,NA,NA,NA
python.exe,22256,0x0,Other,0,0,1,Hardware: Legacy Flip,2026-8-20 19:20:36.017449100,0.2415,0.2415,0.0000,0.0000,6.3736,0.4468,5.9268,1.5750,11.3023,14.8416,17557.0385,NA,NA,NA
python.exe,22256,0x0,Other,-1,0,0,Composed: Copy with GPU GDI,2026-8-20 19:20:36.017690600,10.1338,10.1338,0.0000,0.2347,10.1747,1.4821,8.6926,NA,NA,NA,NA,NA,NA,NA
python.exe,22256,0x0,Other,0,0,1,Hardware: Legacy Flip,2026-8-20 19:20:36.027824400,1.3587,1.3587,0.0000,0.2812,1.0956,0.0757,1.0199,2.5020,13.1116,-0.9270,17567.4138,NA,NA,NA
python.exe,22256,0x0,Other,-1,0,0,Composed: Copy with GPU GDI,2026-8-20 19:20:36.029183100,0.1903,0.1903,0.0000,0.0181,1.1886,1.1886,0.0000,NA,NA,NA,NA,NA,NA,NA
python.exe,22256,0x0,Other,-1,0,0,Composed: Copy with GPU GDI,2026-8-20 19:20:36.029373400,9.6587,9.6587,0.0000,1.0201,9.1289,0.7199,8.4090,NA,NA,NA,NA,NA,NA,NA
python.exe,22256,0x0,Other,-1,0,0,Composed: Copy with GPU GDI,2026-8-20 19:20:36.039032100,1.2427,1.2427,0.0000,0.5040,1.0476,0.4445,0.6031,NA,NA,NA,NA,NA,NA,NA
python.exe,22256,0x0,Other,0,0,1,Hardware: Legacy Flip,2026-8-20 19:20:36.040274800,1.6919,1.6919,0.0000,0.3116,1.4016,0.0871,1.3145,3.1632,18.2014,-0.6612,17579.8642,NA,NA,NA
python.exe,22256,0x0,Other,-1,0,0,Composed: Copy with GPU GDI,2026-8-20 19:20:36.041966700,9.7339,9.7339,0.0000,0.0213,10.0326,1.9253,8.1073,NA,NA,NA,NA,NA,NA,NA
python.exe,22256,0x0,Other,-1,0,0,Composed: Copy with GPU GDI,2026-8-20 19:20:36.051700600,2.2112,2.2112,0.0000,0.3264,2.0310,0.2739,1.7571,9.9388,2.8490,-6.7756,17591.2900,NA,NA,NA
python.exe,22256,0x0,Other,-1,0,0,Composed: Copy with GPU GDI,2026-8-20 19:20:36.053911800,8.5976,8.5976,0.0000,0.1489,8.7814,0.5441,8.2373,NA,NA,NA,NA,NA,NA,NA
python.exe,22256,0x0,Other,0,0,1,Hardware: Legacy Flip,2026-8-20 19:20:36.062509400,0.4102,0.4102,0.0000,0.3360,0.1561,0.1445,0.0116,1.9790,9.2638,7.9598,17602.0988,NA,NA,NA
python.exe,22256,0x0,Other,-1,0,0,Composed: Copy with GPU GDI,2026-8-20 19:20:36.062919600,2.3554,2.3554,0.0000,0.0819,3.0539,2.2561,0.7978,10.8326,3.0953,-8.8536,17602.5090,NA,NA,NA
python.exe,22256,0x0,Other,-1,0,0,Composed: Copy with GPU GDI,2026-8-20 19:20:36.065275000,8.3175,8.3175,0.0000,0.7844,7.9517,0.6167,7.3350,NA,NA,NA,NA,NA,NA,NA
python.exe,22256,0x0,Other,0,0,1,Hardware: Legacy Flip,2026-8-20 19:20:36.073592500,1.8490,1.8490,0.0000,0.4221,1.4493,0.0849,1.3644,3.2550,9.0600,7.5776,17613.1819,NA,NA,NA
python.exe,22256,0x0,Other,-1,0,0,Composed: Copy with GPU GDI,2026-8-20 19:20:36.075441500,1.8433,1.8433,0.0000,0.0224,1.9283,1.5097,0.4186,10.4660,12.1334,-7.2110,17615.0309,NA,NA,NA
python.exe,22256,0x0,Other,-1,0,0,Composed: Copy with GPU GDI,2026-8-20 19:20:36.077284800,8.2560,8.2560,0.0000,0.1119,8.4949,0.5130,7.9819,20.7561,1.0774,-10.2901,17616.8742,NA,NA,NA
python.exe,22256,0x0,Other,-1,0,0,Composed: Copy with GPU GDI,2026-8-20 19:20:36.085540800,11.7619,11.7619,0.0000,0.3550,11.5593,0.3289,11.2304,NA,NA,NA,NA,NA,NA,NA
python.exe,22256,0x0,Other,0,0,1,Hardware: Legacy Flip,2026-8-20 19:20:36.097302700,0.4409,0.4409,0.0000,0.1562,0.3521,0.1212,0.2309,1.8156,17.1744,18.9405,17636.8921,NA,NA,NA
python.exe,22256,0x0,Other,-1,0,0,Composed: Copy with GPU GDI,2026-8-20 19:20:36.097743600,0.6399,0.6399,0.0000,0.0674,1.8029,1.8029,0.0000,18.5491,4.0647,-16.7335,17637.3330,NA,NA,NA
python.exe,22256,0x0,Other,-1,0,0,Composed: Copy with GPU GDI,2026-8-20 19:20:36.098383500,11.5861,11.5861,0.0000,1.2368,10.9711,0.7735,10.1976,NA,NA,NA,NA,NA,NA,NA
python.exe,22256,0x0,Other,-1,0,0,Composed: Copy with GPU GDI,2026-8-20 19:20:36.109969600,8.6196,8.6196,0.0000,0.6302,8.6233,1.0006,7.6227,NA,NA,NA,NA,NA,NA,NA
python.exe,22256,0x0,Other,0,0,1,Hardware: Legacy Flip,2026-8-20 19:20:36.118589200,0.6973,0.6973,0.0000,0.6339,0.1531,0.1531,0.0000,1.7682,13.8533,16.7809,17658.1786,NA,NA,NA
python.exe,22256,0x0,Other,-1,0,0,Composed: Copy with GPU GDI,2026-8-20 19:20:36.119286500,0.5766,0.5766,0.0000,0.0897,1.6637,1.6637,0.0000,NA,NA,NA,NA,NA,NA,NA
python.exe,22256,0x0,Other,-1,0,0,Composed: Copy with GPU GDI,2026-8-20 19:20:36.119863100,0.6206,0.6206,0.0000,1.1831,0.0129,0.0129,0.0000,NA,NA,NA,NA,NA,NA,NA
python.exe,22256,0x0,Other,-1,0,0,Composed: Copy with GPU GDI,2026-8-20 19:20:36.120483700,12.0173,12.0173,0.0000,0.5737,11.6709,0.5188,11.1521,NA,NA,NA,NA,NA,NA,NA
python.exe,22256,0x0,Other,0,0,1,Hardware: Legacy Flip,2026-8-20 19:20:36.132501000,0.4332,0.4332,0.0000,0.2312,0.2677,0.1224,0.1453,1.7097,18.4028,0.0585,17672.0904,NA,NA,NA
python.exe,22256,0x0,Other,-1,0,0,Composed: Copy with GPU GDI,2026-8-20 19:20:36.132934200,8.2836,8.2836,0.0000,0.0657,8.9041,2.0919,6.8122,NA,NA,NA,NA,NA,NA,NA
python.exe,22256,0x0,Other,-1,0,0,Composed: Copy with GPU GDI,2026-8-20 19:20:36.141217800,1.0770,1.0770,0.0000,0.6930,0.6115,0.3880,0.2235,NA,NA,NA,NA,NA,NA,NA
python.exe,22256,0x0,Other,-1,0,0,Composed: Copy with GPU GDI,2026-8-20 19:20:36.142294800,1.1432,1.1432,0.0000,0.2326,1.1900,0.3750,0.8150,10.3187,0.7585,-8.6090,17681.8842,NA,NA,NA
python.exe,22256,0x0,Other,-1,0,0,Composed: Copy with GPU GDI,2026-8-20 19:20:36.143438000,8.4973,8.4973,0.0000,0.2824,8.4315,0.3712,8.0603,NA,NA,NA,NA,NA,NA,NA
python.exe,22256,0x0,Other,0,0,1,Hardware: Legacy Flip,2026-8-20 19:20:36.151935300,0.2954,0.2954,0.0000,0.2326,0.1242,0.1174,0.0068,1.4367,11.0264,8.8820,17691.5247,NA,NA,NA
python.exe,22256,0x0,Other,-1,0,0,Composed: Copy with GPU GDI,2026-8-20 19:20:36.152230700,3.3743,3.3743,0.0000,0.0614,3.5738,1.4135,2.1603,NA,NA,NA,NA,NA,NA,NA
python.exe,22256,0x0,Other,0,0,1,Hardware: Legacy Flip,2026-8-20 19:20:36.155605000,7.3036,7.3036,0.0000,0.2645,7.0745,0.1138,6.9607,8.7934,12.5008,-7.3567,17695.1944,NA,NA,NA
python.exe,22256,0x0,Other,-1,0,0,Composed: Copy with GPU GDI,2026-8-20 19:20:36.162908600,1.2484,1.2484,0.0000,0.0354,1.9901,1.9901,0.0000,13.9906,8.7528,-5.1972,17702.4980,NA,NA,NA
python.exe,22256,0x0,Other,-1,0,0,Composed: Copy with GPU GDI,2026-8-20 19:20:36.164157000,8.7913,8.7913,0.0000,0.7973,8.5204,0.7302,7.7902,NA,NA,NA,NA,NA,NA,NA
python.exe,22256,0x0,Other,-1,0,0,Composed: Copy with GPU GDI,2026-8-20 19:20:36.172948300,0.9058,0.9058,0.0000,0.5299,0.8291,0.5694,0.2597,NA,NA,NA,NA,NA,NA,NA
python.exe,22256,0x0,Other,0,0,1,Hardware: Legacy Flip,2026-8-20 19:20:36.173854100,10.4815,10.4815,0.0000,0.4577,10.0923,0.1591,9.9332,11.7979,9.4248,2.1927,17713.4435,NA,NA,NA
python.exe,22256,0x0,Other,-1,0,0,Composed: Copy with GPU GDI,2026-8-20 19:20:36.184335600,0.5844,0.5844,0.0000,0.0685,1.4437,1.4437,0.0000,NA,NA,NA,NA,NA,NA,NA
python.exe,22256,0x0,Other,-1,0,0,Composed: Copy with GPU GDI,2026-8-20 19:20:36.184920000,1.0341,1.0341,0.0000,0.9315,0.6598,0.6577,0.0021,10.1568,2.8790,1.6411,17724.5094,NA,NA,NA
python.exe,22256,0x0,Other,0,0,1,Hardware: Legacy Flip,2026-8-20 19:20:36.185954100,10.2870,10.2870,0.0000,0.5632,9.7474,0.0982,9.6492,12.0017,9.2986,-1.8449,17725.5435,NA,NA,NA
python.exe,22256,0x0,Other,-1,0,0,Composed: Copy with GPU GDI,2026-8-20 19:20:36.196241100,0.1842,0.1842,0.0000,0.0236,0.5936,0.5936,0.0000,NA,NA,NA,NA,NA,NA,NA
python.exe,22256,0x0,Other,-1,0,0,Composed: Copy with GPU GDI,2026-8-20 19:20:36.196425300,1.8514,1.8514,0.0000,0.4330,1.6278,1.3268,0.3010,10.8291,4.2294,1.1726,17736.0147,NA,NA,NA
python.exe,22256,0x0,Other,-1,0,0,Composed: Copy with GPU GDI,2026-8-20 19:20:36.198276700,9.4318,9.4318,0.0000,0.2139,9.5125,0.5021,9.0104,NA,NA,NA,NA,NA,NA,NA
python.exe,22256,0x0,Other,0,0,1,Hardware: Legacy Flip,2026-8-20 19:20:36.207708500,2.4758,2.4758,0.0000,0.3001,2.1992,0.0950,2.1042,3.7753,7.8791,7.0538,17747.2979,NA,NA,NA
python.exe,22256,0x0,Other,-1,0,0,Composed: Copy with GPU GDI,2026-8-20 19:20:36.210184300,0.3892,0.3892,0.0000,0.0235,1.3238,1.3238,0.0000,9.1786,10.8782,-5.4033,17749.7737,NA,NA,NA
python.exe,22256,0x0,Other,-1,0,0,Composed: Copy with GPU GDI,2026-8-20 19:20:36.210573500,9.2468,9.2468,0.0000,0.9679,8.4733,0.4399,8.0334,NA,NA,NA,NA,NA,NA,NA
python.exe,22256,0x0,Other,-1,0,0,Composed: Copy with GPU GDI,2026-8-20 19:20:36.219820300,2.6887,2.6887,0.0000,0.2357,2.8073,0.5354,2.2719,NA,NA,NA,NA,NA,NA,NA
python.exe,22256,0x0,Other,0,0,1,Hardware: Legacy Flip,2026-8-20 19:20:36.222509000,6.6153,6.6153,0.0000,0.3606,6.3245,0.1393,6.1852,7.7321,13.3701,1.4465,17762.0984,NA,NA,NA
python.exe,22256,0x0,Other,-1,0,0,Composed: Copy with GPU GDI,2026-8-20 19:20:36.229124300,1.0046,1.0046,0.0000,0.0698,1.5695,1.5695,0.0000,14.4869,1.5854,-6.7548,17768.7137,NA,NA,NA
python.exe,22256,0x0,Other,-1,0,0,Composed: Copy with GPU GDI,2026-8-20 19:20:36.230128900,8.0384,8.0384,0.0000,0.6382,7.5173,0.4268,7.0905,NA,NA,NA,NA,NA,NA,NA
python.exe,22256,0x0,Other,-1,0,0,Composed: Copy with GPU GDI,2026-8-20 19:20:36.238167300,3.8119,3.8119,0.0000,0.1236,4.3513,0.9149,3.4364,NA,NA,NA,NA,NA,NA,NA
python.exe,22256,0x0,Other,0,0,1,Hardware: Legacy Flip,2026-8-20 19:20:36.241979200,1.5818,1.5818,0.0000,0.6678,0.9408,0.0925,0.8483,3.2174,16.6709,11.2695,17781.5686,NA,NA,NA
python.exe,22256,0x0,Other,-1,0,0,Composed: Copy with GPU GDI,2026-8-20 19:20:36.243561000,7.3357,7.3357,0.0000,0.0268,7.5663,1.8910,5.6753,NA,NA,NA,NA,NA,NA,NA
python.exe,22256,0x0,Other,-1,0,0,Composed: Copy with GPU GDI,2026-8-20 19:20:36.250896700,2.4082,2.4082,0.0000,0.2636,2.3523,0.4110,1.9413,10.9708,2.1761,-7.7534,17790.4861,NA,NA,NA
python.exe,22256,0x0,Other,0,0,1,Hardware: Legacy Flip,2026-8-20 19:20:36.253304900,9.2526,9.2526,0.0000,0.2109,9.1610,0.2213,8.9397,10.7387,10.0563,0.2321,17792.8943,NA,NA,NA
python.exe,22256,0x0,Other,-1,0,0,Composed: Copy with GPU GDI,2026-8-20 19:20:36.262557500,1.7839,1.7839,0.0000,0.1193,1.8025,1.6614,0.1411,NA,NA,NA,NA,NA,NA,NA
python.exe,22256,0x0,Other,-1,0,0,Composed: Copy with GPU GDI,2026-8-20 19:20:36.264341400,0.7664,0.7664,0.0000,0.1421,0.8143,0.3547,0.4596,9.7585,11.0450,0.9802,17803.9308,NA,NA,NA
python.exe,22256,0x0,Other,-1,0,0,Composed: Copy with GPU GDI,2026-8-20 19:20:36.265107800,7.6357,7.6357,0.0000,0.1950,7.5795,0.3071,7.2724,NA,NA,NA,NA,NA,NA,NA
python.exe,22256,0x0,Other,-1,0,0,Composed: Copy with GPU GDI,2026-8-20 19:20:36.272743500,4.7623,4.7623,0.0000,0.1473,5.3011,0.8356,4.4655,NA,NA,NA,NA,NA,NA,NA
python.exe,22256,0x0,Other,0,0,1,Hardware: Legacy Flip,2026-8-20 19:20:36.277505800,6.2096,6.2096,0.0000,0.6921,5.6478,0.2489,5.3989,7.6391,11.8827,2.1194,17817.0952,NA,NA,NA
python.exe,22256,0x0,Other,-1,0,0,Composed: Copy with GPU GDI,2026-8-20 19:20:36.283715400,1.3259,1.3259,0.0000,0.1303,1.8022,1.8022,0.0000,NA,NA,NA,NA,NA,NA,NA
python.exe,22256,0x0,Other,-1,0,0,Composed: Copy with GPU GDI,2026-8-20 19:20:36.285041300,9.3569,9.3569,0.0000,0.6098,9.0352,0.4572,8.5780,NA,NA,NA,NA,NA,NA,NA
python.exe,22256,0x0,Other,0,0,1,Hardware: Legacy Flip,2026-8-20 19:20:36.294398200,1.6090,1.6090,0.0000,0.2936,1.3535,0.1442,1.2093,2.6294,7.2561,5.0097,17833.9876,NA,NA,NA
python.exe,22256,0x0,Other,-1,0,0,Composed: Copy with GPU GDI,2026-8-20 19:20:36.296007200,0.4830,0.4830,0.0000,0.0381,1.6009,1.6009,0.0000,8.2765,7.6025,-5.6471,17835.5966,NA,NA,NA
python.exe,22256,0x0,Other,-1,0,0,Composed: Copy with GPU GDI,2026-8-20 19:20:36.296490200,9.4555,9.4555,0.0000,1.1600,8.5548,0.7113,7.8435,NA,NA,NA,NA,NA,NA,NA
python.exe,22256,0x0,Other,-1,0,0,Composed: Copy with GPU GDI,2026-8-20 19:20:36.305945700,1.4685,1.4685,0.0000,0.2640,1.6785,0.5713,1.1072,NA,NA,NA,NA,NA,NA,NA
python.exe,22256,0x0,Other,0,0,1,Hardware: Legacy Flip,2026-8-20 19:20:36.307414200,3.1722,3.1722,0.0000,0.4771,2.7280,0.0976,2.6304,4.4720,16.6891,3.8045,17847.0036,NA,NA,NA
python.exe,22256,0x0,Other,-1,0,0,Composed: Copy with GPU GDI,2026-8-20 19:20:36.310586400,6.4672,6.4672,0.0000,0.0329,6.6395,1.6854,4.9541,NA,NA,NA,NA,NA,NA,NA
python.exe,22256,0x0,Other,-1,0,0,Composed: Copy with GPU GDI,2026-8-20 19:20:36.317053600,2.4207,2.4207,0.0000,0.2119,2.6351,0.5321,2.1030,11.5217,1.7459,-7.0497,17856.6430,NA,NA,NA
python.exe,22256,0x0,Other,0,0,1,Hardware: Legacy Flip,2026-8-20 19:20:36.319474300,9.6164,9.6164,0.0000,0.4310,9.3141,0.2730,9.0411,10.8469,10.4424,0.6748,17859.0637,NA,NA,NA
python.exe,22256,0x0,Other,-1,0,0,Composed: Copy with GPU GDI,2026-8-20 19:20:36.329090700,1.1532,1.1532,0.0000,0.1287,1.6471,1.6471,0.0000,NA,NA,NA,NA,NA,NA,NA
python.exe,22256,0x0,Other,-1,0,0,Composed: Copy with GPU GDI,2026-8-20 19:20:36.330243900,1.6765,1.6765,0.0000,0.6280,1.2351,0.3141,0.9210,10.5197,4.7969,0.3272,17869.8333,NA,NA,NA
python.exe,22256,0x0,Other,-1,0,0,Composed: Copy with GPU GDI,2026-8-20 19:20:36.331920400,7.7831,7.7831,0.0000,0.1898,7.8022,0.3868,7.4154,NA,NA,NA,NA,NA,NA,NA
python.exe,22256,0x0,Other,-1,0,0,Composed: Copy with GPU GDI,2026-8-20 19:20:36.339703500,4.1732,4.1732,0.0000,0.2125,4.1841,0.3677,3.8164,NA,NA,NA,NA,NA,NA,NA
python.exe,22256,0x0,Other,0,0,1,Hardware: Legacy Flip,2026-8-20 19:20:36.343876700,0.6871,0.6871,0.0000,0.2290,0.4776,0.1258,0.3518,1.6838,19.3845,8.8359,17883.4661,NA,NA,NA
python.exe,22256,0x0,Other,-1,0,0,Composed: Copy with GPU GDI,2026-8-20 19:20:36.344563800,8.2134,8.2134,0.0000,0.0195,8.5690,1.4299,7.1391,20.3812,0.5880,-18.6974,17884.1532,NA,NA,NA
python.exe,22256,0x0,Other,-1,0,0,Composed: Copy with GPU GDI,2026-8-20 19:20:36.352777200,9.8859,9.8859,0.0000,0.3786,9.5803,0.2176,9.3627,NA,NA,NA,NA,NA,NA,NA
python.exe,22256,0x0,Other,-1,0,0,Composed: Copy with GPU GDI,2026-8-20 19:20:36.362663100,1.0955,1.0955,0.0000,1.3998,0.3858,0.3858,0.0000,NA,NA,NA,NA,NA,NA,NA
python.exe,22256,0x0,Other,0,0,1,Hardware: Legacy Flip,2026-8-20 19:20:36.363758600,0.2414,0.2414,0.0000,0.0000,1.3219,0.4574,0.8645,1.7744,17.6132,18.6068,17903.3480,NA,NA,NA
python.exe,22256,0x0,Other,-1,0,0,Composed: Copy with GPU GDI,2026-8-20 19:20:36.364000000,8.4624,8.4624,0.0000,0.4487,8.7301,1.9042,6.8259,NA,NA,NA,NA,NA,NA,NA
python.exe,22256,0x0,Other,-1,0,0,Composed: Copy with GPU GDI,2026-8-20 19:20:36.372462400,1.0700,1.0700,0.0000,0.7202,0.6618,0.4265,0.2353,10.6838,1.3218,-8.9094,17912.0518,NA,NA,NA
python.exe,22256,0x0,Other,0,0,1,Hardware: Legacy Flip,2026-8-20 19:20:36.373532400,9.8005,9.8005,0.0000,0.3156,9.5609,0.1669,9.3940,10.9356,10.8254,-0.2518,17913.1218,NA,NA,NA
python.exe,22256,0x0,Other,-1,0,0,Composed: Copy with GPU GDI,2026-8-20 19:20:36.383332900,0.9921,0.9921,0.0000,0.0760,1.3826,1.3826,0.0000,NA,NA,NA,NA,NA,NA,NA
python.exe,22256,0x0,Other,-1,0,0,Composed: Copy with GPU GDI,2026-8-20 19:20:36.384325000,1.7668,1.7668,0.0000,0.4722,1.6623,0.4930,1.1693,10.9684,1.5554,-0.0328,17923.9144,NA,NA,NA
python.exe,22256,0x0,Other,0,0,1,Hardware: Legacy Flip,2026-8-20 19:20:36.386091800,9.6570,9.6570,0.0000,0.3722,9.3080,0.1004,9.2076,10.7570,10.6384,0.2114,17925.6812,NA,NA,NA
python.exe,22256,0x0,Other,-1,0,0,Composed: Copy with GPU GDI,2026-8-20 19:20:36.395748800,0.7706,0.7706,0.0000,0.0232,1.6168,1.6168,0.0000,NA,NA,NA,NA,NA,NA,NA
python.exe,22256,0x0,Other,-1,0,0,Composed: Copy with GPU GDI,2026-8-20 19:20:36.396519400,1.9092,1.9092,0.0000,0.8782,1.5074,0.5920,0.9154,10.9678,11.5510,-0.2108,17936.1088,NA,NA,NA
python.exe,22256,0x0,Other,-1,0,0,Composed: Copy with GPU GDI,2026-8-20 19:20:36.398428600,9.5221,9.5221,0.0000,0.4801,9.2544,0.5457,8.7087,NA,NA,NA,NA,NA,NA,NA
python.exe,22256,0x0,Other,-1,0,0,Composed: Copy with GPU GDI,2026-8-20 19:20:36.407950700,9.2134,9.2134,0.0000,0.2172,9.3217,0.5489,8.7728,NA,NA,NA,NA,NA,NA,NA
python.exe,22256,0x0,Other,0,0,1,Hardware: Legacy Flip,2026-8-20 19:20:36.417164100,0.6415,0.6415,0.0000,0.3283,0.4090,0.1794,0.2296,1.8741,11.5282,9.0937,17956.7535,NA,NA,NA
python.exe,22256,0x0,Other,-1,0,0,Composed: Copy with GPU GDI,2026-8-20 19:20:36.417805600,0.3296,0.3296,0.0000,0.0958,1.2041,1.2041,0.0000,NA,NA,NA,NA,NA,NA,NA
python.exe,22256,0x0,Other,-1,0,0,Composed: Copy with GPU GDI,2026-8-20 19:20:36.418135200,9.5202,9.5202,0.0000,0.9725,9.0081,0.5828,8.4253,NA,NA,NA,NA,NA,NA,NA
python.exe,22256,0x0,Other,-1,0,0,Composed: Copy with GPU GDI,2026-8-20 19:20:36.427655400,1.1213,1.1213,0.0000,0.4656,0.8616,0.3570,0.5046,NA,NA,NA,NA,NA,NA,NA
python.exe,22256,0x0,Other,0,0,1,Hardware: Legacy Flip,2026-8-20 19:20:36.428776700,0.3733,0.3733,0.0000,0.2095,0.1822,0.0670,0.1152,1.7897,19.3439,0.0844,17968.3661,NA,NA,NA
python.exe,22256,0x0,Other,-1,0,0,Composed: Copy with GPU GDI,2026-8-20 19:20:36.429150000,10.0107,10.0107,0.0000,0.0184,10.2599,1.7983,8.4616,NA,NA,NA,NA,NA,NA,NA
python.exe,22256,0x0,Other,-1,0,0,Composed: Copy with GPU GDI,2026-8-20 19:20:36.439160700,1.1046,1.1046,0.0000,0.2726,1.2605,0.5401,0.7204,10.7496,2.9907,-8.9599,17978.7501,NA,NA,NA
python.exe,22256,0x0,Other,-1,0,0,Composed: Copy with GPU GDI,2026-8-20 19:20:36.440265300,10.8591,10.8591,0.0000,11.2840,0.2734,0.2734,0.0000,NA,NA,NA,NA,NA,NA,NA
python.exe,22256,0x0,Other,0,0,1,Hardware: Legacy Flip,2026-8-20 19:20:36.451124400,0.3541,0.3541,0.0000,0.0000,10.8509,0.6104,10.2405,1.7766,9.1470,8.9730,17990.7138,NA,NA,NA
python.exe,22256,0x0,Other,-1,0,0,Composed: Copy with GPU GDI,2026-8-20 19:20:36.451478500,1.9189,1.9189,0.0000,0.3442,1.7064,1.2494,0.4570,10.5695,2.5810,-8.7929,17991.0679,NA,NA,NA
python.exe,22256,0x0,Other,-1,0,0,Composed: Copy with GPU GDI,2026-8-20 19:20:36.453397400,9.0644,9.0644,0.0000,0.1375,9.5078,0.7296,8.7782,NA,NA,NA,NA,NA,NA,NA
python.exe,22256,0x0,Other,0,0,1,Hardware: Legacy Flip,2026-8-20 19:20:36.462461800,0.7636,0.7636,0.0000,0.5875,0.2093,0.1103,0.0990,2.1672,9.5128,8.4023,18002.0512,NA,NA,NA
python.exe,22256,0x0,Other,-1,0,0,Composed: Copy with GPU GDI,2026-8-20 19:20:36.463225400,1.5357,1.5357,0.0000,0.0332,2.1993,2.1993,0.0000,10.9164,11.3094,-8.7492,18002.8148,NA,NA,NA
python.exe,22256,0x0,Other,-1,0,0,Composed: Copy with GPU GDI,2026-8-20 19:20:36.464761100,8.1928,8.1928,0.0000,0.7014,8.0790,0.7410,7.3380,NA,NA,NA,NA,NA,NA,NA
python.exe,22256,0x0,Other,-1,0,0,Composed: Copy with GPU GDI,2026-8-20 19:20:36.472953900,10.0190,10.0190,0.0000,0.6085,10.1519,0.9073,9.2446,NA,NA,NA,NA,NA,NA,NA
python.exe,22256,0x0,Other,0,0,1,Hardware: Legacy Flip,2026-8-20 19:20:36.482972900,0.8304,0.8304,0.0000,0.7478,0.1461,0.1432,0.0029,2.4783,6.9488,8.4381,18022.5623,NA,NA,NA
python.exe,22256,0x0,Other,-1,0,0,Composed: Copy with GPU GDI,2026-8-20 19:20:36.483803300,0.4150,0.4150,0.0000,0.0635,0.4817,0.4817,0.0000,8.5967,5.4145,-6.1184,18023.3927,NA,NA,NA
python.exe,22256,0x0,Other,-1,0,0,Composed: Copy with GPU GDI,2026-8-20 19:20:36.484218300,10.8818,10.8818,0.0000,0.1302,11.3317,1.7098,9.6219,NA,NA,NA,NA,NA,NA,NA
python.exe,22256,0x0,Other,-1,0,0,Composed: Copy with GPU GDI,2026-8-20 19:20:36.495100100,0.9870,0.9870,0.0000,0.5854,0.7839,0.5137,0.2702,NA,NA,NA,NA,NA,NA,NA
python.exe,22256,0x0,Other,0,0,1,Hardware: Legacy Flip,2026-8-20 19:20:36.496087100,0.4993,0.4993,0.0000,0.3874,0.1457,0.1018,0.0439,1.7274,14.0750,6.8693,18035.6765,NA,NA,NA
python.exe,22256,0x0,Other,-1,0,0,Composed: Copy with GPU GDI,2026-8-20 19:20:36.496586400,8.5271,8.5271,0.0000,0.0338,8.7981,1.5214,7.2767,NA,NA,NA,NA,NA,NA,NA
python.exe,22256,0x0,Other,-1,0,0,Composed: Copy with GPU GDI,2026-8-20 19:20:36.505113500,3.1377,3.1377,0.0000,0.3073,2.9796,0.3631,2.6165,NA,NA,NA,NA,NA,NA,NA
python.exe,22256,0x0,Other,0,0,1,Hardware: Legacy Flip,2026-8-20 19:20:36.508251200,2.5808,2.5808,0.0000,0.1532,2.4619,0.1316,2.3303,3.6383,16.8489,-1.9109,18047.8406,NA,NA,NA
python.exe,22256,0x0,Other,-1,0,0,Composed: Copy with GPU GDI,2026-8-20 19:20:36.510832000,6.8163,6.8163,0.0000,0.0343,7.1069,1.4281,5.6788,NA,NA,NA,NA,NA,NA,NA
python.exe,22256,0x0,Other,-1,0,0,Composed: Copy with GPU GDI,2026-8-20 19:20:36.517648300,2.9093,2.9093,0.0000,0.3295,3.2504,0.8987,2.3517,11.0901,0.7501,-7.4518,18057.2377,NA,NA,NA
python.exe,22256,0x0,Other,0,0,1,Hardware: Legacy Flip,2026-8-20 19:20:36.520557600,7.8207,7.8207,0.0000,0.6738,7.2521,0.1862,7.0659,8.9309,11.4360,2.1592,18060.1470,NA,NA,NA
python.exe,22256,0x0,Other,-1,0,0,Composed: Copy with GPU GDI,2026-8-20 19:20:36.528378300,0.3813,0.3813,0.0000,0.1052,1.3272,1.3272,0.0000,NA,NA,NA,NA,NA,NA,NA
python.exe,22256,0x0,Other,-1,0,0,Composed: Copy with GPU GDI,2026-8-20 19:20:36.528759600,3.2976,3.2976,0.0000,1.0640,2.6539,0.5567,2.0972,12.1649,9.6191,-3.2340,18068.3490,NA,NA,NA
python.exe,22256,0x0,Other,-1,0,0,Composed: Copy with GPU GDI,2026-8-20 19:20:36.532057200,7.8828,7.8828,0.0000,0.4223,7.6749,0.3811,7.2938,NA,NA,NA,NA,NA,NA,NA
python.exe,22256,0x0,Other,-1,0,0,Composed: Copy with GPU GDI,2026-8-20 19:20:36.539940000,3.5775,3.5775,0.0000,0.2228,3.8318,0.6095,3.2223,NA,NA,NA,NA,NA,NA,NA
python.exe,22256,0x0,Other,0,0,1,Hardware: Legacy Flip,2026-8-20 19:20:36.543517500,5.6611,5.6611,0.0000,0.4847,5.2338,0.1095,5.1243,7.0261,14.2693,5.1388,18083.1069,NA,NA,NA
python.exe,22256,0x0,Other,-1,0,0,Composed: Copy with GPU GDI,2026-8-20 19:20:36.549178600,1.5841,1.5841,0.0000,0.0574,1.8773,1.7299,0.1474,NA,NA,NA,NA,NA,NA,NA
python.exe,22256,0x0,Other,-1,0,0,Composed: Copy with GPU GDI,2026-8-20 19:20:36.550762700,10.7776,10.7776,0.0000,0.3548,10.7278,0.4816,10.2462,NA,NA,NA,NA,NA,NA,NA
python.exe,22256,0x0,Other,-1,0,0,Composed: Copy with GPU GDI,2026-8-20 19:20:36.561540300,1.3571,1.3571,0.0000,0.3109,1.3825,0.5941,0.7884,NA,NA,NA,NA,NA,NA,NA
python.exe,22256,0x0,Other,0,0,1,Hardware: Legacy Flip,2026-8-20 19:20:36.562897400,0.4362,0.4362,0.0000,0.3415,0.1292,0.1267,0.0025,1.9155,11.8203,5.1106,18102.4868,NA,NA,NA
python.exe,22256,0x0,Other,-1,0,0,Composed: Copy with GPU GDI,2026-8-20 19:20:36.563333600,9.1591,9.1591,0.0000,0.0345,9.6867,2.2003,7.4864,NA,NA,NA,NA,NA,NA,NA
python.exe,22256,0x0,Other,-1,0,0,Composed: Copy with GPU GDI,2026-8-20 19:20:36.572492700,1.6527,1.6527,0.0000,0.5658,1.2017,0.2699,0.9318,NA,NA,NA,NA,NA,NA,NA
python.exe,22256,0x0,Other,0,0,1,Hardware: Legacy Flip,2026-8-20 19:20:36.574145400,1.1271,1.1271,0.0000,0.1182,1.0387,0.0974,0.9413,2.4878,18.9425,-0.5723,18113.7348,NA,NA,NA
python.exe,22256,0x0,Other,-1,0,0,Composed: Copy with GPU GDI,2026-8-20 19:20:36.575272500,7.6337,7.6337,0.0000,0.0298,7.8163,1.5135,6.3028,20.3032,0.6141,-17.8154,18114.8619,NA,NA,NA
python.exe,22256,0x0,Other,-1,0,0,Composed: Copy with GPU GDI,2026-8-20 19:20:36.582906200,4.2167,4.2167,0.0000,0.2159,4.6167,0.7657,3.8510,NA,NA,NA,NA,NA,NA,NA
python.exe,22256,0x0,Other,0,0,1,Hardware: Legacy Flip,2026-8-20 19:20:36.587122900,7.6453,7.6453,0.0000,0.6206,7.2190,0.2863,6.9327,9.0669,11.4325,11.2363,18126.7123,NA,NA,NA
python.exe,22256,0x0,Other,-1,0,0,Composed: Copy with GPU GDI,2026-8-20 19:20:36.594768200,1.3029,1.3029,0.0000,0.1943,1.8159,1.8159,0.0000,NA,NA,NA,NA,NA,NA,NA
python.exe,22256,0x0,Other,-1,0,0,Composed: Copy with GPU GDI,2026-8-20 19:20:36.596071100,3.1662,3.1662,0.0000,0.7109,2.5692,0.2537,2.3155,11.5512,5.3306,-2.4843,18135.6605,NA,NA,NA
python.exe,22256,0x0,Other,-1,0,0,Composed: Copy with GPU GDI,2026-8-20 19:20:36.599237300,6.0525,6.0525,0.0000,0.1161,6.1396,0.3698,5.7698,NA,NA,NA,NA,NA,NA,NA
python.exe,22256,0x0,Other,-1,0,0,Composed: Copy with GPU GDI,2026-8-20 19:20:36.605289800,5.7928,5.7928,0.0000,6.0219,0.4855,0.4855,0.0000,NA,NA,NA,NA,NA,NA,NA
python.exe,22256,0x0,Other,0,0,1,Hardware: Legacy Flip,2026-8-20 19:20:36.611082600,0.1613,0.1613,0.0000,0.0000,5.8142,0.3803,5.4339,1.8703,18.1686,9.6809,18150.6720,NA,NA,NA
python.exe,22256,0x0,Other,-1,0,0,Composed: Copy with GPU GDI,2026-8-20 19:20:36.611243900,7.2742,7.2742,0.0000,0.5533,7.0688,1.3304,5.7384,NA,NA,NA,NA,NA,NA,NA
python.exe,22256,0x0,Other,-1,0,0,Composed: Copy with GPU GDI,2026-8-20 19:20:36.618518100,10.3859,10.3859,0.0000,0.3467,10.2380,0.3596,9.8784,NA,NA,NA,NA,NA,NA,NA
python.exe,22256,0x0,Other,0,0,1,Hardware: Legacy Flip,2026-8-20 19:20:36.628904000,1.1340,1.1340,0.0000,0.2028,1.0339,0.2175,0.8164,2.2175,6.9196,-0.3472,18168.4934,NA,NA,NA
python.exe,22256,0x0,Other,-1,0,0,Composed: Copy with GPU GDI,2026-8-20 19:20:36.630038000,0.4830,0.4830,0.0000,0.1027,1.5280,1.5280,0.0000,8.0031,6.7719,-5.7856,18169.6274,NA,NA,NA
python.exe,22256,0x0,Other,-1,0,0,Composed: Copy with GPU GDI,2026-8-20 19:20:36.630521000,8.7747,8.7747,0.0000,1.1506,7.8398,0.4233,7.4165,NA,NA,NA,NA,NA,NA,NA
python.exe,22256,0x0,Other,-1,0,0,Composed: Copy with GPU GDI,2026-8-20 19:20:36.639295700,1.7929,1.7929,0.0000,0.2186,1.6543,0.2415,1.4128,NA,NA,NA,NA,NA,NA,NA
python.exe,22256,0x0,Other,0,0,1,Hardware: Legacy Flip,2026-8-20 19:20:36.641088600,2.4448,2.4448,0.0000,0.0925,2.3727,0.0712,2.3015,3.7244,17.4054,4.2787,18180.6780,NA,NA,NA
python.exe,22256,0x0,Other,-1,0,0,Composed: Copy with GPU GDI,2026-8-20 19:20:36.643533400,6.8505,6.8505,0.0000,0.0204,6.9698,1.4864,5.4834,NA,NA,NA,NA,NA,NA,NA
python.exe,22256,0x0,Other,-1,0,0,Composed: Copy with GPU GDI,2026-8-20 19:20:36.650383900,2.9329,2.9329,0.0000,0.1419,3.1641,0.4663,2.6978,11.8345,1.3541,-8.1101,18189.9733,NA,NA,NA
python.exe,22256,0x0,Other,0,0,1,Hardware: Legacy Flip,2026-8-20 19:20:36.653316800,9.0811,9.0811,0.0000,0.3767,8.8069,0.1928,8.6141,10.2557,10.7685,1.5788,18192.9062,NA,NA,NA
python.exe,22256,0x0,Other,-1,0,0,Composed: Copy with GPU GDI,2026-8-20 19:20:36.662397900,0.3422,0.3422,0.0000,0.1025,1.1864,1.1864,0.0000,NA,NA,NA,NA,NA,NA,NA
python.exe,22256,0x0,Other,-1,0,0,Composed: Copy with GPU GDI,2026-8-20 19:20:36.662740100,1.6394,1.6394,0.0000,0.9496,1.0070,0.4335,0.5735,11.6009,10.6184,-1.3452,18202.3295,NA,NA,NA
python.exe,22256,0x0,Other,-1,0,0,Composed: Copy with GPU GDI,2026-8-20 19:20:36.664379500,8.8714,8.8714,0.0000,0.3203,8.9778,0.5694,8.4084,NA,NA,NA,NA,NA,NA,NA
python.exe,22256,0x0,Other,-1,0,0,Composed: Copy with GPU GDI,2026-8-20 19:20:36.673250900,4.2027,4.2027,0.0000,0.4299,3.9208,0.2646,3.6562,NA,NA,NA,NA,NA,NA,NA
python.exe,22256,0x0,Other,0,0,1,Hardware: Legacy Flip,2026-8-20 19:20:36.677453600,6.1732,6.1732,0.0000,0.1519,6.0832,0.1269,5.9563,7.5058,10.7780,4.0951,18217.0430,NA,NA,NA
python.exe,22256,0x0,Other,-1,0,0,Composed: Copy with GPU GDI,2026-8-20 19:20:36.683626800,0.4668,0.4668,0.0000,0.0619,1.3400,1.3400,0.0000,NA,NA,NA,NA,NA,NA,NA
python.exe,22256,0x0,Other,-1,0,0,Composed: Copy with GPU GDI,2026-8-20 19:20:36.684093600,9.8536,9.8536,0.0000,0.9388,9.0491,0.3266,8.7225,NA,NA,NA,NA,NA,NA,NA
python.exe,22256,0x0,Other,0,0,1,Hardware: Legacy Flip,2026-8-20 19:20:36.693947200,0.6822,0.6822,0.0000,0.1384,0.5700,0.1061,0.4639,1.7902,8.9508,5.7156,18233.5366,NA,NA,NA
python.exe,22256,0x0,Other,-1,0,0,Composed: Copy with GPU GDI,2026-8-20 19:20:36.694629400,0.6975,0.6975,0.0000,0.0262,1.3552,1.3552,0.0000,10.0588,7.6012,-8.2686,18234.2188,NA,NA,NA
python.exe,22256,0x0,Other,-1,0,0,Composed: Copy with GPU GDI,2026-8-20 19:20:36.695326900,10.5198,10.5198,0.0000,0.6882,10.1469,0.5818,9.5651,NA,NA,NA,NA,NA,NA,NA
python.exe,22256,0x0,Other,-1,0,0,Composed: Copy with GPU GDI,2026-8-20 19:20:36.705846700,3.7324,3.7324,0.0000,0.3191,3.6411,0.5694,3.0717,NA,NA,NA,NA,NA,NA,NA
python.exe,22256,0x0,Other,0,0,1,Hardware: Legacy Flip,2026-8-20 19:20:36.709579100,1.4193,1.4193,0.0000,0.2305,1.3290,0.2409,1.0881,2.7103,16.5599,7.3485,18249.1685,NA,NA,NA
python.exe,22256,0x0,Other,-1,0,0,Composed: Copy with GPU GDI,2026-8-20 19:20:36.710998400,5.6480,5.6480,0.0000,0.1402,5.9346,1.5369,4.3977,NA,NA,NA,NA,NA,NA,NA
python.exe,22256,0x0,Other,-1,0,0,Composed: Copy with GPU GDI,2026-8-20 19:20:36.716646400,3.5326,3.5326,0.0000,0.4299,3.2235,0.2903,2.9332,NA,NA,NA,NA,NA,NA,NA
python.exe,22256,0x0,Other,0,0,1,Hardware: Legacy Flip,2026-8-20 19:20:36.720179000,7.2650,7.2650,0.0000,0.1245,7.1913,0.1017,7.0896,8.6703,12.2742,-5.9600,18259.7684,NA,NA,NA
python.exe,22256,0x0,Other,-1,0,0,Composed: Copy with GPU GDI,2026-8-20 19:20:36.727444000,0.3363,0.3363,0.0000,0.0508,1.7340,1.7340,0.0000,13.6795,3.1502,-5.0092,18267.0334,NA,NA,NA
python.exe,22256,0x0,Other,-1,0,0,Composed: Copy with GPU GDI,2026-8-20 19:20:36.727780300,4.2718,4.2718,0.0000,1.4910,2.8942,0.2308,2.6634,NA,NA,NA,NA,NA,NA,NA
python.exe,22256,0x0,Other,-1,0,0,Composed: Copy with GPU GDI,2026-8-20 19:20:36.732052100,8.0291,8.0291,0.0000,0.1158,8.2132,0.5137,7.6995,NA,NA,NA,NA,NA,NA,NA
python.exe,22256,0x0,Other,0,0,1,Hardware: Legacy Flip,2026-8-20 19:20:36.740081200,2.9724,2.9724,0.0000,0.3029,2.7639,0.1750,2.5889,4.1925,15.0813,9.4870,18279.6706,NA,NA,NA
python.exe,22256,0x0,Other,-1,0,0,Composed: Copy with GPU GDI,2026-8-20 19:20:36.743053600,1.1519,1.1519,0.0000,0.0944,1.6247,1.6247,0.0000,16.3014,5.0596,-12.1089,18282.6430,NA,NA,NA
python.exe,22256,0x0,Other,-1,0,0,Composed: Copy with GPU GDI,2026-8-20 19:20:36.744205500,7.1532,7.1532,0.0000,0.5829,6.8690,0.5247,6.3443,NA,NA,NA,NA,NA,NA,NA
python.exe,22256,0x0,Other,-1,0,0,Composed: Copy with GPU GDI,2026-8-20 19:20:36.751358700,9.9711,9.9711,0.0000,0.3010,9.8135,0.2905,9.5230,NA,NA,NA,NA,NA,NA,NA
python.exe,22256,0x0,Other,-1,0,0,Composed: Copy with GPU GDI,2026-8-20 19:20:36.761329800,1.2958,1.2958,0.0000,1.5859,0.5011,0.5011,0.0000,NA,NA,NA,NA,NA,NA,NA
python.exe,22256,0x0,Other,0,0,1,Hardware: Legacy Flip,2026-8-20 19:20:36.762625600,0.1847,0.1847,0.0000,0.0000,1.4396,0.4988,0.9408,1.7890,19.1190,14.5124,18302.2150,NA,NA,NA
python.exe,22256,0x0,Other,-1,0,0,Composed: Copy with GPU GDI,2026-8-20 19:20:36.762810300,11.9083,11.9083,0.0000,0.6065,11.6982,1.4610,10.2372,NA,NA,NA,NA,NA,NA,NA
python.exe,22256,0x0,Other,-1,0,0,Composed: Copy with GPU GDI,2026-8-20 19:20:36.774718600,0.8784,0.8784,0.0000,0.3997,0.6511,0.3016,0.3495,8.8150,3.9036,-7.0260,18314.3080,NA,NA,NA
python.exe,22256,0x0,Other,-1,0,0,Composed: Copy with GPU GDI,2026-8-20 19:20:36.775597000,9.5833,9.5833,0.0000,0.1763,9.7586,0.5236,9.2350,NA,NA,NA,NA,NA,NA,NA
python.exe,22256,0x0,Other,-1,0,0,Composed: Copy with GPU GDI,2026-8-20 19:20:36.785180300,0.8880,0.8880,0.0000,1.1276,0.0944,0.0944,0.0000,NA,NA,NA,NA,NA,NA,NA
python.exe,22256,0x0,Other,0,0,1,Hardware: Legacy Flip,2026-8-20 19:20:36.786068300,0.1580,0.1580,0.0000,0.0000,0.7716,0.3793,0.3923,1.3689,8.5944,7.4461,18325.6577,NA,NA,NA
python.exe,22256,0x0,Other,-1,0,0,Composed: Copy with GPU GDI,2026-8-20 19:20:36.786226300,8.4348,8.4348,0.0000,0.1760,8.5565,1.4467,7.1098,NA,NA,NA,NA,NA,NA,NA
python.exe,22256,0x0,Other,0,0,1,Hardware: Legacy Flip,2026-8-20 19:20:36.794661100,0.2758,0.2758,0.0000,0.2977,0.0102,0.0102,0.0000,1.3705,16.9785,-0.0016,18334.2505,NA,NA,NA
python.exe,22256,0x0,Other,-1,0,0,Composed: Copy with GPU GDI,2026-8-20 19:20:36.794936900,3.4460,3.4460,0.0000,0.0321,4.0599,1.7578,2.3021,NA,NA,NA,NA,NA,NA,NA
python.exe,22256,0x0,Other,-1,0,0,Composed: Copy with GPU GDI,2026-8-20 19:20:36.798382900,8.4630,8.4630,0.0000,0.6512,8.0921,0.4076,7.6845,NA,NA,NA,NA,NA,NA,NA
python.exe,22256,0x0,Other,-1,0,0,Composed: Copy with GPU GDI,2026-8-20 19:20:36.806845900,3.9335,3.9335,0.0000,0.2833,4.3191,0.8420,3.4771,NA,NA,NA,NA,NA,NA,NA
python.exe,22256,0x0,Other,0,0,1,Hardware: Legacy Flip,2026-8-20 19:20:36.810779400,0.8680,0.8680,0.0000,0.6737,0.2606,0.1525,0.1081,2.2307,16.6629,-0.8602,18350.3688,NA,NA,NA
python.exe,22256,0x0,Other,-1,0,0,Composed: Copy with GPU GDI,2026-8-20 19:20:36.811647400,5.4047,5.4047,0.0000,0.0663,5.7867,1.7701,4.0166,NA,NA,NA,NA,NA,NA,NA
python.exe,22256,0x0,Other,-1,0,0,Composed: Copy with GPU GDI,2026-8-20 19:20:36.817052100,5.4872,5.4872,0.0000,0.4521,5.7644,0.8544,4.9100,NA,NA,NA,NA,NA,NA,NA
python.exe,22256,0x0,Other,0,0,1,Hardware: Legacy Flip,2026-8-20 19:20:36.822539300,6.0172,6.0172,0.0000,0.7340,5.3648,0.1388,5.2260,7.1337,14.5455,-4.9030,18362.1287,NA,NA,NA
python.exe,22256,0x0,Other,-1,0,0,Composed: Copy with GPU GDI,2026-8-20 19:20:36.828556500,0.6308,0.6308,0.0000,0.0816,1.6204,1.6204,0.0000,15.6620,0.3465,-8.5283,18368.1459,NA,NA,NA
python.exe,22256,0x0,Other,-1,0,0,Composed: Copy with GPU GDI,2026-8-20 19:20:36.829187300,9.4068,9.4068,0.0000,1.0756,9.0866,1.0214,8.0652,NA,NA,NA,NA,NA,NA,NA
python.exe,22256,0x0,Other,-1,0,0,Composed: Copy with GPU GDI,2026-8-20 19:20:36.838594100,1.7132,1.7132,0.0000,0.7600,1.1984,0.3826,0.8158,NA,NA,NA,NA,NA,NA,NA
python.exe,22256,0x0,Other,0,0,1,Hardware: Legacy Flip,2026-8-20 19:20:36.840307300,3.1204,3.1204,0.0000,0.2486,2.9330,0.1047,2.8283,4.2577,13.1607,11.4043,18379.8967,NA,NA,NA
python.exe,22256,0x0,Other,-1,0,0,Composed: Copy with GPU GDI,2026-8-20 19:20:36.843427700,6.9198,6.9198,0.0000,0.0612,7.0385,1.2982,5.7403,NA,NA,NA,NA,NA,NA,NA
python.exe,22256,0x0,Other,-1,0,0,Composed: Copy with GPU GDI,2026-8-20 19:20:36.850347500,3.0041,3.0041,0.0000,0.1832,3.0343,0.3224,2.7119,NA,NA,NA,NA,NA,NA,NA
python.exe,22256,0x0,Other,0,0,1,Hardware: Legacy Flip,2026-8-20 19:20:36.853351600,4.0957,4.0957,0.0000,0.2160,4.0470,0.2436,3.8034,4.3741,16.9099,-0.1164,18392.9410,NA,NA,NA
