Application,ProcessID,SwapChainAddress,PresentRuntime,SyncInterval,PresentFlags,AllowsTearing,PresentMode,CPUStartDateTime,FrameTime,CPUBusy,CPUWait,GPULatency,GPUTime,GPUBusy,GPUWait,DisplayLatency,DisplayedTime,AnimationError,AnimationTime,MsFlipDelay,AllInputToPhotonLatency,ClickToPhotonLatency
python.exe,31548,0x0,Other,-1,0,0,Composed: Copy with GPU GDI,2026-8-20 19:21:50.750773400,0.2534,0.2534,0.0000,0.1638,0.2212,0.1325,0.0887,15.0053,6.0787,NA,1271.6932,NA,NA,NA
python.exe,31548,0x0,Other,-1,0,0,Composed: Copy with GPU GDI,2026-8-20 19:21:50.751026800,7.7761,7.7761,0.0000,0.1295,8.0292,0.5050,7.5242,NA,NA,NA,NA,NA,NA,NA
python.exe,31548,0x0,Other,-1,0,0,Composed: Copy with GPU GDI,2026-8-20 19:21:50.758802900,0.4445,0.4445,0.0000,0.3805,0.4241,0.3464,0.0777,13.0545,6.0591,1.9508,1279.7227,NA,NA,NA
python.exe,31548,0x0,Other,-1,0,0,Composed: Copy with GPU GDI,2026-8-20 19:21:50.759247400,0.4212,0.4212,0.0000,0.3585,0.4719,0.3851,0.0868,NA,NA,NA,NA,NA,NA,NA
python.exe,31548,0x0,Other,-1,0,0,Composed: Copy with GPU GDI,2026-8-20 19:21:50.759668600,0.4888,0.4888,0.0000,0.4070,0.4792,0.3817,0.0975,NA,NA,NA,NA,NA,NA,NA
python.exe,31548,0x0,Other,-1,0,0,Composed: Copy with GPU GDI,2026-8-20 19:21:50.760157400,0.4722,0.4722,0.0000,0.3967,0.7746,0.6889,0.0857,NA,NA,NA,NA,NA,NA,NA
python.exe,31548,0x0,Other,-1,0,0,Composed: Copy with GPU GDI,2026-8-20 19:21:50.760629600,0.7672,0.7672,0.0000,0.6968,0.4459,0.3535,0.0924,NA,NA,NA,NA,NA,NA,NA
python.exe,31548,0x0,Other,-1,0,0,Composed: Copy with GPU GDI,2026-8-20 19:21:50.761396800,0.4745,0.4745,0.0000,0.3738,0.4645,0.3448,0.1197,NA,NA,NA,NA,NA,NA,NA
python.exe,31548,0x0,Other,-1,0,0,Composed: Copy with GPU GDI,2026-8-20 19:21:50.761871300,0.7998,0.7998,0.0000,0.3619,0.8023,0.3397,0.4626,16.0452,236.5918,-2.9907,1282.7911,NA,NA,NA
python.exe,31548,0x0,Other,-1,0,0,Composed: Copy with GPU GDI,2026-8-20 19:21:50.762671100,235.8758,235.8758,0.0000,0.3624,235.7647,5.8085,229.9562,251.8372,18.1986,-235.7920,1283.5909,NA,NA,NA
python.exe,31548,0x0,Other,-1,0,0,Composed: Copy with GPU GDI,2026-8-20 19:21:50.998546900,20.1722,20.1722,0.0000,0.2561,20.0019,0.2283,19.7736,34.1600,213.0865,217.6772,1519.4667,NA,NA,NA
python.exe,31548,0x0,Other,-1,0,0,Composed: Copy with GPU GDI,2026-8-20 19:21:51.018719100,219.3965,219.3965,0.0000,0.0825,219.5236,8.1694,211.3542,227.0743,17.4489,-192.9143,1539.6389,NA,NA,NA
python.exe,31548,0x0,Other,-1,0,0,Composed: Copy with GPU GDI,2026-8-20 19:21:51.238115600,18.1114,18.1114,0.0000,0.2152,17.9586,0.2185,17.7401,25.1267,84.9340,201.9476,1759.0354,NA,NA,NA
python.exe,31548,0x0,Other,-1,0,0,Composed: Copy with GPU GDI,2026-8-20 19:21:51.256227000,64.9433,64.9433,0.0000,0.0669,64.9809,0.2570,64.7239,NA,NA,-66.8226,1777.1468,NA,NA,NA
python.exe,31548,0x0,Other,-1,0,0,Composed: Copy with GPU GDI,2026-8-20 19:21:51.321170300,0.4253,0.4253,0.0000,0.1045,0.3829,0.2319,0.1510,27.0060,24.1975,NA,1842.0901,NA,NA,NA
python.exe,31548,0x0,Other,0,0,1,Hardware: Legacy Flip,2026-8-20 19:21:51.321595600,49.8931,49.8931,0.0000,0.0665,50.7117,0.5159,50.1958,50.7782,2.4098,-23.7722,1842.5154,NA,NA,NA
python.exe,31548,0x0,Other,-1,0,0,Composed: Copy with GPU GDI,2026-8-20 19:21:51.371488700,1.7219,1.7219,0.0000,0.8851,1.1238,0.5068,0.6170,NA,NA,NA,NA,NA,NA,NA
python.exe,31548,0x0,Other,-1,0,0,Composed: Copy with GPU GDI,2026-8-20 19:21:51.373210600,1.1798,1.1798,0.0000,0.2921,0.9542,0.1191,0.8351,NA,NA,NA,NA,NA,NA,NA
python.exe,31548,0x0,Other,0,0,1,Hardware: Legacy Flip,2026-8-20 19:21:51.374390400,0.1085,0.1085,0.0000,0.0723,0.0500,0.0487,0.0013,0.3932,0.8765,50.3850,1895.3102,NA,NA,NA
python.exe,31548,0x0,Other,0,0,1,Hardware: Legacy Flip,2026-8-20 19:21:51.374498900,0.9140,0.9140,0.0000,0.0138,0.9117,0.2287,0.6830,1.1612,4.2141,-0.7680,1895.4187,NA,NA,NA
python.exe,31548,0x0,Other,-1,0,0,Composed: Copy with GPU GDI,2026-8-20 19:21:51.375412900,0.8392,0.8392,0.0000,0.0115,0.8817,0.3950,0.4867,NA,NA,NA,NA,NA,NA,NA
python.exe,31548,0x0,Other,-1,0,0,Composed: Copy with GPU GDI,2026-8-20 19:21:51.376252100,2.2298,2.2298,0.0000,0.0596,2.2411,0.1584,2.0827,NA,NA,NA,NA,NA,NA,NA
python.exe,31548,0x0,Other,0,0,1,Hardware: Legacy Flip,2026-8-20 19:21:51.378481900,1.1673,1.1673,0.0000,0.0739,1.1096,0.0680,1.0416,1.3923,14.5325,-0.2311,1899.4017,NA,NA,NA
python.exe,31548,0x0,Other,-1,0,0,Composed: Copy with GPU GDI,2026-8-20 19:21:51.379649200,6.8695,6.8695,0.0000,0.0162,7.0856,0.5487,6.5369,NA,NA,NA,NA,NA,NA,NA
python.exe,31548,0x0,Other,-1,0,0,Composed: Copy with GPU GDI,2026-8-20 19:21:51.386518700,5.4434,5.4434,0.0000,0.2364,5.2702,0.2123,5.0579,NA,NA,NA,NA,NA,NA,NA
python.exe,31548,0x0,Other,0,0,1,Hardware: Legacy Flip,2026-8-20 19:21:51.391962100,2.1855,2.1855,0.0000,0.0670,2.1330,0.0530,2.0800,2.4446,16.2383,-1.0523,1912.8819,NA,NA,NA
python.exe,31548,0x0,Other,-1,0,0,Composed: Copy with GPU GDI,2026-8-20 19:21:51.394147600,3.2546,3.2546,0.0000,0.0145,3.6673,0.7508,2.9165,NA,NA,NA,NA,NA,NA,NA
python.exe,31548,0x0,Other,-1,0,0,Composed: Copy with GPU GDI,2026-8-20 19:21:51.397402200,5.5178,5.5178,0.0000,0.4311,5.1602,0.1671,4.9931,NA,NA,NA,NA,NA,NA,NA
python.exe,31548,0x0,Other,0,0,1,Hardware: Legacy Flip,2026-8-20 19:21:51.402920000,7.4574,7.4574,0.0000,0.0778,7.4217,0.0826,7.3391,7.7250,16.4044,-5.2804,1923.8398,NA,NA,NA
python.exe,31548,0x0,Other,-1,0,0,Composed: Copy with GPU GDI,2026-8-20 19:21:51.410377400,0.1947,0.1947,0.0000,0.0421,0.3031,0.3031,0.0000,NA,NA,NA,NA,NA,NA,NA
python.exe,31548,0x0,Other,-1,0,0,Composed: Copy with GPU GDI,2026-8-20 19:21:51.410572100,4.2390,4.2390,0.0000,0.1588,4.2572,0.2239,4.0333,16.4773,0.1386,-8.7523,1931.4919,NA,NA,NA
python.exe,31548,0x0,Other,-1,0,0,Composed: Copy with GPU GDI,2026-8-20 19:21:51.414811100,7.1894,7.1894,0.0000,0.1824,7.8528,0.2132,7.6396,NA,NA,NA,NA,NA,NA,NA
python.exe,31548,0x0,Other,0,0,1,Hardware: Legacy Flip,2026-8-20 19:21:51.422000500,4.8770,4.8770,0.0000,0.8482,4.0740,0.0874,3.9866,5.1875,17.9913,11.2898,1942.9203,NA,NA,NA
python.exe,31548,0x0,Other,-1,0,0,Composed: Copy with GPU GDI,2026-8-20 19:21:51.426877500,1.5333,1.5333,0.0000,0.0452,1.5775,0.3791,1.1984,NA,NA,NA,NA,NA,NA,NA
python.exe,31548,0x0,Other,-1,0,0,Composed: Copy with GPU GDI,2026-8-20 19:21:51.428410800,5.2106,5.2106,0.0000,0.0934,5.4333,0.4162,5.0171,NA,NA,NA,NA,NA,NA,NA
python.exe,31548,0x0,Other,-1,0,0,Composed: Copy with GPU GDI,2026-8-20 19:21:51.433621400,6.4144,6.4144,0.0000,0.3185,6.2414,0.2350,6.0064,NA,NA,NA,NA,NA,NA,NA
python.exe,31548,0x0,Other,0,0,1,Hardware: Legacy Flip,2026-8-20 19:21:51.440035800,4.8896,4.8896,0.0000,0.1519,4.7806,0.0803,4.7003,5.1435,15.0752,0.0440,1960.9556,NA,NA,NA
python.exe,31548,0x0,Other,-1,0,0,Composed: Copy with GPU GDI,2026-8-20 19:21:51.444925400,1.0507,1.0507,0.0000,0.0429,1.2038,0.4420,0.7618,NA,NA,NA,NA,NA,NA,NA
python.exe,31548,0x0,Other,-1,0,0,Composed: Copy with GPU GDI,2026-8-20 19:21:51.445976100,6.5099,6.5099,0.0000,0.2008,6.4197,0.1882,6.2315,NA,NA,NA,NA,NA,NA,NA
python.exe,31548,0x0,Other,-1,0,0,Composed: Copy with GPU GDI,2026-8-20 19:21:51.452486000,6.0788,6.0788,0.0000,0.1140,6.0633,0.1705,5.8928,NA,NA,NA,NA,NA,NA,NA
python.exe,31548,0x0,Other,0,0,1,Hardware: Legacy Flip,2026-8-20 19:21:51.458564800,1.4381,1.4381,0.0000,0.1039,1.3716,0.0762,1.2954,1.6897,17.0333,3.4538,1979.4846,NA,NA,NA
python.exe,31548,0x0,Other,-1,0,0,Composed: Copy with GPU GDI,2026-8-20 19:21:51.460002900,4.2920,4.2920,0.0000,0.0374,4.3595,0.3433,4.0162,NA,NA,NA,NA,NA,NA,NA
python.exe,31548,0x0,Other,-1,0,0,Composed: Copy with GPU GDI,2026-8-20 19:21:51.464294900,6.8180,6.8180,0.0000,0.1096,6.8060,0.1717,6.6343,NA,NA,NA,NA,NA,NA,NA
python.exe,31548,0x0,Other,-1,0,0,Composed: Copy with GPU GDI,2026-8-20 19:21:51.471112900,4.4514,4.4514,0.0000,0.1025,4.4799,0.2054,4.2745,NA,NA,NA,NA,NA,NA,NA
python.exe,31548,0x0,Other,0,0,1,Hardware: Legacy Flip,2026-8-20 19:21:51.475564300,1.4676,1.4676,0.0000,0.1354,1.3700,0.0717,1.2983,1.7235,17.4635,-0.0338,1996.4841,NA,NA,NA
python.exe,31548,0x0,Other,-1,0,0,Composed: Copy with GPU GDI,2026-8-20 19:21:51.477031900,4.5631,4.5631,0.0000,0.0378,4.7215,0.4337,4.2878,NA,NA,NA,NA,NA,NA,NA
python.exe,31548,0x0,Other,-1,0,0,Composed: Copy with GPU GDI,2026-8-20 19:21:51.481595000,7.1685,7.1685,0.0000,0.2005,7.0714,0.1749,6.8965,NA,NA,NA,NA,NA,NA,NA
python.exe,31548,0x0,Other,0,0,1,Hardware: Legacy Flip,2026-8-20 19:21:51.488763500,5.6272,5.6272,0.0000,0.1084,5.5849,0.1201,5.4648,5.9878,16.3175,-4.2643,2009.6833,NA,NA,NA
python.exe,31548,0x0,Other,-1,0,0,Composed: Copy with GPU GDI,2026-8-20 19:21:51.494390700,0.3093,0.3093,0.0000,0.0661,0.3915,0.3915,0.0000,NA,NA,NA,NA,NA,NA,NA
python.exe,31548,0x0,Other,-1,0,0,Composed: Copy with GPU GDI,2026-8-20 19:21:51.494700000,6.2353,6.2353,0.0000,0.1538,6.1478,0.1697,5.9781,NA,NA,NA,NA,NA,NA,NA
python.exe,31548,0x0,Other,-1,0,0,Composed: Copy with GPU GDI,2026-8-20 19:21:51.500935300,5.5210,5.5210,0.0000,0.0707,5.8441,0.5395,5.3046,NA,NA,NA,NA,NA,NA,NA
python.exe,31548,0x0,Other,0,0,1,Hardware: Legacy Flip,2026-8-20 19:21:51.506456300,4.3569,4.3569,0.0000,0.3957,4.0051,0.0855,3.9196,4.6125,16.2189,1.3753,2027.3761,NA,NA,NA
python.exe,31548,0x0,Other,-1,0,0,Composed: Copy with GPU GDI,2026-8-20 19:21:51.510813200,2.4317,2.4317,0.0000,0.0439,2.6104,0.4643,2.1461,NA,NA,NA,NA,NA,NA,NA
python.exe,31548,0x0,Other,-1,0,0,Composed: Copy with GPU GDI,2026-8-20 19:21:51.513244900,6.1951,6.1951,0.0000,0.2247,6.0373,0.1761,5.8612,NA,NA,NA,NA,NA,NA,NA
python.exe,31548,0x0,Other,-1,0,0,Composed: Copy with GPU GDI,2026-8-20 19:21:51.519440000,5.5297,5.5297,0.0000,0.0724,5.6487,0.3154,5.3333,NA,NA,NA,NA,NA,NA,NA
python.exe,31548,0x0,Other,0,0,1,Hardware: Legacy Flip,2026-8-20 19:21:51.524969700,2.0386,2.0386,0.0000,0.1962,1.9048,0.1128,1.7920,2.3180,16.8657,2.2945,2045.8895,NA,NA,NA
python.exe,31548,0x0,Other,-1,0,0,Composed: Copy with GPU GDI,2026-8-20 19:21:51.527008300,3.9539,3.9539,0.0000,0.0624,4.0410,0.4100,3.6310,NA,NA,NA,NA,NA,NA,NA
python.exe,31548,0x0,Other,-1,0,0,Composed: Copy with GPU GDI,2026-8-20 19:21:51.530962200,6.0190,6.0190,0.0000,0.1523,5.9752,0.2075,5.7677,NA,NA,NA,NA,NA,NA,NA
python.exe,31548,0x0,Other,-1,0,0,Composed: Copy with GPU GDI,2026-8-20 19:21:51.536981200,6.1533,6.1533,0.0000,0.1155,6.2309,0.3282,5.9027,NA,NA,NA,NA,NA,NA,NA
python.exe,31548,0x0,Other,0,0,1,Hardware: Legacy Flip,2026-8-20 19:21:51.543134500,0.7713,0.7713,0.0000,0.1985,0.6129,0.0767,0.5362,1.0189,17.5035,1.2991,2064.0543,NA,NA,NA
python.exe,31548,0x0,Other,-1,0,0,Composed: Copy with GPU GDI,2026-8-20 19:21:51.543905800,5.0939,5.0939,0.0000,0.0401,5.2246,0.4401,4.7845,NA,NA,NA,NA,NA,NA,NA
python.exe,31548,0x0,Other,-1,0,0,Composed: Copy with GPU GDI,2026-8-20 19:21:51.548999700,6.5317,6.5317,0.0000,0.1751,6.4497,0.1732,6.2765,NA,NA,NA,NA,NA,NA,NA
python.exe,31548,0x0,Other,0,0,1,Hardware: Legacy Flip,2026-8-20 19:21:51.555531400,5.6430,5.6430,0.0000,0.0970,5.5885,0.0878,5.5007,6.1255,15.2538,-5.1066,2076.4512,NA,NA,NA
python.exe,31548,0x0,Other,-1,0,0,Composed: Copy with GPU GDI,2026-8-20 19:21:51.561174400,0.1468,0.1468,0.0000,0.0425,0.2032,0.2032,0.0000,NA,NA,NA,NA,NA,NA,NA
python.exe,31548,0x0,Other,-1,0,0,Composed: Copy with GPU GDI,2026-8-20 19:21:51.561321200,6.8554,6.8554,0.0000,0.0989,6.8538,0.3563,6.4975,NA,NA,NA,NA,NA,NA,NA
python.exe,31548,0x0,Other,-1,0,0,Composed: Copy with GPU GDI,2026-8-20 19:21:51.568176600,5.0012,5.0012,0.0000,0.1007,5.1651,0.3580,4.8071,NA,NA,NA,NA,NA,NA,NA
python.exe,31548,0x0,Other,0,0,1,Hardware: Legacy Flip,2026-8-20 19:21:51.573177800,3.4731,3.4731,0.0000,0.2677,3.2488,0.0834,3.1654,3.7329,17.6156,2.3926,2094.0976,NA,NA,NA
python.exe,31548,0x0,Other,-1,0,0,Composed: Copy with GPU GDI,2026-8-20 19:21:51.576650900,3.0452,3.0452,0.0000,0.0434,3.0910,0.3306,2.7604,NA,NA,NA,NA,NA,NA,NA
python.exe,31548,0x0,Other,-1,0,0,Composed: Copy with GPU GDI,2026-8-20 19:21:51.579696100,5.6218,5.6218,0.0000,0.0931,5.8541,0.4067,5.4474,NA,NA,NA,NA,NA,NA,NA
python.exe,31548,0x0,Other,-1,0,0,Composed: Copy with GPU GDI,2026-8-20 19:21:51.585317900,6.4427,6.4427,0.0000,0.3275,6.2254,0.1791,6.0463,NA,NA,NA,NA,NA,NA,NA
python.exe,31548,0x0,Other,0,0,1,Hardware: Legacy Flip,2026-8-20 19:21:51.591760600,2.5012,2.5012,0.0000,0.1138,2.4322,0.0825,2.3497,2.7657,14.5097,0.9672,2112.6804,NA,NA,NA
python.exe,31548,0x0,Other,-1,0,0,Composed: Copy with GPU GDI,2026-8-20 19:21:51.594261800,2.4759,2.4759,0.0000,0.0448,2.5910,0.3762,2.2148,14.7742,2.1272,-12.0085,2115.1816,NA,NA,NA
python.exe,31548,0x0,Other,-1,0,0,Composed: Copy with GPU GDI,2026-8-20 19:21:51.596737700,6.2011,6.2011,0.0000,0.1638,6.2409,0.2915,5.9494,NA,NA,NA,NA,NA,NA,NA
python.exe,31548,0x0,Other,-1,0,0,Composed: Copy with GPU GDI,2026-8-20 19:21:51.602938800,6.6740,6.6740,0.0000,0.2072,6.6671,0.2902,6.3769,NA,NA,NA,NA,NA,NA,NA
python.exe,31548,0x0,Other,0,0,1,Hardware: Legacy Flip,2026-8-20 19:21:51.609612800,1.3043,1.3043,0.0000,0.2036,1.1361,0.0682,1.0679,1.5504,16.2719,13.2238,2130.5326,NA,NA,NA
python.exe,31548,0x0,Other,-1,0,0,Composed: Copy with GPU GDI,2026-8-20 19:21:51.610917100,5.1684,5.1684,0.0000,0.0354,5.2319,0.3415,4.8904,NA,NA,NA,NA,NA,NA,NA
python.exe,31548,0x0,Other,-1,0,0,Composed: Copy with GPU GDI,2026-8-20 19:21:51.616085500,6.0197,6.0197,0.0000,0.1035,6.0115,0.1819,5.8296,NA,NA,NA,NA,NA,NA,NA
python.exe,31548,0x0,Other,0,0,1,Hardware: Legacy Flip,2026-8-20 19:21:51.622105200,5.0926,5.0926,0.0000,0.1008,5.1006,0.1586,4.9420,5.3299,17.1381,-3.7795,2143.0250,NA,NA,NA
python.exe,31548,0x0,Other,-1,0,0,Composed: Copy with GPU GDI,2026-8-20 19:21:51.627197800,1.0742,1.0742,0.0000,0.1088,1.0619,0.2526,0.8093,NA,NA,NA,NA,NA,NA,NA
python.exe,31548,0x0,Other,-1,0,0,Composed: Copy with GPU GDI,2026-8-20 19:21:51.628272000,6.1681,6.1681,0.0000,0.0999,6.1778,0.1792,5.9986,NA,NA,NA,NA,NA,NA,NA
python.exe,31548,0x0,Other,-1,0,0,Composed: Copy with GPU GDI,2026-8-20 19:21:51.634440100,5.6287,5.6287,0.0000,0.1133,5.6190,0.2500,5.3690,NA,NA,NA,NA,NA,NA,NA
python.exe,31548,0x0,Other,0,0,1,Hardware: Legacy Flip,2026-8-20 19:21:51.640068800,4.2465,4.2465,0.0000,0.1072,4.1871,0.0888,4.0983,4.5044,16.0186,0.8255,2160.9886,NA,NA,NA
python.exe,31548,0x0,Other,-1,0,0,Composed: Copy with GPU GDI,2026-8-20 19:21:51.644315300,3.0153,3.0153,0.0000,0.0478,3.0602,0.3145,2.7457,NA,NA,NA,NA,NA,NA,NA
python.exe,31548,0x0,Other,-1,0,0,Composed: Copy with GPU GDI,2026-8-20 19:21:51.647330600,4.6779,4.6779,0.0000,0.0964,4.8788,0.3813,4.4975,NA,NA,NA,NA,NA,NA,NA
python.exe,31548,0x0,Other,-1,0,0,Composed: Copy with GPU GDI,2026-8-20 19:21:51.652008500,6.4095,6.4095,0.0000,0.2993,6.1956,0.1613,6.0343,NA,NA,NA,NA,NA,NA,NA
python.exe,31548,0x0,Other,0,0,1,Hardware: Legacy Flip,2026-8-20 19:21:51.658418000,1.9188,1.9188,0.0000,0.0890,1.8742,0.0795,1.7947,2.1738,16.8376,2.3306,2179.3378,NA,NA,NA
python.exe,31548,0x0,Other,-1,0,0,Composed: Copy with GPU GDI,2026-8-20 19:21:51.660336800,3.7532,3.7532,0.0000,0.0444,4.0295,0.5492,3.4803,NA,NA,NA,NA,NA,NA,NA
python.exe,31548,0x0,Other,-1,0,0,Composed: Copy with GPU GDI,2026-8-20 19:21:51.664090000,5.9034,5.9034,0.0000,0.3234,5.6772,0.1788,5.4984,NA,NA,NA,NA,NA,NA,NA
python.exe,31548,0x0,Other,-1,0,0,Composed: Copy with GPU GDI,2026-8-20 19:21:51.669993400,7.0896,7.0896,0.0000,0.1012,7.0931,0.1820,6.9111,NA,NA,NA,NA,NA,NA,NA
python.exe,31548,0x0,Other,0,0,1,Hardware: Legacy Flip,2026-8-20 19:21:51.677083000,0.0793,0.0793,0.0000,0.1047,0.0213,0.0213,0.0000,0.3464,16.5397,1.8274,2198.0028,NA,NA,NA
python.exe,31548,0x0,Other,-1,0,0,Composed: Copy with GPU GDI,2026-8-20 19:21:51.677162300,4.3200,4.3200,0.0000,0.0467,4.3746,0.3488,4.0258,16.8068,1.2983,-16.4604,2198.0821,NA,NA,NA
python.exe,31548,0x0,Other,-1,0,0,Composed: Copy with GPU GDI,2026-8-20 19:21:51.681482300,7.5352,7.5352,0.0000,0.1064,7.5318,0.1735,7.3583,NA,NA,NA,NA,NA,NA,NA
python.exe,31548,0x0,Other,0,0,1,Hardware: Legacy Flip,2026-8-20 19:21:51.689017500,5.7055,5.7055,0.0000,0.1069,5.6500,0.0929,5.5571,6.2499,15.7782,10.5569,2209.9373,NA,NA,NA
python.exe,31548,0x0,Other,-1,0,0,Composed: Copy with GPU GDI,2026-8-20 19:21:51.694723000,0.1743,0.1743,0.0000,0.0514,0.2417,0.2417,0.0000,NA,NA,NA,NA,NA,NA,NA
python.exe,31548,0x0,Other,-1,0,0,Composed: Copy with GPU GDI,2026-8-20 19:21:51.694897300,5.4344,5.4344,0.0000,0.1188,5.4190,0.3756,5.0434,NA,NA,NA,NA,NA,NA,NA
python.exe,31548,0x0,Other,-1,0,0,Composed: Copy with GPU GDI,2026-8-20 19:21:51.700331700,6.9416,6.9416,0.0000,0.1078,6.9215,0.1735,6.7480,NA,NA,NA,NA,NA,NA,NA
python.exe,31548,0x0,Other,0,0,1,Hardware: Legacy Flip,2026-8-20 19:21:51.707273300,3.5152,3.5152,0.0000,0.0919,3.4695,0.0890,3.3805,3.7723,16.3436,2.4776,2228.1931,NA,NA,NA
python.exe,31548,0x0,Other,-1,0,0,Composed: Copy with GPU GDI,2026-8-20 19:21:51.710788500,1.3369,1.3369,0.0000,0.0462,1.4718,0.3976,1.0742,NA,NA,NA,NA,NA,NA,NA
python.exe,31548,0x0,Other,-1,0,0,Composed: Copy with GPU GDI,2026-8-20 19:21:51.712125400,6.1185,6.1185,0.0000,0.1847,6.0959,0.2430,5.8529,NA,NA,NA,NA,NA,NA,NA
python.exe,31548,0x0,Other,-1,0,0,Composed: Copy with GPU GDI,2026-8-20 19:21:51.718243900,7.0391,7.0391,0.0000,0.1660,6.9598,0.1707,6.7891,NA,NA,NA,NA,NA,NA,NA
python.exe,31548,0x0,Other,0,0,1,Hardware: Legacy Flip,2026-8-20 19:21:51.725283000,1.8461,1.8461,0.0000,0.0905,1.7976,0.0828,1.7148,2.1062,15.1127,1.6661,2246.2028,NA,NA,NA
python.exe,31548,0x0,Other,-1,0,0,Composed: Copy with GPU GDI,2026-8-20 19:21:51.727129100,3.0796,3.0796,0.0000,0.0420,3.1927,0.3669,2.8258,15.3728,2.5332,-13.2666,2248.0489,NA,NA,NA
python.exe,31548,0x0,Other,-1,0,0,Composed: Copy with GPU GDI,2026-8-20 19:21:51.730208700,7.1871,7.1871,0.0000,0.1589,7.1396,0.1798,6.9598,NA,NA,NA,NA,NA,NA,NA
python.exe,31548,0x0,Other,-1,0,0,Composed: Copy with GPU GDI,2026-8-20 19:21:51.737395800,6.4317,6.4317,0.0000,0.1150,6.4141,0.1772,6.2369,NA,NA,NA,NA,NA,NA,NA
python.exe,31548,0x0,Other,0,0,1,Hardware: Legacy Flip,2026-8-20 19:21:51.743827500,0.9592,0.9592,0.0000,0.1006,0.8937,0.0669,0.8268,1.2076,16.4636,14.1652,2264.7473,NA,NA,NA
python.exe,31548,0x0,Other,-1,0,0,Composed: Copy with GPU GDI,2026-8-20 19:21:51.744786700,4.5674,4.5674,0.0000,0.0351,4.6331,0.3345,4.2986,NA,NA,NA,NA,NA,NA,NA
python.exe,31548,0x0,Other,-1,0,0,Composed: Copy with GPU GDI,2026-8-20 19:21:51.749354100,5.0602,5.0602,0.0000,0.1046,5.0535,0.1779,4.8756,NA,NA,NA,NA,NA,NA,NA
python.exe,31548,0x0,Other,0,0,1,Hardware: Legacy Flip,2026-8-20 19:21:51.754414300,6.8412,6.8412,0.0000,0.1024,6.7840,0.1013,6.6827,7.0844,11.3316,-5.8768,2275.3341,NA,NA,NA
python.exe,31548,0x0,Other,-1,0,0,Composed: Copy with GPU GDI,2026-8-20 19:21:51.761255500,0.1232,0.1232,0.0000,0.0452,0.3070,0.3070,0.0000,11.5748,4.5350,-4.4904,2282.1753,NA,NA,NA
python.exe,31548,0x0,Other,-1,0,0,Composed: Copy with GPU GDI,2026-8-20 19:21:51.761378700,7.1097,7.1097,0.0000,0.2307,6.9758,0.1637,6.8121,NA,NA,NA,NA,NA,NA,NA
python.exe,31548,0x0,Other,-1,0,0,Composed: Copy with GPU GDI,2026-8-20 19:21:51.768488400,4.8384,4.8384,0.0000,0.1010,4.9968,0.3387,4.6581,NA,NA,NA,NA,NA,NA,NA
python.exe,31548,0x0,Other,0,0,1,Hardware: Legacy Flip,2026-8-20 19:21:51.773326800,3.7779,3.7779,0.0000,0.2618,3.5574,0.0786,3.4788,4.0385,16.6015,7.5363,2294.2466,NA,NA,NA
python.exe,31548,0x0,Other,-1,0,0,Composed: Copy with GPU GDI,2026-8-20 19:21:51.777104700,3.0276,3.0276,0.0000,0.0413,3.2574,0.5115,2.7459,NA,NA,NA,NA,NA,NA,NA
python.exe,31548,0x0,Other,-1,0,0,Composed: Copy with GPU GDI,2026-8-20 19:21:51.780132300,4.4828,4.4828,0.0000,0.2735,4.3069,0.1683,4.1386,NA,NA,NA,NA,NA,NA,NA
python.exe,31548,0x0,Other,-1,0,0,Composed: Copy with GPU GDI,2026-8-20 19:21:51.784615100,6.6410,6.6410,0.0000,0.1021,6.6263,0.1897,6.4366,NA,NA,NA,NA,NA,NA,NA
python.exe,31548,0x0,Other,0,0,1,Hardware: Legacy Flip,2026-8-20 19:21:51.791256100,2.4606,2.4606,0.0000,0.0923,2.4091,0.0772,2.3319,2.7107,16.7074,1.3278,2312.1759,NA,NA,NA
python.exe,31548,0x0,Other,-1,0,0,Composed: Copy with GPU GDI,2026-8-20 19:21:51.793716700,3.5316,3.5316,0.0000,0.0408,3.5900,0.3472,3.2428,NA,NA,NA,NA,NA,NA,NA
python.exe,31548,0x0,Other,-1,0,0,Composed: Copy with GPU GDI,2026-8-20 19:21:51.797248300,7.4543,7.4543,0.0000,0.1032,7.4638,0.1824,7.2814,NA,NA,NA,NA,NA,NA,NA
python.exe,31548,0x0,Other,0,0,1,Hardware: Legacy Flip,2026-8-20 19:21:51.804702600,5.7195,5.7195,0.0000,0.1166,5.6402,0.0731,5.5671,5.9716,16.4020,-3.2609,2325.6224,NA,NA,NA
python.exe,31548,0x0,Other,-1,0,0,Composed: Copy with GPU GDI,2026-8-20 19:21:51.810422100,0.1205,0.1205,0.0000,0.0373,0.3285,0.3285,0.0000,NA,NA,NA,NA,NA,NA,NA
python.exe,31548,0x0,Other,-1,0,0,Composed: Copy with GPU GDI,2026-8-20 19:21:51.810542600,5.3757,5.3757,0.0000,0.2488,5.2865,0.2513,5.0352,NA,NA,NA,NA,NA,NA,NA
python.exe,31548,0x0,Other,-1,0,0,Composed: Copy with GPU GDI,2026-8-20 19:21:51.815918300,5.9513,5.9513,0.0000,0.1628,5.8822,0.1858,5.6964,NA,NA,NA,NA,NA,NA,NA
python.exe,31548,0x0,Other,0,0,1,Hardware: Legacy Flip,2026-8-20 19:21:51.821869600,4.9763,4.9763,0.0000,0.0968,4.9205,0.0793,4.8412,5.2066,12.5047,0.7650,2342.7894,NA,NA,NA
python.exe,31548,0x0,Other,-1,0,0,Composed: Copy with GPU GDI,2026-8-20 19:21:51.826845900,0.1510,0.1510,0.0000,0.0410,0.3019,0.3019,0.0000,12.7350,5.7079,-7.5284,2347.7657,NA,NA,NA
python.exe,31548,0x0,Other,-1,0,0,Composed: Copy with GPU GDI,2026-8-20 19:21:51.826996900,6.4241,6.4241,0.0000,0.1951,6.4091,0.2673,6.1418,NA,NA,NA,NA,NA,NA,NA
python.exe,31548,0x0,Other,-1,0,0,Composed: Copy with GPU GDI,2026-8-20 19:21:51.833421000,6.0096,6.0096,0.0000,0.1837,5.9645,0.2193,5.7452,NA,NA,NA,NA,NA,NA,NA
python.exe,31548,0x0,Other,0,0,1,Hardware: Legacy Flip,2026-8-20 19:21:51.839430600,5.6044,5.6044,0.0000,0.1434,5.5055,0.0844,5.4211,5.8582,12.4752,6.8768,2360.3504,NA,NA,NA
python.exe,31548,0x0,Other,-1,0,0,Composed: Copy with GPU GDI,2026-8-20 19:21:51.845035000,1.2190,1.2190,0.0000,0.0445,1.3483,0.4036,0.9447,NA,NA,NA,NA,NA,NA,NA
python.exe,31548,0x0,Other,-1,0,0,Composed: Copy with GPU GDI,2026-8-20 19:21:51.846254000,4.7725,4.7725,0.0000,0.1772,4.6936,0.1775,4.5161,11.5100,3.0833,-5.6518,2367.1738,NA,NA,NA
python.exe,31548,0x0,Other,-1,0,0,Composed: Copy with GPU GDI,2026-8-20 19:21:51.851026500,7.5092,7.5092,0.0000,0.1025,7.5046,0.1766,7.3280,NA,NA,NA,NA,NA,NA,NA
python.exe,31548,0x0,Other,0,0,1,Hardware: Legacy Flip,2026-8-20 19:21:51.858535700,2.0529,2.0529,0.0000,0.1012,1.9956,0.0816,1.9140,2.3116,16.6559,9.1984,2379.4555,NA,NA,NA
python.exe,31548,0x0,Other,-1,0,0,Composed: Copy with GPU GDI,2026-8-20 19:21:51.860588600,4.0923,4.0923,0.0000,0.0439,4.1540,0.3422,3.8118,NA,NA,NA,NA,NA,NA,NA
python.exe,31548,0x0,Other,-1,0,0,Composed: Copy with GPU GDI,2026-8-20 19:21:51.864680900,6.0995,6.0995,0.0000,0.1113,6.0631,0.2162,5.8469,NA,NA,NA,NA,NA,NA,NA
python.exe,31548,0x0,Other,-1,0,0,Composed: Copy with GPU GDI,2026-8-20 19:21:51.870780400,5.4575,5.4575,0.0000,0.0807,5.4736,0.1822,5.2914,NA,NA,NA,NA,NA,NA,NA
python.exe,31548,0x0,Other,0,0,1,Hardware: Legacy Flip,2026-8-20 19:21:51.876237900,1.0294,1.0294,0.0000,0.1019,0.9636,0.0702,0.8934,1.2653,16.1085,1.0463,2397.1577,NA,NA,NA
python.exe,31548,0x0,Other,-1,0,0,Composed: Copy with GPU GDI,2026-8-20 19:21:51.877267300,4.9344,4.9344,0.0000,0.0361,4.9915,0.3329,4.6586,NA,NA,NA,NA,NA,NA,NA
python.exe,31548,0x0,Other,-1,0,0,Composed: Copy with GPU GDI,2026-8-20 19:21:51.882201700,6.0861,6.0861,0.0000,0.0994,6.0971,0.1891,5.9080,NA,NA,NA,NA,NA,NA,NA
python.exe,31548,0x0,Other,0,0,1,Hardware: Legacy Flip,2026-8-20 19:21:51.888287800,5.0641,5.0641,0.0000,0.1140,4.9933,0.0828,4.9105,5.3239,17.0468,-4.0586,2409.2076,NA,NA,NA
python.exe,31548,0x0,Other,-1,0,0,Composed: Copy with GPU GDI,2026-8-20 19:21:51.893351900,1.4474,1.4474,0.0000,0.0432,1.6304,0.4670,1.1634,NA,NA,NA,NA,NA,NA,NA
python.exe,31548,0x0,Other,-1,0,0,Composed: Copy with GPU GDI,2026-8-20 19:21:51.894799300,6.0801,6.0801,0.0000,0.2291,5.9277,0.1743,5.7534,NA,NA,NA,NA,NA,NA,NA
python.exe,31548,0x0,Other,-1,0,0,Composed: Copy with GPU GDI,2026-8-20 19:21:51.900879400,5.9907,5.9907,0.0000,0.0812,6.0804,0.2392,5.8412,NA,NA,NA,NA,NA,NA,NA
python.exe,31548,0x0,Other,0,0,1,Hardware: Legacy Flip,2026-8-20 19:21:51.906870100,3.5275,3.5275,0.0000,0.1739,3.3981,0.0863,3.3118,3.7884,16.5884,1.5355,2427.7899,NA,NA,NA
python.exe,31548,0x0,Other,-1,0,0,Composed: Copy with GPU GDI,2026-8-20 19:21:51.910397600,3.0179,3.0179,0.0000,0.0445,3.2797,0.5318,2.7479,NA,NA,NA,NA,NA,NA,NA
python.exe,31548,0x0,Other,-1,0,0,Composed: Copy with GPU GDI,2026-8-20 19:21:51.913415500,4.5264,4.5264,0.0000,0.3093,4.3105,0.1761,4.1344,NA,NA,NA,NA,NA,NA,NA
python.exe,31548,0x0,Other,-1,0,0,Composed: Copy with GPU GDI,2026-8-20 19:21:51.917941900,6.5860,6.5860,0.0000,0.0982,6.6527,0.2684,6.3843,NA,NA,NA,NA,NA,NA,NA
python.exe,31548,0x0,Other,0,0,1,Hardware: Legacy Flip,2026-8-20 19:21:51.924527900,2.4726,2.4726,0.0000,0.1697,2.3424,0.0751,2.2673,2.7190,17.1154,1.0694,2445.4477,NA,NA,NA
python.exe,31548,0x0,Other,-1,0,0,Composed: Copy with GPU GDI,2026-8-20 19:21:51.927000500,4.4666,4.4666,0.0000,0.0395,4.6073,0.4037,4.2036,NA,NA,NA,NA,NA,NA,NA
python.exe,31548,0x0,Other,-1,0,0,Composed: Copy with GPU GDI,2026-8-20 19:21:51.931467100,6.5633,6.5633,0.0000,0.1839,6.4831,0.1696,6.3135,NA,NA,NA,NA,NA,NA,NA
python.exe,31548,0x0,Other,-1,0,0,Composed: Copy with GPU GDI,2026-8-20 19:21:51.938030400,5.2536,5.2536,0.0000,0.1086,5.3395,0.2942,5.0453,NA,NA,NA,NA,NA,NA,NA
python.exe,31548,0x0,Other,0,0,1,Hardware: Legacy Flip,2026-8-20 19:21:51.943284000,0.8310,0.8310,0.0000,0.1969,0.6687,0.0673,0.6014,1.0783,16.2213,1.6407,2464.2038,NA,NA,NA
python.exe,31548,0x0,Other,-1,0,0,Composed: Copy with GPU GDI,2026-8-20 19:21:51.944115000,4.5110,4.5110,0.0000,0.0346,4.6791,0.4228,4.2563,NA,NA,NA,NA,NA,NA,NA
python.exe,31548,0x0,Other,-1,0,0,Composed: Copy with GPU GDI,2026-8-20 19:21:51.948626000,7.1088,7.1088,0.0000,0.2060,6.9906,0.1741,6.8165,NA,NA,NA,NA,NA,NA,NA
python.exe,31548,0x0,Other,0,0,1,Hardware: Legacy Flip,2026-8-20 19:21:51.955734800,4.5899,4.5899,0.0000,0.0920,4.5435,0.0862,4.4573,4.8488,17.5502,-3.7705,2476.6546,NA,NA,NA
python.exe,31548,0x0,Other,-1,0,0,Composed: Copy with GPU GDI,2026-8-20 19:21:51.960324700,0.9850,0.9850,0.0000,0.0456,1.0851,0.3621,0.7230,NA,NA,NA,NA,NA,NA,NA
python.exe,31548,0x0,Other,-1,0,0,Composed: Copy with GPU GDI,2026-8-20 19:21:51.961309700,6.2208,6.2208,0.0000,0.1490,6.3515,0.3711,5.9804,NA,NA,NA,NA,NA,NA,NA
python.exe,31548,0x0,Other,-1,0,0,Composed: Copy with GPU GDI,2026-8-20 19:21:51.967530500,6.4343,6.4343,0.0000,0.2838,6.2456,0.1864,6.0592,NA,NA,NA,NA,NA,NA,NA
python.exe,31548,0x0,Other,0,0,1,Hardware: Legacy Flip,2026-8-20 19:21:51.973964800,3.9092,3.9092,0.0000,0.1016,3.8536,0.0859,3.7677,4.1690,13.0962,0.6798,2494.8846,NA,NA,NA
python.exe,31548,0x0,Other,-1,0,0,Composed: Copy with GPU GDI,2026-8-20 19:21:51.977874000,0.9054,0.9054,0.0000,0.0460,0.9708,0.3300,0.6408,13.3560,2.8721,-9.1870,2498.7938,NA,NA,NA
python.exe,31548,0x0,Other,-1,0,0,Composed: Copy with GPU GDI,2026-8-20 19:21:51.978779400,6.1025,6.1025,0.0000,0.1160,6.0874,0.1828,5.9046,NA,NA,NA,NA,NA,NA,NA
python.exe,31548,0x0,Other,-1,0,0,Composed: Copy with GPU GDI,2026-8-20 19:21:51.984881900,7.5132,7.5132,0.0000,0.1071,7.5106,0.1733,7.3373,NA,NA,NA,NA,NA,NA,NA
python.exe,31548,0x0,Other,0,0,1,Hardware: Legacy Flip,2026-8-20 19:21:51.992395100,1.4576,1.4576,0.0000,0.1094,1.3827,0.0665,1.3162,1.7070,16.5729,11.6490,2513.3149,NA,NA,NA
python.exe,31548,0x0,Other,-1,0,0,Composed: Copy with GPU GDI,2026-8-20 19:21:51.993852700,4.6017,4.6017,0.0000,0.0345,4.6675,0.3362,4.3313,NA,NA,NA,NA,NA,NA,NA
python.exe,31548,0x0,Other,-1,0,0,Composed: Copy with GPU GDI,2026-8-20 19:21:51.998454400,4.4959,4.4959,0.0000,0.1049,4.4880,0.1804,4.3076,NA,NA,NA,NA,NA,NA,NA
python.exe,31548,0x0,Other,-1,0,0,Composed: Copy with GPU GDI,2026-8-20 19:21:52.002950300,6.5501,6.5501,0.0000,0.1033,6.5642,0.2214,6.3428,NA,NA,NA,NA,NA,NA,NA
python.exe,31548,0x0,Other,0,0,1,Hardware: Legacy Flip,2026-8-20 19:21:52.009500400,0.9286,0.9286,0.0000,0.1223,0.8447,0.0746,0.7701,1.1746,16.7131,0.5324,2530.4202,NA,NA,NA
python.exe,31548,0x0,Other,-1,0,0,Composed: Copy with GPU GDI,2026-8-20 19:21:52.010429000,5.5901,5.5901,0.0000,0.0384,5.9130,0.5951,5.3179,NA,NA,NA,NA,NA,NA,NA
python.exe,31548,0x0,Other,-1,0,0,Composed: Copy with GPU GDI,2026-8-20 19:21:52.016019100,5.7398,5.7398,0.0000,0.3641,5.4434,0.1409,5.3025,NA,NA,NA,NA,NA,NA,NA
python.exe,31548,0x0,Other,0,0,1,Hardware: Legacy Flip,2026-8-20 19:21:52.021758900,5.3689,5.3689,0.0000,0.0745,5.3382,0.0853,5.2529,5.6292,18.1262,-4.4546,2542.6787,NA,NA,NA
python.exe,31548,0x0,Other,-1,0,0,Composed: Copy with GPU GDI,2026-8-20 19:21:52.027127800,1.4805,1.4805,0.0000,0.0438,1.5513,0.3390,1.2123,NA,NA,NA,NA,NA,NA,NA
python.exe,31548,0x0,Other,-1,0,0,Composed: Copy with GPU GDI,2026-8-20 19:21:52.028608300,4.5325,4.5325,0.0000,0.1181,4.4799,0.1198,4.3601,NA,NA,NA,NA,NA,NA,NA
python.exe,31548,0x0,Other,-1,0,0,Composed: Copy with GPU GDI,2026-8-20 19:21:52.033140800,5.9774,5.9774,0.0000,0.0719,6.0048,0.1803,5.8245,NA,NA,NA,NA,NA,NA,NA
python.exe,31548,0x0,Other,0,0,1,Hardware: Legacy Flip,2026-8-20 19:21:52.039118200,6.1331,6.1331,0.0000,0.1059,6.0724,0.0850,5.9874,6.3961,12.4525,-0.7669,2560.0380,NA,NA,NA
python.exe,31548,0x0,Other,-1,0,0,Composed: Copy with GPU GDI,2026-8-20 19:21:52.045251300,1.3604,1.3604,0.0000,0.0452,1.4221,0.3460,1.0761,NA,NA,NA,NA,NA,NA,NA
python.exe,31548,0x0,Other,-1,0,0,Composed: Copy with GPU GDI,2026-8-20 19:21:52.046611700,4.7115,4.7115,0.0000,0.1116,4.6961,0.1807,4.5154,11.3551,3.1122,-4.9590,2567.5315,NA,NA,NA
python.exe,31548,0x0,Other,-1,0,0,Composed: Copy with GPU GDI,2026-8-20 19:21:52.051323200,7.5100,7.5100,0.0000,0.1023,7.5040,0.1760,7.3280,NA,NA,NA,NA,NA,NA,NA
python.exe,31548,0x0,Other,0,0,1,Hardware: Legacy Flip,2026-8-20 19:21:52.058833200,1.9876,1.9876,0.0000,0.1016,1.9282,0.0802,1.8480,2.2458,9.0153,9.1093,2579.7530,NA,NA,NA
python.exe,31548,0x0,Other,-1,0,0,Composed: Copy with GPU GDI,2026-8-20 19:21:52.060820800,2.9807,2.9807,0.0000,0.0422,3.0606,0.3426,2.7180,9.2735,7.4581,-7.0277,2581.7406,NA,NA,NA
python.exe,31548,0x0,Other,-1,0,0,Composed: Copy with GPU GDI,2026-8-20 19:21:52.063801500,7.2210,7.2210,0.0000,0.1261,7.1779,0.1688,7.0091,NA,NA,NA,NA,NA,NA,NA
python.exe,31548,0x0,Other,-1,0,0,Composed: Copy with GPU GDI,2026-8-20 19:21:52.071022500,6.1971,6.1971,0.0000,0.0870,6.1874,0.1679,6.0195,NA,NA,NA,NA,NA,NA,NA
python.exe,31548,0x0,Other,0,0,1,Hardware: Legacy Flip,2026-8-20 19:21:52.077219600,0.0948,0.0948,0.0000,0.0773,0.0530,0.0530,0.0000,0.3328,16.0824,8.9407,2598.1394,NA,NA,NA
python.exe,31548,0x0,Other,-1,0,0,Composed: Copy with GPU GDI,2026-8-20 19:21:52.077314400,5.4145,5.4145,0.0000,0.0355,5.6856,0.5443,5.1413,NA,NA,NA,NA,NA,NA,NA
python.exe,31548,0x0,Other,-1,0,0,Composed: Copy with GPU GDI,2026-8-20 19:21:52.082728900,5.5518,5.5518,0.0000,0.3118,5.4120,0.2539,5.1581,NA,NA,NA,NA,NA,NA,NA
python.exe,31548,0x0,Other,0,0,1,Hardware: Legacy Flip,2026-8-20 19:21:52.088280700,5.0903,5.0903,0.0000,0.1757,4.9589,0.0846,4.8743,5.3541,12.8554,-5.0213,2609.2005,NA,NA,NA
python.exe,31548,0x0,Other,-1,0,0,Composed: Copy with GPU GDI,2026-8-20 19:21:52.093371000,0.8451,0.8451,0.0000,0.0443,1.0041,0.4213,0.5828,13.1192,4.5791,-7.7651,2614.2908,NA,NA,NA
python.exe,31548,0x0,Other,-1,0,0,Composed: Copy with GPU GDI,2026-8-20 19:21:52.094216100,6.0164,6.0164,0.0000,0.2061,5.9095,0.1784,5.7311,NA,NA,NA,NA,NA,NA,NA
python.exe,31548,0x0,Other,-1,0,0,Composed: Copy with GPU GDI,2026-8-20 19:21:52.100232500,7.0333,7.0333,0.0000,0.1057,7.0358,0.1824,6.8534,NA,NA,NA,NA,NA,NA,NA
python.exe,31548,0x0,Other,0,0,1,Hardware: Legacy Flip,2026-8-20 19:21:52.107265800,3.5469,3.5469,0.0000,0.1113,3.4795,0.0819,3.3976,3.8035,16.5101,9.3157,2628.1856,NA,NA,NA
python.exe,31548,0x0,Other,-1,0,0,Composed: Copy with GPU GDI,2026-8-20 19:21:52.110812700,2.5015,2.5015,0.0000,0.0439,2.5859,0.3588,2.2271,NA,NA,NA,NA,NA,NA,NA
python.exe,31548,0x0,Other,-1,0,0,Composed: Copy with GPU GDI,2026-8-20 19:21:52.113314200,4.9964,4.9964,0.0000,0.1328,4.9705,0.1702,4.8003,NA,NA,NA,NA,NA,NA,NA
python.exe,31548,0x0,Other,-1,0,0,Composed: Copy with GPU GDI,2026-8-20 19:21:52.118310600,6.6234,6.6234,0.0000,0.1115,6.5972,0.1732,6.4240,NA,NA,NA,NA,NA,NA,NA
python.exe,31548,0x0,Other,0,0,1,Hardware: Legacy Flip,2026-8-20 19:21:52.124934000,2.4098,2.4098,0.0000,0.0900,2.3562,0.0709,2.2853,2.6454,9.2539,1.1581,2645.8538,NA,NA,NA
python.exe,31548,0x0,Other,-1,0,0,Composed: Copy with GPU GDI,2026-8-20 19:21:52.127343800,3.0454,3.0454,0.0000,0.0364,3.1220,0.3166,2.8054,9.4895,6.9124,-6.8441,2648.2636,NA,NA,NA
python.exe,31548,0x0,Other,-1,0,0,Composed: Copy with GPU GDI,2026-8-20 19:21:52.130389200,6.6113,6.6113,0.0000,0.1184,6.5670,0.1743,6.3927,NA,NA,NA,NA,NA,NA,NA
python.exe,31548,0x0,Other,-1,0,0,Composed: Copy with GPU GDI,2026-8-20 19:21:52.137000500,5.5067,5.5067,0.0000,0.0795,5.5211,0.1803,5.3408,NA,NA,NA,NA,NA,NA,NA
python.exe,31548,0x0,Other,0,0,1,Hardware: Legacy Flip,2026-8-20 19:21:52.142507200,0.9207,0.9207,0.0000,0.1011,0.8590,0.0776,0.7814,1.2385,17.3665,8.2510,2663.4270,NA,NA,NA
python.exe,31548,0x0,Other,-1,0,0,Composed: Copy with GPU GDI,2026-8-20 19:21:52.143427900,6.6979,6.6979,0.0000,0.0394,6.7441,0.4013,6.3428,17.6843,0.1313,-16.4458,2664.3477,NA,NA,NA
python.exe,31548,0x0,Other,-1,0,0,Composed: Copy with GPU GDI,2026-8-20 19:21:52.150125800,5.7559,5.7559,0.0000,0.0896,5.8698,0.2887,5.5811,NA,NA,NA,NA,NA,NA,NA
python.exe,31548,0x0,Other,0,0,1,Hardware: Legacy Flip,2026-8-20 19:21:52.155881700,5.0338,5.0338,0.0000,0.2075,4.8678,0.0838,4.7840,5.3618,16.0064,12.3225,2676.8015,NA,NA,NA
python.exe,31548,0x0,Other,-1,0,0,Composed: Copy with GPU GDI,2026-8-20 19:21:52.160915500,0.1558,0.1558,0.0000,0.0415,0.3656,0.3656,0.0000,NA,NA,NA,NA,NA,NA,NA
python.exe,31548,0x0,Other,-1,0,0,Composed: Copy with GPU GDI,2026-8-20 19:21:52.161071300,7.8323,7.8323,0.0000,0.2543,7.6750,0.1718,7.5032,NA,NA,NA,NA,NA,NA,NA
python.exe,31548,0x0,Other,-1,0,0,Composed: Copy with GPU GDI,2026-8-20 19:21:52.168903600,4.1246,4.1246,0.0000,0.1016,4.0791,0.1058,3.9733,NA,NA,NA,NA,NA,NA,NA
python.exe,31548,0x0,Other,0,0,1,Hardware: Legacy Flip,2026-8-20 19:21:52.173028200,3.9913,3.9913,0.0000,0.0612,3.9746,0.0840,3.8906,4.2217,14.1690,1.1401,2693.9480,NA,NA,NA
python.exe,31548,0x0,Other,-1,0,0,Composed: Copy with GPU GDI,2026-8-20 19:21:52.177019500,2.5154,2.5154,0.0000,0.0445,2.5729,0.3226,2.2503,14.3994,1.8931,-10.1777,2697.9393,NA,NA,NA
python.exe,31548,0x0,Other,-1,0,0,Composed: Copy with GPU GDI,2026-8-20 19:21:52.179534900,6.0506,6.0506,0.0000,0.1095,6.0376,0.1842,5.8534,NA,NA,NA,NA,NA,NA,NA
python.exe,31548,0x0,Other,-1,0,0,Composed: Copy with GPU GDI,2026-8-20 19:21:52.185585500,5.0512,5.0512,0.0000,0.0999,5.0493,0.1791,4.8702,NA,NA,NA,NA,NA,NA,NA
python.exe,31548,0x0,Other,0,0,1,Hardware: Legacy Flip,2026-8-20 19:21:52.190636700,2.4263,2.4263,0.0000,0.1047,2.3558,0.0663,2.2895,2.6753,16.3261,11.7241,2711.5565,NA,NA,NA
python.exe,31548,0x0,Other,-1,0,0,Composed: Copy with GPU GDI,2026-8-20 19:21:52.193063000,4.0888,4.0888,0.0000,0.0342,4.1616,0.3502,3.8114,16.5751,1.2848,-13.8998,2713.9828,NA,NA,NA
python.exe,31548,0x0,Other,-1,0,0,Composed: Copy with GPU GDI,2026-8-20 19:21:52.197151800,6.0122,6.0122,0.0000,0.1138,5.9977,0.1808,5.8169,NA,NA,NA,NA,NA,NA,NA
python.exe,31548,0x0,Other,-1,0,0,Composed: Copy with GPU GDI,2026-8-20 19:21:52.203164000,6.6440,6.6440,0.0000,0.1060,6.6171,0.1810,6.4361,NA,NA,NA,NA,NA,NA,NA
python.exe,31548,0x0,Other,0,0,1,Hardware: Legacy Flip,2026-8-20 19:21:52.209808000,0.8635,0.8635,0.0000,0.0839,0.8288,0.0829,0.7459,1.1149,17.8686,15.4602,2730.7278,NA,NA,NA
python.exe,31548,0x0,Other,-1,0,0,Composed: Copy with GPU GDI,2026-8-20 19:21:52.210671500,5.0860,5.0860,0.0000,0.0492,5.1089,0.3279,4.7810,NA,NA,NA,NA,NA,NA,NA
python.exe,31548,0x0,Other,-1,0,0,Composed: Copy with GPU GDI,2026-8-20 19:21:52.215757500,6.0096,6.0096,0.0000,0.0768,6.0697,0.2150,5.8547,NA,NA,NA,NA,NA,NA,NA
python.exe,31548,0x0,Other,0,0,1,Hardware: Legacy Flip,2026-8-20 19:21:52.221767100,6.7797,6.7797,0.0000,0.1404,6.6809,0.0821,6.5988,7.0244,14.9639,-5.9095,2742.6869,NA,NA,NA
python.exe,31548,0x0,Other,-1,0,0,Composed: Copy with GPU GDI,2026-8-20 19:21:52.228546800,0.1367,0.1367,0.0000,0.0416,0.3125,0.3125,0.0000,NA,NA,NA,NA,NA,NA,NA
python.exe,31548,0x0,Other,-1,0,0,Composed: Copy with GPU GDI,2026-8-20 19:21:52.228683500,4.2253,4.2253,0.0000,0.2206,4.0701,0.1255,3.9446,NA,NA,NA,NA,NA,NA,NA
python.exe,31548,0x0,Other,-1,0,0,Composed: Copy with GPU GDI,2026-8-20 19:21:52.232908800,6.7960,6.7960,0.0000,0.0716,6.8120,0.1752,6.6368,NA,NA,NA,NA,NA,NA,NA
python.exe,31548,0x0,Other,0,0,1,Hardware: Legacy Flip,2026-8-20 19:21:52.239704800,3.7566,3.7566,0.0000,0.0918,3.7356,0.1337,3.6019,4.0506,14.4217,2.9738,2760.6246,NA,NA,NA
python.exe,31548,0x0,Other,-1,0,0,Composed: Copy with GPU GDI,2026-8-20 19:21:52.243461400,3.1406,3.1406,0.0000,0.0708,3.1485,0.3497,2.7988,14.7157,9.5969,-10.6651,2764.3812,NA,NA,NA
python.exe,31548,0x0,Other,-1,0,0,Composed: Copy with GPU GDI,2026-8-20 19:21:52.246602000,7.7858,7.7858,0.0000,0.0843,7.7652,0.2022,7.5630,NA,NA,NA,NA,NA,NA,NA
python.exe,31548,0x0,Other,-1,0,0,Composed: Copy with GPU GDI,2026-8-20 19:21:52.254387800,4.3057,4.3057,0.0000,0.0714,4.3038,0.1216,4.1822,NA,NA,NA,NA,NA,NA,NA
python.exe,31548,0x0,Other,-1,0,0,Composed: Copy with GPU GDI,2026-8-20 19:21:52.258693500,7.4409,7.4409,0.0000,0.0762,7.4602,0.1818,7.2784,NA,NA,NA,NA,NA,NA,NA
python.exe,31548,0x0,Other,0,0,1,Hardware: Legacy Flip,2026-8-20 19:21:52.266134400,1.4443,1.4443,0.0000,0.1003,1.3965,0.3910,1.0055,1.6396,11.9143,13.0761,2787.0542,NA,NA,NA
python.exe,31548,0x0,Other,-1,0,0,Composed: Copy with GPU GDI,2026-8-20 19:21:52.267578700,2.7328,2.7328,0.0000,0.0525,2.8698,0.4156,2.4542,NA,NA,NA,NA,NA,NA,NA
python.exe,31548,0x0,Other,-1,0,0,Composed: Copy with GPU GDI,2026-8-20 19:21:52.270311500,6.7938,6.7938,0.0000,0.1956,6.7007,0.2406,6.4601,NA,NA,NA,NA,NA,NA,NA
python.exe,31548,0x0,Other,0,0,1,Hardware: Legacy Flip,2026-8-20 19:21:52.277105300,1.6562,1.6562,0.0000,0.1061,1.5666,0.0574,1.5092,2.5830,14.9192,-0.9434,2798.0251,NA,NA,NA
python.exe,31548,0x0,Other,-1,0,0,Composed: Copy with GPU GDI,2026-8-20 19:21:52.278761500,3.2858,3.2858,0.0000,0.0165,3.3378,1.0309,2.3069,15.8460,0.3416,-13.2630,2799.6813,NA,NA,NA
python.exe,31548,0x0,Other,-1,0,0,Composed: Copy with GPU GDI,2026-8-20 19:21:52.282047300,7.1571,7.1571,0.0000,0.0735,7.3987,0.4301,6.9686,NA,NA,NA,NA,NA,NA,NA
python.exe,31548,0x0,Other,0,0,1,Hardware: Legacy Flip,2026-8-20 19:21:52.289204400,4.6449,4.6449,0.0000,0.3190,4.3504,0.1129,4.2375,5.7447,16.8543,10.1013,2810.1242,NA,NA,NA
python.exe,31548,0x0,Other,-1,0,0,Composed: Copy with GPU GDI,2026-8-20 19:21:52.293849300,0.6145,0.6145,0.0000,0.0245,1.1225,1.1225,0.0000,NA,NA,NA,NA,NA,NA,NA
python.exe,31548,0x0,Other,-1,0,0,Composed: Copy with GPU GDI,2026-8-20 19:21:52.294463800,6.4834,6.4834,0.0000,0.5382,6.0325,0.2344,5.7981,NA,NA,NA,NA,NA,NA,NA
python.exe,31548,0x0,Other,-1,0,0,Composed: Copy with GPU GDI,2026-8-20 19:21:52.300947200,5.2297,5.2297,0.0000,0.0937,5.1939,0.1747,5.0192,NA,NA,NA,NA,NA,NA,NA
python.exe,31548,0x0,Other,0,0,1,Hardware: Legacy Flip,2026-8-20 19:21:52.306176900,4.6527,4.6527,0.0000,0.0616,4.6632,0.1100,4.5532,5.6265,13.0863,0.1182,2827.0967,NA,NA,NA
python.exe,31548,0x0,Other,-1,0,0,Composed: Copy with GPU GDI,2026-8-20 19:21:52.310829600,1.3571,1.3571,0.0000,0.0721,1.3726,1.0308,0.3418,14.0601,3.7368,-8.4336,2831.7494,NA,NA,NA
python.exe,31548,0x0,Other,-1,0,0,Composed: Copy with GPU GDI,2026-8-20 19:21:52.312186700,8.9601,8.9601,0.0000,0.0923,8.9532,0.1758,8.7774,NA,NA,NA,NA,NA,NA,NA
python.exe,31548,0x0,Other,-1,0,0,Composed: Copy with GPU GDI,2026-8-20 19:21:52.321146800,3.3537,3.3537,0.0000,0.0902,3.3340,0.1108,3.2232,NA,NA,NA,NA,NA,NA,NA
python.exe,31548,0x0,Other,0,0,1,Hardware: Legacy Flip,2026-8-20 19:21:52.324500500,3.1550,3.1550,0.0000,0.0778,3.1189,0.0807,3.0382,4.1260,14.4702,9.9341,2845.4203,NA,NA,NA
python.exe,31548,0x0,Other,-1,0,0,Composed: Copy with GPU GDI,2026-8-20 19:21:52.327655500,4.4327,4.4327,0.0000,0.0417,4.4711,1.0554,3.4157,NA,NA,NA,NA,NA,NA,NA
python.exe,31548,0x0,Other,-1,0,0,Composed: Copy with GPU GDI,2026-8-20 19:21:52.332088200,4.8031,4.8031,0.0000,0.0846,4.8589,0.2187,4.6402,11.0085,2.5031,-6.8825,2853.0080,NA,NA,NA
python.exe,31548,0x0,Other,-1,0,0,Composed: Copy with GPU GDI,2026-8-20 19:21:52.336891300,7.3181,7.3181,0.0000,0.1450,7.2535,0.2121,7.0414,NA,NA,NA,NA,NA,NA,NA
python.exe,31548,0x0,Other,0,0,1,Hardware: Legacy Flip,2026-8-20 19:21:52.344209400,0.4059,0.4059,0.0000,0.0832,0.3618,0.0724,0.2894,1.3904,9.6381,9.6181,2865.1292,NA,NA,NA
python.exe,31548,0x0,Other,-1,0,0,Composed: Copy with GPU GDI,2026-8-20 19:21:52.344615300,3.4024,3.4024,0.0000,0.0391,3.4447,1.0681,2.3766,10.6226,6.9658,-9.2322,2865.5351,NA,NA,NA
python.exe,31548,0x0,Other,-1,0,0,Composed: Copy with GPU GDI,2026-8-20 19:21:52.348017700,6.5548,6.5548,0.0000,0.0864,6.5317,0.1797,6.3520,NA,NA,NA,NA,NA,NA,NA
python.exe,31548,0x0,Other,-1,0,0,Composed: Copy with GPU GDI,2026-8-20 19:21:52.354572500,6.1329,6.1329,0.0000,0.0694,6.1200,0.1794,5.9406,NA,NA,NA,NA,NA,NA,NA
python.exe,31548,0x0,Other,0,0,1,Hardware: Legacy Flip,2026-8-20 19:21:52.360705400,0.5182,0.5182,0.0000,0.0622,0.4910,0.0688,0.4222,1.4983,15.7736,9.1243,2881.6252,NA,NA,NA
python.exe,31548,0x0,Other,-1,0,0,Composed: Copy with GPU GDI,2026-8-20 19:21:52.361223600,5.9118,5.9118,0.0000,0.0350,5.9737,1.0741,4.8996,NA,NA,NA,NA,NA,NA,NA
python.exe,31548,0x0,Other,-1,0,0,Composed: Copy with GPU GDI,2026-8-20 19:21:52.367135400,9.3454,9.3454,0.0000,0.1020,9.3281,0.1770,9.1511,NA,NA,NA,NA,NA,NA,NA
python.exe,31548,0x0,Other,0,0,1,Hardware: Legacy Flip,2026-8-20 19:21:52.376480800,0.5088,0.5088,0.0000,0.0877,0.4567,0.0699,0.3868,1.4965,7.5821,0.0018,2897.4006,NA,NA,NA
python.exe,31548,0x0,Other,-1,0,0,Composed: Copy with GPU GDI,2026-8-20 19:21:52.376989600,2.1620,2.1620,0.0000,0.0356,2.2228,1.0813,1.1415,8.5698,10.6214,-7.0733,2897.9094,NA,NA,NA
python.exe,31548,0x0,Other,-1,0,0,Composed: Copy with GPU GDI,2026-8-20 19:21:52.379151600,8.3466,8.3466,0.0000,0.1005,8.3469,0.1699,8.1770,NA,NA,NA,NA,NA,NA,NA
python.exe,31548,0x0,Other,-1,0,0,Composed: Copy with GPU GDI,2026-8-20 19:21:52.387498200,4.3038,4.3038,0.0000,0.1045,4.2652,0.1201,4.1451,NA,NA,NA,NA,NA,NA,NA
python.exe,31548,0x0,Other,0,0,1,Hardware: Legacy Flip,2026-8-20 19:21:52.391802000,3.4099,3.4099,0.0000,0.0701,3.3820,0.0806,3.3014,4.3788,15.9890,4.1910,2912.7218,NA,NA,NA
python.exe,31548,0x0,Other,-1,0,0,Composed: Copy with GPU GDI,2026-8-20 19:21:52.395211900,3.6075,3.6075,0.0000,0.0422,3.6513,1.0510,2.6003,NA,NA,NA,NA,NA,NA,NA
python.exe,31548,0x0,Other,-1,0,0,Composed: Copy with GPU GDI,2026-8-20 19:21:52.398819400,5.6424,5.6424,0.0000,0.0896,5.7120,0.2461,5.4659,NA,NA,NA,NA,NA,NA,NA
python.exe,31548,0x0,Other,-1,0,0,Composed: Copy with GPU GDI,2026-8-20 19:21:52.404461800,5.3406,5.3406,0.0000,0.1615,5.3364,0.2333,5.1031,NA,NA,NA,NA,NA,NA,NA
python.exe,31548,0x0,Other,0,0,1,Hardware: Legacy Flip,2026-8-20 19:21:52.409802400,1.3770,1.3770,0.0000,0.1616,1.2318,0.0597,1.1721,2.3674,15.8518,2.0114,2930.7222,NA,NA,NA
python.exe,31548,0x0,Other,-1,0,0,Composed: Copy with GPU GDI,2026-8-20 19:21:52.411179400,4.2143,4.2143,0.0000,0.0164,4.2889,1.0993,3.1896,16.8422,0.4436,-14.4748,2932.0992,NA,NA,NA
python.exe,31548,0x0,Other,-1,0,0,Composed: Copy with GPU GDI,2026-8-20 19:21:52.415393700,6.4792,6.4792,0.0000,0.0963,6.5565,0.2483,6.3082,NA,NA,NA,NA,NA,NA,NA
python.exe,31548,0x0,Other,-1,0,0,Composed: Copy with GPU GDI,2026-8-20 19:21:52.421872900,5.2378,5.2378,0.0000,0.1768,5.1509,0.1820,4.9689,NA,NA,NA,NA,NA,NA,NA
python.exe,31548,0x0,Other,0,0,1,Hardware: Legacy Flip,2026-8-20 19:21:52.427110700,0.3839,0.3839,0.0000,0.0956,0.3249,0.0701,0.2548,1.3545,16.9449,15.4877,2948.0305,NA,NA,NA
python.exe,31548,0x0,Other,-1,0,0,Composed: Copy with GPU GDI,2026-8-20 19:21:52.427494600,5.4643,5.4643,0.0000,0.0366,5.5435,1.0637,4.4798,NA,NA,NA,NA,NA,NA,NA
python.exe,31548,0x0,Other,-1,0,0,Composed: Copy with GPU GDI,2026-8-20 19:21:52.432958900,6.5962,6.5962,0.0000,0.1196,6.5709,0.1758,6.3951,NA,NA,NA,NA,NA,NA,NA
python.exe,31548,0x0,Other,0,0,1,Hardware: Legacy Flip,2026-8-20 19:21:52.439555100,4.8610,4.8610,0.0000,0.0990,4.8044,0.0807,4.7237,5.8550,12.9789,-4.5005,2960.4749,NA,NA,NA
python.exe,31548,0x0,Other,-1,0,0,Composed: Copy with GPU GDI,2026-8-20 19:21:52.444416100,2.2351,2.2351,0.0000,0.0424,2.2983,1.0662,1.2321,13.9729,3.5931,-8.1179,2965.3359,NA,NA,NA
python.exe,31548,0x0,Other,-1,0,0,Composed: Copy with GPU GDI,2026-8-20 19:21:52.446651200,7.3152,7.3152,0.0000,0.1082,7.2959,0.1710,7.1249,NA,NA,NA,NA,NA,NA,NA
python.exe,31548,0x0,Other,-1,0,0,Composed: Copy with GPU GDI,2026-8-20 19:21:52.453966400,4.3275,4.3275,0.0000,0.0915,4.4038,0.2436,4.1602,NA,NA,NA,NA,NA,NA,NA
python.exe,31548,0x0,Other,0,0,1,Hardware: Legacy Flip,2026-8-20 19:21:52.458293900,2.7012,2.7012,0.0000,0.1712,2.5665,0.0715,2.4950,3.6882,14.5706,10.2847,2979.2137,NA,NA,NA
python.exe,31548,0x0,Other,-1,0,0,Composed: Copy with GPU GDI,2026-8-20 19:21:52.460995100,4.4281,4.4281,0.0000,0.0365,4.4973,1.0790,3.4183,NA,NA,NA,NA,NA,NA,NA
python.exe,31548,0x0,Other,-1,0,0,Composed: Copy with GPU GDI,2026-8-20 19:21:52.465423200,4.3497,4.3497,0.0000,0.1092,4.3002,0.1093,4.1909,11.1295,1.8439,-7.4413,2986.3430,NA,NA,NA
python.exe,31548,0x0,Other,-1,0,0,Composed: Copy with GPU GDI,2026-8-20 19:21:52.469772900,7.0296,7.0296,0.0000,0.0649,7.0605,0.1697,6.8908,NA,NA,NA,NA,NA,NA,NA
python.exe,31548,0x0,Other,0,0,1,Hardware: Legacy Flip,2026-8-20 19:21:52.476802500,0.6078,0.6078,0.0000,0.0996,0.5445,0.0694,0.4751,1.5941,10.2852,9.5354,2997.7223,NA,NA,NA
python.exe,31548,0x0,Other,-1,0,0,Composed: Copy with GPU GDI,2026-8-20 19:21:52.477410300,4.5418,4.5418,0.0000,0.0363,4.6006,1.0765,3.5241,11.2715,7.6700,-9.6774,2998.3301,NA,NA,NA
python.exe,31548,0x0,Other,-1,0,0,Composed: Copy with GPU GDI,2026-8-20 19:21:52.481952100,5.9243,5.9243,0.0000,0.1005,5.9152,0.1709,5.7443,NA,NA,NA,NA,NA,NA,NA
python.exe,31548,0x0,Other,-1,0,0,Composed: Copy with GPU GDI,2026-8-20 19:21:52.487876400,6.1176,6.1176,0.0000,0.0945,6.1131,0.1798,5.9333,NA,NA,NA,NA,NA,NA,NA
python.exe,31548,0x0,Other,0,0,1,Hardware: Legacy Flip,2026-8-20 19:21:52.493994000,1.2360,1.2360,0.0000,0.0949,1.1992,0.0938,1.1054,2.3578,14.8900,8.9137,3014.9138,NA,NA,NA
python.exe,31548,0x0,Other,-1,0,0,Composed: Copy with GPU GDI,2026-8-20 19:21:52.495230000,5.8333,5.8333,0.0000,0.0581,5.8514,1.1889,4.6625,NA,NA,NA,NA,NA,NA,NA
python.exe,31548,0x0,Other,-1,0,0,Composed: Copy with GPU GDI,2026-8-20 19:21:52.501063300,8.5841,8.5841,0.0000,0.0812,8.6026,0.1712,8.4314,NA,NA,NA,NA,NA,NA,NA
python.exe,31548,0x0,Other,0,0,1,Hardware: Legacy Flip,2026-8-20 19:21:52.509647400,0.6124,0.6124,0.0000,0.1038,0.5204,0.0436,0.4768,1.5944,17.1967,0.7634,3030.5672,NA,NA,NA
python.exe,31548,0x0,Other,-1,0,0,Composed: Copy with GPU GDI,2026-8-20 19:21:52.510259800,3.8477,3.8477,0.0000,0.0118,3.9386,1.0941,2.8445,NA,NA,NA,NA,NA,NA,NA
python.exe,31548,0x0,Other,-1,0,0,Composed: Copy with GPU GDI,2026-8-20 19:21:52.514107500,6.6709,6.6709,0.0000,0.1058,6.6699,0.1714,6.4985,NA,NA,NA,NA,NA,NA,NA
python.exe,31548,0x0,Other,-1,0,0,Composed: Copy with GPU GDI,2026-8-20 19:21:52.520778400,3.9218,3.9218,0.0000,0.1100,3.8668,0.1050,3.7618,NA,NA,NA,NA,NA,NA,NA
python.exe,31548,0x0,Other,0,0,1,Hardware: Legacy Flip,2026-8-20 19:21:52.524700200,2.7430,2.7430,0.0000,0.0612,2.7208,0.0731,2.6477,3.7383,23.6560,-2.1439,3045.6200,NA,NA,NA
python.exe,31548,0x0,Other,-1,0,0,Composed: Copy with GPU GDI,2026-8-20 19:21:52.527443200,22.5577,22.5577,0.0000,0.0390,22.7894,1.3259,21.4635,NA,NA,NA,NA,NA,NA,NA
python.exe,31548,0x0,Other,-1,0,0,Composed: Copy with GPU GDI,2026-8-20 19:21:52.550000900,0.5090,0.5090,0.0000,0.2743,0.3369,0.1796,0.1573,NA,NA,NA,NA,NA,NA,NA
python.exe,31548,0x0,Other,0,0,1,Hardware: Legacy Flip,2026-8-20 19:21:52.550509900,0.4645,0.4645,0.0000,0.1064,0.4057,0.0881,0.3176,1.5846,9.4150,2.1537,3071.4297,NA,NA,NA
python.exe,31548,0x0,Other,-1,0,0,Composed: Copy with GPU GDI,2026-8-20 19:21:52.550974400,3.5163,3.5163,0.0000,0.0476,3.5756,1.1803,2.3953,10.5351,0.1468,-8.9505,3071.8942,NA,NA,NA
python.exe,31548,0x0,Other,0,0,1,Hardware: Legacy Flip,2026-8-20 19:21:52.554490700,6.0729,6.0729,0.0000,0.1096,5.9779,0.0560,5.9219,7.1656,11.9682,3.3695,3075.4105,NA,NA,NA
python.exe,31548,0x0,Other,-1,0,0,Composed: Copy with GPU GDI,2026-8-20 19:21:52.560563600,0.6115,0.6115,0.0000,0.0146,1.1671,1.1671,0.0000,13.0609,6.3852,-5.8953,3081.4834,NA,NA,NA
python.exe,31548,0x0,Other,-1,0,0,Composed: Copy with GPU GDI,2026-8-20 19:21:52.561175100,7.5997,7.5997,0.0000,0.5749,7.1398,0.2243,6.9155,NA,NA,NA,NA,NA,NA,NA
python.exe,31548,0x0,Other,-1,0,0,Composed: Copy with GPU GDI,2026-8-20 19:21:52.568774800,7.6458,7.6458,0.0000,0.1185,7.6111,0.1718,7.4393,NA,NA,NA,NA,NA,NA,NA
python.exe,31548,0x0,Other,0,0,1,Hardware: Legacy Flip,2026-8-20 19:21:52.576420600,2.5976,2.5976,0.0000,0.0877,2.5539,0.0804,2.4735,3.5891,15.5895,9.4718,3097.3404,NA,NA,NA
python.exe,31548,0x0,Other,-1,0,0,Composed: Copy with GPU GDI,2026-8-20 19:21:52.579018200,0.6129,0.6129,0.0000,0.0440,1.0347,1.0347,0.0000,NA,NA,NA,NA,NA,NA,NA
python.exe,31548,0x0,Other,-1,0,0,Composed: Copy with GPU GDI,2026-8-20 19:21:52.579631100,7.9398,7.9398,0.0000,0.4692,7.5589,0.1790,7.3799,NA,NA,NA,NA,NA,NA,NA
python.exe,31548,0x0,Other,-1,0,0,Composed: Copy with GPU GDI,2026-8-20 19:21:52.587570900,4.1760,4.1760,0.0000,0.0928,4.2482,0.2158,4.0324,NA,NA,NA,NA,NA,NA,NA
python.exe,31548,0x0,Other,0,0,1,Hardware: Legacy Flip,2026-8-20 19:21:52.591746900,2.8636,2.8636,0.0000,0.1702,2.7068,0.0537,2.6531,3.8523,14.4402,-0.2632,3112.6667,NA,NA,NA
python.exe,31548,0x0,Other,-1,0,0,Composed: Copy with GPU GDI,2026-8-20 19:21:52.594610500,4.2427,4.2427,0.0000,0.0134,4.3331,1.1157,3.2174,NA,NA,NA,NA,NA,NA,NA
python.exe,31548,0x0,Other,-1,0,0,Composed: Copy with GPU GDI,2026-8-20 19:21:52.598853200,4.4519,4.4519,0.0000,0.1075,4.4026,0.1077,4.2949,11.1862,3.0817,-7.3339,3119.7730,NA,NA,NA
python.exe,31548,0x0,Other,-1,0,0,Composed: Copy with GPU GDI,2026-8-20 19:21:52.603305100,6.2381,6.2381,0.0000,0.0637,6.2678,0.1717,6.0961,NA,NA,NA,NA,NA,NA,NA
python.exe,31548,0x0,Other,0,0,1,Hardware: Legacy Flip,2026-8-20 19:21:52.609543200,2.5932,2.5932,0.0000,0.0971,2.5384,0.0793,2.4591,3.5779,15.1395,7.6083,3130.4630,NA,NA,NA
python.exe,31548,0x0,Other,-1,0,0,Composed: Copy with GPU GDI,2026-8-20 19:21:52.612136400,3.2567,3.2567,0.0000,0.0423,3.3116,1.0635,2.2481,NA,NA,NA,NA,NA,NA,NA
python.exe,31548,0x0,Other,-1,0,0,Composed: Copy with GPU GDI,2026-8-20 19:21:52.615393100,6.6487,6.6487,0.0000,0.1007,6.6110,0.1918,6.4192,NA,NA,NA,NA,NA,NA,NA
python.exe,31548,0x0,Other,0,0,1,Hardware: Legacy Flip,2026-8-20 19:21:52.622041800,5.1871,5.1871,0.0000,0.0693,5.1314,0.0636,5.0678,6.2188,12.0983,-2.6409,3142.9616,NA,NA,NA
python.exe,31548,0x0,Other,-1,0,0,Composed: Copy with GPU GDI,2026-8-20 19:21:52.627228900,1.2647,1.2647,0.0000,0.0136,1.3116,1.0959,0.2157,NA,NA,NA,NA,NA,NA,NA
python.exe,31548,0x0,Other,-1,0,0,Composed: Copy with GPU GDI,2026-8-20 19:21:52.628493600,4.4424,4.4424,0.0000,0.0644,4.4730,0.1750,4.2980,11.8653,4.0635,-5.6465,3149.4134,NA,NA,NA
python.exe,31548,0x0,Other,-1,0,0,Composed: Copy with GPU GDI,2026-8-20 19:21:52.632936000,7.0953,7.0953,0.0000,0.1000,7.0830,0.1751,6.9079,NA,NA,NA,NA,NA,NA,NA
python.exe,31548,0x0,Other,0,0,1,Hardware: Legacy Flip,2026-8-20 19:21:52.640031300,3.4019,3.4019,0.0000,0.0930,3.3495,0.0777,3.2718,4.3911,14.1290,7.4742,3160.9511,NA,NA,NA
python.exe,31548,0x0,Other,-1,0,0,Composed: Copy with GPU GDI,2026-8-20 19:21:52.643433200,1.8751,1.8751,0.0000,0.0406,1.9362,1.0804,0.8558,15.1182,4.4675,-10.7271,3164.3530,NA,NA,NA
python.exe,31548,0x0,Other,-1,0,0,Composed: Copy with GPU GDI,2026-8-20 19:21:52.645308300,9.0585,9.0585,0.0000,0.1049,9.0594,0.1851,8.8743,NA,NA,NA,NA,NA,NA,NA
python.exe,31548,0x0,Other,-1,0,0,Composed: Copy with GPU GDI,2026-8-20 19:21:52.654366800,3.8185,3.8185,0.0000,0.1089,3.7727,0.1182,3.6545,NA,NA,NA,NA,NA,NA,NA
python.exe,31548,0x0,Other,0,0,1,Hardware: Legacy Flip,2026-8-20 19:21:52.658185300,3.8466,3.8466,0.0000,0.0694,3.8175,0.0765,3.7410,4.8336,13.7312,10.2846,3179.1051,NA,NA,NA
python.exe,31548,0x0,Other,-1,0,0,Composed: Copy with GPU GDI,2026-8-20 19:21:52.662031900,3.0622,3.0622,0.0000,0.0403,3.1240,1.0656,2.0584,NA,NA,NA,NA,NA,NA,NA
python.exe,31548,0x0,Other,-1,0,0,Composed: Copy with GPU GDI,2026-8-20 19:21:52.665094100,5.1457,5.1457,0.0000,0.1060,5.1299,0.1758,4.9541,11.6560,2.2191,-6.8224,3186.0139,NA,NA,NA
python.exe,31548,0x0,Other,-1,0,0,Composed: Copy with GPU GDI,2026-8-20 19:21:52.670239800,7.2694,7.2694,0.0000,0.0950,7.2684,0.1769,7.0915,NA,NA,NA,NA,NA,NA,NA
python.exe,31548,0x0,Other,0,0,1,Hardware: Legacy Flip,2026-8-20 19:21:52.677509200,0.4935,0.4935,0.0000,0.0968,0.4110,0.0498,0.3612,1.4600,9.9194,10.1960,3198.4290,NA,NA,NA
python.exe,31548,0x0,Other,-1,0,0,Composed: Copy with GPU GDI,2026-8-20 19:21:52.678002700,4.2835,4.2835,0.0000,0.0143,4.3653,1.0845,3.2808,10.8859,6.2801,-9.4259,3198.9225,NA,NA,NA
python.exe,31548,0x0,Other,-1,0,0,Composed: Copy with GPU GDI,2026-8-20 19:21:52.682286200,6.5982,6.5982,0.0000,0.1012,6.6647,0.2478,6.4169,NA,NA,NA,NA,NA,NA,NA
python.exe,31548,0x0,Other,0,0,1,Hardware: Legacy Flip,2026-8-20 19:21:52.688884400,5.3140,5.3140,0.0000,0.1732,5.1768,0.0744,5.1024,6.2843,16.4679,4.6016,3209.8042,NA,NA,NA
python.exe,31548,0x0,Other,-1,0,0,Composed: Copy with GPU GDI,2026-8-20 19:21:52.694198400,0.5809,0.5809,0.0000,0.0360,1.0458,1.0458,0.0000,NA,NA,NA,NA,NA,NA,NA
python.exe,31548,0x0,Other,-1,0,0,Composed: Copy with GPU GDI,2026-8-20 19:21:52.694779300,6.1835,6.1835,0.0000,0.5031,5.8506,0.2560,5.5946,NA,NA,NA,NA,NA,NA,NA
python.exe,31548,0x0,Other,-1,0,0,Composed: Copy with GPU GDI,2026-8-20 19:21:52.700962800,8.6024,8.6024,0.0000,0.1746,8.5253,0.1817,8.3436,NA,NA,NA,NA,NA,NA,NA
python.exe,31548,0x0,Other,0,0,1,Hardware: Legacy Flip,2026-8-20 19:21:52.709565200,1.1026,1.1026,0.0000,0.1012,1.0391,0.0734,0.9657,2.0714,7.5807,4.2129,3230.4850,NA,NA,NA
python.exe,31548,0x0,Other,-1,0,0,Composed: Copy with GPU GDI,2026-8-20 19:21:52.710667800,2.2270,2.2270,0.0000,0.0377,2.3105,1.0592,1.2513,8.5495,9.9841,-6.4781,3231.5876,NA,NA,NA
python.exe,31548,0x0,Other,-1,0,0,Composed: Copy with GPU GDI,2026-8-20 19:21:52.712894800,7.6637,7.6637,0.0000,0.1254,7.6353,0.1666,7.4687,NA,NA,NA,NA,NA,NA,NA
python.exe,31548,0x0,Other,-1,0,0,Composed: Copy with GPU GDI,2026-8-20 19:21:52.720558500,3.9766,3.9766,0.0000,0.1007,3.9425,0.1208,3.8217,NA,NA,NA,NA,NA,NA,NA
python.exe,31548,0x0,Other,0,0,1,Hardware: Legacy Flip,2026-8-20 19:21:52.724535100,3.6480,3.6480,0.0000,0.0736,3.6102,0.0702,3.5400,4.6663,14.2782,3.8832,3245.4549,NA,NA,NA
python.exe,31548,0x0,Other,-1,0,0,Composed: Copy with GPU GDI,2026-8-20 19:21:52.728183100,3.3420,3.3420,0.0000,0.0358,3.3833,1.1035,2.2798,NA,NA,NA,NA,NA,NA,NA
python.exe,31548,0x0,Other,-1,0,0,Composed: Copy with GPU GDI,2026-8-20 19:21:52.731525100,4.5458,4.5458,0.0000,0.0813,4.5582,0.1745,4.3837,11.9545,2.8921,-7.2882,3252.4449,NA,NA,NA
python.exe,31548,0x0,Other,-1,0,0,Composed: Copy with GPU GDI,2026-8-20 19:21:52.736070900,6.9738,6.9738,0.0000,0.0990,6.9640,0.1639,6.8001,NA,NA,NA,NA,NA,NA,NA
python.exe,31548,0x0,Other,0,0,1,Hardware: Legacy Flip,2026-8-20 19:21:52.743044700,2.3554,2.3554,0.0000,0.0930,2.2745,0.0450,2.2295,3.3270,15.3205,8.6275,3263.9645,NA,NA,NA
python.exe,31548,0x0,Other,-1,0,0,Composed: Copy with GPU GDI,2026-8-20 19:21:52.745400100,3.1665,3.1665,0.0000,0.0121,3.2559,1.0860,2.1699,16.2921,0.6518,-12.9651,3266.3199,NA,NA,NA
python.exe,31548,0x0,Other,-1,0,0,Composed: Copy with GPU GDI,2026-8-20 19:21:52.748566600,6.6105,6.6105,0.0000,0.1056,6.5971,0.1803,6.4168,NA,NA,NA,NA,NA,NA,NA
python.exe,31548,0x0,Other,-1,0,0,Composed: Copy with GPU GDI,2026-8-20 19:21:52.755177100,5.6675,5.6675,0.0000,0.0967,5.6655,0.1817,5.4838,NA,NA,NA,NA,NA,NA,NA
python.exe,31548,0x0,Other,0,0,1,Hardware: Legacy Flip,2026-8-20 19:21:52.760844600,0.4610,0.4610,0.0000,0.1013,0.3717,0.0544,0.3173,1.4994,17.1001,14.7927,3281.7644,NA,NA,NA
python.exe,31548,0x0,Other,-1,0,0,Composed: Copy with GPU GDI,2026-8-20 19:21:52.761305600,5.7224,5.7224,0.0000,0.0120,5.8025,1.1258,4.6767,NA,NA,NA,NA,NA,NA,NA
python.exe,31548,0x0,Other,-1,0,0,Composed: Copy with GPU GDI,2026-8-20 19:21:52.767028000,6.0308,6.0308,0.0000,0.0962,6.0256,0.1712,5.8544,NA,NA,NA,NA,NA,NA,NA
python.exe,31548,0x0,Other,0,0,1,Hardware: Legacy Flip,2026-8-20 19:21:52.773058800,5.3841,5.3841,0.0000,0.0964,5.3299,0.0816,5.2483,6.3853,12.5828,-4.8859,3293.9786,NA,NA,NA
python.exe,31548,0x0,Other,-1,0,0,Composed: Copy with GPU GDI,2026-8-20 19:21:52.778442900,0.6086,0.6086,0.0000,0.0422,1.0782,1.0782,0.0000,13.5840,2.5554,-7.1987,3299.3627,NA,NA,NA
python.exe,31548,0x0,Other,-1,0,0,Composed: Copy with GPU GDI,2026-8-20 19:21:52.779051500,8.9172,8.9172,0.0000,0.5149,8.4706,0.2444,8.2262,NA,NA,NA,NA,NA,NA,NA
python.exe,31548,0x0,Other,-1,0,0,Composed: Copy with GPU GDI,2026-8-20 19:21:52.787968700,2.6945,2.6945,0.0000,0.0747,2.7003,0.1705,2.5298,NA,NA,NA,NA,NA,NA,NA
python.exe,31548,0x0,Other,0,0,1,Hardware: Legacy Flip,2026-8-20 19:21:52.790663200,2.9138,2.9138,0.0000,0.0849,2.8428,0.0556,2.7872,3.9191,15.6356,9.6649,3311.5830,NA,NA,NA
python.exe,31548,0x0,Other,-1,0,0,Composed: Copy with GPU GDI,2026-8-20 19:21:52.793577000,5.2371,5.2371,0.0000,0.0139,5.3305,1.1383,4.1922,NA,NA,NA,NA,NA,NA,NA
python.exe,31548,0x0,Other,-1,0,0,Composed: Copy with GPU GDI,2026-8-20 19:21:52.798814100,3.9453,3.9453,0.0000,0.1104,3.9285,0.1814,3.7471,11.4038,2.1022,-7.4847,3319.7339,NA,NA,NA
python.exe,31548,0x0,Other,-1,0,0,Composed: Copy with GPU GDI,2026-8-20 19:21:52.802759400,7.6534,7.6534,0.0000,0.0974,7.6355,0.2116,7.4239,NA,NA,NA,NA,NA,NA,NA
python.exe,31548,0x0,Other,0,0,1,Hardware: Legacy Flip,2026-8-20 19:21:52.810412800,0.8926,0.8926,0.0000,0.0842,0.8527,0.0827,0.7700,1.9073,10.0295,9.4965,3331.3326,NA,NA,NA
python.exe,31548,0x0,Other,-1,0,0,Composed: Copy with GPU GDI,2026-8-20 19:21:52.811305400,4.7742,4.7742,0.0000,0.0443,4.8165,1.0934,3.7231,11.0442,5.9430,-9.1369,3332.2252,NA,NA,NA
python.exe,31548,0x0,Other,-1,0,0,Composed: Copy with GPU GDI,2026-8-20 19:21:52.816079600,5.8100,5.8100,0.0000,0.0909,5.8102,0.1752,5.6350,NA,NA,NA,NA,NA,NA,NA
python.exe,31548,0x0,Other,0,0,1,Hardware: Legacy Flip,2026-8-20 19:21:52.821889600,5.3924,5.3924,0.0000,0.0951,5.3392,0.0800,5.2592,6.4030,12.2589,4.6412,3342.8094,NA,NA,NA
python.exe,31548,0x0,Other,-1,0,0,Composed: Copy with GPU GDI,2026-8-20 19:21:52.827282000,0.6597,0.6597,0.0000,0.0419,1.1508,1.1508,0.0000,13.2695,4.1025,-6.8665,3348.2018,NA,NA,NA
python.exe,31548,0x0,Other,-1,0,0,Composed: Copy with GPU GDI,2026-8-20 19:21:52.827941700,6.0762,6.0762,0.0000,0.5361,5.6246,0.1744,5.4502,NA,NA,NA,NA,NA,NA,NA
python.exe,31548,0x0,Other,-1,0,0,Composed: Copy with GPU GDI,2026-8-20 19:21:52.834017900,5.0039,5.0039,0.0000,0.0887,5.0055,0.1707,4.8348,NA,NA,NA,NA,NA,NA,NA
python.exe,31548,0x0,Other,0,0,1,Hardware: Legacy Flip,2026-8-20 19:21:52.839021800,4.6363,4.6363,0.0000,0.0942,4.5920,0.0929,4.4991,5.6322,14.0881,7.6373,3359.9416,NA,NA,NA
python.exe,31548,0x0,Other,-1,0,0,Composed: Copy with GPU GDI,2026-8-20 19:21:52.843658100,1.8659,1.8659,0.0000,0.0499,1.9086,1.0675,0.8411,15.0840,2.6546,-9.4518,3364.5779,NA,NA,NA
python.exe,31548,0x0,Other,-1,0,0,Composed: Copy with GPU GDI,2026-8-20 19:21:52.845524000,8.7539,8.7539,0.0000,0.0960,8.7496,0.1734,8.5762,NA,NA,NA,NA,NA,NA,NA
python.exe,31548,0x0,Other,-1,0,0,Composed: Copy with GPU GDI,2026-8-20 19:21:52.854277900,4.3036,4.3036,0.0000,0.0955,4.2595,0.0960,4.1635,NA,NA,NA,NA,NA,NA,NA
python.exe,31548,0x0,Other,0,0,1,Hardware: Legacy Flip,2026-8-20 19:21:52.858581500,1.8052,1.8052,0.0000,0.0558,1.7903,0.0762,1.7141,2.8152,15.5540,12.2688,3379.5013,NA,NA,NA
python.exe,31548,0x0,Other,-1,0,0,Composed: Copy with GPU GDI,2026-8-20 19:21:52.860386700,4.8905,4.8905,0.0000,0.0409,4.9497,1.1077,3.8420,NA,NA,NA,NA,NA,NA,NA
python.exe,31548,0x0,Other,-1,0,0,Composed: Copy with GPU GDI,2026-8-20 19:21:52.865277200,4.9009,4.9009,0.0000,0.1052,4.8923,0.1835,4.7088,11.6735,1.8080,-8.8583,3386.1970,NA,NA,NA
python.exe,31548,0x0,Other,-1,0,0,Composed: Copy with GPU GDI,2026-8-20 19:21:52.870178100,6.4989,6.4989,0.0000,0.1013,6.4889,0.1699,6.3190,NA,NA,NA,NA,NA,NA,NA
python.exe,31548,0x0,Other,0,0,1,Hardware: Legacy Flip,2026-8-20 19:21:52.876677000,0.9224,0.9224,0.0000,0.0949,0.8731,0.0916,0.7815,2.0817,16.3948,9.5918,3397.5968,NA,NA,NA
python.exe,31548,0x0,Other,-1,0,0,Composed: Copy with GPU GDI,2026-8-20 19:21:52.877599400,4.6343,4.6343,0.0000,0.0456,4.6854,1.2308,3.4546,17.5541,0.5937,-15.4724,3398.5192,NA,NA,NA
python.exe,31548,0x0,Other,-1,0,0,Composed: Copy with GPU GDI,2026-8-20 19:21:52.882233700,7.1420,7.1420,0.0000,0.1003,7.1277,0.1791,6.9486,NA,NA,NA,NA,NA,NA,NA
python.exe,31548,0x0,Other,-1,0,0,Composed: Copy with GPU GDI,2026-8-20 19:21:52.889375700,5.0680,5.0680,0.0000,0.0905,5.0367,0.1679,4.8688,NA,NA,NA,NA,NA,NA,NA
python.exe,31548,0x0,Other,0,0,1,Hardware: Legacy Flip,2026-8-20 19:21:52.894443700,0.2705,0.2705,0.0000,0.0633,0.2489,0.0778,0.1711,1.3035,16.5299,16.2506,3415.3635,NA,NA,NA
python.exe,31548,0x0,Other,-1,0,0,Composed: Copy with GPU GDI,2026-8-20 19:21:52.894714200,7.1372,7.1372,0.0000,0.0417,7.3164,1.2002,6.1162,NA,NA,NA,NA,NA,NA,NA
python.exe,31548,0x0,Other,-1,0,0,Composed: Copy with GPU GDI,2026-8-20 19:21:52.901851400,7.8995,7.8995,0.0000,0.2241,7.7447,0.1693,7.5754,NA,NA,NA,NA,NA,NA,NA
python.exe,31548,0x0,Other,0,0,1,Hardware: Legacy Flip,2026-8-20 19:21:52.909750900,1.5201,1.5201,0.0000,0.0738,1.4879,0.0800,1.4079,2.5262,13.1895,-1.2227,3430.6707,NA,NA,NA
python.exe,31548,0x0,Other,-1,0,0,Composed: Copy with GPU GDI,2026-8-20 19:21:52.911271000,1.2806,1.2806,0.0000,0.0416,1.2875,1.1116,0.1759,14.1956,6.0682,-11.6694,3432.1908,NA,NA,NA
python.exe,31548,0x0,Other,-1,0,0,Composed: Copy with GPU GDI,2026-8-20 19:21:52.912551600,8.8648,8.8648,0.0000,0.0526,8.8908,0.1778,8.7130,NA,NA,NA,NA,NA,NA,NA
python.exe,31548,0x0,Other,-1,0,0,Composed: Copy with GPU GDI,2026-8-20 19:21:52.921416400,3.5954,3.5954,0.0000,0.0822,3.5604,0.0827,3.4777,10.1184,1.2141,4.0772,3442.3362,NA,NA,NA
python.exe,31548,0x0,Other,0,0,1,Hardware: Legacy Flip,2026-8-20 19:21:52.925011800,6.7447,6.7447,0.0000,0.0505,6.7408,0.0919,6.6489,7.7371,10.9319,2.3813,3445.9316,NA,NA,NA
python.exe,31548,0x0,Other,-1,0,0,Composed: Copy with GPU GDI,2026-8-20 19:21:52.931756500,0.8164,0.8164,0.0000,0.0466,1.1786,1.1786,0.0000,NA,NA,NA,NA,NA,NA,NA
python.exe,31548,0x0,Other,-1,0,0,Composed: Copy with GPU GDI,2026-8-20 19:21:52.932572900,4.4802,4.4802,0.0000,0.4122,4.1260,0.1090,4.0170,11.1079,1.1783,-3.3708,3453.4927,NA,NA,NA
python.exe,31548,0x0,Other,-1,0,0,Composed: Copy with GPU GDI,2026-8-20 19:21:52.937053100,6.0961,6.0961,0.0000,0.0632,6.1153,0.1672,5.9481,NA,NA,NA,NA,NA,NA,NA
python.exe,31548,0x0,Other,0,0,1,Hardware: Legacy Flip,2026-8-20 19:21:52.943149200,0.7139,0.7139,0.0000,0.0868,0.6434,0.0561,0.5873,1.7099,16.3036,9.3980,3464.0690,NA,NA,NA
python.exe,31548,0x0,Other,-1,0,0,Composed: Copy with GPU GDI,2026-8-20 19:21:52.943863100,4.7291,4.7291,0.0000,0.0163,4.8247,1.1140,3.7107,NA,NA,NA,NA,NA,NA,NA
python.exe,31548,0x0,Other,-1,0,0,Composed: Copy with GPU GDI,2026-8-20 19:21:52.948592200,6.1783,6.1783,0.0000,0.1162,6.1562,0.1734,5.9828,NA,NA,NA,NA,NA,NA,NA
python.exe,31548,0x0,Other,0,0,1,Hardware: Legacy Flip,2026-8-20 19:21:52.954770500,5.3819,5.3819,0.0000,0.0978,5.3286,0.0883,5.2403,6.3922,12.8586,-4.6823,3475.6903,NA,NA,NA
python.exe,31548,0x0,Other,-1,0,0,Composed: Copy with GPU GDI,2026-8-20 19:21:52.960152400,0.5743,0.5743,0.0000,0.0445,1.0606,1.0606,0.0000,13.8689,5.7657,-7.4767,3481.0722,NA,NA,NA
python.exe,31548,0x0,Other,-1,0,0,Composed: Copy with GPU GDI,2026-8-20 19:21:52.960726700,6.2159,6.2159,0.0000,0.5352,5.7693,0.1847,5.5846,NA,NA,NA,NA,NA,NA,NA
python.exe,31548,0x0,Other,-1,0,0,Composed: Copy with GPU GDI,2026-8-20 19:21:52.966942600,9.6789,9.6789,0.0000,0.0921,9.6679,0.1660,9.5019,NA,NA,NA,NA,NA,NA,NA
python.exe,31548,0x0,Other,0,0,1,Hardware: Legacy Flip,2026-8-20 19:21:52.976621500,2.1639,2.1639,0.0000,0.0841,2.1276,0.0891,2.0385,3.1655,6.3611,10.7034,3497.5413,NA,NA,NA
python.exe,31548,0x0,Other,-1,0,0,Composed: Copy with GPU GDI,2026-8-20 19:21:52.978785400,0.6338,0.6338,0.0000,0.0478,1.0534,1.0534,0.0000,7.3627,8.6387,-4.1972,3499.7052,NA,NA,NA
python.exe,31548,0x0,Other,-1,0,0,Composed: Copy with GPU GDI,2026-8-20 19:21:52.979419200,8.5792,8.5792,0.0000,0.4706,8.1946,0.1853,8.0093,NA,NA,NA,NA,NA,NA,NA
python.exe,31548,0x0,Other,-1,0,0,Composed: Copy with GPU GDI,2026-8-20 19:21:52.987998400,3.4131,3.4131,0.0000,0.0892,3.3763,0.0988,3.2775,NA,NA,NA,NA,NA,NA,NA
python.exe,31548,0x0,Other,0,0,1,Hardware: Legacy Flip,2026-8-20 19:21:52.991411500,2.3608,2.3608,0.0000,0.0570,2.3173,0.0501,2.2672,3.3753,15.6334,3.9874,3512.3313,NA,NA,NA
python.exe,31548,0x0,Other,-1,0,0,Composed: Copy with GPU GDI,2026-8-20 19:21:52.993772300,5.2434,5.2434,0.0000,0.0135,5.2884,1.1134,4.1750,NA,NA,NA,NA,NA,NA,NA
python.exe,31548,0x0,Other,-1,0,0,Composed: Copy with GPU GDI,2026-8-20 19:21:52.999015700,4.2423,4.2423,0.0000,0.0631,4.2595,0.1710,4.0885,11.4045,2.3319,-8.0292,3519.9355,NA,NA,NA
python.exe,31548,0x0,Other,-1,0,0,Composed: Copy with GPU GDI,2026-8-20 19:21:53.003258000,6.8948,6.8948,0.0000,0.0842,6.8805,0.1717,6.7088,NA,NA,NA,NA,NA,NA,NA
python.exe,31548,0x0,Other,0,0,1,Hardware: Legacy Flip,2026-8-20 19:21:53.010152800,1.5819,1.5819,0.0000,0.0744,1.5496,0.0813,1.4683,2.5993,15.9123,8.8052,3531.0726,NA,NA,NA
python.exe,31548,0x0,Other,-1,0,0,Composed: Copy with GPU GDI,2026-8-20 19:21:53.011734700,3.9389,3.9389,0.0000,0.0421,3.9804,1.0926,2.8878,NA,NA,NA,NA,NA,NA,NA
python.exe,31548,0x0,Other,-1,0,0,Composed: Copy with GPU GDI,2026-8-20 19:21:53.015673600,6.0594,6.0594,0.0000,0.0869,6.0727,0.1813,5.8914,NA,NA,NA,NA,NA,NA,NA
python.exe,31548,0x0,Other,0,0,1,Hardware: Legacy Flip,2026-8-20 19:21:53.021733000,5.8337,5.8337,0.0000,0.1055,5.7423,0.0542,5.6881,6.9314,12.0906,-4.3321,3542.6528,NA,NA,NA
python.exe,31548,0x0,Other,-1,0,0,Composed: Copy with GPU GDI,2026-8-20 19:21:53.027566700,0.6336,0.6336,0.0000,0.0141,1.1707,1.1707,0.0000,13.1883,6.0579,-6.2569,3548.4865,NA,NA,NA
python.exe,31548,0x0,Other,-1,0,0,Composed: Copy with GPU GDI,2026-8-20 19:21:53.028200300,5.6615,5.6615,0.0000,0.5540,5.1942,0.1788,5.0154,18.6126,0.2943,-5.4243,3549.1201,NA,NA,NA
python.exe,31548,0x0,Other,-1,0,0,Composed: Copy with GPU GDI,2026-8-20 19:21:53.033861800,9.4514,9.4514,0.0000,0.0935,9.4402,0.1755,9.2647,NA,NA,NA,NA,NA,NA,NA
python.exe,31548,0x0,Other,-1,0,0,Composed: Copy with GPU GDI,2026-8-20 19:21:53.043313200,2.3211,2.3211,0.0000,0.0860,2.3046,0.1101,2.1945,NA,NA,NA,NA,NA,NA,NA
python.exe,31548,0x0,Other,0,0,1,Hardware: Legacy Flip,2026-8-20 19:21:53.045634300,0.4565,0.4565,0.0000,0.0760,0.4297,0.0942,0.3355,1.4729,15.3956,17.1397,3566.5541,NA,NA,NA
python.exe,31548,0x0,Other,-1,0,0,Composed: Copy with GPU GDI,2026-8-20 19:21:53.046090800,8.0060,8.0060,0.0000,0.0492,8.0390,1.0754,6.9636,NA,NA,NA,NA,NA,NA,NA
python.exe,31548,0x0,Other,-1,0,0,Composed: Copy with GPU GDI,2026-8-20 19:21:53.054096800,4.3140,4.3140,0.0000,0.0860,4.2819,0.0960,4.1859,NA,NA,NA,NA,NA,NA,NA
python.exe,31548,0x0,Other,0,0,1,Hardware: Legacy Flip,2026-8-20 19:21:53.058410800,3.0487,3.0487,0.0000,0.0584,3.0037,0.0506,2.9531,4.0920,14.6500,-2.6191,3579.3306,NA,NA,NA
python.exe,31548,0x0,Other,-1,0,0,Composed: Copy with GPU GDI,2026-8-20 19:21:53.061459500,3.7285,3.7285,0.0000,0.0134,3.7937,1.1570,2.6367,NA,NA,NA,NA,NA,NA,NA
python.exe,31548,0x0,Other,-1,0,0,Composed: Copy with GPU GDI,2026-8-20 19:21:53.065188000,5.3635,5.3635,0.0000,0.0832,5.3725,0.1708,5.2017,11.9648,1.6944,-7.8728,3586.1078,NA,NA,NA
python.exe,31548,0x0,Other,-1,0,0,Composed: Copy with GPU GDI,2026-8-20 19:21:53.070551500,6.7839,6.7839,0.0000,0.0964,6.7450,0.1765,6.5685,NA,NA,NA,NA,NA,NA,NA
python.exe,31548,0x0,Other,0,0,1,Hardware: Legacy Flip,2026-8-20 19:21:53.077335400,0.5207,0.5207,0.0000,0.0608,0.4780,0.0641,0.4139,1.5118,17.6238,10.4530,3598.2552,NA,NA,NA
python.exe,31548,0x0,Other,-1,0,0,Composed: Copy with GPU GDI,2026-8-20 19:21:53.077856100,5.9927,5.9927,0.0000,0.0181,6.0663,1.0996,4.9667,NA,NA,NA,NA,NA,NA,NA
python.exe,31548,0x0,Other,-1,0,0,Composed: Copy with GPU GDI,2026-8-20 19:21:53.083848800,4.3764,4.3764,0.0000,0.0942,4.3798,0.1712,4.2086,NA,NA,NA,NA,NA,NA,NA
python.exe,31548,0x0,Other,-1,0,0,Composed: Copy with GPU GDI,2026-8-20 19:21:53.088225200,6.7665,6.7665,0.0000,0.1011,6.7526,0.1800,6.5726,NA,NA,NA,NA,NA,NA,NA
python.exe,31548,0x0,Other,0,0,1,Hardware: Legacy Flip,2026-8-20 19:21:53.094991700,0.4598,0.4598,0.0000,0.0933,0.4237,0.1027,0.3210,1.4793,15.2826,0.0325,3615.9115,NA,NA,NA
python.exe,31548,0x0,Other,-1,0,0,Composed: Copy with GPU GDI,2026-8-20 19:21:53.095451500,5.4740,5.4740,0.0000,0.0572,5.5105,1.0846,4.4259,NA,NA,NA,NA,NA,NA,NA
python.exe,31548,0x0,Other,-1,0,0,Composed: Copy with GPU GDI,2026-8-20 19:21:53.100925500,5.5719,5.5719,0.0000,0.0987,5.5760,0.1870,5.3890,NA,NA,NA,NA,NA,NA,NA
python.exe,31548,0x0,Other,0,0,1,Hardware: Legacy Flip,2026-8-20 19:21:53.106497400,4.2604,4.2604,0.0000,0.1073,4.1662,0.0501,4.1161,5.2562,13.9278,-3.7769,3627.4172,NA,NA,NA
python.exe,31548,0x0,Other,-1,0,0,Composed: Copy with GPU GDI,2026-8-20 19:21:53.110757800,2.1637,2.1637,0.0000,0.0131,2.2704,1.1180,1.1524,14.9236,2.2544,-9.6674,3631.6776,NA,NA,NA
python.exe,31548,0x0,Other,-1,0,0,Composed: Copy with GPU GDI,2026-8-20 19:21:53.112921500,7.5065,7.5065,0.0000,0.1240,7.5198,0.2296,7.2902,NA,NA,NA,NA,NA,NA,NA
python.exe,31548,0x0,Other,-1,0,0,Composed: Copy with GPU GDI,2026-8-20 19:21:53.120428000,4.6469,4.6469,0.0000,0.1411,4.5966,0.1767,4.4199,NA,NA,NA,NA,NA,NA,NA
python.exe,31548,0x0,Other,0,0,1,Hardware: Legacy Flip,2026-8-20 19:21:53.125074900,1.8465,1.8465,0.0000,0.0956,1.7898,0.0772,1.7126,2.8609,15.9450,12.0627,3645.9947,NA,NA,NA
python.exe,31548,0x0,Other,-1,0,0,Composed: Copy with GPU GDI,2026-8-20 19:21:53.126921400,4.6971,4.6971,0.0000,0.0389,4.8522,1.1815,3.6707,16.9594,0.9413,-14.0985,3647.8412,NA,NA,NA
python.exe,31548,0x0,Other,-1,0,0,Composed: Copy with GPU GDI,2026-8-20 19:21:53.131618500,5.5337,5.5337,0.0000,0.1974,5.4319,0.1763,5.2556,NA,NA,NA,NA,NA,NA,NA
python.exe,31548,0x0,Other,-1,0,0,Composed: Copy with GPU GDI,2026-8-20 19:21:53.137152200,5.5014,5.5014,0.0000,0.1009,5.5125,0.1779,5.3346,NA,NA,NA,NA,NA,NA,NA
python.exe,31548,0x0,Other,0,0,1,Hardware: Legacy Flip,2026-8-20 19:21:53.142653600,1.1434,1.1434,0.0000,0.1156,1.0618,0.0653,0.9965,2.1685,17.0426,14.7909,3663.5734,NA,NA,NA
python.exe,31548,0x0,Other,-1,0,0,Composed: Copy with GPU GDI,2026-8-20 19:21:53.143797000,5.2909,5.2909,0.0000,0.0340,5.3658,1.1125,4.2533,NA,NA,NA,NA,NA,NA,NA
python.exe,31548,0x0,Other,-1,0,0,Composed: Copy with GPU GDI,2026-8-20 19:21:53.149087900,6.1384,6.1384,0.0000,0.1138,6.1190,0.1820,5.9370,NA,NA,NA,NA,NA,NA,NA
python.exe,31548,0x0,Other,-1,0,0,Composed: Copy with GPU GDI,2026-8-20 19:21:53.155226300,5.1705,5.1705,0.0000,0.0990,5.1658,0.1797,4.9861,NA,NA,NA,NA,NA,NA,NA
python.exe,31548,0x0,Other,0,0,1,Hardware: Legacy Flip,2026-8-20 19:21:53.160396800,0.4613,0.4613,0.0000,0.1003,0.4057,0.0864,0.3193,1.4679,16.1543,0.7006,3681.3166,NA,NA,NA
python.exe,31548,0x0,Other,-1,0,0,Composed: Copy with GPU GDI,2026-8-20 19:21:53.160858100,5.3527,5.3527,0.0000,0.0447,5.4062,1.0744,4.3318,NA,NA,NA,NA,NA,NA,NA
python.exe,31548,0x0,Other,-1,0,0,Composed: Copy with GPU GDI,2026-8-20 19:21:53.166210800,7.1098,7.1098,0.0000,0.1018,7.0975,0.1767,6.9208,NA,NA,NA,NA,NA,NA,NA
python.exe,31548,0x0,Other,0,0,1,Hardware: Legacy Flip,2026-8-20 19:21:53.173320600,3.6864,3.6864,0.0000,0.0945,3.6334,0.0794,3.5540,4.6984,14.3884,-3.2305,3694.2404,NA,NA,NA
python.exe,31548,0x0,Other,-1,0,0,Composed: Copy with GPU GDI,2026-8-20 19:21:53.177007000,2.3088,2.3088,0.0000,0.0415,2.3673,1.0953,1.2720,15.4004,3.2272,-10.7020,3697.9268,NA,NA,NA
python.exe,31548,0x0,Other,-1,0,0,Composed: Copy with GPU GDI,2026-8-20 19:21:53.179315800,7.9398,7.9398,0.0000,0.1050,7.9332,0.1691,7.7641,NA,NA,NA,NA,NA,NA,NA
python.exe,31548,0x0,Other,-1,0,0,Composed: Copy with GPU GDI,2026-8-20 19:21:53.187255600,4.6628,4.6628,0.0000,0.1019,4.6262,0.1216,4.5046,NA,NA,NA,NA,NA,NA,NA
python.exe,31548,0x0,Other,0,0,1,Hardware: Legacy Flip,2026-8-20 19:21:53.191918400,2.6978,2.6978,0.0000,0.0723,2.6611,0.0691,2.5920,3.7162,14.9918,11.6842,3712.8382,NA,NA,NA
python.exe,31548,0x0,Other,-1,0,0,Composed: Copy with GPU GDI,2026-8-20 19:21:53.194616200,3.7388,3.7388,0.0000,0.0356,3.8953,1.1887,2.7066,16.0102,1.5966,-12.2940,3715.5360,NA,NA,NA
python.exe,31548,0x0,Other,-1,0,0,Composed: Copy with GPU GDI,2026-8-20 19:21:53.198355000,6.0829,6.0829,0.0000,0.1957,6.0917,0.2833,5.8084,NA,NA,NA,NA,NA,NA,NA
python.exe,31548,0x0,Other,-1,0,0,Composed: Copy with GPU GDI,2026-8-20 19:21:53.204437900,5.4673,5.4673,0.0000,0.2083,5.3625,0.1676,5.1949,NA,NA,NA,NA,NA,NA,NA
python.exe,31548,0x0,Other,0,0,1,Hardware: Legacy Flip,2026-8-20 19:21:53.209905200,1.2607,1.2607,0.0000,0.1071,1.2039,0.0909,1.1130,2.3178,16.2059,13.6924,3730.8250,NA,NA,NA
python.exe,31548,0x0,Other,-1,0,0,Composed: Copy with GPU GDI,2026-8-20 19:21:53.211165900,4.4298,4.4298,0.0000,0.0503,4.4771,1.1335,3.3436,NA,NA,NA,NA,NA,NA,NA
python.exe,31548,0x0,Other,-1,0,0,Composed: Copy with GPU GDI,2026-8-20 19:21:53.215595700,5.3437,5.3437,0.0000,0.1027,5.3388,0.1730,5.1658,NA,NA,NA,NA,NA,NA,NA
python.exe,31548,0x0,Other,0,0,1,Hardware: Legacy Flip,2026-8-20 19:21:53.220939400,6.4800,6.4800,0.0000,0.1020,6.4150,0.0707,6.3443,7.4895,12.5221,-5.1717,3741.8592,NA,NA,NA
python.exe,31548,0x0,Other,-1,0,0,Composed: Copy with GPU GDI,2026-8-20 19:21:53.227419400,1.0891,1.0891,0.0000,0.0370,1.1693,1.1063,0.0630,13.5316,4.4279,-6.0421,3748.3392,NA,NA,NA
python.exe,31548,0x0,Other,-1,0,0,Composed: Copy with GPU GDI,2026-8-20 19:21:53.228508500,5.0603,5.0603,0.0000,0.1206,5.0331,0.1771,4.8560,NA,NA,NA,NA,NA,NA,NA
python.exe,31548,0x0,Other,-1,0,0,Composed: Copy with GPU GDI,2026-8-20 19:21:53.233568800,9.3460,9.3460,0.0000,0.0985,9.3478,0.1759,9.1719,NA,NA,NA,NA,NA,NA,NA
python.exe,31548,0x0,Other,0,0,1,Hardware: Legacy Flip,2026-8-20 19:21:53.242914800,1.4640,1.4640,0.0000,0.1025,1.3969,0.0665,1.3304,2.4641,7.7002,11.0675,3763.8346,NA,NA,NA
python.exe,31548,0x0,Other,-1,0,0,Composed: Copy with GPU GDI,2026-8-20 19:21:53.244378800,0.6960,0.6960,0.0000,0.0354,1.0745,1.0745,0.0000,8.7003,8.9035,-6.2362,3765.2986,NA,NA,NA
python.exe,31548,0x0,Other,-1,0,0,Composed: Copy with GPU GDI,2026-8-20 19:21:53.245074800,9.0693,9.0693,0.0000,0.4171,8.7646,0.1850,8.5796,NA,NA,NA,NA,NA,NA,NA
python.exe,31548,0x0,Other,-1,0,0,Composed: Copy with GPU GDI,2026-8-20 19:21:53.254144100,4.1096,4.1096,0.0000,0.1161,4.0556,0.1138,3.9418,NA,NA,NA,NA,NA,NA,NA
python.exe,31548,0x0,Other,0,0,1,Hardware: Legacy Flip,2026-8-20 19:21:53.258253700,2.6761,2.6761,0.0000,0.0685,2.6443,0.0705,2.5738,3.7289,15.3704,4.9714,3779.1735,NA,NA,NA
python.exe,31548,0x0,Other,-1,0,0,Composed: Copy with GPU GDI,2026-8-20 19:21:53.260929800,4.2266,4.2266,0.0000,0.0367,4.3867,1.2222,3.1645,NA,NA,NA,NA,NA,NA,NA
python.exe,31548,0x0,Other,-1,0,0,Composed: Copy with GPU GDI,2026-8-20 19:21:53.265156400,5.1672,5.1672,0.0000,0.2009,5.0605,0.1750,4.8855,12.1966,0.8691,-8.4677,3786.0762,NA,NA,NA
python.exe,31548,0x0,Other,0,0,1,Hardware: Legacy Flip,2026-8-20 19:21:53.270323600,6.8386,6.8386,0.0000,0.0990,6.7804,0.0801,6.7003,7.8985,11.2554,4.2981,3791.2434,NA,NA,NA
python.exe,31548,0x0,Other,-1,0,0,Composed: Copy with GPU GDI,2026-8-20 19:21:53.277162200,0.3413,0.3413,0.0000,0.0408,1.1168,1.1168,0.0000,NA,NA,NA,NA,NA,NA,NA
python.exe,31548,0x0,Other,-1,0,0,Composed: Copy with GPU GDI,2026-8-20 19:21:53.277503500,3.9218,3.9218,0.0000,0.8182,3.1974,0.1769,3.0205,11.9740,6.6030,-4.0755,3798.4233,NA,NA,NA
python.exe,31548,0x0,Other,-1,0,0,Composed: Copy with GPU GDI,2026-8-20 19:21:53.281425300,6.9887,6.9887,0.0000,0.0987,6.9878,0.1678,6.8200,NA,NA,NA,NA,NA,NA,NA
python.exe,31548,0x0,Other,-1,0,0,Composed: Copy with GPU GDI,2026-8-20 19:21:53.288414000,6.1236,6.1236,0.0000,0.1012,6.1299,0.1869,5.9430,NA,NA,NA,NA,NA,NA,NA
python.exe,31548,0x0,Other,0,0,1,Hardware: Legacy Flip,2026-8-20 19:21:53.294537600,0.4720,0.4720,0.0000,0.1112,0.3971,0.0736,0.3235,1.5429,15.8749,10.4311,3815.4574,NA,NA,NA
python.exe,31548,0x0,Other,-1,0,0,Composed: Copy with GPU GDI,2026-8-20 19:21:53.295009600,5.5144,5.5144,0.0000,0.0363,5.5711,1.1605,4.4106,NA,NA,NA,NA,NA,NA,NA
python.exe,31548,0x0,Other,-1,0,0,Composed: Copy with GPU GDI,2026-8-20 19:21:53.300524000,6.1007,6.1007,0.0000,0.0978,6.0977,0.1758,5.9219,NA,NA,NA,NA,NA,NA,NA
python.exe,31548,0x0,Other,0,0,1,Hardware: Legacy Flip,2026-8-20 19:21:53.306624700,4.2627,4.2627,0.0000,0.0996,4.1746,0.0441,4.1305,5.3307,13.9142,-3.7878,3827.5445,NA,NA,NA
python.exe,31548,0x0,Other,-1,0,0,Composed: Copy with GPU GDI,2026-8-20 19:21:53.310887400,1.1619,1.1619,0.0000,0.0115,1.2503,1.1807,0.0696,14.9822,2.6611,-9.6515,3831.8072,NA,NA,NA
python.exe,31548,0x0,Other,-1,0,0,Composed: Copy with GPU GDI,2026-8-20 19:21:53.312049300,8.7969,8.7969,0.0000,0.1039,8.7945,0.1746,8.6199,NA,NA,NA,NA,NA,NA,NA
python.exe,31548,0x0,Other,-1,0,0,Composed: Copy with GPU GDI,2026-8-20 19:21:53.320846200,4.3896,4.3896,0.0000,0.1053,4.3377,0.0902,4.2475,NA,NA,NA,NA,NA,NA,NA
python.exe,31548,0x0,Other,0,0,1,Hardware: Legacy Flip,2026-8-20 19:21:53.325235800,2.2282,2.2282,0.0000,0.0568,2.2129,0.0781,2.1348,3.2949,15.5536,11.6873,3846.1556,NA,NA,NA
python.exe,31548,0x0,Other,-1,0,0,Composed: Copy with GPU GDI,2026-8-20 19:21:53.327464000,4.3588,4.3588,0.0000,0.0415,4.5093,1.2385,3.2708,16.6203,2.0545,-13.3254,3848.3838,NA,NA,NA
python.exe,31548,0x0,Other,-1,0,0,Composed: Copy with GPU GDI,2026-8-20 19:21:53.331822800,4.9480,4.9480,0.0000,0.1955,4.8446,0.1782,4.6664,NA,NA,NA,NA,NA,NA,NA
python.exe,31548,0x0,Other,-1,0,0,Composed: Copy with GPU GDI,2026-8-20 19:21:53.336770800,7.7237,7.7237,0.0000,0.0966,7.7226,0.1940,7.5286,NA,NA,NA,NA,NA,NA,NA
python.exe,31548,0x0,Other,0,0,1,Hardware: Legacy Flip,2026-8-20 19:21:53.344494500,0.5858,0.5858,0.0000,0.1028,0.5299,0.0917,0.4382,1.6443,10.0666,14.9760,3865.4143,NA,NA,NA
python.exe,31548,0x0,Other,-1,0,0,Composed: Copy with GPU GDI,2026-8-20 19:21:53.345080300,3.7934,3.7934,0.0000,0.0469,3.8118,1.1452,2.6666,11.1251,6.2959,-9.4808,3866.0001,NA,NA,NA
python.exe,31548,0x0,Other,-1,0,0,Composed: Copy with GPU GDI,2026-8-20 19:21:53.348873700,6.4790,6.4790,0.0000,0.0702,6.4913,0.1708,6.3205,NA,NA,NA,NA,NA,NA,NA
python.exe,31548,0x0,Other,-1,0,0,Composed: Copy with GPU GDI,2026-8-20 19:21:53.355352700,5.6885,5.6885,0.0000,0.0860,5.6832,0.1780,5.5052,NA,NA,NA,NA,NA,NA,NA
python.exe,31548,0x0,Other,0,0,1,Hardware: Legacy Flip,2026-8-20 19:21:53.361041200,0.3867,0.3867,0.0000,0.0853,0.3130,0.0423,0.2707,1.4601,15.8656,9.6650,3881.9610,NA,NA,NA
python.exe,31548,0x0,Other,-1,0,0,Composed: Copy with GPU GDI,2026-8-20 19:21:53.361427900,5.4941,5.4941,0.0000,0.0116,5.5801,1.1889,4.3912,NA,NA,NA,NA,NA,NA,NA
python.exe,31548,0x0,Other,-1,0,0,Composed: Copy with GPU GDI,2026-8-20 19:21:53.366922000,6.0744,6.0744,0.0000,0.1028,6.0625,0.1771,5.8854,NA,NA,NA,NA,NA,NA,NA
python.exe,31548,0x0,Other,0,0,1,Hardware: Legacy Flip,2026-8-20 19:21:53.372996400,4.2995,4.2995,0.0000,0.0988,4.2135,0.0544,4.1591,5.3705,14.2511,-3.9104,3893.9162,NA,NA,NA
python.exe,31548,0x0,Other,-1,0,0,Composed: Copy with GPU GDI,2026-8-20 19:21:53.377295900,1.6450,1.6450,0.0000,0.0128,1.7789,1.2249,0.5540,15.3221,3.0757,-9.9516,3898.2157,NA,NA,NA
python.exe,31548,0x0,Other,-1,0,0,Composed: Copy with GPU GDI,2026-8-20 19:21:53.378940900,8.2866,8.2866,0.0000,0.1508,8.1981,0.1738,8.0243,NA,NA,NA,NA,NA,NA,NA
python.exe,31548,0x0,Other,-1,0,0,Composed: Copy with GPU GDI,2026-8-20 19:21:53.387227500,3.4003,3.4003,0.0000,0.0670,3.4005,0.1241,3.2764,NA,NA,NA,NA,NA,NA,NA
python.exe,31548,0x0,Other,0,0,1,Hardware: Legacy Flip,2026-8-20 19:21:53.390627800,2.8113,2.8113,0.0000,0.0734,2.7944,0.1003,2.6941,5.0659,15.1268,10.2562,3911.5476,NA,NA,NA
python.exe,31548,0x0,Other,-1,0,0,Composed: Copy with GPU GDI,2026-8-20 19:21:53.393439100,5.4013,5.4013,0.0000,0.0565,5.5117,2.3912,3.1205,NA,NA,NA,NA,NA,NA,NA
python.exe,31548,0x0,Other,-1,0,0,Composed: Copy with GPU GDI,2026-8-20 19:21:53.398840400,4.3637,4.3637,0.0000,0.1705,4.3711,0.2580,4.1131,11.9801,2.1987,-6.9142,3919.7602,NA,NA,NA
python.exe,31548,0x0,Other,-1,0,0,Composed: Copy with GPU GDI,2026-8-20 19:21:53.403204100,6.9694,6.9694,0.0000,0.1829,6.9667,0.2477,6.7190,NA,NA,NA,NA,NA,NA,NA
python.exe,31548,0x0,Other,0,0,1,Hardware: Legacy Flip,2026-8-20 19:21:53.410173500,0.8265,0.8265,0.0000,0.1864,0.6791,0.0725,0.6066,2.8457,15.9961,9.1344,3931.0933,NA,NA,NA
python.exe,31548,0x0,Other,-1,0,0,Composed: Copy with GPU GDI,2026-8-20 19:21:53.411000000,5.8226,5.8226,0.0000,0.0390,6.0349,2.2633,3.7716,NA,NA,NA,NA,NA,NA,NA
python.exe,31548,0x0,Other,-1,0,0,Composed: Copy with GPU GDI,2026-8-20 19:21:53.416822600,5.0096,5.0096,0.0000,0.2556,4.9373,0.2588,4.6785,12.1927,0.3617,-9.3470,3937.7424,NA,NA,NA
python.exe,31548,0x0,Other,0,0,1,Hardware: Legacy Flip,2026-8-20 19:21:53.421832200,5.4917,5.4917,0.0000,0.1876,5.3153,0.0424,5.2729,7.5448,11.7730,4.6479,3942.7520,NA,NA,NA
python.exe,31548,0x0,Other,-1,0,0,Composed: Copy with GPU GDI,2026-8-20 19:21:53.427323900,0.4615,0.4615,0.0000,0.0112,2.2174,2.2174,0.0000,NA,NA,NA,NA,NA,NA,NA
python.exe,31548,0x0,Other,-1,0,0,Composed: Copy with GPU GDI,2026-8-20 19:21:53.427785400,6.2927,6.2927,0.0000,1.7710,4.7012,0.2592,4.4420,13.3646,6.2086,-5.8198,3948.7052,NA,NA,NA
python.exe,31548,0x0,Other,-1,0,0,Composed: Copy with GPU GDI,2026-8-20 19:21:53.434078100,5.0104,5.0104,0.0000,0.1832,5.0099,0.2558,4.7541,NA,NA,NA,NA,NA,NA,NA
python.exe,31548,0x0,Other,0,0,1,Hardware: Legacy Flip,2026-8-20 19:21:53.439088500,6.1272,6.1272,0.0000,0.1877,5.9510,0.0473,5.9037,8.2701,11.9835,5.0945,3960.0083,NA,NA,NA
python.exe,31548,0x0,Other,-1,0,0,Composed: Copy with GPU GDI,2026-8-20 19:21:53.445215700,0.5406,0.5406,0.0000,0.0115,2.2512,2.2512,0.0000,14.1264,3.8837,-5.8563,3966.1355,NA,NA,NA
python.exe,31548,0x0,Other,-1,0,0,Composed: Copy with GPU GDI,2026-8-20 19:21:53.445756300,8.6904,8.6904,0.0000,1.7263,7.1400,0.2535,6.8865,NA,NA,NA,NA,NA,NA,NA
python.exe,31548,0x0,Other,-1,0,0,Composed: Copy with GPU GDI,2026-8-20 19:21:53.454446700,3.9393,3.9393,0.0000,0.1795,3.9417,0.2548,3.6869,NA,NA,NA,NA,NA,NA,NA
python.exe,31548,0x0,Other,0,0,1,Hardware: Legacy Flip,2026-8-20 19:21:53.458386000,2.7846,2.7846,0.0000,0.1862,2.6100,0.0477,2.5623,4.8398,14.3161,9.2866,3979.3058,NA,NA,NA
python.exe,31548,0x0,Other,-1,0,0,Composed: Copy with GPU GDI,2026-8-20 19:21:53.461170600,4.2088,4.2088,0.0000,0.0116,4.3879,2.2514,2.1365,NA,NA,NA,NA,NA,NA,NA
python.exe,31548,0x0,Other,-1,0,0,Composed: Copy with GPU GDI,2026-8-20 19:21:53.465379400,4.0662,4.0662,0.0000,0.1943,4.0585,0.2654,3.7931,12.1625,3.2191,-7.3227,3986.2992,NA,NA,NA
python.exe,31548,0x0,Other,-1,0,0,Composed: Copy with GPU GDI,2026-8-20 19:21:53.469445600,7.4873,7.4873,0.0000,0.1919,7.4808,0.2499,7.2309,NA,NA,NA,NA,NA,NA,NA
python.exe,31548,0x0,Other,0,0,1,Hardware: Legacy Flip,2026-8-20 19:21:53.476932900,1.7206,1.7206,0.0000,0.1894,1.5426,0.0447,1.4979,3.8281,15.0161,8.3344,3997.8527,NA,NA,NA
python.exe,31548,0x0,Other,-1,0,0,Composed: Copy with GPU GDI,2026-8-20 19:21:53.478653500,3.3013,3.3013,0.0000,0.0114,3.4926,2.3012,1.1914,17.1236,1.0395,-13.2955,3999.5733,NA,NA,NA
python.exe,31548,0x0,Other,-1,0,0,Composed: Copy with GPU GDI,2026-8-20 19:21:53.481954800,7.0620,7.0620,0.0000,0.2069,7.0614,0.2749,6.7865,NA,NA,NA,NA,NA,NA,NA
python.exe,31548,0x0,Other,-1,0,0,Composed: Copy with GPU GDI,2026-8-20 19:21:53.489016800,5.2041,5.2041,0.0000,0.2101,5.1696,0.2571,4.9125,NA,NA,NA,NA,NA,NA,NA
python.exe,31548,0x0,Other,0,0,1,Hardware: Legacy Flip,2026-8-20 19:21:53.494220900,0.4910,0.4910,0.0000,0.1792,0.3411,0.0670,0.2741,2.5957,16.3021,14.5279,4015.1407,NA,NA,NA
python.exe,31548,0x0,Other,-1,0,0,Composed: Copy with GPU GDI,2026-8-20 19:21:53.494711900,5.4948,5.4948,0.0000,0.0293,5.6302,2.2763,3.3539,NA,NA,NA,NA,NA,NA,NA
python.exe,31548,0x0,Other,-1,0,0,Composed: Copy with GPU GDI,2026-8-20 19:21:53.500206700,9.5986,9.5986,0.0000,0.1683,9.6040,0.2524,9.3516,NA,NA,NA,NA,NA,NA,NA
python.exe,31548,0x0,Other,0,0,1,Hardware: Legacy Flip,2026-8-20 19:21:53.509805300,1.1947,1.1947,0.0000,0.1770,1.0296,0.0471,0.9825,3.3134,6.8953,-0.7177,4030.7251,NA,NA,NA
python.exe,31548,0x0,Other,-1,0,0,Composed: Copy with GPU GDI,2026-8-20 19:21:53.511000000,2.2646,2.2646,0.0000,0.0119,2.4304,2.3174,0.1130,9.0140,10.2548,-5.7006,4031.9198,NA,NA,NA
python.exe,31548,0x0,Other,-1,0,0,Composed: Copy with GPU GDI,2026-8-20 19:21:53.513264600,7.6183,7.6183,0.0000,0.1813,7.6309,0.2627,7.3682,NA,NA,NA,NA,NA,NA,NA
python.exe,31548,0x0,Other,-1,0,0,Composed: Copy with GPU GDI,2026-8-20 19:21:53.520882900,4.4745,4.4745,0.0000,0.1966,4.3588,0.1508,4.2080,NA,NA,NA,NA,NA,NA,NA
python.exe,31548,0x0,Other,0,0,1,Hardware: Legacy Flip,2026-8-20 19:21:53.525357400,2.7835,2.7835,0.0000,0.0868,2.7090,0.0463,2.6627,4.9114,14.0092,4.1026,4046.2772,NA,NA,NA
python.exe,31548,0x0,Other,-1,0,0,Composed: Copy with GPU GDI,2026-8-20 19:21:53.528140900,3.8819,3.8819,0.0000,0.0123,4.1424,2.4046,1.7378,NA,NA,NA,NA,NA,NA,NA
python.exe,31548,0x0,Other,-1,0,0,Composed: Copy with GPU GDI,2026-8-20 19:21:53.532022800,5.1318,5.1318,0.0000,0.2764,5.0248,0.2587,4.7661,12.2552,2.9576,-7.3438,4052.9426,NA,NA,NA
python.exe,31548,0x0,Other,-1,0,0,Composed: Copy with GPU GDI,2026-8-20 19:21:53.537154600,6.4888,6.4888,0.0000,0.1736,6.4876,0.2563,6.2313,NA,NA,NA,NA,NA,NA,NA
python.exe,31548,0x0,Other,0,0,1,Hardware: Legacy Flip,2026-8-20 19:21:53.543643400,1.4257,1.4257,0.0000,0.1759,1.2630,0.0485,1.2145,3.5922,15.2899,8.6630,4064.5632,NA,NA,NA
python.exe,31548,0x0,Other,-1,0,0,Composed: Copy with GPU GDI,2026-8-20 19:21:53.545069100,3.0650,3.0650,0.0000,0.0132,3.2299,2.3576,0.8723,17.4564,11.1895,-13.8642,4065.9889,NA,NA,NA
python.exe,31548,0x0,Other,-1,0,0,Composed: Copy with GPU GDI,2026-8-20 19:21:53.548134100,21.4558,21.4558,0.0000,0.1807,21.4427,0.2710,21.1717,NA,NA,NA,NA,NA,NA,NA
python.exe,31548,0x0,Other,-1,0,0,Composed: Copy with GPU GDI,2026-8-20 19:21:53.569589900,0.2909,0.2909,0.0000,0.1725,0.1794,0.1166,0.0628,NA,NA,NA,NA,NA,NA,NA
python.exe,31548,0x0,Other,0,0,1,Hardware: Legacy Flip,2026-8-20 19:21:53.569880800,1.6976,1.6976,0.0000,0.0643,1.6835,0.0943,1.5892,3.8342,5.1306,13.6222,4090.8006,NA,NA,NA
python.exe,31548,0x0,Other,-1,0,0,Composed: Copy with GPU GDI,2026-8-20 19:21:53.571578400,0.6462,0.6462,0.0000,0.0502,2.2575,2.2575,0.0000,NA,NA,NA,NA,NA,NA,NA
python.exe,31548,0x0,Other,0,0,1,Hardware: Legacy Flip,2026-8-20 19:21:53.572224600,4.4811,4.4811,0.0000,1.6638,2.8292,0.0453,2.7839,6.6210,13.9633,-2.7868,4093.1444,NA,NA,NA
python.exe,31548,0x0,Other,-1,0,0,Composed: Copy with GPU GDI,2026-8-20 19:21:53.576705700,1.5262,1.5262,0.0000,0.0119,2.3101,2.3101,0.0000,16.1032,3.9444,-9.4822,4097.6255,NA,NA,NA
python.exe,31548,0x0,Other,-1,0,0,Composed: Copy with GPU GDI,2026-8-20 19:21:53.578231900,10.3454,10.3454,0.0000,0.7988,9.7193,0.2578,9.4615,NA,NA,NA,NA,NA,NA,NA
python.exe,31548,0x0,Other,-1,0,0,Composed: Copy with GPU GDI,2026-8-20 19:21:53.588577300,2.7866,2.7866,0.0000,0.1758,2.6893,0.1490,2.5403,NA,NA,NA,NA,NA,NA,NA
python.exe,31548,0x0,Other,0,0,1,Hardware: Legacy Flip,2026-8-20 19:21:53.591363900,3.2728,3.2728,0.0000,0.0853,3.2271,0.0732,3.1539,5.3894,14.2658,10.7138,4112.2837,NA,NA,NA
python.exe,31548,0x0,Other,-1,0,0,Composed: Copy with GPU GDI,2026-8-20 19:21:53.594636700,3.7692,3.7692,0.0000,0.0396,3.9297,2.2876,1.6421,16.3824,2.5555,-10.9930,4115.5565,NA,NA,NA
python.exe,31548,0x0,Other,-1,0,0,Composed: Copy with GPU GDI,2026-8-20 19:21:53.598405900,5.0049,5.0049,0.0000,0.2028,4.9833,0.2622,4.7211,NA,NA,NA,NA,NA,NA,NA
python.exe,31548,0x0,Other,-1,0,0,Composed: Copy with GPU GDI,2026-8-20 19:21:53.603410800,7.6293,7.6293,0.0000,0.1865,7.6219,0.2568,7.3651,NA,NA,NA,NA,NA,NA,NA
python.exe,31548,0x0,Other,0,0,1,Hardware: Legacy Flip,2026-8-20 19:21:53.611040100,0.4317,0.4317,0.0000,0.1829,0.2605,0.0447,0.2158,2.5345,9.5732,13.8479,4131.9599,NA,NA,NA
python.exe,31548,0x0,Other,-1,0,0,Composed: Copy with GPU GDI,2026-8-20 19:21:53.611471800,4.5751,4.5751,0.0000,0.0117,4.7483,2.2984,2.4499,11.6760,7.6971,-9.1415,4132.3916,NA,NA,NA
python.exe,31548,0x0,Other,-1,0,0,Composed: Copy with GPU GDI,2026-8-20 19:21:53.616046900,6.6718,6.6718,0.0000,0.1888,6.6635,0.2700,6.3935,NA,NA,NA,NA,NA,NA,NA
python.exe,31548,0x0,Other,-1,0,0,Composed: Copy with GPU GDI,2026-8-20 19:21:53.622718700,5.5667,5.5667,0.0000,0.1849,5.5620,0.2704,5.2916,NA,NA,NA,NA,NA,NA,NA
python.exe,31548,0x0,Other,0,0,1,Hardware: Legacy Flip,2026-8-20 19:21:53.628285400,0.4606,0.4606,0.0000,0.1848,0.2874,0.0482,0.2392,2.5595,16.1339,9.1165,4149.2052,NA,NA,NA
python.exe,31548,0x0,Other,-1,0,0,Composed: Copy with GPU GDI,2026-8-20 19:21:53.628746000,4.9189,4.9189,0.0000,0.0116,5.0919,2.3050,2.7869,NA,NA,NA,NA,NA,NA,NA
python.exe,31548,0x0,Other,-1,0,0,Composed: Copy with GPU GDI,2026-8-20 19:21:53.633664900,9.5555,9.5555,0.0000,0.1898,9.5496,0.2551,9.2945,NA,NA,NA,NA,NA,NA,NA
python.exe,31548,0x0,Other,0,0,1,Hardware: Legacy Flip,2026-8-20 19:21:53.643220400,1.6478,1.6478,0.0000,0.1865,1.4725,0.0419,1.4306,3.7584,6.5008,-1.1989,4164.1402,NA,NA,NA
python.exe,31548,0x0,Other,-1,0,0,Composed: Copy with GPU GDI,2026-8-20 19:21:53.644868200,0.7901,0.7901,0.0000,0.0112,2.2956,2.2956,0.0000,8.6114,9.8218,-4.8530,4165.7880,NA,NA,NA
python.exe,31548,0x0,Other,-1,0,0,Composed: Copy with GPU GDI,2026-8-20 19:21:53.645658300,8.4605,8.4605,0.0000,1.5203,7.2683,0.4144,6.8539,NA,NA,NA,NA,NA,NA,NA
python.exe,31548,0x0,Other,-1,0,0,Composed: Copy with GPU GDI,2026-8-20 19:21:53.654118800,4.1677,4.1677,0.0000,0.3317,3.9102,0.1419,3.7683,NA,NA,NA,NA,NA,NA,NA
python.exe,31548,0x0,Other,0,0,1,Hardware: Legacy Flip,2026-8-20 19:21:53.658286500,2.8905,2.8905,0.0000,0.0787,2.8237,0.0464,2.7773,5.0149,14.4455,3.5965,4179.2063,NA,NA,NA
python.exe,31548,0x0,Other,-1,0,0,Composed: Copy with GPU GDI,2026-8-20 19:21:53.661177000,3.7057,3.7057,0.0000,0.0119,3.8899,2.3213,1.5686,16.5699,1.5171,-11.5550,4182.0968,NA,NA,NA
python.exe,31548,0x0,Other,-1,0,0,Composed: Copy with GPU GDI,2026-8-20 19:21:53.664882700,4.9770,4.9770,0.0000,0.1992,4.9657,0.2683,4.6974,NA,NA,NA,NA,NA,NA,NA
python.exe,31548,0x0,Other,0,0,1,Hardware: Legacy Flip,2026-8-20 19:21:53.669859700,7.2851,7.2851,0.0000,0.1928,7.1038,0.0440,7.0598,9.4043,10.6079,7.1656,4190.7795,NA,NA,NA
python.exe,31548,0x0,Other,-1,0,0,Composed: Copy with GPU GDI,2026-8-20 19:21:53.677144800,0.7457,0.7457,0.0000,0.0115,2.2974,2.2974,0.0000,NA,NA,NA,NA,NA,NA,NA
python.exe,31548,0x0,Other,-1,0,0,Composed: Copy with GPU GDI,2026-8-20 19:21:53.677890500,3.5287,3.5287,0.0000,1.5655,2.1429,0.2601,1.8828,11.9814,7.3542,-2.5771,4198.8103,NA,NA,NA
python.exe,31548,0x0,Other,-1,0,0,Composed: Copy with GPU GDI,2026-8-20 19:21:53.681419200,7.4761,7.4761,0.0000,0.1843,7.4910,0.2626,7.2284,NA,NA,NA,NA,NA,NA,NA
python.exe,31548,0x0,Other,-1,0,0,Composed: Copy with GPU GDI,2026-8-20 19:21:53.688895300,5.7038,5.7038,0.0000,0.2018,5.6938,0.2759,5.4179,NA,NA,NA,NA,NA,NA,NA
python.exe,31548,0x0,Other,0,0,1,Hardware: Legacy Flip,2026-8-20 19:21:53.694599100,0.4981,0.4981,0.0000,0.1977,0.3142,0.0553,0.2589,2.6270,15.6605,9.3544,4215.5189,NA,NA,NA
python.exe,31548,0x0,Other,-1,0,0,Composed: Copy with GPU GDI,2026-8-20 19:21:53.695097200,5.9235,5.9235,0.0000,0.0138,6.1208,2.3606,3.7602,NA,NA,NA,NA,NA,NA,NA
python.exe,31548,0x0,Other,-1,0,0,Composed: Copy with GPU GDI,2026-8-20 19:21:53.701020700,9.1298,9.1298,0.0000,0.2152,9.1678,0.3426,8.8252,NA,NA,NA,NA,NA,NA,NA
python.exe,31548,0x0,Other,0,0,1,Hardware: Legacy Flip,2026-8-20 19:21:53.710150500,0.5648,0.5648,0.0000,0.2550,0.3226,0.0490,0.2736,2.7361,7.3233,-0.1091,4231.0703,NA,NA,NA
python.exe,31548,0x0,Other,-1,0,0,Composed: Copy with GPU GDI,2026-8-20 19:21:53.710715300,0.8700,0.8700,0.0000,0.0128,2.3528,2.3528,0.0000,9.4946,9.5271,-6.7585,4231.6351,NA,NA,NA
python.exe,31548,0x0,Other,-1,0,0,Composed: Copy with GPU GDI,2026-8-20 19:21:53.711585300,9.2369,9.2369,0.0000,1.4992,8.1254,0.4735,7.6519,NA,NA,NA,NA,NA,NA,NA
python.exe,31548,0x0,Other,-1,0,0,Composed: Copy with GPU GDI,2026-8-20 19:21:53.720822200,4.4860,4.4860,0.0000,0.3914,4.1746,0.1512,4.0234,NA,NA,NA,NA,NA,NA,NA
python.exe,31548,0x0,Other,0,0,1,Hardware: Legacy Flip,2026-8-20 19:21:53.725308200,2.2209,2.2209,0.0000,0.0860,2.1467,0.0472,2.0995,4.4288,14.7367,5.0658,4246.2280,NA,NA,NA
python.exe,31548,0x0,Other,-1,0,0,Composed: Copy with GPU GDI,2026-8-20 19:21:53.727529100,4.5126,4.5126,0.0000,0.0118,4.6985,2.3984,2.3001,16.9446,2.9627,-12.5158,4248.4489,NA,NA,NA
python.exe,31548,0x0,Other,-1,0,0,Composed: Copy with GPU GDI,2026-8-20 19:21:53.732041700,4.7719,4.7719,0.0000,0.2004,4.7573,0.2650,4.4923,NA,NA,NA,NA,NA,NA,NA
python.exe,31548,0x0,Other,-1,0,0,Composed: Copy with GPU GDI,2026-8-20 19:21:53.736813600,6.2167,6.2167,0.0000,0.1908,6.2170,0.2609,5.9561,NA,NA,NA,NA,NA,NA,NA
python.exe,31548,0x0,Other,0,0,1,Hardware: Legacy Flip,2026-8-20 19:21:53.743030300,2.2150,2.2150,0.0000,0.1938,2.0334,0.0443,1.9891,4.4061,15.2483,12.5385,4263.9501,NA,NA,NA
python.exe,31548,0x0,Other,-1,0,0,Composed: Copy with GPU GDI,2026-8-20 19:21:53.745245300,4.3063,4.3063,0.0000,0.0122,4.4838,2.3982,2.0856,17.4394,1.0700,-13.0333,4266.1651,NA,NA,NA
python.exe,31548,0x0,Other,-1,0,0,Composed: Copy with GPU GDI,2026-8-20 19:21:53.749551600,6.5246,6.5246,0.0000,0.1943,6.5156,0.2686,6.2470,NA,NA,NA,NA,NA,NA,NA
python.exe,31548,0x0,Other,-1,0,0,Composed: Copy with GPU GDI,2026-8-20 19:21:53.756076200,5.0502,5.0502,0.0000,0.1881,5.0430,0.2635,4.7795,NA,NA,NA,NA,NA,NA,NA
python.exe,31548,0x0,Other,0,0,1,Hardware: Legacy Flip,2026-8-20 19:21:53.761126400,0.4035,0.4035,0.0000,0.1853,0.2301,0.0443,0.1858,2.6283,15.7792,14.8111,4282.0462,NA,NA,NA
python.exe,31548,0x0,Other,-1,0,0,Composed: Copy with GPU GDI,2026-8-20 19:21:53.761529900,5.4950,5.4950,0.0000,0.0119,5.6848,2.4353,3.2495,NA,NA,NA,NA,NA,NA,NA
python.exe,31548,0x0,Other,-1,0,0,Composed: Copy with GPU GDI,2026-8-20 19:21:53.767024900,9.5184,9.5184,0.0000,0.2056,9.5035,0.2610,9.2425,NA,NA,NA,NA,NA,NA,NA
python.exe,31548,0x0,Other,0,0,1,Hardware: Legacy Flip,2026-8-20 19:21:53.776543300,0.7885,0.7885,0.0000,0.1934,0.6064,0.0420,0.5644,2.9906,7.4101,-0.3623,4297.4631,NA,NA,NA
python.exe,31548,0x0,Other,-1,0,0,Composed: Copy with GPU GDI,2026-8-20 19:21:53.777331800,1.7365,1.7365,0.0000,0.0113,2.3749,2.3749,0.0000,9.6122,9.2054,-6.6216,4298.2516,NA,NA,NA
python.exe,31548,0x0,Other,-1,0,0,Composed: Copy with GPU GDI,2026-8-20 19:21:53.779068300,8.5171,8.5171,0.0000,0.6530,8.0533,0.2634,7.7899,NA,NA,NA,NA,NA,NA,NA
python.exe,31548,0x0,Other,-1,0,0,Composed: Copy with GPU GDI,2026-8-20 19:21:53.787585400,3.6017,3.6017,0.0000,0.1912,3.6020,0.2769,3.3251,NA,NA,NA,NA,NA,NA,NA
python.exe,31548,0x0,Other,0,0,1,Hardware: Legacy Flip,2026-8-20 19:21:53.791187100,2.4409,2.4409,0.0000,0.1954,2.2687,0.0812,2.1875,4.9623,15.0758,4.6499,4312.1069,NA,NA,NA
python.exe,31548,0x0,Other,-1,0,0,Composed: Copy with GPU GDI,2026-8-20 19:21:53.793628000,4.9216,4.9216,0.0000,0.0232,5.1021,2.7097,2.3924,17.5972,2.9324,-12.6349,4314.5478,NA,NA,NA
python.exe,31548,0x0,Other,-1,0,0,Composed: Copy with GPU GDI,2026-8-20 19:21:53.798549600,4.3150,4.3150,0.0000,0.2063,4.2934,0.2653,4.0281,NA,NA,NA,NA,NA,NA,NA
python.exe,31548,0x0,Other,-1,0,0,Composed: Copy with GPU GDI,2026-8-20 19:21:53.802864600,7.3987,7.3987,0.0000,0.1897,7.4037,0.2617,7.1420,NA,NA,NA,NA,NA,NA,NA
python.exe,31548,0x0,Other,0,0,1,Hardware: Legacy Flip,2026-8-20 19:21:53.810263300,1.3855,1.3855,0.0000,0.1975,1.2030,0.0727,1.1303,3.8943,15.2876,13.7029,4331.1831,NA,NA,NA
python.exe,31548,0x0,Other,-1,0,0,Composed: Copy with GPU GDI,2026-8-20 19:21:53.811648800,4.6725,4.6725,0.0000,0.0150,4.8607,2.7194,2.1413,NA,NA,NA,NA,NA,NA,NA
python.exe,31548,0x0,Other,-1,0,0,Composed: Copy with GPU GDI,2026-8-20 19:21:53.816321300,5.0377,5.0377,0.0000,0.2073,5.0248,0.2673,4.7575,NA,NA,NA,NA,NA,NA,NA
python.exe,31548,0x0,Other,0,0,1,Hardware: Legacy Flip,2026-8-20 19:21:53.821359000,5.8716,5.8716,0.0000,0.1986,5.6851,0.0450,5.6401,8.0862,12.0999,-4.1919,4342.2788,NA,NA,NA
python.exe,31548,0x0,Other,-1,0,0,Composed: Copy with GPU GDI,2026-8-20 19:21:53.827230600,1.1855,1.1855,0.0000,0.0121,2.3598,2.3598,0.0000,NA,NA,NA,NA,NA,NA,NA
python.exe,31548,0x0,Other,-1,0,0,Composed: Copy with GPU GDI,2026-8-20 19:21:53.828416100,5.6804,5.6804,0.0000,1.1891,4.6707,0.2615,4.4092,13.1290,5.7066,-5.0428,4349.3359,NA,NA,NA
python.exe,31548,0x0,Other,-1,0,0,Composed: Copy with GPU GDI,2026-8-20 19:21:53.834096500,8.7659,8.7659,0.0000,0.1837,8.8075,0.2961,8.5114,NA,NA,NA,NA,NA,NA,NA
python.exe,31548,0x0,Other,0,0,1,Hardware: Legacy Flip,2026-8-20 19:21:53.842862400,2.1355,2.1355,0.0000,0.2284,1.9220,0.0539,1.8681,4.3893,6.4339,8.7397,4363.7822,NA,NA,NA
python.exe,31548,0x0,Other,-1,0,0,Composed: Copy with GPU GDI,2026-8-20 19:21:53.844997900,0.5351,0.5351,0.0000,0.0149,2.4257,2.4257,0.0000,8.6877,9.9503,-4.2984,4365.9177,NA,NA,NA
python.exe,31548,0x0,Other,-1,0,0,Composed: Copy with GPU GDI,2026-8-20 19:21:53.845533000,8.3056,8.3056,0.0000,1.9088,6.5832,0.2661,6.3171,NA,NA,NA,NA,NA,NA,NA
python.exe,31548,0x0,Other,-1,0,0,Composed: Copy with GPU GDI,2026-8-20 19:21:53.853838600,4.8641,4.8641,0.0000,0.1892,4.8738,0.2609,4.6129,NA,NA,NA,NA,NA,NA,NA
python.exe,31548,0x0,Other,0,0,1,Hardware: Legacy Flip,2026-8-20 19:21:53.858702700,2.7022,2.7022,0.0000,0.2034,2.5097,0.0425,2.4672,4.9332,14.3105,3.7545,4379.6225,NA,NA,NA
python.exe,31548,0x0,Other,-1,0,0,Composed: Copy with GPU GDI,2026-8-20 19:21:53.861404900,4.1460,4.1460,0.0000,0.0109,4.3315,2.4410,1.8905,16.5415,1.3280,-11.6083,4382.3247,NA,NA,NA
python.exe,31548,0x0,Other,-1,0,0,Composed: Copy with GPU GDI,2026-8-20 19:21:53.865550900,4.7763,4.7763,0.0000,0.1989,4.7564,0.2652,4.4912,NA,NA,NA,NA,NA,NA,NA
python.exe,31548,0x0,Other,0,0,1,Hardware: Legacy Flip,2026-8-20 19:21:53.870327200,6.7450,6.7450,0.0000,0.1835,6.5735,0.0508,6.5227,8.9472,10.8001,7.5943,4391.2470,NA,NA,NA
python.exe,31548,0x0,Other,-1,0,0,Composed: Copy with GPU GDI,2026-8-20 19:21:53.877072200,0.6932,0.6932,0.0000,0.0120,2.4027,2.4027,0.0000,NA,NA,NA,NA,NA,NA,NA
python.exe,31548,0x0,Other,-1,0,0,Composed: Copy with GPU GDI,2026-8-20 19:21:53.877765400,5.1685,5.1685,0.0000,1.7242,3.6292,0.2718,3.3574,12.3091,7.1841,-3.3619,4398.6852,NA,NA,NA
python.exe,31548,0x0,Other,-1,0,0,Composed: Copy with GPU GDI,2026-8-20 19:21:53.882933900,5.9628,5.9628,0.0000,0.1905,5.9686,0.2665,5.7021,NA,NA,NA,NA,NA,NA,NA
python.exe,31548,0x0,Other,-1,0,0,Composed: Copy with GPU GDI,2026-8-20 19:21:53.888896700,5.7046,5.7046,0.0000,0.1989,5.6824,0.2691,5.4133,NA,NA,NA,NA,NA,NA,NA
python.exe,31548,0x0,Other,0,0,1,Hardware: Legacy Flip,2026-8-20 19:21:53.894601300,0.4564,0.4564,0.0000,0.1812,0.2894,0.0541,0.2353,2.6573,16.3784,9.6518,4415.5211,NA,NA,NA
python.exe,31548,0x0,Other,-1,0,0,Composed: Copy with GPU GDI,2026-8-20 19:21:53.895057700,4.3867,4.3867,0.0000,0.0142,4.5764,2.4079,2.1685,NA,NA,NA,NA,NA,NA,NA
python.exe,31548,0x0,Other,-1,0,0,Composed: Copy with GPU GDI,2026-8-20 19:21:53.899444400,7.0402,7.0402,0.0000,0.2067,7.0297,0.2612,6.7685,NA,NA,NA,NA,NA,NA,NA
python.exe,31548,0x0,Other,0,0,1,Hardware: Legacy Flip,2026-8-20 19:21:53.906484600,4.8971,4.8971,0.0000,0.2007,4.7097,0.0502,4.6595,7.1524,12.8489,-4.4951,4427.4044,NA,NA,NA
python.exe,31548,0x0,Other,-1,0,0,Composed: Copy with GPU GDI,2026-8-20 19:21:53.911381700,1.2164,1.2164,0.0000,0.0133,2.4352,2.4352,0.0000,15.1042,3.4968,-7.9518,4432.3015,NA,NA,NA
python.exe,31548,0x0,Other,-1,0,0,Composed: Copy with GPU GDI,2026-8-20 19:21:53.912598100,8.2550,8.2550,0.0000,1.2350,7.2276,0.2763,6.9513,NA,NA,NA,NA,NA,NA,NA
python.exe,31548,0x0,Other,-1,0,0,Composed: Copy with GPU GDI,2026-8-20 19:21:53.920853100,3.3704,3.3704,0.0000,0.2094,3.3648,0.2883,3.0765,NA,NA,NA,NA,NA,NA,NA
python.exe,31548,0x0,Other,0,0,1,Hardware: Legacy Flip,2026-8-20 19:21:53.924223500,3.4929,3.4929,0.0000,0.2097,3.2958,0.0531,3.2427,5.7592,14.6953,9.3450,4445.1433,NA,NA,NA
python.exe,31548,0x0,Other,-1,0,0,Composed: Copy with GPU GDI,2026-8-20 19:21:53.927716400,4.4706,4.4706,0.0000,0.0126,4.6628,2.4626,2.2002,16.9616,2.1845,-11.2024,4448.6362,NA,NA,NA
python.exe,31548,0x0,Other,-1,0,0,Composed: Copy with GPU GDI,2026-8-20 19:21:53.932187000,4.2120,4.2120,0.0000,0.2075,4.1930,0.2749,3.9181,NA,NA,NA,NA,NA,NA,NA
python.exe,31548,0x0,Other,-1,0,0,Composed: Copy with GPU GDI,2026-8-20 19:21:53.936399000,6.8963,6.8963,0.0000,0.1937,6.9007,0.2631,6.6376,NA,NA,NA,NA,NA,NA,NA
python.exe,31548,0x0,Other,0,0,1,Hardware: Legacy Flip,2026-8-20 19:21:53.943295300,1.2803,1.2803,0.0000,0.2009,1.0901,0.0405,1.0496,3.5672,15.6998,13.3944,4464.2151,NA,NA,NA
python.exe,31548,0x0,Other,-1,0,0,Composed: Copy with GPU GDI,2026-8-20 19:21:53.944575600,3.7581,3.7581,0.0000,0.0107,3.9514,2.4946,1.4568,NA,NA,NA,NA,NA,NA,NA
python.exe,31548,0x0,Other,-1,0,0,Composed: Copy with GPU GDI,2026-8-20 19:21:53.948333700,7.1169,7.1169,0.0000,0.2067,7.0971,0.2678,6.8293,NA,NA,NA,NA,NA,NA,NA
python.exe,31548,0x0,Other,0,0,1,Hardware: Legacy Flip,2026-8-20 19:21:53.955450600,4.8495,4.8495,0.0000,0.1913,4.6699,0.0476,4.6223,7.1117,12.4474,-3.5445,4476.3704,NA,NA,NA
python.exe,31548,0x0,Other,-1,0,0,Composed: Copy with GPU GDI,2026-8-20 19:21:53.960300100,0.5984,0.5984,0.0000,0.0117,2.4326,2.4326,0.0000,14.7096,4.8787,-7.5979,4481.2199,NA,NA,NA
python.exe,31548,0x0,Other,-1,0,0,Composed: Copy with GPU GDI,2026-8-20 19:21:53.960898500,7.5995,7.5995,0.0000,1.8512,5.9431,0.2657,5.6774,NA,NA,NA,NA,NA,NA,NA
python.exe,31548,0x0,Other,-1,0,0,Composed: Copy with GPU GDI,2026-8-20 19:21:53.968498000,4.5071,4.5071,0.0000,0.1987,4.5035,0.2628,4.2407,NA,NA,NA,NA,NA,NA,NA
python.exe,31548,0x0,Other,0,0,1,Hardware: Legacy Flip,2026-8-20 19:21:53.973005100,4.4952,4.4952,0.0000,0.1988,4.3092,0.0485,4.2607,6.8833,13.3342,7.8263,4493.9249,NA,NA,NA
python.exe,31548,0x0,Other,-1,0,0,Composed: Copy with GPU GDI,2026-8-20 19:21:53.977500300,2.1707,2.1707,0.0000,0.0128,2.5566,2.5566,0.0000,15.7223,2.8401,-8.8390,4498.4201,NA,NA,NA
python.exe,31548,0x0,Other,-1,0,0,Composed: Copy with GPU GDI,2026-8-20 19:21:53.979671000,7.8882,7.8882,0.0000,0.4019,7.8137,0.4111,7.4026,NA,NA,NA,NA,NA,NA,NA
python.exe,31548,0x0,Other,-1,0,0,Composed: Copy with GPU GDI,2026-8-20 19:21:53.987559200,4.1227,4.1227,0.0000,0.3296,4.0919,0.3731,3.7188,NA,NA,NA,NA,NA,NA,NA
python.exe,31548,0x0,Other,0,0,1,Hardware: Legacy Flip,2026-8-20 19:21:53.991681900,1.8766,1.8766,0.0000,0.3041,1.5903,0.0571,1.5332,4.3808,15.3469,11.3415,4512.6017,NA,NA,NA
python.exe,31548,0x0,Other,-1,0,0,Composed: Copy with GPU GDI,2026-8-20 19:21:53.993558500,4.8779,4.8779,0.0000,0.0178,5.1664,2.8126,2.3538,17.8511,1.9890,-13.4703,4514.4783,NA,NA,NA
python.exe,31548,0x0,Other,-1,0,0,Composed: Copy with GPU GDI,2026-8-20 19:21:53.998436400,4.3791,4.3791,0.0000,0.3092,4.2222,0.2171,4.0051,NA,NA,NA,NA,NA,NA,NA
python.exe,31548,0x0,Other,-1,0,0,Composed: Copy with GPU GDI,2026-8-20 19:21:54.002815500,7.5180,7.5180,0.0000,0.1549,7.6608,0.3739,7.2869,NA,NA,NA,NA,NA,NA,NA
python.exe,31548,0x0,Other,0,0,1,Hardware: Legacy Flip,2026-8-20 19:21:54.010333500,0.7811,0.7811,0.0000,0.3012,0.4914,0.0422,0.4492,3.0651,16.2071,14.7860,4531.2533,NA,NA,NA
python.exe,31548,0x0,Other,-1,0,0,Composed: Copy with GPU GDI,2026-8-20 19:21:54.011114600,5.8339,5.8339,0.0000,0.0115,6.1049,2.5974,3.5075,18.4911,1.3674,-15.4260,4532.0344,NA,NA,NA
python.exe,31548,0x0,Other,-1,0,0,Composed: Copy with GPU GDI,2026-8-20 19:21:54.016948500,4.5450,4.5450,0.0000,0.2866,4.5428,0.3789,4.1639,NA,NA,NA,NA,NA,NA,NA
python.exe,31548,0x0,Other,-1,0,0,Composed: Copy with GPU GDI,2026-8-20 19:21:54.021493500,6.7493,6.7493,0.0000,0.2879,6.7763,0.3910,6.3853,NA,NA,NA,NA,NA,NA,NA
python.exe,31548,0x0,Other,0,0,1,Hardware: Legacy Flip,2026-8-20 19:21:54.028242800,0.4281,0.4281,0.0000,0.3190,0.1267,0.0588,0.0679,2.7303,16.2531,15.7608,4549.1626,NA,NA,NA
python.exe,31548,0x0,Other,-1,0,0,Composed: Copy with GPU GDI,2026-8-20 19:21:54.028670900,4.4019,4.4019,0.0000,0.0176,4.6772,2.6074,2.0698,NA,NA,NA,NA,NA,NA,NA
python.exe,31548,0x0,Other,-1,0,0,Composed: Copy with GPU GDI,2026-8-20 19:21:54.033072800,9.8035,9.8035,0.0000,0.2956,9.8036,0.3978,9.4058,NA,NA,NA,NA,NA,NA,NA
python.exe,31548,0x0,Other,0,0,1,Hardware: Legacy Flip,2026-8-20 19:21:54.042876300,2.1006,2.1006,0.0000,0.2997,1.8161,0.0559,1.7602,4.3499,6.6504,-1.6196,4563.7961,NA,NA,NA
python.exe,31548,0x0,Other,-1,0,0,Composed: Copy with GPU GDI,2026-8-20 19:21:54.044976900,1.3511,1.3511,0.0000,0.0152,2.4232,2.4232,0.0000,8.8997,9.0805,-4.5498,4565.8967,NA,NA,NA
python.exe,31548,0x0,Other,-1,0,0,Composed: Copy with GPU GDI,2026-8-20 19:21:54.046328000,8.3534,8.3534,0.0000,1.0902,7.7189,0.5618,7.1571,NA,NA,NA,NA,NA,NA,NA
python.exe,31548,0x0,Other,-1,0,0,Composed: Copy with GPU GDI,2026-8-20 19:21:54.054681400,3.5513,3.5513,0.0000,0.4591,3.3362,0.3334,3.0028,NA,NA,NA,NA,NA,NA,NA
python.exe,31548,0x0,Other,0,0,1,Hardware: Legacy Flip,2026-8-20 19:21:54.058232700,2.4785,2.4785,0.0000,0.2466,2.2490,0.0606,2.1884,4.7244,15.1825,4.1753,4579.1525,NA,NA,NA
python.exe,31548,0x0,Other,-1,0,0,Composed: Copy with GPU GDI,2026-8-20 19:21:54.060711200,5.1828,5.1828,0.0000,0.0171,5.4932,2.6014,2.8918,NA,NA,NA,NA,NA,NA,NA
python.exe,31548,0x0,Other,-1,0,0,Composed: Copy with GPU GDI,2026-8-20 19:21:54.065894000,4.9012,4.9012,0.0000,0.3306,4.8705,0.3773,4.4932,12.2456,2.0412,-7.5212,4586.8138,NA,NA,NA
python.exe,31548,0x0,Other,-1,0,0,Composed: Copy with GPU GDI,2026-8-20 19:21:54.070795200,6.6817,6.6817,0.0000,0.3037,6.7016,0.4227,6.2789,NA,NA,NA,NA,NA,NA,NA
python.exe,31548,0x0,Other,0,0,1,Hardware: Legacy Flip,2026-8-20 19:21:54.077476900,0.4870,0.4870,0.0000,0.3269,0.1739,0.0521,0.1218,2.7039,16.1611,9.5417,4598.3967,NA,NA,NA
python.exe,31548,0x0,Other,-1,0,0,Composed: Copy with GPU GDI,2026-8-20 19:21:54.077963900,4.4000,4.4000,0.0000,0.0138,4.5585,2.4071,2.1514,18.3780,1.1730,-15.6741,4598.8837,NA,NA,NA
python.exe,31548,0x0,Other,-1,0,0,Composed: Copy with GPU GDI,2026-8-20 19:21:54.082363900,7.5667,7.5667,0.0000,0.1752,7.6913,0.3846,7.3067,NA,NA,NA,NA,NA,NA,NA
python.exe,31548,0x0,Other,-1,0,0,Composed: Copy with GPU GDI,2026-8-20 19:21:54.089930600,4.4595,4.4595,0.0000,0.3035,4.4682,0.3994,4.0688,NA,NA,NA,NA,NA,NA,NA
python.exe,31548,0x0,Other,0,0,1,Hardware: Legacy Flip,2026-8-20 19:21:54.094390100,0.8753,0.8753,0.0000,0.3152,0.5734,0.0514,0.5220,3.1248,15.5290,15.2532,4615.3099,NA,NA,NA
python.exe,31548,0x0,Other,-1,0,0,Composed: Copy with GPU GDI,2026-8-20 19:21:54.095265400,5.8051,5.8051,0.0000,0.0133,6.0873,2.6075,3.4798,NA,NA,NA,NA,NA,NA,NA
python.exe,31548,0x0,Other,-1,0,0,Composed: Copy with GPU GDI,2026-8-20 19:21:54.101070500,8.9631,8.9631,0.0000,0.3009,8.8325,0.2762,8.5563,NA,NA,NA,NA,NA,NA,NA
python.exe,31548,0x0,Other,0,0,1,Hardware: Legacy Flip,2026-8-20 19:21:54.110033600,0.7540,0.7540,0.0000,0.1748,0.5942,0.0550,0.5392,3.0103,7.5685,0.1145,4630.9534,NA,NA,NA
python.exe,31548,0x0,Other,-1,0,0,Composed: Copy with GPU GDI,2026-8-20 19:21:54.110787600,2.1776,2.1776,0.0000,0.0150,2.4262,2.4262,0.0000,9.8248,9.5392,-6.8145,4631.7074,NA,NA,NA
python.exe,31548,0x0,Other,-1,0,0,Composed: Copy with GPU GDI,2026-8-20 19:21:54.112965200,7.8102,7.8102,0.0000,0.2667,7.8238,0.3824,7.4414,NA,NA,NA,NA,NA,NA,NA
python.exe,31548,0x0,Other,-1,0,0,Composed: Copy with GPU GDI,2026-8-20 19:21:54.120775400,4.2603,4.2603,0.0000,0.2832,4.2834,0.3896,3.8938,NA,NA,NA,NA,NA,NA,NA
python.exe,31548,0x0,Other,0,0,1,Hardware: Legacy Flip,2026-8-20 19:21:54.125035700,2.4444,2.4444,0.0000,0.3092,2.1499,0.0565,2.0934,5.1159,14.7224,4.7089,4645.9555,NA,NA,NA
python.exe,31548,0x0,Other,-1,0,0,Composed: Copy with GPU GDI,2026-8-20 19:21:54.127480100,4.6834,4.6834,0.0000,0.0147,4.9691,2.9694,1.9997,17.3939,1.3462,-12.2780,4648.3999,NA,NA,NA
python.exe,31548,0x0,Other,-1,0,0,Composed: Copy with GPU GDI,2026-8-20 19:21:54.132163500,3.9618,3.9618,0.0000,0.3032,3.9509,0.3659,3.5850,NA,NA,NA,NA,NA,NA,NA
python.exe,31548,0x0,Other,-1,0,0,Composed: Copy with GPU GDI,2026-8-20 19:21:54.136125300,7.0106,7.0106,0.0000,0.2964,7.0330,0.3922,6.6408,NA,NA,NA,NA,NA,NA,NA
python.exe,31548,0x0,Other,0,0,1,Hardware: Legacy Flip,2026-8-20 19:21:54.143135900,0.8119,0.8119,0.0000,0.3226,0.5017,0.0455,0.4562,3.0843,16.9280,14.3096,4664.0557,NA,NA,NA
python.exe,31548,0x0,Other,-1,0,0,Composed: Copy with GPU GDI,2026-8-20 19:21:54.143947800,4.7023,4.7023,0.0000,0.0124,4.8384,2.4212,2.4172,NA,NA,NA,NA,NA,NA,NA
python.exe,31548,0x0,Other,-1,0,0,Composed: Copy with GPU GDI,2026-8-20 19:21:54.148650100,6.2343,6.2343,0.0000,0.1512,6.3858,0.3825,6.0033,NA,NA,NA,NA,NA,NA,NA
python.exe,31548,0x0,Other,-1,0,0,Composed: Copy with GPU GDI,2026-8-20 19:21:54.154884400,5.4654,5.4654,0.0000,0.3071,5.4635,0.3939,5.0696,NA,NA,NA,NA,NA,NA,NA
python.exe,31548,0x0,Other,0,0,1,Hardware: Legacy Flip,2026-8-20 19:21:54.160349800,0.4646,0.4646,0.0000,0.3102,0.1690,0.0533,0.1157,2.7984,16.2336,0.2859,4681.2696,NA,NA,NA
python.exe,31548,0x0,Other,-1,0,0,Composed: Copy with GPU GDI,2026-8-20 19:21:54.160814400,5.4195,5.4195,0.0000,0.0146,5.6110,2.5245,3.0865,NA,NA,NA,NA,NA,NA,NA
python.exe,31548,0x0,Other,-1,0,0,Composed: Copy with GPU GDI,2026-8-20 19:21:54.166233900,6.6198,6.6198,0.0000,0.2088,6.7085,0.3791,6.3294,NA,NA,NA,NA,NA,NA,NA
python.exe,31548,0x0,Other,0,0,1,Hardware: Legacy Flip,2026-8-20 19:21:54.172853700,4.2263,4.2263,0.0000,0.3026,3.9417,0.0566,3.8851,6.5281,14.0207,-3.7297,4693.7735,NA,NA,NA
python.exe,31548,0x0,Other,-1,0,0,Composed: Copy with GPU GDI,2026-8-20 19:21:54.177080000,2.3855,2.3855,0.0000,0.0180,2.4879,2.4879,0.0000,16.3225,3.7115,-9.7944,4697.9998,NA,NA,NA
python.exe,31548,0x0,Other,-1,0,0,Composed: Copy with GPU GDI,2026-8-20 19:21:54.179465500,8.1175,8.1175,0.0000,0.1250,8.3137,0.4014,7.9123,NA,NA,NA,NA,NA,NA,NA
python.exe,31548,0x0,Other,-1,0,0,Composed: Copy with GPU GDI,2026-8-20 19:21:54.187583000,4.3421,4.3421,0.0000,0.3240,4.3169,0.3721,3.9448,NA,NA,NA,NA,NA,NA,NA
python.exe,31548,0x0,Other,0,0,1,Hardware: Legacy Flip,2026-8-20 19:21:54.191925100,2.9022,2.9022,0.0000,0.3023,2.6119,0.0439,2.5680,5.1889,14.4897,11.1336,4712.8449,NA,NA,NA
python.exe,31548,0x0,Other,-1,0,0,Composed: Copy with GPU GDI,2026-8-20 19:21:54.194827300,3.8545,3.8545,0.0000,0.0120,4.1575,2.5991,1.5584,16.7764,1.1050,-11.5875,4715.7471,NA,NA,NA
python.exe,31548,0x0,Other,-1,0,0,Composed: Copy with GPU GDI,2026-8-20 19:21:54.198681800,4.8789,4.8789,0.0000,0.3177,4.8727,0.3973,4.4754,NA,NA,NA,NA,NA,NA,NA
python.exe,31548,0x0,Other,-1,0,0,Composed: Copy with GPU GDI,2026-8-20 19:21:54.203560700,6.5493,6.5493,0.0000,0.3163,6.5459,0.3833,6.1626,NA,NA,NA,NA,NA,NA,NA
python.exe,31548,0x0,Other,0,0,1,Hardware: Legacy Flip,2026-8-20 19:21:54.210110000,0.3549,0.3549,0.0000,0.3177,0.0502,0.0484,0.0018,2.5987,17.1246,14.1777,4731.0298,NA,NA,NA
python.exe,31548,0x0,Other,-1,0,0,Composed: Copy with GPU GDI,2026-8-20 19:21:54.210464900,4.5234,4.5234,0.0000,0.0130,4.8220,2.5522,2.2698,19.3684,0.1432,-16.7697,4731.3847,NA,NA,NA
python.exe,31548,0x0,Other,-1,0,0,Composed: Copy with GPU GDI,2026-8-20 19:21:54.214988300,6.5419,6.5419,0.0000,0.3164,6.5578,0.3975,6.1603,NA,NA,NA,NA,NA,NA,NA
python.exe,31548,0x0,Other,-1,0,0,Composed: Copy with GPU GDI,2026-8-20 19:21:54.221530200,5.6109,5.6109,0.0000,0.3351,5.5923,0.4008,5.1915,NA,NA,NA,NA,NA,NA,NA
python.exe,31548,0x0,Other,0,0,1,Hardware: Legacy Flip,2026-8-20 19:21:54.227141100,0.5060,0.5060,0.0000,0.3210,0.2003,0.0578,0.1425,2.8354,17.4574,16.5330,4748.0609,NA,NA,NA
python.exe,31548,0x0,Other,-1,0,0,Composed: Copy with GPU GDI,2026-8-20 19:21:54.227647100,5.5764,5.5764,0.0000,0.0153,5.7669,2.5296,3.2373,NA,NA,NA,NA,NA,NA,NA
python.exe,31548,0x0,Other,-1,0,0,Composed: Copy with GPU GDI,2026-8-20 19:21:54.233223500,10.2124,10.2124,0.0000,0.2086,10.2020,0.2719,9.9301,NA,NA,NA,NA,NA,NA,NA
python.exe,31548,0x0,Other,0,0,1,Hardware: Legacy Flip,2026-8-20 19:21:54.243435900,1.6135,1.6135,0.0000,0.2035,1.4225,0.0451,1.3774,3.9980,6.6484,-1.1626,4764.3557,NA,NA,NA
python.exe,31548,0x0,Other,-1,0,0,Composed: Copy with GPU GDI,2026-8-20 19:21:54.245049400,0.7200,0.7200,0.0000,0.0125,2.5685,2.5685,0.0000,9.0329,9.8001,-5.0349,4765.9692,NA,NA,NA
python.exe,31548,0x0,Other,-1,0,0,Composed: Copy with GPU GDI,2026-8-20 19:21:54.245769400,8.7225,8.7225,0.0000,1.8653,7.1355,0.3862,6.7493,NA,NA,NA,NA,NA,NA,NA
python.exe,31548,0x0,Other,-1,0,0,Composed: Copy with GPU GDI,2026-8-20 19:21:54.254491900,3.9369,3.9369,0.0000,0.2813,3.9484,0.3751,3.5733,NA,NA,NA,NA,NA,NA,NA
python.exe,31548,0x0,Other,0,0,1,Hardware: Legacy Flip,2026-8-20 19:21:54.258428800,3.1101,3.1101,0.0000,0.2957,2.8279,0.0530,2.7749,5.4536,14.4801,3.5793,4779.3486,NA,NA,NA
python.exe,31548,0x0,Other,-1,0,0,Composed: Copy with GPU GDI,2026-8-20 19:21:54.261538900,5.5201,5.5201,0.0000,0.0135,5.8498,2.7224,3.1274,NA,NA,NA,NA,NA,NA,NA
python.exe,31548,0x0,Other,-1,0,0,Composed: Copy with GPU GDI,2026-8-20 19:21:54.267059000,2.9313,2.9313,0.0000,0.3459,2.8455,0.3363,2.5092,11.3035,2.4031,-5.8499,4787.9788,NA,NA,NA
python.exe,31548,0x0,Other,-1,0,0,Composed: Copy with GPU GDI,2026-8-20 19:21:54.269990300,7.1450,7.1450,0.0000,0.2629,7.1735,0.3719,6.8016,NA,NA,NA,NA,NA,NA,NA
python.exe,31548,0x0,Other,0,0,1,Hardware: Legacy Flip,2026-8-20 19:21:54.277135300,1.3955,1.3955,0.0000,0.2942,1.1236,0.0879,1.0357,3.6303,15.7072,7.6732,4798.0551,NA,NA,NA
python.exe,31548,0x0,Other,-1,0,0,Composed: Copy with GPU GDI,2026-8-20 19:21:54.278530800,4.5999,4.5999,0.0000,0.0223,4.8964,2.5575,2.3389,NA,NA,NA,NA,NA,NA,NA
python.exe,31548,0x0,Other,-1,0,0,Composed: Copy with GPU GDI,2026-8-20 19:21:54.283130700,5.5872,5.5872,0.0000,0.3240,5.5603,0.3831,5.1772,NA,NA,NA,NA,NA,NA,NA
python.exe,31548,0x0,Other,-1,0,0,Composed: Copy with GPU GDI,2026-8-20 19:21:54.288717900,5.0381,5.0381,0.0000,0.2999,4.9195,0.2675,4.6520,NA,NA,NA,NA,NA,NA,NA
python.exe,31548,0x0,Other,0,0,1,Hardware: Legacy Flip,2026-8-20 19:21:54.293756000,0.4511,0.4511,0.0000,0.1840,0.2798,0.0524,0.2274,2.7168,17.5022,0.9135,4814.6758,NA,NA,NA
python.exe,31548,0x0,Other,-1,0,0,Composed: Copy with GPU GDI,2026-8-20 19:21:54.294207100,6.4946,6.4946,0.0000,0.0127,6.7877,2.5827,4.2050,NA,NA,NA,NA,NA,NA,NA
python.exe,31548,0x0,Other,-1,0,0,Composed: Copy with GPU GDI,2026-8-20 19:21:54.300701700,9.3364,9.3364,0.0000,0.3092,9.3517,0.4347,8.9170,NA,NA,NA,NA,NA,NA,NA
python.exe,31548,0x0,Other,0,0,1,Hardware: Legacy Flip,2026-8-20 19:21:54.310038100,1.6699,1.6699,0.0000,0.3351,1.3491,0.0535,1.2956,3.9369,6.8362,-1.2201,4830.9579,NA,NA,NA
python.exe,31548,0x0,Other,-1,0,0,Composed: Copy with GPU GDI,2026-8-20 19:21:54.311708000,0.6141,0.6141,0.0000,0.0143,2.4380,2.4380,0.0000,9.1032,8.9925,-5.1663,4832.6278,NA,NA,NA
python.exe,31548,0x0,Other,-1,0,0,Composed: Copy with GPU GDI,2026-8-20 19:21:54.312322100,9.2862,9.2862,0.0000,1.8409,7.5665,0.4341,7.1324,NA,NA,NA,NA,NA,NA,NA
python.exe,31548,0x0,Other,-1,0,0,Composed: Copy with GPU GDI,2026-8-20 19:21:54.321608300,3.4690,3.4690,0.0000,0.1248,3.5346,0.3906,3.1440,NA,NA,NA,NA,NA,NA,NA
python.exe,31548,0x0,Other,0,0,1,Hardware: Legacy Flip,2026-8-20 19:21:54.325077300,2.3108,2.3108,0.0000,0.1941,2.1358,0.0692,2.0666,4.7264,15.2653,4.3768,4845.9971,NA,NA,NA
python.exe,31548,0x0,Other,-1,0,0,Composed: Copy with GPU GDI,2026-8-20 19:21:54.327388100,6.3214,6.3214,0.0000,0.0191,6.6157,2.7407,3.8750,NA,NA,NA,NA,NA,NA,NA
python.exe,31548,0x0,Other,-1,0,0,Composed: Copy with GPU GDI,2026-8-20 19:21:54.333709500,2.8607,2.8607,0.0000,0.3201,2.7245,0.2617,2.4628,11.3595,2.3578,-6.6331,4854.6293,NA,NA,NA
python.exe,31548,0x0,Other,-1,0,0,Composed: Copy with GPU GDI,2026-8-20 19:21:54.336570200,6.8377,6.8377,0.0000,0.1869,6.8726,0.3265,6.5461,NA,NA,NA,NA,NA,NA,NA
python.exe,31548,0x0,Other,0,0,1,Hardware: Legacy Flip,2026-8-20 19:21:54.343407900,1.5945,1.5945,0.0000,0.2253,1.3829,0.0529,1.3300,4.0189,15.8411,7.3406,4864.3277,NA,NA,NA
python.exe,31548,0x0,Other,-1,0,0,Composed: Copy with GPU GDI,2026-8-20 19:21:54.345002400,3.7171,3.7171,0.0000,0.0137,3.9270,2.6603,1.2667,18.2655,0.3189,-14.2466,4865.9222,NA,NA,NA
python.exe,31548,0x0,Other,-1,0,0,Composed: Copy with GPU GDI,2026-8-20 19:21:54.348719500,7.4266,7.4266,0.0000,0.2264,7.4803,0.3700,7.1103,NA,NA,NA,NA,NA,NA,NA
python.exe,31548,0x0,Other,-1,0,0,Composed: Copy with GPU GDI,2026-8-20 19:21:54.356146100,4.6168,4.6168,0.0000,0.2828,4.6231,0.3801,4.2430,NA,NA,NA,NA,NA,NA,NA
python.exe,31548,0x0,Other,0,0,1,Hardware: Legacy Flip,2026-8-20 19:21:54.360762900,0.4924,0.4924,0.0000,0.2922,0.2133,0.0477,0.1656,2.8239,16.8537,15.4416,4881.6827,NA,NA,NA
python.exe,31548,0x0,Other,-1,0,0,Composed: Copy with GPU GDI,2026-8-20 19:21:54.361255300,5.9949,5.9949,0.0000,0.0131,6.2800,2.6482,3.6318,NA,NA,NA,NA,NA,NA,NA
python.exe,31548,0x0,Other,-1,0,0,Composed: Copy with GPU GDI,2026-8-20 19:21:54.367250200,5.3512,5.3512,0.0000,0.3012,5.2224,0.2699,4.9525,NA,NA,NA,NA,NA,NA,NA
python.exe,31548,0x0,Other,0,0,1,Hardware: Legacy Flip,2026-8-20 19:21:54.372601400,5.4441,5.4441,0.0000,0.1756,5.2920,0.0734,5.2186,7.8391,13.1686,-5.0152,4893.5212,NA,NA,NA
python.exe,31548,0x0,Other,-1,0,0,Composed: Copy with GPU GDI,2026-8-20 19:21:54.378045500,0.8806,0.8806,0.0000,0.0235,2.9026,2.9026,0.0000,15.5636,3.2218,-7.7245,4898.9653,NA,NA,NA
python.exe,31548,0x0,Other,-1,0,0,Composed: Copy with GPU GDI,2026-8-20 19:21:54.378926100,9.0718,9.0718,0.0000,2.0490,7.3177,0.4037,6.9140,NA,NA,NA,NA,NA,NA,NA
python.exe,31548,0x0,Other,-1,0,0,Composed: Copy with GPU GDI,2026-8-20 19:21:54.387997900,4.0304,4.0304,0.0000,0.2975,3.9718,0.3733,3.5985,NA,NA,NA,NA,NA,NA,NA
python.exe,31548,0x0,Other,0,0,1,Hardware: Legacy Flip,2026-8-20 19:21:54.392028300,2.4520,2.4520,0.0000,0.2433,2.2366,0.0805,2.1561,4.8026,14.9805,10.7610,4912.9481,NA,NA,NA
python.exe,31548,0x0,Other,-1,0,0,Composed: Copy with GPU GDI,2026-8-20 19:21:54.394480300,4.4806,4.4806,0.0000,0.0279,4.7452,2.6398,2.1054,17.3311,1.4184,-12.5285,4915.4001,NA,NA,NA
python.exe,31548,0x0,Other,-1,0,0,Composed: Copy with GPU GDI,2026-8-20 19:21:54.398960900,4.6040,4.6040,0.0000,0.2955,4.6132,0.3933,4.2199,NA,NA,NA,NA,NA,NA,NA
python.exe,31548,0x0,Other,-1,0,0,Composed: Copy with GPU GDI,2026-8-20 19:21:54.403564900,6.4407,6.4407,0.0000,0.3082,6.4384,0.3989,6.0395,NA,NA,NA,NA,NA,NA,NA
python.exe,31548,0x0,Other,0,0,1,Hardware: Legacy Flip,2026-8-20 19:21:54.410005600,0.9139,0.9139,0.0000,0.3097,0.6174,0.0484,0.5690,3.2242,16.7956,14.1069,4930.9254,NA,NA,NA
python.exe,31548,0x0,Other,-1,0,0,Composed: Copy with GPU GDI,2026-8-20 19:21:54.410919500,3.7253,3.7253,0.0000,0.0132,3.9420,2.5549,1.3871,19.1059,0.1454,-15.8817,4931.8393,NA,NA,NA
python.exe,31548,0x0,Other,-1,0,0,Composed: Copy with GPU GDI,2026-8-20 19:21:54.414644800,7.5159,7.5159,0.0000,0.2326,7.6564,0.4500,7.2064,NA,NA,NA,NA,NA,NA,NA
python.exe,31548,0x0,Other,-1,0,0,Composed: Copy with GPU GDI,2026-8-20 19:21:54.422160700,5.0959,5.0959,0.0000,0.3760,5.0510,0.4051,4.6459,NA,NA,NA,NA,NA,NA,NA
python.exe,31548,0x0,Other,0,0,1,Hardware: Legacy Flip,2026-8-20 19:21:54.427256600,0.4836,0.4836,0.0000,0.3368,0.1616,0.0547,0.1069,2.9142,16.9326,16.1917,4948.1764,NA,NA,NA
python.exe,31548,0x0,Other,-1,0,0,Composed: Copy with GPU GDI,2026-8-20 19:21:54.427740200,5.7528,5.7528,0.0000,0.0148,6.0409,2.7440,3.2969,NA,NA,NA,NA,NA,NA,NA
python.exe,31548,0x0,Other,-1,0,0,Composed: Copy with GPU GDI,2026-8-20 19:21:54.433493000,6.3438,6.3438,0.0000,0.3060,6.2185,0.2697,5.9488,NA,NA,NA,NA,NA,NA,NA
python.exe,31548,0x0,Other,0,0,1,Hardware: Legacy Flip,2026-8-20 19:21:54.439836800,4.8684,4.8684,0.0000,0.1850,4.6965,0.0503,4.6462,7.2666,13.2429,-4.3524,4960.7566,NA,NA,NA
python.exe,31548,0x0,Other,-1,0,0,Composed: Copy with GPU GDI,2026-8-20 19:21:54.444705200,1.5742,1.5742,0.0000,0.0131,2.5871,2.5871,0.0000,15.6411,3.5548,-8.3745,4965.6250,NA,NA,NA
python.exe,31548,0x0,Other,-1,0,0,Composed: Copy with GPU GDI,2026-8-20 19:21:54.446279400,7.9587,7.9587,0.0000,1.0288,7.2161,0.3844,6.8317,NA,NA,NA,NA,NA,NA,NA
python.exe,31548,0x0,Other,-1,0,0,Composed: Copy with GPU GDI,2026-8-20 19:21:54.454238100,4.2461,4.2461,0.0000,0.2892,4.2419,0.3778,3.8641,NA,NA,NA,NA,NA,NA,NA
python.exe,31548,0x0,Other,0,0,1,Hardware: Legacy Flip,2026-8-20 19:21:54.458484200,2.8024,2.8024,0.0000,0.2892,2.5287,0.0671,2.4616,5.4169,14.6379,10.2242,4979.4040,NA,NA,NA
python.exe,31548,0x0,Other,-1,0,0,Composed: Copy with GPU GDI,2026-8-20 19:21:54.461286600,3.9511,3.9511,0.0000,0.0155,4.2389,2.9308,1.3081,17.2524,2.6078,-11.8355,4982.2064,NA,NA,NA
python.exe,31548,0x0,Other,-1,0,0,Composed: Copy with GPU GDI,2026-8-20 19:21:54.465237700,4.1891,4.1891,0.0000,0.3074,4.1784,0.3746,3.8038,NA,NA,NA,NA,NA,NA,NA
python.exe,31548,0x0,Other,-1,0,0,Composed: Copy with GPU GDI,2026-8-20 19:21:54.469426800,7.5531,7.5531,0.0000,0.2995,7.5306,0.3737,7.1569,NA,NA,NA,NA,NA,NA,NA
python.exe,31548,0x0,Other,0,0,1,Hardware: Legacy Flip,2026-8-20 19:21:54.476979900,1.7783,1.7783,0.0000,0.2815,1.5176,0.0755,1.4421,4.1669,14.7738,13.0855,4997.8997,NA,NA,NA
python.exe,31548,0x0,Other,-1,0,0,Composed: Copy with GPU GDI,2026-8-20 19:21:54.478758200,3.9491,3.9491,0.0000,0.0208,4.1474,2.6178,1.5296,NA,NA,NA,NA,NA,NA,NA
python.exe,31548,0x0,Other,-1,0,0,Composed: Copy with GPU GDI,2026-8-20 19:21:54.482707300,5.4121,5.4121,0.0000,0.2219,5.4949,0.3832,5.1117,NA,NA,NA,NA,NA,NA,NA
python.exe,31548,0x0,Other,0,0,1,Hardware: Legacy Flip,2026-8-20 19:21:54.488119400,5.3976,5.3976,0.0000,0.3076,5.1033,0.0520,5.0513,7.8012,12.9605,-3.6343,5009.0392,NA,NA,NA
python.exe,31548,0x0,Other,-1,0,0,Composed: Copy with GPU GDI,2026-8-20 19:21:54.493517000,1.1102,1.1102,0.0000,0.0133,2.5917,2.5917,0.0000,15.3641,5.8626,-7.5629,5014.4368,NA,NA,NA
python.exe,31548,0x0,Other,-1,0,0,Composed: Copy with GPU GDI,2026-8-20 19:21:54.494627200,6.1608,6.1608,0.0000,1.4977,4.9699,0.3846,4.5853,NA,NA,NA,NA,NA,NA,NA
python.exe,31548,0x0,Other,-1,0,0,Composed: Copy with GPU GDI,2026-8-20 19:21:54.500788000,5.8781,5.8781,0.0000,0.3116,5.8483,0.4077,5.4406,NA,NA,NA,NA,NA,NA,NA
python.exe,31548,0x0,Other,-1,0,0,Composed: Copy with GPU GDI,2026-8-20 19:21:54.506666100,5.3122,5.3122,0.0000,0.2859,5.3083,0.3787,4.9296,NA,NA,NA,NA,NA,NA,NA
python.exe,31548,0x0,Other,0,0,1,Hardware: Legacy Flip,2026-8-20 19:21:54.511978300,0.4283,0.4283,0.0000,0.2869,0.2465,0.1439,0.1026,2.7654,15.0019,12.5987,5032.8981,NA,NA,NA
python.exe,31548,0x0,Other,-1,0,0,Composed: Copy with GPU GDI,2026-8-20 19:21:54.512406600,8.3183,8.3183,0.0000,0.1051,8.5830,2.6478,5.9352,NA,NA,NA,NA,NA,NA,NA
python.exe,31548,0x0,Other,-1,0,0,Composed: Copy with GPU GDI,2026-8-20 19:21:54.520724900,4.7449,4.7449,0.0000,0.3734,4.6865,0.3938,4.2927,NA,NA,NA,NA,NA,NA,NA
python.exe,31548,0x0,Other,0,0,1,Hardware: Legacy Flip,2026-8-20 19:21:54.525469800,1.8315,1.8315,0.0000,0.3194,1.5271,0.0549,1.4722,4.2758,15.5266,-1.5104,5046.3896,NA,NA,NA
python.exe,31548,0x0,Other,-1,0,0,Composed: Copy with GPU GDI,2026-8-20 19:21:54.527301300,4.5172,4.5172,0.0000,0.0150,4.8059,2.7558,2.0501,17.9709,1.7654,-13.6951,5048.2211,NA,NA,NA
python.exe,31548,0x0,Other,-1,0,0,Composed: Copy with GPU GDI,2026-8-20 19:21:54.531818500,4.2108,4.2108,0.0000,0.3086,4.1967,0.3761,3.8206,NA,NA,NA,NA,NA,NA,NA
python.exe,31548,0x0,Other,-1,0,0,Composed: Copy with GPU GDI,2026-8-20 19:21:54.536029300,8.2498,8.2498,0.0000,0.2973,8.2659,0.4067,7.8592,NA,NA,NA,NA,NA,NA,NA
python.exe,31548,0x0,Other,0,0,1,Hardware: Legacy Flip,2026-8-20 19:21:54.544279100,0.4360,0.4360,0.0000,0.3183,0.1331,0.0596,0.0735,2.7585,16.4393,15.2124,5065.1989,NA,NA,NA
python.exe,31548,0x0,Other,-1,0,0,Composed: Copy with GPU GDI,2026-8-20 19:21:54.544715100,3.4140,3.4140,0.0000,0.0154,3.6752,2.6113,1.0639,18.7618,0.2114,-16.0033,5065.6349,NA,NA,NA
python.exe,31548,0x0,Other,-1,0,0,Composed: Copy with GPU GDI,2026-8-20 19:21:54.548129100,6.4661,6.4661,0.0000,0.2805,6.4903,0.3792,6.1111,NA,NA,NA,NA,NA,NA,NA
python.exe,31548,0x0,Other,-1,0,0,Composed: Copy with GPU GDI,2026-8-20 19:21:54.554595200,6.2140,6.2140,0.0000,0.3081,6.0447,0.2243,5.8204,NA,NA,NA,NA,NA,NA,NA
python.exe,31548,0x0,Other,0,0,1,Hardware: Legacy Flip,2026-8-20 19:21:54.560809200,0.4510,0.4510,0.0000,0.1439,0.3203,0.0505,0.2698,2.8791,17.9842,15.8827,5081.7290,NA,NA,NA
python.exe,31548,0x0,Other,-1,0,0,Composed: Copy with GPU GDI,2026-8-20 19:21:54.561260200,7.5752,7.5752,0.0000,0.0132,7.8624,2.7513,5.1111,20.4123,12.4363,-17.5332,5082.1800,NA,NA,NA
python.exe,31548,0x0,Other,-1,0,0,Composed: Copy with GPU GDI,2026-8-20 19:21:54.568835400,20.8547,20.8547,0.0000,0.3052,20.7067,0.2772,20.4295,NA,NA,NA,NA,NA,NA,NA
python.exe,31548,0x0,Other,-1,0,0,Composed: Copy with GPU GDI,2026-8-20 19:21:54.589690100,0.3430,0.3430,0.0000,0.1609,0.2465,0.1261,0.1204,NA,NA,NA,NA,NA,NA,NA
python.exe,31548,0x0,Other,-1,0,0,Composed: Copy with GPU GDI,2026-8-20 19:21:54.590033100,0.9177,0.9177,0.0000,0.0677,0.9186,0.1306,0.7880,NA,NA,NA,NA,NA,NA,NA
python.exe,31548,0x0,Other,0,0,1,Hardware: Legacy Flip,2026-8-20 19:21:54.590950800,0.7474,0.7474,0.0000,0.0713,0.7196,0.0797,0.6399,3.1580,17.8935,17.2543,5111.8706,NA,NA,NA
python.exe,31548,0x0,Other,-1,0,0,Composed: Copy with GPU GDI,2026-8-20 19:21:54.591698200,6.9855,6.9855,0.0000,0.0435,7.2544,2.6580,4.5964,20.3041,1.1620,-17.1461,5112.6180,NA,NA,NA
python.exe,31548,0x0,Other,-1,0,0,Composed: Copy with GPU GDI,2026-8-20 19:21:54.598683700,5.3695,5.3695,0.0000,0.3152,5.3570,0.3903,4.9667,NA,NA,NA,NA,NA,NA,NA
python.exe,31548,0x0,Other,-1,0,0,Composed: Copy with GPU GDI,2026-8-20 19:21:54.604053200,5.8151,5.8151,0.0000,0.3054,5.8198,0.3765,5.4433,NA,NA,NA,NA,NA,NA,NA
python.exe,31548,0x0,Other,0,0,1,Hardware: Legacy Flip,2026-8-20 19:21:54.609868300,0.9072,0.9072,0.0000,0.3129,0.6329,0.0704,0.5625,3.2960,16.6825,17.0081,5130.7881,NA,NA,NA
python.exe,31548,0x0,Other,-1,0,0,Composed: Copy with GPU GDI,2026-8-20 19:21:54.610775500,4.3489,4.3489,0.0000,0.0386,4.5130,2.5622,1.9508,NA,NA,NA,NA,NA,NA,NA
python.exe,31548,0x0,Other,-1,0,0,Composed: Copy with GPU GDI,2026-8-20 19:21:54.615124400,7.0903,7.0903,0.0000,0.2053,7.2555,0.4604,6.7951,NA,NA,NA,NA,NA,NA,NA
python.exe,31548,0x0,Other,0,0,1,Hardware: Legacy Flip,2026-8-20 19:21:54.622214700,5.2594,5.2594,0.0000,0.3755,4.8960,0.0470,4.8490,7.6321,12.4950,-4.3361,5143.1345,NA,NA,NA
python.exe,31548,0x0,Other,-1,0,0,Composed: Copy with GPU GDI,2026-8-20 19:21:54.627474100,0.6376,0.6376,0.0000,0.0121,2.5586,2.5586,0.0000,14.8677,4.0590,-7.2356,5148.3939,NA,NA,NA
python.exe,31548,0x0,Other,-1,0,0,Composed: Copy with GPU GDI,2026-8-20 19:21:54.628111700,5.5973,5.5973,0.0000,1.9374,3.9562,0.3792,3.5770,NA,NA,NA,NA,NA,NA,NA
python.exe,31548,0x0,Other,-1,0,0,Composed: Copy with GPU GDI,2026-8-20 19:21:54.633709000,9.3475,9.3475,0.0000,0.3012,9.2013,0.2387,8.9626,NA,NA,NA,NA,NA,NA,NA
python.exe,31548,0x0,Other,0,0,1,Hardware: Legacy Flip,2026-8-20 19:21:54.643056500,1.0058,1.0058,0.0000,0.1597,0.8593,0.0498,0.8095,3.3443,8.0796,11.5234,5163.9763,NA,NA,NA
python.exe,31548,0x0,Other,-1,0,0,Composed: Copy with GPU GDI,2026-8-20 19:21:54.644062300,1.7391,1.7391,0.0000,0.0132,3.0269,3.0269,0.0000,10.4181,9.2696,-7.0738,5164.9821,NA,NA,NA
python.exe,31548,0x0,Other,-1,0,0,Composed: Copy with GPU GDI,2026-8-20 19:21:54.645801400,8.3688,8.3688,0.0000,1.3038,7.4396,0.4426,6.9970,NA,NA,NA,NA,NA,NA,NA
python.exe,31548,0x0,Other,-1,0,0,Composed: Copy with GPU GDI,2026-8-20 19:21:54.654170200,4.1964,4.1964,0.0000,0.3775,4.1217,0.3764,3.7453,NA,NA,NA,NA,NA,NA,NA
python.exe,31548,0x0,Other,0,0,1,Hardware: Legacy Flip,2026-8-20 19:21:54.658366600,2.9865,2.9865,0.0000,0.3071,2.6912,0.0431,2.6481,5.3834,14.9832,5.0347,5179.2864,NA,NA,NA
python.exe,31548,0x0,Other,-1,0,0,Composed: Copy with GPU GDI,2026-8-20 19:21:54.661353100,4.5331,4.5331,0.0000,0.0118,4.8523,2.7321,2.1202,17.3801,1.7783,-11.9967,5182.2729,NA,NA,NA
python.exe,31548,0x0,Other,-1,0,0,Composed: Copy with GPU GDI,2026-8-20 19:21:54.665886200,4.5898,4.5898,0.0000,0.3343,4.5564,0.3827,4.1737,NA,NA,NA,NA,NA,NA,NA
python.exe,31548,0x0,Other,-1,0,0,Composed: Copy with GPU GDI,2026-8-20 19:21:54.670476000,6.5251,6.5251,0.0000,0.3056,6.5193,0.3761,6.1432,NA,NA,NA,NA,NA,NA,NA
python.exe,31548,0x0,Other,0,0,1,Hardware: Legacy Flip,2026-8-20 19:21:54.677001100,1.1942,1.1942,0.0000,0.3026,0.9036,0.0433,0.8603,3.5104,16.4218,13.8697,5197.9209,NA,NA,NA
python.exe,31548,0x0,Other,-1,0,0,Composed: Copy with GPU GDI,2026-8-20 19:21:54.678195300,4.3650,4.3650,0.0000,0.0120,4.5542,2.5289,2.0253,18.7380,0.1698,-15.2276,5199.1151,NA,NA,NA
python.exe,31548,0x0,Other,-1,0,0,Composed: Copy with GPU GDI,2026-8-20 19:21:54.682560300,5.5220,5.5220,0.0000,0.2040,5.5229,0.2715,5.2514,NA,NA,NA,NA,NA,NA,NA
python.exe,31548,0x0,Other,-1,0,0,Composed: Copy with GPU GDI,2026-8-20 19:21:54.688082300,6.1594,6.1594,0.0000,0.2074,6.2881,0.4220,5.8661,NA,NA,NA,NA,NA,NA,NA
python.exe,31548,0x0,Other,0,0,1,Hardware: Legacy Flip,2026-8-20 19:21:54.694241700,0.4677,0.4677,0.0000,0.3414,0.1406,0.0529,0.0877,2.8614,16.5960,15.8766,5215.1615,NA,NA,NA
python.exe,31548,0x0,Other,-1,0,0,Composed: Copy with GPU GDI,2026-8-20 19:21:54.694709400,5.4266,5.4266,0.0000,0.0143,5.7193,2.7105,3.0088,NA,NA,NA,NA,NA,NA,NA
python.exe,31548,0x0,Other,-1,0,0,Composed: Copy with GPU GDI,2026-8-20 19:21:54.700136000,10.2122,10.2122,0.0000,0.3102,10.1100,0.3064,9.8036,NA,NA,NA,NA,NA,NA,NA
python.exe,31548,0x0,Other,0,0,1,Hardware: Legacy Flip,2026-8-20 19:21:54.710348200,0.6764,0.6764,0.0000,0.2108,0.4786,0.0462,0.4324,3.3509,7.5017,-0.4895,5231.2680,NA,NA,NA
python.exe,31548,0x0,Other,-1,0,0,Composed: Copy with GPU GDI,2026-8-20 19:21:54.711024600,1.1396,1.1396,0.0000,0.0130,2.8685,2.8685,0.0000,10.1762,9.0905,-6.8253,5231.9444,NA,NA,NA
python.exe,31548,0x0,Other,-1,0,0,Composed: Copy with GPU GDI,2026-8-20 19:21:54.712164200,9.3440,9.3440,0.0000,1.7454,7.9579,0.4316,7.5263,NA,NA,NA,NA,NA,NA,NA
python.exe,31548,0x0,Other,-1,0,0,Composed: Copy with GPU GDI,2026-8-20 19:21:54.721508200,2.7609,2.7609,0.0000,0.3611,2.7153,0.3979,2.3174,NA,NA,NA,NA,NA,NA,NA
python.exe,31548,0x0,Other,0,0,1,Hardware: Legacy Flip,2026-8-20 19:21:54.724269100,3.4499,3.4499,0.0000,0.3207,3.1449,0.0599,3.0850,6.0222,15.1748,4.1540,5245.1889,NA,NA,NA
python.exe,31548,0x0,Other,-1,0,0,Composed: Copy with GPU GDI,2026-8-20 19:21:54.727719000,4.6620,4.6620,0.0000,0.0157,4.8573,2.7880,2.0693,17.7471,1.2527,-11.7249,5248.6388,NA,NA,NA
python.exe,31548,0x0,Other,-1,0,0,Composed: Copy with GPU GDI,2026-8-20 19:21:54.732381000,3.9479,3.9479,0.0000,0.2137,4.0314,0.3825,3.6489,NA,NA,NA,NA,NA,NA,NA
python.exe,31548,0x0,Other,-1,0,0,Composed: Copy with GPU GDI,2026-8-20 19:21:54.736328900,7.5051,7.5051,0.0000,0.3019,7.5306,0.3993,7.1313,NA,NA,NA,NA,NA,NA,NA
python.exe,31548,0x0,Other,0,0,1,Hardware: Legacy Flip,2026-8-20 19:21:54.743834000,0.4492,0.4492,0.0000,0.3329,0.1280,0.0446,0.0834,2.8848,16.9513,14.8623,5264.7538,NA,NA,NA
python.exe,31548,0x0,Other,-1,0,0,Composed: Copy with GPU GDI,2026-8-20 19:21:54.744283200,5.1216,5.1216,0.0000,0.0117,5.3080,2.6315,2.6765,19.3869,0.2293,-16.5021,5265.2030,NA,NA,NA
python.exe,31548,0x0,Other,-1,0,0,Composed: Copy with GPU GDI,2026-8-20 19:21:54.749404800,6.6868,6.6868,0.0000,0.2010,6.8033,0.3858,6.4175,NA,NA,NA,NA,NA,NA,NA
python.exe,31548,0x0,Other,-1,0,0,Composed: Copy with GPU GDI,2026-8-20 19:21:54.756091600,4.5387,4.5387,0.0000,0.3228,4.5420,0.4141,4.1279,NA,NA,NA,NA,NA,NA,NA
python.exe,31548,0x0,Other,0,0,1,Hardware: Legacy Flip,2026-8-20 19:21:54.760630300,0.8128,0.8128,0.0000,0.3324,0.4928,0.0520,0.4408,3.2691,16.5146,16.1178,5281.5501,NA,NA,NA
python.exe,31548,0x0,Other,-1,0,0,Composed: Copy with GPU GDI,2026-8-20 19:21:54.761443100,5.6405,5.6405,0.0000,0.0124,5.9662,2.7940,3.1722,NA,NA,NA,NA,NA,NA,NA
python.exe,31548,0x0,Other,-1,0,0,Composed: Copy with GPU GDI,2026-8-20 19:21:54.767083600,9.3528,9.3528,0.0000,0.3430,9.3128,0.3880,8.9248,NA,NA,NA,NA,NA,NA,NA
python.exe,31548,0x0,Other,0,0,1,Hardware: Legacy Flip,2026-8-20 19:21:54.776436400,1.5189,1.5189,0.0000,0.3050,1.2269,0.0464,1.1805,3.9776,7.5386,-0.7085,5297.3562,NA,NA,NA
python.exe,31548,0x0,Other,-1,0,0,Composed: Copy with GPU GDI,2026-8-20 19:21:54.777955300,1.1867,1.1867,0.0000,0.0130,2.6490,2.6490,0.0000,9.9973,9.3954,-6.0197,5298.8751,NA,NA,NA
python.exe,31548,0x0,Other,-1,0,0,Composed: Copy with GPU GDI,2026-8-20 19:21:54.779142000,8.4909,8.4909,0.0000,1.4788,7.4036,0.4752,6.9284,NA,NA,NA,NA,NA,NA,NA
python.exe,31548,0x0,Other,-1,0,0,Composed: Copy with GPU GDI,2026-8-20 19:21:54.787632900,3.5718,3.5718,0.0000,0.3950,3.3756,0.2740,3.1016,NA,NA,NA,NA,NA,NA,NA
python.exe,31548,0x0,Other,0,0,1,Hardware: Legacy Flip,2026-8-20 19:21:54.791204700,3.6643,3.6643,0.0000,0.2014,3.4782,0.0557,3.4225,6.1433,14.8561,3.8540,5312.1245,NA,NA,NA
python.exe,31548,0x0,Other,-1,0,0,Composed: Copy with GPU GDI,2026-8-20 19:21:54.794869000,3.6057,3.6057,0.0000,0.0153,3.8002,2.6908,1.1094,17.3351,2.4699,-11.1918,5315.7888,NA,NA,NA
python.exe,31548,0x0,Other,-1,0,0,Composed: Copy with GPU GDI,2026-8-20 19:21:54.798474700,4.9558,4.9558,0.0000,0.2130,5.0623,0.4029,4.6594,NA,NA,NA,NA,NA,NA,NA
python.exe,31548,0x0,Other,-1,0,0,Composed: Copy with GPU GDI,2026-8-20 19:21:54.803430500,6.9966,6.9966,0.0000,0.3247,6.9839,0.3893,6.5946,NA,NA,NA,NA,NA,NA,NA
python.exe,31548,0x0,Other,0,0,1,Hardware: Legacy Flip,2026-8-20 19:21:54.810427100,1.7165,1.7165,0.0000,0.3166,1.4135,0.0486,1.3649,4.2469,15.2735,13.0882,5331.3469,NA,NA,NA
python.exe,31548,0x0,Other,-1,0,0,Composed: Copy with GPU GDI,2026-8-20 19:21:54.812143600,3.3338,3.3338,0.0000,0.0136,3.6682,2.8833,0.7849,NA,NA,NA,NA,NA,NA,NA
python.exe,31548,0x0,Other,-1,0,0,Composed: Copy with GPU GDI,2026-8-20 19:21:54.815477400,6.0672,6.0672,0.0000,0.3502,6.0558,0.4149,5.6409,NA,NA,NA,NA,NA,NA,NA
python.exe,31548,0x0,Other,0,0,1,Hardware: Legacy Flip,2026-8-20 19:21:54.821544600,5.8467,5.8467,0.0000,0.3422,5.5171,0.0457,5.4714,8.4029,12.5859,-4.1560,5342.4644,NA,NA,NA
python.exe,31548,0x0,Other,-1,0,0,Composed: Copy with GPU GDI,2026-8-20 19:21:54.827391300,0.6751,0.6751,0.0000,0.0126,2.7834,2.7834,0.0000,15.1421,4.3104,-6.7392,5348.3111,NA,NA,NA
python.exe,31548,0x0,Other,-1,0,0,Composed: Copy with GPU GDI,2026-8-20 19:21:54.828066400,5.2420,5.2420,0.0000,2.1252,3.3248,0.2779,3.0469,NA,NA,NA,NA,NA,NA,NA
python.exe,31548,0x0,Other,-1,0,0,Composed: Copy with GPU GDI,2026-8-20 19:21:54.833308400,5.8917,5.8917,0.0000,0.2108,5.9717,0.3852,5.5865,NA,NA,NA,NA,NA,NA,NA
python.exe,31548,0x0,Other,0,0,1,Hardware: Legacy Flip,2026-8-20 19:21:54.839200100,5.2249,5.2249,0.0000,0.2950,4.9420,0.0528,4.8892,7.6437,13.9063,7.4984,5360.1199,NA,NA,NA
python.exe,31548,0x0,Other,-1,0,0,Composed: Copy with GPU GDI,2026-8-20 19:21:54.844425000,1.6901,1.6901,0.0000,0.0121,2.5999,2.5999,0.0000,16.3251,2.9178,-8.6814,5365.3448,NA,NA,NA
python.exe,31548,0x0,Other,-1,0,0,Composed: Copy with GPU GDI,2026-8-20 19:21:54.846115100,7.6449,7.6449,0.0000,0.9251,7.0326,0.3806,6.6520,NA,NA,NA,NA,NA,NA,NA
python.exe,31548,0x0,Other,-1,0,0,Composed: Copy with GPU GDI,2026-8-20 19:21:54.853760000,4.4160,4.4160,0.0000,0.3160,4.4312,0.3959,4.0353,NA,NA,NA,NA,NA,NA,NA
python.exe,31548,0x0,Other,0,0,1,Hardware: Legacy Flip,2026-8-20 19:21:54.858176000,2.9538,2.9538,0.0000,0.3339,2.6362,0.0597,2.5765,5.4919,15.2714,10.8332,5379.0958,NA,NA,NA
python.exe,31548,0x0,Other,-1,0,0,Composed: Copy with GPU GDI,2026-8-20 19:21:54.861129800,4.4381,4.4381,0.0000,0.0163,4.6308,2.7394,1.8914,17.8095,2.0777,-12.3176,5382.0496,NA,NA,NA
python.exe,31548,0x0,Other,-1,0,0,Composed: Copy with GPU GDI,2026-8-20 19:21:54.865567900,4.2523,4.2523,0.0000,0.2117,4.3443,0.3807,3.9636,NA,NA,NA,NA,NA,NA,NA
python.exe,31548,0x0,Other,-1,0,0,Composed: Copy with GPU GDI,2026-8-20 19:21:54.869820200,6.6612,6.6612,0.0000,0.3066,6.6668,0.3808,6.2860,NA,NA,NA,NA,NA,NA,NA
python.exe,31548,0x0,Other,0,0,1,Hardware: Legacy Flip,2026-8-20 19:21:54.876481400,2.0418,2.0418,0.0000,0.3154,1.7394,0.0465,1.6929,4.5356,15.8241,13.2739,5397.4012,NA,NA,NA
python.exe,31548,0x0,Other,-1,0,0,Composed: Copy with GPU GDI,2026-8-20 19:21:54.878523200,3.7767,3.7767,0.0000,0.0130,3.9579,2.7027,1.2552,NA,NA,NA,NA,NA,NA,NA
python.exe,31548,0x0,Other,-1,0,0,Composed: Copy with GPU GDI,2026-8-20 19:21:54.882299900,6.5392,6.5392,0.0000,0.1974,6.6778,0.4016,6.2762,NA,NA,NA,NA,NA,NA,NA
python.exe,31548,0x0,Other,-1,0,0,Composed: Copy with GPU GDI,2026-8-20 19:21:54.888839100,5.2189,5.2189,0.0000,5.4898,0.0482,0.0482,0.0000,NA,NA,NA,NA,NA,NA,NA
python.exe,31548,0x0,Other,0,0,1,Hardware: Legacy Flip,2026-8-20 19:21:54.894058000,0.2572,0.2572,0.0000,0.0000,5.1511,0.3536,4.7975,2.7831,18.5031,1.7525,5414.9778,NA,NA,NA
python.exe,31548,0x0,Other,-1,0,0,Composed: Copy with GPU GDI,2026-8-20 19:21:54.894315200,6.1955,6.1955,0.0000,0.0619,6.5187,2.8698,3.6489,21.0290,0.9645,-18.2459,5415.2350,NA,NA,NA
python.exe,31548,0x0,Other,-1,0,0,Composed: Copy with GPU GDI,2026-8-20 19:21:54.900510700,9.1508,9.1508,0.0000,0.3885,9.9214,1.2374,8.6840,NA,NA,NA,NA,NA,NA,NA
python.exe,31548,0x0,Other,0,0,1,Hardware: Legacy Flip,2026-8-20 19:21:54.909661500,1.7597,1.7597,0.0000,1.1619,0.6135,0.0560,0.5575,6.6472,5.0995,14.3818,5430.5813,NA,NA,NA
python.exe,31548,0x0,Other,-1,0,0,Composed: Copy with GPU GDI,2026-8-20 19:21:54.911421200,0.6847,0.6847,0.0000,0.0157,2.3472,2.3472,0.0000,9.9870,10.3622,-3.3398,5432.3410,NA,NA,NA
python.exe,31548,0x0,Other,-1,0,0,Composed: Copy with GPU GDI,2026-8-20 19:21:54.912105900,8.6831,8.6831,0.0000,1.6782,7.4065,2.9340,4.4725,NA,NA,NA,NA,NA,NA,NA
python.exe,31548,0x0,Other,-1,0,0,Composed: Copy with GPU GDI,2026-8-20 19:21:54.920789000,4.3769,4.3769,0.0000,0.4049,4.4565,0.5582,3.8983,NA,NA,NA,NA,NA,NA,NA
python.exe,31548,0x0,Other,0,0,1,Hardware: Legacy Flip,2026-8-20 19:21:54.925165900,1.7424,1.7424,0.0000,0.4882,1.2663,0.0458,1.2205,6.6045,13.9065,3.3825,5446.0857,NA,NA,NA
python.exe,31548,0x0,Other,-1,0,0,Composed: Copy with GPU GDI,2026-8-20 19:21:54.926908300,6.2029,6.2029,0.0000,0.0121,6.6899,5.3696,1.3203,18.7686,6.1017,-12.1641,5447.8281,NA,NA,NA
python.exe,31548,0x0,Other,-1,0,0,Composed: Copy with GPU GDI,2026-8-20 19:21:54.933111200,4.7362,4.7362,0.0000,0.5020,4.8421,0.6941,4.1480,NA,NA,NA,NA,NA,NA,NA
python.exe,31548,0x0,Other,-1,0,0,Composed: Copy with GPU GDI,2026-8-20 19:21:54.937847400,6.6645,6.6645,0.0000,7.2049,2.4994,2.4994,0.0000,NA,NA,NA,NA,NA,NA,NA
python.exe,31548,0x0,Other,0,0,1,Hardware: Legacy Flip,2026-8-20 19:21:54.944511900,0.5249,0.5249,0.0000,0.0000,6.5933,0.6273,5.9660,7.2667,13.1297,11.5019,5465.4317,NA,NA,NA
python.exe,31548,0x0,Other,-1,0,0,Composed: Copy with GPU GDI,2026-8-20 19:21:54.945036800,4.3779,4.3779,0.0000,2.5149,4.6180,4.6180,0.0000,NA,NA,NA,NA,NA,NA,NA
python.exe,31548,0x0,Other,-1,0,0,Composed: Copy with GPU GDI,2026-8-20 19:21:54.949414700,6.0569,6.0569,0.0000,2.7598,3.7029,0.4782,3.2247,NA,NA,NA,NA,NA,NA,NA
python.exe,31548,0x0,Other,-1,0,0,Composed: Copy with GPU GDI,2026-8-20 19:21:54.955471600,5.6126,5.6126,0.0000,6.0005,0.0550,0.0550,0.0000,NA,NA,NA,NA,NA,NA,NA
python.exe,31548,0x0,Other,0,0,1,Hardware: Legacy Flip,2026-8-20 19:21:54.961084200,0.3748,0.3748,0.0000,0.0000,5.5913,0.4552,5.1361,3.8241,16.8247,3.4426,5482.0040,NA,NA,NA
python.exe,31548,0x0,Other,-1,0,0,Composed: Copy with GPU GDI,2026-8-20 19:21:54.961459000,6.6552,6.6552,0.0000,0.0681,6.9973,3.8109,3.1864,NA,NA,NA,NA,NA,NA,NA
python.exe,31548,0x0,Other,-1,0,0,Composed: Copy with GPU GDI,2026-8-20 19:21:54.968114200,5.0443,5.0443,0.0000,0.4134,5.0463,0.5106,4.5357,NA,NA,NA,NA,NA,NA,NA
python.exe,31548,0x0,Other,0,0,1,Hardware: Legacy Flip,2026-8-20 19:21:54.973158500,4.4163,4.4163,0.0000,0.4182,4.0136,0.0589,3.9547,8.5745,12.4866,-4.7504,5494.0783,NA,NA,NA
python.exe,31548,0x0,Other,-1,0,0,Composed: Copy with GPU GDI,2026-8-20 19:21:54.977574800,2.1211,2.1211,0.0000,0.0155,5.2844,5.2844,0.0000,16.6448,5.9224,-8.0703,5498.4946,NA,NA,NA
python.exe,31548,0x0,Other,-1,0,0,Composed: Copy with GPU GDI,2026-8-20 19:21:54.979695900,8.1147,8.1147,0.0000,3.1818,5.4204,0.5602,4.8602,NA,NA,NA,NA,NA,NA,NA
python.exe,31548,0x0,Other,-1,0,0,Composed: Copy with GPU GDI,2026-8-20 19:21:54.987810600,4.4231,4.4231,0.0000,0.4898,4.3870,0.5406,3.8464,NA,NA,NA,NA,NA,NA,NA
python.exe,31548,0x0,Other,0,0,1,Hardware: Legacy Flip,2026-8-20 19:21:54.992233700,2.3245,2.3245,0.0000,0.4588,1.8822,0.0565,1.8257,7.9083,12.2847,8.7365,5513.1535,NA,NA,NA
python.exe,31548,0x0,Other,-1,0,0,Composed: Copy with GPU GDI,2026-8-20 19:21:54.994558200,5.2064,5.2064,0.0000,0.0165,6.3145,6.3145,0.0000,NA,NA,NA,NA,NA,NA,NA
python.exe,31548,0x0,Other,-1,0,0,Composed: Copy with GPU GDI,2026-8-20 19:21:54.999764600,4.5675,4.5675,0.0000,1.1265,3.8278,0.4710,3.3568,12.6621,4.5929,-4.7538,5520.6844,NA,NA,NA
python.exe,31548,0x0,Other,-1,0,0,Composed: Copy with GPU GDI,2026-8-20 19:21:55.004332100,5.9975,5.9975,0.0000,0.3909,6.0354,0.4965,5.5389,NA,NA,NA,NA,NA,NA,NA
python.exe,31548,0x0,Other,0,0,1,Hardware: Legacy Flip,2026-8-20 19:21:55.010329600,1.2976,1.2976,0.0000,0.4317,0.8787,0.0470,0.8317,6.6900,13.5807,5.9721,5531.2494,NA,NA,NA
python.exe,31548,0x0,Other,-1,0,0,Composed: Copy with GPU GDI,2026-8-20 19:21:55.011627200,3.2143,3.2143,0.0000,0.0128,6.1420,6.1420,0.0000,18.9731,0.7526,-12.2831,5532.5470,NA,NA,NA
python.exe,31548,0x0,Other,-1,0,0,Composed: Copy with GPU GDI,2026-8-20 19:21:55.014841500,7.1607,7.1607,0.0000,2.9435,4.5091,0.3633,4.1458,NA,NA,NA,NA,NA,NA,NA
python.exe,31548,0x0,Other,-1,0,0,Composed: Copy with GPU GDI,2026-8-20 19:21:55.022002200,5.3747,5.3747,0.0000,0.2946,5.4226,0.4172,5.0054,NA,NA,NA,NA,NA,NA,NA
python.exe,31548,0x0,Other,0,0,1,Hardware: Legacy Flip,2026-8-20 19:21:55.027376900,0.4624,0.4624,0.0000,0.3471,0.1325,0.0674,0.0651,3.9760,17.4499,14.9971,5548.2967,NA,NA,NA
python.exe,31548,0x0,Other,-1,0,0,Composed: Copy with GPU GDI,2026-8-20 19:21:55.027839300,5.2355,5.2355,0.0000,0.0172,5.6785,3.9807,1.6978,20.9635,0.1791,-16.9875,5548.7591,NA,NA,NA
python.exe,31548,0x0,Other,-1,0,0,Composed: Copy with GPU GDI,2026-8-20 19:21:55.033074800,10.7864,10.7864,0.0000,0.4622,10.7407,0.5049,10.2358,NA,NA,NA,NA,NA,NA,NA
python.exe,31548,0x0,Other,0,0,1,Hardware: Legacy Flip,2026-8-20 19:21:55.043861200,0.4949,0.4949,0.0000,0.4198,0.0892,0.0506,0.0386,5.1207,5.8807,15.8428,5564.7810,NA,NA,NA
python.exe,31548,0x0,Other,-1,0,0,Composed: Copy with GPU GDI,2026-8-20 19:21:55.044356100,1.7746,1.7746,0.0000,0.0141,4.1001,4.1001,0.0000,10.5065,10.7303,-5.3858,5565.2759,NA,NA,NA
python.exe,31548,0x0,Other,-1,0,0,Composed: Copy with GPU GDI,2026-8-20 19:21:55.046130700,7.8522,7.8522,0.0000,2.3396,5.9310,0.9372,4.9938,NA,NA,NA,NA,NA,NA,NA
python.exe,31548,0x0,Other,-1,0,0,Composed: Copy with GPU GDI,2026-8-20 19:21:55.053982900,4.2682,4.2682,0.0000,0.4211,4.3285,0.5488,3.7797,NA,NA,NA,NA,NA,NA,NA
python.exe,31548,0x0,Other,0,0,1,Hardware: Legacy Flip,2026-8-20 19:21:55.058251100,1.7045,1.7045,0.0000,0.4846,1.2320,0.0496,1.1824,7.3418,13.5547,3.1647,5579.1709,NA,NA,NA
python.exe,31548,0x0,Other,-1,0,0,Composed: Copy with GPU GDI,2026-8-20 19:21:55.059955600,5.3206,5.3206,0.0000,0.0121,6.3592,6.3592,0.0000,19.1920,1.9918,-11.8502,5580.8754,NA,NA,NA
python.exe,31548,0x0,Other,-1,0,0,Composed: Copy with GPU GDI,2026-8-20 19:21:55.065276200,4.4643,4.4643,0.0000,1.0527,3.7277,0.3817,3.3460,NA,NA,NA,NA,NA,NA,NA
python.exe,31548,0x0,Other,-1,0,0,Composed: Copy with GPU GDI,2026-8-20 19:21:55.069740500,7.1348,7.1348,0.0000,0.3188,7.1691,0.4218,6.7473,NA,NA,NA,NA,NA,NA,NA
python.exe,31548,0x0,Other,0,0,1,Hardware: Legacy Flip,2026-8-20 19:21:55.076875300,0.7547,0.7547,0.0000,0.3574,0.4097,0.0477,0.3620,4.2641,16.1981,14.9279,5597.7951,NA,NA,NA
python.exe,31548,0x0,Other,-1,0,0,Composed: Copy with GPU GDI,2026-8-20 19:21:55.077630000,4.3726,4.3726,0.0000,0.0124,5.0323,4.1803,0.8520,19.7075,0.1823,-15.4434,5598.5498,NA,NA,NA
python.exe,31548,0x0,Other,-1,0,0,Composed: Copy with GPU GDI,2026-8-20 19:21:55.082002600,5.9422,5.9422,0.0000,0.6739,5.6369,0.4395,5.1974,NA,NA,NA,NA,NA,NA,NA
python.exe,31548,0x0,Other,-1,0,0,Composed: Copy with GPU GDI,2026-8-20 19:21:55.087944800,5.7154,5.7154,0.0000,0.3715,5.7062,0.4469,5.2593,NA,NA,NA,NA,NA,NA,NA
python.exe,31548,0x0,Other,0,0,1,Hardware: Legacy Flip,2026-8-20 19:21:55.093660200,0.4026,0.4026,0.0000,0.3664,0.0493,0.0482,0.0011,3.8596,18.0171,15.8479,5614.5800,NA,NA,NA
python.exe,31548,0x0,Other,-1,0,0,Composed: Copy with GPU GDI,2026-8-20 19:21:55.094062800,6.4687,6.4687,0.0000,0.0131,6.8497,3.8713,2.9784,21.4741,0.3552,-17.6145,5614.9826,NA,NA,NA
python.exe,31548,0x0,Other,-1,0,0,Composed: Copy with GPU GDI,2026-8-20 19:21:55.100531500,5.5406,5.5406,0.0000,0.3969,5.4734,0.3957,5.0777,NA,NA,NA,NA,NA,NA,NA
python.exe,31548,0x0,Other,0,0,1,Hardware: Legacy Flip,2026-8-20 19:21:55.106072100,5.5121,5.5121,0.0000,0.3328,5.1936,0.0518,5.1418,9.8200,11.7970,11.6541,5626.9919,NA,NA,NA
python.exe,31548,0x0,Other,-1,0,0,Composed: Copy with GPU GDI,2026-8-20 19:21:55.111584200,0.4897,0.4897,0.0000,0.0143,2.4689,2.4689,0.0000,16.1049,4.7926,-6.2849,5632.5040,NA,NA,NA
python.exe,31548,0x0,Other,-1,0,0,Composed: Copy with GPU GDI,2026-8-20 19:21:55.112073900,8.6705,8.6705,0.0000,1.9935,7.1012,2.2486,4.8526,NA,NA,NA,NA,NA,NA,NA
python.exe,31548,0x0,Other,-1,0,0,Composed: Copy with GPU GDI,2026-8-20 19:21:55.120744400,3.4329,3.4329,0.0000,0.4282,3.3669,0.4421,2.9248,NA,NA,NA,NA,NA,NA,NA
python.exe,31548,0x0,Other,0,0,1,Hardware: Legacy Flip,2026-8-20 19:21:55.124177300,3.3569,3.3569,0.0000,0.3645,3.0065,0.0518,2.9547,8.3044,13.3878,7.8005,5645.0971,NA,NA,NA
python.exe,31548,0x0,Other,-1,0,0,Composed: Copy with GPU GDI,2026-8-20 19:21:55.127534200,4.6351,4.6351,0.0000,0.0141,5.7282,5.7282,0.0000,18.3353,0.5570,-10.0309,5648.4540,NA,NA,NA
python.exe,31548,0x0,Other,-1,0,0,Composed: Copy with GPU GDI,2026-8-20 19:21:55.132169300,5.1019,5.1019,0.0000,1.1091,4.4284,0.5187,3.9097,NA,NA,NA,NA,NA,NA,NA
python.exe,31548,0x0,Other,-1,0,0,Composed: Copy with GPU GDI,2026-8-20 19:21:55.137271200,5.7357,5.7357,0.0000,0.4402,5.7962,0.5689,5.2273,NA,NA,NA,NA,NA,NA,NA
python.exe,31548,0x0,Other,0,0,1,Hardware: Legacy Flip,2026-8-20 19:21:55.143006900,0.6313,0.6313,0.0000,0.5044,0.1387,0.0484,0.0903,3.4196,17.4176,14.9157,5663.9267,NA,NA,NA
python.exe,31548,0x0,Other,-1,0,0,Composed: Copy with GPU GDI,2026-8-20 19:21:55.143638200,5.9204,5.9204,0.0000,0.0118,6.2938,3.1918,3.1020,NA,NA,NA,NA,NA,NA,NA
python.exe,31548,0x0,Other,-1,0,0,Composed: Copy with GPU GDI,2026-8-20 19:21:55.149558600,4.9560,4.9560,0.0000,0.3903,4.8750,0.3816,4.4934,NA,NA,NA,NA,NA,NA,NA
python.exe,31548,0x0,Other,-1,0,0,Composed: Copy with GPU GDI,2026-8-20 19:21:55.154514600,6.1532,6.1532,0.0000,0.3136,6.1754,0.4174,5.7580,NA,NA,NA,NA,NA,NA,NA
python.exe,31548,0x0,Other,0,0,1,Hardware: Legacy Flip,2026-8-20 19:21:55.160667800,0.3887,0.3887,0.0000,0.3396,0.0633,0.0533,0.0100,3.1763,16.7119,0.2433,5681.5876,NA,NA,NA
python.exe,31548,0x0,Other,-1,0,0,Composed: Copy with GPU GDI,2026-8-20 19:21:55.161056500,6.0826,6.0826,0.0000,0.0142,6.6819,3.4056,3.2763,NA,NA,NA,NA,NA,NA,NA
python.exe,31548,0x0,Other,-1,0,0,Composed: Copy with GPU GDI,2026-8-20 19:21:55.167139100,9.4891,9.4891,0.0000,0.6168,9.6846,0.8830,8.8016,NA,NA,NA,NA,NA,NA,NA
python.exe,31548,0x0,Other,0,0,1,Hardware: Legacy Flip,2026-8-20 19:21:55.176628200,1.1938,1.1938,0.0000,0.8150,0.3919,0.0484,0.3435,3.9278,7.7775,-0.7515,5697.5480,NA,NA,NA
python.exe,31548,0x0,Other,-1,0,0,Composed: Copy with GPU GDI,2026-8-20 19:21:55.177822000,2.3666,2.3666,0.0000,0.0131,3.1629,3.1629,0.0000,10.5115,10.2244,-6.5837,5698.7418,NA,NA,NA
python.exe,31548,0x0,Other,-1,0,0,Composed: Copy with GPU GDI,2026-8-20 19:21:55.180188600,7.1815,7.1815,0.0000,0.8130,6.8007,0.4992,6.3015,NA,NA,NA,NA,NA,NA,NA
python.exe,31548,0x0,Other,-1,0,0,Composed: Copy with GPU GDI,2026-8-20 19:21:55.187370100,4.4103,4.4103,0.0000,0.4357,4.3616,0.4692,3.8924,NA,NA,NA,NA,NA,NA,NA
python.exe,31548,0x0,Other,0,0,1,Hardware: Legacy Flip,2026-8-20 19:21:55.191780400,1.7832,1.7832,0.0000,0.3901,1.4063,0.0513,1.3550,6.7775,14.0356,3.7340,5712.7002,NA,NA,NA
python.exe,31548,0x0,Other,-1,0,0,Composed: Copy with GPU GDI,2026-8-20 19:21:55.193563600,4.8887,4.8887,0.0000,0.0132,5.6728,5.6728,0.0000,19.0299,4.2509,-12.2524,5714.4834,NA,NA,NA
python.exe,31548,0x0,Other,-1,0,0,Composed: Copy with GPU GDI,2026-8-20 19:21:55.198452300,4.3394,4.3394,0.0000,0.7988,3.8692,0.4010,3.4682,NA,NA,NA,NA,NA,NA,NA
python.exe,31548,0x0,Other,-1,0,0,Composed: Copy with GPU GDI,2026-8-20 19:21:55.202791700,8.1212,8.1212,0.0000,8.5300,0.2225,0.2225,0.0000,NA,NA,NA,NA,NA,NA,NA
python.exe,31548,0x0,Other,0,0,1,Hardware: Legacy Flip,2026-8-20 19:21:55.210912900,0.3969,0.3969,0.0000,0.0000,8.1982,0.4951,7.7031,5.9315,13.9359,13.0984,5731.8327,NA,NA,NA
python.exe,31548,0x0,Other,-1,0,0,Composed: Copy with GPU GDI,2026-8-20 19:21:55.211309800,3.5665,3.5665,0.0000,0.2344,4.0943,4.0943,0.0000,19.4705,1.6755,-13.5390,5732.2296,NA,NA,NA
python.exe,31548,0x0,Other,-1,0,0,Composed: Copy with GPU GDI,2026-8-20 19:21:55.214876300,6.0371,6.0371,0.0000,0.7622,5.6299,1.5760,4.0539,NA,NA,NA,NA,NA,NA,NA
python.exe,31548,0x0,Other,-1,0,0,Composed: Copy with GPU GDI,2026-8-20 19:21:55.220913400,7.2660,7.2660,0.0000,7.5381,0.3492,0.3492,0.0000,NA,NA,NA,NA,NA,NA,NA
python.exe,31548,0x0,Other,0,0,1,Hardware: Legacy Flip,2026-8-20 19:21:55.228179400,0.2597,0.2597,0.0000,0.0000,7.1798,0.3489,6.8309,4.2764,16.1921,15.1941,5749.0992,NA,NA,NA
python.exe,31548,0x0,Other,-1,0,0,Composed: Copy with GPU GDI,2026-8-20 19:21:55.228439100,4.5874,4.5874,0.0000,0.3616,5.6714,5.1113,0.5601,NA,NA,NA,NA,NA,NA,NA
python.exe,31548,0x0,Other,-1,0,0,Composed: Copy with GPU GDI,2026-8-20 19:21:55.233026500,6.0463,6.0463,0.0000,1.4483,4.9215,0.3939,4.5276,NA,NA,NA,NA,NA,NA,NA
python.exe,31548,0x0,Other,0,0,1,Hardware: Legacy Flip,2026-8-20 19:21:55.239072800,5.4138,5.4138,0.0000,0.3272,5.0990,0.0839,5.0151,9.5751,12.4716,-5.2987,5759.9926,NA,NA,NA
python.exe,31548,0x0,Other,-1,0,0,Composed: Copy with GPU GDI,2026-8-20 19:21:55.244486600,0.7236,0.7236,0.0000,0.0124,2.4467,2.4467,0.0000,16.6329,4.1648,-7.0578,5765.4064,NA,NA,NA
python.exe,31548,0x0,Other,-1,0,0,Composed: Copy with GPU GDI,2026-8-20 19:21:55.245210200,9.4618,9.4618,0.0000,1.7355,8.2505,2.2507,5.9998,NA,NA,NA,NA,NA,NA,NA
python.exe,31548,0x0,Other,-1,0,0,Composed: Copy with GPU GDI,2026-8-20 19:21:55.254672000,4.0670,4.0670,0.0000,0.5270,3.8741,0.4263,3.4478,NA,NA,NA,NA,NA,NA,NA
python.exe,31548,0x0,Other,0,0,1,Hardware: Legacy Flip,2026-8-20 19:21:55.258739000,2.4039,2.4039,0.0000,0.3373,2.0835,0.0574,2.0261,6.5453,14.0444,10.0876,5779.6588,NA,NA,NA
python.exe,31548,0x0,Other,-1,0,0,Composed: Copy with GPU GDI,2026-8-20 19:21:55.261142900,4.3403,4.3403,0.0000,0.0169,5.1675,4.9818,0.1857,18.1858,3.8721,-11.6405,5782.0627,NA,NA,NA
python.exe,31548,0x0,Other,-1,0,0,Composed: Copy with GPU GDI,2026-8-20 19:21:55.265483200,4.7485,4.7485,0.0000,0.8458,4.3425,0.5226,3.8199,NA,NA,NA,NA,NA,NA,NA
python.exe,31548,0x0,Other,-1,0,0,Composed: Copy with GPU GDI,2026-8-20 19:21:55.270231700,6.6196,6.6196,0.0000,0.4434,6.5943,0.4911,6.1032,NA,NA,NA,NA,NA,NA,NA
python.exe,31548,0x0,Other,0,0,1,Hardware: Legacy Flip,2026-8-20 19:21:55.276851300,1.1984,1.1984,0.0000,0.4218,0.7885,0.0467,0.7418,6.3495,14.3546,11.8363,5797.7711,NA,NA,NA
python.exe,31548,0x0,Other,-1,0,0,Composed: Copy with GPU GDI,2026-8-20 19:21:55.278049700,3.2944,3.2944,0.0000,0.0119,4.6091,4.6091,0.0000,19.5057,0.1280,-13.1562,5798.9695,NA,NA,NA
python.exe,31548,0x0,Other,-1,0,0,Composed: Copy with GPU GDI,2026-8-20 19:21:55.281344100,7.0005,7.0005,0.0000,1.3266,6.1174,0.9804,5.1370,NA,NA,NA,NA,NA,NA,NA
python.exe,31548,0x0,Other,-1,0,0,Composed: Copy with GPU GDI,2026-8-20 19:21:55.288344600,5.1343,5.1343,0.0000,0.4477,5.0400,0.4229,4.6171,NA,NA,NA,NA,NA,NA,NA
python.exe,31548,0x0,Other,0,0,1,Hardware: Legacy Flip,2026-8-20 19:21:55.293478900,1.1498,1.1498,0.0000,0.3561,0.8055,0.0441,0.7614,4.2045,14.4155,15.3012,5814.3987,NA,NA,NA
python.exe,31548,0x0,Other,-1,0,0,Composed: Copy with GPU GDI,2026-8-20 19:21:55.294628700,5.9116,5.9116,0.0000,0.0118,6.0265,3.1902,2.8363,NA,NA,NA,NA,NA,NA,NA
python.exe,31548,0x0,Other,-1,0,0,Composed: Copy with GPU GDI,2026-8-20 19:21:55.300540300,5.8799,5.8799,0.0000,0.1309,5.8761,0.1955,5.6806,NA,NA,NA,NA,NA,NA,NA
python.exe,31548,0x0,Other,0,0,1,Hardware: Legacy Flip,2026-8-20 19:21:55.306420200,4.4148,4.4148,0.0000,0.1313,4.2952,0.0476,4.2476,5.6787,15.7563,-1.4742,5827.3400,NA,NA,NA
python.exe,31548,0x0,Other,-1,0,0,Composed: Copy with GPU GDI,2026-8-20 19:21:55.310835000,2.1656,2.1656,0.0000,0.0117,2.2754,1.4110,0.8644,17.0202,0.4438,-11.3415,5831.7548,NA,NA,NA
python.exe,31548,0x0,Other,-1,0,0,Composed: Copy with GPU GDI,2026-8-20 19:21:55.313000600,7.8966,7.8966,0.0000,0.1269,7.9201,0.2234,7.6967,NA,NA,NA,NA,NA,NA,NA
python.exe,31548,0x0,Other,-1,0,0,Composed: Copy with GPU GDI,2026-8-20 19:21:55.320897200,3.6642,3.6642,0.0000,0.1545,3.6174,0.1845,3.4329,NA,NA,NA,NA,NA,NA,NA
python.exe,31548,0x0,Other,0,0,1,Hardware: Legacy Flip,2026-8-20 19:21:55.324561400,2.4618,2.4618,0.0000,0.1127,2.4028,0.0930,2.3098,3.7376,17.1629,13.2826,5845.4812,NA,NA,NA
python.exe,31548,0x0,Other,-1,0,0,Composed: Copy with GPU GDI,2026-8-20 19:21:55.327023200,5.2341,5.2341,0.0000,0.0537,5.2952,1.3549,3.9403,NA,NA,NA,NA,NA,NA,NA
python.exe,31548,0x0,Other,-1,0,0,Composed: Copy with GPU GDI,2026-8-20 19:21:55.332257300,4.9832,4.9832,0.0000,0.1186,4.9728,0.1925,4.7803,NA,NA,NA,NA,NA,NA,NA
python.exe,31548,0x0,Other,0,0,1,Hardware: Legacy Flip,2026-8-20 19:21:55.337240500,6.9530,6.9530,0.0000,0.1134,6.8883,0.0968,6.7915,8.2214,12.7361,-4.4838,5858.1603,NA,NA,NA
python.exe,31548,0x0,Other,-1,0,0,Composed: Copy with GPU GDI,2026-8-20 19:21:55.344193500,0.3356,0.3356,0.0000,0.0487,1.3316,1.3316,0.0000,14.0045,4.4020,-5.7831,5865.1133,NA,NA,NA
python.exe,31548,0x0,Other,-1,0,0,Composed: Copy with GPU GDI,2026-8-20 19:21:55.344529100,4.3028,4.3028,0.0000,1.0489,3.3700,0.1969,3.1731,NA,NA,NA,NA,NA,NA,NA
python.exe,31548,0x0,Other,-1,0,0,Composed: Copy with GPU GDI,2026-8-20 19:21:55.348831900,6.5258,6.5258,0.0000,0.1209,6.5150,0.1863,6.3287,NA,NA,NA,NA,NA,NA,NA
python.exe,31548,0x0,Other,-1,0,0,Composed: Copy with GPU GDI,2026-8-20 19:21:55.355357700,5.5814,5.5814,0.0000,0.1127,5.5878,0.2026,5.3852,NA,NA,NA,NA,NA,NA,NA
python.exe,31548,0x0,Other,0,0,1,Hardware: Legacy Flip,2026-8-20 19:21:55.360939100,0.3847,0.3847,0.0000,0.1227,0.2992,0.0697,0.2295,1.6609,16.2752,12.3436,5881.8589,NA,NA,NA
python.exe,31548,0x0,Other,-1,0,0,Composed: Copy with GPU GDI,2026-8-20 19:21:55.361323800,7.0498,7.0498,0.0000,0.0372,7.1323,1.3853,5.7470,NA,NA,NA,NA,NA,NA,NA
python.exe,31548,0x0,Other,-1,0,0,Composed: Copy with GPU GDI,2026-8-20 19:21:55.368373600,8.6935,8.6935,0.0000,0.1243,8.7789,0.2976,8.4813,NA,NA,NA,NA,NA,NA,NA
python.exe,31548,0x0,Other,0,0,1,Hardware: Legacy Flip,2026-8-20 19:21:55.377067100,0.5267,0.5267,0.0000,0.2134,0.3266,0.0483,0.2783,1.8081,9.6475,-0.1472,5897.9869,NA,NA,NA
python.exe,31548,0x0,Other,-1,0,0,Composed: Copy with GPU GDI,2026-8-20 19:21:55.377593800,1.9118,1.9118,0.0000,0.0133,2.0209,1.4219,0.5990,10.9289,6.5314,-9.1208,5898.5136,NA,NA,NA
python.exe,31548,0x0,Other,-1,0,0,Composed: Copy with GPU GDI,2026-8-20 19:21:55.379505600,7.7368,7.7368,0.0000,0.1271,7.7322,0.1948,7.5374,NA,NA,NA,NA,NA,NA,NA
python.exe,31548,0x0,Other,-1,0,0,Composed: Copy with GPU GDI,2026-8-20 19:21:55.387242400,4.8605,4.8605,0.0000,0.1312,4.8301,0.1904,4.6397,NA,NA,NA,NA,NA,NA,NA
python.exe,31548,0x0,Other,0,0,1,Hardware: Legacy Flip,2026-8-20 19:21:55.392102900,1.6708,1.6708,0.0000,0.1060,1.6014,0.0701,1.5313,2.9512,17.4174,7.9777,5913.0227,NA,NA,NA
python.exe,31548,0x0,Other,-1,0,0,Composed: Copy with GPU GDI,2026-8-20 19:21:55.393773700,5.1744,5.1744,0.0000,0.0366,5.2678,1.3848,3.8830,NA,NA,NA,NA,NA,NA,NA
python.exe,31548,0x0,Other,-1,0,0,Composed: Copy with GPU GDI,2026-8-20 19:21:55.398948100,4.1681,4.1681,0.0000,0.1338,4.1675,0.2001,3.9674,NA,NA,NA,NA,NA,NA,NA
python.exe,31548,0x0,Other,-1,0,0,Composed: Copy with GPU GDI,2026-8-20 19:21:55.403116200,7.6845,7.6845,0.0000,0.1375,7.6531,0.1889,7.4642,NA,NA,NA,NA,NA,NA,NA
python.exe,31548,0x0,Other,0,0,1,Hardware: Legacy Flip,2026-8-20 19:21:55.410800700,0.3681,0.3681,0.0000,0.1107,0.2942,0.0704,0.2238,1.6708,16.5776,1.2804,5931.7205,NA,NA,NA
python.exe,31548,0x0,Other,-1,0,0,Composed: Copy with GPU GDI,2026-8-20 19:21:55.411168800,4.5456,4.5456,0.0000,0.0368,4.6362,1.4185,3.2177,NA,NA,NA,NA,NA,NA,NA
python.exe,31548,0x0,Other,-1,0,0,Composed: Copy with GPU GDI,2026-8-20 19:21:55.415714400,6.5019,6.5019,0.0000,0.1310,6.5061,0.2027,6.3034,NA,NA,NA,NA,NA,NA,NA
python.exe,31548,0x0,Other,-1,0,0,Composed: Copy with GPU GDI,2026-8-20 19:21:55.422216300,5.1521,5.1521,0.0000,0.1391,5.1145,0.1877,4.9268,NA,NA,NA,NA,NA,NA,NA
python.exe,31548,0x0,Other,0,0,1,Hardware: Legacy Flip,2026-8-20 19:21:55.427368400,0.3825,0.3825,0.0000,0.1058,0.2914,0.0536,0.2378,1.6807,16.4968,-0.0099,5948.2882,NA,NA,NA
python.exe,31548,0x0,Other,-1,0,0,Composed: Copy with GPU GDI,2026-8-20 19:21:55.427750900,5.9974,5.9974,0.0000,0.0147,6.1137,1.3882,4.7255,NA,NA,NA,NA,NA,NA,NA
python.exe,31548,0x0,Other,-1,0,0,Composed: Copy with GPU GDI,2026-8-20 19:21:55.433748300,9.2822,9.2822,0.0000,0.1349,9.3315,0.2514,9.0801,NA,NA,NA,NA,NA,NA,NA
python.exe,31548,0x0,Other,0,0,1,Hardware: Legacy Flip,2026-8-20 19:21:55.443030500,1.2575,1.2575,0.0000,0.1880,1.1084,0.0734,1.0350,2.5154,15.7749,-0.8347,5963.9503,NA,NA,NA
python.exe,31548,0x0,Other,-1,0,0,Composed: Copy with GPU GDI,2026-8-20 19:21:55.444288000,0.9957,0.9957,0.0000,0.0389,1.3349,1.3349,0.0000,17.0328,0.7264,-14.5174,5965.2078,NA,NA,NA
python.exe,31548,0x0,Other,-1,0,0,Composed: Copy with GPU GDI,2026-8-20 19:21:55.445283700,8.9598,8.9598,0.0000,0.3808,8.7052,0.1950,8.5102,NA,NA,NA,NA,NA,NA,NA
python.exe,31548,0x0,Other,-1,0,0,Composed: Copy with GPU GDI,2026-8-20 19:21:55.454243500,4.2368,4.2368,0.0000,0.1299,4.2397,0.1989,4.0408,NA,NA,NA,NA,NA,NA,NA
python.exe,31548,0x0,Other,0,0,1,Hardware: Legacy Flip,2026-8-20 19:21:55.458480300,2.3178,2.3178,0.0000,0.1368,2.2241,0.0812,2.1429,3.5669,16.6356,13.4659,5979.4001,NA,NA,NA
python.exe,31548,0x0,Other,-1,0,0,Composed: Copy with GPU GDI,2026-8-20 19:21:55.460798100,4.3430,4.3430,0.0000,0.0431,4.4326,1.3567,3.0759,NA,NA,NA,NA,NA,NA,NA
python.exe,31548,0x0,Other,-1,0,0,Composed: Copy with GPU GDI,2026-8-20 19:21:55.465141100,4.3375,4.3375,0.0000,0.1369,4.3260,0.1951,4.1309,NA,NA,NA,NA,NA,NA,NA
python.exe,31548,0x0,Other,-1,0,0,Composed: Copy with GPU GDI,2026-8-20 19:21:55.469478600,7.6960,7.6960,0.0000,0.1293,7.6891,0.2046,7.4845,NA,NA,NA,NA,NA,NA,NA
python.exe,31548,0x0,Other,0,0,1,Hardware: Legacy Flip,2026-8-20 19:21:55.477174600,0.2613,0.2613,0.0000,0.1270,0.1699,0.0717,0.0982,1.5082,17.4103,2.0587,5998.0944,NA,NA,NA
python.exe,31548,0x0,Other,-1,0,0,Composed: Copy with GPU GDI,2026-8-20 19:21:55.477435900,4.1314,4.1314,0.0000,0.0356,4.2257,1.3570,2.8687,NA,NA,NA,NA,NA,NA,NA
python.exe,31548,0x0,Other,-1,0,0,Composed: Copy with GPU GDI,2026-8-20 19:21:55.481567300,6.5397,6.5397,0.0000,0.1339,6.5364,0.1969,6.3395,NA,NA,NA,NA,NA,NA,NA
python.exe,31548,0x0,Other,-1,0,0,Composed: Copy with GPU GDI,2026-8-20 19:21:55.488107000,6.2860,6.2860,0.0000,0.1347,6.2847,0.2090,6.0757,NA,NA,NA,NA,NA,NA,NA
python.exe,31548,0x0,Other,0,0,1,Hardware: Legacy Flip,2026-8-20 19:21:55.494393000,0.4571,0.4571,0.0000,0.1383,0.3564,0.0735,0.2829,1.7001,16.8567,-0.1919,6015.3128,NA,NA,NA
python.exe,31548,0x0,Other,-1,0,0,Composed: Copy with GPU GDI,2026-8-20 19:21:55.494850100,5.9254,5.9254,0.0000,0.0376,6.0149,1.3461,4.6688,NA,NA,NA,NA,NA,NA,NA
python.exe,31548,0x0,Other,-1,0,0,Composed: Copy with GPU GDI,2026-8-20 19:21:55.500775500,5.5502,5.5502,0.0000,0.1309,5.5469,0.2011,5.3458,NA,NA,NA,NA,NA,NA,NA
python.exe,31548,0x0,Other,0,0,1,Hardware: Legacy Flip,2026-8-20 19:21:55.506325700,5.4131,5.4131,0.0000,0.1322,5.2943,0.0539,5.2404,6.6241,15.1067,-4.9240,6027.2455,NA,NA,NA
python.exe,31548,0x0,Other,-1,0,0,Composed: Copy with GPU GDI,2026-8-20 19:21:55.511738800,0.6087,0.6087,0.0000,0.0134,1.3144,1.3144,0.0000,16.3177,0.6370,-9.6936,6032.6586,NA,NA,NA
python.exe,31548,0x0,Other,-1,0,0,Composed: Copy with GPU GDI,2026-8-20 19:21:55.512347500,8.4263,8.4263,0.0000,0.7220,7.7970,0.1887,7.6083,NA,NA,NA,NA,NA,NA,NA
python.exe,31548,0x0,Other,-1,0,0,Composed: Copy with GPU GDI,2026-8-20 19:21:55.520773800,4.2848,4.2848,0.0000,0.0969,4.3069,0.1978,4.1091,NA,NA,NA,NA,NA,NA,NA
python.exe,31548,0x0,Other,0,0,1,Hardware: Legacy Flip,2026-8-20 19:21:55.525058600,2.4038,2.4038,0.0000,0.1225,2.2948,0.0503,2.2445,3.6349,16.7969,12.6828,6045.9784,NA,NA,NA
python.exe,31548,0x0,Other,-1,0,0,Composed: Copy with GPU GDI,2026-8-20 19:21:55.527462400,4.7354,4.7354,0.0000,0.0135,4.8367,1.3581,3.4786,NA,NA,NA,NA,NA,NA,NA
python.exe,31548,0x0,Other,-1,0,0,Composed: Copy with GPU GDI,2026-8-20 19:21:55.532197800,4.9458,4.9458,0.0000,0.1188,4.9235,0.1918,4.7317,NA,NA,NA,NA,NA,NA,NA
python.exe,31548,0x0,Other,0,0,1,Hardware: Legacy Flip,2026-8-20 19:21:55.537143600,7.1196,7.1196,0.0000,0.1020,7.0625,0.0839,6.9786,8.3468,12.9008,-4.7119,6058.0634,NA,NA,NA
python.exe,31548,0x0,Other,-1,0,0,Composed: Copy with GPU GDI,2026-8-20 19:21:55.544263200,0.3482,0.3482,0.0000,0.0449,1.2971,1.2971,0.0000,14.1280,6.0687,-5.7812,6065.1830,NA,NA,NA
python.exe,31548,0x0,Other,-1,0,0,Composed: Copy with GPU GDI,2026-8-20 19:21:55.544611400,3.5870,3.5870,0.0000,0.9970,2.7078,0.1993,2.5085,19.8485,2.3301,-5.7205,6065.5312,NA,NA,NA
python.exe,31548,0x0,Other,-1,0,0,Composed: Copy with GPU GDI,2026-8-20 19:21:55.548198400,6.5796,6.5796,0.0000,0.1219,6.5762,0.1994,6.3768,NA,NA,NA,NA,NA,NA,NA
python.exe,31548,0x0,Other,-1,0,0,Composed: Copy with GPU GDI,2026-8-20 19:21:55.554778000,7.0517,7.0517,0.0000,0.1228,7.0274,0.2039,6.8235,NA,NA,NA,NA,NA,NA,NA
python.exe,31548,0x0,Other,0,0,1,Hardware: Legacy Flip,2026-8-20 19:21:55.561829700,3.7347,3.7347,0.0000,0.1024,3.6774,0.0997,3.5777,4.9603,11.9509,14.8882,6082.7495,NA,NA,NA
python.exe,31548,0x0,Other,-1,0,0,Composed: Copy with GPU GDI,2026-8-20 19:21:55.565564400,1.3239,1.3239,0.0000,0.0451,1.4008,1.3129,0.0879,NA,NA,NA,NA,NA,NA,NA
python.exe,31548,0x0,Other,-1,0,0,Composed: Copy with GPU GDI,2026-8-20 19:21:55.566888300,6.0998,6.0998,0.0000,0.1255,6.1023,0.2165,5.8858,NA,NA,NA,NA,NA,NA,NA
python.exe,31548,0x0,Other,0,0,1,Hardware: Legacy Flip,2026-8-20 19:21:55.572988100,4.5166,4.5166,0.0000,0.1330,4.3988,0.0574,4.3414,5.7528,16.0611,-0.7925,6093.9079,NA,NA,NA
python.exe,31548,0x0,Other,-1,0,0,Composed: Copy with GPU GDI,2026-8-20 19:21:55.577504700,1.8782,1.8782,0.0000,0.0152,2.0196,1.3924,0.6272,17.2973,12.9230,-11.5445,6098.4245,NA,NA,NA
python.exe,31548,0x0,Other,-1,0,0,Composed: Copy with GPU GDI,2026-8-20 19:21:55.579382900,25.3568,25.3568,0.0000,0.1604,25.2682,0.2258,25.0424,NA,NA,NA,NA,NA,NA,NA
python.exe,31548,0x0,Other,-1,0,0,Composed: Copy with GPU GDI,2026-8-20 19:21:55.604739700,1.5335,1.5335,0.0000,0.0769,1.5205,0.1062,1.4143,NA,NA,NA,NA,NA,NA,NA
python.exe,31548,0x0,Other,0,0,1,Hardware: Legacy Flip,2026-8-20 19:21:55.606273200,0.2027,0.2027,0.0000,0.0671,0.1945,0.0954,0.0991,1.4518,5.1218,15.8455,6127.1930,NA,NA,NA
python.exe,31548,0x0,Other,-1,0,0,Composed: Copy with GPU GDI,2026-8-20 19:21:55.606475900,3.9331,3.9331,0.0000,0.0589,3.9874,1.3082,2.6792,NA,NA,NA,NA,NA,NA,NA
python.exe,31548,0x0,Other,0,0,1,Hardware: Legacy Flip,2026-8-20 19:21:55.610409000,1.1983,1.1983,0.0000,0.1173,1.0927,0.0432,1.0495,2.4378,16.5203,-0.9860,6131.3288,NA,NA,NA
python.exe,31548,0x0,Other,-1,0,0,Composed: Copy with GPU GDI,2026-8-20 19:21:55.611607300,4.3120,4.3120,0.0000,0.0117,4.4143,1.3748,3.0395,NA,NA,NA,NA,NA,NA,NA
python.exe,31548,0x0,Other,-1,0,0,Composed: Copy with GPU GDI,2026-8-20 19:21:55.615919300,5.5970,5.5970,0.0000,0.1179,5.6478,0.2643,5.3835,NA,NA,NA,NA,NA,NA,NA
python.exe,31548,0x0,Other,0,0,1,Hardware: Legacy Flip,2026-8-20 19:21:55.621516300,6.5999,6.5999,0.0000,0.1711,6.4441,0.0588,6.3853,7.8508,13.9536,-5.4130,6142.4361,NA,NA,NA
python.exe,31548,0x0,Other,-1,0,0,Composed: Copy with GPU GDI,2026-8-20 19:21:55.628116200,0.3484,0.3484,0.0000,0.0153,1.3472,1.3472,0.0000,15.2045,2.3380,-7.3537,6149.0360,NA,NA,NA
python.exe,31548,0x0,Other,-1,0,0,Composed: Copy with GPU GDI,2026-8-20 19:21:55.628464600,4.5168,4.5168,0.0000,1.0189,3.6209,0.2039,3.4170,NA,NA,NA,NA,NA,NA,NA
python.exe,31548,0x0,Other,-1,0,0,Composed: Copy with GPU GDI,2026-8-20 19:21:55.632981400,6.4989,6.4989,0.0000,0.1271,6.4916,0.1964,6.2952,NA,NA,NA,NA,NA,NA,NA
python.exe,31548,0x0,Other,0,0,1,Hardware: Legacy Flip,2026-8-20 19:21:55.639480300,4.9360,4.9360,0.0000,0.1241,4.8251,0.0522,4.7729,6.1784,15.8606,9.0261,6160.4001,NA,NA,NA
python.exe,31548,0x0,Other,-1,0,0,Composed: Copy with GPU GDI,2026-8-20 19:21:55.644416300,2.1297,2.1297,0.0000,0.0132,2.2391,1.3723,0.8668,17.1030,0.1884,-10.9246,6165.3361,NA,NA,NA
python.exe,31548,0x0,Other,-1,0,0,Composed: Copy with GPU GDI,2026-8-20 19:21:55.646546000,7.7352,7.7352,0.0000,0.1263,7.7319,0.2018,7.5301,NA,NA,NA,NA,NA,NA,NA
python.exe,31548,0x0,Other,-1,0,0,Composed: Copy with GPU GDI,2026-8-20 19:21:55.654281200,4.3546,4.3546,0.0000,0.1278,4.3502,0.2028,4.1474,NA,NA,NA,NA,NA,NA,NA
python.exe,31548,0x0,Other,0,0,1,Hardware: Legacy Flip,2026-8-20 19:21:55.658635800,1.7583,1.7583,0.0000,0.1281,1.6786,0.0877,1.5909,3.0719,17.1039,14.0311,6179.5556,NA,NA,NA
python.exe,31548,0x0,Other,-1,0,0,Composed: Copy with GPU GDI,2026-8-20 19:21:55.660394100,5.2446,5.2446,0.0000,0.0484,5.3225,1.4080,3.9145,NA,NA,NA,NA,NA,NA,NA
python.exe,31548,0x0,Other,-1,0,0,Composed: Copy with GPU GDI,2026-8-20 19:21:55.665638700,4.0025,4.0025,0.0000,0.1299,3.9984,0.1982,3.8002,NA,NA,NA,NA,NA,NA,NA
python.exe,31548,0x0,Other,-1,0,0,Composed: Copy with GPU GDI,2026-8-20 19:21:55.669641200,7.6950,7.6950,0.0000,0.1299,7.6729,0.1893,7.4836,NA,NA,NA,NA,NA,NA,NA
python.exe,31548,0x0,Other,0,0,1,Hardware: Legacy Flip,2026-8-20 19:21:55.677336200,0.2427,0.2427,0.0000,0.1121,0.1759,0.0812,0.0947,1.4754,16.4374,1.5965,6198.2560,NA,NA,NA
python.exe,31548,0x0,Other,-1,0,0,Composed: Copy with GPU GDI,2026-8-20 19:21:55.677578900,4.6060,4.6060,0.0000,0.0453,4.6901,1.3331,3.3570,NA,NA,NA,NA,NA,NA,NA
python.exe,31548,0x0,Other,-1,0,0,Composed: Copy with GPU GDI,2026-8-20 19:21:55.682184900,6.5762,6.5762,0.0000,0.1334,6.5670,0.2018,6.3652,NA,NA,NA,NA,NA,NA,NA
python.exe,31548,0x0,Other,0,0,1,Hardware: Legacy Flip,2026-8-20 19:21:55.688761100,5.2827,5.2827,0.0000,0.1290,5.1909,0.0729,5.1180,6.4879,14.8015,-5.0125,6209.6809,NA,NA,NA
python.exe,31548,0x0,Other,-1,0,0,Composed: Copy with GPU GDI,2026-8-20 19:21:55.694043800,0.2600,0.2600,0.0000,0.0372,1.2823,1.2823,0.0000,16.0067,2.0815,-9.5188,6214.9636,NA,NA,NA
python.exe,31548,0x0,Other,-1,0,0,Composed: Copy with GPU GDI,2026-8-20 19:21:55.694303800,7.0195,7.0195,0.0000,1.0621,6.0766,0.2016,5.8750,NA,NA,NA,NA,NA,NA,NA
python.exe,31548,0x0,Other,-1,0,0,Composed: Copy with GPU GDI,2026-8-20 19:21:55.701323300,8.0595,8.0595,0.0000,0.1241,8.0616,0.1945,7.8671,NA,NA,NA,NA,NA,NA,NA
python.exe,31548,0x0,Other,0,0,1,Hardware: Legacy Flip,2026-8-20 19:21:55.709382800,1.4308,1.4308,0.0000,0.1297,1.3389,0.0713,1.2676,2.7492,16.1212,13.2575,6230.3026,NA,NA,NA
python.exe,31548,0x0,Other,-1,0,0,Composed: Copy with GPU GDI,2026-8-20 19:21:55.710813600,2.0809,2.0809,0.0000,0.0378,2.1655,1.4281,0.7374,17.4396,0.2700,-14.6904,6231.7334,NA,NA,NA
python.exe,31548,0x0,Other,-1,0,0,Composed: Copy with GPU GDI,2026-8-20 19:21:55.712894500,7.5236,7.5236,0.0000,0.1265,7.5209,0.1956,7.3253,NA,NA,NA,NA,NA,NA,NA
python.exe,31548,0x0,Other,-1,0,0,Composed: Copy with GPU GDI,2026-8-20 19:21:55.720418100,3.5618,3.5618,0.0000,0.1279,3.5611,0.1937,3.3674,NA,NA,NA,NA,NA,NA,NA
python.exe,31548,0x0,Other,0,0,1,Hardware: Legacy Flip,2026-8-20 19:21:55.723979900,3.3307,3.3307,0.0000,0.1308,3.2356,0.0700,3.1656,4.5433,16.8356,12.8963,6244.8997,NA,NA,NA
python.exe,31548,0x0,Other,-1,0,0,Composed: Copy with GPU GDI,2026-8-20 19:21:55.727310600,4.3251,4.3251,0.0000,0.0357,4.4180,1.3162,3.1018,NA,NA,NA,NA,NA,NA,NA
python.exe,31548,0x0,Other,-1,0,0,Composed: Copy with GPU GDI,2026-8-20 19:21:55.731635700,5.4073,5.4073,0.0000,0.1334,5.4458,0.2382,5.2076,NA,NA,NA,NA,NA,NA,NA
python.exe,31548,0x0,Other,-1,0,0,Composed: Copy with GPU GDI,2026-8-20 19:21:55.737043000,6.6893,6.6893,0.0000,0.1763,6.6217,0.2087,6.4130,NA,NA,NA,NA,NA,NA,NA
python.exe,31548,0x0,Other,0,0,1,Hardware: Legacy Flip,2026-8-20 19:21:55.743732300,0.4189,0.4189,0.0000,0.1141,0.3438,0.0749,0.2689,1.6265,16.7248,2.9168,6264.6521,NA,NA,NA
python.exe,31548,0x0,Other,-1,0,0,Composed: Copy with GPU GDI,2026-8-20 19:21:55.744151200,5.6105,5.6105,0.0000,0.0390,5.6737,1.3073,4.3664,NA,NA,NA,NA,NA,NA,NA
python.exe,31548,0x0,Other,-1,0,0,Composed: Copy with GPU GDI,2026-8-20 19:21:55.749761700,5.5197,5.5197,0.0000,0.1078,5.5317,0.2015,5.3302,NA,NA,NA,NA,NA,NA,NA
python.exe,31548,0x0,Other,-1,0,0,Composed: Copy with GPU GDI,2026-8-20 19:21:55.755281400,5.0929,5.0929,0.0000,0.1234,5.0803,0.1913,4.8890,NA,NA,NA,NA,NA,NA,NA
python.exe,31548,0x0,Other,0,0,1,Hardware: Legacy Flip,2026-8-20 19:21:55.760374300,0.4773,0.4773,0.0000,0.1156,0.4044,0.0806,0.3238,1.7093,16.4219,-0.0828,6281.2941,NA,NA,NA
python.exe,31548,0x0,Other,-1,0,0,Composed: Copy with GPU GDI,2026-8-20 19:21:55.760851600,6.3857,6.3857,0.0000,0.0427,6.4680,1.3389,5.1291,NA,NA,NA,NA,NA,NA,NA
python.exe,31548,0x0,Other,-1,0,0,Composed: Copy with GPU GDI,2026-8-20 19:21:55.767237300,5.0706,5.0706,0.0000,0.1298,5.0556,0.1979,4.8577,NA,NA,NA,NA,NA,NA,NA
python.exe,31548,0x0,Other,0,0,1,Hardware: Legacy Flip,2026-8-20 19:21:55.772307900,4.9704,4.9704,0.0000,0.1210,4.8966,0.0880,4.8086,6.1976,16.5031,-4.4883,6293.2277,NA,NA,NA
python.exe,31548,0x0,Other,-1,0,0,Composed: Copy with GPU GDI,2026-8-20 19:21:55.777278300,2.6463,2.6463,0.0000,0.0472,2.7096,1.3359,1.3737,17.7303,0.1213,-11.5327,6298.1981,NA,NA,NA
python.exe,31548,0x0,Other,-1,0,0,Composed: Copy with GPU GDI,2026-8-20 19:21:55.779924600,4.5541,4.5541,0.0000,0.1151,4.5600,0.2065,4.3535,NA,NA,NA,NA,NA,NA,NA
python.exe,31548,0x0,Other,-1,0,0,Composed: Copy with GPU GDI,2026-8-20 19:21:55.784478700,6.5768,6.5768,0.0000,0.1256,6.5607,0.2028,6.3579,NA,NA,NA,NA,NA,NA,NA
python.exe,31548,0x0,Other,0,0,1,Hardware: Legacy Flip,2026-8-20 19:21:55.791055500,2.7852,2.7852,0.0000,0.1147,2.7192,0.0919,2.6273,4.0744,16.7590,13.6559,6311.9753,NA,NA,NA
python.exe,31548,0x0,Other,-1,0,0,Composed: Copy with GPU GDI,2026-8-20 19:21:55.793840700,5.2651,5.2651,0.0000,0.0487,5.3327,1.3914,3.9413,NA,NA,NA,NA,NA,NA,NA
python.exe,31548,0x0,Other,-1,0,0,Composed: Copy with GPU GDI,2026-8-20 19:21:55.799105800,4.0653,4.0653,0.0000,0.1205,4.0644,0.2009,3.8635,NA,NA,NA,NA,NA,NA,NA
python.exe,31548,0x0,Other,0,0,1,Hardware: Legacy Flip,2026-8-20 19:21:55.803171100,7.5062,7.5062,0.0000,0.1235,7.4270,0.0875,7.3395,8.7178,13.4322,-4.6434,6324.0909,NA,NA,NA
python.exe,31548,0x0,Other,-1,0,0,Composed: Copy with GPU GDI,2026-8-20 19:21:55.810677300,0.5122,0.5122,0.0000,0.0443,1.2832,1.2832,0.0000,14.6438,3.7513,-5.9260,6331.5971,NA,NA,NA
python.exe,31548,0x0,Other,-1,0,0,Composed: Copy with GPU GDI,2026-8-20 19:21:55.811189500,4.2616,4.2616,0.0000,0.8190,3.5040,0.2262,3.2778,NA,NA,NA,NA,NA,NA,NA
python.exe,31548,0x0,Other,-1,0,0,Composed: Copy with GPU GDI,2026-8-20 19:21:55.815451100,6.4094,6.4094,0.0000,0.0659,6.4366,0.1871,6.2495,NA,NA,NA,NA,NA,NA,NA
python.exe,31548,0x0,Other,-1,0,0,Composed: Copy with GPU GDI,2026-8-20 19:21:55.821860500,5.7012,5.7012,0.0000,0.0976,5.7173,0.2135,5.5038,NA,NA,NA,NA,NA,NA,NA
python.exe,31548,0x0,Other,0,0,1,Hardware: Legacy Flip,2026-8-20 19:21:55.827561700,0.2703,0.2703,0.0000,0.1192,0.1989,0.0893,0.1096,1.5107,16.0761,13.1331,6348.4815,NA,NA,NA
python.exe,31548,0x0,Other,-1,0,0,Composed: Copy with GPU GDI,2026-8-20 19:21:55.827832000,5.5615,5.5615,0.0000,0.0478,5.6291,1.3012,4.3279,NA,NA,NA,NA,NA,NA,NA
python.exe,31548,0x0,Other,-1,0,0,Composed: Copy with GPU GDI,2026-8-20 19:21:55.833393500,6.6984,6.6984,0.0000,0.1193,6.6548,0.2404,6.4144,NA,NA,NA,NA,NA,NA,NA
python.exe,31548,0x0,Other,0,0,1,Hardware: Legacy Flip,2026-8-20 19:21:55.840091900,3.7481,3.7481,0.0000,0.0816,3.7274,0.1049,3.6225,5.0566,16.5781,-3.5459,6361.0117,NA,NA,NA
python.exe,31548,0x0,Other,-1,0,0,Composed: Copy with GPU GDI,2026-8-20 19:21:55.843840000,2.6039,2.6039,0.0000,0.0609,2.6495,1.3877,1.2618,17.8866,1.6089,-12.8300,6364.7598,NA,NA,NA
python.exe,31548,0x0,Other,-1,0,0,Composed: Copy with GPU GDI,2026-8-20 19:21:55.846443900,7.7688,7.7688,0.0000,0.1107,7.7696,0.2013,7.5683,NA,NA,NA,NA,NA,NA,NA
python.exe,31548,0x0,Other,-1,0,0,Composed: Copy with GPU GDI,2026-8-20 19:21:55.854212700,3.7945,3.7945,0.0000,0.1154,3.7980,0.1964,3.6016,NA,NA,NA,NA,NA,NA,NA
python.exe,31548,0x0,Other,0,0,1,Hardware: Legacy Flip,2026-8-20 19:21:55.858007200,3.9560,3.9560,0.0000,0.1229,3.8939,0.1135,3.7804,5.3283,15.6477,12.5583,6378.9270,NA,NA,NA
python.exe,31548,0x0,Other,-1,0,0,Composed: Copy with GPU GDI,2026-8-20 19:21:55.861963200,3.7229,3.7229,0.0000,0.0608,3.7817,1.4560,2.3257,NA,NA,NA,NA,NA,NA,NA
python.exe,31548,0x0,Other,-1,0,0,Composed: Copy with GPU GDI,2026-8-20 19:21:55.865686100,5.5206,5.5206,0.0000,0.1235,5.5121,0.2049,5.3072,NA,NA,NA,NA,NA,NA,NA
python.exe,31548,0x0,Other,-1,0,0,Composed: Copy with GPU GDI,2026-8-20 19:21:55.871206700,6.0980,6.0980,0.0000,0.1207,6.0929,0.2076,5.8853,NA,NA,NA,NA,NA,NA,NA
python.exe,31548,0x0,Other,0,0,1,Hardware: Legacy Flip,2026-8-20 19:21:55.877304700,0.4382,0.4382,0.0000,0.1204,0.3312,0.0517,0.2795,1.6785,16.8084,3.6498,6398.2245,NA,NA,NA
python.exe,31548,0x0,Other,-1,0,0,Composed: Copy with GPU GDI,2026-8-20 19:21:55.877742900,4.0147,4.0147,0.0000,0.0134,4.1195,1.3687,2.7508,NA,NA,NA,NA,NA,NA,NA
python.exe,31548,0x0,Other,-1,0,0,Composed: Copy with GPU GDI,2026-8-20 19:21:55.881757600,6.5731,6.5731,0.0000,0.1232,6.5544,0.1871,6.3673,NA,NA,NA,NA,NA,NA,NA
python.exe,31548,0x0,Other,-1,0,0,Composed: Copy with GPU GDI,2026-8-20 19:21:55.888330700,5.7105,5.7105,0.0000,0.1094,5.7189,0.2032,5.5157,NA,NA,NA,NA,NA,NA,NA
python.exe,31548,0x0,Other,0,0,1,Hardware: Legacy Flip,2026-8-20 19:21:55.894041200,0.4540,0.4540,0.0000,0.1226,0.3742,0.0836,0.2906,1.7504,17.2774,-0.0719,6414.9610,NA,NA,NA
python.exe,31548,0x0,Other,-1,0,0,Composed: Copy with GPU GDI,2026-8-20 19:21:55.894495200,5.8924,5.8924,0.0000,0.0428,5.9527,1.3933,4.5594,NA,NA,NA,NA,NA,NA,NA
python.exe,31548,0x0,Other,-1,0,0,Composed: Copy with GPU GDI,2026-8-20 19:21:55.900387600,9.1076,9.1076,0.0000,0.1070,9.1200,0.1964,8.9236,NA,NA,NA,NA,NA,NA,NA
python.exe,31548,0x0,Other,0,0,1,Hardware: Legacy Flip,2026-8-20 19:21:55.909495200,2.3224,2.3224,0.0000,0.1233,2.2390,0.0774,2.1616,3.5738,15.3970,-1.8234,6430.4150,NA,NA,NA
python.exe,31548,0x0,Other,-1,0,0,Composed: Copy with GPU GDI,2026-8-20 19:21:55.911817600,1.0774,1.0774,0.0000,0.0399,1.3204,1.3204,0.0000,16.6484,0.2333,-13.0746,6432.7374,NA,NA,NA
python.exe,31548,0x0,Other,-1,0,0,Composed: Copy with GPU GDI,2026-8-20 19:21:55.912895000,8.1319,8.1319,0.0000,0.2861,7.9546,0.1997,7.7549,NA,NA,NA,NA,NA,NA,NA
python.exe,31548,0x0,Other,-1,0,0,Composed: Copy with GPU GDI,2026-8-20 19:21:55.921026900,3.5984,3.5984,0.0000,0.1124,3.6043,0.1990,3.4053,NA,NA,NA,NA,NA,NA,NA
python.exe,31548,0x0,Other,0,0,1,Hardware: Legacy Flip,2026-8-20 19:21:55.924625300,2.8099,2.8099,0.0000,0.1225,2.7017,0.0512,2.6505,4.0740,17.0431,12.5744,6445.5451,NA,NA,NA
python.exe,31548,0x0,Other,-1,0,0,Composed: Copy with GPU GDI,2026-8-20 19:21:55.927435200,4.9592,4.9592,0.0000,0.0143,5.0440,1.3753,3.6687,NA,NA,NA,NA,NA,NA,NA
python.exe,31548,0x0,Other,-1,0,0,Composed: Copy with GPU GDI,2026-8-20 19:21:55.932394400,4.2912,4.2912,0.0000,0.1034,4.3060,0.1961,4.1099,NA,NA,NA,NA,NA,NA,NA
python.exe,31548,0x0,Other,-1,0,0,Composed: Copy with GPU GDI,2026-8-20 19:21:55.936685600,7.3235,7.3235,0.0000,0.1220,7.2841,0.2076,7.0765,NA,NA,NA,NA,NA,NA,NA
python.exe,31548,0x0,Other,0,0,1,Hardware: Legacy Flip,2026-8-20 19:21:55.944009100,0.4487,0.4487,0.0000,0.0871,0.4125,0.0893,0.3232,1.7333,17.2537,2.3407,6464.9289,NA,NA,NA
python.exe,31548,0x0,Other,-1,0,0,Composed: Copy with GPU GDI,2026-8-20 19:21:55.944457800,4.9175,4.9175,0.0000,0.0509,4.9628,1.3238,3.6390,NA,NA,NA,NA,NA,NA,NA
python.exe,31548,0x0,Other,-1,0,0,Composed: Copy with GPU GDI,2026-8-20 19:21:55.949375300,5.5571,5.5571,0.0000,0.1018,5.5533,0.2110,5.3423,NA,NA,NA,NA,NA,NA,NA
python.exe,31548,0x0,Other,-1,0,0,Composed: Copy with GPU GDI,2026-8-20 19:21:55.954932400,6.3904,6.3904,0.0000,0.1027,6.4009,0.2036,6.1973,NA,NA,NA,NA,NA,NA,NA
python.exe,31548,0x0,Other,0,0,1,Hardware: Legacy Flip,2026-8-20 19:21:55.961322800,0.4323,0.4323,0.0000,0.1172,0.3561,0.0760,0.2801,1.6733,15.5500,0.0600,6482.2426,NA,NA,NA
python.exe,31548,0x0,Other,-1,0,0,Composed: Copy with GPU GDI,2026-8-20 19:21:55.961755100,6.6833,6.6833,0.0000,0.0410,6.7554,1.3460,5.4094,NA,NA,NA,NA,NA,NA,NA
python.exe,31548,0x0,Other,-1,0,0,Composed: Copy with GPU GDI,2026-8-20 19:21:55.968438400,4.4830,4.4830,0.0000,0.1167,4.4947,0.1997,4.2950,NA,NA,NA,NA,NA,NA,NA
python.exe,31548,0x0,Other,0,0,1,Hardware: Legacy Flip,2026-8-20 19:21:55.972921400,4.4013,4.4013,0.0000,0.1321,4.2828,0.0533,4.2295,5.6247,16.6514,-3.9514,6493.8412,NA,NA,NA
python.exe,31548,0x0,Other,-1,0,0,Composed: Copy with GPU GDI,2026-8-20 19:21:55.977322700,2.1488,2.1488,0.0000,0.0136,2.2571,1.3596,0.8975,17.8748,0.2511,-12.2501,6498.2425,NA,NA,NA
python.exe,31548,0x0,Other,-1,0,0,Composed: Copy with GPU GDI,2026-8-20 19:21:55.979471500,7.6830,7.6830,0.0000,0.1257,7.6786,0.1984,7.4802,NA,NA,NA,NA,NA,NA,NA
python.exe,31548,0x0,Other,-1,0,0,Composed: Copy with GPU GDI,2026-8-20 19:21:55.987154500,4.6248,4.6248,0.0000,0.1245,4.5855,0.2059,4.3796,NA,NA,NA,NA,NA,NA,NA
python.exe,31548,0x0,Other,0,0,1,Hardware: Legacy Flip,2026-8-20 19:21:55.991779300,2.2672,2.2672,0.0000,0.0902,2.2313,0.1064,2.1249,3.6693,16.3106,14.2055,6512.6991,NA,NA,NA
python.exe,31548,0x0,Other,-1,0,0,Composed: Copy with GPU GDI,2026-8-20 19:21:55.994046500,5.8406,5.8406,0.0000,0.0543,5.8629,1.4700,4.3929,NA,NA,NA,NA,NA,NA,NA
python.exe,31548,0x0,Other,-1,0,0,Composed: Copy with GPU GDI,2026-8-20 19:21:55.999887100,2.9110,2.9110,0.0000,0.0802,2.9533,0.2056,2.7477,NA,NA,NA,NA,NA,NA,NA
python.exe,31548,0x0,Other,-1,0,0,Composed: Copy with GPU GDI,2026-8-20 19:21:56.002798100,6.8964,6.8964,0.0000,0.1283,6.8824,0.1978,6.6846,NA,NA,NA,NA,NA,NA,NA
python.exe,31548,0x0,Other,0,0,1,Hardware: Legacy Flip,2026-8-20 19:21:56.009694500,0.8315,0.8315,0.0000,0.1185,0.7536,0.0746,0.6790,2.0647,16.7867,1.6046,6530.6143,NA,NA,NA
python.exe,31548,0x0,Other,-1,0,0,Composed: Copy with GPU GDI,2026-8-20 19:21:56.010526000,6.3727,6.3727,0.0000,0.0406,6.4445,1.3367,5.1078,NA,NA,NA,NA,NA,NA,NA
python.exe,31548,0x0,Other,-1,0,0,Composed: Copy with GPU GDI,2026-8-20 19:21:56.016898700,4.5860,4.5860,0.0000,0.1159,4.5869,0.1967,4.3902,NA,NA,NA,NA,NA,NA,NA
python.exe,31548,0x0,Other,0,0,1,Hardware: Legacy Flip,2026-8-20 19:21:56.021484700,5.8081,5.8081,0.0000,0.1203,5.7301,0.0793,5.6508,7.0612,15.1726,-4.9965,6542.4045,NA,NA,NA
python.exe,31548,0x0,Other,-1,0,0,Composed: Copy with GPU GDI,2026-8-20 19:21:56.027292800,0.7010,0.7010,0.0000,0.0423,1.3481,1.3481,0.0000,16.4257,2.6778,-9.3645,6548.2126,NA,NA,NA
python.exe,31548,0x0,Other,-1,0,0,Composed: Copy with GPU GDI,2026-8-20 19:21:56.027993800,5.1198,5.1198,0.0000,0.6945,4.5241,0.2027,4.3214,NA,NA,NA,NA,NA,NA,NA
python.exe,31548,0x0,Other,-1,0,0,Composed: Copy with GPU GDI,2026-8-20 19:21:56.033113600,6.0129,6.0129,0.0000,0.1029,6.0019,0.1854,5.8165,NA,NA,NA,NA,NA,NA,NA
python.exe,31548,0x0,Other,0,0,1,Hardware: Legacy Flip,2026-8-20 19:21:56.039126500,6.0336,6.0336,0.0000,0.0964,5.9967,0.0948,5.9019,7.2698,15.5276,9.1559,6560.0463,NA,NA,NA
python.exe,31548,0x0,Other,-1,0,0,Composed: Copy with GPU GDI,2026-8-20 19:21:56.045160100,1.0156,1.0156,0.0000,0.0595,1.2941,1.2941,0.0000,16.7638,1.0862,-9.4940,6566.0799,NA,NA,NA
python.exe,31548,0x0,Other,-1,0,0,Composed: Copy with GPU GDI,2026-8-20 19:21:56.046175700,8.4004,8.4004,0.0000,0.3416,8.1569,0.1923,7.9646,NA,NA,NA,NA,NA,NA,NA
python.exe,31548,0x0,Other,-1,0,0,Composed: Copy with GPU GDI,2026-8-20 19:21:56.054576100,2.8223,2.8223,0.0000,0.1020,2.8440,0.1951,2.6489,NA,NA,NA,NA,NA,NA,NA
python.exe,31548,0x0,Other,0,0,1,Hardware: Legacy Flip,2026-8-20 19:21:56.057398400,4.3763,4.3763,0.0000,0.1273,4.2652,0.0603,4.2049,5.6117,15.4582,11.1521,6578.3182,NA,NA,NA
python.exe,31548,0x0,Other,-1,0,0,Composed: Copy with GPU GDI,2026-8-20 19:21:56.061774700,3.7192,3.7192,0.0000,0.0162,3.8357,1.3626,2.4731,NA,NA,NA,NA,NA,NA,NA
python.exe,31548,0x0,Other,-1,0,0,Composed: Copy with GPU GDI,2026-8-20 19:21:56.065493900,4.4968,4.4968,0.0000,0.1368,4.4873,0.1962,4.2911,NA,NA,NA,NA,NA,NA,NA
python.exe,31548,0x0,Other,0,0,1,Hardware: Legacy Flip,2026-8-20 19:21:56.069990700,7.2479,7.2479,0.0000,0.1311,7.1290,0.0466,7.0824,8.4776,13.7810,-2.8659,6590.9105,NA,NA,NA
python.exe,31548,0x0,Other,-1,0,0,Composed: Copy with GPU GDI,2026-8-20 19:21:56.077238600,0.2659,0.2659,0.0000,0.0122,1.3326,1.3326,0.0000,15.0107,3.1531,-6.5331,6598.1584,NA,NA,NA
python.exe,31548,0x0,Other,-1,0,0,Composed: Copy with GPU GDI,2026-8-20 19:21:56.077504500,5.1308,5.1308,0.0000,1.0819,4.1549,0.1904,3.9645,NA,NA,NA,NA,NA,NA,NA
python.exe,31548,0x0,Other,-1,0,0,Composed: Copy with GPU GDI,2026-8-20 19:21:56.082635300,5.5384,5.5384,0.0000,0.1086,5.5437,0.1826,5.3611,NA,NA,NA,NA,NA,NA,NA
python.exe,31548,0x0,Other,-1,0,0,Composed: Copy with GPU GDI,2026-8-20 19:21:56.088173700,5.5980,5.5980,0.0000,0.1175,5.6136,0.2008,5.4128,NA,NA,NA,NA,NA,NA,NA
python.exe,31548,0x0,Other,0,0,1,Hardware: Legacy Flip,2026-8-20 19:21:56.093771700,0.3850,0.3850,0.0000,0.1370,0.2868,0.0700,0.2168,1.6307,16.4259,13.3800,6614.6915,NA,NA,NA
python.exe,31548,0x0,Other,-1,0,0,Composed: Copy with GPU GDI,2026-8-20 19:21:56.094156700,6.7170,6.7170,0.0000,0.0388,6.7816,1.3673,5.4143,NA,NA,NA,NA,NA,NA,NA
python.exe,31548,0x0,Other,-1,0,0,Composed: Copy with GPU GDI,2026-8-20 19:21:56.100873700,8.6600,8.6600,0.0000,0.1079,8.6563,0.1849,8.4714,NA,NA,NA,NA,NA,NA,NA
python.exe,31548,0x0,Other,0,0,1,Hardware: Legacy Flip,2026-8-20 19:21:56.109533700,1.0700,1.0700,0.0000,0.1082,1.0065,0.0870,0.9195,2.2946,16.6865,-0.6639,6630.4535,NA,NA,NA
python.exe,31548,0x0,Other,-1,0,0,Composed: Copy with GPU GDI,2026-8-20 19:21:56.110603700,2.2319,2.2319,0.0000,0.0447,2.3176,1.3300,0.9876,NA,NA,NA,NA,NA,NA,NA
python.exe,31548,0x0,Other,-1,0,0,Composed: Copy with GPU GDI,2026-8-20 19:21:56.112835600,7.7673,7.7673,0.0000,0.1344,7.7636,0.1996,7.5640,NA,NA,NA,NA,NA,NA,NA
python.exe,31548,0x0,Other,-1,0,0,Composed: Copy with GPU GDI,2026-8-20 19:21:56.120602900,4.9471,4.9471,0.0000,0.1348,4.9405,0.1954,4.7451,NA,NA,NA,NA,NA,NA,NA
python.exe,31548,0x0,Other,0,0,1,Hardware: Legacy Flip,2026-8-20 19:21:56.125550000,1.7410,1.7410,0.0000,0.1316,1.6504,0.0761,1.5743,2.9648,17.6154,-0.6702,6646.4698,NA,NA,NA
python.exe,31548,0x0,Other,-1,0,0,Composed: Copy with GPU GDI,2026-8-20 19:21:56.127291000,4.4303,4.4303,0.0000,0.0410,4.5246,1.3325,3.1921,NA,NA,NA,NA,NA,NA,NA
python.exe,31548,0x0,Other,-1,0,0,Composed: Copy with GPU GDI,2026-8-20 19:21:56.131721300,4.9050,4.9050,0.0000,0.1401,4.8926,0.1942,4.6984,NA,NA,NA,NA,NA,NA,NA
python.exe,31548,0x0,Other,-1,0,0,Composed: Copy with GPU GDI,2026-8-20 19:21:56.136626300,7.0672,7.0672,0.0000,0.1316,7.0647,0.1942,6.8705,NA,NA,NA,NA,NA,NA,NA
python.exe,31548,0x0,Other,0,0,1,Hardware: Legacy Flip,2026-8-20 19:21:56.143693500,1.2210,1.2210,0.0000,0.1329,1.1234,0.0710,1.0524,2.4367,16.0136,0.5281,6664.6133,NA,NA,NA
python.exe,31548,0x0,Other,-1,0,0,Composed: Copy with GPU GDI,2026-8-20 19:21:56.144914500,4.3031,4.3031,0.0000,0.0353,4.3906,1.3392,3.0514,NA,NA,NA,NA,NA,NA,NA
python.exe,31548,0x0,Other,-1,0,0,Composed: Copy with GPU GDI,2026-8-20 19:21:56.149217600,6.1851,6.1851,0.0000,0.1279,6.1850,0.2016,5.9834,NA,NA,NA,NA,NA,NA,NA
python.exe,31548,0x0,Other,-1,0,0,Composed: Copy with GPU GDI,2026-8-20 19:21:56.155402700,5.1238,5.1238,0.0000,0.1314,5.1067,0.1942,4.9125,NA,NA,NA,NA,NA,NA,NA
python.exe,31548,0x0,Other,0,0,1,Hardware: Legacy Flip,2026-8-20 19:21:56.160526500,0.3981,0.3981,0.0000,0.1184,0.2930,0.0454,0.2476,1.6173,16.4385,0.8194,6681.4463,NA,NA,NA
python.exe,31548,0x0,Other,-1,0,0,Composed: Copy with GPU GDI,2026-8-20 19:21:56.160924600,6.1162,6.1162,0.0000,0.0133,6.2608,1.3845,4.8763,NA,NA,NA,NA,NA,NA,NA
python.exe,31548,0x0,Other,-1,0,0,Composed: Copy with GPU GDI,2026-8-20 19:21:56.167040800,6.0096,6.0096,0.0000,0.1624,5.9748,0.1945,5.7803,NA,NA,NA,NA,NA,NA,NA
python.exe,31548,0x0,Other,0,0,1,Hardware: Legacy Flip,2026-8-20 19:21:56.173050400,4.3379,4.3379,0.0000,0.1315,4.2487,0.0808,4.1679,5.5319,16.1151,-3.9146,6693.9702,NA,NA,NA
python.exe,31548,0x0,Other,-1,0,0,Composed: Copy with GPU GDI,2026-8-20 19:21:56.177388300,1.7690,1.7690,0.0000,0.0423,1.8458,1.3011,0.5447,NA,NA,NA,NA,NA,NA,NA
python.exe,31548,0x0,Other,-1,0,0,Composed: Copy with GPU GDI,2026-8-20 19:21:56.179157300,8.1254,8.1254,0.0000,0.1226,8.1338,0.1969,7.9369,NA,NA,NA,NA,NA,NA,NA
python.exe,31548,0x0,Other,-1,0,0,Composed: Copy with GPU GDI,2026-8-20 19:21:56.187282700,4.3648,4.3648,0.0000,0.1349,4.3596,0.1972,4.1624,NA,NA,NA,NA,NA,NA,NA
python.exe,31548,0x0,Other,0,0,1,Hardware: Legacy Flip,2026-8-20 19:21:56.191647500,1.8506,1.8506,0.0000,0.1333,1.7632,0.0838,1.6794,3.0499,17.8205,2.4820,6712.5673,NA,NA,NA
python.exe,31548,0x0,Other,-1,0,0,Composed: Copy with GPU GDI,2026-8-20 19:21:56.193498100,5.0473,5.0473,0.0000,0.0459,5.1350,1.3008,3.8342,NA,NA,NA,NA,NA,NA,NA
python.exe,31548,0x0,Other,-1,0,0,Composed: Copy with GPU GDI,2026-8-20 19:21:56.198545400,4.7034,4.7034,0.0000,0.1376,4.6852,0.1980,4.4872,NA,NA,NA,NA,NA,NA,NA
python.exe,31548,0x0,Other,-1,0,0,Composed: Copy with GPU GDI,2026-8-20 19:21:56.203248800,7.6532,7.6532,0.0000,0.1231,7.6633,0.2043,7.4590,NA,NA,NA,NA,NA,NA,NA
python.exe,31548,0x0,Other,0,0,1,Hardware: Legacy Flip,2026-8-20 19:21:56.210902000,0.3880,0.3880,0.0000,0.1377,0.2853,0.0688,0.2165,1.6159,16.5813,1.4340,6731.8218,NA,NA,NA
python.exe,31548,0x0,Other,-1,0,0,Composed: Copy with GPU GDI,2026-8-20 19:21:56.211290000,4.5494,4.5494,0.0000,0.0350,4.6409,1.3368,3.3041,NA,NA,NA,NA,NA,NA,NA
python.exe,31548,0x0,Other,-1,0,0,Composed: Copy with GPU GDI,2026-8-20 19:21:56.215839400,5.4910,5.4910,0.0000,0.1301,5.4959,0.2021,5.2938,NA,NA,NA,NA,NA,NA,NA
python.exe,31548,0x0,Other,-1,0,0,Composed: Copy with GPU GDI,2026-8-20 19:21:56.221330400,6.1442,6.1442,0.0000,0.1399,6.1291,0.1934,5.9357,NA,NA,NA,NA,NA,NA,NA
python.exe,31548,0x0,Other,0,0,1,Hardware: Legacy Flip,2026-8-20 19:21:56.227474600,0.4116,0.4116,0.0000,0.1291,0.2950,0.0504,0.2446,1.6246,15.8811,-0.0087,6748.3944,NA,NA,NA
python.exe,31548,0x0,Other,-1,0,0,Composed: Copy with GPU GDI,2026-8-20 19:21:56.227886200,5.6088,5.6088,0.0000,0.0125,5.7278,1.3485,4.3793,NA,NA,NA,NA,NA,NA,NA
python.exe,31548,0x0,Other,-1,0,0,Composed: Copy with GPU GDI,2026-8-20 19:21:56.233495000,9.2092,9.2092,0.0000,0.1352,9.2047,0.1989,9.0058,NA,NA,NA,NA,NA,NA,NA
python.exe,31548,0x0,Other,0,0,1,Hardware: Legacy Flip,2026-8-20 19:21:56.242704200,1.0686,1.0686,0.0000,0.1345,0.9454,0.0422,0.9032,2.2761,16.4148,-0.6515,6763.6240,NA,NA,NA
python.exe,31548,0x0,Other,-1,0,0,Composed: Copy with GPU GDI,2026-8-20 19:21:56.243772800,2.3311,2.3311,0.0000,0.0113,2.5563,1.4504,1.1059,NA,NA,NA,NA,NA,NA,NA
python.exe,31548,0x0,Other,-1,0,0,Composed: Copy with GPU GDI,2026-8-20 19:21:56.246103900,7.8779,7.8779,0.0000,0.2390,7.7721,0.2012,7.5709,NA,NA,NA,NA,NA,NA,NA
python.exe,31548,0x0,Other,-1,0,0,Composed: Copy with GPU GDI,2026-8-20 19:21:56.253981800,3.3509,3.3509,0.0000,0.1368,3.3379,0.2087,3.1292,NA,NA,NA,NA,NA,NA,NA
python.exe,31548,0x0,Other,0,0,1,Hardware: Legacy Flip,2026-8-20 19:21:56.257332700,2.8257,2.8257,0.0000,0.1274,2.7434,0.0846,2.6588,4.0624,17.1820,-1.7863,6778.2525,NA,NA,NA
python.exe,31548,0x0,Other,-1,0,0,Composed: Copy with GPU GDI,2026-8-20 19:21:56.260158400,5.2521,5.2521,0.0000,0.0451,5.3394,1.3382,4.0012,NA,NA,NA,NA,NA,NA,NA
python.exe,31548,0x0,Other,-1,0,0,Composed: Copy with GPU GDI,2026-8-20 19:21:56.265410500,3.9477,3.9477,0.0000,0.1358,3.9369,0.1945,3.7424,NA,NA,NA,NA,NA,NA,NA
python.exe,31548,0x0,Other,-1,0,0,Composed: Copy with GPU GDI,2026-8-20 19:21:56.269358200,7.6412,7.6412,0.0000,0.1288,7.6329,0.1971,7.4358,NA,NA,NA,NA,NA,NA,NA
python.exe,31548,0x0,Other,0,0,1,Hardware: Legacy Flip,2026-8-20 19:21:56.276999400,0.3441,0.3441,0.0000,0.1242,0.2538,0.0646,0.1892,1.5777,16.4378,2.4847,6797.9192,NA,NA,NA
python.exe,31548,0x0,Other,-1,0,0,Composed: Copy with GPU GDI,2026-8-20 19:21:56.277343500,5.0567,5.0567,0.0000,0.0339,5.1445,1.3484,3.7961,NA,NA,NA,NA,NA,NA,NA
python.exe,31548,0x0,Other,-1,0,0,Composed: Copy with GPU GDI,2026-8-20 19:21:56.282400200,6.0479,6.0479,0.0000,0.1258,6.0367,0.1974,5.8393,NA,NA,NA,NA,NA,NA,NA
python.exe,31548,0x0,Other,0,0,1,Hardware: Legacy Flip,2026-8-20 19:21:56.288448100,5.3114,5.3114,0.0000,0.1168,5.2322,0.0721,5.1601,6.5668,15.6320,-4.9891,6809.3679,NA,NA,NA
python.exe,31548,0x0,Other,-1,0,0,Composed: Copy with GPU GDI,2026-8-20 19:21:56.293759500,0.6417,0.6417,0.0000,0.0376,1.3399,1.3399,0.0000,16.8874,2.0974,-10.3206,6814.6793,NA,NA,NA
python.exe,31548,0x0,Other,-1,0,0,Composed: Copy with GPU GDI,2026-8-20 19:21:56.294401200,6.0317,6.0317,0.0000,0.7386,5.4177,0.1907,5.2270,NA,NA,NA,NA,NA,NA,NA
python.exe,31548,0x0,Other,-1,0,0,Composed: Copy with GPU GDI,2026-8-20 19:21:56.300432900,6.0084,6.0084,0.0000,0.1285,6.0085,0.1920,5.8165,NA,NA,NA,NA,NA,NA,NA
python.exe,31548,0x0,Other,0,0,1,Hardware: Legacy Flip,2026-8-20 19:21:56.306441300,5.0365,5.0365,0.0000,0.1319,4.9442,0.0800,4.8642,6.3030,16.0123,10.5844,6827.3611,NA,NA,NA
python.exe,31548,0x0,Other,-1,0,0,Composed: Copy with GPU GDI,2026-8-20 19:21:56.311477800,1.4839,1.4839,0.0000,0.0396,1.5766,1.3763,0.2003,NA,NA,NA,NA,NA,NA,NA
python.exe,31548,0x0,Other,-1,0,0,Composed: Copy with GPU GDI,2026-8-20 19:21:56.312961700,7.8229,7.8229,0.0000,0.1360,7.8057,0.1965,7.6092,NA,NA,NA,NA,NA,NA,NA
python.exe,31548,0x0,Other,-1,0,0,Composed: Copy with GPU GDI,2026-8-20 19:21:56.320784600,4.3881,4.3881,0.0000,0.1224,4.3967,0.1978,4.1989,NA,NA,NA,NA,NA,NA,NA
python.exe,31548,0x0,Other,0,0,1,Hardware: Legacy Flip,2026-8-20 19:21:56.325172700,2.2937,2.2937,0.0000,0.1347,2.1730,0.0522,2.1208,3.5839,17.7509,2.7191,6846.0925,NA,NA,NA
python.exe,31548,0x0,Other,-1,0,0,Composed: Copy with GPU GDI,2026-8-20 19:21:56.327466400,4.9393,4.9393,0.0000,0.0140,5.0600,1.4292,3.6308,NA,NA,NA,NA,NA,NA,NA
python.exe,31548,0x0,Other,-1,0,0,Composed: Copy with GPU GDI,2026-8-20 19:21:56.332405700,4.4092,4.4092,0.0000,0.1384,4.3980,0.1969,4.2011,NA,NA,NA,NA,NA,NA,NA
python.exe,31548,0x0,Other,-1,0,0,Composed: Copy with GPU GDI,2026-8-20 19:21:56.336814900,6.4769,6.4769,0.0000,0.1318,6.4583,0.1848,6.2735,NA,NA,NA,NA,NA,NA,NA
python.exe,31548,0x0,Other,0,0,1,Hardware: Legacy Flip,2026-8-20 19:21:56.343291800,1.9236,1.9236,0.0000,0.1183,1.8433,0.0726,1.7707,3.2157,15.1556,0.3682,6864.2116,NA,NA,NA
python.exe,31548,0x0,Other,-1,0,0,Composed: Copy with GPU GDI,2026-8-20 19:21:56.345215400,4.3373,4.3373,0.0000,0.0380,4.4062,1.3979,3.0083,NA,NA,NA,NA,NA,NA,NA
python.exe,31548,0x0,Other,-1,0,0,Composed: Copy with GPU GDI,2026-8-20 19:21:56.349552700,5.5905,5.5905,0.0000,0.1111,5.5863,0.2054,5.3809,NA,NA,NA,NA,NA,NA,NA
python.exe,31548,0x0,Other,0,0,1,Hardware: Legacy Flip,2026-8-20 19:21:56.355143200,5.2266,5.2266,0.0000,0.1106,5.1284,0.0465,5.0819,6.5199,15.7146,-3.3042,6876.0630,NA,NA,NA
python.exe,31548,0x0,Other,-1,0,0,Composed: Copy with GPU GDI,2026-8-20 19:21:56.360369800,1.0836,1.0836,0.0000,0.0124,1.3980,1.3980,0.0000,17.0079,2.3696,-10.4880,6881.2896,NA,NA,NA
python.exe,31548,0x0,Other,-1,0,0,Composed: Copy with GPU GDI,2026-8-20 19:21:56.361453400,5.5587,5.5587,0.0000,0.3297,5.3480,0.1951,5.1529,NA,NA,NA,NA,NA,NA,NA
python.exe,31548,0x0,Other,-1,0,0,Composed: Copy with GPU GDI,2026-8-20 19:21:56.367012100,9.3902,9.3902,0.0000,0.1228,9.3988,0.2012,9.1976,NA,NA,NA,NA,NA,NA,NA
python.exe,31548,0x0,Other,0,0,1,Hardware: Legacy Flip,2026-8-20 19:21:56.376402300,2.0475,2.0475,0.0000,0.1351,1.9506,0.0724,1.8782,3.3450,15.3979,13.6629,6897.3221,NA,NA,NA
python.exe,31548,0x0,Other,-1,0,0,Composed: Copy with GPU GDI,2026-8-20 19:21:56.378449800,0.6020,0.6020,0.0000,0.0382,1.3904,1.3904,0.0000,NA,NA,NA,NA,NA,NA,NA
python.exe,31548,0x0,Other,-1,0,0,Composed: Copy with GPU GDI,2026-8-20 19:21:56.379051800,8.5438,8.5438,0.0000,0.8316,7.8465,0.2033,7.6432,NA,NA,NA,NA,NA,NA,NA
python.exe,31548,0x0,Other,-1,0,0,Composed: Copy with GPU GDI,2026-8-20 19:21:56.387595600,4.5290,4.5290,0.0000,0.1376,4.5120,0.1856,4.3264,NA,NA,NA,NA,NA,NA,NA
python.exe,31548,0x0,Other,0,0,1,Hardware: Legacy Flip,2026-8-20 19:21:56.392124600,1.7292,1.7292,0.0000,0.1255,1.6153,0.0457,1.5696,3.0206,17.1436,0.3244,6913.0444,NA,NA,NA
python.exe,31548,0x0,Other,-1,0,0,Composed: Copy with GPU GDI,2026-8-20 19:21:56.393853800,4.8891,4.8891,0.0000,0.0116,5.0127,1.4266,3.5861,NA,NA,NA,NA,NA,NA,NA
python.exe,31548,0x0,Other,-1,0,0,Composed: Copy with GPU GDI,2026-8-20 19:21:56.398742900,4.4715,4.4715,0.0000,0.1389,4.4579,0.1933,4.2646,NA,NA,NA,NA,NA,NA,NA
python.exe,31548,0x0,Other,-1,0,0,Composed: Copy with GPU GDI,2026-8-20 19:21:56.403214400,6.5076,6.5076,0.0000,0.1287,6.5073,0.1951,6.3122,NA,NA,NA,NA,NA,NA,NA
python.exe,31548,0x0,Other,0,0,1,Hardware: Legacy Flip,2026-8-20 19:21:56.409722000,1.2899,1.2899,0.0000,0.1320,1.1949,0.0689,1.1260,2.5668,16.5021,0.4538,6930.6418,NA,NA,NA
python.exe,31548,0x0,Other,-1,0,0,Composed: Copy with GPU GDI,2026-8-20 19:21:56.411011900,4.2755,4.2755,0.0000,0.0370,4.3672,1.3814,2.9858,NA,NA,NA,NA,NA,NA,NA
python.exe,31548,0x0,Other,-1,0,0,Composed: Copy with GPU GDI,2026-8-20 19:21:56.415287400,6.5877,6.5877,0.0000,0.1327,6.5814,0.1992,6.3822,NA,NA,NA,NA,NA,NA,NA
python.exe,31548,0x0,Other,0,0,1,Hardware: Legacy Flip,2026-8-20 19:21:56.421875100,5.6306,5.6306,0.0000,0.1302,5.5402,0.0724,5.4678,6.9158,15.3257,-4.3490,6942.7949,NA,NA,NA
python.exe,31548,0x0,Other,-1,0,0,Composed: Copy with GPU GDI,2026-8-20 19:21:56.427505700,0.4351,0.4351,0.0000,0.0398,1.3587,1.3587,0.0000,16.6109,0.9883,-9.6951,6948.4255,NA,NA,NA
python.exe,31548,0x0,Other,-1,0,0,Composed: Copy with GPU GDI,2026-8-20 19:21:56.427940800,6.1186,6.1186,0.0000,0.9673,5.2672,0.1972,5.0700,NA,NA,NA,NA,NA,NA,NA
python.exe,31548,0x0,Other,-1,0,0,Composed: Copy with GPU GDI,2026-8-20 19:21:56.434059400,5.8731,5.8731,0.0000,0.1199,5.8749,0.1960,5.6789,NA,NA,NA,NA,NA,NA,NA
python.exe,31548,0x0,Other,0,0,1,Hardware: Legacy Flip,2026-8-20 19:21:56.439932500,3.8862,3.8862,0.0000,0.1254,3.8001,0.0742,3.7259,5.1724,17.2118,11.4385,6960.8523,NA,NA,NA
python.exe,31548,0x0,Other,-1,0,0,Composed: Copy with GPU GDI,2026-8-20 19:21:56.443818700,2.6576,2.6576,0.0000,0.0393,2.7450,1.3811,1.3639,18.4980,0.9643,-13.3256,6964.7385,NA,NA,NA
python.exe,31548,0x0,Other,-1,0,0,Composed: Copy with GPU GDI,2026-8-20 19:21:56.446476300,7.6957,7.6957,0.0000,0.1305,7.6971,0.2014,7.4957,NA,NA,NA,NA,NA,NA,NA
python.exe,31548,0x0,Other,-1,0,0,Composed: Copy with GPU GDI,2026-8-20 19:21:56.454172000,4.4424,4.4424,0.0000,0.1361,4.5190,0.2838,4.2352,NA,NA,NA,NA,NA,NA,NA
python.exe,31548,0x0,Other,0,0,1,Hardware: Legacy Flip,2026-8-20 19:21:56.458614400,3.3779,3.3779,0.0000,0.2160,3.2106,0.0896,3.1210,4.6666,15.3475,13.8314,6979.5342,NA,NA,NA
python.exe,31548,0x0,Other,-1,0,0,Composed: Copy with GPU GDI,2026-8-20 19:21:56.461992300,3.4956,3.4956,0.0000,0.0487,3.5765,1.3814,2.1951,NA,NA,NA,NA,NA,NA,NA
python.exe,31548,0x0,Other,-1,0,0,Composed: Copy with GPU GDI,2026-8-20 19:21:56.465487900,4.0784,4.0784,0.0000,0.1334,4.0737,0.1939,3.8798,NA,NA,NA,NA,NA,NA,NA
python.exe,31548,0x0,Other,-1,0,0,Composed: Copy with GPU GDI,2026-8-20 19:21:56.469566300,7.0193,7.0193,0.0000,0.1324,7.0148,0.1935,6.8213,NA,NA,NA,NA,NA,NA,NA
python.exe,31548,0x0,Other,0,0,1,Hardware: Legacy Flip,2026-8-20 19:21:56.476585600,0.7544,0.7544,0.0000,0.1314,0.6345,0.0461,0.5884,2.0429,16.9735,2.6237,6997.5054,NA,NA,NA
python.exe,31548,0x0,Other,-1,0,0,Composed: Copy with GPU GDI,2026-8-20 19:21:56.477340000,4.3473,4.3473,0.0000,0.0115,4.4539,1.4227,3.0312,NA,NA,NA,NA,NA,NA,NA
python.exe,31548,0x0,Other,-1,0,0,Composed: Copy with GPU GDI,2026-8-20 19:21:56.481687300,7.4887,7.4887,0.0000,0.1218,7.4960,0.1968,7.2992,NA,NA,NA,NA,NA,NA,NA
python.exe,31548,0x0,Other,-1,0,0,Composed: Copy with GPU GDI,2026-8-20 19:21:56.489176000,4.7194,4.7194,0.0000,0.1328,4.7177,0.2022,4.5155,NA,NA,NA,NA,NA,NA,NA
python.exe,31548,0x0,Other,0,0,1,Hardware: Legacy Flip,2026-8-20 19:21:56.493895400,0.4063,0.4063,0.0000,0.1355,0.3121,0.0764,0.2357,1.7066,16.3279,0.3363,7014.8152,NA,NA,NA
python.exe,31548,0x0,Other,-1,0,0,Composed: Copy with GPU GDI,2026-8-20 19:21:56.494301700,5.9868,5.9868,0.0000,0.0413,6.0734,1.4052,4.6682,NA,NA,NA,NA,NA,NA,NA
python.exe,31548,0x0,Other,-1,0,0,Composed: Copy with GPU GDI,2026-8-20 19:21:56.500288500,9.1021,9.1021,0.0000,0.1301,9.0950,0.1939,8.9011,NA,NA,NA,NA,NA,NA,NA
python.exe,31548,0x0,Other,0,0,1,Hardware: Legacy Flip,2026-8-20 19:21:56.509390600,1.2172,1.2172,0.0000,0.1267,1.1270,0.0674,1.0596,2.5393,16.6385,-0.8327,7030.3104,NA,NA,NA
python.exe,31548,0x0,Other,-1,0,0,Composed: Copy with GPU GDI,2026-8-20 19:21:56.510607800,1.7224,1.7224,0.0000,0.0365,1.9248,1.5177,0.4071,NA,NA,NA,NA,NA,NA,NA
python.exe,31548,0x0,Other,-1,0,0,Composed: Copy with GPU GDI,2026-8-20 19:21:56.512330200,8.5640,8.5640,0.0000,0.2419,8.4524,0.1968,8.2556,NA,NA,NA,NA,NA,NA,NA
python.exe,31548,0x0,Other,-1,0,0,Composed: Copy with GPU GDI,2026-8-20 19:21:56.520894200,4.1036,4.1036,0.0000,0.1345,4.0981,0.1949,3.9032,NA,NA,NA,NA,NA,NA,NA
python.exe,31548,0x0,Other,0,0,1,Hardware: Legacy Flip,2026-8-20 19:21:56.524997800,2.2764,2.2764,0.0000,0.1329,2.1790,0.0663,2.1127,3.5706,17.5859,-1.0313,7045.9176,NA,NA,NA
python.exe,31548,0x0,Other,-1,0,0,Composed: Copy with GPU GDI,2026-8-20 19:21:56.527274200,4.5482,4.5482,0.0000,0.0355,4.6464,1.4041,3.2423,NA,NA,NA,NA,NA,NA,NA
python.exe,31548,0x0,Other,-1,0,0,Composed: Copy with GPU GDI,2026-8-20 19:21:56.531822400,5.2790,5.2790,0.0000,0.1376,5.2732,0.1989,5.0743,NA,NA,NA,NA,NA,NA,NA
python.exe,31548,0x0,Other,-1,0,0,Composed: Copy with GPU GDI,2026-8-20 19:21:56.537101400,6.0598,6.0598,0.0000,0.1354,6.0422,0.1915,5.8507,NA,NA,NA,NA,NA,NA,NA
python.exe,31548,0x0,Other,0,0,1,Hardware: Legacy Flip,2026-8-20 19:21:56.543161200,1.7174,1.7174,0.0000,0.1201,1.6326,0.0675,1.5651,2.9931,15.5751,0.5775,7064.0810,NA,NA,NA
python.exe,31548,0x0,Other,-1,0,0,Composed: Copy with GPU GDI,2026-8-20 19:21:56.544878600,3.3811,3.3811,0.0000,0.0353,3.4592,1.3851,2.0741,NA,NA,NA,NA,NA,NA,NA
python.exe,31548,0x0,Other,-1,0,0,Composed: Copy with GPU GDI,2026-8-20 19:21:56.548259700,6.5214,6.5214,0.0000,0.1159,6.6093,0.2786,6.3307,NA,NA,NA,NA,NA,NA,NA
python.exe,31548,0x0,Other,0,0,1,Hardware: Legacy Flip,2026-8-20 19:21:56.554781100,5.6691,5.6691,0.0000,0.2061,5.4756,0.0490,5.4266,6.9483,15.8505,-3.9552,7075.7009,NA,NA,NA
python.exe,31548,0x0,Other,-1,0,0,Composed: Copy with GPU GDI,2026-8-20 19:21:56.560450200,0.8217,0.8217,0.0000,0.0126,1.3835,1.3835,0.0000,17.1297,1.3823,-10.1814,7081.3700,NA,NA,NA
python.exe,31548,0x0,Other,-1,0,0,Composed: Copy with GPU GDI,2026-8-20 19:21:56.561271900,5.6228,5.6228,0.0000,0.5774,5.1817,0.2082,4.9735,NA,NA,NA,NA,NA,NA,NA
python.exe,31548,0x0,Other,-1,0,0,Composed: Copy with GPU GDI,2026-8-20 19:21:56.566894700,9.6631,9.6631,0.0000,0.1398,9.6558,0.1982,9.4576,NA,NA,NA,NA,NA,NA,NA
python.exe,31548,0x0,Other,0,0,1,Hardware: Legacy Flip,2026-8-20 19:21:56.576557800,1.1350,1.1350,0.0000,0.1359,1.0399,0.0856,0.9543,2.4044,16.5178,14.7253,7097.4776,NA,NA,NA
python.exe,31548,0x0,Other,-1,0,0,Composed: Copy with GPU GDI,2026-8-20 19:21:56.577692800,0.7097,0.7097,0.0000,0.0408,1.6433,1.6433,0.0000,NA,NA,NA,NA,NA,NA,NA
python.exe,31548,0x0,Other,-1,0,0,Composed: Copy with GPU GDI,2026-8-20 19:21:56.578402500,9.4273,9.4273,0.0000,0.9764,8.5686,0.2006,8.3680,NA,NA,NA,NA,NA,NA,NA
python.exe,31548,0x0,Other,-1,0,0,Composed: Copy with GPU GDI,2026-8-20 19:21:56.587829800,4.7167,4.7167,0.0000,0.1213,4.7000,0.1876,4.5124,NA,NA,NA,NA,NA,NA,NA
python.exe,31548,0x0,Other,0,0,1,Hardware: Legacy Flip,2026-8-20 19:21:56.592546500,1.6355,1.6355,0.0000,0.1127,1.5584,0.0689,1.4895,2.9335,18.4983,-0.5291,7113.4663,NA,NA,NA
python.exe,31548,0x0,Other,-1,0,0,Composed: Copy with GPU GDI,2026-8-20 19:21:56.594182000,4.7645,4.7645,0.0000,0.0356,4.8606,1.4099,3.4507,19.7963,6.0717,-16.8628,7115.1018,NA,NA,NA
python.exe,31548,0x0,Other,-1,0,0,Composed: Copy with GPU GDI,2026-8-20 19:21:56.598946500,4.1493,4.1493,0.0000,0.1356,4.1298,0.1964,3.9334,21.1035,5.4006,-1.3072,7119.8663,NA,NA,NA
python.exe,31548,0x0,Other,-1,0,0,Composed: Copy with GPU GDI,2026-8-20 19:21:56.603095800,20.8237,20.8237,0.0000,0.1229,20.7923,0.2075,20.5848,NA,NA,NA,NA,NA,NA,NA
python.exe,31548,0x0,Other,0,0,1,Hardware: Legacy Flip,2026-8-20 19:21:56.623919500,0.2405,0.2405,0.0000,0.0964,0.1839,0.0744,0.1095,1.5311,4.5826,19.5724,7144.8393,NA,NA,NA
python.exe,31548,0x0,Other,-1,0,0,Composed: Copy with GPU GDI,2026-8-20 19:21:56.624160000,4.1829,4.1829,0.0000,0.0398,4.2574,1.3961,2.8613,NA,NA,NA,NA,NA,NA,NA
python.exe,31548,0x0,Other,0,0,1,Hardware: Legacy Flip,2026-8-20 19:21:56.628342900,0.3999,0.3999,0.0000,0.1188,0.2925,0.0448,0.2477,1.6903,15.8912,-0.1592,7149.2627,NA,NA,NA
python.exe,31548,0x0,Other,-1,0,0,Composed: Copy with GPU GDI,2026-8-20 19:21:56.628742800,6.0053,6.0053,0.0000,0.0114,6.1176,1.4182,4.6994,NA,NA,NA,NA,NA,NA,NA
python.exe,31548,0x0,Other,-1,0,0,Composed: Copy with GPU GDI,2026-8-20 19:21:56.634748100,8.1488,8.1488,0.0000,0.1274,8.1471,0.2051,7.9420,NA,NA,NA,NA,NA,NA,NA
python.exe,31548,0x0,Other,0,0,1,Hardware: Legacy Flip,2026-8-20 19:21:56.642896900,1.7776,1.7776,0.0000,0.1302,1.6601,0.0521,1.6080,3.0275,16.5823,-1.3372,7163.8167,NA,NA,NA
python.exe,31548,0x0,Other,-1,0,0,Composed: Copy with GPU GDI,2026-8-20 19:21:56.644674500,2.2927,2.2927,0.0000,0.0127,2.4148,1.3924,1.0224,17.8322,0.1882,-14.8047,7165.5943,NA,NA,NA
python.exe,31548,0x0,Other,-1,0,0,Composed: Copy with GPU GDI,2026-8-20 19:21:56.646967200,7.0842,7.0842,0.0000,0.1381,7.0811,0.2013,6.8798,NA,NA,NA,NA,NA,NA,NA
python.exe,31548,0x0,Other,-1,0,0,Composed: Copy with GPU GDI,2026-8-20 19:21:56.654051400,4.4624,4.4624,0.0000,0.1387,4.4492,0.1948,4.2544,NA,NA,NA,NA,NA,NA,NA
python.exe,31548,0x0,Other,0,0,1,Hardware: Legacy Flip,2026-8-20 19:21:56.658513800,2.8752,2.8752,0.0000,0.1291,2.7576,0.0429,2.7147,4.1811,16.1969,13.6511,7179.4336,NA,NA,NA
python.exe,31548,0x0,Other,-1,0,0,Composed: Copy with GPU GDI,2026-8-20 19:21:56.661389000,4.6729,4.6729,0.0000,0.0115,4.7874,1.4401,3.3473,NA,NA,NA,NA,NA,NA,NA
python.exe,31548,0x0,Other,-1,0,0,Composed: Copy with GPU GDI,2026-8-20 19:21:56.666061900,5.0262,5.0262,0.0000,0.1300,5.0325,0.2015,4.8310,NA,NA,NA,NA,NA,NA,NA
python.exe,31548,0x0,Other,-1,0,0,Composed: Copy with GPU GDI,2026-8-20 19:21:56.671088100,6.1653,6.1653,0.0000,0.1413,6.1285,0.1909,5.9376,NA,NA,NA,NA,NA,NA,NA
python.exe,31548,0x0,Other,0,0,1,Hardware: Legacy Flip,2026-8-20 19:21:56.677253400,0.4068,0.4068,0.0000,0.1098,0.3093,0.0466,0.2627,1.6384,17.5925,2.5427,7198.1732,NA,NA,NA
python.exe,31548,0x0,Other,-1,0,0,Composed: Copy with GPU GDI,2026-8-20 19:21:56.677660200,4.0086,4.0086,0.0000,0.0123,4.1935,1.4447,2.7488,NA,NA,NA,NA,NA,NA,NA
python.exe,31548,0x0,Other,-1,0,0,Composed: Copy with GPU GDI,2026-8-20 19:21:56.681668800,7.1274,7.1274,0.0000,0.1988,7.0191,0.2043,6.8148,NA,NA,NA,NA,NA,NA,NA
python.exe,31548,0x0,Other,-1,0,0,Composed: Copy with GPU GDI,2026-8-20 19:21:56.688796200,6.0902,6.0902,0.0000,0.0948,6.1250,0.1979,5.9271,NA,NA,NA,NA,NA,NA,NA
python.exe,31548,0x0,Other,0,0,1,Hardware: Legacy Flip,2026-8-20 19:21:56.694886400,0.3741,0.3741,0.0000,0.1330,0.2780,0.0682,0.2098,1.5979,16.9421,0.0405,7215.8062,NA,NA,NA
python.exe,31548,0x0,Other,-1,0,0,Composed: Copy with GPU GDI,2026-8-20 19:21:56.695260500,6.1052,6.1052,0.0000,0.0369,6.1912,1.3406,4.8506,NA,NA,NA,NA,NA,NA,NA
python.exe,31548,0x0,Other,-1,0,0,Composed: Copy with GPU GDI,2026-8-20 19:21:56.701365700,8.0198,8.0198,0.0000,0.1279,8.0112,0.2025,7.8087,NA,NA,NA,NA,NA,NA,NA
python.exe,31548,0x0,Other,0,0,1,Hardware: Legacy Flip,2026-8-20 19:21:56.709385500,2.8096,2.8096,0.0000,0.1235,2.7041,0.0615,2.6426,4.0409,15.2567,-2.4430,7230.3053,NA,NA,NA
python.exe,31548,0x0,Other,-1,0,0,Composed: Copy with GPU GDI,2026-8-20 19:21:56.712195100,0.7639,0.7639,0.0000,0.0180,1.3321,1.3321,0.0000,NA,NA,NA,NA,NA,NA,NA
python.exe,31548,0x0,Other,-1,0,0,Composed: Copy with GPU GDI,2026-8-20 19:21:56.712959000,7.7718,7.7718,0.0000,0.5887,7.3147,0.1974,7.1173,NA,NA,NA,NA,NA,NA,NA
python.exe,31548,0x0,Other,-1,0,0,Composed: Copy with GPU GDI,2026-8-20 19:21:56.720730800,3.4931,3.4931,0.0000,0.1354,3.4694,0.1967,3.2727,NA,NA,NA,NA,NA,NA,NA
python.exe,31548,0x0,Other,0,0,1,Hardware: Legacy Flip,2026-8-20 19:21:56.724223900,3.2491,3.2491,0.0000,0.1156,3.1480,0.0563,3.0917,4.4592,16.9354,-0.4183,7245.1437,NA,NA,NA
python.exe,31548,0x0,Other,-1,0,0,Composed: Copy with GPU GDI,2026-8-20 19:21:56.727473000,4.3209,4.3209,0.0000,0.0145,4.4380,1.3429,3.0951,NA,NA,NA,NA,NA,NA,NA
python.exe,31548,0x0,Other,-1,0,0,Composed: Copy with GPU GDI,2026-8-20 19:21:56.731793900,5.0513,5.0513,0.0000,0.1354,5.0522,0.1981,4.8541,NA,NA,NA,NA,NA,NA,NA
python.exe,31548,0x0,Other,-1,0,0,Composed: Copy with GPU GDI,2026-8-20 19:21:56.736845200,7.1543,7.1543,0.0000,0.1400,7.1549,0.2088,6.9461,NA,NA,NA,NA,NA,NA,NA
python.exe,31548,0x0,Other,0,0,1,Hardware: Legacy Flip,2026-8-20 19:21:56.743999500,0.3888,0.3888,0.0000,0.1452,0.2799,0.0693,0.2106,1.6190,17.1606,2.8402,7264.9193,NA,NA,NA
python.exe,31548,0x0,Other,-1,0,0,Composed: Copy with GPU GDI,2026-8-20 19:21:56.744388300,4.5619,4.5619,0.0000,0.0363,4.6519,1.3377,3.3142,NA,NA,NA,NA,NA,NA,NA
python.exe,31548,0x0,Other,-1,0,0,Composed: Copy with GPU GDI,2026-8-20 19:21:56.748950200,6.0478,6.0478,0.0000,0.1302,6.0441,0.1983,5.8458,NA,NA,NA,NA,NA,NA,NA
python.exe,31548,0x0,Other,-1,0,0,Composed: Copy with GPU GDI,2026-8-20 19:21:56.754998000,6.0985,6.0985,0.0000,0.1301,6.1056,0.2013,5.9043,NA,NA,NA,NA,NA,NA,NA
python.exe,31548,0x0,Other,0,0,1,Hardware: Legacy Flip,2026-8-20 19:21:56.761096500,0.4019,0.4019,0.0000,0.1405,0.2974,0.0682,0.2292,1.6826,15.8707,-0.0636,7282.0163,NA,NA,NA
python.exe,31548,0x0,Other,-1,0,0,Composed: Copy with GPU GDI,2026-8-20 19:21:56.761498400,5.5659,5.5659,0.0000,0.0360,5.6657,1.3982,4.2675,NA,NA,NA,NA,NA,NA,NA
python.exe,31548,0x0,Other,-1,0,0,Composed: Copy with GPU GDI,2026-8-20 19:21:56.767064300,6.0244,6.0244,0.0000,0.1398,6.0136,0.1919,5.8217,NA,NA,NA,NA,NA,NA,NA
python.exe,31548,0x0,Other,0,0,1,Hardware: Legacy Flip,2026-8-20 19:21:56.773088700,4.2767,4.2767,0.0000,0.1326,4.1578,0.0520,4.1058,5.5611,17.1951,-3.8785,7294.0085,NA,NA,NA
python.exe,31548,0x0,Other,-1,0,0,Composed: Copy with GPU GDI,2026-8-20 19:21:56.777365400,2.2446,2.2446,0.0000,0.0137,2.3624,1.4178,0.9446,NA,NA,NA,NA,NA,NA,NA
python.exe,31548,0x0,Other,-1,0,0,Composed: Copy with GPU GDI,2026-8-20 19:21:56.779610000,8.0317,8.0317,0.0000,0.1350,8.0214,0.1984,7.8230,NA,NA,NA,NA,NA,NA,NA
python.exe,31548,0x0,Other,-1,0,0,Composed: Copy with GPU GDI,2026-8-20 19:21:56.787641700,3.1259,3.1259,0.0000,0.1284,3.1326,0.2273,2.9053,NA,NA,NA,NA,NA,NA,NA
python.exe,31548,0x0,Other,0,0,1,Hardware: Legacy Flip,2026-8-20 19:21:56.790767600,3.8135,3.8135,0.0000,0.1392,3.7227,0.0895,3.6332,5.0773,17.1876,0.4838,7311.6874,NA,NA,NA
python.exe,31548,0x0,Other,-1,0,0,Composed: Copy with GPU GDI,2026-8-20 19:21:56.794581100,3.9870,3.9870,0.0000,0.0484,4.0681,1.3725,2.6956,NA,NA,NA,NA,NA,NA,NA
python.exe,31548,0x0,Other,-1,0,0,Composed: Copy with GPU GDI,2026-8-20 19:21:56.798568100,4.2630,4.2630,0.0000,0.1333,4.3354,0.2898,4.0456,NA,NA,NA,NA,NA,NA,NA
python.exe,31548,0x0,Other,-1,0,0,Composed: Copy with GPU GDI,2026-8-20 19:21:56.802831100,7.2984,7.2984,0.0000,0.2107,7.2189,0.1979,7.0210,NA,NA,NA,NA,NA,NA,NA
python.exe,31548,0x0,Other,0,0,1,Hardware: Legacy Flip,2026-8-20 19:21:56.810129500,1.6266,1.6266,0.0000,0.1354,1.5028,0.0461,1.4567,2.9030,16.0167,2.1743,7331.0493,NA,NA,NA
python.exe,31548,0x0,Other,-1,0,0,Composed: Copy with GPU GDI,2026-8-20 19:21:56.811756100,4.0813,4.0813,0.0000,0.0116,4.2006,1.4122,2.7884,NA,NA,NA,NA,NA,NA,NA
python.exe,31548,0x0,Other,-1,0,0,Composed: Copy with GPU GDI,2026-8-20 19:21:56.815837400,6.0966,6.0966,0.0000,0.1348,6.0950,0.1999,5.8951,NA,NA,NA,NA,NA,NA,NA
python.exe,31548,0x0,Other,-1,0,0,Composed: Copy with GPU GDI,2026-8-20 19:21:56.821934000,5.3150,5.3150,0.0000,0.1368,5.3078,0.2123,5.0955,NA,NA,NA,NA,NA,NA,NA
python.exe,31548,0x0,Other,0,0,1,Hardware: Legacy Flip,2026-8-20 19:21:56.827249000,0.4754,0.4754,0.0000,0.1341,0.3548,0.0486,0.3062,1.8002,16.0013,1.1028,7348.1688,NA,NA,NA
python.exe,31548,0x0,Other,-1,0,0,Composed: Copy with GPU GDI,2026-8-20 19:21:56.827724400,5.2842,5.2842,0.0000,0.0135,5.4435,1.4646,3.9789,NA,NA,NA,NA,NA,NA,NA
python.exe,31548,0x0,Other,-1,0,0,Composed: Copy with GPU GDI,2026-8-20 19:21:56.833008600,6.0486,6.0486,0.0000,0.1763,6.0700,0.2721,5.7979,NA,NA,NA,NA,NA,NA,NA
python.exe,31548,0x0,Other,0,0,1,Hardware: Legacy Flip,2026-8-20 19:21:56.839057200,4.7531,4.7531,0.0000,0.2017,4.5877,0.0689,4.5188,5.9933,17.6541,-4.1931,7359.9770,NA,NA,NA
python.exe,31548,0x0,Other,-1,0,0,Composed: Copy with GPU GDI,2026-8-20 19:21:56.843810300,1.3251,1.3251,0.0000,0.0363,1.6094,1.5411,0.0683,18.8943,0.5413,-12.9010,7364.7301,NA,NA,NA
python.exe,31548,0x0,Other,-1,0,0,Composed: Copy with GPU GDI,2026-8-20 19:21:56.845135400,8.9577,8.9577,0.0000,0.3224,8.7629,0.1985,8.5644,NA,NA,NA,NA,NA,NA,NA
python.exe,31548,0x0,Other,-1,0,0,Composed: Copy with GPU GDI,2026-8-20 19:21:56.854093100,3.6804,3.6804,0.0000,0.1309,3.6437,0.1971,3.4466,NA,NA,NA,NA,NA,NA,NA
python.exe,31548,0x0,Other,0,0,1,Hardware: Legacy Flip,2026-8-20 19:21:56.857773500,4.2261,4.2261,0.0000,0.0980,4.1746,0.0855,4.0891,5.4724,16.0494,13.4219,7378.6933,NA,NA,NA
python.exe,31548,0x0,Other,-1,0,0,Composed: Copy with GPU GDI,2026-8-20 19:21:56.861999600,3.2428,3.2428,0.0000,0.0465,3.3159,1.3486,1.9673,NA,NA,NA,NA,NA,NA,NA
python.exe,31548,0x0,Other,-1,0,0,Composed: Copy with GPU GDI,2026-8-20 19:21:56.865242400,4.4098,4.4098,0.0000,0.1232,4.4035,0.1928,4.2107,NA,NA,NA,NA,NA,NA,NA
python.exe,31548,0x0,Other,0,0,1,Hardware: Legacy Flip,2026-8-20 19:21:56.869652200,8.4037,8.4037,0.0000,0.1208,8.2944,0.0441,8.2503,9.6431,13.7540,-4.1707,7390.5720,NA,NA,NA
python.exe,31548,0x0,Other,-1,0,0,Composed: Copy with GPU GDI,2026-8-20 19:21:56.878055900,0.6495,0.6495,0.0000,0.0115,1.3537,1.3537,0.0000,14.9934,3.0020,-5.3503,7398.9757,NA,NA,NA
python.exe,31548,0x0,Other,-1,0,0,Composed: Copy with GPU GDI,2026-8-20 19:21:56.878705400,3.5016,3.5016,0.0000,0.7185,2.9109,0.1940,2.7169,NA,NA,NA,NA,NA,NA,NA
python.exe,31548,0x0,Other,-1,0,0,Composed: Copy with GPU GDI,2026-8-20 19:21:56.882207000,6.6050,6.6050,0.0000,0.1317,6.6066,0.2004,6.4062,NA,NA,NA,NA,NA,NA,NA
python.exe,31548,0x0,Other,-1,0,0,Composed: Copy with GPU GDI,2026-8-20 19:21:56.888812000,5.6493,5.6493,0.0000,0.1373,5.6420,0.1949,5.4471,NA,NA,NA,NA,NA,NA,NA
python.exe,31548,0x0,Other,0,0,1,Hardware: Legacy Flip,2026-8-20 19:21:56.894461300,0.3364,0.3364,0.0000,0.1336,0.2148,0.0471,0.1677,1.5900,15.7854,13.4034,7415.3811,NA,NA,NA
python.exe,31548,0x0,Other,-1,0,0,Composed: Copy with GPU GDI,2026-8-20 19:21:56.894797700,5.6227,5.6227,0.0000,0.0120,5.7398,1.3839,4.3559,NA,NA,NA,NA,NA,NA,NA
python.exe,31548,0x0,Other,-1,0,0,Composed: Copy with GPU GDI,2026-8-20 19:21:56.900420400,9.0757,9.0757,0.0000,0.1331,9.0690,0.1938,8.8752,NA,NA,NA,NA,NA,NA,NA
python.exe,31548,0x0,Other,0,0,1,Hardware: Legacy Flip,2026-8-20 19:21:56.909496100,1.0900,1.0900,0.0000,0.1302,0.9713,0.0412,0.9301,2.3406,17.6060,-0.7506,7430.4159,NA,NA,NA
python.exe,31548,0x0,Other,-1,0,0,Composed: Copy with GPU GDI,2026-8-20 19:21:56.910586100,2.3762,2.3762,0.0000,0.0115,2.4435,1.4239,1.0196,18.8566,0.3141,-16.5160,7431.5059,NA,NA,NA
python.exe,31548,0x0,Other,-1,0,0,Composed: Copy with GPU GDI,2026-8-20 19:21:56.912962300,7.9874,7.9874,0.0000,0.0830,8.0341,0.1990,7.8351,NA,NA,NA,NA,NA,NA,NA
python.exe,31548,0x0,Other,-1,0,0,Composed: Copy with GPU GDI,2026-8-20 19:21:56.920949700,4.5278,4.5278,0.0000,0.1331,4.5178,0.1947,4.3231,NA,NA,NA,NA,NA,NA,NA
python.exe,31548,0x0,Other,0,0,1,Hardware: Legacy Flip,2026-8-20 19:21:56.925477500,3.0084,3.0084,0.0000,0.1267,2.9211,0.0736,2.8475,4.2793,16.2567,14.5773,7446.3973,NA,NA,NA
python.exe,31548,0x0,Other,-1,0,0,Composed: Copy with GPU GDI,2026-8-20 19:21:56.928485900,4.0228,4.0228,0.0000,0.0394,4.1120,1.3674,2.7446,NA,NA,NA,NA,NA,NA,NA
python.exe,31548,0x0,Other,-1,0,0,Composed: Copy with GPU GDI,2026-8-20 19:21:56.932508700,4.4772,4.4772,0.0000,0.1325,4.4726,0.1953,4.2773,NA,NA,NA,NA,NA,NA,NA
python.exe,31548,0x0,Other,-1,0,0,Composed: Copy with GPU GDI,2026-8-20 19:21:56.936985900,6.5792,6.5792,0.0000,0.1318,6.5734,0.1941,6.3793,NA,NA,NA,NA,NA,NA,NA
python.exe,31548,0x0,Other,0,0,1,Hardware: Legacy Flip,2026-8-20 19:21:56.943565100,1.2188,1.2188,0.0000,0.1299,1.1007,0.0419,1.0588,2.4484,15.9405,1.8309,7464.4849,NA,NA,NA
python.exe,31548,0x0,Other,-1,0,0,Composed: Copy with GPU GDI,2026-8-20 19:21:56.944783900,4.2977,4.2977,0.0000,0.0118,4.4149,1.3670,3.0479,NA,NA,NA,NA,NA,NA,NA
python.exe,31548,0x0,Other,-1,0,0,Composed: Copy with GPU GDI,2026-8-20 19:21:56.949081600,7.0912,7.0912,0.0000,0.1327,7.0795,0.1916,6.8879,NA,NA,NA,NA,NA,NA,NA
python.exe,31548,0x0,Other,0,0,1,Hardware: Legacy Flip,2026-8-20 19:21:56.956172800,4.5343,4.5343,0.0000,0.1242,4.4360,0.0625,4.3735,5.7812,16.0363,-3.3328,7477.0926,NA,NA,NA
python.exe,31548,0x0,Other,-1,0,0,Composed: Copy with GPU GDI,2026-8-20 19:21:56.960707100,0.9321,0.9321,0.0000,0.0259,1.3334,1.3334,0.0000,17.2832,1.3783,-11.5020,7481.6269,NA,NA,NA
python.exe,31548,0x0,Other,-1,0,0,Composed: Copy with GPU GDI,2026-8-20 19:21:56.961639200,5.6224,5.6224,0.0000,0.4306,5.3041,0.1967,5.1074,NA,NA,NA,NA,NA,NA,NA
python.exe,31548,0x0,Other,-1,0,0,Composed: Copy with GPU GDI,2026-8-20 19:21:56.967261600,5.5521,5.5521,0.0000,0.1184,5.5436,0.1848,5.3588,NA,NA,NA,NA,NA,NA,NA
python.exe,31548,0x0,Other,0,0,1,Hardware: Legacy Flip,2026-8-20 19:21:56.972813700,5.3389,5.3389,0.0000,0.1126,5.2730,0.0923,5.1807,6.5549,16.8051,10.7283,7493.7335,NA,NA,NA
python.exe,31548,0x0,Other,-1,0,0,Composed: Copy with GPU GDI,2026-8-20 19:21:56.978152600,0.6480,0.6480,0.0000,0.0467,1.5913,1.5913,0.0000,18.0211,3.9375,-11.4662,7499.0724,NA,NA,NA
python.exe,31548,0x0,Other,-1,0,0,Composed: Copy with GPU GDI,2026-8-20 19:21:56.978800600,8.8354,8.8354,0.0000,0.9917,7.9734,0.2029,7.7705,NA,NA,NA,NA,NA,NA,NA
python.exe,31548,0x0,Other,-1,0,0,Composed: Copy with GPU GDI,2026-8-20 19:21:56.987636000,4.3412,4.3412,0.0000,0.1333,4.3268,0.1957,4.1311,NA,NA,NA,NA,NA,NA,NA
python.exe,31548,0x0,Other,0,0,1,Hardware: Legacy Flip,2026-8-20 19:21:56.991977200,6.8904,6.8904,0.0000,0.1226,6.8288,0.1152,6.7136,8.1340,12.5812,9.8871,7512.8970,NA,NA,NA
python.exe,31548,0x0,Other,-1,0,0,Composed: Copy with GPU GDI,2026-8-20 19:21:56.998867600,0.3187,0.3187,0.0000,0.0610,1.2970,1.2970,0.0000,NA,NA,NA,NA,NA,NA,NA
python.exe,31548,0x0,Other,-1,0,0,Composed: Copy with GPU GDI,2026-8-20 19:21:56.999186300,4.4175,4.4175,0.0000,1.0438,3.4932,0.1991,3.2941,NA,NA,NA,NA,NA,NA,NA
python.exe,31548,0x0,Other,-1,0,0,Composed: Copy with GPU GDI,2026-8-20 19:21:57.003603800,6.5958,6.5958,0.0000,0.1230,6.5866,0.1987,6.3879,NA,NA,NA,NA,NA,NA,NA
python.exe,31548,0x0,Other,0,0,1,Hardware: Legacy Flip,2026-8-20 19:21:57.010199600,1.2525,1.2525,0.0000,0.1178,1.1480,0.0493,1.0987,2.4928,16.5510,5.6412,7531.1194,NA,NA,NA
python.exe,31548,0x0,Other,-1,0,0,Composed: Copy with GPU GDI,2026-8-20 19:21:57.011452100,4.4985,4.4985,0.0000,0.0133,4.6057,1.3638,3.2419,NA,NA,NA,NA,NA,NA,NA
python.exe,31548,0x0,Other,-1,0,0,Composed: Copy with GPU GDI,2026-8-20 19:21:57.015950600,6.3533,6.3533,0.0000,0.1246,6.3383,0.1944,6.1439,NA,NA,NA,NA,NA,NA,NA
python.exe,31548,0x0,Other,-1,0,0,Composed: Copy with GPU GDI,2026-8-20 19:21:57.022303900,5.2164,5.2164,0.0000,0.1129,5.2284,0.2184,5.0100,NA,NA,NA,NA,NA,NA,NA
python.exe,31548,0x0,Other,0,0,1,Hardware: Legacy Flip,2026-8-20 19:21:57.027520300,0.4891,0.4891,0.0000,0.1294,0.3732,0.0509,0.3223,1.7231,15.9580,0.7697,7548.4401,NA,NA,NA
python.exe,31548,0x0,Other,-1,0,0,Composed: Copy with GPU GDI,2026-8-20 19:21:57.028009400,5.7806,5.7806,0.0000,0.0135,5.8886,1.3720,4.5166,NA,NA,NA,NA,NA,NA,NA
python.exe,31548,0x0,Other,-1,0,0,Composed: Copy with GPU GDI,2026-8-20 19:21:57.033790000,9.6031,9.6031,0.0000,0.1250,9.5776,0.2023,9.3753,NA,NA,NA,NA,NA,NA,NA
python.exe,31548,0x0,Other,0,0,1,Hardware: Legacy Flip,2026-8-20 19:21:57.043393100,0.5219,0.5219,0.0000,0.1024,0.4324,0.0477,0.3847,1.8083,17.7093,-0.0852,7564.3129,NA,NA,NA
python.exe,31548,0x0,Other,-1,0,0,Composed: Copy with GPU GDI,2026-8-20 19:21:57.043915000,2.4062,2.4062,0.0000,0.0129,2.5099,1.3985,1.1114,18.9957,0.1123,-17.1874,7564.8348,NA,NA,NA
python.exe,31548,0x0,Other,-1,0,0,Composed: Copy with GPU GDI,2026-8-20 19:21:57.046321200,8.0408,8.0408,0.0000,0.1198,8.0373,0.2014,7.8359,NA,NA,NA,NA,NA,NA,NA
python.exe,31548,0x0,Other,-1,0,0,Composed: Copy with GPU GDI,2026-8-20 19:21:57.054362000,3.0386,3.0386,0.0000,0.1196,3.2834,0.4527,2.8307,NA,NA,NA,NA,NA,NA,NA
python.exe,31548,0x0,Other,0,0,1,Hardware: Legacy Flip,2026-8-20 19:21:57.057400600,4.3357,4.3357,0.0000,0.3666,4.0135,0.0910,3.9225,5.6224,16.0784,13.3733,7578.3204,NA,NA,NA
python.exe,31548,0x0,Other,-1,0,0,Composed: Copy with GPU GDI,2026-8-20 19:21:57.061736300,3.8050,3.8050,0.0000,0.0444,3.8645,1.3821,2.4824,NA,NA,NA,NA,NA,NA,NA
python.exe,31548,0x0,Other,-1,0,0,Composed: Copy with GPU GDI,2026-8-20 19:21:57.065541300,5.0187,5.0187,0.0000,0.1077,5.0297,0.1959,4.8338,NA,NA,NA,NA,NA,NA,NA
python.exe,31548,0x0,Other,-1,0,0,Composed: Copy with GPU GDI,2026-8-20 19:21:57.070560000,6.1300,6.1300,0.0000,0.1226,6.1206,0.1980,5.9226,NA,NA,NA,NA,NA,NA,NA
python.exe,31548,0x0,Other,0,0,1,Hardware: Legacy Flip,2026-8-20 19:21:57.076690000,1.1289,1.1289,0.0000,0.1172,1.0263,0.0549,0.9714,2.4114,17.1106,3.2110,7597.6098,NA,NA,NA
python.exe,31548,0x0,Other,-1,0,0,Composed: Copy with GPU GDI,2026-8-20 19:21:57.077818900,4.8746,4.8746,0.0000,0.0146,4.9479,1.3936,3.5543,NA,NA,NA,NA,NA,NA,NA
python.exe,31548,0x0,Other,-1,0,0,Composed: Copy with GPU GDI,2026-8-20 19:21:57.082693500,5.9886,5.9886,0.0000,0.0925,6.0271,0.2199,5.8072,NA,NA,NA,NA,NA,NA,NA
python.exe,31548,0x0,Other,-1,0,0,Composed: Copy with GPU GDI,2026-8-20 19:21:57.088682100,5.7508,5.7508,0.0000,0.1356,5.7350,0.1980,5.5370,NA,NA,NA,NA,NA,NA,NA
python.exe,31548,0x0,Other,0,0,1,Hardware: Legacy Flip,2026-8-20 19:21:57.094432900,0.4086,0.4086,0.0000,0.1234,0.3251,0.0752,0.2499,1.7791,16.3103,0.6323,7615.3527,NA,NA,NA
python.exe,31548,0x0,Other,-1,0,0,Composed: Copy with GPU GDI,2026-8-20 19:21:57.094841500,5.8320,5.8320,0.0000,0.0399,5.9736,1.5132,4.4604,NA,NA,NA,NA,NA,NA,NA
python.exe,31548,0x0,Other,-1,0,0,Composed: Copy with GPU GDI,2026-8-20 19:21:57.100673500,5.5612,5.5612,0.0000,0.1855,5.6695,0.3619,5.3076,NA,NA,NA,NA,NA,NA,NA
python.exe,31548,0x0,Other,0,0,1,Hardware: Legacy Flip,2026-8-20 19:21:57.106234700,4.2971,4.2971,0.0000,0.2975,4.0137,0.0507,3.9630,6.2876,16.5867,-4.5085,7627.1545,NA,NA,NA
python.exe,31548,0x0,Other,-1,0,0,Composed: Copy with GPU GDI,2026-8-20 19:21:57.110531800,1.7273,1.7273,0.0000,0.0141,2.5114,2.5114,0.0000,NA,NA,NA,NA,NA,NA,NA
python.exe,31548,0x0,Other,-1,0,0,Composed: Copy with GPU GDI,2026-8-20 19:21:57.112259100,8.8671,8.8671,0.0000,0.8002,8.2453,0.2599,7.9854,NA,NA,NA,NA,NA,NA,NA
python.exe,31548,0x0,Other,-1,0,0,Composed: Copy with GPU GDI,2026-8-20 19:21:57.121126200,3.2226,3.2226,0.0000,0.1823,3.2488,0.2904,2.9584,NA,NA,NA,NA,NA,NA,NA
python.exe,31548,0x0,Other,0,0,1,Hardware: Legacy Flip,2026-8-20 19:21:57.124348800,2.8236,2.8236,0.0000,0.2113,2.6247,0.0464,2.5783,4.7602,17.0901,1.5274,7645.2686,NA,NA,NA
python.exe,31548,0x0,Other,-1,0,0,Composed: Copy with GPU GDI,2026-8-20 19:21:57.127172400,5.0304,5.0304,0.0000,0.0124,5.2014,2.1286,3.0728,NA,NA,NA,NA,NA,NA,NA
python.exe,31548,0x0,Other,-1,0,0,Composed: Copy with GPU GDI,2026-8-20 19:21:57.132202800,4.7171,4.7171,0.0000,0.1873,4.7056,0.2539,4.4517,NA,NA,NA,NA,NA,NA,NA
python.exe,31548,0x0,Other,-1,0,0,Composed: Copy with GPU GDI,2026-8-20 19:21:57.136919900,7.0507,7.0507,0.0000,0.1791,7.0590,0.2531,6.8059,NA,NA,NA,NA,NA,NA,NA
python.exe,31548,0x0,Other,0,0,1,Hardware: Legacy Flip,2026-8-20 19:21:57.143970600,0.3408,0.3408,0.0000,0.1911,0.1616,0.0475,0.1141,2.2285,16.9091,2.5317,7664.8904,NA,NA,NA
python.exe,31548,0x0,Other,-1,0,0,Composed: Copy with GPU GDI,2026-8-20 19:21:57.144311400,3.6682,3.6682,0.0000,0.0119,3.8242,2.0745,1.7497,NA,NA,NA,NA,NA,NA,NA
python.exe,31548,0x0,Other,-1,0,0,Composed: Copy with GPU GDI,2026-8-20 19:21:57.147979600,7.0615,7.0615,0.0000,0.1720,7.3203,0.5022,6.8181,NA,NA,NA,NA,NA,NA,NA
python.exe,31548,0x0,Other,-1,0,0,Composed: Copy with GPU GDI,2026-8-20 19:21:57.155041100,5.7784,5.7784,0.0000,0.4337,5.5230,0.3005,5.2225,NA,NA,NA,NA,NA,NA,NA
python.exe,31548,0x0,Other,0,0,1,Hardware: Legacy Flip,2026-8-20 19:21:57.160819500,0.3101,0.3101,0.0000,0.1830,0.1433,0.0594,0.0839,2.2887,16.7600,-0.0602,7681.7393,NA,NA,NA
python.exe,31548,0x0,Other,-1,0,0,Composed: Copy with GPU GDI,2026-8-20 19:21:57.161129600,6.0257,6.0257,0.0000,0.0162,6.1621,2.1591,4.0030,NA,NA,NA,NA,NA,NA,NA
python.exe,31548,0x0,Other,-1,0,0,Composed: Copy with GPU GDI,2026-8-20 19:21:57.167155300,8.8444,8.8444,0.0000,0.1568,8.8720,0.2561,8.6159,NA,NA,NA,NA,NA,NA,NA
python.exe,31548,0x0,Other,0,0,1,Hardware: Legacy Flip,2026-8-20 19:21:57.175999700,1.9903,1.9903,0.0000,0.1872,1.8148,0.0450,1.7698,3.8685,16.5032,-1.5798,7696.9195,NA,NA,NA
python.exe,31548,0x0,Other,-1,0,0,Composed: Copy with GPU GDI,2026-8-20 19:21:57.177990000,0.6647,0.6647,0.0000,0.0117,2.4300,2.4300,0.0000,18.3814,0.7171,-14.5129,7698.9098,NA,NA,NA
python.exe,31548,0x0,Other,-1,0,0,Composed: Copy with GPU GDI,2026-8-20 19:21:57.178654700,8.8723,8.8723,0.0000,1.7788,7.2876,0.2605,7.0271,NA,NA,NA,NA,NA,NA,NA
python.exe,31548,0x0,Other,-1,0,0,Composed: Copy with GPU GDI,2026-8-20 19:21:57.187527000,4.2551,4.2551,0.0000,0.1968,4.2498,0.2579,3.9919,NA,NA,NA,NA,NA,NA,NA
python.exe,31548,0x0,Other,0,0,1,Hardware: Legacy Flip,2026-8-20 19:21:57.191782100,3.4059,3.4059,0.0000,0.1942,3.2261,0.0520,3.1741,5.3064,14.9654,13.0750,7712.7019,NA,NA,NA
python.exe,31548,0x0,Other,-1,0,0,Composed: Copy with GPU GDI,2026-8-20 19:21:57.195188000,3.8780,3.8780,0.0000,0.0144,4.0555,2.0905,1.9650,NA,NA,NA,NA,NA,NA,NA
python.exe,31548,0x0,Other,-1,0,0,Composed: Copy with GPU GDI,2026-8-20 19:21:57.199066000,4.7984,4.7984,0.0000,0.1962,4.7784,0.2476,4.5308,NA,NA,NA,NA,NA,NA,NA
python.exe,31548,0x0,Other,0,0,1,Hardware: Legacy Flip,2026-8-20 19:21:57.203864400,6.3060,6.3060,0.0000,0.1800,6.1388,0.0482,6.0906,8.1895,14.6551,-2.8831,7724.7842,NA,NA,NA
python.exe,31548,0x0,Other,-1,0,0,Composed: Copy with GPU GDI,2026-8-20 19:21:57.210170400,0.6888,0.6888,0.0000,0.0128,2.0590,2.0590,0.0000,16.5386,3.3800,-8.3491,7731.0902,NA,NA,NA
python.exe,31548,0x0,Other,-1,0,0,Composed: Copy with GPU GDI,2026-8-20 19:21:57.210859200,5.1136,5.1136,0.0000,1.3862,3.9157,0.2573,3.6584,NA,NA,NA,NA,NA,NA,NA
python.exe,31548,0x0,Other,-1,0,0,Composed: Copy with GPU GDI,2026-8-20 19:21:57.215972800,5.6027,5.6027,0.0000,0.1911,5.7498,0.4445,5.3053,NA,NA,NA,NA,NA,NA,NA
python.exe,31548,0x0,Other,-1,0,0,Composed: Copy with GPU GDI,2026-8-20 19:21:57.221575500,6.1506,6.1506,0.0000,0.3404,6.0581,0.3394,5.7187,NA,NA,NA,NA,NA,NA,NA
python.exe,31548,0x0,Other,0,0,1,Hardware: Legacy Flip,2026-8-20 19:21:57.227726100,0.5071,0.5071,0.0000,0.2517,0.2980,0.0819,0.2161,2.3629,16.3804,14.1757,7748.6459,NA,NA,NA
python.exe,31548,0x0,Other,-1,0,0,Composed: Copy with GPU GDI,2026-8-20 19:21:57.228233200,5.7996,5.7996,0.0000,0.0426,5.9432,2.0263,3.9169,NA,NA,NA,NA,NA,NA,NA
python.exe,31548,0x0,Other,-1,0,0,Composed: Copy with GPU GDI,2026-8-20 19:21:57.234032800,5.6651,5.6651,0.0000,0.1898,5.8293,0.4440,5.3853,NA,NA,NA,NA,NA,NA,NA
python.exe,31548,0x0,Other,0,0,1,Hardware: Legacy Flip,2026-8-20 19:21:57.239697900,4.9080,4.9080,0.0000,0.3590,4.5641,0.0588,4.5053,6.7715,15.4460,-4.4086,7760.6177,NA,NA,NA
python.exe,31548,0x0,Other,-1,0,0,Composed: Copy with GPU GDI,2026-8-20 19:21:57.244605900,1.6921,1.6921,0.0000,0.0151,2.3842,2.3842,0.0000,NA,NA,NA,NA,NA,NA,NA
python.exe,31548,0x0,Other,-1,0,0,Composed: Copy with GPU GDI,2026-8-20 19:21:57.246298000,9.0046,9.0046,0.0000,0.7092,8.4652,0.2634,8.2018,NA,NA,NA,NA,NA,NA,NA
python.exe,31548,0x0,Other,-1,0,0,Composed: Copy with GPU GDI,2026-8-20 19:21:57.255302600,2.9393,2.9393,0.0000,0.1729,2.9453,0.2598,2.6855,NA,NA,NA,NA,NA,NA,NA
python.exe,31548,0x0,Other,0,0,1,Hardware: Legacy Flip,2026-8-20 19:21:57.258241900,1.7556,1.7556,0.0000,0.1817,1.5862,0.0464,1.5398,3.6735,17.5098,3.0980,7779.1617,NA,NA,NA
python.exe,31548,0x0,Other,-1,0,0,Composed: Copy with GPU GDI,2026-8-20 19:21:57.259997500,5.7029,5.7029,0.0000,0.0123,5.8736,2.1099,3.7637,NA,NA,NA,NA,NA,NA,NA
python.exe,31548,0x0,Other,-1,0,0,Composed: Copy with GPU GDI,2026-8-20 19:21:57.265700400,5.1259,5.1259,0.0000,0.1870,5.1162,0.2563,4.8599,NA,NA,NA,NA,NA,NA,NA
python.exe,31548,0x0,Other,-1,0,0,Composed: Copy with GPU GDI,2026-8-20 19:21:57.270826300,5.8498,5.8498,0.0000,0.1815,5.8475,0.2595,5.5880,NA,NA,NA,NA,NA,NA,NA
python.exe,31548,0x0,Other,0,0,1,Hardware: Legacy Flip,2026-8-20 19:21:57.276676100,0.8671,0.8671,0.0000,0.1826,0.7274,0.0796,0.6478,2.7491,17.6169,0.9244,7797.5959,NA,NA,NA
python.exe,31548,0x0,Other,-1,0,0,Composed: Copy with GPU GDI,2026-8-20 19:21:57.277543200,4.8107,4.8107,0.0000,0.0429,4.9781,2.0772,2.9009,NA,NA,NA,NA,NA,NA,NA
python.exe,31548,0x0,Other,-1,0,0,Composed: Copy with GPU GDI,2026-8-20 19:21:57.282353900,5.7390,5.7390,0.0000,0.2132,5.9179,0.4940,5.4239,NA,NA,NA,NA,NA,NA,NA
python.exe,31548,0x0,Other,-1,0,0,Composed: Copy with GPU GDI,2026-8-20 19:21:57.288092900,6.5250,6.5250,0.0000,0.3949,6.3102,0.2666,6.0436,NA,NA,NA,NA,NA,NA,NA
python.exe,31548,0x0,Other,0,0,1,Hardware: Legacy Flip,2026-8-20 19:21:57.294617900,0.4928,0.4928,0.0000,0.1851,0.3218,0.0539,0.2679,2.4242,15.8807,0.3249,7815.5377,NA,NA,NA
python.exe,31548,0x0,Other,-1,0,0,Composed: Copy with GPU GDI,2026-8-20 19:21:57.295110700,5.9610,5.9610,0.0000,0.0141,6.1223,2.1224,3.9999,NA,NA,NA,NA,NA,NA,NA
python.exe,31548,0x0,Other,-1,0,0,Composed: Copy with GPU GDI,2026-8-20 19:21:57.301071700,5.4427,5.4427,0.0000,0.1796,5.5458,0.3710,5.1748,NA,NA,NA,NA,NA,NA,NA
python.exe,31548,0x0,Other,0,0,1,Hardware: Legacy Flip,2026-8-20 19:21:57.306514400,4.4901,4.4901,0.0000,0.2855,4.2198,0.0592,4.1606,6.4084,16.9191,-3.9842,7827.4342,NA,NA,NA
python.exe,31548,0x0,Other,-1,0,0,Composed: Copy with GPU GDI,2026-8-20 19:21:57.311004500,1.7305,1.7305,0.0000,0.0152,2.4847,2.4847,0.0000,18.8374,4.3812,-12.4290,7831.9243,NA,NA,NA
python.exe,31548,0x0,Other,-1,0,0,Composed: Copy with GPU GDI,2026-8-20 19:21:57.312735000,8.4136,8.4136,0.0000,0.7713,7.8311,0.2666,7.5645,NA,NA,NA,NA,NA,NA,NA
python.exe,31548,0x0,Other,-1,0,0,Composed: Copy with GPU GDI,2026-8-20 19:21:57.321148600,4.6589,4.6589,0.0000,0.1916,4.6470,0.2604,4.3866,NA,NA,NA,NA,NA,NA,NA
python.exe,31548,0x0,Other,0,0,1,Hardware: Legacy Flip,2026-8-20 19:21:57.325807500,6.3113,6.3113,0.0000,0.1826,6.1800,0.0989,6.0811,8.4156,12.5690,10.4218,7846.7273,NA,NA,NA
python.exe,31548,0x0,Other,-1,0,0,Composed: Copy with GPU GDI,2026-8-20 19:21:57.332118800,0.2338,0.2338,0.0000,0.0513,2.2569,2.2569,0.0000,NA,NA,NA,NA,NA,NA,NA
python.exe,31548,0x0,Other,-1,0,0,Composed: Copy with GPU GDI,2026-8-20 19:21:57.332352600,4.6074,4.6074,0.0000,2.0780,2.8225,0.3713,2.4512,NA,NA,NA,NA,NA,NA,NA
python.exe,31548,0x0,Other,-1,0,0,Composed: Copy with GPU GDI,2026-8-20 19:21:57.336960000,6.8038,6.8038,0.0000,0.2969,6.5873,0.2917,6.2956,NA,NA,NA,NA,NA,NA,NA
python.exe,31548,0x0,Other,0,0,1,Hardware: Legacy Flip,2026-8-20 19:21:57.343763800,1.0671,1.0671,0.0000,0.0861,0.9948,0.0526,0.9422,3.0283,19.4545,5.3873,7864.6836,NA,NA,NA
python.exe,31548,0x0,Other,-1,0,0,Composed: Copy with GPU GDI,2026-8-20 19:21:57.344830900,3.7545,3.7545,0.0000,0.0138,4.2813,2.5241,1.7572,21.4157,1.0982,-18.3874,7865.7507,NA,NA,NA
python.exe,31548,0x0,Other,-1,0,0,Composed: Copy with GPU GDI,2026-8-20 19:21:57.348585400,6.5742,6.5742,0.0000,0.5433,6.2419,0.3019,5.9400,NA,NA,NA,NA,NA,NA,NA
python.exe,31548,0x0,Other,-1,0,0,Composed: Copy with GPU GDI,2026-8-20 19:21:57.355159600,5.8129,5.8129,0.0000,0.2135,6.2384,0.7262,5.5122,NA,NA,NA,NA,NA,NA,NA
python.exe,31548,0x0,Other,0,0,1,Hardware: Legacy Flip,2026-8-20 19:21:57.360972500,4.3811,4.3811,0.0000,0.6418,3.7823,0.0798,3.7025,6.3723,14.5330,15.0434,7881.8923,NA,NA,NA
python.exe,31548,0x0,Other,-1,0,0,Composed: Copy with GPU GDI,2026-8-20 19:21:57.365353600,2.1686,2.1686,0.0000,0.0430,2.5130,2.3752,0.1378,NA,NA,NA,NA,NA,NA,NA
python.exe,31548,0x0,Other,-1,0,0,Composed: Copy with GPU GDI,2026-8-20 19:21:57.367522200,5.9352,5.9352,0.0000,0.3917,5.8364,0.4036,5.4328,NA,NA,NA,NA,NA,NA,NA
python.exe,31548,0x0,Other,-1,0,0,Composed: Copy with GPU GDI,2026-8-20 19:21:57.373457400,6.0323,6.0323,0.0000,0.2987,5.9126,0.2640,5.6486,NA,NA,NA,NA,NA,NA,NA
python.exe,31548,0x0,Other,0,0,1,Hardware: Legacy Flip,2026-8-20 19:21:57.379489700,0.4171,0.4171,0.0000,0.1820,0.2741,0.0742,0.1999,2.3881,14.4641,3.9842,7900.4095,NA,NA,NA
python.exe,31548,0x0,Other,-1,0,0,Composed: Copy with GPU GDI,2026-8-20 19:21:57.379906800,7.8522,7.8522,0.0000,0.0390,7.9877,2.1388,5.8489,NA,NA,NA,NA,NA,NA,NA
python.exe,31548,0x0,Other,-1,0,0,Composed: Copy with GPU GDI,2026-8-20 19:21:57.387759000,4.1752,4.1752,0.0000,0.1785,4.1852,0.2590,3.9262,NA,NA,NA,NA,NA,NA,NA
python.exe,31548,0x0,Other,0,0,1,Hardware: Legacy Flip,2026-8-20 19:21:57.391934200,2.4345,2.4345,0.0000,0.1912,2.2565,0.0572,2.1993,4.4077,17.7534,-2.0196,7912.8540,NA,NA,NA
python.exe,31548,0x0,Other,-1,0,0,Composed: Copy with GPU GDI,2026-8-20 19:21:57.394368700,5.0736,5.0736,0.0000,0.0132,5.2179,2.1694,3.0485,NA,NA,NA,NA,NA,NA,NA
python.exe,31548,0x0,Other,-1,0,0,Composed: Copy with GPU GDI,2026-8-20 19:21:57.399442300,3.1713,3.1713,0.0000,0.1604,3.1599,0.2114,2.9485,NA,NA,NA,NA,NA,NA,NA
python.exe,31548,0x0,Other,-1,0,0,Composed: Copy with GPU GDI,2026-8-20 19:21:57.402613600,7.8411,7.8411,0.0000,0.1539,7.8630,0.2666,7.5964,NA,NA,NA,NA,NA,NA,NA
python.exe,31548,0x0,Other,0,0,1,Hardware: Legacy Flip,2026-8-20 19:21:57.410454700,1.6027,1.6027,0.0000,0.1807,1.4403,0.0660,1.3743,3.6406,16.0734,0.7671,7931.3745,NA,NA,NA
python.exe,31548,0x0,Other,-1,0,0,Composed: Copy with GPU GDI,2026-8-20 19:21:57.412057400,4.1142,4.1142,0.0000,0.0183,4.2745,2.2322,2.0423,NA,NA,NA,NA,NA,NA,NA
python.exe,31548,0x0,Other,-1,0,0,Composed: Copy with GPU GDI,2026-8-20 19:21:57.416171600,5.6957,5.6957,0.0000,0.1816,5.8528,0.4361,5.4167,NA,NA,NA,NA,NA,NA,NA
python.exe,31548,0x0,Other,-1,0,0,Composed: Copy with GPU GDI,2026-8-20 19:21:57.421867300,5.5022,5.5022,0.0000,0.3418,5.3319,0.2595,5.0724,NA,NA,NA,NA,NA,NA,NA
python.exe,31548,0x0,Other,0,0,1,Hardware: Legacy Flip,2026-8-20 19:21:57.427369500,0.6382,0.6382,0.0000,0.1742,0.4773,0.0498,0.4275,2.7992,16.0020,0.8414,7948.2893,NA,NA,NA
python.exe,31548,0x0,Other,-1,0,0,Composed: Copy with GPU GDI,2026-8-20 19:21:57.428007700,6.2739,6.2739,0.0000,0.0133,6.4420,2.3642,4.0778,NA,NA,NA,NA,NA,NA,NA
python.exe,31548,0x0,Other,-1,0,0,Composed: Copy with GPU GDI,2026-8-20 19:21:57.434281600,5.5352,5.5352,0.0000,0.1851,5.5908,0.3254,5.2654,NA,NA,NA,NA,NA,NA,NA
python.exe,31548,0x0,Other,0,0,1,Hardware: Legacy Flip,2026-8-20 19:21:57.439816800,4.2993,4.2993,0.0000,0.2449,4.0674,0.0513,4.0161,6.3539,16.7334,-3.5547,7960.7366,NA,NA,NA
python.exe,31548,0x0,Other,-1,0,0,Composed: Copy with GPU GDI,2026-8-20 19:21:57.444116100,2.2178,2.2178,0.0000,0.0130,2.6151,2.4676,0.1475,NA,NA,NA,NA,NA,NA,NA
python.exe,31548,0x0,Other,-1,0,0,Composed: Copy with GPU GDI,2026-8-20 19:21:57.446333900,8.3216,8.3216,0.0000,0.4138,8.0649,0.2640,7.8009,NA,NA,NA,NA,NA,NA,NA
python.exe,31548,0x0,Other,-1,0,0,Composed: Copy with GPU GDI,2026-8-20 19:21:57.454655500,4.3442,4.3442,0.0000,0.1607,4.3500,0.2629,4.0871,NA,NA,NA,NA,NA,NA,NA
python.exe,31548,0x0,Other,0,0,1,Hardware: Legacy Flip,2026-8-20 19:21:57.458999700,1.8553,1.8553,0.0000,0.1705,1.6995,0.0536,1.6459,3.9044,16.5704,2.4495,7979.9195,NA,NA,NA
python.exe,31548,0x0,Other,-1,0,0,Composed: Copy with GPU GDI,2026-8-20 19:21:57.460855000,4.7699,4.7699,0.0000,0.0147,4.9233,2.2354,2.6879,NA,NA,NA,NA,NA,NA,NA
python.exe,31548,0x0,Other,-1,0,0,Composed: Copy with GPU GDI,2026-8-20 19:21:57.465624900,5.0025,5.0025,0.0000,0.1715,5.0102,0.2570,4.7532,NA,NA,NA,NA,NA,NA,NA
python.exe,31548,0x0,Other,-1,0,0,Composed: Copy with GPU GDI,2026-8-20 19:21:57.470627400,5.7185,5.7185,0.0000,0.1821,5.8677,0.4066,5.4611,NA,NA,NA,NA,NA,NA,NA
python.exe,31548,0x0,Other,0,0,1,Hardware: Legacy Flip,2026-8-20 19:21:57.476345900,1.0859,1.0859,0.0000,0.3345,0.7648,0.0534,0.7114,3.1286,20.2354,0.7758,7997.2657,NA,NA,NA
python.exe,31548,0x0,Other,-1,0,0,Composed: Copy with GPU GDI,2026-8-20 19:21:57.477431800,5.2430,5.2430,0.0000,0.0134,5.4128,2.2433,3.1695,22.2781,0.8795,-19.1495,7998.3516,NA,NA,NA
python.exe,31548,0x0,Other,-1,0,0,Composed: Copy with GPU GDI,2026-8-20 19:21:57.482674800,5.7341,5.7341,0.0000,0.1892,5.7419,0.3311,5.4108,NA,NA,NA,NA,NA,NA,NA
python.exe,31548,0x0,Other,-1,0,0,Composed: Copy with GPU GDI,2026-8-20 19:21:57.488408900,6.6893,6.6893,0.0000,0.1993,6.6089,0.2600,6.3489,NA,NA,NA,NA,NA,NA,NA
python.exe,31548,0x0,Other,0,0,1,Hardware: Legacy Flip,2026-8-20 19:21:57.495098200,3.3852,3.3852,0.0000,0.1237,3.3044,0.0838,3.2206,5.4912,13.2186,16.7869,8016.0180,NA,NA,NA
python.exe,31548,0x0,Other,-1,0,0,Composed: Copy with GPU GDI,2026-8-20 19:21:57.498483400,2.8478,2.8478,0.0000,0.0429,2.9617,2.2773,0.6844,NA,NA,NA,NA,NA,NA,NA
python.exe,31548,0x0,Other,-1,0,0,Composed: Copy with GPU GDI,2026-8-20 19:21:57.501331200,8.6628,8.6628,0.0000,0.1625,8.6799,0.2635,8.4164,NA,NA,NA,NA,NA,NA,NA
python.exe,31548,0x0,Other,0,0,1,Hardware: Legacy Flip,2026-8-20 19:21:57.509994000,1.7329,1.7329,0.0000,0.1829,1.5688,0.0659,1.5029,3.8140,15.6199,1.6772,8030.9138,NA,NA,NA
python.exe,31548,0x0,Other,-1,0,0,Composed: Copy with GPU GDI,2026-8-20 19:21:57.511726900,1.6221,1.6221,0.0000,0.0188,2.6465,2.6465,0.0000,NA,NA,NA,NA,NA,NA,NA
python.exe,31548,0x0,Other,-1,0,0,Composed: Copy with GPU GDI,2026-8-20 19:21:57.513349000,7.3180,7.3180,0.0000,1.0454,6.4603,0.2705,6.1898,NA,NA,NA,NA,NA,NA,NA
python.exe,31548,0x0,Other,-1,0,0,Composed: Copy with GPU GDI,2026-8-20 19:21:57.520667000,4.8028,4.8028,0.0000,0.1918,4.7931,0.2638,4.5293,NA,NA,NA,NA,NA,NA,NA
python.exe,31548,0x0,Other,0,0,1,Hardware: Legacy Flip,2026-8-20 19:21:57.525469800,1.8527,1.8527,0.0000,0.1858,1.6821,0.0560,1.6261,3.9581,16.7858,-0.1441,8046.3896,NA,NA,NA
python.exe,31548,0x0,Other,-1,0,0,Composed: Copy with GPU GDI,2026-8-20 19:21:57.527322500,4.5274,4.5274,0.0000,0.0152,4.6998,2.2984,2.4014,NA,NA,NA,NA,NA,NA,NA
python.exe,31548,0x0,Other,-1,0,0,Composed: Copy with GPU GDI,2026-8-20 19:21:57.531849900,4.2528,4.2528,0.0000,0.1926,4.1504,0.1722,3.9782,NA,NA,NA,NA,NA,NA,NA
python.exe,31548,0x0,Other,-1,0,0,Composed: Copy with GPU GDI,2026-8-20 19:21:57.536102700,7.6720,7.6720,0.0000,0.0944,7.7514,0.2559,7.4955,NA,NA,NA,NA,NA,NA,NA
python.exe,31548,0x0,Other,0,0,1,Hardware: Legacy Flip,2026-8-20 19:21:57.543774700,0.3768,0.3768,0.0000,0.1770,0.2126,0.0474,0.1652,2.4390,17.4283,1.5191,8064.6945,NA,NA,NA
python.exe,31548,0x0,Other,-1,0,0,Composed: Copy with GPU GDI,2026-8-20 19:21:57.544151500,4.0510,4.0510,0.0000,0.0128,4.2198,2.2565,1.9633,NA,NA,NA,NA,NA,NA,NA
python.exe,31548,0x0,Other,-1,0,0,Composed: Copy with GPU GDI,2026-8-20 19:21:57.548202500,5.9626,5.9626,0.0000,0.1852,5.9692,0.2603,5.7089,NA,NA,NA,NA,NA,NA,NA
python.exe,31548,0x0,Other,-1,0,0,Composed: Copy with GPU GDI,2026-8-20 19:21:57.554165100,6.9270,6.9270,0.0000,0.1958,7.0397,0.3960,6.6437,NA,NA,NA,NA,NA,NA,NA
python.exe,31548,0x0,Other,0,0,1,Hardware: Legacy Flip,2026-8-20 19:21:57.561092100,0.5114,0.5114,0.0000,0.3135,0.2112,0.0521,0.1591,2.5499,15.7311,-0.1109,8082.0119,NA,NA,NA
python.exe,31548,0x0,Other,-1,0,0,Composed: Copy with GPU GDI,2026-8-20 19:21:57.561603500,5.2820,5.2820,0.0000,0.0133,5.5261,2.3147,3.2114,NA,NA,NA,NA,NA,NA,NA
python.exe,31548,0x0,Other,-1,0,0,Composed: Copy with GPU GDI,2026-8-20 19:21:57.566885500,9.7706,9.7706,0.0000,0.2610,9.6640,0.2563,9.4077,NA,NA,NA,NA,NA,NA,NA
python.exe,31548,0x0,Other,0,0,1,Hardware: Legacy Flip,2026-8-20 19:21:57.576656100,0.5982,0.5982,0.0000,0.1579,0.4532,0.0480,0.4052,2.7170,17.0871,-0.1671,8097.5759,NA,NA,NA
python.exe,31548,0x0,Other,-1,0,0,Composed: Copy with GPU GDI,2026-8-20 19:21:57.577254300,1.7889,1.7889,0.0000,0.0129,2.2918,2.2918,0.0000,NA,NA,NA,NA,NA,NA,NA
python.exe,31548,0x0,Other,-1,0,0,Composed: Copy with GPU GDI,2026-8-20 19:21:57.579043200,8.7799,8.7799,0.0000,0.5179,8.4510,0.2631,8.1879,NA,NA,NA,NA,NA,NA,NA
python.exe,31548,0x0,Other,-1,0,0,Composed: Copy with GPU GDI,2026-8-20 19:21:57.587823100,4.2258,4.2258,0.0000,0.1931,4.2292,0.2658,3.9634,NA,NA,NA,NA,NA,NA,NA
python.exe,31548,0x0,Other,0,0,1,Hardware: Legacy Flip,2026-8-20 19:21:57.592048900,2.2971,2.2971,0.0000,0.2000,2.1106,0.0480,2.0626,4.4113,17.3900,-1.6943,8112.9687,NA,NA,NA
python.exe,31548,0x0,Other,-1,0,0,Composed: Copy with GPU GDI,2026-8-20 19:21:57.594346000,4.1423,4.1423,0.0000,0.0135,4.3263,2.3081,2.0182,NA,NA,NA,NA,NA,NA,NA
python.exe,31548,0x0,Other,-1,0,0,Composed: Copy with GPU GDI,2026-8-20 19:21:57.598488300,4.8593,4.8593,0.0000,0.2014,5.1809,0.6025,4.5784,NA,NA,NA,NA,NA,NA,NA
python.exe,31548,0x0,Other,-1,0,0,Composed: Copy with GPU GDI,2026-8-20 19:21:57.603347600,8.0144,8.0144,0.0000,0.5256,7.6769,0.2628,7.4141,NA,NA,NA,NA,NA,NA,NA
python.exe,31548,0x0,Other,0,0,1,Hardware: Legacy Flip,2026-8-20 19:21:57.611362000,0.3730,0.3730,0.0000,0.1906,0.1937,0.0423,0.1514,2.4882,19.3233,1.9231,8132.2818,NA,NA,NA
python.exe,31548,0x0,Other,-1,0,0,Composed: Copy with GPU GDI,2026-8-20 19:21:57.611735000,4.1728,4.1728,0.0000,0.0113,4.4504,2.4327,2.0177,NA,NA,NA,NA,NA,NA,NA
python.exe,31548,0x0,Other,-1,0,0,Composed: Copy with GPU GDI,2026-8-20 19:21:57.615907800,4.9801,4.9801,0.0000,0.2934,4.7571,0.1345,4.6226,17.2657,12.3465,-14.7775,8136.8276,NA,NA,NA
python.exe,31548,0x0,Other,-1,0,0,Composed: Copy with GPU GDI,2026-8-20 19:21:57.620887900,19.3793,19.3793,0.0000,0.0744,19.4700,0.2673,19.2027,NA,NA,NA,NA,NA,NA,NA
python.exe,31548,0x0,Other,-1,0,0,Composed: Copy with GPU GDI,2026-8-20 19:21:57.640267200,2.8914,2.8914,0.0000,0.1690,2.7946,0.1379,2.6567,NA,NA,NA,NA,NA,NA,NA
python.exe,31548,0x0,Other,0,0,1,Hardware: Legacy Flip,2026-8-20 19:21:57.643158600,0.1394,0.1394,0.0000,0.0779,0.1074,0.0828,0.0246,2.3614,2.4287,14.9043,8164.0784,NA,NA,NA
python.exe,31548,0x0,Other,0,0,1,Hardware: Legacy Flip,2026-8-20 19:21:57.643298000,2.5750,2.5750,0.0000,0.0459,2.6412,2.2496,0.3916,4.6507,15.4119,-2.2893,8164.2178,NA,NA,NA
python.exe,31548,0x0,Other,-1,0,0,Composed: Copy with GPU GDI,2026-8-20 19:21:57.645873000,0.6484,0.6484,0.0000,0.1121,2.3717,2.3717,0.0000,NA,NA,NA,NA,NA,NA,NA
python.exe,31548,0x0,Other,-1,0,0,Composed: Copy with GPU GDI,2026-8-20 19:21:57.646521400,7.8691,7.8691,0.0000,1.8374,6.2239,0.2689,5.9550,NA,NA,NA,NA,NA,NA,NA
python.exe,31548,0x0,Other,-1,0,0,Composed: Copy with GPU GDI,2026-8-20 19:21:57.654390500,4.1680,4.1680,0.0000,0.1965,4.1770,0.2921,3.8849,NA,NA,NA,NA,NA,NA,NA
python.exe,31548,0x0,Other,0,0,1,Hardware: Legacy Flip,2026-8-20 19:21:57.658558500,2.7325,2.7325,0.0000,0.2084,2.5374,0.0498,2.4876,4.8021,16.1361,-0.1514,8179.4783,NA,NA,NA
python.exe,31548,0x0,Other,-1,0,0,Composed: Copy with GPU GDI,2026-8-20 19:21:57.661291000,4.1533,4.1533,0.0000,0.0133,4.3640,2.3034,2.0606,NA,NA,NA,NA,NA,NA,NA
python.exe,31548,0x0,Other,-1,0,0,Composed: Copy with GPU GDI,2026-8-20 19:21:57.665444300,5.2126,5.2126,0.0000,0.2292,5.1582,0.2652,4.8930,NA,NA,NA,NA,NA,NA,NA
python.exe,31548,0x0,Other,-1,0,0,Composed: Copy with GPU GDI,2026-8-20 19:21:57.670656900,5.8938,5.8938,0.0000,0.1779,5.9856,0.3447,5.6409,NA,NA,NA,NA,NA,NA,NA
python.exe,31548,0x0,Other,0,0,1,Hardware: Legacy Flip,2026-8-20 19:21:57.676550700,0.8427,0.8427,0.0000,0.2726,0.5823,0.0441,0.5382,2.9460,17.8838,1.8561,8197.4705,NA,NA,NA
python.exe,31548,0x0,Other,-1,0,0,Composed: Copy with GPU GDI,2026-8-20 19:21:57.677393400,5.8586,5.8586,0.0000,0.0122,6.0340,2.2978,3.7362,NA,NA,NA,NA,NA,NA,NA
python.exe,31548,0x0,Other,-1,0,0,Composed: Copy with GPU GDI,2026-8-20 19:21:57.683252000,5.9915,5.9915,0.0000,0.1903,6.0747,0.3416,5.7331,NA,NA,NA,NA,NA,NA,NA
python.exe,31548,0x0,Other,-1,0,0,Composed: Copy with GPU GDI,2026-8-20 19:21:57.689243500,5.6131,5.6131,0.0000,0.2763,5.5408,0.2795,5.2613,NA,NA,NA,NA,NA,NA,NA
python.exe,31548,0x0,Other,0,0,1,Hardware: Legacy Flip,2026-8-20 19:21:57.694856600,0.3695,0.3695,0.0000,0.2085,0.1722,0.0420,0.1302,2.5239,16.4917,0.4221,8215.7764,NA,NA,NA
python.exe,31548,0x0,Other,-1,0,0,Composed: Copy with GPU GDI,2026-8-20 19:21:57.695226100,5.6699,5.6699,0.0000,0.0112,5.8573,2.3750,3.4823,NA,NA,NA,NA,NA,NA,NA
python.exe,31548,0x0,Other,-1,0,0,Composed: Copy with GPU GDI,2026-8-20 19:21:57.700896000,5.4881,5.4881,0.0000,0.2045,5.4651,0.2731,5.1920,NA,NA,NA,NA,NA,NA,NA
python.exe,31548,0x0,Other,0,0,1,Hardware: Legacy Flip,2026-8-20 19:21:57.706384100,5.3284,5.3284,0.0000,0.1855,5.1578,0.0552,5.1026,7.4881,15.4206,-4.9642,8227.3039,NA,NA,NA
python.exe,31548,0x0,Other,-1,0,0,Composed: Copy with GPU GDI,2026-8-20 19:21:57.711712500,0.8470,0.8470,0.0000,0.0149,2.7180,2.7180,0.0000,NA,NA,NA,NA,NA,NA,NA
python.exe,31548,0x0,Other,-1,0,0,Composed: Copy with GPU GDI,2026-8-20 19:21:57.712559500,8.2644,8.2644,0.0000,1.8877,6.5771,0.2706,6.3065,NA,NA,NA,NA,NA,NA,NA
python.exe,31548,0x0,Other,-1,0,0,Composed: Copy with GPU GDI,2026-8-20 19:21:57.720823900,4.6324,4.6324,0.0000,0.2033,4.6262,0.2627,4.3635,NA,NA,NA,NA,NA,NA,NA
python.exe,31548,0x0,Other,0,0,1,Hardware: Legacy Flip,2026-8-20 19:21:57.725456300,1.6880,1.6880,0.0000,0.2000,1.4995,0.0445,1.4550,3.8365,16.9169,3.6516,8246.3761,NA,NA,NA
python.exe,31548,0x0,Other,-1,0,0,Composed: Copy with GPU GDI,2026-8-20 19:21:57.727144300,4.5729,4.5729,0.0000,0.0115,4.7596,2.3577,2.4019,NA,NA,NA,NA,NA,NA,NA
python.exe,31548,0x0,Other,-1,0,0,Composed: Copy with GPU GDI,2026-8-20 19:21:57.731717200,4.3521,4.3521,0.0000,0.2010,4.2325,0.1555,4.0770,NA,NA,NA,NA,NA,NA,NA
python.exe,31548,0x0,Other,-1,0,0,Composed: Copy with GPU GDI,2026-8-20 19:21:57.736069300,7.5772,7.5772,0.0000,0.0871,7.6750,0.2666,7.4084,NA,NA,NA,NA,NA,NA,NA
python.exe,31548,0x0,Other,0,0,1,Hardware: Legacy Flip,2026-8-20 19:21:57.743646500,0.4101,0.4101,0.0000,0.1882,0.2342,0.0453,0.1889,2.5632,17.4451,1.2733,8264.5663,NA,NA,NA
python.exe,31548,0x0,Other,-1,0,0,Composed: Copy with GPU GDI,2026-8-20 19:21:57.744056600,5.5038,5.5038,0.0000,0.0123,5.7180,2.3915,3.3265,NA,NA,NA,NA,NA,NA,NA
python.exe,31548,0x0,Other,-1,0,0,Composed: Copy with GPU GDI,2026-8-20 19:21:57.749560400,5.6468,5.6468,0.0000,0.2296,5.6771,0.3355,5.3416,NA,NA,NA,NA,NA,NA,NA
python.exe,31548,0x0,Other,-1,0,0,Composed: Copy with GPU GDI,2026-8-20 19:21:57.755207200,5.5747,5.5747,0.0000,0.2621,5.5108,0.2884,5.2224,NA,NA,NA,NA,NA,NA,NA
python.exe,31548,0x0,Other,0,0,1,Hardware: Legacy Flip,2026-8-20 19:21:57.760781900,0.5273,0.5273,0.0000,0.2054,0.3406,0.0821,0.2585,2.8729,16.4889,-0.3097,8281.7017,NA,NA,NA
python.exe,31548,0x0,Other,-1,0,0,Composed: Copy with GPU GDI,2026-8-20 19:21:57.761309200,5.9023,5.9023,0.0000,0.0187,6.3754,2.8521,3.5233,NA,NA,NA,NA,NA,NA,NA
python.exe,31548,0x0,Other,-1,0,0,Composed: Copy with GPU GDI,2026-8-20 19:21:57.767211500,9.0531,9.0531,0.0000,0.4940,8.7515,0.2646,8.4869,NA,NA,NA,NA,NA,NA,NA
python.exe,31548,0x0,Other,0,0,1,Hardware: Legacy Flip,2026-8-20 19:21:57.776264600,1.6464,1.6464,0.0000,0.1952,1.4623,0.0411,1.4212,3.8791,16.6875,-1.0062,8297.1844,NA,NA,NA
python.exe,31548,0x0,Other,-1,0,0,Composed: Copy with GPU GDI,2026-8-20 19:21:57.777911000,1.3658,1.3658,0.0000,0.0111,2.8156,2.8156,0.0000,NA,NA,NA,NA,NA,NA,NA
python.exe,31548,0x0,Other,-1,0,0,Composed: Copy with GPU GDI,2026-8-20 19:21:57.779276800,8.4167,8.4167,0.0000,1.4628,7.1356,0.2710,6.8646,NA,NA,NA,NA,NA,NA,NA
python.exe,31548,0x0,Other,-1,0,0,Composed: Copy with GPU GDI,2026-8-20 19:21:57.787693500,4.2095,4.2095,0.0000,0.1844,4.1972,0.2632,3.9340,NA,NA,NA,NA,NA,NA,NA
python.exe,31548,0x0,Other,0,0,1,Hardware: Legacy Flip,2026-8-20 19:21:57.791903000,2.6767,2.6767,0.0000,0.1763,2.5129,0.0461,2.4668,4.9282,16.0653,-1.0491,8312.8228,NA,NA,NA
python.exe,31548,0x0,Other,-1,0,0,Composed: Copy with GPU GDI,2026-8-20 19:21:57.794579700,4.1785,4.1785,0.0000,0.0125,4.3627,2.4513,1.9114,NA,NA,NA,NA,NA,NA,NA
python.exe,31548,0x0,Other,-1,0,0,Composed: Copy with GPU GDI,2026-8-20 19:21:57.798758200,4.2295,4.2295,0.0000,0.2001,4.2364,0.2950,3.9414,NA,NA,NA,NA,NA,NA,NA
python.exe,31548,0x0,Other,0,0,1,Hardware: Legacy Flip,2026-8-20 19:21:57.802987700,7.6667,7.6667,0.0000,0.2122,7.4674,0.0504,7.4170,9.9088,14.4099,-4.9806,8323.9075,NA,NA,NA
python.exe,31548,0x0,Other,-1,0,0,Composed: Copy with GPU GDI,2026-8-20 19:21:57.810654400,0.6548,0.6548,0.0000,0.0129,2.4237,2.4237,0.0000,16.6520,2.2797,-6.7432,8331.5742,NA,NA,NA
python.exe,31548,0x0,Other,-1,0,0,Composed: Copy with GPU GDI,2026-8-20 19:21:57.811309200,4.1377,4.1377,0.0000,1.7854,2.6075,0.3362,2.2713,NA,NA,NA,NA,NA,NA,NA
python.exe,31548,0x0,Other,-1,0,0,Composed: Copy with GPU GDI,2026-8-20 19:21:57.815446900,5.9526,5.9526,0.0000,0.2582,5.8926,0.2672,5.6254,NA,NA,NA,NA,NA,NA,NA
python.exe,31548,0x0,Other,0,0,1,Hardware: Legacy Flip,2026-8-20 19:21:57.821399500,5.9778,5.9778,0.0000,0.2002,5.7938,0.1142,5.6796,8.1866,15.9147,8.4654,8342.3193,NA,NA,NA
python.exe,31548,0x0,Other,-1,0,0,Composed: Copy with GPU GDI,2026-8-20 19:21:57.827377300,1.0476,1.0476,0.0000,0.0162,2.7914,2.7914,0.0000,NA,NA,NA,NA,NA,NA,NA
python.exe,31548,0x0,Other,-1,0,0,Composed: Copy with GPU GDI,2026-8-20 19:21:57.828424900,4.5153,4.5153,0.0000,1.7625,2.9566,0.2702,2.6864,17.0759,1.5193,-8.8893,8349.3447,NA,NA,NA
python.exe,31548,0x0,Other,-1,0,0,Composed: Copy with GPU GDI,2026-8-20 19:21:57.832940200,10.0770,10.0770,0.0000,0.2065,10.0701,0.2658,9.8043,NA,NA,NA,NA,NA,NA,NA
python.exe,31548,0x0,Other,0,0,1,Hardware: Legacy Flip,2026-8-20 19:21:57.843017200,1.7921,1.7921,0.0000,0.2030,1.6008,0.0433,1.5575,4.0029,15.5975,13.0730,8363.9370,NA,NA,NA
python.exe,31548,0x0,Other,-1,0,0,Composed: Copy with GPU GDI,2026-8-20 19:21:57.844809300,0.6913,0.6913,0.0000,0.0117,2.3929,2.3929,0.0000,NA,NA,NA,NA,NA,NA,NA
python.exe,31548,0x0,Other,-1,0,0,Composed: Copy with GPU GDI,2026-8-20 19:21:57.845500600,8.9328,8.9328,0.0000,1.7182,7.4161,0.2670,7.1491,NA,NA,NA,NA,NA,NA,NA
python.exe,31548,0x0,Other,-1,0,0,Composed: Copy with GPU GDI,2026-8-20 19:21:57.854433400,4.2085,4.2085,0.0000,0.2041,4.2659,0.3246,3.9413,NA,NA,NA,NA,NA,NA,NA
python.exe,31548,0x0,Other,0,0,1,Hardware: Legacy Flip,2026-8-20 19:21:57.858641900,1.7695,1.7695,0.0000,0.2649,1.5189,0.0541,1.4648,3.9757,16.9914,0.0272,8379.5617,NA,NA,NA
python.exe,31548,0x0,Other,-1,0,0,Composed: Copy with GPU GDI,2026-8-20 19:21:57.860411400,5.2506,5.2506,0.0000,0.0143,5.4296,2.4047,3.0249,NA,NA,NA,NA,NA,NA,NA
python.exe,31548,0x0,Other,-1,0,0,Composed: Copy with GPU GDI,2026-8-20 19:21:57.865662000,4.1290,4.1290,0.0000,0.1963,4.0981,0.2615,3.8366,NA,NA,NA,NA,NA,NA,NA
python.exe,31548,0x0,Other,-1,0,0,Composed: Copy with GPU GDI,2026-8-20 19:21:57.869791000,7.2467,7.2467,0.0000,0.1701,7.2616,0.2673,6.9943,NA,NA,NA,NA,NA,NA,NA
python.exe,31548,0x0,Other,0,0,1,Hardware: Legacy Flip,2026-8-20 19:21:57.877037700,0.3657,0.3657,0.0000,0.1876,0.1898,0.0442,0.1456,2.5713,17.4757,1.4044,8397.9575,NA,NA,NA
python.exe,31548,0x0,Other,-1,0,0,Composed: Copy with GPU GDI,2026-8-20 19:21:57.877403400,4.3608,4.3608,0.0000,0.0117,4.6322,2.4800,2.1522,NA,NA,NA,NA,NA,NA,NA
python.exe,31548,0x0,Other,-1,0,0,Composed: Copy with GPU GDI,2026-8-20 19:21:57.881764200,6.0997,6.0997,0.0000,0.2882,6.0650,0.3295,5.7355,NA,NA,NA,NA,NA,NA,NA
python.exe,31548,0x0,Other,-1,0,0,Composed: Copy with GPU GDI,2026-8-20 19:21:57.887863900,6.1647,6.1647,0.0000,0.2591,6.1004,0.2741,5.8263,NA,NA,NA,NA,NA,NA,NA
python.exe,31548,0x0,Other,0,0,1,Hardware: Legacy Flip,2026-8-20 19:21:57.894028600,0.4440,0.4440,0.0000,0.1989,0.2571,0.0450,0.2121,3.0561,15.9652,-0.4848,8414.9484,NA,NA,NA
python.exe,31548,0x0,Other,-1,0,0,Composed: Copy with GPU GDI,2026-8-20 19:21:57.894472600,6.5347,6.5347,0.0000,0.0120,6.7953,2.9157,3.8796,NA,NA,NA,NA,NA,NA,NA
python.exe,31548,0x0,Other,-1,0,0,Composed: Copy with GPU GDI,2026-8-20 19:21:57.901007300,8.6259,8.6259,0.0000,0.2748,8.5502,0.2677,8.2825,NA,NA,NA,NA,NA,NA,NA
python.exe,31548,0x0,Other,0,0,1,Hardware: Legacy Flip,2026-8-20 19:21:57.909633200,1.0529,1.0529,0.0000,0.2019,0.8618,0.0412,0.8206,3.4167,17.3862,-0.3606,8430.5530,NA,NA,NA
python.exe,31548,0x0,Other,-1,0,0,Composed: Copy with GPU GDI,2026-8-20 19:21:57.910686100,2.1144,2.1144,0.0000,0.0108,2.9230,2.9230,0.0000,19.7500,0.4589,-16.3333,8431.6059,NA,NA,NA
python.exe,31548,0x0,Other,-1,0,0,Composed: Copy with GPU GDI,2026-8-20 19:21:57.912800500,8.1094,8.1094,0.0000,0.8212,7.4885,0.2755,7.2130,NA,NA,NA,NA,NA,NA,NA
python.exe,31548,0x0,Other,-1,0,0,Composed: Copy with GPU GDI,2026-8-20 19:21:57.920909900,4.7892,4.7892,0.0000,0.2030,4.7884,0.2677,4.5207,NA,NA,NA,NA,NA,NA,NA
python.exe,31548,0x0,Other,0,0,1,Hardware: Legacy Flip,2026-8-20 19:21:57.925699100,2.8642,2.8642,0.0000,0.2051,2.6725,0.0480,2.6245,5.1959,17.2149,14.5541,8446.6189,NA,NA,NA
python.exe,31548,0x0,Other,-1,0,0,Composed: Copy with GPU GDI,2026-8-20 19:21:57.928563300,3.8114,3.8114,0.0000,0.0134,4.0063,2.5418,1.4645,NA,NA,NA,NA,NA,NA,NA
python.exe,31548,0x0,Other,-1,0,0,Composed: Copy with GPU GDI,2026-8-20 19:21:57.932374700,4.5305,4.5305,0.0000,0.2112,4.8904,0.6415,4.2489,NA,NA,NA,NA,NA,NA,NA
python.exe,31548,0x0,Other,-1,0,0,Composed: Copy with GPU GDI,2026-8-20 19:21:57.936905200,6.9946,6.9946,0.0000,0.5739,6.6199,0.2685,6.3514,NA,NA,NA,NA,NA,NA,NA
python.exe,31548,0x0,Other,0,0,1,Hardware: Legacy Flip,2026-8-20 19:21:57.943899800,1.8902,1.8902,0.0000,0.2021,1.7280,0.0860,1.6420,4.2101,16.3875,0.9858,8464.8196,NA,NA,NA
python.exe,31548,0x0,Other,-1,0,0,Composed: Copy with GPU GDI,2026-8-20 19:21:57.945790000,3.2309,3.2309,0.0000,0.0399,3.7634,2.8680,0.8954,NA,NA,NA,NA,NA,NA,NA
python.exe,31548,0x0,Other,-1,0,0,Composed: Copy with GPU GDI,2026-8-20 19:21:57.949020900,7.0160,7.0160,0.0000,0.5745,6.7297,0.3614,6.3683,NA,NA,NA,NA,NA,NA,NA
python.exe,31548,0x0,Other,-1,0,0,Composed: Copy with GPU GDI,2026-8-20 19:21:57.956036900,5.6974,5.6974,0.0000,0.2903,5.7234,0.3944,5.3290,NA,NA,NA,NA,NA,NA,NA
python.exe,31548,0x0,Other,0,0,1,Hardware: Legacy Flip,2026-8-20 19:21:57.961734300,0.4331,0.4331,0.0000,0.3192,0.1274,0.0458,0.0816,2.7631,16.4162,1.4470,8482.6541,NA,NA,NA
python.exe,31548,0x0,Other,-1,0,0,Composed: Copy with GPU GDI,2026-8-20 19:21:57.962167400,4.9448,4.9448,0.0000,0.0135,5.1235,2.5429,2.5806,NA,NA,NA,NA,NA,NA,NA
python.exe,31548,0x0,Other,-1,0,0,Composed: Copy with GPU GDI,2026-8-20 19:21:57.967112200,9.2609,9.2609,0.0000,0.1947,9.3652,0.3734,8.9918,NA,NA,NA,NA,NA,NA,NA
python.exe,31548,0x0,Other,0,0,1,Hardware: Legacy Flip,2026-8-20 19:21:57.976373100,2.0917,2.0917,0.0000,0.3026,1.8010,0.0482,1.7528,4.5405,16.1335,-1.7774,8497.2929,NA,NA,NA
python.exe,31548,0x0,Other,-1,0,0,Composed: Copy with GPU GDI,2026-8-20 19:21:57.978464800,1.2267,1.2267,0.0000,0.0119,3.0222,3.0222,0.0000,NA,NA,NA,NA,NA,NA,NA
python.exe,31548,0x0,Other,-1,0,0,Composed: Copy with GPU GDI,2026-8-20 19:21:57.979691500,8.1186,8.1186,0.0000,1.8094,6.6266,0.3942,6.2324,NA,NA,NA,NA,NA,NA,NA
python.exe,31548,0x0,Other,-1,0,0,Composed: Copy with GPU GDI,2026-8-20 19:21:57.987810100,4.5113,4.5113,0.0000,0.3202,4.3776,0.2683,4.1093,NA,NA,NA,NA,NA,NA,NA
python.exe,31548,0x0,Other,0,0,1,Hardware: Legacy Flip,2026-8-20 19:21:57.992321400,2.3038,2.3038,0.0000,0.1891,2.1303,0.0567,2.0736,4.7257,16.6268,-0.1852,8513.2412,NA,NA,NA
python.exe,31548,0x0,Other,-1,0,0,Composed: Copy with GPU GDI,2026-8-20 19:21:57.994625200,4.1548,4.1548,0.0000,0.0156,4.4398,2.7234,1.7164,NA,NA,NA,NA,NA,NA,NA
python.exe,31548,0x0,Other,-1,0,0,Composed: Copy with GPU GDI,2026-8-20 19:21:57.998780000,4.1090,4.1090,0.0000,0.3035,4.1620,0.4386,3.7234,NA,NA,NA,NA,NA,NA,NA
python.exe,31548,0x0,Other,-1,0,0,Composed: Copy with GPU GDI,2026-8-20 19:21:58.002889000,7.8838,7.8838,0.0000,0.3600,7.8288,0.4207,7.4081,NA,NA,NA,NA,NA,NA,NA
python.exe,31548,0x0,Other,0,0,1,Hardware: Legacy Flip,2026-8-20 19:21:58.010772800,0.5977,0.5977,0.0000,0.3108,0.3000,0.0491,0.2509,2.9011,16.1367,1.8246,8531.6926,NA,NA,NA
python.exe,31548,0x0,Other,-1,0,0,Composed: Copy with GPU GDI,2026-8-20 19:21:58.011370500,4.0625,4.0625,0.0000,0.0131,4.3267,2.6224,1.7043,NA,NA,NA,NA,NA,NA,NA
python.exe,31548,0x0,Other,-1,0,0,Composed: Copy with GPU GDI,2026-8-20 19:21:58.015433000,6.1492,6.1492,0.0000,0.2801,6.1855,0.4051,5.7804,NA,NA,NA,NA,NA,NA,NA
python.exe,31548,0x0,Other,0,0,1,Hardware: Legacy Flip,2026-8-20 19:21:58.021582200,5.7919,5.7919,0.0000,0.3203,5.4840,0.0486,5.4354,8.2284,15.9286,-5.3273,8542.5020,NA,NA,NA
python.exe,31548,0x0,Other,-1,0,0,Composed: Copy with GPU GDI,2026-8-20 19:21:58.027374100,0.7338,0.7338,0.0000,0.0124,3.0615,3.0615,0.0000,NA,NA,NA,NA,NA,NA,NA
python.exe,31548,0x0,Other,-1,0,0,Composed: Copy with GPU GDI,2026-8-20 19:21:58.028107900,4.9336,4.9336,0.0000,2.3423,2.8854,0.3721,2.5133,17.6313,0.4262,-9.4029,8549.0277,NA,NA,NA
python.exe,31548,0x0,Other,-1,0,0,Composed: Copy with GPU GDI,2026-8-20 19:21:58.033041500,9.9178,9.9178,0.0000,0.2986,9.9196,0.3738,9.5458,NA,NA,NA,NA,NA,NA,NA
python.exe,31548,0x0,Other,0,0,1,Hardware: Legacy Flip,2026-8-20 19:21:58.042959300,0.9258,0.9258,0.0000,0.3031,0.6352,0.0451,0.5901,3.2061,16.8769,14.4252,8563.8791,NA,NA,NA
python.exe,31548,0x0,Other,-1,0,0,Composed: Copy with GPU GDI,2026-8-20 19:21:58.043885100,1.8026,1.8026,0.0000,0.0125,2.4416,2.4416,0.0000,NA,NA,NA,NA,NA,NA,NA
python.exe,31548,0x0,Other,-1,0,0,Composed: Copy with GPU GDI,2026-8-20 19:21:58.045687700,8.6145,8.6145,0.0000,0.6560,8.2664,0.3833,7.8831,NA,NA,NA,NA,NA,NA,NA
python.exe,31548,0x0,Other,-1,0,0,Composed: Copy with GPU GDI,2026-8-20 19:21:58.054302200,4.0884,4.0884,0.0000,0.3106,4.3779,0.6775,3.7004,NA,NA,NA,NA,NA,NA,NA
python.exe,31548,0x0,Other,0,0,1,Hardware: Legacy Flip,2026-8-20 19:21:58.058390600,2.1878,2.1878,0.0000,0.6019,1.5979,0.0478,1.5501,4.6517,16.7917,-1.4456,8579.3104,NA,NA,NA
python.exe,31548,0x0,Other,-1,0,0,Composed: Copy with GPU GDI,2026-8-20 19:21:58.060578400,4.8938,4.8938,0.0000,0.0120,5.0612,2.6512,2.4100,NA,NA,NA,NA,NA,NA,NA
python.exe,31548,0x0,Other,-1,0,0,Composed: Copy with GPU GDI,2026-8-20 19:21:58.065472200,3.8760,3.8760,0.0000,0.1830,4.0094,0.3798,3.6296,NA,NA,NA,NA,NA,NA,NA
python.exe,31548,0x0,Other,-1,0,0,Composed: Copy with GPU GDI,2026-8-20 19:21:58.069348200,7.7396,7.7396,0.0000,0.3192,7.6057,0.2742,7.3315,NA,NA,NA,NA,NA,NA,NA
python.exe,31548,0x0,Other,0,0,1,Hardware: Legacy Flip,2026-8-20 19:21:58.077087800,0.4146,0.4146,0.0000,0.1895,0.2386,0.0483,0.1903,2.7462,16.5812,1.9055,8598.0076,NA,NA,NA
python.exe,31548,0x0,Other,-1,0,0,Composed: Copy with GPU GDI,2026-8-20 19:21:58.077502400,5.0659,5.0659,0.0000,0.0135,5.4250,2.7173,2.7077,NA,NA,NA,NA,NA,NA,NA
python.exe,31548,0x0,Other,-1,0,0,Composed: Copy with GPU GDI,2026-8-20 19:21:58.082568300,6.0459,6.0459,0.0000,0.3756,5.9923,0.4052,5.5871,NA,NA,NA,NA,NA,NA,NA
python.exe,31548,0x0,Other,0,0,1,Hardware: Legacy Flip,2026-8-20 19:21:58.088614200,5.3384,5.3384,0.0000,0.3257,5.0280,0.0588,4.9692,7.8010,16.0300,-5.0548,8609.5340,NA,NA,NA
python.exe,31548,0x0,Other,-1,0,0,Composed: Copy with GPU GDI,2026-8-20 19:21:58.093952600,0.6776,0.6776,0.0000,0.0153,2.6425,2.6425,0.0000,18.4926,0.2800,-10.6916,8614.8724,NA,NA,NA
python.exe,31548,0x0,Other,-1,0,0,Composed: Copy with GPU GDI,2026-8-20 19:21:58.094630200,6.5795,6.5795,0.0000,1.9828,4.8590,0.3515,4.5075,NA,NA,NA,NA,NA,NA,NA
python.exe,31548,0x0,Other,-1,0,0,Composed: Copy with GPU GDI,2026-8-20 19:21:58.101209700,5.4295,5.4295,0.0000,0.2643,5.4868,0.4078,5.0790,NA,NA,NA,NA,NA,NA,NA
python.exe,31548,0x0,Other,0,0,1,Hardware: Legacy Flip,2026-8-20 19:21:58.106639200,3.6647,3.6647,0.0000,0.3249,3.3516,0.0450,3.3066,6.0860,17.1732,12.4066,8627.5590,NA,NA,NA
python.exe,31548,0x0,Other,-1,0,0,Composed: Copy with GPU GDI,2026-8-20 19:21:58.110303900,1.2201,1.2201,0.0000,0.0118,2.6058,2.6058,0.0000,NA,NA,NA,NA,NA,NA,NA
python.exe,31548,0x0,Other,-1,0,0,Composed: Copy with GPU GDI,2026-8-20 19:21:58.111524000,9.7952,9.7952,0.0000,1.3998,8.7584,0.4360,8.3224,NA,NA,NA,NA,NA,NA,NA
python.exe,31548,0x0,Other,-1,0,0,Composed: Copy with GPU GDI,2026-8-20 19:21:58.121319200,4.4405,4.4405,0.0000,0.3658,4.3017,0.3058,3.9959,NA,NA,NA,NA,NA,NA,NA
python.exe,31548,0x0,Other,0,0,1,Hardware: Legacy Flip,2026-8-20 19:21:58.125759700,1.8042,1.8042,0.0000,0.2299,1.5862,0.0450,1.5412,4.1387,16.7185,1.9473,8646.6795,NA,NA,NA
python.exe,31548,0x0,Other,-1,0,0,Composed: Copy with GPU GDI,2026-8-20 19:21:58.127563900,5.0274,5.0274,0.0000,0.0119,5.3211,2.6335,2.6876,NA,NA,NA,NA,NA,NA,NA
python.exe,31548,0x0,Other,-1,0,0,Composed: Copy with GPU GDI,2026-8-20 19:21:58.132591300,4.2623,4.2623,0.0000,0.3083,4.2057,0.3356,3.8701,NA,NA,NA,NA,NA,NA,NA
python.exe,31548,0x0,Other,-1,0,0,Composed: Copy with GPU GDI,2026-8-20 19:21:58.136853600,7.1832,7.1832,0.0000,0.2535,7.1280,0.2776,6.8504,NA,NA,NA,NA,NA,NA,NA
python.exe,31548,0x0,Other,0,0,1,Hardware: Legacy Flip,2026-8-20 19:21:58.144036800,0.2780,0.2780,0.0000,0.2027,0.0886,0.0556,0.0330,2.5801,14.3725,1.5586,8664.9566,NA,NA,NA
python.exe,31548,0x0,Other,-1,0,0,Composed: Copy with GPU GDI,2026-8-20 19:21:58.144314800,4.1616,4.1616,0.0000,0.0133,4.4578,2.6126,1.8452,16.6746,3.0668,-14.0945,8665.2346,NA,NA,NA
python.exe,31548,0x0,Other,-1,0,0,Composed: Copy with GPU GDI,2026-8-20 19:21:58.148476400,6.0801,6.0801,0.0000,0.3137,6.1683,0.4706,5.6977,NA,NA,NA,NA,NA,NA,NA
python.exe,31548,0x0,Other,-1,0,0,Composed: Copy with GPU GDI,2026-8-20 19:21:58.154556500,6.0846,6.0846,0.0000,0.4048,6.1074,0.5088,5.5986,NA,NA,NA,NA,NA,NA,NA
python.exe,31548,0x0,Other,0,0,1,Hardware: Legacy Flip,2026-8-20 19:21:58.160641100,0.8139,0.8139,0.0000,0.4311,0.3974,0.0526,0.3448,3.4151,15.1155,13.2595,8681.5609,NA,NA,NA
python.exe,31548,0x0,Other,-1,0,0,Composed: Copy with GPU GDI,2026-8-20 19:21:58.161455000,5.7434,5.7434,0.0000,0.0146,6.0304,2.9361,3.0943,17.7167,1.1733,-14.3016,8682.3748,NA,NA,NA
python.exe,31548,0x0,Other,-1,0,0,Composed: Copy with GPU GDI,2026-8-20 19:21:58.167198400,9.2717,9.2717,0.0000,0.3078,9.2602,0.3807,8.8795,NA,NA,NA,NA,NA,NA,NA
python.exe,31548,0x0,Other,0,0,1,Hardware: Legacy Flip,2026-8-20 19:21:58.176470100,1.4936,1.4936,0.0000,0.3010,1.2038,0.0424,1.1614,3.8749,16.1410,13.8418,8697.3899,NA,NA,NA
python.exe,31548,0x0,Other,-1,0,0,Composed: Copy with GPU GDI,2026-8-20 19:21:58.177963700,1.1945,1.1945,0.0000,0.0112,2.5476,2.5476,0.0000,NA,NA,NA,NA,NA,NA,NA
python.exe,31548,0x0,Other,-1,0,0,Composed: Copy with GPU GDI,2026-8-20 19:21:58.179158200,8.5138,8.5138,0.0000,1.3663,7.4427,0.3796,7.0631,NA,NA,NA,NA,NA,NA,NA
python.exe,31548,0x0,Other,-1,0,0,Composed: Copy with GPU GDI,2026-8-20 19:21:58.187672000,3.8092,3.8092,0.0000,0.2981,3.7548,0.3411,3.4137,NA,NA,NA,NA,NA,NA,NA
python.exe,31548,0x0,Other,0,0,1,Hardware: Legacy Flip,2026-8-20 19:21:58.191481200,2.7150,2.7150,0.0000,0.2497,2.4781,0.0474,2.4307,5.0048,16.9401,-1.1299,8712.4010,NA,NA,NA
python.exe,31548,0x0,Other,-1,0,0,Composed: Copy with GPU GDI,2026-8-20 19:21:58.194196200,4.7176,4.7176,0.0000,0.0128,4.9021,2.4943,2.4078,NA,NA,NA,NA,NA,NA,NA
python.exe,31548,0x0,Other,-1,0,0,Composed: Copy with GPU GDI,2026-8-20 19:21:58.198913800,5.2284,5.2284,0.0000,0.2001,5.4862,0.5453,4.9409,NA,NA,NA,NA,NA,NA,NA
python.exe,31548,0x0,Other,-1,0,0,Composed: Copy with GPU GDI,2026-8-20 19:21:58.204142200,6.6564,6.6564,0.0000,0.4619,6.3705,0.2683,6.1022,NA,NA,NA,NA,NA,NA,NA
python.exe,31548,0x0,Other,0,0,1,Hardware: Legacy Flip,2026-8-20 19:21:58.210798600,0.4161,0.4161,0.0000,0.1788,0.2508,0.0490,0.2018,2.6275,14.2688,2.3773,8731.7184,NA,NA,NA
python.exe,31548,0x0,Other,-1,0,0,Composed: Copy with GPU GDI,2026-8-20 19:21:58.211214700,3.8374,3.8374,0.0000,0.0135,4.1408,2.5307,1.6101,16.4802,3.2604,-13.8527,8732.1345,NA,NA,NA
python.exe,31548,0x0,Other,-1,0,0,Composed: Copy with GPU GDI,2026-8-20 19:21:58.215052100,6.5319,6.5319,0.0000,0.3211,6.5430,0.4019,6.1411,NA,NA,NA,NA,NA,NA,NA
python.exe,31548,0x0,Other,-1,0,0,Composed: Copy with GPU GDI,2026-8-20 19:21:58.221584000,6.7526,6.7526,0.0000,0.3374,6.6077,0.2793,6.3284,NA,NA,NA,NA,NA,NA,NA
python.exe,31548,0x0,Other,0,0,1,Hardware: Legacy Flip,2026-8-20 19:21:58.228336600,0.2710,0.2710,0.0000,0.1952,0.0883,0.0494,0.0389,2.6187,15.3929,13.8615,8749.2564,NA,NA,NA
python.exe,31548,0x0,Other,-1,0,0,Composed: Copy with GPU GDI,2026-8-20 19:21:58.228607600,5.1479,5.1479,0.0000,0.0125,5.4357,2.6699,2.7658,NA,NA,NA,NA,NA,NA,NA
python.exe,31548,0x0,Other,-1,0,0,Composed: Copy with GPU GDI,2026-8-20 19:21:58.233755500,9.8664,9.8664,0.0000,0.3071,9.8624,0.4073,9.4551,NA,NA,NA,NA,NA,NA,NA
python.exe,31548,0x0,Other,0,0,1,Hardware: Legacy Flip,2026-8-20 19:21:58.243621900,0.5297,0.5297,0.0000,0.3073,0.2361,0.0511,0.1850,2.7263,17.7481,-0.1076,8764.5417,NA,NA,NA
python.exe,31548,0x0,Other,-1,0,0,Composed: Copy with GPU GDI,2026-8-20 19:21:58.244151600,1.6629,1.6629,0.0000,0.0137,2.3769,2.3769,0.0000,19.9447,0.2069,-17.2184,8765.0714,NA,NA,NA
python.exe,31548,0x0,Other,-1,0,0,Composed: Copy with GPU GDI,2026-8-20 19:21:58.245814500,8.9370,8.9370,0.0000,0.7300,8.4051,0.2770,8.1281,NA,NA,NA,NA,NA,NA,NA
python.exe,31548,0x0,Other,-1,0,0,Composed: Copy with GPU GDI,2026-8-20 19:21:58.254751500,3.2877,3.2877,0.0000,0.2010,3.3558,0.3619,2.9939,NA,NA,NA,NA,NA,NA,NA
python.exe,31548,0x0,Other,0,0,1,Hardware: Legacy Flip,2026-8-20 19:21:58.258039200,3.7949,3.7949,0.0000,0.2757,3.5324,0.0526,3.4798,6.2640,16.5547,13.6807,8778.9590,NA,NA,NA
python.exe,31548,0x0,Other,-1,0,0,Composed: Copy with GPU GDI,2026-8-20 19:21:58.261834100,3.9824,3.9824,0.0000,0.0132,4.1564,2.6683,1.4881,NA,NA,NA,NA,NA,NA,NA
python.exe,31548,0x0,Other,-1,0,0,Composed: Copy with GPU GDI,2026-8-20 19:21:58.265816500,3.8783,3.8783,0.0000,0.1904,3.9556,0.3413,3.6143,NA,NA,NA,NA,NA,NA,NA
python.exe,31548,0x0,Other,-1,0,0,Composed: Copy with GPU GDI,2026-8-20 19:21:58.269694800,7.0529,7.0529,0.0000,0.2707,7.0833,0.3958,6.6875,NA,NA,NA,NA,NA,NA,NA
python.exe,31548,0x0,Other,0,0,1,Hardware: Legacy Flip,2026-8-20 19:21:58.276747700,1.7162,1.7162,0.0000,0.3081,1.4217,0.0562,1.3655,4.1102,7.5153,2.1538,8797.6675,NA,NA,NA
python.exe,31548,0x0,Other,-1,0,0,Composed: Copy with GPU GDI,2026-8-20 19:21:58.278463900,3.3209,3.3209,0.0000,0.0136,3.5075,2.6051,0.9024,9.9093,9.0273,-5.7991,8799.3837,NA,NA,NA
python.exe,31548,0x0,Other,-1,0,0,Composed: Copy with GPU GDI,2026-8-20 19:21:58.281784800,6.5982,6.5982,0.0000,0.2028,6.7090,0.4055,6.3035,NA,NA,NA,NA,NA,NA,NA
python.exe,31548,0x0,Other,-1,0,0,Composed: Copy with GPU GDI,2026-8-20 19:21:58.288383000,6.1079,6.1079,0.0000,0.3205,6.0946,0.4102,5.6844,NA,NA,NA,NA,NA,NA,NA
python.exe,31548,0x0,Other,0,0,1,Hardware: Legacy Flip,2026-8-20 19:21:58.294490900,0.5293,0.5293,0.0000,0.3121,0.2320,0.0588,0.1732,2.9096,16.4560,6.9997,8815.4107,NA,NA,NA
python.exe,31548,0x0,Other,-1,0,0,Composed: Copy with GPU GDI,2026-8-20 19:21:58.295020200,5.9957,5.9957,0.0000,0.0148,6.7335,3.1556,3.5779,NA,NA,NA,NA,NA,NA,NA
python.exe,31548,0x0,Other,-1,0,0,Composed: Copy with GPU GDI,2026-8-20 19:21:58.301015900,9.1888,9.1888,0.0000,0.7550,8.7284,0.3782,8.3502,NA,NA,NA,NA,NA,NA,NA
python.exe,31548,0x0,Other,0,0,1,Hardware: Legacy Flip,2026-8-20 19:21:58.310204700,1.1378,1.1378,0.0000,0.2973,0.8535,0.0537,0.7998,3.6518,16.1311,-0.7422,8831.1245,NA,NA,NA
python.exe,31548,0x0,Other,-1,0,0,Composed: Copy with GPU GDI,2026-8-20 19:21:58.311342500,1.8813,1.8813,0.0000,0.0130,3.1201,3.1201,0.0000,NA,NA,NA,NA,NA,NA,NA
python.exe,31548,0x0,Other,-1,0,0,Composed: Copy with GPU GDI,2026-8-20 19:21:58.313223800,8.1915,8.1915,0.0000,1.2571,7.2405,0.3999,6.8406,NA,NA,NA,NA,NA,NA,NA
python.exe,31548,0x0,Other,-1,0,0,Composed: Copy with GPU GDI,2026-8-20 19:21:58.321415300,2.6380,2.6380,0.0000,0.3091,2.6133,0.3563,2.2570,NA,NA,NA,NA,NA,NA,NA
python.exe,31548,0x0,Other,0,0,1,Hardware: Legacy Flip,2026-8-20 19:21:58.324053300,3.4402,3.4402,0.0000,0.2872,3.1668,0.0513,3.1155,5.9343,12.9793,-2.2825,8844.9731,NA,NA,NA
python.exe,31548,0x0,Other,-1,0,0,Composed: Copy with GPU GDI,2026-8-20 19:21:58.327493500,4.6605,4.6605,0.0000,0.0138,4.8852,2.8113,2.0739,15.4734,3.8857,-9.5391,8848.4133,NA,NA,NA
python.exe,31548,0x0,Other,-1,0,0,Composed: Copy with GPU GDI,2026-8-20 19:21:58.332154000,5.1172,5.1172,0.0000,0.2423,5.1628,0.3804,4.7824,NA,NA,NA,NA,NA,NA,NA
python.exe,31548,0x0,Other,-1,0,0,Composed: Copy with GPU GDI,2026-8-20 19:21:58.337271200,6.4465,6.4465,0.0000,0.2967,6.6895,0.6639,6.0256,NA,NA,NA,NA,NA,NA,NA
python.exe,31548,0x0,Other,0,0,1,Hardware: Legacy Flip,2026-8-20 19:21:58.343717700,0.5846,0.5846,0.0000,0.5418,0.0567,0.0545,0.0022,3.1349,17.2790,12.3385,8864.6375,NA,NA,NA
python.exe,31548,0x0,Other,-1,0,0,Composed: Copy with GPU GDI,2026-8-20 19:21:58.344302300,5.1521,5.1521,0.0000,0.0139,5.4471,2.8914,2.5557,NA,NA,NA,NA,NA,NA,NA
python.exe,31548,0x0,Other,-1,0,0,Composed: Copy with GPU GDI,2026-8-20 19:21:58.349454400,5.4159,5.4159,0.0000,0.3122,5.4891,0.4638,5.0253,NA,NA,NA,NA,NA,NA,NA
python.exe,31548,0x0,Other,-1,0,0,Composed: Copy with GPU GDI,2026-8-20 19:21:58.354870300,6.3056,6.3056,0.0000,0.3893,6.2342,0.4455,5.7887,NA,NA,NA,NA,NA,NA,NA
python.exe,31548,0x0,Other,0,0,1,Hardware: Legacy Flip,2026-8-20 19:21:58.361175900,0.6393,0.6393,0.0000,0.3217,0.3333,0.0554,0.2779,2.9557,15.2304,0.1792,8882.0957,NA,NA,NA
python.exe,31548,0x0,Other,-1,0,0,Composed: Copy with GPU GDI,2026-8-20 19:21:58.361815200,5.2051,5.2051,0.0000,0.0157,5.5863,2.7152,2.8711,17.5468,0.5065,-14.5911,8882.7350,NA,NA,NA
python.exe,31548,0x0,Other,-1,0,0,Composed: Copy with GPU GDI,2026-8-20 19:21:58.367020300,6.2598,6.2598,0.0000,0.4022,6.0893,0.3826,5.7067,NA,NA,NA,NA,NA,NA,NA
python.exe,31548,0x0,Other,0,0,1,Hardware: Legacy Flip,2026-8-20 19:21:58.373280100,4.0981,4.0981,0.0000,0.2360,3.8749,0.0497,3.8252,6.5884,17.0198,10.9584,8894.1999,NA,NA,NA
python.exe,31548,0x0,Other,-1,0,0,Composed: Copy with GPU GDI,2026-8-20 19:21:58.377378200,2.9330,2.9330,0.0000,0.0128,3.2129,2.8183,0.3946,NA,NA,NA,NA,NA,NA,NA
python.exe,31548,0x0,Other,-1,0,0,Composed: Copy with GPU GDI,2026-8-20 19:21:58.380311200,7.6223,7.6223,0.0000,0.2968,7.6157,0.3796,7.2361,NA,NA,NA,NA,NA,NA,NA
python.exe,31548,0x0,Other,-1,0,0,Composed: Copy with GPU GDI,2026-8-20 19:21:58.387933500,4.2396,4.2396,0.0000,0.2941,4.4628,0.6112,3.8516,NA,NA,NA,NA,NA,NA,NA
python.exe,31548,0x0,Other,0,0,1,Hardware: Legacy Flip,2026-8-20 19:21:58.392173100,2.2104,2.2104,0.0000,0.5202,1.7030,0.0524,1.6506,4.7152,16.1403,1.8732,8913.0929,NA,NA,NA
python.exe,31548,0x0,Other,-1,0,0,Composed: Copy with GPU GDI,2026-8-20 19:21:58.394383500,4.2930,4.2930,0.0000,0.0128,4.4704,2.7041,1.7663,NA,NA,NA,NA,NA,NA,NA
python.exe,31548,0x0,Other,-1,0,0,Composed: Copy with GPU GDI,2026-8-20 19:21:58.398676500,4.5031,4.5031,0.0000,0.1929,4.6312,0.4076,4.2236,NA,NA,NA,NA,NA,NA,NA
python.exe,31548,0x0,Other,0,0,1,Hardware: Legacy Flip,2026-8-20 19:21:58.403179600,7.4246,7.4246,0.0000,0.3257,7.1116,0.0475,7.0641,9.8490,8.7924,-5.1338,8924.0994,NA,NA,NA
python.exe,31548,0x0,Other,-1,0,0,Composed: Copy with GPU GDI,2026-8-20 19:21:58.410604200,0.5115,0.5115,0.0000,0.0127,2.6534,2.6534,0.0000,11.2168,9.5191,-1.3678,8931.5240,NA,NA,NA
python.exe,31548,0x0,Other,-1,0,0,Composed: Copy with GPU GDI,2026-8-20 19:21:58.411115700,4.7280,4.7280,0.0000,2.1586,2.8551,0.3960,2.4591,NA,NA,NA,NA,NA,NA,NA
python.exe,31548,0x0,Other,-1,0,0,Composed: Copy with GPU GDI,2026-8-20 19:21:58.415843700,5.3620,5.3620,0.0000,0.2897,5.4073,0.4045,5.0028,NA,NA,NA,NA,NA,NA,NA
python.exe,31548,0x0,Other,-1,0,0,Composed: Copy with GPU GDI,2026-8-20 19:21:58.421205700,6.1886,6.1886,0.0000,0.3378,6.1707,0.4074,5.7633,NA,NA,NA,NA,NA,NA,NA
python.exe,31548,0x0,Other,0,0,1,Hardware: Legacy Flip,2026-8-20 19:21:58.427394300,1.4269,1.4269,0.0000,0.3241,1.1149,0.0439,1.0710,3.9458,14.7585,7.2710,8948.3141,NA,NA,NA
python.exe,31548,0x0,Other,-1,0,0,Composed: Copy with GPU GDI,2026-8-20 19:21:58.428821200,3.9990,3.9990,0.0000,0.0121,4.2822,2.8413,1.4409,17.2774,1.3350,-13.3316,8949.7410,NA,NA,NA
python.exe,31548,0x0,Other,-1,0,0,Composed: Copy with GPU GDI,2026-8-20 19:21:58.432820200,6.7058,6.7058,0.0000,0.2981,6.7080,0.4117,6.2963,NA,NA,NA,NA,NA,NA,NA
python.exe,31548,0x0,Other,0,0,1,Hardware: Legacy Flip,2026-8-20 19:21:58.439526000,5.3379,5.3379,0.0000,0.3061,5.0453,0.0520,4.9933,7.9076,10.8045,9.3698,8960.4458,NA,NA,NA
python.exe,31548,0x0,Other,-1,0,0,Composed: Copy with GPU GDI,2026-8-20 19:21:58.444863900,2.3325,2.3325,0.0000,0.0135,2.9714,2.9714,0.0000,13.3742,5.0902,-5.4666,8965.7837,NA,NA,NA
python.exe,31548,0x0,Other,-1,0,0,Composed: Copy with GPU GDI,2026-8-20 19:21:58.447196400,7.4974,7.4974,0.0000,0.6564,7.1365,0.3826,6.7539,NA,NA,NA,NA,NA,NA,NA
python.exe,31548,0x0,Other,-1,0,0,Composed: Copy with GPU GDI,2026-8-20 19:21:58.454693800,3.9711,3.9711,0.0000,0.2984,3.9404,0.3427,3.5977,NA,NA,NA,NA,NA,NA,NA
python.exe,31548,0x0,Other,0,0,1,Hardware: Legacy Flip,2026-8-20 19:21:58.458664900,2.2380,2.2380,0.0000,0.2697,1.9818,0.0497,1.9321,4.6634,16.8907,8.7108,8979.5847,NA,NA,NA
python.exe,31548,0x0,Other,-1,0,0,Composed: Copy with GPU GDI,2026-8-20 19:21:58.460902900,5.7314,5.7314,0.0000,0.0135,6.0409,2.7658,3.2751,NA,NA,NA,NA,NA,NA,NA
python.exe,31548,0x0,Other,-1,0,0,Composed: Copy with GPU GDI,2026-8-20 19:21:58.466634300,3.0576,3.0576,0.0000,0.3258,2.9931,0.3315,2.6616,NA,NA,NA,NA,NA,NA,NA
python.exe,31548,0x0,Other,-1,0,0,Composed: Copy with GPU GDI,2026-8-20 19:21:58.469691900,6.8943,6.8943,0.0000,0.2642,6.9194,0.3831,6.5363,NA,NA,NA,NA,NA,NA,NA
python.exe,31548,0x0,Other,0,0,1,Hardware: Legacy Flip,2026-8-20 19:21:58.476586200,1.2111,1.2111,0.0000,0.2933,0.9334,0.0648,0.8686,3.6328,8.3499,1.0306,8997.5060,NA,NA,NA
python.exe,31548,0x0,Other,-1,0,0,Composed: Copy with GPU GDI,2026-8-20 19:21:58.477797300,4.4259,4.4259,0.0000,0.0156,4.7398,2.7678,1.9720,10.7716,8.6861,-7.1388,8998.7171,NA,NA,NA
python.exe,31548,0x0,Other,-1,0,0,Composed: Copy with GPU GDI,2026-8-20 19:21:58.482223200,6.1238,6.1238,0.0000,0.3335,6.1681,0.4663,5.7018,NA,NA,NA,NA,NA,NA,NA
python.exe,31548,0x0,Other,-1,0,0,Composed: Copy with GPU GDI,2026-8-20 19:21:58.488347000,5.6840,5.6840,0.0000,0.3823,5.6166,0.4145,5.2021,NA,NA,NA,NA,NA,NA,NA
python.exe,31548,0x0,Other,0,0,1,Hardware: Legacy Flip,2026-8-20 19:21:58.494031000,0.5501,0.5501,0.0000,0.3201,0.2452,0.0578,0.1874,3.2240,15.5758,7.5476,9014.9508,NA,NA,NA
python.exe,31548,0x0,Other,-1,0,0,Composed: Copy with GPU GDI,2026-8-20 19:21:58.494581100,5.9156,5.9156,0.0000,0.0152,6.1835,2.9989,3.1846,18.2497,0.6003,-15.0257,9015.5009,NA,NA,NA
python.exe,31548,0x0,Other,-1,0,0,Composed: Copy with GPU GDI,2026-8-20 19:21:58.500496700,9.7312,9.7312,0.0000,0.2864,9.6881,0.3950,9.2931,NA,NA,NA,NA,NA,NA,NA
python.exe,31548,0x0,Other,0,0,1,Hardware: Legacy Flip,2026-8-20 19:21:58.510227900,0.7336,0.7336,0.0000,0.2479,0.5016,0.0571,0.4445,3.2032,17.6401,15.0465,9031.1477,NA,NA,NA
python.exe,31548,0x0,Other,-1,0,0,Composed: Copy with GPU GDI,2026-8-20 19:21:58.510961500,1.5370,1.5370,0.0000,0.0159,2.6519,2.6519,0.0000,NA,NA,NA,NA,NA,NA,NA
python.exe,31548,0x0,Other,-1,0,0,Composed: Copy with GPU GDI,2026-8-20 19:21:58.512498500,9.0879,9.0879,0.0000,1.1349,8.1203,0.2825,7.8378,NA,NA,NA,NA,NA,NA,NA
python.exe,31548,0x0,Other,-1,0,0,Composed: Copy with GPU GDI,2026-8-20 19:21:58.521586400,2.9264,2.9264,0.0000,0.1703,3.0415,0.3639,2.6776,NA,NA,NA,NA,NA,NA,NA
python.exe,31548,0x0,Other,0,0,1,Hardware: Legacy Flip,2026-8-20 19:21:58.524512800,3.9444,3.9444,0.0000,0.2882,3.6708,0.0522,3.6186,6.5584,12.1003,-3.3552,9045.4326,NA,NA,NA
python.exe,31548,0x0,Other,-1,0,0,Composed: Copy with GPU GDI,2026-8-20 19:21:58.528457200,3.9973,3.9973,0.0000,0.0146,4.1680,2.7739,1.3941,14.7143,4.0754,-8.1559,9049.3770,NA,NA,NA
python.exe,31548,0x0,Other,-1,0,0,Composed: Copy with GPU GDI,2026-8-20 19:21:58.532454500,4.7282,4.7282,0.0000,0.1902,4.7764,0.3413,4.4351,NA,NA,NA,NA,NA,NA,NA
python.exe,31548,0x0,Other,-1,0,0,Composed: Copy with GPU GDI,2026-8-20 19:21:58.537182700,6.9195,6.9195,0.0000,0.2411,7.1080,0.5692,6.5388,NA,NA,NA,NA,NA,NA,NA
python.exe,31548,0x0,Other,0,0,1,Hardware: Legacy Flip,2026-8-20 19:21:58.544102200,0.5239,0.5239,0.0000,0.4340,0.1066,0.0608,0.0458,3.1447,16.6257,11.5696,9065.0220,NA,NA,NA
python.exe,31548,0x0,Other,-1,0,0,Composed: Copy with GPU GDI,2026-8-20 19:21:58.544626100,4.6724,4.6724,0.0000,0.0167,4.9441,2.9266,2.0175,NA,NA,NA,NA,NA,NA,NA
python.exe,31548,0x0,Other,-1,0,0,Composed: Copy with GPU GDI,2026-8-20 19:21:58.549298500,6.2372,6.2372,0.0000,0.2944,6.1997,0.3894,5.8103,NA,NA,NA,NA,NA,NA,NA
python.exe,31548,0x0,Other,-1,0,0,Composed: Copy with GPU GDI,2026-8-20 19:21:58.555535700,5.4166,5.4166,0.0000,0.2633,5.4756,0.4128,5.0628,NA,NA,NA,NA,NA,NA,NA
python.exe,31548,0x0,Other,0,0,1,Hardware: Legacy Flip,2026-8-20 19:21:58.560952300,0.5175,0.5175,0.0000,0.3270,0.2095,0.1104,0.0991,2.9203,15.6843,0.2244,9081.8721,NA,NA,NA
python.exe,31548,0x0,Other,-1,0,0,Composed: Copy with GPU GDI,2026-8-20 19:21:58.561469800,7.8176,7.8176,0.0000,0.0190,8.0648,2.7290,5.3358,NA,NA,NA,NA,NA,NA,NA
python.exe,31548,0x0,Other,-1,0,0,Composed: Copy with GPU GDI,2026-8-20 19:21:58.569287400,3.6804,3.6804,0.0000,0.2707,3.7026,0.3793,3.3233,10.2695,0.5858,-7.3492,9090.2072,NA,NA,NA
python.exe,31548,0x0,Other,0,0,1,Hardware: Legacy Flip,2026-8-20 19:21:58.572967800,4.5252,4.5252,0.0000,0.2968,4.2434,0.0534,4.1900,7.1749,11.5454,3.0946,9093.8876,NA,NA,NA
python.exe,31548,0x0,Other,-1,0,0,Composed: Copy with GPU GDI,2026-8-20 19:21:58.577493000,1.4189,1.4189,0.0000,0.0150,2.8525,2.8525,0.0000,14.1951,5.2985,-7.0202,9098.4128,NA,NA,NA
python.exe,31548,0x0,Other,-1,0,0,Composed: Copy with GPU GDI,2026-8-20 19:21:58.578911900,9.2786,9.2786,0.0000,1.4527,8.0600,0.3246,7.7354,NA,NA,NA,NA,NA,NA,NA
python.exe,31548,0x0,Other,-1,0,0,Composed: Copy with GPU GDI,2026-8-20 19:21:58.588190500,2.8187,2.8187,0.0000,0.2367,2.8420,0.3415,2.5005,NA,NA,NA,NA,NA,NA,NA
python.exe,31548,0x0,Other,0,0,1,Hardware: Legacy Flip,2026-8-20 19:21:58.591009200,3.3364,3.3364,0.0000,0.2630,3.0872,0.0500,3.0372,5.9774,12.9122,8.2177,9111.9290,NA,NA,NA
python.exe,31548,0x0,Other,-1,0,0,Composed: Copy with GPU GDI,2026-8-20 19:21:58.594345600,5.0526,5.0526,0.0000,0.0138,5.1957,2.8152,2.3805,15.5532,4.2970,-9.5758,9115.2654,NA,NA,NA
python.exe,31548,0x0,Other,-1,0,0,Composed: Copy with GPU GDI,2026-8-20 19:21:58.599398200,4.2013,4.2013,0.0000,0.1597,4.3882,0.4246,3.9636,NA,NA,NA,NA,NA,NA,NA
python.exe,31548,0x0,Other,-1,0,0,Composed: Copy with GPU GDI,2026-8-20 19:21:58.603599500,6.9590,6.9590,0.0000,0.3509,6.9276,0.4256,6.5020,NA,NA,NA,NA,NA,NA,NA
python.exe,31548,0x0,Other,0,0,1,Hardware: Legacy Flip,2026-8-20 19:21:58.610558500,1.1081,1.1081,0.0000,0.3258,0.7968,0.0549,0.7419,3.6373,19.9680,11.9159,9131.4783,NA,NA,NA
python.exe,31548,0x0,Other,-1,0,0,Composed: Copy with GPU GDI,2026-8-20 19:21:58.611666600,4.0332,4.0332,0.0000,0.0145,4.4351,2.9521,1.4830,22.4972,1.1690,-18.8599,9132.5864,NA,NA,NA
python.exe,31548,0x0,Other,-1,0,0,Composed: Copy with GPU GDI,2026-8-20 19:21:58.615699800,6.7488,6.7488,0.0000,0.4200,6.5925,0.4246,6.1679,NA,NA,NA,NA,NA,NA,NA
python.exe,31548,0x0,Other,-1,0,0,Composed: Copy with GPU GDI,2026-8-20 19:21:58.622448600,6.2164,6.2164,0.0000,0.2685,6.2411,0.4056,5.8355,NA,NA,NA,NA,NA,NA,NA
python.exe,31548,0x0,Other,0,0,1,Hardware: Legacy Flip,2026-8-20 19:21:58.628665000,4.0237,4.0237,0.0000,0.2986,3.7744,0.0928,3.6816,6.6678,17.0307,15.8294,9149.5848,NA,NA,NA
python.exe,31548,0x0,Other,-1,0,0,Composed: Copy with GPU GDI,2026-8-20 19:21:58.632688700,0.8083,0.8083,0.0000,0.0493,2.7919,2.7919,0.0000,NA,NA,NA,NA,NA,NA,NA
python.exe,31548,0x0,Other,-1,0,0,Composed: Copy with GPU GDI,2026-8-20 19:21:58.633497000,5.9390,5.9390,0.0000,2.0364,4.2113,0.4027,3.8086,18.8665,16.5852,-12.1987,9154.4168,NA,NA,NA
python.exe,31548,0x0,Other,-1,0,0,Composed: Copy with GPU GDI,2026-8-20 19:21:58.639436000,21.8629,21.8629,0.0000,0.3118,21.6898,0.4052,21.2846,NA,NA,NA,NA,NA,NA,NA
python.exe,31548,0x0,Other,-1,0,0,Composed: Copy with GPU GDI,2026-8-20 19:21:58.661298900,4.9083,4.9083,0.0000,0.1419,4.9786,0.3057,4.6729,NA,NA,NA,NA,NA,NA,NA
python.exe,31548,0x0,Other,0,0,1,Hardware: Legacy Flip,2026-8-20 19:21:58.666207200,0.2069,0.2069,0.0000,0.2122,0.0625,0.0625,0.0000,2.7415,3.2005,16.1250,9187.1270,NA,NA,NA
python.exe,31548,0x0,Other,-1,0,0,Composed: Copy with GPU GDI,2026-8-20 19:21:58.666414100,0.8186,0.8186,0.0000,2.5623,0.6303,0.6303,0.0000,NA,NA,NA,NA,NA,NA,NA
python.exe,31548,0x0,Other,0,0,1,Hardware: Legacy Flip,2026-8-20 19:21:58.667232700,0.1525,0.1525,0.0000,0.0000,2.4945,2.4945,0.0000,4.9165,9.1227,-2.1750,9188.1525,NA,NA,NA
python.exe,31548,0x0,Other,-1,0,0,Composed: Copy with GPU GDI,2026-8-20 19:21:58.667385200,2.7507,2.7507,0.0000,2.2215,2.6893,2.6893,0.0000,NA,NA,NA,NA,NA,NA,NA
python.exe,31548,0x0,Other,-1,0,0,Composed: Copy with GPU GDI,2026-8-20 19:21:58.670135900,8.2761,8.2761,0.0000,2.1626,6.3148,0.2925,6.0223,NA,NA,NA,NA,NA,NA,NA
python.exe,31548,0x0,Other,0,0,1,Hardware: Legacy Flip,2026-8-20 19:21:58.678412000,0.3348,0.3348,0.0000,0.2070,0.1403,0.0490,0.0913,2.8599,13.5543,2.0566,9199.3318,NA,NA,NA
python.exe,31548,0x0,Other,-1,0,0,Composed: Copy with GPU GDI,2026-8-20 19:21:58.678746800,3.5140,3.5140,0.0000,0.0125,3.8173,2.8461,0.9712,16.0794,6.0695,-13.2195,9199.6666,NA,NA,NA
python.exe,31548,0x0,Other,-1,0,0,Composed: Copy with GPU GDI,2026-8-20 19:21:58.682260800,5.9850,5.9850,0.0000,0.3185,5.9890,0.4082,5.5808,18.6349,1.2613,-2.5555,9203.1806,NA,NA,NA
python.exe,31548,0x0,Other,-1,0,0,Composed: Copy with GPU GDI,2026-8-20 19:21:58.688245800,9.7267,9.7267,0.0000,0.3255,9.6886,0.3973,9.2913,NA,NA,NA,NA,NA,NA,NA
python.exe,31548,0x0,Other,0,0,1,Hardware: Legacy Flip,2026-8-20 19:21:58.697972500,1.5442,1.5442,0.0000,0.2907,1.2991,0.0891,1.2100,4.1845,11.7113,14.4504,9218.8923,NA,NA,NA
python.exe,31548,0x0,Other,-1,0,0,Composed: Copy with GPU GDI,2026-8-20 19:21:58.699516700,0.3300,0.3300,0.0000,0.0456,2.7808,2.7808,0.0000,NA,NA,NA,NA,NA,NA,NA
python.exe,31548,0x0,Other,-1,0,0,Composed: Copy with GPU GDI,2026-8-20 19:21:58.699846700,6.5543,6.5543,0.0000,2.4992,4.3612,0.4057,3.9555,NA,NA,NA,NA,NA,NA,NA
python.exe,31548,0x0,Other,0,0,1,Hardware: Legacy Flip,2026-8-20 19:21:58.706401000,4.9484,4.9484,0.0000,0.3090,4.6536,0.0517,4.6019,7.4673,11.2958,-3.2828,9227.3208,NA,NA,NA
python.exe,31548,0x0,Other,-1,0,0,Composed: Copy with GPU GDI,2026-8-20 19:21:58.711349400,1.0135,1.0135,0.0000,0.0142,2.7152,2.7152,0.0000,13.8147,5.0562,-6.3474,9232.2692,NA,NA,NA
python.exe,31548,0x0,Other,-1,0,0,Composed: Copy with GPU GDI,2026-8-20 19:21:58.712362900,8.4176,8.4176,0.0000,1.7180,7.0754,0.4626,6.6128,NA,NA,NA,NA,NA,NA,NA
python.exe,31548,0x0,Other,-1,0,0,Composed: Copy with GPU GDI,2026-8-20 19:21:58.720780500,4.8196,4.8196,0.0000,0.3791,4.7159,0.3630,4.3529,NA,NA,NA,NA,NA,NA,NA
python.exe,31548,0x0,Other,0,0,1,Hardware: Legacy Flip,2026-8-20 19:21:58.725600100,1.9921,1.9921,0.0000,0.2788,1.7282,0.0587,1.6695,4.6202,16.4699,9.1945,9246.5199,NA,NA,NA
python.exe,31548,0x0,Other,-1,0,0,Composed: Copy with GPU GDI,2026-8-20 19:21:58.727592200,4.6915,4.6915,0.0000,0.0149,4.9980,3.0102,1.9878,NA,NA,NA,NA,NA,NA,NA
python.exe,31548,0x0,Other,-1,0,0,Composed: Copy with GPU GDI,2026-8-20 19:21:58.732283700,4.4506,4.4506,0.0000,0.3271,4.3712,0.3854,3.9858,NA,NA,NA,NA,NA,NA,NA
python.exe,31548,0x0,Other,-1,0,0,Composed: Copy with GPU GDI,2026-8-20 19:21:58.736734300,6.6427,6.6427,0.0000,0.2519,6.7197,0.4147,6.3050,NA,NA,NA,NA,NA,NA,NA
python.exe,31548,0x0,Other,0,0,1,Hardware: Legacy Flip,2026-8-20 19:21:58.743377000,0.9073,0.9073,0.0000,0.3345,0.5886,0.0646,0.5240,3.3132,20.9451,1.3070,9264.2968,NA,NA,NA
python.exe,31548,0x0,Other,-1,0,0,Composed: Copy with GPU GDI,2026-8-20 19:21:58.744284300,4.9148,4.9148,0.0000,0.0158,5.2185,2.7388,2.4797,NA,NA,NA,NA,NA,NA,NA
python.exe,31548,0x0,Other,-1,0,0,Composed: Copy with GPU GDI,2026-8-20 19:21:58.749199100,6.1786,6.1786,0.0000,0.3231,6.1409,0.3824,5.7585,18.4362,0.3926,-15.1230,9270.1189,NA,NA,NA
python.exe,31548,0x0,Other,-1,0,0,Composed: Copy with GPU GDI,2026-8-20 19:21:58.755377700,6.1743,6.1743,0.0000,0.2887,6.2003,0.4145,5.7858,NA,NA,NA,NA,NA,NA,NA
python.exe,31548,0x0,Other,0,0,1,Hardware: Legacy Flip,2026-8-20 19:21:58.761552000,3.8590,3.8590,0.0000,0.3187,3.5964,0.0934,3.5030,6.4759,12.0685,11.9603,9282.4718,NA,NA,NA
python.exe,31548,0x0,Other,-1,0,0,Composed: Copy with GPU GDI,2026-8-20 19:21:58.765411000,2.3894,2.3894,0.0000,0.0561,2.7585,2.7585,0.0000,NA,NA,NA,NA,NA,NA,NA
python.exe,31548,0x0,Other,-1,0,0,Composed: Copy with GPU GDI,2026-8-20 19:21:58.767800400,9.3767,9.3767,0.0000,0.4272,9.2695,0.4172,8.8523,NA,NA,NA,NA,NA,NA,NA
python.exe,31548,0x0,Other,0,0,1,Hardware: Legacy Flip,2026-8-20 19:21:58.777177100,0.4287,0.4287,0.0000,0.3227,0.1187,0.0472,0.0715,2.9193,17.3314,3.5566,9298.0969,NA,NA,NA
python.exe,31548,0x0,Other,-1,0,0,Composed: Copy with GPU GDI,2026-8-20 19:21:58.777605800,2.2997,2.2997,0.0000,0.0127,2.6733,2.6733,0.0000,NA,NA,NA,NA,NA,NA,NA
python.exe,31548,0x0,Other,-1,0,0,Composed: Copy with GPU GDI,2026-8-20 19:21:58.779905500,8.1550,8.1550,0.0000,0.3890,7.9932,0.3400,7.6532,NA,NA,NA,NA,NA,NA,NA
python.exe,31548,0x0,Other,-1,0,0,Composed: Copy with GPU GDI,2026-8-20 19:21:58.788060500,3.4727,3.4727,0.0000,0.2293,3.5526,0.3836,3.1690,NA,NA,NA,NA,NA,NA,NA
python.exe,31548,0x0,Other,0,0,1,Hardware: Legacy Flip,2026-8-20 19:21:58.791533200,3.4043,3.4043,0.0000,0.3121,3.1100,0.0653,3.0447,5.8946,12.6688,-2.9753,9312.4530,NA,NA,NA
python.exe,31548,0x0,Other,-1,0,0,Composed: Copy with GPU GDI,2026-8-20 19:21:58.794937500,4.5821,4.5821,0.0000,0.0178,4.7537,2.6932,2.0605,NA,NA,NA,NA,NA,NA,NA
python.exe,31548,0x0,Other,-1,0,0,Composed: Copy with GPU GDI,2026-8-20 19:21:58.799519600,4.0411,4.0411,0.0000,0.1926,4.1280,0.3633,3.7647,10.5770,3.7240,-4.6824,9320.4394,NA,NA,NA
python.exe,31548,0x0,Other,-1,0,0,Composed: Copy with GPU GDI,2026-8-20 19:21:58.803560700,7.3314,7.3314,0.0000,0.2829,7.4479,0.4976,6.9503,NA,NA,NA,NA,NA,NA,NA
python.exe,31548,0x0,Other,0,0,1,Hardware: Legacy Flip,2026-8-20 19:21:58.810892100,0.4248,0.4248,0.0000,0.3994,0.0389,0.0389,0.0000,2.9285,8.4108,7.6485,9331.8119,NA,NA,NA
python.exe,31548,0x0,Other,-1,0,0,Composed: Copy with GPU GDI,2026-8-20 19:21:58.811316900,4.3498,4.3498,0.0000,0.0135,4.6353,2.8129,1.8224,10.9145,8.1757,-7.9860,9332.2367,NA,NA,NA
python.exe,31548,0x0,Other,-1,0,0,Composed: Copy with GPU GDI,2026-8-20 19:21:58.815666700,6.7489,6.7489,0.0000,0.3017,6.7423,0.4140,6.3283,NA,NA,NA,NA,NA,NA,NA
python.exe,31548,0x0,Other,0,0,1,Hardware: Legacy Flip,2026-8-20 19:21:58.822415600,5.3432,5.3432,0.0000,0.2998,5.0608,0.0609,4.9999,7.9915,16.0767,2.9230,9343.3354,NA,NA,NA
python.exe,31548,0x0,Other,-1,0,0,Composed: Copy with GPU GDI,2026-8-20 19:21:58.827758800,0.5282,0.5282,0.0000,0.0174,2.8003,2.8003,0.0000,NA,NA,NA,NA,NA,NA,NA
python.exe,31548,0x0,Other,-1,0,0,Composed: Copy with GPU GDI,2026-8-20 19:21:58.828287000,5.6513,5.6513,0.0000,2.2929,3.6973,0.4194,3.2779,NA,NA,NA,NA,NA,NA,NA
python.exe,31548,0x0,Other,-1,0,0,Composed: Copy with GPU GDI,2026-8-20 19:21:58.833938300,5.6710,5.6710,0.0000,0.3418,5.6749,0.4349,5.2400,NA,NA,NA,NA,NA,NA,NA
python.exe,31548,0x0,Other,0,0,1,Hardware: Legacy Flip,2026-8-20 19:21:58.839609300,4.2604,4.2604,0.0000,0.3484,3.9269,0.0534,3.8735,6.8745,12.1455,1.1170,9360.5291,NA,NA,NA
python.exe,31548,0x0,Other,-1,0,0,Composed: Copy with GPU GDI,2026-8-20 19:21:58.843869700,2.2479,2.2479,0.0000,0.0149,2.7640,2.7640,0.0000,14.7596,4.2691,-7.8851,9364.7895,NA,NA,NA
python.exe,31548,0x0,Other,-1,0,0,Composed: Copy with GPU GDI,2026-8-20 19:21:58.846117600,8.6657,8.6657,0.0000,0.5341,8.3333,0.2870,8.0463,NA,NA,NA,NA,NA,NA,NA
python.exe,31548,0x0,Other,-1,0,0,Composed: Copy with GPU GDI,2026-8-20 19:21:58.854783300,3.9983,3.9983,0.0000,0.2068,4.0614,0.3596,3.7018,NA,NA,NA,NA,NA,NA,NA
python.exe,31548,0x0,Other,0,0,1,Hardware: Legacy Flip,2026-8-20 19:21:58.858781600,1.6415,1.6415,0.0000,0.2762,1.3787,0.0512,1.3275,4.1168,17.3632,10.6428,9379.7014,NA,NA,NA
python.exe,31548,0x0,Other,-1,0,0,Composed: Copy with GPU GDI,2026-8-20 19:21:58.860423100,5.3030,5.3030,0.0000,0.0134,5.5094,2.7010,2.8084,NA,NA,NA,NA,NA,NA,NA
python.exe,31548,0x0,Other,-1,0,0,Composed: Copy with GPU GDI,2026-8-20 19:21:58.865726100,4.6951,4.6951,0.0000,0.2232,4.8226,0.4298,4.3928,NA,NA,NA,NA,NA,NA,NA
python.exe,31548,0x0,Other,-1,0,0,Composed: Copy with GPU GDI,2026-8-20 19:21:58.870421200,6.6786,6.6786,0.0000,0.3561,6.5847,0.3913,6.1934,NA,NA,NA,NA,NA,NA,NA
python.exe,31548,0x0,Other,0,0,1,Hardware: Legacy Flip,2026-8-20 19:21:58.877099800,0.7196,0.7196,0.0000,0.2659,0.4708,0.0624,0.4084,3.1618,16.1593,0.9550,9398.0196,NA,NA,NA
python.exe,31548,0x0,Other,-1,0,0,Composed: Copy with GPU GDI,2026-8-20 19:21:58.877819400,5.0573,5.0573,0.0000,0.0171,5.3731,2.7768,2.5963,NA,NA,NA,NA,NA,NA,NA
python.exe,31548,0x0,Other,-1,0,0,Composed: Copy with GPU GDI,2026-8-20 19:21:58.882876700,5.6402,5.6402,0.0000,0.3349,5.6315,0.4076,5.2239,NA,NA,NA,NA,NA,NA,NA
python.exe,31548,0x0,Other,-1,0,0,Composed: Copy with GPU GDI,2026-8-20 19:21:58.888516900,5.0407,5.0407,0.0000,0.3292,5.0372,0.4123,4.6249,NA,NA,NA,NA,NA,NA,NA
python.exe,31548,0x0,Other,0,0,1,Hardware: Legacy Flip,2026-8-20 19:21:58.893557600,0.4109,0.4109,0.0000,0.3292,0.0949,0.0503,0.0446,2.8633,16.7995,0.2985,9414.4774,NA,NA,NA
python.exe,31548,0x0,Other,-1,0,0,Composed: Copy with GPU GDI,2026-8-20 19:21:58.893968500,5.7384,5.7384,0.0000,0.0132,5.9640,2.7903,3.1737,19.2519,1.4157,-16.3886,9414.8883,NA,NA,NA
python.exe,31548,0x0,Other,-1,0,0,Composed: Copy with GPU GDI,2026-8-20 19:21:58.899706900,6.3835,6.3835,0.0000,0.2434,6.4674,0.4064,6.0610,NA,NA,NA,NA,NA,NA,NA
python.exe,31548,0x0,Other,0,0,1,Hardware: Legacy Flip,2026-8-20 19:21:58.906090400,5.9315,5.9315,0.0000,0.3301,5.6163,0.0562,5.5601,8.5457,10.7249,10.7062,9427.0102,NA,NA,NA
python.exe,31548,0x0,Other,-1,0,0,Composed: Copy with GPU GDI,2026-8-20 19:21:58.912021900,1.0086,1.0086,0.0000,0.0149,2.8233,2.8233,0.0000,13.3391,5.8971,-4.7934,9432.9417,NA,NA,NA
python.exe,31548,0x0,Other,-1,0,0,Composed: Copy with GPU GDI,2026-8-20 19:21:58.913030500,8.7744,8.7744,0.0000,1.8337,7.1321,0.2806,6.8515,NA,NA,NA,NA,NA,NA,NA
python.exe,31548,0x0,Other,-1,0,0,Composed: Copy with GPU GDI,2026-8-20 19:21:58.921804900,3.3706,3.3706,0.0000,0.1946,3.5267,0.4376,3.0891,NA,NA,NA,NA,NA,NA,NA
python.exe,31548,0x0,Other,0,0,1,Hardware: Legacy Flip,2026-8-20 19:21:58.925175500,3.5907,3.5907,0.0000,0.3548,3.2535,0.0634,3.1901,6.0826,15.6378,7.2565,9446.0953,NA,NA,NA
python.exe,31548,0x0,Other,-1,0,0,Composed: Copy with GPU GDI,2026-8-20 19:21:58.928766200,3.5376,3.5376,0.0000,0.0176,4.0186,3.0037,1.0149,NA,NA,NA,NA,NA,NA,NA
python.exe,31548,0x0,Other,-1,0,0,Composed: Copy with GPU GDI,2026-8-20 19:21:58.932303800,4.4612,4.4612,0.0000,0.5016,4.2547,0.3791,3.8756,NA,NA,NA,NA,NA,NA,NA
python.exe,31548,0x0,Other,-1,0,0,Composed: Copy with GPU GDI,2026-8-20 19:21:58.936765000,6.5439,6.5439,0.0000,0.2981,6.6735,0.5125,6.1610,NA,NA,NA,NA,NA,NA,NA
python.exe,31548,0x0,Other,0,0,1,Hardware: Legacy Flip,2026-8-20 19:21:58.943308900,0.8517,0.8517,0.0000,0.4321,0.4354,0.0562,0.3792,3.5870,20.9299,2.4956,9464.2287,NA,NA,NA
python.exe,31548,0x0,Other,-1,0,0,Composed: Copy with GPU GDI,2026-8-20 19:21:58.944160600,5.6572,5.6572,0.0000,0.0158,5.9756,3.0910,2.8846,NA,NA,NA,NA,NA,NA,NA
python.exe,31548,0x0,Other,-1,0,0,Composed: Copy with GPU GDI,2026-8-20 19:21:58.949817800,5.0190,5.0190,0.0000,0.3379,4.9858,0.3901,4.5957,18.0080,0.4653,-14.4210,9470.7376,NA,NA,NA
python.exe,31548,0x0,Other,-1,0,0,Composed: Copy with GPU GDI,2026-8-20 19:21:58.954836800,5.5257,5.5257,0.0000,0.3100,5.5228,0.3980,5.1248,NA,NA,NA,NA,NA,NA,NA
python.exe,31548,0x0,Other,0,0,1,Hardware: Legacy Flip,2026-8-20 19:21:58.960362500,5.3135,5.3135,0.0000,0.3100,5.0466,0.0818,4.9648,7.9286,11.6568,10.0794,9481.2823,NA,NA,NA
python.exe,31548,0x0,Other,-1,0,0,Composed: Copy with GPU GDI,2026-8-20 19:21:58.965676000,1.2344,1.2344,0.0000,0.0431,2.7664,2.7664,0.0000,NA,NA,NA,NA,NA,NA,NA
python.exe,31548,0x0,Other,-1,0,0,Composed: Copy with GPU GDI,2026-8-20 19:21:58.966910400,5.5495,5.5495,0.0000,1.5780,4.2927,0.4082,3.8845,13.0375,1.2383,-5.1089,9487.8302,NA,NA,NA
python.exe,31548,0x0,Other,0,0,1,Hardware: Legacy Flip,2026-8-20 19:21:58.972459900,6.1326,6.1326,0.0000,0.3241,5.8216,0.0530,5.7686,8.7263,10.9018,4.3112,9493.3797,NA,NA,NA
python.exe,31548,0x0,Other,-1,0,0,Composed: Copy with GPU GDI,2026-8-20 19:21:58.978592500,0.3949,0.3949,0.0000,0.0131,2.8064,2.8064,0.0000,13.4955,5.5473,-4.7692,9499.5123,NA,NA,NA
python.exe,31548,0x0,Other,-1,0,0,Composed: Copy with GPU GDI,2026-8-20 19:21:58.978987400,8.9243,8.9243,0.0000,2.4279,6.7225,0.3339,6.3886,NA,NA,NA,NA,NA,NA,NA
python.exe,31548,0x0,Other,-1,0,0,Composed: Copy with GPU GDI,2026-8-20 19:21:58.987911700,3.1701,3.1701,0.0000,0.2305,3.2067,0.3414,2.8653,NA,NA,NA,NA,NA,NA,NA
python.exe,31548,0x0,Other,0,0,1,Hardware: Legacy Flip,2026-8-20 19:21:58.991081800,3.9385,3.9385,0.0000,0.2737,3.6792,0.0527,3.6265,6.5535,12.6525,6.9420,9512.0016,NA,NA,NA
python.exe,31548,0x0,Other,-1,0,0,Composed: Copy with GPU GDI,2026-8-20 19:21:58.995020300,4.3120,4.3120,0.0000,0.0144,4.5675,2.9000,1.6675,NA,NA,NA,NA,NA,NA,NA
python.exe,31548,0x0,Other,-1,0,0,Composed: Copy with GPU GDI,2026-8-20 19:21:58.999332300,3.7733,3.7733,0.0000,0.2730,3.8178,0.4002,3.4176,10.9555,2.8596,-4.4020,9520.2521,NA,NA,NA
python.exe,31548,0x0,Other,0,0,1,Hardware: Legacy Flip,2026-8-20 19:21:59.003105600,7.4362,7.4362,0.0000,0.3214,7.1313,0.0617,7.0696,10.0418,9.2667,0.9137,9524.0254,NA,NA,NA
python.exe,31548,0x0,Other,-1,0,0,Composed: Copy with GPU GDI,2026-8-20 19:21:59.010541800,0.7022,0.7022,0.0000,0.0165,3.0111,3.0111,0.0000,NA,NA,NA,NA,NA,NA,NA
python.exe,31548,0x0,Other,-1,0,0,Composed: Copy with GPU GDI,2026-8-20 19:21:59.011244000,3.9500,3.9500,0.0000,2.3287,1.9253,0.3749,1.5504,11.1701,6.8949,-1.1283,9532.1638,NA,NA,NA
python.exe,31548,0x0,Other,-1,0,0,Composed: Copy with GPU GDI,2026-8-20 19:21:59.015194000,6.1157,6.1157,0.0000,0.3068,6.1343,0.4047,5.7296,NA,NA,NA,NA,NA,NA,NA
python.exe,31548,0x0,Other,0,0,1,Hardware: Legacy Flip,2026-8-20 19:21:59.021309700,5.3583,5.3583,0.0000,0.3283,5.0444,0.0543,4.9901,7.9993,11.3130,3.1708,9542.2295,NA,NA,NA
python.exe,31548,0x0,Other,-1,0,0,Composed: Copy with GPU GDI,2026-8-20 19:21:59.026668000,0.5728,0.5728,0.0000,0.0144,2.8458,2.8458,0.0000,NA,NA,NA,NA,NA,NA,NA
python.exe,31548,0x0,Other,-1,0,0,Composed: Copy with GPU GDI,2026-8-20 19:21:59.027240800,6.5780,6.5780,0.0000,2.2904,4.5918,0.3806,4.2112,13.3812,6.6452,-5.3819,9548.1606,NA,NA,NA
python.exe,31548,0x0,Other,-1,0,0,Composed: Copy with GPU GDI,2026-8-20 19:21:59.033818800,10.1306,10.1306,0.0000,0.3071,10.0120,0.2836,9.7284,NA,NA,NA,NA,NA,NA,NA
python.exe,31548,0x0,Other,0,0,1,Hardware: Legacy Flip,2026-8-20 19:21:59.043949400,0.8084,0.8084,0.0000,0.1931,0.6298,0.0532,0.5766,3.3178,15.6353,10.0634,9564.8692,NA,NA,NA
python.exe,31548,0x0,Other,-1,0,0,Composed: Copy with GPU GDI,2026-8-20 19:21:59.044757800,0.6229,0.6229,0.0000,0.0145,2.6873,2.6873,0.0000,NA,NA,NA,NA,NA,NA,NA
python.exe,31548,0x0,Other,-1,0,0,Composed: Copy with GPU GDI,2026-8-20 19:21:59.045380700,9.4600,9.4600,0.0000,2.0817,7.5635,0.2842,7.2793,NA,NA,NA,NA,NA,NA,NA
python.exe,31548,0x0,Other,-1,0,0,Composed: Copy with GPU GDI,2026-8-20 19:21:59.054840700,4.1672,4.1672,0.0000,0.1880,4.2552,0.3606,3.8946,NA,NA,NA,NA,NA,NA,NA
python.exe,31548,0x0,Other,0,0,1,Hardware: Legacy Flip,2026-8-20 19:21:59.059007900,1.3745,1.3745,0.0000,0.2795,1.1092,0.0550,1.0542,3.8946,17.3094,-0.5768,9579.9277,NA,NA,NA
python.exe,31548,0x0,Other,-1,0,0,Composed: Copy with GPU GDI,2026-8-20 19:21:59.060382400,5.2974,5.2974,0.0000,0.0142,5.7778,3.0394,2.7384,NA,NA,NA,NA,NA,NA,NA
python.exe,31548,0x0,Other,-1,0,0,Composed: Copy with GPU GDI,2026-8-20 19:21:59.065679800,4.9730,4.9730,0.0000,0.4967,4.8491,0.4622,4.3869,NA,NA,NA,NA,NA,NA,NA
python.exe,31548,0x0,Other,-1,0,0,Composed: Copy with GPU GDI,2026-8-20 19:21:59.070652800,6.5890,6.5890,0.0000,0.3756,6.4891,0.3879,6.1012,NA,NA,NA,NA,NA,NA,NA
python.exe,31548,0x0,Other,0,0,1,Hardware: Legacy Flip,2026-8-20 19:21:59.077241800,0.4822,0.4822,0.0000,0.2792,0.2187,0.0558,0.1629,2.9701,8.9378,0.9245,9598.1616,NA,NA,NA
python.exe,31548,0x0,Other,-1,0,0,Composed: Copy with GPU GDI,2026-8-20 19:21:59.077724000,3.8775,3.8775,0.0000,0.0157,4.0974,2.7365,1.3609,11.4257,7.4803,-8.4556,9598.6438,NA,NA,NA
python.exe,31548,0x0,Other,-1,0,0,Composed: Copy with GPU GDI,2026-8-20 19:21:59.081601500,7.0988,7.0988,0.0000,0.2387,7.1796,0.3964,6.7832,NA,NA,NA,NA,NA,NA,NA
python.exe,31548,0x0,Other,0,0,1,Hardware: Legacy Flip,2026-8-20 19:21:59.088700300,5.3171,5.3171,0.0000,0.3224,5.0085,0.0511,4.9574,7.9297,10.7273,3.4960,9609.6201,NA,NA,NA
python.exe,31548,0x0,Other,-1,0,0,Composed: Copy with GPU GDI,2026-8-20 19:21:59.094017400,1.1637,1.1637,0.0000,0.0138,2.8300,2.8300,0.0000,NA,NA,NA,NA,NA,NA,NA
python.exe,31548,0x0,Other,-1,0,0,Composed: Copy with GPU GDI,2026-8-20 19:21:59.095181100,5.5432,5.5432,0.0000,1.6837,4.1802,0.4040,3.7762,12.1762,5.3770,-4.2465,9616.1009,NA,NA,NA
python.exe,31548,0x0,Other,-1,0,0,Composed: Copy with GPU GDI,2026-8-20 19:21:59.100724300,5.5655,5.5655,0.0000,0.3236,5.5636,0.4060,5.1576,NA,NA,NA,NA,NA,NA,NA
python.exe,31548,0x0,Other,0,0,1,Hardware: Legacy Flip,2026-8-20 19:21:59.106289800,3.8594,3.8594,0.0000,0.3270,3.5463,0.0536,3.4927,6.4445,12.8218,5.7317,9627.2096,NA,NA,NA
python.exe,31548,0x0,Other,-1,0,0,Composed: Copy with GPU GDI,2026-8-20 19:21:59.110149200,2.8721,2.8721,0.0000,0.0139,3.0611,2.8039,0.2572,15.4069,4.6775,-8.9624,9631.0690,NA,NA,NA
python.exe,31548,0x0,Other,-1,0,0,Composed: Copy with GPU GDI,2026-8-20 19:21:59.113021300,8.7016,8.7016,0.0000,0.2063,8.6785,0.2853,8.3932,NA,NA,NA,NA,NA,NA,NA
python.exe,31548,0x0,Other,-1,0,0,Composed: Copy with GPU GDI,2026-8-20 19:21:59.121722900,3.2504,3.2504,0.0000,0.1852,3.3277,0.4009,2.9268,NA,NA,NA,NA,NA,NA,NA
python.exe,31548,0x0,Other,0,0,1,Hardware: Legacy Flip,2026-8-20 19:21:59.124973300,2.7811,2.7811,0.0000,0.2653,2.5323,0.0557,2.4766,5.2603,13.5190,10.1466,9645.8931,NA,NA,NA
python.exe,31548,0x0,Other,-1,0,0,Composed: Copy with GPU GDI,2026-8-20 19:21:59.127754400,4.9048,4.9048,0.0000,0.0165,5.0721,2.6854,2.3867,NA,NA,NA,NA,NA,NA,NA
python.exe,31548,0x0,Other,-1,0,0,Composed: Copy with GPU GDI,2026-8-20 19:21:59.132659200,4.3152,4.3152,0.0000,0.1866,4.4177,0.3728,4.0449,11.0934,3.9915,-5.8331,9653.5790,NA,NA,NA
python.exe,31548,0x0,Other,-1,0,0,Composed: Copy with GPU GDI,2026-8-20 19:21:59.136974400,6.5271,6.5271,0.0000,0.2926,6.6352,0.4802,6.1550,NA,NA,NA,NA,NA,NA,NA
python.exe,31548,0x0,Other,0,0,1,Hardware: Legacy Flip,2026-8-20 19:21:59.143501500,1.7967,1.7967,0.0000,0.4049,1.4062,0.0534,1.3528,4.2426,8.1407,6.8508,9664.4213,NA,NA,NA
python.exe,31548,0x0,Other,-1,0,0,Composed: Copy with GPU GDI,2026-8-20 19:21:59.145298200,3.7292,3.7292,0.0000,0.0144,4.0575,2.7875,1.2700,10.5866,8.4935,-6.3440,9666.2180,NA,NA,NA
python.exe,31548,0x0,Other,-1,0,0,Composed: Copy with GPU GDI,2026-8-20 19:21:59.149027400,6.0440,6.0440,0.0000,0.3455,6.0428,0.4125,5.6303,NA,NA,NA,NA,NA,NA,NA
python.exe,31548,0x0,Other,-1,0,0,Composed: Copy with GPU GDI,2026-8-20 19:21:59.155071400,5.0796,5.0796,0.0000,0.3477,5.0542,0.4101,4.6441,NA,NA,NA,NA,NA,NA,NA
python.exe,31548,0x0,Other,0,0,1,Hardware: Legacy Flip,2026-8-20 19:21:59.160151000,1.7317,1.7317,0.0000,0.3267,1.4175,0.0452,1.3723,4.2273,15.7739,6.3593,9681.0708,NA,NA,NA
python.exe,31548,0x0,Other,-1,0,0,Composed: Copy with GPU GDI,2026-8-20 19:21:59.161882700,5.2235,5.2235,0.0000,0.0125,5.5542,2.8425,2.7117,18.2695,0.8898,-14.0422,9682.8025,NA,NA,NA
python.exe,31548,0x0,Other,-1,0,0,Composed: Copy with GPU GDI,2026-8-20 19:21:59.167106200,9.4532,9.4532,0.0000,0.3460,9.4118,0.3783,9.0335,NA,NA,NA,NA,NA,NA,NA
python.exe,31548,0x0,Other,0,0,1,Hardware: Legacy Flip,2026-8-20 19:21:59.176559400,1.9617,1.9617,0.0000,0.3074,1.6680,0.0499,1.6181,4.4826,14.9046,13.7869,9697.4792,NA,NA,NA
python.exe,31548,0x0,Other,-1,0,0,Composed: Copy with GPU GDI,2026-8-20 19:21:59.178521100,1.1648,1.1648,0.0000,0.0137,2.6874,2.6874,0.0000,NA,NA,NA,NA,NA,NA,NA
python.exe,31548,0x0,Other,-1,0,0,Composed: Copy with GPU GDI,2026-8-20 19:21:59.179685900,6.7435,6.7435,0.0000,1.5394,5.5346,0.4116,5.1230,NA,NA,NA,NA,NA,NA,NA
python.exe,31548,0x0,Other,-1,0,0,Composed: Copy with GPU GDI,2026-8-20 19:21:59.186429400,5.4174,5.4174,0.0000,0.3328,5.3926,0.3904,5.0022,NA,NA,NA,NA,NA,NA,NA
python.exe,31548,0x0,Other,0,0,1,Hardware: Legacy Flip,2026-8-20 19:21:59.191846800,1.7097,1.7097,0.0000,0.3128,1.4106,0.0517,1.3589,4.0998,14.5404,0.3828,9712.7666,NA,NA,NA
python.exe,31548,0x0,Other,-1,0,0,Composed: Copy with GPU GDI,2026-8-20 19:21:59.193556500,5.5142,5.5142,0.0000,0.0137,5.8622,2.7383,3.1239,NA,NA,NA,NA,NA,NA,NA
python.exe,31548,0x0,Other,-1,0,0,Composed: Copy with GPU GDI,2026-8-20 19:21:59.199070700,3.8622,3.8622,0.0000,0.3649,3.7892,0.3697,3.4195,11.4163,2.9345,-7.3165,9719.9905,NA,NA,NA
python.exe,31548,0x0,Other,-1,0,0,Composed: Copy with GPU GDI,2026-8-20 19:21:59.202932900,7.5761,7.5761,0.0000,0.2968,7.5783,0.3821,7.1962,NA,NA,NA,NA,NA,NA,NA
python.exe,31548,0x0,Other,0,0,1,Hardware: Legacy Flip,2026-8-20 19:21:59.210509000,0.4638,0.4638,0.0000,0.3027,0.1739,0.0466,0.1273,2.9125,9.1914,8.5038,9731.4288,NA,NA,NA
python.exe,31548,0x0,Other,-1,0,0,Composed: Copy with GPU GDI,2026-8-20 19:21:59.210972800,5.0164,5.0164,0.0000,0.0128,5.2869,2.7763,2.5106,11.6401,7.5265,-8.7276,9731.8926,NA,NA,NA
python.exe,31548,0x0,Other,-1,0,0,Composed: Copy with GPU GDI,2026-8-20 19:21:59.215989200,5.4986,5.4986,0.0000,0.2869,5.5679,0.4316,5.1363,NA,NA,NA,NA,NA,NA,NA
python.exe,31548,0x0,Other,0,0,1,Hardware: Legacy Flip,2026-8-20 19:21:59.221487800,6.0887,6.0887,0.0000,0.3594,5.7420,0.0525,5.6895,8.6516,10.6768,2.9885,9742.4076,NA,NA,NA
python.exe,31548,0x0,Other,-1,0,0,Composed: Copy with GPU GDI,2026-8-20 19:21:59.227576500,0.4757,0.4757,0.0000,0.0127,2.7670,2.7670,0.0000,NA,NA,NA,NA,NA,NA,NA
python.exe,31548,0x0,Other,-1,0,0,Composed: Copy with GPU GDI,2026-8-20 19:21:59.228052200,4.9986,4.9986,0.0000,2.3060,3.0108,0.3916,2.6192,12.7640,6.3263,-4.1124,9748.9720,NA,NA,NA
python.exe,31548,0x0,Other,-1,0,0,Composed: Copy with GPU GDI,2026-8-20 19:21:59.233050800,6.1038,6.1038,0.0000,0.3221,6.1016,0.4026,5.6990,NA,NA,NA,NA,NA,NA,NA
python.exe,31548,0x0,Other,0,0,1,Hardware: Legacy Flip,2026-8-20 19:21:59.239154600,5.3808,5.3808,0.0000,0.3241,5.0705,0.0518,5.0187,7.9879,11.8822,4.7761,9760.0744,NA,NA,NA
python.exe,31548,0x0,Other,-1,0,0,Composed: Copy with GPU GDI,2026-8-20 19:21:59.244535400,0.6345,0.6345,0.0000,0.0138,2.8002,2.8002,0.0000,14.4893,5.2777,-6.5014,9765.4552,NA,NA,NA
python.exe,31548,0x0,Other,-1,0,0,Composed: Copy with GPU GDI,2026-8-20 19:21:59.245169900,9.2349,9.2349,0.0000,2.1829,7.3831,0.4044,6.9787,NA,NA,NA,NA,NA,NA,NA
python.exe,31548,0x0,Other,-1,0,0,Composed: Copy with GPU GDI,2026-8-20 19:21:59.254404800,2.8977,2.8977,0.0000,0.3340,2.8350,0.3505,2.4845,NA,NA,NA,NA,NA,NA,NA
python.exe,31548,0x0,Other,0,0,1,Hardware: Legacy Flip,2026-8-20 19:21:59.257302500,4.3356,4.3356,0.0000,0.2759,4.0753,0.0560,4.0193,6.9999,12.9368,7.4894,9778.2223,NA,NA,NA
python.exe,31548,0x0,Other,-1,0,0,Composed: Copy with GPU GDI,2026-8-20 19:21:59.261638100,3.4523,3.4523,0.0000,0.0156,3.6427,2.8814,0.7613,NA,NA,NA,NA,NA,NA,NA
python.exe,31548,0x0,Other,-1,0,0,Composed: Copy with GPU GDI,2026-8-20 19:21:59.265090400,4.2203,4.2203,0.0000,0.2090,4.3177,0.3858,3.9319,12.1488,3.5625,-5.1489,9786.0102,NA,NA,NA
python.exe,31548,0x0,Other,-1,0,0,Composed: Copy with GPU GDI,2026-8-20 19:21:59.269310700,7.6643,7.6643,0.0000,0.3115,7.6818,0.4383,7.2435,NA,NA,NA,NA,NA,NA,NA
python.exe,31548,0x0,Other,0,0,1,Hardware: Legacy Flip,2026-8-20 19:21:59.276975000,1.2258,1.2258,0.0000,0.3335,0.9173,0.0585,0.8588,3.8267,14.6139,8.3221,9797.8948,NA,NA,NA
python.exe,31548,0x0,Other,-1,0,0,Composed: Copy with GPU GDI,2026-8-20 19:21:59.278200800,3.7151,3.7151,0.0000,0.0250,3.9310,2.8244,1.1066,17.2148,2.3832,-13.3881,9799.1206,NA,NA,NA
python.exe,31548,0x0,Other,-1,0,0,Composed: Copy with GPU GDI,2026-8-20 19:21:59.281915900,6.6268,6.6268,0.0000,0.2439,6.7086,0.4094,6.2992,NA,NA,NA,NA,NA,NA,NA
python.exe,31548,0x0,Other,-1,0,0,Composed: Copy with GPU GDI,2026-8-20 19:21:59.288542700,6.1739,6.1739,0.0000,0.3289,6.1889,0.4311,5.7578,NA,NA,NA,NA,NA,NA,NA
python.exe,31548,0x0,Other,0,0,1,Hardware: Legacy Flip,2026-8-20 19:21:59.294716600,0.4541,0.4541,0.0000,0.3491,0.1191,0.0511,0.0680,3.0822,15.8121,14.1326,9815.6364,NA,NA,NA
python.exe,31548,0x0,Other,-1,0,0,Composed: Copy with GPU GDI,2026-8-20 19:21:59.295170700,4.8907,4.8907,0.0000,0.0141,5.2007,2.9517,2.2490,18.4402,0.5944,-15.3580,9816.0905,NA,NA,NA
python.exe,31548,0x0,Other,-1,0,0,Composed: Copy with GPU GDI,2026-8-20 19:21:59.300061400,6.1633,6.1633,0.0000,0.3274,6.1939,0.4393,5.7546,NA,NA,NA,NA,NA,NA,NA
python.exe,31548,0x0,Other,0,0,1,Hardware: Legacy Flip,2026-8-20 19:21:59.306224700,5.2584,5.2584,0.0000,0.3609,4.9119,0.0564,4.8555,7.9806,11.5394,10.4596,9827.1445,NA,NA,NA
python.exe,31548,0x0,Other,-1,0,0,Composed: Copy with GPU GDI,2026-8-20 19:21:59.311483100,0.6849,0.6849,0.0000,0.0144,2.9300,2.9300,0.0000,14.2616,5.4345,-6.2810,9832.4029,NA,NA,NA
python.exe,31548,0x0,Other,-1,0,0,Composed: Copy with GPU GDI,2026-8-20 19:21:59.312168000,8.8124,8.8124,0.0000,2.2617,7.0976,0.6188,6.4788,NA,NA,NA,NA,NA,NA,NA
python.exe,31548,0x0,Other,-1,0,0,Composed: Copy with GPU GDI,2026-8-20 19:21:59.320980400,3.2553,3.2553,0.0000,0.5500,3.0024,0.3753,2.6271,NA,NA,NA,NA,NA,NA,NA
python.exe,31548,0x0,Other,0,0,1,Hardware: Legacy Flip,2026-8-20 19:21:59.324235700,4.2234,4.2234,0.0000,0.3029,3.9325,0.0447,3.8878,6.9435,12.7735,7.3181,9845.1555,NA,NA,NA
python.exe,31548,0x0,Other,-1,0,0,Composed: Copy with GPU GDI,2026-8-20 19:21:59.328459100,3.6326,3.6326,0.0000,0.0120,3.7823,2.9469,0.8354,NA,NA,NA,NA,NA,NA,NA
python.exe,31548,0x0,Other,-1,0,0,Composed: Copy with GPU GDI,2026-8-20 19:21:59.332091700,5.1801,5.1801,0.0000,0.1664,5.3116,0.3890,4.9226,11.8610,2.4100,-4.9175,9853.0115,NA,NA,NA
python.exe,31548,0x0,Other,-1,0,0,Composed: Copy with GPU GDI,2026-8-20 19:21:59.337271800,6.0609,6.0609,0.0000,0.3010,6.0850,0.4069,5.6781,NA,NA,NA,NA,NA,NA,NA
python.exe,31548,0x0,Other,0,0,1,Hardware: Legacy Flip,2026-8-20 19:21:59.343332700,0.3780,0.3780,0.0000,0.3287,0.0624,0.0478,0.0146,3.0300,15.7988,8.8310,9864.2525,NA,NA,NA
python.exe,31548,0x0,Other,-1,0,0,Composed: Copy with GPU GDI,2026-8-20 19:21:59.343710700,5.0972,5.0972,0.0000,0.0131,5.4127,2.9797,2.4330,18.4508,2.2219,-15.4208,9864.6305,NA,NA,NA
python.exe,31548,0x0,Other,-1,0,0,Composed: Copy with GPU GDI,2026-8-20 19:21:59.348807900,6.0865,6.0865,0.0000,0.3349,6.0891,0.4083,5.6808,NA,NA,NA,NA,NA,NA,NA
python.exe,31548,0x0,Other,-1,0,0,Composed: Copy with GPU GDI,2026-8-20 19:21:59.354894400,5.6312,5.6312,0.0000,0.3405,5.4980,0.2862,5.2118,NA,NA,NA,NA,NA,NA,NA
python.exe,31548,0x0,Other,0,0,1,Hardware: Legacy Flip,2026-8-20 19:21:59.360525600,1.1815,1.1815,0.0000,0.2103,0.9840,0.0465,0.9375,3.8578,15.4859,14.5930,9881.4454,NA,NA,NA
python.exe,31548,0x0,Other,-1,0,0,Composed: Copy with GPU GDI,2026-8-20 19:21:59.361707100,5.4133,5.4133,0.0000,0.0128,5.7094,3.0090,2.7004,NA,NA,NA,NA,NA,NA,NA
python.exe,31548,0x0,Other,-1,0,0,Composed: Copy with GPU GDI,2026-8-20 19:21:59.367120400,5.9691,5.9691,0.0000,0.3127,5.9848,0.4132,5.5716,NA,NA,NA,NA,NA,NA,NA
python.exe,31548,0x0,Other,0,0,1,Hardware: Legacy Flip,2026-8-20 19:21:59.373089500,4.2290,4.2290,0.0000,0.3314,3.9096,0.0456,3.8640,6.7798,12.6080,-2.9220,9894.0093,NA,NA,NA
python.exe,31548,0x0,Other,-1,0,0,Composed: Copy with GPU GDI,2026-8-20 19:21:59.377318500,2.2963,2.2963,0.0000,0.0120,2.7362,2.7362,0.0000,15.1588,3.6359,-8.3790,9898.2383,NA,NA,NA
python.exe,31548,0x0,Other,-1,0,0,Composed: Copy with GPU GDI,2026-8-20 19:21:59.379614800,7.9065,7.9065,0.0000,0.4560,7.7097,0.3437,7.3660,NA,NA,NA,NA,NA,NA,NA
python.exe,31548,0x0,Other,-1,0,0,Composed: Copy with GPU GDI,2026-8-20 19:21:59.387521300,4.2285,4.2285,0.0000,0.2623,4.2728,0.3907,3.8821,NA,NA,NA,NA,NA,NA,NA
python.exe,31548,0x0,Other,0,0,1,Hardware: Legacy Flip,2026-8-20 19:21:59.391749800,1.7776,1.7776,0.0000,0.3117,1.4782,0.0495,1.4287,4.3634,14.6097,10.7954,9912.6696,NA,NA,NA
python.exe,31548,0x0,Other,-1,0,0,Composed: Copy with GPU GDI,2026-8-20 19:21:59.393527400,5.4859,5.4859,0.0000,0.0123,5.7912,2.9125,2.8787,NA,NA,NA,NA,NA,NA,NA
python.exe,31548,0x0,Other,-1,0,0,Composed: Copy with GPU GDI,2026-8-20 19:21:59.399013300,4.2236,4.2236,0.0000,0.3196,4.2718,0.4319,3.8399,11.7096,3.8253,-7.3462,9919.9331,NA,NA,NA
python.exe,31548,0x0,Other,-1,0,0,Composed: Copy with GPU GDI,2026-8-20 19:21:59.403236900,7.0764,7.0764,0.0000,0.3710,7.0150,0.3923,6.6227,NA,NA,NA,NA,NA,NA,NA
python.exe,31548,0x0,Other,0,0,1,Hardware: Legacy Flip,2026-8-20 19:21:59.410313300,1.7087,1.7087,0.0000,0.3150,1.4061,0.0474,1.3587,4.2349,14.3339,7.4747,9931.2331,NA,NA,NA
python.exe,31548,0x0,Other,-1,0,0,Composed: Copy with GPU GDI,2026-8-20 19:21:59.412022000,3.3827,3.3827,0.0000,0.0124,3.6283,2.7785,0.8498,16.8601,1.1548,-12.6252,9932.9418,NA,NA,NA
python.exe,31548,0x0,Other,-1,0,0,Composed: Copy with GPU GDI,2026-8-20 19:21:59.415404700,6.4747,6.4747,0.0000,0.2608,6.5912,0.4443,6.1469,NA,NA,NA,NA,NA,NA,NA
python.exe,31548,0x0,Other,-1,0,0,Composed: Copy with GPU GDI,2026-8-20 19:21:59.421879400,5.1656,5.1656,0.0000,0.3800,5.0966,0.3970,4.6996,NA,NA,NA,NA,NA,NA,NA
python.exe,31548,0x0,Other,0,0,1,Hardware: Legacy Flip,2026-8-20 19:21:59.427045000,0.4391,0.4391,0.0000,0.3149,0.1358,0.0450,0.0908,2.9919,16.4622,13.8682,9947.9648,NA,NA,NA
python.exe,31548,0x0,Other,-1,0,0,Composed: Copy with GPU GDI,2026-8-20 19:21:59.427484100,5.8944,5.8944,0.0000,0.0116,6.2023,2.8612,3.3411,NA,NA,NA,NA,NA,NA,NA
python.exe,31548,0x0,Other,-1,0,0,Composed: Copy with GPU GDI,2026-8-20 19:21:59.433378500,6.6451,6.6451,0.0000,0.3225,6.6563,0.4185,6.2378,NA,NA,NA,NA,NA,NA,NA
python.exe,31548,0x0,Other,0,0,1,Hardware: Legacy Flip,2026-8-20 19:21:59.440023600,3.8323,3.8323,0.0000,0.3374,3.5069,0.0455,3.4614,6.4755,12.7115,-3.4836,9960.9434,NA,NA,NA
python.exe,31548,0x0,Other,-1,0,0,Composed: Copy with GPU GDI,2026-8-20 19:21:59.443855900,1.6476,1.6476,0.0000,0.0120,2.8499,2.8499,0.0000,15.3547,4.2489,-8.8792,9964.7757,NA,NA,NA
python.exe,31548,0x0,Other,-1,0,0,Composed: Copy with GPU GDI,2026-8-20 19:21:59.445503500,9.0177,9.0177,0.0000,1.2175,8.0060,0.2857,7.7203,NA,NA,NA,NA,NA,NA,NA
python.exe,31548,0x0,Other,-1,0,0,Composed: Copy with GPU GDI,2026-8-20 19:21:59.454521200,3.6686,3.6686,0.0000,0.2079,3.7972,0.4214,3.3758,NA,NA,NA,NA,NA,NA,NA
python.exe,31548,0x0,Other,0,0,1,Hardware: Legacy Flip,2026-8-20 19:21:59.458189800,2.7748,2.7748,0.0000,0.3395,2.4478,0.0468,2.4010,5.2697,13.9615,10.0850,9979.1096,NA,NA,NA
python.exe,31548,0x0,Other,-1,0,0,Composed: Copy with GPU GDI,2026-8-20 19:21:59.460964600,4.4837,4.4837,0.0000,0.0125,4.8191,2.8566,1.9625,NA,NA,NA,NA,NA,NA,NA
python.exe,31548,0x0,Other,-1,0,0,Composed: Copy with GPU GDI,2026-8-20 19:21:59.465448300,4.2382,4.2382,0.0000,0.3510,4.1973,0.3892,3.8081,11.9727,2.6960,-6.7030,9986.3681,NA,NA,NA
python.exe,31548,0x0,Other,-1,0,0,Composed: Copy with GPU GDI,2026-8-20 19:21:59.469686500,7.5217,7.5217,0.0000,0.3150,7.5779,0.4404,7.1375,NA,NA,NA,NA,NA,NA,NA
python.exe,31548,0x0,Other,0,0,1,Hardware: Legacy Flip,2026-8-20 19:21:59.477208200,0.3910,0.3910,0.0000,0.3712,0.0348,0.0348,0.0000,2.9088,9.4283,9.0639,9998.1280,NA,NA,NA
python.exe,31548,0x0,Other,-1,0,0,Composed: Copy with GPU GDI,2026-8-20 19:21:59.477599200,4.5441,4.5441,0.0000,0.0150,4.9005,2.8862,2.0143,11.9461,7.2768,-9.0373,9998.5190,NA,NA,NA
python.exe,31548,0x0,Other,-1,0,0,Composed: Copy with GPU GDI,2026-8-20 19:21:59.482143300,6.6037,6.6037,0.0000,0.3767,6.5612,0.4087,6.1525,NA,NA,NA,NA,NA,NA,NA
python.exe,31548,0x0,Other,0,0,1,Hardware: Legacy Flip,2026-8-20 19:21:59.488747000,5.4057,5.4057,0.0000,0.3387,5.0802,0.0516,5.0286,8.0751,10.9370,3.8710,10009.6668,NA,NA,NA
python.exe,31548,0x0,Other,-1,0,0,Composed: Copy with GPU GDI,2026-8-20 19:21:59.494152700,1.1029,1.1029,0.0000,0.0132,2.9066,2.9066,0.0000,NA,NA,NA,NA,NA,NA,NA
python.exe,31548,0x0,Other,-1,0,0,Composed: Copy with GPU GDI,2026-8-20 19:21:59.495255600,5.0569,5.0569,0.0000,1.8209,3.5801,0.4341,3.1460,12.5035,5.0494,-4.4284,10016.1754,NA,NA,NA
python.exe,31548,0x0,Other,-1,0,0,Composed: Copy with GPU GDI,2026-8-20 19:21:59.500312500,9.3946,9.3946,0.0000,0.3471,9.2516,0.2868,8.9648,NA,NA,NA,NA,NA,NA,NA
python.exe,31548,0x0,Other,0,0,1,Hardware: Legacy Flip,2026-8-20 19:21:59.509707100,0.5450,0.5450,0.0000,0.2070,0.3512,0.0490,0.3022,3.1014,7.0758,9.4021,10030.6269,NA,NA,NA
python.exe,31548,0x0,Other,-1,0,0,Composed: Copy with GPU GDI,2026-8-20 19:21:59.510252100,1.6166,1.6166,0.0000,0.0132,2.7604,2.7604,0.0000,9.6322,10.0939,-6.5308,10031.1719,NA,NA,NA
python.exe,31548,0x0,Other,-1,0,0,Composed: Copy with GPU GDI,2026-8-20 19:21:59.511868700,8.9804,8.9804,0.0000,1.1605,8.0833,0.3550,7.7283,NA,NA,NA,NA,NA,NA,NA
python.exe,31548,0x0,Other,-1,0,0,Composed: Copy with GPU GDI,2026-8-20 19:21:59.520849100,4.1495,4.1495,0.0000,0.2658,4.2215,0.4339,3.7876,NA,NA,NA,NA,NA,NA,NA
python.exe,31548,0x0,Other,0,0,1,Hardware: Legacy Flip,2026-8-20 19:21:59.524998600,2.4203,2.4203,0.0000,0.3409,2.0941,0.0512,2.0429,4.9796,14.2130,4.6526,10045.9184,NA,NA,NA
python.exe,31548,0x0,Other,-1,0,0,Composed: Copy with GPU GDI,2026-8-20 19:21:59.527418900,4.4516,4.4516,0.0000,0.0147,4.7460,2.8808,1.8652,NA,NA,NA,NA,NA,NA,NA
python.exe,31548,0x0,Other,-1,0,0,Composed: Copy with GPU GDI,2026-8-20 19:21:59.531870500,4.2249,4.2249,0.0000,0.3123,4.2148,0.3852,3.8296,12.3207,2.6393,-7.3411,10052.7903,NA,NA,NA
python.exe,31548,0x0,Other,-1,0,0,Composed: Copy with GPU GDI,2026-8-20 19:21:59.536095400,7.7798,7.7798,0.0000,0.3050,7.8645,0.4762,7.3883,NA,NA,NA,NA,NA,NA,NA
python.exe,31548,0x0,Other,0,0,1,Hardware: Legacy Flip,2026-8-20 19:21:59.543875200,0.4098,0.4098,0.0000,0.3897,0.0359,0.0359,0.0000,2.9553,15.5370,9.3654,10064.7950,NA,NA,NA
python.exe,31548,0x0,Other,-1,0,0,Composed: Copy with GPU GDI,2026-8-20 19:21:59.544285000,5.0456,5.0456,0.0000,0.0158,5.3404,2.8629,2.4775,18.0825,2.0642,-15.1272,10065.2048,NA,NA,NA
python.exe,31548,0x0,Other,-1,0,0,Composed: Copy with GPU GDI,2026-8-20 19:21:59.549330600,5.5248,5.5248,0.0000,0.3134,5.5202,0.3935,5.1267,NA,NA,NA,NA,NA,NA,NA
python.exe,31548,0x0,Other,-1,0,0,Composed: Copy with GPU GDI,2026-8-20 19:21:59.554855400,6.6153,6.6153,0.0000,0.3118,6.6400,0.4163,6.2237,NA,NA,NA,NA,NA,NA,NA
python.exe,31548,0x0,Other,0,0,1,Hardware: Legacy Flip,2026-8-20 19:21:59.561470700,0.4209,0.4209,0.0000,0.3413,0.0936,0.0552,0.0384,2.9610,15.7488,15.1215,10082.3905,NA,NA,NA
python.exe,31548,0x0,Other,-1,0,0,Composed: Copy with GPU GDI,2026-8-20 19:21:59.561891600,4.9415,4.9415,0.0000,0.0140,5.2460,2.8592,2.3868,NA,NA,NA,NA,NA,NA,NA
python.exe,31548,0x0,Other,-1,0,0,Composed: Copy with GPU GDI,2026-8-20 19:21:59.566833100,6.1324,6.1324,0.0000,0.3212,6.1214,0.3927,5.7287,NA,NA,NA,NA,NA,NA,NA
python.exe,31548,0x0,Other,0,0,1,Hardware: Legacy Flip,2026-8-20 19:21:59.572965500,4.5658,4.5658,0.0000,0.3155,4.2642,0.0534,4.2108,7.2150,12.5013,-4.2540,10093.8853,NA,NA,NA
python.exe,31548,0x0,Other,-1,0,0,Composed: Copy with GPU GDI,2026-8-20 19:21:59.577531300,2.4636,2.4636,0.0000,0.0139,2.8745,2.8745,0.0000,15.1505,3.5721,-7.9355,10098.4511,NA,NA,NA
python.exe,31548,0x0,Other,-1,0,0,Composed: Copy with GPU GDI,2026-8-20 19:21:59.579994900,7.4858,7.4858,0.0000,0.4287,7.4468,0.4795,6.9673,NA,NA,NA,NA,NA,NA,NA
python.exe,31548,0x0,Other,-1,0,0,Composed: Copy with GPU GDI,2026-8-20 19:21:59.587480700,4.1667,4.1667,0.0000,0.3936,4.0780,0.3897,3.6883,NA,NA,NA,NA,NA,NA,NA
python.exe,31548,0x0,Other,0,0,1,Hardware: Legacy Flip,2026-8-20 19:21:59.591647400,1.9200,1.9200,0.0000,0.3083,1.6250,0.0671,1.5579,4.6065,14.6311,10.5440,10112.5672,NA,NA,NA
python.exe,31548,0x0,Other,-1,0,0,Composed: Copy with GPU GDI,2026-8-20 19:21:59.593567400,4.9605,4.9605,0.0000,0.0133,5.3196,3.0674,2.2522,NA,NA,NA,NA,NA,NA,NA
python.exe,31548,0x0,Other,-1,0,0,Composed: Copy with GPU GDI,2026-8-20 19:21:59.598527900,4.7483,4.7483,0.0000,0.3761,4.6946,0.4152,4.2794,12.3571,2.4656,-7.7506,10119.4477,NA,NA,NA
python.exe,31548,0x0,Other,-1,0,0,Composed: Copy with GPU GDI,2026-8-20 19:21:59.603276200,6.8567,6.8567,0.0000,0.3279,6.7991,0.3936,6.4055,NA,NA,NA,NA,NA,NA,NA
python.exe,31548,0x0,Other,0,0,1,Hardware: Legacy Flip,2026-8-20 19:21:59.610132900,0.6605,0.6605,0.0000,0.2735,0.3999,0.0471,0.3528,3.2177,15.7249,9.1394,10131.0527,NA,NA,NA
python.exe,31548,0x0,Other,-1,0,0,Composed: Copy with GPU GDI,2026-8-20 19:21:59.610793400,4.6316,4.6316,0.0000,0.0129,4.9360,2.8823,2.0537,18.2821,1.0315,-15.0644,10131.7132,NA,NA,NA
python.exe,31548,0x0,Other,-1,0,0,Composed: Copy with GPU GDI,2026-8-20 19:21:59.615425000,6.6314,6.6314,0.0000,0.3203,6.6377,0.4173,6.2204,NA,NA,NA,NA,NA,NA,NA
python.exe,31548,0x0,Other,0,0,1,Hardware: Legacy Flip,2026-8-20 19:21:59.622056400,5.4100,5.4100,0.0000,0.3325,5.0917,0.0541,5.0376,8.0506,11.1178,10.2315,10142.9762,NA,NA,NA
python.exe,31548,0x0,Other,-1,0,0,Composed: Copy with GPU GDI,2026-8-20 19:21:59.627466400,0.2163,0.2163,0.0000,0.0142,2.8266,2.8266,0.0000,NA,NA,NA,NA,NA,NA,NA
python.exe,31548,0x0,Other,-1,0,0,Composed: Copy with GPU GDI,2026-8-20 19:21:59.627682700,6.4198,6.4198,0.0000,2.6280,4.1006,0.3945,3.7061,13.5421,5.3484,-5.4915,10148.6025,NA,NA,NA
python.exe,31548,0x0,Other,-1,0,0,Composed: Copy with GPU GDI,2026-8-20 19:21:59.634102500,5.6075,5.6075,0.0000,0.3117,5.6357,0.4475,5.1882,NA,NA,NA,NA,NA,NA,NA
python.exe,31548,0x0,Other,0,0,1,Hardware: Legacy Flip,2026-8-20 19:21:59.639710000,4.2097,4.2097,0.0000,0.3438,3.8798,0.0570,3.8228,6.8632,12.8402,6.6789,10160.6298,NA,NA,NA
python.exe,31548,0x0,Other,-1,0,0,Composed: Copy with GPU GDI,2026-8-20 19:21:59.643919700,1.2750,1.2750,0.0000,0.0139,2.8316,2.8316,0.0000,15.4937,4.4599,-8.6305,10164.8395,NA,NA,NA
python.exe,31548,0x0,Other,-1,0,0,Composed: Copy with GPU GDI,2026-8-20 19:21:59.645194700,8.8325,8.8325,0.0000,1.5743,7.5603,0.3987,7.1616,NA,NA,NA,NA,NA,NA,NA
python.exe,31548,0x0,Other,-1,0,0,Composed: Copy with GPU GDI,2026-8-20 19:21:59.654027200,4.2058,4.2058,0.0000,0.3063,4.2061,0.3849,3.8212,NA,NA,NA,NA,NA,NA,NA
python.exe,31548,0x0,Other,0,0,1,Hardware: Legacy Flip,2026-8-20 19:21:59.658233000,3.1171,3.1171,0.0000,0.3099,2.8220,0.0560,2.7660,5.6403,25.8760,9.8534,10179.1528,NA,NA,NA
python.exe,31548,0x0,Other,-1,0,0,Composed: Copy with GPU GDI,2026-8-20 19:21:59.661350100,20.0591,20.0591,0.0000,0.0148,20.3596,2.8677,17.4919,NA,NA,NA,NA,NA,NA,NA
python.exe,31548,0x0,Other,-1,0,0,Composed: Copy with GPU GDI,2026-8-20 19:21:59.681409200,0.4128,0.4128,0.0000,0.3200,0.1646,0.1256,0.0390,8.3401,1.0179,-2.6998,10202.3290,NA,NA,NA
python.exe,31548,0x0,Other,0,0,1,Hardware: Legacy Flip,2026-8-20 19:21:59.681822000,6.2555,6.2555,0.0000,0.0748,6.2241,0.0824,6.1417,8.9452,5.9920,-0.6051,10202.7418,NA,NA,NA
python.exe,31548,0x0,Other,-1,0,0,Composed: Copy with GPU GDI,2026-8-20 19:21:59.688077500,0.7572,0.7572,0.0000,0.0434,2.8417,2.8417,0.0000,NA,NA,NA,NA,NA,NA,NA
python.exe,31548,0x0,Other,0,0,1,Hardware: Legacy Flip,2026-8-20 19:21:59.688834700,5.2628,5.2628,0.0000,2.1311,3.1452,0.0497,3.0955,7.9245,16.9062,1.0207,10209.7545,NA,NA,NA
python.exe,31548,0x0,Other,-1,0,0,Composed: Copy with GPU GDI,2026-8-20 19:21:59.694097500,0.8207,0.8207,0.0000,0.0135,2.8764,2.8764,0.0000,NA,NA,NA,NA,NA,NA,NA
python.exe,31548,0x0,Other,-1,0,0,Composed: Copy with GPU GDI,2026-8-20 19:21:59.694918200,5.5952,5.5952,0.0000,2.0726,3.8707,0.4254,3.4453,NA,NA,NA,NA,NA,NA,NA
python.exe,31548,0x0,Other,-1,0,0,Composed: Copy with GPU GDI,2026-8-20 19:21:59.700513400,9.8925,9.8925,0.0000,10.5392,0.0642,0.0642,0.0000,NA,NA,NA,NA,NA,NA,NA
python.exe,31548,0x0,Other,0,0,1,Hardware: Legacy Flip,2026-8-20 19:21:59.710405900,0.6331,0.6331,0.0000,0.0000,10.1883,0.7518,9.4365,3.2595,6.4154,4.6650,10231.3257,NA,NA,NA
python.exe,31548,0x0,Other,-1,0,0,Composed: Copy with GPU GDI,2026-8-20 19:21:59.711039000,1.5262,1.5262,0.0000,0.0778,2.7606,2.7606,0.0000,9.0418,9.9660,-5.7823,10231.9588,NA,NA,NA
python.exe,31548,0x0,Other,-1,0,0,Composed: Copy with GPU GDI,2026-8-20 19:21:59.712565200,8.3870,8.3870,0.0000,1.3157,7.3941,0.4075,6.9866,NA,NA,NA,NA,NA,NA,NA
python.exe,31548,0x0,Other,-1,0,0,Composed: Copy with GPU GDI,2026-8-20 19:21:59.720952200,4.2240,4.2240,0.0000,0.3260,4.2644,0.4408,3.8236,NA,NA,NA,NA,NA,NA,NA
python.exe,31548,0x0,Other,0,0,1,Hardware: Legacy Flip,2026-8-20 19:21:59.725176200,2.3631,2.3631,0.0000,0.3694,2.0069,0.0524,1.9545,4.8706,14.3271,4.1712,10246.0960,NA,NA,NA
python.exe,31548,0x0,Other,-1,0,0,Composed: Copy with GPU GDI,2026-8-20 19:21:59.727539300,5.1881,5.1881,0.0000,0.0132,5.4769,2.8332,2.6437,NA,NA,NA,NA,NA,NA,NA
python.exe,31548,0x0,Other,-1,0,0,Composed: Copy with GPU GDI,2026-8-20 19:21:59.732727400,4.4768,4.4768,0.0000,0.3063,4.4820,0.3919,4.0901,11.6465,2.6807,-6.7759,10253.6472,NA,NA,NA
python.exe,31548,0x0,Other,-1,0,0,Composed: Copy with GPU GDI,2026-8-20 19:21:59.737204200,6.7831,6.7831,0.0000,0.3147,6.8359,0.4579,6.3780,NA,NA,NA,NA,NA,NA,NA
python.exe,31548,0x0,Other,0,0,1,Hardware: Legacy Flip,2026-8-20 19:21:59.743987300,0.5411,0.5411,0.0000,0.3728,0.1872,0.0631,0.1241,3.0673,15.4931,8.5792,10264.9071,NA,NA,NA
python.exe,31548,0x0,Other,-1,0,0,Composed: Copy with GPU GDI,2026-8-20 19:21:59.744528400,5.3586,5.3586,0.0000,0.0189,5.6606,2.8413,2.8193,18.0193,5.6556,-14.9520,10265.4482,NA,NA,NA
python.exe,31548,0x0,Other,-1,0,0,Composed: Copy with GPU GDI,2026-8-20 19:21:59.749887000,5.2089,5.2089,0.0000,0.3248,5.1978,0.3931,4.8047,NA,NA,NA,NA,NA,NA,NA
python.exe,31548,0x0,Other,-1,0,0,Composed: Copy with GPU GDI,2026-8-20 19:21:59.755095900,6.6714,6.6714,0.0000,0.3164,6.6344,0.4110,6.2234,NA,NA,NA,NA,NA,NA,NA
python.exe,31548,0x0,Other,0,0,1,Hardware: Legacy Flip,2026-8-20 19:21:59.761767300,3.6341,3.6341,0.0000,0.2833,3.3945,0.0838,3.3107,6.4360,12.5848,11.5833,10282.6871,NA,NA,NA
python.exe,31548,0x0,Other,-1,0,0,Composed: Copy with GPU GDI,2026-8-20 19:21:59.765401400,1.5802,1.5802,0.0000,0.0437,2.9633,2.9633,0.0000,15.3867,0.3878,-8.9507,10286.3212,NA,NA,NA
python.exe,31548,0x0,Other,-1,0,0,Composed: Copy with GPU GDI,2026-8-20 19:21:59.766981600,9.5561,9.5561,0.0000,1.4303,8.2864,0.2894,7.9970,NA,NA,NA,NA,NA,NA,NA
python.exe,31548,0x0,Other,0,0,1,Hardware: Legacy Flip,2026-8-20 19:21:59.776537700,1.8228,1.8228,0.0000,0.1638,1.6723,0.0488,1.6235,4.6382,16.5603,10.7485,10297.4575,NA,NA,NA
python.exe,31548,0x0,Other,-1,0,0,Composed: Copy with GPU GDI,2026-8-20 19:21:59.778360500,0.6323,0.6323,0.0000,0.0133,3.0268,3.0268,0.0000,NA,NA,NA,NA,NA,NA,NA
python.exe,31548,0x0,Other,-1,0,0,Composed: Copy with GPU GDI,2026-8-20 19:21:59.778992800,8.5942,8.5942,0.0000,2.4104,6.6837,0.5995,6.0842,NA,NA,NA,NA,NA,NA,NA
python.exe,31548,0x0,Other,-1,0,0,Composed: Copy with GPU GDI,2026-8-20 19:21:59.787587000,4.1422,4.1422,0.0000,0.5024,3.9745,0.4206,3.5539,NA,NA,NA,NA,NA,NA,NA
python.exe,31548,0x0,Other,0,0,1,Hardware: Legacy Flip,2026-8-20 19:21:59.791729200,3.2987,3.2987,0.0000,0.3376,2.9749,0.0502,2.9247,6.0070,13.3457,-1.3688,10312.6490,NA,NA,NA
python.exe,31548,0x0,Other,-1,0,0,Composed: Copy with GPU GDI,2026-8-20 19:21:59.795027900,3.4363,3.4363,0.0000,0.0138,3.6686,2.9618,0.7068,16.0540,2.4858,-10.0470,10315.9477,NA,NA,NA
python.exe,31548,0x0,Other,-1,0,0,Composed: Copy with GPU GDI,2026-8-20 19:21:59.798464200,5.8078,5.8078,0.0000,0.2493,5.8952,0.4193,5.4759,NA,NA,NA,NA,NA,NA,NA
python.exe,31548,0x0,Other,-1,0,0,Composed: Copy with GPU GDI,2026-8-20 19:21:59.804272000,6.1639,6.1639,0.0000,0.3400,6.1312,0.3956,5.7356,NA,NA,NA,NA,NA,NA,NA
python.exe,31548,0x0,Other,0,0,1,Hardware: Legacy Flip,2026-8-20 19:21:59.810435900,0.4764,0.4764,0.0000,0.3124,0.1771,0.0512,0.1259,3.1318,15.6954,12.9222,10331.3557,NA,NA,NA
python.exe,31548,0x0,Other,-1,0,0,Composed: Copy with GPU GDI,2026-8-20 19:21:59.810912300,4.9758,4.9758,0.0000,0.0131,5.2626,2.9810,2.2816,18.3508,0.8521,-15.2190,10331.8321,NA,NA,NA
python.exe,31548,0x0,Other,-1,0,0,Composed: Copy with GPU GDI,2026-8-20 19:21:59.815888100,5.5496,5.5496,0.0000,0.3038,5.6970,0.5284,5.1686,NA,NA,NA,NA,NA,NA,NA
python.exe,31548,0x0,Other,-1,0,0,Composed: Copy with GPU GDI,2026-8-20 19:21:59.821437700,5.6079,5.6079,0.0000,0.4553,5.4671,0.4017,5.0654,NA,NA,NA,NA,NA,NA,NA
python.exe,31548,0x0,Other,0,0,1,Hardware: Legacy Flip,2026-8-20 19:21:59.827045600,0.4008,0.4008,0.0000,0.3182,0.0963,0.0493,0.0470,3.0696,17.3671,15.2812,10347.9654,NA,NA,NA
python.exe,31548,0x0,Other,-1,0,0,Composed: Copy with GPU GDI,2026-8-20 19:21:59.827446400,6.5981,6.5981,0.0000,0.0137,6.8882,2.9943,3.8939,20.0359,0.4219,-16.9663,10348.3662,NA,NA,NA
python.exe,31548,0x0,Other,-1,0,0,Composed: Copy with GPU GDI,2026-8-20 19:21:59.834044500,5.1397,5.1397,0.0000,0.3075,5.1566,0.4055,4.7511,NA,NA,NA,NA,NA,NA,NA
python.exe,31548,0x0,Other,0,0,1,Hardware: Legacy Flip,2026-8-20 19:21:59.839184200,5.8669,5.8669,0.0000,0.3286,5.5518,0.0512,5.5006,8.7200,11.6961,11.3159,10360.1040,NA,NA,NA
python.exe,31548,0x0,Other,-1,0,0,Composed: Copy with GPU GDI,2026-8-20 19:21:59.845051100,1.5277,1.5277,0.0000,0.0135,3.0013,3.0013,0.0000,14.5492,4.1502,-5.8292,10365.9709,NA,NA,NA
python.exe,31548,0x0,Other,-1,0,0,Composed: Copy with GPU GDI,2026-8-20 19:21:59.846578800,8.2388,8.2388,0.0000,1.4923,6.9897,0.3294,6.6603,NA,NA,NA,NA,NA,NA,NA
python.exe,31548,0x0,Other,-1,0,0,Composed: Copy with GPU GDI,2026-8-20 19:21:59.854817600,4.3808,4.3808,0.0000,0.2465,4.4806,0.4189,4.0617,NA,NA,NA,NA,NA,NA,NA
python.exe,31548,0x0,Other,0,0,1,Hardware: Legacy Flip,2026-8-20 19:21:59.859198400,1.8361,1.8361,0.0000,0.3503,1.4987,0.0461,1.4526,4.5521,14.0727,9.9971,10380.1182,NA,NA,NA
python.exe,31548,0x0,Other,-1,0,0,Composed: Copy with GPU GDI,2026-8-20 19:21:59.861034500,4.7242,4.7242,0.0000,0.0129,4.9858,3.0603,1.9255,NA,NA,NA,NA,NA,NA,NA
python.exe,31548,0x0,Other,-1,0,0,Composed: Copy with GPU GDI,2026-8-20 19:21:59.865758700,4.2371,4.2371,0.0000,0.2792,4.3086,0.4314,3.8772,12.0645,2.7342,-7.5124,10386.6785,NA,NA,NA
python.exe,31548,0x0,Other,-1,0,0,Composed: Copy with GPU GDI,2026-8-20 19:21:59.869995800,7.4245,7.4245,0.0000,0.3541,7.3679,0.3918,6.9761,NA,NA,NA,NA,NA,NA,NA
python.exe,31548,0x0,Other,0,0,1,Hardware: Legacy Flip,2026-8-20 19:21:59.877420300,0.5278,0.5278,0.0000,0.3024,0.2428,0.0642,0.1786,3.1371,15.4302,8.9274,10398.3401,NA,NA,NA
python.exe,31548,0x0,Other,-1,0,0,Composed: Copy with GPU GDI,2026-8-20 19:21:59.877948100,4.3295,4.3295,0.0000,0.0174,4.5116,2.8140,1.6976,18.0395,1.0320,-14.9024,10398.8679,NA,NA,NA
python.exe,31548,0x0,Other,-1,0,0,Composed: Copy with GPU GDI,2026-8-20 19:21:59.882277600,6.0383,6.0383,0.0000,0.2026,6.1734,0.4083,5.7651,NA,NA,NA,NA,NA,NA,NA
python.exe,31548,0x0,Other,-1,0,0,Composed: Copy with GPU GDI,2026-8-20 19:21:59.888315900,5.6399,5.6399,0.0000,0.3427,5.6761,0.4584,5.2177,NA,NA,NA,NA,NA,NA,NA
python.exe,31548,0x0,Other,0,0,1,Hardware: Legacy Flip,2026-8-20 19:21:59.893955800,0.4390,0.4390,0.0000,0.3833,0.0680,0.0477,0.0203,3.0638,17.0395,14.9757,10414.8756,NA,NA,NA
python.exe,31548,0x0,Other,-1,0,0,Composed: Copy with GPU GDI,2026-8-20 19:21:59.894394800,5.4812,5.4812,0.0000,0.0123,5.6874,2.8509,2.8365,NA,NA,NA,NA,NA,NA,NA
python.exe,31548,0x0,Other,-1,0,0,Composed: Copy with GPU GDI,2026-8-20 19:21:59.899876000,9.9607,9.9607,0.0000,0.2224,9.9357,0.2855,9.6502,NA,NA,NA,NA,NA,NA,NA
python.exe,31548,0x0,Other,0,0,1,Hardware: Legacy Flip,2026-8-20 19:21:59.909836700,1.3421,1.3421,0.0000,0.2017,1.1523,0.0441,1.1082,4.2224,16.2081,-1.1586,10430.7565,NA,NA,NA
python.exe,31548,0x0,Other,-1,0,0,Composed: Copy with GPU GDI,2026-8-20 19:21:59.911178800,0.7004,0.7004,0.0000,0.0119,3.1243,3.1243,0.0000,NA,NA,NA,NA,NA,NA,NA
python.exe,31548,0x0,Other,-1,0,0,Composed: Copy with GPU GDI,2026-8-20 19:21:59.911879200,8.9231,8.9231,0.0000,2.4405,7.1044,0.7538,6.3506,NA,NA,NA,NA,NA,NA,NA
python.exe,31548,0x0,Other,-1,0,0,Composed: Copy with GPU GDI,2026-8-20 19:21:59.920802300,3.6773,3.6773,0.0000,0.6243,3.3652,0.4002,2.9650,NA,NA,NA,NA,NA,NA,NA
python.exe,31548,0x0,Other,0,0,1,Hardware: Legacy Flip,2026-8-20 19:21:59.924479600,2.8970,2.8970,0.0000,0.3170,2.5926,0.0468,2.5458,5.7876,14.2781,-1.5652,10445.3994,NA,NA,NA
python.exe,31548,0x0,Other,-1,0,0,Composed: Copy with GPU GDI,2026-8-20 19:21:59.927376600,4.6235,4.6235,0.0000,0.0126,4.9656,3.2551,1.7105,17.1687,2.2632,-11.3811,10448.2964,NA,NA,NA
python.exe,31548,0x0,Other,-1,0,0,Composed: Copy with GPU GDI,2026-8-20 19:21:59.932000100,4.0936,4.0936,0.0000,0.3944,4.0041,0.3883,3.6158,NA,NA,NA,NA,NA,NA,NA
python.exe,31548,0x0,Other,-1,0,0,Composed: Copy with GPU GDI,2026-8-20 19:21:59.936093700,7.6481,7.6481,0.0000,0.3082,7.7057,0.4494,7.2563,NA,NA,NA,NA,NA,NA,NA
python.exe,31548,0x0,Other,0,0,1,Hardware: Legacy Flip,2026-8-20 19:21:59.943741800,0.3816,0.3816,0.0000,0.3658,0.0300,0.0300,0.0000,3.0667,15.9345,14.1020,10464.6616,NA,NA,NA
python.exe,31548,0x0,Other,-1,0,0,Composed: Copy with GPU GDI,2026-8-20 19:21:59.944123400,6.1141,6.1141,0.0000,0.0142,6.4188,3.0237,3.3951,18.6196,1.8577,-15.5529,10465.0432,NA,NA,NA
python.exe,31548,0x0,Other,-1,0,0,Composed: Copy with GPU GDI,2026-8-20 19:21:59.950237500,5.2269,5.2269,0.0000,0.3239,5.2081,0.3969,4.8112,NA,NA,NA,NA,NA,NA,NA
python.exe,31548,0x0,Other,-1,0,0,Composed: Copy with GPU GDI,2026-8-20 19:21:59.955464400,5.9844,5.9844,0.0000,0.3103,5.9995,0.4094,5.5901,NA,NA,NA,NA,NA,NA,NA
python.exe,31548,0x0,Other,0,0,1,Hardware: Legacy Flip,2026-8-20 19:21:59.961448800,0.4647,0.4647,0.0000,0.3305,0.1495,0.0543,0.0952,3.1519,15.3316,15.4677,10482.3686,NA,NA,NA
python.exe,31548,0x0,Other,-1,0,0,Composed: Copy with GPU GDI,2026-8-20 19:21:59.961913500,4.8396,4.8396,0.0000,0.0153,5.1753,3.0408,2.1345,NA,NA,NA,NA,NA,NA,NA
python.exe,31548,0x0,Other,-1,0,0,Composed: Copy with GPU GDI,2026-8-20 19:21:59.966753100,6.5871,6.5871,0.0000,0.3538,6.5467,0.3960,6.1507,NA,NA,NA,NA,NA,NA,NA
python.exe,31548,0x0,Other,0,0,1,Hardware: Legacy Flip,2026-8-20 19:21:59.973340200,3.8510,3.8510,0.0000,0.3169,3.5459,0.0524,3.4935,6.5921,13.1461,-3.4402,10494.2600,NA,NA,NA
python.exe,31548,0x0,Other,-1,0,0,Composed: Copy with GPU GDI,2026-8-20 19:21:59.977191200,1.6020,1.6020,0.0000,0.0118,2.9869,2.9869,0.0000,15.8872,3.9076,-9.2951,10498.1110,NA,NA,NA
python.exe,31548,0x0,Other,-1,0,0,Composed: Copy with GPU GDI,2026-8-20 19:21:59.978793200,9.4155,9.4155,0.0000,1.3998,8.2248,0.3275,7.8973,NA,NA,NA,NA,NA,NA,NA
python.exe,31548,0x0,Other,-1,0,0,Composed: Copy with GPU GDI,2026-8-20 19:21:59.988208700,3.7368,3.7368,0.0000,0.2119,3.8719,0.4256,3.4463,NA,NA,NA,NA,NA,NA,NA
python.exe,31548,0x0,Other,0,0,1,Hardware: Legacy Flip,2026-8-20 19:21:59.991945500,2.2926,2.2926,0.0000,0.3503,1.9567,0.0513,1.9054,5.0405,14.3076,10.8467,10512.8653,NA,NA,NA
python.exe,31548,0x0,Other,-1,0,0,Composed: Copy with GPU GDI,2026-8-20 19:21:59.994238100,4.7736,4.7736,0.0000,0.0144,5.1103,3.1009,2.0094,NA,NA,NA,NA,NA,NA,NA
python.exe,31548,0x0,Other,-1,0,0,Composed: Copy with GPU GDI,2026-8-20 19:21:59.999011700,4.1327,4.1327,0.0000,0.3559,4.1352,0.4440,3.6912,12.2819,2.7482,-7.2414,10519.9315,NA,NA,NA
python.exe,31548,0x0,Other,-1,0,0,Composed: Copy with GPU GDI,2026-8-20 19:22:00.003144400,6.8470,6.8470,0.0000,0.3616,6.8392,0.4461,6.3931,NA,NA,NA,NA,NA,NA,NA
python.exe,31548,0x0,Other,0,0,1,Hardware: Legacy Flip,2026-8-20 19:22:00.009991400,1.4053,1.4053,0.0000,0.3570,1.0690,0.0572,1.0118,4.0504,15.4513,8.2315,10530.9112,NA,NA,NA
python.exe,31548,0x0,Other,-1,0,0,Composed: Copy with GPU GDI,2026-8-20 19:22:00.011396700,4.2152,4.2152,0.0000,0.0207,4.5475,2.9953,1.5522,18.0964,0.8992,-14.0460,10532.3165,NA,NA,NA
python.exe,31548,0x0,Other,-1,0,0,Composed: Copy with GPU GDI,2026-8-20 19:22:00.015611900,6.5627,6.5627,0.0000,0.3560,6.5555,0.4225,6.1330,NA,NA,NA,NA,NA,NA,NA
python.exe,31548,0x0,Other,-1,0,0,Composed: Copy with GPU GDI,2026-8-20 19:22:00.022174600,5.2296,5.2296,0.0000,0.3523,5.2106,0.4197,4.7909,NA,NA,NA,NA,NA,NA,NA
python.exe,31548,0x0,Other,0,0,1,Hardware: Legacy Flip,2026-8-20 19:22:00.027404200,0.4650,0.4650,0.0000,0.3376,0.1425,0.0552,0.0873,2.9881,16.2135,15.1083,10548.3240,NA,NA,NA
python.exe,31548,0x0,Other,-1,0,0,Composed: Copy with GPU GDI,2026-8-20 19:22:00.027869200,5.8842,5.8842,0.0000,0.0151,6.1890,2.8490,3.3400,NA,NA,NA,NA,NA,NA,NA
python.exe,31548,0x0,Other,-1,0,0,Composed: Copy with GPU GDI,2026-8-20 19:22:00.033753400,5.5080,5.5080,0.0000,0.3232,5.5193,0.4192,5.1001,NA,NA,NA,NA,NA,NA,NA
python.exe,31548,0x0,Other,0,0,1,Hardware: Legacy Flip,2026-8-20 19:22:00.039261400,4.3623,4.3623,0.0000,0.3379,4.0373,0.0483,3.9890,7.3444,13.2055,-4.3563,10560.1812,NA,NA,NA
python.exe,31548,0x0,Other,-1,0,0,Composed: Copy with GPU GDI,2026-8-20 19:22:00.043623700,1.6645,1.6645,0.0000,0.0129,3.1939,3.1939,0.0000,16.1876,3.7343,-8.8432,10564.5435,NA,NA,NA
python.exe,31548,0x0,Other,-1,0,0,Composed: Copy with GPU GDI,2026-8-20 19:22:00.045288200,8.7973,8.7973,0.0000,1.5459,7.5605,0.3930,7.1675,NA,NA,NA,NA,NA,NA,NA
python.exe,31548,0x0,Other,-1,0,0,Composed: Copy with GPU GDI,2026-8-20 19:22:00.054085500,3.8155,3.8155,0.0000,0.3111,3.8185,0.4015,3.4170,NA,NA,NA,NA,NA,NA,NA
python.exe,31548,0x0,Other,0,0,1,Hardware: Legacy Flip,2026-8-20 19:22:00.057901000,2.8193,2.8193,0.0000,0.3177,2.5137,0.0469,2.4668,5.6446,14.4641,10.5430,10578.8208,NA,NA,NA
python.exe,31548,0x0,Other,-1,0,0,Composed: Copy with GPU GDI,2026-8-20 19:22:00.060720300,5.6497,5.6497,0.0000,0.0121,5.9870,3.1820,2.8050,NA,NA,NA,NA,NA,NA,NA
python.exe,31548,0x0,Other,-1,0,0,Composed: Copy with GPU GDI,2026-8-20 19:22:00.066370000,3.0480,3.0480,0.0000,0.3515,3.0105,0.3961,2.6144,11.6397,1.9763,-5.9951,10587.2898,NA,NA,NA
python.exe,31548,0x0,Other,-1,0,0,Composed: Copy with GPU GDI,2026-8-20 19:22:00.069418000,7.6447,7.6447,0.0000,0.3192,7.6449,0.3962,7.2487,NA,NA,NA,NA,NA,NA,NA
python.exe,31548,0x0,Other,0,0,1,Hardware: Legacy Flip,2026-8-20 19:22:00.077062700,0.4348,0.4348,0.0000,0.3238,0.1233,0.0471,0.0762,2.9233,15.9746,8.7164,10597.9825,NA,NA,NA
python.exe,31548,0x0,Other,-1,0,0,Composed: Copy with GPU GDI,2026-8-20 19:22:00.077497500,5.0394,5.0394,0.0000,0.0123,5.3555,2.8390,2.5165,NA,NA,NA,NA,NA,NA,NA
python.exe,31548,0x0,Other,-1,0,0,Composed: Copy with GPU GDI,2026-8-20 19:22:00.082536900,5.5301,5.5301,0.0000,0.3320,5.5201,0.3903,5.1298,NA,NA,NA,NA,NA,NA,NA
python.exe,31548,0x0,Other,0,0,1,Hardware: Legacy Flip,2026-8-20 19:22:00.088067000,5.2436,5.2436,0.0000,0.3254,4.9299,0.0426,4.8873,7.8936,12.3823,-4.9703,10608.9868,NA,NA,NA
python.exe,31548,0x0,Other,-1,0,0,Composed: Copy with GPU GDI,2026-8-20 19:22:00.093310600,0.2611,0.2611,0.0000,0.0117,2.9647,2.9647,0.0000,15.0323,6.0878,-7.1387,10614.2304,NA,NA,NA
python.exe,31548,0x0,Other,-1,0,0,Composed: Copy with GPU GDI,2026-8-20 19:22:00.093571700,6.5716,6.5716,0.0000,2.7217,4.1975,0.4197,3.7778,20.8590,0.1364,-5.8267,10614.4915,NA,NA,NA
python.exe,31548,0x0,Other,-1,0,0,Composed: Copy with GPU GDI,2026-8-20 19:22:00.100143300,6.6134,6.6134,0.0000,0.3504,6.6019,0.4209,6.1810,NA,NA,NA,NA,NA,NA,NA
python.exe,31548,0x0,Other,0,0,1,Hardware: Legacy Flip,2026-8-20 19:22:00.106756700,5.0819,5.0819,0.0000,0.3424,4.7543,0.0567,4.6976,7.8104,11.9700,13.0486,10627.6765,NA,NA,NA
python.exe,31548,0x0,Other,-1,0,0,Composed: Copy with GPU GDI,2026-8-20 19:22:00.111838600,0.5760,0.5760,0.0000,0.0148,2.8497,2.8497,0.0000,14.6985,3.7949,-6.8881,10632.7584,NA,NA,NA
python.exe,31548,0x0,Other,-1,0,0,Composed: Copy with GPU GDI,2026-8-20 19:22:00.112414600,8.2166,8.2166,0.0000,2.2925,6.2488,0.4203,5.8285,NA,NA,NA,NA,NA,NA,NA
python.exe,31548,0x0,Other,-1,0,0,Composed: Copy with GPU GDI,2026-8-20 19:22:00.120631200,4.3517,4.3517,0.0000,0.3271,4.3835,0.4393,3.9442,NA,NA,NA,NA,NA,NA,NA
python.exe,31548,0x0,Other,0,0,1,Hardware: Legacy Flip,2026-8-20 19:22:00.124982900,2.8179,2.8179,0.0000,0.3616,2.4795,0.0622,2.4173,5.3491,14.4071,9.3494,10645.9027,NA,NA,NA
python.exe,31548,0x0,Other,-1,0,0,Composed: Copy with GPU GDI,2026-8-20 19:22:00.127800800,3.8944,3.8944,0.0000,0.0232,4.2319,2.8794,1.3525,16.9383,2.2599,-11.5892,10648.7206,NA,NA,NA
python.exe,31548,0x0,Other,-1,0,0,Composed: Copy with GPU GDI,2026-8-20 19:22:00.131695200,5.3407,5.3407,0.0000,0.3639,5.2895,0.3944,4.8951,NA,NA,NA,NA,NA,NA,NA
python.exe,31548,0x0,Other,-1,0,0,Composed: Copy with GPU GDI,2026-8-20 19:22:00.137035900,7.0330,7.0330,0.0000,0.3155,7.0627,0.4240,6.6387,NA,NA,NA,NA,NA,NA,NA
python.exe,31548,0x0,Other,0,0,1,Hardware: Legacy Flip,2026-8-20 19:22:00.144068900,0.4240,0.4240,0.0000,0.3491,0.0868,0.0484,0.0384,2.9301,15.9421,14.0082,10664.9887,NA,NA,NA
python.exe,31548,0x0,Other,-1,0,0,Composed: Copy with GPU GDI,2026-8-20 19:22:00.144492900,4.0122,4.0122,0.0000,0.0119,4.2200,2.7288,1.4912,18.4482,1.3242,-15.5181,10665.4127,NA,NA,NA
python.exe,31548,0x0,Other,-1,0,0,Composed: Copy with GPU GDI,2026-8-20 19:22:00.148505100,6.0526,6.0526,0.0000,0.2226,6.1529,0.3941,5.7588,NA,NA,NA,NA,NA,NA,NA
python.exe,31548,0x0,Other,-1,0,0,Composed: Copy with GPU GDI,2026-8-20 19:22:00.154557700,6.7763,6.7763,0.0000,0.3262,6.7951,0.4285,6.3666,NA,NA,NA,NA,NA,NA,NA
python.exe,31548,0x0,Other,0,0,1,Hardware: Legacy Flip,2026-8-20 19:22:00.161334000,0.4229,0.4229,0.0000,0.3493,0.0878,0.0509,0.0369,2.9313,16.6864,15.5169,10682.2538,NA,NA,NA
python.exe,31548,0x0,Other,-1,0,0,Composed: Copy with GPU GDI,2026-8-20 19:22:00.161756900,4.4387,4.4387,0.0000,0.0142,4.6223,2.7112,1.9111,NA,NA,NA,NA,NA,NA,NA
python.exe,31548,0x0,Other,-1,0,0,Composed: Copy with GPU GDI,2026-8-20 19:22:00.166195600,6.7212,6.7212,0.0000,0.2005,6.8339,0.3983,6.4356,NA,NA,NA,NA,NA,NA,NA
python.exe,31548,0x0,Other,0,0,1,Hardware: Legacy Flip,2026-8-20 19:22:00.172916800,5.4161,5.4161,0.0000,0.3168,5.1157,0.0618,5.0539,8.0349,12.3239,-5.1036,10693.8366,NA,NA,NA
python.exe,31548,0x0,Other,-1,0,0,Composed: Copy with GPU GDI,2026-8-20 19:22:00.178332900,0.4509,0.4509,0.0000,0.0164,2.8718,2.8718,0.0000,14.9427,4.4308,-6.9078,10699.2527,NA,NA,NA
python.exe,31548,0x0,Other,-1,0,0,Composed: Copy with GPU GDI,2026-8-20 19:22:00.178783800,9.0908,9.0908,0.0000,2.4408,6.9619,0.4260,6.5359,NA,NA,NA,NA,NA,NA,NA
python.exe,31548,0x0,Other,-1,0,0,Composed: Copy with GPU GDI,2026-8-20 19:22:00.187874600,4.4887,4.4887,0.0000,0.3139,4.5180,0.4282,4.0898,NA,NA,NA,NA,NA,NA,NA
python.exe,31548,0x0,Other,0,0,1,Hardware: Legacy Flip,2026-8-20 19:22:00.192363300,2.8776,2.8776,0.0000,0.3461,2.5444,0.0503,2.4941,5.3431,13.7703,9.5996,10713.2831,NA,NA,NA
python.exe,31548,0x0,Other,-1,0,0,Composed: Copy with GPU GDI,2026-8-20 19:22:00.195240900,3.3916,3.3916,0.0000,0.0129,3.7269,2.8294,0.8975,16.2358,1.6030,-10.8927,10716.1607,NA,NA,NA
python.exe,31548,0x0,Other,-1,0,0,Composed: Copy with GPU GDI,2026-8-20 19:22:00.198632500,5.3727,5.3727,0.0000,0.3515,5.3573,0.4163,4.9410,NA,NA,NA,NA,NA,NA,NA
python.exe,31548,0x0,Other,-1,0,0,Composed: Copy with GPU GDI,2026-8-20 19:22:00.204005200,5.9724,5.9724,0.0000,0.3416,5.9443,0.4037,5.5406,NA,NA,NA,NA,NA,NA,NA
python.exe,31548,0x0,Other,0,0,1,Hardware: Legacy Flip,2026-8-20 19:22:00.209977600,0.6015,0.6015,0.0000,0.3165,0.3012,0.0534,0.2478,3.1021,16.5939,13.1337,10730.8974,NA,NA,NA
python.exe,31548,0x0,Other,-1,0,0,Composed: Copy with GPU GDI,2026-8-20 19:22:00.210579100,4.9415,4.9415,0.0000,0.0162,5.2433,2.8308,2.4125,19.0945,0.6216,-15.9924,10731.4989,NA,NA,NA
python.exe,31548,0x0,Other,-1,0,0,Composed: Copy with GPU GDI,2026-8-20 19:22:00.215520600,6.0364,6.0364,0.0000,0.3213,6.0621,0.4171,5.6450,NA,NA,NA,NA,NA,NA,NA
python.exe,31548,0x0,Other,-1,0,0,Composed: Copy with GPU GDI,2026-8-20 19:22:00.221557000,5.7949,5.7949,0.0000,0.3503,5.7594,0.4027,5.3567,NA,NA,NA,NA,NA,NA,NA
python.exe,31548,0x0,Other,0,0,1,Hardware: Legacy Flip,2026-8-20 19:22:00.227351900,0.4438,0.4438,0.0000,0.3178,0.1418,0.0626,0.0792,2.9433,16.9224,16.1512,10748.2717,NA,NA,NA
python.exe,31548,0x0,Other,-1,0,0,Composed: Copy with GPU GDI,2026-8-20 19:22:00.227795700,6.0882,6.0882,0.0000,0.0158,6.4086,2.8501,3.5585,NA,NA,NA,NA,NA,NA,NA
python.exe,31548,0x0,Other,-1,0,0,Composed: Copy with GPU GDI,2026-8-20 19:22:00.233883900,5.5692,5.5692,0.0000,0.3396,5.5993,0.4473,5.1520,NA,NA,NA,NA,NA,NA,NA
python.exe,31548,0x0,Other,0,0,1,Hardware: Legacy Flip,2026-8-20 19:22:00.239453100,5.1153,5.1153,0.0000,0.3729,4.7578,0.0590,4.6988,7.7645,12.7958,-4.8212,10760.3729,NA,NA,NA
python.exe,31548,0x0,Other,-1,0,0,Composed: Copy with GPU GDI,2026-8-20 19:22:00.244568400,1.8801,1.8801,0.0000,0.0154,2.8368,2.8368,0.0000,15.4450,4.0715,-7.6805,10765.4882,NA,NA,NA
python.exe,31548,0x0,Other,-1,0,0,Composed: Copy with GPU GDI,2026-8-20 19:22:00.246448500,8.3134,8.3134,0.0000,0.9756,7.6901,0.4536,7.2365,NA,NA,NA,NA,NA,NA,NA
python.exe,31548,0x0,Other,-1,0,0,Composed: Copy with GPU GDI,2026-8-20 19:22:00.254761900,3.3414,3.3414,0.0000,0.3568,3.3360,0.4302,2.9058,NA,NA,NA,NA,NA,NA,NA
python.exe,31548,0x0,Other,0,0,1,Hardware: Legacy Flip,2026-8-20 19:22:00.258103300,2.9727,2.9727,0.0000,0.3545,2.6315,0.0510,2.5805,5.9816,14.1232,9.4634,10779.0231,NA,NA,NA
python.exe,31548,0x0,Other,-1,0,0,Composed: Copy with GPU GDI,2026-8-20 19:22:00.261076000,5.2940,5.2940,0.0000,0.0133,5.5495,3.3633,2.1862,NA,NA,NA,NA,NA,NA,NA
python.exe,31548,0x0,Other,-1,0,0,Composed: Copy with GPU GDI,2026-8-20 19:22:00.266370000,3.7367,3.7367,0.0000,0.2724,3.7913,0.4265,3.3648,11.8381,2.0196,-5.8565,10787.2898,NA,NA,NA
python.exe,31548,0x0,Other,-1,0,0,Composed: Copy with GPU GDI,2026-8-20 19:22:00.270106700,6.3366,6.3366,0.0000,0.3300,6.3500,0.4188,5.9312,NA,NA,NA,NA,NA,NA,NA
python.exe,31548,0x0,Other,0,0,1,Hardware: Legacy Flip,2026-8-20 19:22:00.276443300,0.9683,0.9683,0.0000,0.3470,0.6338,0.0458,0.5880,3.7844,16.1889,8.0537,10797.3631,NA,NA,NA
python.exe,31548,0x0,Other,-1,0,0,Composed: Copy with GPU GDI,2026-8-20 19:22:00.277411600,5.3181,5.3181,0.0000,0.0125,5.6321,3.1648,2.4673,19.0050,1.3175,-15.2206,10798.3314,NA,NA,NA
python.exe,31548,0x0,Other,-1,0,0,Composed: Copy with GPU GDI,2026-8-20 19:22:00.282729700,6.0710,6.0710,0.0000,0.3297,6.0713,0.4141,5.6572,NA,NA,NA,NA,NA,NA,NA
python.exe,31548,0x0,Other,-1,0,0,Composed: Copy with GPU GDI,2026-8-20 19:22:00.288800700,5.7616,5.7616,0.0000,0.3329,5.7331,0.4186,5.3145,NA,NA,NA,NA,NA,NA,NA
python.exe,31548,0x0,Other,0,0,1,Hardware: Legacy Flip,2026-8-20 19:22:00.294562300,0.4898,0.4898,0.0000,0.3073,0.1963,0.0519,0.1444,3.1718,16.6357,15.8332,10815.4821,NA,NA,NA
python.exe,31548,0x0,Other,-1,0,0,Composed: Copy with GPU GDI,2026-8-20 19:22:00.295052100,5.2917,5.2917,0.0000,0.0138,5.7508,3.1637,2.5871,NA,NA,NA,NA,NA,NA,NA
python.exe,31548,0x0,Other,-1,0,0,Composed: Copy with GPU GDI,2026-8-20 19:22:00.300343800,9.8062,9.8062,0.0000,0.4762,9.5069,0.2807,9.2262,NA,NA,NA,NA,NA,NA,NA
python.exe,31548,0x0,Other,0,0,1,Hardware: Legacy Flip,2026-8-20 19:22:00.310150000,0.5882,0.5882,0.0000,0.1804,0.4210,0.0537,0.3673,4.2198,17.4938,-1.0480,10831.0698,NA,NA,NA
python.exe,31548,0x0,Other,-1,0,0,Composed: Copy with GPU GDI,2026-8-20 19:22:00.310738200,1.5874,1.5874,0.0000,0.0132,4.1088,4.1088,0.0000,NA,NA,NA,NA,NA,NA,NA
python.exe,31548,0x0,Other,-1,0,0,Composed: Copy with GPU GDI,2026-8-20 19:22:00.312325600,8.6024,8.6024,0.0000,2.5387,6.4481,0.4754,5.9727,NA,NA,NA,NA,NA,NA,NA
python.exe,31548,0x0,Other,-1,0,0,Composed: Copy with GPU GDI,2026-8-20 19:22:00.320928000,3.0408,3.0408,0.0000,0.3868,3.0324,0.4606,2.5718,NA,NA,NA,NA,NA,NA,NA
python.exe,31548,0x0,Other,0,0,1,Hardware: Legacy Flip,2026-8-20 19:22:00.323968800,4.0980,4.0980,0.0000,0.3817,3.7299,0.0500,3.6799,7.8948,13.0797,-3.6750,10844.8886,NA,NA,NA
python.exe,31548,0x0,Other,-1,0,0,Composed: Copy with GPU GDI,2026-8-20 19:22:00.328066800,3.7921,3.7921,0.0000,0.0136,4.1864,4.1864,0.0000,16.8765,4.5536,-8.9817,10848.9866,NA,NA,NA
python.exe,31548,0x0,Other,-1,0,0,Composed: Copy with GPU GDI,2026-8-20 19:22:00.331858900,4.1341,4.1341,0.0000,0.4115,4.1003,0.4511,3.6492,NA,NA,NA,NA,NA,NA,NA
python.exe,31548,0x0,Other,-1,0,0,Composed: Copy with GPU GDI,2026-8-20 19:22:00.335993000,8.1602,8.1602,0.0000,0.3812,8.1316,0.4454,7.6862,NA,NA,NA,NA,NA,NA,NA
python.exe,31548,0x0,Other,0,0,1,Hardware: Legacy Flip,2026-8-20 19:22:00.344153200,0.4557,0.4557,0.0000,0.3575,0.1116,0.0522,0.0594,5.3437,13.6542,11.5328,10865.0730,NA,NA,NA
python.exe,31548,0x0,Other,-1,0,0,Composed: Copy with GPU GDI,2026-8-20 19:22:00.344608900,3.6696,3.6696,0.0000,0.0134,5.5943,5.5943,0.0000,18.5422,1.8601,-13.1985,10865.5287,NA,NA,NA
python.exe,31548,0x0,Other,-1,0,0,Composed: Copy with GPU GDI,2026-8-20 19:22:00.348278500,6.8383,6.8383,0.0000,1.9421,5.3048,0.4922,4.8126,NA,NA,NA,NA,NA,NA,NA
python.exe,31548,0x0,Other,-1,0,0,Composed: Copy with GPU GDI,2026-8-20 19:22:00.355116800,5.6599,5.6599,0.0000,6.1254,0.1003,0.1003,0.0000,NA,NA,NA,NA,NA,NA,NA
python.exe,31548,0x0,Other,0,0,1,Hardware: Legacy Flip,2026-8-20 19:22:00.360776700,0.4492,0.4492,0.0000,0.0000,5.7139,0.5591,5.1548,4.2345,16.3260,14.3077,10881.6965,NA,NA,NA
python.exe,31548,0x0,Other,-1,0,0,Composed: Copy with GPU GDI,2026-8-20 19:22:00.361225900,6.0124,6.0124,0.0000,0.1166,6.3382,4.1466,2.1916,20.1113,2.7360,-15.8768,10882.1457,NA,NA,NA
python.exe,31548,0x0,Other,-1,0,0,Composed: Copy with GPU GDI,2026-8-20 19:22:00.367238300,6.1112,6.1112,0.0000,0.4463,6.0956,0.5342,5.5614,NA,NA,NA,NA,NA,NA,NA
python.exe,31548,0x0,Other,0,0,1,Hardware: Legacy Flip,2026-8-20 19:22:00.373349500,4.8404,4.8404,0.0000,0.4354,4.4193,0.0548,4.3645,10.7237,9.4073,9.3876,10894.2693,NA,NA,NA
python.exe,31548,0x0,Other,-1,0,0,Composed: Copy with GPU GDI,2026-8-20 19:22:00.378189900,1.0894,1.0894,0.0000,0.0143,4.2556,4.2556,0.0000,15.2906,5.4963,-4.5669,10899.1097,NA,NA,NA
python.exe,31548,0x0,Other,-1,0,0,Composed: Copy with GPU GDI,2026-8-20 19:22:00.379279300,8.6809,8.6809,0.0000,3.1805,5.8183,2.0030,3.8153,NA,NA,NA,NA,NA,NA,NA
python.exe,31548,0x0,Other,-1,0,0,Composed: Copy with GPU GDI,2026-8-20 19:22:00.387960200,3.5434,3.5434,0.0000,0.3214,3.6710,0.5312,3.1398,NA,NA,NA,NA,NA,NA,NA
python.exe,31548,0x0,Other,0,0,1,Hardware: Legacy Flip,2026-8-20 19:22:00.391503600,3.7892,3.7892,0.0000,0.4524,3.3499,0.0551,3.2948,7.4732,12.7104,7.8174,10912.4234,NA,NA,NA
python.exe,31548,0x0,Other,-1,0,0,Composed: Copy with GPU GDI,2026-8-20 19:22:00.395292800,3.3169,3.3169,0.0000,0.0131,4.1144,4.1144,0.0000,16.3944,4.7945,-8.9212,10916.2126,NA,NA,NA
python.exe,31548,0x0,Other,-1,0,0,Composed: Copy with GPU GDI,2026-8-20 19:22:00.398609700,4.3427,4.3427,0.0000,0.8142,3.7926,0.3503,3.4423,NA,NA,NA,NA,NA,NA,NA
python.exe,31548,0x0,Other,-1,0,0,Composed: Copy with GPU GDI,2026-8-20 19:22:00.402952400,7.0772,7.0772,0.0000,0.2686,7.1522,0.4255,6.7267,NA,NA,NA,NA,NA,NA,NA
python.exe,31548,0x0,Other,0,0,1,Hardware: Legacy Flip,2026-8-20 19:22:00.410029600,1.4070,1.4070,0.0000,0.3465,1.0753,0.0548,1.0205,6.4521,13.3986,9.9423,10930.9494,NA,NA,NA
python.exe,31548,0x0,Other,-1,0,0,Composed: Copy with GPU GDI,2026-8-20 19:22:00.411436600,4.1231,4.1231,0.0000,0.0148,6.1439,6.1439,0.0000,18.4437,1.9635,-11.9916,10932.3564,NA,NA,NA
python.exe,31548,0x0,Other,-1,0,0,Composed: Copy with GPU GDI,2026-8-20 19:22:00.415559700,7.0315,7.0315,0.0000,2.0383,8.3172,3.4061,4.9111,NA,NA,NA,NA,NA,NA,NA
python.exe,31548,0x0,Other,0,0,1,Hardware: Legacy Flip,2026-8-20 19:22:00.422591200,4.5964,4.5964,0.0000,3.3265,1.2863,0.0605,1.2258,9.2526,16.2353,9.1911,10943.5110,NA,NA,NA
python.exe,31548,0x0,Other,-1,0,0,Composed: Copy with GPU GDI,2026-8-20 19:22:00.427187600,0.9590,0.9590,0.0000,0.0164,4.0226,4.0226,0.0000,NA,NA,NA,NA,NA,NA,NA
python.exe,31548,0x0,Other,-1,0,0,Composed: Copy with GPU GDI,2026-8-20 19:22:00.428146600,5.4400,5.4400,0.0000,3.0800,2.7965,1.0671,1.7294,19.9325,3.0465,-10.6799,10949.0664,NA,NA,NA
python.exe,31548,0x0,Other,-1,0,0,Composed: Copy with GPU GDI,2026-8-20 19:22:00.433586600,9.2892,9.2892,0.0000,11.8421,0.1752,0.1752,0.0000,NA,NA,NA,NA,NA,NA,NA
python.exe,31548,0x0,Other,0,0,1,Hardware: Legacy Flip,2026-8-20 19:22:00.442875800,2.5396,2.5396,0.0000,0.0000,11.4027,2.6370,8.7657,8.2498,14.7727,11.6827,10963.7956,NA,NA,NA
python.exe,31548,0x0,Other,-1,0,0,Composed: Copy with GPU GDI,2026-8-20 19:22:00.445415400,0.7692,0.7692,0.0000,0.1885,3.9894,3.9894,0.0000,NA,NA,NA,NA,NA,NA,NA
python.exe,31548,0x0,Other,-1,0,0,Composed: Copy with GPU GDI,2026-8-20 19:22:00.446184600,8.0182,8.0182,0.0000,3.4087,5.0279,1.9621,3.0658,NA,NA,NA,NA,NA,NA,NA
python.exe,31548,0x0,Other,-1,0,0,Composed: Copy with GPU GDI,2026-8-20 19:22:00.454202800,4.5825,4.5825,0.0000,0.4217,4.6180,0.5310,4.0870,NA,NA,NA,NA,NA,NA,NA
python.exe,31548,0x0,Other,0,0,1,Hardware: Legacy Flip,2026-8-20 19:22:00.458785300,2.9366,2.9366,0.0000,0.4602,2.4897,0.0496,2.4401,7.1130,12.5156,1.1368,10979.7051,0.4607,NA,NA
python.exe,31548,0x0,Other,-1,0,0,Composed: Copy with GPU GDI,2026-8-20 19:22:00.461721900,3.2305,3.2305,0.0000,0.0133,4.1479,4.1479,0.0000,16.6920,6.4157,-9.5790,10982.6417,NA,NA,NA
python.exe,31548,0x0,Other,-1,0,0,Composed: Copy with GPU GDI,2026-8-20 19:22:00.464952400,4.5704,4.5704,0.0000,0.9346,3.8254,0.4646,3.3608,NA,NA,NA,NA,NA,NA,NA
python.exe,31548,0x0,Other,-1,0,0,Composed: Copy with GPU GDI,2026-8-20 19:22:00.469522800,7.3736,7.3736,0.0000,0.1931,7.5135,0.4269,7.0866,NA,NA,NA,NA,NA,NA,NA
python.exe,31548,0x0,Other,0,0,1,Hardware: Legacy Flip,2026-8-20 19:22:00.476896400,0.7778,0.7778,0.0000,0.3361,0.4563,0.0561,0.4002,7.9332,11.7881,8.7588,10997.8162,0.4721,NA,NA
python.exe,31548,0x0,Other,-1,0,0,Composed: Copy with GPU GDI,2026-8-20 19:22:00.477674200,3.7421,3.7421,0.0000,0.0146,4.2207,4.2207,0.0000,18.9435,2.2803,-11.0103,10998.5940,NA,NA,NA
python.exe,31548,0x0,Other,-1,0,0,Composed: Copy with GPU GDI,2026-8-20 19:22:00.481416300,7.5973,7.5973,0.0000,0.4932,7.5067,2.8694,4.6373,NA,NA,NA,NA,NA,NA,NA
python.exe,31548,0x0,Other,-1,0,0,Composed: Copy with GPU GDI,2026-8-20 19:22:00.489013600,4.4867,4.4867,0.0000,0.4054,4.6329,0.6289,4.0040,NA,NA,NA,NA,NA,NA,NA
python.exe,31548,0x0,Other,0,0,1,Hardware: Legacy Flip,2026-8-20 19:22:00.493500300,1.2912,1.2912,0.0000,0.5547,0.7497,0.0500,0.6997,5.3977,15.7638,13.5458,11014.4201,0.4866,NA,NA
python.exe,31548,0x0,Other,-1,0,0,Composed: Copy with GPU GDI,2026-8-20 19:22:00.494791500,5.8723,5.8723,0.0000,0.0132,6.2411,4.0141,2.2270,NA,NA,NA,NA,NA,NA,NA
python.exe,31548,0x0,Other,-1,0,0,Composed: Copy with GPU GDI,2026-8-20 19:22:00.500663800,5.9474,5.9474,0.0000,0.3863,5.8168,0.3317,5.4851,NA,NA,NA,NA,NA,NA,NA
python.exe,31548,0x0,Other,0,0,1,Hardware: Legacy Flip,2026-8-20 19:22:00.506611200,4.3527,4.3527,0.0000,0.2609,4.1064,0.0547,4.0517,8.0506,12.2895,-2.6529,11027.5310,0.4658,NA,NA
python.exe,31548,0x0,Other,-1,0,0,Composed: Copy with GPU GDI,2026-8-20 19:22:00.510963900,2.1857,2.1857,0.0000,0.0146,3.6531,3.6531,0.0000,15.9874,4.7489,-7.9368,11031.8837,NA,NA,NA
python.exe,31548,0x0,Other,-1,0,0,Composed: Copy with GPU GDI,2026-8-20 19:22:00.513149600,7.3218,7.3218,0.0000,1.4856,6.1928,0.4341,5.7587,NA,NA,NA,NA,NA,NA,NA
python.exe,31548,0x0,Other,-1,0,0,Composed: Copy with GPU GDI,2026-8-20 19:22:00.520471400,3.3911,3.3911,0.0000,0.3596,3.3798,0.4332,2.9466,NA,NA,NA,NA,NA,NA,NA
python.exe,31548,0x0,Other,0,0,1,Hardware: Legacy Flip,2026-8-20 19:22:00.523862500,3.3771,3.3771,0.0000,0.3517,3.0392,0.0556,2.9836,7.8377,13.4593,8.1497,11044.7823,NA,NA,NA
python.exe,31548,0x0,Other,-1,0,0,Composed: Copy with GPU GDI,2026-8-20 19:22:00.527239600,5.0364,5.0364,0.0000,0.0138,5.4306,4.8754,0.5552,17.9199,2.0665,-10.0822,11048.1594,NA,NA,NA
python.exe,31548,0x0,Other,-1,0,0,Composed: Copy with GPU GDI,2026-8-20 19:22:00.532276000,4.8520,4.8520,0.0000,0.4112,4.7755,0.4176,4.3579,NA,NA,NA,NA,NA,NA,NA
python.exe,31548,0x0,Other,-1,0,0,Composed: Copy with GPU GDI,2026-8-20 19:22:00.537128000,6.6129,6.6129,0.0000,0.3397,6.5950,0.4161,6.1789,NA,NA,NA,NA,NA,NA,NA
python.exe,31548,0x0,Other,0,0,1,Hardware: Legacy Flip,2026-8-20 19:22:00.543740900,0.4104,0.4104,0.0000,0.3275,0.0968,0.0536,0.0432,3.4851,16.1128,14.4348,11064.6607,NA,NA,NA
python.exe,31548,0x0,Other,-1,0,0,Composed: Copy with GPU GDI,2026-8-20 19:22:00.544151300,5.0230,5.0230,0.0000,0.0139,5.3862,3.4661,1.9201,19.1875,2.0977,-15.7024,11065.0711,NA,NA,NA
python.exe,31548,0x0,Other,-1,0,0,Composed: Copy with GPU GDI,2026-8-20 19:22:00.549174300,6.6331,6.6331,0.0000,0.3812,6.5880,0.4145,6.1735,NA,NA,NA,NA,NA,NA,NA
python.exe,31548,0x0,Other,-1,0,0,Composed: Copy with GPU GDI,2026-8-20 19:22:00.555807400,5.5858,5.5858,0.0000,6.0734,0.0099,0.0099,0.0000,NA,NA,NA,NA,NA,NA,NA
python.exe,31548,0x0,Other,0,0,1,Hardware: Legacy Flip,2026-8-20 19:22:00.561393200,0.4723,0.4723,0.0000,0.0000,5.7320,0.5809,5.1511,4.0433,16.4015,15.1442,11082.3130,0.4735,NA,NA
python.exe,31548,0x0,Other,-1,0,0,Composed: Copy with GPU GDI,2026-8-20 19:22:00.561865500,5.0012,5.0012,0.0000,0.0252,5.3891,3.5037,1.8854,NA,NA,NA,NA,NA,NA,NA
python.exe,31548,0x0,Other,-1,0,0,Composed: Copy with GPU GDI,2026-8-20 19:22:00.566866700,9.3393,9.3393,0.0000,0.4165,9.3047,0.4668,8.8379,NA,NA,NA,NA,NA,NA,NA
python.exe,31548,0x0,Other,0,0,1,Hardware: Legacy Flip,2026-8-20 19:22:00.576206000,2.4542,2.4542,0.0000,0.3857,2.0846,0.0544,2.0302,5.6320,16.3422,-1.5887,11097.1258,0.4601,NA,NA
python.exe,31548,0x0,Other,-1,0,0,Composed: Copy with GPU GDI,2026-8-20 19:22:00.578660200,0.8559,0.8559,0.0000,0.0161,3.1325,3.1325,0.0000,NA,NA,NA,NA,NA,NA,NA
python.exe,31548,0x0,Other,-1,0,0,Composed: Copy with GPU GDI,2026-8-20 19:22:00.579516100,7.6910,7.6910,0.0000,2.2947,5.9077,0.5923,5.3154,NA,NA,NA,NA,NA,NA,NA
python.exe,31548,0x0,Other,-1,0,0,Composed: Copy with GPU GDI,2026-8-20 19:22:00.587207100,4.4930,4.4930,0.0000,0.5146,4.4575,0.5583,3.8992,NA,NA,NA,NA,NA,NA,NA
python.exe,31548,0x0,Other,0,0,1,Hardware: Legacy Flip,2026-8-20 19:22:00.591700100,3.3190,3.3190,0.0000,0.4842,2.8493,0.0624,2.7869,6.4801,13.6917,-0.8481,11112.6199,NA,NA,NA
python.exe,31548,0x0,Other,-1,0,0,Composed: Copy with GPU GDI,2026-8-20 19:22:00.595019100,4.1727,4.1727,0.0000,0.0145,4.7761,3.7896,0.9865,16.8528,4.2139,-10.3727,11115.9389,NA,NA,NA
python.exe,31548,0x0,Other,-1,0,0,Composed: Copy with GPU GDI,2026-8-20 19:22:00.599191800,3.9863,3.9863,0.0000,0.6234,6.0831,2.7989,3.2842,NA,NA,NA,NA,NA,NA,NA
python.exe,31548,0x0,Other,-1,0,0,Composed: Copy with GPU GDI,2026-8-20 19:22:00.603178100,8.2343,8.2343,0.0000,2.7235,5.8389,0.4088,5.4301,NA,NA,NA,NA,NA,NA,NA
python.exe,31548,0x0,Other,0,0,1,Hardware: Legacy Flip,2026-8-20 19:22:00.611412400,0.4138,0.4138,0.0000,0.3331,0.0935,0.0502,0.0433,4.6734,13.9919,12.1794,11132.3322,NA,NA,NA
python.exe,31548,0x0,Other,-1,0,0,Composed: Copy with GPU GDI,2026-8-20 19:22:00.611826200,4.5243,4.5243,0.0000,0.0128,4.9471,4.7126,0.2345,18.2515,3.1526,-13.5781,11132.7460,NA,NA,NA
python.exe,31548,0x0,Other,-1,0,0,Composed: Copy with GPU GDI,2026-8-20 19:22:00.616350500,6.5986,6.5986,0.0000,0.4385,9.3829,3.3219,6.0610,NA,NA,NA,NA,NA,NA,NA
python.exe,31548,0x0,Other,0,0,1,Hardware: Legacy Flip,2026-8-20 19:22:00.622949100,4.3151,4.3151,0.0000,3.2271,1.1031,0.0540,1.0491,10.2812,15.0492,7.9703,11143.8689,0.4672,NA,NA
python.exe,31548,0x0,Other,-1,0,0,Composed: Copy with GPU GDI,2026-8-20 19:22:00.627264200,0.6114,0.6114,0.0000,0.0151,4.5713,4.5713,0.0000,NA,NA,NA,NA,NA,NA,NA
python.exe,31548,0x0,Other,-1,0,0,Composed: Copy with GPU GDI,2026-8-20 19:22:00.627875600,5.0954,5.0954,0.0000,3.9750,2.1292,1.9384,0.1908,20.4039,3.2152,-10.1227,11148.7954,NA,NA,NA
python.exe,31548,0x0,Other,-1,0,0,Composed: Copy with GPU GDI,2026-8-20 19:22:00.632971000,6.5270,6.5270,0.0000,1.0108,6.0925,0.6630,5.4295,NA,NA,NA,NA,NA,NA,NA
python.exe,31548,0x0,Other,0,0,1,Hardware: Legacy Flip,2026-8-20 19:22:00.639498000,4.8258,4.8258,0.0000,0.5813,4.2589,0.0542,4.2047,11.9967,8.9201,8.4072,11160.4178,0.4730,NA,NA
python.exe,31548,0x0,Other,-1,0,0,Composed: Copy with GPU GDI,2026-8-20 19:22:00.644323800,2.2704,2.2704,0.0000,0.0144,4.8779,4.8779,0.0000,16.0910,6.0955,-4.0943,11165.2436,NA,NA,NA
python.exe,31548,0x0,Other,-1,0,0,Composed: Copy with GPU GDI,2026-8-20 19:22:00.646594200,7.7764,7.7764,0.0000,2.6219,5.4809,2.1613,3.3196,NA,NA,NA,NA,NA,NA,NA
python.exe,31548,0x0,Other,-1,0,0,Composed: Copy with GPU GDI,2026-8-20 19:22:00.654370600,4.8473,4.8473,0.0000,0.3325,5.0497,0.6259,4.4238,NA,NA,NA,NA,NA,NA,NA
python.exe,31548,0x0,Other,0,0,1,Hardware: Legacy Flip,2026-8-20 19:22:00.659217900,1.9117,1.9117,0.0000,0.5393,1.3889,0.0615,1.3274,7.2924,12.0981,8.7986,11180.1377,0.4577,NA,NA
python.exe,31548,0x0,Other,-1,0,0,Composed: Copy with GPU GDI,2026-8-20 19:22:00.661129600,4.6703,4.6703,0.0000,0.0165,5.3308,5.3308,0.0000,17.4788,4.2273,-10.1864,11182.0494,NA,NA,NA
python.exe,31548,0x0,Other,-1,0,0,Composed: Copy with GPU GDI,2026-8-20 19:22:00.665799900,4.0836,4.0836,0.0000,0.6807,3.6236,0.3133,3.3103,NA,NA,NA,NA,NA,NA,NA
python.exe,31548,0x0,Other,-1,0,0,Composed: Copy with GPU GDI,2026-8-20 19:22:00.669883500,8.7248,8.7248,0.0000,0.2235,8.9010,0.4974,8.4036,NA,NA,NA,NA,NA,NA,NA
python.exe,31548,0x0,Other,0,0,1,Hardware: Legacy Flip,2026-8-20 19:22:00.678608300,0.5678,0.5678,0.0000,0.4034,0.2113,0.0902,0.1211,4.2274,26.1667,13.2514,11199.5281,NA,NA,NA
python.exe,31548,0x0,Other,-1,0,0,Composed: Copy with GPU GDI,2026-8-20 19:22:00.679176100,22.4396,22.4396,0.0000,0.0469,22.8710,4.1438,18.7272,NA,NA,NA,NA,NA,NA,NA
python.exe,31548,0x0,Other,-1,0,0,Composed: Copy with GPU GDI,2026-8-20 19:22:00.701615700,1.5196,1.5196,0.0000,0.4810,1.1184,0.1764,0.9420,NA,NA,NA,NA,NA,NA,NA
python.exe,31548,0x0,Other,-1,0,0,Composed: Copy with GPU GDI,2026-8-20 19:22:00.703135300,0.3571,0.3571,0.0000,0.0830,0.5451,0.3447,0.2004,NA,NA,NA,NA,NA,NA,NA
python.exe,31548,0x0,Other,0,0,1,Hardware: Legacy Flip,2026-8-20 19:22:00.703492400,2.5878,2.5878,0.0000,0.2738,2.3558,0.0825,2.2733,5.5100,6.3790,-1.2826,11224.4122,NA,NA,NA
python.exe,31548,0x0,Other,-1,0,0,Composed: Copy with GPU GDI,2026-8-20 19:22:00.706080200,4.1440,4.1440,0.0000,5.0316,0.0202,0.0202,0.0000,NA,NA,NA,NA,NA,NA,NA
python.exe,31548,0x0,Other,0,0,1,Hardware: Legacy Flip,2026-8-20 19:22:00.710224200,0.8701,0.8701,0.0000,0.0000,4.9898,3.7896,1.2002,5.1572,11.7596,0.3528,11231.1440,NA,NA,NA
python.exe,31548,0x0,Other,-1,0,0,Composed: Copy with GPU GDI,2026-8-20 19:22:00.711094300,0.8054,0.8054,0.0000,0.0377,3.6583,3.6583,0.0000,16.0467,3.4918,-10.8895,11232.0141,NA,NA,NA
python.exe,31548,0x0,Other,-1,0,0,Composed: Copy with GPU GDI,2026-8-20 19:22:00.711899700,9.2189,9.2189,0.0000,2.8906,6.7277,1.0154,5.7123,NA,NA,NA,NA,NA,NA,NA
python.exe,31548,0x0,Other,-1,0,0,Composed: Copy with GPU GDI,2026-8-20 19:22:00.721118600,4.1731,4.1731,0.0000,0.4024,4.1129,0.4373,3.6756,NA,NA,NA,NA,NA,NA,NA
python.exe,31548,0x0,Other,0,0,1,Hardware: Legacy Flip,2026-8-20 19:22:00.725291700,1.7138,1.7138,0.0000,0.3456,1.3802,0.0465,1.3337,5.3411,14.7079,10.7056,11246.2115,NA,NA,NA
python.exe,31548,0x0,Other,-1,0,0,Composed: Copy with GPU GDI,2026-8-20 19:22:00.727005500,5.0534,5.0534,0.0000,0.0120,5.4211,4.0077,1.4134,18.3352,4.7053,-12.9941,11247.9253,NA,NA,NA
python.exe,31548,0x0,Other,-1,0,0,Composed: Copy with GPU GDI,2026-8-20 19:22:00.732058900,4.3829,4.3829,0.0000,0.3829,4.3188,0.4055,3.9133,NA,NA,NA,NA,NA,NA,NA
python.exe,31548,0x0,Other,-1,0,0,Composed: Copy with GPU GDI,2026-8-20 19:22:00.736441800,7.6061,7.6061,0.0000,8.0335,1.0068,1.0068,0.0000,NA,NA,NA,NA,NA,NA,NA
python.exe,31548,0x0,Other,0,0,1,Hardware: Legacy Flip,2026-8-20 19:22:00.744047900,0.4152,0.4152,0.0000,0.0000,7.7104,0.5062,7.2042,5.9981,7.4325,12.3371,11264.9677,NA,NA,NA
python.exe,31548,0x0,Other,-1,0,0,Composed: Copy with GPU GDI,2026-8-20 19:22:00.744463100,4.5176,4.5176,0.0000,1.0190,5.3675,5.3675,0.0000,13.0154,6.6453,-7.0173,11265.3829,NA,NA,NA
python.exe,31548,0x0,Other,-1,0,0,Composed: Copy with GPU GDI,2026-8-20 19:22:00.748980700,5.5373,5.5373,0.0000,1.8716,4.0201,0.4221,3.5980,NA,NA,NA,NA,NA,NA,NA
python.exe,31548,0x0,Other,-1,0,0,Composed: Copy with GPU GDI,2026-8-20 19:22:00.754518000,6.1396,6.1396,0.0000,6.5123,0.1201,0.1201,0.0000,NA,NA,NA,NA,NA,NA,NA
python.exe,31548,0x0,Other,0,0,1,Hardware: Legacy Flip,2026-8-20 19:22:00.760657600,0.3608,0.3608,0.0000,0.0000,6.1552,0.4450,5.7102,3.4662,17.6244,9.5492,11281.5774,NA,NA,NA
python.exe,31548,0x0,Other,-1,0,0,Composed: Copy with GPU GDI,2026-8-20 19:22:00.761018400,6.0367,6.0367,0.0000,0.1320,6.3885,3.4691,2.9194,20.7298,2.2229,-17.2636,11281.9382,NA,NA,NA
python.exe,31548,0x0,Other,-1,0,0,Composed: Copy with GPU GDI,2026-8-20 19:22:00.767055100,9.3905,9.3905,0.0000,0.4868,9.1765,0.3508,8.8257,NA,NA,NA,NA,NA,NA,NA
python.exe,31548,0x0,Other,0,0,1,Hardware: Legacy Flip,2026-8-20 19:22:00.776445600,2.7847,2.7847,0.0000,0.2752,2.5668,0.1059,2.4609,7.5255,14.2971,13.2043,11297.3654,NA,NA,NA
python.exe,31548,0x0,Other,-1,0,0,Composed: Copy with GPU GDI,2026-8-20 19:22:00.779230300,0.4233,0.4233,0.0000,0.0573,3.4874,3.4874,0.0000,NA,NA,NA,NA,NA,NA,NA
python.exe,31548,0x0,Other,-1,0,0,Composed: Copy with GPU GDI,2026-8-20 19:22:00.779653600,7.9284,7.9284,0.0000,3.1214,5.1809,1.5761,3.6048,NA,NA,NA,NA,NA,NA,NA
python.exe,31548,0x0,Other,-1,0,0,Composed: Copy with GPU GDI,2026-8-20 19:22:00.787582000,5.2172,5.2172,0.0000,0.3771,5.3459,0.5888,4.7571,NA,NA,NA,NA,NA,NA,NA
python.exe,31548,0x0,Other,0,0,1,Hardware: Legacy Flip,2026-8-20 19:22:00.792799200,1.1921,1.1921,0.0000,0.5089,0.7008,0.0575,0.6433,5.4690,13.8091,2.0565,11313.7190,NA,NA,NA
python.exe,31548,0x0,Other,-1,0,0,Composed: Copy with GPU GDI,2026-8-20 19:22:00.793991300,4.4543,4.4543,0.0000,0.0176,5.0140,4.8479,0.1661,18.0860,3.3824,-12.6170,11314.9111,NA,NA,NA
python.exe,31548,0x0,Other,-1,0,0,Composed: Copy with GPU GDI,2026-8-20 19:22:00.798445600,4.3350,4.3350,0.0000,0.5809,7.1825,3.4959,3.6866,NA,NA,NA,NA,NA,NA,NA
python.exe,31548,0x0,Other,-1,0,0,Composed: Copy with GPU GDI,2026-8-20 19:22:00.802780600,6.7625,6.7625,0.0000,3.4344,3.6717,0.4106,3.2611,NA,NA,NA,NA,NA,NA,NA
python.exe,31548,0x0,Other,0,0,1,Hardware: Legacy Flip,2026-8-20 19:22:00.809543100,2.0165,2.0165,0.0000,0.3472,1.6820,0.0499,1.6321,5.9166,14.8199,12.1694,11330.4629,NA,NA,NA
python.exe,31548,0x0,Other,-1,0,0,Composed: Copy with GPU GDI,2026-8-20 19:22:00.811559600,4.3495,4.3495,0.0000,0.0127,5.3880,4.9544,0.4336,18.7200,0.2443,-12.8034,11332.4794,NA,NA,NA
python.exe,31548,0x0,Other,-1,0,0,Composed: Copy with GPU GDI,2026-8-20 19:22:00.815909100,6.0584,6.0584,0.0000,1.0548,5.5437,0.6250,4.9187,NA,NA,NA,NA,NA,NA,NA
python.exe,31548,0x0,Other,-1,0,0,Composed: Copy with GPU GDI,2026-8-20 19:22:00.821967500,5.1383,5.1383,0.0000,0.5430,5.0332,0.5304,4.5028,NA,NA,NA,NA,NA,NA,NA
python.exe,31548,0x0,Other,0,0,1,Hardware: Legacy Flip,2026-8-20 19:22:00.827105800,0.4315,0.4315,0.0000,0.4379,0.0128,0.0128,0.0000,3.4181,17.9509,15.3019,11348.0256,NA,NA,NA
python.exe,31548,0x0,Other,-1,0,0,Composed: Copy with GPU GDI,2026-8-20 19:22:00.827537300,6.0276,6.0276,0.0000,0.0192,6.3896,3.3666,3.0230,20.9375,2.3290,-17.5194,11348.4571,NA,NA,NA
python.exe,31548,0x0,Other,-1,0,0,Composed: Copy with GPU GDI,2026-8-20 19:22:00.833564900,6.0431,6.0431,0.0000,0.3842,6.2016,0.6292,5.5724,NA,NA,NA,NA,NA,NA,NA
python.exe,31548,0x0,Other,0,0,1,Hardware: Legacy Flip,2026-8-20 19:22:00.839608000,5.0450,5.0450,0.0000,0.5482,4.5101,0.0519,4.4582,11.1958,9.8009,9.7417,11360.5278,NA,NA,NA
python.exe,31548,0x0,Other,-1,0,0,Composed: Copy with GPU GDI,2026-8-20 19:22:00.844653000,1.5387,1.5387,0.0000,0.0133,4.8095,4.8095,0.0000,15.9517,4.5835,-4.7559,11365.5728,NA,NA,NA
python.exe,31548,0x0,Other,-1,0,0,Composed: Copy with GPU GDI,2026-8-20 19:22:00.846191700,8.3354,8.3354,0.0000,3.2841,5.3978,1.6971,3.7007,NA,NA,NA,NA,NA,NA,NA
python.exe,31548,0x0,Other,-1,0,0,Composed: Copy with GPU GDI,2026-8-20 19:22:00.854527100,4.2091,4.2091,0.0000,0.3496,4.2223,0.4411,3.7812,NA,NA,NA,NA,NA,NA,NA
python.exe,31548,0x0,Other,0,0,1,Hardware: Legacy Flip,2026-8-20 19:22:00.858736200,2.9735,2.9735,0.0000,0.3655,2.6211,0.0502,2.5709,6.4520,13.6200,9.4997,11379.6560,NA,NA,NA
python.exe,31548,0x0,Other,-1,0,0,Composed: Copy with GPU GDI,2026-8-20 19:22:00.861709700,3.7610,3.7610,0.0000,0.0131,4.1493,3.8860,0.2633,17.0985,1.4709,-10.6465,11382.6295,NA,NA,NA
python.exe,31548,0x0,Other,-1,0,0,Composed: Copy with GPU GDI,2026-8-20 19:22:00.865470700,4.3102,4.3102,0.0000,0.4051,4.2316,0.3978,3.8338,NA,NA,NA,NA,NA,NA,NA
python.exe,31548,0x0,Other,-1,0,0,Composed: Copy with GPU GDI,2026-8-20 19:22:00.869780900,7.1412,7.1412,0.0000,0.3322,7.2274,0.4994,6.7280,NA,NA,NA,NA,NA,NA,NA
python.exe,31548,0x0,Other,0,0,1,Hardware: Legacy Flip,2026-8-20 19:22:00.876922100,0.4349,0.4349,0.0000,0.4184,0.0298,0.0298,0.0000,3.3570,16.7729,13.7415,11397.8419,NA,NA,NA
python.exe,31548,0x0,Other,-1,0,0,Composed: Copy with GPU GDI,2026-8-20 19:22:00.877357000,3.9602,3.9602,0.0000,0.0133,4.3919,3.3720,1.0199,NA,NA,NA,NA,NA,NA,NA
python.exe,31548,0x0,Other,-1,0,0,Composed: Copy with GPU GDI,2026-8-20 19:22:00.881317200,6.5353,6.5353,0.0000,0.4479,6.4310,0.4199,6.0111,NA,NA,NA,NA,NA,NA,NA
python.exe,31548,0x0,Other,-1,0,0,Composed: Copy with GPU GDI,2026-8-20 19:22:00.887852500,5.5321,5.5321,0.0000,0.3475,5.5318,0.4139,5.1179,NA,NA,NA,NA,NA,NA,NA
python.exe,31548,0x0,Other,0,0,1,Hardware: Legacy Flip,2026-8-20 19:22:00.893384600,0.8023,0.8023,0.0000,0.3516,0.4630,0.0480,0.4150,3.6674,16.8909,-0.3104,11414.3044,NA,NA,NA
python.exe,31548,0x0,Other,-1,0,0,Composed: Copy with GPU GDI,2026-8-20 19:22:00.894186900,6.8042,6.8042,0.0000,0.0123,7.3232,3.3544,3.9688,NA,NA,NA,NA,NA,NA,NA
python.exe,31548,0x0,Other,-1,0,0,Composed: Copy with GPU GDI,2026-8-20 19:22:00.900991100,8.4876,8.4876,0.0000,0.5341,8.2796,0.3935,7.8861,NA,NA,NA,NA,NA,NA,NA
python.exe,31548,0x0,Other,0,0,1,Hardware: Legacy Flip,2026-8-20 19:22:00.909478700,1.7117,1.7117,0.0000,0.3282,1.3962,0.0452,1.3510,4.4642,7.3279,-0.7968,11430.3985,NA,NA,NA
python.exe,31548,0x0,Other,-1,0,0,Composed: Copy with GPU GDI,2026-8-20 19:22:00.911190400,2.3013,2.3013,0.0000,0.0127,3.1686,3.1686,0.0000,10.0804,10.2713,-5.6162,11432.1102,NA,NA,NA
python.exe,31548,0x0,Other,-1,0,0,Composed: Copy with GPU GDI,2026-8-20 19:22:00.913491700,7.3320,7.3320,0.0000,0.8834,7.0533,0.6934,6.3599,NA,NA,NA,NA,NA,NA,NA
python.exe,31548,0x0,Other,-1,0,0,Composed: Copy with GPU GDI,2026-8-20 19:22:00.920823700,3.8640,3.8640,0.0000,0.6082,3.4834,0.3091,3.1743,NA,NA,NA,NA,NA,NA,NA
python.exe,31548,0x0,Other,0,0,1,Hardware: Legacy Flip,2026-8-20 19:22:00.924687700,2.9150,2.9150,0.0000,0.2317,2.6999,0.0589,2.6410,6.8544,14.0187,3.2260,11445.6075,NA,NA,NA
python.exe,31548,0x0,Other,-1,0,0,Composed: Copy with GPU GDI,2026-8-20 19:22:00.927602700,4.2545,4.2545,0.0000,0.0166,4.6147,4.3360,0.2787,17.9581,4.3263,-11.1037,11448.5225,NA,NA,NA
python.exe,31548,0x0,Other,-1,0,0,Composed: Copy with GPU GDI,2026-8-20 19:22:00.931857200,4.3903,4.3903,0.0000,0.3789,4.3414,0.3953,3.9461,NA,NA,NA,NA,NA,NA,NA
python.exe,31548,0x0,Other,-1,0,0,Composed: Copy with GPU GDI,2026-8-20 19:22:00.936247500,6.6951,6.6951,0.0000,8.4106,0.8062,0.8062,0.0000,NA,NA,NA,NA,NA,NA,NA
python.exe,31548,0x0,Other,0,0,1,Hardware: Legacy Flip,2026-8-20 19:22:00.942942600,1.7009,1.7009,0.0000,0.0000,8.0770,1.7801,6.2969,6.9445,13.8609,11.0136,11463.8624,NA,NA,NA
python.exe,31548,0x0,Other,-1,0,0,Composed: Copy with GPU GDI,2026-8-20 19:22:00.944643500,4.1632,4.1632,0.0000,0.8208,5.1391,5.1391,0.0000,19.1045,0.5107,-12.1600,11465.5633,NA,NA,NA
python.exe,31548,0x0,Other,-1,0,0,Composed: Copy with GPU GDI,2026-8-20 19:22:00.948806700,7.2668,7.2668,0.0000,1.8027,5.7747,0.3990,5.3757,NA,NA,NA,NA,NA,NA,NA
python.exe,31548,0x0,Other,-1,0,0,Composed: Copy with GPU GDI,2026-8-20 19:22:00.956073500,5.0327,5.0327,0.0000,0.3145,5.1236,0.4898,4.6338,NA,NA,NA,NA,NA,NA,NA
python.exe,31548,0x0,Other,0,0,1,Hardware: Legacy Flip,2026-8-20 19:22:00.961106200,0.3808,0.3808,0.0000,0.4054,0.0139,0.0139,0.0000,3.1525,15.9649,15.9520,11482.0260,NA,NA,NA
python.exe,31548,0x0,Other,-1,0,0,Composed: Copy with GPU GDI,2026-8-20 19:22:00.961487000,6.5733,6.5733,0.0000,0.0385,6.9979,3.2121,3.7858,NA,NA,NA,NA,NA,NA,NA
python.exe,31548,0x0,Other,-1,0,0,Composed: Copy with GPU GDI,2026-8-20 19:22:00.968060300,8.3085,8.3085,0.0000,0.4658,8.1622,0.3968,7.7654,NA,NA,NA,NA,NA,NA,NA
python.exe,31548,0x0,Other,0,0,1,Hardware: Legacy Flip,2026-8-20 19:22:00.976368800,1.0794,1.0794,0.0000,0.3219,0.7697,0.0510,0.7187,3.8548,7.7748,-0.7023,11497.2886,NA,NA,NA
python.exe,31548,0x0,Other,-1,0,0,Composed: Copy with GPU GDI,2026-8-20 19:22:00.977448200,1.6228,1.6228,0.0000,0.0122,3.1977,3.1977,0.0000,10.5502,11.4463,-6.6954,11498.3680,NA,NA,NA
python.exe,31548,0x0,Other,-1,0,0,Composed: Copy with GPU GDI,2026-8-20 19:22:00.979071000,8.3852,8.3852,0.0000,1.5906,7.1315,0.4186,6.7129,NA,NA,NA,NA,NA,NA,NA
python.exe,31548,0x0,Other,-1,0,0,Composed: Copy with GPU GDI,2026-8-20 19:22:00.987456200,3.3134,3.3134,0.0000,0.3405,3.4170,0.5286,2.8884,NA,NA,NA,NA,NA,NA,NA
python.exe,31548,0x0,Other,0,0,1,Hardware: Legacy Flip,2026-8-20 19:22:00.990769600,4.1203,4.1203,0.0000,0.4478,3.6980,0.0851,3.6129,8.6751,12.8307,1.8751,11511.6894,NA,NA,NA
python.exe,31548,0x0,Other,-1,0,0,Composed: Copy with GPU GDI,2026-8-20 19:22:00.994889900,4.0598,4.0598,0.0000,0.0255,5.3802,5.3802,0.0000,NA,NA,NA,NA,NA,NA,NA
python.exe,31548,0x0,Other,-1,0,0,Composed: Copy with GPU GDI,2026-8-20 19:22:00.998949700,3.9397,3.9397,0.0000,1.3503,2.7823,0.2922,2.4901,13.3257,3.4146,-4.6506,11519.8695,NA,NA,NA
python.exe,31548,0x0,Other,-1,0,0,Composed: Copy with GPU GDI,2026-8-20 19:22:01.002889400,7.4703,7.4703,0.0000,0.1973,7.5903,0.3999,7.1904,NA,NA,NA,NA,NA,NA,NA
python.exe,31548,0x0,Other,0,0,1,Hardware: Legacy Flip,2026-8-20 19:22:01.010359700,1.2450,1.2450,0.0000,0.3218,0.9388,0.0590,0.8798,5.3303,14.8028,7.9954,11531.2795,NA,NA,NA
python.exe,31548,0x0,Other,-1,0,0,Composed: Copy with GPU GDI,2026-8-20 19:22:01.011604700,3.2701,3.2701,0.0000,0.0156,4.7499,4.7499,0.0000,18.8881,1.2765,-13.5578,11532.5245,NA,NA,NA
python.exe,31548,0x0,Other,-1,0,0,Composed: Copy with GPU GDI,2026-8-20 19:22:01.014874800,7.1140,7.1140,0.0000,1.4988,5.9805,0.4467,5.5338,NA,NA,NA,NA,NA,NA,NA
python.exe,31548,0x0,Other,0,0,1,Hardware: Legacy Flip,2026-8-20 19:22:01.021988800,5.2924,5.2924,0.0000,0.3694,4.9361,0.0499,4.8862,9.7805,10.8364,9.1076,11542.9086,NA,NA,NA
python.exe,31548,0x0,Other,-1,0,0,Composed: Copy with GPU GDI,2026-8-20 19:22:01.027281200,1.1452,1.1452,0.0000,0.0131,3.2714,3.2714,0.0000,15.3245,6.0678,-5.5440,11548.2010,NA,NA,NA
python.exe,31548,0x0,Other,-1,0,0,Composed: Copy with GPU GDI,2026-8-20 19:22:01.028426400,5.5631,5.5631,0.0000,2.1393,3.7466,1.5628,2.1838,20.2471,2.4871,-4.9226,11549.3462,NA,NA,NA
python.exe,31548,0x0,Other,-1,0,0,Composed: Copy with GPU GDI,2026-8-20 19:22:01.033989500,6.0420,6.0420,0.0000,0.3269,6.0164,0.3852,5.6312,NA,NA,NA,NA,NA,NA,NA
python.exe,31548,0x0,Other,0,0,1,Hardware: Legacy Flip,2026-8-20 19:22:01.040031500,4.3614,4.3614,0.0000,0.3062,4.0683,0.0498,4.0185,11.1291,9.6311,9.1180,11560.9513,NA,NA,NA
python.exe,31548,0x0,Other,-1,0,0,Composed: Copy with GPU GDI,2026-8-20 19:22:01.044392900,2.2577,2.2577,0.0000,0.0131,4.9396,4.9396,0.0000,NA,NA,NA,NA,NA,NA,NA
python.exe,31548,0x0,Other,-1,0,0,Composed: Copy with GPU GDI,2026-8-20 19:22:01.046650600,7.7638,7.7638,0.0000,2.6950,5.4168,2.1950,3.2218,14.1411,3.9354,-3.0120,11567.5704,NA,NA,NA
python.exe,31548,0x0,Other,-1,0,0,Composed: Copy with GPU GDI,2026-8-20 19:22:01.054414400,4.3274,4.3274,0.0000,0.3514,4.7991,0.8986,3.9005,NA,NA,NA,NA,NA,NA,NA
python.exe,31548,0x0,Other,0,0,1,Hardware: Legacy Flip,2026-8-20 19:22:01.058741800,1.8975,1.8975,0.0000,0.8264,1.0842,0.0567,1.0275,5.9853,14.3072,8.1558,11579.6616,NA,NA,NA
python.exe,31548,0x0,Other,-1,0,0,Composed: Copy with GPU GDI,2026-8-20 19:22:01.060639300,4.4915,4.4915,0.0000,0.0131,4.9604,4.5742,0.3862,18.3950,1.7483,-12.4097,11581.5591,NA,NA,NA
python.exe,31548,0x0,Other,-1,0,0,Composed: Copy with GPU GDI,2026-8-20 19:22:01.065130800,4.2391,4.2391,0.0000,0.4858,4.0716,0.4018,3.6698,NA,NA,NA,NA,NA,NA,NA
python.exe,31548,0x0,Other,-1,0,0,Composed: Copy with GPU GDI,2026-8-20 19:22:01.069369900,7.5361,7.5361,0.0000,0.3215,7.5295,0.4040,7.1255,NA,NA,NA,NA,NA,NA,NA
python.exe,31548,0x0,Other,0,0,1,Hardware: Legacy Flip,2026-8-20 19:22:01.076906000,0.8997,0.8997,0.0000,0.3213,0.5957,0.0641,0.5316,3.8766,16.4175,14.5184,11597.8258,NA,NA,NA
python.exe,31548,0x0,Other,-1,0,0,Composed: Copy with GPU GDI,2026-8-20 19:22:01.077805700,4.7307,4.7307,0.0000,0.0173,5.1566,3.4257,1.7309,19.3944,0.2003,-15.5178,11598.7255,NA,NA,NA
python.exe,31548,0x0,Other,-1,0,0,Composed: Copy with GPU GDI,2026-8-20 19:22:01.082536400,5.4922,5.4922,0.0000,0.4456,5.4288,0.4609,4.9679,NA,NA,NA,NA,NA,NA,NA
python.exe,31548,0x0,Other,-1,0,0,Composed: Copy with GPU GDI,2026-8-20 19:22:01.088028600,6.2355,6.2355,0.0000,0.3859,6.1681,0.4096,5.7585,NA,NA,NA,NA,NA,NA,NA
python.exe,31548,0x0,Other,0,0,1,Hardware: Legacy Flip,2026-8-20 19:22:01.094264100,0.4842,0.4842,0.0000,0.3218,0.1766,0.0547,0.1219,3.1363,17.6552,16.2581,11615.1839,NA,NA,NA
python.exe,31548,0x0,Other,-1,0,0,Composed: Copy with GPU GDI,2026-8-20 19:22:01.094748300,5.9244,5.9244,0.0000,0.0142,6.3950,3.1607,3.2343,NA,NA,NA,NA,NA,NA,NA
python.exe,31548,0x0,Other,-1,0,0,Composed: Copy with GPU GDI,2026-8-20 19:22:01.100672700,4.9743,4.9743,0.0000,0.4877,5.8382,1.4228,4.4154,NA,NA,NA,NA,NA,NA,NA
python.exe,31548,0x0,Other,0,0,1,Hardware: Legacy Flip,2026-8-20 19:22:01.105647000,5.4233,5.4233,0.0000,1.3545,4.0825,0.0522,4.0303,9.4086,12.4806,-6.2723,11626.5668,NA,NA,NA
python.exe,31548,0x0,Other,-1,0,0,Composed: Copy with GPU GDI,2026-8-20 19:22:01.111070300,1.1136,1.1136,0.0000,0.0137,2.9501,2.9501,0.0000,16.4659,4.4080,-7.0573,11631.9901,NA,NA,NA
python.exe,31548,0x0,Other,-1,0,0,Composed: Copy with GPU GDI,2026-8-20 19:22:01.112183900,5.7615,5.7615,0.0000,1.8502,4.2286,1.3823,2.8463,NA,NA,NA,NA,NA,NA,NA
python.exe,31548,0x0,Other,-1,0,0,Composed: Copy with GPU GDI,2026-8-20 19:22:01.117945400,6.5027,6.5027,0.0000,0.3234,7.5929,1.4967,6.0962,NA,NA,NA,NA,NA,NA,NA
python.exe,31548,0x0,Other,0,0,1,Hardware: Legacy Flip,2026-8-20 19:22:01.124448100,2.8399,2.8399,0.0000,1.4160,1.4369,0.0479,1.3890,7.4961,13.8351,8.9698,11645.3679,NA,NA,NA
python.exe,31548,0x0,Other,-1,0,0,Composed: Copy with GPU GDI,2026-8-20 19:22:01.127288000,5.1767,5.1767,0.0000,0.0130,5.5781,5.0794,0.4987,18.4913,4.1775,-10.9952,11648.2078,NA,NA,NA
python.exe,31548,0x0,Other,-1,0,0,Composed: Copy with GPU GDI,2026-8-20 19:22:01.132464700,4.4790,4.4790,0.0000,0.4166,4.3984,0.4109,3.9875,NA,NA,NA,NA,NA,NA,NA
python.exe,31548,0x0,Other,-1,0,0,Composed: Copy with GPU GDI,2026-8-20 19:22:01.136943700,6.3269,6.3269,0.0000,7.8753,0.8639,0.8639,0.0000,NA,NA,NA,NA,NA,NA,NA
python.exe,31548,0x0,Other,0,0,1,Hardware: Legacy Flip,2026-8-20 19:22:01.143270600,1.5347,1.5347,0.0000,0.0000,7.5343,1.6269,5.9074,6.6862,13.7353,11.8051,11664.1904,NA,NA,NA
python.exe,31548,0x0,Other,-1,0,0,Composed: Copy with GPU GDI,2026-8-20 19:22:01.144805300,3.7388,3.7388,0.0000,0.8776,4.6593,4.6593,0.0000,NA,NA,NA,NA,NA,NA,NA
python.exe,31548,0x0,Other,-1,0,0,Composed: Copy with GPU GDI,2026-8-20 19:22:01.148544100,5.8818,5.8818,0.0000,1.8002,4.4148,0.4072,4.0076,NA,NA,NA,NA,NA,NA,NA
python.exe,31548,0x0,Other,-1,0,0,Composed: Copy with GPU GDI,2026-8-20 19:22:01.154425900,6.3852,6.3852,0.0000,0.3361,6.3321,0.3714,5.9607,NA,NA,NA,NA,NA,NA,NA
python.exe,31548,0x0,Other,0,0,1,Hardware: Legacy Flip,2026-8-20 19:22:01.160811100,0.4121,0.4121,0.0000,0.2866,0.1391,0.0484,0.0907,2.8810,17.0770,3.8052,11681.7309,NA,NA,NA
python.exe,31548,0x0,Other,-1,0,0,Composed: Copy with GPU GDI,2026-8-20 19:22:01.161223200,5.9112,5.9112,0.0000,0.0136,6.2661,2.8537,3.4124,NA,NA,NA,NA,NA,NA,NA
python.exe,31548,0x0,Other,-1,0,0,Composed: Copy with GPU GDI,2026-8-20 19:22:01.167134400,10.2449,10.2449,0.0000,0.3714,10.0710,0.3244,9.7466,NA,NA,NA,NA,NA,NA,NA
python.exe,31548,0x0,Other,0,0,1,Hardware: Legacy Flip,2026-8-20 19:22:01.177379300,0.7141,0.7141,0.0000,0.2038,0.5263,0.0609,0.4654,3.3898,7.4443,-0.5088,11698.2991,NA,NA,NA
python.exe,31548,0x0,Other,-1,0,0,Composed: Copy with GPU GDI,2026-8-20 19:22:01.178093400,1.6144,1.6144,0.0000,0.0160,3.0729,3.0729,0.0000,10.1200,10.7712,-6.7302,11699.0132,NA,NA,NA
python.exe,31548,0x0,Other,-1,0,0,Composed: Copy with GPU GDI,2026-8-20 19:22:01.179707800,8.3788,8.3788,0.0000,1.4782,7.2315,0.4315,6.8000,NA,NA,NA,NA,NA,NA,NA
python.exe,31548,0x0,Other,-1,0,0,Composed: Copy with GPU GDI,2026-8-20 19:22:01.188086600,3.1619,3.1619,0.0000,0.3355,3.1727,0.4253,2.7474,NA,NA,NA,NA,NA,NA,NA
python.exe,31548,0x0,Other,0,0,1,Hardware: Legacy Flip,2026-8-20 19:22:01.191248500,3.5084,3.5084,0.0000,0.3495,3.1752,0.0689,3.1063,7.7361,13.4778,2.3839,11712.1683,NA,NA,NA
python.exe,31548,0x0,Other,-1,0,0,Composed: Copy with GPU GDI,2026-8-20 19:22:01.194756900,5.0420,5.0420,0.0000,0.0163,5.3843,4.6000,0.7843,17.7055,3.5396,-9.9694,11715.6767,NA,NA,NA
python.exe,31548,0x0,Other,-1,0,0,Composed: Copy with GPU GDI,2026-8-20 19:22:01.199798900,3.5443,3.5443,0.0000,0.3620,3.3908,0.2939,3.0969,NA,NA,NA,NA,NA,NA,NA
python.exe,31548,0x0,Other,-1,0,0,Composed: Copy with GPU GDI,2026-8-20 19:22:01.203343200,6.7830,6.7830,0.0000,0.2121,6.9963,0.5031,6.4932,NA,NA,NA,NA,NA,NA,NA
python.exe,31548,0x0,Other,0,0,1,Hardware: Legacy Flip,2026-8-20 19:22:01.210126200,1.6686,1.6686,0.0000,0.4287,1.2548,0.0568,1.1980,5.8758,14.4792,11.8297,11731.0460,NA,NA,NA
python.exe,31548,0x0,Other,-1,0,0,Composed: Copy with GPU GDI,2026-8-20 19:22:01.211794800,3.1876,3.1876,0.0000,0.0149,4.9025,4.9025,0.0000,NA,NA,NA,NA,NA,NA,NA
python.exe,31548,0x0,Other,-1,0,0,Composed: Copy with GPU GDI,2026-8-20 19:22:01.214982400,7.6215,7.6215,0.0000,1.7337,9.0570,3.2547,5.8023,NA,NA,NA,NA,NA,NA,NA
python.exe,31548,0x0,Other,0,0,1,Hardware: Legacy Flip,2026-8-20 19:22:01.222603900,5.4166,5.4166,0.0000,3.1734,2.2590,0.0631,2.1959,7.8773,18.3824,-2.0015,11743.5237,NA,NA,NA
python.exe,31548,0x0,Other,-1,0,0,Composed: Copy with GPU GDI,2026-8-20 19:22:01.228020500,0.2162,0.2162,0.0000,0.0158,2.8829,2.8829,0.0000,NA,NA,NA,NA,NA,NA,NA
python.exe,31548,0x0,Other,-1,0,0,Composed: Copy with GPU GDI,2026-8-20 19:22:01.228236700,5.5112,5.5112,0.0000,2.6855,3.1534,0.4016,2.7518,20.6269,0.3177,-12.7496,11749.1565,NA,NA,NA
python.exe,31548,0x0,Other,-1,0,0,Composed: Copy with GPU GDI,2026-8-20 19:22:01.233747900,9.6160,9.6160,0.0000,11.2592,0.1572,0.1572,0.0000,NA,NA,NA,NA,NA,NA,NA
python.exe,31548,0x0,Other,0,0,1,Hardware: Legacy Flip,2026-8-20 19:22:01.243363900,1.6292,1.6292,0.0000,0.0000,10.9279,1.7398,9.1881,5.8174,5.7506,14.8095,11764.2837,NA,NA,NA
python.exe,31548,0x0,Other,-1,0,0,Composed: Copy with GPU GDI,2026-8-20 19:22:01.244993100,0.6424,0.6424,0.0000,0.1712,3.2595,3.2595,0.0000,9.9388,9.8931,-4.1214,11765.9129,NA,NA,NA
python.exe,31548,0x0,Other,-1,0,0,Composed: Copy with GPU GDI,2026-8-20 19:22:01.245635500,8.3692,8.3692,0.0000,2.7883,6.0117,1.1958,4.8159,NA,NA,NA,NA,NA,NA,NA
python.exe,31548,0x0,Other,-1,0,0,Composed: Copy with GPU GDI,2026-8-20 19:22:01.254004700,4.2930,4.2930,0.0000,0.4341,4.3449,0.5668,3.7781,NA,NA,NA,NA,NA,NA,NA
python.exe,31548,0x0,Other,0,0,1,Hardware: Legacy Flip,2026-8-20 19:22:01.258297700,1.7294,1.7294,0.0000,0.4898,1.2517,0.0456,1.2061,6.5273,14.3766,3.4115,11779.2175,NA,NA,NA
python.exe,31548,0x0,Other,-1,0,0,Composed: Copy with GPU GDI,2026-8-20 19:22:01.260027100,5.8757,5.8757,0.0000,0.0121,6.3352,5.2859,1.0493,19.1745,0.9471,-12.6472,11780.9469,NA,NA,NA
python.exe,31548,0x0,Other,-1,0,0,Composed: Copy with GPU GDI,2026-8-20 19:22:01.265902800,3.5420,3.5420,0.0000,0.4744,3.3883,0.4036,2.9847,NA,NA,NA,NA,NA,NA,NA
python.exe,31548,0x0,Other,-1,0,0,Composed: Copy with GPU GDI,2026-8-20 19:22:01.269444800,7.5954,7.5954,0.0000,0.3257,7.5804,0.3917,7.1887,NA,NA,NA,NA,NA,NA,NA
python.exe,31548,0x0,Other,0,0,1,Hardware: Legacy Flip,2026-8-20 19:22:01.277040200,0.4111,0.4111,0.0000,0.3154,0.1078,0.0454,0.0624,3.1085,17.4035,16.0660,11797.9600,NA,NA,NA
python.exe,31548,0x0,Other,-1,0,0,Composed: Copy with GPU GDI,2026-8-20 19:22:01.277451300,4.6083,4.6083,0.0000,0.0121,5.1319,3.2258,1.9061,20.1009,0.5977,-16.9924,11798.3711,NA,NA,NA
python.exe,31548,0x0,Other,-1,0,0,Composed: Copy with GPU GDI,2026-8-20 19:22:01.282059600,6.0441,6.0441,0.0000,0.5387,5.8314,0.3953,5.4361,NA,NA,NA,NA,NA,NA,NA
python.exe,31548,0x0,Other,0,0,1,Hardware: Legacy Flip,2026-8-20 19:22:01.288103700,5.5984,5.5984,0.0000,0.3294,5.2828,0.0494,5.2334,10.0462,11.3754,10.0547,11809.0235,NA,NA,NA
python.exe,31548,0x0,Other,-1,0,0,Composed: Copy with GPU GDI,2026-8-20 19:22:01.293702100,1.3988,1.3988,0.0000,0.0138,3.9229,3.9229,0.0000,15.8232,2.7097,-5.7770,11814.6219,NA,NA,NA
python.exe,31548,0x0,Other,-1,0,0,Composed: Copy with GPU GDI,2026-8-20 19:22:01.295100900,6.0446,6.0446,0.0000,2.5379,3.6544,0.6845,2.9699,NA,NA,NA,NA,NA,NA,NA
python.exe,31548,0x0,Other,-1,0,0,Composed: Copy with GPU GDI,2026-8-20 19:22:01.301145500,4.9837,4.9837,0.0000,0.1521,4.9850,0.2179,4.7671,NA,NA,NA,NA,NA,NA,NA
python.exe,31548,0x0,Other,0,0,1,Hardware: Legacy Flip,2026-8-20 19:22:01.306129200,4.5566,4.5566,0.0000,0.1573,4.4116,0.0493,4.3623,6.1058,15.4983,9.7174,11827.0490,NA,NA,NA
python.exe,31548,0x0,Other,-1,0,0,Composed: Copy with GPU GDI,2026-8-20 19:22:01.310685800,2.5842,2.5842,0.0000,0.0123,2.7138,1.7075,1.0063,17.0475,0.9043,-10.9417,11831.6056,NA,NA,NA
python.exe,31548,0x0,Other,-1,0,0,Composed: Copy with GPU GDI,2026-8-20 19:22:01.313270000,7.5845,7.5845,0.0000,0.1457,7.5908,0.2174,7.3734,NA,NA,NA,NA,NA,NA,NA
python.exe,31548,0x0,Other,-1,0,0,Composed: Copy with GPU GDI,2026-8-20 19:22:01.320854500,4.4974,4.4974,0.0000,0.1558,4.4911,0.2247,4.2664,NA,NA,NA,NA,NA,NA,NA
python.exe,31548,0x0,Other,0,0,1,Hardware: Legacy Flip,2026-8-20 19:22:01.325351900,1.7079,1.7079,0.0000,0.1538,1.5906,0.0677,1.5229,3.2857,17.2832,13.7618,11846.2717,NA,NA,NA
python.exe,31548,0x0,Other,-1,0,0,Composed: Copy with GPU GDI,2026-8-20 19:22:01.327059800,5.6525,5.6525,0.0000,0.0365,5.7614,1.7106,4.0508,18.8610,0.1916,-15.5753,11847.9796,NA,NA,NA
python.exe,31548,0x0,Other,-1,0,0,Composed: Copy with GPU GDI,2026-8-20 19:22:01.332712300,4.1967,4.1967,0.0000,0.1506,4.1986,0.2263,3.9723,NA,NA,NA,NA,NA,NA,NA
python.exe,31548,0x0,Other,-1,0,0,Composed: Copy with GPU GDI,2026-8-20 19:22:01.336909000,7.1611,7.1611,0.0000,0.1572,7.1381,0.2190,6.9191,NA,NA,NA,NA,NA,NA,NA
python.exe,31548,0x0,Other,0,0,1,Hardware: Legacy Flip,2026-8-20 19:22:01.344070100,0.3929,0.3929,0.0000,0.1387,0.2948,0.0775,0.2173,2.0423,17.7673,16.8187,11864.9899,NA,NA,NA
python.exe,31548,0x0,Other,-1,0,0,Composed: Copy with GPU GDI,2026-8-20 19:22:01.344463000,4.0523,4.0523,0.0000,0.0406,4.1582,1.7818,2.3764,NA,NA,NA,NA,NA,NA,NA
python.exe,31548,0x0,Other,-1,0,0,Composed: Copy with GPU GDI,2026-8-20 19:22:01.348515300,6.0811,6.0811,0.0000,0.1513,6.0713,0.2253,5.8460,NA,NA,NA,NA,NA,NA,NA
python.exe,31548,0x0,Other,-1,0,0,Composed: Copy with GPU GDI,2026-8-20 19:22:01.354596400,7.2579,7.2579,0.0000,0.1465,7.2529,0.2289,7.0240,NA,NA,NA,NA,NA,NA,NA
python.exe,31548,0x0,Other,0,0,1,Hardware: Legacy Flip,2026-8-20 19:22:01.361854300,0.4496,0.4496,0.0000,0.1454,0.3985,0.1289,0.2696,2.0254,15.2631,0.0169,11882.7741,NA,NA,NA
python.exe,31548,0x0,Other,-1,0,0,Composed: Copy with GPU GDI,2026-8-20 19:22:01.362303900,4.9195,4.9195,0.0000,0.0943,4.9779,1.6469,3.3310,NA,NA,NA,NA,NA,NA,NA
python.exe,31548,0x0,Other,-1,0,0,Composed: Copy with GPU GDI,2026-8-20 19:22:01.367223400,9.3902,9.3902,0.0000,0.1573,9.3803,0.2326,9.1477,NA,NA,NA,NA,NA,NA,NA
python.exe,31548,0x0,Other,0,0,1,Hardware: Legacy Flip,2026-8-20 19:22:01.376613600,0.9602,0.9602,0.0000,0.1517,0.8202,0.0452,0.7750,2.5292,9.2439,-0.5038,11897.5334,NA,NA,NA
python.exe,31548,0x0,Other,-1,0,0,Composed: Copy with GPU GDI,2026-8-20 19:22:01.377573800,0.6599,0.6599,0.0000,0.0117,1.7107,1.7107,0.0000,10.8129,8.6454,-8.2837,11898.4936,NA,NA,NA
python.exe,31548,0x0,Other,-1,0,0,Composed: Copy with GPU GDI,2026-8-20 19:22:01.378233700,9.1115,9.1115,0.0000,1.0649,8.1920,0.2144,7.9776,NA,NA,NA,NA,NA,NA,NA
python.exe,31548,0x0,Other,-1,0,0,Composed: Copy with GPU GDI,2026-8-20 19:22:01.387345200,4.5321,4.5321,0.0000,0.1518,4.5278,0.2299,4.2979,NA,NA,NA,NA,NA,NA,NA
python.exe,31548,0x0,Other,0,0,1,Hardware: Legacy Flip,2026-8-20 19:22:01.391877300,3.5605,3.5605,0.0000,0.1522,3.4210,0.0541,3.3669,5.1548,15.3571,5.6581,11912.7971,NA,NA,NA
python.exe,31548,0x0,Other,-1,0,0,Composed: Copy with GPU GDI,2026-8-20 19:22:01.395437800,4.4089,4.4089,0.0000,0.0127,4.5510,1.7479,2.8031,NA,NA,NA,NA,NA,NA,NA
python.exe,31548,0x0,Other,-1,0,0,Composed: Copy with GPU GDI,2026-8-20 19:22:01.399846700,3.5715,3.5715,0.0000,0.1584,3.5586,0.2272,3.3314,NA,NA,NA,NA,NA,NA,NA
python.exe,31548,0x0,Other,0,0,1,Hardware: Legacy Flip,2026-8-20 19:22:01.403418200,7.3304,7.3304,0.0000,0.1506,7.1936,0.0503,7.1433,8.9710,12.4036,-3.8162,11924.3380,NA,NA,NA
python.exe,31548,0x0,Other,-1,0,0,Composed: Copy with GPU GDI,2026-8-20 19:22:01.410748600,0.2444,0.2444,0.0000,0.0138,1.7360,1.7360,0.0000,14.0442,4.3184,-5.0732,11931.6684,NA,NA,NA
python.exe,31548,0x0,Other,-1,0,0,Composed: Copy with GPU GDI,2026-8-20 19:22:01.410993000,4.4720,4.4720,0.0000,1.5095,3.1133,0.2202,2.8931,NA,NA,NA,NA,NA,NA,NA
python.exe,31548,0x0,Other,-1,0,0,Composed: Copy with GPU GDI,2026-8-20 19:22:01.415465000,6.0620,6.0620,0.0000,0.1543,6.0574,0.2182,5.8392,NA,NA,NA,NA,NA,NA,NA
python.exe,31548,0x0,Other,-1,0,0,Composed: Copy with GPU GDI,2026-8-20 19:22:01.421527000,5.6158,5.6158,0.0000,0.1535,5.6110,0.2177,5.3933,NA,NA,NA,NA,NA,NA,NA
python.exe,31548,0x0,Other,0,0,1,Hardware: Legacy Flip,2026-8-20 19:22:01.427142800,0.3714,0.3714,0.0000,0.1519,0.2314,0.0437,0.1877,1.9684,17.3730,12.0758,11948.0626,NA,NA,NA
python.exe,31548,0x0,Other,-1,0,0,Composed: Copy with GPU GDI,2026-8-20 19:22:01.427514200,6.6037,6.6037,0.0000,0.0119,6.7283,1.7571,4.9712,NA,NA,NA,NA,NA,NA,NA
python.exe,31548,0x0,Other,-1,0,0,Composed: Copy with GPU GDI,2026-8-20 19:22:01.434117900,8.6536,8.6536,0.0000,0.1413,8.6657,0.2194,8.4463,NA,NA,NA,NA,NA,NA,NA
python.exe,31548,0x0,Other,0,0,1,Hardware: Legacy Flip,2026-8-20 19:22:01.442771500,2.1403,2.1403,0.0000,0.1568,1.9952,0.0442,1.9510,3.7127,14.7164,-1.7443,11963.6913,NA,NA,NA
python.exe,31548,0x0,Other,-1,0,0,Composed: Copy with GPU GDI,2026-8-20 19:22:01.444911800,0.6665,0.6665,0.0000,0.0117,1.7138,1.7138,0.0000,16.2888,1.4767,-12.5761,11965.8316,NA,NA,NA
python.exe,31548,0x0,Other,-1,0,0,Composed: Copy with GPU GDI,2026-8-20 19:22:01.445578300,8.6707,8.6707,0.0000,1.0614,7.7703,0.2297,7.5406,NA,NA,NA,NA,NA,NA,NA
python.exe,31548,0x0,Other,-1,0,0,Composed: Copy with GPU GDI,2026-8-20 19:22:01.454249000,2.9627,2.9627,0.0000,0.1651,3.3584,0.6237,2.7347,NA,NA,NA,NA,NA,NA,NA
python.exe,31548,0x0,Other,0,0,1,Hardware: Legacy Flip,2026-8-20 19:22:01.457211700,3.8989,3.8989,0.0000,0.5635,3.3496,0.0523,3.2973,5.4656,16.7053,10.8232,11978.1315,NA,NA,NA
python.exe,31548,0x0,Other,-1,0,0,Composed: Copy with GPU GDI,2026-8-20 19:22:01.461110600,4.3087,4.3087,0.0000,0.0142,4.4489,1.7213,2.7276,18.2720,0.2354,-12.8064,11982.0304,NA,NA,NA
python.exe,31548,0x0,Other,-1,0,0,Composed: Copy with GPU GDI,2026-8-20 19:22:01.465419300,4.3765,4.3765,0.0000,0.1583,4.3728,0.2171,4.1557,NA,NA,NA,NA,NA,NA,NA
python.exe,31548,0x0,Other,-1,0,0,Composed: Copy with GPU GDI,2026-8-20 19:22:01.469795800,7.0133,7.0133,0.0000,0.1584,7.0103,0.2177,6.7926,NA,NA,NA,NA,NA,NA,NA
python.exe,31548,0x0,Other,0,0,1,Hardware: Legacy Flip,2026-8-20 19:22:01.476809100,1.2779,1.2779,0.0000,0.1592,1.1303,0.0450,1.0853,2.8089,16.3578,15.4631,11997.7289,NA,NA,NA
python.exe,31548,0x0,Other,-1,0,0,Composed: Copy with GPU GDI,2026-8-20 19:22:01.478087000,4.2707,4.2707,0.0000,0.0116,4.4070,1.6969,2.7101,NA,NA,NA,NA,NA,NA,NA
python.exe,31548,0x0,Other,-1,0,0,Composed: Copy with GPU GDI,2026-8-20 19:22:01.482357700,6.5009,6.5009,0.0000,0.1529,6.5023,0.2187,6.2836,NA,NA,NA,NA,NA,NA,NA
python.exe,31548,0x0,Other,-1,0,0,Composed: Copy with GPU GDI,2026-8-20 19:22:01.488858600,5.1581,5.1581,0.0000,0.1582,5.1528,0.2258,4.9270,NA,NA,NA,NA,NA,NA,NA
python.exe,31548,0x0,Other,0,0,1,Hardware: Legacy Flip,2026-8-20 19:22:01.494016700,0.4039,0.4039,0.0000,0.1568,0.2595,0.0459,0.2136,1.9591,16.7661,0.8498,12014.9365,NA,NA,NA
python.exe,31548,0x0,Other,-1,0,0,Composed: Copy with GPU GDI,2026-8-20 19:22:01.494420600,5.9765,5.9765,0.0000,0.0124,6.1156,1.7056,4.4100,NA,NA,NA,NA,NA,NA,NA
python.exe,31548,0x0,Other,-1,0,0,Composed: Copy with GPU GDI,2026-8-20 19:22:01.500397100,9.1544,9.1544,0.0000,0.1558,9.1826,0.2488,8.9338,NA,NA,NA,NA,NA,NA,NA
python.exe,31548,0x0,Other,0,0,1,Hardware: Legacy Flip,2026-8-20 19:22:01.509551500,1.6512,1.6512,0.0000,0.1878,1.4760,0.0447,1.4313,3.1904,15.1827,-1.2313,12030.4713,NA,NA,NA
python.exe,31548,0x0,Other,-1,0,0,Composed: Copy with GPU GDI,2026-8-20 19:22:01.511202700,1.8419,1.8419,0.0000,0.0126,1.9839,1.6971,0.2868,16.7219,1.1609,-13.5315,12032.1225,NA,NA,NA
python.exe,31548,0x0,Other,-1,0,0,Composed: Copy with GPU GDI,2026-8-20 19:22:01.513044600,7.4603,7.4603,0.0000,0.1581,7.4563,0.2178,7.2385,NA,NA,NA,NA,NA,NA,NA
python.exe,31548,0x0,Other,-1,0,0,Composed: Copy with GPU GDI,2026-8-20 19:22:01.520504900,5.6030,5.6030,0.0000,0.1579,5.5957,0.2195,5.3762,NA,NA,NA,NA,NA,NA,NA
python.exe,31548,0x0,Other,0,0,1,Hardware: Legacy Flip,2026-8-20 19:22:01.526107900,1.4040,1.4040,0.0000,0.1541,1.2626,0.0462,1.2164,2.9776,16.7328,13.7443,12047.0277,NA,NA,NA
python.exe,31548,0x0,Other,-1,0,0,Composed: Copy with GPU GDI,2026-8-20 19:22:01.527511900,4.3069,4.3069,0.0000,0.0127,4.4539,1.7391,2.7148,NA,NA,NA,NA,NA,NA,NA
python.exe,31548,0x0,Other,-1,0,0,Composed: Copy with GPU GDI,2026-8-20 19:22:01.531818800,4.3529,4.3529,0.0000,0.1639,4.3359,0.2147,4.1212,NA,NA,NA,NA,NA,NA,NA
python.exe,31548,0x0,Other,-1,0,0,Composed: Copy with GPU GDI,2026-8-20 19:22:01.536171700,7.7381,7.7381,0.0000,0.1495,7.7277,0.2212,7.5065,NA,NA,NA,NA,NA,NA,NA
python.exe,31548,0x0,Other,0,0,1,Hardware: Legacy Flip,2026-8-20 19:22:01.543909800,0.3721,0.3721,0.0000,0.1424,0.2420,0.0448,0.1972,1.9085,17.7327,1.0691,12064.8296,NA,NA,NA
python.exe,31548,0x0,Other,-1,0,0,Composed: Copy with GPU GDI,2026-8-20 19:22:01.544281900,4.5047,4.5047,0.0000,0.0123,4.6448,1.6926,2.9522,NA,NA,NA,NA,NA,NA,NA
python.exe,31548,0x0,Other,-1,0,0,Composed: Copy with GPU GDI,2026-8-20 19:22:01.548786600,7.4594,7.4594,0.0000,0.1561,7.4338,0.2190,7.2148,NA,NA,NA,NA,NA,NA,NA
python.exe,31548,0x0,Other,-1,0,0,Composed: Copy with GPU GDI,2026-8-20 19:22:01.556246000,5.3065,5.3065,0.0000,0.1345,5.3111,0.2253,5.0858,NA,NA,NA,NA,NA,NA,NA
python.exe,31548,0x0,Other,0,0,1,Hardware: Legacy Flip,2026-8-20 19:22:01.561552500,0.4455,0.4455,0.0000,0.1424,0.3154,0.0488,0.2666,1.9985,15.3541,-0.0900,12082.4723,NA,NA,NA
python.exe,31548,0x0,Other,-1,0,0,Composed: Copy with GPU GDI,2026-8-20 19:22:01.561998000,4.8463,4.8463,0.0000,0.0123,4.9853,1.7020,3.2833,NA,NA,NA,NA,NA,NA,NA
python.exe,31548,0x0,Other,-1,0,0,Composed: Copy with GPU GDI,2026-8-20 19:22:01.566844300,6.0317,6.0317,0.0000,0.1552,6.0283,0.2177,5.8106,NA,NA,NA,NA,NA,NA,NA
python.exe,31548,0x0,Other,0,0,1,Hardware: Legacy Flip,2026-8-20 19:22:01.572876000,4.3474,4.3474,0.0000,0.1557,4.2055,0.0509,4.1546,6.0291,15.7489,-4.0306,12093.7958,NA,NA,NA
python.exe,31548,0x0,Other,-1,0,0,Composed: Copy with GPU GDI,2026-8-20 19:22:01.577223400,1.7794,1.7794,0.0000,0.0138,1.8987,1.8309,0.0678,17.4306,0.1930,-11.4015,12098.1432,NA,NA,NA
python.exe,31548,0x0,Other,-1,0,0,Composed: Copy with GPU GDI,2026-8-20 19:22:01.579002800,8.6814,8.6814,0.0000,0.1366,8.7039,0.2305,8.4734,NA,NA,NA,NA,NA,NA,NA
python.exe,31548,0x0,Other,-1,0,0,Composed: Copy with GPU GDI,2026-8-20 19:22:01.587684200,3.3404,3.3404,0.0000,0.1627,3.3278,0.2206,3.1072,NA,NA,NA,NA,NA,NA,NA
python.exe,31548,0x0,Other,0,0,1,Hardware: Legacy Flip,2026-8-20 19:22:01.591024600,2.2800,2.2800,0.0000,0.1540,2.1658,0.0713,2.0945,3.8224,17.7884,13.6082,12111.9444,NA,NA,NA
python.exe,31548,0x0,Other,-1,0,0,Composed: Copy with GPU GDI,2026-8-20 19:22:01.593304600,5.4979,5.4979,0.0000,0.0398,5.6084,1.6686,3.9398,NA,NA,NA,NA,NA,NA,NA
python.exe,31548,0x0,Other,-1,0,0,Composed: Copy with GPU GDI,2026-8-20 19:22:01.598802500,4.3075,4.3075,0.0000,0.1541,4.3063,0.2181,4.0882,NA,NA,NA,NA,NA,NA,NA
python.exe,31548,0x0,Other,-1,0,0,Composed: Copy with GPU GDI,2026-8-20 19:22:01.603110000,7.7384,7.7384,0.0000,0.1567,7.7379,0.2354,7.5025,NA,NA,NA,NA,NA,NA,NA
python.exe,31548,0x0,Other,0,0,1,Hardware: Legacy Flip,2026-8-20 19:22:01.610848400,0.2534,0.2534,0.0000,0.1624,0.1321,0.0769,0.0552,1.7870,16.6199,2.0354,12131.7682,NA,NA,NA
python.exe,31548,0x0,Other,-1,0,0,Composed: Copy with GPU GDI,2026-8-20 19:22:01.611101800,3.7225,3.7225,0.0000,0.0411,3.8313,1.6575,2.1738,NA,NA,NA,NA,NA,NA,NA
python.exe,31548,0x0,Other,-1,0,0,Composed: Copy with GPU GDI,2026-8-20 19:22:01.614824300,7.6061,7.6061,0.0000,0.1534,7.6026,0.2195,7.3831,NA,NA,NA,NA,NA,NA,NA
python.exe,31548,0x0,Other,0,0,1,Hardware: Legacy Flip,2026-8-20 19:22:01.622430400,5.2804,5.2804,0.0000,0.1533,5.1412,0.0515,5.0897,6.8249,13.9256,-5.0379,12143.3502,NA,NA,NA
python.exe,31548,0x0,Other,-1,0,0,Composed: Copy with GPU GDI,2026-8-20 19:22:01.627710800,3.9195,3.9195,0.0000,0.0141,4.1936,1.8411,2.3525,NA,NA,NA,NA,NA,NA,NA
python.exe,31548,0x0,Other,-1,0,0,Composed: Copy with GPU GDI,2026-8-20 19:22:01.631630300,1.8664,1.8664,0.0000,0.2912,1.6317,0.1112,1.5205,11.5506,2.3379,-4.7257,12152.5501,NA,NA,NA
python.exe,31548,0x0,Other,-1,0,0,Composed: Copy with GPU GDI,2026-8-20 19:22:01.633496700,9.1179,9.1179,0.0000,0.0603,9.2063,0.2155,8.9908,NA,NA,NA,NA,NA,NA,NA
python.exe,31548,0x0,Other,0,0,1,Hardware: Legacy Flip,2026-8-20 19:22:01.642614600,1.3610,1.3610,0.0000,0.1523,1.2422,0.0688,1.1734,2.9042,15.8685,8.6464,12163.5344,NA,NA,NA
python.exe,31548,0x0,Other,-1,0,0,Composed: Copy with GPU GDI,2026-8-20 19:22:01.643975600,2.1313,2.1313,0.0000,0.0335,2.2537,1.6806,0.5731,17.4117,0.1861,-14.5075,12164.8954,NA,NA,NA
python.exe,31548,0x0,Other,-1,0,0,Composed: Copy with GPU GDI,2026-8-20 19:22:01.646106900,7.5564,7.5564,0.0000,0.1598,7.5497,0.2180,7.3317,NA,NA,NA,NA,NA,NA,NA
python.exe,31548,0x0,Other,-1,0,0,Composed: Copy with GPU GDI,2026-8-20 19:22:01.653663300,3.9998,3.9998,0.0000,0.1575,3.9945,0.2206,3.7739,NA,NA,NA,NA,NA,NA,NA
python.exe,31548,0x0,Other,0,0,1,Hardware: Legacy Flip,2026-8-20 19:22:01.657663100,2.4049,2.4049,0.0000,0.1556,2.2955,0.0848,2.2107,3.9103,18.1004,13.5014,12178.5829,NA,NA,NA
python.exe,31548,0x0,Other,-1,0,0,Composed: Copy with GPU GDI,2026-8-20 19:22:01.660068000,5.2699,5.2699,0.0000,0.0462,5.3697,1.6265,3.7432,NA,NA,NA,NA,NA,NA,NA
python.exe,31548,0x0,Other,-1,0,0,Composed: Copy with GPU GDI,2026-8-20 19:22:01.665337900,4.4212,4.4212,0.0000,0.1497,4.4198,0.2170,4.2028,NA,NA,NA,NA,NA,NA,NA
python.exe,31548,0x0,Other,-1,0,0,Composed: Copy with GPU GDI,2026-8-20 19:22:01.669759100,6.7437,6.7437,0.0000,0.1520,6.7533,0.2288,6.5245,NA,NA,NA,NA,NA,NA,NA
python.exe,31548,0x0,Other,0,0,1,Hardware: Legacy Flip,2026-8-20 19:22:01.676502800,1.5905,1.5905,0.0000,0.1655,1.4628,0.0691,1.3937,3.1710,16.8603,0.7393,12197.4226,NA,NA,NA
python.exe,31548,0x0,Other,-1,0,0,Composed: Copy with GPU GDI,2026-8-20 19:22:01.678093300,3.8377,3.8377,0.0000,0.0378,3.9522,1.7080,2.2442,NA,NA,NA,NA,NA,NA,NA
python.exe,31548,0x0,Other,-1,0,0,Composed: Copy with GPU GDI,2026-8-20 19:22:01.681931000,6.5119,6.5119,0.0000,0.1562,6.5085,0.2185,6.2900,NA,NA,NA,NA,NA,NA,NA
python.exe,31548,0x0,Other,-1,0,0,Composed: Copy with GPU GDI,2026-8-20 19:22:01.688442900,6.1085,6.1085,0.0000,0.1565,6.1322,0.2558,5.8764,NA,NA,NA,NA,NA,NA,NA
python.exe,31548,0x0,Other,0,0,1,Hardware: Legacy Flip,2026-8-20 19:22:01.694551400,0.4637,0.4637,0.0000,0.1834,0.2945,0.0504,0.2441,1.9827,19.4563,1.1883,12215.4712,NA,NA,NA
python.exe,31548,0x0,Other,-1,0,0,Composed: Copy with GPU GDI,2026-8-20 19:22:01.695015100,5.5561,5.5561,0.0000,0.0142,5.6937,1.6709,4.0228,20.9753,8.5489,-18.9926,12215.9349,NA,NA,NA
python.exe,31548,0x0,Other,-1,0,0,Composed: Copy with GPU GDI,2026-8-20 19:22:01.700571200,20.2134,20.2134,0.0000,0.1562,20.1795,0.2208,19.9587,NA,NA,NA,NA,NA,NA,NA
python.exe,31548,0x0,Other,-1,0,0,Composed: Copy with GPU GDI,2026-8-20 19:22:01.720784600,0.4089,0.4089,0.0000,0.1249,0.3452,0.1166,0.2286,NA,NA,NA,NA,NA,NA,NA
python.exe,31548,0x0,Other,0,0,1,Hardware: Legacy Flip,2026-8-20 19:22:01.721193500,1.8728,1.8728,0.0000,0.0658,1.8447,0.0711,1.7736,3.3458,15.7194,17.6295,12242.1133,NA,NA,NA
python.exe,31548,0x0,Other,-1,0,0,Composed: Copy with GPU GDI,2026-8-20 19:22:01.723066300,2.0145,2.0145,0.0000,0.0377,2.1298,1.5985,0.5313,17.1924,5.4686,-13.8466,12243.9861,NA,NA,NA
python.exe,31548,0x0,Other,-1,0,0,Composed: Copy with GPU GDI,2026-8-20 19:22:01.725080800,6.7406,6.7406,0.0000,0.1567,6.7350,0.2179,6.5171,NA,NA,NA,NA,NA,NA,NA
python.exe,31548,0x0,Other,-1,0,0,Composed: Copy with GPU GDI,2026-8-20 19:22:01.731821400,4.3081,4.3081,0.0000,0.1549,4.3063,0.2169,4.0894,NA,NA,NA,NA,NA,NA,NA
python.exe,31548,0x0,Other,-1,0,0,Composed: Copy with GPU GDI,2026-8-20 19:22:01.736129500,7.7298,7.7298,0.0000,0.1568,7.7258,0.2277,7.4981,NA,NA,NA,NA,NA,NA,NA
python.exe,31548,0x0,Other,0,0,1,Hardware: Legacy Flip,2026-8-20 19:22:01.743859300,0.3664,0.3664,0.0000,0.1564,0.2479,0.0739,0.1740,1.8680,16.5191,15.3244,12264.7791,NA,NA,NA
python.exe,31548,0x0,Other,-1,0,0,Composed: Copy with GPU GDI,2026-8-20 19:22:01.744225700,3.9803,3.9803,0.0000,0.0379,4.5030,2.0456,2.4574,NA,NA,NA,NA,NA,NA,NA
python.exe,31548,0x0,Other,-1,0,0,Composed: Copy with GPU GDI,2026-8-20 19:22:01.748206000,7.0227,7.0227,0.0000,0.5642,6.6052,0.2171,6.3881,NA,NA,NA,NA,NA,NA,NA
python.exe,31548,0x0,Other,-1,0,0,Composed: Copy with GPU GDI,2026-8-20 19:22:01.755228700,5.1366,5.1366,0.0000,0.1503,5.1334,0.2151,4.9183,NA,NA,NA,NA,NA,NA,NA
python.exe,31548,0x0,Other,0,0,1,Hardware: Legacy Flip,2026-8-20 19:22:01.760365300,0.3759,0.3759,0.0000,0.1502,0.2385,0.0455,0.1930,1.8811,16.8676,-0.0131,12281.2851,NA,NA,NA
python.exe,31548,0x0,Other,-1,0,0,Composed: Copy with GPU GDI,2026-8-20 19:22:01.760741200,5.4837,5.4837,0.0000,0.0128,5.6236,1.6563,3.9673,NA,NA,NA,NA,NA,NA,NA
python.exe,31548,0x0,Other,-1,0,0,Composed: Copy with GPU GDI,2026-8-20 19:22:01.766224900,10.7031,10.7031,0.0000,0.1565,10.6985,0.2252,10.4733,NA,NA,NA,NA,NA,NA,NA
python.exe,31548,0x0,Other,0,0,1,Hardware: Legacy Flip,2026-8-20 19:22:01.776928000,0.6570,0.6570,0.0000,0.1555,0.5384,0.0701,0.4683,2.1860,9.6714,-0.3049,12297.8478,NA,NA,NA
python.exe,31548,0x0,Other,-1,0,0,Composed: Copy with GPU GDI,2026-8-20 19:22:01.777585000,0.6958,0.6958,0.0000,0.0369,1.6282,1.6282,0.0000,11.2004,6.9671,-9.0144,12298.5048,NA,NA,NA
python.exe,31548,0x0,Other,-1,0,0,Composed: Copy with GPU GDI,2026-8-20 19:22:01.778280800,9.1715,9.1715,0.0000,0.9718,8.3375,0.2149,8.1226,NA,NA,NA,NA,NA,NA,NA
python.exe,31548,0x0,Other,-1,0,0,Composed: Copy with GPU GDI,2026-8-20 19:22:01.787452300,4.4217,4.4217,0.0000,0.1417,4.4338,0.2228,4.2110,NA,NA,NA,NA,NA,NA,NA
python.exe,31548,0x0,Other,0,0,1,Hardware: Legacy Flip,2026-8-20 19:22:01.791874000,2.3798,2.3798,0.0000,0.1574,2.2371,0.0527,2.1844,3.8785,16.0707,7.3219,12312.7938,NA,NA,NA
python.exe,31548,0x0,Other,-1,0,0,Composed: Copy with GPU GDI,2026-8-20 19:22:01.794253800,4.6317,4.6317,0.0000,0.0147,4.7713,1.6537,3.1176,NA,NA,NA,NA,NA,NA,NA
python.exe,31548,0x0,Other,-1,0,0,Composed: Copy with GPU GDI,2026-8-20 19:22:01.798885500,4.5998,4.5998,0.0000,0.1582,4.5962,0.2347,4.3615,NA,NA,NA,NA,NA,NA,NA
python.exe,31548,0x0,Other,0,0,1,Hardware: Legacy Flip,2026-8-20 19:22:01.803485300,6.7934,6.7934,0.0000,0.1590,6.6463,0.0449,6.6014,8.3379,13.3639,-4.4594,12324.4051,NA,NA,NA
python.exe,31548,0x0,Other,-1,0,0,Composed: Copy with GPU GDI,2026-8-20 19:22:01.810278700,0.6465,0.6465,0.0000,0.0119,1.6789,1.6789,0.0000,14.9084,3.8075,-6.5705,12331.1985,NA,NA,NA
python.exe,31548,0x0,Other,-1,0,0,Composed: Copy with GPU GDI,2026-8-20 19:22:01.810925200,4.6091,4.6091,0.0000,1.0468,3.7117,0.2297,3.4820,NA,NA,NA,NA,NA,NA,NA
python.exe,31548,0x0,Other,-1,0,0,Composed: Copy with GPU GDI,2026-8-20 19:22:01.815534300,6.5248,6.5248,0.0000,0.1544,6.5213,0.2180,6.3033,NA,NA,NA,NA,NA,NA,NA
python.exe,31548,0x0,Other,0,0,1,Hardware: Legacy Flip,2026-8-20 19:22:01.822059100,5.3604,5.3604,0.0000,0.1551,5.2432,0.0778,5.1654,6.9355,14.3881,7.9729,12342.9789,NA,NA,NA
python.exe,31548,0x0,Other,-1,0,0,Composed: Copy with GPU GDI,2026-8-20 19:22:01.827419500,0.7158,0.7158,0.0000,0.0379,1.8214,1.8214,0.0000,15.9632,2.4233,-9.0277,12348.3393,NA,NA,NA
python.exe,31548,0x0,Other,-1,0,0,Composed: Copy with GPU GDI,2026-8-20 19:22:01.828135300,5.6533,5.6533,0.0000,1.1481,4.6519,0.2276,4.4243,NA,NA,NA,NA,NA,NA,NA
python.exe,31548,0x0,Other,-1,0,0,Composed: Copy with GPU GDI,2026-8-20 19:22:01.833788600,9.2539,9.2539,0.0000,0.1513,9.2521,0.2169,9.0352,NA,NA,NA,NA,NA,NA,NA
python.exe,31548,0x0,Other,0,0,1,Hardware: Legacy Flip,2026-8-20 19:22:01.843042500,1.1206,1.1206,0.0000,0.1530,1.0082,0.0755,0.9327,2.7635,15.7777,13.1997,12363.9623,NA,NA,NA
python.exe,31548,0x0,Other,-1,0,0,Composed: Copy with GPU GDI,2026-8-20 19:22:01.844163100,2.0895,2.0895,0.0000,0.0406,2.2005,1.7738,0.4267,17.4206,1.1410,-14.6571,12365.0829,NA,NA,NA
python.exe,31548,0x0,Other,-1,0,0,Composed: Copy with GPU GDI,2026-8-20 19:22:01.846252600,7.6434,7.6434,0.0000,0.1548,7.6388,0.2183,7.4205,NA,NA,NA,NA,NA,NA,NA
python.exe,31548,0x0,Other,-1,0,0,Composed: Copy with GPU GDI,2026-8-20 19:22:01.853896000,4.4238,4.4238,0.0000,0.1538,4.4236,0.2249,4.1987,NA,NA,NA,NA,NA,NA,NA
python.exe,31548,0x0,Other,0,0,1,Hardware: Legacy Flip,2026-8-20 19:22:01.858319800,2.8699,2.8699,0.0000,0.1583,2.7281,0.0552,2.6729,4.4049,16.2848,13.0157,12379.2396,NA,NA,NA
python.exe,31548,0x0,Other,-1,0,0,Composed: Copy with GPU GDI,2026-8-20 19:22:01.861189700,4.1702,4.1702,0.0000,0.0165,4.3103,1.6902,2.6201,NA,NA,NA,NA,NA,NA,NA
python.exe,31548,0x0,Other,-1,0,0,Composed: Copy with GPU GDI,2026-8-20 19:22:01.865359900,4.0552,4.0552,0.0000,0.1604,4.0376,0.2188,3.8188,NA,NA,NA,NA,NA,NA,NA
python.exe,31548,0x0,Other,-1,0,0,Composed: Copy with GPU GDI,2026-8-20 19:22:01.869415100,7.6002,7.6002,0.0000,0.1469,7.6031,0.2266,7.3765,NA,NA,NA,NA,NA,NA,NA
python.exe,31548,0x0,Other,0,0,1,Hardware: Legacy Flip,2026-8-20 19:22:01.877015300,0.4099,0.4099,0.0000,0.1538,0.2679,0.0467,0.2212,1.9942,16.0543,2.4107,12397.9351,NA,NA,NA
python.exe,31548,0x0,Other,-1,0,0,Composed: Copy with GPU GDI,2026-8-20 19:22:01.877425200,5.1088,5.1088,0.0000,0.0118,5.2364,1.6958,3.5406,NA,NA,NA,NA,NA,NA,NA
python.exe,31548,0x0,Other,-1,0,0,Composed: Copy with GPU GDI,2026-8-20 19:22:01.882534000,5.5530,5.5530,0.0000,0.1425,5.5602,0.2174,5.3428,NA,NA,NA,NA,NA,NA,NA
python.exe,31548,0x0,Other,0,0,1,Hardware: Legacy Flip,2026-8-20 19:22:01.888087000,5.4029,5.4029,0.0000,0.1538,5.2906,0.0784,5.2122,6.9768,15.0643,-4.9826,12409.0068,NA,NA,NA
python.exe,31548,0x0,Other,-1,0,0,Composed: Copy with GPU GDI,2026-8-20 19:22:01.893489900,0.5483,0.5483,0.0000,0.0415,1.6765,1.6765,0.0000,16.6382,2.3845,-9.6614,12414.4097,NA,NA,NA
python.exe,31548,0x0,Other,-1,0,0,Composed: Copy with GPU GDI,2026-8-20 19:22:01.894038200,6.0612,6.0612,0.0000,1.1723,5.0447,0.2209,4.8238,NA,NA,NA,NA,NA,NA,NA
python.exe,31548,0x0,Other,-1,0,0,Composed: Copy with GPU GDI,2026-8-20 19:22:01.900099400,9.8652,9.8652,0.0000,0.1598,9.9311,0.2905,9.6406,NA,NA,NA,NA,NA,NA,NA
python.exe,31548,0x0,Other,0,0,1,Hardware: Legacy Flip,2026-8-20 19:22:01.909964600,1.0472,1.0472,0.0000,0.2286,0.8610,0.0815,0.7795,2.5480,15.8056,14.0902,12430.8844,NA,NA,NA
python.exe,31548,0x0,Other,-1,0,0,Composed: Copy with GPU GDI,2026-8-20 19:22:01.911011800,0.6670,0.6670,0.0000,0.0424,1.6088,1.6088,0.0000,17.3064,0.3688,-14.7584,12431.9316,NA,NA,NA
python.exe,31548,0x0,Other,-1,0,0,Composed: Copy with GPU GDI,2026-8-20 19:22:01.911678800,9.1156,9.1156,0.0000,0.9869,8.2904,0.2288,8.0616,NA,NA,NA,NA,NA,NA,NA
python.exe,31548,0x0,Other,-1,0,0,Composed: Copy with GPU GDI,2026-8-20 19:22:01.920794400,3.4643,3.4643,0.0000,0.1649,3.4500,0.2193,3.2307,NA,NA,NA,NA,NA,NA,NA
python.exe,31548,0x0,Other,0,0,1,Hardware: Legacy Flip,2026-8-20 19:22:01.924258700,2.9021,2.9021,0.0000,0.1546,2.7620,0.0529,2.7091,4.4283,17.8233,12.8781,12445.1785,NA,NA,NA
python.exe,31548,0x0,Other,-1,0,0,Composed: Copy with GPU GDI,2026-8-20 19:22:01.927160800,4.7515,4.7515,0.0000,0.0145,4.8898,1.6728,3.2170,19.3495,0.1738,-14.9212,12448.0806,NA,NA,NA
python.exe,31548,0x0,Other,-1,0,0,Composed: Copy with GPU GDI,2026-8-20 19:22:01.931912300,4.9884,4.9884,0.0000,0.1566,4.9864,0.2170,4.7694,NA,NA,NA,NA,NA,NA,NA
python.exe,31548,0x0,Other,-1,0,0,Composed: Copy with GPU GDI,2026-8-20 19:22:01.936900700,7.8060,7.8060,0.0000,0.1584,7.7970,0.2314,7.5656,NA,NA,NA,NA,NA,NA,NA
python.exe,31548,0x0,Other,0,0,1,Hardware: Legacy Flip,2026-8-20 19:22:01.944706700,0.4372,0.4372,0.0000,0.1538,0.3293,0.0842,0.2451,1.9774,15.5599,17.3721,12465.6265,NA,NA,NA
python.exe,31548,0x0,Other,-1,0,0,Composed: Copy with GPU GDI,2026-8-20 19:22:01.945143900,3.3743,3.3743,0.0000,0.0459,3.4807,1.6628,1.8179,NA,NA,NA,NA,NA,NA,NA
python.exe,31548,0x0,Other,-1,0,0,Composed: Copy with GPU GDI,2026-8-20 19:22:01.948518200,6.6177,6.6177,0.0000,0.1559,6.6044,0.2187,6.3857,NA,NA,NA,NA,NA,NA,NA
python.exe,31548,0x0,Other,0,0,1,Hardware: Legacy Flip,2026-8-20 19:22:01.955135900,5.3914,5.3914,0.0000,0.1460,5.2583,0.0476,5.2107,7.1081,14.6324,-5.1307,12476.0557,NA,NA,NA
python.exe,31548,0x0,Other,-1,0,0,Composed: Copy with GPU GDI,2026-8-20 19:22:01.960527300,0.6201,0.6201,0.0000,0.0129,1.8620,1.8620,0.0000,16.3491,1.7032,-9.2410,12481.4471,NA,NA,NA
python.exe,31548,0x0,Other,-1,0,0,Composed: Copy with GPU GDI,2026-8-20 19:22:01.961147400,6.0161,6.0161,0.0000,1.2580,4.9203,0.2265,4.6938,NA,NA,NA,NA,NA,NA,NA
python.exe,31548,0x0,Other,-1,0,0,Composed: Copy with GPU GDI,2026-8-20 19:22:01.967163500,9.5274,9.5274,0.0000,0.1671,9.5359,0.2519,9.2840,NA,NA,NA,NA,NA,NA,NA
python.exe,31548,0x0,Other,0,0,1,Hardware: Legacy Flip,2026-8-20 19:22:01.976690900,0.3883,0.3883,0.0000,0.1794,0.2458,0.0694,0.1764,1.8887,16.4818,14.4604,12497.6107,NA,NA,NA
python.exe,31548,0x0,Other,-1,0,0,Composed: Copy with GPU GDI,2026-8-20 19:22:01.977079200,2.7276,2.7276,0.0000,0.0369,2.8523,1.6412,1.2111,17.9822,1.2259,-16.0935,12497.9990,NA,NA,NA
python.exe,31548,0x0,Other,-1,0,0,Composed: Copy with GPU GDI,2026-8-20 19:22:01.979806800,8.1726,8.1726,0.0000,0.1664,8.1525,0.2204,7.9321,NA,NA,NA,NA,NA,NA,NA
python.exe,31548,0x0,Other,-1,0,0,Composed: Copy with GPU GDI,2026-8-20 19:22:01.987979400,3.9242,3.9242,0.0000,0.1498,3.9193,0.2188,3.7005,NA,NA,NA,NA,NA,NA,NA
python.exe,31548,0x0,Other,0,0,1,Hardware: Legacy Flip,2026-8-20 19:22:01.991903600,2.8960,2.8960,0.0000,0.1482,2.7930,0.0877,2.7053,4.3837,15.9140,13.5985,12512.8234,NA,NA,NA
python.exe,31548,0x0,Other,-1,0,0,Composed: Copy with GPU GDI,2026-8-20 19:22:01.994799600,4.0788,4.0788,0.0000,0.0452,4.1833,1.6028,2.5805,NA,NA,NA,NA,NA,NA,NA
python.exe,31548,0x0,Other,-1,0,0,Composed: Copy with GPU GDI,2026-8-20 19:22:01.998878400,5.0554,5.0554,0.0000,0.1534,5.0538,0.2179,4.8359,NA,NA,NA,NA,NA,NA,NA
python.exe,31548,0x0,Other,-1,0,0,Composed: Copy with GPU GDI,2026-8-20 19:22:02.003933800,5.9729,5.9729,0.0000,0.1555,5.9635,0.2187,5.7448,NA,NA,NA,NA,NA,NA,NA
python.exe,31548,0x0,Other,0,0,1,Hardware: Legacy Flip,2026-8-20 19:22:02.009906700,0.8054,0.8054,0.0000,0.1496,0.6674,0.0434,0.6240,2.2946,17.2217,2.0891,12530.8265,NA,NA,NA
python.exe,31548,0x0,Other,-1,0,0,Composed: Copy with GPU GDI,2026-8-20 19:22:02.010712100,4.2538,4.2538,0.0000,0.0116,4.3964,1.6414,2.7550,NA,NA,NA,NA,NA,NA,NA
python.exe,31548,0x0,Other,-1,0,0,Composed: Copy with GPU GDI,2026-8-20 19:22:02.014965900,7.7228,7.7228,0.0000,0.1580,7.7097,0.2303,7.4794,NA,NA,NA,NA,NA,NA,NA
python.exe,31548,0x0,Other,-1,0,0,Composed: Copy with GPU GDI,2026-8-20 19:22:02.022688700,4.4644,4.4644,0.0000,0.1498,4.4348,0.2324,4.2024,NA,NA,NA,NA,NA,NA,NA
python.exe,31548,0x0,Other,0,0,1,Hardware: Legacy Flip,2026-8-20 19:22:02.027153100,0.7718,0.7718,0.0000,0.1247,0.6851,0.0748,0.6103,2.2699,16.5614,0.0247,12548.0729,NA,NA,NA
python.exe,31548,0x0,Other,-1,0,0,Composed: Copy with GPU GDI,2026-8-20 19:22:02.027924900,5.6574,5.6574,0.0000,0.0380,5.7712,1.6158,4.1554,NA,NA,NA,NA,NA,NA,NA
python.exe,31548,0x0,Other,-1,0,0,Composed: Copy with GPU GDI,2026-8-20 19:22:02.033582300,9.0953,9.0953,0.0000,0.1554,9.0927,0.2201,8.8726,NA,NA,NA,NA,NA,NA,NA
python.exe,31548,0x0,Other,0,0,1,Hardware: Legacy Flip,2026-8-20 19:22:02.042677600,1.8256,1.8256,0.0000,0.1564,1.6821,0.0469,1.6352,3.3068,15.7981,-1.0369,12563.5974,NA,NA,NA
python.exe,31548,0x0,Other,-1,0,0,Composed: Copy with GPU GDI,2026-8-20 19:22:02.044503200,0.6149,0.6149,0.0000,0.0129,1.6204,1.6204,0.0000,17.2793,0.9203,-13.9725,12565.4230,NA,NA,NA
python.exe,31548,0x0,Other,-1,0,0,Composed: Copy with GPU GDI,2026-8-20 19:22:02.045118100,9.4068,9.4068,0.0000,1.0209,8.5305,0.2241,8.3064,NA,NA,NA,NA,NA,NA,NA
python.exe,31548,0x0,Other,-1,0,0,Composed: Copy with GPU GDI,2026-8-20 19:22:02.054524900,4.2947,4.2947,0.0000,0.1488,4.2942,0.2235,4.0707,NA,NA,NA,NA,NA,NA,NA
python.exe,31548,0x0,Other,0,0,1,Hardware: Legacy Flip,2026-8-20 19:22:02.058819600,2.3826,2.3826,0.0000,0.1524,2.2450,0.0532,2.1918,3.8832,17.0248,13.3961,12579.7394,NA,NA,NA
python.exe,31548,0x0,Other,-1,0,0,Composed: Copy with GPU GDI,2026-8-20 19:22:02.061202200,4.6526,4.6526,0.0000,0.0148,4.7873,1.6625,3.1248,NA,NA,NA,NA,NA,NA,NA
python.exe,31548,0x0,Other,-1,0,0,Composed: Copy with GPU GDI,2026-8-20 19:22:02.065854800,4.0542,4.0542,0.0000,0.1540,4.1521,0.3230,3.8291,NA,NA,NA,NA,NA,NA,NA
python.exe,31548,0x0,Other,-1,0,0,Composed: Copy with GPU GDI,2026-8-20 19:22:02.069909000,6.9957,6.9957,0.0000,0.2543,6.8946,0.2187,6.6759,NA,NA,NA,NA,NA,NA,NA
python.exe,31548,0x0,Other,0,0,1,Hardware: Legacy Flip,2026-8-20 19:22:02.076904700,1.3275,1.3275,0.0000,0.1569,1.1822,0.0477,1.1345,2.8229,16.4227,1.0603,12597.8245,NA,NA,NA
python.exe,31548,0x0,Other,-1,0,0,Composed: Copy with GPU GDI,2026-8-20 19:22:02.078232200,4.2396,4.2396,0.0000,0.0116,4.3816,1.6505,2.7311,NA,NA,NA,NA,NA,NA,NA
python.exe,31548,0x0,Other,-1,0,0,Composed: Copy with GPU GDI,2026-8-20 19:22:02.082471800,5.5501,5.5501,0.0000,0.1571,5.5397,0.2196,5.3201,NA,NA,NA,NA,NA,NA,NA
python.exe,31548,0x0,Other,-1,0,0,Composed: Copy with GPU GDI,2026-8-20 19:22:02.088021900,6.1683,6.1683,0.0000,0.1504,6.4475,0.5070,5.9405,NA,NA,NA,NA,NA,NA,NA
python.exe,31548,0x0,Other,0,0,1,Hardware: Legacy Flip,2026-8-20 19:22:02.094190200,0.4113,0.4113,0.0000,0.4296,0.0130,0.0130,0.0000,1.9601,16.3993,0.8628,12615.1100,NA,NA,NA
python.exe,31548,0x0,Other,-1,0,0,Composed: Copy with GPU GDI,2026-8-20 19:22:02.094601500,5.4327,5.4327,0.0000,0.0313,5.5502,1.6790,3.8712,NA,NA,NA,NA,NA,NA,NA
python.exe,31548,0x0,Other,-1,0,0,Composed: Copy with GPU GDI,2026-8-20 19:22:02.100034200,6.5767,6.5767,0.0000,0.1527,6.5855,0.2357,6.3498,NA,NA,NA,NA,NA,NA,NA
python.exe,31548,0x0,Other,0,0,1,Hardware: Legacy Flip,2026-8-20 19:22:02.106610900,4.3637,4.3637,0.0000,0.1674,4.2098,0.0473,4.1625,5.9387,15.9665,-3.9786,12627.5307,NA,NA,NA
python.exe,31548,0x0,Other,-1,0,0,Composed: Copy with GPU GDI,2026-8-20 19:22:02.110974600,2.1549,2.1549,0.0000,0.0135,2.2953,1.7344,0.5609,17.5415,0.6143,-11.6028,12631.8944,NA,NA,NA
python.exe,31548,0x0,Other,-1,0,0,Composed: Copy with GPU GDI,2026-8-20 19:22:02.113129500,7.6620,7.6620,0.0000,0.1573,7.6598,0.2258,7.4340,NA,NA,NA,NA,NA,NA,NA
python.exe,31548,0x0,Other,-1,0,0,Composed: Copy with GPU GDI,2026-8-20 19:22:02.120791500,3.4179,3.4179,0.0000,0.1592,3.4079,0.2204,3.1875,NA,NA,NA,NA,NA,NA,NA
python.exe,31548,0x0,Other,0,0,1,Hardware: Legacy Flip,2026-8-20 19:22:02.124209400,3.4218,3.4218,0.0000,0.1513,3.2864,0.0594,3.2270,4.9210,17.0311,12.6205,12645.1292,NA,NA,NA
python.exe,31548,0x0,Other,-1,0,0,Composed: Copy with GPU GDI,2026-8-20 19:22:02.127631200,4.5760,4.5760,0.0000,0.0159,4.7090,1.6538,3.0552,NA,NA,NA,NA,NA,NA,NA
python.exe,31548,0x0,Other,-1,0,0,Composed: Copy with GPU GDI,2026-8-20 19:22:02.132207200,4.7377,4.7377,0.0000,0.1527,4.7326,0.2159,4.5167,NA,NA,NA,NA,NA,NA,NA
python.exe,31548,0x0,Other,-1,0,0,Composed: Copy with GPU GDI,2026-8-20 19:22:02.136944900,6.4885,6.4885,0.0000,0.1506,6.4882,0.2173,6.2709,NA,NA,NA,NA,NA,NA,NA
python.exe,31548,0x0,Other,0,0,1,Hardware: Legacy Flip,2026-8-20 19:22:02.143433400,1.2328,1.2328,0.0000,0.1541,1.0903,0.0420,1.0483,2.7281,16.3093,2.1929,12664.3532,NA,NA,NA
python.exe,31548,0x0,Other,-1,0,0,Composed: Copy with GPU GDI,2026-8-20 19:22:02.144666200,4.7952,4.7952,0.0000,0.0116,4.9330,1.6525,3.2805,NA,NA,NA,NA,NA,NA,NA
python.exe,31548,0x0,Other,-1,0,0,Composed: Copy with GPU GDI,2026-8-20 19:22:02.149461400,5.1154,5.1154,0.0000,0.1531,5.2252,0.3301,4.8951,NA,NA,NA,NA,NA,NA,NA
python.exe,31548,0x0,Other,-1,0,0,Composed: Copy with GPU GDI,2026-8-20 19:22:02.154576800,6.0708,6.0708,0.0000,0.2651,5.9582,0.2311,5.7271,NA,NA,NA,NA,NA,NA,NA
python.exe,31548,0x0,Other,0,0,1,Hardware: Legacy Flip,2026-8-20 19:22:02.160647600,0.3068,0.3068,0.0000,0.1566,0.1626,0.0540,0.1086,1.8232,16.7834,0.9049,12681.5674,NA,NA,NA
python.exe,31548,0x0,Other,-1,0,0,Composed: Copy with GPU GDI,2026-8-20 19:22:02.160954400,6.2105,6.2105,0.0000,0.0124,6.3338,1.6571,4.6767,NA,NA,NA,NA,NA,NA,NA
python.exe,31548,0x0,Other,-1,0,0,Composed: Copy with GPU GDI,2026-8-20 19:22:02.167164900,5.9650,5.9650,0.0000,0.1393,5.9699,0.2170,5.7529,NA,NA,NA,NA,NA,NA,NA
python.exe,31548,0x0,Other,0,0,1,Hardware: Legacy Flip,2026-8-20 19:22:02.173129900,4.5536,4.5536,0.0000,0.1477,4.4212,0.0552,4.3660,6.1243,15.9820,-4.3011,12694.0497,NA,NA,NA
python.exe,31548,0x0,Other,-1,0,0,Composed: Copy with GPU GDI,2026-8-20 19:22:02.177683500,2.0414,2.0414,0.0000,0.0153,2.1873,1.7273,0.4600,17.5527,1.0364,-11.4284,12698.6033,NA,NA,NA
python.exe,31548,0x0,Other,-1,0,0,Composed: Copy with GPU GDI,2026-8-20 19:22:02.179724900,8.2071,8.2071,0.0000,0.1665,8.1653,0.2158,7.9495,NA,NA,NA,NA,NA,NA,NA
python.exe,31548,0x0,Other,-1,0,0,Composed: Copy with GPU GDI,2026-8-20 19:22:02.187932000,4.0165,4.0165,0.0000,0.1303,4.0200,0.2171,3.8029,NA,NA,NA,NA,NA,NA,NA
python.exe,31548,0x0,Other,0,0,1,Hardware: Legacy Flip,2026-8-20 19:22:02.191948500,2.8660,2.8660,0.0000,0.1371,2.7434,0.0535,2.6899,4.3241,16.8436,13.2286,12712.8683,NA,NA,NA
python.exe,31548,0x0,Other,-1,0,0,Composed: Copy with GPU GDI,2026-8-20 19:22:02.194814500,4.4987,4.4987,0.0000,0.0145,4.6181,1.5938,3.0243,NA,NA,NA,NA,NA,NA,NA
python.exe,31548,0x0,Other,-1,0,0,Composed: Copy with GPU GDI,2026-8-20 19:22:02.199313200,4.3351,4.3351,0.0000,0.1371,4.3293,0.2133,4.1160,NA,NA,NA,NA,NA,NA,NA
python.exe,31548,0x0,Other,-1,0,0,Composed: Copy with GPU GDI,2026-8-20 19:22:02.203648300,7.0335,7.0335,0.0000,0.1349,6.9759,0.2177,6.7582,NA,NA,NA,NA,NA,NA,NA
python.exe,31548,0x0,Other,0,0,1,Hardware: Legacy Flip,2026-8-20 19:22:02.210681800,0.9898,0.9898,0.0000,0.0806,0.9234,0.0560,0.8674,2.4344,16.0301,1.8897,12731.6016,NA,NA,NA
python.exe,31548,0x0,Other,-1,0,0,Composed: Copy with GPU GDI,2026-8-20 19:22:02.211671600,4.1408,4.1408,0.0000,0.0142,4.2401,1.5818,2.6583,NA,NA,NA,NA,NA,NA,NA
python.exe,31548,0x0,Other,-1,0,0,Composed: Copy with GPU GDI,2026-8-20 19:22:02.215812400,6.5299,6.5299,0.0000,0.1172,6.5296,0.2130,6.3166,NA,NA,NA,NA,NA,NA,NA
python.exe,31548,0x0,Other,0,0,1,Hardware: Legacy Flip,2026-8-20 19:22:02.222342300,5.3543,5.3543,0.0000,0.1201,5.2489,0.0564,5.1925,6.8040,14.6501,-4.3696,12743.2621,NA,NA,NA
python.exe,31548,0x0,Other,-1,0,0,Composed: Copy with GPU GDI,2026-8-20 19:22:02.227696600,0.6504,0.6504,0.0000,0.0147,1.5729,1.5729,0.0000,16.0998,2.4682,-9.2958,12748.6164,NA,NA,NA
python.exe,31548,0x0,Other,-1,0,0,Composed: Copy with GPU GDI,2026-8-20 19:22:02.228347000,5.6905,5.6905,0.0000,0.9409,4.8811,0.2160,4.6651,NA,NA,NA,NA,NA,NA,NA
python.exe,31548,0x0,Other,-1,0,0,Composed: Copy with GPU GDI,2026-8-20 19:22:02.234037500,5.7052,5.7052,0.0000,0.1362,5.6730,0.2225,5.4505,NA,NA,NA,NA,NA,NA,NA
python.exe,31548,0x0,Other,0,0,1,Hardware: Legacy Flip,2026-8-20 19:22:02.239742700,4.8841,4.8841,0.0000,0.1070,4.7922,0.0572,4.7350,6.5219,15.7225,9.5779,12760.6625,NA,NA,NA
python.exe,31548,0x0,Other,-1,0,0,Composed: Copy with GPU GDI,2026-8-20 19:22:02.244626800,1.4505,1.4505,0.0000,0.0151,1.7544,1.7544,0.0000,17.3603,0.1909,-10.8384,12765.5466,NA,NA,NA
python.exe,31548,0x0,Other,-1,0,0,Composed: Copy with GPU GDI,2026-8-20 19:22:02.246077300,8.5158,8.5158,0.0000,0.3218,8.3193,0.2228,8.0965,NA,NA,NA,NA,NA,NA,NA
python.exe,31548,0x0,Other,-1,0,0,Composed: Copy with GPU GDI,2026-8-20 19:22:02.254593100,3.8606,3.8606,0.0000,0.1289,3.9924,0.3372,3.6552,NA,NA,NA,NA,NA,NA,NA
python.exe,31548,0x0,Other,0,0,1,Hardware: Legacy Flip,2026-8-20 19:22:02.258453700,2.2096,2.2096,0.0000,0.2647,1.9573,0.0477,1.9096,3.7243,16.5244,13.6360,12779.3735,NA,NA,NA
python.exe,31548,0x0,Other,-1,0,0,Composed: Copy with GPU GDI,2026-8-20 19:22:02.260663300,5.7868,5.7868,0.0000,0.0124,5.9162,1.6849,4.2313,NA,NA,NA,NA,NA,NA,NA
python.exe,31548,0x0,Other,-1,0,0,Composed: Copy with GPU GDI,2026-8-20 19:22:02.266450100,2.9910,2.9910,0.0000,0.1464,2.9921,0.2246,2.7675,NA,NA,NA,NA,NA,NA,NA
python.exe,31548,0x0,Other,0,0,1,Hardware: Legacy Flip,2026-8-20 19:22:02.269441100,7.7910,7.7910,0.0000,0.1510,7.6819,0.0792,7.6027,9.2613,13.6112,-5.5370,12790.3609,NA,NA,NA
python.exe,31548,0x0,Other,-1,0,0,Composed: Copy with GPU GDI,2026-8-20 19:22:02.277232100,0.7078,0.7078,0.0000,0.0419,1.5640,1.5640,0.0000,15.0815,2.9368,-5.8202,12798.1519,NA,NA,NA
python.exe,31548,0x0,Other,-1,0,0,Composed: Copy with GPU GDI,2026-8-20 19:22:02.277939900,4.0952,4.0952,0.0000,0.9007,3.3066,0.2291,3.0775,NA,NA,NA,NA,NA,NA,NA
python.exe,31548,0x0,Other,-1,0,0,Composed: Copy with GPU GDI,2026-8-20 19:22:02.282035100,7.5923,7.5923,0.0000,0.1159,7.6149,0.2243,7.3906,NA,NA,NA,NA,NA,NA,NA
python.exe,31548,0x0,Other,0,0,1,Hardware: Legacy Flip,2026-8-20 19:22:02.289627400,4.1690,4.1690,0.0000,0.1423,4.0781,0.0943,3.9838,5.6230,15.2757,9.4585,12810.5472,NA,NA,NA
python.exe,31548,0x0,Other,-1,0,0,Composed: Copy with GPU GDI,2026-8-20 19:22:02.293796400,0.4068,0.4068,0.0000,0.0514,1.7313,1.7313,0.0000,16.7297,2.2425,-11.1067,12814.7162,NA,NA,NA
python.exe,31548,0x0,Other,-1,0,0,Composed: Copy with GPU GDI,2026-8-20 19:22:02.294203200,6.1462,6.1462,0.0000,1.3808,4.8642,0.2575,4.6067,NA,NA,NA,NA,NA,NA,NA
python.exe,31548,0x0,Other,-1,0,0,Composed: Copy with GPU GDI,2026-8-20 19:22:02.300349400,5.8536,5.8536,0.0000,0.1015,5.8918,0.2186,5.6732,NA,NA,NA,NA,NA,NA,NA
python.exe,31548,0x0,Other,0,0,1,Hardware: Legacy Flip,2026-8-20 19:22:02.306203000,5.0765,5.0765,0.0000,0.1432,4.9928,0.1041,4.8887,6.5656,15.9563,10.1641,12827.1228,NA,NA,NA
python.exe,31548,0x0,Other,-1,0,0,Composed: Copy with GPU GDI,2026-8-20 19:22:02.311279500,0.9574,0.9574,0.0000,0.0595,1.7546,1.7546,0.0000,17.4454,0.1071,-10.8798,12832.1993,NA,NA,NA
python.exe,31548,0x0,Other,-1,0,0,Composed: Copy with GPU GDI,2026-8-20 19:22:02.312236900,8.5710,8.5710,0.0000,0.8607,7.8534,0.2191,7.6343,NA,NA,NA,NA,NA,NA,NA
python.exe,31548,0x0,Other,-1,0,0,Composed: Copy with GPU GDI,2026-8-20 19:22:02.320807900,3.5514,3.5514,0.0000,0.1467,3.5531,0.2219,3.3312,NA,NA,NA,NA,NA,NA,NA
python.exe,31548,0x0,Other,0,0,1,Hardware: Legacy Flip,2026-8-20 19:22:02.324359300,2.9473,2.9473,0.0000,0.1524,2.8068,0.0511,2.7557,4.4727,17.0261,12.9727,12845.2791,NA,NA,NA
python.exe,31548,0x0,Other,-1,0,0,Composed: Copy with GPU GDI,2026-8-20 19:22:02.327306600,5.1944,5.1944,0.0000,0.0119,5.3315,1.6880,3.6435,NA,NA,NA,NA,NA,NA,NA
python.exe,31548,0x0,Other,-1,0,0,Composed: Copy with GPU GDI,2026-8-20 19:22:02.332501000,4.5362,4.5362,0.0000,0.1529,4.5231,0.2188,4.3043,NA,NA,NA,NA,NA,NA,NA
python.exe,31548,0x0,Other,0,0,1,Hardware: Legacy Flip,2026-8-20 19:22:02.337037200,7.3611,7.3611,0.0000,0.1434,7.2630,0.0856,7.1774,8.8209,13.1859,-4.3482,12857.9570,NA,NA,NA
python.exe,31548,0x0,Other,-1,0,0,Composed: Copy with GPU GDI,2026-8-20 19:22:02.344398300,0.2417,0.2417,0.0000,0.0453,1.5548,1.5548,0.0000,14.6457,6.0681,-5.8248,12865.3181,NA,NA,NA
python.exe,31548,0x0,Other,-1,0,0,Composed: Copy with GPU GDI,2026-8-20 19:22:02.344640000,3.5783,3.5783,0.0000,1.3615,2.3636,0.2199,2.1437,20.4721,2.3861,-5.8264,12865.5598,NA,NA,NA
python.exe,31548,0x0,Other,-1,0,0,Composed: Copy with GPU GDI,2026-8-20 19:22:02.348218300,6.6537,6.6537,0.0000,0.1509,6.6492,0.2198,6.4294,NA,NA,NA,NA,NA,NA,NA
python.exe,31548,0x0,Other,-1,0,0,Composed: Copy with GPU GDI,2026-8-20 19:22:02.354872000,6.2402,6.2402,0.0000,0.1504,6.2955,0.2814,6.0141,NA,NA,NA,NA,NA,NA,NA
python.exe,31548,0x0,Other,0,0,1,Hardware: Legacy Flip,2026-8-20 19:22:02.361112200,4.9079,4.9079,0.0000,0.2079,4.7443,0.0839,4.6604,6.3860,11.5330,14.0861,12882.0320,NA,NA,NA
python.exe,31548,0x0,Other,-1,0,0,Composed: Copy with GPU GDI,2026-8-20 19:22:02.366020100,1.0955,1.0955,0.0000,0.0443,1.5860,1.5860,0.0000,NA,NA,NA,NA,NA,NA,NA
python.exe,31548,0x0,Other,-1,0,0,Composed: Copy with GPU GDI,2026-8-20 19:22:02.367115600,9.6446,9.6446,0.0000,0.5374,9.2558,0.2171,9.0387,NA,NA,NA,NA,NA,NA,NA
python.exe,31548,0x0,Other,0,0,1,Hardware: Legacy Flip,2026-8-20 19:22:02.376760200,0.7711,0.7711,0.0000,0.1519,0.6320,0.0456,0.5864,2.2710,16.4150,4.1150,12897.6800,NA,NA,NA
python.exe,31548,0x0,Other,-1,0,0,Composed: Copy with GPU GDI,2026-8-20 19:22:02.377531300,2.1186,2.1186,0.0000,0.0128,2.2742,1.6647,0.6095,17.9149,0.8088,-15.6439,12898.4511,NA,NA,NA
python.exe,31548,0x0,Other,-1,0,0,Composed: Copy with GPU GDI,2026-8-20 19:22:02.379649900,7.9896,7.9896,0.0000,0.1710,7.9675,0.2216,7.7459,NA,NA,NA,NA,NA,NA,NA
python.exe,31548,0x0,Other,-1,0,0,Composed: Copy with GPU GDI,2026-8-20 19:22:02.387639500,3.1182,3.1182,0.0000,0.1518,3.3211,0.4214,2.8997,NA,NA,NA,NA,NA,NA,NA
python.exe,31548,0x0,Other,0,0,1,Hardware: Legacy Flip,2026-8-20 19:22:02.390757700,4.0586,4.0586,0.0000,0.3565,3.7490,0.0879,3.6611,5.4973,16.2579,12.4176,12911.6775,NA,NA,NA
python.exe,31548,0x0,Other,-1,0,0,Composed: Copy with GPU GDI,2026-8-20 19:22:02.394816300,3.9219,3.9219,0.0000,0.0469,4.0248,1.5609,2.4639,NA,NA,NA,NA,NA,NA,NA
python.exe,31548,0x0,Other,-1,0,0,Composed: Copy with GPU GDI,2026-8-20 19:22:02.398738200,4.6603,4.6603,0.0000,0.1533,4.7471,0.3167,4.4304,NA,NA,NA,NA,NA,NA,NA
python.exe,31548,0x0,Other,-1,0,0,Composed: Copy with GPU GDI,2026-8-20 19:22:02.403398500,7.2302,7.2302,0.0000,0.2427,7.1386,0.2290,6.9096,NA,NA,NA,NA,NA,NA,NA
python.exe,31548,0x0,Other,0,0,1,Hardware: Legacy Flip,2026-8-20 19:22:02.410628700,0.4277,0.4277,0.0000,0.1549,0.2860,0.0515,0.2345,1.8842,17.1954,3.6131,12931.5485,NA,NA,NA
python.exe,31548,0x0,Other,-1,0,0,Composed: Copy with GPU GDI,2026-8-20 19:22:02.411056400,5.1154,5.1154,0.0000,0.0132,5.2224,1.5844,3.6380,NA,NA,NA,NA,NA,NA,NA
python.exe,31548,0x0,Other,-1,0,0,Composed: Copy with GPU GDI,2026-8-20 19:22:02.416171800,5.8335,5.8335,0.0000,0.1220,5.8345,0.2292,5.6053,NA,NA,NA,NA,NA,NA,NA
python.exe,31548,0x0,Other,-1,0,0,Composed: Copy with GPU GDI,2026-8-20 19:22:02.422005300,5.4484,5.4484,0.0000,0.1268,5.4575,0.2522,5.2053,NA,NA,NA,NA,NA,NA,NA
python.exe,31548,0x0,Other,0,0,1,Hardware: Legacy Flip,2026-8-20 19:22:02.427453700,0.8033,0.8033,0.0000,0.1437,0.6744,0.0625,0.6119,2.2546,15.9934,-0.3704,12948.3735,NA,NA,NA
python.exe,31548,0x0,Other,-1,0,0,Composed: Copy with GPU GDI,2026-8-20 19:22:02.428257000,5.4518,5.4518,0.0000,0.0148,5.5657,1.5991,3.9666,NA,NA,NA,NA,NA,NA,NA
python.exe,31548,0x0,Other,-1,0,0,Composed: Copy with GPU GDI,2026-8-20 19:22:02.433708800,5.5261,5.5261,0.0000,0.1325,5.5368,0.2233,5.3135,NA,NA,NA,NA,NA,NA,NA
python.exe,31548,0x0,Other,0,0,1,Hardware: Legacy Flip,2026-8-20 19:22:02.439234900,4.9855,4.9855,0.0000,0.1466,4.8538,0.0556,4.7982,6.4668,16.4813,-4.2122,12960.1547,NA,NA,NA
python.exe,31548,0x0,Other,-1,0,0,Composed: Copy with GPU GDI,2026-8-20 19:22:02.444220400,2.1359,2.1359,0.0000,0.0149,2.4552,1.8465,0.6087,17.9626,0.2054,-11.4958,12965.1402,NA,NA,NA
python.exe,31548,0x0,Other,-1,0,0,Composed: Copy with GPU GDI,2026-8-20 19:22:02.446356300,8.1585,8.1585,0.0000,0.3368,7.9585,0.2178,7.7407,NA,NA,NA,NA,NA,NA,NA
python.exe,31548,0x0,Other,-1,0,0,Composed: Copy with GPU GDI,2026-8-20 19:22:02.454514800,4.0101,4.0101,0.0000,0.1410,4.1600,0.3755,3.7845,NA,NA,NA,NA,NA,NA,NA
python.exe,31548,0x0,Other,0,0,1,Hardware: Legacy Flip,2026-8-20 19:22:02.458524900,2.3182,2.3182,0.0000,0.2934,2.0405,0.0544,1.9861,3.8635,16.1746,14.0991,12979.4447,NA,NA,NA
python.exe,31548,0x0,Other,-1,0,0,Composed: Copy with GPU GDI,2026-8-20 19:22:02.460843100,5.1755,5.1755,0.0000,0.0157,5.3141,1.7189,3.5952,NA,NA,NA,NA,NA,NA,NA
python.exe,31548,0x0,Other,-1,0,0,Composed: Copy with GPU GDI,2026-8-20 19:22:02.466018600,3.9735,3.9735,0.0000,0.1583,3.9680,0.2283,3.7397,NA,NA,NA,NA,NA,NA,NA
python.exe,31548,0x0,Other,0,0,1,Hardware: Legacy Flip,2026-8-20 19:22:02.469992100,7.1154,7.1154,0.0000,0.1568,7.0020,0.0804,6.9216,8.5709,13.9562,-4.7074,12990.9119,NA,NA,NA
python.exe,31548,0x0,Other,-1,0,0,Composed: Copy with GPU GDI,2026-8-20 19:22:02.477107500,0.3761,0.3761,0.0000,0.0434,1.5504,1.5504,0.0000,15.4117,3.3449,-6.8408,12998.0273,NA,NA,NA
python.exe,31548,0x0,Other,-1,0,0,Composed: Copy with GPU GDI,2026-8-20 19:22:02.477483600,5.1469,5.1469,0.0000,1.2212,4.0770,0.2292,3.8478,NA,NA,NA,NA,NA,NA,NA
python.exe,31548,0x0,Other,-1,0,0,Composed: Copy with GPU GDI,2026-8-20 19:22:02.482630500,6.1890,6.1890,0.0000,0.1567,6.2811,0.3296,5.9515,NA,NA,NA,NA,NA,NA,NA
python.exe,31548,0x0,Other,-1,0,0,Composed: Copy with GPU GDI,2026-8-20 19:22:02.488819500,5.0968,5.0968,0.0000,0.2629,4.9647,0.2310,4.7337,NA,NA,NA,NA,NA,NA,NA
python.exe,31548,0x0,Other,0,0,1,Hardware: Legacy Flip,2026-8-20 19:22:02.493916300,0.5016,0.5016,0.0000,0.1343,0.4097,0.0858,0.3239,1.9478,15.6929,13.4639,13014.8361,NA,NA,NA
python.exe,31548,0x0,Other,-1,0,0,Composed: Copy with GPU GDI,2026-8-20 19:22:02.494417900,5.3955,5.3955,0.0000,0.0424,5.4722,1.5731,3.8991,NA,NA,NA,NA,NA,NA,NA
python.exe,31548,0x0,Other,-1,0,0,Composed: Copy with GPU GDI,2026-8-20 19:22:02.499813400,6.6057,6.6057,0.0000,0.1251,6.6118,0.2171,6.3947,NA,NA,NA,NA,NA,NA,NA
python.exe,31548,0x0,Other,0,0,1,Hardware: Legacy Flip,2026-8-20 19:22:02.506419100,3.6883,3.6883,0.0000,0.1340,3.5697,0.0570,3.5127,5.1379,17.3606,-3.1901,13027.3389,NA,NA,NA
python.exe,31548,0x0,Other,-1,0,0,Composed: Copy with GPU GDI,2026-8-20 19:22:02.510107400,1.7621,1.7621,0.0000,0.0154,1.8988,1.6168,0.2820,18.8102,5.5510,-13.6723,13031.0272,NA,NA,NA
python.exe,31548,0x0,Other,-1,0,0,Composed: Copy with GPU GDI,2026-8-20 19:22:02.511869500,8.9121,8.9121,0.0000,0.1544,8.9010,0.2198,8.6812,NA,NA,NA,NA,NA,NA,NA
python.exe,31548,0x0,Other,-1,0,0,Composed: Copy with GPU GDI,2026-8-20 19:22:02.520781600,4.3403,4.3403,0.0000,0.1473,4.2650,0.2669,3.9981,NA,NA,NA,NA,NA,NA,NA
python.exe,31548,0x0,Other,-1,0,0,Composed: Copy with GPU GDI,2026-8-20 19:22:02.525121900,7.7563,7.7563,0.0000,0.0761,7.8241,0.2336,7.5905,NA,NA,NA,NA,NA,NA,NA
python.exe,31548,0x0,Other,0,0,1,Hardware: Legacy Flip,2026-8-20 19:22:02.532878200,0.1366,0.1366,0.0000,0.1439,0.0597,0.0597,0.0000,1.5904,11.4189,17.2198,13053.7980,NA,NA,NA
python.exe,31548,0x0,Other,-1,0,0,Composed: Copy with GPU GDI,2026-8-20 19:22:02.533014800,4.1713,4.1713,0.0000,0.0670,4.2191,1.5634,2.6557,NA,NA,NA,NA,NA,NA,NA
python.exe,31548,0x0,Other,-1,0,0,Composed: Copy with GPU GDI,2026-8-20 19:22:02.537186100,6.7849,6.7849,0.0000,0.1216,6.7797,0.2255,6.5542,NA,NA,NA,NA,NA,NA,NA
python.exe,31548,0x0,Other,0,0,1,Hardware: Legacy Flip,2026-8-20 19:22:02.543971000,0.4768,0.4768,0.0000,0.1200,0.3708,0.0532,0.3176,1.9165,17.1201,-0.3261,13064.8908,NA,NA,NA
python.exe,31548,0x0,Other,-1,0,0,Composed: Copy with GPU GDI,2026-8-20 19:22:02.544447800,3.7115,3.7115,0.0000,0.0140,3.8241,1.5878,2.2363,NA,NA,NA,NA,NA,NA,NA
python.exe,31548,0x0,Other,-1,0,0,Composed: Copy with GPU GDI,2026-8-20 19:22:02.548159300,7.0421,7.0421,0.0000,0.1309,7.0470,0.2257,6.8213,NA,NA,NA,NA,NA,NA,NA
python.exe,31548,0x0,Other,-1,0,0,Composed: Copy with GPU GDI,2026-8-20 19:22:02.555201400,5.7496,5.7496,0.0000,0.1408,5.7330,0.2233,5.5097,NA,NA,NA,NA,NA,NA,NA
python.exe,31548,0x0,Other,0,0,1,Hardware: Legacy Flip,2026-8-20 19:22:02.560951000,0.6137,0.6137,0.0000,0.1292,0.4984,0.0546,0.4438,2.0566,16.0450,-0.1401,13081.8708,NA,NA,NA
python.exe,31548,0x0,Other,-1,0,0,Composed: Copy with GPU GDI,2026-8-20 19:22:02.561564700,4.7275,4.7275,0.0000,0.0139,4.9064,1.6731,3.2333,NA,NA,NA,NA,NA,NA,NA
python.exe,31548,0x0,Other,-1,0,0,Composed: Copy with GPU GDI,2026-8-20 19:22:02.566292200,6.1528,6.1528,0.0000,0.1966,6.0713,0.2167,5.8546,NA,NA,NA,NA,NA,NA,NA
python.exe,31548,0x0,Other,0,0,1,Hardware: Legacy Flip,2026-8-20 19:22:02.572445000,5.1745,5.1745,0.0000,0.1178,5.0758,0.0738,5.0020,6.6076,16.5994,-4.5510,13093.3648,NA,NA,NA
python.exe,31548,0x0,Other,-1,0,0,Composed: Copy with GPU GDI,2026-8-20 19:22:02.577619500,0.6869,0.6869,0.0000,0.0191,1.8913,1.8913,0.0000,18.0325,0.6724,-11.4249,13098.5393,NA,NA,NA
python.exe,31548,0x0,Other,-1,0,0,Composed: Copy with GPU GDI,2026-8-20 19:22:02.578306400,6.3026,6.3026,0.0000,1.2259,5.1856,0.2283,4.9573,NA,NA,NA,NA,NA,NA,NA
python.exe,31548,0x0,Other,-1,0,0,Composed: Copy with GPU GDI,2026-8-20 19:22:02.584609000,7.9792,7.9792,0.0000,0.1151,7.9963,0.2229,7.7734,NA,NA,NA,NA,NA,NA,NA
python.exe,31548,0x0,Other,0,0,1,Hardware: Legacy Flip,2026-8-20 19:22:02.592588200,2.2861,2.2861,0.0000,0.1356,2.1638,0.0513,2.1125,3.7362,16.4541,14.2963,13113.5080,NA,NA,NA
python.exe,31548,0x0,Other,-1,0,0,Composed: Copy with GPU GDI,2026-8-20 19:22:02.594874300,4.6500,4.6500,0.0000,0.0133,4.7744,1.6024,3.1720,NA,NA,NA,NA,NA,NA,NA
python.exe,31548,0x0,Other,-1,0,0,Composed: Copy with GPU GDI,2026-8-20 19:22:02.599524300,4.7594,4.7594,0.0000,0.1417,4.7651,0.2239,4.5412,NA,NA,NA,NA,NA,NA,NA
python.exe,31548,0x0,Other,-1,0,0,Composed: Copy with GPU GDI,2026-8-20 19:22:02.604283700,6.5593,6.5593,0.0000,0.1511,6.5559,0.2319,6.3240,NA,NA,NA,NA,NA,NA,NA
python.exe,31548,0x0,Other,0,0,1,Hardware: Legacy Flip,2026-8-20 19:22:02.610843000,0.4769,0.4769,0.0000,0.1525,0.3376,0.0503,0.2873,1.9355,16.3783,1.8007,13131.7628,NA,NA,NA
python.exe,31548,0x0,Other,-1,0,0,Composed: Copy with GPU GDI,2026-8-20 19:22:02.611319900,3.5504,3.5504,0.0000,0.0132,3.6581,1.6057,2.0524,NA,NA,NA,NA,NA,NA,NA
python.exe,31548,0x0,Other,-1,0,0,Composed: Copy with GPU GDI,2026-8-20 19:22:02.614870300,7.4444,7.4444,0.0000,0.1234,7.5199,0.2979,7.2220,NA,NA,NA,NA,NA,NA,NA
python.exe,31548,0x0,Other,0,0,1,Hardware: Legacy Flip,2026-8-20 19:22:02.622314700,5.4046,5.4046,0.0000,0.2022,5.2173,0.0542,5.1631,6.8421,15.0270,-4.9066,13143.2345,NA,NA,NA
python.exe,31548,0x0,Other,-1,0,0,Composed: Copy with GPU GDI,2026-8-20 19:22:02.627719300,0.5375,0.5375,0.0000,0.0149,1.5586,1.5586,0.0000,16.4645,2.4718,-9.6224,13148.6391,NA,NA,NA
python.exe,31548,0x0,Other,-1,0,0,Composed: Copy with GPU GDI,2026-8-20 19:22:02.628256800,5.5916,5.5916,0.0000,1.0387,4.6967,0.2289,4.4678,NA,NA,NA,NA,NA,NA,NA
python.exe,31548,0x0,Other,-1,0,0,Composed: Copy with GPU GDI,2026-8-20 19:22:02.633848400,9.8437,9.8437,0.0000,0.1486,9.7812,0.2789,9.5023,NA,NA,NA,NA,NA,NA,NA
python.exe,31548,0x0,Other,0,0,1,Hardware: Legacy Flip,2026-8-20 19:22:02.643692100,1.4890,1.4890,0.0000,0.0925,1.4109,0.0549,1.3560,2.9635,15.7132,13.5010,13164.6119,NA,NA,NA
python.exe,31548,0x0,Other,-1,0,0,Composed: Copy with GPU GDI,2026-8-20 19:22:02.645181100,1.1942,1.1942,0.0000,0.0144,1.6006,1.6006,0.0000,17.1877,0.3840,-14.2242,13166.1009,NA,NA,NA
python.exe,31548,0x0,Other,-1,0,0,Composed: Copy with GPU GDI,2026-8-20 19:22:02.646375300,8.1800,8.1800,0.0000,0.4233,7.8947,0.2291,7.6656,NA,NA,NA,NA,NA,NA,NA
python.exe,31548,0x0,Other,-1,0,0,Composed: Copy with GPU GDI,2026-8-20 19:22:02.654555300,4.5542,4.5542,0.0000,0.1428,4.5408,0.2147,4.3261,NA,NA,NA,NA,NA,NA,NA
python.exe,31548,0x0,Other,0,0,1,Hardware: Legacy Flip,2026-8-20 19:22:02.659109500,2.1894,2.1894,0.0000,0.1336,2.0722,0.0609,2.0113,3.6433,16.3179,13.5444,13180.0293,NA,NA,NA
python.exe,31548,0x0,Other,-1,0,0,Composed: Copy with GPU GDI,2026-8-20 19:22:02.661298900,4.6250,4.6250,0.0000,0.0164,4.7428,1.6015,3.1413,NA,NA,NA,NA,NA,NA,NA
python.exe,31548,0x0,Other,-1,0,0,Composed: Copy with GPU GDI,2026-8-20 19:22:02.665923900,5.1108,5.1108,0.0000,0.1378,5.1163,0.2210,4.8953,NA,NA,NA,NA,NA,NA,NA
python.exe,31548,0x0,Other,-1,0,0,Composed: Copy with GPU GDI,2026-8-20 19:22:02.671034700,6.1711,6.1711,0.0000,0.1472,6.1703,0.2221,5.9482,NA,NA,NA,NA,NA,NA,NA
python.exe,31548,0x0,Other,0,0,1,Hardware: Legacy Flip,2026-8-20 19:22:02.677205800,0.4211,0.4211,0.0000,0.1509,0.2841,0.0500,0.2341,1.8649,16.6995,1.7784,13198.1256,NA,NA,NA
python.exe,31548,0x0,Other,-1,0,0,Composed: Copy with GPU GDI,2026-8-20 19:22:02.677626900,4.4485,4.4485,0.0000,0.0139,4.5875,1.6059,2.9816,NA,NA,NA,NA,NA,NA,NA
python.exe,31548,0x0,Other,-1,0,0,Composed: Copy with GPU GDI,2026-8-20 19:22:02.682075400,7.6454,7.6454,0.0000,0.1578,7.6230,0.2216,7.4014,NA,NA,NA,NA,NA,NA,NA
python.exe,31548,0x0,Other,0,0,1,Hardware: Legacy Flip,2026-8-20 19:22:02.689720800,4.5690,4.5690,0.0000,0.1390,4.4547,0.0809,4.3738,6.0494,15.1520,-4.1845,13210.6406,NA,NA,NA
python.exe,31548,0x0,Other,-1,0,0,Composed: Copy with GPU GDI,2026-8-20 19:22:02.694289800,0.8543,0.8543,0.0000,0.0247,1.9520,1.9520,0.0000,16.6324,1.0163,-10.5830,13215.2096,NA,NA,NA
python.exe,31548,0x0,Other,-1,0,0,Composed: Copy with GPU GDI,2026-8-20 19:22:02.695144100,4.5742,4.5742,0.0000,1.1258,3.6793,0.3112,3.3681,NA,NA,NA,NA,NA,NA,NA
python.exe,31548,0x0,Other,-1,0,0,Composed: Copy with GPU GDI,2026-8-20 19:22:02.699718300,6.1682,6.1682,0.0000,0.2355,6.0881,0.2842,5.8039,NA,NA,NA,NA,NA,NA,NA
python.exe,31548,0x0,Other,0,0,1,Hardware: Legacy Flip,2026-8-20 19:22:02.705886500,4.6194,4.6194,0.0000,0.1614,4.4736,0.0607,4.4129,6.0520,17.1776,10.5804,13226.8063,NA,NA,NA
python.exe,31548,0x0,Other,-1,0,0,Composed: Copy with GPU GDI,2026-8-20 19:22:02.710505900,2.7393,2.7393,0.0000,0.0156,2.8577,1.5875,1.2702,18.6102,12.2162,-12.5582,13231.4257,NA,NA,NA
python.exe,31548,0x0,Other,-1,0,0,Composed: Copy with GPU GDI,2026-8-20 19:22:02.713245200,25.9273,25.9273,0.0000,0.1383,25.9024,0.2318,25.6706,NA,NA,NA,NA,NA,NA,NA
python.exe,31548,0x0,Other,-1,0,0,Composed: Copy with GPU GDI,2026-8-20 19:22:02.739172500,0.5344,0.5344,0.0000,0.1178,0.4825,0.1172,0.3653,NA,NA,NA,NA,NA,NA,NA
python.exe,31548,0x0,Other,0,0,1,Hardware: Legacy Flip,2026-8-20 19:22:02.739706900,0.1048,0.1048,0.0000,0.0702,0.0784,0.0767,0.0017,1.6254,4.3323,16.9848,13260.6267,NA,NA,NA
python.exe,31548,0x0,Other,-1,0,0,Composed: Copy with GPU GDI,2026-8-20 19:22:02.739811700,3.4996,3.4996,0.0000,0.0438,3.5967,1.6143,1.9824,NA,NA,NA,NA,NA,NA,NA
python.exe,31548,0x0,Other,0,0,1,Hardware: Legacy Flip,2026-8-20 19:22:02.743311300,0.8791,0.8791,0.0000,0.1435,0.7481,0.0492,0.6989,2.3533,16.8402,-0.7279,13264.2311,NA,NA,NA
python.exe,31548,0x0,Other,-1,0,0,Composed: Copy with GPU GDI,2026-8-20 19:22:02.744190400,5.3069,5.3069,0.0000,0.0125,5.4696,1.6154,3.8542,NA,NA,NA,NA,NA,NA,NA
python.exe,31548,0x0,Other,-1,0,0,Composed: Copy with GPU GDI,2026-8-20 19:22:02.749497300,5.6745,5.6745,0.0000,0.1789,5.6422,0.2205,5.4217,NA,NA,NA,NA,NA,NA,NA
python.exe,31548,0x0,Other,-1,0,0,Composed: Copy with GPU GDI,2026-8-20 19:22:02.755171800,5.6141,5.6141,0.0000,0.1502,5.5999,0.2288,5.3711,NA,NA,NA,NA,NA,NA,NA
python.exe,31548,0x0,Other,0,0,1,Hardware: Legacy Flip,2026-8-20 19:22:02.760785900,0.2795,0.2795,0.0000,0.1398,0.1802,0.0745,0.1057,1.7189,16.4780,0.6344,13281.7057,NA,NA,NA
python.exe,31548,0x0,Other,-1,0,0,Composed: Copy with GPU GDI,2026-8-20 19:22:02.761065400,6.0808,6.0808,0.0000,0.0405,6.1875,1.5671,4.6204,NA,NA,NA,NA,NA,NA,NA
python.exe,31548,0x0,Other,-1,0,0,Composed: Copy with GPU GDI,2026-8-20 19:22:02.767146200,6.0002,6.0002,0.0000,0.1513,6.0005,0.2179,5.7826,NA,NA,NA,NA,NA,NA,NA
python.exe,31548,0x0,Other,0,0,1,Hardware: Legacy Flip,2026-8-20 19:22:02.773146400,4.3383,4.3383,0.0000,0.1556,4.1963,0.0488,4.1475,5.8364,16.6408,-4.1175,13294.0662,NA,NA,NA
python.exe,31548,0x0,Other,-1,0,0,Composed: Copy with GPU GDI,2026-8-20 19:22:02.777484700,0.7421,0.7421,0.0000,0.0136,1.8955,1.8955,0.0000,NA,NA,NA,NA,NA,NA,NA
python.exe,31548,0x0,Other,-1,0,0,Composed: Copy with GPU GDI,2026-8-20 19:22:02.778226800,9.6060,9.6060,0.0000,1.1688,8.5707,0.2217,8.3490,NA,NA,NA,NA,NA,NA,NA
python.exe,31548,0x0,Other,-1,0,0,Composed: Copy with GPU GDI,2026-8-20 19:22:02.787832800,4.5833,4.5833,0.0000,0.1374,4.5842,0.2159,4.3683,NA,NA,NA,NA,NA,NA,NA
python.exe,31548,0x0,Other,0,0,1,Hardware: Legacy Flip,2026-8-20 19:22:02.792416100,1.7127,1.7127,0.0000,0.1427,1.6073,0.0694,1.5379,3.2075,17.1425,2.6289,13313.3359,NA,NA,NA
python.exe,31548,0x0,Other,-1,0,0,Composed: Copy with GPU GDI,2026-8-20 19:22:02.794128800,5.0222,5.0222,0.0000,0.0373,5.1342,1.5851,3.5491,NA,NA,NA,NA,NA,NA,NA
python.exe,31548,0x0,Other,-1,0,0,Composed: Copy with GPU GDI,2026-8-20 19:22:02.799151000,4.8068,4.8068,0.0000,0.1524,4.8025,0.2190,4.5835,NA,NA,NA,NA,NA,NA,NA
python.exe,31548,0x0,Other,-1,0,0,Composed: Copy with GPU GDI,2026-8-20 19:22:02.803957800,7.1169,7.1169,0.0000,0.1523,7.1179,0.2228,6.8951,NA,NA,NA,NA,NA,NA,NA
python.exe,31548,0x0,Other,0,0,1,Hardware: Legacy Flip,2026-8-20 19:22:02.811074700,0.2635,0.2635,0.0000,0.1572,0.1474,0.0786,0.0688,1.6914,16.3563,1.5161,13331.9945,NA,NA,NA
python.exe,31548,0x0,Other,-1,0,0,Composed: Copy with GPU GDI,2026-8-20 19:22:02.811338200,4.2000,4.2000,0.0000,0.0411,4.3185,1.5645,2.7540,NA,NA,NA,NA,NA,NA,NA
python.exe,31548,0x0,Other,-1,0,0,Composed: Copy with GPU GDI,2026-8-20 19:22:02.815538200,5.9764,5.9764,0.0000,0.1643,5.9709,0.2373,5.7336,NA,NA,NA,NA,NA,NA,NA
python.exe,31548,0x0,Other,0,0,1,Hardware: Legacy Flip,2026-8-20 19:22:02.821514600,6.0171,6.0171,0.0000,0.1661,5.8688,0.0610,5.8078,7.6078,15.2527,-5.9164,13342.4344,NA,NA,NA
python.exe,31548,0x0,Other,-1,0,0,Composed: Copy with GPU GDI,2026-8-20 19:22:02.827531700,0.5087,0.5087,0.0000,0.0178,1.7329,1.7329,0.0000,16.8434,1.0667,-9.2356,13348.4515,NA,NA,NA
python.exe,31548,0x0,Other,-1,0,0,Composed: Copy with GPU GDI,2026-8-20 19:22:02.828040400,5.2771,5.2771,0.0000,1.2459,4.1777,0.2170,3.9607,NA,NA,NA,NA,NA,NA,NA
python.exe,31548,0x0,Other,-1,0,0,Composed: Copy with GPU GDI,2026-8-20 19:22:02.833317500,6.4013,6.4013,0.0000,0.1507,6.3853,0.2148,6.1705,NA,NA,NA,NA,NA,NA,NA
python.exe,31548,0x0,Other,0,0,1,Hardware: Legacy Flip,2026-8-20 19:22:02.839718800,4.2912,4.2912,0.0000,0.1386,4.1650,0.0458,4.1192,5.7230,17.1242,11.1204,13360.6386,NA,NA,NA
python.exe,31548,0x0,Other,-1,0,0,Composed: Copy with GPU GDI,2026-8-20 19:22:02.844010000,2.3008,2.3008,0.0000,0.0124,2.4404,1.5904,0.8500,18.5560,0.3268,-12.8330,13364.9298,NA,NA,NA
python.exe,31548,0x0,Other,-1,0,0,Composed: Copy with GPU GDI,2026-8-20 19:22:02.846310800,7.9618,7.9618,0.0000,0.1562,7.9585,0.2188,7.7397,NA,NA,NA,NA,NA,NA,NA
python.exe,31548,0x0,Other,-1,0,0,Composed: Copy with GPU GDI,2026-8-20 19:22:02.854272600,4.1848,4.1848,0.0000,0.1564,4.1775,0.2211,3.9564,NA,NA,NA,NA,NA,NA,NA
python.exe,31548,0x0,Other,0,0,1,Hardware: Legacy Flip,2026-8-20 19:22:02.858457400,2.9753,2.9753,0.0000,0.1535,2.8635,0.0775,2.7860,4.4354,17.0236,14.1206,13379.3772,NA,NA,NA
python.exe,31548,0x0,Other,-1,0,0,Composed: Copy with GPU GDI,2026-8-20 19:22:02.861432700,4.7208,4.7208,0.0000,0.0417,4.8286,1.5815,3.2471,NA,NA,NA,NA,NA,NA,NA
python.exe,31548,0x0,Other,-1,0,0,Composed: Copy with GPU GDI,2026-8-20 19:22:02.866153500,3.5644,3.5644,0.0000,0.1532,3.7539,0.4147,3.3392,NA,NA,NA,NA,NA,NA,NA
python.exe,31548,0x0,Other,-1,0,0,Composed: Copy with GPU GDI,2026-8-20 19:22:02.869717900,7.5631,7.5631,0.0000,0.3466,7.3630,0.2190,7.1440,NA,NA,NA,NA,NA,NA,NA
python.exe,31548,0x0,Other,0,0,1,Hardware: Legacy Flip,2026-8-20 19:22:02.877281000,1.2079,1.2079,0.0000,0.1497,1.0706,0.0457,1.0249,2.6354,16.2957,1.8000,13398.2008,NA,NA,NA
python.exe,31548,0x0,Other,-1,0,0,Composed: Copy with GPU GDI,2026-8-20 19:22:02.878488900,3.3262,3.3262,0.0000,0.0124,3.4608,1.5817,1.8791,NA,NA,NA,NA,NA,NA,NA
python.exe,31548,0x0,Other,-1,0,0,Composed: Copy with GPU GDI,2026-8-20 19:22:02.881815100,7.0255,7.0255,0.0000,0.1506,7.0253,0.2198,6.8055,NA,NA,NA,NA,NA,NA,NA
python.exe,31548,0x0,Other,-1,0,0,Composed: Copy with GPU GDI,2026-8-20 19:22:02.888840600,5.5957,5.5957,0.0000,0.1539,5.5955,0.2209,5.3746,NA,NA,NA,NA,NA,NA,NA
python.exe,31548,0x0,Other,0,0,1,Hardware: Legacy Flip,2026-8-20 19:22:02.894436300,0.3598,0.3598,0.0000,0.1571,0.2149,0.0453,0.1696,1.7758,15.9037,0.8596,13415.3561,NA,NA,NA
python.exe,31548,0x0,Other,-1,0,0,Composed: Copy with GPU GDI,2026-8-20 19:22:02.894796100,5.6098,5.6098,0.0000,0.0122,5.7443,1.5667,4.1776,NA,NA,NA,NA,NA,NA,NA
python.exe,31548,0x0,Other,-1,0,0,Composed: Copy with GPU GDI,2026-8-20 19:22:02.900405900,6.0400,6.0400,0.0000,0.1507,6.0474,0.2327,5.8147,NA,NA,NA,NA,NA,NA,NA
python.exe,31548,0x0,Other,0,0,1,Hardware: Legacy Flip,2026-8-20 19:22:02.906445900,4.2686,4.2686,0.0000,0.1611,4.1197,0.0560,4.0637,5.6699,17.1958,-3.8941,13427.3657,NA,NA,NA
python.exe,31548,0x0,Other,-1,0,0,Composed: Copy with GPU GDI,2026-8-20 19:22:02.910714500,2.2281,2.2281,0.0000,0.0122,2.3660,1.5575,0.8085,18.5971,0.5497,-12.9272,13431.6343,NA,NA,NA
python.exe,31548,0x0,Other,-1,0,0,Composed: Copy with GPU GDI,2026-8-20 19:22:02.912942600,7.9854,7.9854,0.0000,0.1524,7.9831,0.2199,7.7632,NA,NA,NA,NA,NA,NA,NA
python.exe,31548,0x0,Other,-1,0,0,Composed: Copy with GPU GDI,2026-8-20 19:22:02.920928000,3.7041,3.7041,0.0000,0.1540,3.7089,0.2287,3.4802,NA,NA,NA,NA,NA,NA,NA
python.exe,31548,0x0,Other,0,0,1,Hardware: Legacy Flip,2026-8-20 19:22:02.924632100,3.8272,3.8272,0.0000,0.1637,3.7030,0.0749,3.6281,5.2292,16.1473,13.3679,13445.5519,NA,NA,NA
python.exe,31548,0x0,Other,-1,0,0,Composed: Copy with GPU GDI,2026-8-20 19:22:02.928459300,3.7770,3.7770,0.0000,0.0395,3.8784,1.5189,2.3595,NA,NA,NA,NA,NA,NA,NA
python.exe,31548,0x0,Other,-1,0,0,Composed: Copy with GPU GDI,2026-8-20 19:22:02.932236300,4.8154,4.8154,0.0000,0.1444,4.8505,0.2624,4.5881,NA,NA,NA,NA,NA,NA,NA
python.exe,31548,0x0,Other,-1,0,0,Composed: Copy with GPU GDI,2026-8-20 19:22:02.937051700,7.2090,7.2090,0.0000,0.1818,7.1646,0.2200,6.9446,NA,NA,NA,NA,NA,NA,NA
python.exe,31548,0x0,Other,0,0,1,Hardware: Legacy Flip,2026-8-20 19:22:02.944260700,0.3963,0.3963,0.0000,0.1417,0.2670,0.0464,0.2206,1.7479,16.3002,3.4813,13465.1805,NA,NA,NA
python.exe,31548,0x0,Other,-1,0,0,Composed: Copy with GPU GDI,2026-8-20 19:22:02.944657000,3.5605,3.5605,0.0000,0.0124,3.8885,1.7198,2.1687,NA,NA,NA,NA,NA,NA,NA
python.exe,31548,0x0,Other,-1,0,0,Composed: Copy with GPU GDI,2026-8-20 19:22:02.948217500,7.2523,7.2523,0.0000,0.3441,7.0412,0.2212,6.8200,NA,NA,NA,NA,NA,NA,NA
python.exe,31548,0x0,Other,-1,0,0,Composed: Copy with GPU GDI,2026-8-20 19:22:02.955469800,4.9273,4.9273,0.0000,0.1352,5.0167,0.3160,4.7007,NA,NA,NA,NA,NA,NA,NA
python.exe,31548,0x0,Other,0,0,1,Hardware: Legacy Flip,2026-8-20 19:22:02.960397100,0.5314,0.5314,0.0000,0.2280,0.3160,0.0775,0.2385,1.9117,16.2018,-0.1638,13481.3169,NA,NA,NA
python.exe,31548,0x0,Other,-1,0,0,Composed: Copy with GPU GDI,2026-8-20 19:22:02.960928500,5.9056,5.9056,0.0000,0.0126,6.0378,1.4893,4.5485,NA,NA,NA,NA,NA,NA,NA
python.exe,31548,0x0,Other,-1,0,0,Composed: Copy with GPU GDI,2026-8-20 19:22:02.966834100,9.2343,9.2343,0.0000,0.1486,9.2334,0.2197,9.0137,NA,NA,NA,NA,NA,NA,NA
python.exe,31548,0x0,Other,0,0,1,Hardware: Legacy Flip,2026-8-20 19:22:02.976068400,1.0566,1.0566,0.0000,0.1514,0.9435,0.0702,0.8733,2.4422,16.6791,-0.5305,13496.9882,NA,NA,NA
python.exe,31548,0x0,Other,-1,0,0,Composed: Copy with GPU GDI,2026-8-20 19:22:02.977125000,2.2964,2.2964,0.0000,0.0383,2.4898,1.5902,0.8996,NA,NA,NA,NA,NA,NA,NA
python.exe,31548,0x0,Other,-1,0,0,Composed: Copy with GPU GDI,2026-8-20 19:22:02.979421400,8.5263,8.5263,0.0000,0.2343,8.4331,0.2218,8.2113,NA,NA,NA,NA,NA,NA,NA
python.exe,31548,0x0,Other,-1,0,0,Composed: Copy with GPU GDI,2026-8-20 19:22:02.987947700,3.1941,3.1941,0.0000,0.1450,3.1887,0.2267,2.9620,NA,NA,NA,NA,NA,NA,NA
python.exe,31548,0x0,Other,0,0,1,Hardware: Legacy Flip,2026-8-20 19:22:02.991141800,2.6981,2.6981,0.0000,0.1448,2.6021,0.0930,2.5091,4.0479,17.4883,-1.6057,13512.0616,NA,NA,NA
python.exe,31548,0x0,Other,-1,0,0,Composed: Copy with GPU GDI,2026-8-20 19:22:02.993839900,5.5811,5.5811,0.0000,0.0488,5.6716,1.4655,4.2061,NA,NA,NA,NA,NA,NA,NA
python.exe,31548,0x0,Other,-1,0,0,Composed: Copy with GPU GDI,2026-8-20 19:22:02.999421000,4.1879,4.1879,0.0000,0.1432,4.2531,0.2870,3.9661,NA,NA,NA,NA,NA,NA,NA
python.exe,31548,0x0,Other,-1,0,0,Composed: Copy with GPU GDI,2026-8-20 19:22:03.003608900,6.7174,6.7174,0.0000,0.2115,6.6520,0.2181,6.4339,NA,NA,NA,NA,NA,NA,NA
python.exe,31548,0x0,Other,0,0,1,Hardware: Legacy Flip,2026-8-20 19:22:03.010326300,1.0003,1.0003,0.0000,0.1502,0.8871,0.0687,0.8184,2.3517,16.7820,1.6962,13531.2461,NA,NA,NA
python.exe,31548,0x0,Other,-1,0,0,Composed: Copy with GPU GDI,2026-8-20 19:22:03.011326600,3.6235,3.6235,0.0000,0.0370,3.8418,1.6191,2.2227,NA,NA,NA,NA,NA,NA,NA
python.exe,31548,0x0,Other,-1,0,0,Composed: Copy with GPU GDI,2026-8-20 19:22:03.014950100,6.7539,6.7539,0.0000,0.2636,6.6354,0.2209,6.4145,NA,NA,NA,NA,NA,NA,NA
python.exe,31548,0x0,Other,0,0,1,Hardware: Legacy Flip,2026-8-20 19:22:03.021704000,6.3854,6.3854,0.0000,0.1478,6.2495,0.0459,6.2036,7.7560,15.1099,-5.4043,13542.6238,NA,NA,NA
python.exe,31548,0x0,Other,-1,0,0,Composed: Copy with GPU GDI,2026-8-20 19:22:03.028089400,0.1771,0.1771,0.0000,0.0119,1.5298,1.5298,0.0000,16.4805,2.3104,-8.7245,13549.0092,NA,NA,NA
python.exe,31548,0x0,Other,-1,0,0,Composed: Copy with GPU GDI,2026-8-20 19:22:03.028266500,5.5799,5.5799,0.0000,1.3684,4.3723,0.2303,4.1420,NA,NA,NA,NA,NA,NA,NA
python.exe,31548,0x0,Other,-1,0,0,Composed: Copy with GPU GDI,2026-8-20 19:22:03.033846400,9.1911,9.1911,0.0000,0.1638,9.1725,0.2195,8.9530,NA,NA,NA,NA,NA,NA,NA
python.exe,31548,0x0,Other,0,0,1,Hardware: Legacy Flip,2026-8-20 19:22:03.043037500,2.3711,2.3711,0.0000,0.1491,2.2368,0.0500,2.1868,3.8428,15.8915,12.6377,13563.9573,NA,NA,NA
python.exe,31548,0x0,Other,-1,0,0,Composed: Copy with GPU GDI,2026-8-20 19:22:03.045408600,1.4163,1.4163,0.0000,0.0148,1.8620,1.8620,0.0000,17.3632,0.4545,-13.5204,13566.3284,NA,NA,NA
python.exe,31548,0x0,Other,-1,0,0,Composed: Copy with GPU GDI,2026-8-20 19:22:03.046824900,7.8160,7.8160,0.0000,0.4632,7.5001,0.2175,7.2826,NA,NA,NA,NA,NA,NA,NA
python.exe,31548,0x0,Other,-1,0,0,Composed: Copy with GPU GDI,2026-8-20 19:22:03.054640900,3.3254,3.3254,0.0000,0.1507,3.3233,0.2179,3.1054,NA,NA,NA,NA,NA,NA,NA
python.exe,31548,0x0,Other,0,0,1,Hardware: Legacy Flip,2026-8-20 19:22:03.057966300,3.9111,3.9111,0.0000,0.1524,3.7739,0.0545,3.7194,5.2600,16.4698,12.1032,13578.8861,NA,NA,NA
python.exe,31548,0x0,Other,-1,0,0,Composed: Copy with GPU GDI,2026-8-20 19:22:03.061877400,5.1388,5.1388,0.0000,0.0152,5.2725,1.5076,3.7649,NA,NA,NA,NA,NA,NA,NA
python.exe,31548,0x0,Other,-1,0,0,Composed: Copy with GPU GDI,2026-8-20 19:22:03.067016200,3.0427,3.0427,0.0000,0.1530,3.0301,0.2186,2.8115,NA,NA,NA,NA,NA,NA,NA
python.exe,31548,0x0,Other,-1,0,0,Composed: Copy with GPU GDI,2026-8-20 19:22:03.070058900,7.0509,7.0509,0.0000,0.1432,7.0552,0.2213,6.8339,NA,NA,NA,NA,NA,NA,NA
python.exe,31548,0x0,Other,0,0,1,Hardware: Legacy Flip,2026-8-20 19:22:03.077109800,1.2448,1.2448,0.0000,0.1508,1.1066,0.0484,1.0582,2.5863,17.1624,2.6737,13598.0296,NA,NA,NA
python.exe,31548,0x0,Other,-1,0,0,Composed: Copy with GPU GDI,2026-8-20 19:22:03.078354600,3.7863,3.7863,0.0000,0.0126,3.9141,1.4965,2.4176,NA,NA,NA,NA,NA,NA,NA
python.exe,31548,0x0,Other,-1,0,0,Composed: Copy with GPU GDI,2026-8-20 19:22:03.082140900,6.0735,6.0735,0.0000,0.1445,6.0811,0.2230,5.8581,NA,NA,NA,NA,NA,NA,NA
python.exe,31548,0x0,Other,-1,0,0,Composed: Copy with GPU GDI,2026-8-20 19:22:03.088214400,6.2198,6.2198,0.0000,0.1555,6.4007,0.4154,5.9853,NA,NA,NA,NA,NA,NA,NA
python.exe,31548,0x0,Other,0,0,1,Hardware: Legacy Flip,2026-8-20 19:22:03.094434200,0.4240,0.4240,0.0000,0.3407,0.0955,0.0461,0.0494,2.4243,15.5549,0.1620,13615.3540,NA,NA,NA
python.exe,31548,0x0,Other,-1,0,0,Composed: Copy with GPU GDI,2026-8-20 19:22:03.094858200,5.8729,5.8729,0.0000,0.0122,6.1827,2.3395,3.8432,NA,NA,NA,NA,NA,NA,NA
python.exe,31548,0x0,Other,-1,0,0,Composed: Copy with GPU GDI,2026-8-20 19:22:03.100731100,5.0568,5.0568,0.0000,0.3251,5.2334,0.5903,4.6431,NA,NA,NA,NA,NA,NA,NA
python.exe,31548,0x0,Other,0,0,1,Hardware: Legacy Flip,2026-8-20 19:22:03.105787900,4.7412,4.7412,0.0000,0.5050,4.2479,0.0453,4.2026,6.6255,17.1087,-4.2012,13626.7077,NA,NA,NA
python.exe,31548,0x0,Other,-1,0,0,Composed: Copy with GPU GDI,2026-8-20 19:22:03.110529100,1.7652,1.7652,0.0000,0.0117,2.4674,2.4674,0.0000,18.9930,0.1270,-12.3675,13631.4489,NA,NA,NA
python.exe,31548,0x0,Other,-1,0,0,Composed: Copy with GPU GDI,2026-8-20 19:22:03.112294300,8.5516,8.5516,0.0000,0.7159,8.0192,0.2613,7.7579,NA,NA,NA,NA,NA,NA,NA
python.exe,31548,0x0,Other,-1,0,0,Composed: Copy with GPU GDI,2026-8-20 19:22:03.120845900,4.0876,4.0876,0.0000,0.1863,4.0685,0.2517,3.8168,NA,NA,NA,NA,NA,NA,NA
python.exe,31548,0x0,Other,0,0,1,Hardware: Legacy Flip,2026-8-20 19:22:03.124933500,2.7738,2.7738,0.0000,0.1696,2.6182,0.0518,2.5664,4.7156,16.4488,14.2774,13645.8533,NA,NA,NA
python.exe,31548,0x0,Other,-1,0,0,Composed: Copy with GPU GDI,2026-8-20 19:22:03.127707300,5.2318,5.2318,0.0000,0.0140,5.4067,2.1426,3.2641,NA,NA,NA,NA,NA,NA,NA
python.exe,31548,0x0,Other,-1,0,0,Composed: Copy with GPU GDI,2026-8-20 19:22:03.132939100,4.0497,4.0497,0.0000,0.1932,4.3013,0.5247,3.7766,NA,NA,NA,NA,NA,NA,NA
python.exe,31548,0x0,Other,-1,0,0,Composed: Copy with GPU GDI,2026-8-20 19:22:03.136988800,6.6909,6.6909,0.0000,0.4475,6.4341,0.2601,6.1740,NA,NA,NA,NA,NA,NA,NA
python.exe,31548,0x0,Other,0,0,1,Hardware: Legacy Flip,2026-8-20 19:22:03.143679700,0.5964,0.5964,0.0000,0.1933,0.4150,0.0437,0.3713,2.4182,17.4912,2.2974,13664.5995,NA,NA,NA
python.exe,31548,0x0,Other,-1,0,0,Composed: Copy with GPU GDI,2026-8-20 19:22:03.144276100,4.3872,4.3872,0.0000,0.0119,4.6073,2.1116,2.4957,NA,NA,NA,NA,NA,NA,NA
python.exe,31548,0x0,Other,-1,0,0,Composed: Copy with GPU GDI,2026-8-20 19:22:03.148663300,5.8756,5.8756,0.0000,0.2351,5.8765,0.3138,5.5627,NA,NA,NA,NA,NA,NA,NA
python.exe,31548,0x0,Other,-1,0,0,Composed: Copy with GPU GDI,2026-8-20 19:22:03.154538900,6.7022,6.7022,0.0000,0.2382,6.6453,0.2631,6.3822,NA,NA,NA,NA,NA,NA,NA
python.exe,31548,0x0,Other,0,0,1,Hardware: Legacy Flip,2026-8-20 19:22:03.161241100,0.4383,0.4383,0.0000,0.1835,0.2670,0.0473,0.2197,2.3480,15.7942,0.0702,13682.1609,NA,NA,NA
python.exe,31548,0x0,Other,-1,0,0,Composed: Copy with GPU GDI,2026-8-20 19:22:03.161679400,5.4912,5.4912,0.0000,0.0122,5.6578,2.0917,3.5661,NA,NA,NA,NA,NA,NA,NA
python.exe,31548,0x0,Other,-1,0,0,Composed: Copy with GPU GDI,2026-8-20 19:22:03.167170600,6.1827,6.1827,0.0000,0.1820,6.1757,0.2634,5.9123,NA,NA,NA,NA,NA,NA,NA
python.exe,31548,0x0,Other,0,0,1,Hardware: Legacy Flip,2026-8-20 19:22:03.173353300,4.1968,4.1968,0.0000,0.1773,4.0351,0.0576,3.9775,6.0300,16.8603,-3.6820,13694.2731,NA,NA,NA
python.exe,31548,0x0,Other,-1,0,0,Composed: Copy with GPU GDI,2026-8-20 19:22:03.177550100,2.2155,2.2155,0.0000,0.0156,2.3826,2.0243,0.3583,18.6935,0.4866,-12.6635,13698.4699,NA,NA,NA
python.exe,31548,0x0,Other,-1,0,0,Composed: Copy with GPU GDI,2026-8-20 19:22:03.179765600,8.0137,8.0137,0.0000,0.1846,8.0183,0.2636,7.7547,NA,NA,NA,NA,NA,NA,NA
python.exe,31548,0x0,Other,-1,0,0,Composed: Copy with GPU GDI,2026-8-20 19:22:03.187779300,4.0944,4.0944,0.0000,0.1917,4.0906,0.2610,3.8296,NA,NA,NA,NA,NA,NA,NA
python.exe,31548,0x0,Other,0,0,1,Hardware: Legacy Flip,2026-8-20 19:22:03.191873700,3.0316,3.0316,0.0000,0.1921,2.8555,0.0587,2.7968,4.8565,16.0324,13.8370,13712.7935,NA,NA,NA
python.exe,31548,0x0,Other,-1,0,0,Composed: Copy with GPU GDI,2026-8-20 19:22:03.194905300,4.9611,4.9611,0.0000,0.0160,5.1398,2.0168,3.1230,NA,NA,NA,NA,NA,NA,NA
python.exe,31548,0x0,Other,-1,0,0,Composed: Copy with GPU GDI,2026-8-20 19:22:03.199866400,3.6413,3.6413,0.0000,0.1974,3.6297,0.2585,3.3712,NA,NA,NA,NA,NA,NA,NA
python.exe,31548,0x0,Other,-1,0,0,Composed: Copy with GPU GDI,2026-8-20 19:22:03.203507700,6.9261,6.9261,0.0000,0.1886,6.9221,0.2708,6.6513,NA,NA,NA,NA,NA,NA,NA
python.exe,31548,0x0,Other,0,0,1,Hardware: Legacy Flip,2026-8-20 19:22:03.210433800,0.4815,0.4815,0.0000,0.1891,0.3049,0.0475,0.2574,2.3288,16.6845,2.5277,13731.3536,NA,NA,NA
python.exe,31548,0x0,Other,-1,0,0,Composed: Copy with GPU GDI,2026-8-20 19:22:03.210915300,5.0374,5.0374,0.0000,0.0125,5.2262,2.0457,3.1805,NA,NA,NA,NA,NA,NA,NA
python.exe,31548,0x0,Other,-1,0,0,Composed: Copy with GPU GDI,2026-8-20 19:22:03.215952700,5.6290,5.6290,0.0000,0.2039,5.6147,0.2607,5.3540,NA,NA,NA,NA,NA,NA,NA
python.exe,31548,0x0,Other,0,0,1,Hardware: Legacy Flip,2026-8-20 19:22:03.221581700,5.9912,5.9912,0.0000,0.1924,5.8133,0.0513,5.7620,7.8654,15.3278,-5.5366,13742.5015,NA,NA,NA
python.exe,31548,0x0,Other,-1,0,0,Composed: Copy with GPU GDI,2026-8-20 19:22:03.227572900,0.4932,0.4932,0.0000,0.0145,2.3821,2.3821,0.0000,17.2020,1.0479,-9.3366,13748.4927,NA,NA,NA
python.exe,31548,0x0,Other,-1,0,0,Composed: Copy with GPU GDI,2026-8-20 19:22:03.228066100,5.0917,5.0917,0.0000,1.9066,3.6274,0.5191,3.1083,NA,NA,NA,NA,NA,NA,NA
python.exe,31548,0x0,Other,-1,0,0,Composed: Copy with GPU GDI,2026-8-20 19:22:03.233157800,9.6839,9.6839,0.0000,0.4449,9.4284,0.2607,9.1677,NA,NA,NA,NA,NA,NA,NA
python.exe,31548,0x0,Other,0,0,1,Hardware: Legacy Flip,2026-8-20 19:22:03.242841700,1.1485,1.1485,0.0000,0.1922,0.9686,0.0470,0.9216,2.9811,16.8121,14.2209,13763.7615,NA,NA,NA
python.exe,31548,0x0,Other,-1,0,0,Composed: Copy with GPU GDI,2026-8-20 19:22:03.243990200,1.8981,1.8981,0.0000,0.0123,2.3937,2.3937,0.0000,NA,NA,NA,NA,NA,NA,NA
python.exe,31548,0x0,Other,-1,0,0,Composed: Copy with GPU GDI,2026-8-20 19:22:03.245888300,8.6358,8.6358,0.0000,0.5099,8.3068,0.2640,8.0428,NA,NA,NA,NA,NA,NA,NA
python.exe,31548,0x0,Other,-1,0,0,Composed: Copy with GPU GDI,2026-8-20 19:22:03.254524100,3.4390,3.4390,0.0000,0.1844,3.4705,0.2975,3.1730,NA,NA,NA,NA,NA,NA,NA
python.exe,31548,0x0,Other,0,0,1,Hardware: Legacy Flip,2026-8-20 19:22:03.257963100,2.8252,2.8252,0.0000,0.2187,2.6207,0.0523,2.5684,4.6718,17.4125,-1.6907,13778.8829,NA,NA,NA
python.exe,31548,0x0,Other,-1,0,0,Composed: Copy with GPU GDI,2026-8-20 19:22:03.260788300,5.1587,5.1587,0.0000,0.0142,5.3271,2.0278,3.2993,NA,NA,NA,NA,NA,NA,NA
python.exe,31548,0x0,Other,-1,0,0,Composed: Copy with GPU GDI,2026-8-20 19:22:03.265947000,4.5719,4.5719,0.0000,0.1865,4.6837,0.3764,4.3073,NA,NA,NA,NA,NA,NA,NA
python.exe,31548,0x0,Other,-1,0,0,Composed: Copy with GPU GDI,2026-8-20 19:22:03.270518900,5.5966,5.5966,0.0000,0.3013,5.4745,0.2564,5.2181,NA,NA,NA,NA,NA,NA,NA
python.exe,31548,0x0,Other,0,0,1,Hardware: Legacy Flip,2026-8-20 19:22:03.276115500,2.1409,2.1409,0.0000,0.1828,1.9702,0.0498,1.9204,3.9319,16.7526,0.7399,13797.0353,NA,NA,NA
python.exe,31548,0x0,Other,-1,0,0,Composed: Copy with GPU GDI,2026-8-20 19:22:03.278256400,3.9387,3.9387,0.0000,0.0121,4.1769,2.0558,2.1211,NA,NA,NA,NA,NA,NA,NA
python.exe,31548,0x0,Other,-1,0,0,Composed: Copy with GPU GDI,2026-8-20 19:22:03.282195100,6.3861,6.3861,0.0000,0.2538,6.3885,0.3242,6.0643,NA,NA,NA,NA,NA,NA,NA
python.exe,31548,0x0,Other,-1,0,0,Composed: Copy with GPU GDI,2026-8-20 19:22:03.288581200,5.8258,5.8258,0.0000,0.2588,5.7562,0.2829,5.4733,NA,NA,NA,NA,NA,NA,NA
python.exe,31548,0x0,Other,0,0,1,Hardware: Legacy Flip,2026-8-20 19:22:03.294407000,0.4297,0.4297,0.0000,0.1924,0.2495,0.0555,0.1940,2.3930,16.0091,1.5389,13815.3268,NA,NA,NA
python.exe,31548,0x0,Other,-1,0,0,Composed: Copy with GPU GDI,2026-8-20 19:22:03.294836700,6.5329,6.5329,0.0000,0.0122,6.6985,2.1673,4.5312,NA,NA,NA,NA,NA,NA,NA
python.exe,31548,0x0,Other,-1,0,0,Composed: Copy with GPU GDI,2026-8-20 19:22:03.301369600,8.5330,8.5330,0.0000,0.1827,8.5279,0.2649,8.2630,NA,NA,NA,NA,NA,NA,NA
python.exe,31548,0x0,Other,0,0,1,Hardware: Legacy Flip,2026-8-20 19:22:03.309902600,1.0578,1.0578,0.0000,0.1812,0.8900,0.0509,0.8391,2.9065,16.4478,-0.5135,13830.8224,NA,NA,NA
python.exe,31548,0x0,Other,-1,0,0,Composed: Copy with GPU GDI,2026-8-20 19:22:03.310960400,2.1248,2.1248,0.0000,0.0134,2.3894,2.1405,0.2489,NA,NA,NA,NA,NA,NA,NA
python.exe,31548,0x0,Other,-1,0,0,Composed: Copy with GPU GDI,2026-8-20 19:22:03.313085200,8.5133,8.5133,0.0000,0.2811,8.4119,0.2731,8.1388,NA,NA,NA,NA,NA,NA,NA
python.exe,31548,0x0,Other,-1,0,0,Composed: Copy with GPU GDI,2026-8-20 19:22:03.321598500,2.6765,2.6765,0.0000,0.1830,3.0108,0.5998,2.4110,NA,NA,NA,NA,NA,NA,NA
python.exe,31548,0x0,Other,0,0,1,Hardware: Legacy Flip,2026-8-20 19:22:03.324275000,3.1598,3.1598,0.0000,0.5204,2.6535,0.0576,2.5959,4.9819,16.8625,-2.0754,13845.1948,NA,NA,NA
python.exe,31548,0x0,Other,-1,0,0,Composed: Copy with GPU GDI,2026-8-20 19:22:03.327434800,5.3031,5.3031,0.0000,0.0141,5.4621,2.0186,3.4435,NA,NA,NA,NA,NA,NA,NA
python.exe,31548,0x0,Other,-1,0,0,Composed: Copy with GPU GDI,2026-8-20 19:22:03.332737900,4.4337,4.4337,0.0000,0.1779,4.4322,0.2653,4.1669,NA,NA,NA,NA,NA,NA,NA
python.exe,31548,0x0,Other,-1,0,0,Composed: Copy with GPU GDI,2026-8-20 19:22:03.337171600,6.3729,6.3729,0.0000,0.1805,6.2588,0.2731,5.9857,NA,NA,NA,NA,NA,NA,NA
python.exe,31548,0x0,Other,0,0,1,Hardware: Legacy Flip,2026-8-20 19:22:03.343544500,0.7281,0.7281,0.0000,0.0716,0.6695,0.0519,0.6176,2.5749,17.4717,2.4070,13864.4643,NA,NA,NA
python.exe,31548,0x0,Other,-1,0,0,Composed: Copy with GPU GDI,2026-8-20 19:22:03.344272600,4.7029,4.7029,0.0000,0.0130,5.0477,2.2462,2.8015,NA,NA,NA,NA,NA,NA,NA
python.exe,31548,0x0,Other,-1,0,0,Composed: Copy with GPU GDI,2026-8-20 19:22:03.348975500,5.8147,5.8147,0.0000,0.3608,5.8073,0.4485,5.3588,NA,NA,NA,NA,NA,NA,NA
python.exe,31548,0x0,Other,-1,0,0,Composed: Copy with GPU GDI,2026-8-20 19:22:03.354790200,5.6868,5.6868,0.0000,0.3562,5.4819,0.2724,5.2095,NA,NA,NA,NA,NA,NA,NA
python.exe,31548,0x0,Other,0,0,1,Hardware: Legacy Flip,2026-8-20 19:22:03.360477000,1.2822,1.2822,0.0000,0.1565,1.1399,0.0552,1.0847,3.1141,15.4944,-0.5392,13881.3968,NA,NA,NA
python.exe,31548,0x0,Other,-1,0,0,Composed: Copy with GPU GDI,2026-8-20 19:22:03.361759200,6.9513,6.9513,0.0000,0.0142,7.0624,2.0370,5.0254,NA,NA,NA,NA,NA,NA,NA
python.exe,31548,0x0,Other,-1,0,0,Composed: Copy with GPU GDI,2026-8-20 19:22:03.368710500,4.3088,4.3088,0.0000,0.1294,4.5052,0.4571,4.0481,NA,NA,NA,NA,NA,NA,NA
python.exe,31548,0x0,Other,0,0,1,Hardware: Legacy Flip,2026-8-20 19:22:03.373019300,4.2501,4.2501,0.0000,0.3297,3.9357,0.0589,3.8768,6.0662,15.9724,-2.9521,13893.9391,NA,NA,NA
python.exe,31548,0x0,Other,-1,0,0,Composed: Copy with GPU GDI,2026-8-20 19:22:03.377269400,2.6007,2.6007,0.0000,0.0153,2.9255,2.1765,0.7490,NA,NA,NA,NA,NA,NA,NA
python.exe,31548,0x0,Other,-1,0,0,Composed: Copy with GPU GDI,2026-8-20 19:22:03.379870100,8.3582,8.3582,0.0000,0.3440,8.1942,0.2728,7.9214,NA,NA,NA,NA,NA,NA,NA
python.exe,31548,0x0,Other,-1,0,0,Composed: Copy with GPU GDI,2026-8-20 19:22:03.388228300,3.2879,3.2879,0.0000,0.1846,3.3136,0.2935,3.0201,NA,NA,NA,NA,NA,NA,NA
python.exe,31548,0x0,Other,0,0,1,Hardware: Legacy Flip,2026-8-20 19:22:03.391516200,1.6977,1.6977,0.0000,0.2142,1.4975,0.0531,1.4444,3.5417,17.3406,2.5245,13912.4360,NA,NA,NA
python.exe,31548,0x0,Other,-1,0,0,Composed: Copy with GPU GDI,2026-8-20 19:22:03.393213900,6.1268,6.1268,0.0000,0.0140,6.2881,2.0378,4.2503,NA,NA,NA,NA,NA,NA,NA
python.exe,31548,0x0,Other,-1,0,0,Composed: Copy with GPU GDI,2026-8-20 19:22:03.399340700,4.2441,4.2441,0.0000,0.1783,4.4276,0.4532,3.9744,NA,NA,NA,NA,NA,NA,NA
python.exe,31548,0x0,Other,-1,0,0,Composed: Copy with GPU GDI,2026-8-20 19:22:03.403584800,6.5567,6.5567,0.0000,0.3649,6.6253,0.5241,6.1012,NA,NA,NA,NA,NA,NA,NA
python.exe,31548,0x0,Other,0,0,1,Hardware: Legacy Flip,2026-8-20 19:22:03.410141500,0.4517,0.4517,0.0000,0.4335,0.0674,0.0674,0.0000,2.2570,17.9179,1.2847,13931.0613,NA,NA,NA
python.exe,31548,0x0,Other,-1,0,0,Composed: Copy with GPU GDI,2026-8-20 19:22:03.410593200,5.5026,5.5026,0.0000,0.0492,5.6408,1.9749,3.6659,NA,NA,NA,NA,NA,NA,NA
python.exe,31548,0x0,Other,-1,0,0,Composed: Copy with GPU GDI,2026-8-20 19:22:03.416095800,5.7239,5.7239,0.0000,0.1927,5.8442,0.4028,5.4414,NA,NA,NA,NA,NA,NA,NA
python.exe,31548,0x0,Other,-1,0,0,Composed: Copy with GPU GDI,2026-8-20 19:22:03.421819700,6.4898,6.4898,0.0000,6.5828,0.0972,0.0972,0.0000,NA,NA,NA,NA,NA,NA,NA
python.exe,31548,0x0,Other,0,0,1,Hardware: Legacy Flip,2026-8-20 19:22:03.428309500,0.0795,0.0795,0.0000,0.0000,6.2675,0.1664,6.1011,2.0069,15.4695,0.2501,13949.2293,NA,NA,NA
python.exe,31548,0x0,Other,-1,0,0,Composed: Copy with GPU GDI,2026-8-20 19:22:03.428389000,5.3638,5.3638,0.0000,0.1107,5.6329,2.2128,3.4201,NA,NA,NA,NA,NA,NA,NA
python.exe,31548,0x0,Other,-1,0,0,Composed: Copy with GPU GDI,2026-8-20 19:22:03.433752800,9.3183,9.3183,0.0000,0.3820,9.1213,0.2590,8.8623,NA,NA,NA,NA,NA,NA,NA
python.exe,31548,0x0,Other,0,0,1,Hardware: Legacy Flip,2026-8-20 19:22:03.443071100,0.9159,0.9159,0.0000,0.1876,0.7405,0.0447,0.6958,2.7148,17.2409,-0.7079,13963.9909,NA,NA,NA
python.exe,31548,0x0,Other,-1,0,0,Composed: Copy with GPU GDI,2026-8-20 19:22:03.443987000,1.7655,1.7655,0.0000,0.0122,2.3532,2.3532,0.0000,NA,NA,NA,NA,NA,NA,NA
python.exe,31548,0x0,Other,-1,0,0,Composed: Copy with GPU GDI,2026-8-20 19:22:03.445752500,8.7202,8.7202,0.0000,0.6022,8.3044,0.2576,8.0468,NA,NA,NA,NA,NA,NA,NA
python.exe,31548,0x0,Other,-1,0,0,Composed: Copy with GPU GDI,2026-8-20 19:22:03.454472700,3.4867,3.4867,0.0000,0.1900,3.5141,0.3273,3.1868,NA,NA,NA,NA,NA,NA,NA
python.exe,31548,0x0,Other,0,0,1,Hardware: Legacy Flip,2026-8-20 19:22:03.457959400,3.2734,3.2734,0.0000,0.2244,3.0620,0.0495,3.0125,5.0674,16.2557,-2.3526,13978.8792,NA,NA,NA
python.exe,31548,0x0,Other,-1,0,0,Composed: Copy with GPU GDI,2026-8-20 19:22:03.461232800,5.1378,5.1378,0.0000,0.0130,5.3239,1.9800,3.3439,NA,NA,NA,NA,NA,NA,NA
python.exe,31548,0x0,Other,-1,0,0,Composed: Copy with GPU GDI,2026-8-20 19:22:03.466370600,3.4365,3.4365,0.0000,0.2021,3.6927,0.5451,3.1476,NA,NA,NA,NA,NA,NA,NA
python.exe,31548,0x0,Other,-1,0,0,Composed: Copy with GPU GDI,2026-8-20 19:22:03.469807100,7.3015,7.3015,0.0000,0.4614,7.0858,0.3187,6.7671,NA,NA,NA,NA,NA,NA,NA
python.exe,31548,0x0,Other,0,0,1,Hardware: Legacy Flip,2026-8-20 19:22:03.477108600,0.3415,0.3415,0.0000,0.2482,0.1054,0.0443,0.0611,2.1739,20.3009,2.8935,13998.0284,NA,NA,NA
python.exe,31548,0x0,Other,-1,0,0,Composed: Copy with GPU GDI,2026-8-20 19:22:03.477450100,4.1485,4.1485,0.0000,0.0121,4.3303,2.0382,2.2921,22.1333,1.0700,-19.9594,13998.3699,NA,NA,NA
python.exe,31548,0x0,Other,-1,0,0,Composed: Copy with GPU GDI,2026-8-20 19:22:03.481598600,7.5542,7.5542,0.0000,0.1990,7.5475,0.2662,7.2813,NA,NA,NA,NA,NA,NA,NA
python.exe,31548,0x0,Other,-1,0,0,Composed: Copy with GPU GDI,2026-8-20 19:22:03.489152800,5.8691,5.8691,0.0000,0.1952,5.8425,0.2927,5.5498,NA,NA,NA,NA,NA,NA,NA
python.exe,31548,0x0,Other,0,0,1,Hardware: Legacy Flip,2026-8-20 19:22:03.495021900,3.7790,3.7790,0.0000,0.1709,3.6536,0.0906,3.5630,5.6315,12.2774,16.5018,14015.9417,NA,NA,NA
python.exe,31548,0x0,Other,-1,0,0,Composed: Copy with GPU GDI,2026-8-20 19:22:03.498800900,0.9903,0.9903,0.0000,0.0455,1.9752,1.9752,0.0000,NA,NA,NA,NA,NA,NA,NA
python.exe,31548,0x0,Other,-1,0,0,Composed: Copy with GPU GDI,2026-8-20 19:22:03.499791200,10.6187,10.6187,0.0000,1.0325,9.7667,0.2675,9.4992,NA,NA,NA,NA,NA,NA,NA
python.exe,31548,0x0,Other,0,0,1,Hardware: Legacy Flip,2026-8-20 19:22:03.510409900,0.7212,0.7212,0.0000,0.1830,0.5526,0.0517,0.5009,2.5209,16.0596,3.1106,14031.3297,NA,NA,NA
python.exe,31548,0x0,Other,-1,0,0,Composed: Copy with GPU GDI,2026-8-20 19:22:03.511131100,2.1675,2.1675,0.0000,0.0144,2.3711,2.0333,0.3378,NA,NA,NA,NA,NA,NA,NA
python.exe,31548,0x0,Other,-1,0,0,Composed: Copy with GPU GDI,2026-8-20 19:22:03.513298600,7.7191,7.7191,0.0000,0.2197,7.6913,0.2629,7.4284,NA,NA,NA,NA,NA,NA,NA
python.exe,31548,0x0,Other,-1,0,0,Composed: Copy with GPU GDI,2026-8-20 19:22:03.521017700,2.8402,2.8402,0.0000,0.1957,2.8089,0.2593,2.5496,NA,NA,NA,NA,NA,NA,NA
python.exe,31548,0x0,Other,0,0,1,Hardware: Legacy Flip,2026-8-20 19:22:03.523857900,3.2817,3.2817,0.0000,0.1695,3.1246,0.0450,3.0796,5.1325,17.6613,-2.6116,14044.7777,NA,NA,NA
python.exe,31548,0x0,Other,-1,0,0,Composed: Copy with GPU GDI,2026-8-20 19:22:03.527139600,4.9948,4.9948,0.0000,0.0124,5.1587,2.0194,3.1393,NA,NA,NA,NA,NA,NA,NA
python.exe,31548,0x0,Other,-1,0,0,Composed: Copy with GPU GDI,2026-8-20 19:22:03.532134400,5.0156,5.0156,0.0000,0.1807,5.0689,0.3321,4.7368,NA,NA,NA,NA,NA,NA,NA
python.exe,31548,0x0,Other,-1,0,0,Composed: Copy with GPU GDI,2026-8-20 19:22:03.537150000,6.5118,6.5118,0.0000,0.2370,6.6975,0.5110,6.1865,NA,NA,NA,NA,NA,NA,NA
python.exe,31548,0x0,Other,0,0,1,Hardware: Legacy Flip,2026-8-20 19:22:03.543661800,1.1863,1.1863,0.0000,0.4257,0.8062,0.0831,0.7231,2.9899,16.6718,2.1426,14064.5816,NA,NA,NA
python.exe,31548,0x0,Other,-1,0,0,Composed: Copy with GPU GDI,2026-8-20 19:22:03.544848100,3.2025,3.2025,0.0000,0.0456,3.3840,2.0092,1.3748,NA,NA,NA,NA,NA,NA,NA
python.exe,31548,0x0,Other,-1,0,0,Composed: Copy with GPU GDI,2026-8-20 19:22:03.548050600,6.7977,6.7977,0.0000,0.2315,6.9460,0.4793,6.4667,NA,NA,NA,NA,NA,NA,NA
python.exe,31548,0x0,Other,-1,0,0,Composed: Copy with GPU GDI,2026-8-20 19:22:03.554848300,6.1192,6.1192,0.0000,0.3824,6.0869,0.4436,5.6433,NA,NA,NA,NA,NA,NA,NA
python.exe,31548,0x0,Other,0,0,1,Hardware: Legacy Flip,2026-8-20 19:22:03.560967500,0.4357,0.4357,0.0000,0.3528,0.0982,0.0533,0.0449,2.3560,17.2970,0.6339,14081.8873,NA,NA,NA
python.exe,31548,0x0,Other,-1,0,0,Composed: Copy with GPU GDI,2026-8-20 19:22:03.561403200,5.9262,5.9262,0.0000,0.0153,6.2394,2.2652,3.9742,NA,NA,NA,NA,NA,NA,NA
python.exe,31548,0x0,Other,-1,0,0,Composed: Copy with GPU GDI,2026-8-20 19:22:03.567329400,5.5728,5.5728,0.0000,0.3315,5.7888,0.6340,5.1548,NA,NA,NA,NA,NA,NA,NA
python.exe,31548,0x0,Other,0,0,1,Hardware: Legacy Flip,2026-8-20 19:22:03.572902200,5.9101,5.9101,0.0000,0.5494,5.3834,0.0722,5.3112,7.7183,16.0168,-5.3623,14093.8220,NA,NA,NA
python.exe,31548,0x0,Other,-1,0,0,Composed: Copy with GPU GDI,2026-8-20 19:22:03.578812300,1.0645,1.0645,0.0000,0.0227,2.3740,2.3740,0.0000,17.8250,0.1841,-10.1067,14099.7321,NA,NA,NA
python.exe,31548,0x0,Other,-1,0,0,Composed: Copy with GPU GDI,2026-8-20 19:22:03.579876800,7.8581,7.8581,0.0000,1.3343,6.7212,0.2700,6.4512,NA,NA,NA,NA,NA,NA,NA
python.exe,31548,0x0,Other,-1,0,0,Composed: Copy with GPU GDI,2026-8-20 19:22:03.587734900,3.3786,3.3786,0.0000,0.2009,3.7313,0.6332,3.0981,NA,NA,NA,NA,NA,NA,NA
python.exe,31548,0x0,Other,0,0,1,Hardware: Legacy Flip,2026-8-20 19:22:03.591113500,3.8527,3.8527,0.0000,0.5558,3.3116,0.0569,3.2547,5.7079,16.0826,12.1171,14112.0333,NA,NA,NA
python.exe,31548,0x0,Other,-1,0,0,Composed: Copy with GPU GDI,2026-8-20 19:22:03.594966200,3.6591,3.6591,0.0000,0.0147,3.8235,2.0594,1.7641,NA,NA,NA,NA,NA,NA,NA
python.exe,31548,0x0,Other,-1,0,0,Composed: Copy with GPU GDI,2026-8-20 19:22:03.598625300,4.7795,4.7795,0.0000,0.1828,5.0667,0.5511,4.5156,NA,NA,NA,NA,NA,NA,NA
python.exe,31548,0x0,Other,-1,0,0,Composed: Copy with GPU GDI,2026-8-20 19:22:03.603404800,6.4905,6.4905,0.0000,0.4723,6.1745,0.2618,5.9127,NA,NA,NA,NA,NA,NA,NA
python.exe,31548,0x0,Other,0,0,1,Hardware: Legacy Flip,2026-8-20 19:22:03.609895300,1.2094,1.2094,0.0000,0.1594,1.0647,0.0526,1.0121,3.0087,16.1135,2.6992,14130.8151,NA,NA,NA
python.exe,31548,0x0,Other,-1,0,0,Composed: Copy with GPU GDI,2026-8-20 19:22:03.611104700,3.7032,3.7032,0.0000,0.0147,3.8804,2.0046,1.8758,NA,NA,NA,NA,NA,NA,NA
python.exe,31548,0x0,Other,-1,0,0,Composed: Copy with GPU GDI,2026-8-20 19:22:03.614807900,7.2680,7.2680,0.0000,0.1958,7.2505,0.2779,6.9726,NA,NA,NA,NA,NA,NA,NA
python.exe,31548,0x0,Other,0,0,1,Hardware: Legacy Flip,2026-8-20 19:22:03.622075900,5.0914,5.0914,0.0000,0.1846,4.9238,0.0605,4.8633,6.9416,16.1607,-3.9329,14142.9957,NA,NA,NA
python.exe,31548,0x0,Other,-1,0,0,Composed: Copy with GPU GDI,2026-8-20 19:22:03.627167300,1.2297,1.2297,0.0000,0.0170,2.3783,2.3783,0.0000,18.0109,0.5580,-11.0693,14148.0871,NA,NA,NA
python.exe,31548,0x0,Other,-1,0,0,Composed: Copy with GPU GDI,2026-8-20 19:22:03.628397000,5.6546,5.6546,0.0000,1.1678,4.8002,0.3923,4.4079,NA,NA,NA,NA,NA,NA,NA
python.exe,31548,0x0,Other,-1,0,0,Composed: Copy with GPU GDI,2026-8-20 19:22:03.634051600,5.6558,5.6558,0.0000,0.3164,5.8300,0.6315,5.1985,NA,NA,NA,NA,NA,NA,NA
python.exe,31548,0x0,Other,0,0,1,Hardware: Legacy Flip,2026-8-20 19:22:03.639707400,4.1782,4.1782,0.0000,0.4928,3.7282,0.0806,3.6476,6.0288,17.2648,11.9821,14160.6272,NA,NA,NA
python.exe,31548,0x0,Other,-1,0,0,Composed: Copy with GPU GDI,2026-8-20 19:22:03.643885600,2.3204,2.3204,0.0000,0.0428,2.6179,2.1787,0.4392,NA,NA,NA,NA,NA,NA,NA
python.exe,31548,0x0,Other,-1,0,0,Composed: Copy with GPU GDI,2026-8-20 19:22:03.646206000,8.1070,8.1070,0.0000,0.3428,7.9350,0.2659,7.6691,NA,NA,NA,NA,NA,NA,NA
python.exe,31548,0x0,Other,-1,0,0,Composed: Copy with GPU GDI,2026-8-20 19:22:03.654313000,4.1198,4.1198,0.0000,0.1743,4.1842,0.3228,3.8614,NA,NA,NA,NA,NA,NA,NA
python.exe,31548,0x0,Other,0,0,1,Hardware: Legacy Flip,2026-8-20 19:22:03.658432800,2.7670,2.7670,0.0000,0.2413,2.5399,0.0552,2.4847,4.5682,16.1659,1.4606,14179.3526,NA,NA,NA
python.exe,31548,0x0,Other,-1,0,0,Composed: Copy with GPU GDI,2026-8-20 19:22:03.661199800,5.0374,5.0374,0.0000,0.0142,5.4305,2.2329,3.1976,NA,NA,NA,NA,NA,NA,NA
python.exe,31548,0x0,Other,-1,0,0,Composed: Copy with GPU GDI,2026-8-20 19:22:03.666237200,3.1495,3.1495,0.0000,0.4101,3.0468,0.2919,2.7549,NA,NA,NA,NA,NA,NA,NA
python.exe,31548,0x0,Other,-1,0,0,Composed: Copy with GPU GDI,2026-8-20 19:22:03.669386700,7.3306,7.3306,0.0000,0.3044,7.4757,0.5725,6.9032,NA,NA,NA,NA,NA,NA,NA
python.exe,31548,0x0,Other,0,0,1,Hardware: Legacy Flip,2026-8-20 19:22:03.676717300,0.6439,0.6439,0.0000,0.4532,0.2036,0.0493,0.1543,2.4496,16.7252,2.1186,14197.6371,NA,NA,NA
python.exe,31548,0x0,Other,-1,0,0,Composed: Copy with GPU GDI,2026-8-20 19:22:03.677361200,4.8076,4.8076,0.0000,0.0129,4.9754,2.0200,2.9554,NA,NA,NA,NA,NA,NA,NA
python.exe,31548,0x0,Other,-1,0,0,Composed: Copy with GPU GDI,2026-8-20 19:22:03.682168800,7.5291,7.5291,0.0000,0.1836,7.6068,0.3576,7.2492,NA,NA,NA,NA,NA,NA,NA
python.exe,31548,0x0,Other,0,0,1,Hardware: Legacy Flip,2026-8-20 19:22:03.689697900,4.3595,4.3595,0.0000,0.2640,4.1119,0.0585,4.0534,6.1942,16.0175,-3.7446,14210.6177,NA,NA,NA
python.exe,31548,0x0,Other,-1,0,0,Composed: Copy with GPU GDI,2026-8-20 19:22:03.694057400,0.5802,0.5802,0.0000,0.0164,2.4097,2.4097,0.0000,NA,NA,NA,NA,NA,NA,NA
python.exe,31548,0x0,Other,-1,0,0,Composed: Copy with GPU GDI,2026-8-20 19:22:03.694637600,5.0272,5.0272,0.0000,1.8480,3.4209,0.3239,3.0970,17.2720,2.2754,-11.0778,14215.5574,NA,NA,NA
python.exe,31548,0x0,Other,-1,0,0,Composed: Copy with GPU GDI,2026-8-20 19:22:03.699664800,6.6613,6.6613,0.0000,0.2456,6.5948,0.2719,6.3229,NA,NA,NA,NA,NA,NA,NA
python.exe,31548,0x0,Other,-1,0,0,Composed: Copy with GPU GDI,2026-8-20 19:22:03.706326100,5.5102,5.5102,0.0000,0.1812,5.5538,0.3105,5.2433,NA,NA,NA,NA,NA,NA,NA
python.exe,31548,0x0,Other,0,0,1,Hardware: Legacy Flip,2026-8-20 19:22:03.711836300,0.4731,0.4731,0.0000,0.2288,0.2586,0.0534,0.2052,2.3487,14.4039,14.9233,14232.7561,NA,NA,NA
python.exe,31548,0x0,Other,-1,0,0,Composed: Copy with GPU GDI,2026-8-20 19:22:03.712309400,9.1572,9.1572,0.0000,0.0143,9.3219,2.0790,7.2429,NA,NA,NA,NA,NA,NA,NA
python.exe,31548,0x0,Other,-1,0,0,Composed: Copy with GPU GDI,2026-8-20 19:22:03.721466600,3.1343,3.1343,0.0000,0.1828,3.5029,0.6326,2.8703,NA,NA,NA,NA,NA,NA,NA
python.exe,31548,0x0,Other,0,0,1,Hardware: Legacy Flip,2026-8-20 19:22:03.724600900,2.1135,2.1135,0.0000,0.5533,1.5743,0.0534,1.5209,3.9880,19.7183,-1.6393,14245.5207,NA,NA,NA
python.exe,31548,0x0,Other,-1,0,0,Composed: Copy with GPU GDI,2026-8-20 19:22:03.726714400,5.8311,5.8311,0.0000,0.0141,5.9947,2.0705,3.9242,21.5928,6.0724,-17.6048,14247.6342,NA,NA,NA
python.exe,31548,0x0,Other,-1,0,0,Composed: Copy with GPU GDI,2026-8-20 19:22:03.732545500,4.5357,4.5357,0.0000,0.1806,4.6657,0.4147,4.2510,21.8341,9.8772,-0.2413,14253.4653,NA,NA,NA
python.exe,31548,0x0,Other,-1,0,0,Composed: Copy with GPU GDI,2026-8-20 19:22:03.737081200,24.3478,24.3478,0.0000,0.3127,24.1428,0.2797,23.8631,NA,NA,NA,NA,NA,NA,NA
python.exe,31548,0x0,Other,0,0,1,Hardware: Legacy Flip,2026-8-20 19:22:03.761429000,0.4032,0.4032,0.0000,0.1114,0.3381,0.0890,0.2491,2.8278,3.8278,19.0063,14282.3488,NA,NA,NA
python.exe,31548,0x0,Other,-1,0,0,Composed: Copy with GPU GDI,2026-8-20 19:22:03.761832200,0.2435,0.2435,0.0000,0.0463,0.5539,0.5539,0.0000,NA,NA,NA,NA,NA,NA,NA
python.exe,31548,0x0,Other,0,0,1,Hardware: Legacy Flip,2026-8-20 19:22:03.762075700,4.3268,4.3268,0.0000,0.3567,3.9837,1.8103,2.1734,6.0089,12.2062,-3.1811,14282.9955,NA,NA,NA
python.exe,31548,0x0,Other,-1,0,0,Composed: Copy with GPU GDI,2026-8-20 19:22:03.766402500,0.7652,0.7652,0.0000,0.0136,2.0315,2.0315,0.0000,NA,NA,NA,NA,NA,NA,NA
python.exe,31548,0x0,Other,-1,0,0,Composed: Copy with GPU GDI,2026-8-20 19:22:03.767167700,5.6495,5.6495,0.0000,1.2836,4.5194,0.2775,4.2419,NA,NA,NA,NA,NA,NA,NA
python.exe,31548,0x0,Other,0,0,1,Hardware: Legacy Flip,2026-8-20 19:22:03.772817200,5.5984,5.5984,0.0000,0.1566,5.4563,0.0575,5.3988,7.4736,16.4162,-1.4647,14293.7370,NA,NA,NA
python.exe,31548,0x0,Other,-1,0,0,Composed: Copy with GPU GDI,2026-8-20 19:22:03.778415600,1.3889,1.3889,0.0000,0.0145,2.4633,2.4633,0.0000,NA,NA,NA,NA,NA,NA,NA
python.exe,31548,0x0,Other,-1,0,0,Composed: Copy with GPU GDI,2026-8-20 19:22:03.779804500,8.3133,8.3133,0.0000,1.0930,7.3886,0.2749,7.1137,NA,NA,NA,NA,NA,NA,NA
python.exe,31548,0x0,Other,-1,0,0,Composed: Copy with GPU GDI,2026-8-20 19:22:03.788117800,4.3066,4.3066,0.0000,0.1728,4.3202,0.2905,4.0297,NA,NA,NA,NA,NA,NA,NA
python.exe,31548,0x0,Other,0,0,1,Hardware: Legacy Flip,2026-8-20 19:22:03.792424400,2.4039,2.4039,0.0000,0.1919,2.2266,0.0573,2.1693,4.2826,16.4148,3.1910,14313.3442,NA,NA,NA
python.exe,31548,0x0,Other,-1,0,0,Composed: Copy with GPU GDI,2026-8-20 19:22:03.794828300,4.4550,4.4550,0.0000,0.0146,4.5797,2.0711,2.5086,NA,NA,NA,NA,NA,NA,NA
python.exe,31548,0x0,Other,-1,0,0,Composed: Copy with GPU GDI,2026-8-20 19:22:03.799283300,3.7770,3.7770,0.0000,0.1439,3.7059,0.1411,3.5648,NA,NA,NA,NA,NA,NA,NA
python.exe,31548,0x0,Other,-1,0,0,Composed: Copy with GPU GDI,2026-8-20 19:22:03.803060300,7.7010,7.7010,0.0000,0.0782,7.8162,0.2869,7.5293,NA,NA,NA,NA,NA,NA,NA
python.exe,31548,0x0,Other,0,0,1,Hardware: Legacy Flip,2026-8-20 19:22:03.810761300,0.4899,0.4899,0.0000,0.1979,0.3057,0.0513,0.2544,2.3605,15.8398,1.9221,14331.6811,NA,NA,NA
python.exe,31548,0x0,Other,-1,0,0,Composed: Copy with GPU GDI,2026-8-20 19:22:03.811251200,4.9298,4.9298,0.0000,0.0137,5.1268,2.1552,2.9716,NA,NA,NA,NA,NA,NA,NA
python.exe,31548,0x0,Other,-1,0,0,Composed: Copy with GPU GDI,2026-8-20 19:22:03.816181000,5.6009,5.6009,0.0000,0.2139,5.8824,0.6088,5.2736,NA,NA,NA,NA,NA,NA,NA
python.exe,31548,0x0,Other,0,0,1,Hardware: Legacy Flip,2026-8-20 19:22:03.821781900,5.2692,5.2692,0.0000,0.4972,4.7872,0.0605,4.7267,7.1797,16.4111,-4.8192,14342.7017,NA,NA,NA
python.exe,31548,0x0,Other,-1,0,0,Composed: Copy with GPU GDI,2026-8-20 19:22:03.827051100,0.2793,0.2793,0.0000,0.0152,2.0776,2.0776,0.0000,18.3216,1.7038,-11.1419,14347.9709,NA,NA,NA
python.exe,31548,0x0,Other,-1,0,0,Composed: Copy with GPU GDI,2026-8-20 19:22:03.827330400,6.5225,6.5225,0.0000,1.8167,5.1993,0.6108,4.5885,NA,NA,NA,NA,NA,NA,NA
python.exe,31548,0x0,Other,-1,0,0,Composed: Copy with GPU GDI,2026-8-20 19:22:03.833852900,6.0051,6.0051,0.0000,0.4982,5.6847,0.2789,5.4058,NA,NA,NA,NA,NA,NA,NA
python.exe,31548,0x0,Other,0,0,1,Hardware: Legacy Flip,2026-8-20 19:22:03.839858000,5.3386,5.3386,0.0000,0.1820,5.2042,0.0912,5.1130,7.2185,16.2393,11.1031,14360.7778,NA,NA,NA
python.exe,31548,0x0,Other,-1,0,0,Composed: Copy with GPU GDI,2026-8-20 19:22:03.845196600,1.2343,1.2343,0.0000,0.0476,2.6419,2.6419,0.0000,NA,NA,NA,NA,NA,NA,NA
python.exe,31548,0x0,Other,-1,0,0,Composed: Copy with GPU GDI,2026-8-20 19:22:03.846430900,8.1306,8.1306,0.0000,1.4573,6.8620,0.2674,6.5946,NA,NA,NA,NA,NA,NA,NA
python.exe,31548,0x0,Other,-1,0,0,Composed: Copy with GPU GDI,2026-8-20 19:22:03.854561500,4.0213,4.0213,0.0000,0.1925,4.0622,0.3238,3.7384,NA,NA,NA,NA,NA,NA,NA
python.exe,31548,0x0,Other,0,0,1,Hardware: Legacy Flip,2026-8-20 19:22:03.858582800,2.8617,2.8617,0.0000,0.2379,2.6369,0.0456,2.5913,4.7330,16.4769,2.4855,14379.5026,NA,NA,NA
python.exe,31548,0x0,Other,-1,0,0,Composed: Copy with GPU GDI,2026-8-20 19:22:03.861444500,5.6286,5.6286,0.0000,0.0131,5.8125,2.0744,3.7381,NA,NA,NA,NA,NA,NA,NA
python.exe,31548,0x0,Other,-1,0,0,Composed: Copy with GPU GDI,2026-8-20 19:22:03.867073100,3.1281,3.1281,0.0000,0.2004,3.4447,0.6061,2.8386,NA,NA,NA,NA,NA,NA,NA
python.exe,31548,0x0,Other,-1,0,0,Composed: Copy with GPU GDI,2026-8-20 19:22:03.870201200,6.9642,6.9642,0.0000,0.5194,6.9560,0.5911,6.3649,NA,NA,NA,NA,NA,NA,NA
python.exe,31548,0x0,Other,0,0,1,Hardware: Legacy Flip,2026-8-20 19:22:03.877165400,0.7759,0.7759,0.0000,0.5147,0.2732,0.0440,0.2292,2.6273,17.4974,2.1057,14398.0852,NA,NA,NA
python.exe,31548,0x0,Other,-1,0,0,Composed: Copy with GPU GDI,2026-8-20 19:22:03.877941300,4.3064,4.3064,0.0000,0.0120,4.8397,2.4103,2.4294,NA,NA,NA,NA,NA,NA,NA
python.exe,31548,0x0,Other,-1,0,0,Composed: Copy with GPU GDI,2026-8-20 19:22:03.882247700,6.0572,6.0572,0.0000,0.5479,6.0566,0.6281,5.4285,NA,NA,NA,NA,NA,NA,NA
python.exe,31548,0x0,Other,-1,0,0,Composed: Copy with GPU GDI,2026-8-20 19:22:03.888304900,6.6801,6.6801,0.0000,0.5512,6.3013,0.2982,6.0031,NA,NA,NA,NA,NA,NA,NA
python.exe,31548,0x0,Other,0,0,1,Hardware: Legacy Flip,2026-8-20 19:22:03.894985000,0.4540,0.4540,0.0000,0.1751,0.2920,0.0479,0.2441,2.3051,16.3923,0.3222,14415.9048,NA,NA,NA
python.exe,31548,0x0,Other,-1,0,0,Composed: Copy with GPU GDI,2026-8-20 19:22:03.895439000,5.0836,5.0836,0.0000,0.0131,5.6119,2.4308,3.1811,NA,NA,NA,NA,NA,NA,NA
python.exe,31548,0x0,Other,-1,0,0,Composed: Copy with GPU GDI,2026-8-20 19:22:03.900522600,9.0748,9.0748,0.0000,0.5458,8.7249,0.2702,8.4547,NA,NA,NA,NA,NA,NA,NA
python.exe,31548,0x0,Other,0,0,1,Hardware: Legacy Flip,2026-8-20 19:22:03.909597400,2.2209,2.2209,0.0000,0.1987,2.0369,0.0568,1.9801,4.0850,15.5718,-1.7799,14430.5172,NA,NA,NA
python.exe,31548,0x0,Other,-1,0,0,Composed: Copy with GPU GDI,2026-8-20 19:22:03.911818300,0.8272,0.8272,0.0000,0.0147,2.4470,2.4470,0.0000,NA,NA,NA,NA,NA,NA,NA
python.exe,31548,0x0,Other,-1,0,0,Composed: Copy with GPU GDI,2026-8-20 19:22:03.912645500,8.2714,8.2714,0.0000,1.6363,6.8310,0.2707,6.5603,NA,NA,NA,NA,NA,NA,NA
python.exe,31548,0x0,Other,-1,0,0,Composed: Copy with GPU GDI,2026-8-20 19:22:03.920916900,4.6707,4.6707,0.0000,0.1987,4.6674,0.2664,4.4010,NA,NA,NA,NA,NA,NA,NA
python.exe,31548,0x0,Other,0,0,1,Hardware: Legacy Flip,2026-8-20 19:22:03.925587600,1.7956,1.7956,0.0000,0.1983,1.6093,0.0445,1.5648,3.6666,17.1199,0.4184,14446.5074,NA,NA,NA
python.exe,31548,0x0,Other,-1,0,0,Composed: Copy with GPU GDI,2026-8-20 19:22:03.927383200,4.8474,4.8474,0.0000,0.0120,5.0383,2.0671,2.9712,NA,NA,NA,NA,NA,NA,NA
python.exe,31548,0x0,Other,-1,0,0,Composed: Copy with GPU GDI,2026-8-20 19:22:03.932230600,5.1565,5.1565,0.0000,0.2058,5.1783,0.3019,4.8764,NA,NA,NA,NA,NA,NA,NA
python.exe,31548,0x0,Other,-1,0,0,Composed: Copy with GPU GDI,2026-8-20 19:22:03.937387100,5.9533,5.9533,0.0000,0.2308,6.0136,0.3673,5.6463,NA,NA,NA,NA,NA,NA,NA
python.exe,31548,0x0,Other,0,0,1,Hardware: Legacy Flip,2026-8-20 19:22:03.943340400,1.1666,1.1666,0.0000,0.2943,0.8836,0.0425,0.8411,3.0337,17.2341,0.6329,14464.2602,NA,NA,NA
python.exe,31548,0x0,Other,-1,0,0,Composed: Copy with GPU GDI,2026-8-20 19:22:03.944507000,4.8021,4.8021,0.0000,0.0113,5.1496,2.2360,2.9136,NA,NA,NA,NA,NA,NA,NA
python.exe,31548,0x0,Other,-1,0,0,Composed: Copy with GPU GDI,2026-8-20 19:22:03.949309100,5.0355,5.0355,0.0000,0.3619,4.7476,0.1399,4.6077,NA,NA,NA,NA,NA,NA,NA
python.exe,31548,0x0,Other,-1,0,0,Composed: Copy with GPU GDI,2026-8-20 19:22:03.954344600,6.9341,6.9341,0.0000,0.0779,7.0634,0.2936,6.7698,NA,NA,NA,NA,NA,NA,NA
python.exe,31548,0x0,Other,0,0,1,Hardware: Legacy Flip,2026-8-20 19:22:03.961278700,0.4746,0.4746,0.0000,0.2099,0.2777,0.0479,0.2298,2.3295,15.6028,0.7042,14482.1985,NA,NA,NA
python.exe,31548,0x0,Other,-1,0,0,Composed: Copy with GPU GDI,2026-8-20 19:22:03.961753300,5.3590,5.3590,0.0000,0.0130,5.6270,2.1454,3.4816,NA,NA,NA,NA,NA,NA,NA
python.exe,31548,0x0,Other,-1,0,0,Composed: Copy with GPU GDI,2026-8-20 19:22:03.967112300,9.0651,9.0651,0.0000,0.2830,9.0893,0.3731,8.7162,NA,NA,NA,NA,NA,NA,NA
python.exe,31548,0x0,Other,0,0,1,Hardware: Legacy Flip,2026-8-20 19:22:03.976177400,1.0678,1.0678,0.0000,0.3113,0.7697,0.0495,0.7202,3.0336,17.1393,-0.7041,14497.0972,NA,NA,NA
python.exe,31548,0x0,Other,-1,0,0,Composed: Copy with GPU GDI,2026-8-20 19:22:03.977245200,2.3707,2.3707,0.0000,0.0132,2.7393,2.3632,0.3761,NA,NA,NA,NA,NA,NA,NA
python.exe,31548,0x0,Other,-1,0,0,Composed: Copy with GPU GDI,2026-8-20 19:22:03.979615900,7.8746,7.8746,0.0000,0.3838,7.7991,0.3851,7.4140,NA,NA,NA,NA,NA,NA,NA
python.exe,31548,0x0,Other,-1,0,0,Composed: Copy with GPU GDI,2026-8-20 19:22:03.987490500,4.2230,4.2230,0.0000,0.3119,4.2741,0.4679,3.8062,NA,NA,NA,NA,NA,NA,NA
python.exe,31548,0x0,Other,0,0,1,Hardware: Legacy Flip,2026-8-20 19:22:03.991713500,2.6865,2.6865,0.0000,0.3659,2.3324,0.0513,2.2811,4.6368,17.0621,-1.6032,14512.6333,NA,NA,NA
python.exe,31548,0x0,Other,-1,0,0,Composed: Copy with GPU GDI,2026-8-20 19:22:03.994400000,4.3212,4.3212,0.0000,0.0118,4.4572,2.1103,2.3469,NA,NA,NA,NA,NA,NA,NA
python.exe,31548,0x0,Other,-1,0,0,Composed: Copy with GPU GDI,2026-8-20 19:22:03.998721200,3.9986,3.9986,0.0000,0.1504,4.1685,0.4003,3.7682,NA,NA,NA,NA,NA,NA,NA
python.exe,31548,0x0,Other,-1,0,0,Composed: Copy with GPU GDI,2026-8-20 19:22:04.002719800,7.5676,7.5676,0.0000,0.3252,7.4432,0.2677,7.1755,NA,NA,NA,NA,NA,NA,NA
python.exe,31548,0x0,Other,0,0,1,Hardware: Legacy Flip,2026-8-20 19:22:04.010287400,1.1678,1.1678,0.0000,0.2034,0.9774,0.0579,0.9195,3.1250,7.8870,1.5118,14531.2072,NA,NA,NA
python.exe,31548,0x0,Other,-1,0,0,Composed: Copy with GPU GDI,2026-8-20 19:22:04.011455200,3.3253,3.3253,0.0000,0.0130,3.6162,2.2710,1.3452,9.8442,9.3662,-6.7192,14532.3750,NA,NA,NA
python.exe,31548,0x0,Other,-1,0,0,Composed: Copy with GPU GDI,2026-8-20 19:22:04.014780500,7.5702,7.5702,0.0000,0.3085,7.7684,0.5848,7.1836,NA,NA,NA,NA,NA,NA,NA
python.exe,31548,0x0,Other,-1,0,0,Composed: Copy with GPU GDI,2026-8-20 19:22:04.022350700,5.8273,5.8273,0.0000,0.5097,5.5654,0.3338,5.2316,NA,NA,NA,NA,NA,NA,NA
python.exe,31548,0x0,Other,0,0,1,Hardware: Legacy Flip,2026-8-20 19:22:04.028178000,0.5105,0.5105,0.0000,0.2520,0.2704,0.0457,0.2247,2.4876,14.9482,7.3566,14549.0978,NA,NA,NA
python.exe,31548,0x0,Other,-1,0,0,Composed: Copy with GPU GDI,2026-8-20 19:22:04.028688500,4.1320,4.1320,0.0000,0.0119,4.4357,2.2964,2.1393,16.9253,0.0805,-14.4377,14549.6083,NA,NA,NA
python.exe,31548,0x0,Other,-1,0,0,Composed: Copy with GPU GDI,2026-8-20 19:22:04.032820500,6.5472,6.5472,0.0000,0.3186,6.5621,0.4076,6.1545,NA,NA,NA,NA,NA,NA,NA
python.exe,31548,0x0,Other,0,0,1,Hardware: Legacy Flip,2026-8-20 19:22:04.039367700,4.3553,4.3553,0.0000,0.3392,4.0284,0.0484,3.9800,6.3266,15.9740,10.5987,14560.2875,NA,NA,NA
python.exe,31548,0x0,Other,-1,0,0,Composed: Copy with GPU GDI,2026-8-20 19:22:04.043723000,1.6840,1.6840,0.0000,0.0123,2.1253,2.1253,0.0000,NA,NA,NA,NA,NA,NA,NA
python.exe,31548,0x0,Other,-1,0,0,Composed: Copy with GPU GDI,2026-8-20 19:22:04.045407000,9.0743,9.0743,0.0000,0.4568,8.9267,0.3782,8.5485,NA,NA,NA,NA,NA,NA,NA
python.exe,31548,0x0,Other,-1,0,0,Composed: Copy with GPU GDI,2026-8-20 19:22:04.054481300,3.7297,3.7297,0.0000,0.3119,4.0501,0.7172,3.3329,NA,NA,NA,NA,NA,NA,NA
python.exe,31548,0x0,Other,0,0,1,Hardware: Legacy Flip,2026-8-20 19:22:04.058211000,1.5943,1.5943,0.0000,0.6347,0.9722,0.0472,0.9250,3.4573,17.3051,2.8693,14579.1308,NA,NA,NA
python.exe,31548,0x0,Other,-1,0,0,Composed: Copy with GPU GDI,2026-8-20 19:22:04.059805300,5.7288,5.7288,0.0000,0.0126,5.8695,2.0160,3.8535,NA,NA,NA,NA,NA,NA,NA
python.exe,31548,0x0,Other,-1,0,0,Composed: Copy with GPU GDI,2026-8-20 19:22:04.065534100,5.0596,5.0596,0.0000,0.1561,5.2695,0.4453,4.8242,NA,NA,NA,NA,NA,NA,NA
python.exe,31548,0x0,Other,0,0,1,Hardware: Legacy Flip,2026-8-20 19:22:04.070593700,6.4725,6.4725,0.0000,0.3678,6.1507,0.0850,6.0657,8.3797,15.1446,-4.9224,14591.5135,NA,NA,NA
python.exe,31548,0x0,Other,-1,0,0,Composed: Copy with GPU GDI,2026-8-20 19:22:04.077066200,0.2286,0.2286,0.0000,0.0460,2.0098,2.0098,0.0000,17.0518,1.9486,-8.6721,14597.9860,NA,NA,NA
python.exe,31548,0x0,Other,-1,0,0,Composed: Copy with GPU GDI,2026-8-20 19:22:04.077294800,4.8250,4.8250,0.0000,1.8314,3.3213,0.4131,2.9082,NA,NA,NA,NA,NA,NA,NA
python.exe,31548,0x0,Other,-1,0,0,Composed: Copy with GPU GDI,2026-8-20 19:22:04.082119800,6.6928,6.6928,0.0000,0.3308,6.7425,0.4574,6.2851,NA,NA,NA,NA,NA,NA,NA
python.exe,31548,0x0,Other,0,0,1,Hardware: Legacy Flip,2026-8-20 19:22:04.088812600,5.4184,5.4184,0.0000,0.3830,5.0894,0.0976,4.9918,7.2540,16.2372,9.7978,14609.7324,NA,NA,NA
python.exe,31548,0x0,Other,-1,0,0,Composed: Copy with GPU GDI,2026-8-20 19:22:04.094231000,0.2280,0.2280,0.0000,0.0540,1.9797,1.9797,0.0000,18.0728,0.2170,-10.8188,14615.1508,NA,NA,NA
python.exe,31548,0x0,Other,-1,0,0,Composed: Copy with GPU GDI,2026-8-20 19:22:04.094459000,6.3381,6.3381,0.0000,1.8081,4.9953,0.5460,4.4493,NA,NA,NA,NA,NA,NA,NA
python.exe,31548,0x0,Other,-1,0,0,Composed: Copy with GPU GDI,2026-8-20 19:22:04.100797100,9.1213,9.1213,0.0000,0.4673,8.9635,0.3756,8.5879,NA,NA,NA,NA,NA,NA,NA
python.exe,31548,0x0,Other,0,0,1,Hardware: Legacy Flip,2026-8-20 19:22:04.109918400,0.6340,0.6340,0.0000,0.3134,0.3315,0.0430,0.2885,2.6024,16.6253,15.4704,14630.8382,NA,NA,NA
python.exe,31548,0x0,Other,-1,0,0,Composed: Copy with GPU GDI,2026-8-20 19:22:04.110552400,2.3821,2.3821,0.0000,0.0109,2.8073,2.4198,0.3875,NA,NA,NA,NA,NA,NA,NA
python.exe,31548,0x0,Other,-1,0,0,Composed: Copy with GPU GDI,2026-8-20 19:22:04.112934500,7.9455,7.9455,0.0000,0.4380,7.8393,0.4018,7.4375,NA,NA,NA,NA,NA,NA,NA
python.exe,31548,0x0,Other,-1,0,0,Composed: Copy with GPU GDI,2026-8-20 19:22:04.120880000,4.6440,4.6440,0.0000,0.3346,4.4912,0.2691,4.2221,NA,NA,NA,NA,NA,NA,NA
python.exe,31548,0x0,Other,0,0,1,Hardware: Legacy Flip,2026-8-20 19:22:04.125524000,1.7119,1.7119,0.0000,0.1862,1.5383,0.0465,1.4918,3.6221,17.6059,-1.0197,14646.4438,NA,NA,NA
python.exe,31548,0x0,Other,-1,0,0,Composed: Copy with GPU GDI,2026-8-20 19:22:04.127235900,4.6092,4.6092,0.0000,0.0126,4.8333,2.1522,2.6811,NA,NA,NA,NA,NA,NA,NA
python.exe,31548,0x0,Other,-1,0,0,Composed: Copy with GPU GDI,2026-8-20 19:22:04.131845100,4.1871,4.1871,0.0000,0.2395,4.2066,0.3442,3.8624,NA,NA,NA,NA,NA,NA,NA
python.exe,31548,0x0,Other,-1,0,0,Composed: Copy with GPU GDI,2026-8-20 19:22:04.136032200,7.3288,7.3288,0.0000,0.2642,7.3903,0.3967,6.9936,NA,NA,NA,NA,NA,NA,NA
python.exe,31548,0x0,Other,0,0,1,Hardware: Legacy Flip,2026-8-20 19:22:04.143361000,1.3662,1.3662,0.0000,0.3290,1.0491,0.0442,1.0049,3.3910,8.0157,0.2311,14664.2808,NA,NA,NA
python.exe,31548,0x0,Other,-1,0,0,Composed: Copy with GPU GDI,2026-8-20 19:22:04.144727200,3.3515,3.3515,0.0000,0.0119,3.6573,2.3345,1.3228,10.0405,7.7369,-6.6495,14665.6470,NA,NA,NA
python.exe,31548,0x0,Other,-1,0,0,Composed: Copy with GPU GDI,2026-8-20 19:22:04.148078700,7.2061,7.2061,0.0000,0.3203,7.2134,0.4049,6.8085,NA,NA,NA,NA,NA,NA,NA
python.exe,31548,0x0,Other,0,0,1,Hardware: Legacy Flip,2026-8-20 19:22:04.155284800,5.1998,5.1998,0.0000,0.3295,4.8822,0.0492,4.8330,7.2198,16.1179,2.8207,14676.2046,NA,NA,NA
python.exe,31548,0x0,Other,-1,0,0,Composed: Copy with GPU GDI,2026-8-20 19:22:04.160484600,0.2292,0.2292,0.0000,0.0119,2.2373,2.2373,0.0000,NA,NA,NA,NA,NA,NA,NA
python.exe,31548,0x0,Other,-1,0,0,Composed: Copy with GPU GDI,2026-8-20 19:22:04.160713800,6.5883,6.5883,0.0000,2.0228,4.8653,0.3896,4.4757,NA,NA,NA,NA,NA,NA,NA
python.exe,31548,0x0,Other,-1,0,0,Composed: Copy with GPU GDI,2026-8-20 19:22:04.167302100,4.9685,4.9685,0.0000,0.3035,4.9651,0.3823,4.5828,NA,NA,NA,NA,NA,NA,NA
python.exe,31548,0x0,Other,0,0,1,Hardware: Legacy Flip,2026-8-20 19:22:04.172270600,4.3184,4.3184,0.0000,0.3044,4.0257,0.0445,3.9812,6.3519,12.5488,0.8679,14693.1904,NA,NA,NA
python.exe,31548,0x0,Other,-1,0,0,Composed: Copy with GPU GDI,2026-8-20 19:22:04.176589000,1.5938,1.5938,0.0000,0.0117,2.2510,2.2510,0.0000,14.5823,4.3537,-8.2304,14697.5088,NA,NA,NA
python.exe,31548,0x0,Other,-1,0,0,Composed: Copy with GPU GDI,2026-8-20 19:22:04.178182800,9.3031,9.3031,0.0000,0.6730,8.9349,0.3758,8.5591,NA,NA,NA,NA,NA,NA,NA
python.exe,31548,0x0,Other,-1,0,0,Composed: Copy with GPU GDI,2026-8-20 19:22:04.187485900,4.9067,4.9067,0.0000,0.3077,4.9779,0.4620,4.5159,NA,NA,NA,NA,NA,NA,NA
python.exe,31548,0x0,Other,0,0,1,Hardware: Legacy Flip,2026-8-20 19:22:04.192392600,1.2177,1.2177,0.0000,0.3808,0.8764,0.0719,0.8045,3.1324,18.1869,11.4499,14713.3124,NA,NA,NA
python.exe,31548,0x0,Other,-1,0,0,Composed: Copy with GPU GDI,2026-8-20 19:22:04.193610300,5.4105,5.4105,0.0000,0.0395,5.5750,2.0852,3.4898,NA,NA,NA,NA,NA,NA,NA
python.exe,31548,0x0,Other,-1,0,0,Composed: Copy with GPU GDI,2026-8-20 19:22:04.199020800,4.9311,4.9311,0.0000,0.2069,5.2266,0.5893,4.6373,NA,NA,NA,NA,NA,NA,NA
python.exe,31548,0x0,Other,-1,0,0,Composed: Copy with GPU GDI,2026-8-20 19:22:04.203951900,5.7575,5.7575,0.0000,0.5044,5.5483,0.3725,5.1758,NA,NA,NA,NA,NA,NA,NA
python.exe,31548,0x0,Other,0,0,1,Hardware: Legacy Flip,2026-8-20 19:22:04.209709400,1.9701,1.9701,0.0000,0.2976,1.7116,0.0737,1.6379,4.0025,17.1476,-0.8701,14730.6292,NA,NA,NA
python.exe,31548,0x0,Other,-1,0,0,Composed: Copy with GPU GDI,2026-8-20 19:22:04.211679500,3.7589,3.7589,0.0000,0.0391,4.0120,2.3151,1.6969,NA,NA,NA,NA,NA,NA,NA
python.exe,31548,0x0,Other,-1,0,0,Composed: Copy with GPU GDI,2026-8-20 19:22:04.215438400,5.9889,5.9889,0.0000,0.2959,6.0186,0.4041,5.6145,NA,NA,NA,NA,NA,NA,NA
python.exe,31548,0x0,Other,-1,0,0,Composed: Copy with GPU GDI,2026-8-20 19:22:04.221427300,6.9920,6.9920,0.0000,0.3294,6.9961,0.4212,6.5749,NA,NA,NA,NA,NA,NA,NA
python.exe,31548,0x0,Other,0,0,1,Hardware: Legacy Flip,2026-8-20 19:22:04.228419300,0.4136,0.4136,0.0000,0.3373,0.0878,0.0434,0.0444,2.4402,15.1974,1.5623,14749.3391,NA,NA,NA
python.exe,31548,0x0,Other,-1,0,0,Composed: Copy with GPU GDI,2026-8-20 19:22:04.228832900,4.8140,4.8140,0.0000,0.0115,5.0890,2.3450,2.7440,NA,NA,NA,NA,NA,NA,NA
python.exe,31548,0x0,Other,-1,0,0,Composed: Copy with GPU GDI,2026-8-20 19:22:04.233646900,6.0763,6.0763,0.0000,0.2920,6.1531,0.4688,5.6843,NA,NA,NA,NA,NA,NA,NA
python.exe,31548,0x0,Other,0,0,1,Hardware: Legacy Flip,2026-8-20 19:22:04.239723200,4.2459,4.2459,0.0000,0.3737,3.8839,0.0480,3.8359,6.3337,16.0467,-3.8935,14760.6430,NA,NA,NA
python.exe,31548,0x0,Other,-1,0,0,Composed: Copy with GPU GDI,2026-8-20 19:22:04.243969100,2.3277,2.3277,0.0000,0.0117,2.8790,2.6598,0.2192,NA,NA,NA,NA,NA,NA,NA
python.exe,31548,0x0,Other,-1,0,0,Composed: Copy with GPU GDI,2026-8-20 19:22:04.246296800,7.8016,7.8016,0.0000,0.5717,7.5334,0.3763,7.1571,NA,NA,NA,NA,NA,NA,NA
python.exe,31548,0x0,Other,-1,0,0,Composed: Copy with GPU GDI,2026-8-20 19:22:04.254098400,4.2376,4.2376,0.0000,0.3062,4.5945,0.7397,3.8548,NA,NA,NA,NA,NA,NA,NA
python.exe,31548,0x0,Other,0,0,1,Hardware: Legacy Flip,2026-8-20 19:22:04.258336000,1.7370,1.7370,0.0000,0.6651,1.0841,0.0462,1.0379,3.7676,18.2464,2.5661,14779.2558,NA,NA,NA
python.exe,31548,0x0,Other,-1,0,0,Composed: Copy with GPU GDI,2026-8-20 19:22:04.260073000,5.7977,5.7977,0.0000,0.0122,6.0940,2.3359,3.7581,NA,NA,NA,NA,NA,NA,NA
python.exe,31548,0x0,Other,-1,0,0,Composed: Copy with GPU GDI,2026-8-20 19:22:04.265870700,4.6997,4.6997,0.0000,0.3113,4.9873,0.6843,4.3030,NA,NA,NA,NA,NA,NA,NA
python.exe,31548,0x0,Other,-1,0,0,Composed: Copy with GPU GDI,2026-8-20 19:22:04.270570400,5.5492,5.5492,0.0000,0.6011,5.2588,0.3763,4.8825,NA,NA,NA,NA,NA,NA,NA
python.exe,31548,0x0,Other,0,0,1,Hardware: Legacy Flip,2026-8-20 19:22:04.276119600,2.0605,2.0605,0.0000,0.3135,1.7882,0.0744,1.7138,4.2304,13.9464,-0.4628,14797.0394,NA,NA,NA
python.exe,31548,0x0,Other,-1,0,0,Composed: Copy with GPU GDI,2026-8-20 19:22:04.278180100,3.2790,3.2790,0.0000,0.0412,3.5802,2.4781,1.1021,16.1163,1.3904,-11.8859,14799.0999,NA,NA,NA
python.exe,31548,0x0,Other,-1,0,0,Composed: Copy with GPU GDI,2026-8-20 19:22:04.281459100,6.5280,6.5280,0.0000,0.3457,6.5722,0.4681,6.1041,NA,NA,NA,NA,NA,NA,NA
python.exe,31548,0x0,Other,0,0,1,Hardware: Legacy Flip,2026-8-20 19:22:04.287987100,5.4186,5.4186,0.0000,0.3934,5.0377,0.0449,4.9928,7.6997,16.8101,8.4166,14808.9069,NA,NA,NA
python.exe,31548,0x0,Other,-1,0,0,Composed: Copy with GPU GDI,2026-8-20 19:22:04.293405700,0.5780,0.5780,0.0000,0.0125,2.4339,2.4339,0.0000,19.0912,0.7277,-11.3915,14814.3255,NA,NA,NA
python.exe,31548,0x0,Other,-1,0,0,Composed: Copy with GPU GDI,2026-8-20 19:22:04.293983700,6.6809,6.6809,0.0000,1.8722,5.1330,0.4147,4.7183,NA,NA,NA,NA,NA,NA,NA
python.exe,31548,0x0,Other,-1,0,0,Composed: Copy with GPU GDI,2026-8-20 19:22:04.300664600,5.6943,5.6943,0.0000,0.3275,5.7153,0.4315,5.2838,NA,NA,NA,NA,NA,NA,NA
python.exe,31548,0x0,Other,0,0,1,Hardware: Legacy Flip,2026-8-20 19:22:04.306358900,4.5678,4.5678,0.0000,0.3518,4.2286,0.0470,4.1816,6.8657,16.7087,12.2255,14827.2787,NA,NA,NA
python.exe,31548,0x0,Other,-1,0,0,Composed: Copy with GPU GDI,2026-8-20 19:22:04.310926700,2.4070,2.4070,0.0000,0.0126,2.8687,2.7752,0.0935,NA,NA,NA,NA,NA,NA,NA
python.exe,31548,0x0,Other,-1,0,0,Composed: Copy with GPU GDI,2026-8-20 19:22:04.313333700,7.7802,7.7802,0.0000,0.4762,7.6441,0.4087,7.2354,NA,NA,NA,NA,NA,NA,NA
python.exe,31548,0x0,Other,-1,0,0,Composed: Copy with GPU GDI,2026-8-20 19:22:04.321113900,3.1531,3.1531,0.0000,0.3435,3.0964,0.3708,2.7256,NA,NA,NA,NA,NA,NA,NA
python.exe,31548,0x0,Other,0,0,1,Hardware: Legacy Flip,2026-8-20 19:22:04.324267000,3.2417,3.2417,0.0000,0.2916,2.9626,0.0486,2.9140,5.6663,12.8897,1.1994,14845.1868,NA,NA,NA
python.exe,31548,0x0,Other,-1,0,0,Composed: Copy with GPU GDI,2026-8-20 19:22:04.327508700,5.2482,5.2482,0.0000,0.0125,5.9617,3.1544,2.8073,15.3143,4.2931,-9.6480,14848.4285,NA,NA,NA
python.exe,31548,0x0,Other,-1,0,0,Composed: Copy with GPU GDI,2026-8-20 19:22:04.332756900,4.0879,4.0879,0.0000,0.7288,3.6239,0.3536,3.2703,NA,NA,NA,NA,NA,NA,NA
python.exe,31548,0x0,Other,-1,0,0,Composed: Copy with GPU GDI,2026-8-20 19:22:04.336844800,7.6798,7.6798,0.0000,0.2676,7.6057,0.2750,7.3307,NA,NA,NA,NA,NA,NA,NA
python.exe,31548,0x0,Other,0,0,1,Hardware: Legacy Flip,2026-8-20 19:22:04.344524600,0.3875,0.3875,0.0000,0.1981,0.2020,0.0505,0.1515,2.5915,16.9236,12.7228,14865.4444,NA,NA,NA
python.exe,31548,0x0,Other,-1,0,0,Composed: Copy with GPU GDI,2026-8-20 19:22:04.344912100,4.6326,4.6326,0.0000,0.0126,5.1339,2.7398,2.3941,NA,NA,NA,NA,NA,NA,NA
python.exe,31548,0x0,Other,-1,0,0,Composed: Copy with GPU GDI,2026-8-20 19:22:04.349544700,4.8831,4.8831,0.0000,0.5162,4.6820,0.3842,4.2978,NA,NA,NA,NA,NA,NA,NA
python.exe,31548,0x0,Other,-1,0,0,Composed: Copy with GPU GDI,2026-8-20 19:22:04.354427800,6.9106,6.9106,0.0000,7.2176,0.2015,0.2015,0.0000,NA,NA,NA,NA,NA,NA,NA
python.exe,31548,0x0,Other,0,0,1,Hardware: Legacy Flip,2026-8-20 19:22:04.361338400,0.2919,0.2919,0.0000,0.0000,6.8996,0.4150,6.4846,2.7013,15.5385,-0.1098,14882.2582,NA,NA,NA
python.exe,31548,0x0,Other,-1,0,0,Composed: Copy with GPU GDI,2026-8-20 19:22:04.361630300,5.3308,5.3308,0.0000,0.2166,5.4340,2.5314,2.9026,NA,NA,NA,NA,NA,NA,NA
python.exe,31548,0x0,Other,-1,0,0,Composed: Copy with GPU GDI,2026-8-20 19:22:04.366961100,9.8062,9.8062,0.0000,0.3223,9.7888,0.3869,9.4019,NA,NA,NA,NA,NA,NA,NA
python.exe,31548,0x0,Other,0,0,1,Hardware: Legacy Flip,2026-8-20 19:22:04.376767300,0.5883,0.5883,0.0000,0.3075,0.2929,0.0442,0.2487,2.8109,16.8527,-0.1096,14897.6871,NA,NA,NA
python.exe,31548,0x0,Other,-1,0,0,Composed: Copy with GPU GDI,2026-8-20 19:22:04.377355600,1.7686,1.7686,0.0000,0.0121,2.4088,2.4088,0.0000,NA,NA,NA,NA,NA,NA,NA
python.exe,31548,0x0,Other,-1,0,0,Composed: Copy with GPU GDI,2026-8-20 19:22:04.379124200,8.1992,8.1992,0.0000,0.6561,7.8910,0.4204,7.4706,NA,NA,NA,NA,NA,NA,NA
python.exe,31548,0x0,Other,-1,0,0,Composed: Copy with GPU GDI,2026-8-20 19:22:04.387323400,3.4265,3.4265,0.0000,0.3506,3.3367,0.3440,2.9927,NA,NA,NA,NA,NA,NA,NA
python.exe,31548,0x0,Other,0,0,1,Hardware: Legacy Flip,2026-8-20 19:22:04.390749900,3.3389,3.3389,0.0000,0.2663,3.0854,0.0456,3.0398,5.6810,13.1369,-2.8701,14911.6697,NA,NA,NA
python.exe,31548,0x0,Other,-1,0,0,Composed: Copy with GPU GDI,2026-8-20 19:22:04.394088800,4.7617,4.7617,0.0000,0.0128,4.9591,2.5522,2.4069,NA,NA,NA,NA,NA,NA,NA
python.exe,31548,0x0,Other,-1,0,0,Composed: Copy with GPU GDI,2026-8-20 19:22:04.398850500,4.0105,4.0105,0.0000,0.2131,4.0894,0.3690,3.7204,10.7173,3.7196,-5.0363,14919.7703,NA,NA,NA
python.exe,31548,0x0,Other,-1,0,0,Composed: Copy with GPU GDI,2026-8-20 19:22:04.402861000,7.1333,7.1333,0.0000,0.2970,7.1495,0.3801,6.7694,NA,NA,NA,NA,NA,NA,NA
python.exe,31548,0x0,Other,0,0,1,Hardware: Legacy Flip,2026-8-20 19:22:04.409994300,1.1222,1.1222,0.0000,0.3151,0.8214,0.0533,0.7681,3.2931,16.5844,7.4242,14930.9141,NA,NA,NA
python.exe,31548,0x0,Other,-1,0,0,Composed: Copy with GPU GDI,2026-8-20 19:22:04.411116500,4.3123,4.3123,0.0000,0.0143,4.6133,2.4894,2.1239,NA,NA,NA,NA,NA,NA,NA
python.exe,31548,0x0,Other,-1,0,0,Composed: Copy with GPU GDI,2026-8-20 19:22:04.415428800,6.1384,6.1384,0.0000,0.3202,6.1323,0.4027,5.7296,NA,NA,NA,NA,NA,NA,NA
python.exe,31548,0x0,Other,0,0,1,Hardware: Legacy Flip,2026-8-20 19:22:04.421567200,5.9109,5.9109,0.0000,0.3179,5.6047,0.0452,5.5595,8.3046,16.0747,-5.0115,14942.4870,NA,NA,NA
python.exe,31548,0x0,Other,-1,0,0,Composed: Copy with GPU GDI,2026-8-20 19:22:04.427478100,1.0725,1.0725,0.0000,0.0117,2.9948,2.9948,0.0000,18.4684,0.7735,-10.1638,14948.3979,NA,NA,NA
python.exe,31548,0x0,Other,-1,0,0,Composed: Copy with GPU GDI,2026-8-20 19:22:04.428550600,5.0537,5.0537,0.0000,1.9358,3.5056,0.4736,3.0320,NA,NA,NA,NA,NA,NA,NA
python.exe,31548,0x0,Other,-1,0,0,Composed: Copy with GPU GDI,2026-8-20 19:22:04.433604300,9.1556,9.1556,0.0000,0.3924,9.1260,0.4309,8.6951,NA,NA,NA,NA,NA,NA,NA
python.exe,31548,0x0,Other,0,0,1,Hardware: Legacy Flip,2026-8-20 19:22:04.442759900,1.6324,1.6324,0.0000,0.3658,1.2782,0.0432,1.2350,3.9601,16.0846,14.5083,14963.6797,NA,NA,NA
python.exe,31548,0x0,Other,-1,0,0,Composed: Copy with GPU GDI,2026-8-20 19:22:04.444392300,1.2343,1.2343,0.0000,0.0116,2.5271,2.5271,0.0000,NA,NA,NA,NA,NA,NA,NA
python.exe,31548,0x0,Other,-1,0,0,Composed: Copy with GPU GDI,2026-8-20 19:22:04.445626600,8.5199,8.5199,0.0000,1.3062,7.5151,0.3805,7.1346,NA,NA,NA,NA,NA,NA,NA
python.exe,31548,0x0,Other,-1,0,0,Composed: Copy with GPU GDI,2026-8-20 19:22:04.454146500,3.0705,3.0705,0.0000,0.3042,3.0515,0.3640,2.6875,NA,NA,NA,NA,NA,NA,NA
python.exe,31548,0x0,Other,0,0,1,Hardware: Legacy Flip,2026-8-20 19:22:04.457217000,3.3148,3.3148,0.0000,0.2900,3.0372,0.0470,2.9902,5.5876,13.4894,-1.6275,14978.1368,NA,NA,NA
python.exe,31548,0x0,Other,-1,0,0,Composed: Copy with GPU GDI,2026-8-20 19:22:04.460531800,5.0272,5.0272,0.0000,0.0124,5.2182,2.4810,2.7372,NA,NA,NA,NA,NA,NA,NA
python.exe,31548,0x0,Other,-1,0,0,Composed: Copy with GPU GDI,2026-8-20 19:22:04.465559000,4.2008,4.2008,0.0000,0.2064,4.2530,0.3385,3.9145,10.7350,4.1625,-5.1474,14986.4788,NA,NA,NA
python.exe,31548,0x0,Other,-1,0,0,Composed: Copy with GPU GDI,2026-8-20 19:22:04.469759800,7.0765,7.0765,0.0000,0.2635,7.2519,0.5181,6.7338,NA,NA,NA,NA,NA,NA,NA
python.exe,31548,0x0,Other,0,0,1,Hardware: Legacy Flip,2026-8-20 19:22:04.476836300,1.2916,1.2916,0.0000,0.4423,0.8620,0.0470,0.8150,3.6202,16.8287,7.1148,14997.7561,NA,NA,NA
python.exe,31548,0x0,Other,-1,0,0,Composed: Copy with GPU GDI,2026-8-20 19:22:04.478127900,4.1890,4.1890,0.0000,0.0127,4.5476,2.7111,1.8365,NA,NA,NA,NA,NA,NA,NA
python.exe,31548,0x0,Other,-1,0,0,Composed: Copy with GPU GDI,2026-8-20 19:22:04.482316900,5.5363,5.5363,0.0000,0.3751,5.4803,0.3996,5.0807,NA,NA,NA,NA,NA,NA,NA
python.exe,31548,0x0,Other,-1,0,0,Composed: Copy with GPU GDI,2026-8-20 19:22:04.487853200,6.6597,6.6597,0.0000,0.3221,6.6693,0.4087,6.2606,NA,NA,NA,NA,NA,NA,NA
python.exe,31548,0x0,Other,0,0,1,Hardware: Legacy Flip,2026-8-20 19:22:04.494512900,0.5154,0.5154,0.0000,0.3368,0.1974,0.0633,0.1341,2.7723,16.3306,0.8479,15015.4327,NA,NA,NA
python.exe,31548,0x0,Other,-1,0,0,Composed: Copy with GPU GDI,2026-8-20 19:22:04.495028300,5.4155,5.4155,0.0000,0.0188,5.7975,2.6576,3.1399,NA,NA,NA,NA,NA,NA,NA
python.exe,31548,0x0,Other,-1,0,0,Composed: Copy with GPU GDI,2026-8-20 19:22:04.500443800,6.0373,6.0373,0.0000,0.4042,5.9580,0.4052,5.5528,NA,NA,NA,NA,NA,NA,NA
python.exe,31548,0x0,Other,0,0,1,Hardware: Legacy Flip,2026-8-20 19:22:04.506481100,4.7846,4.7846,0.0000,0.3300,4.4667,0.0491,4.4176,7.1347,15.7609,-4.3624,15027.4009,NA,NA,NA
python.exe,31548,0x0,Other,-1,0,0,Composed: Copy with GPU GDI,2026-8-20 19:22:04.511265700,1.7329,1.7329,0.0000,0.0121,2.5305,2.5305,0.0000,NA,NA,NA,NA,NA,NA,NA
python.exe,31548,0x0,Other,-1,0,0,Composed: Copy with GPU GDI,2026-8-20 19:22:04.512998600,7.9207,7.9207,0.0000,0.8117,7.4111,0.3774,7.0337,NA,NA,NA,NA,NA,NA,NA
python.exe,31548,0x0,Other,-1,0,0,Composed: Copy with GPU GDI,2026-8-20 19:22:04.520919300,3.8514,3.8514,0.0000,0.3053,3.9041,0.4260,3.4781,NA,NA,NA,NA,NA,NA,NA
python.exe,31548,0x0,Other,0,0,1,Hardware: Legacy Flip,2026-8-20 19:22:04.524770700,2.2725,2.2725,0.0000,0.3618,1.9237,0.0476,1.8761,4.6060,17.8980,2.5287,15045.6905,NA,NA,NA
python.exe,31548,0x0,Other,-1,0,0,Composed: Copy with GPU GDI,2026-8-20 19:22:04.527043200,5.0759,5.0759,0.0000,0.0130,5.2602,2.5419,2.7183,NA,NA,NA,NA,NA,NA,NA
python.exe,31548,0x0,Other,-1,0,0,Composed: Copy with GPU GDI,2026-8-20 19:22:04.532119100,4.7861,4.7861,0.0000,0.2009,4.9161,0.4089,4.5072,NA,NA,NA,NA,NA,NA,NA
python.exe,31548,0x0,Other,-1,0,0,Composed: Copy with GPU GDI,2026-8-20 19:22:04.536905200,7.0087,7.0087,0.0000,0.3343,6.9527,0.3651,6.5876,NA,NA,NA,NA,NA,NA,NA
python.exe,31548,0x0,Other,0,0,1,Hardware: Legacy Flip,2026-8-20 19:22:04.543913900,1.2053,1.2053,0.0000,0.2806,0.9369,0.0472,0.8897,3.3608,15.9110,1.2452,15064.8337,NA,NA,NA
python.exe,31548,0x0,Other,-1,0,0,Composed: Copy with GPU GDI,2026-8-20 19:22:04.545119200,4.8096,4.8096,0.0000,0.0122,5.1251,2.4979,2.6272,NA,NA,NA,NA,NA,NA,NA
python.exe,31548,0x0,Other,-1,0,0,Composed: Copy with GPU GDI,2026-8-20 19:22:04.549928800,5.6144,5.6144,0.0000,0.3298,5.6264,0.4323,5.1941,NA,NA,NA,NA,NA,NA,NA
python.exe,31548,0x0,Other,-1,0,0,Composed: Copy with GPU GDI,2026-8-20 19:22:04.555543200,5.0489,5.0489,0.0000,0.3445,5.0246,0.3986,4.6260,NA,NA,NA,NA,NA,NA,NA
python.exe,31548,0x0,Other,0,0,1,Hardware: Legacy Flip,2026-8-20 19:22:04.560592100,0.3740,0.3740,0.0000,0.3246,0.0633,0.0525,0.0108,2.5936,16.2607,0.7672,15081.5119,NA,NA,NA
python.exe,31548,0x0,Other,-1,0,0,Composed: Copy with GPU GDI,2026-8-20 19:22:04.560966100,6.0664,6.0664,0.0000,0.0139,6.3699,2.5482,3.8217,18.4803,0.7321,-15.8867,15081.8859,NA,NA,NA
python.exe,31548,0x0,Other,-1,0,0,Composed: Copy with GPU GDI,2026-8-20 19:22:04.567032500,9.5952,9.5952,0.0000,0.3230,9.5766,0.3815,9.1951,NA,NA,NA,NA,NA,NA,NA
python.exe,31548,0x0,Other,0,0,1,Hardware: Legacy Flip,2026-8-20 19:22:04.576627700,1.1913,1.1913,0.0000,0.3074,0.9024,0.0603,0.8421,3.5508,17.1269,14.9295,15097.5475,NA,NA,NA
python.exe,31548,0x0,Other,-1,0,0,Composed: Copy with GPU GDI,2026-8-20 19:22:04.577819000,1.8872,1.8872,0.0000,0.0185,2.5291,2.5291,0.0000,NA,NA,NA,NA,NA,NA,NA
python.exe,31548,0x0,Other,-1,0,0,Composed: Copy with GPU GDI,2026-8-20 19:22:04.579706200,7.8855,7.8855,0.0000,0.6636,7.5224,0.3805,7.1419,NA,NA,NA,NA,NA,NA,NA
python.exe,31548,0x0,Other,-1,0,0,Composed: Copy with GPU GDI,2026-8-20 19:22:04.587591700,4.6163,4.6163,0.0000,0.3045,4.8439,0.6213,4.2226,NA,NA,NA,NA,NA,NA,NA
python.exe,31548,0x0,Other,0,0,1,Hardware: Legacy Flip,2026-8-20 19:22:04.592208000,2.7598,2.7598,0.0000,0.5342,2.2388,0.0497,2.1891,5.0974,16.2938,-1.5466,15113.1278,NA,NA,NA
python.exe,31548,0x0,Other,-1,0,0,Composed: Copy with GPU GDI,2026-8-20 19:22:04.594967800,3.3836,3.3836,0.0000,0.0132,3.6453,2.6298,1.0155,NA,NA,NA,NA,NA,NA,NA
python.exe,31548,0x0,Other,-1,0,0,Composed: Copy with GPU GDI,2026-8-20 19:22:04.598351400,6.3735,6.3735,0.0000,0.2770,6.3573,0.3323,6.0250,NA,NA,NA,NA,NA,NA,NA
python.exe,31548,0x0,Other,-1,0,0,Composed: Copy with GPU GDI,2026-8-20 19:22:04.604724900,5.2071,5.2071,0.0000,0.2640,5.1822,0.3465,4.8357,NA,NA,NA,NA,NA,NA,NA
python.exe,31548,0x0,Other,0,0,1,Hardware: Legacy Flip,2026-8-20 19:22:04.609932000,1.4843,1.4843,0.0000,0.2423,1.2538,0.0460,1.2078,3.6672,17.3988,1.4302,15130.8518,NA,NA,NA
python.exe,31548,0x0,Other,-1,0,0,Composed: Copy with GPU GDI,2026-8-20 19:22:04.611416300,4.3204,4.3204,0.0000,0.0118,4.6313,2.5256,2.1057,NA,NA,NA,NA,NA,NA,NA
python.exe,31548,0x0,Other,-1,0,0,Composed: Copy with GPU GDI,2026-8-20 19:22:04.615736700,5.6099,5.6099,0.0000,0.3278,5.6083,0.4049,5.2034,NA,NA,NA,NA,NA,NA,NA
python.exe,31548,0x0,Other,-1,0,0,Composed: Copy with GPU GDI,2026-8-20 19:22:04.621346600,6.8141,6.8141,0.0000,0.3308,6.7872,0.4164,6.3708,NA,NA,NA,NA,NA,NA,NA
python.exe,31548,0x0,Other,0,0,1,Hardware: Legacy Flip,2026-8-20 19:22:04.628160700,0.4526,0.4526,0.0000,0.3065,0.1585,0.0448,0.1137,2.8373,9.0974,0.8299,15149.0805,NA,NA,NA
python.exe,31548,0x0,Other,-1,0,0,Composed: Copy with GPU GDI,2026-8-20 19:22:04.628613300,4.9294,4.9294,0.0000,0.0124,5.2212,2.7114,2.5098,11.4821,6.6419,-8.6448,15149.5331,NA,NA,NA
python.exe,31548,0x0,Other,-1,0,0,Composed: Copy with GPU GDI,2026-8-20 19:22:04.633542700,6.4957,6.4957,0.0000,0.3086,6.5081,0.4090,6.0991,NA,NA,NA,NA,NA,NA,NA
python.exe,31548,0x0,Other,0,0,1,Hardware: Legacy Flip,2026-8-20 19:22:04.640038400,4.3394,4.3394,0.0000,0.3240,4.0281,0.0477,3.9804,6.6989,16.1412,4.7832,15160.9582,NA,NA,NA
python.exe,31548,0x0,Other,-1,0,0,Composed: Copy with GPU GDI,2026-8-20 19:22:04.644377800,0.6413,0.6413,0.0000,0.0127,2.5537,2.5537,0.0000,NA,NA,NA,NA,NA,NA,NA
python.exe,31548,0x0,Other,-1,0,0,Composed: Copy with GPU GDI,2026-8-20 19:22:04.645019100,9.0304,9.0304,0.0000,1.9273,7.4330,0.4028,7.0302,NA,NA,NA,NA,NA,NA,NA
python.exe,31548,0x0,Other,-1,0,0,Composed: Copy with GPU GDI,2026-8-20 19:22:04.654049500,4.2239,4.2239,0.0000,0.3328,4.1636,0.3631,3.8005,NA,NA,NA,NA,NA,NA,NA
python.exe,31548,0x0,Other,0,0,1,Hardware: Legacy Flip,2026-8-20 19:22:04.658273400,2.2074,2.2074,0.0000,0.2763,1.9431,0.0479,1.8952,4.6051,16.9848,2.0938,15179.1932,NA,NA,NA
python.exe,31548,0x0,Other,-1,0,0,Composed: Copy with GPU GDI,2026-8-20 19:22:04.660480800,5.3931,5.3931,0.0000,0.0120,5.5796,2.6056,2.9740,NA,NA,NA,NA,NA,NA,NA
python.exe,31548,0x0,Other,-1,0,0,Composed: Copy with GPU GDI,2026-8-20 19:22:04.665873900,4.4529,4.4529,0.0000,0.2015,4.5607,0.3898,4.1709,NA,NA,NA,NA,NA,NA,NA
python.exe,31548,0x0,Other,-1,0,0,Composed: Copy with GPU GDI,2026-8-20 19:22:04.670326800,6.5786,6.5786,0.0000,7.0468,0.2202,0.2202,0.0000,NA,NA,NA,NA,NA,NA,NA
python.exe,31548,0x0,Other,0,0,1,Hardware: Legacy Flip,2026-8-20 19:22:04.676905400,0.4446,0.4446,0.0000,0.0000,6.7323,0.5441,6.1882,2.9579,18.3854,1.6472,15197.8252,NA,NA,NA
python.exe,31548,0x0,Other,-1,0,0,Composed: Copy with GPU GDI,2026-8-20 19:22:04.677350000,5.0135,5.0135,0.0000,0.2438,5.1554,2.6797,2.4757,NA,NA,NA,NA,NA,NA,NA
python.exe,31548,0x0,Other,-1,0,0,Composed: Copy with GPU GDI,2026-8-20 19:22:04.682363500,6.0026,6.0026,0.0000,0.3908,6.0191,0.4854,5.5337,NA,NA,NA,NA,NA,NA,NA
python.exe,31548,0x0,Other,-1,0,0,Composed: Copy with GPU GDI,2026-8-20 19:22:04.688366100,6.8547,6.8547,0.0000,7.3464,0.0132,0.0132,0.0000,NA,NA,NA,NA,NA,NA,NA
python.exe,31548,0x0,Other,0,0,1,Hardware: Legacy Flip,2026-8-20 19:22:04.695220800,0.4553,0.4553,0.0000,0.0000,6.9350,0.5775,6.3575,3.0279,14.6571,-0.0700,15216.1406,NA,NA,NA
python.exe,31548,0x0,Other,-1,0,0,Composed: Copy with GPU GDI,2026-8-20 19:22:04.695676100,4.2458,4.2458,0.0000,0.0496,4.5693,2.9021,1.6672,17.2297,0.3946,-14.2018,15216.5959,NA,NA,NA
python.exe,31548,0x0,Other,-1,0,0,Composed: Copy with GPU GDI,2026-8-20 19:22:04.699921900,6.1269,6.1269,0.0000,0.3766,6.0692,0.4027,5.6665,NA,NA,NA,NA,NA,NA,NA
python.exe,31548,0x0,Other,0,0,1,Hardware: Legacy Flip,2026-8-20 19:22:04.706048800,4.8614,4.8614,0.0000,0.3216,4.5523,0.0453,4.5070,7.2516,11.7310,9.9781,15226.9686,NA,NA,NA
python.exe,31548,0x0,Other,-1,0,0,Composed: Copy with GPU GDI,2026-8-20 19:22:04.710910200,2.1878,2.1878,0.0000,0.0125,2.5980,2.5980,0.0000,14.1212,4.6221,-6.8696,15231.8300,NA,NA,NA
python.exe,31548,0x0,Other,-1,0,0,Composed: Copy with GPU GDI,2026-8-20 19:22:04.713098000,8.2292,8.2292,0.0000,0.4256,8.1273,0.3948,7.7325,NA,NA,NA,NA,NA,NA,NA
python.exe,31548,0x0,Other,-1,0,0,Composed: Copy with GPU GDI,2026-8-20 19:22:04.721327200,5.0197,5.0197,0.0000,0.3264,4.9531,0.3340,4.6191,NA,NA,NA,NA,NA,NA,NA
python.exe,31548,0x0,Other,0,0,1,Hardware: Legacy Flip,2026-8-20 19:22:04.726346900,0.9915,0.9915,0.0000,0.2620,0.7413,0.0442,0.6971,3.3066,17.2218,10.8146,15247.2667,NA,NA,NA
python.exe,31548,0x0,Other,-1,0,0,Composed: Copy with GPU GDI,2026-8-20 19:22:04.727338400,4.5555,4.5555,0.0000,0.0118,4.8962,2.6592,2.2370,NA,NA,NA,NA,NA,NA,NA
python.exe,31548,0x0,Other,-1,0,0,Composed: Copy with GPU GDI,2026-8-20 19:22:04.731893900,5.3012,5.3012,0.0000,0.3543,5.2583,0.4136,4.8447,NA,NA,NA,NA,NA,NA,NA
python.exe,31548,0x0,Other,-1,0,0,Composed: Copy with GPU GDI,2026-8-20 19:22:04.737195100,6.6736,6.6736,0.0000,7.1526,0.0122,0.0122,0.0000,NA,NA,NA,NA,NA,NA,NA
python.exe,31548,0x0,Other,0,0,1,Hardware: Legacy Flip,2026-8-20 19:22:04.743868700,0.4654,0.4654,0.0000,0.0000,6.8384,0.5664,6.2720,3.0066,14.5621,0.3000,15264.7885,NA,NA,NA
python.exe,31548,0x0,Other,-1,0,0,Composed: Copy with GPU GDI,2026-8-20 19:22:04.744334100,4.3847,4.3847,0.0000,0.0258,4.6775,2.8533,1.8242,17.1033,6.0561,-14.0967,15265.2539,NA,NA,NA
python.exe,31548,0x0,Other,-1,0,0,Composed: Copy with GPU GDI,2026-8-20 19:22:04.748718800,5.5280,5.5280,0.0000,0.3219,5.5542,0.4148,5.1394,18.7747,6.0670,-1.6714,15269.6386,NA,NA,NA
python.exe,31548,0x0,Other,-1,0,0,Composed: Copy with GPU GDI,2026-8-20 19:22:04.754246800,6.7354,6.7354,0.0000,0.3508,6.7247,0.4224,6.3023,19.3137,7.3974,-0.5390,15275.1666,NA,NA,NA
python.exe,31548,0x0,Other,-1,0,0,Composed: Copy with GPU GDI,2026-8-20 19:22:04.760982200,17.3126,17.3126,0.0000,17.5401,0.0487,0.0487,0.0000,NA,NA,NA,NA,NA,NA,NA
python.exe,31548,0x0,Other,0,0,1,Hardware: Legacy Flip,2026-8-20 19:22:04.778294800,0.1843,0.1843,0.0000,0.0000,17.1958,0.3564,16.8394,2.6631,2.5920,16.6506,15299.2146,NA,NA,NA
python.exe,31548,0x0,Other,-1,0,0,Composed: Copy with GPU GDI,2026-8-20 19:22:04.778479100,0.1976,0.1976,0.0000,2.5076,0.1668,0.1668,0.0000,NA,NA,NA,NA,NA,NA,NA
python.exe,31548,0x0,Other,-1,0,0,Composed: Copy with GPU GDI,2026-8-20 19:22:04.778676700,1.4949,1.4949,0.0000,2.4768,0.0826,0.0826,0.0000,NA,NA,NA,NA,NA,NA,NA
python.exe,31548,0x0,Other,0,0,1,Hardware: Legacy Flip,2026-8-20 19:22:04.780171600,0.3658,0.3658,0.0000,0.0000,2.4157,2.4157,0.0000,3.3783,12.2783,-0.7152,15301.0914,NA,NA,NA
python.exe,31548,0x0,Other,-1,0,0,Composed: Copy with GPU GDI,2026-8-20 19:22:04.780537400,6.9575,6.9575,0.0000,0.6987,6.4141,2.4951,3.9190,NA,NA,NA,NA,NA,NA,NA
python.exe,31548,0x0,Other,-1,0,0,Composed: Copy with GPU GDI,2026-8-20 19:22:04.787494900,3.6036,3.6036,0.0000,0.1572,3.7476,0.3862,3.3614,NA,NA,NA,NA,NA,NA,NA
python.exe,31548,0x0,Other,0,0,1,Hardware: Legacy Flip,2026-8-20 19:22:04.791098500,2.4120,2.4120,0.0000,0.3042,2.1212,0.0502,2.0710,4.7297,14.1396,-1.3514,15312.0183,NA,NA,NA
python.exe,31548,0x0,Other,-1,0,0,Composed: Copy with GPU GDI,2026-8-20 19:22:04.793510500,5.4031,5.4031,0.0000,0.0134,5.6032,2.5589,3.0443,NA,NA,NA,NA,NA,NA,NA
python.exe,31548,0x0,Other,-1,0,0,Composed: Copy with GPU GDI,2026-8-20 19:22:04.798913600,4.6439,4.6439,0.0000,0.2167,4.7209,0.3642,4.3567,11.0542,4.9871,-6.3245,15319.8334,NA,NA,NA
python.exe,31548,0x0,Other,-1,0,0,Composed: Copy with GPU GDI,2026-8-20 19:22:04.803557500,6.6618,6.6618,0.0000,0.2966,6.6517,0.3909,6.2608,NA,NA,NA,NA,NA,NA,NA
python.exe,31548,0x0,Other,0,0,1,Hardware: Legacy Flip,2026-8-20 19:22:04.810219300,1.2275,1.2275,0.0000,0.2893,0.9514,0.0511,0.9003,4.7356,7.1411,6.3186,15331.1391,1.2079,NA,NA
python.exe,31548,0x0,Other,-1,0,0,Composed: Copy with GPU GDI,2026-8-20 19:22:04.811446800,3.7058,3.7058,0.0000,0.0132,4.0261,2.6475,1.3786,10.6492,12.1280,-5.9136,15332.3666,NA,NA,NA
python.exe,31548,0x0,Other,-1,0,0,Composed: Copy with GPU GDI,2026-8-20 19:22:04.815152600,6.6017,6.6017,0.0000,0.3371,6.6758,0.4912,6.1846,19.0714,1.7527,-8.4222,15336.0724,NA,NA,NA
python.exe,31548,0x0,Other,-1,0,0,Composed: Copy with GPU GDI,2026-8-20 19:22:04.821754300,5.5623,5.5623,0.0000,0.4142,5.4704,0.4126,5.0578,NA,NA,NA,NA,NA,NA,NA
python.exe,31548,0x0,Other,0,0,1,Hardware: Legacy Flip,2026-8-20 19:22:04.827316600,4.9737,4.9737,0.0000,0.3250,4.6903,0.0823,4.6080,8.6601,10.3889,10.4113,15348.2364,1.2071,NA,NA
python.exe,31548,0x0,Other,-1,0,0,Composed: Copy with GPU GDI,2026-8-20 19:22:04.832290300,1.5032,1.5032,0.0000,0.0416,2.6959,2.6959,0.0000,14.0753,2.5031,-5.4152,15353.2101,NA,NA,NA
python.exe,31548,0x0,Other,-1,0,0,Composed: Copy with GPU GDI,2026-8-20 19:22:04.833793500,9.4697,9.4697,0.0000,1.2371,8.5495,0.4087,8.1408,NA,NA,NA,NA,NA,NA,NA
python.exe,31548,0x0,Other,0,0,1,Hardware: Legacy Flip,2026-8-20 19:22:04.843263200,1.8821,1.8821,0.0000,0.3205,1.5752,0.0485,1.5267,5.6055,15.5082,8.4698,15364.1830,1.2103,NA,NA
python.exe,31548,0x0,Other,-1,0,0,Composed: Copy with GPU GDI,2026-8-20 19:22:04.845145300,0.6887,0.6887,0.0000,0.0136,2.6880,2.6880,0.0000,NA,NA,NA,NA,NA,NA,NA
python.exe,31548,0x0,Other,-1,0,0,Composed: Copy with GPU GDI,2026-8-20 19:22:04.845834000,8.8238,8.8238,0.0000,2.0165,7.0966,0.3868,6.7098,NA,NA,NA,NA,NA,NA,NA
python.exe,31548,0x0,Other,-1,0,0,Composed: Copy with GPU GDI,2026-8-20 19:22:04.854657800,3.3118,3.3118,0.0000,0.2949,3.3152,0.3699,2.9453,NA,NA,NA,NA,NA,NA,NA
python.exe,31548,0x0,Other,0,0,1,Hardware: Legacy Flip,2026-8-20 19:22:04.857969600,2.8208,2.8208,0.0000,0.3011,2.5329,0.0492,2.4837,6.4073,12.3222,-0.8018,15378.8894,1.2155,NA,NA
python.exe,31548,0x0,Other,-1,0,0,Composed: Copy with GPU GDI,2026-8-20 19:22:04.860790400,4.7765,4.7765,0.0000,0.0132,4.9507,2.5727,2.3780,NA,NA,NA,NA,NA,NA,NA
python.exe,31548,0x0,Other,-1,0,0,Composed: Copy with GPU GDI,2026-8-20 19:22:04.865566900,3.9313,3.9313,0.0000,0.1916,4.0129,0.3503,3.6626,11.1322,3.5493,-4.7249,15386.4867,NA,NA,NA
python.exe,31548,0x0,Other,-1,0,0,Composed: Copy with GPU GDI,2026-8-20 19:22:04.869498200,7.7937,7.7937,0.0000,0.2786,7.8295,0.4048,7.4247,NA,NA,NA,NA,NA,NA,NA
python.exe,31548,0x0,Other,0,0,1,Hardware: Legacy Flip,2026-8-20 19:22:04.877291900,0.5080,0.5080,0.0000,0.3166,0.2107,0.0600,0.1507,2.9565,8.5818,8.1757,15398.2117,NA,NA,NA
python.exe,31548,0x0,Other,-1,0,0,Composed: Copy with GPU GDI,2026-8-20 19:22:04.877799900,4.2347,4.2347,0.0000,0.0193,4.5335,2.7690,1.7645,11.0303,9.2647,-8.0738,15398.7197,NA,NA,NA
python.exe,31548,0x0,Other,-1,0,0,Composed: Copy with GPU GDI,2026-8-20 19:22:04.882034600,7.1040,7.1040,0.0000,0.3214,7.1034,0.4063,6.6971,NA,NA,NA,NA,NA,NA,NA
python.exe,31548,0x0,Other,-1,0,0,Composed: Copy with GPU GDI,2026-8-20 19:22:04.889138600,5.5734,5.5734,0.0000,0.3238,5.4402,0.2751,5.1651,NA,NA,NA,NA,NA,NA,NA
python.exe,31548,0x0,Other,0,0,1,Hardware: Legacy Flip,2026-8-20 19:22:04.894712000,0.4167,0.4167,0.0000,0.1933,0.2399,0.0551,0.1848,3.3829,14.9936,7.6474,15415.6318,0.5198,NA,NA
python.exe,31548,0x0,Other,-1,0,0,Composed: Copy with GPU GDI,2026-8-20 19:22:04.895128700,5.1294,5.1294,0.0000,0.0165,5.4787,2.8074,2.6713,17.9598,1.7403,-14.5769,15416.0485,NA,NA,NA
python.exe,31548,0x0,Other,-1,0,0,Composed: Copy with GPU GDI,2026-8-20 19:22:04.900258100,5.4880,5.4880,0.0000,0.3690,5.4880,0.4406,5.0474,NA,NA,NA,NA,NA,NA,NA
python.exe,31548,0x0,Other,0,0,1,Hardware: Legacy Flip,2026-8-20 19:22:04.905746100,5.3292,5.3292,0.0000,0.3720,4.9707,0.0528,4.9179,9.0827,10.4115,8.8771,15426.6659,1.2307,NA,NA
python.exe,31548,0x0,Other,-1,0,0,Composed: Copy with GPU GDI,2026-8-20 19:22:04.911075300,1.3603,1.3603,0.0000,0.0135,2.7144,2.7144,0.0000,14.1650,5.7268,-5.0823,15431.9951,NA,NA,NA
python.exe,31548,0x0,Other,-1,0,0,Composed: Copy with GPU GDI,2026-8-20 19:22:04.912435600,8.8284,8.8284,0.0000,1.3714,7.6519,0.2708,7.3811,NA,NA,NA,NA,NA,NA,NA
python.exe,31548,0x0,Other,-1,0,0,Composed: Copy with GPU GDI,2026-8-20 19:22:04.921264000,4.1596,4.1596,0.0000,0.1979,4.2303,0.3803,3.8500,NA,NA,NA,NA,NA,NA,NA
python.exe,31548,0x0,Other,0,0,1,Hardware: Legacy Flip,2026-8-20 19:22:04.925423600,2.9547,2.9547,0.0000,0.2722,2.6959,0.0504,2.6455,5.5435,17.5283,8.6215,15446.3434,NA,NA,NA
python.exe,31548,0x0,Other,-1,0,0,Composed: Copy with GPU GDI,2026-8-20 19:22:04.928378300,3.7491,3.7491,0.0000,0.0134,4.1094,2.9746,1.1348,NA,NA,NA,NA,NA,NA,NA
python.exe,31548,0x0,Other,-1,0,0,Composed: Copy with GPU GDI,2026-8-20 19:22:04.932127400,3.8054,3.8054,0.0000,0.3760,3.7771,0.4139,3.3632,NA,NA,NA,NA,NA,NA,NA
python.exe,31548,0x0,Other,-1,0,0,Composed: Copy with GPU GDI,2026-8-20 19:22:04.935932800,7.7990,7.7990,0.0000,0.3509,7.7448,0.4191,7.3257,NA,NA,NA,NA,NA,NA,NA
python.exe,31548,0x0,Other,0,0,1,Hardware: Legacy Flip,2026-8-20 19:22:04.943731800,1.0753,1.0753,0.0000,0.3006,0.7884,0.0510,0.7374,4.7636,7.0660,0.7799,15464.6516,1.2140,NA,NA
python.exe,31548,0x0,Other,-1,0,0,Composed: Copy with GPU GDI,2026-8-20 19:22:04.944807100,3.2604,3.2604,0.0000,0.0137,3.5546,2.8023,0.7523,10.7543,9.1880,-5.9907,15465.7269,NA,NA,NA
python.exe,31548,0x0,Other,-1,0,0,Composed: Copy with GPU GDI,2026-8-20 19:22:04.948067500,7.6632,7.6632,0.0000,0.3127,7.6303,0.3899,7.2404,NA,NA,NA,NA,NA,NA,NA
python.exe,31548,0x0,Other,-1,0,0,Composed: Copy with GPU GDI,2026-8-20 19:22:04.955730700,4.3877,4.3877,0.0000,0.2831,4.4540,0.4167,4.0373,NA,NA,NA,NA,NA,NA,NA
python.exe,31548,0x0,Other,0,0,1,Hardware: Legacy Flip,2026-8-20 19:22:04.960118400,0.9239,0.9239,0.0000,0.3555,0.5818,0.0505,0.5313,4.6310,15.0771,6.1233,15481.0382,1.2150,NA,NA
python.exe,31548,0x0,Other,-1,0,0,Composed: Copy with GPU GDI,2026-8-20 19:22:04.961042300,6.1247,6.1247,0.0000,0.0134,6.4156,2.8098,3.6058,18.7842,1.3524,-14.1532,15481.9621,NA,NA,NA
python.exe,31548,0x0,Other,-1,0,0,Composed: Copy with GPU GDI,2026-8-20 19:22:04.967167000,9.3151,9.3151,0.0000,0.3077,9.3554,0.4151,8.9403,NA,NA,NA,NA,NA,NA,NA
python.exe,31548,0x0,Other,0,0,1,Hardware: Legacy Flip,2026-8-20 19:22:04.976482100,2.0694,2.0694,0.0000,0.3510,1.7322,0.0526,1.6796,4.6968,15.5331,14.0874,15497.4019,NA,NA,NA
python.exe,31548,0x0,Other,-1,0,0,Composed: Copy with GPU GDI,2026-8-20 19:22:04.978551500,1.2088,1.2088,0.0000,0.0138,2.8191,2.8191,0.0000,NA,NA,NA,NA,NA,NA,NA
python.exe,31548,0x0,Other,-1,0,0,Composed: Copy with GPU GDI,2026-8-20 19:22:04.979760300,4.6130,4.6130,0.0000,1.6271,3.3065,0.4024,2.9041,NA,NA,NA,NA,NA,NA,NA
python.exe,31548,0x0,Other,-1,0,0,Composed: Copy with GPU GDI,2026-8-20 19:22:04.984373300,7.5257,7.5257,0.0000,0.3252,7.5308,0.4055,7.1253,NA,NA,NA,NA,NA,NA,NA
python.exe,31548,0x0,Other,0,0,1,Hardware: Legacy Flip,2026-8-20 19:22:04.991899000,2.2881,2.2881,0.0000,0.3340,1.9669,0.0518,1.9151,4.8130,19.0118,-0.1162,15512.8188,NA,NA,NA
python.exe,31548,0x0,Other,-1,0,0,Composed: Copy with GPU GDI,2026-8-20 19:22:04.994187100,4.9712,4.9712,0.0000,0.0128,5.3441,2.9189,2.4252,NA,NA,NA,NA,NA,NA,NA
python.exe,31548,0x0,Other,-1,0,0,Composed: Copy with GPU GDI,2026-8-20 19:22:04.999158300,4.4919,4.4919,0.0000,0.3935,4.4195,0.4098,4.0097,NA,NA,NA,NA,NA,NA,NA
python.exe,31548,0x0,Other,-1,0,0,Composed: Copy with GPU GDI,2026-8-20 19:22:05.003650200,7.1780,7.1780,0.0000,0.3256,7.1516,0.3920,6.7596,NA,NA,NA,NA,NA,NA,NA
python.exe,31548,0x0,Other,0,0,1,Hardware: Legacy Flip,2026-8-20 19:22:05.010828200,1.6975,1.6975,0.0000,0.3024,1.4331,0.0737,1.3594,4.8956,6.5622,-0.0826,15531.7480,0.5992,NA,NA
python.exe,31548,0x0,Other,-1,0,0,Composed: Copy with GPU GDI,2026-8-20 19:22:05.012525700,2.1679,2.1679,0.0000,0.0380,2.7628,2.7628,0.0000,9.7603,8.7427,-4.8647,15533.4455,NA,NA,NA
python.exe,31548,0x0,Other,-1,0,0,Composed: Copy with GPU GDI,2026-8-20 19:22:05.014693600,6.8122,6.8122,0.0000,0.6364,6.5077,0.4101,6.0976,NA,NA,NA,NA,NA,NA,NA
python.exe,31548,0x0,Other,0,0,1,Hardware: Legacy Flip,2026-8-20 19:22:05.021505800,5.6528,5.6528,0.0000,0.3347,5.3310,0.0475,5.2835,9.5229,9.4618,0.2374,15542.4256,1.2245,NA,NA
python.exe,31548,0x0,Other,-1,0,0,Composed: Copy with GPU GDI,2026-8-20 19:22:05.027158600,1.1370,1.1370,0.0000,0.0129,2.8563,2.8563,0.0000,NA,NA,NA,NA,NA,NA,NA
python.exe,31548,0x0,Other,-1,0,0,Composed: Copy with GPU GDI,2026-8-20 19:22:05.028295600,5.0578,5.0578,0.0000,1.7370,3.6288,0.3949,3.2339,12.1949,7.1477,-2.6720,15549.2154,NA,NA,NA
python.exe,31548,0x0,Other,-1,0,0,Composed: Copy with GPU GDI,2026-8-20 19:22:05.033353400,6.2041,6.2041,0.0000,0.3141,6.2145,0.4094,5.8051,NA,NA,NA,NA,NA,NA,NA
python.exe,31548,0x0,Other,0,0,1,Hardware: Legacy Flip,2026-8-20 19:22:05.039557500,4.3189,4.3189,0.0000,0.3275,4.0046,0.0509,3.9537,8.0807,11.0490,4.1142,15560.4773,1.2195,NA,NA
python.exe,31548,0x0,Other,-1,0,0,Composed: Copy with GPU GDI,2026-8-20 19:22:05.043876400,1.6923,1.6923,0.0000,0.0132,2.8046,2.8046,0.0000,14.8108,4.3435,-6.7301,15564.7962,NA,NA,NA
python.exe,31548,0x0,Other,-1,0,0,Composed: Copy with GPU GDI,2026-8-20 19:22:05.045568700,9.0111,9.0111,0.0000,1.1296,8.2620,0.4562,7.8058,NA,NA,NA,NA,NA,NA,NA
python.exe,31548,0x0,Other,-1,0,0,Composed: Copy with GPU GDI,2026-8-20 19:22:05.054579800,3.6718,3.6718,0.0000,0.3833,3.5929,0.3700,3.2229,NA,NA,NA,NA,NA,NA,NA
python.exe,31548,0x0,Other,0,0,1,Hardware: Legacy Flip,2026-8-20 19:22:05.058251600,2.3019,2.3019,0.0000,0.3081,2.0073,0.0498,1.9575,4.7791,13.8576,10.0317,15579.1714,NA,NA,NA
python.exe,31548,0x0,Other,-1,0,0,Composed: Copy with GPU GDI,2026-8-20 19:22:05.060553500,4.9188,4.9188,0.0000,0.0135,5.4016,3.0066,2.3950,NA,NA,NA,NA,NA,NA,NA
python.exe,31548,0x0,Other,-1,0,0,Composed: Copy with GPU GDI,2026-8-20 19:22:05.065472300,4.3037,4.3037,0.0000,0.5000,4.0689,0.3470,3.7219,11.4160,4.9192,-6.6369,15586.3921,NA,NA,NA
python.exe,31548,0x0,Other,-1,0,0,Composed: Copy with GPU GDI,2026-8-20 19:22:05.069776000,7.7310,7.7310,0.0000,0.2683,7.7696,0.4044,7.3652,NA,NA,NA,NA,NA,NA,NA
python.exe,31548,0x0,Other,0,0,1,Hardware: Legacy Flip,2026-8-20 19:22:05.077507000,0.6193,0.6193,0.0000,0.3112,0.3296,0.0870,0.2426,4.3005,7.2136,7.1155,15598.4268,1.2205,NA,NA
python.exe,31548,0x0,Other,-1,0,0,Composed: Copy with GPU GDI,2026-8-20 19:22:05.078126300,3.7112,3.7112,0.0000,0.0215,4.0308,2.8021,1.2287,10.8948,9.2032,-6.5943,15599.0461,NA,NA,NA
python.exe,31548,0x0,Other,-1,0,0,Composed: Copy with GPU GDI,2026-8-20 19:22:05.081837500,6.6000,6.6000,0.0000,0.3445,6.5940,0.4194,6.1746,NA,NA,NA,NA,NA,NA,NA
python.exe,31548,0x0,Other,-1,0,0,Composed: Copy with GPU GDI,2026-8-20 19:22:05.088437500,5.6420,5.6420,0.0000,0.3426,5.4549,0.2352,5.2197,NA,NA,NA,NA,NA,NA,NA
python.exe,31548,0x0,Other,0,0,1,Hardware: Legacy Flip,2026-8-20 19:22:05.094079500,0.4197,0.4197,0.0000,0.1587,0.2750,0.0504,0.2246,4.1448,15.0693,6.7500,15614.9993,1.2175,NA,NA
python.exe,31548,0x0,Other,-1,0,0,Composed: Copy with GPU GDI,2026-8-20 19:22:05.094499200,5.6368,5.6368,0.0000,0.0140,5.9523,2.8469,3.1054,18.7944,1.5020,-14.6496,15615.4190,NA,NA,NA
python.exe,31548,0x0,Other,-1,0,0,Composed: Copy with GPU GDI,2026-8-20 19:22:05.100136000,9.3711,9.3711,0.0000,0.3334,9.3779,0.4174,8.9605,NA,NA,NA,NA,NA,NA,NA
python.exe,31548,0x0,Other,0,0,1,Hardware: Legacy Flip,2026-8-20 19:22:05.109507100,1.4610,1.4610,0.0000,0.3434,1.1310,0.0464,1.0846,5.2885,15.7375,13.5059,15630.4269,1.2174,NA,NA
python.exe,31548,0x0,Other,-1,0,0,Composed: Copy with GPU GDI,2026-8-20 19:22:05.110968100,1.7178,1.7178,0.0000,0.0134,2.8052,2.8052,0.0000,NA,NA,NA,NA,NA,NA,NA
python.exe,31548,0x0,Other,-1,0,0,Composed: Copy with GPU GDI,2026-8-20 19:22:05.112685900,8.9474,8.9474,0.0000,1.1047,8.6080,0.8582,7.7498,NA,NA,NA,NA,NA,NA,NA
python.exe,31548,0x0,Other,-1,0,0,Composed: Copy with GPU GDI,2026-8-20 19:22:05.121633300,3.1861,3.1861,0.0000,0.7681,2.7097,0.3660,2.3437,NA,NA,NA,NA,NA,NA,NA
python.exe,31548,0x0,Other,0,0,1,Hardware: Legacy Flip,2026-8-20 19:22:05.124819400,2.8899,2.8899,0.0000,0.2972,2.6069,0.0532,2.5537,5.7137,13.0934,-0.4252,15645.7392,0.1455,NA,NA
python.exe,31548,0x0,Other,-1,0,0,Composed: Copy with GPU GDI,2026-8-20 19:22:05.127709300,4.8234,4.8234,0.0000,0.0142,5.0344,2.9184,2.1160,15.9172,4.2621,-10.2035,15648.6291,NA,NA,NA
python.exe,31548,0x0,Other,-1,0,0,Composed: Copy with GPU GDI,2026-8-20 19:22:05.132532700,5.5644,5.5644,0.0000,0.2298,5.8391,0.5971,5.2420,NA,NA,NA,NA,NA,NA,NA
python.exe,31548,0x0,Other,-1,0,0,Composed: Copy with GPU GDI,2026-8-20 19:22:05.138097100,7.0622,7.0622,0.0000,0.5069,6.7563,0.2853,6.4710,NA,NA,NA,NA,NA,NA,NA
python.exe,31548,0x0,Other,0,0,1,Hardware: Legacy Flip,2026-8-20 19:22:05.145159300,0.2712,0.2712,0.0000,0.2037,0.0799,0.0465,0.0334,2.7293,17.5381,13.1879,15666.0791,NA,NA,NA
python.exe,31548,0x0,Other,-1,0,0,Composed: Copy with GPU GDI,2026-8-20 19:22:05.145430500,4.0726,4.0726,0.0000,0.0124,4.4099,2.8169,1.5930,NA,NA,NA,NA,NA,NA,NA
python.exe,31548,0x0,Other,-1,0,0,Composed: Copy with GPU GDI,2026-8-20 19:22:05.149503100,4.9058,4.9058,0.0000,0.3539,4.8576,0.3895,4.4681,NA,NA,NA,NA,NA,NA,NA
python.exe,31548,0x0,Other,-1,0,0,Composed: Copy with GPU GDI,2026-8-20 19:22:05.154408900,6.8399,6.8399,0.0000,0.3088,6.8640,0.4263,6.4377,NA,NA,NA,NA,NA,NA,NA
python.exe,31548,0x0,Other,0,0,1,Hardware: Legacy Flip,2026-8-20 19:22:05.161248800,0.4983,0.4983,0.0000,0.3369,0.1770,0.0545,0.1225,4.1779,14.5995,-1.4486,15682.1686,1.2203,NA,NA
python.exe,31548,0x0,Other,-1,0,0,Composed: Copy with GPU GDI,2026-8-20 19:22:05.161747100,5.3878,5.3878,0.0000,0.0156,5.7111,2.8077,2.9034,18.2791,1.4647,-14.1012,15682.6669,NA,NA,NA
python.exe,31548,0x0,Other,-1,0,0,Composed: Copy with GPU GDI,2026-8-20 19:22:05.167134900,6.0091,6.0091,0.0000,0.3416,6.0028,0.4164,5.5864,NA,NA,NA,NA,NA,NA,NA
python.exe,31548,0x0,Other,0,0,1,Hardware: Legacy Flip,2026-8-20 19:22:05.173144000,4.4593,4.4593,0.0000,0.3384,4.1338,0.0475,4.0863,8.3469,10.6718,9.9322,15694.0638,1.2163,NA,NA
python.exe,31548,0x0,Other,-1,0,0,Composed: Copy with GPU GDI,2026-8-20 19:22:05.177603300,2.0955,2.0955,0.0000,0.0129,2.9061,2.9061,0.0000,14.5594,4.6881,-6.2125,15698.5231,NA,NA,NA
python.exe,31548,0x0,Other,-1,0,0,Composed: Copy with GPU GDI,2026-8-20 19:22:05.179698800,8.4946,8.4946,0.0000,0.8274,7.9764,0.4123,7.5641,NA,NA,NA,NA,NA,NA,NA
python.exe,31548,0x0,Other,-1,0,0,Composed: Copy with GPU GDI,2026-8-20 19:22:05.188193400,3.5969,3.5969,0.0000,0.3128,3.5634,0.3515,3.2119,NA,NA,NA,NA,NA,NA,NA
python.exe,31548,0x0,Other,0,0,1,Hardware: Legacy Flip,2026-8-20 19:22:05.191790300,2.0330,2.0330,0.0000,0.2834,1.7664,0.0568,1.7096,5.0605,13.5115,9.4989,15712.7101,0.4713,NA,NA
python.exe,31548,0x0,Other,-1,0,0,Composed: Copy with GPU GDI,2026-8-20 19:22:05.193823300,5.5989,5.5989,0.0000,0.0168,5.7784,2.7686,3.0098,NA,NA,NA,NA,NA,NA,NA
python.exe,31548,0x0,Other,-1,0,0,Composed: Copy with GPU GDI,2026-8-20 19:22:05.199422200,3.4113,3.4113,0.0000,0.2001,3.5065,0.3669,3.1396,10.9401,3.6773,-5.8796,15720.3420,NA,NA,NA
python.exe,31548,0x0,Other,-1,0,0,Composed: Copy with GPU GDI,2026-8-20 19:22:05.202833500,8.2415,8.2415,0.0000,0.2982,8.3740,0.5177,7.8563,NA,NA,NA,NA,NA,NA,NA
python.exe,31548,0x0,Other,0,0,1,Hardware: Legacy Flip,2026-8-20 19:22:05.211075000,0.4719,0.4719,0.0000,0.4343,0.0522,0.0509,0.0013,2.9646,8.4428,7.9755,15731.9948,NA,NA,NA
python.exe,31548,0x0,Other,-1,0,0,Composed: Copy with GPU GDI,2026-8-20 19:22:05.211546900,3.8676,3.8676,0.0000,0.0146,4.2002,2.8422,1.3580,10.9355,8.3123,-7.9709,15732.4667,NA,NA,NA
python.exe,31548,0x0,Other,-1,0,0,Composed: Copy with GPU GDI,2026-8-20 19:22:05.215414500,6.1556,6.1556,0.0000,0.3505,6.1301,0.4168,5.7133,NA,NA,NA,NA,NA,NA,NA
python.exe,31548,0x0,Other,0,0,1,Hardware: Legacy Flip,2026-8-20 19:22:05.221570100,5.3911,5.3911,0.0000,0.3281,5.0780,0.0536,5.0244,9.2246,9.8924,1.7109,15742.4899,1.2286,NA,NA
python.exe,31548,0x0,Other,-1,0,0,Composed: Copy with GPU GDI,2026-8-20 19:22:05.226961200,0.2214,0.2214,0.0000,0.0150,2.7904,2.7904,0.0000,NA,NA,NA,NA,NA,NA,NA
python.exe,31548,0x0,Other,-1,0,0,Composed: Copy with GPU GDI,2026-8-20 19:22:05.227182600,6.4337,6.4337,0.0000,2.5868,4.1485,0.3864,3.7621,13.5045,7.5808,-4.2799,15748.1024,NA,NA,NA
python.exe,31548,0x0,Other,-1,0,0,Composed: Copy with GPU GDI,2026-8-20 19:22:05.233616300,6.0841,6.0841,0.0000,0.3051,6.1102,0.4113,5.6989,NA,NA,NA,NA,NA,NA,NA
python.exe,31548,0x0,Other,0,0,1,Hardware: Legacy Flip,2026-8-20 19:22:05.239700400,4.7523,4.7523,0.0000,0.3342,4.4321,0.0564,4.3757,8.5675,10.6216,4.9370,15760.6202,1.2020,NA,NA
python.exe,31548,0x0,Other,-1,0,0,Composed: Copy with GPU GDI,2026-8-20 19:22:05.244452700,1.6949,1.6949,0.0000,0.0140,2.8006,2.8006,0.0000,14.4368,4.9911,-5.8693,15765.3725,NA,NA,NA
python.exe,31548,0x0,Other,-1,0,0,Composed: Copy with GPU GDI,2026-8-20 19:22:05.246147600,8.2258,8.2258,0.0000,1.1232,7.2862,0.2771,7.0091,NA,NA,NA,NA,NA,NA,NA
python.exe,31548,0x0,Other,-1,0,0,Composed: Copy with GPU GDI,2026-8-20 19:22:05.254373400,4.3324,4.3324,0.0000,0.1875,4.4742,0.4042,4.0700,NA,NA,NA,NA,NA,NA,NA
python.exe,31548,0x0,Other,0,0,1,Hardware: Legacy Flip,2026-8-20 19:22:05.258705800,2.0019,2.0019,0.0000,0.3329,1.6833,0.0527,1.6306,5.1748,16.2015,9.2620,15779.6256,0.5692,NA,NA
python.exe,31548,0x0,Other,-1,0,0,Composed: Copy with GPU GDI,2026-8-20 19:22:05.260707700,4.7074,4.7074,0.0000,0.0143,4.9999,2.9241,2.0758,NA,NA,NA,NA,NA,NA,NA
python.exe,31548,0x0,Other,-1,0,0,Composed: Copy with GPU GDI,2026-8-20 19:22:05.265415100,3.9146,3.9146,0.0000,0.3089,3.9439,0.4093,3.5346,NA,NA,NA,NA,NA,NA,NA
python.exe,31548,0x0,Other,-1,0,0,Composed: Copy with GPU GDI,2026-8-20 19:22:05.269329700,7.6394,7.6394,0.0000,0.3413,7.6294,0.4259,7.2035,NA,NA,NA,NA,NA,NA,NA
python.exe,31548,0x0,Other,0,0,1,Hardware: Legacy Flip,2026-8-20 19:22:05.276969100,0.5419,0.5419,0.0000,0.3352,0.2275,0.0697,0.1578,3.1130,9.1342,2.0618,15797.8889,NA,NA,NA
python.exe,31548,0x0,Other,-1,0,0,Composed: Copy with GPU GDI,2026-8-20 19:22:05.277511000,4.8957,4.8957,0.0000,0.0208,5.2316,2.9437,2.2879,11.7053,8.4720,-8.5923,15798.4308,NA,NA,NA
python.exe,31548,0x0,Other,-1,0,0,Composed: Copy with GPU GDI,2026-8-20 19:22:05.282406700,5.8405,5.8405,0.0000,0.3596,5.7933,0.4053,5.3880,NA,NA,NA,NA,NA,NA,NA
python.exe,31548,0x0,Other,0,0,1,Hardware: Legacy Flip,2026-8-20 19:22:05.288247200,5.6704,5.6704,0.0000,0.3152,5.3703,0.0563,5.3140,9.4411,9.7364,2.2642,15809.1670,1.2253,NA,NA
python.exe,31548,0x0,Other,-1,0,0,Composed: Copy with GPU GDI,2026-8-20 19:22:05.293917600,0.5291,0.5291,0.0000,0.0151,2.7735,2.7735,0.0000,NA,NA,NA,NA,NA,NA,NA
python.exe,31548,0x0,Other,-1,0,0,Composed: Copy with GPU GDI,2026-8-20 19:22:05.294446700,6.0733,6.0733,0.0000,2.2622,4.1714,0.4417,3.7297,12.9780,6.2811,-3.5369,15815.3665,NA,NA,NA
python.exe,31548,0x0,Other,-1,0,0,Composed: Copy with GPU GDI,2026-8-20 19:22:05.300520000,5.5280,5.5280,0.0000,0.3632,5.5304,0.4407,5.0897,NA,NA,NA,NA,NA,NA,NA
python.exe,31548,0x0,Other,0,0,1,Hardware: Legacy Flip,2026-8-20 19:22:05.306048000,4.3073,4.3073,0.0000,0.3694,3.9515,0.0498,3.9017,7.6578,11.9066,5.3202,15826.9678,0.5826,NA,NA
python.exe,31548,0x0,Other,-1,0,0,Composed: Copy with GPU GDI,2026-8-20 19:22:05.310355300,2.7652,2.7652,0.0000,0.0136,2.9540,2.9540,0.0000,15.2571,5.6727,-7.5993,15831.2751,NA,NA,NA
python.exe,31548,0x0,Other,-1,0,0,Composed: Copy with GPU GDI,2026-8-20 19:22:05.313120500,8.4998,8.4998,0.0000,0.2050,8.6259,0.4197,8.2062,NA,NA,NA,NA,NA,NA,NA
python.exe,31548,0x0,Other,-1,0,0,Composed: Copy with GPU GDI,2026-8-20 19:22:05.321620300,2.9922,2.9922,0.0000,0.3338,2.9508,0.3732,2.5776,NA,NA,NA,NA,NA,NA,NA
python.exe,31548,0x0,Other,0,0,1,Hardware: Legacy Flip,2026-8-20 19:22:05.324612500,2.7867,2.7867,0.0000,0.2977,2.5032,0.0548,2.4484,6.6726,12.5459,8.5845,15845.5323,1.2327,NA,NA
python.exe,31548,0x0,Other,-1,0,0,Composed: Copy with GPU GDI,2026-8-20 19:22:05.327399200,5.2207,5.2207,0.0000,0.0142,5.5181,2.9640,2.5541,NA,NA,NA,NA,NA,NA,NA
python.exe,31548,0x0,Other,-1,0,0,Composed: Copy with GPU GDI,2026-8-20 19:22:05.332619900,4.6012,4.6012,0.0000,0.3145,4.6712,0.4678,4.2034,11.2111,3.7128,-4.5385,15853.5397,NA,NA,NA
python.exe,31548,0x0,Other,-1,0,0,Composed: Copy with GPU GDI,2026-8-20 19:22:05.337221100,6.0852,6.0852,0.0000,0.3873,6.0298,0.4123,5.6175,NA,NA,NA,NA,NA,NA,NA
python.exe,31548,0x0,Other,0,0,1,Hardware: Legacy Flip,2026-8-20 19:22:05.343306300,0.4171,0.4171,0.0000,0.3357,0.0958,0.0518,0.0440,4.2375,14.4752,6.9736,15864.2261,1.2083,NA,NA
python.exe,31548,0x0,Other,-1,0,0,Composed: Copy with GPU GDI,2026-8-20 19:22:05.343723400,5.1551,5.1551,0.0000,0.0144,5.4787,2.9470,2.5317,18.2956,2.9274,-14.0581,15864.6432,NA,NA,NA
python.exe,31548,0x0,Other,-1,0,0,Composed: Copy with GPU GDI,2026-8-20 19:22:05.348878500,6.5730,6.5730,0.0000,0.3423,6.5384,0.3926,6.1458,NA,NA,NA,NA,NA,NA,NA
python.exe,31548,0x0,Other,-1,0,0,Composed: Copy with GPU GDI,2026-8-20 19:22:05.355451500,5.1505,5.1505,0.0000,0.3130,5.1689,0.4112,4.7577,NA,NA,NA,NA,NA,NA,NA
python.exe,31548,0x0,Other,0,0,1,Hardware: Legacy Flip,2026-8-20 19:22:05.360602000,0.4726,0.4726,0.0000,0.3354,0.1526,0.0552,0.0974,4.3444,16.3993,13.9512,15881.5218,1.2379,NA,NA
python.exe,31548,0x0,Other,-1,0,0,Composed: Copy with GPU GDI,2026-8-20 19:22:05.361074600,5.7581,5.7581,0.0000,0.0154,6.0663,2.9820,3.0843,NA,NA,NA,NA,NA,NA,NA
python.exe,31548,0x0,Other,-1,0,0,Composed: Copy with GPU GDI,2026-8-20 19:22:05.366832700,6.2355,6.2355,0.0000,0.3270,6.2074,0.3858,5.8216,NA,NA,NA,NA,NA,NA,NA
python.exe,31548,0x0,Other,0,0,1,Hardware: Legacy Flip,2026-8-20 19:22:05.373068200,4.2658,4.2658,0.0000,0.3016,3.9767,0.0463,3.9304,8.2775,11.0025,-3.9331,15893.9880,1.2268,NA,NA
python.exe,31548,0x0,Other,-1,0,0,Composed: Copy with GPU GDI,2026-8-20 19:22:05.377334000,2.1582,2.1582,0.0000,0.0125,3.0352,3.0352,0.0000,15.0142,5.0869,-6.7367,15898.2538,NA,NA,NA
python.exe,31548,0x0,Other,-1,0,0,Composed: Copy with GPU GDI,2026-8-20 19:22:05.379492200,8.0838,8.0838,0.0000,0.8931,7.4258,0.3143,7.1115,NA,NA,NA,NA,NA,NA,NA
python.exe,31548,0x0,Other,-1,0,0,Composed: Copy with GPU GDI,2026-8-20 19:22:05.387576000,4.1424,4.1424,0.0000,0.2387,4.1776,0.3578,3.8198,NA,NA,NA,NA,NA,NA,NA
python.exe,31548,0x0,Other,0,0,1,Hardware: Legacy Flip,2026-8-20 19:22:05.391718400,1.7983,1.7983,0.0000,0.2774,1.5336,0.0468,1.4868,5.7167,13.1125,9.2975,15912.6382,1.2426,NA,NA
python.exe,31548,0x0,Other,-1,0,0,Composed: Copy with GPU GDI,2026-8-20 19:22:05.393516700,5.6622,5.6622,0.0000,0.0127,6.0711,3.0869,2.9842,NA,NA,NA,NA,NA,NA,NA
python.exe,31548,0x0,Other,-1,0,0,Composed: Copy with GPU GDI,2026-8-20 19:22:05.399178900,4.5602,4.5602,0.0000,0.4253,4.4302,0.3768,4.0534,11.3687,4.6387,-5.6520,15920.0987,NA,NA,NA
python.exe,31548,0x0,Other,-1,0,0,Composed: Copy with GPU GDI,2026-8-20 19:22:05.403739100,6.3022,6.3022,0.0000,0.3000,6.3545,0.4173,5.9372,NA,NA,NA,NA,NA,NA,NA
python.exe,31548,0x0,Other,0,0,1,Hardware: Legacy Flip,2026-8-20 19:22:05.410041300,0.9787,0.9787,0.0000,0.3553,0.6411,0.0574,0.5837,5.1450,13.5668,6.2237,15930.9611,1.2259,NA,NA
python.exe,31548,0x0,Other,-1,0,0,Composed: Copy with GPU GDI,2026-8-20 19:22:05.411020000,4.8071,4.8071,0.0000,0.0177,5.0965,3.2619,1.8346,17.7331,0.7492,-12.5881,15931.9398,NA,NA,NA
python.exe,31548,0x0,Other,-1,0,0,Composed: Copy with GPU GDI,2026-8-20 19:22:05.415827100,5.5021,5.5021,0.0000,0.3124,5.5310,0.4159,5.1151,NA,NA,NA,NA,NA,NA,NA
python.exe,31548,0x0,Other,0,0,1,Hardware: Legacy Flip,2026-8-20 19:22:05.421329200,5.3912,5.3912,0.0000,0.3446,5.0614,0.0545,5.0069,8.1731,11.3971,9.5600,15942.2490,NA,NA,NA
python.exe,31548,0x0,Other,-1,0,0,Composed: Copy with GPU GDI,2026-8-20 19:22:05.426720400,1.1122,1.1122,0.0000,0.0148,3.0176,3.0176,0.0000,NA,NA,NA,NA,NA,NA,NA
python.exe,31548,0x0,Other,-1,0,0,Composed: Copy with GPU GDI,2026-8-20 19:22:05.427832600,6.0726,6.0726,0.0000,1.9235,4.4598,0.3940,4.0658,13.0668,7.8408,-4.8937,15948.7524,NA,NA,NA
python.exe,31548,0x0,Other,-1,0,0,Composed: Copy with GPU GDI,2026-8-20 19:22:05.433905200,9.4423,9.4423,0.0000,0.3154,9.4710,0.4120,9.0590,NA,NA,NA,NA,NA,NA,NA
python.exe,31548,0x0,Other,0,0,1,Hardware: Legacy Flip,2026-8-20 19:22:05.443347500,1.3008,1.3008,0.0000,0.3473,0.9658,0.0448,0.9210,5.3927,15.9244,7.6741,15964.2673,1.2017,NA,NA
python.exe,31548,0x0,Other,-1,0,0,Composed: Copy with GPU GDI,2026-8-20 19:22:05.444648300,1.2609,1.2609,0.0000,0.0123,3.0699,3.0699,0.0000,NA,NA,NA,NA,NA,NA,NA
python.exe,31548,0x0,Other,-1,0,0,Composed: Copy with GPU GDI,2026-8-20 19:22:05.445909200,8.5279,8.5279,0.0000,1.8251,6.9163,0.2878,6.6285,NA,NA,NA,NA,NA,NA,NA
python.exe,31548,0x0,Other,-1,0,0,Composed: Copy with GPU GDI,2026-8-20 19:22:05.454437100,4.6785,4.6785,0.0000,0.2164,4.8173,0.4449,4.3724,NA,NA,NA,NA,NA,NA,NA
python.exe,31548,0x0,Other,0,0,1,Hardware: Legacy Flip,2026-8-20 19:22:05.459115600,2.7093,2.7093,0.0000,0.3572,2.3639,0.0440,2.3199,5.5490,16.5742,-0.1563,15980.0354,NA,NA,NA
python.exe,31548,0x0,Other,-1,0,0,Composed: Copy with GPU GDI,2026-8-20 19:22:05.461824900,4.2563,4.2563,0.0000,0.0118,4.5060,3.1304,1.3756,NA,NA,NA,NA,NA,NA,NA
python.exe,31548,0x0,Other,-1,0,0,Composed: Copy with GPU GDI,2026-8-20 19:22:05.466081200,4.0062,4.0062,0.0000,0.2636,4.0718,0.4167,3.6551,NA,NA,NA,NA,NA,NA,NA
python.exe,31548,0x0,Other,-1,0,0,Composed: Copy with GPU GDI,2026-8-20 19:22:05.470087400,6.5257,6.5257,0.0000,0.3325,6.5193,0.3925,6.1268,NA,NA,NA,NA,NA,NA,NA
python.exe,31548,0x0,Other,0,0,1,Hardware: Legacy Flip,2026-8-20 19:22:05.476613100,0.7465,0.7465,0.0000,0.3289,0.4333,0.1096,0.3237,4.6257,14.2426,0.9233,15997.5329,1.2331,NA,NA
python.exe,31548,0x0,Other,-1,0,0,Composed: Copy with GPU GDI,2026-8-20 19:22:05.477359600,4.2118,4.2118,0.0000,0.0157,4.4019,2.8414,1.5605,18.1218,2.8459,-13.4961,15998.2794,NA,NA,NA
python.exe,31548,0x0,Other,-1,0,0,Composed: Copy with GPU GDI,2026-8-20 19:22:05.481571400,7.5779,7.5779,0.0000,0.2088,7.7254,0.4316,7.2938,NA,NA,NA,NA,NA,NA,NA
python.exe,31548,0x0,Other,0,0,1,Hardware: Legacy Flip,2026-8-20 19:22:05.489149300,5.2950,5.2950,0.0000,0.3598,4.9481,0.0514,4.8967,9.1780,9.2893,8.9438,16010.0691,1.2166,NA,NA
python.exe,31548,0x0,Other,-1,0,0,Composed: Copy with GPU GDI,2026-8-20 19:22:05.494444300,0.6877,0.6877,0.0000,0.0129,2.8720,2.8720,0.0000,NA,NA,NA,NA,NA,NA,NA
python.exe,31548,0x0,Other,-1,0,0,Composed: Copy with GPU GDI,2026-8-20 19:22:05.495132000,4.5536,4.5536,0.0000,2.1992,2.6834,0.4058,2.2776,12.4846,8.6068,-3.3066,16016.0518,NA,NA,NA
python.exe,31548,0x0,Other,-1,0,0,Composed: Copy with GPU GDI,2026-8-20 19:22:05.499685600,6.6780,6.6780,0.0000,0.3322,6.6772,0.4179,6.2593,NA,NA,NA,NA,NA,NA,NA
python.exe,31548,0x0,Other,-1,0,0,Composed: Copy with GPU GDI,2026-8-20 19:22:05.506363600,6.0972,6.0972,0.0000,0.3350,6.0650,0.3932,5.6718,NA,NA,NA,NA,NA,NA,NA
python.exe,31548,0x0,Other,0,0,1,Hardware: Legacy Flip,2026-8-20 19:22:05.512460800,0.4533,0.4533,0.0000,0.3076,0.1929,0.0885,0.1044,3.7626,15.1704,8.7220,16033.3806,0.5841,NA,NA
python.exe,31548,0x0,Other,-1,0,0,Composed: Copy with GPU GDI,2026-8-20 19:22:05.512914100,4.9122,4.9122,0.0000,0.0472,5.1970,3.0413,2.1557,NA,NA,NA,NA,NA,NA,NA
python.exe,31548,0x0,Other,-1,0,0,Composed: Copy with GPU GDI,2026-8-20 19:22:05.517826300,6.5715,6.5715,0.0000,0.3355,6.5659,0.4145,6.1514,NA,NA,NA,NA,NA,NA,NA
python.exe,31548,0x0,Other,0,0,1,Hardware: Legacy Flip,2026-8-20 19:22:05.524397800,2.8015,2.8015,0.0000,0.3355,2.4802,0.0614,2.4188,6.9960,12.6475,-3.2334,16045.3176,1.2299,NA,NA
python.exe,31548,0x0,Other,-1,0,0,Composed: Copy with GPU GDI,2026-8-20 19:22:05.527199300,5.2269,5.2269,0.0000,0.0142,5.5295,3.2759,2.2536,NA,NA,NA,NA,NA,NA,NA
python.exe,31548,0x0,Other,-1,0,0,Composed: Copy with GPU GDI,2026-8-20 19:22:05.532426200,4.5637,4.5637,0.0000,0.3187,4.5566,0.3946,4.1620,11.6151,3.4086,-4.6191,16053.3460,NA,NA,NA
python.exe,31548,0x0,Other,-1,0,0,Composed: Copy with GPU GDI,2026-8-20 19:22:05.536989900,6.6350,6.6350,0.0000,7.0344,0.0092,0.0092,0.0000,NA,NA,NA,NA,NA,NA,NA
python.exe,31548,0x0,Other,0,0,1,Hardware: Legacy Flip,2026-8-20 19:22:05.543624900,0.3858,0.3858,0.0000,0.0000,6.7189,0.4753,6.2436,3.8250,14.7635,7.7901,16064.5447,0.6506,NA,NA
python.exe,31548,0x0,Other,-1,0,0,Composed: Copy with GPU GDI,2026-8-20 19:22:05.544010700,5.1090,5.1090,0.0000,0.0228,5.4158,3.1002,2.3156,18.2027,1.9791,-14.3777,16064.9305,NA,NA,NA
python.exe,31548,0x0,Other,-1,0,0,Composed: Copy with GPU GDI,2026-8-20 19:22:05.549119700,5.0650,5.0650,0.0000,0.3331,5.0780,0.4212,4.6568,NA,NA,NA,NA,NA,NA,NA
python.exe,31548,0x0,Other,-1,0,0,Composed: Copy with GPU GDI,2026-8-20 19:22:05.554184700,6.7245,6.7245,0.0000,0.3490,6.7109,0.4170,6.2939,NA,NA,NA,NA,NA,NA,NA
python.exe,31548,0x0,Other,0,0,1,Hardware: Legacy Flip,2026-8-20 19:22:05.560909200,0.4623,0.4623,0.0000,0.3388,0.1352,0.0424,0.0928,3.2833,17.0432,14.9194,16081.8290,NA,NA,NA
python.exe,31548,0x0,Other,-1,0,0,Composed: Copy with GPU GDI,2026-8-20 19:22:05.561371500,5.8668,5.8668,0.0000,0.0117,6.1825,3.1540,3.0285,NA,NA,NA,NA,NA,NA,NA
python.exe,31548,0x0,Other,-1,0,0,Composed: Copy with GPU GDI,2026-8-20 19:22:05.567238300,6.1182,6.1182,0.0000,0.3309,6.1064,0.4018,5.7046,NA,NA,NA,NA,NA,NA,NA
python.exe,31548,0x0,Other,0,0,1,Hardware: Legacy Flip,2026-8-20 19:22:05.573356500,3.7338,3.7338,0.0000,0.3226,3.4235,0.0485,3.3750,7.8792,11.3078,-4.5959,16094.2763,1.2129,NA,NA
python.exe,31548,0x0,Other,-1,0,0,Composed: Copy with GPU GDI,2026-8-20 19:22:05.577090300,1.7221,1.7221,0.0000,0.0123,3.1458,3.1458,0.0000,15.4532,6.2485,-7.5740,16098.0101,NA,NA,NA
python.exe,31548,0x0,Other,-1,0,0,Composed: Copy with GPU GDI,2026-8-20 19:22:05.578812400,8.9989,8.9989,0.0000,1.4405,7.8086,0.3236,7.4850,NA,NA,NA,NA,NA,NA,NA
python.exe,31548,0x0,Other,-1,0,0,Composed: Copy with GPU GDI,2026-8-20 19:22:05.587811300,4.1808,4.1808,0.0000,0.2531,4.2032,0.3535,3.8497,NA,NA,NA,NA,NA,NA,NA
python.exe,31548,0x0,Other,0,0,1,Hardware: Legacy Flip,2026-8-20 19:22:05.591992100,2.7511,2.7511,0.0000,0.2807,2.4827,0.0454,2.4373,6.7999,11.9636,8.6533,16112.9119,1.2240,NA,NA
python.exe,31548,0x0,Other,-1,0,0,Composed: Copy with GPU GDI,2026-8-20 19:22:05.594743200,4.0251,4.0251,0.0000,0.0123,4.3792,3.2228,1.1564,NA,NA,NA,NA,NA,NA,NA
python.exe,31548,0x0,Other,-1,0,0,Composed: Copy with GPU GDI,2026-8-20 19:22:05.598768300,4.2855,4.2855,0.0000,0.3684,4.2785,0.4441,3.8344,11.9873,5.0828,-5.1874,16119.6881,NA,NA,NA
python.exe,31548,0x0,Other,-1,0,0,Composed: Copy with GPU GDI,2026-8-20 19:22:05.603053800,8.2371,8.2371,0.0000,0.3646,8.1922,0.3963,7.7959,NA,NA,NA,NA,NA,NA,NA
python.exe,31548,0x0,Other,0,0,1,Hardware: Legacy Flip,2026-8-20 19:22:05.611290900,0.4100,0.4100,0.0000,0.3225,0.1008,0.0500,0.0508,4.5475,7.0388,7.4398,16132.2107,1.2228,NA,NA
python.exe,31548,0x0,Other,-1,0,0,Composed: Copy with GPU GDI,2026-8-20 19:22:05.611700900,3.0128,3.0128,0.0000,0.0133,3.2113,3.1287,0.0826,11.1763,8.3773,-6.6288,16132.6207,NA,NA,NA
python.exe,31548,0x0,Other,-1,0,0,Composed: Copy with GPU GDI,2026-8-20 19:22:05.614713700,6.9960,6.9960,0.0000,0.2151,7.1550,0.4397,6.7153,NA,NA,NA,NA,NA,NA,NA
python.exe,31548,0x0,Other,-1,0,0,Composed: Copy with GPU GDI,2026-8-20 19:22:05.621709700,5.6645,5.6645,0.0000,0.3774,5.6055,0.4070,5.1985,NA,NA,NA,NA,NA,NA,NA
python.exe,31548,0x0,Other,0,0,1,Hardware: Legacy Flip,2026-8-20 19:22:05.627374200,0.4717,0.4717,0.0000,0.3231,0.1633,0.0542,0.1091,3.8803,15.8978,7.2960,16148.2940,0.6137,NA,NA
python.exe,31548,0x0,Other,-1,0,0,Composed: Copy with GPU GDI,2026-8-20 19:22:05.627845900,6.9245,6.9245,0.0000,0.0147,7.3195,3.2146,4.1049,19.3064,1.9917,-15.4261,16148.7657,NA,NA,NA
python.exe,31548,0x0,Other,-1,0,0,Composed: Copy with GPU GDI,2026-8-20 19:22:05.634770400,8.5423,8.5423,0.0000,0.4144,8.4428,0.3891,8.0537,NA,NA,NA,NA,NA,NA,NA
python.exe,31548,0x0,Other,0,0,1,Hardware: Legacy Flip,2026-8-20 19:22:05.643312700,1.7185,1.7185,0.0000,0.3180,1.4118,0.0670,1.3448,5.8313,16.1481,13.4751,16164.2325,1.2111,NA,NA
python.exe,31548,0x0,Other,-1,0,0,Composed: Copy with GPU GDI,2026-8-20 19:22:05.645031200,1.6512,1.6512,0.0000,0.0113,3.1066,3.1066,0.0000,NA,NA,NA,NA,NA,NA,NA
python.exe,31548,0x0,Other,-1,0,0,Composed: Copy with GPU GDI,2026-8-20 19:22:05.646682400,7.6563,7.6563,0.0000,1.4698,6.5075,0.4022,6.1053,NA,NA,NA,NA,NA,NA,NA
python.exe,31548,0x0,Other,-1,0,0,Composed: Copy with GPU GDI,2026-8-20 19:22:05.654338700,4.1082,4.1082,0.0000,0.3245,4.0823,0.3796,3.7027,NA,NA,NA,NA,NA,NA,NA
python.exe,31548,0x0,Other,0,0,1,Hardware: Legacy Flip,2026-8-20 19:22:05.658446900,2.8208,2.8208,0.0000,0.3019,2.5325,0.0526,2.4799,6.8452,12.1889,-1.0139,16179.3667,1.2248,NA,NA
python.exe,31548,0x0,Other,-1,0,0,Composed: Copy with GPU GDI,2026-8-20 19:22:05.661267700,4.7277,4.7277,0.0000,0.0136,5.0185,3.1223,1.8962,NA,NA,NA,NA,NA,NA,NA
python.exe,31548,0x0,Other,-1,0,0,Composed: Copy with GPU GDI,2026-8-20 19:22:05.665995400,4.0079,4.0079,0.0000,0.3075,4.0084,0.3926,3.6158,11.4856,4.0942,-4.6404,16186.9152,NA,NA,NA
python.exe,31548,0x0,Other,-1,0,0,Composed: Copy with GPU GDI,2026-8-20 19:22:05.670003300,6.1446,6.1446,0.0000,0.3128,6.1643,0.3980,5.7663,NA,NA,NA,NA,NA,NA,NA
python.exe,31548,0x0,Other,0,0,1,Hardware: Legacy Flip,2026-8-20 19:22:05.676147900,1.2974,1.2974,0.0000,0.3357,0.9740,0.0436,0.9304,5.4273,14.1379,6.0583,16197.0677,1.2278,NA,NA
python.exe,31548,0x0,Other,-1,0,0,Composed: Copy with GPU GDI,2026-8-20 19:22:05.677445300,4.0981,4.0981,0.0000,0.0123,4.3088,3.1185,1.1903,18.2678,5.5689,-12.8405,16198.3651,NA,NA,NA
python.exe,31548,0x0,Other,-1,0,0,Composed: Copy with GPU GDI,2026-8-20 19:22:05.681543400,6.5382,6.5382,0.0000,0.2265,6.6567,0.4209,6.2358,NA,NA,NA,NA,NA,NA,NA
python.exe,31548,0x0,Other,-1,0,0,Composed: Copy with GPU GDI,2026-8-20 19:22:05.688081600,6.0568,6.0568,0.0000,0.3477,5.8984,0.2766,5.6218,NA,NA,NA,NA,NA,NA,NA
python.exe,31548,0x0,Other,0,0,1,Hardware: Legacy Flip,2026-8-20 19:22:05.694138400,0.8079,0.8079,0.0000,0.1930,0.6265,0.1088,0.5177,7.1436,12.5985,11.1242,16215.0582,1.2188,NA,NA
python.exe,31548,0x0,Other,-1,0,0,Composed: Copy with GPU GDI,2026-8-20 19:22:05.694946300,5.2336,5.2336,0.0000,0.0116,5.8130,5.7200,0.0930,18.9342,1.8846,-11.7906,16215.8661,NA,NA,NA
python.exe,31548,0x0,Other,-1,0,0,Composed: Copy with GPU GDI,2026-8-20 19:22:05.700179900,6.0228,6.0228,0.0000,0.5940,5.8100,0.4509,5.3591,NA,NA,NA,NA,NA,NA,NA
python.exe,31548,0x0,Other,0,0,1,Hardware: Legacy Flip,2026-8-20 19:22:05.706202700,4.3075,4.3075,0.0000,0.3848,3.9371,0.0484,3.8887,9.5624,10.2496,9.3718,16227.1225,1.2267,NA,NA
python.exe,31548,0x0,Other,-1,0,0,Composed: Copy with GPU GDI,2026-8-20 19:22:05.710510200,2.2721,2.2721,0.0000,0.0144,4.4851,4.4851,0.0000,15.5045,8.1448,-5.9421,16231.4300,NA,NA,NA
python.exe,31548,0x0,Other,-1,0,0,Composed: Copy with GPU GDI,2026-8-20 19:22:05.712782300,7.7310,7.7310,0.0000,2.2293,5.8995,0.4683,5.4312,NA,NA,NA,NA,NA,NA,NA
python.exe,31548,0x0,Other,-1,0,0,Composed: Copy with GPU GDI,2026-8-20 19:22:05.720513300,3.9655,3.9655,0.0000,0.4002,3.9345,0.4453,3.4892,NA,NA,NA,NA,NA,NA,NA
python.exe,31548,0x0,Other,0,0,1,Hardware: Legacy Flip,2026-8-20 19:22:05.724478800,2.8897,2.8897,0.0000,0.3725,2.5303,0.0488,2.4815,9.6807,10.0585,5.8238,16245.3986,1.2175,NA,NA
python.exe,31548,0x0,Other,-1,0,0,Composed: Copy with GPU GDI,2026-8-20 19:22:05.727368500,4.5802,4.5802,0.0000,0.0131,5.9839,5.9839,0.0000,NA,NA,NA,NA,NA,NA,NA
python.exe,31548,0x0,Other,-1,0,0,Composed: Copy with GPU GDI,2026-8-20 19:22:05.731948700,5.0985,5.0985,0.0000,1.4192,4.0254,0.4319,3.5935,12.2693,8.0271,-2.5886,16252.8685,NA,NA,NA
python.exe,31548,0x0,Other,-1,0,0,Composed: Copy with GPU GDI,2026-8-20 19:22:05.737047200,6.7745,6.7745,0.0000,0.3493,6.8903,0.5364,6.3539,NA,NA,NA,NA,NA,NA,NA
python.exe,31548,0x0,Other,0,0,1,Hardware: Legacy Flip,2026-8-20 19:22:05.743821700,1.1806,1.1806,0.0000,0.4681,0.7280,0.0624,0.6656,8.4234,10.1661,3.8459,16264.7415,0.4284,NA,NA
python.exe,31548,0x0,Other,-1,0,0,Composed: Copy with GPU GDI,2026-8-20 19:22:05.745002300,3.2218,3.2218,0.0000,0.0155,4.4230,4.4230,0.0000,17.4089,6.0760,-8.9855,16265.9221,NA,NA,NA
python.exe,31548,0x0,Other,-1,0,0,Composed: Copy with GPU GDI,2026-8-20 19:22:05.748224100,7.1580,7.1580,0.0000,1.2167,6.3822,2.8420,3.5402,20.2631,0.9458,-2.8542,16269.1439,NA,NA,NA
python.exe,31548,0x0,Other,-1,0,0,Composed: Copy with GPU GDI,2026-8-20 19:22:05.755382100,5.6389,5.6389,0.0000,6.1337,2.6461,2.6461,0.0000,NA,NA,NA,NA,NA,NA,NA
python.exe,31548,0x0,Other,0,0,1,Hardware: Legacy Flip,2026-8-20 19:22:05.761021000,0.4825,0.4825,0.0000,0.0000,5.6892,0.5830,5.1062,8.4120,12.0113,11.8511,16281.9408,NA,NA,NA
python.exe,31548,0x0,Other,-1,0,0,Composed: Copy with GPU GDI,2026-8-20 19:22:05.761503500,7.4230,7.4230,0.0000,2.6584,5.9440,5.9440,0.0000,NA,NA,NA,NA,NA,NA,NA
python.exe,31548,0x0,Other,-1,0,0,Composed: Copy with GPU GDI,2026-8-20 19:22:05.768926500,3.9843,3.9843,0.0000,1.1816,3.1861,0.4502,2.7359,NA,NA,NA,NA,NA,NA,NA
python.exe,31548,0x0,Other,0,0,1,Hardware: Legacy Flip,2026-8-20 19:22:05.772910800,4.2652,4.2652,0.0000,0.3863,3.8906,0.0434,3.8472,8.5335,23.4485,-0.1215,16293.8306,0.0531,NA,NA
python.exe,31548,0x0,Other,-1,0,0,Composed: Copy with GPU GDI,2026-8-20 19:22:05.777176000,20.6268,20.6268,0.0000,0.0117,21.3181,4.9564,16.3617,27.7168,4.5926,-19.1833,16298.0958,NA,NA,NA
python.exe,31548,0x0,Other,-1,0,0,Composed: Copy with GPU GDI,2026-8-20 19:22:05.797802800,1.5461,1.5461,0.0000,0.7055,1.1615,0.4098,0.7517,NA,NA,NA,NA,NA,NA,NA
python.exe,31548,0x0,Other,-1,0,0,Composed: Copy with GPU GDI,2026-8-20 19:22:05.799348900,0.4552,0.4552,0.0000,0.3230,0.6063,0.5450,0.0613,NA,NA,NA,NA,NA,NA,NA
python.exe,31548,0x0,Other,-1,0,0,Composed: Copy with GPU GDI,2026-8-20 19:22:05.799804100,3.5674,3.5674,0.0000,0.4766,3.4446,0.4402,3.0044,NA,NA,NA,NA,NA,NA,NA
python.exe,31548,0x0,Other,0,0,1,Hardware: Legacy Flip,2026-8-20 19:22:05.803371500,0.7389,0.7389,0.0000,0.3568,0.4232,0.0783,0.3449,6.1139,6.2143,21.6029,16324.2913,NA,NA,NA
python.exe,31548,0x0,Other,-1,0,0,Composed: Copy with GPU GDI,2026-8-20 19:22:05.804110400,5.5202,5.5202,0.0000,0.0411,5.8698,5.7291,0.1407,NA,NA,NA,NA,NA,NA,NA
python.exe,31548,0x0,Other,0,0,1,Hardware: Legacy Flip,2026-8-20 19:22:05.809630600,0.9484,0.9484,0.0000,0.3941,0.5660,0.0444,0.5216,6.0691,13.4499,0.0448,16330.5504,NA,NA,NA
python.exe,31548,0x0,Other,-1,0,0,Composed: Copy with GPU GDI,2026-8-20 19:22:05.810579000,4.8490,4.8490,0.0000,0.0117,5.8136,5.8136,0.0000,18.5706,3.6365,-12.5015,16331.4988,NA,NA,NA
python.exe,31548,0x0,Other,-1,0,0,Composed: Copy with GPU GDI,2026-8-20 19:22:05.815428000,6.0854,6.0854,0.0000,0.9795,7.6990,2.6581,5.0409,NA,NA,NA,NA,NA,NA,NA
python.exe,31548,0x0,Other,0,0,1,Hardware: Legacy Flip,2026-8-20 19:22:05.821513400,5.8434,5.8434,0.0000,2.5956,3.2599,0.0535,3.2064,11.2727,14.5805,7.2979,16342.4332,NA,NA,NA
python.exe,31548,0x0,Other,-1,0,0,Composed: Copy with GPU GDI,2026-8-20 19:22:05.827356800,0.7008,0.7008,0.0000,0.0121,4.0975,4.0975,0.0000,NA,NA,NA,NA,NA,NA,NA
python.exe,31548,0x0,Other,-1,0,0,Composed: Copy with GPU GDI,2026-8-20 19:22:05.828057600,5.6541,5.6541,0.0000,3.4088,2.8354,1.9094,0.9260,19.3090,1.6688,-8.0363,16348.9774,NA,NA,NA
python.exe,31548,0x0,Other,-1,0,0,Composed: Copy with GPU GDI,2026-8-20 19:22:05.833711700,9.3445,9.3445,0.0000,10.1567,0.4812,0.4812,0.0000,NA,NA,NA,NA,NA,NA,NA
python.exe,31548,0x0,Other,0,0,1,Hardware: Legacy Flip,2026-8-20 19:22:05.843056200,0.8004,0.8004,0.0000,0.0000,9.5643,0.8799,8.6844,5.9792,16.5143,13.3298,16363.9760,NA,NA,NA
python.exe,31548,0x0,Other,-1,0,0,Composed: Copy with GPU GDI,2026-8-20 19:22:05.843856600,1.7738,1.7738,0.0000,0.4930,4.0589,4.0589,0.0000,21.6931,0.9439,-15.7139,16364.7764,NA,NA,NA
python.exe,31548,0x0,Other,-1,0,0,Composed: Copy with GPU GDI,2026-8-20 19:22:05.845630400,8.6557,8.6557,0.0000,2.7781,6.4618,1.2214,5.2404,NA,NA,NA,NA,NA,NA,NA
python.exe,31548,0x0,Other,-1,0,0,Composed: Copy with GPU GDI,2026-8-20 19:22:05.854286100,4.4589,4.4589,0.0000,0.5861,4.3243,0.5224,3.8019,NA,NA,NA,NA,NA,NA,NA
python.exe,31548,0x0,Other,0,0,1,Hardware: Legacy Flip,2026-8-20 19:22:05.858745000,1.8137,1.8137,0.0000,0.4549,1.3715,0.0456,1.3259,7.7486,11.1971,13.9445,16379.6648,NA,NA,NA
python.exe,31548,0x0,Other,-1,0,0,Composed: Copy with GPU GDI,2026-8-20 19:22:05.860558700,4.6102,4.6102,0.0000,0.0127,6.3777,6.3777,0.0000,NA,NA,NA,NA,NA,NA,NA
python.exe,31548,0x0,Other,-1,0,0,Composed: Copy with GPU GDI,2026-8-20 19:22:05.865168900,4.7280,4.7280,0.0000,1.7828,3.2937,0.4353,2.8584,12.5218,5.9713,-4.7732,16386.0887,NA,NA,NA
python.exe,31548,0x0,Other,-1,0,0,Composed: Copy with GPU GDI,2026-8-20 19:22:05.869896900,6.6861,6.6861,0.0000,0.3522,6.7381,0.4727,6.2654,NA,NA,NA,NA,NA,NA,NA
python.exe,31548,0x0,Other,0,0,1,Hardware: Legacy Flip,2026-8-20 19:22:05.876583000,1.0105,1.0105,0.0000,0.4070,0.6150,0.0423,0.5727,7.0790,12.2191,5.4428,16397.5028,1.0762,NA,NA
python.exe,31548,0x0,Other,-1,0,0,Composed: Copy with GPU GDI,2026-8-20 19:22:05.877593500,4.8077,4.8077,0.0000,0.0115,5.7715,5.7715,0.0000,18.2876,2.1207,-11.2086,16398.5133,NA,NA,NA
python.exe,31548,0x0,Other,-1,0,0,Composed: Copy with GPU GDI,2026-8-20 19:22:05.882401200,5.5356,5.5356,0.0000,0.9784,4.9353,0.4568,4.4785,NA,NA,NA,NA,NA,NA,NA
python.exe,31548,0x0,Other,-1,0,0,Composed: Copy with GPU GDI,2026-8-20 19:22:05.887936800,5.5535,5.5535,0.0000,0.3809,5.5915,0.4996,5.0919,NA,NA,NA,NA,NA,NA,NA
python.exe,31548,0x0,Other,0,0,1,Hardware: Legacy Flip,2026-8-20 19:22:05.893490300,1.2207,1.2207,0.0000,0.4231,0.8090,0.0440,0.7650,4.5115,16.0822,13.7761,16414.4101,NA,NA,NA
python.exe,31548,0x0,Other,-1,0,0,Composed: Copy with GPU GDI,2026-8-20 19:22:05.894711000,5.8066,5.8066,0.0000,0.0114,6.1648,3.6761,2.4887,19.3730,1.2727,-14.8615,16415.6308,NA,NA,NA
python.exe,31548,0x0,Other,-1,0,0,Composed: Copy with GPU GDI,2026-8-20 19:22:05.900517600,6.0456,6.0456,0.0000,0.3732,6.0044,0.4114,5.5930,NA,NA,NA,NA,NA,NA,NA
python.exe,31548,0x0,Other,0,0,1,Hardware: Legacy Flip,2026-8-20 19:22:05.906563200,4.4521,4.4521,0.0000,0.3363,4.1286,0.0510,4.0776,8.7935,10.8637,10.5795,16427.4830,1.0808,NA,NA
python.exe,31548,0x0,Other,-1,0,0,Composed: Copy with GPU GDI,2026-8-20 19:22:05.911015300,2.0600,2.0600,0.0000,0.0128,3.7463,3.7463,0.0000,15.2051,6.4229,-6.4116,16431.9351,NA,NA,NA
python.exe,31548,0x0,Other,-1,0,0,Composed: Copy with GPU GDI,2026-8-20 19:22:05.913075300,7.8319,7.8319,0.0000,1.7027,6.7322,0.6819,6.0503,NA,NA,NA,NA,NA,NA,NA
python.exe,31548,0x0,Other,-1,0,0,Composed: Copy with GPU GDI,2026-8-20 19:22:05.920907200,4.2863,4.2863,0.0000,0.6053,4.0250,0.4264,3.5986,NA,NA,NA,NA,NA,NA,NA
python.exe,31548,0x0,Other,0,0,1,Hardware: Legacy Flip,2026-8-20 19:22:05.925193500,3.2221,3.2221,0.0000,0.3483,2.8856,0.0442,2.8414,7.4498,11.7799,7.7553,16446.1133,1.0758,NA,NA
python.exe,31548,0x0,Other,-1,0,0,Composed: Copy with GPU GDI,2026-8-20 19:22:05.928415600,3.7011,3.7011,0.0000,0.0118,4.1230,3.5860,0.5370,NA,NA,NA,NA,NA,NA,NA
python.exe,31548,0x0,Other,-1,0,0,Composed: Copy with GPU GDI,2026-8-20 19:22:05.932116700,4.0966,4.0966,0.0000,0.4375,3.9760,0.3961,3.5799,12.3065,5.5906,-4.8567,16453.0365,NA,NA,NA
python.exe,31548,0x0,Other,-1,0,0,Composed: Copy with GPU GDI,2026-8-20 19:22:05.936213300,7.0030,7.0030,0.0000,0.3219,7.0275,0.4138,6.6137,NA,NA,NA,NA,NA,NA,NA
python.exe,31548,0x0,Other,0,0,1,Hardware: Legacy Flip,2026-8-20 19:22:05.943216300,1.1967,1.1967,0.0000,0.3492,0.9272,0.1158,0.8114,6.7975,12.6133,5.5090,16464.1361,1.0841,NA,NA
python.exe,31548,0x0,Other,-1,0,0,Composed: Copy with GPU GDI,2026-8-20 19:22:05.944413000,4.2712,4.2712,0.0000,0.0797,5.1173,5.1173,0.0000,18.2141,1.5841,-11.4166,16465.3328,NA,NA,NA
python.exe,31548,0x0,Other,-1,0,0,Composed: Copy with GPU GDI,2026-8-20 19:22:05.948684200,6.0990,6.0990,0.0000,0.9286,5.4912,0.3966,5.0946,NA,NA,NA,NA,NA,NA,NA
python.exe,31548,0x0,Other,0,0,1,Hardware: Legacy Flip,2026-8-20 19:22:05.954783200,5.3554,5.3554,0.0000,0.3253,5.0430,0.0482,4.9948,9.4280,10.5402,8.7861,16475.7030,NA,NA,NA
python.exe,31548,0x0,Other,-1,0,0,Composed: Copy with GPU GDI,2026-8-20 19:22:05.960138600,0.5992,0.5992,0.0000,0.0129,3.4870,3.4870,0.0000,NA,NA,NA,NA,NA,NA,NA
python.exe,31548,0x0,Other,-1,0,0,Composed: Copy with GPU GDI,2026-8-20 19:22:05.960737800,7.6251,7.6251,0.0000,2.9007,5.0718,0.9520,4.1198,14.0136,6.5922,-4.5856,16481.6576,NA,NA,NA
python.exe,31548,0x0,Other,-1,0,0,Composed: Copy with GPU GDI,2026-8-20 19:22:05.968362900,4.5132,4.5132,0.0000,0.3506,4.4911,0.4100,4.0811,NA,NA,NA,NA,NA,NA,NA
python.exe,31548,0x0,Other,0,0,1,Hardware: Legacy Flip,2026-8-20 19:22:05.972876100,4.1840,4.1840,0.0000,0.3332,3.8621,0.0451,3.8170,8.4675,11.6051,5.5461,16493.7959,1.0772,NA,NA
python.exe,31548,0x0,Other,-1,0,0,Composed: Copy with GPU GDI,2026-8-20 19:22:05.977060100,2.7537,2.7537,0.0000,0.0113,3.6760,3.6760,0.0000,15.8886,6.0750,-7.4211,16497.9799,NA,NA,NA
python.exe,31548,0x0,Other,-1,0,0,Composed: Copy with GPU GDI,2026-8-20 19:22:05.979813800,7.7880,7.7880,0.0000,0.9369,7.3909,0.6164,6.7745,NA,NA,NA,NA,NA,NA,NA
python.exe,31548,0x0,Other,-1,0,0,Composed: Copy with GPU GDI,2026-8-20 19:22:05.987601800,3.3432,3.3432,0.0000,0.5433,3.0625,0.3422,2.7203,11.4219,1.5934,4.4667,16508.5216,NA,NA,NA
python.exe,31548,0x0,Other,0,0,1,Hardware: Legacy Flip,2026-8-20 19:22:05.990945000,3.8991,3.8991,0.0000,0.2651,3.6514,0.0699,3.5815,9.6721,10.5443,1.7498,16511.8648,1.0919,NA,NA
python.exe,31548,0x0,Other,-1,0,0,Composed: Copy with GPU GDI,2026-8-20 19:22:05.994844100,4.3678,4.3678,0.0000,0.0174,5.0559,5.0559,0.0000,NA,NA,NA,NA,NA,NA,NA
python.exe,31548,0x0,Other,-1,0,0,Composed: Copy with GPU GDI,2026-8-20 19:22:05.999211900,3.8519,3.8519,0.0000,0.7095,3.5090,0.4450,3.0640,11.9495,5.3762,-2.2774,16520.1317,NA,NA,NA
python.exe,31548,0x0,Other,-1,0,0,Composed: Copy with GPU GDI,2026-8-20 19:22:06.003063800,7.6433,7.6433,0.0000,0.3694,7.6136,0.4277,7.1859,NA,NA,NA,NA,NA,NA,NA
python.exe,31548,0x0,Other,0,0,1,Hardware: Legacy Flip,2026-8-20 19:22:06.010707100,0.4295,0.4295,0.0000,0.3430,0.1007,0.0532,0.0475,5.8305,12.8233,6.1190,16531.6269,1.0685,NA,NA
python.exe,31548,0x0,Other,-1,0,0,Composed: Copy with GPU GDI,2026-8-20 19:22:06.011136600,5.9778,5.9778,0.0000,0.0142,6.5174,4.8879,1.6295,NA,NA,NA,NA,NA,NA,NA
python.exe,31548,0x0,Other,-1,0,0,Composed: Copy with GPU GDI,2026-8-20 19:22:06.017114400,4.5595,4.5595,0.0000,0.5562,4.4228,0.4978,3.9250,12.2465,1.7268,-6.4160,16538.0342,NA,NA,NA
python.exe,31548,0x0,Other,-1,0,0,Composed: Copy with GPU GDI,2026-8-20 19:22:06.021673900,5.5211,5.5211,0.0000,0.4239,5.5769,0.5499,5.0270,NA,NA,NA,NA,NA,NA,NA
python.exe,31548,0x0,Other,0,0,1,Hardware: Legacy Flip,2026-8-20 19:22:06.027195000,0.7597,0.7597,0.0000,0.4828,0.2906,0.0518,0.2388,3.8927,16.4610,8.3538,16548.1148,NA,NA,NA
python.exe,31548,0x0,Other,-1,0,0,Composed: Copy with GPU GDI,2026-8-20 19:22:06.027954700,5.4128,5.4128,0.0000,0.0137,5.9571,3.6885,2.2686,19.5940,3.9299,-15.7013,16548.8745,NA,NA,NA
python.exe,31548,0x0,Other,-1,0,0,Composed: Copy with GPU GDI,2026-8-20 19:22:06.033367500,6.0782,6.0782,0.0000,0.5609,5.8638,0.4291,5.4347,NA,NA,NA,NA,NA,NA,NA
python.exe,31548,0x0,Other,0,0,1,Hardware: Legacy Flip,2026-8-20 19:22:06.039445700,5.4568,5.4568,0.0000,0.3491,5.1206,0.0472,5.0734,12.0329,8.1971,7.5611,16560.3655,1.0776,NA,NA
python.exe,31548,0x0,Other,-1,0,0,Composed: Copy with GPU GDI,2026-8-20 19:22:06.044902500,1.5657,1.5657,0.0000,0.0129,4.2197,4.2197,0.0000,14.7732,6.0721,-2.7403,16565.8223,NA,NA,NA
python.exe,31548,0x0,Other,-1,0,0,Composed: Copy with GPU GDI,2026-8-20 19:22:06.046468200,8.0698,8.0698,0.0000,2.6669,5.9092,1.8067,4.1025,NA,NA,NA,NA,NA,NA,NA
python.exe,31548,0x0,Other,-1,0,0,Composed: Copy with GPU GDI,2026-8-20 19:22:06.054538000,4.0348,4.0348,0.0000,0.5098,3.8817,0.4417,3.4400,11.2098,1.5745,3.5634,16575.4578,NA,NA,NA
python.exe,31548,0x0,Other,0,0,1,Hardware: Legacy Flip,2026-8-20 19:22:06.058572800,2.8093,2.8093,0.0000,0.3616,2.4610,0.0529,2.4081,8.7495,10.5798,2.4603,16579.4926,1.0835,NA,NA
python.exe,31548,0x0,Other,-1,0,0,Composed: Copy with GPU GDI,2026-8-20 19:22:06.061382100,5.7741,5.7741,0.0000,0.0133,6.2074,5.3277,0.8797,NA,NA,NA,NA,NA,NA,NA
python.exe,31548,0x0,Other,-1,0,0,Composed: Copy with GPU GDI,2026-8-20 19:22:06.067156200,2.4578,2.4578,0.0000,0.4497,2.3619,0.4229,1.9390,10.7459,5.7658,-1.9964,16588.0760,NA,NA,NA
python.exe,31548,0x0,Other,-1,0,0,Composed: Copy with GPU GDI,2026-8-20 19:22:06.069614000,7.5969,7.5969,0.0000,8.0024,0.1934,0.1934,0.0000,NA,NA,NA,NA,NA,NA,NA
python.exe,31548,0x0,Other,0,0,1,Hardware: Legacy Flip,2026-8-20 19:22:06.077210900,0.3934,0.3934,0.0000,0.0000,7.6459,0.4875,7.1584,6.4570,12.4162,4.2889,16598.1307,1.0633,NA,NA
python.exe,31548,0x0,Other,-1,0,0,Composed: Copy with GPU GDI,2026-8-20 19:22:06.077604300,4.1400,4.1400,0.0000,0.2055,5.7187,5.7187,0.0000,18.4798,5.0142,-12.0228,16598.5241,NA,NA,NA
python.exe,31548,0x0,Other,-1,0,0,Composed: Copy with GPU GDI,2026-8-20 19:22:06.081744300,6.5704,6.5704,0.0000,1.7862,5.1950,0.4925,4.7025,NA,NA,NA,NA,NA,NA,NA
python.exe,31548,0x0,Other,-1,0,0,Composed: Copy with GPU GDI,2026-8-20 19:22:06.088314700,6.7419,6.7419,0.0000,7.1751,0.1065,0.1065,0.0000,NA,NA,NA,NA,NA,NA,NA
python.exe,31548,0x0,Other,0,0,1,Hardware: Legacy Flip,2026-8-20 19:22:06.095056600,0.4208,0.4208,0.0000,0.0000,6.7598,0.5162,6.2436,6.0417,14.0696,12.4381,16615.9764,1.0836,NA,NA
python.exe,31548,0x0,Other,-1,0,0,Composed: Copy with GPU GDI,2026-8-20 19:22:06.095477400,4.9517,4.9517,0.0000,0.1189,5.2085,4.8275,0.3810,NA,NA,NA,NA,NA,NA,NA
python.exe,31548,0x0,Other,-1,0,0,Composed: Copy with GPU GDI,2026-8-20 19:22:06.100429100,6.0451,6.0451,0.0000,0.3792,5.9764,0.3992,5.5772,NA,NA,NA,NA,NA,NA,NA
python.exe,31548,0x0,Other,0,0,1,Hardware: Legacy Flip,2026-8-20 19:22:06.106474200,4.8098,4.8098,0.0000,0.3149,4.5078,0.0479,4.4599,8.6937,11.2491,-2.6520,16627.3940,1.0881,NA,NA
python.exe,31548,0x0,Other,-1,0,0,Composed: Copy with GPU GDI,2026-8-20 19:22:06.111284000,2.1316,2.1316,0.0000,0.0129,3.2143,3.2143,0.0000,15.1330,6.9274,-6.4393,16632.2038,NA,NA,NA
python.exe,31548,0x0,Other,-1,0,0,Composed: Copy with GPU GDI,2026-8-20 19:22:06.113415600,7.7178,7.7178,0.0000,1.1004,7.0891,0.5522,6.5369,NA,NA,NA,NA,NA,NA,NA
python.exe,31548,0x0,Other,-1,0,0,Composed: Copy with GPU GDI,2026-8-20 19:22:06.121133400,2.8454,2.8454,0.0000,0.4747,2.7427,0.4386,2.3041,NA,NA,NA,NA,NA,NA,NA
python.exe,31548,0x0,Other,0,0,1,Hardware: Legacy Flip,2026-8-20 19:22:06.123978800,3.6226,3.6226,0.0000,0.3747,3.2606,0.0484,3.2122,9.3656,11.2661,5.7674,16644.8986,1.0856,NA,NA
python.exe,31548,0x0,Other,-1,0,0,Composed: Copy with GPU GDI,2026-8-20 19:22:06.127601400,4.4214,4.4214,0.0000,0.0127,5.3559,5.3559,0.0000,NA,NA,NA,NA,NA,NA,NA
python.exe,31548,0x0,Other,-1,0,0,Composed: Copy with GPU GDI,2026-8-20 19:22:06.132022800,5.1566,5.1566,0.0000,0.9503,4.8026,0.6790,4.1236,12.5877,4.8515,-3.2221,16652.9426,NA,NA,NA
python.exe,31548,0x0,Other,-1,0,0,Composed: Copy with GPU GDI,2026-8-20 19:22:06.137179400,6.6243,6.6243,0.0000,0.5991,6.3829,0.4339,5.9490,NA,NA,NA,NA,NA,NA,NA
python.exe,31548,0x0,Other,0,0,1,Hardware: Legacy Flip,2026-8-20 19:22:06.143803700,0.4467,0.4467,0.0000,0.3612,0.0986,0.0501,0.0485,5.6583,13.3522,6.9294,16664.7235,1.0698,NA,NA
python.exe,31548,0x0,Other,-1,0,0,Composed: Copy with GPU GDI,2026-8-20 19:22:06.144250400,5.9526,5.9526,0.0000,0.0131,6.5119,4.7081,1.8038,18.5638,6.1581,-12.9055,16665.1702,NA,NA,NA
python.exe,31548,0x0,Other,-1,0,0,Composed: Copy with GPU GDI,2026-8-20 19:22:06.150203000,4.0168,4.0168,0.0000,0.5767,3.8796,0.5070,3.3726,NA,NA,NA,NA,NA,NA,NA
python.exe,31548,0x0,Other,-1,0,0,Composed: Copy with GPU GDI,2026-8-20 19:22:06.154219800,6.8554,6.8554,0.0000,7.2912,2.2523,2.2523,0.0000,NA,NA,NA,NA,NA,NA,NA
python.exe,31548,0x0,Other,0,0,1,Hardware: Legacy Flip,2026-8-20 19:22:06.161075200,0.4239,0.4239,0.0000,0.0000,6.8486,0.5223,6.3263,7.8971,5.9755,10.6667,16681.9950,1.0635,NA,NA
python.exe,31548,0x0,Other,-1,0,0,Composed: Copy with GPU GDI,2026-8-20 19:22:06.161499100,5.4130,5.4130,0.0000,2.2642,4.7721,4.7721,0.0000,13.4487,5.5595,-5.5516,16682.4189,NA,NA,NA
python.exe,31548,0x0,Other,-1,0,0,Composed: Copy with GPU GDI,2026-8-20 19:22:06.166912100,6.1967,6.1967,0.0000,1.6261,4.9041,0.4236,4.4805,NA,NA,NA,NA,NA,NA,NA
python.exe,31548,0x0,Other,0,0,1,Hardware: Legacy Flip,2026-8-20 19:22:06.173108800,4.1642,4.1642,0.0000,0.3379,3.8393,0.0481,3.7912,7.3985,12.6365,6.0502,16694.0286,NA,NA,NA
python.exe,31548,0x0,Other,-1,0,0,Composed: Copy with GPU GDI,2026-8-20 19:22:06.177273000,2.1672,2.1672,0.0000,0.0130,3.6625,3.6625,0.0000,15.8708,6.0724,-8.4723,16698.1928,NA,NA,NA
python.exe,31548,0x0,Other,-1,0,0,Composed: Copy with GPU GDI,2026-8-20 19:22:06.179440200,8.0377,8.0377,0.0000,1.5118,6.8996,0.5028,6.3968,NA,NA,NA,NA,NA,NA,NA
python.exe,31548,0x0,Other,-1,0,0,Composed: Copy with GPU GDI,2026-8-20 19:22:06.187477900,4.1828,4.1828,0.0000,0.3769,4.1193,0.3988,3.7205,11.7383,1.2925,4.1325,16708.3977,NA,NA,NA
python.exe,31548,0x0,Other,0,0,1,Hardware: Legacy Flip,2026-8-20 19:22:06.191660700,3.3803,3.3803,0.0000,0.3187,3.0752,0.0525,3.0227,8.8480,10.8396,2.8903,16712.5805,1.0895,NA,NA
python.exe,31548,0x0,Other,-1,0,0,Composed: Copy with GPU GDI,2026-8-20 19:22:06.195041000,4.0794,4.0794,0.0000,0.0136,4.9191,4.9191,0.0000,NA,NA,NA,NA,NA,NA,NA
python.exe,31548,0x0,Other,-1,0,0,Composed: Copy with GPU GDI,2026-8-20 19:22:06.199120400,3.6072,3.6072,0.0000,0.8560,3.0659,0.3977,2.6682,12.2279,2.2304,-3.3799,16720.0402,NA,NA,NA
python.exe,31548,0x0,Other,0,0,1,Hardware: Legacy Flip,2026-8-20 19:22:06.202727600,7.7251,7.7251,0.0000,0.3195,7.4183,0.0479,7.3704,10.8511,9.9044,1.3768,16723.6474,0.4264,NA,NA
python.exe,31548,0x0,Other,-1,0,0,Composed: Copy with GPU GDI,2026-8-20 19:22:06.210452700,0.7097,0.7097,0.0000,0.0127,2.9547,2.9547,0.0000,NA,NA,NA,NA,NA,NA,NA
python.exe,31548,0x0,Other,-1,0,0,Composed: Copy with GPU GDI,2026-8-20 19:22:06.211162400,4.0247,4.0247,0.0000,2.2601,2.1033,0.4062,1.6971,12.3207,7.6089,-1.4696,16732.0822,NA,NA,NA
python.exe,31548,0x0,Other,-1,0,0,Composed: Copy with GPU GDI,2026-8-20 19:22:06.215187100,6.4375,6.4375,0.0000,0.3419,6.6694,0.6674,6.0020,NA,NA,NA,NA,NA,NA,NA
python.exe,31548,0x0,Other,0,0,1,Hardware: Legacy Flip,2026-8-20 19:22:06.221624600,5.3888,5.3888,0.0000,0.5782,4.8230,0.0453,4.7777,9.4674,10.5911,2.8533,16742.5444,0.2751,NA,NA
python.exe,31548,0x0,Other,-1,0,0,Composed: Copy with GPU GDI,2026-8-20 19:22:06.227013400,0.2760,0.2760,0.0000,0.0124,3.2183,3.2183,0.0000,NA,NA,NA,NA,NA,NA,NA
python.exe,31548,0x0,Other,-1,0,0,Composed: Copy with GPU GDI,2026-8-20 19:22:06.227289400,6.0720,6.0720,0.0000,2.9547,3.4208,0.9026,2.5182,14.3937,12.1403,-4.9263,16748.2092,NA,NA,NA
