Application,ProcessID,SwapChainAddress,PresentRuntime,SyncInterval,PresentFlags,AllowsTearing,PresentMode,CPUStartDateTime,FrameTime,CPUBusy,CPUWait,GPULatency,GPUTime,GPUBusy,GPUWait,DisplayLatency,DisplayedTime,AnimationError,AnimationTime,MsFlipDelay,AllInputToPhotonLatency,ClickToPhotonLatency
python.exe,15928,0x0,Other,-1,0,0,Composed: Copy with GPU GDI,2026-8-20 18:33:16.451413000,0.5644,0.5644,0.0000,0.4968,0.4288,0.3314,0.0974,NA,NA,NA,NA,NA,NA,NA
python.exe,15928,0x0,Other,-1,0,0,Composed: Copy with GPU GDI,2026-8-20 18:33:16.451977400,0.4274,0.4274,0.0000,0.3586,0.5214,0.4081,0.1133,NA,NA,NA,NA,NA,NA,NA
python.exe,15928,0x0,Other,-1,0,0,Composed: Copy with GPU GDI,2026-8-20 18:33:16.452404800,0.5224,0.5224,0.0000,0.4507,0.4356,0.3327,0.1029,NA,NA,NA,NA,NA,NA,NA
python.exe,15928,0x0,Other,-1,0,0,Composed: Copy with GPU GDI,2026-8-20 18:33:16.452927200,0.4264,0.4264,0.0000,0.3614,0.4223,0.3397,0.0826,NA,NA,NA,NA,NA,NA,NA
python.exe,15928,0x0,Other,-1,0,0,Composed: Copy with GPU GDI,2026-8-20 18:33:16.453353600,0.4133,0.4133,0.0000,0.3555,0.4214,0.3369,0.0845,NA,NA,NA,NA,NA,NA,NA
python.exe,15928,0x0,Other,-1,0,0,Composed: Copy with GPU GDI,2026-8-20 18:33:16.453766900,0.4242,0.4242,0.0000,0.3611,0.4192,0.3393,0.0799,NA,NA,NA,NA,NA,NA,NA
python.exe,15928,0x0,Other,-1,0,0,Composed: Copy with GPU GDI,2026-8-20 18:33:16.454191100,0.8383,0.8383,0.0000,0.3543,0.9493,0.3795,0.5698,13.8773,1358.8627,NA,1368.1352,NA,NA,NA
python.exe,15928,0x0,Other,-1,0,0,Composed: Copy with GPU GDI,2026-8-20 18:33:16.455029400,1355.7355,1355.7355,0.0000,0.4586,1356.8962,3.6825,1353.2137,1371.9017,30.3582,-1358.0244,1368.9735,NA,NA,NA
python.exe,15928,0x0,Other,-1,0,0,Composed: Copy with GPU GDI,2026-8-20 18:33:17.810764900,36.1230,36.1230,0.0000,1.6223,34.9727,2.2030,32.7697,46.5244,78.8598,1325.3773,2724.7090,NA,NA,NA
python.exe,15928,0x0,Other,-1,0,0,Composed: Copy with GPU GDI,2026-8-20 18:33:17.846887900,80.2461,80.2461,0.0000,0.4779,80.2509,4.3584,75.8925,89.2612,47.2450,-42.7368,2760.8320,NA,NA,NA
python.exe,15928,0x0,Other,-1,0,0,Composed: Copy with GPU GDI,2026-8-20 18:33:17.927134000,34.7016,34.7016,0.0000,0.4850,35.8554,5.2312,30.6242,56.2601,25.5450,33.0011,2841.0781,NA,NA,NA
python.exe,15928,0x0,Other,-1,0,0,Composed: Copy with GPU GDI,2026-8-20 18:33:17.961835600,35.6710,35.6710,0.0000,1.6419,34.1211,5.5742,28.5469,47.1035,124.4573,9.1566,2875.7797,NA,NA,NA
python.exe,15928,0x0,Other,-1,0,0,Composed: Copy with GPU GDI,2026-8-20 18:33:17.997506600,114.7264,114.7264,0.0000,0.0910,114.7470,0.5177,114.2293,135.8898,997.8576,-88.7863,2911.4507,NA,NA,NA
python.exe,15928,0x0,Other,-1,0,0,Composed: Copy with GPU GDI,2026-8-20 18:33:18.112233000,1007.9897,1007.9897,0.0000,0.1181,1008.2803,3.8702,1004.4101,1019.0210,12.2317,-883.1312,3026.1771,NA,NA,NA
python.exe,15928,0x0,Other,-1,0,0,Composed: Copy with GPU GDI,2026-8-20 18:33:19.120222700,10.3287,10.3287,0.0000,0.4110,9.9929,0.2669,9.7260,23.2630,89.9051,995.7580,4034.1668,NA,NA,NA
python.exe,15928,0x0,Other,-1,0,0,Composed: Copy with GPU GDI,2026-8-20 18:33:19.130551400,89.1182,89.1182,0.0000,0.0808,89.1548,7.5866,81.5682,102.8394,1.0091,-79.5764,4044.4955,NA,NA,NA
python.exe,15928,0x0,Other,-1,0,0,Composed: Copy with GPU GDI,2026-8-20 18:33:19.219669600,3.6105,3.6105,0.0000,0.1205,3.9317,0.8044,3.1273,14.7303,24.2698,88.1091,4133.6137,NA,NA,NA
python.exe,15928,0x0,Other,-1,0,0,Composed: Copy with GPU GDI,2026-8-20 18:33:19.223280100,19.5099,19.5099,0.0000,0.4481,20.8307,6.6201,14.2106,NA,NA,-20.6593,4137.2242,NA,NA,NA
python.exe,15928,0x0,Other,-1,0,0,Composed: Copy with GPU GDI,2026-8-20 18:33:19.242790000,8.0634,8.0634,0.0000,1.7725,7.0921,1.1477,5.9444,15.8797,88.6954,NA,4156.7341,NA,NA,NA
python.exe,15928,0x0,Other,0,0,1,Hardware: Legacy Flip,2026-8-20 18:33:19.250853400,94.9817,94.9817,0.0000,0.8030,95.3025,1.2974,94.0051,96.5117,14.4534,-80.6320,4164.7975,0.4062,NA,NA
python.exe,15928,0x0,Other,-1,0,0,Composed: Copy with GPU GDI,2026-8-20 18:33:19.345835100,8.2532,8.2532,0.0000,1.1238,7.4962,1.2026,6.2936,15.9834,7.9069,80.5283,4259.7792,NA,NA,NA
python.exe,15928,0x0,Other,0,0,1,Hardware: Legacy Flip,2026-8-20 18:33:19.354088300,15.0574,15.0574,0.0000,0.3702,14.7640,4.1642,10.5998,15.6371,18.9713,0.3463,4268.0324,NA,NA,NA
python.exe,15928,0x0,Other,0,0,1,Hardware: Legacy Flip,2026-8-20 18:33:19.369145700,18.7474,18.7474,0.0000,0.0768,18.7585,6.0068,12.7517,19.5510,11.8425,-3.9139,4283.0898,NA,NA,NA
python.exe,15928,0x0,Other,-1,0,0,Composed: Copy with GPU GDI,2026-8-20 18:33:19.387893100,6.6068,6.6068,0.0000,0.0879,6.5995,2.3115,4.2880,NA,NA,NA,NA,NA,NA,NA
python.exe,15928,0x0,Other,-1,0,0,Composed: Copy with GPU GDI,2026-8-20 18:33:19.394499900,1.6558,1.6558,0.0000,0.0854,1.6311,0.1872,1.4439,NA,NA,NA,NA,NA,NA,NA
python.exe,15928,0x0,Other,0,0,1,Hardware: Legacy Flip,2026-8-20 18:33:19.396155700,3.9766,3.9766,0.0000,0.0636,3.9647,2.0445,1.9202,4.3835,6.8795,15.1675,4310.0998,NA,NA,NA
python.exe,15928,0x0,Other,-1,0,0,Composed: Copy with GPU GDI,2026-8-20 18:33:19.400132300,1.4627,1.4627,0.0000,0.0517,1.4916,0.7026,0.7890,NA,NA,NA,NA,NA,NA,NA
python.exe,15928,0x0,Other,0,0,1,Hardware: Legacy Flip,2026-8-20 18:33:19.401595000,3.4245,3.4245,0.0000,0.0841,3.3528,0.2386,3.1142,5.8237,14.5194,-1.4402,4315.5391,NA,NA,NA
python.exe,15928,0x0,Other,-1,0,0,Composed: Copy with GPU GDI,2026-8-20 18:33:19.405019500,1.8932,1.8932,0.0000,0.0124,2.8687,2.8687,0.0000,NA,NA,NA,NA,NA,NA,NA
python.exe,15928,0x0,Other,-1,0,0,Composed: Copy with GPU GDI,2026-8-20 18:33:19.406912700,4.9438,4.9438,0.0000,0.9899,4.1512,0.3518,3.7994,NA,NA,NA,NA,NA,NA,NA
python.exe,15928,0x0,Other,-1,0,0,Composed: Copy with GPU GDI,2026-8-20 18:33:19.411856500,6.4920,6.4920,0.0000,0.2010,6.4296,0.3325,6.0971,NA,NA,NA,NA,NA,NA,NA
python.exe,15928,0x0,Other,0,0,1,Hardware: Legacy Flip,2026-8-20 18:33:19.418348500,1.6171,1.6171,0.0000,0.1428,1.5186,0.2681,1.2505,3.5896,18.5079,2.2341,4332.2926,NA,NA,NA
python.exe,15928,0x0,Other,-1,0,0,Composed: Copy with GPU GDI,2026-8-20 18:33:19.419965600,6.0386,6.0386,0.0000,0.0443,6.1209,2.6759,3.4450,NA,NA,NA,NA,NA,NA,NA
python.exe,15928,0x0,Other,-1,0,0,Composed: Copy with GPU GDI,2026-8-20 18:33:19.426004200,4.1493,4.1493,0.0000,0.1299,4.2056,0.3271,3.8785,NA,NA,NA,NA,NA,NA,NA
python.exe,15928,0x0,Other,0,0,1,Hardware: Legacy Flip,2026-8-20 18:33:19.430153500,8.2157,8.2157,0.0000,0.1912,8.0824,0.6527,7.4297,10.2925,12.3590,-6.7029,4344.0976,NA,NA,NA
python.exe,15928,0x0,Other,-1,0,0,Composed: Copy with GPU GDI,2026-8-20 18:33:19.438369200,1.8133,1.8133,0.0000,0.0579,2.5933,2.5933,0.0000,NA,NA,NA,NA,NA,NA,NA
python.exe,15928,0x0,Other,-1,0,0,Composed: Copy with GPU GDI,2026-8-20 18:33:19.440182500,1.9663,1.9663,0.0000,0.8413,1.2812,0.3152,0.9660,12.6225,3.4087,-2.3300,4354.1266,NA,NA,NA
python.exe,15928,0x0,Other,-1,0,0,Composed: Copy with GPU GDI,2026-8-20 18:33:19.442148800,7.2268,7.2268,0.0000,0.1599,7.2789,0.3483,6.9306,NA,NA,NA,NA,NA,NA,NA
python.exe,15928,0x0,Other,0,0,1,Hardware: Legacy Flip,2026-8-20 18:33:19.449375600,4.1920,4.1920,0.0000,0.2157,4.0251,0.3534,3.6717,6.8381,14.7808,5.7844,4363.3197,NA,NA,NA
python.exe,15928,0x0,Other,-1,0,0,Composed: Copy with GPU GDI,2026-8-20 18:33:19.453567600,1.0996,1.0996,0.0000,0.0488,3.0699,3.0699,0.0000,17.4269,2.7449,-10.5888,4367.5117,NA,NA,NA
python.exe,15928,0x0,Other,-1,0,0,Composed: Copy with GPU GDI,2026-8-20 18:33:19.454667200,5.7283,5.7283,0.0000,2.0210,3.8743,0.3558,3.5185,NA,NA,NA,NA,NA,NA,NA
python.exe,15928,0x0,Other,-1,0,0,Composed: Copy with GPU GDI,2026-8-20 18:33:19.460395500,6.0981,6.0981,0.0000,0.1709,6.0519,0.3247,5.7272,NA,NA,NA,NA,NA,NA,NA
python.exe,15928,0x0,Other,0,0,1,Hardware: Legacy Flip,2026-8-20 18:33:19.466493600,4.8328,4.8328,0.0000,0.1282,4.7546,0.4991,4.2555,7.2458,15.4648,10.1811,4380.4377,NA,NA,NA
python.exe,15928,0x0,Other,-1,0,0,Composed: Copy with GPU GDI,2026-8-20 18:33:19.471326400,1.5096,1.5096,0.0000,0.0500,3.0890,3.0890,0.0000,17.8778,6.0582,-10.6320,4385.2705,NA,NA,NA
python.exe,15928,0x0,Other,-1,0,0,Composed: Copy with GPU GDI,2026-8-20 18:33:19.472836000,5.7988,5.7988,0.0000,1.6314,4.3538,0.3514,4.0024,22.4264,2.9080,-4.5486,4386.7801,NA,NA,NA
python.exe,15928,0x0,Other,-1,0,0,Composed: Copy with GPU GDI,2026-8-20 18:33:19.478634800,6.3706,6.3706,0.0000,0.1901,6.3119,0.3433,5.9686,NA,NA,NA,NA,NA,NA,NA
python.exe,15928,0x0,Other,0,0,1,Hardware: Legacy Flip,2026-8-20 18:33:19.485005400,11.2886,11.2886,0.0000,0.1354,11.2043,1.9423,9.2620,13.1650,8.7248,9.2614,4398.9495,NA,NA,NA
python.exe,15928,0x0,Other,-1,0,0,Composed: Copy with GPU GDI,2026-8-20 18:33:19.496294000,2.0089,2.0089,0.0000,0.0511,2.3010,2.3010,0.0000,NA,NA,NA,NA,NA,NA,NA
python.exe,15928,0x0,Other,0,0,1,Hardware: Legacy Flip,2026-8-20 18:33:19.498302900,6.7860,6.7860,0.0000,0.3460,6.4832,0.3143,6.1689,8.5923,12.6283,4.5727,4412.2470,NA,NA,NA
python.exe,15928,0x0,Other,-1,0,0,Composed: Copy with GPU GDI,2026-8-20 18:33:19.505088900,4.4601,4.4601,0.0000,0.0432,4.7859,2.9679,1.8180,NA,NA,NA,NA,NA,NA,NA
python.exe,15928,0x0,Other,-1,0,0,Composed: Copy with GPU GDI,2026-8-20 18:33:19.509549000,0.7760,0.7760,0.0000,0.3731,0.4672,0.2148,0.2524,9.9745,3.0054,-1.3822,4423.4931,NA,NA,NA
python.exe,15928,0x0,Other,-1,0,0,Composed: Copy with GPU GDI,2026-8-20 18:33:19.510325000,5.4961,5.4961,0.0000,0.0674,5.6671,0.3952,5.2719,NA,NA,NA,NA,NA,NA,NA
python.exe,15928,0x0,Other,0,0,1,Hardware: Legacy Flip,2026-8-20 18:33:19.515821100,4.3283,4.3283,0.0000,0.2412,4.1350,0.5246,3.6104,6.7078,15.2039,3.2667,4429.7652,NA,NA,NA
python.exe,15928,0x0,Other,-1,0,0,Composed: Copy with GPU GDI,2026-8-20 18:33:19.520149400,0.8913,0.8913,0.0000,0.0479,2.8416,2.8416,0.0000,17.5834,2.7732,-10.8756,4434.0935,NA,NA,NA
python.exe,15928,0x0,Other,-1,0,0,Composed: Copy with GPU GDI,2026-8-20 18:33:19.521040700,5.9699,5.9699,0.0000,2.0002,4.1596,0.3569,3.8027,NA,NA,NA,NA,NA,NA,NA
python.exe,15928,0x0,Other,-1,0,0,Composed: Copy with GPU GDI,2026-8-20 18:33:19.527010600,6.1921,6.1921,0.0000,0.1934,6.1902,0.3522,5.8380,NA,NA,NA,NA,NA,NA,NA
python.exe,15928,0x0,Other,0,0,1,Hardware: Legacy Flip,2026-8-20 18:33:19.533202700,4.7762,4.7762,0.0000,0.1948,4.6370,0.6401,3.9969,7.3033,14.7047,10.2801,4447.1468,NA,NA,NA
python.exe,15928,0x0,Other,-1,0,0,Composed: Copy with GPU GDI,2026-8-20 18:33:19.537978900,1.5173,1.5173,0.0000,0.0556,2.9512,2.9512,0.0000,NA,NA,NA,NA,NA,NA,NA
python.exe,15928,0x0,Other,-1,0,0,Composed: Copy with GPU GDI,2026-8-20 18:33:19.539496200,6.0486,6.0486,0.0000,1.4929,4.6798,0.3158,4.3640,NA,NA,NA,NA,NA,NA,NA
python.exe,15928,0x0,Other,-1,0,0,Composed: Copy with GPU GDI,2026-8-20 18:33:19.545544800,6.1711,6.1711,0.0000,0.1277,6.1451,0.3590,5.7861,NA,NA,NA,NA,NA,NA,NA
python.exe,15928,0x0,Other,0,0,1,Hardware: Legacy Flip,2026-8-20 18:33:19.551715900,1.6670,1.6670,0.0000,0.1055,1.6083,0.2673,1.3410,3.4948,18.5763,3.8085,4465.6600,NA,NA,NA
python.exe,15928,0x0,Other,-1,0,0,Composed: Copy with GPU GDI,2026-8-20 18:33:19.553382900,4.6861,4.6861,0.0000,0.0468,4.7652,2.3984,2.3668,NA,NA,NA,NA,NA,NA,NA
python.exe,15928,0x0,Other,-1,0,0,Composed: Copy with GPU GDI,2026-8-20 18:33:19.558069000,5.4379,5.4379,0.0000,0.1292,5.5249,0.3480,5.1769,NA,NA,NA,NA,NA,NA,NA
python.exe,15928,0x0,Other,0,0,1,Hardware: Legacy Flip,2026-8-20 18:33:19.563506900,8.2169,8.2169,0.0000,0.2198,8.0401,0.3446,7.6955,10.2801,12.4838,-6.7853,4477.4510,NA,NA,NA
python.exe,15928,0x0,Other,-1,0,0,Composed: Copy with GPU GDI,2026-8-20 18:33:19.571723800,1.1681,1.1681,0.0000,0.0430,2.7457,2.7457,0.0000,NA,NA,NA,NA,NA,NA,NA
python.exe,15928,0x0,Other,-1,0,0,Composed: Copy with GPU GDI,2026-8-20 18:33:19.572891900,2.5765,2.5765,0.0000,1.6228,1.5345,0.7391,0.7954,13.3789,3.1021,-3.0988,4486.8360,NA,NA,NA
python.exe,15928,0x0,Other,-1,0,0,Composed: Copy with GPU GDI,2026-8-20 18:33:19.575468400,7.5403,7.5403,0.0000,0.5843,7.0447,0.3564,6.6883,NA,NA,NA,NA,NA,NA,NA
python.exe,15928,0x0,Other,0,0,1,Hardware: Legacy Flip,2026-8-20 18:33:19.583008700,3.7681,3.7681,0.0000,0.0934,3.7361,0.3378,3.3983,6.3642,15.0965,7.0147,4496.9528,NA,NA,NA
python.exe,15928,0x0,Other,-1,0,0,Composed: Copy with GPU GDI,2026-8-20 18:33:19.586776800,0.9788,0.9788,0.0000,0.0614,3.2601,3.2601,0.0000,17.6926,6.0667,-11.3284,4500.7209,NA,NA,NA
python.exe,15928,0x0,Other,-1,0,0,Composed: Copy with GPU GDI,2026-8-20 18:33:19.587755600,5.8920,5.8920,0.0000,2.3456,3.7404,0.3566,3.3838,22.7805,2.8143,-5.0879,4501.6997,NA,NA,NA
python.exe,15928,0x0,Other,-1,0,0,Composed: Copy with GPU GDI,2026-8-20 18:33:19.593647600,6.4134,6.4134,0.0000,0.1976,6.3102,0.3478,5.9624,NA,NA,NA,NA,NA,NA,NA
python.exe,15928,0x0,Other,0,0,1,Hardware: Legacy Flip,2026-8-20 18:33:19.600061000,11.7196,11.7196,0.0000,0.0985,11.6897,2.4522,9.2375,13.2894,9.2475,9.4911,4514.0051,NA,NA,NA
python.exe,15928,0x0,Other,-1,0,0,Composed: Copy with GPU GDI,2026-8-20 18:33:19.611780600,4.5781,4.5781,0.0000,0.0686,4.5933,1.9041,2.6892,NA,NA,NA,NA,NA,NA,NA
python.exe,15928,0x0,Other,-1,0,0,Composed: Copy with GPU GDI,2026-8-20 18:33:19.616358700,2.3273,2.3273,0.0000,0.0876,2.5870,0.6300,1.9570,NA,NA,NA,NA,NA,NA,NA
python.exe,15928,0x0,Other,0,0,1,Hardware: Legacy Flip,2026-8-20 18:33:19.618686000,1.9394,1.9394,0.0000,0.3525,1.6375,0.2769,1.3606,3.9119,18.2701,9.3775,4532.6301,NA,NA,NA
python.exe,15928,0x0,Other,-1,0,0,Composed: Copy with GPU GDI,2026-8-20 18:33:19.620625400,3.8228,3.8228,0.0000,0.0506,3.8993,2.9224,0.9769,20.2426,0.9373,-16.3307,4534.5695,NA,NA,NA
python.exe,15928,0x0,Other,-1,0,0,Composed: Copy with GPU GDI,2026-8-20 18:33:19.624448200,5.7644,5.7644,0.0000,0.1291,5.8221,0.3515,5.4706,NA,NA,NA,NA,NA,NA,NA
python.exe,15928,0x0,Other,0,0,1,Hardware: Legacy Flip,2026-8-20 18:33:19.630212600,9.9731,9.9731,0.0000,0.1909,9.8333,0.4641,9.3692,11.5927,11.1973,8.6499,4544.1567,NA,NA,NA
python.exe,15928,0x0,Other,-1,0,0,Composed: Copy with GPU GDI,2026-8-20 18:33:19.640185700,5.0636,5.0636,0.0000,0.0511,5.1787,2.7833,2.3954,NA,NA,NA,NA,NA,NA,NA
python.exe,15928,0x0,Other,-1,0,0,Composed: Copy with GPU GDI,2026-8-20 18:33:19.645249300,0.8264,0.8264,0.0000,0.1692,0.7218,0.2027,0.5191,7.7533,2.4805,3.8394,4559.1934,NA,NA,NA
python.exe,15928,0x0,Other,-1,0,0,Composed: Copy with GPU GDI,2026-8-20 18:33:19.646075700,3.5303,3.5303,0.0000,0.0676,3.6178,0.3320,3.2858,NA,NA,NA,NA,NA,NA,NA
python.exe,15928,0x0,Other,0,0,1,Hardware: Legacy Flip,2026-8-20 18:33:19.649606000,3.9602,3.9602,0.0000,0.1600,3.8756,0.4675,3.4081,5.8771,15.7110,1.8762,4563.5501,NA,NA,NA
python.exe,15928,0x0,Other,-1,0,0,Composed: Copy with GPU GDI,2026-8-20 18:33:19.653566200,1.2608,1.2608,0.0000,0.0754,2.6521,2.6521,0.0000,17.6279,2.7462,-11.7508,4567.5103,NA,NA,NA
python.exe,15928,0x0,Other,-1,0,0,Composed: Copy with GPU GDI,2026-8-20 18:33:19.654827000,6.1722,6.1722,0.0000,1.4687,4.8610,0.3567,4.5043,NA,NA,NA,NA,NA,NA,NA
python.exe,15928,0x0,Other,-1,0,0,Composed: Copy with GPU GDI,2026-8-20 18:33:19.660999200,5.7889,5.7889,0.0000,0.1614,5.7553,0.3327,5.4226,NA,NA,NA,NA,NA,NA,NA
python.exe,15928,0x0,Other,0,0,1,Hardware: Legacy Flip,2026-8-20 18:33:19.666788100,5.1915,5.1915,0.0000,0.1314,5.1125,0.3322,4.7803,7.1522,15.2695,10.4757,4580.7322,NA,NA,NA
python.exe,15928,0x0,Other,-1,0,0,Composed: Copy with GPU GDI,2026-8-20 18:33:19.671979600,1.6864,1.6864,0.0000,0.0524,2.6078,2.6078,0.0000,NA,NA,NA,NA,NA,NA,NA
python.exe,15928,0x0,Other,-1,0,0,Composed: Copy with GPU GDI,2026-8-20 18:33:19.673666000,5.2207,5.2207,0.0000,0.9788,4.3975,0.3401,4.0574,NA,NA,NA,NA,NA,NA,NA
python.exe,15928,0x0,Other,-1,0,0,Composed: Copy with GPU GDI,2026-8-20 18:33:19.678886700,6.2701,6.2701,0.0000,0.1592,6.1994,0.3600,5.8394,NA,NA,NA,NA,NA,NA,NA
python.exe,15928,0x0,Other,0,0,1,Hardware: Legacy Flip,2026-8-20 18:33:19.685156800,2.0366,2.0366,0.0000,0.0955,1.9888,0.3581,1.6307,4.0530,17.8336,3.0992,4599.1009,NA,NA,NA
python.exe,15928,0x0,Other,-1,0,0,Composed: Copy with GPU GDI,2026-8-20 18:33:19.687193400,3.8431,3.8431,0.0000,0.0477,4.0254,2.9718,1.0536,NA,NA,NA,NA,NA,NA,NA
python.exe,15928,0x0,Other,-1,0,0,Composed: Copy with GPU GDI,2026-8-20 18:33:19.691036500,5.7581,5.7581,0.0000,0.2328,5.6830,0.3392,5.3438,NA,NA,NA,NA,NA,NA,NA
python.exe,15928,0x0,Other,0,0,1,Hardware: Legacy Flip,2026-8-20 18:33:19.696794600,8.7300,8.7300,0.0000,0.1620,8.6201,0.6332,7.9869,10.2488,12.6974,-6.1958,4610.7387,NA,NA,NA
python.exe,15928,0x0,Other,-1,0,0,Composed: Copy with GPU GDI,2026-8-20 18:33:19.705524600,1.4308,1.4308,0.0000,0.0521,1.6781,1.6781,0.0000,14.2162,2.8413,-3.9674,4619.4687,NA,NA,NA
python.exe,15928,0x0,Other,-1,0,0,Composed: Copy with GPU GDI,2026-8-20 18:33:19.706955400,2.3359,2.3359,0.0000,0.3025,2.1589,0.3176,1.8413,NA,NA,NA,NA,NA,NA,NA
python.exe,15928,0x0,Other,-1,0,0,Composed: Copy with GPU GDI,2026-8-20 18:33:19.709291300,7.0480,7.0480,0.0000,0.1287,7.0425,0.3532,6.6893,NA,NA,NA,NA,NA,NA,NA
python.exe,15928,0x0,Other,0,0,1,Hardware: Legacy Flip,2026-8-20 18:33:19.716339300,4.1646,4.1646,0.0000,0.1260,4.0941,0.5860,3.5081,6.2428,15.3458,7.9734,4630.2834,NA,NA,NA
python.exe,15928,0x0,Other,-1,0,0,Composed: Copy with GPU GDI,2026-8-20 18:33:19.720503900,1.0553,1.0553,0.0000,0.0555,2.8785,2.8785,0.0000,17.4240,6.0648,-11.1812,4634.4480,NA,NA,NA
python.exe,15928,0x0,Other,-1,0,0,Composed: Copy with GPU GDI,2026-8-20 18:33:19.721559200,5.7408,5.7408,0.0000,1.8818,4.0586,0.3514,3.7072,22.4335,3.6407,-5.0095,4635.5033,NA,NA,NA
python.exe,15928,0x0,Other,-1,0,0,Composed: Copy with GPU GDI,2026-8-20 18:33:19.727300000,6.0739,6.0739,0.0000,0.2037,5.9788,0.3613,5.6175,NA,NA,NA,NA,NA,NA,NA
python.exe,15928,0x0,Other,0,0,1,Hardware: Legacy Flip,2026-8-20 18:33:19.733373900,12.9633,12.9633,0.0000,0.1141,12.8982,2.8018,10.0964,14.2595,7.5592,8.1740,4647.3180,NA,NA,NA
python.exe,15928,0x0,Other,-1,0,0,Composed: Copy with GPU GDI,2026-8-20 18:33:19.746337200,3.2988,3.2988,0.0000,0.0490,3.3284,1.6362,1.6922,NA,NA,NA,NA,NA,NA,NA
python.exe,15928,0x0,Other,-1,0,0,Composed: Copy with GPU GDI,2026-8-20 18:33:19.749636000,1.9299,1.9299,0.0000,0.0825,1.9196,0.3144,1.6052,NA,NA,NA,NA,NA,NA,NA
python.exe,15928,0x0,Other,0,0,1,Hardware: Legacy Flip,2026-8-20 18:33:19.751565900,1.7462,1.7462,0.0000,0.0775,1.7141,0.2727,1.4414,3.6267,18.6578,10.6328,4665.5100,NA,NA,NA
python.exe,15928,0x0,Other,-1,0,0,Composed: Copy with GPU GDI,2026-8-20 18:33:19.753312100,9.5911,9.5911,0.0000,0.0454,10.2905,3.5483,6.7422,NA,NA,NA,NA,NA,NA,NA
python.exe,15928,0x0,Other,0,0,1,Hardware: Legacy Flip,2026-8-20 18:33:19.762903200,10.0606,10.0606,0.0000,0.7476,9.3638,0.7063,8.6575,10.9472,5.2947,-7.3205,4676.8473,NA,NA,NA
python.exe,15928,0x0,Other,-1,0,0,Composed: Copy with GPU GDI,2026-8-20 18:33:19.772963800,1.2873,1.2873,0.0000,0.0508,1.4603,1.1354,0.3249,NA,NA,NA,NA,NA,NA,NA
python.exe,15928,0x0,Other,0,0,1,Hardware: Legacy Flip,2026-8-20 18:33:19.774251100,4.6958,4.6958,0.0000,0.2281,4.4802,2.1832,2.2970,4.8940,13.7284,6.0532,4688.1952,NA,NA,NA
python.exe,15928,0x0,Other,-1,0,0,Composed: Copy with GPU GDI,2026-8-20 18:33:19.778946900,2.6805,2.6805,0.0000,0.0125,3.0580,0.9114,2.1466,NA,NA,NA,NA,NA,NA,NA
python.exe,15928,0x0,Other,0,0,1,Hardware: Legacy Flip,2026-8-20 18:33:19.781627400,10.3049,10.3049,0.0000,0.3951,9.9593,0.4939,9.4654,11.2461,11.8008,-6.3521,4695.5715,NA,NA,NA
python.exe,15928,0x0,Other,-1,0,0,Composed: Copy with GPU GDI,2026-8-20 18:33:19.791932300,1.8403,1.8403,0.0000,0.0495,1.8772,1.3024,0.5748,12.7420,9.6251,-1.4959,4705.8764,NA,NA,NA
python.exe,15928,0x0,Other,0,0,1,Hardware: Legacy Flip,2026-8-20 18:33:19.793772600,18.8199,18.8199,0.0000,0.0849,18.7923,5.0255,13.7668,20.5268,7.2202,-7.7848,4707.7167,NA,NA,NA
python.exe,15928,0x0,Other,-1,0,0,Composed: Copy with GPU GDI,2026-8-20 18:33:19.812592500,2.7584,2.7584,0.0000,0.0573,2.7691,1.9498,0.8193,NA,NA,NA,NA,NA,NA,NA
python.exe,15928,0x0,Other,-1,0,0,Composed: Copy with GPU GDI,2026-8-20 18:33:19.815350900,1.1724,1.1724,0.0000,0.0705,1.1636,0.2173,0.9463,NA,NA,NA,NA,NA,NA,NA
python.exe,15928,0x0,Other,0,0,1,Hardware: Legacy Flip,2026-8-20 18:33:19.816523300,4.6306,4.6306,0.0000,0.0648,4.6088,2.3016,2.3072,4.9963,4.2215,15.5305,4730.4674,NA,NA,NA
python.exe,15928,0x0,Other,-1,0,0,Composed: Copy with GPU GDI,2026-8-20 18:33:19.821153900,1.2044,1.2044,0.0000,0.0430,1.7602,1.6040,0.1562,NA,NA,NA,NA,NA,NA,NA
python.exe,15928,0x0,Other,0,0,1,Hardware: Legacy Flip,2026-8-20 18:33:19.822358300,1.6259,1.6259,0.0000,0.6020,1.0364,0.2205,0.8159,3.3828,12.9810,1.6135,4736.3024,NA,NA,NA
python.exe,15928,0x0,Other,-1,0,0,Composed: Copy with GPU GDI,2026-8-20 18:33:19.823984200,2.8695,2.8695,0.0000,0.0125,3.3390,2.8051,0.5339,NA,NA,NA,NA,NA,NA,NA
python.exe,15928,0x0,Other,0,0,1,Hardware: Legacy Flip,2026-8-20 18:33:19.826853700,10.3951,10.3951,0.0000,0.4844,9.9770,0.6994,9.2776,11.8684,8.4034,-8.4856,4740.7978,NA,NA,NA
python.exe,15928,0x0,Other,-1,0,0,Composed: Copy with GPU GDI,2026-8-20 18:33:19.837248800,2.1498,2.1498,0.0000,0.0663,2.6461,2.6461,0.0000,9.8767,13.6597,1.9917,4751.1929,NA,NA,NA
python.exe,15928,0x0,Other,0,0,1,Hardware: Legacy Flip,2026-8-20 18:33:19.839398600,18.7637,18.7637,0.0000,0.5648,18.2638,5.6133,12.6505,21.3866,10.6034,-11.5099,4753.3427,NA,NA,NA
python.exe,15928,0x0,Other,-1,0,0,Composed: Copy with GPU GDI,2026-8-20 18:33:19.858162300,3.6634,3.6634,0.0000,0.0649,4.2324,3.8172,0.4152,13.2263,5.1641,8.1603,4772.1064,NA,NA,NA
python.exe,15928,0x0,Other,0,0,1,Hardware: Legacy Flip,2026-8-20 18:33:19.861825700,14.3005,14.3005,0.0000,0.6380,13.7070,3.3329,10.3741,14.7270,13.0423,-1.5007,4775.7698,NA,NA,NA
python.exe,15928,0x0,Other,-1,0,0,Composed: Copy with GPU GDI,2026-8-20 18:33:19.876126200,2.5337,2.5337,0.0000,0.0445,2.5732,0.8310,1.7422,13.4688,7.2344,1.2582,4790.0703,NA,NA,NA
python.exe,15928,0x0,Other,0,0,1,Hardware: Legacy Flip,2026-8-20 18:33:19.878659900,16.4819,16.4819,0.0000,0.0897,16.4473,4.5127,11.9346,18.1695,11.4725,-4.7007,4792.6040,NA,NA,NA
python.exe,15928,0x0,Other,-1,0,0,Composed: Copy with GPU GDI,2026-8-20 18:33:19.895141800,7.0840,7.0840,0.0000,0.0551,7.1297,3.3687,3.7610,NA,NA,NA,NA,NA,NA,NA
python.exe,15928,0x0,Other,0,0,1,Hardware: Legacy Flip,2026-8-20 18:33:19.902225800,5.8908,5.8908,0.0000,0.1077,5.8475,2.4884,3.3591,6.0761,17.9139,12.0934,4816.1699,NA,NA,NA
python.exe,15928,0x0,Other,0,0,1,Hardware: Legacy Flip,2026-8-20 18:33:19.908116600,17.2293,17.2293,0.0000,0.0644,17.2217,5.8047,11.4170,18.0992,7.6074,-12.0231,4822.0607,NA,NA,NA
python.exe,15928,0x0,Other,-1,0,0,Composed: Copy with GPU GDI,2026-8-20 18:33:19.925345900,2.3972,2.3972,0.0000,0.0568,2.5923,2.0314,0.5609,NA,NA,NA,NA,NA,NA,NA
python.exe,15928,0x0,Other,-1,0,0,Composed: Copy with GPU GDI,2026-8-20 18:33:19.927743100,2.1285,2.1285,0.0000,0.2536,1.9989,0.2750,1.7239,NA,NA,NA,NA,NA,NA,NA
python.exe,15928,0x0,Other,0,0,1,Hardware: Legacy Flip,2026-8-20 18:33:19.929871600,3.6789,3.6789,0.0000,0.1263,3.6128,1.4811,2.1317,3.9516,16.4312,14.1476,4843.8157,NA,NA,NA
python.exe,15928,0x0,Other,-1,0,0,Composed: Copy with GPU GDI,2026-8-20 18:33:19.933550500,1.6649,1.6649,0.0000,0.0602,2.0633,0.8858,1.1775,16.7039,4.9377,-12.7523,4847.4946,NA,NA,NA
python.exe,15928,0x0,Other,0,0,1,Hardware: Legacy Flip,2026-8-20 18:33:19.935215400,19.1182,19.1182,0.0000,0.4628,18.7167,5.5178,13.1989,19.9767,7.6261,-3.2728,4849.1595,NA,NA,NA
python.exe,15928,0x0,Other,-1,0,0,Composed: Copy with GPU GDI,2026-8-20 18:33:19.954333600,2.7859,2.7859,0.0000,0.0613,3.0005,1.5120,1.4885,NA,NA,NA,NA,NA,NA,NA
python.exe,15928,0x0,Other,0,0,1,Hardware: Legacy Flip,2026-8-20 18:33:19.957119500,5.5325,5.5325,0.0000,0.2792,5.2693,1.4717,3.7976,5.6987,12.4293,14.2780,4871.0636,NA,NA,NA
python.exe,15928,0x0,Other,-1,0,0,Composed: Copy with GPU GDI,2026-8-20 18:33:19.962652000,1.7617,1.7617,0.0000,0.0160,1.9437,0.5940,1.3497,NA,NA,NA,NA,NA,NA,NA
python.exe,15928,0x0,Other,0,0,1,Hardware: Legacy Flip,2026-8-20 18:33:19.964413700,10.3223,10.3223,0.0000,0.1957,10.2055,0.8799,9.3256,10.8338,29.0708,-5.1351,4878.3578,NA,NA,NA
python.exe,15928,0x0,Other,0,0,1,Hardware: Legacy Flip,2026-8-20 18:33:19.974736000,29.3528,29.3528,0.0000,0.0789,29.3420,9.2079,20.1341,29.5823,12.6761,-18.7485,4888.6801,NA,NA,NA
python.exe,15928,0x0,Other,-1,0,0,Composed: Copy with GPU GDI,2026-8-20 18:33:20.004088800,2.2589,2.2589,0.0000,0.0681,2.7252,1.0886,1.6366,12.9056,10.5326,16.6767,4918.0329,NA,NA,NA
python.exe,15928,0x0,Other,0,0,1,Hardware: Legacy Flip,2026-8-20 18:33:20.006347700,20.7594,20.7594,0.0000,0.5388,20.2818,5.9869,14.2949,21.1793,13.7435,-8.2737,4920.2918,NA,NA,NA
python.exe,15928,0x0,Other,-1,0,0,Composed: Copy with GPU GDI,2026-8-20 18:33:20.027107100,4.9858,4.9858,0.0000,0.0612,5.1090,1.9554,3.1536,NA,NA,NA,NA,NA,NA,NA
python.exe,15928,0x0,Other,-1,0,0,Composed: Copy with GPU GDI,2026-8-20 18:33:20.032092900,1.8313,1.8313,0.0000,0.1875,1.7068,0.1816,1.5252,9.1776,12.7447,12.0017,4946.0370,NA,NA,NA
python.exe,15928,0x0,Other,0,0,1,Hardware: Legacy Flip,2026-8-20 18:33:20.033924200,19.0836,19.0836,0.0000,0.0659,19.0766,6.7229,12.3537,20.0910,4.5448,-10.9134,4947.8683,NA,NA,NA
python.exe,15928,0x0,Other,0,0,1,Hardware: Legacy Flip,2026-8-20 18:33:20.053007800,5.3442,5.3442,0.0000,0.0589,5.3057,2.9345,2.3712,5.5522,12.6153,14.5388,4966.9519,NA,NA,NA
python.exe,15928,0x0,Other,-1,0,0,Composed: Copy with GPU GDI,2026-8-20 18:33:20.058352000,1.9685,1.9685,0.0000,0.0204,2.3835,1.2932,1.0903,NA,NA,NA,NA,NA,NA,NA
python.exe,15928,0x0,Other,0,0,1,Hardware: Legacy Flip,2026-8-20 18:33:20.060320500,10.3233,10.3233,0.0000,0.4375,9.9594,0.9667,8.9927,10.8548,6.3556,-5.3026,4974.2646,NA,NA,NA
python.exe,15928,0x0,Other,-1,0,0,Composed: Copy with GPU GDI,2026-8-20 18:33:20.070643800,1.5795,1.5795,0.0000,0.0736,2.2770,1.9105,0.3665,NA,NA,NA,NA,NA,NA,NA
python.exe,15928,0x0,Other,-1,0,0,Composed: Copy with GPU GDI,2026-8-20 18:33:20.072223300,2.0641,2.0641,0.0000,0.7750,1.3816,0.2499,1.1317,NA,NA,NA,NA,NA,NA,NA
python.exe,15928,0x0,Other,0,0,1,Hardware: Legacy Flip,2026-8-20 18:33:20.074287400,3.0991,3.0991,0.0000,0.0952,3.0181,1.2413,1.7768,3.2435,14.4493,7.6113,4988.2315,NA,NA,NA
python.exe,15928,0x0,Other,-1,0,0,Composed: Copy with GPU GDI,2026-8-20 18:33:20.077386500,1.6094,1.6094,0.0000,0.0142,1.6547,0.4539,1.2008,NA,NA,NA,NA,NA,NA,NA
python.exe,15928,0x0,Other,0,0,1,Hardware: Legacy Flip,2026-8-20 18:33:20.078995900,12.4468,12.4468,0.0000,0.0628,12.4497,0.8141,11.6356,12.9843,9.9362,-9.7408,4992.9400,NA,NA,NA
python.exe,15928,0x0,Other,-1,0,0,Composed: Copy with GPU GDI,2026-8-20 18:33:20.091442700,3.9591,3.9591,0.0000,0.0657,3.9863,0.7780,3.2083,10.4737,23.3931,2.5106,5005.3868,NA,NA,NA
python.exe,15928,0x0,Other,0,0,1,Hardware: Legacy Flip,2026-8-20 18:33:20.095401800,28.4813,28.4813,0.0000,0.0909,28.4517,6.8550,21.5967,29.9077,6.5808,-19.4340,5009.3459,NA,NA,NA
python.exe,15928,0x0,Other,-1,0,0,Composed: Copy with GPU GDI,2026-8-20 18:33:20.123883100,4.4198,4.4198,0.0000,0.0613,4.4334,1.6923,2.7411,NA,NA,NA,NA,NA,NA,NA
python.exe,15928,0x0,Other,0,0,1,Hardware: Legacy Flip,2026-8-20 18:33:20.128302900,3.4291,3.4291,0.0000,0.0793,3.3671,1.2850,2.0821,3.5874,8.6467,26.3203,5042.2470,NA,NA,NA
python.exe,15928,0x0,Other,-1,0,0,Composed: Copy with GPU GDI,2026-8-20 18:33:20.131732000,2.1740,2.1740,0.0000,0.0173,2.2254,0.6286,1.5968,NA,NA,NA,NA,NA,NA,NA
python.exe,15928,0x0,Other,0,0,1,Hardware: Legacy Flip,2026-8-20 18:33:20.133906000,4.8993,4.8993,0.0000,0.0736,4.8742,0.6722,4.2020,6.6310,9.5359,-3.0436,5047.8501,NA,NA,NA
python.exe,15928,0x0,Other,0,0,1,Hardware: Legacy Flip,2026-8-20 18:33:20.138805300,10.1720,10.1720,0.0000,0.0485,10.1427,1.8738,8.2689,11.2676,12.5114,-4.6366,5052.7494,NA,NA,NA
python.exe,15928,0x0,Other,-1,0,0,Composed: Copy with GPU GDI,2026-8-20 18:33:20.148977300,5.7695,5.7695,0.0000,0.0192,6.0749,2.6634,3.4115,NA,NA,NA,NA,NA,NA,NA
python.exe,15928,0x0,Other,-1,0,0,Composed: Copy with GPU GDI,2026-8-20 18:33:20.154746800,1.3581,1.3581,0.0000,0.3272,1.4316,0.5411,0.8905,7.8375,12.7913,3.4301,5068.6909,NA,NA,NA
python.exe,15928,0x0,Other,0,0,1,Hardware: Legacy Flip,2026-8-20 18:33:20.156104900,18.1768,18.1768,0.0000,0.4063,17.8279,4.6225,13.2054,19.2707,11.4832,-11.4332,5070.0490,NA,NA,NA
python.exe,15928,0x0,Other,-1,0,0,Composed: Copy with GPU GDI,2026-8-20 18:33:20.174281700,2.2155,2.2155,0.0000,0.0574,2.5072,2.1392,0.3680,12.5771,11.0189,6.6936,5088.2258,NA,NA,NA
python.exe,15928,0x0,Other,0,0,1,Hardware: Legacy Flip,2026-8-20 18:33:20.176497200,20.6412,20.6412,0.0000,0.3535,20.3409,6.0021,14.3388,21.3805,22.2594,-8.8034,5090.4413,NA,NA,NA
python.exe,15928,0x0,Other,0,0,1,Hardware: Legacy Flip,2026-8-20 18:33:20.197138400,22.5243,22.5243,0.0000,0.0532,22.5506,7.0749,15.4757,22.9987,9.1881,-1.6182,5111.0825,NA,NA,NA
python.exe,15928,0x0,Other,-1,0,0,Composed: Copy with GPU GDI,2026-8-20 18:33:20.219662700,1.6417,1.6417,0.0000,0.0795,1.6356,0.6677,0.9679,9.6625,12.1255,13.3362,5133.6068,NA,NA,NA
python.exe,15928,0x0,Other,-1,0,0,Composed: Copy with GPU GDI,2026-8-20 18:33:20.221304400,2.7487,2.7487,0.0000,0.0826,3.0406,0.5686,2.4720,20.1463,12.2999,-10.4838,5135.2485,NA,NA,NA
python.exe,15928,0x0,Other,0,0,1,Hardware: Legacy Flip,2026-8-20 18:33:20.224053100,29.2699,29.2699,0.0000,0.3778,28.9568,8.5677,20.3891,29.6975,5.7946,-9.5512,5137.9972,NA,NA,NA
python.exe,15928,0x0,Other,-1,0,0,Composed: Copy with GPU GDI,2026-8-20 18:33:20.253323000,2.4049,2.4049,0.0000,0.0647,2.7008,0.9198,1.7810,NA,NA,NA,NA,NA,NA,NA
python.exe,15928,0x0,Other,0,0,1,Hardware: Legacy Flip,2026-8-20 18:33:20.255727900,3.6603,3.6603,0.0000,0.3640,3.3098,2.0643,1.2455,3.8173,10.6716,25.8802,5169.6720,NA,NA,NA
python.exe,15928,0x0,Other,0,0,1,Hardware: Legacy Flip,2026-8-20 18:33:20.259388200,9.9392,9.9392,0.0000,0.0135,9.9780,0.4571,9.5209,10.8286,13.6982,-7.0113,5173.3323,NA,NA,NA
python.exe,15928,0x0,Other,-1,0,0,Composed: Copy with GPU GDI,2026-8-20 18:33:20.269327400,7.6613,7.6613,0.0000,0.0523,8.2841,2.1164,6.1677,14.5876,14.1584,-3.7590,5183.2715,NA,NA,NA
python.exe,15928,0x0,Other,0,0,1,Hardware: Legacy Flip,2026-8-20 18:33:20.276988700,20.5429,20.5429,0.0000,0.6787,19.9533,5.4662,14.4871,21.0847,8.4052,-6.4971,5190.9328,NA,NA,NA
python.exe,15928,0x0,Other,-1,0,0,Composed: Copy with GPU GDI,2026-8-20 18:33:20.297531600,2.5087,2.5087,0.0000,0.0891,2.4835,0.9059,1.5776,NA,NA,NA,NA,NA,NA,NA
python.exe,15928,0x0,Other,0,0,1,Hardware: Legacy Flip,2026-8-20 18:33:20.300040300,6.0873,6.0873,0.0000,0.0670,6.0871,1.9438,4.1433,6.4383,17.0890,14.6464,5213.9844,NA,NA,NA
python.exe,15928,0x0,Other,0,0,1,Hardware: Legacy Flip,2026-8-20 18:33:20.306127600,16.6455,16.6455,0.0000,0.0668,16.6338,6.1892,10.4446,17.4400,8.8973,-11.0017,5220.0717,NA,NA,NA
python.exe,15928,0x0,Other,-1,0,0,Composed: Copy with GPU GDI,2026-8-20 18:33:20.322773100,1.5304,1.5304,0.0000,0.0551,1.9722,1.9590,0.0132,9.6918,30.3197,7.7482,5236.7172,NA,NA,NA
python.exe,15928,0x0,Other,-1,0,0,Composed: Copy with GPU GDI,2026-8-20 18:33:20.324303500,30.6988,30.6988,0.0000,0.4994,30.3201,0.3241,29.9960,38.4811,6.3131,-28.7893,5238.2476,NA,NA,NA
python.exe,15928,0x0,Other,0,0,1,Hardware: Legacy Flip,2026-8-20 18:33:20.355002300,13.8546,13.8546,0.0000,0.1231,13.9723,3.5451,10.4272,14.0954,11.8951,24.3857,5268.9464,NA,NA,NA
python.exe,15928,0x0,Other,-1,0,0,Composed: Copy with GPU GDI,2026-8-20 18:33:20.368856900,4.9781,4.9781,0.0000,0.2408,4.8107,0.4035,4.4072,12.1359,10.4050,1.9595,5282.8010,NA,NA,NA
python.exe,15928,0x0,Other,0,0,1,Hardware: Legacy Flip,2026-8-20 18:33:20.373835000,16.7392,16.7392,0.0000,0.0771,16.8016,6.3120,10.4896,17.5628,13.8534,-5.4269,5287.7791,NA,NA,NA
python.exe,15928,0x0,Other,-1,0,0,Composed: Copy with GPU GDI,2026-8-20 18:33:20.390574200,4.2743,4.2743,0.0000,0.1395,4.2069,0.9621,3.2448,14.6770,8.1672,2.8858,5304.5183,NA,NA,NA
python.exe,15928,0x0,Other,0,0,1,Hardware: Legacy Flip,2026-8-20 18:33:20.394848500,17.4439,17.4439,0.0000,0.0752,17.4227,4.4394,12.9833,18.5699,16.0970,-3.8929,5308.7926,NA,NA,NA
python.exe,15928,0x0,Other,-1,0,0,Composed: Copy with GPU GDI,2026-8-20 18:33:20.412292400,8.0031,8.0031,0.0000,0.0540,8.3667,2.3462,6.0205,17.2230,11.4432,1.3469,5326.2365,NA,NA,NA
python.exe,15928,0x0,Other,0,0,1,Hardware: Legacy Flip,2026-8-20 18:33:20.420295500,19.2019,19.2019,0.0000,0.4212,18.8362,5.1300,13.7062,20.6631,4.5880,-3.4401,5334.2396,NA,NA,NA
python.exe,15928,0x0,Other,-1,0,0,Composed: Copy with GPU GDI,2026-8-20 18:33:20.439497400,2.0757,2.0757,0.0000,0.0555,2.6020,2.4602,0.1418,NA,NA,NA,NA,NA,NA,NA
python.exe,15928,0x0,Other,0,0,1,Hardware: Legacy Flip,2026-8-20 18:33:20.441573100,3.7762,3.7762,0.0000,0.5847,3.2038,1.8239,1.3799,3.9735,8.3105,16.6896,5355.5172,NA,NA,NA
python.exe,15928,0x0,Other,-1,0,0,Composed: Copy with GPU GDI,2026-8-20 18:33:20.445349300,1.3511,1.3511,0.0000,0.0123,1.3977,0.3263,1.0714,8.5078,3.6488,-4.5343,5359.2934,NA,NA,NA
python.exe,15928,0x0,Other,0,0,1,Hardware: Legacy Flip,2026-8-20 18:33:20.446700400,9.2190,9.2190,0.0000,0.0615,9.2069,0.2643,8.9426,10.8055,6.0826,-2.2977,5360.6445,NA,NA,NA
python.exe,15928,0x0,Other,-1,0,0,Composed: Copy with GPU GDI,2026-8-20 18:33:20.455919400,1.1850,1.1850,0.0000,0.0494,1.9351,1.9351,0.0000,NA,NA,NA,NA,NA,NA,NA
python.exe,15928,0x0,Other,0,0,1,Hardware: Legacy Flip,2026-8-20 18:33:20.457104400,6.3439,6.3439,0.0000,0.8048,5.5524,1.5237,4.0287,6.4841,10.2387,4.3214,5371.0485,NA,NA,NA
python.exe,15928,0x0,Other,-1,0,0,Composed: Copy with GPU GDI,2026-8-20 18:33:20.463448300,1.6142,1.6142,0.0000,0.0133,1.6625,0.3126,1.3499,NA,NA,NA,NA,NA,NA,NA
python.exe,15928,0x0,Other,-1,0,0,Composed: Copy with GPU GDI,2026-8-20 18:33:20.465062500,1.5527,1.5527,0.0000,0.0651,1.8261,0.5181,1.3080,NA,NA,NA,NA,NA,NA,NA
python.exe,15928,0x0,Other,0,0,1,Hardware: Legacy Flip,2026-8-20 18:33:20.466615200,5.2202,5.2202,0.0000,0.3420,4.9211,0.2759,4.6452,7.2120,6.0659,-0.7279,5380.5593,NA,NA,NA
python.exe,15928,0x0,Other,0,0,1,Hardware: Legacy Flip,2026-8-20 18:33:20.471835400,7.1390,7.1390,0.0000,0.0429,7.1101,2.4520,4.6581,8.0577,10.2922,-0.8457,5385.7795,NA,NA,NA
python.exe,15928,0x0,Other,-1,0,0,Composed: Copy with GPU GDI,2026-8-20 18:33:20.478974400,0.9171,0.9171,0.0000,0.0140,1.0642,1.0642,0.0000,NA,NA,NA,NA,NA,NA,NA
python.exe,15928,0x0,Other,-1,0,0,Composed: Copy with GPU GDI,2026-8-20 18:33:20.479891500,3.1797,3.1797,0.0000,0.1640,3.0789,0.1868,2.8921,10.2938,3.7236,-2.2361,5393.8356,NA,NA,NA
python.exe,15928,0x0,Other,0,0,1,Hardware: Legacy Flip,2026-8-20 18:33:20.483071200,10.1278,10.1278,0.0000,0.0677,10.1084,0.5891,9.5193,10.8377,8.4024,-0.5439,5397.0153,NA,NA,NA
python.exe,15928,0x0,Other,-1,0,0,Composed: Copy with GPU GDI,2026-8-20 18:33:20.493199000,1.6545,1.6545,0.0000,0.0483,1.6764,0.8434,0.8330,9.1123,15.4814,1.7254,5407.1431,NA,NA,NA
python.exe,15928,0x0,Other,0,0,1,Hardware: Legacy Flip,2026-8-20 18:33:20.494853500,21.0865,21.0865,0.0000,0.0783,21.0803,7.0676,14.0127,22.9392,6.4686,-13.8269,5408.7976,NA,NA,NA
python.exe,15928,0x0,Other,-1,0,0,Composed: Copy with GPU GDI,2026-8-20 18:33:20.515940000,3.0378,3.0378,0.0000,0.0721,3.0281,1.9723,1.0558,NA,NA,NA,NA,NA,NA,NA
python.exe,15928,0x0,Other,0,0,1,Hardware: Legacy Flip,2026-8-20 18:33:20.518977800,4.7298,4.7298,0.0000,0.0656,4.6784,1.6972,2.9812,5.2835,4.2991,17.6557,5432.9219,NA,NA,NA
python.exe,15928,0x0,Other,0,0,1,Hardware: Legacy Flip,2026-8-20 18:33:20.523707600,3.5122,3.5122,0.0000,0.0142,3.5101,0.5865,2.9236,4.8528,8.9820,0.4307,5437.6517,NA,NA,NA
python.exe,15928,0x0,Other,-1,0,0,Composed: Copy with GPU GDI,2026-8-20 18:33:20.527219800,0.9173,0.9173,0.0000,0.0121,1.8795,1.8795,0.0000,NA,NA,NA,NA,NA,NA,NA
python.exe,15928,0x0,Other,0,0,1,Hardware: Legacy Flip,2026-8-20 18:33:20.528137100,8.6100,8.6100,0.0000,0.9772,7.7020,0.5143,7.1877,9.4053,10.0722,-4.5525,5442.0812,NA,NA,NA
python.exe,15928,0x0,Other,-1,0,0,Composed: Copy with GPU GDI,2026-8-20 18:33:20.536747100,4.8569,4.8569,0.0000,0.0692,5.4889,2.3792,3.1097,NA,NA,NA,NA,NA,NA,NA
python.exe,15928,0x0,Other,-1,0,0,Composed: Copy with GPU GDI,2026-8-20 18:33:20.541604000,1.4648,1.4648,0.0000,0.7045,0.8201,0.1790,0.6411,NA,NA,NA,NA,NA,NA,NA
python.exe,15928,0x0,Other,0,0,1,Hardware: Legacy Flip,2026-8-20 18:33:20.543068800,4.2703,4.2703,0.0000,0.0637,4.2229,1.5104,2.7125,4.5458,10.0428,4.8595,5457.0129,NA,NA,NA
python.exe,15928,0x0,Other,-1,0,0,Composed: Copy with GPU GDI,2026-8-20 18:33:20.547339100,2.2610,2.2610,0.0000,0.0163,2.3309,0.5255,1.8054,NA,NA,NA,NA,NA,NA,NA
python.exe,15928,0x0,Other,0,0,1,Hardware: Legacy Flip,2026-8-20 18:33:20.549600100,7.2972,7.2972,0.0000,0.0949,7.3210,0.6354,6.6856,8.0573,6.6918,-3.5115,5463.5442,NA,NA,NA
python.exe,15928,0x0,Other,-1,0,0,Composed: Copy with GPU GDI,2026-8-20 18:33:20.556897300,3.4135,3.4135,0.0000,0.1187,3.3589,0.9784,2.3805,NA,NA,NA,NA,NA,NA,NA
python.exe,15928,0x0,Other,0,0,1,Hardware: Legacy Flip,2026-8-20 18:33:20.560310800,3.7695,3.7695,0.0000,0.0679,3.7153,1.3143,2.4010,4.0384,8.5539,4.0189,5474.2549,NA,NA,NA
python.exe,15928,0x0,Other,0,0,1,Hardware: Legacy Flip,2026-8-20 18:33:20.564080300,7.6360,7.6360,0.0000,0.0137,7.6668,0.6393,7.0275,8.8228,5.3818,-4.7844,5478.0244,NA,NA,NA
python.exe,15928,0x0,Other,-1,0,0,Composed: Copy with GPU GDI,2026-8-20 18:33:20.571716300,1.1146,1.1146,0.0000,0.0445,1.8298,1.8298,0.0000,NA,NA,NA,NA,NA,NA,NA
python.exe,15928,0x0,Other,0,0,1,Hardware: Legacy Flip,2026-8-20 18:33:20.572830900,5.1902,5.1902,0.0000,0.7620,4.4416,1.6932,2.7484,5.4540,11.9252,3.3688,5486.7750,NA,NA,NA
python.exe,15928,0x0,Other,-1,0,0,Composed: Copy with GPU GDI,2026-8-20 18:33:20.578021100,0.9712,0.9712,0.0000,0.0134,1.0485,0.5703,0.4782,NA,NA,NA,NA,NA,NA,NA
python.exe,15928,0x0,Other,-1,0,0,Composed: Copy with GPU GDI,2026-8-20 18:33:20.578992300,1.3201,1.3201,0.0000,0.0945,1.2801,0.1674,1.1127,NA,NA,NA,NA,NA,NA,NA
python.exe,15928,0x0,Other,0,0,1,Hardware: Legacy Flip,2026-8-20 18:33:20.580312400,8.9642,8.9642,0.0000,0.0577,8.9551,0.6070,8.3481,9.8977,9.1707,-4.4437,5494.2565,NA,NA,NA
python.exe,15928,0x0,Other,-1,0,0,Composed: Copy with GPU GDI,2026-8-20 18:33:20.589276600,1.3010,1.3010,0.0000,0.0486,1.3194,1.2565,0.0629,10.1042,10.9717,-0.2065,5503.2207,NA,NA,NA
python.exe,15928,0x0,Other,0,0,1,Hardware: Legacy Flip,2026-8-20 18:33:20.590577600,18.7205,18.7205,0.0000,0.0710,18.7000,4.6821,14.0179,19.7749,7.2297,-9.6707,5504.5217,NA,NA,NA
python.exe,15928,0x0,Other,-1,0,0,Composed: Copy with GPU GDI,2026-8-20 18:33:20.609298100,1.4299,1.4299,0.0000,0.0505,2.0806,2.0806,0.0000,8.2841,12.1337,11.4908,5523.2422,NA,NA,NA
python.exe,15928,0x0,Other,-1,0,0,Composed: Copy with GPU GDI,2026-8-20 18:33:20.610728000,1.2026,1.2026,0.0000,0.7036,0.8888,0.5279,0.3609,18.9879,8.7734,-10.7038,5524.6721,NA,NA,NA
python.exe,15928,0x0,Other,0,0,1,Hardware: Legacy Flip,2026-8-20 18:33:20.611930600,25.1315,25.1315,0.0000,0.3922,24.8112,6.9742,17.8370,26.5587,6.8949,-7.5708,5525.8747,NA,NA,NA
python.exe,15928,0x0,Other,-1,0,0,Composed: Copy with GPU GDI,2026-8-20 18:33:20.637062100,3.0914,3.0914,0.0000,0.0719,3.1277,1.8624,1.2653,NA,NA,NA,NA,NA,NA,NA
python.exe,15928,0x0,Other,0,0,1,Hardware: Legacy Flip,2026-8-20 18:33:20.640153500,4.9594,4.9594,0.0000,0.1102,4.8637,2.2216,2.6421,5.2307,13.5046,21.3280,5554.0976,NA,NA,NA
python.exe,15928,0x0,Other,-1,0,0,Composed: Copy with GPU GDI,2026-8-20 18:33:20.645112900,1.1871,1.1871,0.0000,0.0145,1.2500,0.5288,0.7212,NA,NA,NA,NA,NA,NA,NA
python.exe,15928,0x0,Other,0,0,1,Hardware: Legacy Flip,2026-8-20 18:33:20.646300000,11.4172,11.4172,0.0000,0.0837,11.3792,0.2594,11.1198,12.5888,13.2935,-7.3581,5560.2441,NA,NA,NA
python.exe,15928,0x0,Other,-1,0,0,Composed: Copy with GPU GDI,2026-8-20 18:33:20.657717200,3.6968,3.6968,0.0000,0.0457,3.7182,1.4234,2.2948,14.4651,5.9682,-1.8763,5571.6613,NA,NA,NA
python.exe,15928,0x0,Other,0,0,1,Hardware: Legacy Flip,2026-8-20 18:33:20.661414000,15.5516,15.5516,0.0000,0.0709,15.5317,4.4634,11.0683,16.7365,12.2396,-2.2714,5575.3581,NA,NA,NA
python.exe,15928,0x0,Other,-1,0,0,Composed: Copy with GPU GDI,2026-8-20 18:33:20.676965600,6.9294,6.9294,0.0000,0.0510,6.9720,2.3207,4.6513,13.4245,9.9900,3.3120,5590.9097,NA,NA,NA
python.exe,15928,0x0,Other,0,0,1,Hardware: Legacy Flip,2026-8-20 18:33:20.683895000,15.2908,15.2908,0.0000,0.0976,15.2467,5.1854,10.0613,16.4851,7.6439,-3.0606,5597.8391,NA,NA,NA
python.exe,15928,0x0,Other,-1,0,0,Composed: Copy with GPU GDI,2026-8-20 18:33:20.699185800,2.6422,2.6422,0.0000,0.0535,2.6543,1.4500,1.2043,NA,NA,NA,NA,NA,NA,NA
python.exe,15928,0x0,Other,0,0,1,Hardware: Legacy Flip,2026-8-20 18:33:20.701828000,5.9078,5.9078,0.0000,0.0686,5.8549,2.7165,3.1384,6.1960,13.9764,10.2891,5615.7721,NA,NA,NA
python.exe,15928,0x0,Other,0,0,1,Hardware: Legacy Flip,2026-8-20 18:33:20.707735800,13.4259,13.4259,0.0000,0.0157,13.4754,5.1549,8.3205,14.2646,8.6462,-8.0686,5621.6799,NA,NA,NA
python.exe,15928,0x0,Other,-1,0,0,Composed: Copy with GPU GDI,2026-8-20 18:33:20.721161700,1.9380,1.9380,0.0000,0.0652,2.1249,1.5404,0.5845,NA,NA,NA,NA,NA,NA,NA
python.exe,15928,0x0,Other,-1,0,0,Composed: Copy with GPU GDI,2026-8-20 18:33:20.723099700,3.4898,3.4898,0.0000,0.2543,3.3315,0.2462,3.0853,NA,NA,NA,NA,NA,NA,NA
python.exe,15928,0x0,Other,0,0,1,Hardware: Legacy Flip,2026-8-20 18:33:20.726589500,3.9185,3.9185,0.0000,0.0992,3.8324,1.8095,2.0229,4.0571,8.4956,10.2075,5640.5336,NA,NA,NA
python.exe,15928,0x0,Other,0,0,1,Hardware: Legacy Flip,2026-8-20 18:33:20.730508000,7.8458,7.8458,0.0000,0.0131,7.9066,0.5816,7.3250,8.6342,11.8986,-4.5771,5644.4521,NA,NA,NA
python.exe,15928,0x0,Other,-1,0,0,Composed: Copy with GPU GDI,2026-8-20 18:33:20.738353800,1.6178,1.6178,0.0000,0.0739,1.7585,1.7262,0.0323,NA,NA,NA,NA,NA,NA,NA
python.exe,15928,0x0,Other,-1,0,0,Composed: Copy with GPU GDI,2026-8-20 18:33:20.739971600,1.2784,1.2784,0.0000,0.2168,1.2654,0.3347,0.9307,11.0692,14.9565,-2.4350,5653.9157,NA,NA,NA
python.exe,15928,0x0,Other,0,0,1,Hardware: Legacy Flip,2026-8-20 18:33:20.741250000,23.3343,23.3343,0.0000,0.2064,23.1840,6.4588,16.7252,24.7473,9.3187,-13.6781,5655.1941,NA,NA,NA
python.exe,15928,0x0,Other,-1,0,0,Composed: Copy with GPU GDI,2026-8-20 18:33:20.764584300,2.1127,2.1127,0.0000,0.0561,2.1160,1.8297,0.2863,10.7317,9.0018,14.0156,5678.5284,NA,NA,NA
python.exe,15928,0x0,Other,0,0,1,Hardware: Legacy Flip,2026-8-20 18:33:20.766697000,15.7582,15.7582,0.0000,0.0630,15.7477,5.0349,10.7128,17.6208,3.6990,-6.8891,5680.6411,NA,NA,NA
python.exe,15928,0x0,Other,0,0,1,Hardware: Legacy Flip,2026-8-20 18:33:20.782455200,4.8418,4.8418,0.0000,0.0525,4.8054,3.0218,1.7836,5.5616,4.4385,12.0592,5696.3993,NA,NA,NA
python.exe,15928,0x0,Other,-1,0,0,Composed: Copy with GPU GDI,2026-8-20 18:33:20.787297000,1.1468,1.1468,0.0000,0.0161,1.4856,1.4856,0.0000,NA,NA,NA,NA,NA,NA,NA
python.exe,15928,0x0,Other,0,0,1,Hardware: Legacy Flip,2026-8-20 18:33:20.788443800,2.8179,2.8179,0.0000,0.3575,2.4742,0.3600,2.1142,4.0115,7.1214,1.5501,5702.3879,NA,NA,NA
python.exe,15928,0x0,Other,-1,0,0,Composed: Copy with GPU GDI,2026-8-20 18:33:20.791261700,2.0753,2.0753,0.0000,0.0138,2.1187,1.3596,0.7591,8.3150,2.4855,-4.3035,5705.2058,NA,NA,NA
python.exe,15928,0x0,Other,0,0,1,Hardware: Legacy Flip,2026-8-20 18:33:20.793337000,7.5518,7.5518,0.0000,0.0600,7.5360,0.2489,7.2871,8.7252,9.6535,-0.4102,5707.2811,NA,NA,NA
python.exe,15928,0x0,Other,-1,0,0,Composed: Copy with GPU GDI,2026-8-20 18:33:20.800888800,1.1477,1.1477,0.0000,0.0442,1.2993,1.2993,0.0000,10.8269,12.1391,-2.1017,5714.8329,NA,NA,NA
python.exe,15928,0x0,Other,-1,0,0,Composed: Copy with GPU GDI,2026-8-20 18:33:20.802036500,6.7037,6.7037,0.0000,0.2020,6.8974,1.4243,5.4731,21.8183,1.6807,-10.9914,5715.9806,NA,NA,NA
python.exe,15928,0x0,Other,0,0,1,Hardware: Legacy Flip,2026-8-20 18:33:20.808740200,15.6245,15.6245,0.0000,0.3983,15.2978,4.7350,10.5628,16.7953,10.4449,5.0230,5722.6843,NA,NA,NA
python.exe,15928,0x0,Other,-1,0,0,Composed: Copy with GPU GDI,2026-8-20 18:33:20.824364700,3.6627,3.6627,0.0000,0.0716,3.6587,1.4934,2.1653,11.6157,8.4991,5.1796,5738.3088,NA,NA,NA
python.exe,15928,0x0,Other,0,0,1,Hardware: Legacy Flip,2026-8-20 18:33:20.828027400,15.3286,15.3286,0.0000,0.0703,15.3188,4.7389,10.5799,16.4521,9.7203,-4.8364,5741.9715,NA,NA,NA
python.exe,15928,0x0,Other,-1,0,0,Composed: Copy with GPU GDI,2026-8-20 18:33:20.843356000,2.1239,2.1239,0.0000,0.0605,2.1303,1.4709,0.6594,10.8438,8.7592,5.6083,5757.3001,NA,NA,NA
python.exe,15928,0x0,Other,0,0,1,Hardware: Legacy Flip,2026-8-20 18:33:20.845479900,16.2447,16.2447,0.0000,0.0704,16.2248,5.1659,11.0589,17.4791,9.4959,-6.6353,5759.4240,NA,NA,NA
python.exe,15928,0x0,Other,-1,0,0,Composed: Copy with GPU GDI,2026-8-20 18:33:20.861724600,1.6684,1.6684,0.0000,0.0505,1.6809,1.5462,0.1347,10.7303,2.1564,6.7488,5775.6687,NA,NA,NA
python.exe,15928,0x0,Other,0,0,1,Hardware: Legacy Flip,2026-8-20 18:33:20.863393000,10.9612,10.9612,0.0000,0.0660,10.9467,3.0901,7.8566,11.2183,9.9155,-0.4880,5777.3371,NA,NA,NA
python.exe,15928,0x0,Other,-1,0,0,Composed: Copy with GPU GDI,2026-8-20 18:33:20.874354200,1.6263,1.6263,0.0000,0.0515,1.6567,0.3766,1.2801,10.1726,7.0627,1.0457,5788.2983,NA,NA,NA
python.exe,15928,0x0,Other,0,0,1,Hardware: Legacy Flip,2026-8-20 18:33:20.875980500,14.3955,14.3955,0.0000,0.0854,14.3589,4.3719,9.9870,15.6090,11.1347,-5.4364,5789.9246,NA,NA,NA
python.exe,15928,0x0,Other,-1,0,0,Composed: Copy with GPU GDI,2026-8-20 18:33:20.890376000,4.0111,4.0111,0.0000,0.0488,4.0263,1.4340,2.5923,12.3482,7.9469,3.2608,5804.3201,NA,NA,NA
python.exe,15928,0x0,Other,0,0,1,Hardware: Legacy Flip,2026-8-20 18:33:20.894387100,15.0458,15.0458,0.0000,0.0712,15.0309,4.6244,10.4065,16.2840,4.2667,-3.9358,5808.3312,NA,NA,NA
python.exe,15928,0x0,Other,-1,0,0,Composed: Copy with GPU GDI,2026-8-20 18:33:20.909432900,1.9406,1.9406,0.0000,0.0563,2.1517,1.8914,0.2603,NA,NA,NA,NA,NA,NA,NA
python.exe,15928,0x0,Other,0,0,1,Hardware: Legacy Flip,2026-8-20 18:33:20.911373500,3.3745,3.3745,0.0000,0.2703,3.1191,1.2360,1.8831,3.5643,6.9173,12.7197,5825.3176,NA,NA,NA
python.exe,15928,0x0,Other,-1,0,0,Composed: Copy with GPU GDI,2026-8-20 18:33:20.914748000,1.6446,1.6446,0.0000,0.0149,1.7553,0.7705,0.9848,NA,NA,NA,NA,NA,NA,NA
python.exe,15928,0x0,Other,0,0,1,Hardware: Legacy Flip,2026-8-20 18:33:20.916392600,3.7488,3.7488,0.0000,0.1310,3.6647,0.3620,3.3027,5.4625,17.2512,-1.8982,5830.3367,NA,NA,NA
python.exe,15928,0x0,Other,-1,0,0,Composed: Copy with GPU GDI,2026-8-20 18:33:20.920141400,1.1675,1.1675,0.0000,0.0469,2.0961,2.0961,0.0000,18.9649,3.7779,-13.5024,5834.0855,NA,NA,NA
python.exe,15928,0x0,Other,-1,0,0,Composed: Copy with GPU GDI,2026-8-20 18:33:20.921308900,5.8329,5.8329,0.0000,0.9774,4.9113,0.2450,4.6663,NA,NA,NA,NA,NA,NA,NA
python.exe,15928,0x0,Other,-1,0,0,Composed: Copy with GPU GDI,2026-8-20 18:33:20.927141800,12.5451,12.5451,0.0000,0.0611,13.2228,1.0099,12.2129,NA,NA,NA,NA,NA,NA,NA
python.exe,15928,0x0,Other,0,0,1,Hardware: Legacy Flip,2026-8-20 18:33:20.939686900,2.1360,2.1360,0.0000,0.7413,1.4374,0.3684,1.0690,3.1973,8.3614,15.7676,5853.6310,NA,NA,NA
python.exe,15928,0x0,Other,-1,0,0,Composed: Copy with GPU GDI,2026-8-20 18:33:20.941822900,0.6702,0.6702,0.0000,0.0427,1.1584,1.1584,0.0000,NA,NA,NA,NA,NA,NA,NA
python.exe,15928,0x0,Other,-1,0,0,Composed: Copy with GPU GDI,2026-8-20 18:33:20.942493100,2.5765,2.5765,0.0000,0.5339,2.1344,0.2120,1.9224,8.7525,3.7148,-5.5552,5856.4372,NA,NA,NA
python.exe,15928,0x0,Other,-1,0,0,Composed: Copy with GPU GDI,2026-8-20 18:33:20.945069600,6.7504,6.7504,0.0000,0.0952,6.7296,0.2744,6.4552,NA,NA,NA,NA,NA,NA,NA
python.exe,15928,0x0,Other,0,0,1,Hardware: Legacy Flip,2026-8-20 18:33:20.951820000,1.5950,1.5950,0.0000,0.0804,1.5546,0.2713,1.2833,3.1404,18.5179,5.6121,5865.7641,NA,NA,NA
python.exe,15928,0x0,Other,-1,0,0,Composed: Copy with GPU GDI,2026-8-20 18:33:20.953415000,4.2495,4.2495,0.0000,0.0400,4.2699,1.8354,2.4345,NA,NA,NA,NA,NA,NA,NA
python.exe,15928,0x0,Other,-1,0,0,Composed: Copy with GPU GDI,2026-8-20 18:33:20.957664500,5.7397,5.7397,0.0000,0.0641,5.7964,0.2508,5.5456,NA,NA,NA,NA,NA,NA,NA
python.exe,15928,0x0,Other,0,0,1,Hardware: Legacy Flip,2026-8-20 18:33:20.963404200,8.9150,8.9150,0.0000,0.1249,8.8341,0.5046,8.3295,10.0741,14.1713,-6.9337,5877.3483,NA,NA,NA
python.exe,15928,0x0,Other,-1,0,0,Composed: Copy with GPU GDI,2026-8-20 18:33:20.972319200,1.7610,1.7610,0.0000,0.0440,1.7865,1.5653,0.2212,NA,NA,NA,NA,NA,NA,NA
python.exe,15928,0x0,Other,-1,0,0,Composed: Copy with GPU GDI,2026-8-20 18:33:20.974080200,1.3296,1.3296,0.0000,0.0680,1.4289,0.2121,1.2168,13.5694,0.0902,-3.4953,5888.0243,NA,NA,NA
python.exe,15928,0x0,Other,-1,0,0,Composed: Copy with GPU GDI,2026-8-20 18:33:20.975409800,7.4046,7.4046,0.0000,0.1653,7.2984,0.2572,7.0412,NA,NA,NA,NA,NA,NA,NA
python.exe,15928,0x0,Other,0,0,1,Hardware: Legacy Flip,2026-8-20 18:33:20.982814400,3.4154,3.4154,0.0000,0.0636,3.3931,0.3111,3.0820,4.9254,18.1036,8.6440,5896.7585,NA,NA,NA
python.exe,15928,0x0,Other,-1,0,0,Composed: Copy with GPU GDI,2026-8-20 18:33:20.986229800,1.8023,1.8023,0.0000,0.0413,2.2211,2.2211,0.0000,NA,NA,NA,NA,NA,NA,NA
python.exe,15928,0x0,Other,-1,0,0,Composed: Copy with GPU GDI,2026-8-20 18:33:20.988032100,5.5247,5.5247,0.0000,0.4635,5.1142,0.2236,4.8906,17.8113,6.0704,-12.8859,5901.9762,NA,NA,NA
python.exe,15928,0x0,Other,-1,0,0,Composed: Copy with GPU GDI,2026-8-20 18:33:20.993556800,6.6728,6.6728,0.0000,0.0573,6.7122,0.4048,6.3074,18.3570,0.1461,-0.5457,5907.5009,NA,NA,NA
python.exe,15928,0x0,Other,0,0,1,Hardware: Legacy Flip,2026-8-20 18:33:21.000229600,11.1954,11.1954,0.0000,0.1002,11.1404,2.6859,8.4545,11.8303,10.7394,6.5267,5914.1737,NA,NA,NA
python.exe,15928,0x0,Other,-1,0,0,Composed: Copy with GPU GDI,2026-8-20 18:33:21.011425000,1.8803,1.8803,0.0000,0.0452,1.8956,0.8247,1.0709,NA,NA,NA,NA,NA,NA,NA
python.exe,15928,0x0,Other,-1,0,0,Composed: Copy with GPU GDI,2026-8-20 18:33:21.013305300,5.2405,5.2405,0.0000,0.0646,5.2888,0.3621,4.9267,NA,NA,NA,NA,NA,NA,NA
python.exe,15928,0x0,Other,0,0,1,Hardware: Legacy Flip,2026-8-20 18:33:21.018545800,2.5963,2.5963,0.0000,0.1177,2.5265,0.5789,1.9476,4.2535,16.9169,7.5768,5932.4899,NA,NA,NA
python.exe,15928,0x0,Other,-1,0,0,Composed: Copy with GPU GDI,2026-8-20 18:33:21.021142100,3.9032,3.9032,0.0000,0.0479,4.0817,2.2668,1.8149,NA,NA,NA,NA,NA,NA,NA
python.exe,15928,0x0,Other,-1,0,0,Composed: Copy with GPU GDI,2026-8-20 18:33:21.025045300,4.9279,4.9279,0.0000,0.2285,4.9207,0.2173,4.7034,NA,NA,NA,NA,NA,NA,NA
python.exe,15928,0x0,Other,0,0,1,Hardware: Legacy Flip,2026-8-20 18:33:21.029973200,8.6429,8.6429,0.0000,0.2193,8.4677,0.4690,7.9987,9.7430,8.6103,-5.4895,5943.9173,NA,NA,NA
python.exe,15928,0x0,Other,-1,0,0,Composed: Copy with GPU GDI,2026-8-20 18:33:21.038616100,1.4673,1.4673,0.0000,0.0441,1.4829,1.2885,0.1944,NA,NA,NA,NA,NA,NA,NA
python.exe,15928,0x0,Other,-1,0,0,Composed: Copy with GPU GDI,2026-8-20 18:33:21.040083400,1.9229,1.9229,0.0000,0.0630,1.9126,0.1625,1.7501,8.2431,6.7729,1.4999,5954.0275,NA,NA,NA
python.exe,15928,0x0,Other,-1,0,0,Composed: Copy with GPU GDI,2026-8-20 18:33:21.042006300,7.9823,7.9823,0.0000,0.0558,8.0345,0.2968,7.7377,NA,NA,NA,NA,NA,NA,NA
python.exe,15928,0x0,Other,0,0,1,Hardware: Legacy Flip,2026-8-20 18:33:21.049988600,3.7107,3.7107,0.0000,0.1131,3.6479,0.5105,3.1374,5.1108,17.4739,3.1323,5963.9327,NA,NA,NA
python.exe,15928,0x0,Other,-1,0,0,Composed: Copy with GPU GDI,2026-8-20 18:33:21.053699300,4.6376,4.6376,0.0000,0.0503,4.6576,3.4877,1.1699,18.8740,2.1512,-13.7632,5967.6434,NA,NA,NA
python.exe,15928,0x0,Other,-1,0,0,Composed: Copy with GPU GDI,2026-8-20 18:33:21.058336900,2.8090,2.8090,0.0000,0.0752,2.9758,0.4534,2.5224,NA,NA,NA,NA,NA,NA,NA
python.exe,15928,0x0,Other,-1,0,0,Composed: Copy with GPU GDI,2026-8-20 18:33:21.061145900,5.3991,5.3991,0.0000,0.2454,5.3205,0.4069,4.9136,NA,NA,NA,NA,NA,NA,NA
python.exe,15928,0x0,Other,0,0,1,Hardware: Legacy Flip,2026-8-20 18:33:21.066545000,6.6948,6.6948,0.0000,0.1707,6.5700,0.4570,6.1130,8.1795,14.6725,10.6945,5980.4891,NA,NA,NA
python.exe,15928,0x0,Other,-1,0,0,Composed: Copy with GPU GDI,2026-8-20 18:33:21.073239800,0.8990,0.8990,0.0000,0.0459,1.5816,1.5816,0.0000,NA,NA,NA,NA,NA,NA,NA
python.exe,15928,0x0,Other,-1,0,0,Composed: Copy with GPU GDI,2026-8-20 18:33:21.074138800,4.3856,4.3856,0.0000,0.7318,3.7098,0.1763,3.5335,NA,NA,NA,NA,NA,NA,NA
python.exe,15928,0x0,Other,-1,0,0,Composed: Copy with GPU GDI,2026-8-20 18:33:21.078524400,7.5360,7.5360,0.0000,0.0598,7.8150,0.7315,7.0835,NA,NA,NA,NA,NA,NA,NA
python.exe,15928,0x0,Other,0,0,1,Hardware: Legacy Flip,2026-8-20 18:33:21.086060400,1.9767,1.9767,0.0000,0.3460,1.6794,0.3087,1.3707,3.3366,17.0355,4.8429,6000.0045,NA,NA,NA
python.exe,15928,0x0,Other,-1,0,0,Composed: Copy with GPU GDI,2026-8-20 18:33:21.088037100,5.3017,5.3017,0.0000,0.0487,5.3206,1.5692,3.7514,NA,NA,NA,NA,NA,NA,NA
python.exe,15928,0x0,Other,-1,0,0,Composed: Copy with GPU GDI,2026-8-20 18:33:21.093338800,3.5011,3.5011,0.0000,0.0716,3.5510,0.2763,3.2747,NA,NA,NA,NA,NA,NA,NA
python.exe,15928,0x0,Other,0,0,1,Hardware: Legacy Flip,2026-8-20 18:33:21.096839900,8.5895,8.5895,0.0000,0.1268,8.5084,0.5332,7.9752,9.5926,14.6874,-6.2560,6010.7840,NA,NA,NA
python.exe,15928,0x0,Other,-1,0,0,Composed: Copy with GPU GDI,2026-8-20 18:33:21.105429400,1.4564,1.4564,0.0000,0.0457,1.4704,1.1887,0.2817,NA,NA,NA,NA,NA,NA,NA
python.exe,15928,0x0,Other,-1,0,0,Composed: Copy with GPU GDI,2026-8-20 18:33:21.106885800,1.9439,1.9439,0.0000,0.0630,1.9454,0.1748,1.7706,14.2341,6.0682,-4.6415,6020.8299,NA,NA,NA
python.exe,15928,0x0,Other,-1,0,0,Composed: Copy with GPU GDI,2026-8-20 18:33:21.108829700,7.1126,7.1126,0.0000,0.0684,7.1086,0.2206,6.8880,18.3584,1.2463,-4.1243,6022.7738,NA,NA,NA
python.exe,15928,0x0,Other,0,0,1,Hardware: Legacy Flip,2026-8-20 18:33:21.115942300,11.1607,11.1607,0.0000,0.0700,11.2735,1.9877,9.2858,12.4921,10.8742,5.8663,6029.8864,NA,NA,NA
python.exe,15928,0x0,Other,-1,0,0,Composed: Copy with GPU GDI,2026-8-20 18:33:21.127103000,3.5726,3.5726,0.0000,0.1828,3.4558,1.4294,2.0264,12.2056,0.4015,0.2865,6041.0471,NA,NA,NA
python.exe,15928,0x0,Other,-1,0,0,Composed: Copy with GPU GDI,2026-8-20 18:33:21.130675600,3.0204,3.0204,0.0000,0.0697,3.0140,0.2034,2.8106,NA,NA,NA,NA,NA,NA,NA
python.exe,15928,0x0,Other,0,0,1,Hardware: Legacy Flip,2026-8-20 18:33:21.133696000,4.7863,4.7863,0.0000,0.0656,4.7701,0.4252,4.3449,6.0141,15.8469,6.1915,6047.6401,NA,NA,NA
python.exe,15928,0x0,Other,-1,0,0,Composed: Copy with GPU GDI,2026-8-20 18:33:21.138482300,1.5320,1.5320,0.0000,0.0494,1.8189,1.7218,0.0971,NA,NA,NA,NA,NA,NA,NA
python.exe,15928,0x0,Other,-1,0,0,Composed: Copy with GPU GDI,2026-8-20 18:33:21.140014300,5.2125,5.2125,0.0000,0.3407,5.0194,0.3051,4.7143,NA,NA,NA,NA,NA,NA,NA
python.exe,15928,0x0,Other,-1,0,0,Composed: Copy with GPU GDI,2026-8-20 18:33:21.145226800,6.2257,6.2257,0.0000,0.1509,6.2685,0.4283,5.8402,NA,NA,NA,NA,NA,NA,NA
python.exe,15928,0x0,Other,0,0,1,Hardware: Legacy Flip,2026-8-20 18:33:21.151452500,2.3278,2.3278,0.0000,0.1995,2.1772,0.3013,1.8759,4.1045,17.8246,1.9096,6065.3966,NA,NA,NA
python.exe,15928,0x0,Other,-1,0,0,Composed: Copy with GPU GDI,2026-8-20 18:33:21.153780300,3.9983,3.9983,0.0000,0.0489,4.0108,2.0169,1.9939,NA,NA,NA,NA,NA,NA,NA
python.exe,15928,0x0,Other,-1,0,0,Composed: Copy with GPU GDI,2026-8-20 18:33:21.157778600,6.3689,6.3689,0.0000,0.0652,6.6954,0.6200,6.0754,NA,NA,NA,NA,NA,NA,NA
python.exe,15928,0x0,Other,0,0,1,Hardware: Legacy Flip,2026-8-20 18:33:21.164147500,8.1496,8.1496,0.0000,0.3956,7.7972,0.4040,7.3932,9.2341,14.4597,-5.1296,6078.0916,NA,NA,NA
python.exe,15928,0x0,Other,-1,0,0,Composed: Copy with GPU GDI,2026-8-20 18:33:21.172297100,1.5072,1.5072,0.0000,0.0432,1.5216,1.2711,0.2505,NA,NA,NA,NA,NA,NA,NA
python.exe,15928,0x0,Other,-1,0,0,Composed: Copy with GPU GDI,2026-8-20 18:33:21.173804300,1.5943,1.5943,0.0000,0.0616,1.5813,0.1646,1.4167,14.0370,1.9759,-4.8029,6087.7484,NA,NA,NA
python.exe,15928,0x0,Other,-1,0,0,Composed: Copy with GPU GDI,2026-8-20 18:33:21.175398600,10.8574,10.8574,0.0000,0.0519,10.9377,1.0121,9.9256,NA,NA,NA,NA,NA,NA,NA
python.exe,15928,0x0,Other,0,0,1,Hardware: Legacy Flip,2026-8-20 18:33:21.186256000,1.8699,1.8699,0.0000,0.1360,1.7840,0.5424,1.2416,3.5612,15.9745,10.4758,6100.2001,NA,NA,NA
python.exe,15928,0x0,Other,-1,0,0,Composed: Copy with GPU GDI,2026-8-20 18:33:21.188125900,0.8483,0.8483,0.0000,0.0501,1.9522,1.9522,0.0000,NA,NA,NA,NA,NA,NA,NA
python.exe,15928,0x0,Other,-1,0,0,Composed: Copy with GPU GDI,2026-8-20 18:33:21.188974200,4.6341,4.6341,0.0000,1.1576,3.5335,0.1757,3.3578,NA,NA,NA,NA,NA,NA,NA
python.exe,15928,0x0,Other,-1,0,0,Composed: Copy with GPU GDI,2026-8-20 18:33:21.193608300,6.2465,6.2465,0.0000,0.0608,6.2466,0.2457,6.0009,NA,NA,NA,NA,NA,NA,NA
python.exe,15928,0x0,Other,0,0,1,Hardware: Legacy Flip,2026-8-20 18:33:21.199854800,4.7913,4.7913,0.0000,0.1096,4.7226,0.3998,4.3228,5.9369,12.3836,-2.3757,6113.7989,NA,NA,NA
python.exe,15928,0x0,Other,-1,0,0,Composed: Copy with GPU GDI,2026-8-20 18:33:21.204646100,1.6381,1.6381,0.0000,0.0409,1.6568,1.3396,0.3172,13.5292,3.8874,-7.5923,6118.5902,NA,NA,NA
python.exe,15928,0x0,Other,-1,0,0,Composed: Copy with GPU GDI,2026-8-20 18:33:21.206284200,6.3275,6.3275,0.0000,0.0628,6.4219,0.3103,6.1116,NA,NA,NA,NA,NA,NA,NA
python.exe,15928,0x0,Other,-1,0,0,Composed: Copy with GPU GDI,2026-8-20 18:33:21.212611700,6.0891,6.0891,0.0000,0.1618,5.9970,0.3929,5.6041,NA,NA,NA,NA,NA,NA,NA
python.exe,15928,0x0,Other,0,0,1,Hardware: Legacy Flip,2026-8-20 18:33:21.218700800,2.0328,2.0328,0.0000,0.0741,2.0037,0.7230,1.2807,3.3619,17.5825,10.1673,6132.6449,NA,NA,NA
python.exe,15928,0x0,Other,-1,0,0,Composed: Copy with GPU GDI,2026-8-20 18:33:21.220733600,6.0226,6.0226,0.0000,0.0450,6.2463,1.9988,4.2475,NA,NA,NA,NA,NA,NA,NA
python.exe,15928,0x0,Other,-1,0,0,Composed: Copy with GPU GDI,2026-8-20 18:33:21.226756200,3.2724,3.2724,0.0000,0.2709,3.0846,0.2150,2.8696,NA,NA,NA,NA,NA,NA,NA
python.exe,15928,0x0,Other,0,0,1,Hardware: Legacy Flip,2026-8-20 18:33:21.230028600,8.5205,8.5205,0.0000,0.0860,8.4797,0.4259,8.0538,9.6166,8.8683,-6.2547,6143.9727,NA,NA,NA
python.exe,15928,0x0,Other,-1,0,0,Composed: Copy with GPU GDI,2026-8-20 18:33:21.238549100,1.4121,1.4121,0.0000,0.0452,1.4313,1.2928,0.1385,NA,NA,NA,NA,NA,NA,NA
python.exe,15928,0x0,Other,-1,0,0,Composed: Copy with GPU GDI,2026-8-20 18:33:21.239961200,2.0424,2.0424,0.0000,0.0688,2.0264,0.1655,1.8609,8.5523,11.9842,1.0643,6153.9053,NA,NA,NA
python.exe,15928,0x0,Other,-1,0,0,Composed: Copy with GPU GDI,2026-8-20 18:33:21.242003600,7.9547,7.9547,0.0000,0.0561,8.2149,0.5213,7.6936,NA,NA,NA,NA,NA,NA,NA
python.exe,15928,0x0,Other,0,0,1,Hardware: Legacy Flip,2026-8-20 18:33:21.249958300,9.5682,9.5682,0.0000,0.3187,9.3116,2.3147,6.9969,10.5394,12.2725,-1.9871,6163.9024,NA,NA,NA
python.exe,15928,0x0,Other,-1,0,0,Composed: Copy with GPU GDI,2026-8-20 18:33:21.259526500,3.3146,3.3146,0.0000,0.0621,3.3139,1.4208,1.8931,NA,NA,NA,NA,NA,NA,NA
python.exe,15928,0x0,Other,-1,0,0,Composed: Copy with GPU GDI,2026-8-20 18:33:21.262841100,3.7243,3.7243,0.0000,0.0655,3.7171,0.1767,3.5404,9.9291,1.0346,0.6103,6176.7852,NA,NA,NA
python.exe,15928,0x0,Other,0,0,1,Hardware: Legacy Flip,2026-8-20 18:33:21.266565400,5.8804,5.8804,0.0000,0.1062,5.8248,0.7741,5.0507,7.2394,11.1046,2.6897,6180.5095,NA,NA,NA
python.exe,15928,0x0,Other,-1,0,0,Composed: Copy with GPU GDI,2026-8-20 18:33:21.272445800,1.3669,1.3669,0.0000,0.0506,1.4561,1.4561,0.0000,NA,NA,NA,NA,NA,NA,NA
python.exe,15928,0x0,Other,-1,0,0,Composed: Copy with GPU GDI,2026-8-20 18:33:21.273812700,4.9436,4.9436,0.0000,0.1428,4.9008,0.2853,4.6155,11.0967,4.4111,-3.8573,6187.7568,NA,NA,NA
python.exe,15928,0x0,Other,-1,0,0,Composed: Copy with GPU GDI,2026-8-20 18:33:21.278756300,6.6825,6.6825,0.0000,0.1027,6.6740,0.2904,6.3836,NA,NA,NA,NA,NA,NA,NA
python.exe,15928,0x0,Other,0,0,1,Hardware: Legacy Flip,2026-8-20 18:33:21.285438800,2.3220,2.3220,0.0000,0.1005,2.2704,0.5903,1.6801,3.8817,18.0443,7.2150,6199.3829,NA,NA,NA
python.exe,15928,0x0,Other,-1,0,0,Composed: Copy with GPU GDI,2026-8-20 18:33:21.287760800,3.2791,3.2791,0.0000,0.0489,3.3031,1.7180,1.5851,NA,NA,NA,NA,NA,NA,NA
python.exe,15928,0x0,Other,-1,0,0,Composed: Copy with GPU GDI,2026-8-20 18:33:21.291039900,6.0073,6.0073,0.0000,0.0819,6.1145,0.4037,5.7108,NA,NA,NA,NA,NA,NA,NA
python.exe,15928,0x0,Other,0,0,1,Hardware: Legacy Flip,2026-8-20 18:33:21.297047200,8.8477,8.8477,0.0000,0.1944,8.7037,0.5464,8.1573,10.3176,14.0309,-6.4359,6210.9913,NA,NA,NA
python.exe,15928,0x0,Other,-1,0,0,Composed: Copy with GPU GDI,2026-8-20 18:33:21.305894900,4.7773,4.7773,0.0000,0.0504,4.9388,2.5784,2.3604,NA,NA,NA,NA,NA,NA,NA
python.exe,15928,0x0,Other,-1,0,0,Composed: Copy with GPU GDI,2026-8-20 18:33:21.310672200,0.8199,0.8199,0.0000,0.2150,0.6892,0.2251,0.4641,NA,NA,NA,NA,NA,NA,NA
python.exe,15928,0x0,Other,-1,0,0,Composed: Copy with GPU GDI,2026-8-20 18:33:21.311492100,5.6505,5.6505,0.0000,0.0885,5.6726,0.2749,5.3977,NA,NA,NA,NA,NA,NA,NA
python.exe,15928,0x0,Other,0,0,1,Hardware: Legacy Flip,2026-8-20 18:33:21.317142600,3.2839,3.2839,0.0000,0.1160,3.2256,0.4795,2.7461,4.2531,18.1123,6.0645,6231.0867,NA,NA,NA
python.exe,15928,0x0,Other,-1,0,0,Composed: Copy with GPU GDI,2026-8-20 18:33:21.320426500,0.9433,0.9433,0.0000,0.0577,1.5454,1.5454,0.0000,NA,NA,NA,NA,NA,NA,NA
python.exe,15928,0x0,Other,-1,0,0,Composed: Copy with GPU GDI,2026-8-20 18:33:21.321369800,5.8615,5.8615,0.0000,0.6631,5.2653,0.2563,5.0090,18.1382,0.6126,-13.8851,6235.3139,NA,NA,NA
python.exe,15928,0x0,Other,-1,0,0,Composed: Copy with GPU GDI,2026-8-20 18:33:21.327231300,6.2342,6.2342,0.0000,0.0705,6.3244,0.3671,5.9573,NA,NA,NA,NA,NA,NA,NA
python.exe,15928,0x0,Other,0,0,1,Hardware: Legacy Flip,2026-8-20 18:33:21.333465500,5.5987,5.5987,0.0000,0.1661,5.4790,0.4698,5.0092,6.6551,17.5753,11.4831,6247.4096,NA,NA,NA
python.exe,15928,0x0,Other,-1,0,0,Composed: Copy with GPU GDI,2026-8-20 18:33:21.339064200,1.8950,1.8950,0.0000,0.0464,1.9160,1.4285,0.4875,NA,NA,NA,NA,NA,NA,NA
python.exe,15928,0x0,Other,-1,0,0,Composed: Copy with GPU GDI,2026-8-20 18:33:21.340959200,4.2416,4.2416,0.0000,0.0716,4.2808,0.2506,4.0302,16.7367,6.0947,-10.0816,6254.9033,NA,NA,NA
python.exe,15928,0x0,Other,-1,0,0,Composed: Copy with GPU GDI,2026-8-20 18:33:21.345200800,8.1881,8.1881,0.0000,0.1139,8.1556,0.3704,7.7852,18.5898,33.6377,-1.8531,6259.1449,NA,NA,NA
python.exe,15928,0x0,Other,0,0,1,Hardware: Legacy Flip,2026-8-20 18:33:21.353388900,43.6534,43.6534,0.0000,0.0890,43.6186,2.9671,40.6515,44.0394,4.7340,-25.4496,6267.3330,NA,NA,NA
python.exe,15928,0x0,Other,0,0,1,Hardware: Legacy Flip,2026-8-20 18:33:21.397042300,3.9011,3.9011,0.0000,0.0542,3.9165,0.4568,3.4597,5.1200,7.2206,38.9194,6310.9864,NA,NA,NA
python.exe,15928,0x0,Other,-1,0,0,Composed: Copy with GPU GDI,2026-8-20 18:33:21.400943400,2.1498,2.1498,0.0000,0.0696,2.1399,1.6621,0.4778,NA,NA,NA,NA,NA,NA,NA
python.exe,15928,0x0,Other,-1,0,0,Composed: Copy with GPU GDI,2026-8-20 18:33:21.403093200,3.1376,3.1376,0.0000,0.0640,3.1308,0.2418,2.8890,NA,NA,NA,NA,NA,NA,NA
python.exe,15928,0x0,Other,0,0,1,Hardware: Legacy Flip,2026-8-20 18:33:21.406230800,1.8574,1.8574,0.0000,0.0613,1.8125,0.3787,1.4338,3.1521,12.9982,1.9679,6320.1749,NA,NA,NA
python.exe,15928,0x0,Other,-1,0,0,Composed: Copy with GPU GDI,2026-8-20 18:33:21.408088200,3.9856,3.9856,0.0000,0.0164,4.0210,1.4177,2.6033,NA,NA,NA,NA,NA,NA,NA
python.exe,15928,0x0,Other,-1,0,0,Composed: Copy with GPU GDI,2026-8-20 18:33:21.412073800,6.5746,6.5746,0.0000,0.0564,6.5863,0.3761,6.2102,NA,NA,NA,NA,NA,NA,NA
python.exe,15928,0x0,Other,0,0,1,Hardware: Legacy Flip,2026-8-20 18:33:21.418648400,2.2567,2.2567,0.0000,0.0752,2.2290,0.3132,1.9158,3.7327,8.1387,-0.5806,6332.5925,NA,NA,NA
python.exe,15928,0x0,Other,-1,0,0,Composed: Copy with GPU GDI,2026-8-20 18:33:21.420905100,3.3181,3.3181,0.0000,0.0475,3.3216,1.6558,1.6658,9.6147,10.7245,-5.8820,6334.8492,NA,NA,NA
python.exe,15928,0x0,Other,-1,0,0,Composed: Copy with GPU GDI,2026-8-20 18:33:21.424223200,9.3052,9.3052,0.0000,0.0548,9.9798,1.1148,8.8650,NA,NA,NA,NA,NA,NA,NA
python.exe,15928,0x0,Other,0,0,1,Hardware: Legacy Flip,2026-8-20 18:33:21.433528400,6.1851,6.1851,0.0000,0.7322,5.5046,0.4362,5.0684,7.7159,13.5208,1.8988,6347.4725,NA,NA,NA
python.exe,15928,0x0,Other,-1,0,0,Composed: Copy with GPU GDI,2026-8-20 18:33:21.439713500,1.8924,1.8924,0.0000,0.0517,2.0986,2.0986,0.0000,NA,NA,NA,NA,NA,NA,NA
python.exe,15928,0x0,Other,-1,0,0,Composed: Copy with GPU GDI,2026-8-20 18:33:21.441605900,0.7950,0.7950,0.0000,0.2609,0.5866,0.1680,0.4186,13.1592,0.2801,-5.4433,6355.5500,NA,NA,NA
python.exe,15928,0x0,Other,-1,0,0,Composed: Copy with GPU GDI,2026-8-20 18:33:21.442400900,7.7462,7.7462,0.0000,0.0557,7.7626,0.3032,7.4594,NA,NA,NA,NA,NA,NA,NA
python.exe,15928,0x0,Other,0,0,1,Hardware: Legacy Flip,2026-8-20 18:33:21.450147100,3.1062,3.1062,0.0000,0.0768,3.0835,0.4850,2.5985,4.8981,17.9285,8.2611,6364.0912,NA,NA,NA
python.exe,15928,0x0,Other,-1,0,0,Composed: Copy with GPU GDI,2026-8-20 18:33:21.453253300,1.1494,1.1494,0.0000,0.0541,2.5532,2.5532,0.0000,NA,NA,NA,NA,NA,NA,NA
python.exe,15928,0x0,Other,-1,0,0,Composed: Copy with GPU GDI,2026-8-20 18:33:21.454402700,6.2457,6.2457,0.0000,1.4604,4.8559,0.2574,4.5985,18.5710,0.5156,-13.6729,6368.3468,NA,NA,NA
python.exe,15928,0x0,Other,-1,0,0,Composed: Copy with GPU GDI,2026-8-20 18:33:21.460648400,6.4738,6.4738,0.0000,0.0747,6.4686,0.3545,6.1141,NA,NA,NA,NA,NA,NA,NA
python.exe,15928,0x0,Other,0,0,1,Hardware: Legacy Flip,2026-8-20 18:33:21.467122200,5.2936,5.2936,0.0000,0.0749,5.2661,0.4472,4.8189,6.3671,15.7559,12.2039,6381.0663,NA,NA,NA
python.exe,15928,0x0,Other,-1,0,0,Composed: Copy with GPU GDI,2026-8-20 18:33:21.472415800,1.3944,1.3944,0.0000,0.0474,1.4309,1.3577,0.0732,NA,NA,NA,NA,NA,NA,NA
python.exe,15928,0x0,Other,-1,0,0,Composed: Copy with GPU GDI,2026-8-20 18:33:21.473810200,4.8826,4.8826,0.0000,0.0864,4.8446,0.2222,4.6224,NA,NA,NA,NA,NA,NA,NA
python.exe,15928,0x0,Other,-1,0,0,Composed: Copy with GPU GDI,2026-8-20 18:33:21.478692800,6.4098,6.4098,0.0000,0.0516,6.5180,0.3632,6.1548,NA,NA,NA,NA,NA,NA,NA
python.exe,15928,0x0,Other,0,0,1,Hardware: Legacy Flip,2026-8-20 18:33:21.485102600,2.7322,2.7322,0.0000,0.1666,2.6074,0.2744,2.3330,4.1426,14.0688,2.2245,6399.0467,NA,NA,NA
python.exe,15928,0x0,Other,-1,0,0,Composed: Copy with GPU GDI,2026-8-20 18:33:21.487834800,6.1800,6.1800,0.0000,0.0418,6.1987,1.6464,4.5523,NA,NA,NA,NA,NA,NA,NA
python.exe,15928,0x0,Other,-1,0,0,Composed: Copy with GPU GDI,2026-8-20 18:33:21.494014800,2.8846,2.8846,0.0000,0.0640,2.8985,0.1956,2.7029,9.2992,3.6262,-5.1566,6407.9589,NA,NA,NA
python.exe,15928,0x0,Other,0,0,1,Hardware: Legacy Flip,2026-8-20 18:33:21.496899400,9.1298,9.1298,0.0000,0.0829,9.0931,0.5633,8.5298,10.0408,8.5092,-0.7416,6410.8435,NA,NA,NA
python.exe,15928,0x0,Other,-1,0,0,Composed: Copy with GPU GDI,2026-8-20 18:33:21.506029200,1.2829,1.2829,0.0000,0.0462,1.2978,1.0992,0.1986,NA,NA,NA,NA,NA,NA,NA
python.exe,15928,0x0,Other,-1,0,0,Composed: Copy with GPU GDI,2026-8-20 18:33:21.507312100,1.4377,1.4377,0.0000,0.0648,1.4292,0.1602,1.2690,8.1373,12.1267,1.9035,6421.2562,NA,NA,NA
python.exe,15928,0x0,Other,-1,0,0,Composed: Copy with GPU GDI,2026-8-20 18:33:21.508749800,8.1642,8.1642,0.0000,0.0603,8.1740,0.3491,7.8249,18.8263,3.3944,-10.6890,6422.6939,NA,NA,NA
python.exe,15928,0x0,Other,0,0,1,Hardware: Legacy Flip,2026-8-20 18:33:21.516914000,13.9155,13.9155,0.0000,0.0754,13.8947,3.5819,10.3128,14.0565,8.7440,4.7698,6430.8581,NA,NA,NA
python.exe,15928,0x0,Other,-1,0,0,Composed: Copy with GPU GDI,2026-8-20 18:33:21.530829500,2.2457,2.2457,0.0000,0.0546,2.2580,0.2712,1.9868,8.8850,0.6669,5.1715,6444.7736,NA,NA,NA
python.exe,15928,0x0,Other,-1,0,0,Composed: Copy with GPU GDI,2026-8-20 18:33:21.533075200,0.9329,0.9329,0.0000,0.0713,0.9195,0.1886,0.7309,NA,NA,NA,NA,NA,NA,NA
python.exe,15928,0x0,Other,0,0,1,Hardware: Legacy Flip,2026-8-20 18:33:21.534008100,5.3184,5.3184,0.0000,0.0613,5.3073,0.5764,4.7309,6.3733,15.7931,2.5117,6447.9522,NA,NA,NA
python.exe,15928,0x0,Other,-1,0,0,Composed: Copy with GPU GDI,2026-8-20 18:33:21.539326500,1.7274,1.7274,0.0000,0.0502,1.7963,1.5363,0.2600,NA,NA,NA,NA,NA,NA,NA
python.exe,15928,0x0,Other,-1,0,0,Composed: Copy with GPU GDI,2026-8-20 18:33:21.541053900,4.1868,4.1868,0.0000,0.1248,4.1711,0.2554,3.9157,NA,NA,NA,NA,NA,NA,NA
python.exe,15928,0x0,Other,-1,0,0,Composed: Copy with GPU GDI,2026-8-20 18:33:21.545240700,6.9708,6.9708,0.0000,0.1121,6.9557,0.3792,6.5765,NA,NA,NA,NA,NA,NA,NA
python.exe,15928,0x0,Other,0,0,1,Hardware: Legacy Flip,2026-8-20 18:33:21.552211500,2.3470,2.3470,0.0000,0.1037,2.2950,0.3388,1.9562,3.9630,17.8455,2.4103,6466.1556,NA,NA,NA
python.exe,15928,0x0,Other,-1,0,0,Composed: Copy with GPU GDI,2026-8-20 18:33:21.554558500,10.0767,10.0767,0.0000,0.0517,10.1070,2.7211,7.3859,NA,NA,NA,NA,NA,NA,NA
python.exe,15928,0x0,Other,-1,0,0,Composed: Copy with GPU GDI,2026-8-20 18:33:21.564635200,1.3129,1.3129,0.0000,0.0887,1.5603,0.5212,1.0391,NA,NA,NA,NA,NA,NA,NA
python.exe,15928,0x0,Other,0,0,1,Hardware: Legacy Flip,2026-8-20 18:33:21.565948100,6.9479,6.9479,0.0000,0.3385,6.6633,0.4879,6.1754,8.0719,14.2203,-4.1089,6479.8922,NA,NA,NA
python.exe,15928,0x0,Other,-1,0,0,Composed: Copy with GPU GDI,2026-8-20 18:33:21.572896000,1.7989,1.7989,0.0000,0.0539,1.8083,1.3113,0.4970,NA,NA,NA,NA,NA,NA,NA
python.exe,15928,0x0,Other,-1,0,0,Composed: Copy with GPU GDI,2026-8-20 18:33:21.574694900,0.8369,0.8369,0.0000,0.0668,0.8295,0.1683,0.6612,13.5454,0.6754,-5.4735,6488.6390,NA,NA,NA
python.exe,15928,0x0,Other,-1,0,0,Composed: Copy with GPU GDI,2026-8-20 18:33:21.575531800,7.7981,7.7981,0.0000,0.0627,7.9890,0.5256,7.4634,NA,NA,NA,NA,NA,NA,NA
python.exe,15928,0x0,Other,0,0,1,Hardware: Legacy Flip,2026-8-20 18:33:21.583329900,3.7893,3.7893,0.0000,0.2576,3.5824,0.4195,3.1629,5.5858,17.5292,7.9596,6497.2740,NA,NA,NA
python.exe,15928,0x0,Other,-1,0,0,Composed: Copy with GPU GDI,2026-8-20 18:33:21.587119200,0.9814,0.9814,0.0000,0.0507,2.4868,2.4868,0.0000,NA,NA,NA,NA,NA,NA,NA
python.exe,15928,0x0,Other,-1,0,0,Composed: Copy with GPU GDI,2026-8-20 18:33:21.588100600,6.1151,6.1151,0.0000,1.5588,4.7492,0.3884,4.3608,18.3443,1.0100,-12.7585,6502.0447,NA,NA,NA
python.exe,15928,0x0,Other,-1,0,0,Composed: Copy with GPU GDI,2026-8-20 18:33:21.594215700,6.4559,6.4559,0.0000,0.1967,6.3441,0.4042,5.9399,NA,NA,NA,NA,NA,NA,NA
python.exe,15928,0x0,Other,0,0,1,Hardware: Legacy Flip,2026-8-20 18:33:21.600671600,5.8983,5.8983,0.0000,0.0930,5.8657,0.6509,5.2148,6.7833,15.9315,11.5610,6514.6157,NA,NA,NA
python.exe,15928,0x0,Other,-1,0,0,Composed: Copy with GPU GDI,2026-8-20 18:33:21.606569900,1.6361,1.6361,0.0000,0.0604,1.6360,1.4978,0.1382,NA,NA,NA,NA,NA,NA,NA
python.exe,15928,0x0,Other,-1,0,0,Composed: Copy with GPU GDI,2026-8-20 18:33:21.608206000,3.7505,3.7505,0.0000,0.0647,3.7379,0.2139,3.5240,NA,NA,NA,NA,NA,NA,NA
python.exe,15928,0x0,Other,-1,0,0,Composed: Copy with GPU GDI,2026-8-20 18:33:21.611956500,6.9879,6.9879,0.0000,0.0554,7.0232,0.4741,6.5491,NA,NA,NA,NA,NA,NA,NA
python.exe,15928,0x0,Other,0,0,1,Hardware: Legacy Flip,2026-8-20 18:33:21.618944400,2.8004,2.8004,0.0000,0.0972,2.7650,0.4273,2.3377,4.4420,19.4562,2.3413,6532.8885,NA,NA,NA
python.exe,15928,0x0,Other,-1,0,0,Composed: Copy with GPU GDI,2026-8-20 18:33:21.621744800,5.1591,5.1591,0.0000,0.0618,5.3617,2.6432,2.7185,NA,NA,NA,NA,NA,NA,NA
python.exe,15928,0x0,Other,-1,0,0,Composed: Copy with GPU GDI,2026-8-20 18:33:21.626903900,3.3159,3.3159,0.0000,0.2689,3.1047,0.1812,2.9235,15.9387,7.2129,-11.4967,6540.8480,NA,NA,NA
python.exe,15928,0x0,Other,0,0,1,Hardware: Legacy Flip,2026-8-20 18:33:21.630219800,19.0892,19.0892,0.0000,0.0624,19.1395,2.7233,16.4162,19.8357,7.9062,-3.8970,6544.1639,NA,NA,NA
python.exe,15928,0x0,Other,-1,0,0,Composed: Copy with GPU GDI,2026-8-20 18:33:21.649309000,3.3745,3.3745,0.0000,0.1127,3.3359,0.8342,2.5017,NA,NA,NA,NA,NA,NA,NA
python.exe,15928,0x0,Other,-1,0,0,Composed: Copy with GPU GDI,2026-8-20 18:33:21.652683500,1.6565,1.6565,0.0000,0.0793,1.8245,0.4253,1.3992,NA,NA,NA,NA,NA,NA,NA
python.exe,15928,0x0,Other,0,0,1,Hardware: Legacy Flip,2026-8-20 18:33:21.654340000,2.2628,2.2628,0.0000,0.2515,2.0639,0.3150,1.7489,3.6217,15.2226,16.2140,6568.2841,NA,NA,NA
python.exe,15928,0x0,Other,-1,0,0,Composed: Copy with GPU GDI,2026-8-20 18:33:21.656602800,1.0207,1.0207,0.0000,0.0526,1.6680,1.6680,0.0000,16.5815,2.7123,-12.9598,6570.5469,NA,NA,NA
python.exe,15928,0x0,Other,-1,0,0,Composed: Copy with GPU GDI,2026-8-20 18:33:21.657623500,3.6642,3.6642,0.0000,0.7029,3.0305,0.3739,2.6566,NA,NA,NA,NA,NA,NA,NA
python.exe,15928,0x0,Other,-1,0,0,Composed: Copy with GPU GDI,2026-8-20 18:33:21.661287700,5.7621,5.7621,0.0000,0.0736,5.8848,0.3895,5.4953,NA,NA,NA,NA,NA,NA,NA
python.exe,15928,0x0,Other,0,0,1,Hardware: Legacy Flip,2026-8-20 18:33:21.667049800,7.6712,7.6712,0.0000,0.2008,7.5339,0.6088,6.9251,8.8468,9.4135,7.7347,6580.9939,NA,NA,NA
python.exe,15928,0x0,Other,-1,0,0,Composed: Copy with GPU GDI,2026-8-20 18:33:21.674721000,2.0332,2.0332,0.0000,0.0635,2.0377,1.5534,0.4843,10.5891,6.3138,-1.7423,6588.6651,NA,NA,NA
python.exe,15928,0x0,Other,-1,0,0,Composed: Copy with GPU GDI,2026-8-20 18:33:21.676754200,9.8087,9.8087,0.0000,0.0719,9.9469,1.2531,8.6938,NA,NA,NA,NA,NA,NA,NA
python.exe,15928,0x0,Other,-1,0,0,Composed: Copy with GPU GDI,2026-8-20 18:33:21.686562900,1.5415,1.5415,0.0000,0.2159,1.6859,0.5660,1.1199,NA,NA,NA,NA,NA,NA,NA
python.exe,15928,0x0,Other,0,0,1,Hardware: Legacy Flip,2026-8-20 18:33:21.688104400,2.0653,2.0653,0.0000,0.3660,1.7587,0.2710,1.4877,3.5195,16.0165,7.0696,6602.0485,NA,NA,NA
python.exe,15928,0x0,Other,-1,0,0,Composed: Copy with GPU GDI,2026-8-20 18:33:21.690169700,0.7823,0.7823,0.0000,0.0594,1.5622,1.5622,0.0000,NA,NA,NA,NA,NA,NA,NA
python.exe,15928,0x0,Other,-1,0,0,Composed: Copy with GPU GDI,2026-8-20 18:33:21.690952000,5.8113,5.8113,0.0000,0.8444,5.0388,0.2650,4.7738,NA,NA,NA,NA,NA,NA,NA
python.exe,15928,0x0,Other,0,0,1,Hardware: Legacy Flip,2026-8-20 18:33:21.696763300,9.6316,9.6316,0.0000,0.0758,9.6088,0.4796,9.1292,10.8771,8.0115,-7.3576,6610.7074,NA,NA,NA
python.exe,15928,0x0,Other,-1,0,0,Composed: Copy with GPU GDI,2026-8-20 18:33:21.706394900,1.8031,1.8031,0.0000,0.0530,1.8789,1.8272,0.0517,NA,NA,NA,NA,NA,NA,NA
python.exe,15928,0x0,Other,-1,0,0,Composed: Copy with GPU GDI,2026-8-20 18:33:21.708198000,0.8660,0.8660,0.0000,0.1243,0.7947,0.1634,0.6313,7.4539,6.2503,3.4232,6622.1421,NA,NA,NA
python.exe,15928,0x0,Other,-1,0,0,Composed: Copy with GPU GDI,2026-8-20 18:33:21.709064000,7.9745,7.9745,0.0000,0.0563,7.9946,0.2684,7.7262,NA,NA,NA,NA,NA,NA,NA
python.exe,15928,0x0,Other,0,0,1,Hardware: Legacy Flip,2026-8-20 18:33:21.717038500,3.7552,3.7552,0.0000,0.0836,3.7245,0.4618,3.2627,4.8637,18.0086,2.5902,6630.9826,NA,NA,NA
python.exe,15928,0x0,Other,-1,0,0,Composed: Copy with GPU GDI,2026-8-20 18:33:21.720793700,1.2975,1.2975,0.0000,0.0529,1.3230,1.3230,0.0000,NA,NA,NA,NA,NA,NA,NA
python.exe,15928,0x0,Other,-1,0,0,Composed: Copy with GPU GDI,2026-8-20 18:33:21.722091200,5.4089,5.4089,0.0000,0.0825,5.3838,0.2539,5.1299,17.8196,0.5629,-12.9559,6636.0353,NA,NA,NA
python.exe,15928,0x0,Other,-1,0,0,Composed: Copy with GPU GDI,2026-8-20 18:33:21.727500100,6.6454,6.6454,0.0000,0.0610,6.6874,0.4614,6.2260,NA,NA,NA,NA,NA,NA,NA
python.exe,15928,0x0,Other,0,0,1,Hardware: Legacy Flip,2026-8-20 18:33:21.734145500,5.2705,5.2705,0.0000,0.0994,5.2214,0.4312,4.7902,6.3282,14.6243,11.4914,6648.0896,NA,NA,NA
python.exe,15928,0x0,Other,-1,0,0,Composed: Copy with GPU GDI,2026-8-20 18:33:21.739416000,1.4795,1.4795,0.0000,0.0503,1.8185,1.7689,0.0496,NA,NA,NA,NA,NA,NA,NA
python.exe,15928,0x0,Other,-1,0,0,Composed: Copy with GPU GDI,2026-8-20 18:33:21.740895500,4.4185,4.4185,0.0000,0.3932,4.1022,0.2691,3.8331,NA,NA,NA,NA,NA,NA,NA
python.exe,15928,0x0,Other,-1,0,0,Composed: Copy with GPU GDI,2026-8-20 18:33:21.745314000,6.3943,6.3943,0.0000,0.0810,6.4041,0.2732,6.1309,NA,NA,NA,NA,NA,NA,NA
python.exe,15928,0x0,Other,0,0,1,Hardware: Legacy Flip,2026-8-20 18:33:21.751708300,2.3124,2.3124,0.0000,0.0961,2.2795,0.3257,1.9538,3.3897,15.1455,2.9385,6665.6524,NA,NA,NA
python.exe,15928,0x0,Other,-1,0,0,Composed: Copy with GPU GDI,2026-8-20 18:33:21.754020700,6.1723,6.1723,0.0000,0.0632,6.4303,1.7771,4.6532,NA,NA,NA,NA,NA,NA,NA
python.exe,15928,0x0,Other,-1,0,0,Composed: Copy with GPU GDI,2026-8-20 18:33:21.760193000,3.4035,3.4035,0.0000,0.3255,3.1428,0.1838,2.9590,10.0505,11.1899,-6.6608,6674.1371,NA,NA,NA
python.exe,15928,0x0,Other,0,0,1,Hardware: Legacy Flip,2026-8-20 18:33:21.763596500,17.4634,17.4634,0.0000,0.0694,17.4518,2.8744,14.5774,17.8369,9.3468,-7.7864,6677.5406,NA,NA,NA
python.exe,15928,0x0,Other,-1,0,0,Composed: Copy with GPU GDI,2026-8-20 18:33:21.781059900,5.9712,5.9712,0.0000,0.0578,6.0668,0.7943,5.2725,NA,NA,NA,NA,NA,NA,NA
python.exe,15928,0x0,Other,0,0,1,Hardware: Legacy Flip,2026-8-20 18:33:21.787031100,1.7662,1.7662,0.0000,0.1573,1.6628,0.3228,1.3400,3.7491,15.8702,14.0878,6700.9752,NA,NA,NA
python.exe,15928,0x0,Other,-1,0,0,Composed: Copy with GPU GDI,2026-8-20 18:33:21.788797300,0.9072,0.9072,0.0000,0.0539,2.3097,2.3097,0.0000,NA,NA,NA,NA,NA,NA,NA
python.exe,15928,0x0,Other,-1,0,0,Composed: Copy with GPU GDI,2026-8-20 18:33:21.789704500,4.0342,4.0342,0.0000,1.4598,2.6770,0.2466,2.4304,16.9459,0.1661,-13.1968,6703.6486,NA,NA,NA
python.exe,15928,0x0,Other,-1,0,0,Composed: Copy with GPU GDI,2026-8-20 18:33:21.793738700,6.4330,6.4330,0.0000,0.1062,6.4011,0.2949,6.1062,NA,NA,NA,NA,NA,NA,NA
python.exe,15928,0x0,Other,0,0,1,Hardware: Legacy Flip,2026-8-20 18:33:21.800171700,5.6204,5.6204,0.0000,0.0805,5.5843,0.5340,5.0503,6.6448,11.9503,10.3011,6714.1158,NA,NA,NA
python.exe,15928,0x0,Other,-1,0,0,Composed: Copy with GPU GDI,2026-8-20 18:33:21.805792100,5.6837,5.6837,0.0000,0.0444,5.7015,2.1535,3.5480,NA,NA,NA,NA,NA,NA,NA
python.exe,15928,0x0,Other,-1,0,0,Composed: Copy with GPU GDI,2026-8-20 18:33:21.811475800,0.6915,0.6915,0.0000,0.0671,0.6747,0.1549,0.5198,7.2910,3.5433,-0.6462,6725.4199,NA,NA,NA
python.exe,15928,0x0,Other,-1,0,0,Composed: Copy with GPU GDI,2026-8-20 18:33:21.812167300,6.1582,6.1582,0.0000,0.0539,6.1797,0.3192,5.8605,NA,NA,NA,NA,NA,NA,NA
python.exe,15928,0x0,Other,0,0,1,Hardware: Legacy Flip,2026-8-20 18:33:21.818325500,2.2013,2.2013,0.0000,0.0811,2.1661,0.2719,1.8942,3.9846,14.6517,3.3064,6732.2696,NA,NA,NA
python.exe,15928,0x0,Other,-1,0,0,Composed: Copy with GPU GDI,2026-8-20 18:33:21.820526800,3.7322,3.7322,0.0000,0.0459,3.7472,2.0101,1.7371,16.4350,3.9659,-12.4504,6734.4709,NA,NA,NA
python.exe,15928,0x0,Other,-1,0,0,Composed: Copy with GPU GDI,2026-8-20 18:33:21.824259000,6.1511,6.1511,0.0000,0.0654,6.1500,0.2528,5.8972,NA,NA,NA,NA,NA,NA,NA
python.exe,15928,0x0,Other,0,0,1,Hardware: Legacy Flip,2026-8-20 18:33:21.830410100,9.4331,9.4331,0.0000,0.0693,9.4108,0.7530,8.6578,10.5176,8.1796,5.9174,6744.3542,NA,NA,NA
python.exe,15928,0x0,Other,-1,0,0,Composed: Copy with GPU GDI,2026-8-20 18:33:21.839843200,1.4575,1.4575,0.0000,0.0470,1.4768,1.2829,0.1939,NA,NA,NA,NA,NA,NA,NA
python.exe,15928,0x0,Other,-1,0,0,Composed: Copy with GPU GDI,2026-8-20 18:33:21.841300700,0.7929,0.7929,0.0000,0.0715,0.7793,0.1642,0.6151,7.8066,6.2039,2.7110,6755.2448,NA,NA,NA
python.exe,15928,0x0,Other,-1,0,0,Composed: Copy with GPU GDI,2026-8-20 18:33:21.842093600,8.6431,8.6431,0.0000,0.0621,8.6726,0.2886,8.3840,NA,NA,NA,NA,NA,NA,NA
python.exe,15928,0x0,Other,0,0,1,Hardware: Legacy Flip,2026-8-20 18:33:21.850736700,3.3992,3.3992,0.0000,0.0979,3.3534,0.4561,2.8973,4.5745,18.0791,3.2321,6764.6808,NA,NA,NA
python.exe,15928,0x0,Other,-1,0,0,Composed: Copy with GPU GDI,2026-8-20 18:33:21.854135900,0.8721,0.8721,0.0000,0.0521,1.7121,1.7121,0.0000,NA,NA,NA,NA,NA,NA,NA
python.exe,15928,0x0,Other,-1,0,0,Composed: Copy with GPU GDI,2026-8-20 18:33:21.855008000,5.9254,5.9254,0.0000,0.8957,5.0854,0.2508,4.8346,NA,NA,NA,NA,NA,NA,NA
python.exe,15928,0x0,Other,-1,0,0,Composed: Copy with GPU GDI,2026-8-20 18:33:21.860933400,5.7994,5.7994,0.0000,0.0594,5.7981,0.2571,5.5410,NA,NA,NA,NA,NA,NA,NA
python.exe,15928,0x0,Other,0,0,1,Hardware: Legacy Flip,2026-8-20 18:33:21.866732800,5.5405,5.5405,0.0000,0.0624,5.5236,0.6538,4.8698,6.6575,12.1025,-2.0830,6780.6769,NA,NA,NA
python.exe,15928,0x0,Other,-1,0,0,Composed: Copy with GPU GDI,2026-8-20 18:33:21.872273300,1.6264,1.6264,0.0000,0.0455,1.6499,1.3639,0.2860,NA,NA,NA,NA,NA,NA,NA
python.exe,15928,0x0,Other,-1,0,0,Composed: Copy with GPU GDI,2026-8-20 18:33:21.873899700,4.7493,4.7493,0.0000,0.0730,4.7548,0.2536,4.5012,11.5931,3.1342,-4.9356,6787.8438,NA,NA,NA
python.exe,15928,0x0,Other,-1,0,0,Composed: Copy with GPU GDI,2026-8-20 18:33:21.878649000,6.5871,6.5871,0.0000,0.0816,6.5716,0.3068,6.2648,NA,NA,NA,NA,NA,NA,NA
python.exe,15928,0x0,Other,0,0,1,Hardware: Legacy Flip,2026-8-20 18:33:21.885236100,2.1217,2.1217,0.0000,0.0729,2.0928,0.2780,1.8148,3.3909,15.0719,8.2022,6799.1802,NA,NA,NA
python.exe,15928,0x0,Other,-1,0,0,Composed: Copy with GPU GDI,2026-8-20 18:33:21.887357800,3.8602,3.8602,0.0000,0.0440,3.8742,1.4966,2.3776,16.3411,6.0664,-12.9502,6801.3019,NA,NA,NA
python.exe,15928,0x0,Other,-1,0,0,Composed: Copy with GPU GDI,2026-8-20 18:33:21.891218000,5.6415,5.6415,0.0000,0.0615,5.6381,0.2353,5.4028,18.5473,4.9225,-2.2062,6805.1621,NA,NA,NA
python.exe,15928,0x0,Other,0,0,1,Hardware: Legacy Flip,2026-8-20 18:33:21.896859500,17.0690,17.0690,0.0000,0.0627,17.0679,2.5519,14.5160,17.8283,7.7610,0.7190,6810.8036,NA,NA,NA
python.exe,15928,0x0,Other,-1,0,0,Composed: Copy with GPU GDI,2026-8-20 18:33:21.913928500,5.1779,5.1779,0.0000,0.0616,5.1939,1.0818,4.1121,NA,NA,NA,NA,NA,NA,NA
python.exe,15928,0x0,Other,0,0,1,Hardware: Legacy Flip,2026-8-20 18:33:21.919106400,2.3019,2.3019,0.0000,0.0868,2.2684,0.3311,1.9373,3.3424,17.6463,14.4859,6833.0505,NA,NA,NA
python.exe,15928,0x0,Other,-1,0,0,Composed: Copy with GPU GDI,2026-8-20 18:33:21.921408300,1.2543,1.2543,0.0000,0.0533,1.5130,1.5130,0.0000,NA,NA,NA,NA,NA,NA,NA
python.exe,15928,0x0,Other,-1,0,0,Composed: Copy with GPU GDI,2026-8-20 18:33:21.922662600,8.8376,8.8376,0.0000,0.3177,9.2899,1.0217,8.2682,NA,NA,NA,NA,NA,NA,NA
python.exe,15928,0x0,Other,-1,0,0,Composed: Copy with GPU GDI,2026-8-20 18:33:21.931500200,1.7126,1.7126,0.0000,0.7735,1.0038,0.2496,0.7542,NA,NA,NA,NA,NA,NA,NA
python.exe,15928,0x0,Other,0,0,1,Hardware: Legacy Flip,2026-8-20 18:33:21.933212800,5.4379,5.4379,0.0000,0.0681,5.4170,0.6795,4.7375,6.8823,12.1425,-3.5399,6847.1569,NA,NA,NA
python.exe,15928,0x0,Other,-1,0,0,Composed: Copy with GPU GDI,2026-8-20 18:33:21.938650700,1.6498,1.6498,0.0000,0.0472,1.6747,1.6199,0.0548,NA,NA,NA,NA,NA,NA,NA
python.exe,15928,0x0,Other,-1,0,0,Composed: Copy with GPU GDI,2026-8-20 18:33:21.940300500,4.9306,4.9306,0.0000,0.0771,4.9177,0.2212,4.6965,11.9371,3.7110,-5.0548,6854.2446,NA,NA,NA
python.exe,15928,0x0,Other,-1,0,0,Composed: Copy with GPU GDI,2026-8-20 18:33:21.945231100,6.5698,6.5698,0.0000,0.0692,6.5700,0.2706,6.2994,NA,NA,NA,NA,NA,NA,NA
python.exe,15928,0x0,Other,0,0,1,Hardware: Legacy Flip,2026-8-20 18:33:21.951800900,2.4833,2.4833,0.0000,0.0750,2.4517,0.3091,2.1426,4.1477,14.4872,7.7894,6865.7450,NA,NA,NA
python.exe,15928,0x0,Other,-1,0,0,Composed: Copy with GPU GDI,2026-8-20 18:33:21.954284200,3.2301,3.2301,0.0000,0.0434,3.2495,1.8867,1.3628,16.1516,5.0022,-12.0039,6868.2283,NA,NA,NA
python.exe,15928,0x0,Other,-1,0,0,Composed: Copy with GPU GDI,2026-8-20 18:33:21.957514300,6.1101,6.1101,0.0000,0.0665,6.0998,0.2621,5.8377,NA,NA,NA,NA,NA,NA,NA
python.exe,15928,0x0,Other,0,0,1,Hardware: Legacy Flip,2026-8-20 18:33:21.963624400,10.5159,10.5159,0.0000,0.0595,10.5051,0.6402,9.8649,11.8136,7.1530,4.3380,6877.5685,NA,NA,NA
python.exe,15928,0x0,Other,-1,0,0,Composed: Copy with GPU GDI,2026-8-20 18:33:21.974140300,1.1722,1.1722,0.0000,0.0487,1.4027,1.4027,0.0000,NA,NA,NA,NA,NA,NA,NA
python.exe,15928,0x0,Other,-1,0,0,Composed: Copy with GPU GDI,2026-8-20 18:33:21.975312500,0.8685,0.8685,0.0000,0.2835,0.6461,0.1761,0.4700,7.2785,5.9479,4.5351,6889.2566,NA,NA,NA
python.exe,15928,0x0,Other,-1,0,0,Composed: Copy with GPU GDI,2026-8-20 18:33:21.976181000,7.1244,7.1244,0.0000,0.0643,7.2344,0.3817,6.8527,NA,NA,NA,NA,NA,NA,NA
python.exe,15928,0x0,Other,0,0,1,Hardware: Legacy Flip,2026-8-20 18:33:21.983305400,3.5599,3.5599,0.0000,0.1709,3.4546,0.6468,2.8078,5.2335,18.2974,2.0450,6897.2495,NA,NA,NA
python.exe,15928,0x0,Other,-1,0,0,Composed: Copy with GPU GDI,2026-8-20 18:33:21.986865300,1.4600,1.4600,0.0000,0.0656,2.3307,2.3307,0.0000,NA,NA,NA,NA,NA,NA,NA
python.exe,15928,0x0,Other,-1,0,0,Composed: Copy with GPU GDI,2026-8-20 18:33:21.988325300,6.0397,6.0397,0.0000,0.9408,5.1672,0.2625,4.9047,18.5110,0.6045,-13.2775,6902.2694,NA,NA,NA
python.exe,15928,0x0,Other,-1,0,0,Composed: Copy with GPU GDI,2026-8-20 18:33:21.994365000,6.0541,6.0541,0.0000,0.0715,6.0562,0.2660,5.7902,NA,NA,NA,NA,NA,NA,NA
python.exe,15928,0x0,Other,0,0,1,Hardware: Legacy Flip,2026-8-20 18:33:22.000419100,5.9858,5.9858,0.0000,0.0827,5.9530,0.5164,5.4366,7.0217,11.5398,11.4893,6914.3632,NA,NA,NA
python.exe,15928,0x0,Other,-1,0,0,Composed: Copy with GPU GDI,2026-8-20 18:33:22.006404900,2.3164,2.3164,0.0000,0.0499,2.5336,1.4642,1.0694,NA,NA,NA,NA,NA,NA,NA
python.exe,15928,0x0,Other,-1,0,0,Composed: Copy with GPU GDI,2026-8-20 18:33:22.008721300,3.3829,3.3829,0.0000,0.2702,3.1948,0.2449,2.9499,10.2593,3.2463,-3.2376,6922.6654,NA,NA,NA
python.exe,15928,0x0,Other,-1,0,0,Composed: Copy with GPU GDI,2026-8-20 18:33:22.012104200,6.2208,6.2208,0.0000,0.0804,6.2070,0.2631,5.9439,NA,NA,NA,NA,NA,NA,NA
python.exe,15928,0x0,Other,0,0,1,Hardware: Legacy Flip,2026-8-20 18:33:22.018325000,2.4535,2.4535,0.0000,0.0701,2.4336,0.3118,2.1218,3.9019,14.9323,6.3574,6932.2691,NA,NA,NA
python.exe,15928,0x0,Other,-1,0,0,Composed: Copy with GPU GDI,2026-8-20 18:33:22.020778500,3.6215,3.6215,0.0000,0.0502,3.6326,1.6803,1.9523,16.3807,6.0831,-12.4788,6934.7226,NA,NA,NA
python.exe,15928,0x0,Other,-1,0,0,Composed: Copy with GPU GDI,2026-8-20 18:33:22.024400000,5.6408,5.6408,0.0000,0.0647,5.6618,0.2563,5.4055,18.8423,4.3440,-2.4616,6938.3441,NA,NA,NA
python.exe,15928,0x0,Other,0,0,1,Hardware: Legacy Flip,2026-8-20 18:33:22.030040800,17.1965,17.1965,0.0000,0.0894,17.1627,3.2468,13.9159,17.5455,7.2110,1.2968,6943.9849,NA,NA,NA
python.exe,15928,0x0,Other,-1,0,0,Composed: Copy with GPU GDI,2026-8-20 18:33:22.047237300,3.2003,3.2003,0.0000,0.0556,3.2557,0.9718,2.2839,NA,NA,NA,NA,NA,NA,NA
python.exe,15928,0x0,Other,0,0,1,Hardware: Legacy Flip,2026-8-20 18:33:22.050437600,2.7527,2.7527,0.0000,0.1139,2.6905,0.4350,2.2555,4.3597,18.4756,13.1858,6964.3817,NA,NA,NA
python.exe,15928,0x0,Other,-1,0,0,Composed: Copy with GPU GDI,2026-8-20 18:33:22.053190300,7.9350,7.9350,0.0000,0.0517,8.3202,3.3391,4.9811,NA,NA,NA,NA,NA,NA,NA
python.exe,15928,0x0,Other,-1,0,0,Composed: Copy with GPU GDI,2026-8-20 18:33:22.061125300,1.8354,1.8354,0.0000,0.4410,1.4722,0.2468,1.2254,NA,NA,NA,NA,NA,NA,NA
python.exe,15928,0x0,Other,-1,0,0,Composed: Copy with GPU GDI,2026-8-20 18:33:22.062960700,3.6504,3.6504,0.0000,0.0809,3.6758,0.2563,3.4195,NA,NA,NA,NA,NA,NA,NA
python.exe,15928,0x0,Other,0,0,1,Hardware: Legacy Flip,2026-8-20 18:33:22.066611100,5.5482,5.5482,0.0000,0.1105,5.4876,0.6362,4.8514,6.6618,12.4536,-2.3021,6980.5552,NA,NA,NA
python.exe,15928,0x0,Other,-1,0,0,Composed: Copy with GPU GDI,2026-8-20 18:33:22.072159300,1.2697,1.2697,0.0000,0.0499,1.2775,1.2277,0.0498,13.5672,3.1960,-6.9054,6986.1034,NA,NA,NA
python.exe,15928,0x0,Other,-1,0,0,Composed: Copy with GPU GDI,2026-8-20 18:33:22.073429000,5.1551,5.1551,0.0000,0.0608,5.1635,0.2274,4.9361,NA,NA,NA,NA,NA,NA,NA
python.exe,15928,0x0,Other,-1,0,0,Composed: Copy with GPU GDI,2026-8-20 18:33:22.078584100,6.5119,6.5119,0.0000,0.0728,6.5073,0.2617,6.2456,NA,NA,NA,NA,NA,NA,NA
python.exe,15928,0x0,Other,0,0,1,Hardware: Legacy Flip,2026-8-20 18:33:22.085096000,2.1147,2.1147,0.0000,0.0738,2.0875,0.3804,1.7071,3.8265,14.9858,9.7407,6999.0401,NA,NA,NA
python.exe,15928,0x0,Other,-1,0,0,Composed: Copy with GPU GDI,2026-8-20 18:33:22.087210700,3.6979,3.6979,0.0000,0.0466,3.7177,1.9539,1.7638,16.6976,3.3044,-12.8711,7001.1548,NA,NA,NA
python.exe,15928,0x0,Other,-1,0,0,Composed: Copy with GPU GDI,2026-8-20 18:33:22.090908600,5.9092,5.9092,0.0000,0.0699,5.9042,0.2559,5.6483,NA,NA,NA,NA,NA,NA,NA
python.exe,15928,0x0,Other,0,0,1,Hardware: Legacy Flip,2026-8-20 18:33:22.096817800,8.9179,8.9179,0.0000,0.0689,8.9000,0.4916,8.4084,10.3949,8.8224,6.3027,7010.7619,NA,NA,NA
python.exe,15928,0x0,Other,-1,0,0,Composed: Copy with GPU GDI,2026-8-20 18:33:22.105735700,1.2116,1.2116,0.0000,0.0510,1.5860,1.5860,0.0000,NA,NA,NA,NA,NA,NA,NA
python.exe,15928,0x0,Other,-1,0,0,Composed: Copy with GPU GDI,2026-8-20 18:33:22.106947300,1.8667,1.8667,0.0000,0.4295,1.4929,0.1699,1.3230,9.0878,4.7651,1.3071,7020.8914,NA,NA,NA
python.exe,15928,0x0,Other,-1,0,0,Composed: Copy with GPU GDI,2026-8-20 18:33:22.108814000,7.7731,7.7731,0.0000,0.0595,7.8454,0.3206,7.5248,NA,NA,NA,NA,NA,NA,NA
python.exe,15928,0x0,Other,0,0,1,Hardware: Legacy Flip,2026-8-20 18:33:22.116587100,3.2625,3.2625,0.0000,0.1377,3.1731,0.4408,2.7323,4.2131,7.3585,4.8747,7030.5312,NA,NA,NA
python.exe,15928,0x0,Other,-1,0,0,Composed: Copy with GPU GDI,2026-8-20 18:33:22.119849600,1.3497,1.3497,0.0000,0.0483,1.8599,1.8170,0.0429,8.3091,12.1466,-4.0960,7033.7937,NA,NA,NA
python.exe,15928,0x0,Other,-1,0,0,Composed: Copy with GPU GDI,2026-8-20 18:33:22.121199300,5.8468,5.8468,0.0000,0.5612,5.3736,0.2555,5.1181,19.1060,0.3484,-10.7969,7035.1434,NA,NA,NA
python.exe,15928,0x0,Other,-1,0,0,Composed: Copy with GPU GDI,2026-8-20 18:33:22.127046100,6.8149,6.8149,0.0000,0.0910,6.7885,0.2870,6.5015,NA,NA,NA,NA,NA,NA,NA
python.exe,15928,0x0,Other,0,0,1,Hardware: Legacy Flip,2026-8-20 18:33:22.133861000,5.7384,5.7384,0.0000,0.0692,5.7154,0.3453,5.3701,6.7927,11.7848,12.3133,7047.8051,NA,NA,NA
python.exe,15928,0x0,Other,-1,0,0,Composed: Copy with GPU GDI,2026-8-20 18:33:22.139599400,1.4320,1.4320,0.0000,0.0462,1.5181,1.3703,0.1478,NA,NA,NA,NA,NA,NA,NA
python.exe,15928,0x0,Other,-1,0,0,Composed: Copy with GPU GDI,2026-8-20 18:33:22.141031400,4.3771,4.3771,0.0000,0.1366,4.2942,0.2476,4.0466,11.4071,2.4213,-4.6144,7054.9755,NA,NA,NA
python.exe,15928,0x0,Other,-1,0,0,Composed: Copy with GPU GDI,2026-8-20 18:33:22.145408500,6.3647,6.3647,0.0000,0.0577,6.3824,0.2635,6.1189,NA,NA,NA,NA,NA,NA,NA
python.exe,15928,0x0,Other,0,0,1,Hardware: Legacy Flip,2026-8-20 18:33:22.151773200,2.0448,2.0448,0.0000,0.0809,2.0158,0.3321,1.6837,3.0866,15.7771,8.3205,7065.7173,NA,NA,NA
python.exe,15928,0x0,Other,-1,0,0,Composed: Copy with GPU GDI,2026-8-20 18:33:22.153818000,4.2406,4.2406,0.0000,0.0519,4.2509,1.2689,2.9820,16.8189,6.0709,-13.7323,7067.7621,NA,NA,NA
python.exe,15928,0x0,Other,-1,0,0,Composed: Copy with GPU GDI,2026-8-20 18:33:22.158058600,5.9360,5.9360,0.0000,0.0669,5.9327,0.2546,5.6781,18.6492,4.8697,-1.8303,7072.0027,NA,NA,NA
python.exe,15928,0x0,Other,0,0,1,Hardware: Legacy Flip,2026-8-20 18:33:22.163994600,16.9692,16.9692,0.0000,0.0676,16.9598,2.6261,14.3337,17.5829,12.6425,1.0663,7077.9387,NA,NA,NA
python.exe,15928,0x0,Other,-1,0,0,Composed: Copy with GPU GDI,2026-8-20 18:33:22.180963800,7.9227,7.9227,0.0000,0.0582,8.5602,2.3239,6.2363,NA,NA,NA,NA,NA,NA,NA
python.exe,15928,0x0,Other,0,0,1,Hardware: Legacy Flip,2026-8-20 18:33:22.188886500,4.3859,4.3859,0.0000,0.6997,3.7404,0.4288,3.3116,5.3335,6.7466,12.2494,7102.8306,NA,NA,NA
python.exe,15928,0x0,Other,-1,0,0,Composed: Copy with GPU GDI,2026-8-20 18:33:22.193272400,0.8696,0.8696,0.0000,0.0542,1.0343,1.0343,0.0000,7.6942,5.9855,-2.3607,7107.2165,NA,NA,NA
python.exe,15928,0x0,Other,-1,0,0,Composed: Copy with GPU GDI,2026-8-20 18:33:22.194142000,1.9836,1.9836,0.0000,0.2213,1.8333,0.2257,1.6076,NA,NA,NA,NA,NA,NA,NA
python.exe,15928,0x0,Other,-1,0,0,Composed: Copy with GPU GDI,2026-8-20 18:33:22.196125600,3.9313,3.9313,0.0000,0.0737,3.9360,0.2836,3.6524,NA,NA,NA,NA,NA,NA,NA
python.exe,15928,0x0,Other,0,0,1,Hardware: Legacy Flip,2026-8-20 18:33:22.200056900,5.8211,5.8211,0.0000,0.0822,5.7870,0.3453,5.4417,6.8952,12.2159,0.7990,7114.0010,NA,NA,NA
python.exe,15928,0x0,Other,-1,0,0,Composed: Copy with GPU GDI,2026-8-20 18:33:22.205878000,1.3830,1.3830,0.0000,0.0481,1.4034,1.2859,0.1175,NA,NA,NA,NA,NA,NA,NA
python.exe,15928,0x0,Other,-1,0,0,Composed: Copy with GPU GDI,2026-8-20 18:33:22.207261000,4.9622,4.9622,0.0000,0.0721,4.9430,0.2621,4.6809,11.9070,3.2499,-5.0118,7121.2051,NA,NA,NA
python.exe,15928,0x0,Other,-1,0,0,Composed: Copy with GPU GDI,2026-8-20 18:33:22.212223200,6.4878,6.4878,0.0000,0.0569,6.5116,0.3321,6.1795,NA,NA,NA,NA,NA,NA,NA
python.exe,15928,0x0,Other,0,0,1,Hardware: Legacy Flip,2026-8-20 18:33:22.218711000,2.1916,2.1916,0.0000,0.0892,2.1579,0.2990,1.8589,3.7069,14.9420,8.2001,7132.6551,NA,NA,NA
python.exe,15928,0x0,Other,-1,0,0,Composed: Copy with GPU GDI,2026-8-20 18:33:22.220902600,3.3830,3.3830,0.0000,0.0555,3.3925,1.8531,1.5394,16.4573,2.7424,-12.7504,7134.8467,NA,NA,NA
python.exe,15928,0x0,Other,-1,0,0,Composed: Copy with GPU GDI,2026-8-20 18:33:22.224285600,5.8387,5.8387,0.0000,0.0680,5.8197,0.2210,5.5987,NA,NA,NA,NA,NA,NA,NA
python.exe,15928,0x0,Other,0,0,1,Hardware: Legacy Flip,2026-8-20 18:33:22.230124300,8.8925,8.8925,0.0000,0.0515,8.8883,0.4387,8.4496,9.9780,9.4011,6.4793,7144.0684,NA,NA,NA
python.exe,15928,0x0,Other,-1,0,0,Composed: Copy with GPU GDI,2026-8-20 18:33:22.239016800,1.5962,1.5962,0.0000,0.0473,1.6088,1.2776,0.3312,NA,NA,NA,NA,NA,NA,NA
python.exe,15928,0x0,Other,-1,0,0,Composed: Copy with GPU GDI,2026-8-20 18:33:22.240613000,1.4110,1.4110,0.0000,0.0632,1.4005,0.1546,1.2459,8.8904,5.9398,1.0876,7154.5571,NA,NA,NA
python.exe,15928,0x0,Other,-1,0,0,Composed: Copy with GPU GDI,2026-8-20 18:33:22.242024000,7.3941,7.3941,0.0000,0.0558,7.4960,0.3552,7.1408,NA,NA,NA,NA,NA,NA,NA
python.exe,15928,0x0,Other,0,0,1,Hardware: Legacy Flip,2026-8-20 18:33:22.249418100,4.0802,4.0802,0.0000,0.1612,3.9689,0.4356,3.5333,6.0251,12.2570,2.8653,7163.3622,NA,NA,NA
python.exe,15928,0x0,Other,-1,0,0,Composed: Copy with GPU GDI,2026-8-20 18:33:22.253498300,0.9715,0.9715,0.0000,0.0499,2.5465,2.5465,0.0000,NA,NA,NA,NA,NA,NA,NA
python.exe,15928,0x0,Other,-1,0,0,Composed: Copy with GPU GDI,2026-8-20 18:33:22.254469800,5.9802,5.9802,0.0000,1.6277,4.4135,0.2523,4.1612,13.2304,5.6791,-7.2053,7168.4139,NA,NA,NA
python.exe,15928,0x0,Other,-1,0,0,Composed: Copy with GPU GDI,2026-8-20 18:33:22.260450000,6.4725,6.4725,0.0000,0.0654,6.4648,0.2518,6.2130,NA,NA,NA,NA,NA,NA,NA
python.exe,15928,0x0,Other,0,0,1,Hardware: Legacy Flip,2026-8-20 18:33:22.266922500,5.3516,5.3516,0.0000,0.0617,5.3346,0.6599,4.6747,6.4568,12.5238,6.7736,7180.8666,NA,NA,NA
python.exe,15928,0x0,Other,-1,0,0,Composed: Copy with GPU GDI,2026-8-20 18:33:22.272274100,1.9790,1.9790,0.0000,0.0447,1.9961,1.2628,0.7333,NA,NA,NA,NA,NA,NA,NA
python.exe,15928,0x0,Other,-1,0,0,Composed: Copy with GPU GDI,2026-8-20 18:33:22.274253100,4.3421,4.3421,0.0000,0.0714,4.3757,0.2579,4.1178,11.6500,11.1449,-5.1932,7188.1972,NA,NA,NA
python.exe,15928,0x0,Other,-1,0,0,Composed: Copy with GPU GDI,2026-8-20 18:33:22.278595200,6.5890,6.5890,0.0000,0.1080,6.5508,0.2583,6.2925,NA,NA,NA,NA,NA,NA,NA
python.exe,15928,0x0,Other,0,0,1,Hardware: Legacy Flip,2026-8-20 18:33:22.285184200,10.9268,10.9268,0.0000,0.0769,10.9011,2.1850,8.7161,11.8638,7.0535,-0.2138,7199.1283,NA,NA,NA
python.exe,15928,0x0,Other,-1,0,0,Composed: Copy with GPU GDI,2026-8-20 18:33:22.296111000,1.5721,1.5721,0.0000,0.0512,1.5789,1.1251,0.4538,7.9905,2.8505,3.8733,7210.0551,NA,NA,NA
python.exe,15928,0x0,Other,0,0,1,Hardware: Legacy Flip,2026-8-20 18:33:22.297683100,8.2234,8.2234,0.0000,0.0610,8.2092,0.4678,7.7414,9.2689,9.2724,-1.2784,7211.6272,NA,NA,NA
python.exe,15928,0x0,Other,-1,0,0,Composed: Copy with GPU GDI,2026-8-20 18:33:22.305906500,3.9555,3.9555,0.0000,0.0468,4.0219,2.3146,1.7073,10.3179,5.5365,-1.0490,7219.8506,NA,NA,NA
python.exe,15928,0x0,Other,-1,0,0,Composed: Copy with GPU GDI,2026-8-20 18:33:22.309862000,0.7932,0.7932,0.0000,0.1116,0.9198,0.3730,0.5468,NA,NA,NA,NA,NA,NA,NA
python.exe,15928,0x0,Other,-1,0,0,Composed: Copy with GPU GDI,2026-8-20 18:33:22.310655200,5.3323,5.3323,0.0000,0.2402,5.1455,0.2612,4.8843,NA,NA,NA,NA,NA,NA,NA
python.exe,15928,0x0,Other,0,0,1,Hardware: Legacy Flip,2026-8-20 18:33:22.315987500,4.0063,4.0063,0.0000,0.0582,3.9928,0.4155,3.5773,5.7734,12.6698,4.5445,7229.9316,NA,NA,NA
python.exe,15928,0x0,Other,-1,0,0,Composed: Copy with GPU GDI,2026-8-20 18:33:22.319993800,1.0129,1.0129,0.0000,0.0447,2.4217,2.4217,0.0000,NA,NA,NA,NA,NA,NA,NA
python.exe,15928,0x0,Other,-1,0,0,Composed: Copy with GPU GDI,2026-8-20 18:33:22.321006700,6.1561,6.1561,0.0000,1.4562,4.7741,0.2624,4.5117,13.4240,5.6288,-7.6506,7234.9508,NA,NA,NA
python.exe,15928,0x0,Other,-1,0,0,Composed: Copy with GPU GDI,2026-8-20 18:33:22.327162800,6.3652,6.3652,0.0000,0.0779,6.3609,0.3132,6.0477,NA,NA,NA,NA,NA,NA,NA
python.exe,15928,0x0,Other,0,0,1,Hardware: Legacy Flip,2026-8-20 18:33:22.333528000,4.7935,4.7935,0.0000,0.0821,4.7569,0.5715,4.1854,6.5315,12.5691,6.8925,7247.4721,NA,NA,NA
python.exe,15928,0x0,Other,-1,0,0,Composed: Copy with GPU GDI,2026-8-20 18:33:22.338321500,1.3076,1.3076,0.0000,0.0455,1.8374,1.8374,0.0000,14.3071,2.5812,-7.7756,7252.2656,NA,NA,NA
python.exe,15928,0x0,Other,-1,0,0,Composed: Copy with GPU GDI,2026-8-20 18:33:22.339629100,5.5502,5.5502,0.0000,0.5788,5.0484,0.2487,4.7997,NA,NA,NA,NA,NA,NA,NA
python.exe,15928,0x0,Other,-1,0,0,Composed: Copy with GPU GDI,2026-8-20 18:33:22.345179300,6.4899,6.4899,0.0000,0.0802,6.4699,0.2536,6.2163,NA,NA,NA,NA,NA,NA,NA
python.exe,15928,0x0,Other,0,0,1,Hardware: Legacy Flip,2026-8-20 18:33:22.351669200,1.7231,1.7231,0.0000,0.0637,1.7050,0.3260,1.3790,3.5406,15.6149,10.7665,7265.6133,NA,NA,NA
python.exe,15928,0x0,Other,-1,0,0,Composed: Copy with GPU GDI,2026-8-20 18:33:22.353392300,4.5335,4.5335,0.0000,0.0456,4.5442,2.0535,2.4907,17.4324,2.1426,-13.8918,7267.3364,NA,NA,NA
python.exe,15928,0x0,Other,-1,0,0,Composed: Copy with GPU GDI,2026-8-20 18:33:22.357925800,5.4807,5.4807,0.0000,0.0593,5.4961,0.2224,5.2737,NA,NA,NA,NA,NA,NA,NA
python.exe,15928,0x0,Other,0,0,1,Hardware: Legacy Flip,2026-8-20 18:33:22.363406500,8.3404,8.3404,0.0000,0.0808,8.3022,0.4057,7.8965,9.5608,9.9864,7.8716,7277.3506,NA,NA,NA
python.exe,15928,0x0,Other,-1,0,0,Composed: Copy with GPU GDI,2026-8-20 18:33:22.371746900,1.2187,1.2187,0.0000,0.0426,1.3409,1.3213,0.0196,NA,NA,NA,NA,NA,NA,NA
python.exe,15928,0x0,Other,-1,0,0,Composed: Copy with GPU GDI,2026-8-20 18:33:22.372965600,2.4708,2.4708,0.0000,0.1633,2.3608,0.1707,2.1901,9.9881,5.7708,-0.4273,7286.9097,NA,NA,NA
python.exe,15928,0x0,Other,-1,0,0,Composed: Copy with GPU GDI,2026-8-20 18:33:22.375436400,7.2029,7.2029,0.0000,0.0567,7.2309,0.2719,6.9590,NA,NA,NA,NA,NA,NA,NA
python.exe,15928,0x0,Other,0,0,1,Hardware: Legacy Flip,2026-8-20 18:33:22.382639300,4.0460,4.0460,0.0000,0.0890,4.0066,0.4207,3.5859,6.0852,12.4437,3.9029,7296.5834,NA,NA,NA
python.exe,15928,0x0,Other,-1,0,0,Composed: Copy with GPU GDI,2026-8-20 18:33:22.386685300,1.0087,1.0087,0.0000,0.0496,2.6388,2.6388,0.0000,NA,NA,NA,NA,NA,NA,NA
python.exe,15928,0x0,Other,-1,0,0,Composed: Copy with GPU GDI,2026-8-20 18:33:22.387694000,6.0384,6.0384,0.0000,1.6849,4.4199,0.2554,4.1645,13.4742,32.8980,-7.3890,7301.6381,NA,NA,NA
python.exe,15928,0x0,Other,0,0,1,Hardware: Legacy Flip,2026-8-20 18:33:22.393732400,40.1577,40.1577,0.0000,0.0698,40.2640,3.3275,36.9365,40.3338,11.3250,-26.8596,7307.6765,NA,NA,NA
python.exe,15928,0x0,Other,-1,0,0,Composed: Copy with GPU GDI,2026-8-20 18:33:22.433890100,7.0045,7.0045,0.0000,0.1761,7.3078,1.2206,6.0872,NA,NA,NA,NA,NA,NA,NA
python.exe,15928,0x0,Other,-1,0,0,Composed: Copy with GPU GDI,2026-8-20 18:33:22.440894600,1.7922,1.7922,0.0000,0.4828,1.3680,0.1740,1.1940,NA,NA,NA,NA,NA,NA,NA
python.exe,15928,0x0,Other,0,0,1,Hardware: Legacy Flip,2026-8-20 18:33:22.442686800,1.5634,1.5634,0.0000,0.0620,1.5157,0.2634,1.2523,2.7044,9.7060,37.6294,7356.6309,NA,NA,NA
python.exe,15928,0x0,Other,-1,0,0,Composed: Copy with GPU GDI,2026-8-20 18:33:22.444250200,5.4975,5.4975,0.0000,0.0143,5.5704,1.5405,4.0299,NA,NA,NA,NA,NA,NA,NA
python.exe,15928,0x0,Other,0,0,1,Hardware: Legacy Flip,2026-8-20 18:33:22.449747700,3.6054,3.6054,0.0000,0.0920,3.5618,0.4390,3.1228,5.3495,12.8013,-2.6451,7363.6918,NA,NA,NA
python.exe,15928,0x0,Other,-1,0,0,Composed: Copy with GPU GDI,2026-8-20 18:33:22.453353100,1.1409,1.1409,0.0000,0.0484,2.3778,2.3778,0.0000,14.5454,5.3633,-9.1959,7367.2972,NA,NA,NA
python.exe,15928,0x0,Other,-1,0,0,Composed: Copy with GPU GDI,2026-8-20 18:33:22.454494000,6.2984,6.2984,0.0000,1.2877,5.0709,0.2554,4.8155,NA,NA,NA,NA,NA,NA,NA
python.exe,15928,0x0,Other,-1,0,0,Composed: Copy with GPU GDI,2026-8-20 18:33:22.460792400,5.8137,5.8137,0.0000,0.0643,5.8943,0.3342,5.5601,NA,NA,NA,NA,NA,NA,NA
python.exe,15928,0x0,Other,0,0,1,Hardware: Legacy Flip,2026-8-20 18:33:22.466606100,5.7632,5.7632,0.0000,0.1508,5.6594,0.4969,5.1625,6.6557,12.8318,7.8897,7380.5502,NA,NA,NA
python.exe,15928,0x0,Other,-1,0,0,Composed: Copy with GPU GDI,2026-8-20 18:33:22.472369300,1.5246,1.5246,0.0000,0.0470,1.6283,1.1786,0.4497,13.7243,2.4971,-7.0686,7386.3134,NA,NA,NA
python.exe,15928,0x0,Other,-1,0,0,Composed: Copy with GPU GDI,2026-8-20 18:33:22.473893900,5.5076,5.5076,0.0000,0.1538,5.4200,0.2239,5.1961,NA,NA,NA,NA,NA,NA,NA
python.exe,15928,0x0,Other,-1,0,0,Composed: Copy with GPU GDI,2026-8-20 18:33:22.479401500,5.5205,5.5205,0.0000,0.0693,5.5259,0.2713,5.2546,NA,NA,NA,NA,NA,NA,NA
python.exe,15928,0x0,Other,0,0,1,Hardware: Legacy Flip,2026-8-20 18:33:22.484922000,1.9735,1.9735,0.0000,0.0785,1.9521,0.3473,1.6048,3.6687,15.7042,10.0556,7398.8661,NA,NA,NA
python.exe,15928,0x0,Other,-1,0,0,Composed: Copy with GPU GDI,2026-8-20 18:33:22.486895500,6.3360,6.3360,0.0000,0.0571,6.3385,2.0062,4.3323,NA,NA,NA,NA,NA,NA,NA
python.exe,15928,0x0,Other,-1,0,0,Composed: Copy with GPU GDI,2026-8-20 18:33:22.493231500,3.4127,3.4127,0.0000,0.0632,3.4036,0.1649,3.2387,11.0634,2.3950,-7.3947,7407.1756,NA,NA,NA
python.exe,15928,0x0,Other,0,0,1,Hardware: Legacy Flip,2026-8-20 18:33:22.496644200,9.1234,9.1234,0.0000,0.0580,9.1131,0.5369,8.5762,10.0457,9.7412,1.0177,7410.5883,NA,NA,NA
python.exe,15928,0x0,Other,-1,0,0,Composed: Copy with GPU GDI,2026-8-20 18:33:22.505767600,1.5951,1.5951,0.0000,0.0477,1.6529,1.1200,0.5329,NA,NA,NA,NA,NA,NA,NA
python.exe,15928,0x0,Other,-1,0,0,Composed: Copy with GPU GDI,2026-8-20 18:33:22.507362700,1.5903,1.5903,0.0000,0.1107,1.5346,0.1630,1.3716,9.0684,5.9174,0.9773,7421.3068,NA,NA,NA
python.exe,15928,0x0,Other,-1,0,0,Composed: Copy with GPU GDI,2026-8-20 18:33:22.508953000,7.2962,7.2962,0.0000,0.0589,7.3041,0.2629,7.0412,NA,NA,NA,NA,NA,NA,NA
python.exe,15928,0x0,Other,0,0,1,Hardware: Legacy Flip,2026-8-20 18:33:22.516249200,4.3687,4.3687,0.0000,0.0716,4.3453,0.4307,3.9146,6.0993,12.2843,2.9691,7430.1933,NA,NA,NA
python.exe,15928,0x0,Other,-1,0,0,Composed: Copy with GPU GDI,2026-8-20 18:33:22.520617900,0.8529,0.8529,0.0000,0.0482,2.3218,2.3218,0.0000,NA,NA,NA,NA,NA,NA,NA
python.exe,15928,0x0,Other,-1,0,0,Composed: Copy with GPU GDI,2026-8-20 18:33:22.521470800,5.6894,5.6894,0.0000,1.5201,4.2144,0.2123,4.0021,13.1620,10.9248,-7.0627,7435.4149,NA,NA,NA
python.exe,15928,0x0,Other,-1,0,0,Composed: Copy with GPU GDI,2026-8-20 18:33:22.527160200,5.9783,5.9783,0.0000,0.0490,6.0123,0.2564,5.7559,NA,NA,NA,NA,NA,NA,NA
python.exe,15928,0x0,Other,0,0,1,Hardware: Legacy Flip,2026-8-20 18:33:22.533138500,12.0708,12.0708,0.0000,0.0880,12.0356,2.7444,9.2912,12.4191,9.5457,0.7429,7447.0826,NA,NA,NA
python.exe,15928,0x0,Other,-1,0,0,Composed: Copy with GPU GDI,2026-8-20 18:33:22.545209300,2.0227,2.0227,0.0000,0.0528,2.0629,0.4976,1.5653,NA,NA,NA,NA,NA,NA,NA
python.exe,15928,0x0,Other,-1,0,0,Composed: Copy with GPU GDI,2026-8-20 18:33:22.547232000,4.4250,4.4250,0.0000,0.0966,4.3963,0.2533,4.1430,NA,NA,NA,NA,NA,NA,NA
python.exe,15928,0x0,Other,0,0,1,Hardware: Legacy Flip,2026-8-20 18:33:22.551657000,2.1118,2.1118,0.0000,0.0720,2.0919,0.2966,1.7953,3.4463,15.9279,8.9728,7465.6011,NA,NA,NA
python.exe,15928,0x0,Other,-1,0,0,Composed: Copy with GPU GDI,2026-8-20 18:33:22.553768800,8.8405,8.8405,0.0000,0.0521,9.1872,2.4861,6.7011,NA,NA,NA,NA,NA,NA,NA
python.exe,15928,0x0,Other,-1,0,0,Composed: Copy with GPU GDI,2026-8-20 18:33:22.562609300,1.0963,1.0963,0.0000,0.4033,0.7462,0.1635,0.5827,8.4219,2.9331,-4.9756,7476.5534,NA,NA,NA
python.exe,15928,0x0,Other,0,0,1,Hardware: Legacy Flip,2026-8-20 18:33:22.563705600,9.2210,9.2210,0.0000,0.0568,9.2119,0.4207,8.7912,10.2587,9.2761,-1.8368,7477.6497,NA,NA,NA
python.exe,15928,0x0,Other,-1,0,0,Composed: Copy with GPU GDI,2026-8-20 18:33:22.572926600,1.5665,1.5665,0.0000,0.0477,1.5842,1.2402,0.3440,NA,NA,NA,NA,NA,NA,NA
python.exe,15928,0x0,Other,-1,0,0,Composed: Copy with GPU GDI,2026-8-20 18:33:22.574493100,0.9296,0.9296,0.0000,0.0701,0.9133,0.1710,0.7423,8.7473,4.3118,1.5114,7488.4372,NA,NA,NA
python.exe,15928,0x0,Other,-1,0,0,Composed: Copy with GPU GDI,2026-8-20 18:33:22.575422700,7.6773,7.6773,0.0000,0.0573,7.8797,0.4425,7.4372,NA,NA,NA,NA,NA,NA,NA
python.exe,15928,0x0,Other,0,0,1,Hardware: Legacy Flip,2026-8-20 18:33:22.583100000,3.4851,3.4851,0.0000,0.2638,3.2654,0.4498,2.8156,4.4522,13.8163,4.2951,7497.0441,NA,NA,NA
python.exe,15928,0x0,Other,-1,0,0,Composed: Copy with GPU GDI,2026-8-20 18:33:22.586585100,1.2775,1.2775,0.0000,0.0441,1.6209,1.6209,0.0000,14.7834,5.8931,-10.3312,7500.5292,NA,NA,NA
python.exe,15928,0x0,Other,-1,0,0,Composed: Copy with GPU GDI,2026-8-20 18:33:22.587862600,6.2417,6.2417,0.0000,0.3910,5.9252,0.2759,5.6493,NA,NA,NA,NA,NA,NA,NA
python.exe,15928,0x0,Other,-1,0,0,Composed: Copy with GPU GDI,2026-8-20 18:33:22.594104300,6.1284,6.1284,0.0000,0.0787,6.1228,0.2957,5.8271,NA,NA,NA,NA,NA,NA,NA
python.exe,15928,0x0,Other,0,0,1,Hardware: Legacy Flip,2026-8-20 18:33:22.600232700,6.0964,6.0964,0.0000,0.0774,6.0600,0.4170,5.6430,7.0289,12.2954,7.7545,7514.1768,NA,NA,NA
python.exe,15928,0x0,Other,-1,0,0,Composed: Copy with GPU GDI,2026-8-20 18:33:22.606329100,1.3595,1.3595,0.0000,0.0410,1.3923,1.2115,0.1808,NA,NA,NA,NA,NA,NA,NA
python.exe,15928,0x0,Other,-1,0,0,Composed: Copy with GPU GDI,2026-8-20 18:33:22.607688600,4.1750,4.1750,0.0000,0.0781,4.1568,0.2447,3.9121,11.8684,2.7947,-4.8395,7521.6327,NA,NA,NA
python.exe,15928,0x0,Other,-1,0,0,Composed: Copy with GPU GDI,2026-8-20 18:33:22.611863600,7.0870,7.0870,0.0000,0.0635,7.1623,0.3282,6.8341,NA,NA,NA,NA,NA,NA,NA
python.exe,15928,0x0,Other,0,0,1,Hardware: Legacy Flip,2026-8-20 18:33:22.618950600,1.9604,1.9604,0.0000,1.7906,0.2523,0.2523,0.0000,3.4011,15.4049,8.4673,7532.8947,NA,NA,NA
python.exe,15928,0x0,Other,-1,0,0,Composed: Copy with GPU GDI,2026-8-20 18:33:22.620911000,3.3381,3.3381,0.0000,0.0404,3.3521,1.5752,1.7769,16.8456,1.9201,-13.4445,7534.8551,NA,NA,NA
python.exe,15928,0x0,Other,-1,0,0,Composed: Copy with GPU GDI,2026-8-20 18:33:22.624249100,5.6677,5.6677,0.0000,0.0573,5.6967,0.2156,5.4811,NA,NA,NA,NA,NA,NA,NA
python.exe,15928,0x0,Other,0,0,1,Hardware: Legacy Flip,2026-8-20 18:33:22.629916800,8.6314,8.6314,0.0000,0.0895,8.5925,0.4095,8.1830,9.7599,10.2174,7.0857,7543.8609,NA,NA,NA
python.exe,15928,0x0,Other,-1,0,0,Composed: Copy with GPU GDI,2026-8-20 18:33:22.638548200,1.7276,1.7276,0.0000,0.0506,1.9771,1.7432,0.2339,NA,NA,NA,NA,NA,NA,NA
python.exe,15928,0x0,Other,-1,0,0,Composed: Copy with GPU GDI,2026-8-20 18:33:22.640275800,1.9414,1.9414,0.0000,0.3041,1.6908,0.1731,1.5177,9.6183,5.1158,0.1416,7554.2199,NA,NA,NA
python.exe,15928,0x0,Other,-1,0,0,Composed: Copy with GPU GDI,2026-8-20 18:33:22.642217200,7.0138,7.0138,0.0000,0.0568,7.0377,0.2643,6.7734,NA,NA,NA,NA,NA,NA,NA
python.exe,15928,0x0,Other,0,0,1,Hardware: Legacy Flip,2026-8-20 18:33:22.649231000,3.8396,3.8396,0.0000,0.0843,3.7980,0.4079,3.3901,5.7789,13.0841,3.8394,7563.1751,NA,NA,NA
python.exe,15928,0x0,Other,-1,0,0,Composed: Copy with GPU GDI,2026-8-20 18:33:22.653070600,1.2374,1.2374,0.0000,0.0427,2.5467,2.5467,0.0000,15.0234,6.1189,-9.2445,7567.0147,NA,NA,NA
python.exe,15928,0x0,Other,-1,0,0,Composed: Copy with GPU GDI,2026-8-20 18:33:22.654308000,6.4806,6.4806,0.0000,1.3547,5.1865,0.2495,4.9370,19.9049,5.0118,-4.8815,7568.2521,NA,NA,NA
python.exe,15928,0x0,Other,-1,0,0,Composed: Copy with GPU GDI,2026-8-20 18:33:22.660788600,5.6189,5.6189,0.0000,0.0638,5.6288,0.2341,5.3947,NA,NA,NA,NA,NA,NA,NA
python.exe,15928,0x0,Other,0,0,1,Hardware: Legacy Flip,2026-8-20 18:33:22.666407500,11.5277,11.5277,0.0000,0.0780,11.5027,1.9731,9.5296,12.8172,10.2306,7.0877,7580.3516,NA,NA,NA
python.exe,15928,0x0,Other,-1,0,0,Composed: Copy with GPU GDI,2026-8-20 18:33:22.677935200,6.9138,6.9138,0.0000,0.0530,6.9284,2.6448,4.2836,NA,NA,NA,NA,NA,NA,NA
python.exe,15928,0x0,Other,-1,0,0,Composed: Copy with GPU GDI,2026-8-20 18:33:22.684849000,1.0507,1.0507,0.0000,0.0706,1.0390,0.1886,0.8504,NA,NA,NA,NA,NA,NA,NA
python.exe,15928,0x0,Other,0,0,1,Hardware: Legacy Flip,2026-8-20 18:33:22.685899700,1.7907,1.7907,0.0000,0.0627,1.7732,0.2844,1.4888,3.5556,15.1171,9.2616,7599.8438,NA,NA,NA
python.exe,15928,0x0,Other,-1,0,0,Composed: Copy with GPU GDI,2026-8-20 18:33:22.687690400,3.0353,3.0353,0.0000,0.0452,3.2391,2.5562,0.6829,16.8820,2.7124,-13.3264,7601.6345,NA,NA,NA
python.exe,15928,0x0,Other,-1,0,0,Composed: Copy with GPU GDI,2026-8-20 18:33:22.690725700,6.2633,6.2633,0.0000,0.2523,6.0887,0.2749,5.8138,NA,NA,NA,NA,NA,NA,NA
python.exe,15928,0x0,Other,0,0,1,Hardware: Legacy Flip,2026-8-20 18:33:22.696989000,9.0328,9.0328,0.0000,0.0811,8.9978,0.4401,8.5577,10.2958,9.3638,6.5862,7610.9331,NA,NA,NA
python.exe,15928,0x0,Other,-1,0,0,Composed: Copy with GPU GDI,2026-8-20 18:33:22.706021800,1.4125,1.4125,0.0000,0.0461,1.4321,1.4071,0.0250,NA,NA,NA,NA,NA,NA,NA
python.exe,15928,0x0,Other,-1,0,0,Composed: Copy with GPU GDI,2026-8-20 18:33:22.707434300,1.3090,1.3090,0.0000,0.0701,1.2931,0.1824,1.1107,9.2143,4.7088,1.0815,7621.3784,NA,NA,NA
python.exe,15928,0x0,Other,-1,0,0,Composed: Copy with GPU GDI,2026-8-20 18:33:22.708743300,7.0727,7.0727,0.0000,0.0588,7.0917,0.2492,6.8425,NA,NA,NA,NA,NA,NA,NA
python.exe,15928,0x0,Other,0,0,1,Hardware: Legacy Flip,2026-8-20 18:33:22.715816000,4.2632,4.2632,0.0000,0.0821,4.2300,0.4395,3.7905,5.5414,13.4628,3.6729,7629.7601,NA,NA,NA
python.exe,15928,0x0,Other,-1,0,0,Composed: Copy with GPU GDI,2026-8-20 18:33:22.720079200,1.0510,1.0510,0.0000,0.0489,2.0046,2.0046,0.0000,14.7410,5.2304,-9.1996,7634.0233,NA,NA,NA
python.exe,15928,0x0,Other,-1,0,0,Composed: Copy with GPU GDI,2026-8-20 18:33:22.721130200,5.9655,5.9655,0.0000,1.0047,5.0688,0.2808,4.7880,NA,NA,NA,NA,NA,NA,NA
python.exe,15928,0x0,Other,-1,0,0,Composed: Copy with GPU GDI,2026-8-20 18:33:22.727095700,6.0710,6.0710,0.0000,0.1109,6.1176,0.3243,5.7933,NA,NA,NA,NA,NA,NA,NA
python.exe,15928,0x0,Other,0,0,1,Hardware: Legacy Flip,2026-8-20 18:33:22.733166700,5.2023,5.2023,0.0000,0.1619,5.0913,0.3689,4.7224,6.8839,12.9759,7.8571,7647.1108,NA,NA,NA
python.exe,15928,0x0,Other,-1,0,0,Composed: Copy with GPU GDI,2026-8-20 18:33:22.738369000,1.3407,1.3407,0.0000,0.0509,2.3244,2.3244,0.0000,14.6575,2.4149,-7.7736,7652.3131,NA,NA,NA
python.exe,15928,0x0,Other,-1,0,0,Composed: Copy with GPU GDI,2026-8-20 18:33:22.739709700,5.6743,5.6743,0.0000,1.0372,4.7394,0.2815,4.4579,NA,NA,NA,NA,NA,NA,NA
python.exe,15928,0x0,Other,-1,0,0,Composed: Copy with GPU GDI,2026-8-20 18:33:22.745384000,6.5501,6.5501,0.0000,0.1063,6.5125,0.2827,6.2298,NA,NA,NA,NA,NA,NA,NA
python.exe,15928,0x0,Other,0,0,1,Hardware: Legacy Flip,2026-8-20 18:33:22.751934100,2.1487,2.1487,0.0000,0.0739,2.1218,0.3347,1.7871,3.5073,15.7856,11.1502,7665.8782,NA,NA,NA
python.exe,15928,0x0,Other,-1,0,0,Composed: Copy with GPU GDI,2026-8-20 18:33:22.754082800,7.1604,7.1604,0.0000,0.0470,7.1780,1.6271,5.5509,NA,NA,NA,NA,NA,NA,NA
python.exe,15928,0x0,Other,-1,0,0,Composed: Copy with GPU GDI,2026-8-20 18:33:22.761243200,2.0788,2.0788,0.0000,0.0681,2.0673,0.1757,1.8916,9.9838,2.3566,-6.4765,7675.1873,NA,NA,NA
python.exe,15928,0x0,Other,0,0,1,Hardware: Legacy Flip,2026-8-20 18:33:22.763322000,8.7544,8.7544,0.0000,0.0596,8.7461,0.4929,8.2532,10.2616,9.8274,-0.2778,7677.2661,NA,NA,NA
python.exe,15928,0x0,Other,-1,0,0,Composed: Copy with GPU GDI,2026-8-20 18:33:22.772076400,1.6805,1.6805,0.0000,0.0513,1.6904,1.6381,0.0523,NA,NA,NA,NA,NA,NA,NA
python.exe,15928,0x0,Other,-1,0,0,Composed: Copy with GPU GDI,2026-8-20 18:33:22.773756900,1.6332,1.6332,0.0000,0.0645,1.6226,0.1615,1.4611,9.6541,4.9176,0.6075,7687.7010,NA,NA,NA
python.exe,15928,0x0,Other,-1,0,0,Composed: Copy with GPU GDI,2026-8-20 18:33:22.775390100,7.1550,7.1550,0.0000,0.0569,7.1876,0.2979,6.8897,NA,NA,NA,NA,NA,NA,NA
python.exe,15928,0x0,Other,0,0,1,Hardware: Legacy Flip,2026-8-20 18:33:22.782545100,4.0500,4.0500,0.0000,0.0933,4.0056,0.4375,3.5681,5.7835,13.2423,3.8706,7696.4892,NA,NA,NA
python.exe,15928,0x0,Other,-1,0,0,Composed: Copy with GPU GDI,2026-8-20 18:33:22.786595100,1.1586,1.1586,0.0000,0.0489,2.4819,2.4819,0.0000,14.9758,6.0561,-9.1923,7700.5392,NA,NA,NA
python.exe,15928,0x0,Other,-1,0,0,Composed: Copy with GPU GDI,2026-8-20 18:33:22.787753700,6.3637,6.3637,0.0000,1.3748,5.0725,0.2788,4.7937,19.8733,5.1465,-4.8975,7701.6978,NA,NA,NA
python.exe,15928,0x0,Other,-1,0,0,Composed: Copy with GPU GDI,2026-8-20 18:33:22.794117400,6.2419,6.2419,0.0000,0.0869,6.2307,0.2912,5.9395,NA,NA,NA,NA,NA,NA,NA
python.exe,15928,0x0,Other,0,0,1,Hardware: Legacy Flip,2026-8-20 18:33:22.800359300,11.3694,11.3694,0.0000,0.0848,11.3344,2.2899,9.0445,12.4142,9.9723,7.4591,7714.3034,NA,NA,NA
python.exe,15928,0x0,Other,-1,0,0,Composed: Copy with GPU GDI,2026-8-20 18:33:22.811728700,6.3200,6.3200,0.0000,0.0498,6.3371,2.6356,3.7015,NA,NA,NA,NA,NA,NA,NA
python.exe,15928,0x0,Other,-1,0,0,Composed: Copy with GPU GDI,2026-8-20 18:33:22.818048700,1.2450,1.2450,0.0000,0.0745,1.2260,0.1717,1.0543,NA,NA,NA,NA,NA,NA,NA
python.exe,15928,0x0,Other,0,0,1,Hardware: Legacy Flip,2026-8-20 18:33:22.819293700,1.9890,1.9890,0.0000,0.0589,1.9932,0.6338,1.3594,3.4521,15.2176,8.9621,7733.2378,NA,NA,NA
python.exe,15928,0x0,Other,-1,0,0,Composed: Copy with GPU GDI,2026-8-20 18:33:22.821282700,3.1690,3.1690,0.0000,0.0631,3.1734,2.1421,1.0313,16.6807,2.6829,-13.2286,7735.2268,NA,NA,NA
python.exe,15928,0x0,Other,-1,0,0,Composed: Copy with GPU GDI,2026-8-20 18:33:22.824451700,5.7231,5.7231,0.0000,0.0703,5.7253,0.2509,5.4744,NA,NA,NA,NA,NA,NA,NA
python.exe,15928,0x0,Other,0,0,1,Hardware: Legacy Flip,2026-8-20 18:33:22.830174800,9.2599,9.2599,0.0000,0.0775,9.2294,0.4597,8.7697,10.4715,9.4538,6.2092,7744.1189,NA,NA,NA
python.exe,15928,0x0,Other,-1,0,0,Composed: Copy with GPU GDI,2026-8-20 18:33:22.839434700,1.5939,1.5939,0.0000,0.0470,1.6072,1.4150,0.1922,NA,NA,NA,NA,NA,NA,NA
python.exe,15928,0x0,Other,-1,0,0,Composed: Copy with GPU GDI,2026-8-20 18:33:22.841028600,1.0292,1.0292,0.0000,0.0635,1.0275,0.1680,0.8595,9.0715,4.3310,1.4000,7754.9727,NA,NA,NA
python.exe,15928,0x0,Other,-1,0,0,Composed: Copy with GPU GDI,2026-8-20 18:33:22.842057800,7.9048,7.9048,0.0000,0.0653,8.0596,0.4178,7.6418,NA,NA,NA,NA,NA,NA,NA
python.exe,15928,0x0,Other,0,0,1,Hardware: Legacy Flip,2026-8-20 18:33:22.849962600,3.1256,3.1256,0.0000,0.2271,2.9499,0.4393,2.5106,4.4685,13.8645,4.6030,7763.9067,NA,NA,NA
python.exe,15928,0x0,Other,-1,0,0,Composed: Copy with GPU GDI,2026-8-20 18:33:22.853088200,1.5435,1.5435,0.0000,0.0514,2.0006,2.0006,0.0000,15.2074,5.2173,-10.7389,7767.0323,NA,NA,NA
python.exe,15928,0x0,Other,-1,0,0,Composed: Copy with GPU GDI,2026-8-20 18:33:22.854631700,5.8110,5.8110,0.0000,0.5111,5.3587,0.2855,5.0732,NA,NA,NA,NA,NA,NA,NA
python.exe,15928,0x0,Other,-1,0,0,Composed: Copy with GPU GDI,2026-8-20 18:33:22.860442700,6.1772,6.1772,0.0000,0.0626,6.2207,0.2871,5.9336,NA,NA,NA,NA,NA,NA,NA
python.exe,15928,0x0,Other,0,0,1,Hardware: Legacy Flip,2026-8-20 18:33:22.866619900,5.6494,5.6494,0.0000,0.1107,5.5865,0.3111,5.2754,6.8930,12.9741,8.3144,7780.5640,NA,NA,NA
python.exe,15928,0x0,Other,-1,0,0,Composed: Copy with GPU GDI,2026-8-20 18:33:22.872269300,1.3662,1.3662,0.0000,0.0478,1.3808,1.3789,0.0019,14.2177,2.0879,-7.3247,7786.2134,NA,NA,NA
python.exe,15928,0x0,Other,-1,0,0,Composed: Copy with GPU GDI,2026-8-20 18:33:22.873635500,4.9400,4.9400,0.0000,0.0658,4.9967,0.2865,4.7102,NA,NA,NA,NA,NA,NA,NA
python.exe,15928,0x0,Other,-1,0,0,Composed: Copy with GPU GDI,2026-8-20 18:33:22.878575500,6.3554,6.3554,0.0000,0.1263,6.2992,0.2870,6.0122,NA,NA,NA,NA,NA,NA,NA
python.exe,15928,0x0,Other,0,0,1,Hardware: Legacy Flip,2026-8-20 18:33:22.884930900,1.8544,1.8544,0.0000,0.0740,1.8338,0.3310,1.5028,3.6440,16.1132,10.5737,7798.8750,NA,NA,NA
python.exe,15928,0x0,Other,-1,0,0,Composed: Copy with GPU GDI,2026-8-20 18:33:22.886785300,4.0876,4.0876,0.0000,0.0534,4.0965,2.2530,1.8435,17.9028,2.1387,-14.2588,7800.7294,NA,NA,NA
python.exe,15928,0x0,Other,-1,0,0,Composed: Copy with GPU GDI,2026-8-20 18:33:22.890872900,6.5459,6.5459,0.0000,0.0653,6.5699,0.2813,6.2886,NA,NA,NA,NA,NA,NA,NA
python.exe,15928,0x0,Other,0,0,1,Hardware: Legacy Flip,2026-8-20 18:33:22.897418800,7.9854,7.9854,0.0000,0.0931,7.9419,0.5082,7.4337,9.4080,9.9958,8.4948,7811.3629,NA,NA,NA
python.exe,15928,0x0,Other,-1,0,0,Composed: Copy with GPU GDI,2026-8-20 18:33:22.905404200,1.2864,1.2864,0.0000,0.0496,1.5348,1.5348,0.0000,NA,NA,NA,NA,NA,NA,NA
python.exe,15928,0x0,Other,-1,0,0,Composed: Copy with GPU GDI,2026-8-20 18:33:22.906690600,2.0364,2.0364,0.0000,0.3014,1.7968,0.1728,1.6240,10.1320,5.4456,-0.7240,7820.6347,NA,NA,NA
python.exe,15928,0x0,Other,-1,0,0,Composed: Copy with GPU GDI,2026-8-20 18:33:22.908727000,7.6202,7.6202,0.0000,0.0669,7.6329,0.2932,7.3397,NA,NA,NA,NA,NA,NA,NA
python.exe,15928,0x0,Other,0,0,1,Hardware: Legacy Flip,2026-8-20 18:33:22.916347200,4.0400,4.0400,0.0000,0.0845,4.0043,0.4278,3.5765,5.9210,12.7530,4.2110,7830.2913,NA,NA,NA
python.exe,15928,0x0,Other,-1,0,0,Composed: Copy with GPU GDI,2026-8-20 18:33:22.920387200,1.3601,1.3601,0.0000,0.0488,2.7193,2.7193,0.0000,14.6340,11.4143,-8.7130,7834.3313,NA,NA,NA
python.exe,15928,0x0,Other,-1,0,0,Composed: Copy with GPU GDI,2026-8-20 18:33:22.921747300,9.0820,9.0820,0.0000,1.4110,8.1637,1.3529,6.8108,NA,NA,NA,NA,NA,NA,NA
python.exe,15928,0x0,Other,-1,0,0,Composed: Copy with GPU GDI,2026-8-20 18:33:22.930829300,2.2494,2.2494,0.0000,0.4955,1.8864,0.2775,1.6089,NA,NA,NA,NA,NA,NA,NA
python.exe,15928,0x0,Other,0,0,1,Hardware: Legacy Flip,2026-8-20 18:33:22.933078700,12.3289,12.3289,0.0000,0.1357,12.2458,2.2219,10.0239,13.3568,9.4122,1.2772,7847.0228,NA,NA,NA
python.exe,15928,0x0,Other,-1,0,0,Composed: Copy with GPU GDI,2026-8-20 18:33:22.945407600,3.0364,3.0364,0.0000,0.0526,3.0558,1.3187,1.7371,NA,NA,NA,NA,NA,NA,NA
python.exe,15928,0x0,Other,-1,0,0,Composed: Copy with GPU GDI,2026-8-20 18:33:22.948444000,3.6214,3.6214,0.0000,0.0753,3.6233,0.2238,3.3995,NA,NA,NA,NA,NA,NA,NA
python.exe,15928,0x0,Other,0,0,1,Hardware: Legacy Flip,2026-8-20 18:33:22.952065400,2.2690,2.2690,0.0000,0.0812,2.2316,0.3551,1.8765,3.7823,15.5757,9.5745,7866.0095,NA,NA,NA
python.exe,15928,0x0,Other,-1,0,0,Composed: Copy with GPU GDI,2026-8-20 18:33:22.954334400,5.1386,5.1386,0.0000,0.0438,5.1698,2.4278,2.7420,NA,NA,NA,NA,NA,NA,NA
python.exe,15928,0x0,Other,-1,0,0,Composed: Copy with GPU GDI,2026-8-20 18:33:22.959473000,4.3067,4.3067,0.0000,0.0800,4.2883,0.3204,3.9679,11.9504,2.3715,-8.1681,7873.4171,NA,NA,NA
python.exe,15928,0x0,Other,0,0,1,Hardware: Legacy Flip,2026-8-20 18:33:22.963779700,8.8413,8.8413,0.0000,0.0669,8.8199,0.4790,8.3409,10.0152,9.7593,1.9352,7877.7238,NA,NA,NA
python.exe,15928,0x0,Other,-1,0,0,Composed: Copy with GPU GDI,2026-8-20 18:33:22.972621000,2.8681,2.8681,0.0000,0.0455,2.9106,1.4527,1.4579,NA,NA,NA,NA,NA,NA,NA
python.exe,15928,0x0,Other,-1,0,0,Composed: Copy with GPU GDI,2026-8-20 18:33:22.975489100,1.0828,1.0828,0.0000,0.0864,1.0679,0.1961,0.8718,8.0651,5.4740,1.9501,7889.4332,NA,NA,NA
python.exe,15928,0x0,Other,-1,0,0,Composed: Copy with GPU GDI,2026-8-20 18:33:22.976571900,5.8624,5.8624,0.0000,0.0700,5.8770,0.2661,5.6109,NA,NA,NA,NA,NA,NA,NA
python.exe,15928,0x0,Other,0,0,1,Hardware: Legacy Flip,2026-8-20 18:33:22.982434300,4.7298,4.7298,0.0000,0.0901,4.6846,0.4609,4.2237,6.5939,12.7480,1.4712,7896.3784,NA,NA,NA
python.exe,15928,0x0,Other,-1,0,0,Composed: Copy with GPU GDI,2026-8-20 18:33:22.987164100,0.9488,0.9488,0.0000,0.0449,2.7090,2.7090,0.0000,NA,NA,NA,NA,NA,NA,NA
python.exe,15928,0x0,Other,-1,0,0,Composed: Copy with GPU GDI,2026-8-20 18:33:22.988112900,5.9438,5.9438,0.0000,1.8080,4.2109,0.2970,3.9139,13.6633,5.1231,-7.0694,7902.0570,NA,NA,NA
python.exe,15928,0x0,Other,-1,0,0,Composed: Copy with GPU GDI,2026-8-20 18:33:22.994056700,6.2467,6.2467,0.0000,0.0788,6.2459,0.2949,5.9510,NA,NA,NA,NA,NA,NA,NA
python.exe,15928,0x0,Other,0,0,1,Hardware: Legacy Flip,2026-8-20 18:33:23.000303400,5.3211,5.3211,0.0000,0.0845,5.2837,0.3260,4.9577,6.5959,13.0550,7.0674,7914.2475,NA,NA,NA
python.exe,15928,0x0,Other,-1,0,0,Composed: Copy with GPU GDI,2026-8-20 18:33:23.005624500,1.7271,1.7271,0.0000,0.0471,1.7620,1.4825,0.2795,14.3298,2.4177,-7.7339,7919.5686,NA,NA,NA
python.exe,15928,0x0,Other,-1,0,0,Composed: Copy with GPU GDI,2026-8-20 18:33:23.007351600,4.5609,4.5609,0.0000,0.0804,4.5718,0.2432,4.3286,NA,NA,NA,NA,NA,NA,NA
python.exe,15928,0x0,Other,-1,0,0,Composed: Copy with GPU GDI,2026-8-20 18:33:23.011912500,6.4703,6.4703,0.0000,0.0949,6.4655,0.3104,6.1551,NA,NA,NA,NA,NA,NA,NA
python.exe,15928,0x0,Other,0,0,1,Hardware: Legacy Flip,2026-8-20 18:33:23.018382800,2.3862,2.3862,0.0000,0.0949,2.3474,0.3505,1.9969,3.9892,15.7994,10.3406,7932.3269,NA,NA,NA
python.exe,15928,0x0,Other,-1,0,0,Composed: Copy with GPU GDI,2026-8-20 18:33:23.020769000,5.3951,5.3951,0.0000,0.0561,5.4067,1.9977,3.4090,NA,NA,NA,NA,NA,NA,NA
python.exe,15928,0x0,Other,-1,0,0,Composed: Copy with GPU GDI,2026-8-20 18:33:23.026164100,3.8701,3.8701,0.0000,0.0748,3.8986,0.2705,3.6281,12.0073,1.3431,-8.0181,7940.1082,NA,NA,NA
python.exe,15928,0x0,Other,0,0,1,Hardware: Legacy Flip,2026-8-20 18:33:23.030034200,8.8072,8.8072,0.0000,0.1071,8.7448,0.9553,7.7895,9.4803,10.7716,2.5270,7943.9783,NA,NA,NA
python.exe,15928,0x0,Other,-1,0,0,Composed: Copy with GPU GDI,2026-8-20 18:33:23.038841400,2.1645,2.1645,0.0000,0.0447,2.1945,0.9514,1.2431,NA,NA,NA,NA,NA,NA,NA
python.exe,15928,0x0,Other,-1,0,0,Composed: Copy with GPU GDI,2026-8-20 18:33:23.041005900,1.1536,1.1536,0.0000,0.0792,1.1360,0.1869,0.9491,9.2802,10.2157,0.2001,7954.9500,NA,NA,NA
python.exe,15928,0x0,Other,-1,0,0,Composed: Copy with GPU GDI,2026-8-20 18:33:23.042159500,7.0964,7.0964,0.0000,0.0648,7.1324,0.3022,6.8302,NA,NA,NA,NA,NA,NA,NA
python.exe,15928,0x0,Other,0,0,1,Hardware: Legacy Flip,2026-8-20 18:33:23.049255900,10.6173,10.6173,0.0000,0.1069,10.5612,2.7350,7.8262,11.2459,13.2876,-1.9657,7963.2000,NA,NA,NA
python.exe,15928,0x0,Other,-1,0,0,Composed: Copy with GPU GDI,2026-8-20 18:33:23.059873200,6.2573,6.2573,0.0000,0.0508,6.7421,1.8481,4.8940,NA,NA,NA,NA,NA,NA,NA
python.exe,15928,0x0,Other,-1,0,0,Composed: Copy with GPU GDI,2026-8-20 18:33:23.066130500,1.2637,1.2637,0.0000,0.5392,0.7854,0.1905,0.5949,NA,NA,NA,NA,NA,NA,NA
python.exe,15928,0x0,Other,0,0,1,Hardware: Legacy Flip,2026-8-20 18:33:23.067394200,5.0194,5.0194,0.0000,0.0641,4.9999,0.4413,4.5586,6.3952,12.9066,4.8507,7981.3383,NA,NA,NA
python.exe,15928,0x0,Other,-1,0,0,Composed: Copy with GPU GDI,2026-8-20 18:33:23.072413600,1.1891,1.1891,0.0000,0.0446,1.8179,1.8179,0.0000,14.2824,1.9900,-7.8872,7986.3577,NA,NA,NA
python.exe,15928,0x0,Other,-1,0,0,Composed: Copy with GPU GDI,2026-8-20 18:33:23.073602700,5.1334,5.1334,0.0000,0.6780,4.5246,0.2804,4.2442,NA,NA,NA,NA,NA,NA,NA
python.exe,15928,0x0,Other,-1,0,0,Composed: Copy with GPU GDI,2026-8-20 18:33:23.078736100,6.3470,6.3470,0.0000,0.0723,6.3441,0.2859,6.0582,NA,NA,NA,NA,NA,NA,NA
python.exe,15928,0x0,Other,0,0,1,Hardware: Legacy Flip,2026-8-20 18:33:23.085083100,1.9466,1.9466,0.0000,0.0737,1.9261,0.3684,1.5577,3.6029,16.2035,10.6795,7999.0272,NA,NA,NA
python.exe,15928,0x0,Other,-1,0,0,Composed: Copy with GPU GDI,2026-8-20 18:33:23.087029700,4.4415,4.4415,0.0000,0.0532,4.5111,2.0039,2.5072,17.8598,1.8830,-14.2569,8000.9738,NA,NA,NA
python.exe,15928,0x0,Other,-1,0,0,Composed: Copy with GPU GDI,2026-8-20 18:33:23.091471200,5.3105,5.3105,0.0000,0.1280,5.2746,0.2484,5.0262,NA,NA,NA,NA,NA,NA,NA
python.exe,15928,0x0,Other,0,0,1,Hardware: Legacy Flip,2026-8-20 18:33:23.096781700,8.5951,8.5951,0.0000,0.0966,8.5437,0.5872,7.9565,9.9908,10.2449,7.8690,8010.7258,NA,NA,NA
python.exe,15928,0x0,Other,-1,0,0,Composed: Copy with GPU GDI,2026-8-20 18:33:23.105376800,1.8500,1.8500,0.0000,0.0452,1.9065,1.5892,0.3173,NA,NA,NA,NA,NA,NA,NA
python.exe,15928,0x0,Other,-1,0,0,Composed: Copy with GPU GDI,2026-8-20 18:33:23.107226800,1.7345,1.7345,0.0000,0.1001,1.6922,0.1750,1.5172,9.7906,4.9388,0.2002,8021.1709,NA,NA,NA
python.exe,15928,0x0,Other,-1,0,0,Composed: Copy with GPU GDI,2026-8-20 18:33:23.108961300,6.8205,6.8205,0.0000,0.0624,6.8500,0.2579,6.5921,NA,NA,NA,NA,NA,NA,NA
python.exe,15928,0x0,Other,0,0,1,Hardware: Legacy Flip,2026-8-20 18:33:23.115781800,4.3147,4.3147,0.0000,0.0962,4.2664,0.4219,3.8445,6.1744,13.2641,3.6162,8029.7259,NA,NA,NA
python.exe,15928,0x0,Other,-1,0,0,Composed: Copy with GPU GDI,2026-8-20 18:33:23.120096500,1.0021,1.0021,0.0000,0.0479,2.7214,2.7214,0.0000,15.1238,4.6406,-8.9494,8034.0406,NA,NA,NA
python.exe,15928,0x0,Other,-1,0,0,Composed: Copy with GPU GDI,2026-8-20 18:33:23.121098600,5.8433,5.8433,0.0000,1.7697,4.1567,0.2551,3.9016,NA,NA,NA,NA,NA,NA,NA
python.exe,15928,0x0,Other,-1,0,0,Composed: Copy with GPU GDI,2026-8-20 18:33:23.126941900,6.6075,6.6075,0.0000,0.0864,6.5846,0.2642,6.3204,NA,NA,NA,NA,NA,NA,NA
python.exe,15928,0x0,Other,0,0,1,Hardware: Legacy Flip,2026-8-20 18:33:23.133549400,5.1184,5.1184,0.0000,0.0688,5.0922,0.3782,4.7140,6.3115,13.5626,8.8123,8047.4935,NA,NA,NA
python.exe,15928,0x0,Other,-1,0,0,Composed: Copy with GPU GDI,2026-8-20 18:33:23.138667800,1.6420,1.6420,0.0000,0.0426,1.6569,1.4104,0.2465,14.7557,2.1630,-8.4442,8052.6119,NA,NA,NA
python.exe,15928,0x0,Other,-1,0,0,Composed: Copy with GPU GDI,2026-8-20 18:33:23.140309800,5.0100,5.0100,0.0000,0.0609,5.0707,0.2831,4.7876,NA,NA,NA,NA,NA,NA,NA
python.exe,15928,0x0,Other,-1,0,0,Composed: Copy with GPU GDI,2026-8-20 18:33:23.145319800,6.5370,6.5370,0.0000,0.1245,6.4652,0.2844,6.1808,NA,NA,NA,NA,NA,NA,NA
python.exe,15928,0x0,Other,0,0,1,Hardware: Legacy Flip,2026-8-20 18:33:23.151856800,2.1662,2.1662,0.0000,0.0565,2.1598,0.3397,1.8201,3.7297,16.0297,11.0260,8065.8009,NA,NA,NA
python.exe,15928,0x0,Other,-1,0,0,Composed: Copy with GPU GDI,2026-8-20 18:33:23.154023000,5.6368,5.6368,0.0000,0.0501,5.6496,2.2890,3.3606,NA,NA,NA,NA,NA,NA,NA
python.exe,15928,0x0,Other,-1,0,0,Composed: Copy with GPU GDI,2026-8-20 18:33:23.159659800,3.7061,3.7061,0.0000,0.0664,3.7617,0.2661,3.4956,11.9564,1.7982,-8.2267,8073.6039,NA,NA,NA
python.exe,15928,0x0,Other,0,0,1,Hardware: Legacy Flip,2026-8-20 18:33:23.163365900,8.6254,8.6254,0.0000,0.1259,8.5516,0.4553,8.0963,10.0485,10.3290,1.9079,8077.3100,NA,NA,NA
python.exe,15928,0x0,Other,-1,0,0,Composed: Copy with GPU GDI,2026-8-20 18:33:23.171991300,1.1736,1.1736,0.0000,0.0521,1.5308,1.5308,0.0000,NA,NA,NA,NA,NA,NA,NA
python.exe,15928,0x0,Other,-1,0,0,Composed: Copy with GPU GDI,2026-8-20 18:33:23.173164900,2.2568,2.2568,0.0000,0.4119,1.9010,0.1810,1.7200,10.5785,12.1501,-0.5300,8087.1090,NA,NA,NA
python.exe,15928,0x0,Other,-1,0,0,Composed: Copy with GPU GDI,2026-8-20 18:33:23.175421700,11.7386,11.7386,0.0000,0.0593,12.7710,1.3609,11.4101,20.4718,0.7043,-9.8933,8089.3658,NA,NA,NA
python.exe,15928,0x0,Other,0,0,1,Hardware: Legacy Flip,2026-8-20 18:33:23.187160300,9.2949,9.2949,0.0000,1.0952,8.2422,3.1187,5.1235,9.4375,9.5594,11.0343,8101.1044,NA,NA,NA
python.exe,15928,0x0,Other,-1,0,0,Composed: Copy with GPU GDI,2026-8-20 18:33:23.196455200,0.8897,0.8897,0.0000,0.0425,0.9062,0.4535,0.4527,NA,NA,NA,NA,NA,NA,NA
python.exe,15928,0x0,Other,-1,0,0,Composed: Copy with GPU GDI,2026-8-20 18:33:23.197344900,0.9702,0.9702,0.0000,0.0627,0.9660,0.1703,0.7957,NA,NA,NA,NA,NA,NA,NA
python.exe,15928,0x0,Other,-1,0,0,Composed: Copy with GPU GDI,2026-8-20 18:33:23.198315100,1.4938,1.4938,0.0000,0.0625,1.4853,0.1886,1.2967,NA,NA,NA,NA,NA,NA,NA
python.exe,15928,0x0,Other,0,0,1,Hardware: Legacy Flip,2026-8-20 18:33:23.199808900,5.0027,5.0027,0.0000,0.0581,4.9853,0.2892,4.6961,6.3483,13.9955,3.0892,8113.7530,NA,NA,NA
python.exe,15928,0x0,Other,-1,0,0,Composed: Copy with GPU GDI,2026-8-20 18:33:23.204811600,1.3194,1.3194,0.0000,0.0407,1.8606,1.8606,0.0000,15.3411,2.1900,-8.9928,8118.7557,NA,NA,NA
python.exe,15928,0x0,Other,-1,0,0,Composed: Copy with GPU GDI,2026-8-20 18:33:23.206131000,5.6773,5.6773,0.0000,0.5847,5.1968,0.2453,4.9515,NA,NA,NA,NA,NA,NA,NA
python.exe,15928,0x0,Other,-1,0,0,Composed: Copy with GPU GDI,2026-8-20 18:33:23.211808300,6.3150,6.3150,0.0000,0.1078,6.3093,0.2896,6.0197,NA,NA,NA,NA,NA,NA,NA
python.exe,15928,0x0,Other,0,0,1,Hardware: Legacy Flip,2026-8-20 18:33:23.218123300,1.8472,1.8472,0.0000,0.0985,1.7890,0.2863,1.5027,4.2194,16.0093,11.1217,8132.0674,NA,NA,NA
python.exe,15928,0x0,Other,-1,0,0,Composed: Copy with GPU GDI,2026-8-20 18:33:23.219970500,4.2821,4.2821,0.0000,0.0403,4.3007,2.6214,1.6793,18.3815,1.1249,-14.1621,8133.9146,NA,NA,NA
python.exe,15928,0x0,Other,-1,0,0,Composed: Copy with GPU GDI,2026-8-20 18:33:23.224252600,5.6549,5.6549,0.0000,0.0618,5.7092,0.2528,5.4564,NA,NA,NA,NA,NA,NA,NA
python.exe,15928,0x0,Other,0,0,1,Hardware: Legacy Flip,2026-8-20 18:33:23.229907500,8.3291,8.3291,0.0000,0.1199,8.2528,0.3978,7.8550,9.5694,10.9967,8.8121,8143.8516,NA,NA,NA
python.exe,15928,0x0,Other,-1,0,0,Composed: Copy with GPU GDI,2026-8-20 18:33:23.238236600,1.1547,1.1547,0.0000,0.0436,1.5391,1.5391,0.0000,NA,NA,NA,NA,NA,NA,NA
python.exe,15928,0x0,Other,-1,0,0,Composed: Copy with GPU GDI,2026-8-20 18:33:23.239391300,2.7202,2.7202,0.0000,0.4314,2.3424,0.1699,2.1725,11.0823,4.0036,-1.5129,8153.3354,NA,NA,NA
python.exe,15928,0x0,Other,-1,0,0,Composed: Copy with GPU GDI,2026-8-20 18:33:23.242111500,7.0929,7.0929,0.0000,0.0570,7.1222,0.2915,6.8307,NA,NA,NA,NA,NA,NA,NA
python.exe,15928,0x0,Other,0,0,1,Hardware: Legacy Flip,2026-8-20 18:33:23.249204400,3.9995,3.9995,0.0000,0.0898,3.9509,0.4305,3.5204,5.2728,14.2111,5.8095,8163.1485,NA,NA,NA
python.exe,15928,0x0,Other,-1,0,0,Composed: Copy with GPU GDI,2026-8-20 18:33:23.253203900,1.1543,1.1543,0.0000,0.0412,2.0820,2.0820,0.0000,15.4844,4.6852,-10.2116,8167.1480,NA,NA,NA
python.exe,15928,0x0,Other,-1,0,0,Composed: Copy with GPU GDI,2026-8-20 18:33:23.254358200,5.9050,5.9050,0.0000,0.9707,5.0459,0.2586,4.7873,NA,NA,NA,NA,NA,NA,NA
python.exe,15928,0x0,Other,-1,0,0,Composed: Copy with GPU GDI,2026-8-20 18:33:23.260263200,6.6219,6.6219,0.0000,0.1150,6.5793,0.2948,6.2845,NA,NA,NA,NA,NA,NA,NA
python.exe,15928,0x0,Other,0,0,1,Hardware: Legacy Flip,2026-8-20 18:33:23.266885100,5.2815,5.2815,0.0000,0.0774,5.2489,0.3392,4.9097,6.4884,13.5067,8.9960,8180.8292,NA,NA,NA
python.exe,15928,0x0,Other,-1,0,0,Composed: Copy with GPU GDI,2026-8-20 18:33:23.272166600,1.1895,1.1895,0.0000,0.0448,1.3237,1.3237,0.0000,14.7136,0.6511,-8.2252,8186.1107,NA,NA,NA
python.exe,15928,0x0,Other,-1,0,0,Composed: Copy with GPU GDI,2026-8-20 18:33:23.273356100,5.1176,5.1176,0.0000,0.1821,5.0632,0.2824,4.7808,NA,NA,NA,NA,NA,NA,NA
python.exe,15928,0x0,Other,-1,0,0,Composed: Copy with GPU GDI,2026-8-20 18:33:23.278473700,6.2953,6.2953,0.0000,0.1316,6.2610,0.2965,5.9645,NA,NA,NA,NA,NA,NA,NA
python.exe,15928,0x0,Other,0,0,1,Hardware: Legacy Flip,2026-8-20 18:33:23.284769000,1.4876,1.4876,0.0000,0.1027,1.4314,0.2635,1.1679,2.7623,17.5557,11.9513,8198.7131,NA,NA,NA
python.exe,15928,0x0,Other,-1,0,0,Composed: Copy with GPU GDI,2026-8-20 18:33:23.286256600,4.4898,4.4898,0.0000,0.0465,4.4996,1.5368,2.9628,18.8304,6.0857,-16.0681,8200.2007,NA,NA,NA
python.exe,15928,0x0,Other,-1,0,0,Composed: Copy with GPU GDI,2026-8-20 18:33:23.290746400,6.0022,6.0022,0.0000,0.0593,6.0409,0.2511,5.7898,20.4263,1.6744,-1.5959,8204.6905,NA,NA,NA
python.exe,15928,0x0,Other,0,0,1,Hardware: Legacy Flip,2026-8-20 18:33:23.296748600,15.2700,15.2700,0.0000,0.1015,15.2220,2.5691,12.6529,16.0985,10.7850,4.3278,8210.6927,NA,NA,NA
python.exe,15928,0x0,Other,-1,0,0,Composed: Copy with GPU GDI,2026-8-20 18:33:23.312018600,6.5750,6.5750,0.0000,0.0535,6.6591,2.1874,4.4717,NA,NA,NA,NA,NA,NA,NA
python.exe,15928,0x0,Other,-1,0,0,Composed: Copy with GPU GDI,2026-8-20 18:33:23.318593600,2.1543,2.1543,0.0000,0.1431,2.1126,0.2563,1.8563,NA,NA,NA,NA,NA,NA,NA
python.exe,15928,0x0,Other,0,0,1,Hardware: Legacy Flip,2026-8-20 18:33:23.320747900,1.3755,1.3755,0.0000,0.1034,1.3147,0.9023,0.4124,2.8842,15.5662,13.2143,8234.6920,NA,NA,NA
python.exe,15928,0x0,Other,-1,0,0,Composed: Copy with GPU GDI,2026-8-20 18:33:23.322123400,0.6375,0.6375,0.0000,0.0426,1.9538,1.9538,0.0000,NA,NA,NA,NA,NA,NA,NA
python.exe,15928,0x0,Other,-1,0,0,Composed: Copy with GPU GDI,2026-8-20 18:33:23.322760900,4.1845,4.1845,0.0000,1.3614,2.9207,0.2475,2.6732,NA,NA,NA,NA,NA,NA,NA
python.exe,15928,0x0,Other,-1,0,0,Composed: Copy with GPU GDI,2026-8-20 18:33:23.326945400,6.0537,6.0537,0.0000,0.1010,6.0442,0.2484,5.7958,NA,NA,NA,NA,NA,NA,NA
python.exe,15928,0x0,Other,0,0,1,Hardware: Legacy Flip,2026-8-20 18:33:23.332999100,4.9729,4.9729,0.0000,0.0943,4.9174,0.2602,4.6572,6.1992,14.4156,-3.3150,8246.9432,NA,NA,NA
python.exe,15928,0x0,Other,-1,0,0,Composed: Copy with GPU GDI,2026-8-20 18:33:23.337972000,1.5144,1.5144,0.0000,0.0388,1.5356,1.4004,0.1352,15.6419,1.5146,-9.4427,8251.9161,NA,NA,NA
python.exe,15928,0x0,Other,-1,0,0,Composed: Copy with GPU GDI,2026-8-20 18:33:23.339486400,5.6907,5.6907,0.0000,0.0633,5.7437,0.2726,5.4711,NA,NA,NA,NA,NA,NA,NA
python.exe,15928,0x0,Other,-1,0,0,Composed: Copy with GPU GDI,2026-8-20 18:33:23.345177100,6.5932,6.5932,0.0000,0.1213,6.5458,0.3003,6.2455,NA,NA,NA,NA,NA,NA,NA
python.exe,15928,0x0,Other,0,0,1,Hardware: Legacy Flip,2026-8-20 18:33:23.351770300,1.6421,1.6421,0.0000,0.0795,1.6058,0.2774,1.3284,3.3582,16.6891,12.2837,8265.7144,NA,NA,NA
python.exe,15928,0x0,Other,-1,0,0,Composed: Copy with GPU GDI,2026-8-20 18:33:23.353412400,4.1677,4.1677,0.0000,0.0432,4.1840,1.9790,2.2050,18.4052,1.2521,-15.0470,8267.3565,NA,NA,NA
python.exe,15928,0x0,Other,-1,0,0,Composed: Copy with GPU GDI,2026-8-20 18:33:23.357580100,5.6948,5.6948,0.0000,0.0625,5.7756,0.2759,5.4997,NA,NA,NA,NA,NA,NA,NA
python.exe,15928,0x0,Other,0,0,1,Hardware: Legacy Flip,2026-8-20 18:33:23.363274900,8.7196,8.7196,0.0000,0.1463,8.6172,0.5821,8.0351,9.7948,10.8695,8.6104,8277.2190,NA,NA,NA
python.exe,15928,0x0,Other,-1,0,0,Composed: Copy with GPU GDI,2026-8-20 18:33:23.371994500,1.0573,1.0573,0.0000,0.0439,1.3602,1.3602,0.0000,NA,NA,NA,NA,NA,NA,NA
python.exe,15928,0x0,Other,-1,0,0,Composed: Copy with GPU GDI,2026-8-20 18:33:23.373051800,2.2850,2.2850,0.0000,0.3498,1.9882,0.1751,1.8131,10.8874,4.2977,-1.0926,8286.9959,NA,NA,NA
python.exe,15928,0x0,Other,-1,0,0,Composed: Copy with GPU GDI,2026-8-20 18:33:23.375336800,6.7710,6.7710,0.0000,0.0569,6.8534,0.2703,6.5831,NA,NA,NA,NA,NA,NA,NA
python.exe,15928,0x0,Other,0,0,1,Hardware: Legacy Flip,2026-8-20 18:33:23.382107800,4.4371,4.4371,0.0000,0.1428,4.3337,0.4128,3.9209,6.1291,13.9220,4.7583,8296.0519,NA,NA,NA
python.exe,15928,0x0,Other,-1,0,0,Composed: Copy with GPU GDI,2026-8-20 18:33:23.386544900,1.0605,1.0605,0.0000,0.0394,2.3599,2.3599,0.0000,15.6140,3.7702,-9.4849,8300.4890,NA,NA,NA
python.exe,15928,0x0,Other,-1,0,0,Composed: Copy with GPU GDI,2026-8-20 18:33:23.387605400,5.9029,5.9029,0.0000,1.3409,4.6733,0.2590,4.4143,NA,NA,NA,NA,NA,NA,NA
python.exe,15928,0x0,Other,-1,0,0,Composed: Copy with GPU GDI,2026-8-20 18:33:23.393508300,6.3895,6.3895,0.0000,0.1155,6.3724,0.2945,6.0779,NA,NA,NA,NA,NA,NA,NA
python.exe,15928,0x0,Other,0,0,1,Hardware: Legacy Flip,2026-8-20 18:33:23.399897800,4.7481,4.7481,0.0000,0.1014,4.6878,0.3661,4.3217,6.0313,14.4213,9.5827,8313.8419,NA,NA,NA
python.exe,15928,0x0,Other,-1,0,0,Composed: Copy with GPU GDI,2026-8-20 18:33:23.404645900,1.5085,1.5085,0.0000,0.0411,1.5255,1.4539,0.0716,15.7045,0.6906,-9.6732,8318.5900,NA,NA,NA
python.exe,15928,0x0,Other,-1,0,0,Composed: Copy with GPU GDI,2026-8-20 18:33:23.406154400,5.6447,5.6447,0.0000,0.0614,5.6976,0.2637,5.4339,NA,NA,NA,NA,NA,NA,NA
python.exe,15928,0x0,Other,-1,0,0,Composed: Copy with GPU GDI,2026-8-20 18:33:23.411799100,6.3500,6.3500,0.0000,0.1174,6.3180,0.2936,6.0244,NA,NA,NA,NA,NA,NA,NA
python.exe,15928,0x0,Other,0,0,1,Hardware: Legacy Flip,2026-8-20 18:33:23.418149100,1.6391,1.6391,0.0000,0.0910,1.5918,0.2761,1.3157,2.8919,17.5118,12.8126,8332.0932,NA,NA,NA
python.exe,15928,0x0,Other,-1,0,0,Composed: Copy with GPU GDI,2026-8-20 18:33:23.419788200,4.3065,4.3065,0.0000,0.0437,4.3216,1.5169,2.8047,18.7646,6.0626,-15.8727,8333.7323,NA,NA,NA
python.exe,15928,0x0,Other,-1,0,0,Composed: Copy with GPU GDI,2026-8-20 18:33:23.424094700,9.0728,9.0728,0.0000,0.0617,9.3249,1.1594,8.1655,20.5207,20.1837,-1.7561,8338.0388,NA,NA,NA
python.exe,15928,0x0,Other,0,0,1,Hardware: Legacy Flip,2026-8-20 18:33:23.433167500,30.6309,30.6309,0.0000,0.3186,30.3721,2.4310,27.9411,31.6316,8.0338,-11.1109,8347.1116,NA,NA,NA
python.exe,15928,0x0,Other,-1,0,0,Composed: Copy with GPU GDI,2026-8-20 18:33:23.463798400,1.4985,1.4985,0.0000,0.0598,1.5055,1.3277,0.1778,NA,NA,NA,NA,NA,NA,NA
python.exe,15928,0x0,Other,-1,0,0,Composed: Copy with GPU GDI,2026-8-20 18:33:23.465296900,2.0724,2.0724,0.0000,0.0699,2.0932,0.2136,1.8796,NA,NA,NA,NA,NA,NA,NA
python.exe,15928,0x0,Other,0,0,1,Hardware: Legacy Flip,2026-8-20 18:33:23.467369300,3.8731,3.8731,0.0000,0.0946,3.8191,0.2735,3.5456,5.4636,14.2459,26.1680,8381.3134,NA,NA,NA
python.exe,15928,0x0,Other,-1,0,0,Composed: Copy with GPU GDI,2026-8-20 18:33:23.471242400,1.4384,1.4384,0.0000,0.0406,2.1457,2.1457,0.0000,15.8364,0.6835,-10.3728,8385.1865,NA,NA,NA
python.exe,15928,0x0,Other,-1,0,0,Composed: Copy with GPU GDI,2026-8-20 18:33:23.472680800,5.9477,5.9477,0.0000,0.7510,5.2733,0.2605,5.0128,NA,NA,NA,NA,NA,NA,NA
python.exe,15928,0x0,Other,-1,0,0,Composed: Copy with GPU GDI,2026-8-20 18:33:23.478628500,6.2463,6.2463,0.0000,0.0795,6.2245,0.2782,5.9463,NA,NA,NA,NA,NA,NA,NA
python.exe,15928,0x0,Other,0,0,1,Hardware: Legacy Flip,2026-8-20 18:33:23.484874800,1.5517,1.5517,0.0000,0.0615,1.5319,0.2482,1.2837,2.8875,17.5205,12.9489,8398.8189,NA,NA,NA
python.exe,15928,0x0,Other,-1,0,0,Composed: Copy with GPU GDI,2026-8-20 18:33:23.486426500,4.4249,4.4249,0.0000,0.0417,4.4433,1.6073,2.8360,18.8563,1.1707,-15.9688,8400.3706,NA,NA,NA
python.exe,15928,0x0,Other,-1,0,0,Composed: Copy with GPU GDI,2026-8-20 18:33:23.490851400,5.8309,5.8309,0.0000,0.0639,5.8694,0.2531,5.6163,NA,NA,NA,NA,NA,NA,NA
python.exe,15928,0x0,Other,0,0,1,Hardware: Legacy Flip,2026-8-20 18:33:23.496682300,8.5364,8.5364,0.0000,0.1057,8.5695,0.5155,8.0540,9.7712,10.9531,9.0851,8410.6264,NA,NA,NA
python.exe,15928,0x0,Other,-1,0,0,Composed: Copy with GPU GDI,2026-8-20 18:33:23.505218700,1.7207,1.7207,0.0000,0.1388,1.6443,1.5064,0.1379,NA,NA,NA,NA,NA,NA,NA
python.exe,15928,0x0,Other,-1,0,0,Composed: Copy with GPU GDI,2026-8-20 18:33:23.506939400,1.7468,1.7468,0.0000,0.0655,1.8035,0.2492,1.5543,10.4672,4.1188,-0.6960,8420.8835,NA,NA,NA
python.exe,15928,0x0,Other,-1,0,0,Composed: Copy with GPU GDI,2026-8-20 18:33:23.508686200,7.2961,7.2961,0.0000,0.1258,7.2322,0.3202,6.9120,NA,NA,NA,NA,NA,NA,NA
python.exe,15928,0x0,Other,0,0,1,Hardware: Legacy Flip,2026-8-20 18:33:23.515982300,3.7651,3.7651,0.0000,0.0653,3.7400,0.7275,3.0125,5.5431,14.0932,4.9241,8429.9264,NA,NA,NA
python.exe,15928,0x0,Other,-1,0,0,Composed: Copy with GPU GDI,2026-8-20 18:33:23.519747400,1.3765,1.3765,0.0000,0.0402,2.6813,2.6813,0.0000,15.8712,3.8572,-10.3281,8433.6915,NA,NA,NA
python.exe,15928,0x0,Other,-1,0,0,Composed: Copy with GPU GDI,2026-8-20 18:33:23.521123900,6.5752,6.5752,0.0000,1.3469,5.3524,0.2839,5.0685,NA,NA,NA,NA,NA,NA,NA
python.exe,15928,0x0,Other,-1,0,0,Composed: Copy with GPU GDI,2026-8-20 18:33:23.527699100,5.3918,5.3918,0.0000,0.1273,5.3789,0.2714,5.1075,NA,NA,NA,NA,NA,NA,NA
python.exe,15928,0x0,Other,0,0,1,Hardware: Legacy Flip,2026-8-20 18:33:23.533090900,4.7682,4.7682,0.0000,0.1174,4.6911,0.3453,4.3458,6.3849,14.3398,9.4863,8447.0350,NA,NA,NA
python.exe,15928,0x0,Other,-1,0,0,Composed: Copy with GPU GDI,2026-8-20 18:33:23.537859100,1.2896,1.2896,0.0000,0.0403,1.7382,1.7382,0.0000,15.9565,0.5495,-9.5716,8451.8032,NA,NA,NA
python.exe,15928,0x0,Other,-1,0,0,Composed: Copy with GPU GDI,2026-8-20 18:33:23.539148700,6.0325,6.0325,0.0000,0.4918,5.6593,0.2842,5.3751,NA,NA,NA,NA,NA,NA,NA
python.exe,15928,0x0,Other,-1,0,0,Composed: Copy with GPU GDI,2026-8-20 18:33:23.545181200,6.2969,6.2969,0.0000,0.1230,6.2708,0.3052,5.9656,NA,NA,NA,NA,NA,NA,NA
python.exe,15928,0x0,Other,0,0,1,Hardware: Legacy Flip,2026-8-20 18:33:23.551478100,1.5812,1.5812,0.0000,0.1043,1.5179,0.2634,1.2545,2.8870,17.6454,13.0695,8465.4222,NA,NA,NA
python.exe,15928,0x0,Other,-1,0,0,Composed: Copy with GPU GDI,2026-8-20 18:33:23.553059300,9.0289,9.0289,0.0000,0.0410,9.1012,2.4321,6.6691,NA,NA,NA,NA,NA,NA,NA
python.exe,15928,0x0,Other,-1,0,0,Composed: Copy with GPU GDI,2026-8-20 18:33:23.562088200,1.2287,1.2287,0.0000,0.1162,1.1685,0.1833,0.9852,9.9223,6.8999,-7.0353,8476.0323,NA,NA,NA
python.exe,15928,0x0,Other,0,0,1,Hardware: Legacy Flip,2026-8-20 18:33:23.563316900,14.7829,14.7829,0.0000,0.0590,14.7858,2.5933,12.1925,15.5935,10.1724,-5.6712,8477.2610,NA,NA,NA
python.exe,15928,0x0,Other,-1,0,0,Composed: Copy with GPU GDI,2026-8-20 18:33:23.578099800,4.4256,4.4256,0.0000,0.0619,4.4722,1.0661,3.4061,NA,NA,NA,NA,NA,NA,NA
python.exe,15928,0x0,Other,-1,0,0,Composed: Copy with GPU GDI,2026-8-20 18:33:23.582525400,1.6265,1.6265,0.0000,0.1140,1.5877,0.2522,1.3355,NA,NA,NA,NA,NA,NA,NA
python.exe,15928,0x0,Other,0,0,1,Hardware: Legacy Flip,2026-8-20 18:33:23.584151900,3.0865,3.0865,0.0000,0.0805,3.0854,0.6345,2.4509,4.9309,13.2840,10.6626,8498.0960,NA,NA,NA
python.exe,15928,0x0,Other,-1,0,0,Composed: Copy with GPU GDI,2026-8-20 18:33:23.587238400,1.1016,1.1016,0.0000,0.0794,2.2882,2.2882,0.0000,15.1284,5.0871,-10.1975,8501.1825,NA,NA,NA
python.exe,15928,0x0,Other,-1,0,0,Composed: Copy with GPU GDI,2026-8-20 18:33:23.588340000,6.3245,6.3245,0.0000,1.2682,5.1425,0.2893,4.8532,NA,NA,NA,NA,NA,NA,NA
python.exe,15928,0x0,Other,-1,0,0,Composed: Copy with GPU GDI,2026-8-20 18:33:23.594664500,5.4298,5.4298,0.0000,0.0896,5.4045,0.2841,5.1204,NA,NA,NA,NA,NA,NA,NA
python.exe,15928,0x0,Other,0,0,1,Hardware: Legacy Flip,2026-8-20 18:33:23.600094300,6.2315,6.2315,0.0000,0.0687,6.2084,0.5910,5.6174,7.3596,13.0999,7.7688,8514.0384,NA,NA,NA
python.exe,15928,0x0,Other,-1,0,0,Composed: Copy with GPU GDI,2026-8-20 18:33:23.606325800,0.7623,0.7623,0.0000,0.0456,1.2469,1.2469,0.0000,14.2280,1.8534,-6.8684,8520.2699,NA,NA,NA
python.exe,15928,0x0,Other,-1,0,0,Composed: Copy with GPU GDI,2026-8-20 18:33:23.607088100,4.8773,4.8773,0.0000,0.5332,4.4742,0.3007,4.1735,NA,NA,NA,NA,NA,NA,NA
python.exe,15928,0x0,Other,-1,0,0,Composed: Copy with GPU GDI,2026-8-20 18:33:23.611965400,6.4196,6.4196,0.0000,0.1340,6.3436,0.2650,6.0786,NA,NA,NA,NA,NA,NA,NA
python.exe,15928,0x0,Other,0,0,1,Hardware: Legacy Flip,2026-8-20 18:33:23.618385000,2.0276,2.0276,0.0000,0.0619,2.0161,0.3452,1.6709,4.0222,16.3519,10.2058,8532.3291,NA,NA,NA
python.exe,15928,0x0,Other,-1,0,0,Composed: Copy with GPU GDI,2026-8-20 18:33:23.620412600,4.3717,4.3717,0.0000,0.0504,4.3859,2.4558,1.9301,18.3465,1.3118,-14.3243,8534.3567,NA,NA,NA
python.exe,15928,0x0,Other,-1,0,0,Composed: Copy with GPU GDI,2026-8-20 18:33:23.624784300,5.3052,5.3052,0.0000,0.0685,5.3391,0.2646,5.0745,NA,NA,NA,NA,NA,NA,NA
python.exe,15928,0x0,Other,0,0,1,Hardware: Legacy Flip,2026-8-20 18:33:23.630089500,8.9817,8.9817,0.0000,0.1062,8.9286,0.6839,8.2447,9.9814,10.8084,8.3651,8544.0336,NA,NA,NA
python.exe,15928,0x0,Other,-1,0,0,Composed: Copy with GPU GDI,2026-8-20 18:33:23.639071200,1.5652,1.5652,0.0000,0.0531,1.5774,1.2068,0.3706,NA,NA,NA,NA,NA,NA,NA
python.exe,15928,0x0,Other,-1,0,0,Composed: Copy with GPU GDI,2026-8-20 18:33:23.640636400,1.5233,1.5233,0.0000,0.0678,1.5766,0.2553,1.3213,10.2429,4.8862,-0.2615,8554.5805,NA,NA,NA
python.exe,15928,0x0,Other,-1,0,0,Composed: Copy with GPU GDI,2026-8-20 18:33:23.642159700,7.9497,7.9497,0.0000,0.1245,7.8989,0.3244,7.5745,NA,NA,NA,NA,NA,NA,NA
python.exe,15928,0x0,Other,0,0,1,Hardware: Legacy Flip,2026-8-20 18:33:23.650109400,3.9685,3.9685,0.0000,0.0808,3.9368,0.3364,3.6004,5.6561,13.3071,4.5868,8564.0535,NA,NA,NA
python.exe,15928,0x0,Other,-1,0,0,Composed: Copy with GPU GDI,2026-8-20 18:33:23.654077900,0.9731,0.9731,0.0000,0.0491,2.6612,2.6612,0.0000,14.9947,5.2767,-9.3386,8568.0220,NA,NA,NA
python.exe,15928,0x0,Other,-1,0,0,Composed: Copy with GPU GDI,2026-8-20 18:33:23.655051000,5.9054,5.9054,0.0000,1.7400,4.2561,0.2627,3.9934,NA,NA,NA,NA,NA,NA,NA
python.exe,15928,0x0,Other,-1,0,0,Composed: Copy with GPU GDI,2026-8-20 18:33:23.660956400,5.6292,5.6292,0.0000,0.0939,5.6747,0.3199,5.3548,NA,NA,NA,NA,NA,NA,NA
python.exe,15928,0x0,Other,0,0,1,Hardware: Legacy Flip,2026-8-20 18:33:23.666585600,6.2989,6.2989,0.0000,0.1471,6.1968,0.3717,5.8251,7.7637,12.9321,7.2310,8580.5297,NA,NA,NA
python.exe,15928,0x0,Other,-1,0,0,Composed: Copy with GPU GDI,2026-8-20 18:33:23.672884500,1.6050,1.6050,0.0000,0.0450,2.1271,2.1271,0.0000,14.3969,2.5155,-6.6332,8586.8286,NA,NA,NA
python.exe,15928,0x0,Other,-1,0,0,Composed: Copy with GPU GDI,2026-8-20 18:33:23.674489500,9.3793,9.3793,0.0000,0.5708,9.5558,1.0917,8.4641,NA,NA,NA,NA,NA,NA,NA
python.exe,15928,0x0,Other,-1,0,0,Composed: Copy with GPU GDI,2026-8-20 18:33:23.683868800,1.7448,1.7448,0.0000,0.7506,1.0559,0.2628,0.7931,NA,NA,NA,NA,NA,NA,NA
python.exe,15928,0x0,Other,0,0,1,Hardware: Legacy Flip,2026-8-20 18:33:23.685613600,1.9126,1.9126,0.0000,0.0651,1.9057,0.3471,1.5586,4.1833,15.7718,10.2136,8599.5577,NA,NA,NA
python.exe,15928,0x0,Other,-1,0,0,Composed: Copy with GPU GDI,2026-8-20 18:33:23.687526200,5.4159,5.4159,0.0000,0.0582,5.4271,3.0821,2.3450,18.0425,5.9783,-13.8592,8601.4703,NA,NA,NA
python.exe,15928,0x0,Other,-1,0,0,Composed: Copy with GPU GDI,2026-8-20 18:33:23.692942100,4.0185,4.0185,0.0000,0.0731,4.0354,0.2684,3.7670,18.6049,1.4726,-0.5624,8606.8862,NA,NA,NA
python.exe,15928,0x0,Other,0,0,1,Hardware: Legacy Flip,2026-8-20 18:33:23.696960600,15.4205,15.4205,0.0000,0.0955,15.3778,2.8689,12.5089,16.0590,9.1674,2.5459,8610.9047,NA,NA,NA
python.exe,15928,0x0,Other,-1,0,0,Composed: Copy with GPU GDI,2026-8-20 18:33:23.712381100,4.8482,4.8482,0.0000,0.0528,4.8545,0.9509,3.9036,NA,NA,NA,NA,NA,NA,NA
python.exe,15928,0x0,Other,-1,0,0,Composed: Copy with GPU GDI,2026-8-20 18:33:23.717229300,1.3323,1.3323,0.0000,0.0629,1.6302,0.7157,0.9145,NA,NA,NA,NA,NA,NA,NA
python.exe,15928,0x0,Other,0,0,1,Hardware: Legacy Flip,2026-8-20 18:33:23.718561600,2.1762,2.1762,0.0000,0.3651,1.8605,0.2736,1.5869,3.6254,13.6360,12.4336,8632.5057,NA,NA,NA
python.exe,15928,0x0,Other,-1,0,0,Composed: Copy with GPU GDI,2026-8-20 18:33:23.720737800,0.8879,0.8879,0.0000,0.0494,2.3107,2.3107,0.0000,15.0852,4.5929,-11.4598,8634.6819,NA,NA,NA
python.exe,15928,0x0,Other,-1,0,0,Composed: Copy with GPU GDI,2026-8-20 18:33:23.721625700,6.1650,6.1650,0.0000,1.4752,4.8976,0.2686,4.6290,NA,NA,NA,NA,NA,NA,NA
python.exe,15928,0x0,Other,-1,0,0,Composed: Copy with GPU GDI,2026-8-20 18:33:23.727790700,5.6634,5.6634,0.0000,0.2058,5.5186,0.2807,5.2379,NA,NA,NA,NA,NA,NA,NA
python.exe,15928,0x0,Other,0,0,1,Hardware: Legacy Flip,2026-8-20 18:33:23.733454100,5.3762,5.3762,0.0000,0.0663,5.3524,0.2828,5.0696,6.9618,13.5934,8.1234,8647.3982,NA,NA,NA
python.exe,15928,0x0,Other,-1,0,0,Composed: Copy with GPU GDI,2026-8-20 18:33:23.738830300,1.3728,1.3728,0.0000,0.0425,1.7073,1.7073,0.0000,15.1790,0.7716,-8.2172,8652.7744,NA,NA,NA
python.exe,15928,0x0,Other,-1,0,0,Composed: Copy with GPU GDI,2026-8-20 18:33:23.740203100,4.8975,4.8975,0.0000,0.3815,4.6225,0.2569,4.3656,NA,NA,NA,NA,NA,NA,NA
python.exe,15928,0x0,Other,-1,0,0,Composed: Copy with GPU GDI,2026-8-20 18:33:23.745100600,6.5044,6.5044,0.0000,0.1109,6.4679,0.2972,6.1707,NA,NA,NA,NA,NA,NA,NA
python.exe,15928,0x0,Other,0,0,1,Hardware: Legacy Flip,2026-8-20 18:33:23.751605000,1.7150,1.7150,0.0000,0.0777,1.6793,0.2809,1.3984,3.1759,17.4338,12.0031,8665.5491,NA,NA,NA
python.exe,15928,0x0,Other,-1,0,0,Composed: Copy with GPU GDI,2026-8-20 18:33:23.753320000,4.6928,4.6928,0.0000,0.0420,4.7190,1.7890,2.9300,18.8947,1.1047,-15.7188,8667.2641,NA,NA,NA
python.exe,15928,0x0,Other,-1,0,0,Composed: Copy with GPU GDI,2026-8-20 18:33:23.758012800,5.3885,5.3885,0.0000,0.0735,5.4130,0.2642,5.1488,NA,NA,NA,NA,NA,NA,NA
python.exe,15928,0x0,Other,0,0,1,Hardware: Legacy Flip,2026-8-20 18:33:23.763401300,8.6581,8.6581,0.0000,0.1015,8.5987,0.4910,8.1077,9.9181,11.0220,8.9766,8677.3454,NA,NA,NA
python.exe,15928,0x0,Other,-1,0,0,Composed: Copy with GPU GDI,2026-8-20 18:33:23.772059400,1.3953,1.3953,0.0000,0.0421,1.5834,1.5834,0.0000,NA,NA,NA,NA,NA,NA,NA
python.exe,15928,0x0,Other,-1,0,0,Composed: Copy with GPU GDI,2026-8-20 18:33:23.773454700,2.0410,2.0410,0.0000,0.2351,1.9273,0.2805,1.6468,10.8867,4.7154,-0.9686,8687.3988,NA,NA,NA
python.exe,15928,0x0,Other,-1,0,0,Composed: Copy with GPU GDI,2026-8-20 18:33:23.775495700,6.7035,6.7035,0.0000,0.1241,6.6879,0.2585,6.4294,NA,NA,NA,NA,NA,NA,NA
python.exe,15928,0x0,Other,0,0,1,Hardware: Legacy Flip,2026-8-20 18:33:23.782199200,4.9334,4.9334,0.0000,0.1119,4.8649,0.6643,4.2006,6.8576,13.4937,4.0291,8696.1433,NA,NA,NA
python.exe,15928,0x0,Other,-1,0,0,Composed: Copy with GPU GDI,2026-8-20 18:33:23.787132600,0.8427,0.8427,0.0000,0.0434,2.8542,2.8542,0.0000,15.4179,4.3484,-8.5603,8701.0767,NA,NA,NA
python.exe,15928,0x0,Other,-1,0,0,Composed: Copy with GPU GDI,2026-8-20 18:33:23.787975300,5.9508,5.9508,0.0000,2.0599,3.9926,0.2778,3.7148,NA,NA,NA,NA,NA,NA,NA
python.exe,15928,0x0,Other,-1,0,0,Composed: Copy with GPU GDI,2026-8-20 18:33:23.793926100,6.3243,6.3243,0.0000,0.1047,6.3346,0.2893,6.0453,NA,NA,NA,NA,NA,NA,NA
python.exe,15928,0x0,Other,0,0,1,Hardware: Legacy Flip,2026-8-20 18:33:23.800250400,4.8324,4.8324,0.0000,0.1187,4.7577,0.4747,4.2830,6.6485,13.8687,8.7694,8714.1945,NA,NA,NA
python.exe,15928,0x0,Other,-1,0,0,Composed: Copy with GPU GDI,2026-8-20 18:33:23.805082800,4.2020,4.2020,0.0000,0.0440,4.6426,2.7723,1.8703,NA,NA,NA,NA,NA,NA,NA
python.exe,15928,0x0,Other,-1,0,0,Composed: Copy with GPU GDI,2026-8-20 18:33:23.809284800,2.6983,2.6983,0.0000,0.4870,2.3164,0.2835,2.0329,11.4828,6.6622,-4.8343,8723.2289,NA,NA,NA
python.exe,15928,0x0,Other,-1,0,0,Composed: Copy with GPU GDI,2026-8-20 18:33:23.811983100,6.4528,6.4528,0.0000,0.1090,6.4074,0.3336,6.0738,NA,NA,NA,NA,NA,NA,NA
python.exe,15928,0x0,Other,0,0,1,Hardware: Legacy Flip,2026-8-20 18:33:23.818435900,8.3072,8.3072,0.0000,0.0681,8.2872,2.6438,5.6434,8.9939,11.5239,2.4889,8732.3800,NA,NA,NA
python.exe,15928,0x0,Other,-1,0,0,Composed: Copy with GPU GDI,2026-8-20 18:33:23.826743100,3.5284,3.5284,0.0000,0.0481,3.5427,0.9618,2.5809,NA,NA,NA,NA,NA,NA,NA
python.exe,15928,0x0,Other,-1,0,0,Composed: Copy with GPU GDI,2026-8-20 18:33:23.830271500,0.5112,0.5112,0.0000,0.0658,0.4992,0.1838,0.3154,8.6822,0.4969,0.3117,8744.2156,NA,NA,NA
python.exe,15928,0x0,Other,0,0,1,Hardware: Legacy Flip,2026-8-20 18:33:23.830782700,7.3670,7.3670,0.0000,0.0570,7.3606,0.4480,6.9126,8.6679,11.6361,0.0143,8744.7268,NA,NA,NA
python.exe,15928,0x0,Other,-1,0,0,Composed: Copy with GPU GDI,2026-8-20 18:33:23.838149700,1.1320,1.1320,0.0000,0.0506,1.4180,1.4180,0.0000,NA,NA,NA,NA,NA,NA,NA
python.exe,15928,0x0,Other,-1,0,0,Composed: Copy with GPU GDI,2026-8-20 18:33:23.839281700,2.9054,2.9054,0.0000,0.3413,2.6771,0.2664,2.4107,11.8050,5.0363,-3.1371,8753.2258,NA,NA,NA
python.exe,15928,0x0,Other,-1,0,0,Composed: Copy with GPU GDI,2026-8-20 18:33:23.842187100,7.6685,7.6685,0.0000,0.1173,7.6757,0.3506,7.3251,NA,NA,NA,NA,NA,NA,NA
python.exe,15928,0x0,Other,0,0,1,Hardware: Legacy Flip,2026-8-20 18:33:23.849855600,4.4403,4.4403,0.0000,0.1292,4.3618,0.3483,4.0135,6.2674,13.1514,5.5376,8763.7997,NA,NA,NA
python.exe,15928,0x0,Other,-1,0,0,Composed: Copy with GPU GDI,2026-8-20 18:33:23.854295900,1.1735,1.1735,0.0000,0.0507,2.4916,2.4916,0.0000,14.9785,4.1478,-8.7111,8768.2400,NA,NA,NA
python.exe,15928,0x0,Other,-1,0,0,Composed: Copy with GPU GDI,2026-8-20 18:33:23.855469400,5.1630,5.1630,0.0000,1.3711,3.8743,0.2687,3.6056,NA,NA,NA,NA,NA,NA,NA
python.exe,15928,0x0,Other,-1,0,0,Composed: Copy with GPU GDI,2026-8-20 18:33:23.860632400,6.0972,6.0972,0.0000,0.0860,6.0695,0.2758,5.7937,NA,NA,NA,NA,NA,NA,NA
python.exe,15928,0x0,Other,0,0,1,Hardware: Legacy Flip,2026-8-20 18:33:23.866729600,4.8633,4.8633,0.0000,0.0647,4.8442,0.3407,4.5035,6.6926,14.0585,8.2859,8780.6737,NA,NA,NA
python.exe,15928,0x0,Other,-1,0,0,Composed: Copy with GPU GDI,2026-8-20 18:33:23.871592900,1.4371,1.4371,0.0000,0.0456,1.9485,1.9485,0.0000,15.8878,2.4353,-9.1952,8785.5370,NA,NA,NA
python.exe,15928,0x0,Other,-1,0,0,Composed: Copy with GPU GDI,2026-8-20 18:33:23.873030000,5.9642,5.9642,0.0000,0.5600,5.4733,0.2743,5.1990,NA,NA,NA,NA,NA,NA,NA
python.exe,15928,0x0,Other,-1,0,0,Composed: Copy with GPU GDI,2026-8-20 18:33:23.878994200,6.9459,6.9459,0.0000,0.0731,6.9959,0.3281,6.6678,NA,NA,NA,NA,NA,NA,NA
python.exe,15928,0x0,Other,0,0,1,Hardware: Legacy Flip,2026-8-20 18:33:23.885940100,1.8366,1.8366,0.0000,0.1285,1.7603,0.3305,1.4298,3.9759,15.7639,11.9119,8799.8842,NA,NA,NA
python.exe,15928,0x0,Other,-1,0,0,Composed: Copy with GPU GDI,2026-8-20 18:33:23.887776700,4.9084,4.9084,0.0000,0.0522,4.9349,2.7295,2.2054,17.9032,1.2895,-13.9273,8801.7208,NA,NA,NA
python.exe,15928,0x0,Other,-1,0,0,Composed: Copy with GPU GDI,2026-8-20 18:33:23.892685100,4.1348,4.1348,0.0000,0.0842,4.1811,0.2874,3.8937,NA,NA,NA,NA,NA,NA,NA
python.exe,15928,0x0,Other,0,0,1,Hardware: Legacy Flip,2026-8-20 18:33:23.896819900,9.1597,9.1597,0.0000,0.1334,9.0916,0.9572,8.1344,10.1495,10.8473,7.7537,8810.7640,NA,NA,NA
python.exe,15928,0x0,Other,-1,0,0,Composed: Copy with GPU GDI,2026-8-20 18:33:23.905979600,1.7264,1.7264,0.0000,0.0653,1.7247,1.4022,0.3225,NA,NA,NA,NA,NA,NA,NA
python.exe,15928,0x0,Other,-1,0,0,Composed: Copy with GPU GDI,2026-8-20 18:33:23.907706000,1.0898,1.0898,0.0000,0.0682,1.2041,0.1770,1.0271,10.1107,5.1672,0.0388,8821.6501,NA,NA,NA
python.exe,15928,0x0,Other,-1,0,0,Composed: Copy with GPU GDI,2026-8-20 18:33:23.908795800,7.6061,7.6061,0.0000,0.1808,7.4898,0.2864,7.2034,NA,NA,NA,NA,NA,NA,NA
python.exe,15928,0x0,Other,0,0,1,Hardware: Legacy Flip,2026-8-20 18:33:23.916401900,4.6285,4.6285,0.0000,0.0683,4.6234,0.4581,4.1653,6.5820,13.0378,3.5287,8830.3460,NA,NA,NA
python.exe,15928,0x0,Other,-1,0,0,Composed: Copy with GPU GDI,2026-8-20 18:33:23.921030400,1.1737,1.1737,0.0000,0.0632,2.3258,2.3258,0.0000,14.9913,4.3670,-8.4093,8834.9745,NA,NA,NA
python.exe,15928,0x0,Other,-1,0,0,Composed: Copy with GPU GDI,2026-8-20 18:33:23.922204100,8.7384,8.7384,0.0000,1.2173,7.8309,1.0922,6.7387,NA,NA,NA,NA,NA,NA,NA
python.exe,15928,0x0,Other,-1,0,0,Composed: Copy with GPU GDI,2026-8-20 18:33:23.930942500,2.5971,2.5971,0.0000,0.3151,2.3805,0.2906,2.0899,NA,NA,NA,NA,NA,NA,NA
python.exe,15928,0x0,Other,0,0,1,Hardware: Legacy Flip,2026-8-20 18:33:23.933539600,5.4723,5.4723,0.0000,0.1023,5.4168,0.3137,5.1031,6.8491,13.8296,8.1422,8847.4837,NA,NA,NA
python.exe,15928,0x0,Other,-1,0,0,Composed: Copy with GPU GDI,2026-8-20 18:33:23.939011900,1.2277,1.2277,0.0000,0.0468,1.9619,1.9619,0.0000,15.2064,6.0982,-8.3573,8852.9560,NA,NA,NA
python.exe,15928,0x0,Other,-1,0,0,Composed: Copy with GPU GDI,2026-8-20 18:33:23.940239600,5.0513,5.0513,0.0000,0.7840,4.3681,0.2642,4.1039,20.0769,1.3100,-4.8705,8854.1837,NA,NA,NA
python.exe,15928,0x0,Other,-1,0,0,Composed: Copy with GPU GDI,2026-8-20 18:33:23.945290900,6.4512,6.4512,0.0000,0.1037,6.4203,0.2947,6.1256,NA,NA,NA,NA,NA,NA,NA
python.exe,15928,0x0,Other,0,0,1,Hardware: Legacy Flip,2026-8-20 18:33:23.951742100,9.2760,9.2760,0.0000,0.0780,9.2560,2.7311,6.5249,9.8844,10.7887,10.1925,8865.6862,NA,NA,NA
python.exe,15928,0x0,Other,-1,0,0,Composed: Copy with GPU GDI,2026-8-20 18:33:23.961018100,3.4326,3.4326,0.0000,0.0580,3.4433,0.8781,2.5652,11.3971,0.8580,-1.5127,8874.9622,NA,NA,NA
python.exe,15928,0x0,Other,0,0,1,Hardware: Legacy Flip,2026-8-20 18:33:23.964450700,7.5857,7.5857,0.0000,0.0728,7.5604,0.4451,7.1153,8.8225,11.2765,2.5746,8878.3948,NA,NA,NA
python.exe,15928,0x0,Other,-1,0,0,Composed: Copy with GPU GDI,2026-8-20 18:33:23.972036400,1.3688,1.3688,0.0000,0.0475,1.5508,1.5508,0.0000,NA,NA,NA,NA,NA,NA,NA
python.exe,15928,0x0,Other,-1,0,0,Composed: Copy with GPU GDI,2026-8-20 18:33:23.973405200,3.5972,3.5972,0.0000,0.2324,3.4231,0.3342,3.0889,11.1445,3.1100,-2.3220,8887.3493,NA,NA,NA
python.exe,15928,0x0,Other,-1,0,0,Composed: Copy with GPU GDI,2026-8-20 18:33:23.977002400,5.4297,5.4297,0.0000,0.0624,5.4916,0.2911,5.2005,NA,NA,NA,NA,NA,NA,NA
python.exe,15928,0x0,Other,0,0,1,Hardware: Legacy Flip,2026-8-20 18:33:23.982432100,3.9613,3.9613,0.0000,0.1275,3.8899,0.3434,3.5465,5.2276,15.0857,5.9169,8896.3762,NA,NA,NA
python.exe,15928,0x0,Other,-1,0,0,Composed: Copy with GPU GDI,2026-8-20 18:33:23.986393400,1.8164,1.8164,0.0000,0.0561,2.1362,2.0547,0.0815,16.3520,4.3864,-11.1244,8900.3375,NA,NA,NA
python.exe,15928,0x0,Other,-1,0,0,Composed: Copy with GPU GDI,2026-8-20 18:33:23.988209800,6.3341,6.3341,0.0000,0.3789,6.0682,0.2997,5.7685,NA,NA,NA,NA,NA,NA,NA
python.exe,15928,0x0,Other,-1,0,0,Composed: Copy with GPU GDI,2026-8-20 18:33:23.994543900,5.6764,5.6764,0.0000,0.1164,5.6610,0.2997,5.3613,NA,NA,NA,NA,NA,NA,NA
python.exe,15928,0x0,Other,0,0,1,Hardware: Legacy Flip,2026-8-20 18:33:24.000220300,5.1629,5.1629,0.0000,0.0986,5.1165,0.4209,4.6956,6.9115,13.8153,9.4405,8914.1644,NA,NA,NA
python.exe,15928,0x0,Other,-1,0,0,Composed: Copy with GPU GDI,2026-8-20 18:33:24.005383200,1.5924,1.5924,0.0000,0.0522,2.2418,2.2418,0.0000,15.5639,1.4194,-8.6524,8919.3273,NA,NA,NA
python.exe,15928,0x0,Other,-1,0,0,Composed: Copy with GPU GDI,2026-8-20 18:33:24.006975600,5.0390,5.0390,0.0000,0.7045,4.4439,0.2869,4.1570,NA,NA,NA,NA,NA,NA,NA
python.exe,15928,0x0,Other,-1,0,0,Composed: Copy with GPU GDI,2026-8-20 18:33:24.012014600,6.5365,6.5365,0.0000,0.1130,6.5185,0.3124,6.2061,NA,NA,NA,NA,NA,NA,NA
python.exe,15928,0x0,Other,0,0,1,Hardware: Legacy Flip,2026-8-20 18:33:24.018551100,1.8182,1.8182,0.0000,0.1017,1.7621,0.3074,1.4547,3.8154,17.5028,11.7485,8932.4952,NA,NA,NA
python.exe,15928,0x0,Other,-1,0,0,Composed: Copy with GPU GDI,2026-8-20 18:33:24.020369300,13.5015,13.5015,0.0000,0.0456,13.5777,2.5836,10.9941,NA,NA,NA,NA,NA,NA,NA
python.exe,15928,0x0,Other,0,0,1,Hardware: Legacy Flip,2026-8-20 18:33:24.033870800,4.4471,4.4471,0.0000,0.1263,4.3689,0.5125,3.8564,5.9985,15.6947,-2.1831,8947.8149,NA,NA,NA
python.exe,15928,0x0,Other,0,0,1,Hardware: Legacy Flip,2026-8-20 18:33:24.038317900,15.4996,15.4996,0.0000,0.0481,15.5031,1.6236,13.8795,17.2461,20.4610,-11.2476,8952.2620,NA,NA,NA
python.exe,15928,0x0,Other,0,0,1,Hardware: Legacy Flip,2026-8-20 18:33:24.053817500,20.9070,20.9070,0.0000,0.0516,20.9075,1.8412,19.0663,22.2075,12.7793,-4.9614,8967.7616,NA,NA,NA
python.exe,15928,0x0,Other,0,0,1,Hardware: Legacy Flip,2026-8-20 18:33:24.074724500,12.2036,12.2036,0.0000,0.0521,12.2195,1.5264,10.6931,14.0798,17.7481,8.1277,8988.6686,NA,NA,NA
python.exe,15928,0x0,Other,0,0,1,Hardware: Legacy Flip,2026-8-20 18:33:24.086928100,18.3319,18.3319,0.0000,0.0680,18.3097,1.9267,16.3830,19.6243,14.5744,-5.5445,9000.8722,NA,NA,NA
python.exe,15928,0x0,Other,0,0,1,Hardware: Legacy Flip,2026-8-20 18:33:24.105260000,14.6409,14.6409,0.0000,0.0458,14.6510,1.4493,13.2017,15.8668,19.0389,3.7575,9019.2041,NA,NA,NA
python.exe,15928,0x0,Other,0,0,1,Hardware: Legacy Flip,2026-8-20 18:33:24.119900900,18.7249,18.7249,0.0000,0.0559,18.7196,1.3872,17.3324,20.2648,14.6495,-4.3980,9033.8450,NA,NA,NA
python.exe,15928,0x0,Other,0,0,1,Hardware: Legacy Flip,2026-8-20 18:33:24.138625800,14.8596,14.8596,0.0000,0.0506,14.8620,1.7052,13.1568,16.1894,18.2488,4.0754,9052.5699,NA,NA,NA
python.exe,15928,0x0,Other,0,0,1,Hardware: Legacy Flip,2026-8-20 18:33:24.153485400,18.1976,18.1976,0.0000,0.0530,18.1941,1.4533,16.7408,19.5786,14.4984,-3.3892,9067.4295,NA,NA,NA
python.exe,15928,0x0,Other,0,0,1,Hardware: Legacy Flip,2026-8-20 18:33:24.171683000,14.5704,14.5704,0.0000,0.0495,14.5709,1.4833,13.0876,15.8794,18.9084,3.6992,9085.6271,NA,NA,NA
python.exe,15928,0x0,Other,0,0,1,Hardware: Legacy Flip,2026-8-20 18:33:24.186253400,18.9437,18.9437,0.0000,0.0500,18.9426,1.4057,17.5369,20.2174,14.9419,-4.3380,9100.1975,NA,NA,NA
python.exe,15928,0x0,Other,0,0,1,Hardware: Legacy Flip,2026-8-20 18:33:24.205197100,14.8320,14.8320,0.0000,0.0489,14.8395,1.4576,13.3819,16.2156,18.6462,4.0018,9119.1412,NA,NA,NA
python.exe,15928,0x0,Other,0,0,1,Hardware: Legacy Flip,2026-8-20 18:33:24.220029100,18.6001,18.6001,0.0000,0.0564,18.5901,1.5198,17.0703,20.0298,15.1341,-3.8142,9133.9732,NA,NA,NA
python.exe,15928,0x0,Other,0,0,1,Hardware: Legacy Flip,2026-8-20 18:33:24.238629200,15.0912,15.0912,0.0000,0.0464,15.0995,1.6047,13.4948,16.5638,17.9917,3.4660,9152.5733,NA,NA,NA
python.exe,15928,0x0,Other,0,0,1,Hardware: Legacy Flip,2026-8-20 18:33:24.253720400,18.1919,18.1919,0.0000,0.0547,18.1868,1.6510,16.5358,19.4643,14.5019,-2.9005,9167.6645,NA,NA,NA
python.exe,15928,0x0,Other,0,0,1,Hardware: Legacy Flip,2026-8-20 18:33:24.271912300,14.4763,14.4763,0.0000,0.0496,14.4766,1.4236,13.0530,15.7743,18.7503,3.6900,9185.8564,NA,NA,NA
python.exe,15928,0x0,Other,0,0,1,Hardware: Legacy Flip,2026-8-20 18:33:24.286388600,18.6662,18.6662,0.0000,0.0499,18.6936,1.5865,17.1071,20.0483,15.5909,-4.2740,9200.3327,NA,NA,NA
python.exe,15928,0x0,Other,0,0,1,Hardware: Legacy Flip,2026-8-20 18:33:24.305054800,15.0709,15.0709,0.0000,0.0773,15.0445,1.5689,13.4756,16.9730,17.7313,3.0753,9218.9989,NA,NA,NA
python.exe,15928,0x0,Other,0,0,1,Hardware: Legacy Flip,2026-8-20 18:33:24.320125700,18.3869,18.3869,0.0000,0.0509,18.3981,2.1143,16.2838,19.6334,14.9189,-2.6604,9234.0698,NA,NA,NA
python.exe,15928,0x0,Other,0,0,1,Hardware: Legacy Flip,2026-8-20 18:33:24.338512600,14.5856,14.5856,0.0000,0.0621,14.5674,1.3287,13.2387,16.1654,17.9445,3.4680,9252.4567,NA,NA,NA
python.exe,15928,0x0,Other,0,0,1,Hardware: Legacy Flip,2026-8-20 18:33:24.353098200,18.1758,18.1758,0.0000,0.0439,18.1745,1.6726,16.5019,19.5243,15.2557,-3.3589,9267.0423,NA,NA,NA
python.exe,15928,0x0,Other,0,0,1,Hardware: Legacy Flip,2026-8-20 18:33:24.371274000,14.9134,14.9134,0.0000,0.0426,14.9137,1.4643,13.4494,16.6042,18.2253,2.9201,9285.2181,NA,NA,NA
python.exe,15928,0x0,Other,0,0,1,Hardware: Legacy Flip,2026-8-20 18:33:24.386187400,18.3703,18.3703,0.0000,0.0429,18.3742,1.7847,16.5895,19.9161,14.7173,-3.3119,9300.1315,NA,NA,NA
python.exe,15928,0x0,Other,0,0,1,Hardware: Legacy Flip,2026-8-20 18:33:24.404557700,14.9393,14.9393,0.0000,0.0468,14.9448,1.6990,13.2458,16.2631,18.7733,3.6530,9318.5018,NA,NA,NA
python.exe,15928,0x0,Other,0,0,1,Hardware: Legacy Flip,2026-8-20 18:33:24.419497000,18.7010,18.7010,0.0000,0.0523,18.6966,1.4123,17.2843,20.0971,15.1166,-3.8340,9333.4411,NA,NA,NA
python.exe,15928,0x0,Other,0,0,1,Hardware: Legacy Flip,2026-8-20 18:33:24.438198000,14.6702,14.6702,0.0000,0.0479,14.6663,1.4757,13.1906,16.5127,30.4956,3.5844,9352.1421,NA,NA,NA
python.exe,15928,0x0,Other,0,0,1,Hardware: Legacy Flip,2026-8-20 18:33:24.452868200,31.0796,31.0796,0.0000,0.0440,31.0940,2.1200,28.9740,32.3381,2.4710,-15.8254,9366.8123,NA,NA,NA
python.exe,15928,0x0,Other,0,0,1,Hardware: Legacy Flip,2026-8-20 18:33:24.483947800,2.2734,2.2734,0.0000,0.0584,2.2289,1.2832,0.9457,3.7295,18.4932,28.6086,9397.8919,NA,NA,NA
python.exe,15928,0x0,Other,0,0,1,Hardware: Legacy Flip,2026-8-20 18:33:24.486221200,18.3151,18.3151,0.0000,0.0139,18.3424,1.5962,16.7462,19.9493,15.2586,-16.2198,9400.1653,NA,NA,NA
python.exe,15928,0x0,Other,0,0,1,Hardware: Legacy Flip,2026-8-20 18:33:24.504536300,15.2614,15.2614,0.0000,0.0412,15.2656,1.7569,13.5087,16.8928,18.0493,3.0565,9418.4804,NA,NA,NA
python.exe,15928,0x0,Other,0,0,1,Hardware: Legacy Flip,2026-8-20 18:33:24.519797700,18.3651,18.3651,0.0000,0.0454,18.3650,1.8081,16.5569,19.6807,14.8830,-2.7879,9433.7418,NA,NA,NA
python.exe,15928,0x0,Other,0,0,1,Hardware: Legacy Flip,2026-8-20 18:33:24.538162800,14.8345,14.8345,0.0000,0.0453,14.8343,1.4305,13.4038,16.1986,18.4638,3.4821,9452.1069,NA,NA,NA
python.exe,15928,0x0,Other,0,0,1,Hardware: Legacy Flip,2026-8-20 18:33:24.552997300,18.4623,18.4623,0.0000,0.0451,18.4598,1.4776,16.9822,19.8279,15.7333,-3.6293,9466.9414,NA,NA,NA
python.exe,15928,0x0,Other,0,0,1,Hardware: Legacy Flip,2026-8-20 18:33:24.571459600,15.3864,15.3864,0.0000,0.0426,15.3847,1.4703,13.9144,17.0989,17.8761,2.7290,9485.4037,NA,NA,NA
python.exe,15928,0x0,Other,0,0,1,Hardware: Legacy Flip,2026-8-20 18:33:24.586846000,18.2507,18.2507,0.0000,0.0409,18.2556,1.9132,16.3424,19.5886,15.0151,-2.4897,9500.7901,NA,NA,NA
python.exe,15928,0x0,Other,0,0,1,Hardware: Legacy Flip,2026-8-20 18:33:24.605096700,14.4052,14.4052,0.0000,0.0458,14.4110,1.5156,12.8954,16.3530,17.7882,3.2356,9519.0408,NA,NA,NA
python.exe,15928,0x0,Other,0,0,1,Hardware: Legacy Flip,2026-8-20 18:33:24.619501900,18.3430,18.3430,0.0000,0.0516,18.3337,2.1127,16.2210,19.7360,15.4853,-3.3830,9533.4460,NA,NA,NA
python.exe,15928,0x0,Other,0,0,1,Hardware: Legacy Flip,2026-8-20 18:33:24.637844900,15.2444,15.2444,0.0000,0.0423,15.2688,1.5359,13.7329,16.8783,18.2766,2.8577,9551.7890,NA,NA,NA
python.exe,15928,0x0,Other,0,0,1,Hardware: Legacy Flip,2026-8-20 18:33:24.653089300,18.4384,18.4384,0.0000,0.0667,18.4154,1.7318,16.6836,19.9105,15.2619,-3.0322,9567.0334,NA,NA,NA
python.exe,15928,0x0,Other,0,0,1,Hardware: Legacy Flip,2026-8-20 18:33:24.671527700,14.9826,14.9826,0.0000,0.0437,14.9844,1.6014,13.3830,16.7340,18.0271,3.1765,9585.4718,NA,NA,NA
python.exe,15928,0x0,Other,0,0,1,Hardware: Legacy Flip,2026-8-20 18:33:24.686510300,18.2207,18.2207,0.0000,0.0455,18.2183,1.7929,16.4254,19.7785,14.9219,-3.0445,9600.4544,NA,NA,NA
python.exe,15928,0x0,Other,0,0,1,Hardware: Legacy Flip,2026-8-20 18:33:24.704731000,14.8730,14.8730,0.0000,0.0431,14.8752,1.6997,13.1755,16.4797,18.7134,3.2988,9618.6751,NA,NA,NA
python.exe,15928,0x0,Other,0,0,1,Hardware: Legacy Flip,2026-8-20 18:33:24.719604000,18.7788,18.7788,0.0000,0.0453,18.7804,1.7455,17.0349,20.3201,14.7915,-3.8404,9633.5481,NA,NA,NA
python.exe,15928,0x0,Other,0,0,1,Hardware: Legacy Flip,2026-8-20 18:33:24.738382800,14.4989,14.4989,0.0000,0.0469,14.5310,1.6701,12.8609,16.3328,18.3587,3.9873,9652.3269,NA,NA,NA
python.exe,15928,0x0,Other,0,0,1,Hardware: Legacy Flip,2026-8-20 18:33:24.752881700,18.6394,18.6394,0.0000,0.0790,18.6038,1.9361,16.6677,20.1926,14.6715,-3.8598,9666.8258,NA,NA,NA
python.exe,15928,0x0,Other,0,0,1,Hardware: Legacy Flip,2026-8-20 18:33:24.771521100,14.5354,14.5354,0.0000,0.0434,14.5383,1.6792,12.8591,16.2247,18.5711,3.9679,9685.4652,NA,NA,NA
python.exe,15928,0x0,Other,0,0,1,Hardware: Legacy Flip,2026-8-20 18:33:24.786056500,18.7391,18.7391,0.0000,0.0463,18.7364,1.8468,16.8896,20.2604,14.8907,-4.0357,9700.0006,NA,NA,NA
python.exe,15928,0x0,Other,0,0,1,Hardware: Legacy Flip,2026-8-20 18:33:24.804795600,14.8710,14.8710,0.0000,0.0436,14.8755,1.6537,13.2218,16.4120,18.2648,3.8484,9718.7397,NA,NA,NA
python.exe,15928,0x0,Other,0,0,1,Hardware: Legacy Flip,2026-8-20 18:33:24.819666600,18.2446,18.2446,0.0000,0.0481,18.2397,1.6319,16.6078,19.8058,15.4916,-3.3938,9733.6107,NA,NA,NA
python.exe,15928,0x0,Other,0,0,1,Hardware: Legacy Flip,2026-8-20 18:33:24.837911200,15.3779,15.3779,0.0000,0.0432,15.3823,1.6886,13.6937,17.0528,19.2798,2.7530,9751.8553,NA,NA,NA
python.exe,15928,0x0,Other,0,0,1,Hardware: Legacy Flip,2026-8-20 18:33:24.853289100,19.3153,19.3153,0.0000,0.0476,19.3141,1.7690,17.5451,20.9547,13.8038,-3.9019,9767.2332,NA,NA,NA
python.exe,15928,0x0,Other,0,0,1,Hardware: Legacy Flip,2026-8-20 18:33:24.872604400,13.8220,13.8220,0.0000,0.0464,13.8206,1.7539,12.0667,15.4432,18.4424,5.5115,9786.5485,NA,NA,NA
python.exe,15928,0x0,Other,0,0,1,Hardware: Legacy Flip,2026-8-20 18:33:24.886426400,18.4261,18.4261,0.0000,0.0450,18.4280,1.7134,16.7146,20.0636,15.2903,-4.6204,9800.3705,NA,NA,NA
python.exe,15928,0x0,Other,0,0,1,Hardware: Legacy Flip,2026-8-20 18:33:24.904852500,15.1407,15.1407,0.0000,0.0469,15.1430,1.7724,13.3706,16.9278,17.9781,3.1358,9818.7966,NA,NA,NA
python.exe,15928,0x0,Other,0,0,1,Hardware: Legacy Flip,2026-8-20 18:33:24.919993200,18.0853,18.0853,0.0000,0.0492,18.0836,1.9080,16.1756,19.7652,15.0041,-2.8374,9833.9373,NA,NA,NA
python.exe,15928,0x0,Other,0,0,1,Hardware: Legacy Flip,2026-8-20 18:33:24.938078500,14.8628,14.8628,0.0000,0.0475,14.8627,1.8710,12.9917,16.6840,18.7799,3.0812,9852.0226,NA,NA,NA
python.exe,15928,0x0,Other,0,0,1,Hardware: Legacy Flip,2026-8-20 18:33:24.952941300,18.6900,18.6900,0.0000,0.0474,18.6900,1.9804,16.7096,20.6011,14.6114,-3.9171,9866.8854,NA,NA,NA
python.exe,15928,0x0,Other,0,0,1,Hardware: Legacy Flip,2026-8-20 18:33:24.971631300,14.8687,14.8687,0.0000,0.0474,14.8663,2.0212,12.8451,16.5225,18.5239,4.0786,9885.5754,NA,NA,NA
python.exe,15928,0x0,Other,0,0,1,Hardware: Legacy Flip,2026-8-20 18:33:24.986500000,18.5336,18.5336,0.0000,0.0450,18.5337,1.7483,16.7854,20.1777,14.8913,-3.6552,9900.4441,NA,NA,NA
python.exe,15928,0x0,Other,0,0,1,Hardware: Legacy Flip,2026-8-20 18:33:25.005033600,14.7478,14.7478,0.0000,0.0451,14.7482,1.7573,12.9909,16.5354,18.2406,3.6423,9918.9777,NA,NA,NA
python.exe,15928,0x0,Other,0,0,1,Hardware: Legacy Flip,2026-8-20 18:33:25.019781400,18.1861,18.1861,0.0000,0.0455,18.1952,1.9364,16.2588,20.0282,15.2635,-3.4928,9933.7255,NA,NA,NA
python.exe,15928,0x0,Other,0,0,1,Hardware: Legacy Flip,2026-8-20 18:33:25.037967500,15.4203,15.4203,0.0000,0.0546,15.4157,1.9979,13.4178,17.1056,18.0343,2.9226,9951.9116,NA,NA,NA
python.exe,15928,0x0,Other,0,0,1,Hardware: Legacy Flip,2026-8-20 18:33:25.053387800,17.9663,17.9663,0.0000,0.0500,17.9715,1.7990,16.1725,19.7196,15.1689,-2.6140,9967.3319,NA,NA,NA
python.exe,15928,0x0,Other,0,0,1,Hardware: Legacy Flip,2026-8-20 18:33:25.071354100,15.2515,15.2515,0.0000,0.0552,15.2480,1.8652,13.3828,16.9222,18.4140,2.7974,9985.2982,NA,NA,NA
python.exe,15928,0x0,Other,0,0,1,Hardware: Legacy Flip,2026-8-20 18:33:25.086605600,18.3375,18.3375,0.0000,0.0517,18.3318,1.7644,16.5674,20.0847,15.6004,-3.1625,10000.5497,NA,NA,NA
python.exe,15928,0x0,Other,0,0,1,Hardware: Legacy Flip,2026-8-20 18:33:25.104943100,15.2788,15.2788,0.0000,0.0460,15.2804,1.8936,13.3868,17.3476,17.8723,2.7371,10018.8872,NA,NA,NA
python.exe,15928,0x0,Other,0,0,1,Hardware: Legacy Flip,2026-8-20 18:33:25.120221900,18.1017,18.1017,0.0000,0.0476,18.1137,2.2405,15.8732,19.9411,15.4445,-2.5935,10034.1660,NA,NA,NA
python.exe,15928,0x0,Other,0,0,1,Hardware: Legacy Flip,2026-8-20 18:33:25.138323600,14.9221,14.9221,0.0000,0.0596,14.9187,2.0131,12.9056,17.2839,18.0142,2.6572,10052.2677,NA,NA,NA
python.exe,15928,0x0,Other,0,0,1,Hardware: Legacy Flip,2026-8-20 18:33:25.153245700,18.6268,18.6268,0.0000,0.0562,18.6169,2.4347,16.1822,20.3760,15.6147,-3.0921,10067.1898,NA,NA,NA
python.exe,15928,0x0,Other,0,0,1,Hardware: Legacy Flip,2026-8-20 18:33:25.171872500,14.9482,14.9482,0.0000,0.0463,14.9497,1.9495,13.0002,17.3639,17.5395,3.0121,10085.8166,NA,NA,NA
python.exe,15928,0x0,Other,0,0,1,Hardware: Legacy Flip,2026-8-20 18:33:25.186820700,18.1551,18.1551,0.0000,0.0478,18.1521,2.5112,15.6409,19.9552,14.8102,-2.5913,10100.7648,NA,NA,NA
python.exe,15928,0x0,Other,0,0,1,Hardware: Legacy Flip,2026-8-20 18:33:25.204975800,14.5616,14.5616,0.0000,0.0448,14.5936,1.9446,12.6490,16.6103,18.5415,3.3449,10118.9199,NA,NA,NA
python.exe,15928,0x0,Other,0,0,1,Hardware: Legacy Flip,2026-8-20 18:33:25.219537400,18.5874,18.5874,0.0000,0.0768,18.5565,2.1241,16.4324,20.5902,14.7890,-3.9799,10133.4815,NA,NA,NA
python.exe,15928,0x0,Other,0,0,1,Hardware: Legacy Flip,2026-8-20 18:33:25.238124800,14.9754,14.9754,0.0000,0.0459,14.9809,2.1317,12.8492,16.7918,18.7830,3.7984,10152.0689,NA,NA,NA
python.exe,15928,0x0,Other,0,0,1,Hardware: Legacy Flip,2026-8-20 18:33:25.253100200,18.7982,18.7982,0.0000,0.0514,18.7914,1.9496,16.8418,20.5994,14.2872,-3.8076,10167.0443,NA,NA,NA
python.exe,15928,0x0,Other,0,0,1,Hardware: Legacy Flip,2026-8-20 18:33:25.271898400,14.2818,14.2818,0.0000,0.0446,14.2817,1.9606,12.3211,16.0884,18.7969,4.5110,10185.8425,NA,NA,NA
python.exe,15928,0x0,Other,0,0,1,Hardware: Legacy Flip,2026-8-20 18:33:25.286180200,18.8476,18.8476,0.0000,0.0445,18.8514,1.9681,16.8833,20.6035,14.9566,-4.5151,10200.1243,NA,NA,NA
python.exe,15928,0x0,Other,0,0,1,Hardware: Legacy Flip,2026-8-20 18:33:25.305027800,14.8155,14.8155,0.0000,0.0483,14.8188,1.9048,12.9140,16.7125,18.5560,3.8910,10218.9719,NA,NA,NA
python.exe,15928,0x0,Other,0,0,1,Hardware: Legacy Flip,2026-8-20 18:33:25.319843300,18.6068,18.6068,0.0000,0.0516,18.6029,2.0092,16.5937,20.4530,15.1053,-3.7405,10233.7874,NA,NA,NA
python.exe,15928,0x0,Other,0,0,1,Hardware: Legacy Flip,2026-8-20 18:33:25.338450100,14.8397,14.8397,0.0000,0.0477,14.8392,1.9785,12.8607,16.9515,18.2190,3.5015,10252.3942,NA,NA,NA
python.exe,15928,0x0,Other,0,0,1,Hardware: Legacy Flip,2026-8-20 18:33:25.353289800,18.4793,18.4793,0.0000,0.0472,18.4795,2.2549,16.2246,20.3308,15.1958,-3.3793,10267.2339,NA,NA,NA
python.exe,15928,0x0,Other,0,0,1,Hardware: Legacy Flip,2026-8-20 18:33:25.371769100,14.5981,14.5981,0.0000,0.0474,14.6127,2.0732,12.5395,17.0473,18.2569,3.2835,10285.7132,NA,NA,NA
python.exe,15928,0x0,Other,0,0,1,Hardware: Legacy Flip,2026-8-20 18:33:25.386367200,18.8772,18.8772,0.0000,0.0620,18.8622,2.5127,16.3495,20.7061,14.6427,-3.6588,10300.3113,NA,NA,NA
python.exe,15928,0x0,Other,0,0,1,Hardware: Legacy Flip,2026-8-20 18:33:25.405244400,14.5869,14.5869,0.0000,0.0470,14.5859,1.9502,12.6357,16.4716,19.0889,4.2345,10319.1885,NA,NA,NA
python.exe,15928,0x0,Other,0,0,1,Hardware: Legacy Flip,2026-8-20 18:33:25.419831300,19.0772,19.0772,0.0000,0.0460,19.0810,1.9955,17.0855,20.9736,14.3785,-4.5020,10333.7754,NA,NA,NA
python.exe,15928,0x0,Other,0,0,1,Hardware: Legacy Flip,2026-8-20 18:33:25.438908500,14.1308,14.1308,0.0000,0.0498,14.1476,2.0493,12.0983,16.2749,18.8491,4.6987,10352.8526,NA,NA,NA
python.exe,15928,0x0,Other,0,0,1,Hardware: Legacy Flip,2026-8-20 18:33:25.453039300,19.1609,19.1609,0.0000,0.0666,19.1450,2.2572,16.8878,20.9932,14.3532,-4.7183,10366.9834,NA,NA,NA
python.exe,15928,0x0,Other,0,0,1,Hardware: Legacy Flip,2026-8-20 18:33:25.472200200,14.1641,14.1641,0.0000,0.0507,14.1656,1.9718,12.1938,16.1855,31.6352,4.8077,10386.1443,NA,NA,NA
python.exe,15928,0x0,Other,0,0,1,Hardware: Legacy Flip,2026-8-20 18:33:25.486364300,31.6302,31.6302,0.0000,0.0522,31.6292,2.1848,29.4444,33.6566,2.1409,-17.4711,10400.3084,NA,NA,NA
python.exe,15928,0x0,Other,0,0,1,Hardware: Legacy Flip,2026-8-20 18:33:25.517994500,1.2852,1.2852,0.0000,0.0512,2.0144,2.0144,0.0000,4.1673,18.7452,29.4893,10431.9386,NA,NA,NA
python.exe,15928,0x0,Other,0,0,1,Hardware: Legacy Flip,2026-8-20 18:33:25.519279700,19.4242,19.4242,0.0000,0.7804,18.6902,2.4501,16.2401,21.6273,14.6508,-17.4600,10433.2238,NA,NA,NA
python.exe,15928,0x0,Other,0,0,1,Hardware: Legacy Flip,2026-8-20 18:33:25.538703900,14.6967,14.6967,0.0000,0.0464,14.7003,2.3492,12.3511,16.8539,19.3780,4.7734,10452.6480,NA,NA,NA
python.exe,15928,0x0,Other,0,0,1,Hardware: Legacy Flip,2026-8-20 18:33:25.553400600,19.5363,19.5363,0.0000,0.0500,19.5328,2.2203,17.3125,21.5352,13.7406,-4.6813,10467.3447,NA,NA,NA
python.exe,15928,0x0,Other,0,0,1,Hardware: Legacy Flip,2026-8-20 18:33:25.572936900,13.8308,13.8308,0.0000,0.0465,13.8409,2.3342,11.5067,15.7395,18.7728,5.7957,10486.8810,NA,NA,NA
python.exe,15928,0x0,Other,0,0,1,Hardware: Legacy Flip,2026-8-20 18:33:25.586767700,18.4877,18.4877,0.0000,0.0566,18.4853,2.0209,16.4644,20.6815,14.5547,-4.9420,10500.7118,NA,NA,NA
python.exe,15928,0x0,Other,0,0,1,Hardware: Legacy Flip,2026-8-20 18:33:25.605255400,14.5186,14.5186,0.0000,0.0542,14.5145,2.2952,12.2193,16.7485,18.4835,3.9330,10519.1995,NA,NA,NA
python.exe,15928,0x0,Other,0,0,1,Hardware: Legacy Flip,2026-8-20 18:33:25.619774000,18.5634,18.5634,0.0000,0.0501,18.5631,2.3598,16.2033,20.7134,15.1538,-3.9649,10533.7181,NA,NA,NA
python.exe,15928,0x0,Other,0,0,1,Hardware: Legacy Flip,2026-8-20 18:33:25.638337400,15.5325,15.5325,0.0000,0.0498,15.5462,2.3615,13.1847,17.3038,19.2131,3.4096,10552.2815,NA,NA,NA
python.exe,15928,0x0,Other,0,0,1,Hardware: Legacy Flip,2026-8-20 18:33:25.653869900,18.6891,18.6891,0.0000,0.0635,18.6762,1.9239,16.7523,20.9844,13.9725,-3.6806,10567.8140,NA,NA,NA
python.exe,15928,0x0,Other,0,0,1,Hardware: Legacy Flip,2026-8-20 18:33:25.672559000,14.1572,14.1572,0.0000,0.0506,14.1625,2.4168,11.7457,16.2678,18.4149,4.7166,10586.5031,NA,NA,NA
python.exe,15928,0x0,Other,0,0,1,Hardware: Legacy Flip,2026-8-20 18:33:25.686716200,18.3201,18.3201,0.0000,0.0559,18.3116,2.2273,16.0843,20.5255,15.1051,-4.2577,10600.6603,NA,NA,NA
python.exe,15928,0x0,Other,0,0,1,Hardware: Legacy Flip,2026-8-20 18:33:25.705036300,15.1982,15.1982,0.0000,0.0474,15.2004,2.3464,12.8540,17.3105,18.0411,3.2150,10618.9804,NA,NA,NA
python.exe,15928,0x0,Other,0,0,1,Hardware: Legacy Flip,2026-8-20 18:33:25.720234500,18.1555,18.1555,0.0000,0.0496,18.1560,2.2528,15.9032,20.1534,14.4993,-2.8429,10634.1786,NA,NA,NA
python.exe,15928,0x0,Other,0,0,1,Hardware: Legacy Flip,2026-8-20 18:33:25.738390000,14.5809,14.5809,0.0000,0.0501,14.5774,2.1149,12.4625,16.4972,19.0833,3.6562,10652.3341,NA,NA,NA
python.exe,15928,0x0,Other,0,0,1,Hardware: Legacy Flip,2026-8-20 18:33:25.752970900,18.7492,18.7492,0.0000,0.0466,18.7474,2.1791,16.5683,20.9996,14.2671,-4.5024,10666.9150,NA,NA,NA
python.exe,15928,0x0,Other,0,0,1,Hardware: Legacy Flip,2026-8-20 18:33:25.771720100,14.3712,14.3712,0.0000,0.0448,14.3700,2.3567,12.0133,16.5175,18.4995,4.4821,10685.6642,NA,NA,NA
python.exe,15928,0x0,Other,0,0,1,Hardware: Legacy Flip,2026-8-20 18:33:25.786091300,18.8723,18.8723,0.0000,0.0436,18.8811,2.4643,16.4168,20.6458,15.5135,-4.1283,10700.0354,NA,NA,NA
python.exe,15928,0x0,Other,0,0,1,Hardware: Legacy Flip,2026-8-20 18:33:25.804963600,15.0249,15.0249,0.0000,0.0524,15.0546,1.9006,13.1540,17.2870,18.1140,3.3588,10718.9077,NA,NA,NA
python.exe,15928,0x0,Other,0,0,1,Hardware: Legacy Flip,2026-8-20 18:33:25.819988500,18.2207,18.2207,0.0000,0.0821,18.1846,2.3117,15.8729,20.3761,15.7785,-3.0891,10733.9326,NA,NA,NA
python.exe,15928,0x0,Other,0,0,1,Hardware: Legacy Flip,2026-8-20 18:33:25.838209200,15.3631,15.3631,0.0000,0.0460,15.3663,2.2645,13.1018,17.9339,17.4868,2.4422,10752.1533,NA,NA,NA
python.exe,15928,0x0,Other,0,0,1,Hardware: Legacy Flip,2026-8-20 18:33:25.853572300,17.8953,17.8953,0.0000,0.0492,17.8953,2.6301,15.2652,20.0576,14.6898,-2.1237,10767.5164,NA,NA,NA
python.exe,15928,0x0,Other,0,0,1,Hardware: Legacy Flip,2026-8-20 18:33:25.871467600,14.6942,14.6942,0.0000,0.0492,14.6904,2.2811,12.4093,16.8521,18.6269,3.2055,10785.4117,NA,NA,NA
python.exe,15928,0x0,Other,0,0,1,Hardware: Legacy Flip,2026-8-20 18:33:25.886161800,18.7656,18.7656,0.0000,0.0454,18.7636,2.2464,16.5172,20.7848,15.3757,-3.9327,10800.1059,NA,NA,NA
python.exe,15928,0x0,Other,0,0,1,Hardware: Legacy Flip,2026-8-20 18:33:25.904927400,15.3597,15.3597,0.0000,0.0434,15.3859,2.2957,13.0902,17.3949,18.8040,3.3899,10818.8715,NA,NA,NA
python.exe,15928,0x0,Other,0,0,1,Hardware: Legacy Flip,2026-8-20 18:33:25.920287100,18.5201,18.5201,0.0000,0.0696,18.5082,2.1674,16.3408,20.8392,14.1740,-3.4443,10834.2312,NA,NA,NA
python.exe,15928,0x0,Other,0,0,1,Hardware: Legacy Flip,2026-8-20 18:33:25.938807200,14.2274,14.2274,0.0000,0.0577,14.2157,2.4741,11.7416,16.4931,19.1810,4.3461,10852.7513,NA,NA,NA
python.exe,15928,0x0,Other,0,0,1,Hardware: Legacy Flip,2026-8-20 18:33:25.953034600,18.8834,18.8834,0.0000,0.0460,18.8845,2.3995,16.4850,21.4467,14.1012,-4.9536,10866.9787,NA,NA,NA
python.exe,15928,0x0,Other,0,0,1,Hardware: Legacy Flip,2026-8-20 18:33:25.971918000,14.3721,14.3721,0.0000,0.0471,14.3693,2.6688,11.7005,16.6645,18.2672,4.7822,10885.8621,NA,NA,NA
python.exe,15928,0x0,Other,0,0,1,Hardware: Legacy Flip,2026-8-20 18:33:25.986290100,18.6056,18.6056,0.0000,0.0443,18.6124,2.5042,16.1082,20.5596,15.1637,-3.8951,10900.2342,NA,NA,NA
python.exe,15928,0x0,Other,0,0,1,Hardware: Legacy Flip,2026-8-20 18:33:26.004895700,14.9061,14.9061,0.0000,0.0511,14.9078,2.0599,12.8479,17.1177,18.1763,3.4419,10918.8398,NA,NA,NA
python.exe,15928,0x0,Other,0,0,1,Hardware: Legacy Flip,2026-8-20 18:33:26.019801800,18.1977,18.1977,0.0000,0.0528,18.1894,2.3405,15.8489,20.3879,14.8120,-3.2702,10933.7459,NA,NA,NA
python.exe,15928,0x0,Other,0,0,1,Hardware: Legacy Flip,2026-8-20 18:33:26.037999500,14.9673,14.9673,0.0000,0.0445,14.9751,2.3440,12.6311,17.0022,18.6363,3.3857,10951.9436,NA,NA,NA
python.exe,15928,0x0,Other,0,0,1,Hardware: Legacy Flip,2026-8-20 18:33:26.052966800,18.8059,18.8059,0.0000,0.0523,18.8077,2.1653,16.6424,20.6712,15.1644,-3.6690,10966.9109,NA,NA,NA
python.exe,15928,0x0,Other,0,0,1,Hardware: Legacy Flip,2026-8-20 18:33:26.071772700,14.8198,14.8198,0.0000,0.0541,14.8158,1.9955,12.8203,17.0297,18.3290,3.6415,10985.7168,NA,NA,NA
python.exe,15928,0x0,Other,0,0,1,Hardware: Legacy Flip,2026-8-20 18:33:26.086592500,18.4453,18.4453,0.0000,0.0501,18.4390,2.2854,16.1536,20.5389,14.5180,-3.5092,11000.5366,NA,NA,NA
python.exe,15928,0x0,Other,0,0,1,Hardware: Legacy Flip,2026-8-20 18:33:26.105037800,14.5311,14.5311,0.0000,0.0438,14.5324,2.1851,12.3473,16.6116,18.5453,3.9273,11018.9819,NA,NA,NA
python.exe,15928,0x0,Other,0,0,1,Hardware: Legacy Flip,2026-8-20 18:33:26.119568900,18.5717,18.5717,0.0000,0.0451,18.6123,2.2283,16.3840,20.6258,15.1547,-4.0142,11033.5130,NA,NA,NA
python.exe,15928,0x0,Other,0,0,1,Hardware: Legacy Flip,2026-8-20 18:33:26.138140600,15.0779,15.0779,0.0000,0.0857,15.0412,2.1245,12.9167,17.2088,18.9672,3.4170,11052.0847,NA,NA,NA
python.exe,15928,0x0,Other,0,0,1,Hardware: Legacy Flip,2026-8-20 18:33:26.153218500,18.8618,18.8618,0.0000,0.0490,18.8567,2.2271,16.6296,21.0981,14.1133,-3.8893,11067.1626,NA,NA,NA
python.exe,15928,0x0,Other,0,0,1,Hardware: Legacy Flip,2026-8-20 18:33:26.172080300,14.0997,14.0997,0.0000,0.0439,14.1000,2.3270,11.7730,16.3496,18.2301,4.7485,11086.0244,NA,NA,NA
python.exe,15928,0x0,Other,0,0,1,Hardware: Legacy Flip,2026-8-20 18:33:26.186180000,18.4821,18.4821,0.0000,0.0442,18.4829,2.3395,16.1434,20.4800,15.4970,-4.1304,11100.1241,NA,NA,NA
python.exe,15928,0x0,Other,0,0,1,Hardware: Legacy Flip,2026-8-20 18:33:26.204662100,15.0020,15.0020,0.0000,0.0450,15.0052,2.1311,12.8741,17.4949,18.4971,2.9851,11118.6062,NA,NA,NA
python.exe,15928,0x0,Other,0,0,1,Hardware: Legacy Flip,2026-8-20 18:33:26.219664100,18.6070,18.6070,0.0000,0.0482,18.6031,2.5903,16.0128,20.9900,14.4279,-3.4951,11133.6082,NA,NA,NA
python.exe,15928,0x0,Other,0,0,1,Hardware: Legacy Flip,2026-8-20 18:33:26.238271100,14.6430,14.6430,0.0000,0.0443,14.6493,2.5188,12.1305,16.8109,18.6331,4.1791,11152.2152,NA,NA,NA
python.exe,15928,0x0,Other,0,0,1,Hardware: Legacy Flip,2026-8-20 18:33:26.252914100,18.6768,18.6768,0.0000,0.0506,18.7698,2.3795,16.3903,20.8010,14.7924,-3.9901,11166.8582,NA,NA,NA
python.exe,15928,0x0,Other,0,0,1,Hardware: Legacy Flip,2026-8-20 18:33:26.271590900,14.7347,14.7347,0.0000,0.1436,14.6446,2.1329,12.5117,16.9166,18.9632,3.8844,11185.5350,NA,NA,NA
python.exe,15928,0x0,Other,0,0,1,Hardware: Legacy Flip,2026-8-20 18:33:26.286325600,18.7312,18.7312,0.0000,0.0535,18.7239,2.2959,16.4280,21.1451,14.4239,-4.2285,11200.2697,NA,NA,NA
python.exe,15928,0x0,Other,0,0,1,Hardware: Legacy Flip,2026-8-20 18:33:26.305056800,14.5193,14.5193,0.0000,0.0462,14.5175,2.5184,11.9991,16.8378,18.4218,4.3073,11219.0009,NA,NA,NA
python.exe,15928,0x0,Other,0,0,1,Hardware: Legacy Flip,2026-8-20 18:33:26.319576100,18.7852,18.7852,0.0000,0.0444,18.8029,2.4608,16.3421,20.7403,15.3153,-3.9025,11233.5202,NA,NA,NA
python.exe,15928,0x0,Other,0,0,1,Hardware: Legacy Flip,2026-8-20 18:33:26.338361300,14.8603,14.8603,0.0000,0.0621,14.8439,2.0422,12.8017,17.2704,18.4516,3.4699,11252.3054,NA,NA,NA
python.exe,15928,0x0,Other,0,0,1,Hardware: Legacy Flip,2026-8-20 18:33:26.353221600,18.6322,18.6322,0.0000,0.0457,18.6334,2.5018,16.1316,20.8617,14.3435,-3.5913,11267.1657,NA,NA,NA
python.exe,15928,0x0,Other,0,0,1,Hardware: Legacy Flip,2026-8-20 18:33:26.371853800,14.4407,14.4407,0.0000,0.0469,14.4412,2.3471,12.0941,16.5730,18.7006,4.2887,11285.7979,NA,NA,NA
python.exe,15928,0x0,Other,0,0,1,Hardware: Legacy Flip,2026-8-20 18:33:26.386294500,18.5566,18.5566,0.0000,0.0474,18.5566,2.1815,16.3751,20.8329,15.0758,-4.2599,11300.2386,NA,NA,NA
python.exe,15928,0x0,Other,0,0,1,Hardware: Legacy Flip,2026-8-20 18:33:26.404851100,15.2987,15.2987,0.0000,0.0474,15.3016,2.3979,12.9037,17.3521,18.2387,3.4808,11318.7952,NA,NA,NA
python.exe,15928,0x0,Other,0,0,1,Hardware: Legacy Flip,2026-8-20 18:33:26.420149800,18.0535,18.0535,0.0000,0.0503,18.0546,2.1876,15.8670,20.2921,14.5099,-2.9400,11334.0939,NA,NA,NA
python.exe,15928,0x0,Other,0,0,1,Hardware: Legacy Flip,2026-8-20 18:33:26.438203300,14.6341,14.6341,0.0000,0.0514,14.6321,2.3462,12.2859,16.7485,18.7887,3.5436,11352.1474,NA,NA,NA
python.exe,15928,0x0,Other,0,0,1,Hardware: Legacy Flip,2026-8-20 18:33:26.452837400,18.9288,18.9288,0.0000,0.0494,18.9294,2.2068,16.7226,20.9031,15.4767,-4.1546,11366.7815,NA,NA,NA
python.exe,15928,0x0,Other,0,0,1,Hardware: Legacy Flip,2026-8-20 18:33:26.471766200,14.8449,14.8449,0.0000,0.0500,14.8437,2.0688,12.7749,17.4510,17.6788,3.4521,11385.7103,NA,NA,NA
python.exe,15928,0x0,Other,0,0,1,Hardware: Legacy Flip,2026-8-20 18:33:26.486611100,18.1120,18.1120,0.0000,0.0488,18.1104,2.7020,15.4084,20.2849,14.9010,-2.8339,11400.5552,NA,NA,NA
python.exe,15928,0x0,Other,0,0,1,Hardware: Legacy Flip,2026-8-20 18:33:26.504723100,15.1533,15.1533,0.0000,0.0472,15.1558,2.2933,12.8625,17.0739,33.9157,3.2110,11418.6672,NA,NA,NA
python.exe,15928,0x0,Other,0,0,1,Hardware: Legacy Flip,2026-8-20 18:33:26.519876400,33.7619,33.7619,0.0000,0.0497,33.8143,2.1819,31.6324,35.8363,18.2423,-18.7624,11433.8205,NA,NA,NA
python.exe,15928,0x0,Other,0,0,1,Hardware: Legacy Flip,2026-8-20 18:33:26.553638300,18.0172,18.0172,0.0000,0.1021,17.9602,2.1315,15.8287,20.3167,14.2633,15.5196,11467.5824,NA,NA,NA
python.exe,15928,0x0,Other,0,0,1,Hardware: Legacy Flip,2026-8-20 18:33:26.571655500,14.6629,14.6629,0.0000,0.0451,14.6652,2.4084,12.2568,16.5628,19.0437,3.7539,11485.5996,NA,NA,NA
python.exe,15928,0x0,Other,0,0,1,Hardware: Legacy Flip,2026-8-20 18:33:26.586318400,18.8192,18.8192,0.0000,0.0474,18.8230,1.9996,16.8234,20.9436,15.0381,-4.3808,11500.2625,NA,NA,NA
python.exe,15928,0x0,Other,0,0,1,Hardware: Legacy Flip,2026-8-20 18:33:26.605137600,14.9832,14.9832,0.0000,0.0512,14.9837,2.2480,12.7357,17.1625,18.3659,3.7811,11519.0817,NA,NA,NA
python.exe,15928,0x0,Other,0,0,1,Hardware: Legacy Flip,2026-8-20 18:33:26.620120800,18.4697,18.4697,0.0000,0.0517,18.4753,2.3294,16.1459,20.5452,14.3789,-3.3827,11534.0649,NA,NA,NA
python.exe,15928,0x0,Other,0,0,1,Hardware: Legacy Flip,2026-8-20 18:33:26.638590500,14.4414,14.4414,0.0000,0.0573,14.4360,2.1927,12.2433,16.4544,18.6823,4.0908,11552.5346,NA,NA,NA
python.exe,15928,0x0,Other,0,0,1,Hardware: Legacy Flip,2026-8-20 18:33:26.653031900,18.6855,18.6855,0.0000,0.0519,18.6794,2.1626,16.5168,20.6953,15.3710,-4.2409,11566.9760,NA,NA,NA
python.exe,15928,0x0,Other,0,0,1,Hardware: Legacy Flip,2026-8-20 18:33:26.671717400,15.1074,15.1074,0.0000,0.0458,15.1118,2.1321,12.9797,17.3808,18.4433,3.3145,11585.6615,NA,NA,NA
python.exe,15928,0x0,Other,0,0,1,Hardware: Legacy Flip,2026-8-20 18:33:26.686824800,18.2776,18.2776,0.0000,0.0502,18.2758,2.3724,15.9034,20.7167,14.5332,-3.3359,11600.7689,NA,NA,NA
python.exe,15928,0x0,Other,0,0,1,Hardware: Legacy Flip,2026-8-20 18:33:26.705102400,14.6813,14.6813,0.0000,0.0484,14.6812,2.5398,12.1414,16.9723,18.1823,3.7444,11619.0465,NA,NA,NA
python.exe,15928,0x0,Other,0,0,1,Hardware: Legacy Flip,2026-8-20 18:33:26.719783700,18.5809,18.5809,0.0000,0.0483,18.5793,2.4134,16.1659,20.4733,15.3972,-3.5010,11633.7278,NA,NA,NA
python.exe,15928,0x0,Other,0,0,1,Hardware: Legacy Flip,2026-8-20 18:33:26.738364600,15.0873,15.0873,0.0000,0.0467,15.0902,2.0034,13.0868,17.2896,18.5668,3.1837,11652.3087,NA,NA,NA
python.exe,15928,0x0,Other,0,0,1,Hardware: Legacy Flip,2026-8-20 18:33:26.753451900,18.2806,18.2806,0.0000,0.0496,18.2751,2.3343,15.9408,20.7691,13.9336,-3.4795,11667.3960,NA,NA,NA
python.exe,15928,0x0,Other,0,0,1,Hardware: Legacy Flip,2026-8-20 18:33:26.771732500,14.4135,14.4135,0.0000,0.0441,14.4153,2.5940,11.8213,16.4221,18.8392,4.3470,11685.6766,NA,NA,NA
python.exe,15928,0x0,Other,0,0,1,Hardware: Legacy Flip,2026-8-20 18:33:26.786146000,18.8384,18.8384,0.0000,0.0459,18.8385,2.1298,16.7087,20.8478,14.8269,-4.4257,11700.0901,NA,NA,NA
python.exe,15928,0x0,Other,0,0,1,Hardware: Legacy Flip,2026-8-20 18:33:26.804984400,14.7177,14.7177,0.0000,0.0460,14.7165,2.0846,12.6319,16.8363,19.3565,4.0115,11718.9285,NA,NA,NA
python.exe,15928,0x0,Other,0,0,1,Hardware: Legacy Flip,2026-8-20 18:33:26.819702100,19.4432,19.4432,0.0000,0.0448,19.4414,2.2162,17.2252,21.4751,13.6792,-4.6388,11733.6462,NA,NA,NA
python.exe,15928,0x0,Other,0,0,1,Hardware: Legacy Flip,2026-8-20 18:33:26.839145300,13.7247,13.7247,0.0000,0.0430,13.7274,2.1295,11.5979,15.7111,18.5639,5.7640,11753.0894,NA,NA,NA
python.exe,15928,0x0,Other,0,0,1,Hardware: Legacy Flip,2026-8-20 18:33:26.852870000,18.6621,18.6621,0.0000,0.0457,18.6651,2.0854,16.5797,20.5503,15.6352,-4.8392,11766.8141,NA,NA,NA
python.exe,15928,0x0,Other,0,0,1,Hardware: Legacy Flip,2026-8-20 18:33:26.871532100,15.5363,15.5363,0.0000,0.0487,15.5480,2.0470,13.5010,17.5234,19.0068,3.0269,11785.4762,NA,NA,NA
python.exe,15928,0x0,Other,0,0,1,Hardware: Legacy Flip,2026-8-20 18:33:26.887068400,18.1853,18.1853,0.0000,0.0604,18.1775,2.0908,16.0867,20.9939,14.0996,-3.4705,11801.0125,NA,NA,NA
python.exe,15928,0x0,Other,0,0,1,Hardware: Legacy Flip,2026-8-20 18:33:26.905253700,14.9698,14.9698,0.0000,0.0526,15.0039,3.0359,11.9680,16.9082,18.4311,4.0857,11819.1978,NA,NA,NA
python.exe,15928,0x0,Other,0,0,1,Hardware: Legacy Flip,2026-8-20 18:33:26.920223500,18.2848,18.2848,0.0000,0.0867,18.2479,2.1349,16.1130,20.3695,15.3226,-3.4613,11834.1676,NA,NA,NA
python.exe,15928,0x0,Other,0,0,1,Hardware: Legacy Flip,2026-8-20 18:33:26.938508300,15.5344,15.5344,0.0000,0.0498,15.5354,2.3250,13.2104,17.4073,18.4078,2.9622,11852.4524,NA,NA,NA
python.exe,15928,0x0,Other,0,0,1,Hardware: Legacy Flip,2026-8-20 18:33:26.954042700,18.2432,18.2432,0.0000,0.0508,18.2467,2.0625,16.1842,20.2807,14.8476,-2.8734,11867.9868,NA,NA,NA
python.exe,15928,0x0,Other,0,0,1,Hardware: Legacy Flip,2026-8-20 18:33:26.972285900,14.6979,14.6979,0.0000,0.0543,14.6921,2.1917,12.5004,16.8851,17.7960,3.3956,11886.2300,NA,NA,NA
python.exe,15928,0x0,Other,0,0,1,Hardware: Legacy Flip,2026-8-20 18:33:26.986983800,17.7888,17.7888,0.0000,0.0485,17.7866,2.3487,15.4379,19.9832,15.3322,-3.0981,11900.9279,NA,NA,NA
python.exe,15928,0x0,Other,0,0,1,Hardware: Legacy Flip,2026-8-20 18:33:27.004772600,15.6376,15.6376,0.0000,0.0463,15.6389,2.4212,13.2177,17.5266,18.0714,2.4566,11918.7167,NA,NA,NA
python.exe,15928,0x0,Other,0,0,1,Hardware: Legacy Flip,2026-8-20 18:33:27.020410200,17.7980,17.7980,0.0000,0.0476,17.7995,2.0059,15.7936,19.9604,15.1330,-2.4338,11934.3543,NA,NA,NA
python.exe,15928,0x0,Other,0,0,1,Hardware: Legacy Flip,2026-8-20 18:33:27.038208200,15.2376,15.2376,0.0000,0.0491,15.2350,2.2608,12.9742,17.2954,18.3228,2.6650,11952.1523,NA,NA,NA
python.exe,15928,0x0,Other,0,0,1,Hardware: Legacy Flip,2026-8-20 18:33:27.053445800,18.4075,18.4075,0.0000,0.0465,18.4106,2.3626,16.0480,20.3806,14.6914,-3.0852,11967.3899,NA,NA,NA
python.exe,15928,0x0,Other,0,0,1,Hardware: Legacy Flip,2026-8-20 18:33:27.071853300,14.6810,14.6810,0.0000,0.0496,14.6801,2.1124,12.5677,16.6645,18.9187,3.7161,11985.7974,NA,NA,NA
python.exe,15928,0x0,Other,0,0,1,Hardware: Legacy Flip,2026-8-20 18:33:27.086534300,18.4264,18.4264,0.0000,0.0487,18.4325,2.1228,16.3097,20.9022,14.1685,-4.2377,12000.4784,NA,NA,NA
python.exe,15928,0x0,Other,0,0,1,Hardware: Legacy Flip,2026-8-20 18:33:27.104960700,14.7261,14.7261,0.0000,0.0548,14.7255,2.6165,12.1090,16.6443,18.6801,4.2579,12018.9048,NA,NA,NA
python.exe,15928,0x0,Other,0,0,1,Hardware: Legacy Flip,2026-8-20 18:33:27.119686800,18.4467,18.4467,0.0000,0.0542,18.4440,2.0369,16.4071,20.5983,16.0600,-3.9540,12033.6309,NA,NA,NA
python.exe,15928,0x0,Other,0,0,1,Hardware: Legacy Flip,2026-8-20 18:33:27.138133500,16.1582,16.1582,0.0000,0.0515,16.1750,2.3722,13.8028,18.2116,17.3725,2.3867,12052.0776,NA,NA,NA
python.exe,15928,0x0,Other,0,0,1,Hardware: Legacy Flip,2026-8-20 18:33:27.154291700,17.5391,17.5391,0.0000,0.0683,17.5223,2.1181,15.4042,19.4259,14.4055,-1.2143,12068.2358,NA,NA,NA
python.exe,15928,0x0,Other,0,0,1,Hardware: Legacy Flip,2026-8-20 18:33:27.171830800,14.3357,14.3357,0.0000,0.0515,14.3366,2.0159,12.3207,16.2923,18.8908,3.1336,12085.7749,NA,NA,NA
python.exe,15928,0x0,Other,0,0,1,Hardware: Legacy Flip,2026-8-20 18:33:27.186166500,18.9759,18.9759,0.0000,0.0524,18.9707,2.0316,16.9391,20.8474,15.6632,-4.5551,12100.1106,NA,NA,NA
python.exe,15928,0x0,Other,0,0,1,Hardware: Legacy Flip,2026-8-20 18:33:27.205142400,14.9663,14.9663,0.0000,0.0472,14.9765,2.0379,12.9386,17.5347,17.8120,3.3127,12119.0865,NA,NA,NA
python.exe,15928,0x0,Other,0,0,1,Hardware: Legacy Flip,2026-8-20 18:33:27.220108700,18.3452,18.3452,0.0000,0.0574,18.3365,2.6768,15.6597,20.3804,14.8711,-2.8457,12134.0528,NA,NA,NA
python.exe,15928,0x0,Other,0,0,1,Hardware: Legacy Flip,2026-8-20 18:33:27.238453900,14.7507,14.7507,0.0000,0.0487,14.7511,2.1578,12.5933,16.9063,18.4658,3.4741,12152.3980,NA,NA,NA
python.exe,15928,0x0,Other,0,0,1,Hardware: Legacy Flip,2026-8-20 18:33:27.253204600,18.5967,18.5967,0.0000,0.0491,18.5956,2.2532,16.3424,20.6214,15.1516,-3.7151,12167.1487,NA,NA,NA
python.exe,15928,0x0,Other,0,0,1,Hardware: Legacy Flip,2026-8-20 18:33:27.271801300,15.0198,15.0198,0.0000,0.0480,15.0196,2.0943,12.9253,17.1763,18.8705,3.4451,12185.7454,NA,NA,NA
python.exe,15928,0x0,Other,0,0,1,Hardware: Legacy Flip,2026-8-20 18:33:27.286821100,18.3274,18.3274,0.0000,0.0478,18.3332,2.5278,15.8054,21.0270,14.1784,-3.8507,12200.7652,NA,NA,NA
python.exe,15928,0x0,Other,0,0,1,Hardware: Legacy Flip,2026-8-20 18:33:27.305148500,14.7433,14.7433,0.0000,0.0536,14.7410,2.8050,11.9360,16.8780,18.3377,4.1490,12219.0926,NA,NA,NA
python.exe,15928,0x0,Other,0,0,1,Hardware: Legacy Flip,2026-8-20 18:33:27.319891800,18.1773,18.1773,0.0000,0.0513,18.1705,2.2391,15.9314,20.4724,14.9603,-3.5944,12233.8359,NA,NA,NA
python.exe,15928,0x0,Other,0,0,1,Hardware: Legacy Flip,2026-8-20 18:33:27.338069100,15.2403,15.2403,0.0000,0.0445,15.2421,2.4371,12.8050,17.2554,18.1541,3.2170,12252.0132,NA,NA,NA
python.exe,15928,0x0,Other,0,0,1,Hardware: Legacy Flip,2026-8-20 18:33:27.353309400,17.9350,17.9350,0.0000,0.0463,17.9342,2.1033,15.8309,20.1692,14.9540,-2.9138,12267.2535,NA,NA,NA
python.exe,15928,0x0,Other,0,0,1,Hardware: Legacy Flip,2026-8-20 18:33:27.371244400,15.0147,15.0147,0.0000,0.0455,15.0158,2.3506,12.6652,17.1882,19.9710,2.9810,12285.1885,NA,NA,NA
python.exe,15928,0x0,Other,0,0,1,Hardware: Legacy Flip,2026-8-20 18:33:27.386259100,20.0649,20.0649,0.0000,0.0466,20.0685,2.2346,17.8339,22.1445,13.5919,-4.9563,12300.2032,NA,NA,NA
python.exe,15928,0x0,Other,0,0,1,Hardware: Legacy Flip,2026-8-20 18:33:27.406324000,13.6010,13.6010,0.0000,0.0502,13.5953,2.1992,11.3961,15.6715,18.1638,6.4730,12320.2681,NA,NA,NA
python.exe,15928,0x0,Other,0,0,1,Hardware: Legacy Flip,2026-8-20 18:33:27.419925000,18.1164,18.1164,0.0000,0.0445,18.1198,2.1788,15.9410,20.2343,14.9620,-4.5628,12333.8691,NA,NA,NA
python.exe,15928,0x0,Other,0,0,1,Hardware: Legacy Flip,2026-8-20 18:33:27.438041400,14.8314,14.8314,0.0000,0.0479,14.8283,2.2299,12.5984,17.0799,18.1565,3.1544,12351.9855,NA,NA,NA
python.exe,15928,0x0,Other,0,0,1,Hardware: Legacy Flip,2026-8-20 18:33:27.452872800,18.3214,18.3214,0.0000,0.0448,18.3167,2.4019,15.9148,20.4050,15.3176,-3.3251,12366.8169,NA,NA,NA
python.exe,15928,0x0,Other,0,0,1,Hardware: Legacy Flip,2026-8-20 18:33:27.471194200,15.0671,15.0671,0.0000,0.0401,15.0721,2.1969,12.8752,17.4012,18.2128,3.0038,12385.1383,NA,NA,NA
python.exe,15928,0x0,Other,0,0,1,Hardware: Legacy Flip,2026-8-20 18:33:27.486261300,18.4653,18.4653,0.0000,0.0451,18.4662,2.4488,16.0174,20.5469,14.7672,-3.1457,12400.2054,NA,NA,NA
python.exe,15928,0x0,Other,0,0,1,Hardware: Legacy Flip,2026-8-20 18:33:27.504726600,14.8040,14.8040,0.0000,0.0460,14.8069,2.2178,12.5891,16.8488,18.3542,3.6981,12418.6707,NA,NA,NA
python.exe,15928,0x0,Other,0,0,1,Hardware: Legacy Flip,2026-8-20 18:33:27.519530600,18.4810,18.4810,0.0000,0.0489,18.4764,2.1455,16.3309,20.3990,38.9961,-3.5502,12433.4747,NA,NA,NA
python.exe,15928,0x0,Other,0,0,1,Hardware: Legacy Flip,2026-8-20 18:33:27.538011600,38.8021,38.8021,0.0000,0.0443,38.8091,2.0318,36.7773,40.9141,9.6981,-20.5151,12451.9557,NA,NA,NA
python.exe,15928,0x0,Other,0,0,1,Hardware: Legacy Flip,2026-8-20 18:33:27.576813700,9.7584,9.7584,0.0000,0.0513,9.7528,2.2498,7.5030,11.8101,18.4185,29.1040,12490.7578,NA,NA,NA
python.exe,15928,0x0,Other,0,0,1,Hardware: Legacy Flip,2026-8-20 18:33:27.586572100,18.1042,18.1042,0.0000,0.0457,18.1043,2.1473,15.9570,20.4702,15.1293,-8.6601,12500.5162,NA,NA,NA
python.exe,15928,0x0,Other,0,0,1,Hardware: Legacy Flip,2026-8-20 18:33:27.604676300,15.2578,15.2578,0.0000,0.0458,15.2611,2.4845,12.7766,17.4953,18.1817,2.9749,12518.6204,NA,NA,NA
python.exe,15928,0x0,Other,0,0,1,Hardware: Legacy Flip,2026-8-20 18:33:27.619934100,18.4519,18.4519,0.0000,0.0491,18.4645,2.4342,16.0303,20.4192,14.3828,-2.9239,12533.8782,NA,NA,NA
python.exe,15928,0x0,Other,0,0,1,Hardware: Legacy Flip,2026-8-20 18:33:27.638386000,14.4205,14.4205,0.0000,0.0617,14.4016,2.0622,12.3394,16.3501,18.8692,4.0691,12552.3301,NA,NA,NA
python.exe,15928,0x0,Other,0,0,1,Hardware: Legacy Flip,2026-8-20 18:33:27.652806500,18.6755,18.6755,0.0000,0.0428,18.6784,2.0517,16.6267,20.7988,15.0510,-4.4487,12566.7506,NA,NA,NA
python.exe,15928,0x0,Other,0,0,1,Hardware: Legacy Flip,2026-8-20 18:33:27.671482000,14.6932,14.6932,0.0000,0.0457,14.6915,2.2042,12.4873,17.1743,18.3944,3.6245,12585.4261,NA,NA,NA
python.exe,15928,0x0,Other,0,0,1,Hardware: Legacy Flip,2026-8-20 18:33:27.686175200,18.7136,18.7136,0.0000,0.0440,18.7151,2.5928,16.1223,20.8755,14.8885,-3.7012,12600.1193,NA,NA,NA
python.exe,15928,0x0,Other,0,0,1,Hardware: Legacy Flip,2026-8-20 18:33:27.704888800,14.7795,14.7795,0.0000,0.0455,14.7796,2.2710,12.5086,17.0504,18.8018,3.8251,12618.8329,NA,NA,NA
python.exe,15928,0x0,Other,0,0,1,Hardware: Legacy Flip,2026-8-20 18:33:27.719668300,18.4237,18.4237,0.0000,0.0456,18.4213,2.3643,16.0570,21.0727,14.6510,-4.0223,12633.6124,NA,NA,NA
python.exe,15928,0x0,Other,0,0,1,Hardware: Legacy Flip,2026-8-20 18:33:27.738092000,15.1002,15.1002,0.0000,0.0432,15.1182,2.8171,12.3011,17.3000,18.7946,3.7727,12652.0361,NA,NA,NA
python.exe,15928,0x0,Other,0,0,1,Hardware: Legacy Flip,2026-8-20 18:33:27.753192200,18.5668,18.5668,0.0000,0.0612,18.5526,2.3447,16.2079,20.9944,14.2459,-3.6944,12667.1363,NA,NA,NA
python.exe,15928,0x0,Other,0,0,1,Hardware: Legacy Flip,2026-8-20 18:33:27.771759000,14.5004,14.5004,0.0000,0.0470,14.4987,2.5544,11.9443,16.6735,18.8535,4.3209,12685.7031,NA,NA,NA
python.exe,15928,0x0,Other,0,0,1,Hardware: Legacy Flip,2026-8-20 18:33:27.786259400,18.8730,18.8730,0.0000,0.0453,18.8730,2.3341,16.5389,21.0266,15.4601,-4.3531,12700.2035,NA,NA,NA
python.exe,15928,0x0,Other,0,0,1,Hardware: Legacy Flip,2026-8-20 18:33:27.805132400,15.2325,15.2325,0.0000,0.0453,15.2316,2.2916,12.9400,17.6137,17.8086,3.4129,12719.0765,NA,NA,NA
python.exe,15928,0x0,Other,0,0,1,Hardware: Legacy Flip,2026-8-20 18:33:27.820364900,18.0044,18.0044,0.0000,0.0444,18.0060,2.5035,15.5025,20.1898,14.7172,-2.5761,12734.3090,NA,NA,NA
python.exe,15928,0x0,Other,0,0,1,Hardware: Legacy Flip,2026-8-20 18:33:27.838369300,14.4841,14.4841,0.0000,0.0460,14.4842,2.2510,12.2332,16.9026,18.2985,3.2872,12752.3134,NA,NA,NA
python.exe,15928,0x0,Other,0,0,1,Hardware: Legacy Flip,2026-8-20 18:33:27.852853400,18.5685,18.5685,0.0000,0.0461,18.5674,2.5544,16.0130,20.7170,14.9462,-3.8144,12766.7975,NA,NA,NA
python.exe,15928,0x0,Other,0,0,1,Hardware: Legacy Flip,2026-8-20 18:33:27.871421900,14.7393,14.7393,0.0000,0.0450,14.7432,2.2440,12.4992,17.0947,18.3039,3.6223,12785.3660,NA,NA,NA
python.exe,15928,0x0,Other,0,0,1,Hardware: Legacy Flip,2026-8-20 18:33:27.886161200,18.6257,18.6257,0.0000,0.0489,18.6234,2.5274,16.0960,20.6593,15.7923,-3.5646,12800.1053,NA,NA,NA
python.exe,15928,0x0,Other,0,0,1,Hardware: Legacy Flip,2026-8-20 18:33:27.904786900,15.0690,15.0690,0.0000,0.0466,15.0771,2.2039,12.8732,17.8259,18.1725,2.8334,12818.7310,NA,NA,NA
python.exe,15928,0x0,Other,0,0,1,Hardware: Legacy Flip,2026-8-20 18:33:27.919855900,18.0239,18.0239,0.0000,0.0547,18.0158,2.8428,15.1730,20.9294,14.6791,-3.1035,12833.8000,NA,NA,NA
python.exe,15928,0x0,Other,0,0,1,Hardware: Legacy Flip,2026-8-20 18:33:27.937879800,15.1584,15.1584,0.0000,0.0466,15.1592,3.0088,12.1504,17.5846,18.6397,3.3448,12851.8239,NA,NA,NA
python.exe,15928,0x0,Other,0,0,1,Hardware: Legacy Flip,2026-8-20 18:33:27.953038200,18.7349,18.7349,0.0000,0.0474,18.7356,2.5879,16.1477,21.0659,14.5423,-3.4813,12866.9823,NA,NA,NA
python.exe,15928,0x0,Other,0,0,1,Hardware: Legacy Flip,2026-8-20 18:33:27.971773100,14.4587,14.4587,0.0000,0.0481,14.4559,2.4431,12.0128,16.8733,18.2652,4.1926,12885.7172,NA,NA,NA
python.exe,15928,0x0,Other,0,0,1,Hardware: Legacy Flip,2026-8-20 18:33:27.986231800,18.5721,18.5721,0.0000,0.0453,18.5736,2.4820,16.0916,20.6798,14.8044,-3.8065,12900.1759,NA,NA,NA
python.exe,15928,0x0,Other,0,0,1,Hardware: Legacy Flip,2026-8-20 18:33:28.004803900,14.8004,14.8004,0.0000,0.0468,14.7996,2.2151,12.5845,16.9121,18.4332,3.7677,12918.7480,NA,NA,NA
python.exe,15928,0x0,Other,0,0,1,Hardware: Legacy Flip,2026-8-20 18:33:28.019604300,18.3960,18.3960,0.0000,0.0460,18.3997,2.2247,16.1750,20.5449,15.3899,-3.6328,12933.5484,NA,NA,NA
python.exe,15928,0x0,Other,0,0,1,Hardware: Legacy Flip,2026-8-20 18:33:28.038000300,15.2110,15.2110,0.0000,0.0497,15.2136,2.2524,12.9612,17.5388,18.3102,3.0061,12951.9444,NA,NA,NA
python.exe,15928,0x0,Other,0,0,1,Hardware: Legacy Flip,2026-8-20 18:33:28.053211300,18.1306,18.1306,0.0000,0.0523,18.1232,2.3876,15.7356,20.6380,14.5706,-3.0992,12967.1554,NA,NA,NA
python.exe,15928,0x0,Other,0,0,1,Hardware: Legacy Flip,2026-8-20 18:33:28.071341900,14.9012,14.9012,0.0000,0.0449,14.9025,2.6107,12.2918,17.0780,19.3033,3.5600,12985.2860,NA,NA,NA
python.exe,15928,0x0,Other,0,0,1,Hardware: Legacy Flip,2026-8-20 18:33:28.086243100,19.4901,19.4901,0.0000,0.0462,19.4879,2.2677,17.2202,21.4801,14.1178,-4.4021,13000.1872,NA,NA,NA
python.exe,15928,0x0,Other,0,0,1,Hardware: Legacy Flip,2026-8-20 18:33:28.105733200,13.7525,13.7525,0.0000,0.0440,13.7534,2.0846,11.6688,16.1078,18.8947,5.3723,13019.6773,NA,NA,NA
python.exe,15928,0x0,Other,0,0,1,Hardware: Legacy Flip,2026-8-20 18:33:28.119485700,18.8343,18.8343,0.0000,0.0449,18.8360,2.4815,16.3545,21.2500,14.3745,-5.1422,13033.4298,NA,NA,NA
python.exe,15928,0x0,Other,0,0,1,Hardware: Legacy Flip,2026-8-20 18:33:28.138320000,14.6541,14.6541,0.0000,0.0466,14.6614,2.5616,12.0998,16.7902,18.5670,4.4598,13052.2641,NA,NA,NA
python.exe,15928,0x0,Other,0,0,1,Hardware: Legacy Flip,2026-8-20 18:33:28.152974100,18.6036,18.6036,0.0000,0.0539,18.6008,2.2989,16.3019,20.7031,14.8480,-3.9129,13066.9182,NA,NA,NA
python.exe,15928,0x0,Other,0,0,1,Hardware: Legacy Flip,2026-8-20 18:33:28.171577700,14.8041,14.8041,0.0000,0.0511,14.8000,2.2166,12.5834,16.9475,18.8649,3.7556,13085.5218,NA,NA,NA
python.exe,15928,0x0,Other,0,0,1,Hardware: Legacy Flip,2026-8-20 18:33:28.186381800,18.8927,18.8927,0.0000,0.0470,18.8932,2.1862,16.7070,21.0083,14.5075,-4.0608,13100.3259,NA,NA,NA
python.exe,15928,0x0,Other,0,0,1,Hardware: Legacy Flip,2026-8-20 18:33:28.205274500,14.5668,14.5668,0.0000,0.0475,14.5730,2.2455,12.3275,16.6231,19.2190,4.3852,13119.2186,NA,NA,NA
python.exe,15928,0x0,Other,0,0,1,Hardware: Legacy Flip,2026-8-20 18:33:28.219841300,19.2209,19.2209,0.0000,0.0537,19.2168,2.1666,17.0502,21.2753,13.9964,-4.6522,13133.7854,NA,NA,NA
python.exe,15928,0x0,Other,0,0,1,Hardware: Legacy Flip,2026-8-20 18:33:28.239062200,13.9407,13.9407,0.0000,0.0496,13.9466,2.1998,11.7468,16.0508,19.0077,5.2245,13153.0063,NA,NA,NA
python.exe,15928,0x0,Other,0,0,1,Hardware: Legacy Flip,2026-8-20 18:33:28.253002900,18.7229,18.7229,0.0000,0.0555,18.7155,2.2088,16.5067,21.1178,14.8884,-5.0670,13166.9470,NA,NA,NA
python.exe,15928,0x0,Other,0,0,1,Hardware: Legacy Flip,2026-8-20 18:33:28.271725800,14.7912,14.7912,0.0000,0.0481,14.7929,2.4992,12.2937,17.2833,18.3471,3.8345,13185.6699,NA,NA,NA
python.exe,15928,0x0,Other,0,0,1,Hardware: Legacy Flip,2026-8-20 18:33:28.286517000,18.6398,18.6398,0.0000,0.0498,18.6460,2.6145,16.0315,20.8392,14.5115,-3.5559,13200.4611,NA,NA,NA
python.exe,15928,0x0,Other,0,0,1,Hardware: Legacy Flip,2026-8-20 18:33:28.305156800,14.6661,14.6661,0.0000,0.0560,14.6629,2.3257,12.3372,16.7109,18.9429,4.1283,13219.1009,NA,NA,NA
python.exe,15928,0x0,Other,0,0,1,Hardware: Legacy Flip,2026-8-20 18:33:28.319822900,18.8640,18.8640,0.0000,0.0528,18.8589,2.1491,16.7098,20.9877,14.2374,-4.2768,13233.7670,NA,NA,NA
python.exe,15928,0x0,Other,0,0,1,Hardware: Legacy Flip,2026-8-20 18:33:28.338686900,14.3062,14.3062,0.0000,0.0477,14.3229,2.3136,12.0093,16.3611,18.6304,4.6266,13252.6310,NA,NA,NA
python.exe,15928,0x0,Other,0,0,1,Hardware: Legacy Flip,2026-8-20 18:33:28.352993100,18.6064,18.6064,0.0000,0.0644,18.5935,2.1599,16.4336,20.6853,16.2073,-4.3242,13266.9372,NA,NA,NA
python.exe,15928,0x0,Other,0,0,1,Hardware: Legacy Flip,2026-8-20 18:33:28.371599500,15.5253,15.5253,0.0000,0.0515,15.5199,2.1609,13.3590,18.2862,17.1354,2.3991,13285.5436,NA,NA,NA
python.exe,15928,0x0,Other,0,0,1,Hardware: Legacy Flip,2026-8-20 18:33:28.387124800,17.5831,17.5831,0.0000,0.0461,17.5825,2.8281,14.7544,19.8963,14.9155,-1.6101,13301.0689,NA,NA,NA
python.exe,15928,0x0,Other,0,0,1,Hardware: Legacy Flip,2026-8-20 18:33:28.404707900,14.8359,14.8359,0.0000,0.0455,14.8420,2.4400,12.4020,17.2287,18.5729,2.6676,13318.6520,NA,NA,NA
python.exe,15928,0x0,Other,0,0,1,Hardware: Legacy Flip,2026-8-20 18:33:28.419543800,18.6875,18.6875,0.0000,0.0516,18.6958,2.5046,16.1912,20.9657,14.8127,-3.7370,13333.4879,NA,NA,NA
python.exe,15928,0x0,Other,0,0,1,Hardware: Legacy Flip,2026-8-20 18:33:28.438231300,14.9431,14.9431,0.0000,0.0599,14.9338,2.3883,12.5455,17.0909,19.1505,3.8748,13352.1754,NA,NA,NA
python.exe,15928,0x0,Other,0,0,1,Hardware: Legacy Flip,2026-8-20 18:33:28.453174400,18.9379,18.9379,0.0000,0.0506,18.9360,2.2826,16.6534,21.2983,14.0628,-4.2074,13367.1185,NA,NA,NA
python.exe,15928,0x0,Other,0,0,1,Hardware: Legacy Flip,2026-8-20 18:33:28.472112300,14.2046,14.2046,0.0000,0.0487,14.2201,2.5121,11.7080,16.4232,18.8586,4.8751,13386.0564,NA,NA,NA
python.exe,15928,0x0,Other,0,0,1,Hardware: Legacy Flip,2026-8-20 18:33:28.486316900,18.9701,18.9701,0.0000,0.0642,18.9690,2.3524,16.6166,21.0772,14.9134,-4.6540,13400.2610,NA,NA,NA
python.exe,15928,0x0,Other,0,0,1,Hardware: Legacy Flip,2026-8-20 18:33:28.505287000,14.7010,14.7010,0.0000,0.0631,14.6880,2.2351,12.4529,17.0205,18.2706,4.0567,13419.2311,NA,NA,NA
python.exe,15928,0x0,Other,0,0,1,Hardware: Legacy Flip,2026-8-20 18:33:28.519988000,18.3818,18.3818,0.0000,0.0501,18.3856,2.5313,15.8543,20.5901,14.7183,-3.5696,13433.9321,NA,NA,NA
python.exe,15928,0x0,Other,0,0,1,Hardware: Legacy Flip,2026-8-20 18:33:28.538369800,14.8601,14.8601,0.0000,0.0539,14.8671,2.2919,12.5752,16.9266,18.7851,3.6635,13452.3139,NA,NA,NA
python.exe,15928,0x0,Other,0,0,1,Hardware: Legacy Flip,2026-8-20 18:33:28.553229900,18.4601,18.4601,0.0000,0.0609,18.4733,2.2353,16.2380,20.8516,33.7178,-3.9250,13467.1740,NA,NA,NA
python.exe,15928,0x0,Other,0,0,1,Hardware: Legacy Flip,2026-8-20 18:33:28.571690000,33.9824,33.9824,0.0000,0.0741,33.9580,2.4670,31.4910,36.1093,14.3575,-15.2577,13485.6341,NA,NA,NA
python.exe,15928,0x0,Other,0,0,1,Hardware: Legacy Flip,2026-8-20 18:33:28.605672400,14.2086,14.2086,0.0000,0.0497,14.2140,2.2893,11.9247,16.4844,18.3240,19.6249,13519.6165,NA,NA,NA
python.exe,15928,0x0,Other,0,0,1,Hardware: Legacy Flip,2026-8-20 18:33:28.619881000,18.4506,18.4506,0.0000,0.0551,18.4469,2.3890,16.0579,20.5998,15.3587,-4.1154,13533.8251,NA,NA,NA
python.exe,15928,0x0,Other,0,0,1,Hardware: Legacy Flip,2026-8-20 18:33:28.638331600,15.0976,15.0976,0.0000,0.0514,15.0936,2.2499,12.8437,17.5079,19.4312,3.0919,13552.2757,NA,NA,NA
python.exe,15928,0x0,Other,0,0,1,Hardware: Legacy Flip,2026-8-20 18:33:28.653429200,19.5811,19.5811,0.0000,0.0474,19.5871,2.4792,17.1079,21.8415,13.2453,-4.3336,13567.3733,NA,NA,NA
python.exe,15928,0x0,Other,0,0,1,Hardware: Legacy Flip,2026-8-20 18:33:28.673010300,13.3781,13.3781,0.0000,0.0534,13.3898,2.4835,10.9063,15.5057,19.1053,6.3358,13586.9544,NA,NA,NA
python.exe,15928,0x0,Other,0,0,1,Hardware: Legacy Flip,2026-8-20 18:33:28.686388400,18.8871,18.8871,0.0000,0.0651,18.9228,2.2989,16.6239,21.2329,14.4001,-5.7272,13600.3325,NA,NA,NA
python.exe,15928,0x0,Other,0,0,1,Hardware: Legacy Flip,2026-8-20 18:33:28.705275500,14.6529,14.6529,0.0000,0.1008,14.6221,2.4080,12.2141,16.7459,18.9701,4.4870,13619.2196,NA,NA,NA
python.exe,15928,0x0,Other,0,0,1,Hardware: Legacy Flip,2026-8-20 18:33:28.719928400,18.6549,18.6549,0.0000,0.0700,18.6327,2.1661,16.4666,21.0631,14.4708,-4.3172,13633.8725,NA,NA,NA
python.exe,15928,0x0,Other,0,0,1,Hardware: Legacy Flip,2026-8-20 18:33:28.738583300,14.6564,14.6564,0.0000,0.0478,14.6798,2.5661,12.1137,16.8790,18.8108,4.1841,13652.5274,NA,NA,NA
python.exe,15928,0x0,Other,0,0,1,Hardware: Legacy Flip,2026-8-20 18:33:28.753239700,18.6090,18.6090,0.0000,0.0712,18.5861,2.3750,16.2111,21.0334,14.5823,-4.1544,13667.1838,NA,NA,NA
python.exe,15928,0x0,Other,0,0,1,Hardware: Legacy Flip,2026-8-20 18:33:28.771848700,14.7729,14.7729,0.0000,0.0483,14.7748,2.5437,12.2311,17.0067,18.4129,4.0267,13685.7928,NA,NA,NA
python.exe,15928,0x0,Other,0,0,1,Hardware: Legacy Flip,2026-8-20 18:33:28.786621600,18.4902,18.4902,0.0000,0.0502,18.4978,2.4689,16.0289,20.6467,15.0650,-3.6400,13700.5657,NA,NA,NA
python.exe,15928,0x0,Other,0,0,1,Hardware: Legacy Flip,2026-8-20 18:33:28.805111800,15.0385,15.0385,0.0000,0.0578,15.0438,2.3412,12.7026,17.2215,18.7341,3.4252,13719.0559,NA,NA,NA
python.exe,15928,0x0,Other,0,0,1,Hardware: Legacy Flip,2026-8-20 18:33:28.820150300,18.7733,18.7733,0.0000,0.0631,18.7594,2.3156,16.4438,20.9171,14.7456,-3.6956,13734.0944,NA,NA,NA
python.exe,15928,0x0,Other,0,0,1,Hardware: Legacy Flip,2026-8-20 18:33:28.838923600,14.4297,14.4297,0.0000,0.0492,14.4350,2.3020,12.1330,16.8894,17.8794,4.0277,13752.8677,NA,NA,NA
python.exe,15928,0x0,Other,0,0,1,Hardware: Legacy Flip,2026-8-20 18:33:28.853353300,18.1721,18.1721,0.0000,0.0545,18.1631,2.5451,15.6180,20.3391,14.6862,-3.4497,13767.2974,NA,NA,NA
python.exe,15928,0x0,Other,0,0,1,Hardware: Legacy Flip,2026-8-20 18:33:28.871525400,14.7327,14.7327,0.0000,0.0455,14.7905,2.3507,12.4398,16.8532,19.1475,3.4859,13785.4695,NA,NA,NA
python.exe,15928,0x0,Other,0,0,1,Hardware: Legacy Flip,2026-8-20 18:33:28.886258100,18.8575,18.8575,0.0000,0.1033,18.8050,2.1482,16.6568,21.2680,14.7707,-4.4148,13800.2022,NA,NA,NA
python.exe,15928,0x0,Other,0,0,1,Hardware: Legacy Flip,2026-8-20 18:33:28.905115600,14.8476,14.8476,0.0000,0.0508,14.8747,2.5416,12.3331,17.1812,18.4412,4.0868,13819.0597,NA,NA,NA
python.exe,15928,0x0,Other,0,0,1,Hardware: Legacy Flip,2026-8-20 18:33:28.919963200,18.4012,18.4012,0.0000,0.0779,18.3827,2.4442,15.9385,20.7748,14.6630,-3.5936,13833.9073,NA,NA,NA
python.exe,15928,0x0,Other,0,0,1,Hardware: Legacy Flip,2026-8-20 18:33:28.938364400,14.5177,14.5177,0.0000,0.0594,14.5044,2.4674,12.0370,17.0366,18.2732,3.7382,13852.3085,NA,NA,NA
python.exe,15928,0x0,Other,0,0,1,Hardware: Legacy Flip,2026-8-20 18:33:28.952882100,18.7371,18.7371,0.0000,0.0461,18.7544,2.7280,16.0264,20.7921,14.8541,-3.7555,13866.8262,NA,NA,NA
python.exe,15928,0x0,Other,0,0,1,Hardware: Legacy Flip,2026-8-20 18:33:28.971619200,14.8488,14.8488,0.0000,0.0634,14.8314,2.1437,12.6877,16.9091,18.7342,3.8830,13885.5633,NA,NA,NA
python.exe,15928,0x0,Other,0,0,1,Hardware: Legacy Flip,2026-8-20 18:33:28.986468000,18.3826,18.3826,0.0000,0.0460,18.3819,2.1467,16.2352,20.7945,14.6185,-3.8854,13900.4121,NA,NA,NA
python.exe,15928,0x0,Other,0,0,1,Hardware: Legacy Flip,2026-8-20 18:33:29.004850600,14.6678,14.6678,0.0000,0.0453,14.6678,2.5057,12.1621,17.0304,20.1337,3.7641,13918.7947,NA,NA,NA
python.exe,15928,0x0,Other,0,0,1,Hardware: Legacy Flip,2026-8-20 18:33:29.019518400,20.2840,20.2840,0.0000,0.0453,20.2824,2.4448,17.8376,22.4963,13.5565,-5.4659,13933.4625,NA,NA,NA
python.exe,15928,0x0,Other,0,0,1,Hardware: Legacy Flip,2026-8-20 18:33:29.039802400,13.3579,13.3579,0.0000,0.0437,13.3647,2.3234,11.0413,15.7688,18.3659,6.7275,13953.7465,NA,NA,NA
python.exe,15928,0x0,Other,0,0,1,Hardware: Legacy Flip,2026-8-20 18:33:29.053160300,18.2780,18.2780,0.0000,0.0505,18.2725,2.4878,15.7847,20.7768,15.6381,-5.0080,13967.1044,NA,NA,NA
python.exe,15928,0x0,Other,0,0,1,Hardware: Legacy Flip,2026-8-20 18:33:29.071438300,15.2506,15.2506,0.0000,0.0450,15.2517,2.6238,12.6279,18.1369,17.2164,2.6399,13985.3824,NA,NA,NA
python.exe,15928,0x0,Other,0,0,1,Hardware: Legacy Flip,2026-8-20 18:33:29.086688900,17.9751,17.9751,0.0000,0.0461,17.9724,2.9814,14.9910,20.1027,16.0334,-1.9658,14000.6330,NA,NA,NA
python.exe,15928,0x0,Other,0,0,1,Hardware: Legacy Flip,2026-8-20 18:33:29.104664000,15.1399,15.1399,0.0000,0.0434,15.1426,2.2393,12.9033,18.1610,17.7221,1.9417,14018.6081,NA,NA,NA
python.exe,15928,0x0,Other,0,0,1,Hardware: Legacy Flip,2026-8-20 18:33:29.119803900,18.4521,18.4521,0.0000,0.0461,18.4512,3.1270,15.3242,20.7432,14.6785,-2.5822,14033.7480,NA,NA,NA
python.exe,15928,0x0,Other,0,0,1,Hardware: Legacy Flip,2026-8-20 18:33:29.138256000,14.6235,14.6235,0.0000,0.0452,14.6228,2.3886,12.2342,16.9696,18.0998,3.7736,14052.2001,NA,NA,NA
python.exe,15928,0x0,Other,0,0,1,Hardware: Legacy Flip,2026-8-20 18:33:29.152879500,18.1495,18.1495,0.0000,0.0445,18.1492,2.4346,15.7146,20.4459,15.2404,-3.4763,14066.8236,NA,NA,NA
python.exe,15928,0x0,Other,0,0,1,Hardware: Legacy Flip,2026-8-20 18:33:29.171029000,15.2547,15.2547,0.0000,0.0442,15.2590,2.4055,12.8535,17.5368,18.4545,2.9091,14084.9731,NA,NA,NA
python.exe,15928,0x0,Other,0,0,1,Hardware: Legacy Flip,2026-8-20 18:33:29.186283700,18.5229,18.5229,0.0000,0.0485,18.5193,2.3933,16.1260,20.7366,14.8414,-3.1998,14100.2278,NA,NA,NA
python.exe,15928,0x0,Other,0,0,1,Hardware: Legacy Flip,2026-8-20 18:33:29.204806600,14.9653,14.9653,0.0000,0.0449,14.9774,2.3731,12.6043,17.0551,18.4425,3.6815,14118.7507,NA,NA,NA
python.exe,15928,0x0,Other,0,0,1,Hardware: Legacy Flip,2026-8-20 18:33:29.219771900,18.1660,18.1660,0.0000,0.0570,18.1553,2.1614,15.9939,20.5323,14.9556,-3.4772,14133.7160,NA,NA,NA
python.exe,15928,0x0,Other,0,0,1,Hardware: Legacy Flip,2026-8-20 18:33:29.237937900,15.0033,15.0033,0.0000,0.0463,15.0035,2.4481,12.5554,17.3219,18.7818,3.2104,14151.8820,NA,NA,NA
python.exe,15928,0x0,Other,0,0,1,Hardware: Legacy Flip,2026-8-20 18:33:29.252941200,18.9779,18.9779,0.0000,0.0465,18.9832,2.5643,16.4189,21.1004,14.3931,-3.7785,14166.8853,NA,NA,NA
python.exe,15928,0x0,Other,0,0,1,Hardware: Legacy Flip,2026-8-20 18:33:29.271919100,14.1380,14.1380,0.0000,0.0518,14.1488,2.2229,11.9259,16.5156,18.6914,4.5848,14185.8632,NA,NA,NA
python.exe,15928,0x0,Other,0,0,1,Hardware: Legacy Flip,2026-8-20 18:33:29.286057100,18.7148,18.7148,0.0000,0.0626,18.6965,2.5023,16.1942,21.0690,15.2740,-4.5534,14200.0012,NA,NA,NA
python.exe,15928,0x0,Other,0,0,1,Hardware: Legacy Flip,2026-8-20 18:33:29.304771900,14.9578,14.9578,0.0000,0.0443,14.9610,2.4525,12.5085,17.6282,18.0015,3.4408,14218.7160,NA,NA,NA
python.exe,15928,0x0,Other,0,0,1,Hardware: Legacy Flip,2026-8-20 18:33:29.319729700,18.2123,18.2123,0.0000,0.0475,18.2096,2.7609,15.4487,20.6719,14.5741,-3.0437,14233.6738,NA,NA,NA
python.exe,15928,0x0,Other,0,0,1,Hardware: Legacy Flip,2026-8-20 18:33:29.337942000,14.8498,14.8498,0.0000,0.0448,14.8519,2.5763,12.2756,17.0337,19.9930,3.6382,14251.8861,NA,NA,NA
python.exe,15928,0x0,Other,0,0,1,Hardware: Legacy Flip,2026-8-20 18:33:29.352791800,20.1737,20.1737,0.0000,0.0469,20.1792,2.3092,17.8700,22.1769,13.6390,-5.1432,14266.7359,NA,NA,NA
python.exe,15928,0x0,Other,0,0,1,Hardware: Legacy Flip,2026-8-20 18:33:29.372965500,13.3176,13.3176,0.0000,0.0524,13.3121,2.1068,11.2053,15.6422,18.6874,6.5347,14286.9096,NA,NA,NA
python.exe,15928,0x0,Other,0,0,1,Hardware: Legacy Flip,2026-8-20 18:33:29.386283100,18.5785,18.5785,0.0000,0.0469,18.5781,2.4184,16.1597,21.0120,14.3715,-5.3698,14300.2272,NA,NA,NA
python.exe,15928,0x0,Other,0,0,1,Hardware: Legacy Flip,2026-8-20 18:33:29.404861600,14.6691,14.6691,0.0000,0.0465,14.6735,2.5595,12.1140,16.8050,19.0065,4.2070,14318.8057,NA,NA,NA
python.exe,15928,0x0,Other,0,0,1,Hardware: Legacy Flip,2026-8-20 18:33:29.419530700,18.8286,18.8286,0.0000,0.0509,18.9760,2.3828,16.5932,21.1424,14.6436,-4.3374,14333.4748,NA,NA,NA
python.exe,15928,0x0,Other,0,0,1,Hardware: Legacy Flip,2026-8-20 18:33:29.438359300,14.9277,14.9277,0.0000,0.1983,14.7796,2.2829,12.4967,16.9574,18.6897,4.1850,14352.3034,NA,NA,NA
python.exe,15928,0x0,Other,0,0,1,Hardware: Legacy Flip,2026-8-20 18:33:29.453287000,18.0769,18.0769,0.0000,0.0502,18.0717,2.1129,15.9588,20.7194,14.3453,-3.7620,14367.2311,NA,NA,NA
python.exe,15928,0x0,Other,0,0,1,Hardware: Legacy Flip,2026-8-20 18:33:29.471363900,14.6983,14.6983,0.0000,0.0450,14.7307,2.7629,11.9678,16.9878,18.6497,3.7316,14385.3080,NA,NA,NA
python.exe,15928,0x0,Other,0,0,1,Hardware: Legacy Flip,2026-8-20 18:33:29.486062200,18.5899,18.5899,0.0000,0.0774,18.5585,2.3532,16.2053,20.9392,15.0744,-3.9514,14400.0063,NA,NA,NA
python.exe,15928,0x0,Other,0,0,1,Hardware: Legacy Flip,2026-8-20 18:33:29.504652100,15.4799,15.4799,0.0000,0.0460,15.4868,2.4903,12.9965,17.4237,18.5771,3.5155,14418.5962,NA,NA,NA
python.exe,15928,0x0,Other,0,0,1,Hardware: Legacy Flip,2026-8-20 18:33:29.520132000,18.1441,18.1441,0.0000,0.0529,18.1399,2.0934,16.0465,20.5209,14.1755,-3.0972,14434.0761,NA,NA,NA
python.exe,15928,0x0,Other,0,0,1,Hardware: Legacy Flip,2026-8-20 18:33:29.538276100,14.5584,14.5584,0.0000,0.0487,14.5564,2.4818,12.0746,16.5523,19.0201,3.9686,14452.2202,NA,NA,NA
python.exe,15928,0x0,Other,0,0,1,Hardware: Legacy Flip,2026-8-20 18:33:29.552834500,18.6597,18.6597,0.0000,0.0467,18.6580,2.0864,16.5716,21.0140,15.2496,-4.4617,14466.7786,NA,NA,NA
python.exe,15928,0x0,Other,0,0,1,Hardware: Legacy Flip,2026-8-20 18:33:29.571494200,15.2624,15.2624,0.0000,0.0450,15.2625,2.4842,12.7783,17.6039,17.8277,3.4101,14485.4383,NA,NA,NA
python.exe,15928,0x0,Other,0,0,1,Hardware: Legacy Flip,2026-8-20 18:33:29.586756600,18.1496,18.1496,0.0000,0.0451,18.1507,2.4559,15.6948,20.1692,27.7631,-2.5653,14500.7007,NA,NA,NA
python.exe,15928,0x0,Other,0,0,1,Hardware: Legacy Flip,2026-8-20 18:33:29.604906200,27.6773,27.6773,0.0000,0.0462,27.7385,2.1782,25.5603,29.7827,6.6042,-9.6135,14518.8503,NA,NA,NA
python.exe,15928,0x0,Other,0,0,1,Hardware: Legacy Flip,2026-8-20 18:33:29.632583500,5.9083,5.9083,0.0000,0.1074,5.8172,2.2159,3.6013,8.7096,13.9516,21.0731,14546.5276,NA,NA,NA
python.exe,15928,0x0,Other,0,0,1,Hardware: Legacy Flip,2026-8-20 18:33:29.638491800,14.7811,14.7811,0.0000,0.0163,14.8156,2.9379,11.8777,16.7529,18.9423,-8.0433,14552.4359,NA,NA,NA
python.exe,15928,0x0,Other,0,0,1,Hardware: Legacy Flip,2026-8-20 18:33:29.653272900,18.3745,18.3745,0.0000,0.0508,18.3714,2.0772,16.2942,20.9141,14.3104,-4.1612,14567.2170,NA,NA,NA
python.exe,15928,0x0,Other,0,0,1,Hardware: Legacy Flip,2026-8-20 18:33:29.671647400,14.6721,14.6721,0.0000,0.0477,14.6747,2.6640,12.0107,16.8500,18.8412,4.0641,14585.5915,NA,NA,NA
python.exe,15928,0x0,Other,0,0,1,Hardware: Legacy Flip,2026-8-20 18:33:29.686319500,18.8935,18.8935,0.0000,0.0503,18.8913,2.2819,16.6094,21.0191,15.2334,-4.1691,14600.2636,NA,NA,NA
python.exe,15928,0x0,Other,0,0,1,Hardware: Legacy Flip,2026-8-20 18:33:29.705213000,15.1640,15.1640,0.0000,0.0481,15.1754,2.2559,12.9195,17.3590,18.2986,3.6601,14619.1571,NA,NA,NA
python.exe,15928,0x0,Other,0,0,1,Hardware: Legacy Flip,2026-8-20 18:33:29.720377000,18.1421,18.1421,0.0000,0.0595,18.1302,2.2914,15.8388,20.4936,14.6840,-3.1346,14634.3211,NA,NA,NA
python.exe,15928,0x0,Other,0,0,1,Hardware: Legacy Flip,2026-8-20 18:33:29.738519100,14.6721,14.6721,0.0000,0.0476,14.6737,2.4669,12.2068,17.0355,18.3766,3.4581,14652.4632,NA,NA,NA
python.exe,15928,0x0,Other,0,0,1,Hardware: Legacy Flip,2026-8-20 18:33:29.753191200,18.5209,18.5209,0.0000,0.0492,18.5192,2.5146,16.0046,20.7400,14.7234,-3.7045,14667.1353,NA,NA,NA
python.exe,15928,0x0,Other,0,0,1,Hardware: Legacy Flip,2026-8-20 18:33:29.771712100,14.6636,14.6636,0.0000,0.0475,14.6622,2.3297,12.3325,16.9425,18.3518,3.7975,14685.6562,NA,NA,NA
python.exe,15928,0x0,Other,0,0,1,Hardware: Legacy Flip,2026-8-20 18:33:29.786375700,18.6684,18.6684,0.0000,0.0461,18.6696,2.4772,16.1924,20.6307,14.7820,-3.6882,14700.3198,NA,NA,NA
python.exe,15928,0x0,Other,0,0,1,Hardware: Legacy Flip,2026-8-20 18:33:29.805044100,14.7909,14.7909,0.0000,0.0473,14.7900,2.0672,12.7228,16.7443,18.4252,3.8864,14718.9882,NA,NA,NA
python.exe,15928,0x0,Other,0,0,1,Hardware: Legacy Flip,2026-8-20 18:33:29.819835000,18.2453,18.2453,0.0000,0.0464,18.2507,2.1149,16.1358,20.3786,15.4277,-3.6343,14733.7791,NA,NA,NA
python.exe,15928,0x0,Other,0,0,1,Hardware: Legacy Flip,2026-8-20 18:33:29.838080300,15.3053,15.3053,0.0000,0.0518,15.3030,2.2634,13.0396,17.5610,18.3427,2.8176,14752.0244,NA,NA,NA
python.exe,15928,0x0,Other,0,0,1,Hardware: Legacy Flip,2026-8-20 18:33:29.853385600,17.9591,17.9591,0.0000,0.0495,17.9535,2.3428,15.6107,20.5984,14.5618,-3.0374,14767.3297,NA,NA,NA
python.exe,15928,0x0,Other,0,0,1,Hardware: Legacy Flip,2026-8-20 18:33:29.871344700,15.0500,15.0500,0.0000,0.0439,15.0595,2.7870,12.2725,17.2011,18.5394,3.3973,14785.2888,NA,NA,NA
python.exe,15928,0x0,Other,0,0,1,Hardware: Legacy Flip,2026-8-20 18:33:29.886394700,18.5721,18.5721,0.0000,0.0534,18.5733,2.2895,16.2838,20.6905,15.7508,-3.4894,14800.3388,NA,NA,NA
python.exe,15928,0x0,Other,0,0,1,Hardware: Legacy Flip,2026-8-20 18:33:29.904966800,15.3352,15.3352,0.0000,0.0546,15.3375,2.4103,12.9272,17.8692,18.9025,2.8213,14818.9109,NA,NA,NA
python.exe,15928,0x0,Other,0,0,1,Hardware: Legacy Flip,2026-8-20 18:33:29.920302000,19.2005,19.2005,0.0000,0.0569,19.1927,2.6273,16.5654,21.4365,13.7206,-3.5673,14834.2461,NA,NA,NA
python.exe,15928,0x0,Other,0,0,1,Hardware: Legacy Flip,2026-8-20 18:33:29.939502500,13.9708,13.9708,0.0000,0.0491,13.9753,2.4348,11.5405,15.9566,19.5445,5.4799,14853.4466,NA,NA,NA
python.exe,15928,0x0,Other,0,0,1,Hardware: Legacy Flip,2026-8-20 18:33:29.953473300,18.9998,18.9998,0.0000,0.0536,19.0092,2.5401,16.4691,21.5303,13.9791,-5.5737,14867.4174,NA,NA,NA
python.exe,15928,0x0,Other,0,0,1,Hardware: Legacy Flip,2026-8-20 18:33:29.972473100,14.5779,14.5779,0.0000,0.0630,14.5760,2.7356,11.8404,16.5096,18.2604,5.0207,14886.4172,NA,NA,NA
python.exe,15928,0x0,Other,0,0,1,Hardware: Legacy Flip,2026-8-20 18:33:29.987051000,18.0869,18.0869,0.0000,0.0611,18.0750,2.0404,16.0346,20.1921,14.5235,-3.6825,14900.9951,NA,NA,NA
python.exe,15928,0x0,Other,0,0,1,Hardware: Legacy Flip,2026-8-20 18:33:30.005137900,14.6099,14.6099,0.0000,0.0492,14.6121,2.2373,12.3748,16.6287,19.4632,3.5634,14919.0820,NA,NA,NA
python.exe,15928,0x0,Other,0,0,1,Hardware: Legacy Flip,2026-8-20 18:33:30.019747800,18.9154,18.9154,0.0000,0.0514,18.9163,2.2620,16.6543,21.4820,14.0320,-4.8533,14933.6919,NA,NA,NA
python.exe,15928,0x0,Other,0,0,1,Hardware: Legacy Flip,2026-8-20 18:33:30.038663200,14.7376,14.7376,0.0000,0.0523,14.7500,2.7517,11.9983,16.5986,19.6569,4.8834,14952.6073,NA,NA,NA
python.exe,15928,0x0,Other,0,0,1,Hardware: Legacy Flip,2026-8-20 18:33:30.053400800,19.5812,19.5812,0.0000,0.0647,19.5613,1.9372,17.6241,21.5179,13.4350,-4.9193,14967.3449,NA,NA,NA
python.exe,15928,0x0,Other,0,0,1,Hardware: Legacy Flip,2026-8-20 18:33:30.072982000,13.4412,13.4412,0.0000,0.0448,13.4456,2.0517,11.3939,15.3717,19.0604,6.1462,14986.9261,NA,NA,NA
python.exe,15928,0x0,Other,0,0,1,Hardware: Legacy Flip,2026-8-20 18:33:30.086423200,18.7865,18.7865,0.0000,0.0492,18.7857,2.0256,16.7601,20.9909,14.7479,-5.6192,15000.3673,NA,NA,NA
python.exe,15928,0x0,Other,0,0,1,Hardware: Legacy Flip,2026-8-20 18:33:30.105209700,14.8887,14.8887,0.0000,0.0484,14.9075,2.4168,12.4907,16.9523,18.7348,4.0386,15019.1538,NA,NA,NA
python.exe,15928,0x0,Other,0,0,1,Hardware: Legacy Flip,2026-8-20 18:33:30.120098400,18.5289,18.5289,0.0000,0.0672,18.5197,2.2042,16.3155,20.7984,14.3745,-3.8461,15034.0425,NA,NA,NA
python.exe,15928,0x0,Other,0,0,1,Hardware: Legacy Flip,2026-8-20 18:33:30.138627300,14.6649,14.6649,0.0000,0.0580,14.6624,2.4090,12.2534,16.6440,18.9063,4.1544,15052.5714,NA,NA,NA
python.exe,15928,0x0,Other,0,0,1,Hardware: Legacy Flip,2026-8-20 18:33:30.153292200,18.6075,18.6075,0.0000,0.0555,18.6012,2.0998,16.5014,20.8854,14.4332,-4.2414,15067.2363,NA,NA,NA
python.exe,15928,0x0,Other,0,0,1,Hardware: Legacy Flip,2026-8-20 18:33:30.171899700,14.8324,14.8324,0.0000,0.0492,14.8396,2.4508,12.3888,16.7111,18.6379,4.1743,15085.8438,NA,NA,NA
python.exe,15928,0x0,Other,0,0,1,Hardware: Legacy Flip,2026-8-20 18:33:30.186732100,18.5085,18.5085,0.0000,0.0564,18.5022,2.0158,16.4864,20.5166,14.8124,-3.8055,15100.6762,NA,NA,NA
python.exe,15928,0x0,Other,0,0,1,Hardware: Legacy Flip,2026-8-20 18:33:30.205240600,14.9166,14.9166,0.0000,0.0501,14.9351,2.2015,12.7336,16.8205,18.5311,3.6961,15119.1847,NA,NA,NA
python.exe,15928,0x0,Other,0,0,1,Hardware: Legacy Flip,2026-8-20 18:33:30.220157200,18.2764,18.2764,0.0000,0.0686,18.2551,1.9874,16.2677,20.4350,14.9531,-3.6145,15134.1013,NA,NA,NA
python.exe,15928,0x0,Other,0,0,1,Hardware: Legacy Flip,2026-8-20 18:33:30.238433600,15.1850,15.1850,0.0000,0.0473,15.1977,2.3370,12.8607,17.1117,18.8693,3.3233,15152.3777,NA,NA,NA
python.exe,15928,0x0,Other,0,0,1,Hardware: Legacy Flip,2026-8-20 18:33:30.253618600,18.3870,18.3870,0.0000,0.0600,18.3782,2.0914,16.2868,20.7960,14.3396,-3.6843,15167.5627,NA,NA,NA
python.exe,15928,0x0,Other,0,0,1,Hardware: Legacy Flip,2026-8-20 18:33:30.272005600,14.5660,14.5660,0.0000,0.0512,14.5664,2.6074,11.9590,16.7486,18.5077,4.0474,15185.9497,NA,NA,NA
python.exe,15928,0x0,Other,0,0,1,Hardware: Legacy Flip,2026-8-20 18:33:30.286571600,18.6205,18.6205,0.0000,0.0516,18.6148,2.3743,16.2405,20.6903,14.8535,-3.9417,15200.5157,NA,NA,NA
python.exe,15928,0x0,Other,0,0,1,Hardware: Legacy Flip,2026-8-20 18:33:30.305192100,14.8234,14.8234,0.0000,0.0459,14.8529,2.2033,12.6496,16.9233,18.3697,3.7670,15219.1362,NA,NA,NA
python.exe,15928,0x0,Other,0,0,1,Hardware: Legacy Flip,2026-8-20 18:33:30.320015500,18.1900,18.1900,0.0000,0.0754,18.1644,2.1865,15.9779,20.4696,15.1396,-3.5463,15233.9596,NA,NA,NA
python.exe,15928,0x0,Other,0,0,1,Hardware: Legacy Flip,2026-8-20 18:33:30.338205500,15.3340,15.3340,0.0000,0.0498,15.3315,2.3664,12.9651,17.4192,17.8652,3.0504,15252.1496,NA,NA,NA
python.exe,15928,0x0,Other,0,0,1,Hardware: Legacy Flip,2026-8-20 18:33:30.353539500,17.9277,17.9277,0.0000,0.0473,17.9269,2.1889,15.7380,19.9504,15.0120,-2.5312,15267.4836,NA,NA,NA
python.exe,15928,0x0,Other,0,0,1,Hardware: Legacy Flip,2026-8-20 18:33:30.371467200,14.8755,14.8755,0.0000,0.0465,14.8754,2.1274,12.7480,17.0347,18.3186,2.9157,15285.4113,NA,NA,NA
python.exe,15928,0x0,Other,0,0,1,Hardware: Legacy Flip,2026-8-20 18:33:30.386342700,18.4310,18.4310,0.0000,0.0464,18.4279,2.2744,16.1535,20.4778,14.8288,-3.4431,15300.2868,NA,NA,NA
python.exe,15928,0x0,Other,0,0,1,Hardware: Legacy Flip,2026-8-20 18:33:30.404773700,14.6214,14.6214,0.0000,0.0433,14.6238,2.1660,12.4578,16.8756,18.7993,3.6022,15318.7178,NA,NA,NA
python.exe,15928,0x0,Other,0,0,1,Hardware: Legacy Flip,2026-8-20 18:33:30.419395100,18.8503,18.8503,0.0000,0.0457,18.8541,2.3492,16.5049,21.0535,14.7982,-4.1779,15333.3392,NA,NA,NA
python.exe,15928,0x0,Other,0,0,1,Hardware: Legacy Flip,2026-8-20 18:33:30.438245400,14.8703,14.8703,0.0000,0.0495,14.8686,2.3347,12.5339,17.0014,18.2319,4.0521,15352.1895,NA,NA,NA
python.exe,15928,0x0,Other,0,0,1,Hardware: Legacy Flip,2026-8-20 18:33:30.453115700,18.2524,18.2524,0.0000,0.0478,18.2499,2.2401,16.0098,20.3630,14.9467,-3.3616,15367.0598,NA,NA,NA
python.exe,15928,0x0,Other,0,0,1,Hardware: Legacy Flip,2026-8-20 18:33:30.471368100,14.8430,14.8430,0.0000,0.0453,14.8427,2.2027,12.6400,17.0573,18.3801,3.3057,15385.3122,NA,NA,NA
python.exe,15928,0x0,Other,0,0,1,Hardware: Legacy Flip,2026-8-20 18:33:30.486211100,18.4724,18.4724,0.0000,0.0450,18.4851,2.3388,16.1463,20.5944,15.2581,-3.5371,15400.1552,NA,NA,NA
python.exe,15928,0x0,Other,0,0,1,Hardware: Legacy Flip,2026-8-20 18:33:30.504683500,15.3867,15.3867,0.0000,0.0577,15.3787,2.2337,13.1450,17.3801,18.0803,3.2143,15418.6276,NA,NA,NA
python.exe,15928,0x0,Other,0,0,1,Hardware: Legacy Flip,2026-8-20 18:33:30.520070200,17.9296,17.9296,0.0000,0.0497,17.9369,2.1397,15.7972,20.0737,14.8796,-2.6936,15434.0143,NA,NA,NA
python.exe,15928,0x0,Other,0,0,1,Hardware: Legacy Flip,2026-8-20 18:33:30.537999800,14.8759,14.8759,0.0000,0.0570,14.8655,2.2320,12.6335,17.0237,18.7757,3.0500,15451.9439,NA,NA,NA
python.exe,15928,0x0,Other,0,0,1,Hardware: Legacy Flip,2026-8-20 18:33:30.552875700,18.5812,18.5812,0.0000,0.0466,18.5800,2.2086,16.3714,20.9235,14.7128,-3.8998,15466.8198,NA,NA,NA
python.exe,15928,0x0,Other,0,0,1,Hardware: Legacy Flip,2026-8-20 18:33:30.571456900,15.1342,15.1342,0.0000,0.0454,15.1356,2.4501,12.6855,17.0551,17.8906,3.8684,15485.4010,NA,NA,NA
python.exe,15928,0x0,Other,0,0,1,Hardware: Legacy Flip,2026-8-20 18:33:30.586591100,17.8848,17.8848,0.0000,0.0468,17.8866,2.0558,15.8308,19.8115,15.0774,-2.7564,15500.5352,NA,NA,NA
python.exe,15928,0x0,Other,0,0,1,Hardware: Legacy Flip,2026-8-20 18:33:30.604475900,15.0601,15.0601,0.0000,0.0486,15.0577,2.0197,13.0380,17.0041,39.6595,2.8074,15518.4200,NA,NA,NA
python.exe,15928,0x0,Other,0,0,1,Hardware: Legacy Flip,2026-8-20 18:33:30.619536000,39.7105,39.7105,0.0000,0.0462,39.7157,2.0892,37.6265,41.6035,12.7278,-24.5994,15533.4801,NA,NA,NA
python.exe,15928,0x0,Other,0,0,1,Hardware: Legacy Flip,2026-8-20 18:33:30.659246500,12.5412,12.5412,0.0000,0.0514,12.5349,1.9925,10.5424,14.6208,14.7083,26.9827,15573.1906,NA,NA,NA
python.exe,15928,0x0,Other,0,0,1,Hardware: Legacy Flip,2026-8-20 18:33:30.671787700,14.5763,14.5763,0.0000,0.0451,14.5761,2.2004,12.3757,16.7879,18.2836,-2.1671,15585.7318,NA,NA,NA
python.exe,15928,0x0,Other,0,0,1,Hardware: Legacy Flip,2026-8-20 18:33:30.686364000,18.4007,18.4007,0.0000,0.0449,18.3998,2.3108,16.0890,20.4952,15.5090,-3.7073,15600.3081,NA,NA,NA
python.exe,15928,0x0,Other,0,0,1,Hardware: Legacy Flip,2026-8-20 18:33:30.704764700,15.2681,15.2681,0.0000,0.0440,15.2710,2.2108,13.0602,17.6035,18.1016,2.8917,15618.7088,NA,NA,NA
python.exe,15928,0x0,Other,0,0,1,Hardware: Legacy Flip,2026-8-20 18:33:30.720032800,18.0668,18.0668,0.0000,0.0469,18.0670,2.4422,15.6248,20.4370,14.8417,-2.8335,15633.9769,NA,NA,NA
python.exe,15928,0x0,Other,0,0,1,Hardware: Legacy Flip,2026-8-20 18:33:30.738099600,14.8532,14.8532,0.0000,0.0471,14.8521,2.4893,12.3628,17.2119,18.5227,3.2251,15652.0437,NA,NA,NA
python.exe,15928,0x0,Other,0,0,1,Hardware: Legacy Flip,2026-8-20 18:33:30.752952800,18.6326,18.6326,0.0000,0.0460,18.6337,2.5218,16.1119,20.8814,15.1128,-3.6695,15666.8969,NA,NA,NA
python.exe,15928,0x0,Other,0,0,1,Hardware: Legacy Flip,2026-8-20 18:33:30.771585400,14.6829,14.6829,0.0000,0.0471,14.6838,2.3788,12.3050,17.3616,18.2258,3.5198,15685.5295,NA,NA,NA
python.exe,15928,0x0,Other,0,0,1,Hardware: Legacy Flip,2026-8-20 18:33:30.786268300,18.9026,18.9026,0.0000,0.0480,18.9023,2.9348,15.9675,20.9045,14.9159,-3.5429,15700.2124,NA,NA,NA
python.exe,15928,0x0,Other,0,0,1,Hardware: Legacy Flip,2026-8-20 18:33:30.805170900,14.3752,14.3752,0.0000,0.0477,14.3717,2.0973,12.2744,16.9178,18.2826,3.9867,15719.1150,NA,NA,NA
python.exe,15928,0x0,Other,0,0,1,Hardware: Legacy Flip,2026-8-20 18:33:30.819546100,18.5097,18.5097,0.0000,0.0442,18.5122,2.6347,15.8775,20.8252,14.8566,-3.9074,15733.4902,NA,NA,NA
python.exe,15928,0x0,Other,0,0,1,Hardware: Legacy Flip,2026-8-20 18:33:30.838055800,14.8905,14.8905,0.0000,0.0467,14.8959,2.4283,12.4676,17.1721,18.6111,3.6531,15751.9999,NA,NA,NA
python.exe,15928,0x0,Other,0,0,1,Hardware: Legacy Flip,2026-8-20 18:33:30.852946300,18.4810,18.4810,0.0000,0.0521,18.4723,2.3701,16.1022,20.8927,14.6150,-3.7206,15766.8904,NA,NA,NA
python.exe,15928,0x0,Other,0,0,1,Hardware: Legacy Flip,2026-8-20 18:33:30.871427300,14.7020,14.7020,0.0000,0.0434,14.7109,2.5342,12.1767,17.0267,18.9284,3.8660,15785.3714,NA,NA,NA
python.exe,15928,0x0,Other,0,0,1,Hardware: Legacy Flip,2026-8-20 18:33:30.886129300,18.7533,18.7533,0.0000,0.0523,18.7445,2.4017,16.3428,21.2531,14.7010,-4.2264,15800.0734,NA,NA,NA
python.exe,15928,0x0,Other,0,0,1,Hardware: Legacy Flip,2026-8-20 18:33:30.904882600,15.0504,15.0504,0.0000,0.0435,15.0589,2.7000,12.3589,17.2008,18.9433,4.0523,15818.8267,NA,NA,NA
python.exe,15928,0x0,Other,0,0,1,Hardware: Legacy Flip,2026-8-20 18:33:30.919933000,18.8354,18.8354,0.0000,0.0520,18.8321,2.2736,16.5585,21.0937,14.6212,-3.8929,15833.8771,NA,NA,NA
python.exe,15928,0x0,Other,0,0,1,Hardware: Legacy Flip,2026-8-20 18:33:30.938768400,14.4439,14.4439,0.0000,0.0487,14.4427,2.4733,11.9694,16.8795,18.4259,4.2142,15852.7125,NA,NA,NA
python.exe,15928,0x0,Other,0,0,1,Hardware: Legacy Flip,2026-8-20 18:33:30.953212300,18.3167,18.3167,0.0000,0.0475,18.3174,2.5494,15.7680,20.8615,14.5747,-3.9820,15867.1564,NA,NA,NA
python.exe,15928,0x0,Other,0,0,1,Hardware: Legacy Flip,2026-8-20 18:33:30.971529000,14.8744,14.8744,0.0000,0.0482,14.8744,2.6675,12.2069,17.1195,18.3417,3.7420,15885.4731,NA,NA,NA
python.exe,15928,0x0,Other,0,0,1,Hardware: Legacy Flip,2026-8-20 18:33:30.986403400,18.3417,18.3417,0.0000,0.0482,18.3433,2.3670,15.9763,20.5868,14.7069,-3.4673,15900.3475,NA,NA,NA
python.exe,15928,0x0,Other,0,0,1,Hardware: Legacy Flip,2026-8-20 18:33:31.004745100,14.8051,14.8051,0.0000,0.0498,14.8024,2.3438,12.4586,16.9520,18.5256,3.6348,15918.6892,NA,NA,NA
python.exe,15928,0x0,Other,0,0,1,Hardware: Legacy Flip,2026-8-20 18:33:31.019550200,18.3270,18.3270,0.0000,0.0471,18.3230,2.2764,16.0466,20.6725,14.8268,-3.7205,15933.4943,NA,NA,NA
python.exe,15928,0x0,Other,0,0,1,Hardware: Legacy Flip,2026-8-20 18:33:31.037877200,15.0486,15.0486,0.0000,0.0431,15.0520,2.4308,12.6212,17.1723,18.5152,3.5002,15951.8213,NA,NA,NA
python.exe,15928,0x0,Other,0,0,1,Hardware: Legacy Flip,2026-8-20 18:33:31.052925800,18.4990,18.4990,0.0000,0.0465,18.4974,2.2369,16.2605,20.6389,14.8405,-3.4666,15966.8699,NA,NA,NA
python.exe,15928,0x0,Other,0,0,1,Hardware: Legacy Flip,2026-8-20 18:33:31.071424800,14.8003,14.8003,0.0000,0.0449,14.8042,2.2742,12.5300,16.9804,18.7547,3.6585,15985.3689,NA,NA,NA
python.exe,15928,0x0,Other,0,0,1,Hardware: Legacy Flip,2026-8-20 18:33:31.086225100,18.5138,18.5138,0.0000,0.0488,18.5097,2.2561,16.2536,20.9348,14.9952,-3.9544,16000.1692,NA,NA,NA
python.exe,15928,0x0,Other,0,0,1,Hardware: Legacy Flip,2026-8-20 18:33:31.104738900,15.0373,15.0373,0.0000,0.0447,15.0351,2.5561,12.4790,17.4162,18.1150,3.5186,16018.6830,NA,NA,NA
python.exe,15928,0x0,Other,0,0,1,Hardware: Legacy Flip,2026-8-20 18:33:31.119776200,18.2050,18.2050,0.0000,0.0425,18.2106,2.4819,15.7287,20.4939,14.7966,-3.0777,16033.7203,NA,NA,NA
python.exe,15928,0x0,Other,0,0,1,Hardware: Legacy Flip,2026-8-20 18:33:31.137981200,15.0053,15.0053,0.0000,0.0481,15.0052,2.4225,12.5827,17.0855,18.5574,3.4084,16051.9253,NA,NA,NA
python.exe,15928,0x0,Other,0,0,1,Hardware: Legacy Flip,2026-8-20 18:33:31.152986500,18.5082,18.5082,0.0000,0.0480,18.5076,2.1679,16.3397,20.6376,15.4729,-3.5521,16066.9306,NA,NA,NA
python.exe,15928,0x0,Other,0,0,1,Hardware: Legacy Flip,2026-8-20 18:33:31.171494700,15.2982,15.2982,0.0000,0.0474,15.3269,2.3319,12.9950,17.6023,18.7116,3.0353,16085.4388,NA,NA,NA
python.exe,15928,0x0,Other,0,0,1,Hardware: Legacy Flip,2026-8-20 18:33:31.186792900,18.3394,18.3394,0.0000,0.0761,18.3120,2.3830,15.9290,21.0157,14.5680,-3.4134,16100.7370,NA,NA,NA
python.exe,15928,0x0,Other,0,0,1,Hardware: Legacy Flip,2026-8-20 18:33:31.205132300,15.0248,15.0248,0.0000,0.0487,15.0362,2.8101,12.2261,17.2443,19.5149,3.7714,16119.0764,NA,NA,NA
python.exe,15928,0x0,Other,0,0,1,Hardware: Legacy Flip,2026-8-20 18:33:31.220157100,18.9553,18.9553,0.0000,0.0601,18.9509,2.3625,16.5884,21.7344,13.9587,-4.4901,16134.1012,NA,NA,NA
python.exe,15928,0x0,Other,0,0,1,Hardware: Legacy Flip,2026-8-20 18:33:31.239112400,14.5656,14.5656,0.0000,0.0557,14.5685,2.9668,11.6017,16.7378,18.5472,4.9966,16153.0565,NA,NA,NA
python.exe,15928,0x0,Other,0,0,1,Hardware: Legacy Flip,2026-8-20 18:33:31.253678000,18.4937,18.4937,0.0000,0.0586,18.5042,2.4154,16.0888,20.7194,14.5935,-3.9816,16167.6221,NA,NA,NA
python.exe,15928,0x0,Other,0,0,1,Hardware: Legacy Flip,2026-8-20 18:33:31.272171700,14.4632,14.4632,0.0000,0.0691,14.4624,2.3664,12.0960,16.8192,19.3654,3.9002,16186.1158,NA,NA,NA
python.exe,15928,0x0,Other,0,0,1,Hardware: Legacy Flip,2026-8-20 18:33:31.286634900,19.0358,19.0358,0.0000,0.0683,19.0208,2.4783,16.5425,21.7214,15.8495,-4.9022,16200.5790,NA,NA,NA
python.exe,15928,0x0,Other,0,0,1,Hardware: Legacy Flip,2026-8-20 18:33:31.305670700,16.3388,16.3388,0.0000,0.0533,16.3873,2.9816,13.4057,18.5351,20.9500,3.1863,16219.6148,NA,NA,NA
python.exe,15928,0x0,Other,0,0,1,Hardware: Legacy Flip,2026-8-20 18:33:31.322009500,20.8358,20.8358,0.0000,0.1018,20.7964,2.2131,18.5833,23.1463,10.9588,-4.6112,16235.9536,NA,NA,NA
python.exe,15928,0x0,Other,0,0,1,Hardware: Legacy Flip,2026-8-20 18:33:31.342845300,11.0730,11.0730,0.0000,0.0624,11.0937,2.5147,8.5790,13.2693,19.7675,9.8770,16256.7894,NA,NA,NA
python.exe,15928,0x0,Other,0,0,1,Hardware: Legacy Flip,2026-8-20 18:33:31.353918300,19.6426,19.6426,0.0000,0.0831,19.6231,2.2916,17.3315,21.9638,13.5085,-8.6945,16267.8624,NA,NA,NA
python.exe,15928,0x0,Other,0,0,1,Hardware: Legacy Flip,2026-8-20 18:33:31.373560900,13.7039,13.7039,0.0000,0.0636,13.7022,2.5366,11.1656,15.8297,18.2075,6.1341,16287.5050,NA,NA,NA
python.exe,15928,0x0,Other,0,0,1,Hardware: Legacy Flip,2026-8-20 18:33:31.387264800,18.0215,18.0215,0.0000,0.0619,18.0401,2.2852,15.7549,20.3333,14.8755,-4.5036,16301.2089,NA,NA,NA
python.exe,15928,0x0,Other,0,0,1,Hardware: Legacy Flip,2026-8-20 18:33:31.405286300,14.9834,14.9834,0.0000,0.0805,14.9595,2.4924,12.4671,17.1873,19.0954,3.1460,16319.2304,NA,NA,NA
python.exe,15928,0x0,Other,0,0,1,Hardware: Legacy Flip,2026-8-20 18:33:31.420269700,18.5549,18.5549,0.0000,0.0566,18.5521,2.3499,16.2022,21.2993,14.5097,-4.1120,16334.2138,NA,NA,NA
python.exe,15928,0x0,Other,0,0,1,Hardware: Legacy Flip,2026-8-20 18:33:31.438824600,14.8334,14.8334,0.0000,0.0538,14.8486,2.9629,11.8857,17.2541,18.5363,4.0452,16352.7687,NA,NA,NA
python.exe,15928,0x0,Other,0,0,1,Hardware: Legacy Flip,2026-8-20 18:33:31.453658000,18.5200,18.5200,0.0000,0.0690,18.5219,2.5860,15.9359,20.9570,13.8816,-3.7029,16367.6021,NA,NA,NA
python.exe,15928,0x0,Other,0,0,1,Hardware: Legacy Flip,2026-8-20 18:33:31.472178000,14.2667,14.2667,0.0000,0.0709,14.2728,2.6204,11.6524,16.3186,19.4953,4.6384,16386.1221,NA,NA,NA
python.exe,15928,0x0,Other,0,0,1,Hardware: Legacy Flip,2026-8-20 18:33:31.486444700,19.3853,19.3853,0.0000,0.0770,19.3656,2.2003,17.1653,21.5472,14.5638,-5.2286,16400.3888,NA,NA,NA
python.exe,15928,0x0,Other,0,0,1,Hardware: Legacy Flip,2026-8-20 18:33:31.505830000,14.6682,14.6682,0.0000,0.0573,14.6829,2.3641,12.3188,16.7257,19.3706,4.8215,16419.7741,NA,NA,NA
python.exe,15928,0x0,Other,0,0,1,Hardware: Legacy Flip,2026-8-20 18:33:31.520498200,18.9341,18.9341,0.0000,0.0720,18.9122,2.2795,16.6327,21.4281,13.5819,-4.7024,16434.4423,NA,NA,NA
python.exe,15928,0x0,Other,0,0,1,Hardware: Legacy Flip,2026-8-20 18:33:31.539432300,13.9909,13.9909,0.0000,0.0501,14.0091,2.7135,11.2956,16.0759,20.1289,5.3522,16453.3764,NA,NA,NA
python.exe,15928,0x0,Other,0,0,1,Hardware: Legacy Flip,2026-8-20 18:33:31.553423200,20.1268,20.1268,0.0000,0.0683,20.1097,2.1847,17.9250,22.2139,13.5328,-6.1380,16467.3673,NA,NA,NA
python.exe,15928,0x0,Other,0,0,1,Hardware: Legacy Flip,2026-8-20 18:33:31.573550000,13.4438,13.4438,0.0000,0.0512,13.4691,2.3063,11.1628,15.6199,19.8630,6.5940,16487.4941,NA,NA,NA
python.exe,15928,0x0,Other,0,0,1,Hardware: Legacy Flip,2026-8-20 18:33:31.586993800,19.6512,19.6512,0.0000,0.0765,19.6327,2.2319,17.4008,22.0391,13.4084,-6.4192,16500.9379,NA,NA,NA
python.exe,15928,0x0,Other,0,0,1,Hardware: Legacy Flip,2026-8-20 18:33:31.606645000,13.6590,13.6590,0.0000,0.0580,13.6768,2.5671,11.1097,15.7963,19.2887,6.2428,16520.5891,NA,NA,NA
python.exe,15928,0x0,Other,0,0,1,Hardware: Legacy Flip,2026-8-20 18:33:31.620304000,19.1520,19.1520,0.0000,0.0758,19.1379,2.2722,16.8657,21.4260,14.1073,-5.6297,16534.2481,NA,NA,NA
python.exe,15928,0x0,Other,0,0,1,Hardware: Legacy Flip,2026-8-20 18:33:31.639456000,14.2425,14.2425,0.0000,0.0617,14.2611,2.4422,11.8189,16.3813,55.7302,5.0447,16553.4001,NA,NA,NA
python.exe,15928,0x0,Other,0,0,1,Hardware: Legacy Flip,2026-8-20 18:33:31.653698500,55.9073,55.9073,0.0000,0.0803,55.8794,2.2070,53.6724,57.8690,10.1002,-41.4877,16567.6426,NA,NA,NA
python.exe,15928,0x0,Other,0,0,1,Hardware: Legacy Flip,2026-8-20 18:33:31.709605800,9.8686,9.8686,0.0000,0.0524,9.8733,2.0608,7.8125,12.0619,19.5684,45.8071,16623.5499,NA,NA,NA
python.exe,15928,0x0,Other,0,0,1,Hardware: Legacy Flip,2026-8-20 18:33:31.719474400,19.1213,19.1213,0.0000,0.0571,19.1226,2.3301,16.7925,21.7617,14.3768,-9.6998,16633.4185,NA,NA,NA
python.exe,15928,0x0,Other,0,0,1,Hardware: Legacy Flip,2026-8-20 18:33:31.738595700,14.8750,14.8750,0.0000,0.0584,14.8691,2.8007,12.0684,17.0172,19.2167,4.7445,16652.5398,NA,NA,NA
python.exe,15928,0x0,Other,0,0,1,Hardware: Legacy Flip,2026-8-20 18:33:31.753470700,18.9275,18.9275,0.0000,0.0525,18.9241,2.2896,16.6345,21.3589,13.6623,-4.3417,16667.4148,NA,NA,NA
python.exe,15928,0x0,Other,0,0,1,Hardware: Legacy Flip,2026-8-20 18:33:31.772398200,13.9818,13.9818,0.0000,0.0491,13.9967,2.6314,11.3653,16.0937,20.1635,5.2652,16686.3423,NA,NA,NA
python.exe,15928,0x0,Other,0,0,1,Hardware: Legacy Flip,2026-8-20 18:33:31.786380000,19.4323,19.4323,0.0000,0.0640,19.5276,2.4085,17.1191,22.2754,13.8676,-6.1817,16700.3241,NA,NA,NA
python.exe,15928,0x0,Other,0,0,1,Hardware: Legacy Flip,2026-8-20 18:33:31.805812300,14.3964,14.3964,0.0000,0.1593,14.2987,2.9069,11.3918,16.7107,19.3164,5.5647,16719.7564,NA,NA,NA
python.exe,15928,0x0,Other,0,0,1,Hardware: Legacy Flip,2026-8-20 18:33:31.820208700,19.1311,19.1311,0.0000,0.0616,19.1233,2.4360,16.6873,21.6307,13.8840,-4.9200,16734.1528,NA,NA,NA
python.exe,15928,0x0,Other,0,0,1,Hardware: Legacy Flip,2026-8-20 18:33:31.839339800,14.2936,14.2936,0.0000,0.0538,14.3012,2.6997,11.6015,16.3836,18.8751,5.2471,16753.2839,NA,NA,NA
python.exe,15928,0x0,Other,0,0,1,Hardware: Legacy Flip,2026-8-20 18:33:31.853633400,18.3887,18.3887,0.0000,0.0614,18.3930,2.2418,16.1512,20.9651,13.9363,-4.5815,16767.5775,NA,NA,NA
python.exe,15928,0x0,Other,0,0,1,Hardware: Legacy Flip,2026-8-20 18:33:31.872022100,14.5527,14.5527,0.0000,0.0657,14.5389,2.6942,11.8447,16.5127,19.9680,4.4524,16785.9662,NA,NA,NA
python.exe,15928,0x0,Other,0,0,1,Hardware: Legacy Flip,2026-8-20 18:33:31.886574800,19.0836,19.0836,0.0000,0.0519,19.0799,2.0961,16.9838,21.9280,14.4415,-5.4153,16800.5189,NA,NA,NA
python.exe,15928,0x0,Other,0,0,1,Hardware: Legacy Flip,2026-8-20 18:33:31.905658400,15.2718,15.2718,0.0000,0.0482,15.3380,3.2394,12.0986,17.2859,18.9430,4.6421,16819.6025,NA,NA,NA
python.exe,15928,0x0,Other,0,0,1,Hardware: Legacy Flip,2026-8-20 18:33:31.920930200,18.5271,18.5271,0.0000,0.1144,18.4699,2.1817,16.2882,20.9571,13.9969,-3.6712,16834.8743,NA,NA,NA
python.exe,15928,0x0,Other,0,0,1,Hardware: Legacy Flip,2026-8-20 18:33:31.939457300,14.0616,14.0616,0.0000,0.0572,14.0618,2.5748,11.4870,16.4269,19.0593,4.5302,16853.4014,NA,NA,NA
python.exe,15928,0x0,Other,0,0,1,Hardware: Legacy Flip,2026-8-20 18:33:31.953518900,19.3051,19.3051,0.0000,0.0574,19.3003,2.5009,16.7994,21.4246,14.1419,-4.9977,16867.4630,NA,NA,NA
python.exe,15928,0x0,Other,0,0,1,Hardware: Legacy Flip,2026-8-20 18:33:31.972824000,13.9772,13.9772,0.0000,0.0526,14.0021,2.3723,11.6298,16.2614,18.3758,5.1632,16886.7681,NA,NA,NA
python.exe,15928,0x0,Other,0,0,1,Hardware: Legacy Flip,2026-8-20 18:33:31.986801200,18.3767,18.3767,0.0000,0.0775,18.3647,2.4261,15.9386,20.6600,14.5641,-4.3986,16900.7453,NA,NA,NA
python.exe,15928,0x0,Other,0,0,1,Hardware: Legacy Flip,2026-8-20 18:33:32.005177900,14.9610,14.9610,0.0000,0.0655,14.9540,2.5040,12.4500,16.8474,18.8585,3.8126,16919.1220,NA,NA,NA
python.exe,15928,0x0,Other,0,0,1,Hardware: Legacy Flip,2026-8-20 18:33:32.020138900,18.5273,18.5273,0.0000,0.0585,18.5174,2.0206,16.4968,20.7449,14.2701,-3.8975,16934.0830,NA,NA,NA
python.exe,15928,0x0,Other,0,0,1,Hardware: Legacy Flip,2026-8-20 18:33:32.038666200,14.2474,14.2474,0.0000,0.0486,14.2489,2.3426,11.9063,16.4877,18.8510,4.2572,16952.6103,NA,NA,NA
python.exe,15928,0x0,Other,0,0,1,Hardware: Legacy Flip,2026-8-20 18:33:32.052913600,18.7189,18.7189,0.0000,0.0501,18.7458,2.4404,16.3054,21.0913,14.4775,-4.6036,16966.8577,NA,NA,NA
python.exe,15928,0x0,Other,0,0,1,Hardware: Legacy Flip,2026-8-20 18:33:32.071632500,14.9099,14.9099,0.0000,0.0770,14.8845,2.5058,12.3787,16.8499,18.5361,4.2414,16985.5766,NA,NA,NA
python.exe,15928,0x0,Other,0,0,1,Hardware: Legacy Flip,2026-8-20 18:33:32.086542400,18.4501,18.4501,0.0000,0.0516,18.4507,2.0728,16.3779,20.4761,14.5774,-3.6262,17000.4865,NA,NA,NA
python.exe,15928,0x0,Other,0,0,1,Hardware: Legacy Flip,2026-8-20 18:33:32.104992500,14.6593,14.6593,0.0000,0.0522,14.6588,2.1332,12.5256,16.6034,19.4039,3.8727,17018.9366,NA,NA,NA
python.exe,15928,0x0,Other,0,0,1,Hardware: Legacy Flip,2026-8-20 18:33:32.119651800,18.8292,18.8292,0.0000,0.0517,18.8481,2.1874,16.6607,21.3480,14.2459,-4.7446,17033.5959,NA,NA,NA
python.exe,15928,0x0,Other,0,0,1,Hardware: Legacy Flip,2026-8-20 18:33:32.138481000,14.8758,14.8758,0.0000,0.0706,14.8615,2.6039,12.2576,16.7647,19.1594,4.5833,17052.4251,NA,NA,NA
python.exe,15928,0x0,Other,0,0,1,Hardware: Legacy Flip,2026-8-20 18:33:32.153356800,18.6365,18.6365,0.0000,0.0563,18.6311,2.0037,16.6274,21.0483,13.8383,-4.2836,17067.3009,NA,NA,NA
python.exe,15928,0x0,Other,0,0,1,Hardware: Legacy Flip,2026-8-20 18:33:32.171993300,14.2490,14.2490,0.0000,0.0509,14.2579,2.5832,11.6747,16.2501,18.8152,4.7982,17085.9374,NA,NA,NA
python.exe,15928,0x0,Other,0,0,1,Hardware: Legacy Flip,2026-8-20 18:33:32.186242300,18.4519,18.4519,0.0000,0.0598,18.4370,2.0633,16.3737,20.8163,14.7641,-4.5662,17100.1864,NA,NA,NA
python.exe,15928,0x0,Other,0,0,1,Hardware: Legacy Flip,2026-8-20 18:33:32.204694200,15.1751,15.1751,0.0000,0.0449,15.1803,2.5437,12.6366,17.1285,19.0068,3.6878,17118.6383,NA,NA,NA
python.exe,15928,0x0,Other,0,0,1,Hardware: Legacy Flip,2026-8-20 18:33:32.219869300,18.4318,18.4318,0.0000,0.0501,18.4313,2.1019,16.3294,20.9602,14.0711,-3.8317,17133.8134,NA,NA,NA
python.exe,15928,0x0,Other,0,0,1,Hardware: Legacy Flip,2026-8-20 18:33:32.238301100,14.6276,14.6276,0.0000,0.0496,14.6254,2.6272,11.9982,16.5995,18.5598,4.3607,17152.2452,NA,NA,NA
python.exe,15928,0x0,Other,0,0,1,Hardware: Legacy Flip,2026-8-20 18:33:32.252928700,18.5090,18.5090,0.0000,0.0474,18.6031,2.2169,16.3862,20.5317,15.0927,-3.9322,17166.8728,NA,NA,NA
python.exe,15928,0x0,Other,0,0,1,Hardware: Legacy Flip,2026-8-20 18:33:32.271437700,15.0726,15.0726,0.0000,0.1415,14.9791,2.0353,12.9438,17.1154,18.7933,3.4163,17185.3818,NA,NA,NA
python.exe,15928,0x0,Other,0,0,1,Hardware: Legacy Flip,2026-8-20 18:33:32.286510300,18.7018,18.7018,0.0000,0.0480,18.7005,2.1909,16.5096,20.8361,15.6132,-3.7207,17200.4544,NA,NA,NA
python.exe,15928,0x0,Other,0,0,1,Hardware: Legacy Flip,2026-8-20 18:33:32.305212100,15.1706,15.1706,0.0000,0.0467,15.1783,2.2715,12.9068,17.7475,17.0514,3.0886,17219.1562,NA,NA,NA
python.exe,15928,0x0,Other,0,0,1,Hardware: Legacy Flip,2026-8-20 18:33:32.320382700,17.4880,17.4880,0.0000,0.0544,17.4928,2.6626,14.8302,19.6283,14.9766,-1.8808,17234.3268,NA,NA,NA
python.exe,15928,0x0,Other,0,0,1,Hardware: Legacy Flip,2026-8-20 18:33:32.337870700,15.1529,15.1529,0.0000,0.0592,15.1404,2.2408,12.8996,17.1169,19.0257,2.5114,17251.8148,NA,NA,NA
python.exe,15928,0x0,Other,0,0,1,Hardware: Legacy Flip,2026-8-20 18:33:32.353023600,18.7563,18.7563,0.0000,0.0467,18.7595,2.0700,16.6895,20.9897,14.3006,-3.8728,17266.9677,NA,NA,NA
python.exe,15928,0x0,Other,0,0,1,Hardware: Legacy Flip,2026-8-20 18:33:32.371779900,14.5347,14.5347,0.0000,0.0499,14.5391,2.3832,12.1559,16.5340,18.9417,4.4557,17285.7240,NA,NA,NA
python.exe,15928,0x0,Other,0,0,1,Hardware: Legacy Flip,2026-8-20 18:33:32.386314600,18.9182,18.9182,0.0000,0.0543,18.9197,2.0520,16.8677,20.9410,14.2887,-4.4070,17300.2587,NA,NA,NA
python.exe,15928,0x0,Other,0,0,1,Hardware: Legacy Flip,2026-8-20 18:33:32.405232800,14.3312,14.3312,0.0000,0.0558,14.3239,2.1313,12.1926,16.3115,19.1284,4.6295,17319.1769,NA,NA,NA
python.exe,15928,0x0,Other,0,0,1,Hardware: Legacy Flip,2026-8-20 18:33:32.419564000,18.9430,18.9430,0.0000,0.0485,18.9394,2.0909,16.8485,21.1087,14.3497,-4.7972,17333.5081,NA,NA,NA
python.exe,15928,0x0,Other,0,0,1,Hardware: Legacy Flip,2026-8-20 18:33:32.438507000,14.5246,14.5246,0.0000,0.0449,14.5270,2.2611,12.2659,16.5154,18.8589,4.5933,17352.4511,NA,NA,NA
python.exe,15928,0x0,Other,0,0,1,Hardware: Legacy Flip,2026-8-20 18:33:32.453031600,18.5444,18.5444,0.0000,0.0473,18.5420,2.0905,16.4515,20.8497,14.3753,-4.3343,17366.9757,NA,NA,NA
python.exe,15928,0x0,Other,0,0,1,Hardware: Legacy Flip,2026-8-20 18:33:32.471576000,14.5886,14.5886,0.0000,0.0449,14.6228,2.4388,12.1840,16.6806,18.5345,4.1691,17385.5201,NA,NA,NA
python.exe,15928,0x0,Other,0,0,1,Hardware: Legacy Flip,2026-8-20 18:33:32.486164600,18.4878,18.4878,0.0000,0.0791,18.4539,2.1932,16.2607,20.6265,14.5432,-3.9459,17400.1087,NA,NA,NA
python.exe,15928,0x0,Other,0,0,1,Hardware: Legacy Flip,2026-8-20 18:33:32.504652400,14.6905,14.6905,0.0000,0.0452,14.6906,2.2341,12.4565,16.6819,18.4593,3.9446,17418.5965,NA,NA,NA
python.exe,15928,0x0,Other,0,0,1,Hardware: Legacy Flip,2026-8-20 18:33:32.519342900,18.3997,18.3997,0.0000,0.0453,18.3977,2.0544,16.3433,20.4507,15.2235,-3.7688,17433.2870,NA,NA,NA
python.exe,15928,0x0,Other,0,0,1,Hardware: Legacy Flip,2026-8-20 18:33:32.537742600,15.4411,15.4411,0.0000,0.0433,15.4481,2.3934,13.0547,17.2745,18.8213,3.1762,17451.6867,NA,NA,NA
python.exe,15928,0x0,Other,0,0,1,Hardware: Legacy Flip,2026-8-20 18:33:32.553183700,18.8464,18.8464,0.0000,0.0503,18.8429,1.9452,16.8977,20.6547,14.2549,-3.3802,17467.1278,NA,NA,NA
python.exe,15928,0x0,Other,0,0,1,Hardware: Legacy Flip,2026-8-20 18:33:32.572030100,14.1497,14.1497,0.0000,0.0468,14.1447,1.9463,12.1984,16.0632,19.9834,4.5915,17485.9742,NA,NA,NA
python.exe,15928,0x0,Other,0,0,1,Hardware: Legacy Flip,2026-8-20 18:33:32.586179800,19.7341,19.7341,0.0000,0.0418,19.7356,2.0353,17.7003,21.8969,13.7823,-5.8337,17500.1239,NA,NA,NA
python.exe,15928,0x0,Other,0,0,1,Hardware: Legacy Flip,2026-8-20 18:33:32.605913900,13.8371,13.8371,0.0000,0.0433,13.8395,2.2462,11.5933,15.9451,18.4375,5.9518,17519.8580,NA,NA,NA
python.exe,15928,0x0,Other,0,0,1,Hardware: Legacy Flip,2026-8-20 18:33:32.619751000,18.4414,18.4414,0.0000,0.0457,18.4391,2.2300,16.2091,20.5455,14.9096,-4.6004,17533.6951,NA,NA,NA
